:020000022000DC
:107000000000042091730600C9730600AD56060007
:10701000CD730600B9560600BF56060000000000FA
:107020000000000000000000000000004505030013
:10703000D573060000000000DF050300EF05030024
:10704000F9AF060061100600DB730600DB73060073
:10705000DB730600DB730600DB730600DB730600E0
:10706000DB730600DB730600DB730600DB730600D0
:10707000DB7306008DB10600DB730600251D0600DC
:10708000DB730600DB730600DB730600DB730600B0
:10709000DB730600DB730600DB730600DB730600A0
:1070A000DB730600DB730600DB730600DB73060090
:1070B000DB730600DB730600000000000000000028
:1070C000DB730600DB730600DB730600DB73060070
:1070D000DB730600DB730600DB730600DB73060060
:1070E000DB730600DB730600DB73060000000000A4
:1070F00000000000DB73060000000000DB730600E8
:1071000010B5054C237833B9044B13B10448AFF3E1
:1071100000800123237010BD68670020000000007C
:10712000D051070008B5034B1BB103490348AFF327
:10713000008008BD000000006C670020D0510700EF
:10714000154B002B08BF134B9D46A3F5803A002139
:107150008B460F461348144A121A46F0BFFA0F4BDB
:10716000002B00D098470E4B002B00D098470020F2
:10717000002104000D000D48002802D00C483FF00B
:1071800035F846F087F9200029000BF083FA3FF02C
:107190002AF800BF000008000000042000000000E2
:1071A000F125030068670020086F0120ED610600EB
:1071B0000000000010B5034B0360044600F036FFEA
:1071C000204610BD00FD060010B5034B03600446C9
:1071D000FFF7F0FF204610BD10FD060010B5044675
:1071E000FFF7E8FF20460C213FF022FA204610BDB1
:1071F00010B50446FFF7E8FF20460C213FF018FACF
:10720000204610BD07B50422019101230DEB0201B8
:1072100000F06CFF03B05DF804FB000038B5264DAC
:1072200026492870264808F0E9FD264B1C6823688B
:1072300020469B68984720B92349214808F0DEFD85
:10724000FEE723682A78DB6B002A32D01F492046EC
:10725000984723681E49DB6A204698471D491C4809
:1072600001F030F92B783BB11B49194801F02AF99C
:1072700000211948FFF7C6FF236815491B6D2046FA
:10728000984700211348FFF7BDFF236820465B6D38
:10729000984712490A4808F0A2FD2978104B0B4A7A
:1072A0000748002914BF11461946BDE8384008F0C8
:1072B000A5BD0B49CBE700BF846700209EFD0600FB
:1072C0001476002048020700BEFD060087FD060078
:1072D0008867002094670020A0670020E6FD060074
:1072E00093FD060070B5124D124C1349134E2846FB
:1072F00001F0CAF82846124D124922463EF071FFAD
:1073000012221149284601F0E5F828460F4D224681
:1073100031463EF066FF12220D49284601F0DAF8A8
:10732000224631462846BDE870403EF05ABF00BFB5
:10733000886700200060002018FD0600C971020067
:10734000946700201D8402003DFD0600A067002018
:1073500062FD060070B5114B1C68236894B01B6970
:10736000064620460D469847236801A81B6F214614
:10737000984701A800F02AFF50B131460848FFF7AE
:1073800041FF084B1B781BB129460748FFF73AFF1E
:1073900001A800F0BEFE14B070BD00BF4802070097
:1073A0009467002084670020A067002070B506461F
:1073B0000C4613486A21154606F073FE3146104804
:1073C00006F081FE00210E4806F047FFA8B92A46C4
:1073D0006A210B4806F06FFEA8420ED1084E251810
:1073E000304606F07FFE40B1304606F085FE04F8D8
:1073F000010BAC42F4D1012000E0002070BD00BFC1
:10740000E8710020414B1B7837B5002B6DD0062268
:1074100069462220FFF7CAFF3D4D3E4C002866D04A
:107420009DF801209DF800309FED3B6A43EA02235E
:107430001BB29DF8032006EE903A9DF8023043EA15
:1074400002231BB207EE903A9DF805209DF8043008
:10745000F8EEE77A43EA022367EE867AF8EEE66A08
:107460001BB266EE866A07EE103A67EEA77AB8EEB0
:10747000C77AE6EEA67A27EE067AE7EE077A17EEE7
:10748000900A45F05FFC07EE900AB1EE087AC7EE6D
:10749000877AF4EE677AF1EE10FA16D6B1EE047A36
:1074A000F4EE477A9FED1D7AF1EE10FA48BFF0EE48
:1074B000477A2B7863B90123C4ED007A2B7008F06A
:1074C00015FF174B186020681EE0DFED147AF0E717
:1074D00094ED007ADFED136A27EE267ADFED126A6B
:1074E000A7EEA67A84ED007AE9E700200CE02B787D
:1074F00033B108F0FBFE0A4B1B68C01AFA28E2D928
:107500000020002320602B7003B030BDB067002046
:10751000B8670020AC670020295C0F3C0000000029
:10752000B46700206666663FCDCCCC3D70B50B4C91
:1075300006460D4620466A2106F0B3FD3146204638
:1075400006F0C1FD2946204606F0BDFD204606F0A6
:10755000AEFDB0FA80F0400970BD00BFE8710020B8
:1075600037B525492548264C08F048FC01210E2056
:1075700008F028FF01210E2008F064FF322008F0F7
:10758000C7FE204806F0ECFD1F491E4806F03EFEEF
:10759000002501220DF107010F208DF80750FFF79C
:1075A00005FF58B19DF80730693B012B06D84421EF
:1075B0001220FFF7BBFF40B9144900E014490F48FF
:1075C00008F01CFC0023237014E040211120FFF779
:1075D000ADFF0028F0D00F4B00221A600E4B1D703B
:1075E00008F084FE0D4B0E491860012303482370F8
:1075F00008F004FC03B030BD14FE06001476002031
:10760000B0670020E8710020801A060075FE0600B1
:107610003AFE0600AC670020B8670020B46700207F
:1076200057FE060070B52DED048B044682B04F491D
:107630004F489FED508A504E08F0D1FB21464C48F0
:1076400008F0CDFB4D494A4808F0D8FBB0EE489A07
:10765000F0EE488A0024F0EE489A0022FA213046E3
:1076600000F0ADFA054640B94549414808F0C6FB6F
:10767000284602B0BDEC048B70BD0121304600F0FD
:10768000D0FA07EE900A002C4FD0F4EE497AF1EED2
:1076900010FAB4EE678A48BFB0EE679AF1EE10FABE
:1076A00048BFB0EE678A01341420E4B278EEA78AAE
:1076B00008F02EFE082CD0D1F4EE007A68EEA78AEE
:1076C000F7EE007AB0EEE87AB4EEE77AF1EE10FA6F
:1076D00038EE498A06DCF6EE007AB4EEE78AF1EE7F
:1076E00010FA27DD2749224808F079FB18EE900AA6
:1076F00044F0DEFD022402460B4600941C4808F0CC
:10770000A3FC21491A4808F06AFB18EE100A44F05D
:10771000CFFD009402460B46154808F095FC1B4926
:10772000134808F06BFB0025A2E708EE100AB0EE44
:10773000679AB8E70F21104800F085FA144BC3EDA3
:10774000009A144B00221A7008F0D0FD124B134916
:107750001860074808F043FB074800F07CFA0A224B
:107760000146034808F094FB82E700BF7100070060
:107770001476002000000000C86700209300070076
:107780009C000700D0000700E4000700F10007009C
:10779000BC670020C0670020C467002013010700F9
:1077A00038B51F491F48204D08F028FB80230322CD
:1077B00002211D4800F0B1F91C491A4808F01EFBCF
:1077C00040F6B83008F0A4FD1949164808F016FB39
:1077D0000A240022FA21284600F0F1F910B12846C7
:1077E00000F0BAF91420013C08F092FD14F0FF04F7
:1077F000EFD1104B0C48196800F02BFA0E48FFF738
:1078000011FF18B90D49074808F0F8FA0C49054866
:1078100008F0F4FA0B490348BDE8384008F0EEBA26
:107820009AFE060014760020C8670020BAFE060003
:10783000DCFE060004600020FBFE060003FF0600DD
:107840003EFF060061FF060010B5054C204600F023
:1078500045F92046034A0449BDE810403EF0C1BC4A
:10786000C867002000600020CD7A0200F7B55A4CAE
:107870005A4E5B4F204607F03DF80546002853D08E
:10788000204607F0A9F8C5B205F0DF03432B33D13A
:1078900033785449544A83F00103002B08BF114642
:1078A0002046337008F0AAFA3378002BE2D02B2D53
:1078B00028D14E4B9FED4E7AD3ED007A77EE877A42
:1078C0004A4DC3ED007A29684A4800F0C2F94A4B94
:1078D0004A4900221A604A4B002220461A7008F0DA
:1078E0007EFA286844F0E4FC0223009302460B462B
:1078F000204608F0ABFBBCE7542BD5D13846FFF748
:1079000091FED1E72D2D07D1384B9FED397AD3ED7C
:10791000007A77EEC77AD3E7662D53D1334BB2EEB8
:10792000047AD3ED007AC9E708F0E0FC2A4606465F
:1079300002213048304C324D00F041F968B301214A
:107940002C4800F06EF92B7807EE100AC3B901231A
:1079500020602B702B4B1E60204BD4ED007A1B78DF
:1079600053B9DFED296AB0EEE77AB4EEE67AF1EECC
:1079700010FA21D8DFED257A17EE900A03B0F0BD9A
:10798000D4ED007AF6EE086A67EEA67AF5EE006AA4
:10799000E7EE267AC4ED007ADCE72B782BB1194BA1
:1079A0001B68F61AB6F5AF7FD6D9DFED187A00233B
:1079B000C4ED007A2B70DFE7F5EEC07AF1EE10FA35
:1079C000DADCD7E7672D7FF454AF084BB2EE047AC8
:1079D000D3ED007A9DE700BF14760020B967002040
:1079E0005500070090FF06003600070004600020E5
:1079F0000000C842C8670020BC6700205C00070088
:107A0000C0670020C46700209A99993E00000000DA
:107A100073B5FFF72BFF0446FFF7F4FC194E05463C
:107A200008F064FC3368C01A632821D908F05EFCB2
:107A300015493060154808F0D2F9204644F038FC6A
:107A400002230246009311480B4608F0FDFA104944
:107A50000E4808F0C4F9284644F02AFC012300939C
:107A600002460B46094808F0EFFA084808F0BEF94C
:107A700020462946FFF76EFC142002B0BDE8704096
:107A800008F046BCD86700202B01070014760020C0
:107A90003901070010B50B4C4FF4E131204606F0D8
:107AA000C9FD4FF47A7008F033FC0749204608F00E
:107AB000A5F9FFF775FE0120FFF7B0FBBDE8104008
:107AC000FFF74EBD1476002042010700704710B545
:107AD000102104463EF0ACFD204610BD034A026072
:107AE000002282604FF07E52C2607047780107002A
:107AF00008B5407908F0D6FCB0FA80F0400908BD1E
:107B0000402908D0802903D0202903D1022300E096
:107B10000123837170470323FBE738B504460271E4
:107B20004171104601211D4608F04CFC607900218E
:107B300008F048FC29462046BDE83840FFF7E0BF82
:107B400038B505460C462846FFF7D2FF18B920463F
:107B500008F0DEFBF7E738BD2DE9F04100210446CF
:107B6000FFF7EEFF72B601222179607908F0C4FCBC
:107B7000012221790646607908F0BEFC0122054603
:107B80002179607908F0B8FC00278046A379BB42D0
:107B900009D90121207908F055FC0021207908F04D
:107BA00051FC0137F2E762B6280240EA064040EA9B
:107BB000080046F3C01640EA0660BDE8F081F8B55B
:107BC00006460F46144608F091FB054608F08EFB6A
:107BD000401BB84207D23046FFF78AFF20B9204643
:107BE00008F096FBF2E70020F8BDF8B50024064641
:107BF0000F462546BC4208D03046FFF7ADFF05448E
:107C0000002008F085FB0134F4E795FBF4F0F8BDA3
:107C100010B50446FFF7E9FFA368C01A44F036FB2D
:107C200010BD70B50646FFF7F3FF0446F0680D4639
:107C300044F03EFB02460B462046294644F0BAFC7F
:107C400044F05EFE70BD10B50446FFF7CEFFA060A5
:107C500010BDC160704780687047704710B55C21E7
:107C600004463EF0E5FC204610BD00000A4A0260D2
:107C70001F210022C0E90921C0E90B228286C0E948
:107C80000E220264A0F8442080F84620C0E91222A7
:107C9000C0E91522704700BF8801070000231F229A
:107CA000C0E90A23036380F83530C0E90E3303646A
:107CB00080F84630C0E91233C0E9153370478B6A4B
:107CC0008362CB6AC3620B6B036391F8343080F834
:107CD000343091F8353080F835308B6B8363CB6B63
:107CE000C3630B6C0364B1F84430A0F8443091F8DE
:107CF000463080F846308B6C8364CB6CC364B1F83B
:107D00005030A0F850304B6D43658B6D83657047E4
:107D100008B5FFF7D4FF08BD70B5054686B06846C4
:107D20000E4603F059FCEC6C6846002CCCBF0234C4
:107D3000002403F090FC0230241AA86A241808D406
:107D4000AC62AE64684603F086FCE864012006B0CD
:107D500070BD0020FBE710B5036C1BB190F84640E6
:107D600084B90233941C1B1B846A1B1958BFC0E9D9
:107D70000F124FF000045BBF80F84640836220463C
:107D8000012010BD0433EDE730B5046C1CB190F850
:107D900046508DB902341D1D641B856A64195FBF8E
:107DA000C0E90F230123A0F8441080F8463056BFE5
:107DB00084620020184630BD0434ECE730B5846D91
:107DC000002CCCBF043400241D1D641B856A64197B
:107DD0005DBFC0E91523A0F850108462002058BF91
:107DE000012030BD70B50546806B0E4688B1047821
:107DF00014B146F033FB841C304646F02FFB0230B2
:107E0000241AA86A24185DBFAC62AE63012000206A
:107E100070BD0446F0E790F83530826A002B0CBF45
:107E20006FF0020300239B185FBF8362012380F879
:107E3000353080F8341054BF1846002070470430A5
:107E40007047406A704790F83500704738B504466F
:107E5000406AC0F11F039342154608DB04302044FA
:107E600045F014FC626A2A446262012038BD002099
:107E7000FCE770B50446406A0E461D4611460233C3
:107E8000C0F11F029A420FDB23186A1C1A71821C70
:107E90000630626220445E712A4645F0F7FB636A51
:107EA0002B446362012070BD0020FCE770B586B0F2
:107EB0000546684603F090FB684603F0CCFB0228B9
:107EC00004466846CCBF0626022603F0C2FB2346C2
:107ED000024631462846FFF7CCFF06B070BD134678
:107EE0000A46FF21FFF7C5BF30B589B005461046E9
:107EF0001C46ADF800101A4601460DF1020045F08F
:107F0000C5FBA31C6A46FF212846FFF7B2FF09B054
:107F100030BD30B589B0054610461C46ADF800109E
:107F20001A4601460DF1020045F0B0FBA31C6A465B
:107F300016212846FFF79DFF09B030BD07B5012384
:107F40008DF807100DF107021946FFF792FF03B0F5
:107F50005DF804FB70B5054610460E46144646F023
:107F60007DFA2246034631462846BDE87040FFF7B9
:107F700080BF70B5054608460C4646F06FFA1D28CE
:107F800007D9224628461D230821BDE87040FFF787
:107F900070BF224628460921BDE87040FFF7DABFCE
:107FA00038B5C16A00230546436229B1026B1AB194
:107FB000BDE83840FFF74ABF95F835307BB395F8F8
:107FC00034102846FFF7BAFF0446A96C21B12846B1
:107FD000FFF76CFF0440E4B2E96B61B12B6C53B165
:107FE00095F84620EAB10A462846B5F84410FFF74E
:107FF0007BFF0440E4B26A6D42B1AB6D33B1B5F8BA
:1080000050102846FFF785FF0440E4B2A96B21B168
:108010002846FFF7AEFF0440E4B2204638BD0124F5
:10802000D3E71A462846FFF75AFFE2E70C4B10B594
:1080300004460360406838B100F08EFA20B96068E9
:1080400010B103685B689847A06838B101F001F887
:1080500020B9A06810B103685B689847204610BD3E
:108060009801070010B50446FFF7E0FF20460C21F9
:108070003EF0DEFA204610BD064B10B5C0E90031D7
:1080800000230446836011B1084600F060FA2046E0
:1080900010BD00BF98010700064B10B50360002318
:1080A0000446C0E9013111B1084600F0CDFF204679
:1080B00010BD00BF980107002DE9F341044654208C
:1080C00098460E4617463EF09BFA9DF820300093E6
:1080D000054643463A46314600F012FB2946204603
:1080E000FFF7CAFF204602B0BDE8F08110B4446833
:1080F00024B120465DF8044B00F042BA806818B104
:108100005DF8044B00F0CABF5DF8044B704740684F
:1081100070477047024B186803681B69184700BF17
:1081200038050700024B186803685B69184700BFF1
:108130003805070010B4054B01791B681A685469AB
:10814000421D184623465DF8044B18478C03070070
:1081500010B50B4B0446186821790368621D9B6AB1
:1081600098474FF6FF739842014606D0054B1868B2
:108170000268BDE81040926A104794F94B0010BDA8
:108180008C0307003805070010B54C2104463EF06B
:108190004FFA204610BD000010B58AB04B7903930A
:1081A0008B790293CB7901930B7A009304464B7A37
:1081B0008A7A054905A846F0C7F805A9204607F0C0
:1081C0009DFF20460AB010BDA001070007B500239F
:1081D0000622694605300093ADF8043045F048FAB0
:1081E000003018BF012003B05DF804FB08B5027928
:1081F0000B799A4208D106220531053045F038FA4C
:10820000B0FA80F0400908BD0020FCE710B50A4B29
:108210000446186803681B699847236820461B6A50
:10822000984740B1054B217918680368621D5B6B64
:10823000BDE81040184710BD380507008C03070043
:1082400008B502790B799A4208D10622053105302A
:1082500045F00EFA003018BF012008BD0120FCE7F0
:10826000064A02607F210022C272027380F84B101E
:10827000C0F80520A0F80920704700BFC80107001A
:1082800010B501710021C1720173064C04607F2199
:1082900080F84B101168C0F805109288A0F80920EA
:1082A00010BD00BFC8010700F8B50F4612490646C9
:1082B00007F024FF397B0024A1421ADD3B19A21CE0
:1082C0005D7B9B7B083B012B05F1FF350FD82946D1
:1082D000304607F0E7FE0F343C440027BD4208DD7E
:1082E00014F8011B304607F066FF0137F6E7AC18BB
:1082F000E2E73046F8BD00BFB04407002DE9F04F7B
:1083000085B0884622490192834607F0F7FE002493
:10831000A14698F80C30A34235D908EB0403671C3A
:10832000FFB25E7B08EB07035B7B9A1E012A25D90F
:10833000063B012B24D8102505FB05F302340093DE
:1083400058FA84F44FF0000A731EEAB2534517DD61
:10835000019989450CD1114604F10D000393029255
:1083600003F07CF90146584607F0F3FEDDE90223ED
:10837000009909F10109AA440C44E7E70225DBE76B
:108380003E44F4B2C5E7584605B0BDE8F08F00BFE3
:10839000B044070010B500220446FFF7AFFF2046A7
:1083A00010BD08B5134602798A4208D10622194643
:1083B000053045F05DF9B0FA80F0400908BD0020B5
:1083C000FCE710B50446012000FA01F1E1722273C6
:1083D000194604F10D0045F059F99DF9083084F86B
:1083E0004B3010BD70B50D461146C27A42F01002F6
:1083F0000446C272007B0D302A4620441E4645F0DA
:1084000045F9237B84F84B601D44257370BDC37A06
:1084100013F0180F14BF0120002070470C4B10B54B
:1084200004460360406838B100F096F820B96068EF
:1084300010B103685B689847A06838B100F009FE86
:1084400020B9A06810B103685B689847204610BD4A
:10845000FC01070010B50446FFF7E0FF20460C21A1
:108460003EF0E6F8204610BD064B10B5C0E90031DD
:1084700000230446836011B1084600F068F82046E6
:1084800010BD00BFFC01070070B5044630200E4649
:108490003EF0B6F83146054600F010FD294620466C
:1084A000FFF7E2FF204670BD0346406808B100F0C8
:1084B00045B8986808B100F0C5BD0148704700BFD5
:1084C000B0440700406808B100F036BD704740680E
:1084D0007047000030B585B001250446009504239F
:1084E00092B2FFF7E9FD074B2360002303930422B8
:1084F0002B4603A92046FFF7F9FD034B23602046D6
:1085000005B030BD00FD060010FD060070470020DC
:10851000704710B5202104463EF08AF8204610BD71
:1085200010B5054B044640F8043B03F055F8002312
:10853000E361204610BD00BF0C020700043003F0C9
:1085400086B8043003F085B8043003F084B8C369FA
:108550000133C36118467047C369013BC3611846C4
:10856000704742F60300704790F82000704790F87B
:1085700021007047406A7047806A7047808D70475D
:108580002DE9F041436A9A42A8BF1A460446828503
:1085900092B2806A0F4645F079F894F82E300BB10C
:1085A000636AA38594F8203098060FD5A28E9107B0
:1085B0000CD51F4B218E186803685D6D0131A38DAA
:1085C000A26AAC4689B2BDE8F0416047DA0609D537
:1085D000A38EDB0706D5164B218E18680368013180
:1085E0001D6DECE794F83230F3B1124B1868036854
:1085F00021465B6A9847104B1D682B6801461E6B2D
:10860000A38D3A462846B047094B186803681B6B90
:10861000984748B9094B186803689B68984718B190
:108620002B6828465B6D9847A08DBDE8F08100BFA0
:108630008C030700D8040700480207008C040700D9
:1086400038B5054608460C4645F008FF2146024667
:108650002846BDE83840FFF793BF01867047008E7B
:108660007047008E013080B27047806B7047836B1B
:10867000994208D2C36B0022914202D05B6801325A
:10868000FAE71868704700207047000030B5114BBA
:1086900003600B7903710B4601F1490453F8052F70
:1086A000C0F805209B88A0F80930CB7AC3720B7BF9
:1086B000037300F10D0201F10D0353F8045B42F85E
:1086C000045BA342F9D11B88138091F94B3080F8E9
:1086D0004B3030BDC801070038B5044608200D46B0
:1086E0003DF08EFF0023C0E9005363682BB9606042
:1086F0002368A0600133236038BDA3685860F7E7A2
:1087000070B504461D461646FFF70AFFB5F5007F13
:10871000194B23602B46A8BF4FF4007300216362FE
:108720009DF810302684A18584F82E302163A1861F
:10873000C4E90E112164102204F1440044F0CEFF7C
:1087400016F0300F11D02C203DF05AFF0B49064691
:10875000022304F1340200F0D7F83046FFF7F7FEA9
:10876000314604F13800FFF7B7FF284644F01EFFFA
:10877000A062204670BD00BF280207001802070053
:1087800070B50446406800252368AB4206D94668A8
:1087900008213DF04DFF01353046F5E70023C4E9DF
:1087A0000033A36070BD0000154B70B50446036034
:1087B0000025A36B9D4212D2E36B0022954202D0AA
:1087C0005B680132FAE71E683046FFF7C5FE20B944
:1087D0001EB1336830465B6898470135E9E704F11C
:1087E00038052846FFF7CCFFA06A08B144F0E6FE42
:1087F0002846FFF7C5FF2046FFF788FE204670BDDC
:108800002802070010B50446FFF7CEFF204654218A
:108810003DF00EFF204610BDF0B5C56C97B0044684
:1088200017461E467DB103A8FFF730FF2146684674
:10883000FFF722FC694603A8A8476846FFF7F6FB46
:1088400003A8FFF766FCA16A1C9A3944304644F03D
:108850001DFF17B0F0BD70B504460E46114601224B
:1088600080F8332096B01A46FFF78AFE256D85B151
:10887000314603A8FFF70AFF21466846FFF7FCFBD5
:10888000694603A8A8476846FFF7D0FB03A8FFF78F
:1088900040FC16B070BD30B5838E02F003029342E7
:1088A00097B0044617D08286002A0CBF442240228B
:1088B000024455687DB103A8FFF7E8FE21466846EB
:1088C000FFF7DAFB694603A8A8476846FFF7AEFB47
:1088D00003A8FFF71EFC17B030BD4FF424507047BB
:1088E00010B5034B03600446FFF710FE204610BD91
:1088F0003C02070010B50446FFF7F2FF20462C218A
:108900003DF096FE204610BD70B504461D46164645
:10891000FFF706FE064B2360B5F5007FA8BF4FF4B6
:1089200000750023266265622385204670BD00BF66
:108930003C020700406A7047006A70470185704733
:10894000024B186803681B69184700BF3805070009
:10895000024B186803685B69184700BF38050700B9
:1089600010B5064B186803681B699847044B1868D4
:108970000368BDE810401B6B184700BF38050700AF
:108980008C03070010B5064B186803681B699847ED
:10899000044B18680368BDE81040DB6B184700BF44
:1089A000380507008C030700024B186803689B6CAE
:1089B000184700BF8C0307000C30704768307047C1
:1089C000024B186803681B69184700BFD8040700EA
:1089D000024B186803685B69184700BFD80407009A
:1089E000024B186803689B69184700BFD80407004A
:1089F000024B186803681B69184700BF8C04070006
:108A0000024B186803685B69184700BF8C040700B5
:108A1000024B186803685B6A184700BF8C040700A4
:108A200010B5074B0446186803681B699847054B47
:108A300019680B682046DB6C9847204610BD00BFC4
:108A4000380507008C03070010B5074B044618686B
:108A500003681B699847054B19680B6820469B6A99
:108A60009847204610BD00BF380507008C0407005A
:108A7000024B18680368DB6A184700BF8C040700C4
:108A8000024B186803689B69184700BF0C07070072
:108A9000024B18680368DB69184700BF0C07070022
:108AA000024B186803681B6B184700BF8C04070053
:108AB000024B18680368DB68184700BF8C03070087
:108AC000024B186803681B6A184700BF0C070700B1
:108AD000024B186803685B6A184700BF0C07070061
:108AE000024B1B68C3F8F010704700BF3805070041
:108AF000024B1B68C3F8F810704700BF3805070029
:108B0000024B1B68C3F8F410704700BF380507001C
:108B1000024B1B68C3F8EC10704700BF3805070014
:108B2000024B1B68C3F8FC10704700BF38050700F4
:108B3000024B1B68C3F80011704700BF38050700DF
:108B4000024B18680368D3F89C30184738050700B3
:108B5000024B18680368D3F8A0301847380507009F
:108B6000F0B52A4B1D682B6887B004469B682846E1
:108B70009847064620B923682046DB6898470DE0F1
:108B8000642007F0C5FB2B6828469B69984706467A
:108B900038B123682046DB6898470026304607B086
:108BA000F0BD05AA2B6801920DF112020092DF6957
:108BB00004AA0DF10E030DF10D012846B847002857
:108BC000D9D12B684FF0FF32D96A28466FF0404365
:108BD00088470028CFD12B6840F2FF32196B284616
:108BE0000023884706460028D3D12B680DF10F02D9
:108BF0005B6B0DF11601284698470028BBD1044B4A
:108C0000186803689B6898470126C7E7380507007E
:108C1000D80407000A4B10B5044618680368DB68DF
:108C20009847084B18680368DB68984704F10C0004
:108C3000FFF734F804F16800BDE81040FFF72EB8E4
:108C4000D80407003805070010B58CB00023059341
:108C5000ADF81830104B04461868036805A91B6A64
:108C600098479DF8143003939DF8153002939DF8B2
:108C7000163001939DF8173000939DF819209DF848
:108C80001830064907A845F05FFB07A9204607F002
:108C900035FA20460CB010BD38050700A0010700CA
:108CA0000C30FFF739B870B50368044608469D6A72
:108CB000FFF7FAFB2B4601462046BDE870401847F7
:108CC0000C30FFF77BB80C30FFF745B80C30FFF7DE
:108CD0005BB86830FFF786B86830FFF719B810B591
:108CE00000F10C042046FFF713F82046FFF7ABF81D
:108CF00028B920460621BDE81040FFF78CB810BD0A
:108D00002DE9F74300F10C05044668342846FFF7C7
:108D100047F92046FFF744F90E4B1E683368284692
:108D2000DF68FFF78CF880462846FFF78AF805468B
:108D30002046FFF784F881462046FFF782F8C0B24C
:108D400000904B46EAB241463046B84703B0BDE812
:108D5000F08300BF8C0407007FB5094B1C682368B3
:108D6000164601A89D6907F0EAF9324601A9204696
:108D7000A847044601A807F076F9204604B070BD64
:108D80008C0407007FB5094B1C682368164601A8B0
:108D9000DD6907F0D4F9324601A92046A847044608
:108DA00001A807F060F9204604B070BD8C040700EC
:108DB0007FB5094B1C682368164601A81D6A07F099
:108DC000BEF9324601A92046A847044601A807F08B
:108DD0004AF9204604B070BD8C04070002290BBF7D
:108DE000044B054B186818680BBF036803685B6B7E
:108DF0009B6D18478C0407008C03070038B50446A8
:108E0000084B44F80C3B05462046FEF72FFF05F1C2
:108E10006800FEF72BFF06212046FEF7FCFF2846E0
:108E200038BD00BF5402070010B5054C2046FFF7BF
:108E3000E5FF2046034A0449BDE810403DF0D1B9A2
:108E4000DC670020006000204D8E020010B5064B4C
:108E5000044640F8683BFEF700FF04F10C00FEF703
:108E6000FCFE204610BD00BF5402070010B50446AA
:108E7000FFF7ECFF2046C4213DF0DAFB204610BD91
:108E800010B50B4B19680B6894B001A8DB6C9847C0
:108E900001A8FFF79BF948B101A8FFF759F904466B
:108EA00001A8FFF736F9204614B010BD7F24F7E77C
:108EB0008C0307004FF420507047000010B50446A3
:108EC000FFF72EFB044B23600023C4E90833C4E9F9
:108ED0000A33204610BD00BF2003070001844284EE
:108EE0007047008C7047408C7047406A7047436AF7
:108EF000994208D2836A0022914202D05B68013213
:108F0000FAE7186870470020704738B504460846ED
:108F10000D46FFF71CFB08203DF072FB0023C0E963
:108F20000053A36A2BB9A062636AE06201336362F3
:108F300038BDE36A5860F7E710B504460846FFF706
:108F4000E6F8014620B12046BDE81040FFF7DDBF3E
:108F500010BD70B50446406800252368AB4206D9B1
:108F6000466808213DF064FB01353046F5E70023F3
:108F7000C4E90033A36070BD10B504462430FFF788
:108F8000E8FF0023236210BD134B70B50446036055
:108F90000025636A9D4212D2A36A0022954202D044
:108FA0005B680132FAE71E683046FFF7D5FA20B950
:108FB0001EB1336830465B6898470135E9E72046C3
:108FC000FFF7DAFF04F12400FFF7C3FF2046FFF7A5
:108FD0009DFA204670BD00BF2003070010B504466F
:108FE000FFF7D2FF204630213DF022FB204610BD86
:108FF00010B5044B044640F8043B07F034F8204613
:1090000010BD00BF3403070010B50446FFF7F0FFA2
:10901000204614213DF00CFB204610BD38B5044617
:109020002546074B45F8043B0846114602F016FB5F
:109030000146284607F062F800232361204638BD28
:109040003403070040687047036901330361184621
:1090500070470369013B03611846704738B5044601
:109060001D46FFF7DBFF0C4B2360BDF81030E38299
:10907000BDF814302383BDF8183063834FF4807239
:109080000023A582C4E90733A284C4E90A33C4E9F2
:109090000C33204638BD00BF440307002DE9F043E0
:1090A0009846274B1E68336885B004460F469B6B75
:1090B000818A30469146984718B9002005B0BDE82E
:1090C000F0833368A18A5B6C30469847033885B2D9
:1090D0004D45A8BF4D462946E06945F00FF8E061CF
:1090E0000028EAD0237E1A071CD5B8F1000F19D04A
:1090F00003AA33680192EAB20092D3F86080628BCF
:10910000A18A3B463046C0470028D7D09DF80C3096
:10911000012BD2D02A463946E06944F0B7FA2562DD
:109120000120CBE75B07C8D53368A18AEAB2009279
:10913000D3F86480628B3B463046C047EAE700BF05
:109140008C030700408B704738B5044608460D462F
:10915000FFF77AFF08203DF053FA0023C0E90053DF
:10916000E36A2BB9E062A36A20630133A36238BDCE
:10917000236B5860F7E770B5044640680025236804
:10918000AB4206D9466808213DF052FA0135304617
:10919000F5E70023C4E90033A36070BD03688B4288
:1091A00008D9436800228A4202D05B680132FAE79C
:1091B0001868704700207047F8B50546134B45F80E
:1091C000283B04460026A36A9E420ED2314628461A
:1091D000FFF7E4FF0746FFF73CFF20B91FB13B68EC
:1091E00038465B6898470136EDE72846FFF7C3FF2E
:1091F000E06918B144F0E2F90023E3612846FFF783
:10920000BAFF2046FFF7F4FE2046F8BD44030700EE
:1092100010B50446FFF7D0FF204638213DF008FA8C
:10922000204610BD70B50446036296B00D46C06975
:109230001946164644F062FFE06110B9206216B08C
:1092400070BD01233146A384226A44F01FFA666B85
:10925000002EF4D0194B03932B798DF810302B4648
:1092600005F1490153F8052FCDF811209B88ADF881
:109270001530EB7A8DF817302B7B8DF818300DF107
:10928000190205F10D0353F8040B42F8040B8B424D
:10929000F9D11B88138095F84B308DF85730214653
:1092A0006846FEF7F9FE694603A8B0476846FEF730
:1092B000BDFE03A8FEF72DFFC1E700BFC8010700F0
:1092C000074B10B504460360806918B144F076F985
:1092D0000023A3612046FFF78BFE204610BD00BF90
:1092E0005403070010B50446FFF7EAFF204620218B
:1092F0003DF09EF9204610BD38B504461D46FFF7E7
:109300008DFE054B2360BDF81030E3820023A5825B
:10931000C4E90633204638BD54030700034A0260FF
:109320000022C0E90122C260704700BF6403070049
:1093300038B5044608460D46FFF786FE08203DF086
:109340005FF90023C0E90053A3682BB9A0606368EC
:10935000E0600133636038BDE3685860F7E7406858
:1093600070474368994208D283680022914202D034
:109370005B680132FAE7186870470020704770B5E3
:109380000446406800252368AB4206D94668082198
:109390003DF04EF901353046F5E70023C4E90033CE
:1093A000A36070BD70B50646002473689C4212D25B
:1093B000B3680022944202D05B680132FAE71D686C
:1093C0002846FFF746FE20B91DB12B6828465B688A
:1093D00098470134E9E7301DFFF7D1FF70BD000069
:1093E00038B50446054B44F8043B0546FFF7DAFF61
:1093F0002046FFF7C4FF284638BD00BF64030700BE
:1094000010B50446FFF7ECFF204610213DF010F99F
:10941000204610BD38B504461D46FFF7FFFD084B3A
:109420002360BDF81030E382A582064904F11800DC
:1094300006F064FE0023C4E90933E362204638BD28
:1094400074030700B0440700808A7047C08A7047E1
:10945000406A7047436A994208D2836A0022914267
:1094600002D05B680132FAE7186870470020704745
:1094700038B5044608460D46FFF7E6FD08203DF0E6
:10948000BFF80023C0E90053A36A2BB9A062636A46
:10949000E0620133636238BDE36A5860F7E770B594
:1094A0000446406800252368AB4206D94668082177
:1094B0003DF0BEF801353046F5E70023C4E900333E
:1094C000A36070BD154B70B5044603600025636A48
:1094D0009D4212D2A36A0022954202D05B680132FB
:1094E000FAE71E683046FFF7B4FD20B91EB13368B5
:1094F00030465B6898470135E9E704F124052846C2
:10950000FFF7CDFF2846FFF7CAFF04F1180006F069
:10951000AAFD2046FFF76CFD204670BD74030700CE
:1095200010B50446FFF7CEFF204630213DF080F80D
:10953000204610BDA0F8A8107047C0F8AC107047C6
:109540002DE9FF41013A13F8014BD6B20268CDE98B
:109550000233526C05460F4690470C2C0246296890
:10956000029B79D02FD8052C69D01AD8022C60D054
:109570000BD8012C53D006230093D1F8DC600023D4
:10958000224639462846B0476EE0032C54D0042CBE
:10959000F1D10093D1F89440334639462846A0478C
:1095A00062E0092C52D007D8062C4BD0082CE2D10F
:1095B0000093D1F8A440EFE70A2C4DD00B2CDAD160
:1095C000D1F8B4402DE0162C51D00FD8112C40D03A
:1095D00005D8102CCFD10093D1F8B840DCE7122C7D
:1095E00018D0132CC7D1D1F8C8401AE01D2C04D0D4
:1095F0000CD8182C3FD01B2CBDD10093D1F8D480AF
:109600003346224639462846C0472DE01E2C36D028
:10961000522CB0D1CDE90063D1F8C46020E0D1F87C
:109620008440324639462846A44604B0BDE8F0419D
:109630006047D1F88840F4E7D1F89040F1E7D1F8DD
:109640009C40EEE70093D1F8A040A5E7D1F8AC40EC
:10965000E7E7D1F8C040E4E7CDE90063D1F8B060B6
:10966000234639462846B04704B0BDE8F081009350
:10967000D1F8CC4090E70093D1F8D0408CE7D1F8F6
:10968000D840CEE700F18C034FF6FF72B0F8B0106F
:10969000914204D11C309842F8D10020704701203B
:1096A000704708B503689B6A98474FF6FF73C01A66
:1096B00018BF012008BD000038B50A4B04461868E1
:1096C00003681B690D469847204604F18C03B0F8E7
:1096D000B020AA4204D01C309842F8D1002038BDF6
:1096E0000120FCE73805070000F18C0390F9C82041
:1096F000002A04DB1C309842F8D10020704701207A
:10970000704770B5002300F1B0041C2505FB03F27F
:10971000A65A8E4203D11044B0F8C00070BD013388
:10972000052BF3D11720F9E71FB5ADF80D2002681E
:10973000009302248DF80C400323D2F8F04003AAD2
:10974000A04704B010BD1FB5ADF80920ADF80B302F
:10975000069A0368009204248DF8084002AAD3F800
:10976000F0400523A04704B010BD1FB5ADF80B3085
:10977000BDF81830ADF80920ADF80D30079A036830
:10978000009210248DF8084002AAD3F8F040072375
:10979000A04704B010BD1FB5ADF80B30BDF81830B0
:1097A000ADF80920ADF80D30079A0368009208243F
:1097B0008DF8084002AAD3F8F0400723A04704B070
:1097C00010BD012380F83C31704700001FB5ADF893
:1097D0000A309DF818308DF80C30084B8DF80920B0
:1097E00001208DF80800186802AA03680092D3F8D7
:1097F000944004220523A04704B010BD380507009B
:1098000001299CBF00EB8100C0F8542170471FB5AF
:10981000ADF80D20026800930A248DF80C40032354
:10982000D2F8F04003AAA04704B010BDF0B5002361
:109830001C2500F1B00605FB03F4375B8F4204D012
:109840000133052BF7D100200FE0B4340444911DFF
:1098500014F8015B01F801599142F9D11C2202FB75
:109860000303012093F8B3300B70F0BD10B5054B26
:1098700003600446D0F8400108B143F09FFE204643
:1098800010BD00BF9803070010B50446FFF7EEFFB8
:1098900020464FF4AE713CF0CBFE204610BD0000D8
:1098A0002DE9F0431D4B1D688BB006230F460421A4
:1098B000002490462A680097CDE90713C821CDE916
:1098C00005410C21CDE90331CDE901840646D2F8EA
:1098D00054902346302260212846C847D8B906F064
:1098E00005FD044606F002FDD6F8AC30001B984298
:1098F0002B680DD21B6928469847336842465B6B3C
:109900003946304698470028ECD00BB0BDE8F083CC
:10991000DB6D284698470020F7E700BF38050700B1
:10992000F8B503689B6A044698474FF6FF73984260
:1099300006461ED0104B1D682B680146D3F89830A0
:109940002846984706F0D2FC074606F0CFFCD4F82C
:10995000AC30C01B98420CD22B6828461B69984734
:10996000236831469B6B204698470028EDD10120A3
:10997000F8BD0020FCE700BF380507002DE9F341E2
:109980000546089CA5F848111078C5F84C410130EF
:1099900085F84A01002085F85001194806683068AA
:1099A0000092D0F89480DBB2042230460F46C047C4
:1099B00024B306F09BFC044606F098FCD5F8AC30C6
:1099C000001B984214D2336830461B6998472B68B5
:1099D00039469B6B2846984750B195F850010028AE
:1099E000EAD04FF6FF73A5F8483102B0BDE8F08128
:1099F0004FF6FF73A5F848310020F6E72046F4E75C
:109A0000380507002DE9F047994603689B6A04462C
:109A100098474FF6FF739842064604D14FF000086E
:109A20004046BDE8F08723680146D3F8E030204681
:109A3000984780460028F1D0002504F1B0031C228D
:109A400002FB05F7D95BB14234D12744D7F8C430C3
:109A50003BB910203CF0D4FD8246FFF75FFCC7F80D
:109A6000C4A01C2303FB0545D5F8C450002DD5D058
:109A70002846B9F1000F21D1FFF794FC23682A464C
:109A8000D3F8E47031464B462046B8470028C5D08D
:109A900023682A46D3F8E830314620469847002804
:109AA000BCD023682A4631462046D3F8EC30BDE8C6
:109AB000F04718470135052DC2D1AFE7FFF74FFC3E
:109AC000002782465745D9DA39462846FFF749FC30
:109AD000FFF7B8FA494644F09BFC0028A0D00137B4
:109AE000F0E7F0B5C5B004469DF82851ADF80D205B
:109AF0000F4612218DF80C102A4619460DF10F0061
:109B000043F0C4FD23684B9A0092D3F8F06003AA97
:109B1000EB1C39462046B04745B0F0BDF0B5C5B0A6
:109B200004469DF82851ADF80D200F4652218DF8BE
:109B30000C102A4619460DF10F0043F0A7FD2368CB
:109B400000220092D3F8F06003AAEB1C39462046AD
:109B5000B04745B0F0BD10B500F1C90300F2551093
:109B600033F8194C8C4201BF1C8814809C78947087
:109B70001C338342F4D1002010BD00002DE9F041D8
:109B800096B004461C9E1F4600201C2304F1B00C16
:109B90004FF6FF7E03FB00F53CF80580F04505D04D
:109BA00001300528F6D116B0BDE8F0816019172301
:109BB00080F8B220A0F8C030A0F8B01080F8B370E0
:109BC00005F1B4033168E150E218B38893800DF1D8
:109BD0000901721E731D12F8010F01F801099A4262
:109BE000F9D10F4B1868BA35036804EB0508D3F8B0
:109BF0009030424601A9984710B96051A8F8040076
:109C0000D4F85441002CCED03246394603A8FEF792
:109C100037FB03A8A04703A8FEF77BFAC3E700BF02
:109C2000380507002DE9F04106460F46904600F141
:109C3000B405002415F8013CBB420CD10622414674
:109C4000284643F015FD30B91C2303FB0464B4F827
:109C5000B000BDE8F0810134052C05F11C05E9D107
:109C60004FF6FF70F5E72DE9F04106460F469046A6
:109C700000F1B405002415F8013CBB420CD10622CA
:109C80004146284643F0F4FC30B91C2303FB04642E
:109C9000D4F8C400BDE8F0810134052C05F11C05A1
:109CA000E9D10020F6E738B54FF6FF7204460B46BF
:109CB0000020B3F8B050954203D093F8B250012D74
:109CC00008D00130052803F11C03F2D12046FEF72D
:109CD000C7FA0AE01C23434303F1B4020B440A44CD
:109CE000204693F8B310FEF7CBFA204638BD98B55E
:109CF000B0F8A820D31DEC46DB08ACEBC30300AFE3
:109D00009D460368D3F88C406B46A047003018BFCF
:109D10000120BD4698BD00002DE9F04F87B002AF8D
:109D20009146DFF890A0B96000F18C020546FA6018
:109D30001C460026B5F8B080C7F804D04FF6FF7374
:109D400098452BD0B5F8C030DA1D6946D208A1EB92
:109D5000C202033B95469BB2A4B29C424FF01B0249
:109D600028BF1C468DF80820BA68ADF8092049467E
:109D700022460DF10B0043F089FCDAF800000DF1EA
:109D8000080B0268CDF800B0E31CD2F894B0DBB247
:109D900004224146D847D7F804D00136FB681C3569
:109DA0009D42C7D1002E14BF204600201437BD4667
:109DB000BDE8F08F380507002DE9F04F87B002AFFE
:109DC000C7E9002100F5A072064600F1B405BA60AB
:109DD0001C464FF0000935F804ACC7F80CD04FF61C
:109DE000FF739A4542D0AB89DA1D6946D208A1EBD0
:109DF000C202033B95469BB2A4B29C424FF01D02A7
:109E000028BF1C468DF808207A68ADF8092039680B
:109E100022460DF10B0043F039FC002386F83C315B
:109E2000194BD3F800800DF1080BD8F80020CDF8BD
:109E300000B0E31CD2F894B0DBB204225146404695
:109E4000D84796F83C316BB9D8F8003040461B69CA
:109E50009847336815F8011C5B6B2A4630469847D3
:109E60000028EED1D7F80CD009F10109BB681C35E8
:109E7000AB42B0D1B9F1000F14BF20460020143717
:109E8000BD46BDE8F08F00BF380507002DE9F04F53
:109E900089B002AF042BFA603A6CC7F808D0C7E962
:109EA000041014880AD0036804220092D3F8DC500E
:109EB0002346A8471C37BD46BDE8F08FFB68073333
:109EC0006A46DB08A2EBC3039D460DF10808052393
:109ED0008DF80830002388F80130484B013CD3F856
:109EE00000A0A4B20225DAF800305046DB6998479A
:109EF000844258D23B6C5B88A34254D9DAF80030D4
:109F000021461B6A5046984703689B6883469847DA
:109F100042F6030301349842A4B255D15846FEF7E5
:109F2000A0FB231A59425941DBF8003079609B6845
:109F3000584698477968024611B9B0F5245F45D173
:109F40005846C7E90012FEF7FFFAD7E900120228C7
:109F500006460CBF0123022398F8010008B988F8CF
:109F6000013098F8010098421DD105F102091FFA4D
:109F700089F928F8054008EB090311B9B2F5245F07
:109F800027D158467B60FEF7DCFA7B6801463246F3
:109F9000184643F07BFB09EB0605ADB20236FB68C1
:109FA0002E44B3429FDA022D1CD17A693B6C1268B1
:109FB0001B880A210091D2F8DC40D7E90410042262
:109FC000A047D7F808D075E70021ADE702260123A6
:109FD000C2E7DBF8003058469B689847043528F8FC
:109FE0000900DAE7064B18680368CDF80080D3F85B
:109FF00094403969EBB20422A047E2E7D804070095
:10A00000380507002DE9F04F89B002AF052B3E6CF3
:10A01000C7F808D08346C7E9032134880BD8036802
:10A0200004220092D3F8DC5006222346A8471C37AE
:10A03000BD46BDE8F08FFA6807326946D208A1EB49
:10A04000C202954607228DF80820B288B2F5205F3B
:10A050000DF1080A0DD0DBF8002033880A210091A9
:10A06000D2F8DC40396906225846A047D7F808D014
:10A07000DDE7063B9BB27B61274B013CD3F80090A8
:10A08000B31DA4B201257B60D9F800304846DB69D6
:10A090009847844232D27388A3422FD9D9F800302E
:10A0A00021461B6A4846984703689B688046984744
:10A0B000B38883421BD14046FEF746FA7B6998423B
:10A0C00015D14046FEF73DFA7A69796843F0D0FA37
:10A0D00068B94046FEF705FF2AF805004046FEF73E
:10A0E00002FFAB1C9BB204352AF80300ADB2FA683C
:10A0F000EB1C9A4202DD0134A4B2C5E7012DAAD0BF
:10A10000064B18680368CDF800A0D3F8944039696D
:10A11000EBB20422A047A9E7D804070038050700DE
:10A120002DE9F04F89B002AF062BBA603A6CC7F840
:10A130000CD081468B46158804D19388A3F5205313
:10A14000012B0FD9D9F8003010220092D3F8DC404F
:10A150002B4659464846A047D7F80CD01C37BD4679
:10A16000BDE8F08FBB6807336A46DB08A2EBC30388
:10A170009D4602AE11238DF8083000237370364BD4
:10A18000013DD3F800A0ADB20224DAF80030504609
:10A19000DB699847854247D23B6C5B88AB4243D929
:10A1A000DAF8003029461B6A504698473B6C026833
:10A1B0009B887B619268804690477B69834230D15F
:10A1C0004046FEF7C1F9022803460CBF06231423BC
:10A1D0003B61737878610BB93B69737073783A6946
:10A1E000934221D14046FEF77CFE30534046FEF7B5
:10A1F0007AFEA31C9BB20434A4B2F0523319404639
:10A200007B60FEF79EF97B687A690146184643F049
:10A210003DFA7B69BA681C443B69A4B223449A4264
:10A2200002DB0135ADB2B0E7022C09D13B6CD9F8A5
:10A2300000201B880A210091D2F8DC40102288E718
:10A24000064B186803680096D3F894500422E3B2D2
:10A250005946A84780E700BFD80407003805070023
:10A260002DE9F04F89B002AF91463A6CC7F808D09B
:10A27000062BC7E9031015880BD00368042200924F
:10A28000D3F8DC4008222B46A0471C37BD46BDE86A
:10A29000F08F09F107036A46DB08A2EBC3039D4672
:10A2A0000DF1080809238DF80830002388F80130E3
:10A2B0006D4B1B687B613B6C013D0433ADB20224E6
:10A2C0007B607B6978691B68DB699847854280F011
:10A2D00083803B6C5B88AB427ED97B6978691B6865
:10A2E00029461B6A984703689B68064698473B6C5B
:10A2F0009B888342336805F1010A1FFA8AFA9B683A
:10A3000030467AD1984742F6030398423DD1304611
:10A31000FEF7A7F9824535D03046FEF715F998F8D3
:10A320000120022803460CBF4FF0070B4FF0150B1E
:10A330000AB988F801B098F801203B605A454BD122
:10A3400028F804A03046FEF70FF9A21C92B202359D
:10A3500008F80200E21C92B2304628F80250FEF7DC
:10A36000F0F805343B68A4B208EB04051A46014630
:10A37000284643F08BF93B681C44A4B2A344D9455A
:10A380002ADB55460135ADB29BE7336830469B6802
:10A39000984742F602139842F4D128F804A03046B8
:10A3A000FEF7C8FA0234A4B2A9EB040980B21FFA7E
:10A3B00089F9814528BF8146304608EB0405FEF740
:10A3C000BBFA4A4601464C44284609F1020943F0CB
:10A3D0005DF9A4B288F80190022C38D13A693B6C3F
:10A3E00012681B880A210091D2F8DC40D7E90310DB
:10A3F0000822A047D7F808D047E7984742F603035A
:10A400009842BFD13046FEF79FF802288346B9D163
:10A410003046FEF796F85A460146786843F028F928
:10A420000028AFD128F804A03046FEF7A7F8023480
:10A43000A4B2A9EB04091FFA89F980B2814528BFAB
:10A440008146304608EB0405FEF796F8B9E7074B5E
:10A4500018680368CDF80080D3F89450F968E3B227
:10A460000422A847C6E700BFD80407003805070044
:10A470002DE9F043012B97B0044602AF0E46154676
:10A48000E8460BD0036804220092D3F8DC4018227F
:10A490000023A0475437BD46BDE8F083B0F83E1115
:10A4A00041B33B6F1B78DB0724D5224B1868036848
:10A4B00001391B6A9847002281461C2104F1B00033
:10A4C00001FB02F330F803C0B4452ED103F1B4020E
:10A4D0002344224493F8B310381DFDF7D1FE4846BB
:10A4E000B4F84431D4F84021391DFEF7B4F9381DD1
:10A4F000FDF70FFE00230735A4F83E31A4F84431E0
:10A50000ED086B46A3EBC5039D4619238DF8083073
:10A51000094B186802AA03680092D3F894400422F9
:10A5200001233146A047C546B4E70132052AC7D109
:10A53000E0E700BFD8040700380507002DE9F04F19
:10A5400087B002AF032B04460D467A601E46C7F85B
:10A550000CD00DD8036804220092D3F8DC401622F8
:10A560000023A047D7F80CD01437BD46BDE8F08FC4
:10A57000BB6B1B883B811FFA83F8BB6BB3F802B03F
:10A580004B4BD3F80090D9F800304846DB69984728
:10A5900008F1FF318BB2834206D923680A22009268
:10A5A000D3F8DC60434620E0D9F8003048461B6A07
:10A5B000984703689B688146984742F60303984290
:10A5C00002D023680B22EAE74846FEF74AF84045E6
:10A5D0008246F6D14846FDF7C7FF03070AD4236831
:10A5E00003210091D3F8DC60534616222946204609
:10A5F000B047B7E7B4F83E31E3B948463B60FDF7F2
:10A60000B9FF01468246D4F8400143F077FD3B682C
:10A610003A89A4F83E21C4F84001A4F844315246D6
:10A62000194643F05BF8B4F844315B4507D0236822
:10A630000722B4E75345F6D023680E21D1E7331F34
:10A640005FFA83FA0BEB0A024846BA60FDF792FF05
:10A65000BA6880B28242EADCBB6BD4F84001524651
:10A66000191D584443F012F8B4F84421B96B0AEBB1
:10A670000203A4F844317B6807336A46DB08A2EB87
:10A68000C3039D4617238DF8083032460DF10900AB
:10A6900042F0FCFF074B186802AC02680094731C80
:10A6A000D2F89440DBB204222946A0475AE700BF03
:10A6B000D8040700380507002DE9F04F9BB0012BA7
:10A6C0008A46039263D9249A023B1688059300F1C7
:10A6D0008C0204460292B4F8B030534542D1D4F80B
:10A6E000C450002D42D02846FEF739FE4FF0000935
:10A6F0008046C14536DA49462846FEF732FE07460F
:10A70000FEF7A2FEB0422AD23846FEF79FFEB042C4
:10A7100025D33846FEF79CFE249B0233804604F185
:10A72000B4090025049345451CDA29463846FEF74E
:10A7300091FE8346FEF706FDB0420ED14A4694F8DC
:10A74000B31007A8FDF79CFD5846DDE9042307A9CF
:10A75000FEF768FD07A8FDF7DCFC0135E3E709F12A
:10A760000109C6E7029B1C349C42B4D1039B1D2BFC
:10A770000DD11E238DF81C30064B186807AA0368FC
:10A780000092D3F89440042201235146A0471BB005
:10A79000BDE8F08F380507002DE9F04F8FB002AF0C
:10A7A000C7E90021FB60B0F8A830F96807336A46B2
:10A7B000DB08A2EBC30307F118059D468346284634
:10A7C00000F00AFF0DF108090124BD60DBF800303C
:10A7D000CDF804904FF420520092D3F8BC50796821
:10A7E0004FF6FF7322465846A847054620B199F810
:10A7F0000030112B04D001203437BD46BDE8F08F66
:10A8000099F801307B61A3F1040802235FFA88F80C
:10A8100009F102063B614FF6FF7A3B69AB4204DB6C
:10A820004FF6FF739A45D1D0E5E7FB68E3B93020D6
:10A830003BF0E6FE3146728831F8043B0092044654
:10A840004246FEF7E7FD21463868FEF771FD748841
:10A85000D7E904320134A4B2002C134408BF4FF0EE
:10A86000000A3B611644D8E7B86800F0F4FE4045A2
:10A87000EDD1B86800F0EDFE42460146301D42F0D1
:10A88000F7FE0028D3D0E2E72DE9F04F8DB0B0F805
:10A89000A83004AFC7E9042107336A46DB08A2EBFE
:10A8A000C3039D4682463869FEF759FD0DF1100934
:10A8B000F8604FF00008FB6898454ADA414638696D
:10A8C000FEF74FFDB861FEF7BFFD0646B869FEF71B
:10A8D000BDFDB860DAF80030CDF8049042F603020E
:10A8E0000092D3F8A8407969BB6832465046A04729
:10A8F000054678B399F80030092B27D199F8013033
:10A90000FB61053BDBB27B6009F102044FF0020BF7
:10A91000AB45DFDA38203BF073FEB4F80330029326
:10A92000A37801932388009306467B697A68611DAA
:10A93000FEF794FB3146B869FEF79AFDB4F8036060
:10A94000FB690136B6B29B441C44E1E708F10108FB
:10A95000B1E701202437BD46BDE8F08F2DE9F04F67
:10A960008FB0B0F8A83002AF0733C7E90421DB0885
:10A970006A46A2EBC3039D4602AB82463869FB627E
:10A98000FEF7EDFC4FF0000BF860FB689B456CDABE
:10A9900059463869FEF7E5FC7862FEF757FDB86066
:10A9A000786AFEF755FD431E386200267B603B6ADD
:10A9B0009E4257DA3146786AFEF74CFD7B68F861B3
:10A9C0009E4248D0711C786AFEF744FD0546F8693E
:10A9D000FEF7B8FB013084B2002D3ED02846FEF7CA
:10A9E000B1FBB862BB6AA3423AD3DAF80030FA6A24
:10A9F0000092D3F898507969BB6A22465046A8471E
:10AA0000054698B3FB6A1B78052B29D1FB6A93F89E
:10AA100001904FEA8903BB61FB6A4FF0020903F121
:10AA20000208A945E1DA20203BF0EAFD4146044650
:10AA300031F8023B00937B690222FEF75DFC214660
:10AA4000F869FEF781FBB8F80040BB690134A4B295
:10AA500099449844E5E70025B9E7BB68BB62C1E7C4
:10AA60000136A4E70BF1010B8FE701203437BD4617
:10AA7000BDE8F08F70B5002300F1B0041C2505FB84
:10AA800003F2A65A8E4204D00133052BF7D10020E1
:10AA900003E0104490F8C800C00970BDF0B5022A68
:10AAA00085B004460D4609D0036804220092D3F80D
:10AAB000DC4002220023A04705B0F0BD1B88B0F89F
:10AAC000A8209A4228BF1A46B03000231C2606FB55
:10AAD00003F1475AAF4212D10C44A4F8C020ADF89C
:10AAE0000D20094A032310688DF80C30026803A971
:10AAF0000091D2F8944029460422A047DCE70133B4
:10AB0000052BE4D1EBE700BF38050700F0B50023C3
:10AB100000F1B0051C2606FB03F42F5B8F4204D026
:10AB20000133052BF7D1002003E0204480F8C82032
:10AB30000120F0BD042A15D1B0F848218A4211D174
:10AB400090F84A211978013A8A420BD1D0F84C2169
:10AB500001211170D0F84C211B68C2F80130052387
:10AB600080F850317047022AF0B51ED1002200F162
:10AB7000B0051C2606FB02F42F5B8F4216D104445D
:10AB80001A88A4F8C020B0F848218A420DD190F864
:10AB90004A21032A09D1D0F84C110A70D0F84C117F
:10ABA0001B88A1F8013080F85021F0BD0132052A40
:10ABB000E0D1E8E7012A38B50446154613D9B0F8C4
:10ABC000480188420FD194F84A0105280BD1D4F8E6
:10ABD0004C110870D4F84C0119460130013542F08F
:10ABE00055FD84F8505138BD012A38B50446154644
:10ABF00013D9B0F8480188420FD194F84A011128BE
:10AC00000BD1D4F84C110870D4F84C01194601301E
:10AC1000013542F03BFD84F8505138BD38B504464B
:10AC2000B0F84801884215460FD194F84A110B2913
:10AC30000BD1D4F84C010170D4F84C011946013005
:10AC4000013542F023FD84F8505138BD38B5044633
:10AC500015469AB1B0F8480188420FD194F84A01DC
:10AC600009280BD1D4F84C110870D4F84C011946BE
:10AC70000130013542F00AFD84F8505138BD6AB9FF
:10AC8000B0F848318B4209D190F84A31132B01BFFB
:10AC9000D0F84C211370012380F850317047F0B583
:10ACA00000241C2500F1B00605FB04F3F75A8F427F
:10ACB00004D00134052CF7D1002006E0C9331488F4
:10ACC000C452C11893788B700120F0BDF0B50024F8
:10ACD0001C2500F1B00605FB04F3F75A8F4204D09F
:10ACE0000134052CF7D1002006E0B4331844036882
:10ACF0001360838893800120F0BDF0B500241C25EB
:10AD000000F1B00605FB04F3F75A8F4204D001347A
:10AD1000052CF7D1002009E0BA3303441C4600217A
:10AD200014F8010B18B901310629F9D1F0BD1968E1
:10AD300011609B8893800120F8E7000070B50546FC
:10AD400090F8850094B0F8B1104B114C1868B4F825
:10AD50004410036801391B6A984704F1470206460C
:10AD600094F8461001A8FDF78BFA94F84D3004F1E1
:10AD70004E0201A93046FDF76EFD01A8FDF7C9F9A5
:10AD8000002385F88530012014B070BDD804070079
:10AD9000A06800202DE9F04F9DB0984602AFB8F1B1
:10ADA0000A0F92460446796197F89020D7F89430BC
:10ADB000C7F80CD00FD1022A17D0036804220092E2
:10ADC000D3F8DC4042460023A047D7F80CD06C37BC
:10ADD000BD46BDE8F08F042A07D003680422009224
:10ADE000D3F8DC400C220023EEE7B8F10A0FB3F8E9
:10ADF000009018BFB3F802B0924B1D682B6828462C
:10AE0000DB6908BF4FF0000B984709F1FF318BB2A7
:10AE1000834207D923680A220092D3F8DC504246C5
:10AE20004B4624E00AF107036A46DB08A2EBC303A2
:10AE30009D46B8F10A0F6A460CBF0B230D2302F89A
:10AE4000083F2B683A611B6A2846984703689B684D
:10AE500005469847B0F5205F2BD1BBF1000F0AD013
:10AE6000236804220092D3F8DC500B224B46796908
:10AE70002046A847A9E72846FDF766FB80462846F6
:10AE8000FDF75FFB424601460DF1090042F0FEFB73
:10AE900008F101081FFA88F86B4B3A6918680368D3
:10AEA0000092D3F8944079695FFA88F30422A047AE
:10AEB0008BE742F6030398420AF1FF3A40F09F8085
:10AEC0002846FDF7CCFB48451ED1BBF1000F02D050
:10AED00023680B22A0E72846FDF746FB3B69587024
:10AEE0002846FDF7BEFB3B6958802846FDF72CFB42
:10AEF00080462846FDF725FB4246014603A842F05E
:10AF0000C5FB08F10408C5E72846FDF72DFB8307BC
:10AF100002D4236802227FE72846FDF728FB10F0C1
:10AF2000020022D0002204F1B0011C2000FB02F339
:10AF30007E6931F803C0B44510D00132052AF5D13D
:10AF400023680F220092D3F8DC3079691E4642460E
:10AF50004B462046B04701231E4607E0234493F9A1
:10AF6000C830002BECDA0023F6E706462846FDF74A
:10AF700005FB83B29B4502D3236807224CE780B2CE
:10AF8000A0EB0B008245A8BF82461FFA8AF3BB6084
:10AF900004F18C03A1467B604FF001081FFA8AFA86
:10AFA000B9F8B0307A69934219D109F1B40299F82D
:10AFB000B31007F11C00FDF763F9CDF800A03B6961
:10AFC0005A46434407F11C012846FDF725FC07F1CA
:10AFD0001C00FDF79EF8BB6898441FFA88F87B6850
:10AFE00009F11C099945DBD1002E3FF455AF4246CB
:10AFF0003969201D42F04AFB84F88480E5E6B0F50B
:10B00000245F1BD12846FDF795FC83B29B45B3D244
:10B0100080B2A0EB0B08C2452846A8BFC246FDF788
:10B020008BFC1FFA8AF200EB0B010AF1010A0DF109
:10B03000090042F02BFB1FFA8AF82DE74FF00108B8
:10B040002AE700BFD8040700380507002DE9F04FB4
:10B0500099B002AF1D4697F880303A60012B044644
:10B060000E467B600DD8122D07D103680422009292
:10B07000D3F8DC402A460023A0475C37BD46BDE834
:10B08000F08FD7F88430B3F800808E4BD3F800A04F
:10B09000DAF800305046DB69984708F1FF318BB28F
:10B0A00083420CD9122DE8D123680A220092D3F8EA
:10B0B000DC902A46434631462046C847DDE7DAF8A9
:10B0C000003050461B6A984703689B688146984742
:10B0D00042F6030B584540F0A0804846FDF7C1FA00
:10B0E0004045484601D1122D6FD1FDF73DFA0207C8
:10B0F00071D54846FDF73BFA10F0020A04F1B00B97
:10B1000016D000221C2101FB02F33BF80300B042E1
:10B1100067D00132052AF6D123680F220092D3F8B6
:10B12000DCA01222434631462046D0474FF0010AA8
:10B1300000231C2101FB03F23BF80200B04268D15E
:10B140007B68023B5FFA83FBD7F88430A118023397
:10B15000B4327B6091F8B3102244BAF1000F48D0AA
:10B16000032084F88500A4F8448084F84610116810
:10B17000C4F847109288A4F84B200A2284F885204E
:10B1800019465A4684F84DB004F14E0042F07EFA5A
:10B1900094F885200BEB020384F88530122D7FF4A0
:10B1A0006CAF3B6807336D46DB08A5EBC3039D46D8
:10B1B000132302AA8DF80830BAF1000F76D023715C
:10B1C000012384F88430AD4657E7FDF7CDF94307F6
:10B1D0007FF553AF8DE7122D7FF44FAF2368032225
:10B1E00064E7234493F9C830002B95DA4FF0000A46
:10B1F0009EE707F10C00FDF743F848465B467A6886
:10B2000007F10C01FDF727FB07F10C00FCF781FFAC
:10B21000C4E70133052B8DD1C0E7D9F8003048468B
:10B220009B689847B0F5245FD5D14846FDF78CF967
:10B230000228D0D14846FDF784F9028842F602136D
:10B240009A42C8D1DAF80030A8F102011B6A5046D0
:10B25000984703689B68814698475845BBD10022B0
:10B260001C2104F1B00001FB02F330F803C0B44527
:10B2700018D103F1B4022344224493F8B31007F128
:10B280000C00FCF7FDFFD7F8843048465A8807F1D8
:10B290000C01FDF700FB07F10C00FCF73AFF4FF043
:10B2A000000A7BE70132052ADDD1F8E7064B186872
:10B2B00003680092D3F89440042201233146A0474A
:10B2C00081E700BFD8040700380507001F4B70B5A1
:10B2D000044640F8863B02F0C0FE04F1870002F00D
:10B2E000BCFE1B4B04F1980503F110061868596861
:10B2F0002A4603C20833B3421546F7D141F28833D8
:10B300001721C4F8AC300023A4F8A810A4F83E31EB
:10B31000C4F84031A4F8443104F1B40204F5A0703B
:10B320004FF6FF7522F8045C02F8023C02F8013C7B
:10B33000136093809181136113751C328242F1D1A5
:10B34000C4F85431C4F85831204670BD9803070042
:10B350007C0307002DE9F04F00230446A7B0984670
:10B360004FF0FF35B0301C264FF6FF7706FB03F297
:10B37000825A8A4208BF1D46BA4203F1010318BF30
:10B3800008F10108052BF1D16B1C6ED01C236B4317
:10B3900003F1B4072344E619324693F8B310684624
:10B3A000FCF76EFFB8F1010F2FD1314BD3F80080BD
:10B3B0004FF0000942F6030BD8F800304046DB6935
:10B3C00098471FFA89FA82451AD2D8F800305146B8
:10B3D0001B6A4046984703689B68824698475845D1
:10B3E0000BD1694613A8FDF751F95046002213A965
:10B3F000FDF751FA13A8FCF78CFE09F10109DBE710
:10B400000023A4F83E31A4F84431D4F85881B8F1AF
:10B41000000F08D0694613A8FDF738F913A8C047F4
:10B4200013A8FCF776FE1C2303FB05434FF6FF72BF
:10B43000C3F8B0200022E251B280D3F8C400A3F8D0
:10B44000C8201721A3F8C01083F8CA2083F8CB20A6
:10B4500010B103685B6898471C2303FB0544002375
:10B46000C4F8C4306846FCF754FE27B0BDE8F08F3E
:10B47000D80407002DE9F04FA9B000F18C0306466F
:10B48000044601934FF000084FF6FF7AB4F8B0106D
:10B49000514559D0324B18680368D3F89830984713
:10B4A0000546002850D104F1B4094A4694F8B31077
:10B4B00002A8FCF7E5FE2B4B1F6808F101083B686A
:10B4C0003846DB6998471FFA85FB58451AD93B680F
:10B4D00059461B6A384698470268926883469047E7
:10B4E00042F6030398420BD102A915A8FDF7CEF846
:10B4F0005846002215A9FDF7CEF915A8FCF709FE5C
:10B500000135DCE70023A6F83E31A6F8443184F883
:10B51000B23084F8B330A4F8B0A0C9F80030A9F86C
:10B520000430D4F8C400C4F8BA30A4F8BE301723ED
:10B53000A4F8C03010B103685B6898470023C4F8D2
:10B54000C43002A8FCF7E5FD019B1C349C429DD150
:10B55000B8F1000FD4BF0020012029B0BDE8F08F62
:10B5600038050700D804070030B5002300F1C801F2
:10B570001C2404FB03F28D5CAD0703D51044B0F826
:10B58000B00030BD0133052BF3D10620F9E770B5CB
:10B59000002300F1B0041C2505FB03F2A65A8E42DD
:10B5A00004D00133052BF7D1002002E0104490F8BD
:10B5B000C80070BD10B5054C2046FFF787FE204639
:10B5C000034A0449BDE810403AF00BBEA0680020D1
:10B5D000006000206D98020073B5002504460E46F9
:10B5E00040F8041B10222946ADF804508DF806508F
:10B5F00042F074F825752EB3304642F02FFF451EF9
:10B60000002D237D19DB0F2B1FD8735D2D2B02D14D
:10B610000135023DF4E77219002112F8012C8DF872
:10B62000042001A810228DF8053042F0A5FF237DEB
:10B63000E218013310712375EBE7032B34BF0223AB
:10B6400010232375204602B070BD1023F9E700686F
:10B65000704704307047007D704700002DE9F047C7
:10B66000144C80464D1E4FF4AA594FF02D0A6A1C07
:10B670001AD018F8057010222146380904F00CFE83
:10B680001022611C07F00F0004F006FE0C2D04F1DF
:10B69000020606DC29FA05F3DB0744BFE61C84F842
:10B6A00002A0013D3446E2E7002323700148BDE8D3
:10B6B000F08700BFFC690020007970472DE9F04F4A
:10B6C00089B090460DF1180B027A9DF848601F462C
:10B6D0000023054689460693ABF80430FAB99E422A
:10B6E00014BF4FF0020A4FF0030A2B6828461B696B
:10B6F0009847194BEA881C680021072023680091AD
:10B70000CDE90301CDE9011B2046D3F83CB0114639
:10B710005346D84728B1002009B0BDE8F08F9A46BB
:10B72000E3E723684A461B6C4146204698470028B9
:10B73000F1D123683A465B6C314620469847002891
:10B74000E9D1236801219B6C204698470028E2D16B
:10B7500001202871E0E700BF38050700034B0021F6
:10B760000171186803689B6C184700BF3805070013
:10B770002DE9F341124B1D682B6801221B6D074612
:10B780000E4628460021002498472B68CDE9004446
:10B79000D3F84C8020231A4601212846C04768B9B7
:10B7A000012179712B6886EA01021B6D28469847B2
:10B7B000B0FA80F0400902B0BDE8F0812046FAE717
:10B7C00038050700C180704701727047022908BF21
:10B7D000C260704770B50B4D04461C30164604F02D
:10B7E0009FFC294604F1280004F0B3FC294604F12B
:10B7F000340004F0AEFC2368314620465B69BDE8A6
:10B8000070401847B04407002DE9F0410C4D044644
:10B810000F461C302946164604F09BFC394604F1BD
:10B82000280004F07DFC294604F1340004F091FC6A
:10B830002368314620465B69BDE8F041184700BFE8
:10B84000B04407002DE9F0410C4D04460F461C3072
:10B850002946164604F07DFC294604F1280004F030
:10B8600078FC394604F1340004F05AFC2368314670
:10B8700020465B69BDE8F041184700BFB0440700AF
:10B880007FB5C36B04460D468BB10B6801A89B695D
:10B89000984701A904F1340004F0BAFC064601A857
:10B8A00004F0E1FB1EB90024204604B070BD636AB9
:10B8B00073B1294601A8FCF7F7FC01A904F11C00AB
:10B8C00004F099FC064601A804F0CDFB002EEAD056
:10B8D000236B6BB1294601A8FCF75CFD01A904F1BB
:10B8E000280004F095FC044601A804F0BCFBDBE74B
:10B8F0000124D9E738B50F4B03604FF420030E4DF8
:10B9000043600123037200230446C0E90333C0E906
:10B91000053329461C3004F0F1FB294604F12800C8
:10B9200004F0ECFB294604F1340004F0E7FB204668
:10B9300038BD00BF98040700B044070003688B427D
:10B9400008D9436800228A4202D05B680132FAE7D4
:10B95000186870470020704770B50446406800259D
:10B960002368AB4206D9466808213AF061FE0135EA
:10B970003046F5E70023C4E90033A36070BD000042
:10B9800010B50A4B044640F8343B04F06CFB04F15C
:10B99000280004F068FB04F11C0004F064FB04F1CF
:10B9A0001000FFF7D9FF204610BD00BF9804070024
:10B9B00010B50446FFF7E4FF204640213AF038FE78
:10B9C000204610BD70B50E4B05461868036800226E
:10B9D0001B6D11460024984705F110066C712B6908
:10B9E0009C4209D221463046FFF7A8FF10B10368F8
:10B9F0005B6898470134F2E73046FFF7ADFF70BD52
:10BA00003805070003688B4270B504461AD9002236
:10BA1000406813468A42456803D0034601322846EF
:10BA2000F8E7066863B96560A268824208BFA36050
:10BA300008213AF0FDFD2368013B2360304670BDCC
:10BA40005D60F1E70026F9E72DE9F041074694B083
:10BA50000D46002401F110082B699C422AD2214690
:10BA60004046FFF76BFF0646FCF7D1FC00B33146BA
:10BA700001A8FCF70BFE21464046FFF7C3FF1EB1AD
:10BA8000336830465B6898472B6801A9DB6B284612
:10BA9000984750B101A93846FCF7F8FD01A8FCF71A
:10BAA00038FB384614B0BDE8F08101A8FCF731FB43
:10BAB0000134D1E73846FCF7D3FBF2E72DE9F04F2C
:10BAC000C568ABB004460F4692469B469DF8D080B1
:10BAD0009DF9D8902DB3032922D11A46514604A8C6
:10BAE000FCF7CEFBCDF80090359B4246394604A8C2
:10BAF000FCF767FC236804A9DB6B2046984748B134
:10BB000004A917A8E468FCF7C1FD17A8A04717A867
:10BB1000FCF7FFFA04A8FCF7FCFA2BB0BDE8F08FA5
:10BB2000002504F110032269AA420DD918462946BE
:10BB30000393FFF703FF5A4651460646FCF731FCD4
:10BB4000039B002841D006BB23691F2B08D9002185
:10BB500004F11000FFF756FF10B103685B689847C7
:10BB60004C203AF04DFD5A4651460646FCF788FBFC
:10BB700008203AF045FD0023C0E90063636933BB48
:10BB800060612569A0616B1C2361042F22D0CDF870
:10BB90000090359B424639463046FCF712FC304651
:10BBA000FCF735FC0028B8D0E368002BB5D031464F
:10BBB00004A8FCF76BFD294604F11000FFF722FFF3
:10BBC000336830465B68984794E70135ABE7A36973
:10BBD0005860D6E74B46359A41463046FCF702FCA2
:10BBE000DDE770B446799DF80C409DF9145026B1FC
:10BBF0000595039470BCFFF761BF70BC70470000EF
:10BC000010B5054C2046FFF775FE2046034A04494F
:10BC1000BDE810403AF0E5BA246A00200060002038
:10BC200081B90200406870474368994208D283682E
:10BC30000022914202D05B680132FAE7186870472F
:10BC40000020704773B5044630203AF0D9FC3249E1
:10BC50000546FDF733F9E56154203AF0D1FC0025A3
:10BC60000646142302222D490095FCF749FD266261
:10BC700054203AF0C5FC02231A460646284900958E
:10BC8000FCF73EFD666230203AF0BAFC25490646D4
:10BC9000FDF714F9A66254203AF0B2FC20220423E6
:10BCA000214900950646FCF72BFDE662E069FCF7AA
:10BCB0004EFC206AFCF74BFC606AFCF748FCA06A6B
:10BCC000FCF745FCE06AFCF742FCD4E90701FDF70C
:10BCD0001CF9616AE069FDF718F9D4E90A01FDF77A
:10BCE00014F9236811491B6920469847236829469F
:10BCF00020465B69984723682046DB6A984723689B
:10BD0000E1699B6A204698472368A16A9B6A20469E
:10BD100002B0BDE870401847DC040700E1040700EA
:10BD2000E6040700EB040700F0040700F504070031
:10BD300010B50446C06948B1FCF70EFC30B9E069A3
:10BD400010B103685B6898470023E361206A48B13B
:10BD5000FCF702FC30B9206A10B103685B689847B1
:10BD600000232362606A48B1FCF7F6FB30B9606AD1
:10BD700010B103685B68984700236362A06A48B10A
:10BD8000FCF7EAFB30B9A06A10B103685B6898471A
:10BD90000023A362E06A48B1FCF7DEFB30B9E06A39
:10BDA00010B103685B6898470023E362236820466C
:10BDB000DB6ABDE810401847006AFCF741BC07B5D4
:10BDC0000222ADF80610406A0DF10601FCF7D8FB1F
:10BDD00003B05DF804FB10B504460846FCF777FB9A
:10BDE000014628B1236820469B6ABDE810401847E9
:10BDF00010BD2DE9F0410025074688462C463B68DA
:10BE00003846DB699847A84211D93B6829461B6A26
:10BE10003846984703689B6806469847B0F5205F08
:10BE200002D0464503D0264601353446E7E7204692
:10BE30003CB1FCF789FB0228204604D1FCF781FBCA
:10BE40000088BDE8F081FCF77CFB4089F9E7000041
:10BE5000074A02600022C0E90122C0E90322C0E9CA
:10BE60000522C0E90722C0E90922C262704700BF6B
:10BE70000805070038B5044608200D463AF0C0FB17
:10BE80000023C0E9005363682BB960602368A06099
:10BE90000133236038BDA3685860F7E72DE9F84FF8
:10BEA00004460D46084604F10408FCF750FB2946F9
:10BEB0004046FFF7DFFF08203AF0A2FB0023C0E96D
:10BEC00000536369002B47D160612369A06101338E
:10BED000236123682046DB69984700271FFA80FB0F
:10BEE0002846FDF702F8B8423BD939462846FCF708
:10BEF000FEFF0646FCF72BFB31464046FFF7BAFF34
:10BF000023682046DB69984781B23046FCF7A5FBE1
:10BF10003046FCF71CFB31464046FFF7ABFF4FF0C5
:10BF200000093046FCF7A1FB484518D94946304680
:10BF3000FCF79DFB8246FCF70AFB51464046FFF7A3
:10BF400099FF23682046DB69984781B25046FCF789
:10BF5000F5FC09F10109E4E7A3695860B5E7013789
:10BF6000BEE723682046DB699847594682B22846D7
:10BF7000BDE8F84FFCF7B2BF70B504464068002535
:10BF80002368AB4206D9466808213AF051FB0135D7
:10BF90003046F5E70023C4E90033A36070BD70B5F7
:10BFA0000446406800252368AB4206D9466808214C
:10BFB0003AF03EFB01353046F5E70023C4E9003393
:10BFC000A36070BD38B50546064B45F8103B0446E6
:10BFD000FFF7AEFE2846FFF7E2FF201DFFF7CCFF7C
:10BFE000204638BD0805070010B50446FFF7EAFFF4
:10BFF000204630213AF01CFB204610BD70B50446A7
:10C00000002523682046DB699847A8420FD923689A
:10C0100029461B6A204698470646FCF79DFA20B938
:10C020001EB1336830465B6898470135E9E7201D4B
:10C03000FFF7A2FF002523699D420BD2636900220E
:10C04000954202D05B680132FAE71868FCF794FF6A
:10C050000135F0E704F11000FFF7A1FF70BD00000B
:10C0600008B5054B1846FFF7F3FE044A0449184685
:10C07000BDE808403AF0B5B8646A002000600020CE
:10C08000C5BF0200704700000023C0F80831024B12
:10C09000186803681B68184774060700024B186885
:10C0A00003685B68184700BF740607000368002137
:10C0B0005B69184710B40368D3F8A4400023A44672
:10C0C0001A4640F603415DF8044B604737B50368F4
:10C0D000ADF80610D3F8A45002220DF1060341F288
:10C0E00005410446A84750B9D4F81832BDF80620D7
:10C0F0001988914203D193F9020003B030BD7F202B
:10C10000FBE713B5CDE9002303680822D3F8A44068
:10C1100040F601416B46A04702B010BD13B5CDE912
:10C12000002303680822D3F8A44042F201016B46C1
:10C13000A04702B010BD10B40368D3F8A440062293
:10C140000B46A44642F205015DF8044B60471FB55B
:10C15000089C8DF804309DF818308DF805309DF856
:10C160001C308DF806302368CDF80730A388ADF871
:10C170000B309DF824308DF80D309DF828308DF867
:10C180000E300368ADF80010ADF80220D3F8A440DB
:10C190000F226B4642F20601A04704B010BD13B552
:10C1A00003688DF80710D3F8A44001220DF10703AE
:10C1B00042F20A01A04702B010BD13B5ADF803303A
:10C1C0009DF810308DF805309DF814308DF806304C
:10C1D00003688DF80010ADF80120D3F8A4400722C1
:10C1E0006B4642F20B01A04702B010BD13B50368C5
:10C1F0008DF804108DF80520D3F8A440022201AB7D
:10C2000042F20C01A04702B010BD10B588B00B9CE3
:10C210008DF808309DF828308DF809302368CDF866
:10C220000A30A388ADF80E309DF830308DF810300C
:10C23000BDF83430ADF81130BDF83830ADF81330FA
:10C24000BDF83C30ADF81530BDF84030ADF81730D2
:10C25000BDF84430ADF81930BDF84830ADF81B30AA
:10C260000368ADF80410ADF80620D3F8A4401922F5
:10C2700001AB42F20D01A04708B010BD10B4036835
:10C28000D3F8A4400023A4461A4642F20E015DF8FA
:10C29000044B60471FB5ADF80430BDF81830ADF859
:10C2A0000630BDF81C30ADF808300423ADF80A3074
:10C2B0000623ADF80C300368ADF80010ADF802208D
:10C2C000D3F8A4400E226B4642F21301A04704B0FB
:10C2D00010BD10B4D0F8EC402CB1194610462346DE
:10C2E0005DF8044B18475DF8044B7047F0B51D46E8
:10C2F00003688BB016460F469B6F04469847731E23
:10C300008DF800700DF10602053613F8011F02F8D2
:10C310000119B342F9D1109B6A1E0DF11601013BC0
:10C320000F3512F8010F01F80109AA4213F8010FA5
:10C330004874F6D123682722D3F8A45042F227018B
:10C340006B462046A84723682046DB6F98470BB012
:10C35000F0BD13B5531E8DF8001005320DF1060126
:10C3600013F8014F01F801499342F9D103680722FC
:10C37000D3F8A44042F22B016B46A04702B010BD97
:10C3800007B503680122D3F888306946984703B09F
:10C390005DF804FB37B5002300930DF10504CDF8DB
:10C3A00003304B1E053113F8015F04F801598B422D
:10C3B000F9D103688DF80620D3F8A44007226B4614
:10C3C00040F60D41A04703B030BD13B513238DF8DF
:10C3D00006300368ADF80410D3F8A440032201AB83
:10C3E00040F20641A04702B010BDC0F804117047EA
:10C3F0000023C0F80431704732B190F81D329342E7
:10C40000C6BF9A1AD2B2002280F81D22704710B41B
:10C41000D0F8F8300C4623B1204611465DF8044BA5
:10C42000184718465DF8044B704710B4D0F8EC304C
:10C430000C4623B1204611465DF8044B18471846B8
:10C440005DF8044B704710B4D0F8F4300C4623B1BB
:10C45000204611465DF8044B184718465DF8044B1A
:10C460007047D0F8FC302BB1D0F80001003018BF75
:10C47000012070470320704710B54FF448710446FF
:10C480003AF0D6F8204610BD564B2DE9F047044649
:10C490001D6819B12B6828469B6898472B68524E37
:10C4A0009B69524FDFF84881284698472B682846F9
:10C4B000DB6898472B68002800F08F805B6928466E
:10C4C0009847D4F80831B3F5817F5FFA80F912DB21
:10C4D0000023C4F80831D4F8043163B12B6828462E
:10C4E000DB6998473146D4F8040103F087FC2B68D8
:10C4F00028469B699847D4F80821531C2244C4F865
:10C50000083182F80C9194F80C21022A2ED1052BC7
:10C51000CCDD94F8101194F80F2102EB01220432C3
:10C520009342C3DD2B682846DB699847D4F8043171
:10C530004BB1236894F80821D3F8C090414604F524
:10C5400086732046C8470023D4F80811C4F8083180
:10C550002368D3F8B430013904F20D12C9B2204671
:10C5600098472B6828469B6998479FE7042A21D162
:10C57000032B9BDD94F80E210232934296DD2B684B
:10C580002846DB699847D4F804314BB1236894F806
:10C590000821D3F8C090394604F586732046C84771
:10C5A0000023D4F80811C4F8083123680139D3F8FE
:10C5B000BC30D1E70023C4F80831D4F80431002B93
:10C5C0003FF474AF2B682846DB6998471022494630
:10C5D000D4F8040103F075FCC3E72846DB69BDE825
:10C5E000F047184774060700620507008A05070030
:10C5F000770507001346F0B533F8046BC6F301372F
:10C60000022F87B00546144611D15488E4B2198828
:10C61000221F8A4220D0022F07D12246194605F256
:10C620001E2041F033F885F81D4307B0F0BD012FFF
:10C63000FBD190F81D03528800F21E2019462844B1
:10C6400041F024F8638895F81D431C44E4B285F852
:10C650001D4305F21E23DAE75C88A0B20428C6F366
:10C660000B010AD1184800680468246A0433D2B266
:10C67000A047002385F81D33D7E7052804D11348C8
:10C6800000680468E468F1E7062804D10F480068F0
:10C6900004682469EAE700220392ADF8142001221D
:10C6A0008DF80C200622ADF80E20022203ABADF867
:10C6B00010202A680093ADF812400A23D2F8944063
:10C6C00028460522A047D4E78C0307000C07070083
:10C6D000F0B5202589B004460E46174600212A46AB
:10C6E000684640F0FBFF324639460DF101008DF8F7
:10C6F000006040F0CBFF23682A46D3F8A46042F2E2
:10C7000008016B462046B04709B0F0BDF0B52025C2
:10C7100089B004460E46174600212A46684640F076
:10C72000DDFF324639460DF101008DF8006040F022
:10C73000ADFF23682A46D3F8A46042F209016B4694
:10C740002046B04709B0F0BD2DE9F04784B004465B
:10C7500000AF8A4691461D4694F81D2294F81C327B
:10C760009A4204D3236820461B699847F4E705F1F1
:10C77000100303F4FC73ADEB030D02233B712B1D7F
:10C78000DBB2A7F80730A7F80B90A7F805A0A7F829
:10C7900009503B1D03CB2A461B78009001910DF1F7
:10C7A0000900396B8DF8083040F070FFD4F804317F
:10C7B00005F10906E8463BB123680C49D3F8C0509F
:10C7C000F2B26B462046A84794F81D32013384F834
:10C7D0001D32074B1868036832461B6A414698476A
:10C7E00000201037BD46BDE8F08700BF3C050700BC
:10C7F000740607002DE9F0430D46114683B00B3156
:10C8000001F4FC7100AF0446ADEB010D012038715D
:10C81000A7F80550FA716846796840F8041B194674
:10C82000161D40F033FFD4F80431E8463BB12368CD
:10C830001649D3F8C090F2B26B462046C847144B55
:10C840001868036832461B6A414698474FF6FF73E3
:10C85000A4F80E324FF0FF33C4F8103203F046FD57
:10C8600000F57A76B4F80E32AB4208D003F03EFD04
:10C87000B04204D2236820461B699847F2E7D4F8F7
:10C8800010020C37BD46BDE8F08300BF4F0507001E
:10C890007406070007B500238DF8073001220DF15B
:10C8A000070342F22D010348FFF7A4FF03B05DF830
:10C8B00004FB00BF946A002007B501220DF10703B5
:10C8C00042F22D0103488DF80720FFF793FF03B0D4
:10C8D0005DF804FB946A00207FB501238DF80030D9
:10C8E0000B68CDF801308B88ADF805300DF11601DD
:10C8F000531E0F3213F8010F01F801099342F9D1C9
:10C900006B46172240F611410248FFF773FF07B04C
:10C910005DF804FB946A002013B50446684601F0F4
:10C920004BF9D4F8EC3063B1D4F8F4304BB1D4F80F
:10C93000F83033B1D4F8F0301BB10121684601F072
:10C940003EF96846012101F04CF96846012101F0E9
:10C950003FF96846012101F04DF92D2101A801F0B0
:10C960002CF99DF8040002B010BD2DE9F0411D46E0
:10C970000368D3F8A48000230F46164641F2010154
:10C980001A460446C04770B9D4F818321A783A707B
:10C99000B3F801203280DA782A70069A99881180DB
:10C9A000DA88079B1A80BDE8F08113B503686946F1
:10C9B0001B6A0446984750B9D4F81832D9345A1E25
:10C9C000053312F8011F04F801199A42F9D102B097
:10C9D00010BD0000F8B50368D3F8A45000230E463C
:10C9E000174642F202011A460446A847054678B99E
:10C9F000D4F818321A8832809B783B7084F81C3245
:10CA0000044B31881868036809399B6889B29847D4
:10CA10002846F8BD8C03070070B588B00C46154653
:10CA2000002120220646684640F058FE631E0DF1A4
:10CA30000F016A1E0F3413F8010F01F80109A34218
:10CA400012F8010F4874F6D133682022D3F8A440BD
:10CA500042F217016B463046A04750B90C9B103389
:10CA6000D6F81822125C03F8012D01301028F7D1F6
:10CA7000012008B070BD70B50368D3F8A46000232E
:10CA80000C461A4641F209010546B04728B9D5F8C7
:10CA900018321A6822609B88A38070BD70B5036845
:10CAA000D3F8A46000230C461A4642F2180105464A
:10CAB000B04728B9D5F8182213682360536863601B
:10CAC00070BD00002DE9F0411678052EB2B0054684
:10CAD00014461DD19F4B52791868B4F803100368AF
:10CAE0005B6A98479C4BB4F8031018686279036836
:10CAF000C9B25B699847994B186803689B68984767
:10CB000018B101219648FFF74AFB32B0BDE8F08129
:10CB1000082E69D18F4BB2F8031052791D68002A94
:10CB20005DD02846FEF733FDC10739D505F18707EB
:10CB3000384601F097FA384601F098FA50B38DF86C
:10CB4000846005F1980325AA05F1A80113F8010BEB
:10CB500002F801098B42F9D121AE00961123062279
:10CB6000B4F803107E48FFF7EFFD09237D49ADF8C7
:10CB700084300DF18B02062311F8010B02F8010934
:10CB8000013BF9D1009608230622B4F8031074483B
:10CB9000FFF7DAFD384601F06DFA384601F06EFA1B
:10CBA0002B68B4F803109B6E80222846984795F8AE
:10CBB000853023B12B682846D3F88030984795F804
:10CBC0008430002BA1D02A1D0092B4F803106448D1
:10CBD0000422FFF7B9FD002385F8843095E72B6820
:10CBE00028469B6E984790E70E2E0ED1B2F8033080
:10CBF000A0F80E325379C0F8103253780634043B53
:10CC000080F81432C0F818427FE70F2E09D19388BC
:10CC1000A0F80E329378C0F81032002380F8143256
:10CC200073E7132E10D1967802EB8606B4423FF4D8
:10CC30006CAF2B68B4F80520B4F80310D3F8B83003
:10CC4000284698470434F1E73E2E7FF45EAF937890
:10CC5000013B092B3FF659AF01A252F823F000BF68
:10CC6000DFCC020023CD02000BCB02000BCB020075
:10CC700069CD020007CE02000BCB020033CE0200CA
:10CC80004FCF020089CC0200E378002B7FF43DAF48
:10CC9000304B94F82020186803680492E28B0392CA
:10CCA000A28B0292628B04F10805CDE90052DE6985
:10CCB000A279E379A188B047274B94F8202018681F
:10CCC00003680492E28B0392A28B0292628BCDE9FD
:10CCD00000529D68A279E379A188A84715E7E37817
:10CCE000002B7FF412AF1B4B227D1868036804925F
:10CCF000628A0392228A0292E28904F10805CDE950
:10CD00000052DE69A279E379A188B047124B227DF7
:10CD1000186803680492628A0392228A0292E28966
:10CD2000D5E7237B1F2B3FF6F0AEE278012A7FF494
:10CD3000ECAE0A4AE118106891F90D1002680291F0
:10CD400004F10D01CDE90031A31D956B21796279C4
:10CD5000A847DAE68C0307000C0707008C040700DD
:10CD6000946A0020686B0020904BB4F803101E6892
:10CD7000336810AA1B6F30469847B4F8031030464A
:10CD8000FEF705FCC2071FD5102200210DF1860019
:10CD900040F0A4FC2279E378854943EA0223ADF808
:10CDA00084300DF19502102311F8010B02F80109EE
:10CDB000013BF9D12B681222D3F8A44042F21A01A8
:10CDC00021AB2846A047A0E63368B4F80310DB6F18
:10CDD0000BAA304698472B68754AD3F8A83078B12B
:10CDE0000BA928469847C0B20028CDD12B68022253
:10CDF000D3F8A46042F21B01E31C2846B04784E646
:10CE00000DF14101EDE754F8030F6168228921AB70
:10CE100003C31A800F23ADF88E3040F6FF73ADF8D0
:10CE200090302B680E22D3F8A44042F2200121ABAF
:10CE3000C7E7E378002B7FF468AE0C238DF8403011
:10CE40000DF14102231D04F1440153F8040B42F893
:10CE5000040B8B42F9D1231D05F14402443453F8ED
:10CE6000041B42F8041BA342F9D1504B1C68204616
:10CE7000FEF77AFB052806463FF647AE0DF140085F
:10CE8000412306220146CDF800804A48FFF75CFCAA
:10CE900031462046FEF77BFB236840F004029B6E80
:10CEA000D2B23146204605F1A40798473946414899
:10CEB000FFF7F4FD05F1AC013E48FFF7EFFD41221D
:10CEC000002121A840F00AFC3B490DF1A3020123F7
:10CED00018F8030002F80109013311F8010B82F878
:10CEE0002100212BF4D10BAD11220021284640F066
:10CEF000F5FB0DF12D0403238DF82C3021AA4123DD
:10CF0000394600942D4800F04BFF21460F2307AA15
:10CF100011F8010B985413F1FF33F9D2234614464C
:10CF200003CCAC4218605960224603F10803F6D1E5
:10CF300031460095112306221E48FFF705FC1E4BC3
:10CF4000402242F22601181FFFF754FCDDE5E3788A
:10CF5000002B7FF4DAAD154B1F683846FEF704FB53
:10CF6000052806463FF6D1ADE31C05F1D300233476
:10CF700013F8012F00F80129A342F9D131463846B0
:10CF8000FEF705FB3B6840F0080204469B6ED2B2F8
:10CF9000314638469847E3067FF5B7AD084B094A56
:10CFA0001868036831469B6A9847AEE58C03070012
:10CFB0006E6B0020946A0020986A0020F06E0020BA
:10CFC0000C070700186B00202DE9F74F3A4CD4F8F6
:10CFD000F000884693460025002869D004208DF88B
:10CFE000035039F00DFB8146042039F009FB074658
:10CFF000042039F005FBD4F8F040034606463A46D3
:10D0000049460DF10300A0472C469DF80330AB4282
:10D0100034DD4FEA850A1CBB3168284851F82510D9
:10D0200001AB424600F03CFE98F803209DF8043026
:10D030009A4215D19DF8052098F804309A420FD1F4
:10D040009DF8062098F805309A4209D13B6853F8BC
:10D050000A301A68CBF800209B88ABF80430012412
:10D060003B6853F80A0008B139F0E4FA336853F822
:10D070000A0008B139F0DEFA0135C6E7D9F8000038
:10D0800008B139F0D7FA4846042139F0D1FA3868A6
:10D0900008B139F0CFFA3846042139F0C9FA3068BE
:10D0A00008B139F0C7FA3046042139F0C1FA2046F8
:10D0B00003B0BDE8F08F00BF946A0020F06E00203E
:10D0C0002DE9F0410546D0F8040116461C46F8B19A
:10D0D00002F085FEDFF83C802644A642D5F8040124
:10D0E0000DD014F8017B0F2F02D8414602F077FED5
:10D0F00010223946D5F8040102F0E1FEEDE702F016
:10D1000075FED5F804010368BDE8F041DB681847F7
:10D11000BDE8F081CF060700074A02600022C0E99F
:10D120003B22C0E93D22C0E93F22C0E9412280F80C
:10D130001D2280F81D237047A405070008B5054B84
:10D140001846FFF7E9FF044A04491846BDE80840BD
:10D1500039F047B8946A00200060002085C00200C2
:10D1600070477047D0F810017047D0F8103123B1E4
:10D17000D0F80C311844007A70474FF0FF307047F8
:10D18000D0F8103183B1D0F80C3103441A7AD0F8BA
:10D190000C310133DBB2C0F80C31D0F81031013B57
:10D1A000C0F81031104670474FF0FF30704710B58F
:10D1B0004FF48A71044639F03BFA204610BD2DE940
:10D1C000F04F8BB004A836F032F804A835F0AAFF6F
:10D1D000002425464FF47A7AA34640F2E7384FF010
:10D1E000000904A835F0EBFF241841EB050504A85D
:10D1F00035F0EFFF4FF47A720023204629463FF0C6
:10D200001FFC50B12CF03EFE204629464FF47A72A6
:10D2100000233FF015FC14461D4630F0A5FD03A881
:10D2200037F048FF30F096FD019003A837F04AFF31
:10D2300004A835F0C4FF019B002BD2D0894508BF5C
:10D240008045CED3BAEB00066BEB0107002F08BF79
:10D25000B6F57A7F03D1012039F046FCC1E756EAE2
:10D260000703BED0304639F019FBBAE70B680360FC
:10D270004B6843608B6883607047000037B5044695
:10D2800001A80D4637F016FF23682046DB68984753
:10D2900020B101A837F016FF03B030BD01A837F068
:10D2A00011FF01232A461946014839F049FBF3E7EB
:10D2B000C86E002037F00EBF37F00EBFF8B500790A
:10D2C000C0B1013AD4B20D46102C2046B8BF102090
:10D2D00015F8016B2CF0ACFC29462246074640F0BD
:10D2E000D5F933F007FE4069036822461D693146CF
:10D2F0003B46A847F8BD03681847000038B50C4CFA
:10D300000546206840B139F0C9FC206810B10368B7
:10D310005B6898470023236033F0ECFD05482DF04F
:10D32000C9F833F0E7FD2CF029FF00232B7138BD3D
:10D33000DC6E002055DB050038B5114B1A78EAB9D0
:10D340000122104D1A70104C03682B6081684368ED
:10D35000007B23602CF0B4FB83B223B965220B4918
:10D360000B4838F055FB2B6880B203442B602368D0
:10D37000181A2060BDE838402CF05EBD38BD00BFF3
:10D38000E06E0020904201208C42012078060700C8
:10D39000C1060700F0B500238BB0C0F80831C0F813
:10D3A0000C31C0F81031064633F0A4FD03681F4F5E
:10D3B0009B68014602A8984702A8FFF7BDFF33F01B
:10D3C00099FD2CF0CFFE3D6835BBBC2039F018F933
:10D3D000174B0360044629460561403039F044FB91
:10D3E00004F1540039F0DEFA2B464FF48052182134
:10D3F0002046009539F0D6FB0E4B09930E4B3C604E
:10D4000006A92046CDE90635089539F0D7FB099BDA
:10D4100013B19B6806A8984733F06CFD07482DF0C0
:10D4200049F8012030710BB0F0BD00BFDC6E002068
:10D43000504B070068060700BFD10200DDD4020090
:10D440007047000038B504460025084B036005719D
:10D450004FF480722946083040F040F9C4F8085172
:10D460002046C4F80C51C4F8105138BDDC06070042
:10D4700073B5044601A816460D4637F01BFED4F8D6
:10D480001031C3F580739E4204DD01A837F01AFE07
:10D4900002B070BD0020864216DDD4F81031B3F51D
:10D4A000807F0FD0D4F808312A5C23441A72D4F854
:10D4B00008310133DBB2C4F80831D4F8103101333C
:10D4C000C4F810310130E6E701A837F0FBFD012177
:10D4D000014839F017FADBE7C86E00200A4601461A
:10D4E0000148FFF7C5BF00BFB46D002038B50A4C36
:10D4F0000A4D204639F0FCF92046094C09492A46D4
:10D5000038F06FFE2046FFF79DFF2A462046064969
:10D51000BDE8384038F065BEC86E002000600020CD
:10D52000B46D00200B69060063D10200704770479C
:10D530008180C28070470181704781727047807A14
:10D54000003018BF01207047704710B50C21044609
:10D5500039F06EF8204610BD2DE9F0431C461B78CB
:10D56000012BA3B080460D4640F0868003685B6ABD
:10D570009847BD4B1E68BD4B81461F6812AB002803
:10D5800066D098F80A20012A84BF002288F80A2071
:10D5900003A800F062FD012103A800F073FD9DF8CF
:10D5A0000C2086F886209DF80C2086F88720E178EC
:10D5B00004A800F002FBE2788DF82820A2788DF80C
:10D5C000292062788DF82A2032682946546F304627
:10D5D0000AAAA047326829463046946EFDF7D7FF65
:10D5E00040F001022946D2B23046A04700221292F2
:10D5F000CDF84B2002228DF8482010228DF84C20C7
:10D600003A683846D26E90478DF849003A683846F5
:10D61000926E90478DF8140005A800F0F4FA8DF88A
:10D620004B0003A800F01CFD8DF84D0003A800F08E
:10D6300017FD8DF84E003A6812AB0093D2F8944073
:10D640000723062229463846A04723B0BDE8F083C9
:10D6500040F20552ADF848203A680093D2F8944061
:10D660000223062229463846A04733689B6E4A4665
:10D67000294630469847E8E7042B78D17B4B1E6853
:10D6800004F1100206F1A30314F8011F03F80119B5
:10D69000A242F9D105AC11220021204640F01EF82B
:10D6A00004238DF8143006F1A40309AA06F1B4018D
:10D6B0001F4613F8010B02F801099942F9D13368AA
:10D6C0000094D3F894400622112329463046A047FF
:10D6D000331D0DF147010DF1670206F1240013F827
:10D6E000014B01F80149834293F83F4002F8014998
:10D6F000F5D104ABCDE9007312AA06F194030AA98F
:10D700005B4800F073FCD6F8FC209AB19DF810300D
:10D710009DF8110057491B0603EB00439DF81300C9
:10D7200003449DF8120003EB0023B3FBF1F001FB6F
:10D7300010309047D6F80031002B86D09847044629
:10D74000002882D140F60543ADF80C30336803AAB7
:10D750000092D3F894700622022329463046B84737
:10D76000414B1868036822469B6E294682E7022BCC
:10D770003FF46BAF052B05D13B4B186803680022C3
:10D780009B6E77E7082B0BD1374B1B6804F1100217
:10D79000973314F8011F03F801199442F9D154E7A3
:10D7A000092B21D1631C0DF14D02E11D13F8010F6E
:10D7B00002F801098B42F9D12C4B1D682A4B2A68CB
:10D7C0001B6803F198010091166F6178883312AAE3
:10D7D0002846B047D5F8F430002B3FF436AF05F1BA
:10D7E000DA0112A8984730E70C2B45D112AA631C26
:10D7F00004F1210C164618685968174603C7083308
:10D8000063453A46F7D11AAF4134186859683A4629
:10D8100003C20833A3421746F7D1134B1C68236891
:10D82000294620469F6EFDF7B2FE40F00202D2B2BA
:10D8300029462046B8470D4B1D6832462C1D22AEA6
:10D84000134603CBB342206061601A4604F108041A
:10D85000F6D12B68D3F8A44000231A4642F22501E2
:10D860002846A047F1E600BF8C03070038050700F3
:10D87000F06E002040420F000D2B7FF4E6AE0DF15C
:10D88000570304F1100214F8011F03F80119944220
:10D89000F9D1144B1C6829462046FDF778FE236811
:10D8A00040F0100206469B6ED2B2294620469847A9
:10D8B00033070ED40C4B1B6812AC843316AD2246D2
:10D8C00003CAAA4218605960144603F10803F6D14E
:10D8D000BBE6D8F8003012AA9B6A29464046984712
:10D8E000B3E600BF8C030700380507002DE9F04FB1
:10D8F000554B1E68A5B0336807920DAF3A461B6FB3
:10D90000304688469847514B1D682B6828465B6A0D
:10D9100098472B4605F1940953F8D42FCDF82D20C4
:10D920009B88ADF8313005F1DA03039305F1A40BC0
:10D930000BAB0DF13C0A4A4605F1B4010024CDE9D8
:10D940000073CDF808A05B4641488DF82C4000F0EC
:10D950008BFAADF828408DF82A402B6828469B6E3C
:10D9600098478DF87C001FA800F04DF98DF828002D
:10D970002B682846DB6E98478DF82A00336809AA81
:10D980009B6F4146304698471BAB22460134102C12
:10D9900003F8012BFAD113AB04930BAB03930DAB3C
:10D9A00002931BAF09AB01934A465B465146009771
:10D9B000274800F0CBFA17AB04930DAB03930BABE6
:10D9C00002930AABCDE900735A464B4651462048B4
:10D9D00000F0BCFA2246079913A83FF049FE1FAB9E
:10D9E00008BB0D228DF87C200DF15C0919F8012B84
:10D9F0001A55013CFAD12A680093D2F894401123B9
:10DA0000062241462846A04741463046FDF7BFFD65
:10DA1000336840F020029B6ED2B2414630469847B0
:10DA200025B0BDE8F08F0B4A1288ADF87C202A683B
:10DA30000093D2F894400223062241462846A0478C
:10DA4000336800229B6EE8E78C0307003805070067
:10DA5000F06E00200807070070B586B0012ABDF8F7
:10DA60002C30BDF8346024D185882DB1C4881CB118
:10DA7000AB4220D3A3421ED81C460022008908B125
:10DA8000864201D1AAB13046ADF810300B4BADF84B
:10DA900016000022ADF814201868094A0392ADF868
:10DAA0001240036803AA0092D3F8944005220C2385
:10DAB000A04706B070BD2B46E0E700BF3805070061
:10DAC00012010800032AF7B50ED95D882C1DA24269
:10DAD0000AD11F785A78122F03F1040406D1036883
:10DAE0000094DC6AEBB2A04703B0F0BD132FFBD16A
:10DAF000036800941C6BF5E7F0B585B0072B0E4664
:10DB00000A9C39D90023ADF80C308DF80920132375
:10DB100082888DF808300223ADF80A3052B1C388EC
:10DB200043B12188914202D362889A4202D90123EB
:10DB3000ADF80C3003892BB1E2889A421CBF012357
:10DB4000ADF80C300D4B1D6802AA2B680092D3F87B
:10DB500094700522062331462846B847BDF80C309C
:10DB600053B9E2882B680192A28800929F6D2288A7
:10DB7000638831462846B84705B0F0BD3805070030
:10DB8000034A0260002242600281012282727047D1
:10DB90001807070008B5054B1846FFF7F1FF044AC0
:10DBA00004491846BDE8084038F01BBBE46E00206D
:10DBB000006000202DD50200704701707047037887
:10DBC00019B143F001030370704703F0FE03FAE755
:10DBD000037819B143F004030370704703F0FB03AB
:10DBE000FAE7037819B143F008030370704703F0B4
:10DBF000F703FAE7037819B143F020030370704785
:10DC000003F0DF03FAE700787047002070B50446A0
:10DC10008025834205DD0E5C165401301028F8D1B2
:10DC200070BD0CBFD5541454F7E700002DE9FF4731
:10DC30009946194BDFF864A01E6800240F469046F1
:10DC40008DF80F403368CDF800901D6E42460DF1FF
:10DC50000F0339463046A847012814D01E2C19D08E
:10DC6000DAF800502B682846DB689847C82002F095
:10DC70004FFB2B6828469B6898470134642060431B
:10DC800002F046FBDEE7B4F11E0018BF012004B02D
:10DC9000BDE8F0870020FAE73805070048020700D2
:10DCA000F0B589B01C466D4600232E461F46013351
:10DCB000102B05F8017BFAD113788DF80D305378CD
:10DCC0008DF80E3093788DF80F30324604ABFFF7A5
:10DCD000ADFF9DF81D3023709DF81E3063709DF8D8
:10DCE0001F30A370012009B0F0BD10B501F1100084
:10DCF0001032002310F8014D43EA440302F8013DBD
:10DD0000037888424FEAD313F4D110BD30B5002018
:10DD10000C5C155C6C401C5401301028F8D130BDEF
:10DD2000F0B58DB004461E4604A8002315461F46D4
:10DD300002460133102B00F8017BFAD16B462046D6
:10DD4000FFF774FF9DF90030002B0FDB2A46694670
:10DD50002046FFF7CAFF95F90030002B12DB324650
:10DD600029462046FFF7C1FF0DB0F0BD08AA69465D
:10DD70002046FFF7BAFF2B46084A08A92046FFF7BE
:10DD8000C5FFE8E708AA29462046FFF7AEFF33465D
:10DD9000024A08A92046FFF7B9FFE5E7086000201E
:10DDA0002DE9F04798B01D46904614AB10AA0646E0
:10DDB0008946209FFFF7B4FF15F10F0448BF05F116
:10DDC0001E04241105F00F0326D033BB611E08ABDF
:10DDD00010AA08EB01113046FFF798FF6D460023AB
:10DDE0002A4619460133102B02F8011BFAD14FF0D5
:10DDF000000A013C544504AB20DD08EB0A126946D9
:10DE00003046FFF783FF6B4604AA49463046FFF7CA
:10DE10000DFF0AF1010AEDE701246D4205F00F053F
:10DE200004F1FF3158BF6B420CAA08EB01113046D8
:10DE3000FFF7EBFE08AB14AA0CA9CCE708AA294609
:10DE40003046FFF763FF2B4604AA49463046FFF7EA
:10DE5000EDFE7B1E0F3715F8012B03F8012FBB4297
:10DE6000F9D118B0BDE8F0872DE9F0479AB0354CEC
:10DE7000DDE9229804AD07468E4604F1100AAC464F
:10DE8000206861682E4603C6083454453546F7D1EC
:10DE90002D490120D1F82310ADF80C0000208DF899
:10DEA0003000CDF8311002F110000DF1350152F8BB
:10DEB000044B41F8044B8242F9D10DF1450203F1C4
:10DEC000100153F8040B42F8040B8B42F9D1D9F836
:10DED0000030CDF85530B9F80430ADF8593099F824
:10DEE00006308DF85B3098F80630D8F80000B8F8A6
:10DEF00004208DF8623008ACBDF80C3017906146F4
:10DF0000ADF86020ADF863307246384600942023A7
:10DF1000FFF746FF249B00930CAA21463846352381
:10DF2000FFF73EFF259B00930125384635230CAAB9
:10DF300021468DF83050FFF733FF28461AB0BDE870
:10DF4000F08700BF5F0707004C0707002DE9F04787
:10DF500094B0DDE91D7603AC1F9D84468E4602F128
:10DF6000100AA04610685168A146A9E803000832CB
:10DF700052454C46F6D107AC03F1100918685968B0
:10DF8000224603C208334B451446F7D11C9B0BAA0B
:10DF900003F1100918685968144603C408334B4547
:10DFA0002246F7D1BB788DF83E303368CDF83F304C
:10DFB000B388ADF84330B3798DF845302B68CDF890
:10DFC0004630AB88ADF84A30AB793A888DF84C30A2
:10DFD000209BADF83C2000936046412342467146A9
:10DFE000FFF7DEFE012014B0BDE8F087F0B59BB06E
:10DFF00006AC1F4606460B4601F1200EA4461868E3
:10E000005968254603C5083373452C46F7D1134696
:10E0100003F120050EAA18685968144603C4083392
:10E02000AB422246F7D1209B16AA03F110051868CF
:10E030005968144603C40833AB422246F7D102ABF9
:10E0400000936246304650233946FFF7A9FE219BD4
:10E05000059A1A6001201BB0F0BD002202707047C3
:10E0600000787047007800F0010070470078C0F336
:10E07000400070470078C0F3800070470078C0F31C
:10E08000C0007047037819B143F002030370704772
:10E0900003F0FD03FAE7002070470368C9B21B686C
:10E0A000184749000023C161C0F82C32704703684B
:10E0B00001211B6B184710B403689C6B0123A44615
:10E0C0005DF8044B6047D0F82C32B3F5807F1FBF5A
:10E0D0005A1CC0F82C22C01880F82C1114BF012043
:10E0E00000207047D0F8280170477047C0F8301200
:10E0F0007047C0F8341270470346D0F82801A8B121
:10E10000D3F8282182B1D3F824211A4492F82000B0
:10E11000D3F824210132D2B2C3F82421D3F8282124
:10E12000013AC3F8282170474FF0FF307047D0F80C
:10E1300028312BB1D0F82431184490F820007047D2
:10E140004FF0FF307047000010B5044B03600446E9
:10E1500000F50E7038F0C4FD204610BDF40707002E
:10E1600038B50446A82038F04BFA94F9192094F9F0
:10E170001810054634F04AFC656138BD70B5054697
:10E1800088B048200E4638F03BFA95F9192095F9E9
:10E190001810044634F074FC20462C61710034F0F1
:10E1A0008BFC0C4B07930C4B0293002303930195BC
:10E1B00001AB93E8070004AC84E80700214605F5AD
:10E1C0000E7038F0FBFC079B13B19B682046984704
:10E1D00008B070BDD4070700AFE3020038B5D0F82F
:10E1E0002C3214461A44B2F5807F88BFC3F5807480
:10E1F000054600F59670224618443FF047FAD5F8D8
:10E200002C322344C5F82C32204638BD38B504469C
:10E2100040690D4608B134F01DFB206920B1294644
:10E22000BDE8384034F046BC38BD38B504464069D6
:10E2300010B10368DB68984723696BB104F50E756C
:10E24000284638F02BFD284638F072FD2069482119
:10E25000BDE8384038F0ECB938BD1FB50246D0F8FB
:10E260002C32D469406981F0010100913BB901234E
:10E2700003AA214634F01FFBC0B204B010BD02F562
:10E280009672214634F0F8FA002814BF02200020CC
:10E29000F3E710B4D0E9013401686210E40701EB40
:10E2A000020048BF8A585DF8044B48BFD35818474E
:10E2B00010B5044600F00DF984423BBF2401024B27
:10E2C0004FF0FF30185710BD1860002073B54FF4A1
:10E2D0007A730025C0E90153194B03600446C0E975
:10E2E00004550176427629464FF4807220303FF083
:10E2F000F5F9144BC4F82051C4F838322946C4F853
:10E300002451C4E98B55C4F82851C4F83452C4F8D8
:10E31000485204F51E7038F0A7FB04F5237038F05E
:10E3200041FB04F50E76084B009330462B464FF424
:10E330000062182138F036FC204602B070BD00BFE4
:10E34000F4070700504B0700E0070700D0F808313A
:10E35000B3F5807F0DD0D0F80031C154D0F8003132
:10E360000133DBB2C0F80031D0F808310133C0F816
:10E3700008317047F0B5C3B083F00103009306463F
:10E3800015461346490002AA406934F094FA50B980
:10E3900002AC67192036BC4206D014F8011B304687
:10E3A000FFF7D4FFF7E70025284643B0F0BD2DE97D
:10E3B000F0410446BCB000F120070025206934F08C
:10E3C00082FB0328FAD8DFE800F03B021414D4F8EB
:10E3D000343203B19847D4F82C2232B104F5967147
:10E3E000206934F074FBC4F82C52206934F077FBB8
:10E3F000E4E7C4F82051F022C4F824516946C4F877
:10E400002851206934F061FB0026804646450BDA2E
:10E41000D4F82831B3F5807F06D01DF806103846B1
:10E42000FFF794FF0136F1E7D4F82831002BC5DD62
:10E43000D4F83032002BC1D0D4F828019847BDE77A
:10E4400001F076FFBAE70000F8B50420FFF730FFCF
:10E4500005460520FFF72CFF104C114E2946114DA3
:10E4600002462046FFF732FF32462946204637F063
:10E47000B8FE1020FFF71CFF07460F20FFF718FF1C
:10E48000094C024639462046FFF720FF324629460E
:10E490002046BDE8F84037F0A4BE00BFF46E00206F
:10E4A0000060002049E10200E871002030B5A1F1D0
:10E4B0001004002500F00F02D3B2092ACCBF373375
:10E4C00030338B73CD7302398C424FEA1010F1D187
:10E4D00030BD21207047000030B5012185B00B20F0
:10E4E00001F070FF01210B2001F0ACFF4FF08043E1
:10E4F0000024C3F85C4503F588334FF48032C3F839
:10E500004823C3F80823A3F570436D46C3F80045BC
:10E51000C3F80045084B0FCB85E80F0021464FF0AC
:10E52000FF3255F8043B0134042CC3F80015C3F83E
:10E530006025F6D105B030BD4408070038B54FF06E
:10E54000805504462146D5F8A800FFF7AFFFD5F85F
:10E55000A40004F11001FFF7A9FF202038BD00003E
:10E5600072B64FF080434E22C3F81C25BFF34F8F85
:10E570000549064BCA6802F4E0621343CB60BFF35F
:10E580004F8F00BFFDE700BF00ED00E00400FA057B
:10E59000C3680BB19B681847704770B590F8343169
:10E5A00005461446F3B90368DB69984704F47063C1
:10E5B000B3F5407F04F0F0030CBF0721082104F0FD
:10E5C0000F02302B0CBF02230123012A08D0901E1A
:10E5D00042424241A869BDE87040006834F05CBB2B
:10E5E0000222F7E770BD10B590F8343104462BB91C
:10E5F000A369186834F078FB0028F9D010BD38B54D
:10E6000090F834510446A5B983695BB1186848B1E4
:10E610000368DB689847A3691D600421A06938F08E
:10E6200007F8A5610023C4F82431C4F82831C4F8E0
:10E630002C3138BD70B590F8343188B004460D46A1
:10E64000002B3DD1866926B9042037F0D9FFA0619F
:10E650000660A3691868002834D14FF4807037F041
:10E66000CFFF2B4694F9212094F92010064634F070
:10E67000B9FEA3691E6094F92220531C06D0A0693C
:10E6800094F923300068032134F0BCFEA3691D68AF
:10E69000B5B10E4B079300260D4B019402930396E0
:10E6A00001AB93E8070004AC84E80700324621463A
:10E6B000284634F02AFB079B13B19B6820469847F5
:10E6C00008B070BD294634F0D3FAD4E754080700E7
:10E6D00031E8020010B4D0E9013401686210E407A7
:10E6E00001EB020048BF8A585DF8044B48BFD3587D
:10E6F0001847000008B590F834313BB1012001F013
:10E7000007FE0648BDE8084001F02CBA82691AB13C
:10E710001368003318BF0123184608BDE07C0020B1
:10E7200070B504460D4601F01DFA30B12368294644
:10E7300020461B6CBDE87040184770BDA0F5A07066
:10E74000EEE7000013B590F834318DF80710044659
:10E750002BB1C9B20B48FFF7E3FF02B010BDA369AC
:10E76000186834F0C1FA0028F9D0A3691868036862
:10E7700001221B690DF107019847013018BF0120E4
:10E78000EBE700BFE07C00202DE9F041074688461A
:10E79000164601F0E7F970B10024A6420CD9351BEA
:10E7A000402D28BF402508EB04012A46384600F0DA
:10E7B000C5FE2C44F1E704462046BDE8F081A0F5F3
:10E7C000A070E1E770B590F8343105460E46144666
:10E7D0002BB10F48FFF7D8FF0446204670BDAB6948
:10E7E000186834F081FA0028F9D0AB691868D0F8BD
:10E7F000FC3001211B6BFC309847AB69186803683B
:10E8000022461B6931469847013008BF0024E4E7DF
:10E81000E07C002008B54FF4807200213EF05EFFDE
:10E820000022C0F80021C0F80421C0F8082108BD6A
:10E8300037B590F834310446EBB900F12405A369EB
:10E84000186834F040FAB0B137F08CF9A369186851
:10E85000036801225B690DF107019847D4F82C3158
:10E86000B3F5807F04D09DF807102846FFF76EFDB2
:10E8700037F08EF9E3E703B030BDF0B50546C3B01D
:10E8800001F0E4F8D5F85832C3F580739842044695
:10E89000C8BFD5F8584202AEC8BFC4F5807401ABFA
:10E8A00022463146284600F033FF05F5A877D5F813
:10E8B0005832B3F5807F0AD0019B43B1E31A384642
:10E8C000F15CFFF743FD019B013B0193EFE743B090
:10E8D000F0BD38B5044600F0DFFA2046FFF7CDFF63
:10E8E000D4F85852204600F0DFFA284638BDA0F58B
:10E8F000A070EEE710B590F8343104462BB106480D
:10E90000FFF7E7FF0446204610BD37F02BF9D4F897
:10E910002C4137F03DF9F6E7E07C002038B504469D
:10E9200000F0BAFA2046FFF7A8FFD4F858324BB1EE
:10E93000D4F85432234493F85051204600F0B4FAEE
:10E94000284638BD4FF0FF35F7E7A0F5A070E5E7A2
:10E9500010B590F8343104462BB10B48FFF7DEFFB9
:10E960000446204610BD37F0FDF8D4F82C313BB1F9
:10E97000D4F82801044494F8244037F009F9F0E76A
:10E980004FF0FF34F9E700BFE07C002038B50446C3
:10E9900000F082FA2046FFF770FFD4F85832A3B196
:10E9A000D4F85432234493F85051D4F854320133FC
:10E9B000DBB2C4F85432D4F85832013BC4F85832B0
:10E9C000204600F071FA284638BD4FF0FF35F7E7D2
:10E9D000A0F5A070DAE7000010B590F834310446D5
:10E9E0002BB11148FFF7D2FF0446204610BD37F087
:10E9F000B9F8D4F82C319BB1D4F82831234493F8DA
:10EA00002400D4F828310133DBB2C4F82831D4F81B
:10EA10002C31013BC4F82C31044637F0B9F8E4E757
:10EA20004FF0FF34F9E700BFE07C00202DE9F84308
:10EA3000174C184F276000254FF47A78C4E9015825
:10EA4000202604F12400C4E90565E561FFF7E2FE34
:10EA50000123062084F83431FFF72AFC8146072081
:10EA6000FFF726FC0C4C4FF6FF7384F82100C4E935
:10EA70000158638404F124002760C4E90565E56159
:10EA800084F82090FFF7C6FE84F83451BDE8F8837F
:10EA90001476002068080700DC74002038B50546AD
:10EAA000064B45F8283B044634F09CFA2846FFF70D
:10EAB0006FFD204634F0F0FB204638BDF43B0700E4
:10EAC000002070477047704710B5D0F88C452CB1C6
:10EAD000236820465B689847A468F8E710BD38B5FE
:10EAE000D0F88C450D4634B1236820469B682946F2
:10EAF0009847A468F7E738BD004870473809070011
:10EB000010B5054B0360044635F091FF204635F003
:10EB1000A7FF204610BD00BFB808070010B5044687
:10EB2000FFF7EEFF20464FF4B26137F081FD20463B
:10EB300010BDF7B5D0F88C4505460E460023A4B1AC
:10EB400023683146DF680DF1030201AB2046B84768
:10EB50009DF803100429034605D0019A284635F094
:10EB6000C3F903B0F0BDA468E9E7019A9DF803106A
:10EB7000F4E770B505460E4622B10021BDE87040AD
:10EB800034F0AEBFD0F88C455CB1236800221B691D
:10EB900031462046984710B101212846EEE7A46887
:10EBA000F2E72146F9E770B5D0F88C450E460546E8
:10EBB00000213CB12368314620465B699847A46830
:10EBC0000146F6E72846BDE8704035F089B8F8B54B
:10EBD000D0F88C4505460E4617463CB123682046C2
:10EBE0009B693A4631469847A468F6E728460121D2
:10EBF000BDE8F84035F0D2B870B5002186B00446C3
:10EC000035F06EFB0023ADF806304FF4897123898F
:10EC1000ADF80410ADF81030022140F201238DF858
:10EC20000710ADF8123040F2EF2140F20313626892
:10EC3000ADF80810ADF81430012104F10A038DF885
:10EC40000A108DF80B00039201AD05AE1C462A4652
:10EC500003CAB24218605960154603F10803F6D1A1
:10EC600012881A80204606B070BD2DE9F0410024BC
:10EC700006460D464F1CA04630463FF0EFFBA04233
:10EC800006D9335D05F8143007F814800134F3E732
:10EC9000400000F0FE00BDE8F08138B5D0F88C559A
:10ECA000044635B12B6828461B6A984710B9AD68F1
:10ECB000F7E7284640F20233A4F8483504F24A51F7
:10ECC000FFF7D3FF94F84835184484F8480504F555
:10ECD000A96038BD40F2023310B500F20A51044673
:10ECE000A0F808350548FFF7C0FF94F80835184428
:10ECF00084F8080504F5A16010BD00BF9408070062
:10ED000040F2023310B50446A0F8C83400F2CA40FD
:10ED1000FFF714FC94F8C834184484F8C80404F5C8
:10ED2000996010BD2DE9FF4100238DF80A3090F85D
:10ED300088351A4A8DF80830012301928DF8093080
:10ED40003222C0238DF80B308DF80C2001AB044625
:10ED500000F54E7803CBC4F83803C8F8041088F8DF
:10ED60000820D4F88C5509268DB12B6800211B682A
:10ED700028469847478806F54E73093F00F1090178
:10ED80003A46E0183EF082FC3E44AD68ECE740466F
:10ED9000A4F83A6304B0BDE8F08100BF0902FFFFA8
:10EDA00073B504460D46164638F0A2F94FF4807349
:10EDB0000093014633462A46204635F059FA024B65
:10EDC0002360204602B070BDB808070010B5D0F827
:10EDD0008C35044693B9C0F88C1594F888354A7977
:10EDE0000B71134484F888350B6808465B6A9847B2
:10EDF000238918442081012010BD13469A68002AF7
:10EE0000FBD19960E9E71FB5044635F02BFA0146BE
:10EE1000684634F0B3FB4021684634F01EFCD4F859
:10EE20008C4534B123682046DB6969469847A4685D
:10EE3000F7E7684634F0A9FB04B010BD10B50446EE
:10EE4000FFF7E1FF2046BDE8104035F07BB9000038
:10EE500010B50D4C2378BFF35B8FDB0712D420462F
:10EE600037F0D2F970B148F2450242F68601074800
:10EE7000FFF796FF204637F0E9F9054A05490348B0
:10EE800037F0AFF9014810BD4C77002050770020D3
:10EE90000060002001EB020010B5FFF7D9FF036806
:10EEA000BDE810405B6F184710B5FFF7D1FF03684E
:10EEB000BDE810409B6F184710B5FFF7C9FF036806
:10EEC000BDE81040DB6F184734F004BD34F0C6BC19
:10EED00034F0F0BC704770477047436A93F878008D
:10EEE0007047D0F8240170470120704700487047F0
:10EEF000940A07002DE9F041044694B00D464B22D8
:10EF0000002101A83EF0EAFBD4F82431002B14BF05
:10EF10004FF005084FF00008002D40F089800925CA
:10EF20004FF481708DF8155004252179ADF8080053
:10EF30008DF81650802001258DF80B008DF81950A2
:10EF400040F632008DF81C508DF81D8042F20545C8
:10EF500040F2015894F80EE0ADF80C0040F20226A1
:10EF60004B1C40F209220B20ADF81E50ADF8228058
:10EF7000ADF82C50DFF8BC80ADF804200625DBB2DC
:10EF80004B228DF80E008DF80F100220ADF81060A6
:10EF90008DF81710ADF81A60CDF8248010268DF882
:10EFA0002E508DF82F10072505218DF833E0DFF85E
:10EFB000888094F80CC0677B8DF8062044F2030E1D
:10EFC0008DF812008DF821608DF830308DF83210F8
:10EFD000CDF828808DF83150ADF834E08DF83A3016
:10EFE00040F60223ADF83C3044F20203ADF8443061
:10EFF0001D3440F207538DF837608DF84210ADF89C
:10F0000048308DF84B00402340F2094601A92046C4
:10F01000ADF838608DF841508DF843C08DF84A70D6
:10F020008DF84C303EF032FB204614B0BDE8F08144
:10F030000020FAE7240103010424020638B505463E
:10F040000A4B45F8D03B0446FFF702FF35F0EFFCD2
:10F05000284634F09DFB04F17C0034F099FB04F168
:10F06000700034F095FB204638BD00BF540A0700FD
:10F0700010B50446FFF7E2FF20464FF4947137F0D5
:10F08000D7FA204610BDFFF717BF000010B5034B9D
:10F090000360044634F0FAF9204610BD80090700E9
:10F0A00010B50446FFF7F2FF2046282137F0C0FADA
:10F0B000204610BD10B5034B0360044634F0E6F95A
:10F0C000204610BD5009070010B50446FFF7F2FFB7
:10F0D0002046342137F0ACFA204610BD10B5034B62
:10F0E0000360044634F0D2F9204610BD68090700D9
:10F0F00010B50446FFF7F2FF2046382137F098FAA2
:10F10000204610BD38B51B4B0D461968C0F80F10CE
:10F1100099889B7943750446A0F813104022022178
:10F12000284634F090FA402220730221284634F019
:10F130008FFA402260730321284634F084FAA073CA
:10F14000284634F023FA20B9AF220B490B4836F099
:10F150005FFC002304F18502C4E9322304F1D902E3
:10F1600084F8783084F8843084F8D830C4E94723B0
:10F1700038BD00BF9C090700D80907003A0A0700FC
:10F180002DE9F34104460E461546FFF795FEF28839
:10F1900023799A4237D1002D35D17778012F2ED19E
:10F1A000F378202B27D13289072A24D104F10F08C4
:10F1B00004F11605294640463EF05AFAD0B1D4F87B
:10F1C0001630C4F80F30638BA4F81330237F6375B7
:10F1D000E17B237CA07CE27C009201EB0321637C39
:10F1E000627D01EB0341236801EB00615D6B237DD0
:10F1F0002046A8473D46F378212B08BF0125284625
:10F2000002B0BDE8F0810025F9E710B50446FFF72C
:10F2100053FEFFF71DFE217B35F0A6FA04F18503AE
:10F22000C4F8C8300023C4F8CC3084F8843004F12A
:10F230007C0034F062FA94F884302BB923682046BD
:10F24000DB6BBDE81040184710BD000070B50446E8
:10F25000FFF732FED4F820512DB140F2DD120F49F4
:10F260000F4836F0D5FB04F1D903C4F81C31FFF781
:10F27000EFFD617B35F0D6F984F8D850C4F8200151
:10F2800004F1D00034F039FA94F8D8302BB923685F
:10F2900020469B6BBDE87040184770BDD809070039
:10F2A000A809070010B4D0E9013401686210E4072E
:10F2B00001EB020048BF8A585DF8044B48BFD358A1
:10F2C00018470000F0B505468DB008ACFFF7F4FD17
:10F2D0000026FFF7BDFDA97B0094032340220B9677
:10F2E00034F04AFF2046FFF753F9FFF7B1FD1D4BFD
:10F2F0000595CDE9063605AB844693E807001A4F1D
:10F300000B97022384E80700297B00944022604683
:10F3100034F032FF2046FFF73BF9FFF799FD134B1E
:10F320000295CDE9033602AB844693E807000B97BC
:10F33000022384E80700697B00946046402234F091
:10F340001BFF2046FFF724F9FFF782FD4023D5F885
:10F350001C21697B35F008F9012085F8D8000DB033
:10F36000F0BD00BF0BF20200900907004DF2020051
:10F3700038B502234371002383600C4B044640F8E8
:10F38000703B154634F0ACF904F17C0034F0A8F978
:10F3900004F1D00034F0A4F9C4F82451FFF758FD6B
:10F3A0002146FFF713FD204638BD00BF540A070071
:10F3B00070B504460D46FFF77FFD84F87850002DA8
:10F3C0003ED194F8843033B1FFF742FD217B34F015
:10F3D000A3FF84F8845004F1850304F17C06002522
:10F3E0003046C4F8C830C4F8CC5034F086F9304602
:10F3F00034F07CF928B9154915484FF4A27236F05B
:10F4000007FB94F8D83033B1FFF722FD217B34F0AD
:10F4100083FF84F8D85004F1D903C4F81C3104F1F7
:10F42000D00500232846C4F8203134F066F9284678
:10F4300034F05CF920B94FF4A77204490548DEE7BF
:10F4400004F17000BDE8704034F057B9D8090700E6
:10F45000B6090700C709070010B50446FFF72CFDE1
:10F4600020460021BDE81040FFF7A2BF38B50D4689
:10F470000446FFF721FD042D05D020460021BDE8FC
:10F480003840FFF795BF38BDF8B5164604460D461F
:10F490001F46FFF711FD04233370EA8823799A424F
:10F4A00025D16978012922D1EA78212A08D0222A97
:10F4B0000BD0202A4FF000001BD13070163401E031
:10F4C00031700F343C600720F8BDAB8813F00103A6
:10F4D00008BF19462046FFF76BFFAB8803F0010316
:10F4E000E366AB8803F00203A366022333700020B7
:10F4F000EAE703233370E7E710B58AB00446FFF765
:10F50000CBFC684633F0B6FF0A4B0093694604F122
:10F510007000099434F009F92046FFF7C5FC064B4A
:10F5200000211A68684633F0EFFF6846FFF7AEFD2A
:10F530000AB010BD80090700A409070070B58EB09D
:10F54000154604460E46FFF7A7FC01A833F092FFCC
:10F550000E4B0C9501A9002504F17C000193CDE927
:10F560000A468DF8345034F0E0F82046FFF79CFC52
:10F57000074B29461A6801A833F0C6FF01A89DF879
:10F580003440FFF797FD20460EB070BD50090700CC
:10F59000A409070010B50446FFF78EFC94F88430E8
:10F5A0007BB9D4F8CC3063B1FFF752FCD4F8CC303F
:10F5B000217B04F1850235F075F810B1012384F840
:10F5C000843010BD2DE9F8431E4604468946904616
:10F5D0009DF82070FFF760FC0023336094F87830CA
:10F5E000E3B194F88430CBB9D4F8CC50C5F14005E0
:10F5F000454528BF4546B8F1000F05D02A46494683
:10F60000D4F8C8003EF042F8D4F8CC302B44C4F80B
:10F61000CC30356017B12046FFF7BCFF2046BDE86F
:10F62000F843FFF741BCF0B50446406A90F87850C3
:10F6300085B001262DB984F830503546284605B0EE
:10F64000F0BDD4E90A1203AB002700960397FFF739
:10F65000B9FF0399E36AA26A5B1A0A44E362A262F1
:10F6600013B984F83060E9E7606AFFF793FF3D461D
:10F67000E4E700002DE9F0431C4691B090460646B1
:10F680008946FFF709FC002C08BF01AC4FF00005CC
:10F69000256002A80CBF0127002733F0EBFE104BBA
:10F6A000029302A906F1D000CDE90D84CDE90B69E2
:10F6B0008DF83C708DF83D5034F037F83046FFF748
:10F6C000F3FB084B29461A6802A833F01DFF02A875
:10F6D0009DF83D40FFF702FD204611B0BDE8F083E4
:10F6E00068090700A409070010B5D0F820310446C6
:10F6F0006BB990F8D83053B9FFF7AAFB402304F157
:10F70000D902617B34F030FF012384F8D83010BD7A
:10F7100070B51E4604460023336094F878300846DE
:10F72000EBB194F8D830D3B9D4F82051D4F81C11E7
:10F73000954228BF15462A463DF0A8FF3560D4F80B
:10F740001C31D4F820212B44551BC4F81C31C4F8BB
:10F75000205125B92046BDE87040FFF7C5BF70BDF8
:10F7600037B50446406A90F878502DB984F8355082
:10F770000125284603B030BD0023D4E90A120193C5
:10F7800001ABFFF7C5FF0199A26A0A44A262226B8E
:10F7900013680B441360E36A019A9B1A94F83420AF
:10F7A000E36212B9226B126802B91BB9012384F813
:10F7B0003530DEE7606AFFF797FF0025D9E76FF085
:10F7C0001500704700290CBF6FF01800002070472B
:10F7D000012070476FF0150070476FF015007047FB
:10F7E0001120704770477047704703689B6C18473B
:10F7F000A0F5A070F9E7704770477047704710B5E3
:10F800000446012000F084FD94F8780010BDA0F5B6
:10F81000A070F4E738B54FF0FF320123FF210B4809
:10F820000B4D37F098F800F061FD044695F87830FC
:10F830001BB1012000F06CFDF8E700F057FD001B44
:10F84000C728F6D9BDE83840FEF78ABE987F002069
:10F85000E07C002007B50122019101A9FFF76EFEAF
:10F8600018B1019803B05DF804FB4FF0FF30F9E7E1
:10F87000A0F59470FFF7EEBF07B5002301220DF14C
:10F8800007018DF80730FFF7F5FE20B19DF807005E
:10F8900003B05DF804FB4FF0FF30F9E7A0F594707A
:10F8A000FFF7EABF2DE9F8430446884617461E468F
:10F8B000089DFFF701FBD4F87092B9F1000F04D056
:10F8C0002B46324639464046C847C4E99887C4E9C2
:10F8D0009A65BDE8F88370B50646FFF7EDFA06F5C0
:10F8E0001D740025D6F8B432AB4208D92046103436
:10F8F00054F8043C1BB11B6898470135F2E770BD12
:10F90000B0F5966F03D10121014836F0FBBF704777
:10F91000987F002010B4D0E9013401686210E40738
:10F9200001EB020048BF8A585DF8044B48BFD3582A
:10F9300018470000114B03F1780270B50360C0F85E
:10F94000282103F1D802E8330446C0F82C21C0F87E
:10F95000403100F52D7500F51D76B54204D0103DFF
:10F960002846FEF715FEF8E704F5947035F020FD03
:10F970002046FFF763FB204670BD00BFC80A0700A2
:10F98000A0F59470FFF7D6BFA0F59670FFF7D2BF31
:10F9900010B50446FFF7CEFF20464FF42E7136F027
:10F9A00047FE204610BDA0F59670FFF7F1BFA0F509
:10F9B0009470FFF7EDBF0000F7B5044615461F46EB
:10F9C0000E4637F095FBBDF824300193BDF820308A
:10F9D00000932A463B4601462046FFF7C9FC00211A
:10F9E00004F5947035F0BAFC00254FF47A73C4E93D
:10F9F0005153154B236003F17802C4F8282103F119
:10FA0000D802E833C4F82C21C4F840314FF4807296
:10FA1000294604F5A8703DF061FEC4F85052C4F8C0
:10FA20008052C4F85452C4F89052C4F85852C4F8E2
:10FA3000A052C4E9AC55C4F8705216B12046FFF785
:10FA40005BFD204603B0F0BDC80A070038B5054687
:10FA5000FFF722FA95F8D8304BB9D5F82041402C61
:10FA600028BF40242846FFF71FFA204638BD00244F
:10FA7000F8E70000F0B504468BB0FFF70DFA304B05
:10FA8000C4F870322046FFF70FFA2E4B09932E4B25
:10FA9000049300230593039403AB93E8070006AD9A
:10FAA00085E80700FFF7F8F9D4F8B462032E13D8FD
:10FAB00004EB0617731C07F51D77C4F8B4323846FB
:10FAC000FEF766FD04EB0616099BC6F880321BB1F3
:10FAD0005B682946384698472046FFF7E5F92846EF
:10FAE000FEF756FDBC2036F08BFD0027174B036058
:10FAF000064639460761403036F0B6FF06F154003D
:10FB000036F050FF124B00934FF480723B46304664
:10FB1000182137F047F80F4B09930F4BC4F85C627C
:10FB200029463046CDE90637089737F047F828468A
:10FB3000FEF72EFD2046FEF7A0FE0BB0F0BD00BF85
:10FB400001F90200AC0A07007BE80200504B0700F5
:10FB5000B80A07006806070015F80200A0F5A070B3
:10FB6000FFF788BF90F878007047000037B50F4C5A
:10FB70000F4D204636F0BCFE2A460E49204636F090
:10FB800030FB0D4C42F212030122CDE9003200227B
:10FB900011464FF4F8532046FFF70EFF07492A4657
:10FBA000204603B0BDE8304036F01BBB987F0020F4
:10FBB000006000200B690600E07C002035F902009F
:10FBC00008B53DF01FF92DE9F04F027D012A85B0FF
:10FBD00005460E4640F0908000214FF0FF3B044662
:10FBE0000B465F4694F804C048B2BCF1000F75D1D3
:10FBF00094F805C0BCF1000F70D1B7F1FF3F1BBFF7
:10FC000001335BB201233846934201DD1A46834635
:10FC10000131082904F102045ED1002402EB0B0338
:10FC2000A1460293CB4502DC029B4B4559DC95F87B
:10FC3000058095F804A04FEA28170AF00F03FAB2DE
:10FC40005FEA2A1A019208F00F0870D05FFA8AF171
:10FC5000BAF1090FD4BF303157313046039300F069
:10FC6000C2F8039B0444092B94BF03F1300103F154
:10FC700057013046039300F0B6F8039B0444BAF1F1
:10FC8000000F01D103B94FB1092F019FD4BF303705
:10FC90005737F9B2304600F0A6F80444B8F1090F1E
:10FCA00094BF08F1300108F15701304600F09BF88D
:10FCB000B9F1070F044404D03A21304600F093F81C
:10FCC000044409F10109B9F1080F05F10205A9D1B0
:10FCD000204605B0BDE8F08F074683E74FF0FF30C0
:10FCE00096E7CB45EDD1BBF1000FE5D13A21304687
:10FCF00000F079F80444DFE700F1100700F1130980
:10FD0000002417F8011B0A22304600F0D8F82E21F3
:10FD10008046304600F067F8B94540440444F0D1CD
:10FD20000A22E97C304600F0CAF80444D0E7002BF0
:10FD300099D1A8E710B5054B036004460175102260
:10FD4000002104303DF0CAFC204610BDE40B070042
:10FD500070B5074D0560837400259DF8103005755A
:10FD600045608560C56001744274C37470BD00BF96
:10FD7000E40B070007B501210648FFF7DBFF00236E
:10FD800000931A4619460448FFF7E2FF03B05DF8F6
:10FD900004FB00BFAC7F0020C47F0020F8B50546FF
:10FDA0000E4617460024BC4207D02B68315D1B6805
:10FDB0002846984708B10134F5E72046F8BD70B5EC
:10FDC00005460C46084649B13EF048FB2B68024602
:10FDD000214628465B68BDE87040184770BD08B5ED
:10FDE000FFF7EDFF08BD03681B68184708B5024917
:10FDF000FFF7E5FF08BD00BF8348070038B505469B
:10FE0000FFF7DDFF04462846FFF7F0FF204438BD2A
:10FE100070B58AB000238DF82430012A98BF0A22D9
:10FE200009ACB1FBF2F502FB1516F3B2092E94BF33
:10FE300030333733DBB28A4204F8013D04D921461E
:10FE4000FFF7BDFF0AB070BD2946EAE72DE9F04192
:10FE500007460E4615462AB90368C9B21B68BDE8B5
:10FE6000F04118470A2A05D1002905DBBDE8F04119
:10FE7000FFF7CEBFD2B2F9E72D21FFF7B4FF2A4634
:10FE8000044671423846FFF7C3FF2044BDE8F081C5
:10FE900038B50546FFF7DAFF04462846FFF7A6FF08
:10FEA000204438BD10B42AB903685DF8044B1B68C0
:10FEB000C9B21847D2B25DF8044BFFF7A9BFFFF7EC
:10FEC000F1BF38B50546FFF7EDFF04462846FFF7BA
:10FED0008DFF204438BD00002DE9F84F0A9E0746EB
:10FEE000002E10461946B8BF022614461D463CF0A7
:10FEF000D1FC38B14B493846FFF761FF8246504686
:10FF0000BDE8F88F25F000494FF0FF32464B204600
:10FF100049463CF0BFFC48B94FF0FF32424B204607
:10FF200049463CF099FC08B94049E4E74FF060428B
:10FF30003F4B204629463CF0A3FC08B13D49DAE797
:10FF40004FF060423C4B204629463CF07BFC0028A9
:10FF5000F4D100220023204629463CF073FCD0B1A6
:10FF60002D213846FFF73FFF05F1004382461D462D
:10FF70003249DFF8D0904FF0000B00204FF000081E
:10FF80005FFA8BF3B3420BF1010B06DA42464B46A4
:10FF90003CF010FBF4E78246EAE702460B462046B7
:10FFA00029463CF027F80D4604463CF089FC804683
:10FFB0003CF05CF902460B46204629463CF018F816
:10FFC0000A2204460D4638464146FFF721FF824487
:10FFD00026B11B493846FFF7F2FE8244DFF86490F1
:10FFE0004FF0000816F1FF3689D34B4642462046B3
:10FFF00029463CF0B5F90D4604463CF061FC0A2266
:020000023000CC
:10000000014683463846FFF703FF824458463CF0DA
:100010002DF902460B46204629463BF0E9FF0446EF
:100020000D46DFE7E80B0700FFFFEF7FEC0B070053
:10003000FFFFEF41F00B0700FFFFEFC10000E03FC3
:100040006B01070000002440FFF746BF37B5069953
:1000500000910546FFF740FF04462846FFF7C6FE1D
:10006000204403B030BD10B50446006808B13DF02F
:10007000A5FA204610BD10B50446006808B13DF051
:100080009DFA00232360C4E9013310BD38B504464E
:100090000D46006801313EF031F810B1C4E90005A9
:1000A000012038BD036810B5044623B143688B4274
:1000B00001D3012010BD2046FFF7E8FF0028F9D04A
:1000C000A368002BF5D122681370F3E770B50E46D4
:1000D000114604461546FFF7E5FF20B92046FFF715
:1000E000CAFF204670BD2A463146A56020683DF013
:1000F000CDFA2268A3680021D154F2E738B5002375
:100100000446C0E9003383600D4639B108463EF02D
:10011000A5F9294602462046FFF7D8FF204638BDFC
:10012000884210B50B46044604D0096821B19A688C
:10013000FFF7CCFF204610BDFFF79DFFFAE710B593
:1001400000230446C0E900338360FFF7E9FF20463F
:1001500010BD38B505460C4649B108463EF07EF95B
:10016000214602462846FFF7B1FF284638BDFFF773
:1001700082FFFAE72DE9F04105461746884619B98E
:1001800000263046BDE8F0819AB1846814442146C7
:10019000FFF788FF06460028F2D0AB6828683A4689
:1001A000184441463DF072FA2B68AC6000221A55A3
:1001B000E7E70126E5E707B501228DF807100DF105
:1001C0000701FFF7D7FF03B05DF804FB02680B6877
:1001D0006AB143B9806868B110787047886848B1DF
:1001E000187840427047194610463EF02DB9002B52
:1001F000F4D11846704708B582688B689A4205D1D9
:10020000FFF7E4FFB0FA80F0400908BD0020FCE7EA
:10021000884270B515D083688A6893420FD183B144
:1002200004680D68013C14F8010F50B13EF0AEF9BE
:10023000064615F8010B3EF0A9F98642F3D00020DE
:1002400070BD0120FCE770B58AB069B1931E222B06
:1002500020D801AC2546234648B9AC4207D00A460F
:10026000AB4212D80023137008460AB070BDB0FB31
:10027000F2F302FB1306092E1846F3B294BF303393
:100280005733DBB204F8013BE5E713F8010D02F840
:10029000010BE5E70021E7E7FFF7D5BF10B500F058
:1002A00039F8FEF719F9FEF7D3FDFEF7C7FD4FF455
:1002B000E1310648064CFFF7DDFBF7F7EBFBF7F7FC
:1002C000A7FB002CFBD0AFF30080F8E7E07C002018
:1002D0000000000010B5044632F01AFF204610BDA1
:1002E00010B5044632F014FF204610BD07B507498B
:1002F000684632F04AFF4FF47A720023DDE90001CC
:100300003CF04EFB03B05DF804FB00BFE07F002033
:1003100036F0DABB08B5044832F004FF0348BDE804
:10032000084032F0FFBE00BFF87F0020E07F0020D1
:1003300036F0DCBB38B50A4C0A4D204632F06CFF73
:100340002046094C09492A4635F04BFF204632F039
:100350006EFF2A4620460649BDE8384035F041BFC9
:10036000F87F002000600020E07F0020E102030011
:10037000D502030008B5431C04D121220E490F48C1
:1003800035F046FB012359B11F2886BF00F01F003E
:100390000B4A4FF0A04203FA00F0C2F8080508BD6E
:1003A0001F2886BF00F01F00054A4FF0A04203FA45
:1003B00000F0C2F80C05F2E7F40B07007D0C070013
:1003C000000300502DE9F0411D4D0701EB190446D3
:1003D000D8680E4610B1012136F02AF9FEF779F8F7
:1003E00084424FF0010034BF15F907804FF0FF3809
:1003F00036F006F90023037041463D44044634F0CC
:10040000EEFB012EEC6011D075B235B1022E12D088
:10041000204632F0AEF9012103E0204632F0A9F97E
:1004200029462046BDE8F04132F0B0B92046BDE88B
:10043000F04132F091B9204632F09BF90321F0E708
:10044000186000202DE9F34107468846FEF741F881
:10045000874222D2124C3E01A319DD68ADB9FEF7E6
:1004600038F887424FF0010034BFA7574FF0FF37ED
:1004700036F0C6F834440023054603700122CDF857
:100480000080394634F0AEFBE56095F90000414646
:1004900002B0BDE8F041FFF76DBF02B0BDE8F081EA
:1004A00018600020F7B50746FEF713F887421FD201
:1004B000104C3E01A319DD68A5B9FEF70AF8874282
:1004C0004FF0010034BFA7574FF0FF3736F098F8D0
:1004D00034440023054603701A460093394634F02D
:1004E00081FBE560284637F089FAC0B203B0F0BD61
:1004F0000020FBE7186000202DE9F04100250746A9
:100500000E4690462C4630460121FFF79BFF64B211
:100510003846B8F1000F0ED1FFF7C4FFA8400443DE
:10052000002130460135FFF78DFF082DE4B2EAD1F6
:100530002046BDE8F081FFF7B5FFC5F107039840FD
:10054000EDE700001EF0040F0CBFEFF30880EFF39F
:100550000980816911F8021C002932D101B590E8A7
:100560000F10E047BDE800508CE80300244B93E8EF
:100570000600914208BF70471A6041B91EF0100F83
:1005800010D1204B186820F0010018600AE02CE917
:10059000F00F1EF0100F08BF2CED108A81F822E03A
:1005A000C1F838C0906B92F8221061F0FF0E1EF077
:1005B000100F08BFB0EC108AB0E8F00F80F3098884
:1005C0007047114A13689942FAD801B552F821C010
:1005D0000FC8E047BDE80050CCF80000704701B5F7
:1005E00001F030FBBDE80140EFF3098CBEE701B537
:1005F00001F0ECFABDE80140EFF3098CB6E700002A
:100600003C62002034EF00E05C0D070008B50146B5
:1006100030B96FF0030000F0F2F96FF0030008BD8D
:10062000132001F0B1FE30B94FF0FF3000F0E7F9D0
:100630004FF0FF30F3E70020F1E7000008B5EFF3DB
:1006400005832BB9EFF3108313B9EFF3118333B1A3
:100650006FF0050000F0D3F96FF0050008BDDFF87A
:1006600008C000DFFAE700BF0D060300EFF31083B8
:100670002BB9EFF31180003818BF0120704701201B
:100680007047000038B538B3846805686CB114F061
:10069000030302D1C2680F2A13D86FF008010020AB
:1006A00002F0D0F80024204638BDC368002BF4D1F6
:1006B000104BD3F8900088B100F0FCFB0446A0B1C9
:1006C0000123A3700023C4E90233F322094B2270F3
:1006D000094A65605A66E6E70546E9E7D3F880000F
:1006E0000122102100F072FBE8E76FF0040102F034
:1006F000A9F8D8E728620020D507030070B50546A1
:1007000010B10378F32B07D028466FF0030102F0F5
:1007100099F86FF0030070BD836863B1284601F05B
:10072000EDFB00226FF0020101F086FDA8680028B1
:10073000F4D101F06BFCAB78002613F001032E70AE
:100740000FD0094BD3F89040294624B1204600F041
:10075000CBFB3046DFE7D3F8800000F06CFB20468F
:10076000D9E71846D7E700BF28620020930710B5E5
:1007700002F0010422D400F10C0384B153E8000F0D
:1007800000EA01028A4203D0BFF32F8F002005E068
:1007900020EA010243E8002404B1EFE710BD53E86A
:1007A000000F084203D1BFF32F8F002005E020EA9D
:1007B000010243E8002404B1F1E7EFE7C06801EA71
:1007C00000031CB18B4218BF0020E7E7002B08BFD5
:1007D0000020E3E7F8B58468054604B9F8BD94F84D
:1007E0002320616AA7682846FFF7C0FF064638B194
:1007F000204601F08CFB00223146204601F01CFD12
:100800003C46EAE7F8B50D4617461E46044620B1B9
:100810000378F32B01D1002907DA20466FF003019A
:1008200002F010F86FF00300F8BDFFF79FFF0028FB
:10083000FAD186B13146432001F0A6FD40B1074B05
:100840005E692046314601F047FB756286F82370E9
:100850006FF00100E8E76FF00200E5E72862002092
:100860002DE9F041064620B10378F32B01D1002990
:1008700009DA6FF00301304601F0E4FF6FF0030581
:100880002846BDE8F08100F10C0353E8002F42EA4E
:10089000010543E8005000B1F7E7B4681CB92046F1
:1008A00001F0B4FBECE794F82320616AD4F80880E7
:1008B0003046FFF75BFF074678B194F823309B077B
:1008C00056BF656A054620EA0505204601F01FFB74
:1008D00000223946204601F0AFFC4446DEE7000026
:1008E00008B50246EFF3058333B100206FF0050130
:1008F00001F0A8FF002008BDFFF7B8FE0028F4D1E2
:10090000DFF808C0104600DFF5E700BF85060300EA
:1009100038B502460D46EFF305834BB192B96FF03F
:100920000301104601F08EFF6FF00304204638BD2E
:10093000FFF79CFE0028F1D1DFF830C0104600DF41
:100940000446F3E71378F32BE9D1002DE7DB02F13E
:100950000C0353E8001F41EA050443E8004000B1DE
:10096000F7E7104601F0B6F9E0E700BF61080300C1
:10097000F8B504460E4617461D46EFF3058343B10E
:100980008CB920466FF0030101F05CFF6FF00300AB
:10099000F8BDFFF76BFE0028F2D1DFF82CC020462F
:1009A0002B4600DFF4E72378F32BEAD1002DE8D1C2
:1009B000002EE6DB3A4631462046FFF7D7FE0028F8
:1009C00008BF6FF00200E3E70508030008B5024620
:1009D000EFF305833BB110466FF0050101F032FFE4
:1009E0006FF0050008BDFFF741FE0028F3D1DFF8E6
:1009F00008C0104600DFF5E7FD06030070477047AA
:100A0000EFF310832BB9EFF31180003818BF0120EA
:100A10007047012070470000064BDA6A3AB1D0698E
:100A20005B6C1BB11B69984228BF184670474FF09A
:100A3000FF30F5E72862002070B5464C237A012B81
:100A400000F0858033B14FF0FF3001F0EFFE4FF042
:100A5000FF3070BD404DD5E90B61EB68E3652B8A33
:100A6000A4F854303046AB68236400F097F908B11D
:100A7000C4F88060D5E90561304600F08FF908B907
:100A8000D4F880606667D5E90761304600F086F9E2
:100A900008B9D4F88060A667D5E90961304600F04E
:100AA0007DF908B9D4F88060E6676E6B3EB1D6E98F
:100AB00002233168304600F0DCF9C4F88460AE6B84
:100AC0003EB1D6E902233168304600F0D2F9C4F8CD
:100AD0008860EE6B3EB1D6E902233168304600F003
:100AE000C8F9C4F88C602E6C3EB1D6E90223316897
:100AF000304600F0BEF9C4F890606E6C3EB1D6E9A5
:100B000002233168304600F0B4F9C4F89460AE6C4A
:100B10003EB1D6E902233168304600F0AAF9C4F8A4
:100B20009860EE6C3EB1D6E902233168304600F0A1
:100B3000A0F9C4F89C602D6D3DB1D5E90223296868
:100B4000284600F096F9C4F8A05001232372002033
:100B50007FE700BF28620020EC0C070070B5254D30
:100B60002B7A012B07D06FF0060001F05FFE4FF0EB
:100B7000FF34204670BD01F04BFC10B94FF0FF3040
:100B8000F3E71D4A1D4E1E497068FF2382F822308C
:100B900092F82230D26863F0FF03DB4314BFB3FA4C
:100BA00083F32023C3F12003C2F30222934298BFB0
:100BB000531CFE2202FA03F30F4ADBB2D37701F093
:100BC00091FE04460028D9D101F0E0FE286101F031
:100BD000C9FE0C4801F092F901F010FA3368DB0706
:100BE0004CBF0223032383F31488BFF36F8F0223C8
:100BF0002B72BEE72862002000ED00E0EC0C07003D
:100C0000EF0503004462002010B50F4C237A022B3D
:100C100013D101F0AFFE01236372BFF34F8F0B4A74
:100C20005168C90042BF4FF000615160A3720423B4
:100C30002372BDE81040FFF7EFBE6FF0070001F030
:100C4000F5FD002010BD00BF2862002000ED00E08F
:100C500038B51E4C237A042B054635D1FFF7DCFE50
:100C6000E26A854203462CBF00F1FF332B4612B1E6
:100C7000D069C01AD061626C12B11069C01A1061DB
:100C8000E26813441544E360E3689D4213D10223F4
:100C90000020237201F0BAF900236372BFF34F8F73
:100CA000A27A22B1A3720A4B4FF080525A60BDE87B
:100CB000384001F057BE0133E36001F065F9236D60
:100CC000002BE1D09847DFE738BD00BF2862002045
:100CD00000ED00E0704738B504460D46FFF78EFE84
:100CE00029462046BDE8384001F062BD08B5FFF74F
:100CF000F1FFEFF3058333B16FF0050001F096FDCE
:100D00006FF0050008BDFFF77BFE0028F4D1DFF887
:100D100008C000DFF6E700BF390A030008B5EFF3AB
:100D2000058333B16FF0050001F080FD6FF0050021
:100D300008BDFFF765FE0028F4D1DFF808C000DF2A
:100D4000F6E700BF5D0B030008B5EFF305832BB199
:100D50006FF0050001F06AFD002008BDFFF750FEAE
:100D60000028F5D1DFF804C000DFF6E7090C030026
:100D700008B50246EFF305832BB1BDE808406FF0DC
:100D8000050001F053BDFFF73BFE0028F5D1DFF869
:100D900008C0104600DF08BD510C030010B598B123
:100DA00040EA010313F007030ED117290AD90160A5
:100DB000083910220C1884604260435081684A60F0
:100DC000C3600123184610BD0023FBE770B580B354
:100DD00099B132F003032CD10F3121F0070600F155
:100DE0000804234624685D68E11A25F00305491BC1
:100DF0008E4204D921680029F3D1084670BD0168EC
:100E0000456801443544456051F8040C0839854271
:100E100088BF4D605868324318B95A6003F1080121
:100E2000EBE720F0030019181C504A6019600831E4
:100E3000E3E70021E1E710B580B1C1B1A1F10804F9
:100E400000F108030022A34209D1596821F00304EC
:100E50004168091B41603AB95A60012010BD196808
:100E60001A4621B10B46EEE71B681360F5E708460A
:100E7000F4E730B5C0B189B1C2B1CBB10024C0E94B
:100E8000014202FB01F41D190160C3604361056169
:100E90001846013904D1A41A19510121084630BD60
:100EA000851805602846F4E70146F7E71146F5E79F
:100EB0001946F3E710B50346A8B100F1140252E851
:100EC000000F10B9BFF32F8F04E0016842E800144F
:100ED00004B1F4E738B1043353E8002F511C43E860
:100EE000001404B1F8E710BD30B5F0B1C3688B420F
:100EF0001BD803698B4218D900F114031A680A60E1
:100F0000BFF35F8F53E8002F0C689442F6D143E89B
:100F1000001505B1F2E7043050E8003F5A1E40E8E2
:100F2000002101B1F8E7002030BD6FF00300FBE7BE
:100F3000EFF310832BB9EFF31180003818BF0120B5
:100F4000704701207047D1E9013223B19A608A6865
:100F50001AB153607047C262F9E70363704700003B
:100F60002DE9F84F8846074638B131B1B0FA80F123
:100F7000B8FA88F30B441F2B06DC6FF00301002046
:100F800001F076FC002470E008F1030626F0030669
:100F90000C3606FB00F9F2B19468D2F800A0D2E951
:100FA00004513CB1A30702D1D368332B05D86FF0AD
:100FB0000801E4E7D368002BF9D13DB115F0030334
:100FC00001D1894556D96FF00901D8E70029FAD136
:100FD0001CB18B460DE092461546284BD3F8A00075
:100FE000E0B1FFF767FF0446A8B1002D40D14FF0F4
:100FF000010B224B0022D86F4946FFF7E7FE05465A
:10100000C0B9BBF1000F06D01C4BD3F8A00021469D
:1010100058B1FFF769FF6FF00401B0E7D3F8800023
:1010200001223421FFF7D2FEDDE7D3F88000FFF77D
:1010300002FFF0E74A4600213CF050FB4BF0020370
:10104000FA22A3700023C4E90983C4E90B33227098
:10105000A36032462B46C4F804A0394604F10C00C4
:10106000FFF707FF054B064A1A672046BDE8F88FD1
:101070000123E5E7002CE3D1AFE700BF28620020A1
:101080001111030010B500F1280353E8002F12B925
:10109000BFF32F8F04E0511E43E8001404B1F4E7BE
:1010A0000AB9002010BDC06A01220028F9D0811CB5
:1010B000D1E84F3FC1E8442F04B1F9E7DBB2002B80
:1010C000F0D08068F1E7036B30B5E3B1CD78002450
:1010D000DA78AA420FD31A46C1E901248AB1916095
:1010E000A4B16160283050E8003F5A1C40E800215C
:1010F00001B1F8E730BD5A681C46002AECD013460F
:10110000E6E7C162ECE7C1E90133C1620163E9E7E7
:10111000F8B5877804468FB3C5680146002728468E
:10112000FFF711FF277005F10C042046FFF7DCFEE6
:10113000AB68002B48D02046FFF7BCFE04460028D1
:1011400042D0284600F0DAFE3A460646394601F01B
:1011500073F8304600F048FF6A6A8168064604F179
:101160000C003CF093FAF9232370A770F368E37046
:1011700021462846BDE8F840FFF7A5BF8568AB6863
:10118000002BF5D05B78832BF2D1284600F0B6FE19
:101190003A460646394601F04FF8304600F024FF43
:1011A00006466A6A806804F10C013CF06FFAF36845
:1011B0000BB1E2781A7000232370214605F10C0070
:1011C000BDE8F840FFF790BEF8BD00002DE9F04102
:1011D0000C4617469846054618B10378FA2B00D1FD
:1011E00041B928466FF0030101F042FB6FF00300A4
:1011F000BDE8F0818368C3B15B78832B15D100F023
:101200007DFE01220646002101F016F8304600F06E
:10121000EBFE06466A6A806821463CF037FAF068C1
:101220000028E5D007700020E2E705F10C00FFF789
:1012300041FE064670B121466A6A0C303CF026FA3F
:101240000024F9233370B470F77031462846FFF755
:101250003AFFE8E7B8F1000F10D04146932001F0C3
:1012600093F840B1074B2846596900F035FEEFF37B
:101270000983C3E902476FF00100B9E76FF002008C
:10128000B6E700BF286200202DE9F0410F46154661
:101290009846044618B10378FA2B00D141B920468C
:1012A0006FF0030101F0E4FA6FF00300BDE8F08194
:1012B000FFF7E8FE064600283AD001462046FFF731
:1012C00042FE626A06F10C0138463CF0DFF90DB1CE
:1012D000F3782B70002504F10C0735703146384641
:1012E000FFF702FEA3680BB90020DFE73846FFF7DF
:1012F000E1FD06460028F7D0204600F0FFFD294614
:101300000746012200F098FF384600F06DFE626A41
:101310008168074606F10C003CF0B8F9F9233370F8
:10132000B570FB68F37031462046FFF7CCFEDBE773
:10133000B8F1000F10D04146832001F025F840B1EC
:10134000074B2046596900F0C7FDEFF30983C3E955
:1013500002756FF00100A9E76FF00200A6E700BF79
:101360002862002008B5064B08219A6ED86EFFF758
:10137000F7FD044BD864B0FA80F04009404208BD44
:10138000EC0C0700286200202DE9F04106460F46CC
:1013900090461C46EFF305834BB196B930466FF08B
:1013A000030101F065FA6FF00300BDE8F081FFF77B
:1013B000BFFD0028F1D1DFF84CC03046234600DFE6
:1013C000F3E73378FA2BE9D1002FE7D0002CE5D1F1
:1013D00006F10C00FFF76EFD054680B1726A3946D2
:1013E0000C303CF053F9F9232846C5E901762B70FF
:1013F000AC7085F8038000F06DFC2046D5E76FF0F7
:101400000200D2E7CD110300F8B504460F46164698
:101410001D46EFF3058343B18CB920466FF00301FD
:1014200001F026FA6FF00300F8BDFFF781FD0028F8
:10143000F2D1DFF848C020462B4600DFF4E72378DE
:10144000FA2BEAD1002FE8D0002DE6D12046FFF795
:1014500019FE054670B100F10C01626A38463CF095
:1014600015F90EB1EB7833702846EC6000F032FCD1
:101470000020D9E76FF00200D6E700BF8912030011
:10148000EFF310832BB9EFF31180003818BF012060
:10149000704701207047000070B5A8B38468D0E998
:1014A00000566CB114F0030302D1C2681B2A1AD88B
:1014B0006FF00801002001F0CBF90024204670BD38
:1014C000C368002BF4D1124BD3F8940030B9D3F891
:1014D000800001221C21FFF779FC01E0FFF7EAFC04
:1014E000044660B10123F522A3700023C4E902334E
:1014F000C4E904332270E67065602376DEE76FF09E
:10150000040101F0A5F9D9E705460646DBE700BF6F
:1015100028620020284B70B55D6904460E4635B937
:101520006FF0070101F094F94FF0FF3070BD10B17A
:101530000378F52B07D020466FF0030101F088F9FE
:101540006FF00300F2E7037E53B9C0E90353EB6A7F
:10155000436103B11861EC62012323760020E5E7C3
:10156000C278D1070DD5C168A9420AD1FF2B06D197
:101570006FF00F0101F06CF96FF00200D6E7013354
:10158000EBE7002EF8D093070AD5E06895F92030F4
:1015900090F920209A4203DA80F8203000F0C0FC55
:1015A0003146532000F0F0FE18B12946204600F0E5
:1015B00093FC6FF00100B9E7286200202E4B5A69B6
:1015C00070B5044632B96FF0070101F041F94FF0F0
:1015D000FF3070BD10B10378F52B07D020466FF0B7
:1015E000030101F035F96FF00300F2E7037E33B930
:1015F0006FF00E0101F02CF96FF00200E9E7C1680D
:10160000914202D06FF00D01F4E7013BDBB20376AB
:1016100013BB43690BB1016919612169F1B14B61D8
:1016200092F92130D56ADDB982F82030A36883B100
:10163000204600F063FC06462A46294600F0FCFDE1
:10164000F36A6361C4E9036503B11C610123F462B9
:101650002376002000F0DAFC0020BAE7D362DFE74F
:10166000E978890706D5A96821B191F920108B4244
:10167000B8BF0B466D69D6E72862002070B50446F6
:1016800010B10378F52B07D020466FF0030101F06D
:10169000DFF86FF0030070BD037EBBB16369C06803
:1016A0000BB122691A61226902B3536190F92120BA
:1016B000C36AEBB990F92030934203D080F8202020
:1016C00000F02EFCA068F8B900F0A0FCA07800267D
:1016D00010F001002670DED0134BD3F89450214651
:1016E000DDB12846FFF700FC3046D4E7C362DDE7F2
:1016F000D978890706D5996821B191F920108A42D5
:10170000B8BF0A465B69D4E7204600F0F7FB002229
:101710006FF0020100F090FDD4E7D3F88000FFF7EE
:101720008AFB2846B7E700BF286200202DE9F04178
:101730000446002601270CB9BDE8F081E378D4F80F
:1017400014801B0712D5A36826767BB1204600F0D3
:10175000D5FB00220546114600F06EFDEB6A636181
:10176000C4E9035603B11C61EC6227764446E2E704
:1017700010B4C3789B071DD5C06890F92120C36AB7
:10178000DC78A40709D59C688C4208BF8C6824B11A
:1017900094F92040A242B8BF22465B69002BEFD1EA
:1017A00090F92030934205D080F820205DF8044B5A
:1017B00000F0B6BB5DF8044B7047000008B5024668
:1017C000EFF3058333B100206FF0050101F040F81D
:1017D000002008BDFFF754FE0028F4D1DFF808C050
:1017E000104600DFF5E700BF9914030008B5024674
:1017F000EFF305833BB110466FF0050101F028F8C7
:101800006FF0050008BDFFF73BFE0028F3D1DFF8BD
:1018100008C0104600DFF5E71515030008B50246BD
:10182000EFF305833BB110466FF0050101F010F8AE
:101830006FF0050008BDFFF723FE0028F3D1DFF8A5
:1018400008C0104600DFF5E7BD15030008B50246E5
:10185000EFF305833BB110466FF0050100F0F8FF90
:101860006FF0050008BDFFF70BFE0028F3D1DFF88D
:1018700008C0104600DFF5E77D160300EFF3108384
:101880002BB9EFF31180003818BF012070470120F9
:1018900070470C30D0E85F3F13B9BFF32F8F04E0DF
:1018A0005A1EC0E8512F01B1F4E798B2003818BFB2
:1018B0000120704730B500F10C02C189D2E85F3FCA
:1018C000994202D8BFF32F8F04E05C1CC2E8554F49
:1018D00005B1F3E7C0899BB2984294BF0020012074
:1018E00030BD0000F8B50E464FF6FE73411E99421A
:1018F000054601D8B04207D26FF00301002000F086
:10190000ADFF00242046F8BD1AB39468176844B1AF
:1019100014F0030302D1D2680F2A0ED86FF0080129
:10192000ECE7D368002BF9D1114BD3F8980090B1B4
:10193000FFF7C0FA0446A8B10123A3700023F622E2
:10194000A3600B4B22700B4A6760A681E5819A6603
:10195000D8E71746E8E7D3F8800001221021FFF707
:1019600035FAE7E76FF0040100F078FFCAE700BF3F
:1019700028620020E919030070B5054610B103780C
:10198000F62B07D028466FF0030100F067FF6FF0D9
:10199000030070BD836863B1284600F0AFFA0022EF
:1019A0006FF0020100F048FCA8680028F4D100F0B4
:1019B0002DFBAB78002613F001032E700FD0094BDE
:1019C000D3F89840294624B12046FFF78DFA3046D7
:1019D000DFE7D3F88000FFF72EFA2046D9E7184654
:1019E000D7E700BF28620020836810B504465BB1CA
:1019F000FFF74FFF40B1204600F080FA0022BDE81B
:101A00001040114600F018BC10BD38B5054610B1A5
:101A10000378F62B07D028466FF0030100F01EFF75
:101A20006FF0030038BD84683CB100F067FA012212
:101A3000002100F001FC0020F4E7FFF73BFF38B97C
:101A400028466FF0100100F009FF6FF00200E9E78F
:101A50002046E7E738B50D46044610B10378F62B6B
:101A600007D020466FF0030100F0F8FE6FF003008E
:101A700038BDFFF70EFF68B975B12946632000F045
:101A800083FC20B1064B2046596900F025FA6FF01F
:101A90000100EDE70020EBE76FF00200E8E700BF90
:101AA0002862002010B50446EFF3058333B100200F
:101AB0006FF0050100F0D2FE002010BDFFF7DEFE42
:101AC0000028F4D1DFF808C0204600DFF5E700BFAA
:101AD000E518030010B502460C46EFF3058343B149
:101AE00082B910466FF0030100F0B8FE6FF00300FA
:101AF00010BDFFF7C3FE0028F2D1DFF824C0104666
:101B000000DFF5E71378F62BEBD1002CE9D1104676
:101B1000FFF7BFFE002814BF00206FF00200E7E7C8
:101B2000551A030010B50446EFF3058343B184B999
:101B300020466FF0030100F091FE6FF0030010BD2E
:101B4000FFF79CFE0028F2D1DFF830C0204600DF0E
:101B5000F5E72378F62BEBD12046FFF7ABFE20B15B
:101B6000204600F0B7F80020E9E720466FF01001AA
:101B700000F074FE6FF00200E1E700BF0B1A0300F3
:101B800008B50246EFF305833BB110466FF005013F
:101B900000F064FE6FF0050008BDFFF76FFE00283F
:101BA000F3D1DFF808C0104600DFF5E7791903002C
:101BB00010B5D0E85F3F5A1C914200D80022C0E81F
:101BC000542F04B1F5E798B210BD000038B51C4C95
:101BD00000F0D6FEE3680133E36000F0D5F90020A1
:101BE00000F014FA236D03B19847226C32B3A36955
:101BF000E06BD969984202D0E36301B9DA61DA692E
:101C0000C2B9237A022B19D1656ABDB1E36B95F98C
:101C1000202093F920309A4210D1284600F077F91D
:101C2000E06B00F08FF9284600F0E8F9236CE563DB
:101C3000EB6103E0013ADA61002AE2D038BD00BF6F
:101C40002862002070B5224C04F1560504F15A06B2
:101C5000B4F85410D5E85F3F13B9BFF32F8F04E0F9
:101C60005A1EC5E8502F00B1F4E79BB25BB3304673
:101C7000FFF79EFFE36D53F8200020B30378F13B9C
:101C8000082BE5D801A252F823F000BFB11C0300D5
:101C9000511C0300B71C0300511C0300511C03001E
:101CA000BB1C0300BF1C0300511C0300C31C03002A
:101CB000236E9847CCE7636EFBE7A36EF9E7E36E0C
:101CC000F7E7236FF5E7BDE87040002000F09EB90C
:101CD0002862002070B5164C0546B4F8541004F183
:101CE0005602D2E85F3F994202D8BFF32F8F04E03B
:101CF000581CC2E8560F06B1F3E79BB2994205D8CB
:101D000029460220BDE87040FEF7E5BF04F1580007
:101D1000FFF74EFFE36D43F82050637A23B9054B7C
:101D20004FF080525A6070BD0123A372FBE700BFE1
:101D30002862002000ED00E0EFF310832BB9EFF3F1
:101D40001180003818BF01207047012070470378C8
:101D5000F12B00D07047C068F9E7000010B5C469E6
:101D6000621CD0E904310CD103B1596142691AB146
:101D700013610023436101E0074A13630023C36139
:101D800010BD1BB1DA6959612244DA614269002A47
:101D9000EED1014AD362F1E72862002010B50A4A69
:101DA00090F9201001234370536A1C321BB193F940
:101DB00020408C4205DCC0E90232906003B1D8605B
:101DC00010BD1A469B68F1E728620020014B586954
:101DD000704700BF2862002010B50023038083787D
:101DE0009A07044608D513F0100F016B0E4B0FD065
:101DF000D3F88400FFF778F8A378DB0712D50A4BF5
:101E0000D3F88800214638B1BDE81040FFF76CB820
:101E1000586FFFF710F8EFE7BDE81040D3F88000E7
:101E2000FFF709B810BD00BF2862002008B500F018
:101E300025FDDFF810C000DF4FF0FF31002000F07B
:101E4000FBFCFEE7A1220300C278D207034601D4BF
:101E5000FFF7C2BF0422054942700022C2604A6BEC
:101E6000826002B1D0604B63704700BF28620020DF
:101E7000930710B502F0010422D400F1280384B1C5
:101E800053E8000F00EA01028A4203D0BFF32F8F0C
:101E9000002005E020EA010243E8002404B1EFE756
:101EA00010BD53E8000F084203D1BFF32F8F00206D
:101EB00005E020EA010243E8002404B1F1E7EFE77E
:101EC000806A01EA00031CB18B4218BF0020E7E7DB
:101ED000002B08BF0020E3E710B591F920208368AC
:101EE0001BB193F92040944205DAC1E902308160C8
:101EF00003B1D96010BD18469B68F1E783689A6802
:101F0000826002B1D0600022DA6018467047C26871
:101F10002AB18368936003B1DA600023C36070471D
:101F200010B5044664B12378F12B07D0FFF7EFFF1B
:101F300001462046BDE81040FFF7CEBFE468F1E758
:101F400010BD00000123014643700148FFF7C4BFE4
:101F50004462002070B50B4D2E7A022E10D16C6AAF
:101F600074B1696994F9202091F920309A4207D11F
:101F70002046FFF7CCFF0846FFF7E4FF6670AC6130
:101F8000002070BD2862002038B5164DEC6A44B3BD
:101F9000E369013BE36123BB6378732B06D009D867
:101FA000532B0BD003F0DF03432B0DD12046FFF75B
:101FB000CEFE09E003F0EF03832BF6E72046FFF7A0
:101FC000C6FE2146FFF7D4FB2046FFF7A0FFFFF730
:101FD000B9FF246924B1E369002BDDD000236361DC
:101FE000EC6238BD2862002090F82230826B13F03A
:101FF000100F0CBF60202020104470470223437054
:10200000014B9861704700BF2862002070B5124DE7
:1020100004462E7A696990B9022E0FD16C6A6CB1B0
:1020200094F9202091F920309A4207DD2046FFF7ED
:102030006EFF0846FFF7B2FE6670AC6170BD022EFF
:1020400005D190F9202091F920309A42F1DC204608
:10205000BDE87040FFF776BF286200202DE9F04F01
:1020600085B08046029128B96FF0030100F0E4FBCF
:102070000024ABE0002A48D0D2E900A39468966916
:102080000193D2E904B544B1A10702D1D268432A31
:1020900006D86FF008010020E8E7D268002AF8D1DE
:1020A000BBF1000F08D01BF0070F02D1002D40F04C
:1020B000A9806FF00A01EEE72EB1721E372A03D90C
:1020C0006FF00B01E7E71826002D40F09F804CBB16
:1020D000534CD4F88800F0B1FEF7ECFE044600281B
:1020E00000F08D800127DFF83891BBF1000F32D16D
:1020F000D5B94C4AD9F88400556DA8B1FEF7DAFE7F
:10210000D0B147F01007834621E092469346182647
:1021100015460192DCE7D4F8800001224421FEF745
:1021200055FEDBE70027DEE7D9F874005A4629465A
:10213000FEF74CFE0028E6D1002F55D0D9F88820B4
:10214000002A47D021461046FEF7CEFE002447F075
:102150000207002C53D040F2F11222800022C4E981
:102160000222C4E90422C4E90622C4E90922C4E91E
:102170000B2BA5F140025A44C4E90E28019B2A4AC0
:10218000E37076B2FD21A770C4F804A084F8206043
:1021900084F8216061846563CBF80020214A1268CD
:1021A000530723D4A36B3422184600213BF096FA40
:1021B0001E4A1F4BC0E90D284FF08072C263029A7D
:1021C00002622046C9F86030FFF720FF204605B0C4
:1021D000BDE8F08F2146D9F880000392FEF72BFE70
:1021E000039A14469346B2E73C46B0E725F0030253
:1021F000443ACC210BF104003BF070FAD2E76FF0C7
:10220000040148E7002E7FF458AF18266A077FF4D0
:1022100050AF084AA5F1480191427FF658AF48E710
:1022200028620020EC0C0700A52E5AE22D1E0300A8
:102230005D220300B7FFFF7F38B505461446FFF760
:10224000D3FE01602846FFF789FD1CB1BDE8384088
:10225000FFF7DCBEBDE83840FFF774BE10B5437829
:10226000332B04460CD1416A90F82320FFF700FE7F
:10227000014628B120460022BDE81040FFF7DCBF30
:1022800010BD10B50446806918B100221146FFF751
:10229000D3FF6378232B02BFA36800229A6110BD8D
:1022A00070B50F4C267A022E18D1636AB3B16569F6
:1022B000E86AFFF73BFA2846FFF7E3FF04F11C004A
:1022C000FFF71CFE4670A061EFF30983AB630023A8
:1022D00063612846BDE87040FFF7B6BD70BD00BF22
:1022E0002862002010B5044610B10378F12B07D006
:1022F00020466FF0030100F09FFA6FF0030010BD5D
:10230000437803F00F03022B1ED0032B2BD0012B9D
:102310002ED1FFF7FCFDE06AFFF708FA2046FFF731
:10232000B0FF6178022926D11548FFF7E7FD154B6C
:1023300041709861EFF30982A26300225A6120463E
:10234000FFF782FD0020DAE70E4B1A7A022A02D14B
:102350005B6A002BDFD16FF00201204600F06CFABF
:102360006FF00200CBE7FFF7D2FDFFF7F7FCD2E7F3
:102370006FF00201F2E70020FFF748FEDFE700BF41
:10238000446200202862002038B51F4C237A022BBB
:1023900035D1636A002B34D063694A1C587016D15A
:1023A000226B002172B94FF0FF30C3E90421D861DC
:1023B00059B10B611548FFF7A1FD02234370A061DD
:1023C000012038BD11461269ECE72363F2E7E26AA7
:1023D000002012B1D569A9420BD2C3E90420D9610A
:1023E00058B10361002AE5D0D0695361401AD06129
:1023F000E0E71046491B1269EBE7E362F2E70020D1
:10240000DFE71846DDE700BF2862002044620020B5
:1024100038B50D4C0D48A26D0D4D0021FFF71EFE85
:10242000636EA8625BB1984758B9E26DE96C206EA3
:10243000FFF714FEA864003818BF012038BD012042
:10244000FCE70020FAE700BFEC0C0700A927030017
:102450002862002010B50446EFF3058333B1002055
:102460006FF0050100F0E8F9002010BDFFF764FCF3
:102470000028F4D1DFF808C0204600DFF5E700BFF0
:102480005D20030008B5EFF3058313B1054B5869D0
:1024900008BDFFF751FC0028F8D1DFF80CC000DFC1
:1024A000F6E700BF28620020CD1D030008B5EFF35A
:1024B00005833BB100206FF0050100F0BDF96FF01E
:1024C000050008BDFFF738FC0028F3D1DFF804C091
:1024D00000DFF6E7551F030010B5044600F0DAF9F7
:1024E000EFF305833BB120466FF0050100F0A4F93E
:1024F0006FF0050010BDFFF71FFC0028F3D1DFF8D7
:1025000008C0204600DFF5E7E522030030B50C4D9A
:102510006B6C002213B11C698C420AD9C0E90223FA
:1025200001611BB11C699860641A1C612AB1D060FA
:1025300030BD1A46091BDB68ECE76864F8E700BFAA
:10254000286200202DE9F041184D6C6C54B32369CA
:102550006E69013B23610127236913BBE3680BB15B
:10256000A2689A606B640023E86C1A4604F11801B3
:10257000FEF70AFF58B1D5E90583214603206B61B8
:10258000FEF7A9FB6B6913B9B04508BF0026E378D5
:10259000012B09D161692046FFF7B8FF6C6C002C54
:1025A000DAD16E61BDE8F0816770F7E7286200203C
:1025B00008B5FEF7D7FE18B9034B044A1A6508BDE3
:1025C0004FF0FF30FBE700BF2862002045250300E5
:1025D00007B504464FF0FF33002269462046FEF758
:1025E00013FF0028F6D1DDE900309847F2E700003C
:1025F00008B5094B094A1A60094B9B1A094A13602E
:10260000094B0A4A1A600A4B9B1A0A4A136000F0E7
:1026100051F800F069F800BFC486002000FC0320D8
:1026200000000420C08600203C670120086F0120C4
:1026300000FC0320386701200E4838B50E4B0360BC
:102640000B250E4B45601C24C4608360FFF7B6F871
:102650000B4B18600B480C4BC460C0E900350B4BAA
:102660008360FFF7ABF80A4B1860BDE838403AF0DA
:1026700011BF00BF90860020C00D0700A486002077
:10268000A086002060860020CD0D07007486002003
:1026900070860020FDF702BE024B4FF0FF31186834
:1026A000FFF7A4B8A0860020014B1868FFF7B6B862
:1026B000A086002008B535F0B3FCBDE8084000F066
:1026C00011B87047704708B500F042F8FFF7F9FFFE
:1026D000FFF7B2FFFFF7F6FF33F0AEFBBDE80840AF
:1026E000FFF7D8BFFEF702BB114C124B23614FF42A
:1026F000004363614423E3600F4BA360182307B5D5
:10270000A3610E480E4B236022460021FFF7A2FE74
:10271000034628B90B49009022460B4833F09CFB36
:10272000FEF7FCFA0023094900931A46F5E700BFBB
:10273000C8060120C8860020EC060120C726030039
:10274000D70D0700DC0D07001D010180F80D070003
:102750001FB5064B0FCB6C4684E80F002046FFF7F1
:102760002DF8034B186004B010BD00BF200E070009
:102770003007012073B506460C46154633F05EFB64
:1027800058B906342ABF064B064953F824100023D3
:1027900000933246284633F05FFB02B070BD00BFA5
:1027A000E40F0700380F070008B500F0F3F8000049
:1027B00007B50023411E009302460023042919D8BF
:1027C000DFE801F003080C1014000C490C4801224A
:1027D00033F042FB0B490C480222F9E70B490C4845
:1027E0000322F5E70B490C480422F1E70B490C489A
:1027F0000522EDE70B490C48EAE700BF300E070061
:1028000025010280510E070026010280760E070086
:1028100027010280AB0E070028010280E60E0700A8
:102820002A010280260F070000010280014A0146AA
:10283000FFF7A0BF31010180014AFFF79BBF00BF36
:1028400032010180014AFFF795BF00BF37010180C7
:10285000014AFFF78FBF00BF3301018011F1110F53
:1028600002D0024AFFF786BF704700BF34010180E3
:10287000014AFFF77FBF00BF3801018010B5FFF7A5
:1028800001FE034B1B6813B1BDE81040184710BD93
:1028900050070120024B1B6803B11847704700BF67
:1028A00050070120024B987A003818BF012070476A
:1028B0002862002008B5FEF747FA0749002233F0E6
:1028C0005DFBC31C04D9054905488B2233F0A0F8F1
:1028D000BDE80840FEF74CBAA5280300FC0F07002E
:1028E00031100700B0F57A7F38B50D4604D018498D
:1028F0001848322233F08CF832F0A4FD041E13DBAA
:1029000004F1604303F56143E02283F80023294684
:10291000204634F063FD204634F068FD85420AD03D
:102920000B490D483F22E5E70C4B04F00F0213441E
:10293000E0221A76EBE7002C07DB094A6109012344
:1029400004F01F04A34042F82130002038BD00BF2E
:10295000FC0F07005E1007006B100700FCEC00E0A6
:1029600000E100E008B533F091FABDE8084032F02C
:102970005EBE0000014B186832F08EBE6866012012
:10298000014B186832F04ABE6866012008B532F083
:1029900059FD08BD08B5024C23689847FCE700BF05
:1029A000CC6200202FF07EBA2DE9F341D0F82880C8
:1029B00001921D460E46074619F06AFB98F80D3045
:1029C0000199022B05440ED0032B0ED0012B00D110
:1029D0002835F36A3C695A19A24209D9F4620020E9
:1029E00002B0BDE8F0811835F3E705F5A875F0E70A
:1029F000E41A7B685BB1986819F06AFB844228BFCF
:102A00000446A54203D9F36A2344F362E7E7054B82
:102A10001B6898884FF47A73641B5843A04228BF00
:102A20002046DDE7403401201FB501238DF8043036
:102A300001A80023CDE902332FF0A6F805B05DF818
:102A400004FB1FB5002301A8CDE9013303932FF048
:102A50009BF805B05DF804FB2DE9F341866AF36E3F
:102A60008846044606F1600113B101919847019927
:102A7000A26800232046FFF797FF074620B902B05F
:102A8000BDE8F04119F0D2BA134DA3686B67404618
:102A90002FF082F8114BAB67A068114BEB67C5F8BC
:102AA000847019F0FBFAC5F88000A06005F1780089
:102AB0002FF054F8002385F87030736E43B1FFF7A0
:102AC000B3FF306E272102B0BDE8F0412FF042B9CC
:102AD000FFF7B7FFF5E700BF5C0A01203D2D0300BB
:102AE000652B03002DE9F04180460C4619F0A8FA49
:102AF000064618B101263046BDE8F0812EF080FA76
:102B0000174D696F074619F0E3FAE36A1844E0626B
:102B10006F6719F0BDFA3A46034621464046FFF773
:102B200043FF07460028E5D0D5F8748019F0B0FAC5
:102B3000404419F0B3FAC5E9200705F178002FF0F9
:102B40000DF885F87060636833B1FFF76DFF20689A
:102B500027212FF0FFF8CEE7FFF773FFF7E700BF5D
:102B60005C0A01202DE9F04F85B0934601919A4609
:102B700007462EF045FADFF8C0916D4CC9F8000009
:102B800019F04EFA19F04CFA6A4B866A93F87050B5
:102B900001996A1C804683F8702085B1022D00F0EF
:102BA0008480A58C2EF02CFAD9F80030C01A85420A
:102BB00040F2AE80A08CA08405B0BDE8F08F07B3D2
:102BC000FB1E012B40F2AD80042F64D06BD82B4646
:102BD0000125032F59D02A461D46E3690133E361DD
:102BE0002B46154643B117F0FB0F42D006F16001AA
:102BF0004046FFF777FF0546002DD2D019F026FAA0
:102C0000CFE79DF8383086F8821086F88330C6E921
:102C100021BA306E06F190033A4606F1480101F000
:102C20003FFD00282FD0336F316E40469847002873
:102C300075D0658C2EF0E4F9D9F80030C01A8542C1
:102C40001AD9608C96F88030ADF80830736E6084C5
:102C50000393FFF7E9FE012102A82FF02FF8736F0D
:102C600013B1316E40469847236801332360002F2B
:102C700097D02FF00FF9B9E72EF0C2F9D9F800304C
:102C8000C01A80B2DEE70127EEE7A2680132A26037
:102C9000002BABD1B0E72B460125626801326260A0
:102CA000002BE6D1A8E7012297E76FB1FB1E012BAD
:102CB0001BD9042F4FF000034FF0010524D01DD97C
:102CC000E2690132E2618DE7B06E06F190033A46A7
:102CD00006F1480101F0E4FC18B1F36FB16E404613
:102CE0009847236901332361C3E7F36F00219847B5
:102CF000042F4FF001034FF0000505D0032FDFD163
:102D0000A2690132A261C3E7626901326261C7E769
:102D10002EF076F9D9F80030C01A80B24BE70127BF
:102D20009DE7042F4FF001037FF453AFB5E700BFD9
:102D3000540701205C0A0120FC0901202DE9F84319
:102D400081462EF05DF9284D284C286019F068F96D
:102D500019F066F9264B876A93F87060721C012E91
:102D6000804683F8702024D1B9F1000F38D1BB6FB1
:102D7000796E984778B1268C2EF042F92B68C01AEC
:102D8000864221D9238C2384FFF75BFEB86E27216E
:102D90002FF056F80026E3680133E3604EB12FF0C0
:102DA00079F807F160014046FFF79CFE08B119F081
:102DB0004DF9E68C2EF024F92B68C01A864209D909
:102DC000E08CE084BDE8F8832EF01AF92B68C31A72
:102DD0009BB2D8E72EF014F92B68C01A80B2F0E746
:102DE000E3690133E361E2E7FC09012054070120B4
:102DF0005C0A012008B5064A0649022001F086FB5C
:102E0000BDE808400448282200213AF067BC00BF12
:102E1000A5290300592A0300540701201FB50023E8
:102E200001A8CDE9013303932EF0AEFE05B05DF8A5
:102E300004FB00007FB5174C866A054608462EF055
:102E4000ABFE154BA367154BE367A868B36FC4F8D7
:102E5000843019F023F9C4F88000A86004F17800E8
:102E60002EF07CFE002384F87030326E7AB101229D
:102E700001A8CDE902338DF804202EF085FE084824
:102E800040F2011104B0BDE870402EF063BFFFF7BF
:102E9000C5FFF4E75C0A0120A52E0300F53103000D
:102EA0007C07012070B506462EF0AAF81E4D1F4C77
:102EB000286019F0B5F81E4A92F87030591C012BA1
:102EC00082F8701013D146BBA68D2EF099F82B68AE
:102ED000C01A864215D9A08DA085FFF79FFF15481F
:102EE00040F201112EF0ACFFE3680133E360668E1F
:102EF0002EF086F82B68C01A864208D9608E60864C
:102F000070BD2EF07DF82B68C01A80B2E4E72EF079
:102F100077F82B68C01A80B2F1E7A36A0133A36285
:102F200019F094F8E3E700BFFC09012080080120B4
:102F30005C0A01207C07012070B5104C866A0546AA
:102F400008462EF029FE0E4BE367A868B36EC4F85E
:102F5000843019F0A3F8C4F88000A86004F1780068
:102F60002EF0FCFD002384F87030FFF757FFBDE81A
:102F70007040044840F201112EF0ECBE5C0A0120C2
:102F8000892F0300B40801202DE9F74F0E469DF864
:102F9000301001929A46009105462EF031F8DFF884
:102FA0004C82DFF84C92C8F8000019F039F819F09B
:102FB00037F899F87030D0F828B0894CDDE9001264
:102FC000074683B1032B00F08980258C2EF018F87A
:102FD000D8F80030C01A854240F2F480208C20845A
:102FE00003B0BDE8F08FDDB1EA1E012A40F2F180A6
:102FF000042D67D070D81A460123032D5CD01946E2
:103000001346A2690132A2611A460B46002A60D01B
:1030100015F0FB0F01D12EF03DFF19F017F8D4E7A2
:10302000032389F870308BF86D600126CBE91C2AE8
:103030008BF86E102A46DBF860306A498BF87860AE
:103040009847054690B358462EF0A6FD0AEB0500BA
:1030500019F024F8C9F8800009F178002EF07EFDFF
:10306000A58B2DF0CDFFD8F80030C01A854216D9B7
:10307000A08BA083FFF7D2FE5A4840F201112EF038
:1030800069FEDBF86430584938469847B0FA80F654
:103090007609236801332360002E96D0BBE72DF01C
:1030A000AFFFD8F80030C01A80B2E2E7DBF8643036
:1030B0004C4938469847ECE7A1680131A160002AE5
:1030C000ABD106E01A460123616801316160002A34
:1030D000A1D1002BA1D178E7012192E7DBF8603084
:1030E000ADB1EA1E012A55D92A4600219847DBF8DE
:1030F0006430002138469847042D4FF000024FF00D
:1031000001035BD054D9A1690131A1617EE78BF83D
:1031100078508BF86E102A4632498BF86D609847CC
:10312000054680B358462EF037FD05EB0A0018F02F
:10313000B5FFC9F8800009F178002EF00FFDA58BCE
:103140002DF05EFFD8F80030C01A854214D9A08B4C
:10315000A083FFF763FE234840F201112EF0FAFD31
:10316000DBF86430204938469847B0FA80F6760993
:10317000E3680133E3608FE72DF042FFD8F80030B9
:10318000C01A80B2E4E7DBF8643016493846984745
:103190000126EDE72A4600219847DBF8643000213C
:1031A00038469847042D4FF001024FF0000305D038
:1031B000032DA8D161690131616180E72169013185
:1031C000216184E72DF01CFFD8F80030C01A80B2CE
:1031D00005E7042D4FF001027FF40FAF74E700BF45
:1031E000B8090120B40801207C070120FC09012056
:1031F0005C0A01202DE9F04F8BB09B469DF85030C2
:103200000193CDE9022106462DF0FAFEDFF8C882CF
:10321000DFF8C8A2C8F8000018F002FF18F000FF9D
:103220009AF87070856AAA4C0399022FDDE9013281
:10323000814600F0C380032F00F03081002F52D16F
:10324000FEB1F31E012B40F29E81042E00F0A880F7
:1032500000F2B2803B460127032E00F09A803A46E6
:103260001F46A36A0133A3623B461746002B00F0BA
:103270009F8016F0FB0F01D12EF00CFE18F0E6FE39
:1032800031E085F87D1085F87E30C5E9202B6B6E26
:103290009049984700283BD02B6EFBB10123E78D66
:1032A0008AF870302DF0ACFED8F80030C01A874292
:1032B00027D9E08D95F87430ADF814302B6EE08589
:1032C00006930125002307A8CDE908338DF81C508B
:1032D0002EF05AFC294605A82EF0F0FC2368013395
:1032E0002360002EC8D1258E2DF08AFED8F800303C
:1032F000C01A854240F24081208E20860BB0BDE886
:10330000F08F2DF07DFED8F80030C01A80B2D1E7E2
:10331000EB6E002B36D06F4948469847064688B377
:1033200003238AF870302EF0B5FD28462EF034FCC9
:103330000BEB060018F0B2FECAF880000AF1780024
:103340002EF00CFCA68D2DF05BFED8F80030C01AD4
:10335000864210D9A08DA085FFF760FD5D4840F240
:1033600001112EF0F7FC2B6F5A4948469847B0FAE6
:1033700080F67609B2E72DF043FED8F80030C01A87
:1033800080B2E8E72B6F13B15249484698470126AF
:10339000A4E7A2680132A260002B7FF46FAF07E0C0
:1033A0003B460127626801326260002B7FF464AF04
:1033B000002F7FF463AF96E7012252E703278AF8D4
:1033C00070706EB1F31E012B55D9042E4FF000031F
:1033D0004FF001075ED057D9A26A0132A26245E7D9
:1033E00085F87D1085F87E30C5E9202BAB6E394914
:1033F0009847EB6E002B37D036494846984706462B
:1034000090B328462EF0C8FB0BEB060018F046FEE2
:10341000CAF880000AF178002EF0A0FBA68D2DF0EE
:10342000EFFDD8F80030C01A864216D9A08DA085CD
:10343000FFF7F4FC274840F201112EF08BFC2B6FB4
:10344000244948469847B0FA80F04009236901337F
:10345000236100283FF447AF0EE72DF0D1FDD8F8E7
:103460000030C01A80B2E2E72B6F13B11949484609
:1034700098470120EAE7AB6E00219847042E4FF0F1
:1034800001034FF0000705D0032EA5D1A269013238
:10349000A26181E762690132626186E7EB6EFEB18B
:1034A000F21E012A57D9002198472B6F13B1002132
:1034B00048469847042E4FF000034FF0010757D0BD
:1034C0008AD8032E88D1626A0132626264E700BF43
:1034D000800801207C070120FC0901205C0A0120F2
:1034E0002C499847064678B328462EF055FB06EB44
:1034F0000B0018F0D3FDCAF880000AF178002EF016
:103500002DFBA68D2DF07CFDD8F80030C01A864228
:1035100013D9A08DA085FFF781FC1E4840F2011150
:103520002EF018FC2B6F1B4948469847B0FA80F0E4
:103530004009E3690133E3618BE72DF061FDD8F8C1
:103540000030C01A80B2E5E72B6F13B1114948462D
:1035500098470120EDE7002198472B6F13B1002118
:1035600048469847042E4FF001034FF00007A8D1BA
:10357000226A0132226218E72DF042FDD8F80030AD
:10358000C01A80B2B9E6042E4FF001037FF464AE96
:1035900008E700BF7C07012008B506490022062085
:1035A00000F0B4FFBDE808400348342200213AF09F
:1035B00095B800BF352E03008008012008B50649E4
:1035C0000022092000F0A2FFBDE8084003482422A1
:1035D00000213AF083B800BF392F0300B809012059
:1035E0002EF060BC1FB5002301A8CDE90133039381
:1035F0002EF0CAFA05B05DF804FB00002DE9FF4784
:1036000007460D469246994618F01AFD06460028D0
:1036100079D1D7F828803D4C94F87230032B72D0C2
:1036200094F87110022984BF0339C9B201F125024F
:10363000013388F8012084F87230EB7E0B414A1C7C
:10364000DB0784F87120E7D5B9F1000F04D11AF037
:10365000FB0F01D12EF01EFC40462EF09DFAB9F171
:10366000000F2FD0B86818F019FDC4F88000B860BA
:10367000002384F87030D5F80C80B8F1000F06D024
:10368000D4F8800018F00AFD01463846C0472048AB
:103690002EF064FA6B689BB301238DF8043001A807
:1036A0000023CDE902332EF06FFA2B7EADF8043003
:1036B00001212B68029301A82EF09CFA304604B039
:1036C000BDE8F0876B6853B12DF09AFC804618F086
:1036D000DFFC404418F0E2FCC4F88000C8E798F82A
:1036E0000E102A7E98F80C0017F04DFC804618F05A
:1036F000CFFC404417F0AEFCD4F880301844E9E722
:10370000FFF770FFD1E70126D8E700BF5C0A012070
:10371000D40A012010B50E4B0E4A816A9A670E4AF0
:10372000DA670422C3F8842091F87A4083F8714064
:10373000002283F8702083F8722060310123FFF7A4
:103740005DFF18B1BDE8104018F070BC10BD00BF9F
:103750005C0A0120953803005D3703002DE9F3472B
:10376000994605462DF04CFCDFF82481464CC8F8FC
:10377000000018F055FC18F053FC444A866A92F891
:103780007030591C012B074682F8701062D106F187
:10379000600A002D45D1C6F87C90706E06F180035A
:1037A0002A4606F1480100F07BFF814640B3336FA3
:1037B000716E3846984718B3B4F81A902DF020FC73
:1037C000D8F80030C01A814513D9608B6083FFF7A9
:1037D00009FF96F87930ADF800300121B36E0193FE
:1037E00068462EF06BFA736FA3B1716E3846984736
:1037F00010E02DF005FCD8F80030C01A80B2E5E7E3
:1038000000231A4651463846FFF7F8FE0546B9F13F
:10381000000FE8D1636801336360DDB12EF03AFB3D
:1038200010E000232A465146FFF7E8FE042D1ED083
:1038300001D8032D09D063690133636150B115F0DC
:10384000FB0FEBD018F002FC04E0E3680133E36007
:103850000028F7D1A58B2DF0D3FBD8F80030C01A83
:1038600085420AD9A08BA08302B0BDE8F087A36887
:103870000133A3600028D1D1ECE72DF0C1FBD8F8CB
:103880000030C01A80B2EEE7DC0901205C0A01209A
:10389000FC0901202DE9FF4107462DF0B1FB324E16
:1038A000324C306018F0BCFB18F0BAFBD0F828801E
:1038B0002FB163690133636118F0C8FB0AE02C4B38
:1038C00093F870506A1C08F1600183F870206DB1A4
:1038D000022D39D0E58B2DF093FB3368C01A854259
:1038E0003BD9E08BE08304B0BDE8F081D8F86430C8
:1038F00023B3278B2DF084FB3368C01A874217D976
:10390000208B208301238DF8043001A80023CDE90A
:1039100002332EF039F9D8F8640024212EF090FA01
:10392000236801332360002DD4D02EF0B3FAC3E70F
:103930002DF066FB3368C01A80B2E2E72B462A46B8
:10394000FFF75CFE0546EBE73B463A46FFF756FEBF
:103950002369013305462361E5E72DF051FB336808
:10396000C01A80B2BEE700BFFC090120DC090120BB
:103970005C0A012008B5064A0649032000F0C6FD8E
:10398000BDE8084004482022002139F0A7BE00BF4E
:10399000E135030015370300DC0901201FB50023C2
:1039A00001A8CDE9013303932EF0EEF805B05DF8E0
:1039B00004FB00002DE9F0479A4605462DF020FB58
:1039C000354F364C386018F02BFB18F029FB344B80
:1039D000866A93F8709009F10102B9F1010F8046EF
:1039E00083F8702043D175BB9DF8203086F8A13054
:1039F000316FD6F89430C6F8A4A0984780B3B4F8D5
:103A00001E902DF0FDFA3B68C01A814515D9E38B55
:103A1000E383FFF7C3FF022106F174002EF04EF995
:103A2000D6F8983013B1316F404698476368013338
:103A30006360E5B12EF02EFA17E02DF0E1FA3B6855
:103A4000C31A9BB2E4E7042D1CD001D8032D09D082
:103A5000A36915F0FB0F03F10103A36105D1E9E7A9
:103A60004D46E3E7E3680133E36018F0EFFA258C95
:103A70002DF0C6FA3B68C01A854207D9208C2084F5
:103A8000BDE8F087A3680133A360D3E72DF0B8FA4F
:103A90003B68C01A80B2F2E7FC090120000A01204D
:103AA0005C0A0120F8B5CB6B06460C460BB9012029
:103AB000F8BD0121984705460028F8D0B06A144E99
:103AC0002EF06AF8D6F88000284418F0E7FA114D75
:103AD000C6F8800006F178000F4E2EF03FF8AF8B4D
:103AE0002DF08EFA3368C01A87420AD9A88BA883B2
:103AF000FFF754FF04F1240002212EF07BF8002090
:103B0000D6E72DF07DFA3368C01A80B2EFE700BF28
:103B10005C0A0120000A0120FC0901202DE9FF4771
:103B200005462DF06DFA404F404C386018F078FA99
:103B300018F076FA866A81462DB1A3690133A36134
:103B400018F084FA18E0DFF8E88098F87050022D39
:103B500006F1600A3DD0032D55D06DB9336FBBB966
:103B60000323514688F87030FFF79CFF0546236811
:103B700001332360002D54D1658C2DF041FA3B6850
:103B8000C01A854247D9608C608404B0BDE8F087D4
:103B9000012388F87030B4F81C802DF031FA3B68AE
:103BA000C01A80450FD9A08BA08301238DF8043063
:103BB00001A80023CDE902332DF0E6FF306F242168
:103BC0002EF03EF9D3E72DF01BFA3B68C01A80B205
:103BD000EAE7032388F8703096F8A110707BD6F8D6
:103BE000A4500E2217F0CFF99635284418F056FA53
:103BF0005146C8F880004846FFF754FF2369013357
:103C000005462361B6E75146FFF74CFF6369013370
:103C100005466361AEE72DF0F3F93B68C01A80B248
:103C2000B2E72EF037F98BE7FC090120000A0120EA
:103C30005C0A0120F0B51F4C1F4B866AA3671F4B1F
:103C4000E3670423C4F8843085B000230F4605469B
:103C5000A4F8703018F0F4F9014640BBD6F89C3057
:103C60000BB12846984738462DF096FFA86818F003
:103C700015FAC4F88000A8601148002584F8705037
:103C80002DF06CFF336F7BB1012301A8CDE9025504
:103C90008DF804302DF078FF022106F1600005B0A8
:103CA000BDE8F0402DF0A6BFFFF778FEF4E705B0C1
:103CB000F0BD00BF5C0A01201D3B0300B5390300C5
:103CC000D40A0120FFF7B6BF08B508490022072033
:103CD00000F01CFC06490022082000F017FCBDE89B
:103CE000084004482422002139F0F8BC353C030088
:103CF000C53C0300000A01201FB501238DF80430E4
:103D000001A80023CDE902332DF03EFF05B05DF898
:103D100004FB00002DE9F04104460D4618F080F93F
:103D2000836A1B78042B0BD1124B93F870303BB98C
:103D3000FFF7E2FF29462046BDE8F0412DF05ABFCB
:103D40000D4E0E4FB6F816802DF05AF93B68C01A8A
:103D5000804509D9F38AF382FFF7CEFF2946204632
:103D6000BDE8F0412DF0AABF2DF04AF93B68C31A17
:103D70009BB2F0E75C0A0120240A0120FC09012023
:103D800070B50C4E04460D46C6F88C00A6F8881097
:103D900018F046F9836A1B78052B0AD196F8703023
:103DA0003BB9FFF7A9FF29462046BDE870402DF03A
:103DB000D1BF70BD5C0A012013B50C4601902EF0F6
:103DC00071F8084B0198D3F88C1031B10022C3F878
:103DD0008C20E36E022298470198636E02B0BDE822
:103DE000104018475C0A012070B50F4C0546084684
:103DF0000E462DF0D1FE0D4BA367A8680C4BE36770
:103E000018F04CF90423C4F88000A86004F178008D
:103E1000C4F884302DF0A2FE002384F87030336E95
:103E20002846BDE8704018475C0A0120E13E0300C7
:103E3000353E030070B50C4605462DF0E1F8254EE1
:103E4000306018F0EDF818F0EBF8826A9DF8103049
:103E500082F87130204B82F8704093F8701011B9DD
:103E6000012183F870100024D3F88C10C3F88C4023
:103E7000D36E2A46984718F0E3F830B115F0FB0FDF
:103E800001D12EF007F818F0E1F8032D134C0FD0F4
:103E9000042D11D0A5B9236801332360258B2DF0A3
:103EA000AFF83368C01A85420ED9208B208370BDCD
:103EB000A3680133A360F1E7636801336360EDE752
:103EC000236901332361E9E72DF09AF83368C01ABA
:103ED00080B2EBE7FC0901205C0A0120240A0120E2
:103EE0002DE9F04385B005462DF08AF82D4EDFF818
:103EF000BC80306018F094F818F092F8D0F8289050
:103F0000294CD9F86830294607469847D8F88C10CC
:103F100000293CD065BBA58A2DF072F83368C01A21
:103F200085421FD9A08AA08201238DF8043001A800
:103F30000023CDE902332DF027FEB8F88810D8F819
:103F40008C002DF07DFFE3680133E360658B2DF07D
:103F500057F83368C01A854213D9608B608305B067
:103F6000BDE8F0832DF04CF83368C01A80B2DAE770
:103F70000023C8F88C300222D9F86C3038469847B4
:103F800008E02DF03DF83368C01A80B2E6E70DB9BD
:103F90002DF080FF18F05AF8002DD4D0236901339A
:103FA0002361D3E7FC090120240A01205C0A0120D7
:103FB00008B5064A0649042000F0A8FABDE8084002
:103FC00004481C22002139F089BB00BFB93D030021
:103FD000E93D0300240A012013B50C4601902DF0A1
:103FE00061FF084B0198D3F88C1031B10022C3F85F
:103FF0008C20236F022298470198A36E02B0BDE87F
:10400000104018475C0A01202DE9F0410F4D876AE6
:10401000044608460E462DF0BFFD0D4BAB67A06869
:104020000C4BEB6718F03AF83B6EC5F88000A060C7
:1040300005F17800C5F884302DF090FD002385F857
:104040007030736E2046BDE8F04118475C0A0120CD
:104050000941030059400300F8B50C461F460546C8
:104060002CF0CEFF254E306017F0DAFF17F0D8FFA6
:10407000826A9DF8183082F87840214C82F87930B5
:1040800094F870301BB9012384F87030576700230F
:10409000D4F88C10C4F88C30136F2A46984717F068
:1040A000CFFF30B115F0FB0F01D12DF0F3FE17F06B
:1040B000CDFF032D134C0FD0042D11D0A5B92368CB
:1040C00001332360258B2CF09BFF3368C01A854297
:1040D0000ED9208B2083F8BDA3680133A360F1E7DC
:1040E000636801336360EDE7236901332361E9E726
:1040F0002CF086FF3368C01A80B2EBE7FC09012080
:104100005C0A0120240A01202DE9F04385B0804695
:104110002CF076FF2E4D2F4E286017F081FF17F000
:104120007FFFD0F828902C4CD9F86C3041460746D8
:104130009847B8F1000F29D1D6F88C300BB3A78A75
:104140002CF05EFF2B68C01A874214D9A08AA08287
:1041500001238DF8043001A80023CDE902332DF0AE
:1041600013FDB6F88810D6F88C002DF069FEE368D0
:104170000133E3601AE02CF043FF2B68C01A80B2D1
:10418000E5E72DF087FE17F061FFF0E7D6F88C1019
:1041900039B10023C6F88C300222D9F87030384685
:1041A000984717F053FF236901332361668B2CF086
:1041B00027FF2B68C01A864204D9608B608305B044
:1041C000BDE8F0832CF01CFF2B68C01A80B2F5E725
:1041D000FC0901205C0A0120240A012008B5064AD6
:1041E0000649052000F092F9BDE8084004481C2269
:1041F000002139F073BA00BFD93F03000940030022
:10420000240A01201FB5002301A8CDE9013303933F
:104210002DF0BAFC05B05DF804FB000070B5104D40
:10422000104BAB670646104B8068EB670C4617F0E7
:1042300035FF236EC5F88000B0602046C5F8843095
:104240002DF0AAFC05F178002DF088FCFFF7DAFFCD
:10425000B4F86C10A06EBDE870402DF07BBD00BFBF
:104260005C0A0120054303006D42030070B504465B
:1042700017F0D6FE17F0D4FE856A14F0FB0F6B6EB4
:10428000214620D19847F8B12DF004FE1A4B1B6847
:104290009E782CF0B5FE304417F000FF174E2B6EC1
:1042A000C6F880002846C6F884302DF075FC06F16B
:1042B00078002DF053FCFFF7A5FFB5F86C10A86E41
:1042C0002DF048FD02E0984717F0C0FE032C0C4B80
:1042D00006D0042C08D05CB91A6801321A6070BD8F
:1042E0009A6801329A60FAE75A6801325A60F6E732
:1042F0001A6901321A61F2E7403401205C0A012098
:10430000400A0120F7B5054617F08AFE17F088FE2F
:104310001B4E846A074625BB2DF0BCFD236E294643
:104320003846984700B3174DB4F86A00D5F8803086
:10433000184417F0B3FEC5F8800020462DF02CFC81
:1043400005F178002DF00AFCFFF75CFFB4F8683047
:10435000ADF800300121636E019368462DF04AFCF0
:1043600005E0236E2946984717F070FE25B9F368DB
:104370000133F36003B0F0BD336901333361F9E712
:10438000400A01205C0A012073B5114D114BAB6747
:104390000646114B8068EB670C4617F07FFEC5F8A8
:1043A0008000B06020462DF0F7FB05F178002DF07D
:1043B000D5FBFFF727FFB4F86830ADF800300121D6
:1043C000636E019368462DF015FC02B070BD00BF0E
:1043D0005C0A0120054303006D42030008B52DF07F
:1043E00061FDBDE8084017F031BE000008B5084A7D
:1043F0000849002000F08AF8054A0749012000F02A
:1044000085F8BDE8084005481C22002139F066B94E
:10441000DD430300894303001D420300400A0120DD
:10442000816A034B0A7853F8323003B1184770475A
:104430005C0A0120816A044B0A7803EBC2035B68C3
:1044400003B11847704700BF5C0A01202DF092BAF3
:104450002DF042BB08B52DF03FFBBDE80840002021
:104460002DF0AEBB08B52DF0D7FA00202DF09EFB45
:10447000BDE8084001202DF0A3BB08B52DF0CCFA13
:10448000BDE8084000202DF091BB08B52DF0C4FA1E
:10449000BDE8084001202DF089BB000013B5124C87
:1044A0002DF06AFA114A1249124B0094012017F0BC
:1044B0002FFE114B0D4A0E490094022017F028FEE2
:1044C0000E4B0A4A009300210D4B032017F020FEEB
:1044D0000C49012017F02AFE0B489822002102B057
:1044E000BDE8104039F0FAB85144030035440300E8
:1044F000214403008B4403007B4403005544030024
:10450000654403004D4403005C0A0120034B43F85B
:10451000301003EBC0004260704700BF5C0A01200E
:10452000F0B504468C461778D3E9000185B01646ED
:104530001D46002C36D0CFB14FEA112E0EF0C00E22
:10454000BEF1400F12D1BCF1000F04D000F0F6FC18
:10455000204605B0F0BD00F067FC044608B1012418
:10456000F6E71F4AD38B0133D383F1E702460B46AC
:10457000384600F067FD0238C0B20128EFD80DF1CF
:104580000F0300933078D5E9002300F0FFFB18B14A
:104590009DF80F30002BDBD1114A138B01331383AD
:1045A0000224D5E727B10B0A03F0C003402BD6D075
:1045B00002460B46384600F045FD02380128CED8A9
:1045C0000DF10F0300933078D5E9002300F0DEFBF6
:1045D0000028E1D09DF80F30002BC0D1DCE700BFF0
:1045E000F40A01202DE9F041884617461E4604468C
:1045F00058B152EA06030E4D0AD100F02BFE0128F5
:1046000006D1EB880133EB8004462046BDE8F081FB
:104610003A463346404600F09BFD20B9AB88013353
:10462000AB800224F1E7EB880133EB80EDE700BFBC
:10463000F40A01201FB50B46DDE9064110B9002040
:1046400004B010BDCAB10A0A02F0C002402A14D157
:1046500033B10AAB08AA2046039100F0C3FC0399CA
:10466000DDE90A232046CDE900239DF8202000F053
:1046700019FC003818BF0120E2E7DDE90A239DF8A4
:10468000200000F0F0FC0238C0B20128D7D8034A5D
:10469000538B013353830220D2E700BFF40A012079
:1046A0002DE9F04F90F800B00D88704E0BF00F0B15
:1046B00045FA0BF515F001051C4687B04378804696
:1046C0000F46914606D1338801333380284607B020
:1046D000BDE8F08F72884FF4C07A4AFA0BFA0132C3
:1046E0001AF0010A728001D00125EFE703F03F03C1
:1046F000637484F810B010F8025B25F02BFCC5F34E
:104700008015E574A574C4E90201C4E90001786864
:1047100004F1080304F113024946C0F38010FFF7C7
:10472000FFFE0128054602D0022838D05546D7F8AA
:1047300004C094F813E01CF0040AD4E902230ED05C
:10474000D7E90410834208BF8A4203D1CCF3C00CDE
:10475000E64526D03089013030814FF0020A788852
:1047600040FA0BF0714600F00100FFF73BFF5045A7
:10477000E17C21D27B6813F0040FD4E902E0D7E991
:1047800004C217D0904208BFE64503D1C3F3C0036B
:1047900099420CD0338901333381012D19D1002581
:1047A00094E77089013070814FF0010AD7E773896F
:1047B0000133738101250CE0788840FA0BF0D4E9CD
:1047C000022300F00100FFF70DFF0128F2D90228B3
:1047D000E3D02A2323FA0BF325754FF0010ADD07F6
:1047E00084F815A080D5404610F8085B25F0B2FB90
:1047F000D4E9022383467868CDE90423ED09E37CFC
:104800000293CDE900B188462A464946C0F300101C
:10481000FFF710FF01283FF467AF0228BFD0D7E9A8
:104820000131D807FA687FF55FAF424508BF5945A7
:1048300003D1C3F34002AA4213D0B2890132B2813C
:10484000002DACD04FEA182808F0C008B8F1400895
:10485000A5D19B06A3D5338C0133338484F815800E
:1048600034E7F3890133F3813EE700BFF40A012006
:104870002DE9F04F07461C4608883B7C634D1841E4
:1048800010F0010087B00E46904605D12B88013309
:104890002B8007B0BDE8F08F6B8801336B80D7E9C0
:1048A0000023C4E90223C4E90023BB7CE374A3749E
:1048B000486804F1080304F113024146C0F3801074
:1048C000FFF72EFE0128814603D002283CD04FF08E
:1048D0000009D6F804C094F813E01CF0040AD4E9E7
:1048E00002230ED0D6E90410834208BF8A4203D1C6
:1048F000CCF3C000864529D02889013028814FF0AB
:10490000020A708897F810C040FA0CF0714600F067
:104910000100FFF767FE5045E17C23D2736813F076
:10492000040FD4E902E0D6E904C218D0904208BFCF
:10493000E64503D1C3F3C00399420DD02B8901335F
:104940002B81B9F1010F1AD10020A2E7688901304B
:1049500068814FF0010AD4E76B8901336B814FF016
:1049600001090CE03B7C7088184100F00100D4E99B
:104970000223FFF737FE0128F1D90228E1D084F89D
:1049800014904FF0010984F815907B7C9B0701D4AB
:1049900001207EE7D4E9022397F813B07068D7E9C5
:1049A00002A7CDE90423E37C0293CDE900A75A4690
:1049B0004146C0F30010FFF73DFE01283FF469AF08
:1049C0000228C1D0D6E90131D807F268E0D5BA4251
:1049D00008BF514503D1C3F340025A4511D0AA89FB
:1049E0000132AA81BBF1000FAED03F0A07F0C00729
:1049F000403FA9D19B06A7D52B8C01332B8467752B
:104A0000C6E7EB890133EB81C2E700BFF40A01205E
:104A100030B50B4C0B4D002323700B4C23708B07D0
:104A200016BF21F003030B4604332B6003EB001386
:104A3000591A914296BF2070002088B230BD00BF45
:104A40001A0B01201C0B01201B0B0120F0B50E4995
:104A50009DF814C00D780D4909680024A54201D8BD
:104A60000020F0BD0E7A864208D1D1E900769E4240
:104A700008BF974202D14E7A664502D00134103108
:104A8000ECE70120EDE700BF1A0B01201C0B012011
:104A9000014B1878704700BF1B0B0120014B00220F
:104AA0001A7070471A0B012030B50B490B4D09786D
:104AB0002C78A1420DD90A49096801EB0411C1E91A
:104AC000002301349DF80C3008724B722C700120C9
:104AD00030BD0020FCE700BF1B0B01201A0B01209A
:104AE0001C0B01202DE9F0411B4CDFF870E027681A
:104AF0009DF818809EF8001084463C460025EEB2D2
:104B0000B14201D8002021E0267A664520D1D4E9BF
:104B100000069E4208BF90421AD1667A464517D1D8
:104B2000012901F1FF330ED09D420CD001F18051DB
:104B3000013907EB01110A7A2272D1E90067C4E951
:104B400000674A7A62728EF800300120BDE8F08179
:104B500001351034D3E700BF1C0B01201A0B0120D4
:104B6000F0B50C490D780C4943EA00430C6800216C
:104B7000C8B2854201D800200AE02046D0E9087674
:104B80009E4208BF974201F1010104F14804EFD1B0
:104B9000F0BD00BF240B0120280B012030B585B0EB
:104BA00005460C4610220021684638F097FD6A46FB
:104BB000ADF8004011462846240C8DF802402DF037
:104BC000B3FB9DF802309DF801209DF800001B0406
:104BD00043EA0223184305B030BD13B5042104464F
:104BE0000DEB01002DF0FAFB0199C1F3150141F421
:104BF000800120460191FFF7D1FF019940EA016051
:104C0000090A02B010BD000030B50C4C0C4D002359
:104C100023700C4C23708B0716BF21F003030B4647
:104C200004332B6000EBC00503EBC503591A914216
:104C300096BF2070002088B230BD00BF240B012039
:104C4000280B0120250B0120014B1860704700BF85
:104C5000200B0120014B1878704700BF250B012065
:104C6000014B00221A707047240B0120F8B507464B
:104C70001D46FFF775FF1646044688B92E4A2F4B8E
:104C800011781B788B4201D80020F8BD2C480468AD
:104C900001EBC10314EBC30401F101011170F3D066
:104CA00045EA0745069BC4E90865224603F1100161
:104CB00053F8040B42F8040B8B42F9D1012384F81A
:104CC000403004F10F02631E13F8011F71B300237B
:104CD00084F84030079B04F11000024603F11001F4
:104CE00053F8045B42F8045B8B42F9D1012384F84A
:104CF000413004F12002034613F8011BC9B100231F
:104D000084F8413000230022C4E90A23C4E90C23BB
:104D1000C4E90E230023A4F8423094F841301BB9B3
:104D2000FFF75BFFC4E90C010120AEE79A42CBD14B
:104D3000D0E79A42E0D1E5E7240B0120250B0120C2
:104D4000280B012038B5FFF70BFF80B1084D2C78F8
:104D5000012C09D90749482209686FF0470312FB63
:104D60000433194438F092FC013C2C70012038BD0A
:104D7000240B0120280B012008B5FFF7F1FE20B11C
:104D80009DF8083080F84330012008BD08B5FFF7D2
:104D9000E7FE20B1029B90F843201A70012008BD65
:104DA00010B5029CFFF7DCFE40B1D0E90A2352EABD
:104DB00003011ABFC4E900230120002010BD10B573
:104DC000029CFFF7CDFE40B1D0E90C2352EA03016B
:104DD0001ABFC4E900230120002010BD08B5FFF769
:104DE000BFFE28B1029BD3E90023C0E90C230120B8
:104DF00008BD10B5FFF7B4FE044698B190F84030F6
:104E000083B990F8423033B9FFF7E7FEC4E90A01ED
:104E1000012384F84230D4E90A01029BC3E900016E
:104E2000012010BD0020FCE7F7B51A4C94F800C033
:104E3000194C002625683446F7B2BC4510D80CB38F
:104E4000164C2468F4B1164E758C01357584D3E97F
:104E50000067CDE9006713780122A047002411E024
:104E600095F8407097B9D5E90A748C4208BF87421B
:104E70000BD1E98C01F001011170296AAA8CC3E9F8
:104E800000120124204603B0F0BD0124013648354C
:104E9000D2E700BF240B0120280B0120200B0120AA
:104EA000F40A01202DE9F347DDE90A6791468046BF
:104EB00032463B4648460D46FFF752FEE8B190F8B1
:104EC0004140D4B9D0E90E23AB4208BF424516D0C9
:104ED0000C4BD3F800A0BAF1000F0AD00A4A938C09
:104EE000013393844046CDE900674B46224629466C
:104EF000D047204602B0BDE8F0870024F9E701243E
:104F0000F7E700BF200B0120F40A012038B5054661
:104F10001046DDE904230C46FFF722FE50B190F85D
:104F2000413043B9D0E90E23A34208BFAA420CBFC7
:104F30000120002038BD0020FCE700002DE9F74FDC
:104F40000E46010E41EA0621DFF894A000920546C4
:104F50001F4621F07F414FF000084FF0480B1E4BD9
:104F60001B785FFA88F4A34205D81C4A138A0133E0
:104F70001382002029E0DAF800300BFB043494F8A7
:104F80004090B9F1000F23D1D4E90A23B34208BFFE
:104F9000AA4210D020460191FFF700FE25F07F4382
:104FA0008342019914D10D4A84F84290538AC4E98E
:104FB0000A5601335382E38C009A03F00103137005
:104FC000226AA38CC7E90023012003B0BDE8F08F5B
:104FD00008F10108C3E700BF240B0120F40A0120F7
:104FE000280B012070B50E4611460546D3E9002373
:104FF0000878FFF7B5FD0446E0B190F84130CBB931
:10500000D0E90E23B34208BFAA4211D0290E41EACB
:10501000062121F07F411030FFF7C0FD25F07F43CE
:10502000834207D1064AD38AC4E90E560133D3829C
:10503000012004E0024A938A01339382002070BD6C
:10504000F40A012008B5FFF78BFD48B1D0E90A3218
:10505000134306D190F84030002B14BF01200220EA
:1050600008BD0320FCE708B5FFF77AFD48B1D0E999
:105070000C32134306D190F84130002B14BF0120AD
:10508000022008BD0320FCE72DE9F041134E144F28
:1050900000254FF048083378ECB2A34201D8BDE8B0
:1050A000F0813B6808FB043494F841302BB904F1DB
:1050B0001000FFF792FDC4E90C0194F840303BB9B1
:1050C00094F8423023B12046FFF787FDC4E90A0176
:1050D000012384F844301D44DDE700BF240B012088
:1050E000280B012008B5FFF73BFD30B1002290F8F6
:1050F000443080F84420184608BD0346FBE708B555
:10510000FFF72EFD003818BF012008BD30B50C4C4C
:105110000C4D002323700C4C2B7023708B0718BF91
:1051200021F00303094D0CBF0B4604332B6003EB46
:10513000C003591A914296BF2070002088B230BD3A
:105140002D0B01202C0B01202E0B0120300B0120F8
:1051500030B543EA00400A4B19680A4B1C7801EB52
:10516000C404A14201D1002030BDD1E900538342E3
:1051700008BF954201F10801F3D10120F4E700BF17
:10518000300B01202D0B0120014B1878704700BF18
:105190002E0B0120024A00231370024A137070473D
:1051A0002D0B01202C0B0120F8B5064615461C4698
:1051B000FFF7CEFF80B9094B094A197812788A4265
:1051C0000BD9084A126802EBC10742F8315044EA91
:1051D000064401317C6019700120F8BD2D0B0120BF
:1051E0002E0B0120300B0120DFF84CC043EA0040B9
:1051F000104B9CF80010F0B51C68254604EBC10E5E
:10520000754501D1002014E02B46D3E90076864293
:1052100008BF974205F10805F2D101291EBF04EB32
:10522000C10454E90245C3E9004501398CF8001076
:105230000120F0BD300B01202D0B0120014B01227C
:105240001A7070472C0B0120014B00221A70704716
:105250002C0B0120014B1878704700BF2C0B01204C
:1052600008B516F053FEFFF719F9FDF7C3FDFEF779
:105270009FFEFEF77FFBFEF7B1FFFEF78DF9FEF70D
:105280009DF9FEF721FD2CF033FEBDE80840FFF745
:10529000ADB8000008B5034828F050FDBDE808404F
:1052A00017F092BBD1CA040008B513F025FA13F029
:1052B00063FA13F053FA13F035FA13F056FA13F0B9
:1052C00063FA13F068FA13F020FA13F057FA13F0A8
:1052D00057FA13F030FA13F065FA13F035FA13F0B9
:1052E00051FA034828F02AFDBDE8084013F07AB9C6
:1052F000698604002DE9F041DDE906570C46984621
:10530000164616F0FDFD3A4629462046FFF7FEFEFA
:1053100005443F1A3A46294604464046FFF778FBC3
:1053200004443A1A29183046FFF76EFC2044BDE8C1
:10533000F08170B516460D4613F04EF931462846F9
:1053400013F004FA361A054431460446284613F091
:10535000DAF90444311A284413F0EBF9204470BD03
:1053600030B585B003690193C3680093044683791F
:10537000427901790068FFF7BDFFE16822690144C5
:10538000121AE16022610546A068FFF7D2FFE368C8
:105390000344E36023691B1A236128440390FFF749
:1053A0005FFFFFF777FFFFF77FFF039805B030BD82
:1053B00008B5034828F0C2FCBDE8084012F04ABD19
:1053C000F180040013B504460548019128F0B6FCAD
:1053D000019A214602B0BDE8104016F0D3BE00BFCE
:1053E000B1C1040008B512F061FD12F02BFE12F0FD
:1053F000D9FD12F08BFD12F035FE12F0A9FD12F06E
:1054000077FD12F00FFE12F063FE12F05FFD12F056
:10541000E9FD12F08BFD12F0BDFD12F049FEBDE872
:10542000084012F031BE38B50546FFF799FFAB686A
:105430000446998CD88BFFF7C5FFFFF7D3FFFFF722
:10544000B7FF12F0ADFF204638BD000037B5044667
:1054500015F004FC144B9C42144B4FF000020CBF9F
:10546000DA701A7194F8423003F0FD03012B01D178
:1054700015F004FC204607F085F804F128050DF12D
:105480000701284624F0F9FB40B930340DF107013B
:10549000204624F0F2FB20B903B030BD24F0D4FB49
:1054A000EDE724F0D1FBF1E7680C0120B0300120DA
:1054B000154A38B5154C164B106851681D6804F133
:1054C0003C0303C304F148002979124D07F082F927
:1054D000012016F02DFD15F0B9FB0123EB7094F8B7
:1054E000423003F0FD03012B01D115F0BFFB07F0A3
:1054F0006BF800200123687184F89031A4F88E3194
:10550000BDE8384015F061BB4C310120680C01202A
:10551000600C0120B0300120054BDB7833B1054829
:10552000012380F899309C3017F082B9704700BF92
:10553000B0300120680C0120002015F046BB0C2083
:1055400015F043BB08B5012016F008FDBDE8084082
:105550000148FFF77BBF00BF680C012008B50120A0
:1055600016F0FCFC0348FFF771FFBDE8084000207F
:1055700015F02BBB680C0120FFF7E4BF034B044A76
:1055800019684B6813608B6853607047600C01208A
:105590004C31012008B5084B08481B68197990F870
:1055A00088308B4202D0483007F014F9BDE808403B
:1055B000002015F00ABB00BF600C0120680C012020
:1055C00010B50446012016F0C9FCA37B03F0FD03CF
:1055D000012B01D115F052FBD4F8980220B124F030
:1055E00033FB0023C4F89832D4F8A00220B124F091
:1055F0002BFB0023C4F8A032034AD378013BD370BD
:10560000BDE8104015F02ABBB030012038B5054682
:105610000C4C012016F0A2FC2C1B0B4AEB68A411C9
:1056200054430BB1A0B298470434E0B216F0BCFA70
:1056300095F810320BB115F031FB15F00FFB00237C
:105640002B7038BD78160120A38B2EBA38B50C46C6
:1056500005460E220021204638F040F8204695F8F5
:10566000703200F8023BD5E99E2324F079FC95F8CE
:105670007132637095F8B8322372D5F81C31054A3F
:10568000A3FB0232DB0F43EA4203638195F820312A
:10569000237338BDE3361A0038B50446012016F0EE
:1056A00047FCA37B03F0FD03012B01D115F0DEFACB
:1056B00000236370A370A4F8083284F83C302046BD
:1056C00007F07CFB054620B9204607F07BFC054629
:1056D00040B1284615F036FB20460321BDE838408E
:1056E00007F042BE074AD3780133D37015F0AEFA03
:1056F000012384F86830A4F866302846BDE83840B5
:1057000015F020BBB0300120002015F01BBB0000BD
:1057100070B4017C104C8A1E514266785141B6EB40
:10572000410F4FF001024FEA410582700AD190F813
:10573000082222B900F5037070BC17F079B800F5A3
:105740003E70F9E72378AA4023EA0203237003217D
:1057500070BC07F009BE00BF000E0120002015F04C
:10576000F1BA000010B5094C6378012B04D9BDE8EB
:1057700010400C2015F0E6BA04F1600024F075FB2F
:1057800004F17000BDE8104024F06FBB080E01204A
:10579000034B5B7813B10C2015F0D4BA704700BFEF
:1057A000080E0120024B587800B10C2015F0CABA3F
:1057B000080E012008B5FFF703FF044B5B7823B107
:1057C000BDE80840002015F0BDBA08BD080E012054
:1057D00038B51C4B1C68012016F0AAFB23790BB1CD
:1057E00015F054FA184D23792B72D4E90223C5E938
:1057F0000423E379AB72A3796B7208F0F5F8D0B1AA
:10580000A861237980F81032A37980F81132E37906
:1058100080F81232D4E90223C0E98623238AA0F853
:105820000832638A03EB83035B00A0F80A320B2380
:10583000037263798371A86907F066FEBDE838409A
:1058400015F004BAEC1E0120B81E0120034B5A7853
:10585000012A04BF00225A70704700BFB81E012001
:1058600010B5084C6378012B04D1A069C3702830AF
:1058700016F0DEFFA06901230371BDE81040052189
:1058800007F08CBDB81E012030B50F4C6378012B9A
:1058900085B007D1A0690025C3700571283016F0C6
:1058A000C7FF6570A0696946FFF7D0FEA169074B85
:1058B000C91A074B891159436A4689B23E2015F02F
:1058C00075FA05B030BD00BFB81E01207816012062
:1058D000A38B2EBA1FB50E4CA069C378012B04BF51
:1058E0000023C370FFF792FEA469237973B10E22DF
:1058F0000021684637F0F2FE0649074B611A89110C
:1059000059436A4689B2442015F050FA04B010BDDC
:10591000B81E012078160120A38B2EBA2DE9F04382
:105920003C4B85B01D6808F05FF8044600286ED037
:10593000012016F0FDFA002384F8103295F820308B
:1059400084F8113295F8213084F81232D5E90A230F
:10595000C4E9862395F823302F4F84F8B8322F4EB0
:105960004FF07A73C4F808320C233461A91D2372F6
:1059700038460CF0F9FBBB8840F2E2425343C4F8CE
:105980001C3195F8203084F8703295F8213084F875
:105990007132D5E90A01DB07C4E99E011CD50B0A67
:1059A00003F0C003403B17D14FF000084FF000094F
:1059B0008DF807300DF1070202ABCDE90289FFF740
:1059C000BDFA48B19DF8073043F0020384F8713204
:1059D000DDE90223C4E99E23306907F095FD15F047
:1059E00035F9AB88B3806B8BF380AB8B33812B8E17
:1059F000738195F82230288B3373EB8B7080F381A1
:105A000007F074FE05B0BDE8F04304F04DB805B0F2
:105A1000BDE8F083EC1E0120F01E0120D81E0120FD
:105A20007047000010B5064C20690123C370283070
:105A300016F0FEFE21693E20BDE8104008F010B8C7
:105A4000D81E0120034B18690123C370283016F0BB
:105A5000EFBE00BFD81E0120044B1869C378012B8C
:105A600004BF0023C370FFF7D1BD00BFD81E0120C3
:105A70001FB5037A0B2B04460ED16946FFF7E6FDEE
:105A80000A490B4B611A891159436A4689B20020B1
:105A900015F08CF904B010BD0C2BFBD10146002091
:105AA00004B0BDE8104007F0DBBF00BF781601204E
:105AB000A38B2EBA01238370283016F0B9BEFFF7EE
:105AC000A5BD0000012310B504468370283016F0F0
:105AD000AFFE04F5187024F0C8F90548054B201AEC
:105AE00080115843BDE8104080B215F086B900BF60
:105AF00078160120A38B2EBAF8B50579C38815B1A5
:105B0000012D18D0F8BD4FF430720F490688408837
:105B10005343CC18B4F84821921B8242F2DCD4E9FA
:105B2000506703F50A73C4E98A67C81815F0EEF8E0
:105B300084F83851E6E7044A4FF4307101FB03233F
:105B4000002283F8A021DDE77816012008B515F0C2
:105B500085F8064B00225A70054B93F821301BB193
:105B6000BDE8084015F08AB808BD00BFB03001207C
:105B70008831012008B5012016F0DAF915F066F831
:105B8000074B01225A70074B93F821300BB115F0E7
:105B90006DF808F063F8BDE80840002015F006B87D
:105BA000B03001208831012008B5012016F0C0F97D
:105BB00015F04CF8064B01225A70064B93F8213031
:105BC0000BB115F053F8BDE8084008F047B800BF26
:105BD000B030012088310120054B5B7833B1054896
:105BE000012380F829302C3016F022BE704700BF08
:105BF000B0300120381F0120002014F0D7BF0C2046
:105C000014F0D4BF2DE9F041594B5B788AB0002BDA
:105C100000F0AA80574C94F82860BEB3D4F8BC803A
:105C2000B8F1000F2DD004F1D803012204F1A00136
:105C30004046FEF735FD0646602023F0F9FF054695
:105C4000002800F08D8000F1080708F102013846B5
:105C50000CF055FC38460CF0AAFC002837D1284639
:105C600023F0F2FF042023F0E3FF014630B14FF4AC
:105C700041734380404B187B23F0EFFF012016F067
:105C80006DF90AB0BDE8F041FFF760BF3B4C08F08A
:105C90001DF9257C012DF1D13146242201A837F0D0
:105CA0001DFD43F60543ADF806303C238DF8083062
:105CB000A37C8DF80D300DF10E00D4E906238DF88C
:105CC0000C5024F04DF901A814F068FFD6E7002E1F
:105CD000C5D00023AB70D4F81831AB6394F8EB3027
:105CE00085F83C3094F8EA209A4207D1D4E938612B
:105CF000D4E93602914208BF864203D043F0020342
:105D000085F83C30D4E93823C5E91223002200236A
:105D1000C5E9142394F8EB2094F8EA309A4207D1AD
:105D2000D4E93802D4E936139A4208BF884203D036
:105D3000D4E93623C5E91423104BD3E91C23C5E964
:105D4000162394F82A3085F83D300123EB87002391
:105D500085F84130084B2946187B23F07EFF90E7F9
:105D6000002E3FF47FAF8CE70AB0BDE8F08100BFA2
:105D7000B0300120381F0120F0300120883101208F
:105D800008B5012016F0EAF8FFF7E0FE08F09EF8EB
:105D9000BDE80840002014F009BF08B5012016F046
:105DA000DDF8FFF7D3FEBDE8084008F08FB800002B
:105DB000054B30B51C68054D08340FCC0FC594E871
:105DC0000F0085E80F0030BD600C012090310120EC
:105DD00010B50446012016F0C1F8074B1868074BB0
:105DE000201AC01058430430C0B215F02DFEBDE893
:105DF000104014F033BF00BFC4200120DF3A82D22C
:105E000010B50446D0F8880828B1043823F01CFFE8
:105E10000023C4F88838D4F88C0728B1043823F05C
:105E200013FF0023C4F88C3794F83B300BB114F007
:105E300025FF024A9378013B937010BDB0300120DA
:105E400038B51C4D0446012016F072F82A68137A02
:105E500084F88032002384F8813284F8823284F816
:105E6000F836A4F8FA365168C4F88432204609F0AE
:105E7000E3F9014640B1607814F0CCFF20460421DC
:105E8000BDE8384009F094B80B4A93780133937019
:105E900094F83B300BB114F0E9FE2B68596819B146
:105EA00004F51C7023F0DEFF60780021BDE8384067
:105EB00014F0B0BFC8200120B030012038B5164D15
:105EC0000446012016F034F82A68137A84F88032E8
:105ED000002384F8813284F8823284F8F836A4F8FA
:105EE000FA365168C4F88432204609F0A5F9014613
:105EF00040B1607814F08EFF20460421BDE83840A0
:105F000009F056B82B68596829B104F51C70BDE832
:105F1000384023F0A7BF38BDC820012037B50D4D4C
:105F2000044600F51C70019023F09FFF2B68019838
:105F3000596809B123F096FF2B6860781B7A84F8C2
:105F40008032002184F8811203B0BDE8304014F0A3
:105F500061BF00BFC820012010B5044600F51C70C9
:105F600023F083FF002384F88232012384F8FA3679
:105F700010BD4078002114F04DBF40780C2114F082
:105F800049BF0000F0B590F8F8569DB0044665BBD7
:105F900000F51C7023F069FF2046FFF731FF012058
:105FA00015F0DCFF94F8813294F8821260782A466A
:105FB00014F01BFE238C03F01D031D2B13D13C2377
:105FC000002206930023CDE90423CDE90223D4E97E
:105FD0000C2360780795CDE90023012194F83A302D
:105FE0002A4600F0D1FA1DB0F0BDD0F88C67764F8C
:105FF000002E76D000F5F56300F5EE610122304603
:10600000FEF74EFB002800F0CB80602023F010FE4E
:106010000546002800F0C480637803800023837065
:10602000314610A80CF042FA311805F108000CF0C6
:1060300066FAD4F88C37002B7DD094F8BBC785F86E
:106040003CC094F8BA37634504F5F66308D153E9C8
:106050000202D4F8B0675968914208BF864203D063
:106060004CF0020C85F83CC0D3E90001C5E91201EF
:1060700000210020C5E9140194F8BB1794F8BA2751
:10608000914208D153E90202D4F8B06759689142AD
:1060900008BF864203D053E90223C5E91423012334
:1060A00085F83E30D4F8F436AB63484B387BD3E9FF
:1060B0001C23C5E9162394F8F93685F83D300123F1
:1060C00085F83F3094F8813285F8403094F8F03606
:1060D00085F84130294623F0C0FD2046FFF790FEA9
:1060E00081E7D0F88868002E8FD0314608A80CF0E0
:1060F000DDF9311810A80CF002FA00230F939DF877
:1061000020308DF8383003238DF83930DDE9102345
:10611000CDE90A23DDE91223CDE90C23BDF82230B5
:10612000ADF83A30012204F50C6304F5EE610AA8DB
:10613000FEF79EFB66E794F8D3C885F83CC094F858
:10614000D238634504F50C6308D1D3E90261D4F871
:10615000C0085A68914208BF864203D04CF0020C36
:1061600085F83CC0D3E90201C5E9120100210020F5
:10617000C5E9140194F8D31894F8D228914208D1B3
:10618000D3E90261D4F8C0085A68914208BF864238
:1061900003D0D3E90023C5E9142394F825387FE719
:1061A000637826F8043C082306F8023C032306F82B
:1061B000013C387B311F23F050FD01201DB0BDE8AC
:1061C000F04015F0CBBE00BFF03001208831012037
:1061D00010B50446FFF714FE012015F0BFFE6078ED
:1061E0000021BDE8104014F015BE10B50446FFF7BD
:1061F00007FE012015F0B2FE2046BDE8104008F071
:1062000007B83C2380F88232012380F8FA367047C1
:10621000F0B5D0E9007600221346C3F12005A3F1C2
:10622000200427FA03F106FA05F5294326FA04F4B7
:106230002143C90742BF811801320B720133252B5C
:10624000EBD180F82D20F0BD73B504460025012068
:1062500015F06EFE84F81E5206F0EEF8284BA4F8F6
:106260002851D3E90C232546C4F82401E5E98C2301
:10627000284614F04BFDD4F82431B4F8281183EAF1
:1062800013430126A4F86032284684F85E6208F0C1
:10629000C5F884F81D02204609F01AF9054650B1E8
:1062A0002046032109F0DCF86078294602B0BDE8F9
:1062B000704014F0E6BDA37884F82161012B15D15C
:1062C00094F8DD280AB984F82A31D4F8C423B4F844
:1062D000C0130192009114F019FCDDE9001223F0C3
:1062E00067FE0123A4F8D00384F8DE38607800212B
:1062F00014F0C7FD02B0BDE8704014F0A7BC00BFA9
:10630000B03001204078002114F0BBBD40780C2152
:1063100014F0B7BD37B58378012B044613D190F83C
:106320002151012D0FD1D0F8C423B0F8C013019230
:10633000009114F0EBFBDDE9001223F039FE84F844
:10634000DE58A4F8D003012384F81E3204F59670B9
:10635000002384F8213184F82A3103B0BDE83040AD
:1063600016F066BA10B590F82031012B044604D11E
:10637000FFF7D0FF2046FFF72BFD2046BDE8104079
:10638000FFF7EABD10B590F82031012B044604D187
:10639000FFF7C0FF2046FFF71BFD2046BDE8104079
:1063A00007F036BF10B50446FFF712FD60780021F4
:1063B000BDE8104014F065BD90F85030012B12D0AC
:1063C000094B1B68D3E90223C0E99A23C0E91623CD
:1063D000B0F828310633A0F86030082380F8523036
:1063E000012380F850307047C0200120D0F8E838F1
:1063F0000BB1407818477047D0F8EC380BB14078B3
:10640000184770476822002137F068B95030FFF70D
:10641000F9BF2DE9E84106461820884615461F4673
:106420000AF052F878B380F800802B8843702B88EC
:106430001B0A83706B88C3706B881B0A0371AB885F
:106440004371AB881B0A8371EB88C371EB88477279
:106450001B0A0372B6F816318372B6F816311B0A9E
:10646000C37200F11A0100F10E03FF2203F8022C9F
:1064700003F8012C02339942F8D101463046BDE8B9
:10648000E84109F0FFBFBDE8E88138B504460920BE
:106490000D460AF019F8002842D0057094F814123D
:1064A000B4F82A22B4F82E3219B1D4F8181209051A
:1064B00023D4B2F5056F28BF4FF40562B3F5056F1D
:1064C00028BF4FF40563B4F828124170B4F82812BD
:1064D000C270090A120A81700271B4F82C2242714A
:1064E000B4F82C22C371120A1B0A8271037201468E
:1064F0002046BDE8384009F0C5BF94F8451003298F
:1065000004D1B2F5296F38BF4FF4296294F84410D2
:106510000329D8D1B3F5296F38BF4FF42963D2E7E7
:1065200038BD70B5054602200E4609F0CDFF044681
:1065300048B3067015F0A0FD1428034617D91E288D
:1065400017D9322817D94B2817D9642817D9962874
:1065500017D9FA288CBF0023012395F8CA221344C7
:10656000637021462846BDE8704009F08BBF0723C1
:10657000F3E70623F1E70523EFE70423EDE7032321
:10658000EBE70223E9E770BD2DE9F0418CB004464A
:10659000884615460021202204A89DF860601F4609
:1065A00037F09CF80523ADF80C408DF80E308DF8CF
:1065B0000F608DF81060ADF812408DF814808DF8E2
:1065C000157045B1AB8C2A6AADF8203095F82B30A8
:1065D00007928DF82230DDE912230DF1160023F029
:1065E000BFFCDDE914230DF1290023F0B9FC0DF106
:1065F0002300DDE9162323F0B3FC03A814F0CEFA40
:106600008EB90A4B1B6A5B040DD52123ADF8063009
:1066100001A89DF86430ADF80440ADF808408DF84D
:106620000A3014F0BBFA0CB0BDE8F081B0300120A4
:10663000044B1A68043200F51B7307CA83E807008D
:10664000704700BF542101200A4BB0F816215B8A25
:106650009B1A9BB247F6FE72934210B5044602D9CC
:10666000492109F00FFB044A07CA04F51E7383E8A9
:10667000070010BDE0200120E82001201FB5124BCB
:10668000124A1B688DF80310C31A1B1153430022D2
:10669000CDE901229BB2ADF80C200722ADF8003005
:1066A0008DF802208DF80410ADF8063031B9B0F83D
:1066B0008032D0F87C220292ADF80C30684614F09B
:1066C0006DFA05B05DF804FB58210120CF467D67C7
:1066D000034B1B68D3E90223C0E9A823704700BF1E
:1066E0005421012010B50446082009F0EDFE0146B2
:1066F00028B3B4F81631B4F8142113440733A4F8BE
:10670000A83201230370D4F8A0324370D4F8A03229
:106710001B0A8370B4F8A232C37094F8A3320371D9
:10672000D4F8A4324371B4F8A8328371B4F8A83213
:106730001B0AC3712046BDE8104009F0A3BE10BD7E
:106740000E4B30B4044600F528750FCB85E80F00DA
:10675000B4F81621B4F8A8329B1A9BB247F6FE7221
:10676000934204D8D4F8A4220346134304D120460C
:10677000492130BC09F086BA30BC7047E8200120BE
:1067800038B50546092009F09FFE0446A8B1AB784C
:106790000A4A002B0CBF08230E2300F8013B084BCC
:1067A000D3E908130A4003F00F0323F0C4FB21468A
:1067B0002846BDE8384009F065BE38BD2FCF87F7C1
:1067C000B030012038B50546092009F07DFE0446A9
:1067D000B0B1092300F8013B0A4BB5F81812D3E910
:1067E0000823120C12041143074A03F00F030A4056
:1067F00023F0A1FB21462846BDE8384009F042BEFF
:1068000038BD00BFB03001202FCF87F70D4A0E49A9
:10681000D2E9023210B5D1E908410A400B491C40C7
:1068200002F00F022140C0E98612012280F81422F2
:10683000C3F34022C3F3802380F8482080F8493016
:1068400010BD00BFE0200120B03001202FCF87F71E
:1068500090F80D2203464AB9012280F80D22044A1D
:1068600090689289C3F80E02A3F81222704700BF05
:10687000E02001201FB5114B114A1B68C31A1B11E0
:1068800053439BB2ADF80030ADF8063090F80E32AD
:106890008DF808300922B0F81032ADF80220ADF8BA
:1068A0000A300022B0F812328DF804206846ADF8A4
:1068B0000C3014F073F905B05DF804FB5821012089
:1068C000CF467D6710B50446022009F0FDFD014664
:1068D00040B102230370237A43702046BDE8104084
:1068E00009F0D0BD10BD00001FB5027AFF2A1BD0F1
:1068F0000F4B10491B68C31A1B114B439BB2ADF8D9
:106900000430ADF80A30D0F86032062113F0010FE0
:10691000ADF8061018BF1622002101A88DF8081046
:106920008DF80C2014F03AF905B05DF804FB00BFB7
:1069300058210120CF467D67034B1B7A0372012348
:1069400080F85832704700BFE0200120024B1B68DE
:106950001B790372704700BF542101203E2303724C
:106960007047222303727047FF2303727047282366
:10697000037270473D2303727047000030B5054D28
:1069800000F521740FCD0FC495E8030084E80300DF
:1069900030BD00BFE82001202DE9FF41264FBB6834
:1069A0000193FB680293002303934368DA060446CD
:1069B00038D40DF10408404608F094FE90BB07F16E
:1069C00008060FCE04F521750FC596E8030063682D
:1069D0009B0685E8030028D43B89B4F86C229A42D0
:1069E00005D8B4F86E229A4228BFA4F86C327B898D
:1069F000B4F86C229A4205D8B4F86E229A4228BFA5
:106A0000A4F86E32BB89B4F87022934228BF1346B3
:106A1000A4F87032B4F87222FB89934238BF13464F
:106A2000A4F8723204B0BDE8F08198E8070004F5DC
:106A30001B7484E80700F5E7E0200120FFF7F8BDAC
:106A4000B0F86E32072B8CBF0823042300F51B72AD
:106A50000F21FFF7DEBC0000034B1A681021012351
:106A60000432FFF7D6BC00BF5421012070B52E4B75
:106A7000D0F884121D682D4BB0F88622451B88B0D3
:106A80002D115D43B0F884320191D0F88812029143
:106A900093424FF000010446ADB203910AD090F842
:106AA0008C322BB91E21284612F0F6FD08B070BDBD
:106AB0009A42F7D301A808F015FE0028F2D1B4F8E5
:106AC0008432B4F81821B4F88662B4F88802B4F8B5
:106AD0008A1293420BD19E4209D1B4F8142182420A
:106AE00005D1B4F886410A224A43A24216D01022A8
:106AF000ADF81A000DEB0200ADF81050ADF8122001
:106B0000ADF81450ADF81630ADF81860ADF81C10A3
:106B100014F044F80028C9D11A21C4E701A9284675
:106B200012F084FDC2E700BF58210120CF467D67E7
:106B3000084B1B6810B59A88DB88A0F82C22A0F8B7
:106B40002E3200F50A71044609F0B9FBA4F83802A8
:106B500010BD00BF542101201421FFF796BC152160
:106B6000FFF793BC1FB5134B134A1B688DF8031036
:106B7000C31A1B1153439BB2ADF80030ADF804307B
:106B8000B0F83432ADF80630B0F83632ADF808302F
:106B9000B0F83032ADF80A301222B0F832328DF847
:106BA00002206846ADF80C3013F0F8FF05B05DF830
:106BB00004FB00BF58210120CF467D673D4B2DE9E6
:106BC000F047B3F80C90B9F11A0F04466FD9B3F837
:106BD00008A0BAF11A0F6AD9DA89B2F5A47F66D390
:106BE0005B89B3F5A47F62D390F81412B0F83072C9
:106BF000B0F83252B0F834C2B0F83662B0F82AE2D7
:106C0000B0F82E8219B1D0F81812090509D4BEF5D2
:106C1000056F28BF4FF4056EB8F5056F28BF4FF418
:106C20000568B4F82C02B4F82812504528BF504625
:106C3000494528BF4946434528BF4346724528BFBA
:106C4000724694F845E0A4F83402BEF1030FA4F8AC
:106C50003012A4F83632A4F8322206D1B2F5296FE8
:106C600038BF4FF42962A4F8322294F84420032A52
:106C700006D1B3F5296F38BF4FF42963A4F8363233
:106C8000604509D1B94207D1B4F83632B34203D1D5
:106C9000B4F83232AB4203D000212046FFF762FF46
:106CA00004F50C71204609F00AFBA4F83A02BDE88D
:106CB000F08700BFE020012010B50446032009F052
:106CC00003FC014658B1192303700B4B1A68127963
:106CD00042701B685B798370204609F0D3FBD4F8BF
:106CE000603223F02003C4F8603220463921BDE829
:106CF000104008F0C7BF00BF54210120084B1A7A8A
:106D00005B7AD10748BF80F84032910748BF80F8CE
:106D10004132520748BF80F84232392108F0B2BFF1
:106D2000E0200120024B1B681B7980F8C8327047B5
:106D30005421012090F8C83223B1012B0CD01D2121
:106D4000FFF7EFBB084B90F9CA2293F938309A420B
:106D5000F5DA80F8CA32F2E7034B90F9CA2293F9C8
:106D600038309A42EBDDF4E7B03001201E21FFF706
:106D7000D8BB0000064B10B50446187AA37884F8F7
:106D80002002012B03D109F0B5FFA4F8F80010BDD3
:106D9000E02001201FB50D4B0D4A1B68C31A1B11C3
:106DA00053439BB22D22ADF80430ADF80620ADF868
:106DB0000A30002290F820328DF8082001A88DF8C2
:106DC0000C3013F0EBFE05B05DF804FB58210120F8
:106DD000CF467D6710B50446022009F075FB0146D9
:106DE00048B107230370044B5B7943702046BDE82C
:106DF000104009F047BB10BDE020012038B5044623
:106E00000D4662B9D0F818325B0702D590F81432FB
:106E10002BB9022009F058FB014688B938BD032080
:106E200009F052FB01460028F8D011230370064BED
:106E30005B79437085702046BDE8384009F022BB7D
:106E40000D2303704570F6E7E020012010B590F89F
:106E50000C320446FBB9012380F80C32062009F0FD
:106E600033FB0146E8B10C2303700E4B1A6812790C
:106E700042701A68128882701A681288120AC270E8
:106E80001B685A8802715B881B0A43712046BDE863
:106E9000104009F0F7BABDE8104000222421FFF7A6
:106EA000ADBF10BD783001204268D10203460CD539
:106EB000D3F86022D20700F52E7003D5B3F88611FF
:106EC00022F0D0BF282122F0C7BF70474368DB0201
:106ED00003D500F52E7022F0C8BF70473A2108F0A4
:106EE000D1BE012380F89B317047000070B50023AC
:106EF00000F5B47686B0044680F89B31304622F027
:106F00003FFF78B9204609F0EEF905460DF10F0173
:106F1000304622F0B2FE034630B9094B0221187BFD
:106F200026F0DAFE06B070BD194604A801930CF0F5
:106F30005BF9019B04AA2946204609F007FAE5E718
:106F4000F030012010B5044600F5B87022F018FFAB
:106F500028B120462A21BDE8104008F093BE10BD9C
:106F6000012380F89A317047002380F89A317047E6
:106F7000024B1B6803B11847704700BF5021012026
:106F8000024B1B6803B11847704700BF4021012026
:106F9000024B1B6803B11847704700BF3421012022
:106FA000F0B5B0F87032A0F87E320126B0F8723237
:106FB000B0F86C12B0F86E22B0F83A72A0F88032D5
:106FC000044680F8786290F88C0287B040F2E24381
:106FD00059435A4358430391029214F0CFFC03469D
:106FE000104805681048651B2D11454305A8CDE9DB
:106FF0000070DDE90221E8B214F002FD28B93C215D
:10700000204608F03FFE07B0F0BD059B074A84F814
:10701000F860A3FB0232DB0F43EA4203A4F87C32A0
:10702000F1E700BF58210120CF467D67E3361A0003
:107030000C3015F049BC00002DE9F04788B004463B
:107040000E4690461F4608F099FB0546002861D081
:10705000DFF800A1DFF80091DAF80010E38BB4F854
:107060001CC0401A3849029107A900110191B5F8D6
:107070003A12009140F2E24209FB00F05343002132
:1070800002FB0CF2C0B214F08BFC88B9284608F061
:107090003BFC0D253146284642463B4605F07BFB2E
:1070A000022120460AF086FC284608B0BDE8F08799
:1070B000DAF80030254AED1A079BA3FB0232DB0FFA
:1070C00043EA4203A4F8623000236370A370A4F87B
:1070D00008322D119DF8403084F86A3009FB05F51F
:1070E0009DF84430A4F8605004F11C0184F86B3022
:1070F0000120059114F01CFF0599009642463B467D
:1071000020460AF0DBF90599054628B1012014F064
:1071100025FFBFE70925BDE7009642463B462046CE
:107120000AF052FB05460028F0D194F86A3003F0CB
:10713000FD03012B01D113F099FD054A13790133A9
:10714000137113F083FDAFE7D9FF0300E3361A0094
:10715000B030012058210120CF467D6710B504468C
:10716000012014F0FBFE94F86A3003F0FD03012BBC
:1071700001D113F083FDD4F8980220B122F064FD10
:107180000023C4F89832044A1379013B1371BDE817
:10719000104013F063BD00BFB0300120F8B50446C5
:1071A000602022F045FD0746002851D0B4F8603039
:1071B0004FF43C7253433E4A12681A4400219170C6
:1071C0003C4A1B115343038042F60133438004F1D0
:1071D000280600F108050FCE0FC50FCE0FC596E8A3
:1071E0000F0085E80F0094F86830012B3FD194F828
:1071F000DB2294F8DA128A42D4E9B45305D1D4E9F7
:10720000B260834208BFB5422FD042F002068A42E4
:1072100005D1D4E9B2129A4208BFA94244D0D4E9B8
:10722000B20187F83C60C7E91253D4E91623C7E9D5
:10723000162394F8693087F83D3094F86C3087F85D
:107240003E301D4BC7E91401187B394622F005FD7D
:107250002046FFF783FF194B194AE41A194BE41033
:107260005C430123A3405372F8BD1646CFE794F860
:10727000C32394F8C2138A42D4E9EE5305D1D4E96A
:10728000EC60834208BFB5420CD042F002068A424D
:1072900005D1D4E9EC129A4208BFA94204D0D4E93E
:1072A000EC01BEE71646F2E700200021B9E700BF77
:1072B00058210120CF467D67F0300120182301209E
:1072C00008230120D578E9262DE9F74FB0F8488248
:1072D0000646232009F0F8F80446002800F0F38061
:1072E000B6F81411B6F81631784F07314FF4307BE9
:1072F0000BFB087B1FFA81F913FA81F189B2304642
:10730000DBF83051BBF834A108F07CFEB6F83A1235
:1073100000900144019114F0BBFE019943181846F6
:107320002946019314F0D4FE019B002800F0A880A8
:107330002946184614F0CCFEDBF81C11B0FBF1F323
:1073400001339BB201FB035053441FFA83FA0099A7
:1073500014F0BEFE5E4B984200F2A2805D4A00230C
:10736000A0FB0202C2F34F0218461C212170B6F89E
:10737000461261709B03B6F84612E27043EA40334E
:1073800013434FF4307505FB0875090A1B12A170F1
:107390002371D5F81C21504BA2FB0321D20F42EAE6
:1073A00041026271D5F81C21A2FB0323C3F3D7135A
:1073B000A371D5E98A3295F82011E37142EA4112AE
:1073C000190A2172190C1B0E6172E272A372EB6D25
:1073D0002373EB6D1B0A6373B5F85E30A37395F8E6
:1073E0005F30E3732B6E23742B6E1B0A6374B5F846
:1073F0006230A37484F813A04FEA1A2A84F814A008
:10740000B6F816314B446375B6F816314B441B126F
:10741000A375B5F83431E375B5F834311B0A23761A
:1074200095F8723295F8709249EA031908F09AFDBE
:107430004FFA89F949EA4010607695F8B832022B84
:1074400004F11B0003D0032B14BF01230423A376F4
:107450004FF4307303FB0877D7E9A02322F080FDB7
:10746000B6F8163184F82130B6F8163121461B0AD9
:10747000304684F8223003B0BDE8F04F09F002B87E
:107480001946284614F024FEDBF81C11B0FBF1F37A
:1074900098B2AAEB030A01FB10501FFA8AFA56E7CA
:1074A000B0F5161F0D4A28BFA0F51610A0FB02125A
:1074B0004FF0030101FB00222CBF01230023C2F384
:1074C0008F22012051E703B0BDE8F08F781601202C
:1074D000E1BF030012111111E3361A009E36D06984
:1074E0002DE9F84F064690F8480206F095FE05464D
:1074F000232008F0E9FF0446002800F0FA80B6F8DF
:107500001411B6F81631D5F834A1B5F82881073131
:107510008FB213FA81F189B2304608F073FDB6F8E4
:107520003AB28146834414F0B3FD83445146584631
:1075300014F0CEFD002800F0B7805146584614F0F4
:10754000C7FDD5F82022B0FBF2F301339BB202FB5A
:1075500003A043441FFA83F8494614F0B9FD664B73
:10756000984200F2B180654A0023A0FB0202C2F3F8
:107570004F0218461C212170B6F8461261709B0319
:10758000B6F84612E27043EA40331343090A1B126D
:10759000A1702371D5F82022594BA2FB0321D20FF1
:1075A00042EA41026271D5F82022A2FB0323C3F311
:1075B000D713A371D5E98C9A08F0D4FC4FEA1923AC
:1075C00084F8079023724AEA40104FEA19434FEAC1
:1075D0001969637284F80A90E072D5F85C312373FC
:1075E000D5F85C311B0A6373B5F85E31A37395F867
:1075F0005F31E373D5F860312374D5F860311B0A2D
:107600006374B5F8623184F813804FEA1828A374C4
:1076100084F81480B6F816313B446375B6F8163119
:107620003B441B12A375B5F82831E375B5F8283132
:107630001B0A237695F83930DA0702D52F79012F06
:1076400009D0022B53D16F693F0A07F0C007A7F199
:1076500040035F425F4195F8428008F083FC40019F
:1076600040EA071048EA000884F8198095F8643168
:10767000022B04F11B0003D0032B14BF01230423AE
:10768000A376D5E9042322F06BFCB6F8163184F812
:107690002130B6F816311B0A84F8223021463046D4
:1076A000BDE8F84F08F0EEBE5946504614F010FD04
:1076B000D5F82022B0FBF2F399B2A8EB030802FB45
:1076C00011A01FFA88F847E7B0F5161F0D4A28BF2A
:1076D000A0F51610A0FB02124FF0030101FB0020E1
:1076E000C0F38F222CBF01230023012042E7002793
:1076F000B1E7BDE8F88F00BFE1BF0300121111111F
:10770000E3361A009E36D069054B1B689A8880F8CC
:1077100044221A89DB88A0F84622A0F84832704734
:107720005421012090F843225AB9012280F84322C3
:10773000D0F8602222F04002C0F86022392108F01F
:10774000A1BA704770B52E4C0546D4E90A2394F8C7
:10775000211094F8200005F05BFE00284FD195F829
:107760004A32002B45D0382022F062FA0146002828
:107770003FD04FF48673438023898380821D04F1B8
:107780000A0304F11A0053F8046B42F8046B8342B5
:10779000F9D11B8813801B4B1B4A1B68EB1A1B116A
:1077A00053430B83A38B4B83B5F816318B83E38B49
:1077B000CB8394F8203081F8203094F8213081F880
:1077C000213094F8223081F8223094F82330022BB3
:1077D00003D0042B14BF0123032381F82330D4E901
:1077E0000A23C1E90A23238E0B86084B187B22F05B
:1077F00034FA28463921BDE8704008F043BA70BD1C
:10780000E020012058210120CF467D67F030012083
:1078100090F80A325BB190F80932B0F80822A0F86B
:107820006620012B0CBF00F58B73002383660023B9
:1078300080F80A32012380F864307047002380F812
:107840006430704790F80A325BB190F80932B0F8B2
:107850000822A0F86620012B0CBF00F58B730023D3
:107860008366002380F80A32012380F86530704770
:10787000002380F86530704710B5124B044603F1C1
:10788000080203CA1A8AA4F8CC21D3F81220C4F83B
:10789000AC21D3F81620D3F81A30C4F8C401C4F8C8
:1078A000C81104F5E070C4F8B021C4F8BC3104215B
:1078B0002AF094FD04F5DA700821BDE810402AF0A2
:1078C0008DBD00BFE0200120064B1B6800F5CE7087
:1078D0001A1D143352F8041B40F8041B9A42F9D1C4
:1078E000704700BF54210120062303727047000037
:1078F00070B5044600F14C0500F5D672294600F536
:10790000CE702AF011FDD4F8BC31E365D4F8C03153
:107910002366002384F875300C4BA27800200021E8
:10792000C4E97401C4E976011968094B611A0911A7
:107930005943B2FA82F2074B520984F87420284660
:107940001B68BDE87040C9B2184700BF582101202C
:10795000CF467D6720210120482108F093B910B55A
:1079600004460D2008F0B0FD014698B103460422FC
:1079700003F8012BD4F8B421C0F80120D4F8B821C1
:107980005A60D4F8C031C0F809302046BDE8104034
:1079900008F078BD10BD10B50446012008F094FD34
:1079A000014630B1052303702046BDE8104008F0C1
:1079B00069BD10BD10B50446012008F085FD0146E3
:1079C00030B1062303702046BDE8104008F05ABDD0
:1079D00010BD10B50446012008F076FD014630B117
:1079E0000A2303702046BDE8104008F04BBD10BDCF
:1079F00010B50446012008F067FD014630B10B23A5
:107A000003702046BDE8104008F03CBD10BD10B525
:107A10000446012008F058FD014630B112230370DE
:107A20002046BDE8104008F02DBD10BD10B504463D
:107A3000012008F049FD014630B1132303702046B0
:107A4000BDE8104008F01EBD10BD00001FB5104B72
:107A5000104A1B68C31A1B1153439BB2ADF8003088
:107A6000ADF80430B0F8CC31ADF80E30D0F8C431F8
:107A7000CDF806300D22D0F8C831ADF802206846A6
:107A8000CDF80A3013F08AF805B05DF804FB00BFAA
:107A900058210120CF467D671FB50E4B0E4A1B684B
:107AA0008DF80710C31A1B1153439BB2ADF8043075
:107AB0000B22ADF80A3090F865308DF8062001A849
:107AC0008DF808108DF80C3013F068F805B05DF8EB
:107AD00004FB00BF58210120CF467D670B4B07B543
:107AE0001B680B4AC31A1B1153430C229BB2ADF8FF
:107AF000022068460022ADF800308DF80420ADF871
:107B0000063013F04BF803B05DF804FB5821012058
:107B1000CF467D670A4B07B51B680A4AC31A1B117B
:107B200053439BB211226846ADF80030ADF80220F5
:107B3000ADF8043013F032F803B05DF804FB00BF79
:107B400058210120CF467D67D0F8F41100F5FC7074
:107B500022F088B938B5124B1B68044600F5CE7187
:107B600003F10E0203F11E0052F8045B41F8045BBE
:107B70008242F9D15A68C4F8C4219A68C4F8C8216D
:107B80009B89A4F8CC3104F5DE7004212AF026FC90
:107B900004F5D6700821BDE838402AF01FBC00BFAC
:107BA0005421012010B5064C04F10802034603CA13
:107BB0002269C3F8B401C3F8B811C3F8C02110BDDD
:107BC000E020012010B50446172008F07DFC014696
:107BD00010B30346032203F8012BD4F8C421C0F8E4
:107BE0000120D4F8C8215A60B4F8CC314372B4F8FB
:107BF000CC311B0A8372D4F8AC31C0F80B30D4F806
:107C0000B031C0F80F30D4F8BC31C0F81330204682
:107C1000BDE8104008F036BC10BD00002DE9F04171
:107C20003E4B86B01C6807F0A9FD0546A8B9D4E90B
:107C3000062394F82010092004F0ADFD042021F063
:107C4000F7FF014630B140F203334380344B187BD9
:107C500022F003F806B0BDE8F081DFF8DC80314E99
:107C6000D8F80000A188E3882F4F0296281A05AEA5
:107C70000011019640F2E242B5F83A62009678436C
:107C80005343C0B24A43002113F08AFE40B928464C
:107C900007F03AFED4E9062394F820100D20CBE734
:107CA000D8F80030214E224ADFF89080EB1A1B11E1
:107CB0007B43A6F88030059BA3FB0232D4E9040184
:107CC000DB0F43EA4203A6F8823006F13C0383E867
:107CD0000300012014F02CF912F0B8FF96F842309E
:107CE000012703F0FD03BB4288F8047001D112F0B4
:107CF000BDFF86F89071A6F88E71D4E9062394F83A
:107D00002010201D09F0AEFA0A49284608F010FE9E
:107D100009F088FB88F805709CE700BF600C012023
:107D2000F0300120D9FF0300CF467D67702101208C
:107D3000E3361A00B821012058210120B03001207B
:107D4000054B1B7933B10548012380F899309C30ED
:107D500014F06EBD704700BFB030012070210120CB
:107D6000F8B5394B1B79002B69D0602021F060FFFA
:107D7000074600285BD0354CB4F880304FF43C7295
:107D80005343334A12681A4400219170314A1B113F
:107D90005343038042F60133438004F1480600F167
:107DA00008050FCE0FC50FCE0FC596E80F0085E86A
:107DB0000F0094F86B3187F83C3094F86A219A42AE
:107DC00007D1D4E95851D4E95602914208BF8542FF
:107DD00003D043F0020387F83C30D4E95823C7E9C5
:107DE000122300220023C7E9142394F86B2194F88E
:107DF0006A319A4207D1D4E95802D4E956139A421B
:107E000008BF884203D0D4E95623C7E91423D4E934
:107E10001E23C7E9162394F8853087F83D300123E7
:107E200087F83E300C4B3946187B21F016FF0120B5
:107E300014F094F8BDE8F8400448FDF707BBBDE82E
:107E4000F840FFF77DBF00BFB03001207021012056
:107E500058210120CF467D67F030012013B5134B28
:107E6000134C1B68B4F880204FF43C7000FB0230C8
:107E70004C2107F007FF012014F070F82046FDF7B1
:107E8000E5FA00230093ADF80430684608238DF826
:107E9000023012F083FED4F81411D4E94823C1F360
:107EA000C001022004F077FC02B010BD582101206F
:107EB0007021012010B50A4B0A4C1B68B4F88020D1
:107EC0004FF43C7000FB02304B2107F0DBFE012039
:107ED00014F044F82046BDE81040FDF7B7BA00BFE3
:107EE0005821012070210120044B19680C20D1E990
:107EF000062391F8201004F04EBC00BF600C012056
:107F000007B5054B009368460C23ADF8043012F01A
:107F100045FE03B05DF804FB0000080C01238370EC
:107F200090F808321BB900F5037014F081BC00F51D
:107F30003E70FAE72DE9F3411C4F1D4DDFF87480C8
:107F400006460024AB7A2341DA0711D56B7A234128
:107F5000DB070DD4B7F860304FF43C725343D8F8C8
:107F60000020D018D35C012B02D14C2107F08AFEEF
:107F70000134032C07F57A77E4D13046FFF7EEF8A9
:107F80003378032B0FD000230093ADF804306846FC
:107F900008238DF8023012F001FED5E90023297A7A
:107FA000022004F0F8FB02B0BDE8F08118230120A4
:107FB0000823012058210120044B19680C20D1E925
:107FC000062391F8201004F0E6BB00BF600C0120EE
:107FD00007B5054B009368460C23ADF8043012F04A
:107FE000DDFD03B05DF804FB0000080C074B1B68C7
:107FF0001A7980F83C225A7980F83D229A7980F8E3
:108000003E221B8980F84730704700BF5421012071
:10801000024B1B89A0F8B032704700BFE02001205E
:108020000D490B8910B4024623B939215DF8044B80
:1080300007F028BEB0F816414B891B1B9BB247F6D0
:10804000FE74A34201D94921F0E788685DF8044B2A
:10805000C2F8B202704700BFE020012070B580F87E
:10806000B01280F8B122044603200E46154608F0EF
:108070002BFA014640B116230370467085702046E6
:10808000BDE8704008F0FEB970BD70B5044603202D
:108090000E46154608F018FA014640B11723037042
:1080A000467085702046BDE8704008F0EBB970BDA1
:1080B000F8B5044605200F46164608F005FA0546B1
:1080C00030B357EA0602B4F8143184F8B27284F877
:1080D000B36216D0B4F8162113440733A4F8B432AF
:1080E00018232B706F70AE70B4F8B432EB70B4F824
:1080F000B4321B0A2B7129462046BDE8F84008F02F
:10810000C1B9A4F8B4223921204607F0BBFDE7E746
:10811000F8BD00001FB50F4B0F4A1B688DF8071004
:10812000C31A1B1153439BB200228DF80920ADF8EE
:1081300004301622ADF80A30B0F844308DF806202D
:1081400001A88DF80810ADF80C3012F027FD05B02D
:108150005DF804FB58210120CF467D67F8B5046A1D
:10816000B4F8982005469AB1042021F061FD01463B
:1081700000284ED0304B9C4214BF0323022383704F
:108180000323C3702D4B187BBDE8F84021F065BD7B
:108190002B4E337C7BB194F84130D9070BD59B072C
:1081A000327404D4D6E90623A01C21F0D9FED6E906
:1081B0000623C4E94623A36BE28FAB60A38F9342EF
:1081C00013D040F271235A43D4F85411EB680B4496
:1081D00093420AD2284614F02FFA30B1A16BA86856
:1081E00013F076FFC4F8540113E0002394F849110A
:1081F00094F8C900C4F8543104F0BEFAA68FE28F97
:1082000084F8C900964205D1284614F01BF9AB68E2
:10821000A363F8BD40F271235E4303FB0267AB68C2
:108220003344A3633A463146284614F005FA002841
:10823000D4D1A36BAB60F2E7680C0120F0300120D1
:10824000B03001207FB5846A606E002845D094F874
:10825000A0300BB1062B44D194F8A40000283CD0E8
:10826000D4E92423214D224821F07AFE94F8A2304B
:1082700085F88B31D4E92423C5E9242395F84130CE
:108280009A0716D5D4E91423CDE9022302ABE66C94
:1082900094F8A3000093D4E92623FCF790FDF0B9ED
:1082A000C6F34006DDE90223124821F059FE85F8A5
:1082B0008A611149A1F5C4700AF06CF80F4B5B6933
:1082C0009B0310D595F8903113B1013B85F890319F
:1082D00095F89001B0FA80F0400904B070BD012615
:1082E000E0E70020F9E70120F7E700BF680C012074
:1082F000700C01206A0C0120F00D0120B03001202B
:1083000070B5846A94F8A030022B01D9062B49D1AC
:10831000284B294A1B68527A5B7B9A4242D22D2015
:1083200021F086FC054600283CD0236E94F882207C
:1083300083F8272094F8A32094F8A2309A4232D1EF
:10834000D4E92631D4E92402914208BF834214BF04
:1083500001230023226E194E82F82830236ED4F8B0
:10836000842083F82920D4F88430226E1B0A82F8F6
:108370002A30236EB4F8862083F82B20236E94F8DD
:10838000872083F82C2094F8A510226E69B1002173
:108390000B4821F05CFC4021307B25F09DFC04F073
:1083A00031FB256670BD0123D4E7064821F04FFC60
:1083B0008021F1E7783001204C310120F03001209C
:1083C000900C0120980C0120836A986E003818BF29
:1083D0000120704770B5846A484D002974D094F824
:1083E000A030042B4FD1D5E92402D4E924139A42BA
:1083F00008BF884247D1424B424A1B68527A5B7B96
:108400009A4240D22D2021F013FC064600283AD093
:10841000A36E94F8822083F82720D4E9261294F8DA
:10842000A20000239A4208BF814207D0D4E9243039
:10843000904208BF8B4214BF01230023A26E324832
:1084400082F82830236ED4F8842083F82920D4F8C9
:108450008430226E1B0A82F82A30236EB4F88620FC
:1084600083F82B20236E94F8872083F82C20A26EAB
:10847000002121F0ECFB254B4021187B25F02CFC42
:1084800004F0C0FAA66695F891310133DBB2012BF6
:1084900085F891310AD9B5F88E315B08012B38BFC8
:1084A0000123A5F88E31002385F89131002385F84A
:1084B000923112F02BFBB5F88E31013B18400130A0
:1084C00085F89001002070BD95F892310133DBB240
:1084D000012B85F892310CD9B5F88E3185F89211BF
:1084E0005B009BB2B3F5807F28BF4FF48073A5F883
:1084F0008E31002385F89131DBE700BF680C012045
:10850000783001204C310120900C0120F030012006
:1085100090F86A300133DBB2012B10B5044680F8C5
:108520006A300DD9B0F866305B009BB2B3F5807F3E
:1085300028BF4FF48073A0F86630002380F86A30BB
:10854000002384F8693012F0E1FAB4F86630013B98
:108550001840013084F8680010BD00002DE9F04794
:10856000057C4368C0F81432AF1E04467D427D414D
:10857000D0F8348200F5037613F08AFD67892389E9
:1085800000F2CC40BB4208F160094FEA4505C4F84F
:1085900018021BD0D8F88CA040F271235F435044DE
:1085A000B84213D213F074FD00F2CC403A1A92454F
:1085B0000CD85146304614F03FF838B1D4F8143294
:1085C00062689B1AC8F88C30BDE8F087E378EBB995
:1085D0002B4A117803230135EDB2032D08BF002586
:1085E00041FA05F0C00721D5264B557053F82540B8
:1085F000D4F8348204F5037608F1600999F8211063
:1086000098F8010004F0B8F888F80100228963891D
:108610004FF000089342C9F82C800CD1304613F07B
:1086200011FFB36863600023E370CDE7013B13F0F3
:10863000FF03D0D1E2E7124FBB782B41DB070AD40E
:10864000304613F0FFFEB36863600122BB78AA4096
:108650001343BB70E7E7B36840F2712101FB0233BB
:10866000B360636013F00EFD4008421C4146304683
:1086700013F0E2FFB36862689B1AC9F82C30D2E7A6
:10868000000E0120D0620020084B5B699B030BD5D4
:1086900090F8683013B1013B80F8683090F86800BA
:1086A000B0FA80F04009704701207047B0300120D7
:1086B0002DE9F3411C461B0A03F0C003402BDDE902
:1086C00008860746154621D1DDE90A23CDE90023B6
:1086D0009DF83020284602F0FD022146FCF716FCEA
:1086E00068B17B7B032B04D133700B4BD3E9065469
:1086F00007E002233370094BD3E90C5401E0FE2359
:108700003370C8E9005402B0BDE8F081437B012B0F
:10871000EAD00023EEE700BFB0300120F0300120A6
:108720002DE9F0410578012D86B006460C46174626
:108730001CD1C81D91F8068021F00CFC0B46B6F840
:10874000C0110291E17B01912179009102464146DD
:1087500004A804F057F8DDE90423054804F06CF898
:1087600020B93D70284606B0BDE8F0810025F9E744
:10877000180E0120F0B51378012B87B006460C4681
:10878000154622D18B885B0615D4C81D8F7921F040
:10879000E1FB0B46B6F8C0110291E17B0191217912
:1087A00000910246394604A804F02CF8DDE90423C0
:1087B000074804F09EF802232B70064B187B4021DB
:1087C00007B0BDE8F04025F087BA07B0F0BD00BFA4
:1087D000180E0120F0300120F8B583788588002B31
:1087E00004460CBF1E234FF496730F465D43164696
:1087F00013F042FC6378012BA3780CBF32214FF4B5
:10880000FA71002B0CBF1E234FF496730144E81835
:1088100003F0F4FD2D1A3D60A378002B0CBF1E233E
:108820004FF4967303EB40033360F8BDC37CF0B59F
:108830001370847C9C4207D1D0E90275D0E90064B2
:10884000A54208BFB74202D043F002031370D0E93B
:108850000223C1E90023F0BD2DE9F04F0D468DB094
:1088600090F83C109DF860901B9CDDE916678346EC
:10887000904621B1002108460DB0BDE8F08F2422BA
:108880002046079134F02AFF9DF964306374FF237A
:10889000E3737F23A58023749BF810300799002B86
:1088A00056D0022B57D098F80030DA1F012A59D839
:1088B0009BF8AA31DB0750D584F8069032463B4638
:1088C000E01D21F04DFBDBF8A03123620023A383E0
:1088D0009BF8AA219BF8A931510001F0040103F093
:1088E00003030B43A1880B43A3809BF8E431012BC6
:1088F00036D0022B14BF01230323A373150744BFF3
:108900009BF8C231E373500644BF9BF8C331237414
:10891000910644BFBBF8EC316382930716D50DF185
:10892000270301930AAB00935846DBE96E23CDE998
:108930000267CDF81090FFF7BBFEDDE90A2304F1D2
:10894000150021F00DFB9DF827302375012192E7DA
:1089500001236373A7E70323FBE7FF23A371B2E7B8
:108960000223CAE798F804A0AAF1060A5FFA8AFA75
:10897000BAF11F0F3FF67EAF1A9A02F1080845F0D0
:108980001002A280062B3FF676AF01A252F823F028
:10899000AD890300B5890300F389030077880300DC
:1089A000118A0300778803000B8A030045F0130542
:1089B000A5801EE045F01505A580404621F0CAFAC5
:1089C0000B460DF1270101910AA902460091584674
:1089D000CDE90267CDF81090FFF76AFEDDE90A23C2
:1089E00004F1150021F0BCFA9DF8273023754FF0F3
:1089F000000A84F8069032463B46E01D21F0B0FAAA
:108A0000C4F82080A4F81CA0A0E745F01205CFE729
:108A1000044B1B78002B08BF45F0010545F01A05F3
:108A2000C6E700BF380B012090F869300133DBB294
:108A3000012B10B5044680F869300AD9B0F86630C9
:108A40005B08012B38BF0123A0F86630002380F8B3
:108A50006930002384F86A3012F058F8B4F86630B0
:108A6000013B1840013084F8680010BD2DE9F04F3B
:108A700095B0046A856AA94E07460AA8894609F096
:108A800015FD9DF828304FF00008072B86F801806F
:108A900004F5D47040F0348184F8AA8109F102020F
:108AA0000DF1260109F0F4FA94F8A90150BB9DF8E4
:108AB000263013F0100203F0010140F0B38021B919
:108AC0000123737015B0BDE8F08F9DF828308DF844
:108AD000483094F8AA318DF84930D4E96C01CDE9D9
:108AE0000E01D4E96E01CDE91001B96ABDF82A3052
:108AF000ADF84A30483105F190030EA8FBF7B8FEF7
:108B00000028DDD0864EDFF81CA232780123012A2E
:108B10008AF800309DF8263053D103F00903092B61
:108B20004FD100220023CDE90C239DF828308DF889
:108B3000483094F8AA318DF84930D4E96C01CDE978
:108B40000E01D4E96E01CDE91001B96ABDF82A30F1
:108B5000ADF84A3005F19008434648310EA88DF82B
:108B60002720FBF785FE0DF127020CA94046FFF7F1
:108B70005DFE337A012B94F8C23177D19DF827003E
:108B8000009300F00100DDE90C23FBF75FFF0028F4
:108B900098D0DDE90C0100238AF80030B3699DF814
:108BA000272083F87122C3E99E0194F8C22183F83B
:108BB0007022D4E96C01C3E9A0019DF82A2083F852
:108BC00072229DF8268018F0100865D00023FB6003
:108BD00004F5EF77D4F8CC11384609F0AFFA95F8E0
:108BE000A12095F88310687BD5F88880023212F0B6
:108BF000CAF9D5F8882008EB00033946204604F06E
:108C00006FFA94F80832002B40F085803378012BFE
:108C10007FF458AF9AF80020002A7FF453AF8AF807
:108C200000304FE74FF0000A4FF0000BC6E906ABEB
:108C3000C6E908ABB06251B1D4E96C010122C6E9C2
:108C4000060186F828209DF82A2086F829209B070F
:108C50007FF558AF012386F82A30D4E96E23C6E9A0
:108C600008239DF82B3086F82B304BE7727A9A4216
:108C70007FF428AF9DF82730B27A03F001039A42BF
:108C80007FF420AFD6E90402DDE90C139A4208BF55
:108C900088427FF417AF7CE700220023CDE90E2342
:108CA0008DF830800CAA0EA905F1900004F1180689
:108CB000FFF7BCFDCDE9049695F9823003939DF84A
:108CC00030300293DDE90E234146CDE900232046F2
:108CD0000AAAFFF7C1FD00283FF4F4AE04F13C02FC
:108CE00084F82680314620460792FFF719FD079A3F
:108CF00000283FF4E7AE31462046FFF73BFDE1E6B2
:108D000000220023CDE90E23414630228DF8308029
:108D100034F0E4FCC6E713F089F9D3E6380B012000
:108D2000B81E0120680B01202DE9F043B14D046A03
:108D3000866A8DB0074605F10C00884609F0B6FB3F
:108D400005F10A0108EB000204F5D47009F0A0F95E
:108D50002A7BE8720123072A6B7240F0498194F85C
:108D6000A921002A40F0DE8095F828205AB9AA7A75
:108D7000D20708D585F82830D4E96C23C5E9062345
:108D8000AB7B85F8293095F82A3063B9AB7A980720
:108D900009D5012385F82A30D4E96E23C5E90823D3
:108DA000EB7B85F82B3095F82830012B02BF94F827
:108DB000AA3143F0010384F8AA31D5E90623C4E9B6
:108DC0006C2395F82930AB7395F82A30012B02BF3C
:108DD00094F8AA3143F0020384F8AA31D5E90823B4
:108DE000C4E96E2395F82B30EB7307238DF82830F8
:108DF00094F8AA318DF82930D4E96C23CDE9062303
:108E0000D4E96E23B96ACDE9082306F18808EB8915
:108E1000ADF82A3000224346483106A8FBF728FD6A
:108E200008B901236B7000220023734FCDE904239E
:108E300004A900230DF10F0240468DF80F30FFF713
:108E4000F5FC97F80090B9F1010F75D04FF00009CB
:108E500094F8AA319B0605D5D4F8D01104F5F47026
:108E600009F082F93A78012A61D1DFF8908198F807
:108E70000030002B5BD194F8AA31980657D57B7847
:108E8000002B54D1BB69B4F80412A3F81811A3F84D
:108E90003611B4F8EC1140F2E2404143C3F81C1122
:108EA00094F8F80183F8200194F8E401012800F017
:108EB0009180022808BF032283F8B822B3F8082261
:108EC000B9F1010F01FB02F2C3F8242112D1DDE94F
:108ED0000401C3E99E019DF80F2083F8712294F8E4
:108EE000C22183F87022D4E96C01C3E9A001AA7BF6
:108EF00083F8722296F8742096F87E10707BD6F86C
:108F0000847012F040F838440090D6F8843004F5AC
:108F1000F47204F5EF71204604F022FB002388F878
:108F2000013004E0AA7AD1073FF55FAF6B706B7830
:108F3000012B51D10027B4E0DFF8C08098F8003051
:108F4000002B40F0C6807A7A94F8C2319A420FD151
:108F50009DF80F30BA7A03F001039A4208D1D7E99D
:108F60000402DDE904139A4208BF88423FF46EAF61
:108F7000012388F80030AB7A1A077FF567AF13F04A
:108F8000210F3FF463AF3A7A94F8C231012A0ED12F
:108F90009DF80F00009300F00100DDE90423FBF7CA
:108FA00055FD0028C3D0002388F8003050E77A7AB6
:108FB0009A42BCD19DF80F30BA7A03F001039A426D
:108FC000B5D1D7E90402DDE904139A4208BF88420B
:108FD000ADD1E8E702226FE794F8A97117F0020714
:108FE0004ED0376E002F4BD096F89C3043B90123FA
:108FF0006B709FE7380B0120B81E0120680B012021
:1090000094F8AA31D907F2D52046FFF73DFB012895
:10901000074635D1D6E9222304F1800020F0A0FFD5
:1090200096F89A3084F8DB31D6E92223C4E91C2370
:10903000637B9A071ED594F8AA319B0735D5D4E9EE
:109040006E23CDE906231B0A03F0C003402B95F8DD
:109050000F8007D106AB96F89B000093D6E9242336
:10906000FBF7BCFEDDE9062304F17A0020F078FF6F
:1090700084F8DA8104F5EC7104F1780009F08AF9DA
:1090800094F8A93185F82C300023EB8594F8AA31A7
:109090005B0003F00403A4F8443096F97D3084F8B3
:1090A000513038460DB0BDE8F083D6E91423D6F828
:1090B0004C80CDE9062306AB96F89B000093D6E9D9
:1090C0002423FBF77CFE10B9C8F34008CAE7B84672
:1090D000C8E7012B7FF4BAAE4DE700BF2DE9F041A0
:1090E000046AD0F82880064686B00F46204629B983
:1090F000FFF70EFA002006B0BDE8F0811F4DFFF724
:1091000093FC394605F10C0009F0D0F905F10A018C
:109110003A1804F5D47008F0BBFF01236B722B7B67
:109120008DF8103094F8AA318DF81130D4E96C2301
:10913000CDE90023D4E96E23B16AE872CDE90223B8
:10914000EB89ADF81230002208F1880348316846F7
:10915000FBF78EFB10B901236B70CBE794F8A931B4
:109160009B07F8D1D4E91C02D8E922139A4208BF20
:109170008842F0D10823EB85BCE700BF380B012003
:10918000F0B5234C866A627885B00D4612B1002096
:1091900005B0F0BD0029FAD0637A076A012B22D10D
:1091A000E37A97F8A811627202331D44237C65604C
:1091B000013B5B1A2372237B072BE8D10023019329
:1091C000A37ADB060DD5D7F8CC1102A808F0B6FFBC
:1091D0009DF80830737006F1780201A902A8FFF724
:1091E000FBFA0198D4E704F10C0009F05FF905449B
:1091F0002A4604F10A0107F5D47008F049FF237CE0
:1092000097F8A821013B05449B1A65602372D2E7B9
:10921000380B01202DE9F043524F7E788DB0002E9F
:1092200040F09E80D0F82880046A21B9A38B43F0D7
:109230004003A38333E094F83C50022D00F08C806F
:10924000002D68D197F82C9084F8A9910022002372
:10925000CDE90A230AA90DF1270208F188008DF84B
:109260002750FFF7E3FA19F0020F36D004F1400956
:10927000B4F84410CDE9045994F9513003939DF8A2
:1092800027300293DDE90A232046CDE9002307F1C8
:109290000C02FFF7E1FA50B984F86400002604F1EB
:1092A0003C0204F118012046FFF764FA54E0B4F8D8
:1092B0004430A4F85C6023F0080304F16402A4F8CD
:1092C00044302666494620460792FFF729FA079A56
:1092D00018B149462046FFF74DFA002304F118055E
:1092E0000595049398F97D3003939DF827300293F8
:1092F000DDE90A23F98DCDE9002320461A4AFFF75C
:10930000ABFA0028CAD004F13C0229462046FFF7F8
:1093100007FA0028C2D0154BA08E1B6898F97D90E3
:109320001D8B97F80880D4F8A03179682D1AADB25A
:10933000454528BF454618442A4634F0A7F9A38E70
:10934000A8452B44A3863FF671AFBB7A84F82990D9
:10935000DB064FF00106A2D530460DB0BDE8F08324
:109360000026F9E7380B0120440B0120783001205A
:109370007FB5846A636E002B3FD094F8A0300BB1A8
:10938000062B3AD194F8A430BBB3056AD4E9242360
:1093900005F1800020F0E4FD94F8A23085F8DB317F
:1093A000D4E92423C5E91C236B7B9B0717D5D4E99B
:1093B0001423CDE9022302ABE66C94F8A3000093DA
:1093C000D4E92623FBF7FBFCA8B9C6F34006DDE988
:1093D000022305F17A0020F0C3FD85F8DA6105F576
:1093E000EC7105F1780008F0D5FF284604B0BDE81F
:1093F0007040FFF749B90126E9E7002004B070BDCD
:1094000037B5044668460D4609F050F89DF800301F
:10941000054A072B137005D029462046FFF7A8FF01
:1094200003B030BD0020FBE7380B0120FEF7CCBFB6
:109430002DE9F041856A046A8EB00E46002947D0B6
:109440000AA809F033F895F8A030042B39D1D4E9F3
:109450001C02D5E924139A4208BF884231D1002367
:109460000022CDE90C234FF000080DF127020CA9D2
:1094700005F1900004F118078DF82780FFF7D6F961
:10948000CDE9046795F9823003939DF82730029364
:10949000DDE90C234146CDE9002320460AAAFFF767
:1094A000DBF970B104F13C0284F82680394620468D
:1094B0000792FFF735F9079A18B139462046FFF7AA
:1094C00059F92046FFF7B0FA00200EB0BDE8F08150
:1094D0002046FFF71DF8F7E7006A0368027C90F862
:1094E000081223F07F4323F0FF03C3B190F8093241
:1094F0000133DBB280F8093211B1012B01D870477A
:1095000083B1023A5342084953415B0001229A4019
:109510000B7823EA02030B70032103F025BF09B97E
:10952000FFF71CB8704700BF000E0120036A01223C
:10953000DA70FFF7D1BF0000006A0368027C23F0F5
:109540007F4323F0FF036BB1023A53420749534173
:109550005B0001229A400B7823EA02030B7003217F
:1095600003F002BF80F80832FEF7F8BF000E0120BA
:109570002DE9F74F046AE378074633B10521204609
:1095800003B0BDE8F04F03F009BFA2785AB12046FE
:10959000A370032103F016FF04F5187003B0BDE8B3
:1095A000F04F20F062BC6379A3B9E379B4F83611C7
:1095B000002B14BF07220622B4F81831062AA3EBA9
:1095C00001030CBF05220622934203D1032120464A
:1095D00003F0E4FE414BB4F8181158780022E27110
:1095E000002860D14FF00108B4F83431B4F81851B4
:1095F0003B4EDFF8F490ED1AA61B3A4BB6115E43D2
:10960000ADB2B6B24FF0000AB4F81831ADF8003080
:1096100094F83831ADF80280ADF8066023B16846A1
:109620008DF804A0FCF768FA94F8A0312BB101235F
:1096300068468DF80430FCF75FFAB4F81831D4F8B6
:109640001C0145444344ADB2A4F8183100FB05FBAE
:1096500094F8200107F04EFB0146584602F0CEFE7A
:10966000D4F81C21D4F83031B4F8181102FB0533BA
:109670001B1ABB60D4F828310344FB60D4F82C31AA
:1096800003EB4003C4F8C03004F50A7004F0C6FED2
:10969000494684F85900384612F022FF0028B3D01A
:1096A00003B0BDE8F08F5868C4F83001A4F8341155
:1096B00004F51870B4F80A125A7020F0D3FBD4F8ED
:1096C0002421002A8ED0B4F80A324FF47A714B4329
:1096D0009A4287D2B4F8088286E700BF680B01205F
:1096E00078160120A38B2EBA35CB0300036A012222
:1096F000DA71FFF73DBF00002DE9F04F90468FB0C3
:10970000002900F02881046ADFF868924E78876AA1
:109710008D1C2A4609F10A0104F5227008F0B8FCF4
:1097200094F88832013E2844F61AC9F8040089F8F2
:1097300008606379894DABB9012604212046667122
:109740002E7003F02BFE3146204603F03BFE844B87
:109750001B78B34201BFD4F81C31B4F8082253433C
:10976000C4F824316B784BB997F87830012B05D1C8
:10977000B8F1000F02D17A6F6A606B70794B7A4A48
:10978000D4F8A85294F8A482E31A9B1153431FFA09
:1097900083FB023504F5D079B8F1000F3AD194F883
:1097A000A031012B1ED194F8AA117B6FB4F8A82127
:1097B00000290CBF1E214FF4967101FB0233C4F83F
:1097C000A431702020F034FA054658B1674B40F8B8
:1097D000083B4946682233F059FF654B2946187B00
:1097E00020F03BFA00230693624B9B7ADB060DD5F3
:1097F000D4F8AC1207A808F0A1FC9DF81C307B70CF
:1098000007F1680206A907A8FEF7E6FF06980FB061
:10981000BDE8F08F15F8013C15F8026C282B08D034
:109820002C2B18D0A8EB0606013E06F0FF080235E7
:10983000B2E784F8393194F8383184F83A61002B72
:10984000F0D14FF0010384F83831294604F59C70BB
:1098500008F0CFFCE6E784F8A13194F8A03184F851
:10986000A261002BDED132462946484608F0DDFCD5
:1098700094F8AEA10AF1FF331E2B68D8D4F8C83192
:109880003D4A0193A3F58073934260D8B4F8AC319C
:109890000293043B9BB240F67C42934257D894F823
:1098A000AFE10EF1FF331E2B51D8B4F8CC31039346
:1098B000B3F5805F4BD2B4F8C2310493013BFA2B6D
:1098C00045D894F8D821032A41D894F8E831059373
:1098D000012B3CD894F8B0C10CF1FF31062936D8E1
:1098E00094F8C011481E0E2831D894F8B8010F28FA
:1098F0002DD84FF0010384F8A0314FF03103ADF8BB
:109900001E30029BADF82430049BADF82A30019B39
:109910000B93039BADF83030059B8DF82700ADF815
:109920001CB0ADF820B08DF822A08DF823E08DF8A2
:1099300026C08DF828108DF832208DF8333094F839
:10994000E9318DF8343007A811F028F96AE70023CF
:1099500084F8A03166E7084659E700BF680B01208C
:10996000D81E012078160120A38B2EBA0000110307
:10997000F0300120380B0120FFFE0F002DE9F047E9
:10998000046AD0F828806378012B07460E4605D17B
:10999000B4F80A1204F5187020F064FA94F8205014
:1099A00006BB012D1CD16378012B19D11022314641
:1099B000A0183D6A33F092FE364BED1A364BAD11CE
:1099C0005D4347F67F73E38240F2FF232383022344
:1099D00084F82030314BA582187B402124F07CF99B
:1099E000002553E0022DFBD02D4E0DBB1022A018F8
:1099F0002946D7F8289096F80AA03F6A33F06EFE01
:109A0000244B254AFB1A9B1153431AF0400FA382A3
:109A10001CBF97F8A332A37599F86D30E375FF2347
:109A200023767B6AE3616378012B1BD184F82030B5
:109A30001C4B608B1B68377A1D8B636A716898F9C1
:109A40006D802D1AADB2BD4228BF3D4618442A464E
:109A500033F01CFE638BAF422B4463830FD9022388
:109A60006376002594F82030012B0FD1022384F86F
:109A700020300A4B4021187B24F02EF906E0B37AFF
:109A800084F81780DB064FF00105EBD52846BDE8CA
:109A9000F08700BF78160120A38B2EBAF03001208A
:109AA000380B012078300120014B00225A7070479A
:109AB000680B0120836A986E18B1A1F10C0358421B
:109AC000584170470C4B5B6870B515467BB1222935
:109AD0000DD10A4C012684F8286012F0A7FA2378E9
:109AE0009A0605D52B789B0602D584F82A6070BDAE
:109AF000002384F82A30FAE7CC0B0120381F01201C
:109B000010B5846A94F89030032B0A4694F89110AB
:109B100003D0052B09D0002010BD94F89430002B01
:109B2000F9D0BDE81040FFF7C5BFFFF7CBFFE36FEB
:109B3000024A03F5B073C2F81831ECE7381F012070
:109B400010B5846A94F8903094F89110032B28D1C2
:109B500094F894302BB3FFF7ADFF10B3114B93F88B
:109B60007830F3B1202020F063F80246C8B1D4E980
:109B70002201C2E9060194F893301374D4E920015C
:109B8000C2E9020194F8923007481370002120F0D6
:109B90005EF8064BBDE81040187B4FF4807124F04E
:109BA0009BB810BD883101207C200120F0300120BD
:109BB00008B510F0ABFFC0F3001300F00F0018441D
:109BC00008BD00002DE9F04FDFF8C8B1D0F828A09B
:109BD000BBF8282085B0054682B1042020F028F883
:109BE0000146002800F08A8040F204434B80614B1C
:109BF000187B05B0BDE8F04F20F02FB85E4F5F4CEA
:109C0000F97B94F86A3000297BD0012B79D1D7E910
:109C10000689FA735A4E4B464246304620F0A0F968
:109C20003368C6F81C31B388A6F82031CAE9148914
:109C3000237C042B01D0012B12D1DAF84C3003F035
:109C40004403442B0CD102AB0093A07CD4E906233F
:109C5000FBF7A6F820B1DDE902234A4820F080F99D
:109C6000237C042B14D0012B12D094F848307BB104
:109C700094F8472044494348002384F8483002F1CF
:109C800008038AF87830931D8BF8013033F0FEFC1E
:109C900094F869307BB194F868203C493C48002333
:109CA00084F8693002F108038AF87930931D8BF843
:109CB0001D3133F0EBFC0021284611F0EBF9237C39
:109CC000012B36D002D9023B022B17D840F2712665
:109CD0007B69DB0305D5FFF76BFFAB6806FB003044
:109CE000A860D4E90212914219D1AB680B44AB6071
:109CF0000021284612F0F4FB0028E9D005B0BDE8A9
:109D0000F08F9A0794D502AB0093A07CD4E9062388
:109D1000FBF755F800288BD0DDE902897AE7284661
:109D200012F08AFC0028E9D1AB68E2681344AB600A
:109D3000CEE7D5F8088027682368002B3FF44DAFA5
:109D4000D4E90212284612F0F7FC064618B9AB68AF
:109D5000E2681344AB60A868414612F0B9F9E268C2
:109D60000244BA42034634BF3B1A00232360002E4C
:109D7000E2D0C3E7F0300120B0300120883101206B
:109D80003A1F0120401F0120B0310120D1310120B4
:109D90005C200120381F012070B5046AD4F8843299
:109DA000D3B194F8DD38BBB1D4F8F00712F090F9D4
:109DB000D4F8243794F8361793F878200546187BA2
:109DC00011F0E1F8D4F8843294F8DC2829462046D2
:109DD000BDE8704008F01CBD70BD000073B5046A9A
:109DE0000129D4F8D8680D4600D11EB3224B1B6858
:109DF0009B8A1E4494F8DC3884F8193804F2F9215F
:109E000004F57072CDB92046A4F8CA53CDE900120A
:109E100004F0ACFA2B46DDE90012204608F0F4FF0E
:109E2000D4F8C433C4F88438B4F8CA33A4F8780832
:109E3000A4F88038304602B070BDB4F8CA53B4F804
:109E4000C033AB4206D92046CDE9001204F08EFAA9
:109E5000DDE900120023204609F076F8D4F8C43377
:109E6000A4F89C082B44C4F8A838B4F8CA335B1B88
:109E7000A4F8A438DEE700BF78300120F7B5046A03
:109E800094F81D3284F859310B46D4F8185206461E
:109E900004F5BC6204F27D31002B4BD1A4F8EA3505
:109EA0002046CDE9002104F08DFA94F8B830012B5A
:109EB000DDE9002122D1D4F8BC30B0681B1AB3F51B
:109EC000167F0ED2B4F8C40094F8C77040F2E24690
:109ED00006FB0033D4E93E06C01946F10006C4E98A
:109EE0003E06234883421AD8002084F8C200A0F11D
:109EF000EE30A3FB00035B08A4F8C030012320462A
:109F000009F00FF9D4F8E435C4F8C431B4F8EA35EF
:109F1000A4F8B801A4F8C031284603B0F0BD012070
:109F200084F8C2001348A3FB0060032606FB03036A
:109F30009B0AE1E7B4F8EA65B4F8E035B34206D924
:109F40002046CDE9002104F03DFADDE9002101239E
:109F5000204608F0F9FFD4F8E435A4F8DC013344D6
:109F6000C4F8E831B4F8EA359B1BA4F8E431D3E730
:109F7000C37F07009E36D06973B5046A0129D4F8FF
:109F8000D8680D4600D1FEB1204B1B689B8A1E4449
:109F900094F8DC3884F8193804F23B31BDB9204616
:109FA000A4F8DA54019104F0E1F901992A46204617
:109FB00008F094FFD4F8D434C4F89838B4F8DA34FC
:109FC000A4F88C08A4F89438304602B070BDB4F8F8
:109FD000DA54B4F8D034AB4204D92046019104F0ED
:109FE000C5F90199002304F59A62204608F0ACFFF8
:109FF000D4F8D434A4F89C082B44C4F8A838B4F896
:10A00000DA345B1BA4F8A438DEE700BF7830012007
:10A010002DE9F0431C4CD0F8289087B00546204627
:10A020000F4608F043FA94F80080B8F1030F29D1E5
:10A0300023790C2B26D1154EB91C304608F050FA66
:10A04000D6E90001CDE90001D6E9020123788DF8B7
:10A050001030CDE90201A378A96A8DF81230E378B7
:10A060008DF81330002209F1A803483168460592A3
:10A070008DF81180FAF7FCFB003818BF012007B0FB
:10A08000BDE8F0830020FAE7700B0120780B012077
:10A0900030B4046A94F84330A3B1806A90F8BB10DE
:10A0A00090F8BA508D42D0E92C2305D1D0E92A503E
:10A0B000984208BF954201D041F00201607830BC5F
:10A0C00010F0C8BE30BC704730B4046A94F8433016
:10A0D000A3B1806A90F8931090F892508D42D0E925
:10A0E000222305D1D0E92050984208BF954201D0E3
:10A0F00041F00201607830BC10F0ACBE30BC70475B
:10A10000F0B5464D046A97B0074628460E4608F05B
:10A11000CDF931180AA808F0F2F92B78052B02D0F6
:10A12000002017B0F0BD3E4B5B68002BF8D02B79B8
:10A13000222BF5D10AA808F03AFA0028F0D0DDE980
:10A140000A01CDE90401DDE90C012B788DF82030FE
:10A150000323CDE906018DF82130B96AAB788DF87B
:10A160002230EB788DF82330002204F50C6348315F
:10A1700004A80992FAF77CFB0028D2D004F50867FE
:10A18000D7E9102304F245301FF0EAFE94F8D238E4
:10A1900084F8E33806F10800ED781FF0DBFE94F850
:10A1A00039309B07CDE9020132D50B0A03F0C00319
:10A1B000402B0AD11B4BC3E91C0102AB94F8D30816
:10A1C0000093D7E91223FAF709FEDDE9022304F22E
:10A1D0003F301FF0C5FE84F8E25804F50E6104F22A
:10A1E0003B3008F0D7F8012540F2011394F8B91874
:10A1F00094F8250884F8F056A4F8F8362422D4F808
:10A20000BC6810F0C0FE3044C4F8F406284688E765
:10A21000044B00200021C3E91C01D6E7700B01208C
:10A22000CC0B01208831012038B5836A056A93F888
:10A230009020032A03D0052A0BD0002038BD93F8C4
:10A240009420002AF9D093F89110BDE83840FFF728
:10A2500031BC0B4C204608F029F92378052BECD1B2
:10A26000084B5B68002BE8D02379222BE5D1012332
:10A2700085F8F836002385F8F03611F0D7FEDCE7D4
:10A28000700B0120CC0B012010B4846A026A94F890
:10A290009030032B04D0052B0AD05DF8044B704797
:10A2A00094F89430002BF8D05DF8044BFFF70CBF06
:10A2B00092F8903213F0200304D0064B5B78003BF9
:10A2C00018BF012382F8F936E36F03F5B073C2F8C3
:10A2D000F436E2E7700B01202DE9F843044600252F
:10A2E00000F15006682700F50C7807FB05F316F817
:10A2F0000390B9F1010F21D115BBB4F86020B4F877
:10A3000028319A4218D1D4E916234046C4E98C2357
:10A3100010F0FCFC4946204609F078FBD4E98C0398
:10A32000D4E99A12934208BF8842C4E9200303D0BB
:10A330002946204609F06AFB0125D6E7002DFBD00F
:10A34000BDE8F8832DE9F043046A866AD4F8F8364C
:10A3500094F8DD2813F0FF1F85B005460ED102BB2F
:10A3600094F88012E9B194F881320133DBB299425A
:10A3700084F8813215D8432384F88232012384F88B
:10A38000FA36002A7BD094F8FB365A1C84F8FB2658
:10A39000002B74D104F5FD6005B0BDE8F04312F068
:10A3A00047BAF37B13B9A24B93F87930B373228C7D
:10A3B00012F010026AD104F52471204608F088FCDE
:10A3C00086F8780094F8CE330BB394F8DD38F3B9FF
:10A3D00084F8CE3394F8CF23D4F8C40304F2D231F6
:10A3E00033F054F994F8CF33A4F8C033B4F8D03331
:10A3F000A4F8403094F8CD3484F8CC33D4F88432C7
:10A400002BB1204604F0BEF8012384F8DD3894F81F
:10A410002A61012E0FD194F8213163B1D4F884322E
:10A420004BB194F8DD3833B984F82A31204604F072
:10A43000A9F884F8DD68D4F8DC3823F07F4323F0F2
:10A44000FF03B3F5803F06D1B4F8D033A4F8403011
:10A45000002384F8DE380021284610F01BFE238CF0
:10A4600003F01D031D2B40F0B480D5F80880E76A87
:10A47000E36A002B40F090803C2384F88232042170
:10A48000204605B0BDE8F04304F092BD684FE27885
:10A4900097F86A30002A6CD0012B6AD1D4E902897E
:10A4A000C4E904890023E37004F292274B46424634
:10A4B00038461FF055FDD4F89232C4F8D432B4F8BF
:10A4C0009632A4F8D832C6E91489238C590717D5D7
:10A4D000F36C03F04403442B12D102AB94F83A001E
:10A4E0000093D4E90C23FAF75BFC48B1DDE90223C1
:10A4F00004F526701FF034FDDDE90223C4E90623CC
:10A5000094F8CE33DBB10023316E84F8CE330A7871
:10A51000452302F00F02D340DA0710D594F8CF3369
:10A52000083386F8783094F8CF3306334B70306EAA
:10A5300094F8CF2304F57471083033F0A7F894F839
:10A54000DE34002B87D0002384F8DE3494F8DF3427
:10A55000B26E083386F8793094F8DF3406335370DE
:10A56000B06E94F8DF2404F59C61083033F08EF867
:10A5700071E79807A9D502AB94F83A000093D4E9A3
:10A580000C23FAF71CFC00289FD0DDE90289C4E9FE
:10A590000489C7E91C8987E7D4E90912284612F023
:10A5A000CBF8064618B9AB68A26A1344AB60A8683A
:10A5B000414611F08DFDA26A0244BA42034634BFFF
:10A5C0003B1A0023E362002E3FF452AF05B0BDE812
:10A5D000F083184BEE685B69DB0307D5FFF7E8FAF9
:10A5E000AB6840F2712202FB0030A86094F8DD38BD
:10A5F00013B1D4F8F4371E4494F8DF38676A6BB1AE
:10A60000002684F8DF6811F03DFD4008421C314609
:10A61000284605B0BDE8F04312F00EB811F032FD47
:10A6200071004008B94200F1010238BF3946EFE736
:10A6300088310120B0300120036A012283F8DF282D
:10A64000FFF780BEF8B5046A866AD4F8F83613F0CE
:10A65000FF1F05460DD194F8802212B394F8813281
:10A660000133DBB29A4284F881321AD8432384F84A
:10A670008232012384F8FA36002384F8DD3894F816
:10A68000FB365A1C84F8FB262BB904F2FC60BDE8AB
:10A69000F84012F0CDB820460421BDE8F84004F09F
:10A6A00087BCF37B13B9384B93F87930B37394F8C4
:10A6B000CE3323B3002794F8CF23D4F8C40384F80F
:10A6C000CE7304F2D23132F0E1FF94F8CF33A4F824
:10A6D000C033B4F8D033A4F8403094F8CD3484F8C3
:10A6E000CC333A4604F52471204608F0F1FAD4F848
:10A6F000843284F8A00713B984F8DD38F8BD94F8E3
:10A70000DE34B3B1002384F8DE3494F8DF24D4F8C7
:10A71000D40404F2E24132F0B9FF94F8DF34A4F833
:10A72000D034B4F8E034A4F8403094F8DD3584F83F
:10A73000DC3494F8DE3894F83A00012B01BFB4F809
:10A74000D033A4F84030002384F8DE38D4E90C2359
:10A75000FAF7C8FC90B10023A4F8CA3304F570726C
:10A7600004F2F921204608F04FFBD4F8C433F36615
:10A77000B4F8C033A6F86000A6F868302946204631
:10A78000BDE8F84003F084BE8831012070B5046A4A
:10A79000826A94F81E3205462BB120460321BDE89B
:10A7A000704004F05DBED37B13B9194B93F8793038
:10A7B000937394F8EE3573B1002384F8EE3594F872
:10A7C000EF25D4F8E40504F2F25132F05FFF94F87B
:10A7D000EF35A4F8E03504F50C76AB68D4F8202208
:10A7E0001344AB60B4F828310133A4F82831204673
:10A7F000FFF772FDB4F82811304603F00FFE002178
:10A8000084F81D02284611F06BFE0028E5D070BDCB
:10A8100088310120FFF7BABF70B590F86111044686
:10A82000B9B92A4B1B680BB9002070BD1B69002BFE
:10A83000FAD0274A1068274A201A0011504380B2E4
:10A8400098470028F0D1B4F82802BDE8704005F020
:10A850001FBF90F85D2190F86331534013F001035E
:10A86000E2D190F86551B0F82802061DB54203DD2B
:10A87000013284F85D21D7E735B301390229F7D8D1
:10A88000154D6B78002BCFD005F002FF0028CBD000
:10A890006B78013B6B7094F85D31013384F85D3166
:10A8A0000E4B1B68002BC0D094F86430002BBCD03A
:10A8B00094F86730002BB8D1D4E97632013342F1F5
:10A8C0000002C4E97632B0E72846E4E75C210120C3
:10A8D00058210120CF467D67303101204C210120D5
:10A8E000002310B580F86031044605F053FE78B1BE
:10A8F000084B1B6863B194F864304BB194F867302F
:10A9000033B9D4E97432013342F10002C4E974323C
:10A9100010BD00BF4C21012010B590F85E1190F8D9
:10A9200062214A4012F0010407D090F86021013101
:10A9300080F85E111AB1FFF7D3FF204610BD80F8F2
:10A940008221FAE705F04EBE70B504468AB00E4685
:10A9500039B990F8643123B990F85F3152EA0300B5
:10A960004BD0FF2384F85C310DF1070204A9204687
:10A9700005F0BCFD94F882310546002B63D1002818
:10A9800061D09DF80730002B39D1636813F00203C2
:10A9900003D0A3785A1E53425341DBB2059984F881
:10A9A0005F318DF807304B7884F860310B7803F015
:10A9B000030384F85C3123BB424B1B680BB39B68D9
:10A9C000FBB1414A1068414A201A0011504380B23D
:10A9D00098473F4B196849B194F8643033B194F803
:10A9E000673004F14C0033B3012B28D004A829466A
:10A9F000F9F790F9059B587802300AB070BD012331
:10AA0000CBE70B7803F0E3030B7094F85D21920021
:10AA100002F0040213430B7094F85E21D20002F09E
:10AA2000080213430B7094F85F21120102F0100228
:10AA300013430B70CDE7D4E974238847D6E7B4F805
:10AA400016210023F9E72EB3003D18BF012500238E
:10AA500084F85F51012584F8603104F5AE711D481A
:10AA600084F85C5108F087FB1B4A92E8030002ABB4
:10AA700083E8030018462946F9F74CF994F8823127
:10AA8000BDF8080084F88251B3FA83F35B0984F8B7
:10AA90008331B2E794F86131002BD5D1094B1B68A3
:10AAA000002BD1D0DB68002BCED0074A1068074AB4
:10AAB000201A0011504380B298470028C4D1304674
:10AAC0009BE700BF5C21012058210120CF467D6714
:10AAD0004C210120880B012098100700F8B504468E
:10AAE0000D461F46164692B11A4B19681A4B411A69
:10AAF000091159438AB2B0F81611284605F0D4FD61
:10AB000035462FB92846BDE8F84005F0C9BDEBB180
:10AB1000124B196849B194F8653033B194F8673035
:10AB200004F14C0053B1012B0CD0B4F828120631BB
:10AB3000284689B2BDE8F840F9F722B9D4E976236E
:10AB40008847F2E7B4F816210023F9E70029D9D1A4
:10AB5000F8BD00BF58210120CF467D674821012064
:10AB60002DE9F341436801915B070646144626D45C
:10AB700026F046FA804611F08BFAB6F81851019982
:10AB800040F2E2435D43336907465BB1986811F0D8
:10AB90009FFAA842019905D83369986811F098FA8C
:10ABA00001990546404611F093FA96343C4404441A
:10ABB000AC4294BF0020012002B0BDE8F08100202B
:10ABC000FAE74378032B11D190F858322BB190F863
:10ABD0005902003818BF0120704790F850323BB13D
:10ABE000D0F87001B0FA80F040097047002070473B
:10ABF0000120704770B5046A2046FFF7E2FF18B1E4
:10AC0000BDE8704011F012BA214B1B684BB19B6933
:10AC10003BB1204A1068204A201A0011504380B2EC
:10AC2000984700211D4BA4F86411012284F861218A
:10AC3000204619705970FFF787FE11F001FA064699
:10AC400020BBB4F8280205F023FD05460028D7D024
:10AC5000134B196849B194F8653033B194F86730F3
:10AC600004F14C0053B1012B0CD0B4F8281206317A
:10AC7000284689B2BDE87040F9F782B8D4E9762356
:10AC80008847F2E7B4F816213346F9E770BD00BFF4
:10AC90005C21012058210120CF467D678C0B0120CB
:10ACA00048210120036A93F882212AB193F8832175
:10ACB00012B1002283F88221704700002DE9F04F85
:10ACC000046AA14A94F89811866A537885B00546BB
:10ACD00000293ED1127813430DD0237AB4F886119F
:10ACE0003E2B04BF0823237204F5C4701FF0BAF88A
:10ACF000012384F8983196F8703084F81A3194F86A
:10AD0000D232012B0AD194F81B313BB994F8D122ED
:10AD10008E4B53F822300BB120469847D4F8E032DE
:10AD20003BB18B4A10688B4A201A0011504380B205
:10AD300098472046FFF745FF804698B120464B21B3
:10AD400004F0A0FF04F5C47005B0BDE8F04F1FF09B
:10AD50008CB8002BCFD0B4F8861104F5C4701FF066
:10AD600081F8C8E794F8F83053B30C2005F0ACFB39
:10AD7000074628B3B4F81621B4F8143184F8F880E3
:10AD800013440733A4F88232714B724A1B68E31AEA
:10AD90001B115343D9B2AA68404610F063FE6E4BB4
:10ADA000A0FB0332DB0F43EA420304F51E71A4F853
:10ADB0007A32384608F0F9F93946204605F062FB48
:10ADC00094F8433263B1002384F8433294F8443258
:10ADD000002B40F09980614B1B680BB120469847CF
:10ADE000AB680293F37B0BB996F87130B373337B86
:10ADF000032B0AD1F3685A4903F0FF138B420CBFAF
:10AE00002246621E92F85B31B370DFF868B1DFF85A
:10AE100044910027B4F81631B4F81881029801372C
:10AE2000BFB2013308FB07F140F2E2429BB202FBE2
:10AE30000101A4F81631A96094F85EA2BAF1090FD5
:10AE400064D1B4F8821299424CD1B4F87C12A4F8BF
:10AE50001811B4F87E12B4F81431A4F81411B4F82F
:10AE60008012B4F886A1039301EB81014900A4F894
:10AE7000861137490868201A001109FB00F0C0B29A
:10AE800010F0E0FDB4F87A02616940F2E24202FBA0
:10AE900000116161B4F818114A4318F0030118BF9A
:10AEA0000121E26108EB98020A44B4F8861104F526
:10AEB000C47011441EF0D6FFB4F81821039B42451C
:10AEC00007D1B4F814219A4203D1B4F8863153451E
:10AED00005D0D4F8603243F40073C4F86032012323
:10AEE00084F8573294F84D211E4B002153F822303C
:10AEF000204698471C497070284611F0F1FA002846
:10AF000088D005B0BDE8F08F184B65E7BAF1010FA6
:10AF100032D1B4F8A8229A42E4D1D4E9A823204639
:10AF2000C4E9482304F08EFD114B84F857A21B6836
:10AF3000002BD7D0064A1068201A001109FB00F038
:10AF400080B29847CEE700BF8C0B0120242101205E
:10AF500058210120CF467D67E3361A003C210120AD
:10AF600003000100D0200120C3FE0300382101208E
:10AF70008830012078300120BAF10D0FB2D1B4F839
:10AF8000B4229A42AED194F84430022B03D0032B62
:10AF900014BF0123042394F84580B8F1020F06D0B2
:10AFA000B8F1030F14BF4FF001084FF0040894F8F4
:10AFB000B212A9B3994233D002294FF001035DD0F8
:10AFC000042952D084F844301946CB1A23440A4647
:10AFD00093F95801D4F8603284F83A0043F40053EE
:10AFE0007E28C4F860321BD1DBF80030224493F98C
:10AFF000203084F83A3082F85731D4F81C220329E3
:10B0000008BF84F85B3152070AD51E4AD2F800A067
:10B01000BAF1000F04D00122009220460022D0474E
:10B0200094F8B3327BB143450DD0022B03D0042BEF
:10B0300014BF0123032384F84530D4F8603243F46D
:10B040000053C4F86032012384F8573204F50C71C0
:10B05000204605F034F904F50A71A4F83A022046B6
:10B0600005F02DF9A4F838023CE794F846300321A6
:10B07000013B84F8441018BF0123A6E784F844106C
:10B08000A3E700BF44210120036A93F882212AB17B
:10B0900093F8832112B1002283F882215B780BB1EF
:10B0A000FFF70CBE704719B9036A012283F85922D1
:10B0B000704700002DE9F047046A94F8573284F88D
:10B0C0001B2181460E46174633B1002384F85732C0
:10B0D0003921204604F0D6FD022F04D13046BDE8C8
:10B0E000F04705F0DDBA2046FFF76BFD0546002866
:10B0F0003BD1042F09D8DFE807F0033808383100C6
:10B10000294B01225A7000221A70314604F2611054
:10B1100008F07BF82046FFF77FFB80462046FFF7CC
:10B12000FBFBB4F83A22D9F8081082462046FFF714
:10B1300017FDE8B110F07AFF2046FFF703FC94F802
:10B140006131032B04BF002384F8593242462B4659
:10B1500031462046BDE8F047FFF7C0BC124A1378DD
:10B160000133DBB2012B137018D910F05FFFB5E784
:10B17000BAF1000F15D1636883F00802C2F3C00270
:10B1800082F0010239462046FFF7DEFB0028D1D0CD
:10B1900010F056FFB0FA80F56D09CDE74FF00008CA
:10B1A000E9E70122ECE700BF8C0B0120B0F8162183
:10B1B0002DE9F8430132B0F8FA50B0F81891B0F820
:10B1C0001481B0F8867192B2531B04469BB240F2D0
:10B1D000E24009FB03F34343D4F80001A4F8FA204A
:10B1E0001844C4F80001B4F88202A84218BFC4F899
:10B1F0000431B4F87C32A4F81831B4F87E32A4F8E3
:10B200001431B4F8803203EB83035B00A4F8863179
:10B2100011BBB4F87A6294F87852B4F8F81040F29E
:10B22000E2435D435E43701901F0E8F8D4F8003161
:10B23000C4F8FC503344C4F8003163691E44A36968
:10B240002B440344A361D4F898301D44361A05EB0F
:10B2500040006661C4F8980019F0030218BF01228B
:10B26000B4F8861109EB99031344194404F5C4702A
:10B270001EF0F8FDB4F818314B4507D1B4F814317D
:10B28000434503D1B4F88631BB4205D0D4F86032CF
:10B2900043F40073C4F86032012384F8573200236A
:10B2A00084F80831BDE8F8834378032B11D190F876
:10B2B00058322BB190F85902003818BF012070475E
:10B2C00090F850323BB1D0F87001B0FA80F04009EC
:10B2D00070470020704701207047000070B5046A75
:10B2E0002046FFF7E1FF18B1BDE8704010F09EBEA8
:10B2F0001C4B1B684BB19B693BB11B4A10681B4A36
:10B30000201A0011504380B298470026B4F8280252
:10B31000A4F80A6184F80C61C4F8106105F0B8F96A
:10B3200005460028E0D0124B196849B194F8653001
:10B3300033B194F8673004F14C0053B1012B0CD0B9
:10B34000B4F828120631284689B2BDE87040F8F7F3
:10B3500017BDD4E976238847F2E7B4F816213346BF
:10B36000F9E700BF5C21012058210120CF467D670D
:10B3700048210120704700002DE9F04F046AD0F801
:10B38000288094F8093185B0064693B325F038FE3D
:10B3900001460390B068B4F8185110F099FE039973
:10B3A00020B340F2E243B0685D4310F091FE854265
:10B3B00003991BD2B06810F08BFE29460FF0EBFB0F
:10B3C000B4F816311B1AA4F8163194F84D316BB944
:10B3D00094F81D1194F81C3100FB01F2934210FB0C
:10B3E00001F0C0B25DD31B1A84F81C31002384F82D
:10B3F000093198F8783084F81A3194F8D232012B58
:10B400000AD194F81B313BB994F8D122AE4B53F8D2
:10B4100022300BB12046984794F80B317BB1D4F819
:10B420001031C4F80031B4F816310133A4F8FA3001
:10B43000002384F89931C4F8FC30C4F8043194F83E
:10B44000982194F80C31002A3FD113B994F80A31AD
:10B450006BB1237AB4F886113E2B04BF0823237204
:10B4600004F5C4701EF0FEFC012384F89831D4F872
:10B47000E0323BB1954A1068954A201A00115043BA
:10B4800080B298472046FFF70FFF38B320464B2184
:10B4900004F0F8FB04F5C47005B0BDE8F04F1EF0F1
:10B4A000E4BCD21A252A82BF4DF668514A43520D98
:10B4B00003F12503A3EB000388BF02EBC201DBB25B
:10B4C00084BF02EB81029B188EE7002BCFD0B4F82B
:10B4D000861104F5C4701EF0C5FCC8E77D4B1B68DF
:10B4E0004BB1DB693BB1794A1068794A201A0011E7
:10B4F000504380B2984794F85C32012B08D194F8FD
:10B500005B222AB984F85B322C21204604F0BAFB76
:10B5100094F8433263B1002384F8433294F8443200
:10B52000002B40F0CF806C4B1B680BB12046984736
:10B5300094F85E32092B0DD1204609F03DFC48B14C
:10B54000B4F81621B4F882329A4203D10121204680
:10B55000FFF72CFEB4F81651B4F8FA300135ED1AA5
:10B5600094F80931ADB25BBB6368190328D5B4F810
:10B5700014312BB394F8083113B394F80C31FBB1A8
:10B5800004F5B8701EF0FCFBD0B16378032B17D024
:10B5900094F85E32FF2B40F0A980B4F8141179B111
:10B5A000B4F8163194F84D210B44A4F816314B4BE6
:10B5B0000D44013953F8223089B22046ADB2984784
:10B5C000DFF82491B4F81631D4F80401B4F8F81077
:10B5D0000133A4F816310135B4F81831ADB26B431C
:10B5E00040F2E24B0BFB030000F008FFB4F81871C7
:10B5F000824610F04DFD6F430BFB07F795284FEA8D
:10B60000570B40F2A68010F043FDABEB000BD34587
:10B610007FF63CAFD4F80021D4F8FC101744B4F8FE
:10B620003A220A44A7EB0A07524401EB4A01B760E9
:10B63000F260C8F8601094F85E72092F40F0138130
:10B64000B4F81621B4F88232511C994202D1022179
:10B6500084F899119A4203D100212046FFF7A6FDF4
:10B6600094F84D211D4B002153F822302046984775
:10B6700088F8010094F89931022B1AD0B4F81621F9
:10B68000B4F8FA300132D21AB4F886314FF47A7134
:10B690004B43B4F81811D2B240F2E2404143B3FB3D
:10B6A000F1F3511CDBB2994240F0D880012384F8B9
:10B6B00099310B49304610F013FF002882D005B0B5
:10B6C000BDE8F08F074B2FE72421012058210120EE
:10B6D000CF467D675C2101203C210120D020012044
:10B6E000C3FE03003821012078300120092B15D139
:10B6F000204609F061FB88B1B4F88222B4F8163113
:10B70000D21AB4F8141193B2481C83423FF747AFE2
:10B71000012A7FF755AF023B99B240E794F85E32B9
:10B72000B4F81611012B07D194F85532012B03D12F
:10B73000B4F8A822521AE4E7D4F85C325A4A23F04B
:10B740007F4323F0FF0393427FF43AAFB4F8B4226F
:10B75000F0E7962059E70D2F82D1B4F81621B4F8FE
:10B76000B4329A427FF47CAF94F84430022B03D079
:10B77000032B14BF0123042394F84570022F03D038
:10B78000032F14BF0127042794F8B312A9B39942D9
:10B7900033D002294FF001035DD0042952D084F840
:10B7A00044301946CB1A23440A4693F95801D4F879
:10B7B000603284F83A0043F400537E28C4F86032C3
:10B7C0001BD1D9F80030224493F9203084F83A3064
:10B7D00082F85731D4F81C22032908BF84F85B3162
:10B7E00052070AD5314AD2F800B0BBF1000F04D09D
:10B7F0000122009220460022D84794F8B2327BB151
:10B80000BB420DD0022B03D0042B14BF0123032312
:10B8100084F84530D4F8603243F40053C4F8603201
:10B82000012384F8573204F50C71204604F047FDDB
:10B8300004F50A71A4F83A02204604F040FDA4F889
:10B8400038020DE794F846300321013B84F8441098
:10B8500018BF0123A6E784F84410A3E79A42FFF437
:10B8600028AF022323E7012F7FF475AFB4F8162128
:10B87000B4F8A8329A427FF4F3AED4E9A823204664
:10B88000C4E9482304F0DEF8094B84F857721B68BA
:10B89000002B3FF4E5AE074A1068074A201A001152
:10B8A000504380B29847DBE600010D00442101209F
:10B8B0008830012058210120CF467D67036A00228D
:10B8C000A3F80A2183F80C21C3F81021FFF754BD17
:10B8D00019B9036A012283F8592270472DE9F0470C
:10B8E000046A94F8573284F81B210F46164633B188
:10B8F000002384F857323921204604F0C3F9022E80
:10B9000004D13846BDE8F04704F0CABE2046FFF730
:10B91000CBFC054618B906F0FD03012B02D110F04F
:10B9200085FBEEE794F80B3163B926B163689802A2
:10B930002FD4042E0CD1D4F8AC30C4F8103101232C
:10B9400084F80B312EBB012384F80C3184F80A6192
:10B95000394604F2611007F058FC94F85B324BB999
:10B9600094F86131032B05D06368990544BF012326
:10B9700084F85C322046FEF74FFF80462046FEF7F3
:10B98000CBFF94F8083183B978B1012384F80831EA
:10B990000BE0042EDCD194F80A310133DBB2012B29
:10B9A00084F80A31BBD84FF0000801223146204606
:10B9B000FEF7CAFF814698B910F038FB2046FEF723
:10B9C000C1FF94F86131032B04BF002384F859327E
:10B9D00042462B4639462046BDE8F047FFF77EB881
:10B9E00094F85B3263B994F85C22012A08D162684A
:10B9F000920505D594F85C21032A08BF84F85C32CF
:10BA000010F01EFB0028D9D1042E05D094F8643123
:10BA100013B994F85F3183B1494694F84400D4F8DF
:10BA2000AC500FF09DFAB4F83A2229460244204661
:10BA3000FFF796F8B0FA80F35B09DDB2BEE70000CD
:10BA40002DE9F84F174E96F8983005461BB3164A65
:10BA5000B6F880301468DFF854B04FF43C7202FB43
:10BA6000034404F10C0AD4F81480002740F2E249A0
:10BA70005946504610F034FD013760B9B4F816311C
:10BA8000B4F818210133A4F81631BBB2534309FBB3
:10BA900003836361ECE72E622846BDE8F84FFCF7AC
:10BAA0005DBB00BF7021012058210120C3FE0300AF
:10BAB0002DE9F04F846A94F8A40087B00F4600285F
:10BAC00074D0606E002871D04C4DD4F88830DFF807
:10BAD0003C8103930830D4E92423D8F800A0B5F8BA
:10BAE00080B094F8A1901EF03BFA94F8A23085F84B
:10BAF0008B3195F841309A0776D594F8A030012B18
:10BB000057D1384610F8086B1EF024FA0B0A03F0E0
:10BB1000C003402BCDE904014FEAD6165FD104AB38
:10BB2000C5E91E0194F8A3000093D4E92623F9F790
:10BB300055F9606EDDE9042302301EF011FA85F834
:10BB40008A612F49606E06F025FC4FF43C76039B1A
:10BB5000D8F8001006FB0BA603EBC909711A294B94
:10BB600009115943B6F8183109F5E56940F2E24088
:10BB70004A46C9B258430FF075FF234BA0FB03326E
:10BB8000DB0F43EA4203626E9375626E4844C3F36F
:10BB90000721D175A5F87030706195F889010128E9
:10BBA00027D13B789B0624D585F8850007B0BDE8F2
:10BBB000F08FD4E91423CDE9042304ABE66C94F8A8
:10BBC000A3000093D4E92623F9F7F9F828B1DDE9B9
:10BBD00004230126C5E91E23ABE7C6F34006002275
:10BBE0000023C5E91E23A4E700220023C5E91E2384
:10BBF000A7E7002385F885300120D7E770210120D1
:10BC0000F8220120CF467D67E3361A005821012033
:10BC100008B5044B012283F8982010F007FA0020A1
:10BC200008BD00BF702101202DE9F0410446D0F885
:10BC3000345200F5037710F02BFA636E628BC4F870
:10BC40001432238B00F2CC409342C4F8180213D074
:10BC5000D5F88C1040F271235A43084490420BD21D
:10BC6000384610F0E9FC38B1616ED4F8140210F0D7
:10BC70002FFAC5F88C0012E0002395F8811068783F
:10BC8000C5F88C3000F078FD6870268B628B964288
:10BC900007D1384610F0D6FBD4F814326366BDE8FD
:10BCA000F08140F271235E4303FB0268D4F8143242
:10BCB0003344636642463146384610F0BDFC0028E6
:10BCC000D2D1636EC4F81432F0E7006A036890F8CA
:10BCD000082223F07F4323F0FF036BB190F8093271
:10BCE0000133DBB280F8093212B1012B01D8704761
:10BCF0002BB1032105F05EBE0AB9FFF795BF70476F
:10BD0000006A036823F07F4323F0FF0313B103218C
:10BD100005F050BE80F80832FFF786BF2DE9F047E6
:10BD2000036A5A78064622B393F808520DBB134AA9
:10BD3000B3F860301468DFF848A04FF43C7202FB9F
:10BD4000034404F10C09676940F2E2485146484651
:10BD500010F0C6FB013560B9B4F81631B4F81821FB
:10BD60000133A4F81631ABB2534308FB037363618C
:10BD7000ECE73046BDE8F047FFF7A7BF58210120A8
:10BD8000C3FE03002DE9F047036A5A78054612B353
:10BD9000134AB3F860301468DFF848A04FF43C72DF
:10BDA00002FB034404F10C096769002640F2E248F3
:10BDB0005146484610F094FB013660B9B4F816318C
:10BDC000B4F818210133A4F81631B3B2534308FB79
:10BDD00003736361ECE72846BDE8F047FFF790BFC7
:10BDE00058210120C3FE030008B5036A01225A70DE
:10BDF00010F01CF9002008BD2DE9F04F846ADFF82F
:10BE0000749194F8A120056AD9F80030607BB5F8E8
:10BE100060B0D4F8886087B08846023294F8831006
:10BE200003930FF0B0F8824694F8A400002877D06E
:10BE3000606E002874D0D4E9242308301EF090F8F6
:10BE400094F8A23085F8DB3195F86B309B0740F110
:10BE5000858094F8A030012B65D1404610F8087B0E
:10BE60001EF078F8CDE90401C5E91601090A01F0D0
:10BE7000C00140294FEAD71707D104AB94F8A300BB
:10BE80000093D4E92623F8F7A9FF606EDDE90423C7
:10BE900002301EF065F885F8DA71039B4FF43C77A9
:10BEA00007FB0B37304B1B6AC3F3803385F8D9315E
:10BEB00005F5EC71606E06F06DFAD9F800102B4BA9
:10BEC000791A0911594306F5DB66B5F86230564414
:10BED00040F2E2403246C9B258430FF0C3FD244B52
:10BEE000A0FB0332DB0F43EA4203626E9375626E7E
:10BEF000C3F307210644D175A5F850307E6195F84B
:10BF0000D931012B0ABF98F800300023C3F3401346
:10BF100085F86930237B85F86C30012085F868004E
:10BF200007B0BDE8F08FD4E91423CDE9042304ABB6
:10BF3000E76C94F8A3000093D4E92623F8F73FFFB9
:10BF400028B1DDE904230127C5E916239DE7002276
:10BF50000023C5E91623C7F3400796E70022002314
:10BF6000C5E9162399E700BFB0300120CF467D67B1
:10BF7000E3361A005821012037B5044668460D46BD
:10BF800006F094FA9DF80030072B05D0294620468C
:10BF9000FFF732FF03B030BD0020FBE7F0B587B0FC
:10BFA000846A056A064602A80F4606F07FFA9DF8E5
:10BFB0000830072B36D1002385F8AA31BA1C0DF1C1
:10BFC000070105F5D47006F063F89DF80730DB062D
:10BFD00028D5D5F8CC1104A806F0B0F89DF8163095
:10BFE000012B1AD0022B1FD00023F36094F8A1205C
:10BFF00094F88310607BD4F8886002320EF0C3FF9F
:10C00000D4F88820331804A9284601F069F895F877
:10C0100008323BB110F00AF804E0064B1B6A13F437
:10C02000807FE1D107B0F0BD024B1B6A13F4006FB3
:10C03000F7E700BFB03001202DE9F0478EB0046A69
:10C04000856A064604A80F4606F030FA0DF10F0186
:10C050003A1804F5D47006F01BF894F8A931D90702
:10C0600004D4002738460EB0BDE8F0879DF80F7065
:10C0700017F00107F5D09DF810308DF8303094F8A6
:10C08000AA318DF83130D4E96C23CDE90823D4E905
:10C090006E23B16ACDE90A23BDF81230ADF8323013
:10C0A000002205F18803483108A8F8F7E1FB0028D1
:10C0B000D7D095F89C30002BD3D02B6E002BD0D04E
:10C0C000DFF848A1B4F86020DAF80030687BD5F8D2
:10C0D00084904FF43C7101FB02389DF8142095F8D0
:10C0E0007E1002320EF04FFFE97B064609F19609F9
:10C0F000287B09B995F87E1024220EF044FF4E44A7
:10C100000644286ED5E9222308301DF029FF95F852
:10C110009A3084F8DB3194F86B309A076DD59DF82E
:10C120000F309B074DD5D4E96E131A0A02F0C002F6
:10C13000402ACDE906139DF8139009D1C4E91613DE
:10C1400006AB95F89B000093D5E92423F8F746FE4B
:10C15000286EDDE9062302301DF002FF84F8DA9133
:10C1600004F5EC7104F1780006F014F96B7BDAF851
:10C170000010B8F81801032B08BF032240F2E24375
:10C1800018BF022203FB0266A8EB01011D4A091138
:10C19000514358433246C9B20FF064FC1A4BA0FB1E
:10C1A0000332DB0F43EA42030644A4F88E30C8F89A
:10C1B00014602B7B84F86C304FF48073A4F86830E3
:10C1C00050E7D5E91423CDE9062306ABD5F84C900A
:10C1D00095F89B000093D5E92423F8F7F0FD28B1EA
:10C1E000DDE90623B946C4E91623B1E7002200239E
:10C1F000C4E91623C9F34009AAE700220023C4E9D1
:10C200001623ADE7CF467D67E3361A00582101209B
:10C21000F0B505468BB00E4659B3046A876A02A88A
:10C2200006F044F90DF10701321804F5D47005F059
:10C230002FFF9DF808308DF8203094F8AA318DF842
:10C240002130D4E96C23CDE90423D4E96E23A96A13
:10C25000CDE90623BDF80A30ADF82230012207F1FE
:10C260008803483104A8F8F703FB012363700FF03B
:10C27000DDFE00200BB0F0BD2F4B18692DE9704397
:10C28000D3E902465D682D4B68B94FF000084FF0C6
:10C290000009C3E90E8924B19A6BF5B942F0300266
:10C2A0009A63BDE87083002C3CD00FF28409D9E971
:10C2B0000089C3E90E89002DEDD0D3E90E2142F0AB
:10C2C000005242F08C029A631D4A1268927E012A43
:10C2D00084BF41F4E071D963DDE742F0706141F061
:10C2E00070019963164909688C7E012C82BF42F067
:10C2F000F85242F070029A631EB19A6B42F4400207
:10C300009A630028CDD0D3E90E21012C42F47F128C
:10C3100042F44062C4D941F40F7141F00301C3E912
:10C320000E21BEE74FF003084FF00009C1E700BF40
:10C33000033300C000000000CC0B0120F0300120CE
:10C340007830012073B583781B4A1C4E1060FF2B98
:10C35000044622D056F8233003B19847184D2B7865
:10C36000CBB1184B5B7AB3B9F8F714FFF8F778FC48
:10C370000EF050FC144E012456F8243003B19847B7
:10C380000134122CF8D100232B7001A84FF4803314
:10C3900001930EF003FC02B070BDC37813B9084BD3
:10C3A00001221A70012556F825300BB12046984716
:10C3B0000135122DF7D1D1E7600C0120CC0B012003
:10C3C000140C0120B0300120180C0120024B53F84E
:10C3D000203003B118477047A00B012007B5002398
:10C3E0008DF803008DF804006846ADF800308DF834
:10C3F00002300EF0D3FB03B05DF804FB0C4A034699
:10C40000506910F4802012D0A3FB013141F2C70023
:10C41000A3FB003200FB012246F6F9615B1842F1F2
:10C420000103044A126892F8210010301844704742
:10C43000B03001207830012008B50EF067FB074AC4
:10C4400020F07C43C00E125C054843EA026323F4EB
:10C45000010323F40173184308BD00BFA0100700B7
:10C4600031080402034A1378591C1170024A42F839
:10C47000230070478E0B0120900B01202DE9F8431B
:10C480000F4BDFF84080DFF84090C3E90C01002734
:10C4900005460E463C4699F80030BB4202D820467D
:10C4A000BDE8F883D8F80030284631462CB99847C3
:10C4B0000446013708F10408EDE79847F9E700BFA3
:10C4C000B0300120900B01208E0B0120C07807F0C6
:10C4D000CDB9000070B588B005460C4601466846E7
:10C4E000164605F0E3FF9DF80430063BDBB21F2B38
:10C4F00001D900203EE09DF8001005F10802062950
:10C50000F7D801A050F821F027C503007DC503002E
:10C5100025C50300F3C4030027C50300F3C40300CB
:10C5200079C503000321A1726260237295F8273058
:10C530006372134902AB01222846F8F7B1F80028CC
:10C54000D7D09DF81B109DF81A008842DDE904231E
:10C5500005D1DDE90250984208BF954201D041F073
:10C56000020104F10C00E1721DF0FAFC9DF81D308F
:10C570003370012008B070BD0221D4E70023D2E758
:10C58000780D012038B50446D0F828010025C4F8FC
:10C59000285108B11DF058FBD4F83001C4F83051CF
:10C5A00018B1BDE838401DF04FBB38BDC20707D4F5
:10C5B000830707D410F0040F0CBF252027207047F5
:10C5C000252070472620704730B55E4C5E4D85B003
:10C5D0002822002104F19C0031F080F804F1C80306
:10C5E000C0220021184631F079F8584BC4F8C40035
:10C5F000C4E92D33022384F8C830554BC4F8BC403D
:10C60000197A40F203120846A4F8B020FFF7CEFFD3
:10C6100095F82830DFF85CC184F8CA304D4B84F8B7
:10C62000C900C4E933C340F20113A4F8D43094F82C
:10C63000423084F84911D8074FF0570248BFA4F898
:10C640001221980744BF2023C4F81431424BC4F888
:10C650003831424BC4F83C31414BC4F840312D20B5
:10C66000404BC4F84431A4F810211DF0E1FA94F8CD
:10C670004030C4F82801012B04D12D201DF0D8FA38
:10C68000C4F8300194F84120D4F81431D20759BFCE
:10C69000354BD3E90C2343F00203C4F8143158BFDF
:10C6A000C4E94623D4F8143148BFD5E9060143F064
:10C6B0000102C4F8142195F8292048BFC4E94601B5
:10C6C0001AB143F05103C4F8143194F84030012BEF
:10C6D0004FF0000333D1CDE90233032384F88831CE
:10C6E0000C2384F88C31D4F814312048C3F3400370
:10C6F00084F88A31D4E946236946CDE9002305F060
:10C7000077FE0E23C4F82C4184F84831002584F8C4
:10C7100089510FF0BDFCE38FA4F8985040F27122CC
:10C7200000F2CC405343C4F8A8001148C4F8AC3020
:10C730000FF088FED4F8A430A36305B030BDC4F870
:10C740002C31E3E7680C0120B03001205D8103004B
:10C750004C310120555555004582030001830300EB
:10C76000C9830300D5830300F03001206A0C012047
:10C77000040D0120D6BE898E59B10130C0B22828DF
:10C7800028BF2520A0F1250341FA03F3DB07F4D5E8
:10C7900070472520704770B58CB004460E4615468C
:10C7A0000021242203A8019330F098FF0522019B69
:10C7B0008DF80E200DF116002A468DF80F408DF8E9
:10C7C00010408DF815601DF0CBFB03A80EF0E6F9C4
:10C7D0000CB070BD38B504460D464822002130F03B
:10C7E0007DFF84F8405038BD10B59DF8084004F036
:10C7F000070443EA844301F0030143EA0143C0E92B
:10C80000002310BD10B5BDF81040C3F3080343EA80
:10C8100004539DF80C4004F00F0443EA04439DF8D0
:10C82000084004F01F0443EAC42301F0030143EA73
:10C830004123C0E9002310BD2DE9F047014690F8DF
:10C840004000A8B391F842A04E6C0C4600204FF077
:10C85000010C0CFA00F737425FFA80FE3DD0D4E9B4
:10C860000057BB4208BFAA4237D1F2453FD0072844
:10C8700014BF441C00240127544507D007FA04FCC8
:10C880001CEA060F16D1874026EA0706BAF1000F08
:10C8900021D00AF1FF34E4B2012000FA04F5354357
:10C8A0004D6401EBC40581F8424041F834206B60CF
:10C8B000BDE8F08701EBC40CDCE90089072C01EB33
:10C8C000C00014BF04F1010C4FF0000CC0E9008956
:10C8D00020466446D0E70724DEE70130082804F14B
:10C8E0000804B6D1012381F841300020E0E701209F
:10C8F000DEE790F8401030B591B190F84210456CE9
:10C9000079B10139C9B201248C4080F842102C431E
:10C9100000EBC1014464C1E90023002380F84130E9
:10C9200030BD0721EFE70000F0B5044685B0C57AB9
:10C930000C301DF00FFB0B46A17A009102462946F0
:10C9400002A8FFF751FFDDE902670E4D32463B4674
:10C9500005F14800FFF770FF88B93B4605F1480034
:10C96000FFF7C7FF95F82430012B08D14FF40033AF
:10C970002046236005B0BDE8F0400EF00FB905B0C9
:10C98000F0BD00BF680C012002484FF4CC720021BA
:10C9900030F0A4BE680C012008B50C4B0C4A9A601C
:10C9A0000C4B0D4A9A600D4B0D4A9A610D4ADA61A3
:10C9B000FFF7EAFF0C4B1B681B79072B81BF0B4A63
:10C9C000136A43F08003136208BD00BF180C0120F6
:10C9D000F1C90300CC0B0120CDC40300A00B012042
:10C9E0003DCA03007DCA030078300120F0300120E9
:10C9F00008B5F6F7FFF9FFF7C7FFBDE808400EF0EE
:10CA00006FBA000008B521F05BF9044A537A01338C
:10CA10005372BDE8084021F055B900BF4C310120E8
:10CA200008B521F04DF9044A537A013B5372BDE831
:10CA3000084021F047B900BF4C31012030B50E4D00
:10CA400089B00DF1020128461DF017F9044608B916
:10CA500009B030BD0DF1030201A9FFF73BFD28B17C
:10CA6000FF2301A88DF81630FFF75EFF20461DF06A
:10CA7000EBF8FFF7D5FFE4E7900C012030B5154D3A
:10CA800089B00DF1020128461DF0F7F8044608B9F7
:10CA900009B030BD0DF1030201A9FFF71BFD98B1EC
:10CAA00001238DF81630A368CDF81730A389ADF8AF
:10CAB0001B309DF80330002B14BFFF23012301A876
:10CAC0008DF81630FFF730FF20461DF0BDF8FFF758
:10CAD000A7FFD6E7980C0120034B93F824000038F9
:10CAE00018BF0120704700BF680C01204FF430735D
:10CAF0000438064A58431318105C30B193F8582094
:10CB0000092A01D1186B7047002070477816012060
:10CB1000034B53F820301878003818BF01207047B5
:10CB2000D0620020024B1878431E5842584170478B
:10CB3000B81E012030B58B6A1B78092B25D10A6AF3
:10CB4000D2F81C31D2F868224FF47A756A43B2EBFE
:10CB5000430F1AD3046AD4F81C21D4F868426C43FA
:10CB6000B4EB420F13D30B4CA3FB0435A2FB0424FC
:10CB7000DB0FD20F43EA450342EA4402B2EB930FC4
:10CB800003D3B3EB920F38BF0146084630BD0146D0
:10CB9000FBE700BFE3361A002DE9F041C678837841
:10CBA0003E4C022E054621D1627801326270721E1F
:10CBB000012A23D9A3F1FF00434243412A88217867
:10CBC000FF2A1DD0E3B941FA02F3D90705D5344B4A
:10CBD000314653F8220006F067FEEB78013B052B47
:10CBE0005AD8DFE803F01D3C4459594C052E03D0B8
:10CBF000062E08BF0126DAE70226D8E70123DDE783
:10CC0000DFF89C80002723783B41DB0704D558F8E8
:10CC10002700314606F048FE0137032FF3D1DCE749
:10CC2000297961720023C91A18BF01211D48637058
:10CC3000FFF7D0FD1C481DF018F91C481DF015F930
:10CC4000A968EB68A165E36531B317481DF00AF9DF
:10CC5000E16D09B3BDE8F04114481DF003B9124875
:10CC60001DF003F9BDE8F04110481DF0FEB86378EF
:10CC700093B9E36D83B9BDE8F0410EF083B8637AF0
:10CC8000022B03D107480121FFF7A4FDA16D06483F
:10CC90001DF0E8F8E16DDDE7BDE8F081080E012048
:10CCA000D0620020180E0120680E0120780E0120AD
:10CCB000024B1860C07806F00DBE00BFEC1E0120CC
:10CCC000024B1860C07806F01FBE00BFEC1E0120AA
:10CCD000F6F774BC2DE9F0410EF00CF800283FD0B7
:10CCE0000024214FDFF8888026463B782341DB076C
:10CCF00015D558F8245095F86430022B05D105F16C
:10CD000040000EF049F885F8646095F83C30022B3D
:10CD100005D105F118000EF03FF885F83C600134AC
:10CD2000032CE2D1114D0024A5F110064FF4307709
:10CD300007FB046393F82030022B0AD115F80A3C54
:10CD400013B928460EF02DF807FB0463002283F880
:10CD500020200134032C05F53075E9D1BDE8F081C0
:10CD6000BDE8F041FFF76ABE000E012088160120E1
:10CD7000D06200200D4BC17810B518608378FF2B6E
:10CD8000044609D002880A4B4FF4307000FB023091
:10CD9000BDE8104006F0D2BD054806F0CFFDE178B1
:10CDA000044806F0CBFDE1780348F1E7EC1E0120D2
:10CDB0007816012038190120F81B0120F0B500F584
:10CDC0000377044685B000F50E752C220021384605
:10CDD00030F084FC0021C022284630F07FFC40F275
:10CDE0000313A4F820326B4BC4F824326A4B6B4E09
:10CDF000C4F83452C4E98A34022384F83832307AD1
:10CE0000674DFFF7D3FB95F8283084F8390284F892
:10CE10003A326448644BC4E98F03237C022B0CBF75
:10CE20000323012384F8453284F84432A37BD722BC
:10CE3000D90748BFA4F88222990748BFD4F88432A2
:10CE4000A4F8802244BF43F02003C4F88432337A2C
:10CE500084F8B932554BC4F8A832554BC4F8AC32FB
:10CE600042201CF0E5FEC4F8980200285AD0627BEC
:10CE7000504BC4F8B032D207D4F8843259BF4E4B6D
:10CE8000D3E90C2343F00203C4F8843258BFC4E949
:10CE9000A223D4F8843248BFD5E9060143F0010249
:10CEA000C4F8842295F8292048BFC4E9A2011AB128
:10CEB00043F05103C4F88432237B012B4FF000036D
:10CEC00032D1CDE90233032384F8D8310C2384F81E
:10CED000DC31D4F88432C3F3400384F8DA31D4E986
:10CEE000A223694604F17A00CDE9002305F080FA17
:10CEF00004F17803C4F89C320E2384F8B8322F4B27
:10CF0000C4F8B432237B012B11D127201CF090FEF2
:10CF10000546C4F8A00250B9D4F898021CF094FE5B
:10CF2000C4F898521F202CE0C4F89C32E7E70FF0B9
:10CF3000AFF86389257C224E40F271225343C4F836
:10CF40001C3200236370A370AB1E5D425D413378D9
:10CF500000F2CC40C4F818026D00A3B938460FF0B7
:10CF600071FAD4F8143263600122B3787570AA4064
:10CF70001343DBB2B37001223378AA4013433370FA
:10CF8000002005B0F0BDB3780122AA4023EA0203D5
:10CF9000F0E700BFD99403002D9503004C31012028
:10CFA000B0300120D6BE898E55555500019403003E
:10CFB0006D8A03002D940300F030012031940300AA
:10CFC000000E012038B52C22044600F54A750021D8
:10CFD00000F53E7030F082FBC0220021284630F080
:10CFE0007DFB4FF48173A4F80C33344B344AC4F8FE
:10CFF0002053C4E9C433062384F8283392F8283038
:10D00000304D84F82A33304BC4F81843C4E9CB536D
:10D01000A37B8021D80748BFA4F87213980748BFA4
:10D02000D4F87433A4F8701348BF43F02003617B35
:10D0300048BFC4F87433002384F8A433234BC4F8E6
:10D040008C33C907D4F8743353BF214B43F0020328
:10D05000D2E90601D3E90C0148BFC4F87433D4F80F
:10D06000743392F829204CBFC4E9DE01C4E9DE0123
:10D0700043F00101C4F874131AB143F05103C4F82A
:10D080007433237B012B05BF04F17803C4F8883384
:10D09000002324230CBF84F89C33C4F888330D4B41
:10D0A000C4F890330C4BC4F8943300200B4BC4F8F5
:10D0B00098336070A07084F8080238BD3995030079
:10D0C000B0300120D6BE898E55555500298D0300FC
:10D0D000F0300120DD9003008191030015920300E0
:10D0E0002DE9F0410B7880F8293390F8AA315B06DE
:10D0F00044BF90F8C33180F82A338B79012B044662
:10D100000D46164600F53E783DD0022B14BF012394
:10D11000032384F8353384F83433AB78AF88002B9D
:10D120000CBF1E234FF496735F430EF0A5FF6B7880
:10D13000012BAB780CBF32214FF4FA71002B0CBFDE
:10D140001E234FF496730144F818FFF757F9AB7894
:10D15000002B0CBF1E234FF496733E4403EB400399
:10D16000301AC4F8000300214046C4F8A0330DF083
:10D1700091FF002140460FF0B3F910B1012384F86C
:10D180000832BDE8F0810223C3E70000F8B51C486F
:10D190001C4D1D4F8022002130F0A0FA00242E46A5
:10D1A00055F8040B58B14FF47A72002130F096FA1A
:10D1B00055F8043C57F824201C74C3F8A02101340E
:10D1C000032CEDD1114B124901221A733368086800
:10D1D0004968083303C30A4B1A700E4A127B83F85E
:10D1E0006C2083F87C2040F2075140F20762A3F8DC
:10D1F0007620A3F86610084B00221A70F8BD00BF15
:10D20000080E0120D062002070120120B0300120F1
:10D21000C0100700F0300120000E012008B5094BB6
:10D22000094ADA61094B0A4ADA610A4B0A4A9A61E9
:10D230000A4B0B4A1A60FFF7A9FF0A4B4FF47A72A8
:10D240005A8208BD180C012069D20300CC0B0120C2
:10D2500099CB0300A00B0120D5CC03008030012026
:10D2600011CB0300F030012008B5F5F7C3FDF6F748
:10D2700093F9BDE80840FFF789BF0000154B1B6814
:10D2800030B5154D1C8B0022034613F0030F18BF59
:10D2900023F0030302F1010218BF0433032A45F807
:10D2A000043B2344F1D10D4D002213F0030F18BFAE
:10D2B00023F0030302F1010218BF0433032A45F8E7
:10D2C000043B2344F1D1181A884288BF002080B261
:10D2D00030BD00BF78300120701201206816012097
:10D2E00070B50B4B5C7C44B90A4E0B4D337823412F
:10D2F000DB0704D40134032CF8D1012006E055F8F3
:10D300002430587B0DF0D2FC0028F3D170BD00BF53
:10D31000B0300120080E0120D0620020034A012312
:10D3200003FA00F01378184310707047080E0120BC
:10D33000044A012303FA00F0137823EA0000107076
:10D34000704700BF080E012010B5064C54F82000AD
:10D350001C8804815C8844811B7903734173827348
:10D3600010BD00BFD062002038B5044604200D4631
:10D370001CF05EFC014668B154B1237C0B8007238E
:10D380008B70054BCD70187BBDE838401CF065BC38
:10D39000FF23F3E738BD00BFF030012038B5054664
:10D3A00004200C461CF044FC014640B12B7A8370EB
:10D3B000034BC470187BBDE838401CF04EBC38BD30
:10D3C000F030012038B5044604200D461CF030FC36
:10D3D000014670B1074BC570E41A074BA4115C43BA
:10D3E0000D238370054B0480187BBDE838401CF08A
:10D3F00034BC38BD78160120A38B2EBAF030012042
:10D40000024B1878B0FA80F040097047B81E01202E
:10D41000F0B50D4C002526786EB194F87062864206
:10D4200009D194F871628E4205D1D4E99E769E426C
:10D4300008BF974206D00135032D04F53074EAD1B8
:10D440000020F0BD0120FCE778160120094B0022E6
:10D45000DA62094B094ADA62094B0A4A1A600A4B36
:10D460001B681B79082B81BF084A136A43F40053D9
:10D4700013627047180C0120CC0B0120B1CC0300C3
:10D48000AC30012025CB030078300120F0300120A2
:10D49000084B00221A63084B084A1A63084B1B68A2
:10D4A0001B79092B81BF074A136A43F0007313628B
:10D4B000704700BF180C0120CC0B0120C1CC030029
:10D4C00078300120F0300120094B0A4A5A630A4B98
:10D4D0000A4A5A630A4B1B681B79082B094B82BF07
:10D4E0001A6A42F400521A624FF43072DA827047BC
:10D4F000180C0120D1CC0300CC0B012075CD03000A
:10D5000078300120F030012038B52C22044600F19B
:10D5100058050021283030F0E1F8C02200212846CB
:10D5200030F0DCF840F20113A387094B2364094B68
:10D530002565C4E91134092384F85830064BC4F832
:10D54000B8300020054BC4F8BC30A07038BD00BF17
:10D5500071950300ED960300F99603007D99030091
:10D560002DE9F74F5C4F15469B46D2E90223BC6973
:10D57000C4E98A2304F50A790123064684F8563261
:10D58000484688460DF0C2FB6B69B4F8181183EA6F
:10D590001343A4F85832484600F040FF84F859007D
:10D5A00096F8AA315B0644BF96F8C33184F85A3026
:10D5B0006B69E365AB69236698F80630012B74D07C
:10D5C000022B14BF0123032384F8653084F86430F0
:10D5D000AA78EE782B88002A4FF416110CBF1E2271
:10D5E0004FF496724E4302FB036606EB0B03C4F83E
:10D5F0003031B4F81831A4F83431287C03F07AFBC8
:10D60000AB78002B80460CBF1E204FF49670304440
:10D610004146FEF7F3FEAB78002BA6EB00060CBFED
:10D620001E234FF4967303EB4000B6F5967FC4F8C3
:10D63000C000C4F82C014CD35E44266394F8650006
:10D64000DFF8A4B0082200210DF09DFC04F1280AA7
:10D650006063C4F828010026594650460EF040FF8A
:10D66000013620BBB4F81811013189B2A4F81811A1
:10D67000484600F0D3FED4F81C3184F85900B5B206
:10D680005D4328464146FEF7B9FED4F830311D44CB
:10D69000D4F8283103446363D4F82C312D1A03EBFA
:10D6A00040002563C4F8C000D6E702238CE70B488E
:10D6B0000B4B201A801158430A4B0093043000236F
:10D6C000D4F82821D4F81C11C0B20EF05DFA012361
:10D6D0007B7003B0BDE8F08FB81E012078160120E2
:10D6E000A38B2EBAEDCA030035CB03002DE9F04F12
:10D6F000A64BDFF8A0B21E68DBF81040DFF898A256
:10D700002DED028B4FF43C7303FB006604F12803FC
:10D7100008EE103A96F84A32012B08BFA371B6F80A
:10D720004E329AF81020DAE9020103EB83035B0022
:10D73000A4F80A3204F50A79B6F84C3284F82021AC
:10D74000012287B0A4F80832C4E98A0184F856227D
:10D750004846F8F75DFDDAF81420E26582EA1241E6
:10D76000DAF81820226694F8B82284F8652084F844
:10D7700064209AF802209AF80370A4F85812002A3C
:10D78000BBF80610BAF800504FF4161230460CBF22
:10D790004FF01E084FF49678574302F033FCB6F86A
:10D7A00016110744304602F02DFCB16908FB0577DD
:10D7B000014480463846BAF81C500EF089FCB26924
:10D7C000002800F0BB8008EB020138460EF080FC18
:10D7D000D4F81C21B0FBF2F02D1A80B2ADB2414654
:10D7E00002FB10700EF074FC29460290A4F8185148
:10D7F000484600F013FE9AF81020654B84F8590053
:10D80000062A98BF33F812709BF80C2088BFDF8976
:10D81000062A94BF33F81230DB8905930EF02CFCF6
:10D82000BBF80E106D1A0246A9B2D4F81C0104927E
:10D8300047F6FE75A94288BF002100FB01F307EB04
:10D84000020B594618469A46FEF7D8FD03905148F8
:10D8500001894089091ADDE90423B6F8180189B263
:10D86000A94288BF0021484340F2E245D1186843ED
:10D87000FEF7C4FD059B049A01371F440546039833
:10D88000174439462844FEF7B9FD434BB4F8182134
:10D890009B78A4F83421002B00F110000CBF1E234C
:10D8A0004FF4967303EB4003C4F8C030C4F82C3136
:10D8B000029BA4F836214344C4F830311B1A236379
:10D8C00018EE100A00210DF0E5FBDFF8DC80636B39
:10D8D000C4F82831002618EE100A41460EF000FE6A
:10D8E000013600283CD1B4F81811013189B2A4F8EE
:10D8F0001811484600F092FDD4F81C2184F8590014
:10D90000B3B253435246D01859460293FEF776FD00
:10D9100039462844FEF772FDD4F83021029B1030BE
:10D9200013441B1A2363D4F8283103446363D4F8E7
:10D930002C3103EB4003C4F8C030CCE7394608EB88
:10D9400002000EF0C5FBD4F81C31B0FBF3F0421C12
:10D9500090B215FA82F5ADB2414603FB007041E783
:10D960000E480F4B201A801158430E4B0093043081
:10D97000D4F82821D4F81C110023C0B20EF004F909
:10D9800007B0BDEC028BBDE8F08F00BF582101202D
:10D99000D8100700D81E0120F01E012078160120A3
:10D9A000A38B2EBAEDCA030035CB0300074B1878C2
:10D9B00093F8C022003818BF012002B1013093F85B
:10D9C00080350BB10130C0B2704700BF781601201E
:10D9D00002289FBF4FF430735843024B185C88BF36
:10D9E000002070477816012070B5194E347834B194
:10D9F00096F8C03243B396F880353BBB02244FF40F
:10DA0000307202FB04F57319002118462FF066FEF0
:10DA1000012272550F4A52F8242042620E4A05F53F
:10DA20001975127B80F86C22721940F20D41745303
:10DA3000518040F20112A0F86420084A927D80F8DB
:10DA4000B8220346184670BD0124D8E70023F9E741
:10DA50007816012068160120F030012030310120B5
:10DA600030B589B00C46054600211A2201A82FF0D6
:10DA700035FE25238DF80630184B8DF808505A884E
:10DA80009B88ADF80C30164BADF80A20E31A154A06
:10DA90009B115343ADF80E30B4F87032ADF810302E
:10DAA00094F8B8328DF818300F4AD4F81C31A3FB23
:10DAB0000232DB0F43EA4203ADF81A3094F820310A
:10DAC0008DF81C300DF11200D4E99E231CF048FAA9
:10DAD00001A80DF063F809B030BD00BFD81E0120C9
:10DAE00078160120A38B2EBAE3361A00044B4FF4AC
:10DAF000307202FB0030B1FA81F14909817170473F
:10DB0000781601202DE97043184E88B04FF00008B8
:10DB10004FF000090DF1070130461CF0AEF8044645
:10DB200010B908B0BDE87083D4E90650D4E90212F8
:10DB30004FF4A8130293904208BF8D42237C8DF8C6
:10DB40000C30CDE90450CDE9068902D12078984205
:10DB500005D0CDE9061243F002038DF80C3002A87F
:10DB60000DF01CF820461CF06FF8D3E77C20012054
:10DB7000C07805F0FBBE00002DE9F04FDFF8A8B03B
:10DB800085B0164602F0FD0204460D460020002135
:10DB9000012ADDE90E89CBE91C01DDF840A08BF8F4
:10DBA0006A201F4634D11E4B597C89B3AA70D3E931
:10DBB00006010022CAE90001DA73B30711D502ABEE
:10DBC000009342464B463846F7F7F9F848B101232F
:10DBD000AB70DDE90223CAE90023CBE91C238BF8F3
:10DBE0006A60DAE90023C4E91423AB781BB1E36C63
:10DBF00043F00203E364E26C42F00103C4E91689D6
:10DC0000E36417B142F00902E26405B0BDE8F08FA9
:10DC10000023AB70034BD3E90C23CAE90023CCE704
:10DC2000B0300120F03001208831012013B50A4BBB
:10DC300093F82930044610465BB18B0705D5069B47
:10DC40000093DDE90423F7F7D4F8E36C43F04003D5
:10DC5000E36402B010BD00BFB03001202DE9F041F7
:10DC60008A4F8B4D8AB0002304938DF814303B6AA1
:10DC70002E7C5C0406D5042E01D0012E02D801238F
:10DC80008DF81130834C2822002104F12C002FF054
:10DC900025FD04F15803C022184600212FF01EFD77
:10DCA0007D4B6065C4E91133032384F8583097F83D
:10DCB00028307A4884F85A30794B4FF48172C4E99D
:10DCC0001703012E40F20113A4F84020A4F8643099
:10DCD00010D0042E0ED095F82130D90744BF082269
:10DCE000A4F8A2209A0742BFB4F8A23043F0200360
:10DCF000A4F8A23095F8203084F8D3307B695B0417
:10DD000009D50CF003FF0323B0FBF3F303EB43034C
:10DD1000C01A84F8D2002B7C042B77D8DFE803F0FC
:10DD20000379878C820000238DF810302823A4F813
:10DD3000A03006AB0293D5E906235A485A4ECDE9E6
:10DD4000002304A9AB7C6A7CFFF716FF00220023A6
:10DD5000CDE9082308AB0293D5E90623697C514835
:10DD6000CDE90023AA7CFFF761FF2B7C012B67D054
:10DD7000042B65D04D4B00933046DDE9062304F0BB
:10DD80001DFB00238DF81400064485F848304148F7
:10DD900004A904F0FFFA2B7CC4F8B840361B022B10
:10DDA00084F8D06001D9042B69D1414AC4F8BC2061
:10DDB000404AC4F8C82013F0FD083F4AC4F8CC20FC
:10DDC00060D104233D4F8DF8103095F8683004A9D8
:10DDD000063338468DF8143004F0DCFA384B0093E3
:10DDE0003E18DDE90623304604F010FB3044C01B2A
:10DDF00085F86980C4F8C07084F8D10031480021EA
:10DE000021850DF047F92F480EF01CFB0AB0BDE844
:10DE1000F081002340F6A662C5E902322A4A2A6050
:10DE200084F8D23001238DF8103020237FE70623B9
:10DE30008DF8103008237AE702238DF8103078E748
:10DE4000DDE90870D5E9062357EA000C1CBF03463C
:10DE50003A46A97C1448CDE9002318BF0121DDE929
:10DE600006238DF8131004F0B8FAD4F8A4308DF816
:10DE7000140043F004030644C4F8A43087E70023E9
:10DE8000C4F8BC300023C4F8C030B7E7B03001207C
:10DE900088310120381F0120C59B0300D6BE898E22
:10DEA00055555500901F01203A1F0120B031012027
:10DEB000141F0120019B0300419B030054200120FB
:10DEC000D1310120641F012000881300024B002281
:10DED000C3F8BC20704700BF381F012002484FF430
:10DEE000A87200212FF0FABB381F0120054B064A0B
:10DEF0001A61064B064A1A61064B074A1A62FFF777
:10DF0000EDBF00BF180C01201DDF0300CC0B01206A
:10DF100071DB0300A00B012005DB030008B5F5F75A
:10DF200029FDFFF7DBFFBDE808400CF0FDBF020252
:10DF300002F00F3200F0F0300243130103F03333EC
:10DF400002F0CC321343980000F0553003F0AA33AE
:10DF50001843C0097047000040F6F8035843094BC6
:10DF6000A0F50F501B682038034493F82021012AA4
:10DF700006D1D3F8340121B1D3F838310B607047A2
:10DF800000207047C42001202DE9F047144FDFF82E
:10DF90005480DFF8549005460E4600243B681B7BF6
:10DFA0005FFA84FA534502D80020BDE8F087D8F81C
:10DFB00000305046984701280ED110201BF038FE43
:10DFC000014658B1C0E902560E23A0F800A04380D4
:10DFD00099F80C001BF041FE0134DFE70C20E4E768
:10DFE0007830012084300120F030012013B5094C35
:10DFF0000DF1030120461BF040FE019018B9FFF718
:10E0000081FD02B010BD01A80CF0C8FD01981BF005
:10E010001BFEEDE7B820012007B5CDE900100CF09C
:10E0200075FDDDE900121BF0C3FF80B203B05DF89F
:10E0300004FB00002DE9F047DDF824809DF8206006
:10E0400005460C469946042A19D8DFE802F0031267
:10E05000031A84000B7A93B96A4809880068C0895A
:10E060003144814205DD2380237207273846BDE80D
:10E07000F087AF78002F40F0C380002E75D11227B3
:10E08000F4E78378012B40F0AA8005F2FC671FF0CB
:10E0900017FE38460EF02AFC1FFA86FA98B91FF0D0
:10E0A00011FE32464146E67304F112002FF0EEFAFB
:10E0B00051464046FFF7B0FF0123208284F80D91BE
:10E0C000A3730027D2E795F8DD38002B3CD100235D
:10E0D000C5F81837C5F8043838460EF0A9FB95F88E
:10E0E000DD381BB105F5FD600EF0A2FB1FF0EAFD67
:10E0F00032464146D5F8C403A5F8C0A32FF0C6FAAE
:10E1000051464046FFF788FF0022A5F8400005F57C
:10E11000247185F8CC93284604F0DAFD3A4B85F853
:10E12000A007C5F81837384600210EF0D9F995F840
:10E13000DD78002F9AD0354BC5F80438002105F55D
:10E14000FD600EF0CDF9BCE705F5FD600EF0CEFBED
:10E150000028BCD1A3E78378002B90D0002E8ED16D
:10E160000B88002B8BD0314640E0013A1FFA86FA2B
:10E17000032A0BD801A353F822F000BFA7E1030044
:10E18000B7E10300DFE1030067E103006368208873
:10E190003246184441462FF079FA238853442380AD
:10E1A0000023237262E76068324641462FF06EFA20
:10E1B000A4F800A0F4E7636820883246414618447A
:10E1C0002FF064FA23885344238051464046FFF7DA
:10E1D00023FF0123A5F8400084F80C90E1E74146B5
:10E1E000606832462FF052FAB1B221804046FFF704
:10E1F00013FF0123A5F8400084F80C90237260E718
:10E200000C2733E77830012039A6030045A6030028
:10E21000002303700CF022BD30B50B4B1B681C7B38
:10E220000A4B1B680022944202D80021084630BDE8
:10E230005D788542194602D11D78002DF6D1013254
:10E2400003F6F803EFE700BF78300120C420012077
:10E2500038B58378FF2B044619D00078FFF7DCFF30
:10E26000A0B10C4BE1781C60BDE8384005F0CEBB96
:10E27000E0B2FFF7D1FF20B1D022002150302FF0C3
:10E280002DFA01342B681B7B9C42F1D338BD024D23
:10E290000024F7E7C020012078300120134B2DE93E
:10E2A000F04118608378FF2B044618D00078FFF700
:10E2B000B3FF90B1E178BDE8F04105F075BB3A6875
:10E2C00008FB05F3D018D35C13B1E17805F06CFBC3
:10E2D000013533681B7BAB42F1D8BDE8F081044EB9
:10E2E000044F002540F6F808F3E700BFC8200120DE
:10E2F00078300120C420012008B5FFF78DFF30B130
:10E30000B0F8200140F20113C31A5842584108BD29
:10E31000134B2DE9F04118608378FF2B044618D089
:10E320000078FFF779FF90B1E178BDE8F04105F0A2
:10E3300053BB3A6808FB05F3D018D35C13B1E178FE
:10E3400005F04AFB013533681B7BAB42F1D8BDE8D1
:10E35000F081044E044F002540F6F808F3E700BFB3
:10E36000CC20012078300120C4200120F8B5144DC4
:10E3700004464DF6685602F00DFC94F8DC2884F84B
:10E3800088020346134406FB03F2520D02EBC2015E
:10E3900002EB81029B1AD5E90C27DBB2C3F1200006
:10E3A000A3F1200184F8DC3807FA00F022FA03F325
:10E3B000034327FA01F10B43DB07DCD5F8BD00BFAF
:10E3C000B0300120F8B5144D04464DF6685602F001
:10E3D000E1FB94F81D2284F81C020346134406FB5B
:10E3E00003F2520D02EBC20102EB81029B1AD5E946
:10E3F0000C27DBB2C3F12000A3F1200184F81D3209
:10E4000007FA00F022FA03F3034327FA01F10B4362
:10E41000DB07DCD5F8BD00BFB030012070B5048E3D
:10E42000054684EA0100FFF782FD00EB001020445E
:10E4300080B2FFF77CFD00EB0010204480B2FFF7B4
:10E4400076FD00EB001020444440A4B24DF6685322
:10E4500063435B0D03EBC30203EB8203E31AD5E9CD
:10E4600000269BB2C3F1200006FA00F0A3F12001C0
:10E47000DA40024326FA01F10A43D2075DBF95F85C
:10E480002D30634305EB1340D8B258BF007A70BDFE
:10E49000F8B5D0F8086704460D460DF0F9FDB0F563
:10E4A000967F2ED90DF0F4FD1F4F3B685A8AA36C5E
:10E4B0009A422CBFB618F6183044B0F5161F28BF84
:10E4C0004FF416100CF0C6FD94F8CC330646DBB9B9
:10E4D00094F84C1028460CF0DDFD3B68D4F8042776
:10E4E0009B8A13443344AB60D4F88C3273B9002157
:10E4F00028460DF0F5FFB0B9AB68A26A1344AB60D3
:10E50000F5E74FF49670CFE70021E3E7D4F88C22CB
:10E51000002128460EF010F928B9AB68D4F88C22F7
:10E520001344AB60F2E7F8BD7830012038B590F8BD
:10E53000CC3304460D460BBB90F84C1028460CF02B
:10E54000A9FD94F83E1099B1626A02F59C52083216
:10E5500042F2107301FB0233094A934228BF13466B
:10E56000D4F808279A422CBFC4F88C22C4F88C3205
:10E5700029462046BDE83840FFF78ABF0021DDE785
:10E58000D4FE4A0070B500F5FD65044600F6180695
:10E590002C22002128462FF0A1F8C022002130466D
:10E5A0002FF09CF840F20113A4F8FC37224BC4F87A
:10E5B0000038C4F8043804F57073C4F80C38072325
:10E5C00084F8183894F8DC3884F8193894F93C3019
:10E5D000C4F810687F2B08BF184BC4F8084808BF60
:10E5E00093F9283084F81A38154BC4F81C38154BA9
:10E5F000C4F8203894F83F3084F8243884F825385B
:10E60000114B93F8793084F82638104BC4F8B4389D
:10E6100004F2F9220023A4F8CA33C4F87C28C4F811
:10E620008838C4F8AC38C4F8A02829462046BDE88C
:10E630007040FFF77BBF00BF45A60300B03001204C
:10E64000D6BE898E5555550088310120DD9D0300C9
:10E65000054B1B681B7B40F6F8025A43034B002115
:10E6600018682FF03BB800BF78300120C42001208B
:10E6700008B50E4B0E4A1A620E4B0F4A1A620F4A29
:10E680000F4911620F4A9A630F48FDF7EBFE0F4BDB
:10E690001B681B79082B81BF0D4A136A43F4805312
:10E6A0001362BDE80840FFF7D3BF00BF180C01207C
:10E6B000D5E60300CC0B01209DE20300A00B012056
:10E6C000EDDF030051E2030089DF03007830012011
:10E6D000F030012008B5F5F74DF9F5F7F5FABDE88A
:10E6E0000840FFF7B5BF0000830718BF20F0030301
:10E6F0001B4AF0B514BF043303461360194A1A4E7F
:10E7000015682C7B40F6F80202FB04330022944289
:10E710000ED8164E0022944216D8181A88429FBF6F
:10E72000134B40F6F8021A8280B288BF0020F0BD79
:10E730009F0718BF23F00303EF8918BF043346F87F
:10E74000043B01323B44E2E79F0718BF23F0030379
:10E75000EF8918BF043346F8043B01323B44DAE743
:10E76000C42001207830012088200120A020012031
:10E77000F030012010B50C4678B10878FFF74CFD59
:10E7800060B1038C03F01D031D2B09D16388013B8D
:10E790009BB2802B34BF0020122010BD4220FCE72A
:10E7A0000020FAE708B5FFF737FD38B390F8C83313
:10E7B00033B390F8D8341BB3038C03F01202022A4F
:10E7C00002D1B0F8D024DAB190F8392002F0FD027D
:10E7D000012A01D10279AAB103F01102112A03D151
:10E7E000B0F8C0231F2A0DD813F001030CD0B0F8E5
:10E7F000C033C02B34BF0020122008BD4220FCE7EC
:10E800000C20FAE71220F8E71846F6E710B5C0B278
:10E810000C46FFF701FD38B190F93C00002123F0D0
:10E820008FFB2070002010BD4220FCE7F0B50023D4
:10E830000B4D0C4E1A4640F6F8072968097B9942A1
:10E8400001D8D0B2F0BD346807FB03F104EB010C32
:10E85000615C19B19CF80110815401320133ECE77D
:10E8600078300120C420012070B50D46FFF7D4FC9C
:10E870000446D8B1038CDA0701D58378C3B928469A
:10E880001BF068FB01F44043B3F5404F06460D46CC
:10E8900001D00B040ED41FF013FA0123C4E9026562
:10E8A0002371E3701FF00EFA002070BD4220FCE7D8
:10E8B0000C20FAE71220F8E7F0B5144692F8392058
:10E8C000284F02F0FD0306460D4600200021012BD3
:10E8D000C7E91C0185B087F86A303AD1217900294F
:10E8E00037D0B370D4E90201C4E904010023E37016
:10E8F000930714D502AB009394F83A00D4E90C23A3
:10E90000F6F75DFA58B10123B370DDE9022394F8FC
:10E910003910C4E90423C7E91C2387F86A10D4E935
:10E920000423C5E91423B3781BB1EB6C43F0020355
:10E93000EB64D4E90C01EB6CC5E9160143F001026C
:10E94000EA6494F83A2012B143F00903EB6405B08D
:10E95000F0BD0023B370044BD3E90C01C4E90401FA
:10E96000C6E700BF88310120F03001202DE9F043D7
:10E97000064692F83A00F0701446D2E90C23C4E936
:10E9800006230D46154991F8291085B011B394F866
:10E99000391089071AD502AF4FF000084FF000096F
:10E9A0000097CDE90289F6F7FBF930B9D4E90C23D9
:10E9B00094F83A000097F6F71CFADDE9022352EAD0
:10E9C00003011EBF0121F170C4E90623EB6C43F083
:10E9D0004003EB6405B0BDE8F08300BFB030012018
:10E9E0002DE9F84380460D46FFF716FC0446002843
:10E9F00068D1DFF8A091D9F800301A7B614B1B6811
:10EA00000646964203D307263046BDE8F8831C46E7
:10EA100003F6F8032778002F52D140F6F802394662
:10EA200020462EF05BFE0123237084F80180D9F884
:10EA30000020127C84F8C8339A4238BF1A4684F802
:10EA40004C20514A84F8D83452F8262084F8E8350E
:10EA50004E4BC4F8C423C4F8D4244D4A1B7B52F84F
:10EA6000262084F87C324FF4A163C4F8E425A4F88E
:10EA70007482A4F876320CF0E9F8A678002E7ED1E4
:10EA8000B7B1238CDB0613D594F8CF23A4F8C023A9
:10EA900004F57471D4F8C4032EF0F8FD94F8DF2463
:10EAA000D4F8D404A4F8D02404F59C612EF0EEFD33
:10EAB0002B88D8060FD4D90706D5B4F8D03407E090
:10EAC00001369EE70127D8E79A07F6D5B4F8C03398
:10EAD00003B3122698E7B4F8C023002F48D0238C44
:10EAE000DB0645D41F2AF4D8B4F8D0341F2BF0D855
:10EAF000D4F8C41384F8CF2304F574702EF0C6FD47
:10EB0000B4F8D024D4F8D41484F8DF2404F59C603D
:10EB10002EF0BCFD2B8823846B6840F27122534396
:10EB20006362AB685343A3622B7B84F838306B7B02
:10EB300084F83930AB7B84F83A3028691BF00AFA44
:10EB4000C4E90C012B7D84F83B306B7D84F83C30AC
:10EB5000AB7D84F83D30EB7D84F83E302B7E84F82D
:10EB60003F306B7E84F84230AB7E84F843304BE715
:10EB70001F2AAED8B4F8D0341F2BCBD9A9E70C2666
:10EB800042E700BFC420012088200120F03001208E
:10EB9000A0200120783001202DE9F3410E461746D0
:10EBA0001D46FFF739FBDDF82080044660B3038C77
:10EBB000DA0611D49B072BD415B1B0F8D0342BBB97
:10EBC000CDE900583B46324604F570712046FFF708
:10EBD00031FA02B0BDE8F081032E19D11F2D17D8EC
:10EBE00080F8CF532A46414600F574702EF04EFD52
:10EBF000A378012B08BF84F8C833012384F8CE33EF
:10EC000084F8CC330020E4E74220E2E70C20E0E780
:10EC10001220DEE773B50D46FFF7FEFA044658B33F
:10EC200090F82131012B29D0174A816C1268B0F875
:10EC3000E035528A90F83F008A4238BF0A460126E2
:10EC40000221CDE9006192B200210CF0B3F96B888A
:10EC500040F2E2414B43834212D3208C10F020005B
:10EC600010D12A884A43C4E98923AB88A4F82C32FE
:10EC700084F82E6202B070BD4220FBE70C20F9E759
:10EC80004520F7E71220F5E7783001202DE9F3471A
:10EC90000E4615461F46FFF7BFFA0446002800F04F
:10ECA000BE8090F82E321BB90C2002B0BDE8F08770
:10ECB00090F82131012B2DD1032EF5D1DFF8689189
:10ECC000A16CD9F80020528A8A4238BF0A4692B213
:10ECD0001BB3D4F820A294F83F0016F0FD011FFAF0
:10ECE00085F84FF0020C1BD1B4F8E035CDF804C024
:10ECF00043444FF0010CCDF800C09BB20CF05AF920
:10ED0000504500F28E80042E27D8DFE806F010214F
:10ED100010283B00002DCFD0D0E7D4F828A2DAE7A6
:10ED200001230093CDF804C043460021E6E794F8A0
:10ED3000E83593B9D9F80010B4F8E025C9892A4418
:10ED40008A4205DDA4F8E03584F8E8350720ACE711
:10ED500094F82031002BA7D105BB1220A5E794F829
:10ED60002061012E52D184F8EF552A46394604F22B
:10ED7000F2502EF08BFC84F8EE65012384F8EC351C
:10ED8000002092E794F82031002BE6D0002DE4D14A
:10ED9000B4F8E035002BE0D001231CE0013E032E47
:10EDA0000AD801A353F826F0DDED0300EFED0300D0
:10EDB0000DEE030099ED0300B4F8E035D4F8E40556
:10EDC0002A46184439462EF061FCB4F8E035434435
:10EDD000A4F8E035002384F8E835CEE7D4F8E4055C
:10EDE0002A4639462EF052FCA4F8E085F2E7B4F842
:10EDF000E035D4F8E4052A46184439462EF046FC9E
:10EE0000B4F8E0354344A4F8E035C5E7D4F8E405A8
:10EE10002A4639462EF03AFCA4F8E085BCE74220A9
:10EE200043E7452041E700BF7830012038B504466C
:10EE30000D46FFF7F1F928B942212046BDE83840D8
:10EE40000CF01FB890F82E3243B1012D02D190F88A
:10EE5000E8351BB1038C03F02B030BB10C21ECE75D
:10EE600004201AF0E5FE014668B10A23002D8370E4
:10EE700014BF01230223C370034B0480187BBDE839
:10EE800038401AF0EABE38BDF03001202DE9F341D8
:10EE90000E4617461D46FFF7BFF9DDF820800446F1
:10EEA000B0B3042E05D0038CDA0619D49B0702D424
:10EEB00015B1122011E01DB9032E05D00C200CE075
:10EEC000B0F8C033002BF9D1CDE900583B463246AB
:10EED00004F59A612046FFF7ADF802B0BDE8F08175
:10EEE000032EE6D11F2DE4D880F8DF542A46414690
:10EEF00000F59C602EF0CAFBA378012B08BF84F8B4
:10EF0000D834012384F8DE3484F8DC340020E4E7CC
:10EF10004220E2E770B50646FFF77EF9044680B16D
:10EF2000857885B990F82131012B0CD0D0F8F038D4
:10EF30000BB130469847002323700BF08FFE284614
:10EF400070BD4225FBE70C25F9E700002DE9F041F3
:10EF5000154D164E2B68197B3368002291420AD852
:10EF6000002440F6F807A0462B681B7BA3420DD86F
:10EF70000020BDE8F081987898B903F6F803A3F271
:10EF8000D770007801280CD00132E7E7326807FB20
:10EF900004F3D15C19B102F803800BF05FFE013479
:10EFA000E2E70C20E5E700BF78300120C420012013
:10EFB00038B5054604200C461AF03AFE014650B119
:10EFC0006B78038008238370034BC470187BBDE803
:10EFD00038401AF042BE38BDF030012070B500F55F
:10EFE000FD65044600F618062C22002128462EF066
:10EFF00075FBC022002130462EF070FB4FF4817368
:10F00000A4F8FC373A4BC4F80038C4F8043804F5C7
:10F010009A63C4F80C38072384F8183894F8DC385D
:10F0200084F8193894F93C30228CC4F810687F2B8E
:10F0300008BF304BC4F8084808BF93F9283084F85B
:10F040001A382D4BC4F81C382C4BC4F8203894F8CF
:10F050003F3084F8243884F82538294B93F87930E8
:10F0600084F8263850074FF00803C4F8603807D4F6
:10F07000910705D594F83B20D20748BFA4F8623821
:10F08000002304F2F921A4F8CA33C4F87C181A4604
:10F09000204603F0B9FEA4F8780812201AF0C8FD43
:10F0A000F0B1184BC4F8AC380430174BC4F88808DA
:10F0B000C4F8B0380023A4F8DA3404F23B33C4F8BF
:10F0C0009038C4F8A038114A94F8DC38C4F8B42851
:10F0D00084F8193829462046BDE87040FFF726BA63
:10F0E0001F2384F8823204212046FFF761FFE1E705
:10F0F00045A60300B0300120D6BE898E5555550077
:10F100008831012011A0030091A00300799F030022
:10F1100070B500F5FD65044600F618062C220021A6
:10F1200028462EF0DBFAC022002130462EF0D6FA17
:10F130004FF48173A4F8FC37394BC4F80038C4F895
:10F140000438072384F8183894F8DC3884F8193820
:10F1500094F93C30218CC4F810687F2B08BF314BE8
:10F16000C4F8084808BF93F9283084F81A382E4BA1
:10F17000C4F81C382D4BC4F8203894F83F3084F87C
:10F18000243884F825382A4B93F8793084F82638C7
:10F1900004F5707220234E07C4F80C28C4F86038B8
:10F1A00007D4C80705D594F83B10890748BFA4F8D1
:10F1B0006238002304F2F921A4F8CA33C4F87C1899
:10F1C000204603F021FED4F8C433C4F88438B4F8E0
:10F1D000C033A4F87808A4F8803828201AF028FD55
:10F1E000A8B1144BC4F8AC380430C4F8880804F251
:10F1F0003B31C4F890182046002203F0C4FE294693
:10F20000A4F88C082046BDE87040FFF78FB91F2393
:10F2100084F8823204212046FFF7CAFEE7E700BFE8
:10F2200045A60300B0300120D6BE898E5555550045
:10F230008831012001A10300F8B500F2FC65044605
:10F2400000F5E5672C220E46284600212EF046FAEE
:10F25000C022384600212EF041FA40F20313A4F8F0
:10F260001037744BC4F81437734BC4F818370323A2
:10F2700084F8283794F93C30704AC4F824777F2BFF
:10F2800008BF92F9283084F82A376D4BC4F82C3720
:10F290006C4BC4F8303794F83D3084F8343784F838
:10F2A0003537694BC4F81C4793F8793084F8363702
:10F2B0002823C4F87037238C5F0700F183809807F8
:10F2C00006D594F83B10C90744BF0821A4F872176B
:10F2D000DF0709D594F83B30980705D5B4F87237A5
:10F2E00043F02003A4F87237506994F8383084F85A
:10F2F000A33710F48040554BC4F8943703D00BF07B
:10F3000005FC00F00300238C84F8A20713F0100220
:10F3100004F524775DD003F01D031D2B0DD10023D0
:10F3200084F8A237636240F6A663A362484B1B6869
:10F330005B684FF47A725343E3623946204603F028
:10F3400047FE238C84F8A007D906C4F888771CD51B
:10F350009A071AD028201AF06BFC002867D03D4B82
:10F36000C4F898373C4BC4F89C37238C04309B0777
:10F37000C4F88C0709D504F2D2273946204603F099
:10F3800099FEC4F8907784F8A1072046FEF7EEFFB7
:10F39000002128460BF07EFE2D4B1B685B68EBB10D
:10F3A00021F02EFE07460CF073FE4FF47A723844BB
:10F3B000C4F804077243002128460DF03DF980B9D6
:10F3C000122026E0D4F8743743F00403C4F87437ED
:10F3D0008AE73946204603F07BFCB2E728460DF069
:10F3E00031F8D4F88402A0B1238C03F00303012B7D
:10F3F00014D0022B0ED0002BE2D12046FFF7C2F82A
:10F4000001232846D4F8041784F8DD38FAF7C4FC41
:10F410000020F8BD2046FFF7E1FDF1E70F4B1B6828
:10F420009B7E002BCCD02046FFF772FEE8E71F2022
:10F43000EFE700BF45A3030039A60300B030012069
:10F44000D6BE898E5555550088310120999D0300FF
:10F45000C820012029A2030089A2030078300120DE
:10F4600038B5054604200C461AF0E2FB014650B1BF
:10F470006B7803800A238370034BC470187BBDE84C
:10F4800038401AF0EABB38BDF0300120094B0022A9
:10F490009A62094B094A9A62094B0A4A1A600A4B56
:10F4A0001B681B79082B81BF084A136A43F4005379
:10F4B00013627047180C0120CC0B012011E30300EC
:10F4C00084300120F9E2030078300120F03001207F
:10F4D0002DE9F04F00F59676044689B000F5AC753D
:10F4E0002C22002130462EF0F9F8C02200212846B7
:10F4F0002EF0F4F840F20113A4F84031554BC4F853
:10F500004431554BC4F85451C4E9523404F5BC633A
:10F51000C4F8503101F03EFB082384F8583194F8C8
:10F520001D3284F8593194F93C3084F81C027F2B49
:10F5300004BF4A4B93F9283084F85A31D4F8243167
:10F54000C4F85C3101F020FB94F83F3084F864315A
:10F5500084F86531424BC4F8600193F8793084F83F
:10F560006631404BC4F8F431002504F27D33C4F811
:10F57000BC31C4F8E03129463046A4F8EA550BF016
:10F5800089FDD4F838310593374B94F83F001B6858
:10F590005A8AA36C9A4238BF1A464FF001090223D7
:10F5A000CDE9009392B2B4F8E0352946D4E989BA9E
:10F5B0000BF000FD824544D3DFF8B8802B4FD8F81C
:10F5C0000030A4EB030C4FEAEC0C294B029307FB31
:10F5D0000CFC07AB83450CF1040C0193059B0093D5
:10F5E0005A46534638BF024649465FFA8CF00CF043
:10F5F000D7F950B3079BC4F8203221F001FDD8F8A9
:10F600000010611AC9107943043181460246C9B21B
:10F61000D4F820020CF026FA81444B46C4F8343169
:10F62000002130460CF05CFF013580B9B4F8283178
:10F63000D4F820220133A4F82831ABB202FB0393A3
:10F64000ECE7452009B0BDE8F08F4320FAE7002041
:10F65000F8E700BF8DA7030015A80300B030012014
:10F66000883101207D9E030078300120DF3A82D26C
:10F6700059DF0300C420012010B504461EF020FB12
:10F68000034B5A7814445C70BDE810401EF01ABB5E
:10F6900030310120830770B50F4B1ABF20F00304EF
:10F6A000043404461C600D4B1B689B7E4FF43C7673
:10F6B00006FB0344231A8B42054601D9002070BD86
:10F6C000C91A204600F0BAFD0028F7D0044B0444C4
:10F6D000601BDE8180B2F2E75821012078300120E2
:10F6E000F030012003884288934210B522D8911F40
:10F6F00089B240F67A44A1421CD8063B9BB2A34291
:10F7000018D88388B3F5FA7F14D201339BB25343E0
:10F71000C08840F6C412534342F2107242439342EF
:10F7200008D20A3880B240F6764398428CBF122045
:10F73000002010BD1220FCE70E4B15391B68C9B222
:10F740004FF43C720E2902FB003311D80A4A525C76
:10F75000FF2A0DD093F85E1291424FF0010008D0BD
:10F76000D3F864329040184214BF01200020704743
:10F770000020704758210120C81007002DE9F047EC
:10F78000DFF87CA1584FDAF80030987E3B684FF0E4
:10F7900000084546A3F53C76A84201D800209DE02C
:10F7A00008F53C7203EB0804B15C002940F0988036
:10F7B0004FF43C7220462DF091FFDFF848914B4EFC
:10F7C00001232370D9F814306360D9E90823C4E910
:10F7D0008623474B1B7B84F8943184F8C43284F829
:10F7E000F03184F8043244F2017245F20143A4F886
:10F7F0008E21A4F8FE3145F201127388A4F8BE22CE
:10F80000A4F82C3245F20132DAF80030A4F8EA21EB
:10F81000DB8BB288A4F82E22FB2B28BFFB23A4F895
:10F8200028329B0103F57473A4F82A32314BADB230
:10F83000C4E98C3340F20113A4F8443004F50C7190
:10F84000A4F88C51A4F8BC52A4F8E851A4F8FC51D7
:10F85000204600F034FD04F50A71A4F83A0220466F
:10F8600000F02DFDB37D84F83E3299F8383084F8ED
:10F87000CA32F37D84F84A32B369C4F84C3240F29C
:10F880000223A4F84032022384F842321A4BB28A8F
:10F890001B68A4F83802A4F83C221BB11B680BB10A
:10F8A00028469847D4F81C329B070BD5002384F8D0
:10F8B000D132012384F8D232104BC4F8D43205235C
:10F8C00084F8D8320BF0C2F999F8003001200133E6
:10F8D00089F800300CF02CFB38684044BDE8F08714
:10F8E0000135904658E700BF5821012030310120F2
:10F8F000F03001201B0048015C210120E2BF0F0015
:10F9000078300120B03001202DE9F341044600F0A9
:10F910002CFFFFF7B1FE204600F094FE264F06466E
:10F9200004F5B4780DF1070140461AF0A6F9054632
:10F9300080BB224B1D68224B651B2D115D43214B63
:10F94000ADB25B6831462846984704F5C4701AF09A
:10F950008CFA04F52E701AF088FA04F5F2701AF099
:10F9600084FA04F5FC701AF080FA174B1B681BB17F
:10F970005B680BB128469847002323700BF06EF9A3
:10F98000124A13780120013B13700CF0E7FA02B021
:10F99000BDE8F0819DF80730FF2B08D01EF090F9EC
:10F9A0003B7801333B701EF08DF90136F6B22846E4
:10F9B0001AF04AF9B6E700BF303101205821012082
:10F9C000CF467D67F03001205C210120B03001205E
:10F9D00070B590F81D3190F81C21013113FB01F333
:10F9E00013449BB2242B044609D94DF668525A435E
:10F9F000520D02EBC20102EB81029A1A93B2D4E9D2
:10FA00004826C3F12005A3F12001DA4006FA05F5E6
:10FA10002A4326FA01F10A43D8B2D20784F81C011E
:10FA20000AD494F81E219A4203D8122A07D9831ABD
:10FA3000D8B2204490F8280170BD831AD8B282420F
:10FA4000FBD9F6E7F0B5D0E9487600221346C3F1BA
:10FA50002005A3F1200427FA03F106FA05F529434E
:10FA600026FA04F42143C90742BF8118013281F804
:10FA700028310133252BEAD180F81E21F0BD00008A
:10FA800037B501460446684603F0AEFB2F4ABDF881
:10FA9000003011688A7E9A4209D820461AF0D4F8BC
:10FAA0002B4BBDF800005B68012198470AE04FF43A
:10FAB0003C725343274A1268D518D35C23B92046B9
:10FAC0001AF0C2F803B030BD6B78032BE5D0224AA0
:10FAD0009DF8023012680AB9032BDED0032BBDF863
:10FAE000042000D072B3C98B914207D2002BD4D12D
:10FAF000002AD2D1012385F88431CEE71EF0E0F848
:10FB0000164A1378013B13701EF0DCF895F89B3110
:10FB100005F5B47083B91AF033F9284600F0E3FB19
:10FB2000234601466A46284600F010FC084B022195
:10FB3000187B1EF0D1F8C5E79DF8001022461AF098
:10FB400086F8BFE7002BD5D0A7E700BF78300120AB
:10FB5000F0300120582101205C21012030310120AA
:10FB600070B50C4B0C4D1B689C7E4FF43C76013CF1
:10FB70002A6806FB04F3D018D35C2BB9631E0CB9BA
:10FB8000204670BD1C46F3E700F0CEFD0028F5D0FE
:10FB9000F7E700BF7830012058210120FFF76CBD46
:10FBA000034B4FF43C721B685043185C704700BF16
:10FBB00058210120024B1B6803B1184718467047B3
:10FBC000D8200120034B1B684FF43C7202FB00302D
:10FBD0008078704758210120044B1B684FF43C7219
:10FBE00002FB003090F91A01704700BF5821012034
:10FBF000044B1B684FF43C7202FB003090F93A0052
:10FC0000704700BF58210120044B1B684FF43C7221
:10FC100002FB0030D0E94801704700BF58210120A5
:10FC2000044B1B684FF43C7202FB0030D0E98601A4
:10FC3000704700BF58210120044B1B684FF43C72F1
:10FC400002FB003090F84400704700BF58210120AB
:10FC5000044B1B684FF43C7202FB003090F84500E7
:10FC6000704700BF58210120054B1B684FF43C72C0
:10FC700002FB0030437A194214BF01200020704774
:10FC80005821012038B5044604200D4619F0D0FF54
:10FC9000014678B1084B1B68C570E41A074B241164
:10FCA0005C4301238370064B0480187BBDE8384019
:10FCB00019F0D3BF38BD00BF58210120CF467D6762
:10FCC000F03001202DE9F743224F234E3B684FF0DF
:10FCD00000089C7ECDF804801DF0F2FF4FF43C73C9
:10FCE000651E5C433368A4F53C74234401AA19786B
:10FCF00021B193F88011A95483F88081013D691CDA
:10FD0000A3F53C73F3D11DF0DDFF3B68DFF84C90A9
:10FD10009C7E01AF013C4FF43C78E15D21B1D9F804
:10FD200004300BB1A0B29847356808FB045595F82C
:10FD30009B3143B105F5B8701AF022F818B12A21A9
:10FD40002846FFF79FFF631E14B903B0BDE8F08398
:10FD50001C46E2E77830012058210120F0300120D4
:10FD60002DE9FF410023454E454FDFF82481ADF8D2
:10FD700006300DF1060000F0AFFC044620BB414FF9
:10FD80003B689D7E1DF09CFF3368013D4FF43C7045
:10FD900003F2811302AE00FB05F2995CA955013D07
:10FDA0009C54F8D21DF08EFF3B68374D9C7E013C81
:10FDB000315D19B1AB680BB1A0B29847631E002C3E
:10FDC00059D104B0BDE8F081BDF806304FF43C7263
:10FDD00053433268D518D35C2BB900F061FC012085
:10FDE000FFF74AFCC5E7214602A803F00EFA3B687C
:10FDF0009BB1214605F14C009847B0B195F86530AC
:10FE00005BB1D5F8F41105F5FC701AF02BF8D5F8B4
:10FE1000E01105F5F2701AF025F89DF80830022B74
:10FE20000ED8E3B195F89A31A3B1204600F038FC22
:10FE30000120FFF721FC48212846FFF723FF98E720
:10FE4000032B0CD1114B1B6813B121462846984750
:10FE50002046C2E72146284600F04EFC89E7D8F844
:10FE60000030002BF4D05B69002BF1D0BDF8060008
:10FE7000214698477DE71C469AE700BF582101209C
:10FE80002C21012078300120F0300120DC200120DD
:10FE90005C210120B0F81431B0F818210433534329
:10FEA00003EBA30213F0030318BF012313448B4297
:10FEB00005D2012903D0C91A012938BF01210846FA
:10FEC0007047F8B54B7D046A0E6A012B07460D4654
:10FED00007D18B6A1B78043B012B02D8637813B9D6
:10FEE0002F463846F8BD94F899C196F89931634584
:10FEF000F6D8D6F89031B6F818214FF47A7040F25F
:10FF0000E24143434A43B3EB420FE9D3BCF1000F54
:10FF1000E7D1D4F89031B4F8182143434A43B3EB06
:10FF2000420FDED396F85E32FF2BD9D194F85E32C1
:10FF3000FF2BD6D106F5B87019F022FF0028CFD0DC
:10FF400004F5B87019F01CFF0028CAD0B6F81831B3
:10FF5000B4F81821B2EB930FC2D3B3EB920FBFD218
:10FF6000BFE7000008B50CF087F8142813D91E2845
:10FF700013D9322813D94B2813D9642813D99628BA
:10FF800013D9FA288CBF00200120094B93F8383090
:10FF90001844C0B208BD0720F7E70620F5E70520A2
:10FFA000F3E70420F1E70320EFE70220EDE700BFCD
:10FFB000B030012010B50446FFF7D4FF40B220B99D
:10FFC000012C14BF0020432010BD072801D1002CB4
:10FFD000F7E70020F8E700004FF43C735843084B64
:10FFE0001A681318105C48B193F83820042A04D119
:10FFF000586919B19B690B6070470020704700BFBA
:020000024000BC
:100000005821012030B58378B0F81841A3B9B0F871
:1000100016314069CA1A92B247F6FE75AA4284BFE9
:10002000591A8BB240F2E24595BF6243634305FB28
:10003000020005FB130030BDB0F8FA30D0F8000123
:100040004A1CD21A92B247F6FE75AA4205D86243FC
:1000500040F2E24303FB0200EDE75B1A013B9BB277
:10006000634340F2E24202FB1300E4E7054B1B68E6
:100070004FF43C7202FB0033D3F8E43203B118476B
:100080001846704758210120104B1A6AD1054CBF01
:1000900003230123120548BF43F004035A0002F072
:1000A000080230B5134300F5AC7100F5AE740122BF
:1000B000134214BF7E257F2501F8015B52008C425C
:1000C000D2B2F5D17F2380F8213230BDB03001208B
:1000D000020202F00F3200F0F0300243130103F08D
:1000E000333302F0CC321343980000F0553003F064
:1000F000AA331843C0097047F8B50146B0F84E411D
:10010000B0F816016040FFF7E3FF00EB0010204459
:1001100080B2FFF7DDFF00EB0010204480B2FFF754
:10012000D7FF00EB001020444440A4B24DF66853C2
:1001300063435B0D03EBC30203EB8203E31A9EB23E
:10014000D8B2D1E94837C6F12005A6F12002F34024
:1001500007FA05F52B4327FA02F21343DB0758BFD2
:1001600091F81E3181F81C015EBF634301EB13411E
:1001700091F82801F8BD0000064B074A5A60074B6A
:100180001B681B79082B81BF054A136A43F480431F
:1001900013627047D0200120F9000400783001205C
:1001A000F030012008B51DF08BFD044A13780133AF
:1001B0001370BDE808401DF085BD00BF303101203F
:1001C000022809D003280AD001F10E00C0008242A3
:1001D000A8BF024690B270470F318800F7E7B2F52A
:1001E000296F4FEA811000F5747038BF4FF429620F
:1001F0009042A8BF104680B2704738B58378044655
:10020000DBB143685B0518D5B0F81431ABB120F011
:10021000F7FEB4F81851014640F2E24360695D43CD
:100220000BF056FF854208D2012384F8093104F10E
:100230000C00BDE838400CF0FBBA38BD2DE9F047A2
:10024000174A184FDFF86490002313603A68D48B84
:10025000154A1A345443640DC9E90033E4000E46CC
:1002600005461034014698463B68DB7E434503D87B
:10027000481B80B2BDE8F0878B071CBF21F0030349
:10028000191D01EB040AAAEB0503B34206D8484640
:1002900019F002FD08F101085146E5E70020E9E701
:1002A0006C21012078300120692F0100602101209C
:1002B00080F83F127047002380F83F32704738B50E
:1002C000CA880C460546898890F84400FFF778FFF5
:1002D00062882188034695F84500FFF771FF1844AE
:1002E000963080B238BD90F83F1290F84420B0F8B4
:1002F000363251B1012A06D0022A08D101F001029A
:10030000C2F10202D2B2490717D4022A10D0032A3E
:1003100013D06F2B18D9503BDB10043B9BB2B0F8C5
:1003200034021B2B38BF1B23984228BF1846704746
:100330003B2B09D92C3B9B10EFE7B3F5747F03D31C
:10034000A3F534739B11E8E70023E8E72DE9F04FAC
:1003500089B007461C46484893880293884615464C
:1003600019F0ACFC064600B300F108030193AB881A
:1003700083819845424628BF1A464FF000080392F1
:100380008273221D80F80F808260C346029B9B45CA
:100390001BD307F5B870019A297819F058FC384634
:1003A00009B0BDE8F04FFFF728BF204619F04CFC1C
:1003B000324B28885B6801219847FFF7F3FE07203E
:1003C00009B0BDE8F04FFCF709B8029B0399A3EB15
:1003D0000B039BB28B4228BF0B465FFA88F9009350
:1003E000AB8009F101030199DB0003F1020A8A44A1
:1003F000A9780020069069B3012931D0CDE9042302
:1004000006A9009B8DF81C30504602F0B4FE1C4B30
:10041000049A1C6806EBC909022189F8101064B11E
:10042000059B019904330B4407F14C005146A0474A
:10043000041E18BF0124049AA400012389F8114066
:10044000AB70009B5B441FFA83FB009B08F1010823
:100450001A449BE702208DF8180087F88411CDE735
:100460008DF8181097F884110129C7D102218DF851
:1004700018104FF00001F0E760210120F03001205A
:10048000302101200E4B70B51E6804460A468D1EB1
:100490002EB111F8013C4C300B442946B0472A4696
:1004A00004F5B870FF2119F0D2FB064B0221187B2E
:1004B0001DF012FC2046BDE87040FFF79EBE00BF55
:1004C00030210120F030012037B50546063019F003
:1004D000AFFB044638B10323694600938DF80450FE
:1004E00002F049FE0444204603B030BDF7B500F5E4
:1004F000B8770E4638460DF10701154619F0C6FBD0
:100500000446002843D0384619F046FC9DF80720E1
:10051000FF2A034632D0E079A779A18800FB07FCC7
:1005200004EBC00E3A46013067448F424FEAC000E8
:100530009EF80870378000F102072744776027682B
:100540006744C8BFA1EB0C02F7609EF80970C8BFF2
:1005500092B2328177B10430204470613782032037
:1005600053B162449142D4BF00230123DBB22B700C
:1005700003B0F0BD0220F3E70123F7E7627874606F
:10058000B0FA80F302325B0932800120EFE70346C4
:10059000EDE7000037B500F5B8740DF1070120460E
:1005A00019F074FBB8B19DF80720FF2A07D0C17974
:1005B00083794D1C01FB033381888B4209DB074B98
:1005C0001860074B0DF1070120461A7019F055FB12
:1005D00000E0C571012003B030BD00BF6C210120D7
:1005E0006821012070B5134E0546306800B3124BE8
:1005F0001B78FF2B19D0044654F80809043819F069
:1006000023FB0E48214619F047FBFFF7CBFD95F879
:100610008031013385F8803100233360084BBDE819
:100620007040187B04211DF057BB19F00DFBF3E758
:1006300070BD00BF6C2101206821012060210120D4
:10064000F0300120F7B5114F002500F5B8760DF117
:100650000701304619F011FB044610B9284603B0D3
:10066000F0BD9DF80730FF2B0DD054F80809043871
:1006700019F0EAFA01352146384619F00DFBEDB2C2
:10068000FFF790FDE3E719F0DFFAE0E760210120D2
:100690000C3008B580B219F0CBFA00B1023008BDB9
:1006A000023819F0D1BA000008B5134600F8021C50
:1006B000090A00F8011C821ED9B2054819F0C7FAD0
:1006C000044B0121187BBDE808401DF005BB00BFAD
:1006D00038310120F030012013B504460DF1070137
:1006E000044819F0CAFA18B19DF807302380023087
:1006F00002B010BD38310120094B0A4A1B68C31AE9
:100700001B11534310B504468A1E00F5BC70D9B2C4
:1007100019F09DFA94F88131013384F8813110BDCC
:1007200058210120CF467D671FB500F5BC700DF143
:10073000070119F0A2FA0446A0B183789DF80720BA
:10074000ADF8082003F00303012BC27802D0022B7E
:1007500018BF032302A92046ADF80C208DF80A30FB
:1007600002F0FAFC204604B010BD73B5002400F579
:10077000BC750DF10701284619F07FFAE6B2013485
:1007800010B9304602B070BD19F05EFAF1E7000012
:100790002DE9F84F0025DFF87880DFF87890DFF852
:1007A00078A006460F462C46D8F800309B7E1FFAEC
:1007B00085FB5B4502D82046BDE8F88F5846FFF719
:1007C000EFF900B35846FFF7FDF9E0B9D9F800306A
:1007D0000BB15846984716215846FEF7ADFF012841
:1007E0004FF0100008BF0C2419F022FA014660B146
:1007F000C0E9026741F20163A0F800B043809AF8B3
:100800000C0019F02AFA0135CEE70C24D3E700BF1B
:100810007830012088300120F030012002884FF428
:100820003C714A4307490968034688188A5C42B10B
:10083000054AD978136083780BB903F013B903F034
:10084000E1B9704758210120542101202DE9F041E0
:100850000E4E0F4F00244FF43C7833689B7EA3422A
:1008600001D8BDE8F0813A6808FB04F3D518D35CE1
:1008700053B105F5B87019F083FA28B9AB781BB9F4
:100880002921284603F0EEF80134E6E7783001200C
:100890005821012008B5F3F7A1FCF3F789FB0BF011
:1008A00065F80BF069F900F05FFBBDE808400AF05D
:1008B000FBBA000010B503780446B3B182780B4848
:1008C00002F04AFEA37818B11E2808D00D2100E0DE
:1008D0000C2120462BB9BDE8104003F0C3B80E210F
:1008E000F7E7BDE8104003F08DB910BDE02001200E
:1008F0008378FF2B70B5044612D00B4BBDE87040D7
:100900001860FFF78BBF20463460FFF787FF23880E
:1009100001339BB22A682380927E9A42F3D870BD3D
:10092000024D014E0023F5E75421012078300120CB
:10093000F8B52C2204460D4600F1380600210C3093
:100940002CF0CCFEC022002130462CF0C7FE002344
:1009500084F81C31A4F81631D5E90623C4E94823EC
:1009600095F82A3084F81D312B8CA4F818316B8C43
:10097000A4F81431AB8C03EB830347F230515B00D6
:10098000C4F8F411A4F88631FF272046FFF782FA55
:1009900084F85E726B69C4F850312B69C4F8E001C9
:1009A000C4F854312046FFF74DF82B6983EA13420F
:1009B000A4F84E21042284F83820214A126892F8C3
:1009C000202084F83A20E3636B69236440F2011528
:1009D000022384F846302046A4F84450FFF754FB25
:1009E000012384F8663004F50C7184F85C712046AC
:1009F000FFF765FC04F50A71A4F83A022046FFF7F8
:100A00005EFCB4F83A32A361B4F81831A4F83802A5
:100A100040F2E2425343E3610A4B63620A4B25848E
:100A2000C4E90A34094BC4F89830094BC4F89C3027
:100A3000084BC4F8A030084B6663C4F8A430F8BD76
:100A400078300120BDAC030089B00300F5AB030092
:100A5000A5AC0300A7B00300B5B0030038B5184D2E
:100A60002A68138E92F82E10128D013311FA83F337
:100A7000062101FB023303EB930113F0030318BFBC
:100A800001230446194400F5C47019F0EBF92A68F3
:100A900092F83D3084F84D3192F83E2084F845209C
:100AA00084F84420074A204652F823300021984712
:100AB00084F8390004F10C00BDE838400BF004BFA5
:100AC00054210120D020012008B51C4B1C4A5A603B
:100AD0001C4B1D4A5A601D4B1D4A1A601D4A5A6024
:100AE0001D4A9A601D4B1E4A9A601E4ADA611E4BCF
:100AF0001E4A1A601E4B1F4A1A601F48FBF7B2FCC1
:100B000000F032FA1D4B1B681979062906D91C4AD8
:100B10000729136A03D143F00E03136208BD0829A5
:100B200002D143F02E03F8E7092902D143F48033C0
:100B3000F7E7144919431162F0E700BF180C0120D0
:100B400095080400CC0B0120F1080400A00B012043
:100B500061FD03004D080400C5FC0300E02E0120E8
:100B6000F146040069400400DC200120B5080400BF
:100B7000D0200120D1F90300910704007830012032
:100B8000F03001202E00010508B509F0BFFF20F06C
:100B90007F4008BD08B509F0B9FF00F00702C0F3B7
:100BA000012305321344C0F30040184408BD00007F
:100BB0004FF43C735843064B1A681318105C30B15D
:100BC00093F83820052A01D15869704700207047F2
:100BD0005821012002884FF43C714A4305490968B5
:100BE000034688188A5C22B1034AD978136003F05F
:100BF00009B87047582101205421012030B589B02F
:100C00000546FEF7BBFD0446E0B11B4B1D6001230A
:100C100083700B2102F0F6FF01200BF09FF995F88D
:100C20003F3033B3154B28781A68154BA21A1211AE
:100C30005A4395F8403092B2002109B0BDE83040E7
:100C400009F0D3BF09230693D5E91623CDE9042380
:100C5000D5E91423CDE90223D5E912230790CDE984
:100C60000023012195F83C3005F10802F5F78CFCD2
:100C7000D2E709B030BD00BF542101205821012026
:100C8000CF467D6710B50378044683B18278084863
:100C900002F062FC18B11E2807D00D2100E00C21E3
:100CA0002046BDE8104002F0ADBF0E21F8E710BDB0
:100CB000E02001208378FF2B70B5044612D00B4B47
:100CC000BDE870401860FFF785BF20463460FFF72D
:100CD00081FF238801339BB22A682380927E9A4247
:100CE000F3D870BD024D014E0023F5E754210120D9
:100CF0007830012010B504460BF0BEF9072C28BF50
:100D00000724034B33F81430184480B210BD00BFE1
:100D1000D81007002DE9F74F864F00F10C083D6809
:100D200000F138092C220021044640462CF0D6FC64
:100D3000C022002148462CF0D1FC95F84130002B10
:100D400000F0E18095F83E30032B14BF0226032605
:100D50002B8E1E4495F83D3084F84D31D5E908239B
:100D6000C4E948234FF0010BA4F8FAB095F83230EB
:100D700084F81D312B8DA4F8183195F83300FFF756
:100D8000B9FF6B8DA4F81431AB8DA4F8F80003EB18
:100D9000830303FA0BF347F23051A4F88631C4F809
:100DA000F4112046FFF776F84FF0FF0A84F85EA2B0
:100DB000EB69C4F8E001C4F8503195F82E302A8D63
:100DC000B6B23344062101FB023303EB930113F067
:100DD000030318BF5B46194404F5C47019F042F8C8
:100DE0002046FEF72FFEAB6983EA1342A4F84E219A
:100DF000052284F83820504A126892F8202084F89E
:100E00003A20E363EB6923643B6893F83E3084F84F
:100E1000453084F844302046FFF736F984F85CA169
:100E200004F50C7184F866B02046FFF748FA04F523
:100E30000A71A4F83A022046FFF741FAA4F83802F2
:100E400095F82E50B4F8F810DFF814A140F2E24300
:100E50005D435E437019FBF7D1FA3B68B4F83A7210
:100E60009B6BC4F834901E4440F201132384334B2F
:100E70006362334BDFF8EC90C4E90A34314BC4F8B9
:100E80009C30C4E93F56304BC4F8A030361A2F4B83
:100E900066612F4405EB0B0607EB400706EB4006A7
:100EA000C4F8A4302A4BA761C4F89860C4F8A830ED
:100EB00094F84D31002159F8233020469847514687
:100EC00084F8390040460BF00BFBB4F81811E0B978
:100ED000B4F816510135ADB240F2E243A4F8165110
:100EE0004D435D432846B4F8F810FBF787FAD4F871
:100EF00000311D442D1A3B1806EB40006561A361CB
:100F0000C4F89800D4E7012622E7124B1868124B68
:100F1000201A00115843114B0093B4F83A2240F2C2
:100F2000E24401236143C0B20AF02EFE03B0BDE8E3
:100F3000F08F00BF542101207830012079B30300E5
:100F4000BDB80300DDB2030075B30300D1B80300E0
:100F5000DDB8030058210120CF467D67B10B0400A6
:100F6000C3FE0300D0200120054B1B689B7E4FF47D
:100F70003C725A43034B002118682CF0AFBB00BFF2
:100F8000783001205821012008B51C4B1C4A5A60BA
:100F90001C4B1D4A1A605A680AB91C4A5A601C4BFD
:100FA0001C4A1A601C4A9A601C4B1D4A9A601D4AD2
:100FB000DA611D4B1A680AB91C4A1A601C4B1D4A9B
:100FC0001A60FFF7D1FF1C4B1B681979062906D957
:100FD0001A4A0729136A03D143F00E03136208BDAE
:100FE000082902D143F02E03F8E7092902D143F47E
:100FF0008033F7E7124919431162F0E7180C01201A
:1010000045100400CC0B0120FD0B0400B50C0400BE
:10101000A00B012061FD0300C5FC0300002F01208F
:10102000A14A040069400400DC200120850C040072
:10103000D0200120D1F9030078300120F0300120C8
:101040002E00010508B5F3F7C9F80AF08FFC0AF085
:1010500093FDFFF789FFBDE8084009F025BF0000B8
:1010600070B5037804460E4633B38278134802F015
:1010700073FA054638B9A378B3B10C212046BDE810
:10108000704002F0BFBDA2780C48314602F09CFBD4
:101090000028F0D01E2DA37801D01E280AD10E21E1
:1010A0002046002BEBD101E00C212046BDE870402A
:1010B00002F0D8BC0D21F3E770BD00BFE020012095
:1010C00008B5FFF701FD0F4B0F4A1A600F4A5A602F
:1010D0000F4B104A1A60104B104A1A60104B114AFD
:1010E0001A60114B114A1A60114A136A43F0010148
:1010F0001162104909680979062984BF43F0110378
:10110000136208BDE02E0120294F0400D1530400D2
:10111000DC20012061100400202101200D240600A4
:1011200030210120812406002C21012025250600E4
:10113000F03001207830012070B5037804460E4667
:10114000D3B182780D4802F007FA054628B90C2180
:101150002046BDE8704002F055BDA27807483146F0
:1011600002F032FB0028F2D01E2D01D01E2801D142
:101170000E21EDE70D21EBE770BD00BFE02001205F
:10118000104B114A1A60114A5A60114B1A680AB979
:10119000104A1A60104B114A1A60114B114A1A601A
:1011A000114B124A1A60124A136A43F0010111628C
:1011B000104909680979062984BF43F011031362B5
:1011C000FFF7E2BE002F012079520400D153040042
:1011D000DC20012039110400202101200D2406000B
:1011E00030210120812406002C2101202525060024
:1011F000F030012078300120044B1B684FF43C7222
:1012000002FB0030D0F8F401704700BF58210120E4
:1012100038B5114B1C684FF43C7303FB0044204667
:101220000D46FEF737FE854213D094F86530C4F8BA
:10123000F451C4F8E00153B1294604F5FC7018F0EC
:1012400011FED4F8E01104F5F27018F00BFE012045
:1012500000E0002038BD00BF58210120C07802F016
:101260000FBE00002DE9F047634CDFF8B4A1634DD9
:1012700081460E4690460021282204F19C001F461C
:101280002CF02CFA04F1C803C022002118462CF0DF
:1012900025FA5B4BC4F8C4004FF48172C4E92D33C6
:1012A0009AF80800A4F8B020022384F8C830FBF7AD
:1012B0007DF995F82830534A84F8CA30524B84F8A7
:1012C000C900C4E9332340F2011394F84220A4F882
:1012D000D4300323A4F810310AB1A4F812319AF8DB
:1012E000083084F849312D20484BC4F8383118F0C3
:1012F0009FFC474BC4F84031C4F82801FBF79CF829
:10130000A065FFF741FC012384F86E30B4F8823009
:10131000A4F86830B9F80430A4F86A30B9F8063097
:10132000A4F86C30D5E90C23E065C4E91823FFF775
:1013300031FC84F87200FEF715FE052384F888312D
:10134000222384F88C312B6A84F87300C3F3803332
:1013500084F8893194F84130DB0749BFD5E9062389
:101360002C4BC4E94623D4F8143153BFD3E90C23E2
:1013700043F00203C4F81431C4E94623D4F814310D
:1013800043F00102C4F8142195F829201AB143F062
:101390005103C4F81431D4F81401C0F3400384F8A5
:1013A0008A31D4E94623C4E9122394F8423093B930
:1013B00006F00106C4E91487C4E9488784F88B6104
:1013C0001EB140F00800C4F81401D4F8143143F001
:1013D0000403C4F814311049A1F5C47000F0DAFF19
:1013E0000E49204401F022F82423C4F82C4184F84B
:1013F0004831BDE8F08700BF70210120B0300120E6
:1014000041BA0300D6BE898E55555500B1BA0300C6
:1014100011BC0300F0300120F8220120B821012086
:101420004C31012010B50C4C0AF032FEE38F40F233
:101430007122534300F2CC40C4F8A800C4F8AC3089
:1014400004F19C000023A4F898300AF0FBFFD4F8C4
:10145000A430A36310BD00BF7021012002484FF4E7
:10146000CC7200212CF03AB970210120034B044AC0
:10147000DA60044B044ADA60FFF7F0BF180C012071
:101480008D140400CC0B01205D120400FFF7E6BFB1
:10149000034B93F82400003818BF0120704700BFA9
:1014A000702101204FF47A735843034B185C0038C5
:1014B00018BF0120704700BF182301202DE9F84311
:1014C000044600F50E778946164600212C2200F5C9
:1014D00003701D462CF002F9C022002138462CF082
:1014E000FDF840F20313A4F82032614BC4F83472C3
:1014F000604FDFF8A081387AC4F82C42C4E9893300
:10150000022384F83832FBF751F898F928205A4919
:1015100084F83A22594A5A4B84F83902C4E98F12A6
:1015200094F86A209C420CBF0323012384F84532BF
:10153000D00784F844324FF08303A4F8803248BFC8
:10154000A4F882323B7A84F8B9324E4BC4F8A83200
:101550004D4BC4F8AC32422018F06AFBC4F8980234
:10156000002800F08280494BC4F8B032FAF764FFDB
:10157000A063FFF709FB012384F84E30B4F8623012
:10158000A4F84830B9F80430A4F84A30B9F8063065
:10159000A4F84C30D8E90C23E063C4E91023FFF72A
:1015A000F9FA84F85200FEF7DDFC052384F8D831FF
:1015B000222384F8DC3194F86B3084F85300DB0785
:1015C00049BFD8E90623324BC4E9A223D4F88432B8
:1015D00053BFD3E90C2343F00203C4F88432C4E9B7
:1015E000A223D4F8843243F00102C4F8842298F88C
:1015F000292004F128071AB143F05103C4F88432BA
:10160000D4F88412C1F3400384F8DA31D4E9A22378
:10161000C4E90A2394F86A30A3B99DF8200000F0C9
:101620000100C4E90C65C4E9A46584F8DB0118B1C4
:1016300041F00801C4F88412D4F8843243F0040362
:10164000C4F8843204F1780504F5EC71284600F002
:10165000A1FE3946284400F0E9FE2423C4F89C5238
:1016600084F8B8320020BDE8F8831F20FBE700BFF4
:101670001DBD03004C310120D6BE898E5555550045
:10168000E82A012079BF03009DBF0300E9BD0300E4
:10169000F0300120B030012010B504460AF0F8FC0B
:1016A000638B40F27122534300F2CC40C4F81C32E9
:1016B0000023C4F818026370A37004F503700AF0E5
:1016C000C1FED4F81432636610BD00002DE9FF4D51
:1016D000C17883784A1E012A04464CD9A3F1FF073A
:1016E0007B427B412288344DFF2AA87A45D0002BCB
:1016F00043D140FA02F3DE0706D5304B4FF47A703F
:1017000000FB023002F0D8FBE378012B51D12C4BC7
:101710002A4F1E68B8460024AB7AB1792341DA0714
:10172000D6E902AB3AD40134032C08F57A78F3D128
:1017300000246C72D6E90223C5E90023DFF8848017
:10174000B3792B724FF43C76AB7A2341DB070CD58F
:10175000B7F86000D8F8003007F1280106FB003028
:10176000FFF7E6F83846FFF797FF0134032C07F53B
:101770007A77E9D11DE00123B4E7104F0026AB7A58
:101780003341D80704D53846039102F095FB0399FD
:101790000136032E07F57A77F1D1B5E77379019316
:1017A0003379009352465B464046F5F745FC0028E6
:1017B000B9D004B0BDE8F08D082301201823012022
:1017C000600C0120582101202DE9F8430021044636
:1017D00000F54A77164600F53E702C221D462BF088
:1017E0007DFFC022002138462BF078FF4FF4817333
:1017F000A4F80C33344B3548C4F82073C4E9C4331F
:10180000062384F82833324B94F86B1093F8282081
:1018100084F82A232F4AC4F81843C4E9CB0294F869
:101820006A004FF4C072C70748BFA4F87223A4F837
:101830007023012284F8A423274AC4F88C23D4F807
:101840007423C90751BF254A42F00202C4F8742329
:10185000D3E9068958BFD2E90C89D4F8741393F8F8
:10186000293041F001024CBFC4E9DE89C4E9DE89B8
:10187000C4F874231BB141F05101C4F8741388B942
:101880009DF82030DB0742BFD4F8743343F00803DF
:10189000C4F87433D4F87433C4E9E06543F0040346
:1018A000C4F8743304F17803C4F888332423002087
:1018B00084F89C330A4BC4F890336070A07084F8AD
:1018C0000802BDE8F88300BF85BD0300D6BE898E3F
:1018D000B03001205555550039C00300F0300120CB
:1018E00011C2030008B540F6B832002106482BF0BB
:1018F000F5FE064B1022002118462BF0EFFE04499E
:1019000001220A73827208BD1823012008230120D6
:10191000B030012008B5084B084ADA60084B094A84
:101920005A62094B094A1A60FFF7DCFF084B4FF473
:101930007A729A8208BD00BF180C01205519040064
:10194000CC0B0120CD1604007C300120A51404002E
:10195000F0300120FFF7C6BF034A012303FA00F06D
:10196000937A18439072704708230120044A012398
:1019700003FA00F0937A23EA00009072704700BFE8
:101980000823012030B50A4B044629B14FF47A757B
:1019900005FB00350868A8614FF47A7101FB04303B
:1019A00000F11C035168106803C39068186030BDD3
:1019B0001823012038B5044604200D4618F038F9E4
:1019C000014690B17CB1094BE41A094BE4105C4329
:1019D000A4B209238B70074B0C80CD70187BBDE837
:1019E000384018F03AB9FF24F3E738BD1823012036
:1019F000D578E926F0300120014B024ADA607047C1
:101A0000E02E012021560400B2F5706FF8B50546AE
:101A10000E46144633D2022A33D84FF430731C4A90
:101A20006343D118D35C63B34B78012B29D1194B95
:101A30001B689B7E834226D9174A4FF43C7311687A
:101A40004343CA18CB5CF3B1D2F818329B014FF074
:101A500000071AD592F81432BBB10A2018F0E8F842
:101A600060B142F2012343800C4B05808780C48023
:101A700006810146187B18F0F0F83846F8BD1220B0
:101A8000FCE74220FAE70220F8E71A20F6E700BF59
:101A9000781601207830012058210120F0300120F3
:101AA000F8B51D4B1B689B7E834204460E461546C7
:101AB00001D80220F8BD1046FCF7AEFB30B390F819
:101AC0002171012F24D1154A4FF43C7311686343EF
:101AD000CA18CB5C002BECD0D2F818329B0119D578
:101AE00092F81432B3B10A2018F0A2F80028E1D01D
:101AF00042F2012343800A4B04808780C58006811F
:101B00000146187B18F0A9F80020D3E74220D1E75E
:101B10000C20CFE71A20CDE7783001205821012092
:101B2000F030012030B50B4C2468A47E84420FD9DC
:101B30004FF43C746043084C25682C18285C38B17D
:101B400084F84A12A4F84C22A4F84E32002030BD8A
:101B50000220FCE77830012058210120074B084A79
:101B60001A60084B084A1A60084B094A1A60094B68
:101B7000094A1A60094B0A4A1A6070473C21012041
:101B8000C972030038210120E174030050210120B3
:101B9000097703004021012025770300342101202B
:101BA00045770300034B04481B7B0373034B196801
:101BB00018F052B9F0300120D02E01205831012008
:101BC0002DE9F84F164C80460F4616461D46DDE9B6
:101BD0000AAB1CF075F894F804901CF073F8B9F196
:101BE000030F1AD8182018F023F80146A8B1C0E94D
:101BF00002AB40F2062343800A4B06714571C0E9EF
:101C00000487187B18F029F81CF05AF8237901335F
:101C10002371BDE8F84F1CF055B8BDE8F88F00BF40
:101C200058310120F030012038B5C378012B02D0A3
:101C3000022B06D038BDF3F727FABDE83840FFF78E
:101C4000B1BFD0E904450179421D00F108032046E7
:101C500061B12946F3F772F91CF032F8054A13799D
:101C6000013B1371BDE838401CF02CB82946F3F74E
:101C7000B9F9F1E758310120014B1860FFF792BF25
:101C80005831012008B50D4B0D4A9A6100211022F0
:101C90000C482BF023FD0C4B0C481B681B79072BC1
:101CA00081BF0B4A136A43F040031362F2F7CCFF83
:101CB000044B4FF48372DA8008BD00BFCC0B0120C7
:101CC000291C0400D02E012078300120C11B040003
:101CD000F030012008B5C9B220F080FB012008BD1A
:101CE00010B58AB004462622002168462BF0F6FC87
:101CF00014238DF802300C4B93F82230002B14BFC4
:101D0000002312238DF8043020460DF1050304F161
:101D1000200250F8041B43F8041B9042F9D1684696
:101D200008F03CFF0AB010BD60310120024B4FF4B7
:101D30000071187B1BF0D0BFF030012010B500F10E
:101D40001F0300F10F029A4200D110BD01781C78E8
:101D500000F8014B03F80119F5E701F12003013800
:101D60008B4200D1704713F8012D00F8012FF7E7DF
:101D700000B589B02021684620F030FB05480CF002
:101D800005F868460CF008F8FFF7D0FF09B05DF8D9
:101D900004FB00BFD51C040000B589B001466846AD
:101DA000FFF7DBFF05480BF0F1FF68460BF0F4FF8F
:101DB000FFF7BCFF09B05DF804FB00BFD51C0400B1
:101DC00010B50BF0FBFF044618B9FFF7AFFF204634
:101DD00010BD0120FCE738B504460D460CF04AF86A
:101DE0002046FFF7ABFF04F12000FFF7A7FF2846CE
:101DF000BDE83840FFF7A2BF70B5A2B0FFF7E0FF23
:101E000058B31749684610AEFFF7E5FF4622002198
:101E100030462BF063FC13238DF842306A460DF1F7
:101E2000450508AB144603CC9C42286069602246F5
:101E300005F10805F6D10DF165041A4603CAB24250
:101E400020606160134604F10804F6D1304608F0C2
:101E5000A5FE034B002283F8202022B070BD00BFF6
:101E60006031012030B599B004460D46014608A8FE
:101E7000FFF773FF04F1200110A8FFF76EFF29465A
:101E80006846FFF76AFF07480BF080FF694608A81D
:101E90000CF050F8044B4FF48061187B1BF01CFFD2
:101EA00019B030BDD51C0400F030012010B50CF085
:101EB0008DF8044638B9054B4FF48061187B1BF050
:101EC0000BFF204610BD0120FCE700BFF0300120D1
:101ED00010B504460CF094F82046BDE81040FFF71A
:101EE0002DBF000010B50E4C94F8223088B04BB9CD
:101EF0002022FF2168462BF0F1FB6846FFF7F0FE39
:101F000008B010BDFFF7D2FF0028F9D06846FFF7F0
:101F1000DFFF6846FFF7E4FE002384F82030EFE798
:101F20006031012030B591B004460D460146684647
:101F3000FFF713FF04F1200108A8FFF70EFF684622
:101F40000BF0AEFF10F0FF0406D12DB1044B4FF49F
:101F50008061187B1BF0C0FE204611B030BD00BF71
:101F6000F030012038B50A4890F820506DB990F84B
:101F70002140012380F8203024B1FFF70DFF2C46CB
:101F8000204638BDFFF7F4FEFAE70C24F8E700BF5F
:101F9000603101202DE9F041114D95F82080064671
:101FA0000F46B8F1000F18D195F82340B4FA84F128
:101FB0004909FFF7B7FF85F8220028B9002C18BFA0
:101FC00012242046BDE8F08101233946304685F8C9
:101FD00020304446FFF746FFF3E70C24F1E700BF4B
:101FE00060310120F0B5164B99B06A4603F1200527
:101FF000164618685968144603C40833AB42224693
:10200000F7D1104B08AA03F1400715461868596824
:10201000144603C40833BB422246F7D10A4B93F857
:1020200020405CB901223146284683F8222083F8FB
:102030002020FFF717FF204619B0F0BD0C24FAE767
:10204000E81007000911070060310120074B084A1A
:102050005A62084A9A62084A136A43F0006313629C
:10206000064B002283F82320704700BFA00B0120FD
:10207000F91D0400E51E0400F0300120603101204C
:10208000014B024ADA607047002F0120695B0400AF
:10209000F8B500230B701378164603F03F029B0936
:1020A00005460270437092B9741C2B78A21B9342B0
:1020B000A5BF01339B1A00222246A6BF54FA83F41F
:1020C000D9B21146A01B2A622977C0B2F8BD777831
:1020D0000F708378F90743EA070306F1020483705F
:1020E00006D5204617F036FFC5E9020106F10804BF
:1020F000BA0705D5204617F02DFFC5E904010634BF
:102100007B0748BF013438070AD5627814F8023BD0
:1021100003EB0223C3F30B02C3F303332A83AB762F
:10212000F90644BF6C620334BA0644BFAC62123491
:102130007B0644BF14F8013BEB76B6E70B7803F05F
:102140003F0303700B78C3F3801343700B78DB09F4
:1021500083708A784B7803EB0223C3F30C02C3F33A
:1021600042338280837170474A780B7803EB0223F5
:10217000C3F30C020280C3F34032C3F38033827096
:10218000C370CA788B7803EB022383804B798A79FA
:102190001B0212049B180A7910B52CBF01240024DD
:1021A0009B18CA794FEA026244F100049B180A7A2C
:1021B00042EB040202F01F04C0E902345209027427
:1021C000CB7A8A7A1B0403EB02234A7A13440A7BF4
:1021D00003EB026343618A7B4B7B03EB0223CA7BE5
:1021E00003EB024383614A7C0B7C03EB0223838372
:1021F00010BD4B788A781B0212049B180A7810B520
:102200002CBF012400249B18CA784FEA026244F1D3
:1022100000049B180A7942EB0402C0E902328A7971
:102220004B7903EB0223038210BDF0B58B784C7819
:102230001B0403EB04230C782344CC78C3F30D0573
:1022400003EB0464C3F380338372C4F3CB33E40E33
:102250000581838184738B794C791B0403EB042300
:102260000C792344CC7903F01F0503EB0464C3F31A
:1022700042130374C4F31323240FC573436104761C
:102280008B7A4C7A1B0403EB04230C7A2344CC7A1C
:10229000C3F3130503EB0464C3F3035380F8203046
:1022A000230EC5614384CB7B8C7B1B0403EB04238F
:1022B0004C7B23440C7C03EB04634362CB7C8C7C1F
:1022C0001B0403EB04234C7C23440C7D03EB0464CC
:1022D000C3F313038362230D83858C7D4B7D03EB56
:1022E0000423C3850B7E4D7ECE7D2D041B0200246E
:1022F0005B192CBF012525469B198E7E4FEA066689
:1023000045F100059B19CE7E45F1000535441B19AA
:1023100005F01F06C0E90C366D0980F838504B7F78
:102320008E7F0F7F36041B029B192CBF0126264689
:10233000DB19CF7F4FEA076746F10006DB1991F8FA
:10234000207046F100063E441B1906F07F07013558
:10235000F609222AC0E9103780F8486080F8385022
:1023600015D9012380F84930D1F82130C0F84A301E
:10237000D1F82530C0F84E3001F1290352303931FF
:1023800053F8042B40F8042B8B42F9D1F0BD80F8B0
:102390004940FBE78A784B78920142EA43120B7876
:1023A0001343CA7843EAC2130A7943EA02231BB2F1
:1023B0000370C3F3072343700220704770B5049E77
:1023C000F47F0546063417F0CBFDE4B2F27F3146C8
:1023D000A81D2BF05BF9204670BD10B5044617F020
:1023E000BFFDA01DDDE9022317F0BAFD0C2010BDD2
:1023F00038B5D1E900230C46054617F0B1FDA81DFC
:10240000D4E9022317F0ACFD0C2038BDFFF7D6BF8E
:1024100038B5D1E900230C46054617F0A1FDA81DEB
:10242000D4E9022317F09CFD0C2038BD38B50C46CA
:102430000546FFF7EDFF2169228C295421692B18ED
:10244000090A5970618A9970E17CD97061691971C2
:102450006169090A5971E18A997194F82610D97154
:10246000218D1972218D9A72090A120A5972DA7233
:10247000628C1A73628C120A5A73A28C9A73A28CA1
:10248000120ADA73A2691A74A269120A5A74628B68
:102490009A74E27EDA74E2691A7594F82B1094F853
:1024A0002A2042EA41125A75222038BD0B784A7818
:1024B00003F00F010170C3F340114170C3F38011A9
:1024C000DB09C3701346054A817012681279082A25
:1024D00098BF03F03F03037102207047783001205A
:1024E00038B5044608460D4617F034FDC4E900012E
:1024F000A81D17F02FFDC4E902010C2038BD38B526
:10250000054608460C4617F025FDC5E90001A01D4B
:1025100017F020FDC5E90201A37B627B1B0403EBDE
:102520000223227B1344E27B03EB02632B61627C78
:10253000237C03EB0223A27C03EB02436B61E37C6D
:1025400085F82630627D237D03EB02232B85E27D17
:10255000A37D03EB02232B84627E237E03EB022305
:102560006B84E27EA37E03EB0223AB84637FA27FB6
:102570001B0212049B18227F2CBF012100219B18F3
:10258000E27F4FEA026241F100019B1894F820209B
:1025900042EB0102C5E9063294F8213003F01F0234
:1025A0005B0985F82A20222085F82B3038BD10B52C
:1025B00090F82630028C082B22D8931F9BB240F64D
:1025C0007A418B428CBF00230123018D914288BF49
:1025D0000023828C0A3A92B240F676418A4288BF42
:1025E0000023D0E9061212F0E0040BD111430BD006
:1025F00090F82A20053A0B2A94BF1846002010BDF7
:102600000023E2E70023F3E72346F1E708230B70FA
:1026100028234B70836D8B70836D1B0ACB70B0F8D1
:102620005A300B7190F85B304B71C36D8B71B0F801
:102630006030CB71B0F860301B0A0B720920704714
:1026400070B590F8BA200346901C013293F8F04020
:102650000A702C224A70B3F8C0208A70B3F8C020E8
:10266000B3F8C450C2F30D0242EAC53293F8C65023
:1026700042EAC56293F8C250AD0305F480452A438F
:102680001212CA70B3F8C420C2F347020A71B3F839
:10269000C020B3F8C450C2F30D0242EAC53293F829
:1026A000C65042EAC562C2F307624A7193F8C85045
:1026B00093F8C72042EA45128A7193F8D020D3F8E4
:1026C000CC5093F8C860120742EA052293F8C7502D
:1026D00045EA46152A43120ACA7193F8CD200A72B8
:1026E00093F8D020D3F8CC50120742EA0522120EFC
:1026F0004A72D3F8D4208A7293F8D520CA72B3F8FC
:10270000DA2093F8D850120642EA0552D3F8D45092
:102710002A43120C0A73B3F8DA2093F8D850120641
:1027200042EA0552D3F8D4502A43120E4A730022CB
:102730008A73D3F8DC20CA73D3F8DC20120A0A7437
:10274000B3F8DE204A7493F8DF208A74D3F8E020CF
:10275000CA7493F8E1200A75B3F8E450D3F8E02086
:1027600042EA0552120C4A75B3F8E450D3F8E0205F
:1027700042EA0552120E8A75B3F8E620CA75B3F81C
:10278000E62012120A76D3F8E8204A76D3F8E82039
:10279000120A8A76B3F8EA20CA7693F8EB200A7711
:1027A000D3F8EC20013CE4B242EA44124A77D3F871
:1027B000F8208A77D3F8F820120ACA77B3F8FA20FB
:1027C00081F8202093F8FB2081F82120D3F8FC2009
:1027D00093F8004102F07F0242EAC41281F82220FD
:1027E00093F80121C0B292B1D3F80221C1F823209D
:1027F000D3F80621C1F8272003F585722B3103F5A4
:102800008D7352F8044B41F8044B9A42F9D170BDD4
:102810002DE9F0410D461E468046174609F02CFC76
:10282000164B32288CBF002001209D4219D8144B32
:10283000A5FB0331C1F34F01002347EA801747EAA4
:10284000C317377098F83F20022A14D0D31E5A427B
:102850005A415200717041EA42310912B170BDE82B
:10286000F081084BA5FB0334032303FB0541C1F3AF
:102870008F210123E1E70122ECE700BFE1BF030064
:10288000121111119E36D0692DE9F04F87B0914693
:10289000DDF848A09DF84CB0109A04930023137102
:1028A000BBF1040F0AF1030304460F4602930AF139
:1028B000040507D19DF85030002B14BF4FF0030BD7
:1028C0004FF0010B238C990600F1B28017F0010341
:1028D00007D119F001060CD094F88322D20700F139
:1028E000A9802846D4E9042317F03AFB0AF10A0527
:1028F0000126BB0706D419F0020F0CD094F88332DE
:10290000980708D42846D4E9062317F029FB46F097
:102910000206F6B20635390706D419F0080F16D0AC
:1029200094F883321A0712D42A46B4F8403002F8D9
:10293000023BB4F8403094F84210C3F30B0343EA6F
:10294000013346F008061B126B70F6B21546A5EB74
:102950000A02C2F5807819F0200308F1010807D0B7
:1029600094F883329B065ABFC2F1EF08012300237B
:1029700019F0400203920CD0BBF1030F0CBFB4F866
:102980002C22228C12F040021CBF012208F1FF38D9
:102990000392119A002A4FD0119912884989521A2C
:1029A00092B219F0100F019207D0119A127B22B93E
:1029B00094F84C20904528BF904617F0100705D199
:1029C00019F010093BD0019A424504D946F010068F
:1029D0002F46F6B20335002B00F08B8046F0200620
:1029E000D4F83491F6B2D4F8F0170593484609F0BC
:1029F0006FFBB0F5967F059B23D9D4F8F0174846B6
:102A000009F066FBAD4A90421FD9B0F5161FAC49DC
:102A1000059B28BFA0F51610A0FB01C14FF0030CC9
:102A20000CFB00112CBF1A460022C1F38F2113E0CA
:102A300000265EE71E465CE7119A0192BDE74F460D
:102A4000C9E7D4F820229144CDE79E4BA0FB033187
:102A50000023C1F34F011A46920342EA43320A436C
:102A6000121229706A70D4F82022974BA2FB03211E
:102A7000D20F42EA4102AA70D4F82022A2FB03231B
:102A8000C3F3D713EB70D4E98C9000F01F030593C8
:102A9000FDF768FA059B85F8049043EA40104FEA79
:102AA00019236B714FEA19434FEA1969AB7185F825
:102AB00007902872D4F85C316B72D4F85C311B0A31
:102AC000AB72B4F85E31EB7294F85F312B73D4F8CB
:102AD00060316B73D4F860311B0AAB73B4F86231A8
:102AE000EB73B4F828312B74B4F828311B0A6B74DB
:102AF0001235039B002B3DD094F92A0701211FF0CA
:102B00001FFA46F04006BBF1030F05F8010BF6B2C1
:102B100034D0019BA5EB0A09002B62D0434528BFA6
:102B200043469846119AC9F58073013352899845F6
:102B300028BF98465FFA88F352FA88F8119AA2F8EB
:102B40000A80029AAD1A6A1C1344109A50461371F7
:102B50001146FFF71FFC049B8AF8036045EA8315C2
:102B60008AF80250BBF1050F44D8DFE80BF03C486F
:102B700071814371BBF1030F40F09B8094F85020AA
:102B8000012A24D1029B94F85210EB1A0231C3F1AE
:102B90004003C9B2DBB2994219D829462046FFF753
:102BA00035FD054494F8B830012B12D1029B94F8FE
:102BB000BA10EB1A0231C3F14003C9B2DBB2994239
:102BC00007D829462046FFF73BFD0544A1E7002230
:102BD000E8E73243029BD2B2002A04BF00261D461A
:102BE00097E7019BADE70023C4F8D83884F88362E7
:102BF000C4F884725FFA89F007B0BDE8F08F002353
:102C0000C4F8D838002FF5D0109B94F826181A79FC
:102C100094F82408023208F017FA2C4B1B685A8AE1
:102C2000A36C9A422CBF8018C018B0F5161F28BF9D
:102C30004FF41610C4F8D80808F00CFA94F8DC2801
:102C4000C4F8D80801463B462046FFF7E1FDD1E72E
:102C50000023C4F8D838002FCCD094F8271894F863
:102C6000240809B994F8B918109B1A790232D2E7EE
:102C70000023C4F81832002FBCD0109B94F82618FB
:102C80001A7994F82408023208F0DEF90F4B1B6819
:102C90005A8AA36C9A422CBF8118C118B1F5161F2D
:102CA00028BF4FF4161194F81D22C4F818123B46A1
:102CB000CAE7029B002E08BF1D462AE7E1BF0300BA
:102CC0009E36D06912111111E3361A0078300120B6
:102CD0002DE9F0438BB00023CDF8213007238DF888
:102CE0002030038C03F007030F460646904600F59C
:102CF000E561062B00F28380DFE803F00479798137
:102D00004D797900B0F8C03390F83D40002B04F1C4
:102D1000FF3C0BBF1A4608221D461025DCF10004BB
:102D200044EB0C041543002B14BF224644F001026F
:102D300090F82131012B44EA821404D190F8DE3856
:102D4000002B08BF1825E8064AD445F001050DF10F
:102D50002009EB063246484648BF04F0BF040791FD
:102D6000FBF7AAFD079932464846FBF7FFFD338C77
:102D7000CDF800900022CDE90328CDE9012786F89F
:102D8000832203F00303224629463046FFF77CFDE9
:102D90000BB0BDE8F083B0F8C03390F83D40002B95
:102DA0000BBF1A4608221D4610251543621E5442C9
:102DB0005441A20142EA4402B3FA83F35B0914438B
:102DC00044EA831490F82131012B04D190F8DE38C5
:102DD000002B08BF1825EB0602D445F00305B6E723
:102DE000084B5B699804B2D504F0FE04AFE790F895
:102DF0003D40621E54425441A4011825A7E7002417
:102E00002546A4E7B03001202DE9F0478AB0994665
:102E10000023CDF8213007238DF82030038C03F0F8
:102E2000070388460546174600F61801062B4FD8BB
:102E3000DFE803F00751514E19044C0040240B26E3
:102E400026E090F8834290F8213104F00104C4F1A7
:102E50005104012BE4B204D190F8DE380BB944F0F0
:102E60002004082614E090F8834290F8213114F0F1
:102E7000020F04F001040CBF0A260826C4F1510415
:102E8000012BE4B204D190F8DE380BB944F02004F1
:102E90000DF1200A2A4650460791FBF70DFD0799D0
:102EA0002A465046FBF762FD2B8CCDF8109001228C
:102EB000CDE90282CDE900A703F0030322463146A3
:102EC0002846FFF7E1FC0AB0BDE8F0874824B6E7E2
:102ED00000242646DCE740240926D9E72DE9F04303
:102EE0008BB007238DF82030164B5B6908AD13F4C7
:102EF000006F04460E46174600F618014FF0000812
:102F00000246284614BF4FF009094FF00109079106
:102F1000CDF82180FBF7D0FC079922462846FBF725
:102F200025FD0223CDE9026304F59A63CDE9005340
:102F300004974346502249462046FFF7A5FC0BB0B4
:102F4000BDE8F083B030012030B589B00D460024D3
:102F50000721CDF819408DF8181093B9048C84F02E
:102F60000204C4F34004E10004930423CDE90253B6
:102F700006AB0192009310220023FFF785FC09B0F5
:102F800030BD2146F0E7F0B5082389B000F50E65A5
:102F9000044680F8E0380E46174600F6180102464F
:102FA00028460791FBF788FC079922462846FBF73D
:102FB000DDFC0523CDE902630023CDE9005304972E
:102FC0001A4603212046FFF75FFC09B0F0BD000060
:102FD0002DE9F04385B00646024600240D468F1CBD
:102FE00000F5E56102A8019102948DF80C40FBF711
:102FF00063FC0199324602A8FBF7B8FC338C03F05E
:103000000703032B05D0052B4ED0022B14BF02243F
:103010000624D6E9042338468DF8084016F0A0FFB0
:103020009DF80830012B05F108080CD1D6F874374B
:1030300043F00403C6F874374046D6E9062316F079
:103040008FFF05F10E089DF80890B9F1060F2DD8F5
:10305000452424FA09F414F001040BD096F8CF4368
:1030600044B11F2C224606F5747128BF1F2240462A
:103070002AF00CFB0E4B1B6A5B0405D5B9F1010F5E
:103080009CBF01238DF80930A8EB0700044402A976
:1030900028468DF80C40FFF77DF99DF80C000230B2
:1030A000C0B205B0BDE8F0830124B2E70024E1E737
:1030B000B030012037B50423009390F83930022B4B
:1030C00004460D4625D003F0FD03012B01D18DF8F8
:1030D000023094F8DF346946063328468DF8043010
:1030E000FFF758F90544D4E90423284616F038FFC1
:1030F00094F8DF243AB11F2A28BF1F2204F59C61EF
:10310000A81D2AF0C3FA9DF804000230C0B203B033
:1031100030BD43691B0A03F0C003402BD9D1012302
:10312000D5E730B589B007248DF81840B0F82C42A7
:1031300004930323CDE90213002506AB04F04004F9
:103140000192009344F010022B462946CDF8195005
:10315000FFF79AFB09B030BD8A780B8843EA023347
:103160009BB203701B0A43708B8883708B881B0A89
:10317000C370042070470A790B7843EA02234A7827
:10318000920002F0040213438A78D20002F008028F
:103190001343CA78120102F0100213431BB20370EA
:1031A000C3F30723437002207047002303700B789A
:1031B00043704B8883704B881B0AC3708B880371E4
:1031C0008B881B0A4371CB888371CB881B0AC37120
:1031D0000B8903720B891B0A43724B8983724B89DB
:1031E0001B0AC3720C2070474A780B7803EB02234A
:1031F000C3F30B02C3F3013302808370CA788B7868
:1032000003EB02238380042070470B784A78027115
:1032100003F003010170C3F380014170C3F3C001E7
:10322000C3F300138170C370022070474B780370A2
:10323000CA788B7803EB022343804A790B7903EB3E
:1032400002238380CA798B7903EB0223C3804A7AF5
:103250000B7A03EB02230381CA7A8B7A03EB0223F6
:1032600043810C2070478B78CA781B0212049B188C
:103270004A7810B52CBF012400249B180A794FEA24
:10328000026244F100049B184A7942EB0402C0E94F
:103290000032CA798B7903EB02230381082010BD29
:1032A00010B50446481C16F042FEC4E9000109208E
:1032B00010BD4B780370CA788B7803EB02234380F0
:1032C0004A790B7903EB02238380062070478A78C2
:1032D0004B7803EB022303800A79CB7803EB0223BC
:1032E00043808A794B7903EB022383800A7ACB7976
:1032F00003EB0223C3800920704710B58A784B780E
:1033000003EB022303800A79CB7803EB022343808B
:103310008A794B7903EB022383800A7ACB7903EB1A
:103320000223C3804B7A0372CA7A8B7A03EB02239F
:10333000438101F10E030C301A3113F8014C13F8DC
:10334000022C023302EB04228B4220F8022BF4D130
:10335000182010BD4B7803708A7803F007030370C0
:1033600002F0070343700320704710B54A780270DB
:103370008B7843700C79C97802F0070203F00703D9
:1033800001EB0421027043704180052010BD38B567
:103390008B784A7802EB032203460C4623F8022B73
:1033A0000546CA1C153112F8010B03F8010B8A42BD
:1033B000F9D1A27D637D03EB0223AB82227EE37D04
:1033C00003EB0223EB82637E03F00F022A76C3F342
:1033D00000125B096A76AB76A37EEB7604F11B00E4
:1033E00016F0B8FDC5E9080194F8222094F82130C0
:1033F00003EB02232B85232038BD4B7803708B7899
:103400004370CB7883700B79C3708A794B7903EB67
:103410000223C3F30B03D2090271C3800A7ACB796A
:1034200003EB0223C3F30B0303818A7A4B7A03EB8A
:103430000223CA7A03EB0243C3F31303C3604A7B3C
:103440000B7B03EB02238A7B03EB0243C3F31303DF
:1034500003610A7CCB7B03EB022383828A7C4B7C57
:1034600003EB0223C382CB7C03764A7D0B7D03EB07
:1034700002238A7D03EB0243C361CB7D1A0903F06B
:103480000F0380F8212080F820300B7E80F8223056
:103490004B7E80F82330CA7E8B7E03EB022383842D
:1034A0004A7F0B7F03EB02238A7F03EB0243836295
:1034B00091F82020CB7F03EB022391F8212003EB2E
:1034C0000243C36291F8232091F8223003EB0223D8
:1034D0000386242070478A784B7803EB0223CA784E
:1034E00003EB024303604A790B7903EB02238A79E9
:1034F00003EB024343600A7ACB7903EB0223038197
:1035000009207047CB788A781B0403EB02234A78A2
:1035100013440A7903EB026303608A794B7903EB66
:103520000223CA7903EB024343604A7A0B7A03EB26
:1035300002238A7A03EB024383600A7BCB7A03EB94
:1035400002234A7B03EB0243C360CA7B8B7B03EB02
:10355000022303821020704770B50D4604461646BC
:10356000FFF753FE29182D5C6571252D00F28C8024
:10357000DFE815F026006700E1008A008A008A0073
:103580008A00E1007E007F008A008A008C009100A2
:1035900084005A00580098008A008A007900790057
:1035A000A500A300AF00BB008A008A00D400DD00A4
:1035B000DD00E400ED00F600FF001E0123010D0117
:1035C000002E61D004F10800FFF730FE237983421A
:1035D0005AD1A3899A1F92B240F67A418A4201D900
:1035E0001E251DE0217A0029FAD0092B94BF03F192
:1035F000FF3208229142F3DC62899A42F0D8218A94
:10360000A1F10A0292B240F676408242E8D8E289FD
:1036100002FB0333B3EB810FE2DAB2F5FA7FDFD2BC
:10362000284670BD012E2FD0664B1B6A9D072BD5F7
:1036300004F10800FFF761FE2379834224D10025BD
:10364000EEE70EB304F10800FFF70DFE2379834285
:103650001AD1D4E9020131F01F03C1D107F072FA87
:103660000128ECD8BCE704F10800FFF730FEE3E7DF
:1036700056B104F10800FFF713FEDDE7012E03D079
:10368000504B1B6A1807F4D41925C9E704F1080048
:10369000FFF70FFED0E7FF2323724B786372237985
:1036A000022BCBE7474B1B6A5A07EDD54B782372A9
:1036B0008B7863722379032BC0E7012EE4D0414B52
:1036C0001B6A13F4106FDFD004F10800FFF742FE0D
:1036D000B2E7002ED8D03B4B1B6A13F4106FD3D047
:1036E00004F10800FFF741FEA6E7012ECCD0354BD0
:1036F0001B6ADB03C8D54B7823728A782179627202
:1037000003F0070303292372BED1002B3FF468AFF7
:10371000023A232A8CBF1E25002581E7294B1B6A0C
:103720009E01B1D504F10800FFF731FE84E7254B77
:103730001B6A5D01A8D54B782372B0E7214B1B6A49
:103740009800A1D504F10800FFF757FE74E71D4B60
:103750001B6ADA0098D504F10800FFF7BCFE6BE79E
:10376000184B1B6A9B008FD504F10800FFF7CAFEB7
:1037700062E7144B1B6A13F0405F85D04B782372CD
:103780008B786372CB78A3722379042B56E70D4BA9
:103790005B6A13F0040F3FF477AF4B7823728B789A
:1037A0006372CB78A3720B79E3722379052B45E71B
:1037B000044B5B6A13F0020FDFE7024B5B6A13F006
:1037C000020FE8E7B030012070B50E4604461546FA
:1037D000FFF71BFD325C6271033A3318102A3CD8A4
:1037E000DFE802F0092634363B3B3B39363B3B3BB6
:1037F0003B3B3B3D3D0085B3D3F80120A260D3F8AD
:103800000520E260997A5A7A02EB01222282D3F8EB
:103810000B20C4F81220D3F80F20C4F81620D3F8D8
:103820001330C4F81A302379172B16D1002070BD3D
:10383000012D12D0D3F80120A260D3F80520E26058
:10384000D3F80920237922610D2BEEE7012D04D056
:103850002379012BE9E7002DFAD11920E7E7024B84
:103860001B6ADB06F4D4F8E7B030012038B50B4D05
:103870000B4A95F8243003EB83030344044652F8C3
:10388000233003B1984795F82430064A03EB8303AD
:1038900013441B5D85F8243038BD00BF680C01203F
:1038A0004C1107009C11070038B50378074A01EB5B
:1038B0008303044652F823300D4603B1984722781B
:1038C000034B03EB82035B5D237038BD28120700B6
:1038D0006812070038B5094D2B78062202FB030356
:1038E000074A52F82330044603B198472A78054B1B
:1038F000062101FB02331B5D2B7038BDB81E012071
:10390000B01107001012070038B5094D2B780622B8
:1039100002FB0303074A52F82330044603B19847D9
:103920002A78054B062101FB02331B5D2B7038BD45
:10393000D81E0120DC1207001012070038B54378AA
:10394000084A03EB83030B44044652F823300D4628
:1039500003B198476378044A03EB830313445B5D28
:10396000637038BD78120700C812070038B50B4DD8
:1039700095F82730062202FB0303094A52F8233048
:10398000044603B1984795F82720064B062101FB12
:1039900002331B5D85F8273038BD00BF381F01207A
:1039A0003C1307009C1307008378094A70B506266C
:1039B00006FB0313044652F823300D4603B1984723
:1039C000A278044B06FB02335B5DA37070BD00BFA1
:1039D000C81307002814070038B590F82031094AA9
:1039E00001EB8303044652F823300D4603B1984798
:1039F00094F82021044B03EB82035B5D84F82031B3
:103A000038BD00BF4014070080140700012970B5BD
:103A1000044609D98B1E012B1CD80126032919D86D
:103A2000DFE801F0041904190026F7E700250B4B25
:103A300005EB460253F822300BB120469847682325
:103A400003FB0644064B94F8502003EB42035B5DF6
:103A500084F8503070BD0125E9E700BFB4130700BA
:103A6000C4130700F0B54378022B89B004460D4615
:103A70004AD0032B72D0002B4FD12B294DD1FCF70C
:103A8000EDFF2046F2F76AFF6368D90703D53421BA
:103A9000204600F0E9FA6368DA0503D535212046AF
:103AA00000F0E2FA63685B060CD5B4F82C321B2BED
:103AB00004D8B4F82E32B3F5A47F03D936212046BA
:103AC00000F0D2FA2E492F4B08682F491A68201AA5
:103AD0000011484394F84D1192F83C3007910021B1
:103AE0000691D2E91667CDE90467D2E91467CDE9FA
:103AF0000267D2E9126780B2CDE900670832F2F7B7
:103B000043FD022363701FE02B291DD018D82929FB
:103B100021D02946204600F0C1FE4B2D2CD04C2D43
:103B200012D1174B1868184B201A00115843C0B215
:103B300007F08AFF204609B0BDE8F040FBF7E4BE7D
:103B4000A1F14703012BE4D82946204609B0BDE87E
:103B5000F04000F029B8F3F76BFAF5E75129DCD112
:103B6000D0F8603223F00103C0F86032F2F7F9FEBA
:103B7000002384F85032E7E72046F2F7B5FED0E79D
:103B80005821012054210120CF467D67437803222C
:103B90004270022B4FF0000280F8502202D10C300C
:103BA00008F046BE70470000482910B504461AD0F8
:103BB00003D8F9B1472919D010BD4B29FCD183781E
:103BC000012B08D10D4B18680D4B201A00115843DA
:103BD000C0B207F0E9FF2046F2F786FE2046BDE8B6
:103BE0001040FBF791BEF2F7C5FE2046BDE810403D
:103BF000FFF7CCBFF2F7B8FEF7E700BF582101206E
:103C0000CF467D67F0B5437889B004460D46032B57
:103C10000FD8DFE813F01500830004001F012929E5
:103C200007D0A5F14703012B03D92946204601F00F
:103C30005FF82946204609B0BDE8F040FFF7B4BF61
:103C40000B29F6D1FDF766F82046F2F787FE636888
:103C500013F4007F03F0010242D02AB1D4F86422A9
:103C600042F00802C4F86422D80542BFD4F86422A6
:103C700042F00402C4F8642259060ED5B4F82C327E
:103C80001B2B04D8B4F82E32B3F5A47F05D9D4F891
:103C9000643243F01003C4F8643201237549637041
:103CA0000868754B75491A68201A0011484394F842
:103CB0004D1192F83C30079100210691D2E9166728
:103CC000CDE90467D2E91467CDE90267D2E912674A
:103CD0000121CDE90067083280B2F2F755FCA8E770
:103CE0001AB13421204600F0BFF96368DA0503D524
:103CF0003521204600F0B8F963685B060CD5B4F8AE
:103D00002C321B2B04D8B4F82E32B3F5A47F03D980
:103D10003621204600F0A8F90223BFE72C2980D8DD
:103D2000142982D9A1F11503172B3FF67EAF01A20A
:103D300052F823F0A13D04002B3C04002B3C04006E
:103D40002B3C04002B3C04002B3C0400BB3D040036
:103D5000D13D04002B3C04002B3C0400E73D040053
:103D6000133E0400293E04003F3E0400FD3D0400D4
:103D70002B3C04002B3C04002B3C04002B3C040097
:103D80002B3C0400333C04002B3C04002B3C04007F
:103D9000953D0400022343703A21FBF773FF48E787
:103DA000D0F8643243F40073C0F86432D0F8603263
:103DB00043F40073C4F860323BE7D0F8643243F058
:103DC0000403C0F86432D0F8603243F00403F1E732
:103DD000D0F8643243F00803C0F86432D0F860329F
:103DE00043F00803E6E7D0F8643243F01003C0F86C
:103DF0006432D0F8603243F01003DBE7D0F864326D
:103E000043F08003C0F86432D0F8603243F080039E
:103E1000D0E7D0F8643243F40053C0F86432D0F8ED
:103E2000603243F40053C5E7D0F8643243F0200316
:103E3000C0F86432D0F8603243F02003BAE7D0F81B
:103E4000643243F04003C0F86432D0F8603243F08B
:103E50004003AFE751297FF4ECAED0F8603223F095
:103E60000103C0F86032F2F77CFD002384F8503281
:103E7000DFE600BF5821012054210120CF467D6795
:103E800038B50A4D0A4A95F8243000EB83030446FE
:103E900052F8233003B1984795F82420054B03EBE3
:103EA00082031B5D85F8243038BD00BF70210120DE
:103EB00090140700D014070038B50378074A01EBC7
:103EC0008303044652F823300D4603B19847227805
:103ED000034B03EB82035B5D237038BDE0140700E6
:103EE0002015070001EB8101034B114453F82130E9
:103EF00003B11847704700BF501507000139062964
:103F000040D8DFE801F01E0F041927323800022ADA
:103F10000CBF90F80C3290F80D32B3FA83F35B09C2
:103F2000184670478378012B2CD1002AF8D1D0F89D
:103F30001832C3F3C003F3E7D0F81832C3F34013C9
:103F4000EEE78378012B03D1131E18BF0123E7E7A7
:103F5000131FFAE78378002BF6D0042A10D08AB911
:103F6000B0F81A3203F00103DAE7002AF0D1064B69
:103F700093F82330F6E7D0F81832C3F38063CFE725
:103F80000023CDE70123CBE7B03001201FB5104B54
:103F9000104A1B688DF80310C31A1B1153430022EB
:103FA000CDE901229BB203920A22ADF800308DF8D0
:103FB0000220ADF80630D0E9862302A88DF804105F
:103FC00015F0B9FF684606F0E9FD05B05DF804FBA1
:103FD00058210120CF467D67D0F8603201228A4007
:103FE0001A421CD023EA02030D4AC0F8603253790A
:103FF0000D2B05D0112B03D0072B07D01A2300E07F
:10400000537A02290BD11946FFF7C0BF0429F5D115
:10401000D0F8183223F02003C0F8183270477047E8
:10402000E020012010B4D0F8602201248C4014421A
:1040300016D022EA04020329C0F8602208D007291A
:104040000AD002290CD15DF8044B0021FFF79EBF76
:104050005DF8044BF2F70EBC5DF8044BF2F79ABE24
:104060005DF8044B704700002329F8B504465DD87D
:104070000B2901D8002051E10C39CA48CAB20123EA
:10408000934018407CD113F00103F3D0C64B5B7909
:10409000013BDBB21D2B00F24181C44AD65CFF2EEE
:1040A00000F03C81C04B5D796A1E1D2AE2D801A157
:1040B00051F822F0C7420400EF41040075400400AB
:1040C000754004007540040075400400314204004E
:1040D0003743040037430400754004007540040072
:1040E0002143040095420400374304007540040056
:1040F00075400400954204007540040075400400BA
:104100001742040017420400754004007540040083
:1041100075400400314304007540040075400400FC
:104120002B43040047430400474304003439CBB217
:10413000062B9FD806299DD801A353F821F000BF74
:10414000F3410400F3410400F3410400754004000E
:10415000F34104001F4204005D410400D4F86832BA
:104160006278002B0CBF01260226032A82D013F0AE
:10417000010500F0928023F00103C4F8683236E0B4
:1041800017293FF677AF01A353F821F02D42040021
:10419000754004007540040075400400754004003B
:1041A000754004007540040075400400754004002B
:1041B000754004003F430400ED41040075400400D5
:1041C0007540040075400400354304001F4304009B
:1041D0007540040075400400154204007540040059
:1041E0002F43040029430400454304000026002512
:1041F00069E004293FF63EAF01A353F821F000BF68
:10420000254304003B4304001B42040075400400A6
:104210004B4304000026042555E00126FBE794F8F3
:104220005E520626FF2D3FF425AF4CE0002639E70D
:104230001D7A6B1E142B3FF61DAF01A252F823F01E
:10424000C7420400EF4104007540040075400400BB
:1042500075400400754004007540040037430400B5
:1042600037430400754004007540040021430400F6
:104270007540040037430400754004007540040095
:1042800075400400754004007540040017420400A6
:104290001742040094F85E52C4E7D4F8642212F086
:1042A00001000CD14FF0010C0CFA00F717EA0301E2
:1042B000C5B213D023EA0703C4F8683203E022F042
:1042C0000102C4F8642294F85032002B3FD0012B35
:1042D00000F09280002D00F0D880C3E00130082863
:1042E000E2D1012707FA01F313EA0200CDB212D09E
:1042F00022EA030294F85A32C4F86422012BE2D174
:10430000002284F85A2294F855220AB184F85032D7
:1043100084F85E52D7E701310829E3D1F8BD0026C1
:104320000325D0E70126FBE700260625CBE700267C
:104330000525C8E700260225C5E70126FBE700267C
:104340000125C0E700260725BDE701264FE7012E1E
:104350000ED02DD8002EBDD1D4F860320122AA4053
:104360001343C4F86032324629462046FFF7BAFDAF
:10437000324629462046FFF7C1FD002800F08C8018
:10438000012229462046FFF7ADFD2046F2F78CFDBD
:1043900084F85E52012384F8553284F85032002D9F
:1043A00077D05FE0008CE900E020012030150700A5
:1043B000B31E022B8ED8324629462046FFF79EFDBB
:1043C000A0B1022E04D0022229462046FFF78AFD22
:1043D0006F4B142202FB0533DB6813B1204698476C
:1043E00078E784F85E5284F85732D3E700221A2126
:1043F0002046F2F703FD6DE7072E3FF66BAF01A3F2
:1044000053F826F02544040025440400D542040056
:10441000A344040051450400D5440400E7440400CB
:10442000E7440400324629462046FFF767FD98B36B
:1044300036B9D4F860320122AA401343C4F860327E
:1044400094F85E32AB4206D0D4F864320122AA401E
:104450001343C4F8643226B9324629462046FFF792
:1044600041FD0DB1012059E7D4F8643223F0010376
:10447000C4F86432D4F8683243F00103C4F86832F7
:10448000012229462046FFF72DFD94F85E32002BCD
:1044900079D103236370E5E729462046FFF79CFDA9
:1044A00018E794F85E32AB4214D003222946204626
:1044B000FFF724FD00283FF40DAF022229462046D5
:1044C000FFF710FDD4F868320122AA401343C4F864
:1044D0006832FFE694F85E32AB4219D104222946D5
:1044E0002046FFF7FFFC072E294620462DD1FFF777
:1044F00073FD2046F2F7EAFCFF2384F85E320023C6
:1045000084F8553284F850322046F2F7E7FCE1E6B1
:10451000D4F864320122AA401A423FF4DBAE23EA07
:104520000203C4F8643294F85A32012B08BF002306
:104530002946204608BF84F85A320422FFF7D2FCED
:1045400029462046FFF76EFDC4E6FFF76BFDD0E776
:10455000022229462046FFF7C5FC94F85E320B2B59
:10456000B0D00B4B142202FB0533DE68002EA9D01D
:10457000042229462046FFF7C1FC00283FF436AF4D
:104580002046B047A6E6D4F86832DB0781D469E755
:104590005015070090F85E02023802288CBF0020F8
:1045A0000120704790F85332094A70B50B2606FB7C
:1045B0000313044652F823300D4603B1984794F88C
:1045C0005322044B06FB02335B5D84F8533270BD0B
:1045D000F0150700A01607000C21F2F74FB80122D2
:1045E0002321F2F70BBC10B50446F2F76FFC20460E
:1045F000BDE81040F2F7D4BC10B50123044680F8A2
:104600005632F2F763FC2046F2F7C6F92046BDE8C1
:104610001040F2F7C5BC10B5012380F85632437A3A
:1046200023F0010304464372F2F750FC2046F2F7F0
:1046300005FA2046BDE81040F2F7B2BC427A42F0DB
:1046400001024272F2F712BA10B5437A43F0010345
:1046500004464372F2F792F92046BDE81040F2F7A3
:1046600005BAD0F8603213F4007310B504460ED1C9
:10467000C0F8603294F8563283B1002384F8563281
:1046800020460122BDE810403B21F2F7B7BB0023D2
:10469000C0F860323B21F1F7F1FFEBE710BD10B538
:1046A00004461822002100F5217029F017F8D4F8EB
:1046B00018329B0707D52046F2F7C2F92046BDE81D
:1046C0001040F2F7F1BB20463B21BDE81040FBF75C
:1046D000D9BA10B5D0F8603243F400730446C0F87C
:1046E0006032F1F7A5FF2046BDE81040FFF7D7BFC5
:1046F0003C2970B5044608D8382908D81D2963D04C
:104700000CD80C290ED0152960D000252FE03A399D
:10471000022941D8DFE801F046375C001E29F4D1B8
:1047200002211EE05C4B5979CA1F0A2AEDD801A06C
:1047300050F822F0734704000B4704000B470400B5
:104740000B4704000B4704000B4704008747040095
:104750000B47040061470400D54704009347040059
:10476000032194F85052BDB3012D45D001252846B0
:1047700070BD1B7A0F2BC8D1D4F8183223F0020376
:10478000C4F81832EDE794F85E32092BBDD1072149
:10479000E7E71B7A0F2BF9E790F85E32092BB4D1CB
:1047A0000621DEE7D0F86432B3F5007F4FF0000554
:1047B00003D1C0F864520821D3E7B3F5806FD6D196
:1047C000C0F864520921CCE70121CAE70021C8E7FB
:1047D0000A21C6E70421C4E72046FFF7E3FE94F868
:1047E0005332002BC2D00123092284F8503284F8BE
:1047F0005E2284F85752B9E7032915D194F85E3246
:10480000042B0FD8012B0FD9D4F86422012000FA11
:1048100003F31A430923C4F8642284F85E3284F84F
:104820005A0201E0072BEFD094F85E32092B16D123
:104830002046FFF7B7FE94F85362002E96D120462B
:10484000F2F744FB637A84F8506223F00103637249
:10485000FF2384F85E322046F2F740FB87E799B1E8
:10486000032983D10B2B09D12046F2F787F8D4F81E
:10487000643243F48063C4F8643278E701222A2169
:104880002046F2F7BBFA72E72046F1F7D1FED4F8E2
:10489000643243F40073EEE7E02001201C2970B578
:1048A00004460D4606D190F80D321BB1BDE87040AC
:1048B000F1F7E0BF244E3368ABB97368CBB9B36886
:1048C000EBB9F3680BBB33692BBB73694BBBB369A3
:1048D000002B2CD1F369002B2FD129462046BDE8AF
:1048E000704000F0DBB92946204698470028E4D004
:1048F00070BD2946204698470028E0D0F8E72946B1
:10490000204698470028DCD0F2E729462046984701
:104910000028D8D0ECE72946204698470028D4D074
:10492000E6E72946204698470028D0D0E0E7294608
:10493000204698470028CDD0DAE7294620469847F8
:104940000028CAD0D4E700BFE02E012038B590F887
:104950005332094A01EBC303044652F823300D4693
:1049600003B1984794F85322044B03EBC2035B5DF9
:1049700084F8533238BD00BFCC1607004C1707002F
:1049800001222321F2F73ABA10B5437A23F001034A
:104990004372064B1B68044619790122F2F72EFA7E
:1049A0002046BDE81040F2F791BA00BF5421012023
:1049B000D0F86022910506D522F40072C0F860227A
:1049C0000021F1F75BBE7047014B597AF1F756BEF3
:1049D000E02001200C21F1F751BE10B5437A23F0FD
:1049E000010304464372F2F737F82046BDE8104051
:1049F000F2F75ABA10B50446F2F768FA2046BDE855
:104A00001040F1F721BE10B50446F1F7B7FF637A05
:104A100043F0010363722046BDE81040F2F726B868
:104A2000FFF7F1BFD0F86022094922F40072C0F804
:104A300060224A790D2A034605D0112A03D0072A9D
:104A400005D11A2101E0497A1846F1F717BE7047DF
:104A5000E0200120D0F818329B0710B5044606D597
:104A6000F1F7EEFF2046BDE81040F2F71DBA1A211B
:104A7000F1F704FE20463921BDE81040FBF702B9EA
:104A800010B5D0F8603243F400730446C0F86032C9
:104A9000F1F7CEFD2046BDE81040FFF7DBBF000078
:104AA0001E2970B504465DD007D815295CD01D2994
:104AB0005CD00C2909D0002505E039293DD03A29E0
:104AC0004FF000053FD0284670BD734A5379002B44
:104AD0004ED0073BD9B20A29EDD80A2BEBD801A159
:104AE00051F823F0114B0400B74A0400B74A040000
:104AF000B74A0400B74A0400B74A0400274B040031
:104B0000B74A0400754B0400B74A0400314B040057
:104B1000137A0F2BCFD1D0F8183223F00203C0F84C
:104B20001832052617E090F85E32092BC3D1F8E75A
:104B3000137A0F3B012BBED8F3E790F85E32092BB6
:104B4000B9D1062607E0D0F86432B3F5007FBAD1B8
:104B5000C0F86452072694F850526DB1012D1CD054
:104B60000125B0E70326F6E70026F4E70226F2E780
:104B70000426F0E70126EEE731462046FFF7E6FE81
:104B800094F85332002BEBD00123092284F85032E1
:104B900084F85E2284F85752E2E76FF01203334143
:104BA000DB0717D494F85E32072B03D010D89A1E77
:104BB000022A0FD8D4F86422012101FA03F31A4320
:104BC0000923C4F8642284F85E3284F85A1201E0A2
:104BD0000D2B1BD094F85E32092B21D13146204693
:104BE000FFF7B4FE94F85362002EB9D12046F2F7D5
:104BF0006DF9637A84F8506223F001036372FF2336
:104C000084F85E322046F2F769F95CE7D4F8643242
:104C100043F40053C4F86432092384F85E32D9E7C0
:104C2000052E9DD801A353F826F000BF5F4C040069
:104C3000514C0400614B0400614B0400454C0400DE
:104C4000734C040000222A212046F2F7D7F83AE7F5
:104C500001222A212046F2F7D1F8354633E72046D3
:104C6000F1F7E6FCD4F8643243F40073C4F864321C
:104C700029E7D4F8643223F40073C4F8643294F85A
:104C8000533213B1002384F85332034B2046597A30
:104C9000F1F7F4FC17E700BFE0200120492910B527
:104CA000044614D004D80D2907D00E2909D010BD10
:104CB0005129FCD1F1F755FE0BE0BDE81040F2F7A9
:104CC00089B8BDE8104000221E21F2F797B8F1F72D
:104CD0004EFE637803226270022B4FF0000284F8CC
:104CE0005022E4D104F10C00BDE8104007F0A0BD53
:104CF0001C2970B504460D4606D190F80D321BB143
:104D0000BDE87040F1F7B6BD244E3368ABB97368A7
:104D1000CBB9B368EBB9F3680BBB33692BBB7369D1
:104D20004BBBB369002B2CD1F369002B2FD1294643
:104D30002046BDE87040FFF7B1BF2946204698479E
:104D40000028E4D070BD2946204698470028E0D0CE
:104D5000F8E72946204698470028DCD0F2E72946A4
:104D6000204698470028D8D0ECE7294620469847A7
:104D70000028D4D0E6E72946204698470028D0D01E
:104D8000E0E72946204698470028CDD0DAE72946B3
:104D9000204698470028CAD0D4E700BF002F012042
:104DA00090F85E32092B05D190F85302831E5842C9
:104DB000584170470020704790F85302C31E584274
:104DC0005841704710B50446F2F738FD2046F2F717
:104DD0004FFD2046F2F7C4F82046F2F709FE2046C0
:104DE000F2F7F0FE2046BDE81040F2F75DB810B5CE
:104DF0000446F2F723FD2046F2F73AFD2046F2F78B
:104E0000E1FE2046BDE81040F2F74EB810B504466A
:104E1000F2F7DFFD2046BDE81040F2F745B810B5C7
:104E20000446F2F75EF82046F2F78CF8012384F886
:104E30000B3210BD10B50446F2F753F82046BDE81A
:104E40001040F2F77FB810B50446F2F73FF820465D
:104E5000F2F74CF82046F2F787F894F80B12204648
:104E600029B1F2F73BFE002384F80B3210BDF2F7B4
:104E700013FEF8E710B50446F2F728F82046F2F7DB
:104E800035F82046F2F770F8064B5A79072A14BF16
:104E9000597A1A212046F2F7FFFD002384F80B32DD
:104EA00010BD00BFE02001200C21F2F7F5BD10B5C8
:104EB0000446F2F7ADFC2046F2F7C4FC2046F2F7B8
:104EC00079FD2046BDE81040F1F7EEBF10B504466D
:104ED000F1F7FCFF2046F2F765FE2046F2F708FDE9
:104EE0002046F2F73DF82046BDE81040F1F7DCBF60
:104EF00038B590F851320A4AC3EBC3030B44044659
:104F000052F823300D4603B1984794F85132054AC0
:104F1000C3EBC30313445B5D84F8513238BD00BF5B
:104F20006C1707004C18070070B590F89A41012CD7
:104F300005460E4616D10C2907D0A1F10D03012B11
:104F400010D8F2F709FD204670BD524B5A79112A4C
:104F500003D8514BD340DB0704D42846F2F7FCFCBE
:104F60000024F0E795F850322BB1012B08D195F8C9
:104F70005E320B2B04D0182E02D12846F2F7EAFD40
:104F8000464B1C6A14F00104DDD02A2E47D005D808
:104F90000C2E0FD0182EE3D1002130E03A2EDFD1B5
:104FA000D5F8643213F40064CDD023F40063C5F85F
:104FB0006432F1E7374A5379043B0D2BD0D801A175
:104FC00051F823F02F5004002B500400FD4F040033
:104FD00019500400614F0400614F0400614F040048
:104FE00033500400614F04000D500400614F040071
:104FF000614F0400614F040019500400032195F82B
:105000005042C4B1012C26D001249CE795F85E32B1
:105010000B2BA5D10621F2E7137A032BF9E795F8BC
:105020005E320B2B9CD10521E9E70221E7E7012144
:10503000E5E70421E3E72846FFF75AFF95F85132E8
:10504000002BE1D0052BDFD00B23012485F85E3245
:1050500085F8504277E795F85E320B2B06D0D5F8ED
:10506000643243F40063C5F864326CE72846FFF706
:105070003FFF95F85132052B01D0002BC4D1FF23FF
:1050800085F85E32002385F850322846F1F726FF76
:1050900059E700BFE0200120F4280200B0300120D1
:1050A00038B590F851320A4AC3EBC3030B440446A7
:1050B00052F823300D4603B1984794F85132054A0F
:1050C000C3EBC30313445B5D84F8513238BD00BFAA
:1050D000841807004819070010B50446F2F788FC49
:1050E0002046BDE81040F1F7DFBE10B50446F2F7E8
:1050F000BFFB2046F1F7F5FE2046F1F731FF2046D1
:10510000F1F720FF012384F80B3210BD10B50446DF
:10511000F1F7E7FE2046F1F723FF2046BDE81040F7
:10512000F1F710BF10B50446F1F7D0FE2046F2F7B4
:105130006FFB2046F2F73EFC2046F1F7D7FE2046F3
:10514000F1F712FF94F80B12204629B1F2F7C6FCD2
:10515000002384F80B3210BDF2F79EFCF8E710B57F
:10516000437A044623F002034372F1F7AFFE94F84A
:105170000B226AB906212046F1F740FE2046F1F7DE
:10518000B5FE2046F1F7F0FE002384F80B3210BD87
:105190002046F2F7A9FB38212046FEF765FFEDE730
:1051A00010B5437A23F0020304464372F2F78CFBF6
:1051B0002046F2F79DFB2046F2F744FB2046F2F72B
:1051C000EAFB2046BDE81040F1F76EBE10B504467C
:1051D000F2F734FB2046F2F74BFB2046F2F74CFB8C
:1051E0002046F2F7BCFB2046F1F75EFE637A43F0FF
:1051F000020363722046BDE81040F2F727BC0000AE
:1052000010B590F85232044613B1012B20D010BDD6
:105210000429FCD801A353F821F000BF3152040047
:105220005D5204000F520400315204004352040046
:10523000F2F7EDFB2046F1F737FE012384F85232F6
:10524000E5E7F2F767FC2046BDE81040F2F77CBCCA
:10525000022908D004290AD00129D8D12046BDE866
:105260001040F2F7E3BBF1F731FE0023E6E7BDE8BB
:105270001040F2F74FBC00BF70B590F89A51012D65
:10528000044616D10C2907D0A1F10D03012B10D82B
:10529000F2F762FB284670BD4A4B5A79112A03D8AF
:1052A000494BD340DB0704D42046F2F755FB0025D9
:1052B000F0E7464B1D6A15F00105EBD01A2935D0F1
:1052C00005D80C290BD01929F1D1042623E02A296D
:1052D000EDD194F85E320B2BE9D106261BE0394B59
:1052E0005B79033B082BE2D801A252F823F000BF00
:1052F00029530400AF520400AF52040025530400A8
:10530000AF520400AF520400AF5204001553040022
:1053100031530400022694F850525DB1012D19D08A
:105320000125B7E70126F6E70026F4E70526F2E7B0
:105330000326F0E731462046FFF7B2FE94F85132DB
:1053400013F0FB0FECD00B23012584F85E3284F8B8
:1053500050529FE756BB2046FFF722FD08B394F852
:105360005E3201229A40D4F864321343C4F86432A6
:105370000B2384F85E3231462046FFF791FE94F805
:10538000513213F0FB03CBD1627A84F8503222F011
:1053900002026272FF2284F85E222046F1F79EFD2F
:1053A00078E72046FFF7F6F80028D8D194F85E3267
:1053B0000B2BE0D0D4F8643243F40063C4F86432B9
:1053C00068E700BFE02001204C2C0200B030012033
:1053D00038B5304B1B6A03F01004DB06054629D5AF
:1053E000532929D005D80C2907D03A2912D00024F6
:1053F00020E05429FBD1042116E0274A5379122BCF
:105400001CD0132B04D0072BF1D1137A122BEED121
:10541000022109E0D0F8643213F480540AD023F456
:105420008053C0F86432002195F8504244B1012CF9
:1054300014D00124204638BD0321F5E70121F3E70C
:105440002846FFF7DDFE95F85232002BF1D00C23F1
:10545000012485F85E3285F85042EBE795F85E321C
:105460000C2B06D0D5F8643243F48053C5F864326F
:10547000E0E72846FFF7C4FE95F85232002BD8D15A
:10548000FF2285F85E2285F850322846F1F726FD86
:10549000D0E700BFB0300120E020012038B590F8FF
:1054A0005432094A01EBC303044652F823300D4637
:1054B00003B1984794F85422044B03EBC2035B5D9D
:1054C00084F8543238BD00BF7C1907001C1A07004D
:1054D00001222321F1F792BC0C21F2F71BBE10B57B
:1054E0000446F2F795FD2046BDE8104000F008BAEA
:1054F00010B5D0F8603243F400530446C0F860326F
:10550000F2F774FD2046BDE8104000F0F9B92DE92E
:10551000F0419DF81880044648EA03001E4601EA5F
:10552000080502EA030700F05CFA864204D1B045A0
:1055300002D1B8F1000F02D163681B0601D53D40CE
:105540002F46284600F04DFA0546384600F049FA45
:1055500094F84430022B064603D0032B14BF0123DA
:1055600004239D4208BF002594F84530022B03D048
:10557000032B14BF012304239E4208BF002632469A
:1055800029462046F2F794FD65B91EB93921204617
:10559000FAF778FB2046FAF78EFE2046BDE8F04188
:1055A000F1F7A4BC29462046FAF782FEF5E773B569
:1055B00090F83C3290F83D5290F83E62DA0704468B
:1055C00002D500F019FA054694F83C329B0702D543
:1055D00000F012FA064694F8B1320093204694F88F
:1055E000B03232462946FFF792FF204602B0BDE8AE
:1055F0007040F1F76BBC000013B5084B5A7A00926B
:1056000090F8B12290F8B0121B7A0446FFF77FFFA2
:10561000204602B0BDE81040F1F758BCE020012060
:105620002A2970B5044649D005D80C2911D0202963
:1056300059D0002537E0392946D03A29F9D1D0F898
:1056400064329A0446D523F40053C0F8643205212D
:1056500023E0594A5379072B2DD00D3BD9B20A29A3
:10566000E7D80A2BE5D801A151F823F0AB56040086
:10567000335604003356040033560400B756040072
:1056800033560400335604003356040033560400E6
:1056900099560400EB560400022194F8505235B399
:1056A000012D34D00125284670BD90F85E320D2BB7
:1056B000BFD10321F1E7137A162BF9E790F85E3298
:1056C0000D2BB6D10721E8E790F85E320D2BB0D153
:1056D0000421E2E713F48045E5D023F48043C0F8C9
:1056E00064320621D9E70021D7E70121D5E720461A
:1056F000FFF7D4FE94F85432002BD3D001230D22AF
:1057000084F8503284F85E2284F85752CAE702299E
:1057100015D194F85E32042B0FD8012B0FD9D4F891
:105720006422012000FA03F31A430D23C4F8642213
:1057300084F85E3284F85A0201E0072BEFD094F827
:105740005E320D2B12D12046FFF7A8FE94F854626A
:10575000002EA7D12046F1F7B9FBFF2384F8506251
:1057600084F85E322046F1F7B9FB9CE7B1B102291B
:1057700098D1012B02D0093B012B05D801222A2107
:105780002046F1F73BFB8EE72046F2F741FCD4F8C8
:10579000643243F48043C4F8643284E72046F2F76D
:1057A00025FCD4F8603243F40053C4F86032D4F8D6
:1057B000643243F40053EEE7E0200120022803D0D6
:1057C000032814BF012004207047000038B590F86A
:1057D00054320C4AC3EBC3030B44044652F8233043
:1057E0000D4603B1984794F85432074AC3EBC303FC
:1057F00013445B5D84F854325A1F5342534184F87A
:105800005D3238BD441A0700EC1A07000C21F2F78C
:1058100081BC000070B50446FAF74DFDD4F8603243
:105820009E046AD523F40053C4F860320021204658
:10583000F2F770FC94F84450B4F83032B4F83212F5
:10584000B4F83422B4F83602022D1DD0032D1ED038
:10585000012D20D10E32D2008242A8BF024692B260
:1058600094F84560022E18D0032E19D0012E42D193
:105870000E33DB008B42A8BF0B469BB2B3F5A47F6F
:1058800038BF4FF4A47317E00F329200E4E792019F
:1058900002F57472E0E70022E2E70F339B00E9E7CC
:1058A0009B0103F574738B42A8BF0B469BB2B3F503
:1058B000296F38BF4FF42963032DA4F8323214D175
:1058C000B2F5296F38BF4FF429620C4DA4F8362287
:1058D0002D6AAD0611D5904201D199420DD02046D6
:1058E0000021BDE87040F1F73DB9B2F5A47F38BFA3
:1058F0004FF4A472E9E70023C0E770BDB030012087
:1059000010B50446F1F7EDFA2046BDE81040F1F776
:1059100019BB000010B50446F1F7D8FA064B1B89F5
:105920002BB920463921BDE81040FAF7ABB9204623
:10593000BDE81040F2F774BBE020012010B504462A
:10594000F2F766FB2046BDE81040FFF7D9BFFFF72E
:10595000F5BF10B5D0F8603243F400530446C0F8E8
:105960006032F2F743FB2046BDE81040FFF7C8BFA6
:1059700010B50446F1F7AAFAD4F860329A0413D5A8
:105980000A4A23F40053C4F8603253790D2B05D032
:10599000112B03D0072B07D11A2100E0517A2046A2
:1059A000BDE81040F2F7B6BB10BD00BFE0200120FB
:1059B00010B50446FAF77FFCD4F860329A040FD58C
:1059C00023F40053C4F8603294F8983143B16378FB
:1059D000032B05D020460021BDE81040F2F79ABB0A
:1059E00010BD830706D410F0010301D100F00403B9
:1059F000184670470223FBE7054B1B6ADA054CBFCC
:105A0000032001201B0548BF40F00400704700BF81
:105A1000B03001202DE9F8430546C8079DF82090D5
:105A2000147893F8008017461E4602D5FFF7E4FF6E
:105A300004468A0702D5FFF7DFFF80466B681B0626
:105A40000ED504EA080414F0FF040ED195F84400C2
:105A5000FFF7B4FE044695F84500FFF7AFFE804619
:105A60003C7086F80080BDE8F88314EA090008BF9E
:105A70002046FFF7B6FF04468046F1E710B590F8E0
:105A80003C1201F00303032B86B0044608D1F1F762
:105A90002DFA3921204606B0BDE81040FAF7F2B8D9
:105AA00090F83D328DF8163090F83E328DF8173070
:105AB000002300930DF116020DF11703FFF7AAFF63
:105AC00094F84400FFF77AFE9DF81610884209D139
:105AD00094F84500FFF772FE9DF81730834201D11C
:105AE0002046D4E720460391FAF7E2FB2046F1F77F
:105AF000FDF920469DF817200399F2F7AFFA2046EA
:105B000006B0BDE81040F1F7CFB910B586B090F8F7
:105B10003D328DF8163090F83E3290F8B1228DF873
:105B2000173090F8B0321340009304460DF117037C
:105B30000DF1160290F83C12FFF76CFF9DF816105D
:105B400003912046FAF7B4FB2046F1F7CFF920463F
:105B50009DF817200399F2F798FA204606B0BDE8A1
:105B60001040F1F7A1B900002A2970B5044644D0CD
:105B700005D80C290BD0202954D0002505E039295F
:105B800041D03A294FF0000543D0284670BD644A01
:105B90005379072B2ED00D3BD9B20B29EDD80B2B07
:105BA000EBD801A151F823F0E95B04007B5B040012
:105BB0007B5B04007B5B0400F55B04007B5B040003
:105BC0007B5B04007B5B04007B5B0400D95B04000F
:105BD0007B5B0400295C0400022194F850522DB331
:105BE000012D33D00125D0E790F85E320D2BC4D1C2
:105BF0000321F2E7137A162BF9E790F85E320D2BAA
:105C0000BBD10621E9E790F85E320D2BB5D1042116
:105C1000E3E7D0F86432B3F5005FB6D1C0F8645260
:105C20000521DAE70021D8E70121D6E72046FFF772
:105C3000CDFD94F85432002BD4D001230D2284F8EA
:105C4000503284F85E2284F85752CBE7022917D1EC
:105C500094F85E32072B03D010D89A1E022A0FD870
:105C6000D4F86422012000FA03F31A430D23C4F888
:105C7000642284F85E3284F85A0201E0092B16D0BF
:105C800094F85E320D2B1CD12046FFF79FFD94F84F
:105C90005462002EA6D12046F1F718F9FF2384F8AC
:105CA000506284F85E322046F1F718F96DE7D4F8B7
:105CB000643243F40073C4F864320D2384F85E3216
:105CC000DEE7022913D0032917D000298AD1204604
:105CD000F2F78CF9D4F8603243F40053C4F8603220
:105CE000D4F8643243F40053C4F864324DE701221F
:105CF0002A212046F1F782F847E7D4F8643223F4EA
:105D00000053C4F8643294F8543213B1002384F879
:105D10005432034B2046597AF2F7FCF935E700BFBD
:105D2000E020012038B505460C460F20042101F083
:105D3000D1F958B12B88837001221B0A047042707C
:105D4000C370BDE83840023801F0B0B938BD00007A
:105D50007FB5064642F21F0334889C42084600F293
:105D60008580B4F5005F15D840F663439C4200F08F
:105D7000DA805AD840F601439C4200F0CD8040F6CC
:105D800003439C4200F0E880002C00F09280002049
:105D900004B070BDA4F50054013C1E2CF7D801A33B
:105DA00053F824F0335F0400935F0400A95E0400FD
:105DB0008F5D0400AD5E04008F5D04008F5D040004
:105DC0008F5D04008F5D04008F5D04008F5D040013
:105DD0008F5D04008F5D04008F5D0400215E040070
:105DE000FF5E0400055F04000F5F04008F5D040088
:105DF0008F5D04008F5D04008F5D04008F5D0400E3
:105E0000A95E04008F5D04008F5D04008F5D0400B7
:105E1000A95E0400735F04007D5F04009B5F0400C3
:105E20000220002446E04120FBE704F56F43FF33E6
:105E30009BB2082BABD8A4F58054013C082CA6D803
:105E400001A353F824F000BFA95E0400275E0400FC
:105E5000A95E04008F5D04008F5D04008F5D040067
:105E60008F5D04008F5D0400975F040042F24D03D4
:105E70009C4264D00AD842F24B039C4200F08D80D1
:105E800042F24C039C4282D10520CAE742F25F03F2
:105E90009C427AD042F274039C427FF478AF4978F6
:105EA000007802F065FD03E00920BAE702F08EFCFD
:105EB00004460120318801F04DF90546002856D0EE
:105EC000338842F21F02934200F2BC80B3F5005FB8
:105ED00065D841F20902934200F2BD80B3F5805FBC
:105EE00000F2A48040F60142934206D040F663429D
:105EF000934202D0002B40F0AE802C70ABE002F059
:105F0000D7FCD5E711F8010B02F0DEFCD0E711F861
:105F1000010B02F003FDCBE714F009F8974BC3E93E
:105F2000000101207DE714F002F8944BC3E902015F
:105F3000F7E713F0FCFF914BC3E90401F1E7CB78DD
:105F4000897801EB03214378007800EB032009B244
:105F500000B202F023FDABE702F0B6FB874B002056
:105F60000021C3E90001C3E90201C3E904010120E2
:105F70000EE70021007804F0BDF899E78A780078F0
:105F80004978002304F012F892E7087803F09EFCA9
:105F90008EE7042045E7072043E7032041E7A3F508
:105FA0000053013B1E2B56D801A252F823F000BF2C
:105FB000FB5E0400036104001961040057600400E3
:105FC000FB5E040057600400576004005760040043
:105FD00057600400576004005760040057600400D5
:105FE000576004005760040089600400FB5E0400F1
:105FF000FB5E0400FB5E0400576004005760040071
:106000005760040057600400576004007D6004007E
:1060100057600400576004005760040023610400C7
:10602000FB5E0400FB5E04005F610400A3F5805387
:10603000013B082B0FD8DFE803F02C47580E0E0E5B
:106040000E0E5F0042F24C02934276D007D842F225
:106050004B0293426AD0681F01F028F887E742F2AA
:106060005F0293423FF449AF42F2740293423FF41D
:1060700044AF42F24D029342EDD13EE700F8014BAE
:1060800008211CF0ABF9E6E7047002F00FFC687021
:10609000E1E702AA0DF105010DF1060002F0E8FBAF
:1060A0002C709DF805206A70BDF808309DF8081026
:1060B000A9701B0AEB702A71BDF806206A71120ADA
:1060C000AA71E9712B72C6E74122002127F006FB75
:1060D0002A462B4B02F8014B03F1400153F8040B05
:1060E00042F8040B8B42F9D1B5E700F8014B0022CE
:1060F000602313F020FFAEE700F8014B02F05EFBD7
:10610000A9E703F09FFB064603F0A2FB6E70360A78
:106110002C70AE70E8709EE700F8014B02F0BEFBF9
:1061200099E700F8014B02F0B1FB94E7014601301A
:1061300001F8024B02F02EFC8DE702A90DF10600DA
:1061400002F02AFC2C70BDF806306B709DF9073008
:10615000AB70BDF90830EB701B122B717BE700238D
:1061600002A8CDE9023303F0CBFF2870BDF80A3056
:106170006B70BDF80A301B0AAB706CE7202F012052
:106180002930012073B5068842F20B02964204467C
:106190000B4606D042F20C02964229D0002002B0F3
:1061A00070BD0A788DF8042089785A7802EB0122B4
:1061B000ADF800201979DA7802EB0122ADF802205F
:1061C00068465A799B798DF805208DF8063002F0E3
:1061D00015FC21880546012000F0BCFF30B1228863
:1061E000B24208BF0570053800F060FF0120D6E715
:1061F0004978187802F054FCF8E700002DE9F041E6
:106200000388A3F50153013B86B005460C46092BD4
:1062100000F2C880DFE803F00550C660888B93A0C9
:10622000ADB00878A27849788DF80000E31C00240E
:106230008DF801108DF8022026464FF0060E42FA26
:1062400006F7FF0718D506AF0EFB047793F800C0DA
:1062500093F8028007F810CC93F801C00CEB082CDF
:1062600027F814CC93F8048093F803C00CEB082CA7
:1062700027F812CC053301340136082E01D0032C47
:10628000DDD101AB02F038FC04460120298800F082
:1062900061FF0646F0B12B8842F2490293426ED864
:1062A00042F24402934205D803F55F43BF339BB2E9
:1062B000012B68D8347066E04A790B79C978207868
:1062C00003EB0223A27802EB01229BB2617892B227
:1062D00002F092FC012066E04B788DF801308B785B
:1062E0008DF80230CB1C0A780193897A637A8DF895
:1062F000002003EB0123ADF80830217BE37A9207FD
:1063000003EB0123ADF80A3004D5284B93F84D3048
:106310009B0607D5684602F0BDFC01462846FFF7FC
:1063200001FDD7E73E21F9E702F012FDACE74B781B
:10633000087800EB032080B202F026FDA4E70B46AC
:10634000684613F8012B0193CB798DF800208DF866
:10635000083002F043FD97E70B46684613F8012B1F
:106360000193CB798DF800208DF8083002F06CFD98
:106370008AE702F093FD87E70220002486E742F2D5
:106380004A02934203D0701F00F090FEA2E7002360
:1063900068468DF8003002F097FD30709DF80030AF
:1063A0007370F0E7002006B0BDE8F08104300120F2
:1063B000038873B50A4642F22E018B4206460ED878
:1063C00042F226018B420ED9A3F50053273B072B3F
:1063D00009D8DFE803F00B272D430808303442F2D8
:1063E0004E018B4233D0002002B070BD114602F145
:1063F000170311F8010B073204F0DEF904460120FF
:10640000318800F0A7FE0546B0B3338842F22A0275
:10641000934238D025D8A3F50053273B022B28D828
:106420002C7026E0114611F8010B04F0FBF9E5E7AA
:1064300004F022FAE2E7107804F086FADEE75378F7
:10644000107800EB032080B204F09EFAD6E71146E4
:10645000D27911F8010B04F0A5FACFE7022000244D
:10646000CEE742F22E02934208D842F22C02934227
:10647000D6D8681F00F01AFE0120B5E742F24E029E
:106480009342CDD0F5E700240DF107008DF80740C9
:1064900004F010FA9DF807306B702870AC70E8E7D4
:1064A000F0B50388A3F50053063B89B00646042BDC
:1064B0006CD8DFE803F02256031D510011F8010BE0
:1064C00002F08EFD04460120318800F043FE0546AF
:1064D000002844D0338842F2070293424BD043D87D
:1064E00042F20602934244D0681F00F0DFFD36E01E
:1064F00011F8010B02F096FDE4E74B780878D1F82B
:1065000007708C78CDF8177000EB0320CB78B1F8CA
:106510000B700A798D79ADF81B7004EB03244F7B67
:106520004B79897B8DF81E10A4B2CDE902710DF173
:106530001701CDE9005180B22146ADF81000ADF849
:1065400012408DF814208DF815308DF816508DF806
:106550001D7002F0D7FCB5E7087802F085FD012038
:1065600015E002200024AFE7A3F50053083B012B00
:10657000BAD82C70B8E7002304A88DF8103002F0C8
:10658000AFFC28709DF810306B70ADE7002009B0AB
:10659000F0BDF0B50388A3F50053353B8DB006463A
:1065A0000C460B2B00F2FF80DFE813F01000180000
:1065B0006C0078008200D5000C00AA00AE00B1008B
:1065C000C900D000FF270220002546E011F8017B1A
:1065D000384602F095FD054601203EE08A784B786A
:1065E0000F7803EB0223ADF80C300A79CB7803EB7C
:1065F00002234A7903EB02430493CA798B7903EBB4
:1066000002230A7A03EB024305934B7A8DF8183084
:106610008B7A8DF81930CB7A8DF81A3001F10C0392
:1066200007938B7C8DF82030CB7C8DF821300B7D4F
:106630008DF822304B7D8DF823308B7D8DF8243002
:10664000CB7D8DF8253038460B7E8DF8263003A99A
:1066500002F058FD054660760220318800F07AFD90
:106660000446002838D03388A3F50053353B0B2B64
:1066700000F28B80DFE803F095729595957B8D9500
:10668000959595950B4613F8040B0093CB788A7873
:10669000497802F09FFD0546FF279DE70B4613F85A
:1066A000040B0093CB788A78497802F0AAFDF2E7D0
:1066B0000878497803AB06290F4604F102044FF02D
:1066C00000051A4628BF0627AF4204F1040403F16F
:1066D000060303D802F0ACFD012065E014F8046C59
:1066E00014F802CC03F8066C14F8036C06EB0C26C5
:1066F00023F8046C14F8016C03F8026C0135E3E72D
:10670000087802F049FEC6E702F052FEC3E78A7835
:106710004B780F7803EB0223ADF80C300A79CB7875
:1067200003EB0223ADF80E308A794B79384603EB40
:10673000022303A9ADF8103002F044FE4BE78A783B
:106740002078CB1C497802F057FEA4E749782078DE
:1067500002F06EFEC0E7FF27032035E703A93846A5
:1067600002F034FD25709DF80C3063700DE01F239E
:1067700003A8ADF80C3002F0EBFD2070BDF80C3032
:106780006370BDF80C301B0AA370601F00F08EFC14
:10679000A2E7012303A88DF80C3002F0EDFD207074
:1067A000E1E70570F1E700200DB0F0BD4A780B7805
:1067B00003EB02230380CA788B7803EB0223438028
:1067C0004A790B7903EB02238380CA798B7903EB37
:1067D0000223C3804A7A0B7A03EB02230381CA7A2D
:1067E0008B7A03EB022343810C2070472DE9F341A0
:1067F00007460E460188BDF820501046984600F026
:10680000A9FC0446002800F08C803A8842F222035A
:106810009A4215D842F21F039A422CD841F20543FE
:106820009A4272D042F215039A4274D040F62D4338
:106830009A4258D0601F02B0BDE8F04100F036BC6B
:1068400042F22F039A422ED007D842F223039A42F3
:1068500016D042F224039A4207E042F25C039A42C5
:1068600006D842F259039A4205D8E3D12670E1E7EF
:1068700042F25D03EFE7267065702D0AA570D9E737
:106880000DF1060101A802F09DFF2670BDF804304D
:106890006370BDF804301B0AA370BDF80630E370C6
:1068A0001B0A2371C6E70DF1060301AA0DF10201CF
:1068B000684602F0B5FF2670BDF800306370BDF881
:1068C00000301B0AA370BDF80230E3701B0A23716D
:1068D000BDF8043063711B0AA371BDF80630E37183
:1068E0001B0A2372A6E7002398F800108DF80630E3
:1068F0000DF10602284602F0CFFD9DF906306570C5
:106900002D0A2070A570E37094E70DF1060128466A
:1069100002F0A4FDF1E7C11C284602F0E5FD20705D
:10692000AAE702B0BDE8F08130B5038842F2240244
:10693000934287B005464CD842F21202934211D8D6
:1069400040F62D42934200F0A38037D840F2064231
:1069500093424FD040F21D42934200F0C38000208A
:1069600007B030BDA3F50053133B112BF7D801A29C
:1069700052F823F00F6A04005F690400D56A04002E
:10698000C56A04005F6904005F6904005F69040070
:106990005F6904005F6904005F6904005F690400C7
:1069A0005F6904005F6904002B6A0400576A0400F1
:1069B0006B6A0400F56A0400A56A040041F205420E
:1069C0009342CCD14B780C7804EB0324A4B200237F
:1069D00065E042F22F02934200F0918042F26D0294
:1069E0009342BCD14B78087800EB032080B202F0D0
:1069F00043FF07E04B780878897800EB032080B2EA
:106A000002F096FD01462846FFF78CF921E04B780D
:106A100011F8024B04EB0324A4B203A8FFF7C6FE4F
:106A200003A9204602F0C0FDECE74B7811F8024BB9
:106A300004EB0324A4B203A8FFF7B8FE03A9204681
:106A400002F0F4FD00230322014600942846FFF7DC
:106A5000CDFE012084E74B780C78897804EB032481
:106A6000A4B2204602F018FEECE74B780C780A79C5
:106A700004EB03244B7902EB0322CB788978A4B290
:106A800001EB032192B289B2204602F059FED9E708
:106A90000B464A7813F8024B04EB0224A4B20422FA
:106AA0000020D1E7CA788B78087803EB02234A7874
:106AB00000EB022099B280B2002402F08BFE234644
:106AC0000122C1E74B78087800EB032080B203F085
:106AD00087F897E74B780C7804EB0324A4B20023E3
:106AE0000822DDE74B78087800EB032080B202F043
:106AF000FDFD87E70024234605222046A4E7002465
:106B000023460922F9E700BF2DE9F047174E96F812
:106B1000283080460F46154693B9012386F8283061
:106B2000C0F303294FEA112A3DB140F2031013F0DC
:106B30007FF8013DEDB2044620B9002386F82830E5
:106B4000BDE8F08780F8008080F80190877080F8B9
:106B500003A096F829103A464B1C043086F82930D9
:106B600026F0BCFD204602F079FEDDE7202F012053
:106B700070B5058842F20E02954286B004460B4677
:106B80002ED042F2140295422DD042F20D029542CF
:106B90003BD149781A7802EB0122ADF80020D97870
:106BA0009A7802EB0122ADF802201A798DF80420C0
:106BB0005A798DF806209A1D03F10D01029203A85F
:106BC0001A7B8DF80520FFF7F1FD03A9684602F056
:106BD000BFFE01462046FFF7A5F8012006B070BDB4
:106BE00002F010FFF9E7084601F0E0FE21880646B2
:106BF000012000F0AFFA0028EFD02388AB4208BF95
:106C00000670053800F052FAE7E706B0BDE87040BC
:106C1000FFF78ABE2DE9F043028842F243039A420D
:106C20008DB005460C4649D118220DEB020000211B
:106C300026F054FD23788DF80C3063788DF80D30F4
:106C4000A3788DF80E30E31C627A049304F10A03F2
:106C500000248DF81420264601AF4FF00C089DF853
:106C600014203241D20717D558781A7802EB002247
:106C700027F82420D8789A7807EB840102EB0022C9
:106C800003F1040906AB08FB04304A804946FFF7CC
:106C90008DFD013409EB00030136082E01D0022CD2
:106CA000DDD106AA01A903A802F0C8FE01462846C4
:106CB000FFF738F801200DB0BDE8F0830DB0BDE856
:106CC000F043FFF755BF73B500220092ADF80420E2
:106CD000028842F22B04A242054607D042F22C045D
:106CE000A2421FD0FFF764FB02B070BD11F8010B88
:106CF0006A4603F0E6FD29880446072000F02AFAD8
:106D0000064668B12B88A3F500532B3B012B04D812
:106D100000F8014B694613F0E9F8701F00F0C6F95E
:106D20000120E1E711F8010B6A4603F0EBFDE2E711
:106D3000028838B542F219039A42054603D0BDE8ED
:106D4000384000F015B8CB7A8A7A087802EB032233
:106D50004B7800EB032092B201F10C0380B20231B8
:106D600003F0E4FA01462846FEF7DCFF012038BDB7
:106D70002DE9F341064642F2170233889342084652
:106D80001DD00BD840F67B42934246D040F67C4261
:106D900093424CD0002002B0BDE8F08142F21A02CA
:106DA00093422CD042F21B029342F3D14B780C78E1
:106DB00004EB0324A4B2204603F042FB28E001F1D7
:106DC00010084146002403F0FBFA274611203188C1
:106DD00000F0C0F9054680B1338842F217029342B1
:106DE0003DD032D840F67B42934245D040F67C42BB
:106DF00093422FD0681F00F059F90120CBE74B7860
:106E000011F8024B04EB0324A4B2204603F0DEFA8F
:106E100007464FF000080320D9E74B780C784FF075
:106E2000000804EB0324A4B205204746CFE74B78C3
:106E30000C7804EB0324CB788978A4B201EB03210E
:106E400089B2204603F048FBE2E7A3F500531A3B62
:106E5000012BCFD86C70240A2F70AC70CAE70346A0
:106E6000414603F8017B08F1100251F8040B43F886
:106E7000040B9142F9D1BDE7002320460DF1060134
:106E8000ADF8063003F00AFBBDF80630EB706C700D
:106E90001B0A240A2870AC702B71ABE70388A3F59A
:106EA0000153193B73B506460C46042B5FD8DFE847
:106EB00003F0030E2A394F004B780878897800EBED
:106EC000032080B203F026FB0122002512E04B785C
:106ED0000D780A7905EB03254B7902EB0322CB7879
:106EE0008978ADB201EB032192B289B2284603F052
:106EF0002AFB03220146009530460023FFF776FC6B
:106F0000012002B070BD4B780D78227905EB032586
:106F1000CB788978ADB201EB032189B2284603F022
:106F200024FBE6E74B780D788A7905EB03254B794E
:106F3000097903EB0223E278ADB202EB0122E17999
:106F400000919BB2A17892B2284603F020FBD0E7D3
:106F50000B79CA78207802EB03228B78497801EB11
:106F6000032192B2637989B203F038FBACE70020C9
:106F7000C7E7F0B50388A3F50053303B85B007465B
:106F80000C46042B6BD8DFE803F0031D263C4300BE
:106F90004B780C7804EB0324A4B205200026398832
:106FA00000F0D8F8054650B33B8842F231029342D4
:106FB0003CD036D842F23002934239D0681F00F0FC
:106FC00075F81CE08A782078497803F085FB06463E
:106FD00000240120E3E74B7808788A7900EB03204E
:106FE0004B7903EB02239BB200930B79CA78897823
:106FF00080B203F093FB01463846FEF793FE012072
:107000002EE08A7820784978002302F0D7FFDEE767
:1070100000250095CB788A782078497802F0E2FE46
:10702000D5E7A3F50053333B012BC7D82E70C5E736
:1070300000230DF10F0220460DF10E018DF80E30E8
:107040008DF80F3003F012FB9DF80E209DF80F30E5
:107050006C70240A2870AC70EA702B71AEE70020C7
:1070600005B0F0BD10B5044642F2260223889342D3
:1070700008460FD042F25E0293420FD042F2250240
:10708000934211D103F0C0FC01462046FEF74AFEB0
:10709000012010BD203103F0B9FCF5E791F8402044
:1070A000203103F0E3FCEFE70020F2E708B50246E9
:1070B00018B10648002112F0CAFD054B93F82400D0
:1070C00018B9BDE8084005F0C1B808BD1830012066
:1070D0000430012038B50546881C0C4612F0A8FD86
:1070E00010B105704470023038BD000070B5184E04
:1070F0000446002556F8043B7BB90135152DF9D11E
:10710000A578DDB1012D06D101F034F904210E205E
:10711000FFF7E0FF38B9002004E020469847002838
:10712000EBD0012070BD032343700C2305708370E6
:10713000E378C3700238FFF7B9FFF2E701211020AE
:10714000FFF7C8FF0028E6D0237900F8013BF1E7FC
:10715000AC2F012038B5054605300C4612F068FD0D
:1071600048B10E230370C47003350123240A45700F
:1071700083700471053038BDF8B58778022F054655
:1071800003D0042F68D00020F8BD827C3A4EFF2A3D
:10719000336934D0580501D40120F5E773689900AC
:1071A000FAD5364B96F834201B685B7B9A42F3D2B3
:1071B00012213E20FFF78EFF04460028ECD00B235F
:1071C000037001234370AB7A8370EB7AC37005F1CF
:1071D0000C01043012F08AFEAB7CA37205F113019E
:1071E00004F10B0012F082FE6B7A637496F834306F
:1071F000013386F83430A01EFFF758FFCCE79A071A
:10720000C1D573689B00BED51C4B96F834201B6813
:107210005B7B9A42B7D2017A0C31C9B23E20FFF7AC
:1072200059FF04460028AED0012307704370AB7AA3
:107230008370EB7AC37005F10C01043012F056FE36
:107240002A7AA27204F10B036968184626F01EFA26
:107250002A7A697A8154C9E739460E20FFF73AFF46
:10726000044600288FD0012303700C234370202391
:107270008370EB78C370BEE7202F012078300120A7
:107280000238FFF713BF00002DE9F04F83782DED92
:10729000028B173B83B004460E2B16D8DFE813F0A1
:1072A0000F00B000C2001500150015001500D80031
:1072B000A70106011500150015001500BF01DFF834
:1072C000CC83D8F81030DF0401D400268EE0D8F843
:1072D00004309E00F9D5878BDFF8B4A3D0F8209056
:1072E000E522B7FBF2F302FB1372002A18BF013349
:1072F00098F8342052FA83F3DAF80020527B934254
:10730000E3DCDAF8003098F834205B7B9A42DCD278
:10731000E52FBB4628BF4FF0E50B5FFA8BF3E72064
:1073200003F11A06009312F083FCF6B2054600281A
:10733000CBD04FF03E030370467098F83410013103
:10734000831CC9B2DAF8000088F83410407B884208
:1073500008EE103AA7EB0B0750D1002F4ED0A188B2
:10736000002741F04001A1803E46206AB4F81CC0CD
:10737000A18809EB0B03181A60451CBF01F01F011F
:1073800041F02001297101930D204FF00103090AFA
:10739000EB70A8706971A179A971E81DE11D12F067
:1073A000A5FD617B6973A17BA973E17BE973217CF6
:1073B0002974617C6974618AA97494F91310E97461
:1073C000217D297505F1150004F1150112F08EFDDE
:1073D000009BEB765A46494605F11C0026F056F90B
:1073E00018EE100AFFF74CFF019B2FB9304603B08F
:1073F000BDEC028BBDE8F08F994682E70126B4E729
:1074000004210E20FFF766FE00283FF45EAF422203
:1074100042700126202206708270E278C270FFF767
:107420002FFFE3E7994B1A69D5037FF54EAF5B68F1
:107430009C007FF54AAF01213E20FFF74BFE00285C
:107440003FF443AF11220270FFF71AFF0126CDE788
:107450008E4B1A6990047FF538AF5B6899007FF511
:1074600034AF10213E20FFF735FE054600283FF4DB
:107470002CAF0E23037023794370E3888370E38875
:107480001B0AC370237A0371637A437104F10A0102
:10749000063012F02BFD237C2B73638A6B73638A97
:1074A0001B0AAB73237DEB732846CDE7774D2B6921
:1074B0005A047FF50AAF6B689B007FF506AF4789DA
:1074C000DFF8CCA1C168F722B7FBF2F302FB13721D
:1074D000002A18BF013395F8342052FA83F3DAF802
:1074E0000020527B93423FF7F0AEDAF8003095F877
:1074F00034205B7B01919A42BFF4E7AEF72FB94687
:1075000028BF4FF0F7095FFA89F202F10806F92067
:107510000092F6B212F08CFB00283FF4D6AE3E2368
:107520000370467095F834C0DAF800600CF1010C75
:107530005FFA8CFC85F834C0767B831C6645DDE9F8
:10754000002107EE903AA7EB09084BD1B8F1000FE4
:1075500048D002264FF0000866724646E368B4F849
:107560000AE001EB090BABEB030CF4453CD194F8BA
:1075700009C0ACF1020EDEF1000C4CEB0E0C4FEA30
:107580004C0C4FF00F0E80F802E0B4F804E080F8E5
:1075900003E0B4F804E04FEA1E2E80F804E094F80B
:1075A00006E080F805E094F807E080F806E094F83B
:1075B00008E080F807E080F808C042723FB14A4610
:1075C0000A30CDED007A26F061F8DDED007A17EE95
:1075D000900AFFF755FEB8F1000F3FF407AF47469A
:1075E000594682E70126B9E74FF0010CC9E7274B5E
:1075F0001A6910047FF569AE5B6899007FF565AE86
:1076000003213E20FFF766FD00283FF45EAE102206
:107610000270A2884270A288120A827014E71B4B83
:107620001A6912027FF551AE5B689B007FF54DAE83
:1076300014213E20FFF74EFD054600283FF445AEDD
:107640001823037023794370E3888370E3881B0A4F
:10765000C3702389037123891B0A43716389837172
:1076600063891B0AC371237B0372637B437204F13A
:107670000E010A3012F03AFC237D2B74E38A6B74FE
:10768000E38A1B0AAB74237EEB740DE7202F0120E5
:107690007830012038B58378032B054601D00020CF
:1076A00038BD04210E20FFF715FD0028F7D00A236E
:1076B00043700124202304708370EB78C370023878
:1076C000FFF7F4FC2046EBE783781A3B70B50546DC
:1076D000032B0AD8DFE803F0022A3A562F4B304E2C
:1076E0001B68327F9B7D9A4201D3002070BD3369B5
:1076F0005803FAD573689900F7D509213E20FFF7A2
:10770000E9FC04460028F0D0132303702B79437062
:107710006B798370A91D033012F0E8FB337F0133CE
:107720003377A01EFFF7C2FC0120DFE704210E2003
:10773000FFF7D0FC04460028D7D00123037039237B
:1077400063702023A3702B79E370EAE7144B1A6966
:107750009203CAD55B689B00C7D506213E20FFF780
:10776000B9FC04460028C0D0122303702B79437063
:107770006B798370EB88C370EB881B0A03712B7ADB
:107780004371CEE704210E20FFF7A4FC0446002835
:10779000ABD0012303704023D2E700BF7830012033
:1077A000202F012008B5C278837803EB0223074A13
:1077B000116A01311162516A11FA83F3536212F0B6
:1077C00043FA012002F056F8012008BD202F0120C5
:1077D000114B70B55D8D04460E4685B90521132009
:1077E000FFF778FCB8B144700123240A0370847059
:1077F000C6700571BDE870400238FFF757BCDA6A01
:107800000132DA621A6B2A441A630A462946BDE835
:107810007040FFF779B970BD202F012010B502F03C
:1078200027F8044610B90024204610BD044B9B7F66
:10783000002BF9D0FFF7B6FF0028F4D1F4E700BF22
:10784000202F012010B5094CA37F43B102F010F89E
:1078500028B1A37F43B1BDE81040FFF7A3BFBDE847
:107860001040002004F0F2BC10BD00BF202F01200A
:1078700038B58378122B054614D8042B1BD9053B49
:107880000D2B18D8DFE813F0190057006C00170013
:10789000DF00C00017001700170017001700930043
:1078A000170000012E2B00F01B812F2B00F03D81D3
:1078B0002D2B00F0F880002038BDAA4B1A69D207A2
:1078C000F9D55B689B00F6D513213E20FFF702FC3B
:1078D00004460028EFD0012202702B794370EB8818
:1078E0008370EB881B0AC3702B7A03716B7A991E25
:1078F000914288BF637100F106008EBF05F10A0155
:10790000627105F11D0112F0F1FA2B8A23732B8AA3
:107910001B0A63736B8AA3736B8A1B0AE373AB8ABC
:107920002374AB8A1B0A6374AB7DA374A01EFFF79C
:10793000BDFB0120C0E78B4B1B68DC06BBD50421D7
:107940000520FFF7C7FB04460028B4D02B7903704D
:10795000EB884370EB881B0A83702B7AC370E5E7D2
:10796000804B1A695007A6D55B689900A3D50A21F8
:107970003E20FFF7AFFB044600289CD00323037092
:107980002B794370EB888370EB881B0AC3702B89BB
:1079900003712B891B0A43716B8983716B891B0AE5
:1079A000C371AB890372AB891B0A4372BEE76D4B8F
:1079B0001A6992067FF57FAF5B689C007FF57BAF0D
:1079C0000B213E20FFF786FB044600283FF473AFEF
:1079D00006232370AB886370AB881B0AA370EB8807
:1079E000E370EB881B0A23712B8963712B891B0AB7
:1079F000A3716B89E3716B891B0A2372AB89637274
:107A0000AB891B0AA37291E7564B1A6910077FF5E1
:107A100052AF5B6899007FF54EAF0C213E20FFF717
:107A200059FB044600283FF446AF042303702B792A
:107A30004370EB888370EB881B0AC370AB684360AC
:107A4000EB68836072E7474B1B681A057FF533AF1D
:107A500008210C20FFF73EFB044600283FF42BAF23
:107A60002B790370EB884370EB881B0A83702B7AA9
:107A7000C3706B8903716B891B0A4371AB89837176
:107A8000AB891B0AC37151E7364B1B695B067FF557
:107A900012AF0B213E20FFF71DFB044600283FF4E8
:107AA0000AAF072395E72F4B1A6954007FF503AF00
:107AB0005B6898007FF5FFAE05213E20FFF70AFBCB
:107AC000044600283FF4F7AE1F2303702B79437060
:107AD000EB888370EB881B0AC3702B7A237125E730
:107AE000204B5A69D1077FF5E6AE5B689A007FF5B7
:107AF000E2AE09213E20FFF7EDFA044600283FF4EC
:107B0000DAAE212303702B794370EB888370EB8806
:107B10001B0AC3702B7A03716B7A4371AB7A837142
:107B2000EB7AC3712B7B037200E70E4B1A69002AB4
:107B3000BFF6C1AE5B689B007FF5BDAE05213E2060
:107B4000FFF7C8FA044600283FF4B5AE20230370BF
:107B5000AB884370AB881B0A8370AB79C370EB7939
:107B6000BCE700BF202F01208378212B10B50446ED
:107B700001D0002010BD0D4B1A691203F9D55B68C6
:107B80009B00F6D504213E20FFF7A4FA0028F0D090
:107B900014230370A3884370A3881B0A8370A379FE
:107BA000C3700238FFF782FA0120E3E7202F01209B
:107BB00038B58378082B044611D104210E20FFF735
:107BC00089FA58B10E234370012520230570837074
:107BD0002379C3700238FFF769FA284638BDBDE83B
:107BE0003840FFF745BE000038B58378052B0546C1
:107BF00001D0002038BD214B1A699205F9D55B6888
:107C00009B00F6D51F213E20FFF764FA04460028AA
:107C1000EFD00A2303702B794370EB888370EB88D5
:107C20001B0AC3702B7A03716B7A437105F10A0149
:107C3000063012F05BF905F1170104F10C0012F0A7
:107C400055F905F11D0104F1120012F04FF92B8ACC
:107C500023762B8A1B0A63766B8AA3766B8A1B0AB0
:107C6000E376AB8A2377AB8A1B0A6377AB7DA37776
:107C7000A01EFFF71BFA0120BCE700BF202F012048
:107C800000F000B883780B3B10B50446062B09D8EA
:107C9000DFE803F0041E300808085500304B1B686D
:107CA0001B0601D4002010BD04210820FFF712FAA2
:107CB0000028F7D023790370E3884370E3881B0A18
:107CC0008370237AC3700238FFF7F0F90120EAE7E6
:107CD000234B5B681804E5D503213020FFF7FAF940
:107CE0000028DFD023790370E3884370E3881B0A00
:107CF0008370E8E71A4B1A69D1061CD55B689A00B5
:107D000019D50D213E20FFF7E5F9A0B10523037039
:107D1000A3884370A3881B0A8370D4F80630C0F888
:107D20000330D4F80A30C0F80730E389C372E3891E
:107D30001B0A0373C7E7A08802F082FBB2E7084B77
:107D40009B681B02AED502215720FFF7C3F900281C
:107D5000A8D0A3880370A3881B0A4370B3E700BFB1
:107D6000202F01208378162B10B5044601D0002067
:107D700010BD0F4B1A691205F9D55B689B00F6D54B
:107D800006213E20FFF7A6F90028F0D00C2303704F
:107D900023794370E3888370E3881B0AC370237AD6
:107DA0000371637A43710238FFF780F90120DFE73E
:107DB000202F012038B58378132B04464FF000059F
:107DC00003D0142B29D0002038BD214B1A6910068E
:107DD000F9D55B689900F6D542213E20FFF77AF984
:107DE0000028F0D0082303704570631D821C04F145
:107DF000250153F8045B42F8045B8B42F9D100F192
:107E00002202453453F8041B42F8041BA342F9D163
:107E10000238FFF74BF90120D6E70D4B1A69D2055E
:107E2000D1D55B689B00CED522213E20FFF752F9C9
:107E30000028C8D00923037023794370821C631D76
:107E4000253453F8041B42F8041BA342F9D1DFE7A1
:107E5000202F012010B50E4B0E4A0F49044600207A
:107E600004F0E0F90D4804F0EBF90D4B68221846D8
:107E7000002125F033FC382204700021094825F048
:107E80002DFC094800F032FCBDE8104000F072BA49
:107E9000D182040069820400118204005D83040021
:107EA00004300120202F0120ED700400034B044A10
:107EB0001A61044B044A1A61704700BF582F012011
:107EC00085610400AC2F0120797104000449054B41
:107ED0000548064A48615A6188619A61704700BF47
:107EE000582F0120AC2F0120FD610400897204008D
:107EF000034A13681BB903491160034A13607047B2
:107F0000582F0120B1630400AC2F0120034B044A19
:107F1000DA61044B044ADA61704700BF582F012030
:107F2000A1640400AC2F0120957604000449054BA0
:107F30000548064A08621A6248625A62704700BFE2
:107F4000582F0120AC2F012093650400C97604004E
:107F500008B50849084800F0FBFB084B5A6822B9ED
:107F6000074A5A60074B084A5A60084B084A1A6089
:107F700008BD00BF45780400D1770400582F0120C8
:107F800029690400AC2F0120717804006C300120B5
:107F90001D780400014B024A9A607047AC2F012003
:107FA000697B040008B50749074800F0D1FB074B7F
:107FB000074A5A60074B084A5A60084B084A1A6039
:107FC00008BD00BF45780400D1770400582F012078
:107FD000716B0400AC2F0120B17B04006C300120D8
:107FE0001D78040008B50749074800F0B1FB074BAE
:107FF000074A5A60074B084A5A60084B084A1A60F9
:1080000008BD00BF45780400D1770400582F012037
:10801000156C0400AC2F0120B17B04006C300120F2
:108020001D780400034B044A1A60044B044A1A608A
:10803000704700BF582F0120C76C0400AC2F0120EF
:10804000E97B0400034B044ADA60044B044ADA601B
:10805000704700BF582F0120316D0400AC2F012064
:10806000817C0400044BDA6822B9044ADA60044BCC
:10807000044ADA60704700BF582F0120716D040078
:10808000AC2F0120857C0400054B1B681B79092B54
:1080900005D9044B044A1A63044B00221A63704743
:1080A00078300120582F01209D6E0400AC2F012054
:1080B000034B044ADA62044B044ADA62704700BF99
:1080C000582F0120736F0400AC2F0120657D040040
:1080D000034B044A9A62044B044A9A62704700BFF9
:1080E000582F012065700400AC2F0120B57D0400DD
:1080F0002DE9F74F8046002018F090FF054610B19B
:1081000018F07EFF064618F0010F06D03A4C01A980
:10811000204611F0B2FD002838D118F0020F08D027
:10812000DFF8E4900DF10301484611F0A6FD044686
:1081300078BB18F0040F09D0304B002083F82400DE
:1081400004F084F82E4B9B6903B1984718F0080F90
:108150000AD001211020FEF7BDFF28B1284A527F26
:1081600000F80229FEF7A2FF6DB1002018F056FFBB
:1081700048B118F045FF314603F0AAFF214B1A8899
:10818000824200D2188003B0BDE8F08F01F066FB98
:10819000BDE76278237803EB0223ADF8043004F1E5
:1081A000030AA3788DF80630514601A8FDF7D0FDEB
:1081B000F0B9DFF858B007465BF8043B9BB90137CC
:1081C000152FF9D104210F20FEF784FF80B1BDF8EF
:1081D000042082700121120A01704170C2700238BD
:1081E000FEF764FF04E0514601A898470028E6D056
:1081F000204611F029FD95E70830012004300120C8
:10820000202F01200030012010300120582F0120A4
:10821000012838B50A46044616D0032808D0D8B934
:10822000104D014605F10C0011F011FD022111E085
:108230000C4C002104F11C0011F009FD20781021E4
:10824000BDE8384015F048BD064D0021281D11F04D
:10825000FEFC21462878F3E7BDE83840084611F0D7
:10826000F3BC00BF0430012010B50446012C0846C1
:1082700023D0022C1AD10B783E2B15D18B78132BDF
:1082800012D801229A404AF604010A4206D1132B61
:108290000AD10D4A137F013B137705E00A4A92F891
:1082A0003430013B82F8343011F0CEFC074BBDE88E
:1082B00010401878042115F00FBD11F0C5FC2046C0
:1082C00001F0D8FAF2E700BF202F0120043001208E
:1082D0002DE9F3411E4F97F8248006460D461446BB
:1082E000B8F1000F30D10DF1070107F1140011F0C2
:1082F000C4FC68B14378022202334FF0010887F8CA
:10830000248032702B802060404602B0BDE8F081AE
:10831000104B1B684BB1984738B18378C27804334F
:1083200003EB02239BB20322E7E70B4B1B68002BF6
:10833000EAD098470028E7D08378C278043303EB6B
:1083400002239BB20122D8E74FF00008DCE700BF10
:1083500004300120703001206C300120034B58772D
:10836000034B0821187815F0B7BC00BF202F01205F
:108370000430012010B5094C3022002104F108001E
:1083800025F0ACF94FF0FF3241F6FF73C4E900234A
:108390001F220023C4E9042310BD00BF202F0120A9
:1083A0008B4BC02230B583F82A20282283F8332053
:1083B000022283F8342083F85120012283F85220CE
:1083C000844A042183F83B1050684CF21701D98786
:1083D00047F68301A3F8401018B393F82510B3F8BB
:1083E000464041F0200183F8251093F8271061F0F2
:1083F0007F0183F8271093F82F1041F0040183F8D0
:108400002F10222183F83410B72183F8401093F8FD
:10841000481044F4F87441F00801A3F8464083F88A
:108420004810116929B1002840F0C480CC2183F89C
:108430003F10D16941B1F72183F83E1093F83F1006
:1084400041F0030183F83F10D16879B170B193F81E
:10845000401041F0400183F840107F2183F8411023
:1084600093F8451041F0300183F845101168D1B1FF
:1084700093F8474044F0780183F8471093F8481088
:1084800041F0060583F8485093F84C5045F0040538
:1084900083F84C5038B164F0070441F0070183F8C9
:1084A000474083F84810916A29B193F8471041F08A
:1084B000060183F84710D16A29B1B3F8481041F496
:1084C000F871A3F84810116A89B193F8491061F066
:1084D000010183F8491093F84A1041F0030183F831
:1084E0004A1093F84C1041F0030183F84C10516985
:1084F00039B193F84A10002866D141F0600183F841
:108500004A10516A29B193F84A1041F01C0183F8CE
:108510004A109169002914BFFF21802183F84B1074
:10852000116B59B193F84D1061F01F0183F84D1094
:1085300093F84E1041F0030183F84E10516B29B1AE
:10854000B3F84E1041F4F061A3F84E10916B29B1CD
:1085500093F84F1041F0180183F84F10D16B29B1F7
:1085600093F8501041F0030183F85010116C29B1B9
:1085700093F84F1061F01F0183F84F10516C81B1D7
:1085800093F84E1041F0600183F84E1093F85010AC
:1085900061F01F0183F850101F2183F8511083F8F8
:1085A0005210926C2AB193F8512042F00F0283F8D6
:1085B000512030BDFC2183F83F1093F8401041F06A
:1085C000080183F8401034E761F01F0197E700BF0E
:1085D00004300120582F0120014B1860704700BF64
:1085E0007830012038B51C4C2073F3F745FE1B4B47
:1085F0001B481A6813881D0A1B061843C4E90C059A
:10860000184B002183F8381019601971997119728B
:1086100092F8311092F83030003918BF0121003B38
:1086200018BF01231B0243EAC123216A0B4392F8BE
:10863000321092F83320003918BF0121003A43EA82
:10864000412318BF012243EA8223236202F0E2FAA7
:10865000BDE8384001F054BEF030012078300120F0
:1086600056341200B03001202DE9F04107460020B9
:108670000E4618F0D3FC054610B118F0C1FC804638
:1086800057B1002447FA04F3DB0702D5E0B2F3F751
:108690009DFE01340B2CF5D116B13046F3F752FE96
:1086A0006DB1002018F0BAFC48B118F0A9FC4146A1
:1086B00003F00EFD034B1A88824238BF1880BDE8D4
:1086C000F08100BF7430012008B5042011F0B0FA29
:1086D000014640B1FF2343800380034B187BBDE874
:1086E000084011F0BABA08BDF0300120014B186003
:1086F000704700BFF030012008B502F0F1FBBDE883
:108700000840F4F749B9F4F7B9BD08B502F0E8FB41
:10871000F4F784FDF4F79AFEF4F7BAFEBDE80840DA
:10872000F4F7D2BE08B502F0FFFBBDE80840F5F74C
:10873000DDBBF5F7D9BF08B502F0F6FBF5F798FFFA
:10874000BDE80840F6F7A2BEF7F716BDF6F7A2BFE0
:10875000014BC3E901017047F030012008B502F078
:10876000A3FBBDE80840F8F7ABBC08B502F09CFBE2
:10877000BDE80840F8F704BDF8F778BEF9F7CAB8C5
:10878000F9F73AB9F9F7EAB908B502F0B7FBBDE86D
:108790000840F9F777BA08B502F0BAFBBDE808401F
:1087A000F9F754BCF9F76CBC08B511F0D3FB024BD8
:1087B000C3E90C0108BD00BFF0300120024BD3E932
:1087C0000C2311F0CDBB00BFF0300120F8B5244DD3
:1087D0006B7806462BB1234B5B7CDA0701D50C2066
:1087E000F8BDEB787BB1F4F777F904460028F6D1B1
:1087F0001D4F3B683BB13B68E0B298470028EED183
:108800000134032CF7D12B797BB1F8F741FE0446F4
:108810000028E4D1154F3B683BB13B68E0B2984774
:108820000028DCD10134032CF7D1304611F092FB43
:1088300001F44043B3F5404F06460C4601D00B040B
:108840000CD415F03DFA0123EB7340F20113C5E996
:1088500006642B8215F036FA0020C1E71220BFE72C
:10886000B030012088310120803001207C3001208F
:10887000054B30B51C6825880580207908701B6879
:108880005B88138030BD00BF78300120024BD3E9F4
:108890000E2311F050BB00BFF0300120024BD3E992
:1088A000082311F048BB00BFB0300120ECF76CBCCE
:1088B00010B5044B9C791CB9ECF76CFC204610BD3C
:1088C0000C24FBE7B030012038B5124B1B681B7934
:1088D000082B0546084603D8012D05D912240AE0C5
:1088E000AB1EDBB2FC2BF9D90B4B9C7984B9FF2D65
:1088F00003D1ECF7A3FC204638BD11F02BFB024658
:108900000B462846ECF750FC002808BF0724F2E786
:108910000C24F0E778300120B030012038B5124B3C
:108920001B681B79082B0446084603D8012C05D97F
:1089300012250AE0A31EDBB2FC2BF9D90B4B9D7963
:108940007DB9FF2C03D1ECF77FFC284638BD11F030
:1089500001FB02460B462046ECF746FC0028F4D10A
:10896000E6E70C25F1E700BF78300120B0300120A8
:10897000202808D1064A107838B9536A23F0010339
:10898000194351627047112070470C20704700BF97
:10899000B030012019F0B6BA19F0BABA08B519F01A
:1089A000C5FA00280CBF1220002008BD37B5437857
:1089B0008278017912041B029B1802782CBF0125D2
:1089C00000259B18C2784FEA026245F100059C1809
:1089D00041EB05012046019102F0B4F8012809D9C4
:1089E000019911F4787F05D1204603B0BDE83040ED
:1089F000F3F744BD122003B030BD00002DE9F04173
:108A0000254D2B6A1A0654BF012603265B0654BF68
:108A100001270327804602F061F9C0B3EC782B7977
:108A20001C4334D1B8F80020B2F5804F31D8B8F8E3
:108A300002309A422DD3032B2BD998F80430012B06
:108A400027D898F80530BB4223D898F80630B342AF
:108A50001FD80C2011F0ECF80146A8B140F20243F7
:108A60004380B8F800308380B8F80230C38098F8AB
:108A70000430037298F80530437298F80630837218
:108A8000064B187B11F0E9F82046BDE8F0810C2474
:108A9000FAE71224F8E700BFB0300120F0300120DF
:108AA00038B504460D4602F019F920B90C20BDE88E
:108AB000384002F08AB8012C06D10D4B587902F0EB
:108AC000F5F808B91220F2E7062011F0B1F80146D6
:108AD00060B10223002C837018BF0123C370054BC3
:108AE0000571187BBDE8384011F0B7B838BD00BF3C
:108AF0004C310120F03001202DE9F84FDFF8F490DF
:108B00001E46D9F820308846190654BF4FF0010A96
:108B10004FF0030A15465A0654BF4FF0010B4FF0B1
:108B2000030B074602F0E6F848B399F8034099F8BA
:108B300004301C4323D1BB4517D3C24515D315F0D0
:108B4000FA0F12D115F0040A03D0D9F820301B0512
:108B500017D515F0010548D0738832889A4204D39E
:108B6000032B02D93379012B0DD912243AE00020CE
:108B7000F4F7DEFB002522E0F4F7DAFB30E00C240A
:108B800030E011242EE0BAF1000F0ED001230622AE
:108B90005343F218F35A51888B42E6D30329E4D9A0
:108BA0001379012BE1D8002DE1D00020F4F7B6FBBA
:108BB0003346424639460020F4F7C6FB0125022021
:108BC000BAF1000FD8D0F4F7A9FB062303FB056325
:108BD000424639460220F4F7B7FB05F1010A554633
:108BE00089F80C502046BDE8F88FBAF1000FBED0CE
:108BF0002B46CCE7B03001202DE9F041234E0F4643
:108C00000A2101FB02F54FF4A06202FB03F4337B5F
:108C1000737300238046B37302F06CF830B90123FC
:108C200073730C20BDE8F04102F08CB8B8F1010F6D
:108C300010D1022F03D9012373731220F2E706D15A
:108C4000002CF8D0002DF6D0A54203D3F3E70CB1E9
:108C5000002DF9D1F4F744FB0028ECD0102010F0DF
:108C6000E7FF014680B10723B8F1000F8370C0E928
:108C7000025414BF01230223C370054B0771BDE8E2
:108C8000F041187B10F0E9BFBDE8F081B030012061
:108C9000F030012070B5044602F02CF810B90C2514
:108CA000284670BDA378012B49D863780F2B46D88E
:108CB0002389B3F5FA7F42D2237813F0FC0F3ED11B
:108CC00063890A3B9BB243F6F672934237D8F4F7B6
:108CD00097FB0028E3D060686578A67811F03AF930
:108CE00002460B4628463146F4F792FB054640BB48
:108CF000F4F75CFE022826D8182010F099FF0646EB
:108D00000028CDD040F20B134380606811F022F9A7
:108D1000C6E90201A378F3716378B371237803F095
:108D20000102C3F340033271737123893382638973
:108D30007382064B3146187B10F08FFFB0E7122587
:108D4000AEE70B25ACE70725AAE700BFF03001200E
:108D500008B501F0CFFF08B90C2008BDF3F7E2FE1B
:108D60000028F9D0382010F063FF0028F5D040F239
:108D70000B234380034B0146187B10F06EFF00204D
:108D8000EBE700BFF030012038B5054601F0B2FF37
:108D900010B90C24204638BDB5F5706F17D228469F
:108DA000F4F716FEA8B1F3F7BDFE04460028F0D193
:108DB000382010F03DFF01460028EBD040F20D2393
:108DC0004380054B0580187B10F047FFE2E7122433
:108DD000E0E74224DEE700BFF030012030B585B087
:108DE000044601F087FF18B90C25284605B030BDB0
:108DF000144BDB79002BF7D12378012B01D91225F5
:108E0000F3E7237A0F2BFAD8F3F78CFE0028EBD187
:108E1000606811F09FF80B46217A00910246207895
:108E2000CDE90232EBF712FE05460028E7D1217AA0
:108E300020780091DDE90232EBF736FE002808BF0A
:108E40000725D2E7B030012037B5054601F052FFC3
:108E500018B90C24204603B030BD0F4BDB79002B32
:108E6000F7D12B78012B15D82B7A0F2B12D8F3F7CB
:108E700059FE04460028ECD1686811F06BF80B46E7
:108E8000297A009102462878EBF72CFE002808BFCB
:108E90004224DFE71224DDE7B030012010B501F0F5
:108EA00029FF10B90C24204610BD064BDB79002B9E
:108EB000F8D1F3F737FE04460028F3D1EBF7EEFDC7
:108EC000F1E700BFB030012010B5044601F012FFF9
:108ED00020B1EBF7DDFD2070002010BD0C20FCE779
:108EE00010B5044601F0FAFE40B1054B002193F99C
:108EF000280019F025F82070002010BD0C20FCE798
:108F0000B03001202DE9F74F334C9DF838909DF893
:108F10003CB098469DF830300193236A5B0654BFFD
:108F20000125032507468A46164601F0D7FE70B193
:108F3000647864B9012E0CD01F2F06D9574504D888
:108F4000BAF5804F01D8042E06D9122440E00C2433
:108F50003EE04545F9D306E04545F6D3042E02D060
:108F600018F0020F05D00D9B002BEED0019B012BBA
:108F7000EBD819F0F80FE8D1B9F1000FE5D0012EC8
:108F800004D0042E02D0BBF1030FDED8282010F04D
:108F90004FFE0546E0B140F20453438040F2712396
:108FA0005F4303FB0AF3C360019B8374876006740D
:108FB00080F8118080F8209080F821B00D9810F092
:108FC000C9FF064BC5E90601187B294610F045FE8E
:108FD000204603B0BDE8F08FB0300120F030012012
:108FE00038B504460D4601F079FE90B11F2C12D819
:108FF00014F066FE22462946084824F047FB084B39
:10900000012283F8474083F8482014F05BFE0020DB
:1090100038BD0C20FCE71220FAE700BFB031012078
:109020008831012038B504460D4601F057FE90B155
:109030001F2C12D814F044FE22462946084824F07A
:1090400025FB084B012283F8684083F8692014F05F
:1090500039FE002038BD0C20FCE71220FAE700BFE3
:10906000D13101208831012038B5054601F036FEA6
:1090700020B90C20BDE8384001F098BD1C4C237C81
:10908000012B01D9042B06D11A4B1B4A1B681278FD
:109090009B7E9A42EDD0012D1CD1607C01F006FE32
:1090A000C0B9237C032B13D1D4E90623A07CECF7B1
:1090B00026F868B1042010F0BBFD014640B14FF422
:1090C000827343800D4B187BBDE8384010F0C5BD5E
:1090D0001220CFE7042010F0ABFD014638B1042385
:1090E000002D837014BF01230223C370EAE738BD4B
:1090F0008831012078300120B0300120F03001208B
:10910000F5F7B2BBF8B506460D4602F0BBFF0446C4
:1091100001F0F0FD00284ED0EF2E4ED8D5E90170B9
:10912000B84227D32A881D2A16D01F2F22D91F28DC
:1091300020D9244963080133A3FB01319B0F43EA83
:109140008103BB4227D3834225D322F07F038BB90F
:1091500002F01303032B0DD012F0100102D012F015
:10916000600F07D1940601D5900703D1AB7D19B1EB
:10917000012B09D012201FE003F0FD02012AF9D1D2
:109180002A7E013A022AF5D82A7E022A05D10E4A01
:10919000126AD20513D411200EE0032B01D0032A4A
:1091A00003D1094B1B6A1B05F5D529463046BDE89E
:1091B000F840F5F715BC0C20F8BD3020FCE7032B78
:1091C000EEE700BFE3361A00B030012081230B70B8
:1091D000F5F71CBB30B585B0CDE90221089D0193A0
:1091E000044601F087FD48B1DDE901320399089595
:1091F000204605B0BDE83040F5F7CEBC0C2005B0E8
:1092000030BD30B585B0CDE90221089D01930446FB
:1092100001F070FD48B1DDE901320399089520465F
:1092200005B0BDE83040F5F731BE0C2005B030BDCB
:109230002DE9F347444EB37A07460C4615461BB159
:109240000C21002001F0E6FD0023F37201F052FD35
:1092500038B90123B3720C2102B0BDE8F04701F028
:10926000D9BD062C33D804B98FBBA9464FF0000AEC
:10927000544531D8002C45D0002FDFF8D0A014BFC2
:109280004FF001084FF0020800274FF008090C20AA
:1092900010F0CEFC014690B12B78038080F802904C
:1092A00080F803806B880A22534343602B79037252
:1092B000B37A9AF80C000133B37210F0CEFC013788
:1092C000BC4205F10605E2D802B0BDE8F0870123F3
:1092D000B37212210020BFE799F80000C846F5F7E5
:1092E00061FA30B949463846F5F744FA09F10609FA
:1092F00028B10123B372014698F80000ACE70AF1E7
:10930000010AB5E768460094ADF80440F5F78EFA17
:10931000DFF8388005464FF40277A542D4D90C20F7
:1093200010F086FC014668B11DF80430038000236C
:10933000478043600372B37A98F80C000133B3722C
:1093400010F08BFC0134E8E7B0300120F030012050
:1093500010B5044601F0CEFC50B1064B1B68DB890A
:1093600040F27262934228BF13462380002010BD52
:109370000C20FCE77830012010B5044601F0BAFC5F
:1093800028B1044B1B681B7B2370002010BD0C20F0
:10939000FCE700BF7830012010B5044601F0AAFCBC
:1093A00020B12046BDE81040F5F7B4BD0C2010BD3B
:1093B00008B501F09FFC18B1BDE80840F5F7C6BD3F
:1093C0000C2008BD38B505460C4601F093FC68B189
:1093D000EF2D0DD8238862889A420BD3052B09D92B
:1093E00021462846BDE83840F5F714BC0C2038BDAE
:1093F0003020FCE71220FAE737B50446CDE9003209
:109400000D4601F077FC60B1EF2C0DD8032D0DD87F
:10941000DDE900322946204603B0BDE83040F5F7CB
:1094200035BC0C2003B030BD3020FBE71220F9E73B
:1094300038B505460C4601F05DFC28B90C212046E4
:10944000BDE8384001F01DBDEF2C01D93021F6E711
:1094500029462046BDE83840F5F7E8BC38B5044653
:109460000D4614F02DFC0B4B1B689B7EA34206D8C7
:109470007F200224287014F025FC204638BD2046A9
:10948000F6F78EFB0028F3D02046F6F7A5FB002464
:10949000F0E700BF7830012070B505460C4616464F
:1094A00014F00EFC0F4B1B689B7EAB4207D86FF08D
:1094B0001D000224307014F005FC204670BD2846C3
:1094C000F6F76EFB0028F2D0012C04D83CB92846F0
:1094D000F6F78EFBEEE76FF01D001224EAE714208A
:1094E0000024E7E77830012038B505460C4614F033
:1094F000E7FB0E4B1B689B7EAB4204D8022414F0A2
:10950000E1FB204638BD2846F6F74AFB0028F5D097
:109510002846F6F779FB030A20706370030C000EEF
:10952000A370E07021710024E9E700BF78300120CA
:1095300070B51B4E33689A7E93F8293013449842D5
:1095400004460D4601DB022070BD824218D9F6F7B1
:1095500027FB0028F7D033689B7EA34210D9062052
:1095600010F066FB014608B90020EDE7048041F2E7
:1095700001734B800B4B0D71187B10F06EFBF3E702
:109580002046F6F717FB48B1062010F051FB0146C4
:109590000028E9D0048041F20F73EAE70C20D3E7FA
:1095A00078300120F030012070B51D4B1B689B7E88
:1095B000834206460D4602D80224204670BDF6F7C7
:1095C000EFFA0028F8D015213046F6F7B5F8012853
:1095D00001D10C24F1E73046F6F7F4FA012803D163
:1095E000104B1B6A9B07F4D52846F6F77BF8044618
:1095F0000028E2D1102010F01BFB01460028DCD02F
:1096000041F2015343802B6843606B688360AB6811
:10961000C360054B0680187B10F01FFBCDE700BF31
:1096200078300120B0300120F030012070B5184BA7
:109630001B689B7E834206460D4602D802242046C4
:1096400070BDF6F7ADFA0028F8D001213046F6F7E4
:109650000BFBD0B12846F6F745F804460028EED1BA
:10966000102010F0E5FA01460028E8D041F6015339
:1096700043802B6843606B688360AB68C360054BB5
:109680000680187B10F0E9FAD9E70C24D7E700BF71
:1096900078300120F030012038B5124B1B689B7EDA
:1096A000834204460D4601D8022038BDF6F778FA09
:1096B0000028F9D001212046F6F7D6FA80B106201D
:1096C00010F0B6FA0028F0D041F601634380064B53
:1096D000048005710146187B10F0BFFA0020E4E712
:1096E0000C20E2E778300120F030012010B5124B59
:1096F0001B689B7E8342044601D8022010BDF6F70A
:109700004FFA0028F9D01C212046F6F715F8012859
:109710000FD0042010F08CFA01460028EED041F65C
:1097200001434380054B0480187B10F096FA00201B
:10973000E4E70C20E2E700BF78300120F0300120A0
:10974000F8B51E4F3B689B7E834205460E46144685
:1097500001D80220F8BDF6F723FA0028F9D01F211E
:109760002846F5F7E9FF012823D0A6F11B03E02BDB
:1097700021D8B4F5A47F1ED33B681B79082B14D8DD
:10978000B4F5056F17D8082010F052FA0028E1D080
:1097900041F6017343800A4B05808680C4800146F0
:1097A000187B10F05AFA0020D4E744F290239C4230
:1097B000E8E70C20CEE71220CCE700BF783001208C
:1097C000F0300120024B5A8802809B880B80704742
:1097D00030310120A0F11B03E02B19D8B1F5A47F93
:1097E00016D30D4B1B681A79082A0DD8B1F5056FF1
:1097F0000ED8DB8BFB2B28BFFB2383420AD3074BFE
:10980000588099800020704744F290229142EFE7FF
:10981000302070471120704778300120303101200E
:1098200010B5074C2468E48BFB2C28BFFB24048074
:109830000E34E4000C80008810800A881A8010BD65
:1098400078300120014B1B68D88B7047783001209D
:10985000014B1B68D87E704778300120034B1B7882
:109860000BB910F0F1B9F6F70BB900BF3031012098
:10987000F6F776B9F6F792B910B5124B1B689B7ED6
:109880008342044601D8022010BDF6F789F900286A
:10989000F9D02046F6F7C4F9430111D5062010F09F
:1098A000C7F901460028EFD042F20133438002237A
:1098B0000371054B0480187B10F0CFF90020E3E71B
:1098C0001A20E1E778300120F030012001282DE94D
:1098D000F843054634D8F6F76DFB044638B9194A03
:1098E000012D92F8383010D0013382F83830DFF88B
:1098F0005880DFF858900027D8F800309B7EBEB221
:10990000B34204D82046BDE8F883013BEDE730467A
:10991000F6F746F990B13046F6F782F943010DD5D6
:10992000062010F085F9014640B142F2013306806D
:109930004380057199F80C0010F08FF90137DBE7CF
:109940001224DFE7B030012078300120F030012010
:10995000F8B52A4B1B6A5B0654BF01250325044654
:109960000F4601F0BBF9002845D02288B2F5804FA0
:1099700002D912263046F8BD63889A42F9D3032BE8
:10998000F7D92379012BF4D813B9A379AB42F0D8D6
:109990006379AB42EDD83846F5F7A4FE06460028B9
:1099A000E7D1607901F082F90028E2D0282010F098
:1099B0003FF905460028DDD040F203134380796863
:1099C000031D386803C3B868186023882B82638836
:1099D0006B8263796B752379AB75A37985F8203039
:1099E000A06810F0B7FA064BC5E90601187B2946B6
:1099F00010F033F9BEE70C26BCE700BFB030012001
:109A0000F030012008B5042010F012F9014678B1B9
:109A1000084B93F82B30002B14BF092303238370CA
:109A20000223C370044B187BBDE8084010F015B941
:109A300008BD00BFB0300120F03001202DE9F74F04
:109A400004468946007ADFF894810021164601F029
:109A500079F8D8F820A0054601F04CF9002800F06C
:109A6000B78098F80470002F40F0B280227A12F08C
:109A7000F80F04D01227384603B0BDE8F08F002A53
:109A8000F8D04FEADA134FEA5A2A03F002030AF039
:109A9000040A43EA0A0343F001039A4340F09A8020
:109AA000D8F8203060785B0654BF01230323984226
:109AB000E0D8A2789A42DDD82378012BDAD801F0D9
:109AC000F5F80028D6D009F1020B4FF0000A5545F1
:109AD0004FF00C0251D84FF0000A88F80CA0257AFC
:109AE00015F001055FD05046F7F736FF98F80C30B7
:109AF000324601334946504688F80C30F7F742FFAA
:109B00000125217A11F0020156D00C2202FB0562D8
:109B100000210120F7F736FF0135217A11F0040109
:109B20004FD00220F7F718FF98F80C300C220133C1
:109B300088F80C3002FB056209EB85010220F7F77B
:109B400021FF182010F074F80546002893D040F249
:109B5000091343802378037163784371A378837179
:109B6000606810F0F7F9C5E90201237A2B741A4BEB
:109B70002946187B10F071F87DE702FB0A60F5F7C3
:109B8000B1FD00287FF476AFBBF800303BF8021C33
:109B90009942FFF46FAF032B0BF1040B7FF66AAF12
:109BA0000AF1010A93E72846F7F7E0FE3246294614
:109BB0002846F7F7E7FEA4E732460120F7F7E2FE72
:109BC000ABE702200191F7F7D1FE01993246B5E7E4
:109BD0000C2750E711274EE7F0300120B03001206C
:109BE00010B51B210446F5F7A7FD01281BD00F4B2C
:109BF0001B689B7EA34201D8022010BD2046F5F7CA
:109C0000CFFF0028F8D0042010F012F801460028F9
:109C1000F3D041F601334380054B0480187B10F0EC
:109C20001CF80020E9E70C20E7E700BF78300120AE
:109C3000F0300120022916D0032917D10530012A5E
:109C40000BBF0001800100F5BF7000F5C870094B23
:109C500000F26930A0FB0303800F40EA830040F26A
:109C60007123584370470B308000F0E70A30C00082
:109C7000EDE700BFE3361A00194B806A9A8870B589
:109C800001325C8892B29A800CB1A24225D221BBEB
:109C90001C78012C1FD19D7B427895421BD1426ECE
:109CA0005E7B1578AE4216D11D7B5278954212D15B
:109CB000DD7B027B95420ED1DA69996904FA02F5DF
:109CC000013202F01F02DA61064A074B0D4218BF4B
:109CD000134683602146084670BD0021FBE700BFA4
:109CE0008C30012055555500AAAAAA000F4B29B166
:109CF000042914D05A8901325A8102E0DA880132EB
:109D0000DA80598831B11889DA88024458890244C6
:109D1000914208D91878831E5842584170471A89D1
:109D200001321A81EDE70020704700BF8C3001201E
:109D30000346104610B400F8021B5370072923D8BD
:109D4000DFE801F02D040A220D1013161A460F2128
:109D50005DF8044B23F0C2BC1A465521F8E71A46B9
:109D6000FF21F5E71A460021F2E71A46F021EFE756
:109D70001A46AA21ECE700F8012B0924013C06D180
:109D8000013BDBB2FF2BF6D15DF8044B704782EA52
:109D90001211090201F4807141EA5202EEE740F229
:109DA000FF12EDE708B5054B20220021184623F0ED
:109DB00095FC4FF0FF32826108BD00BF8C3001205E
:109DC00050B10B2802D80138C0B270470C2805D01A
:109DD000262805D80238F7E7252070472620704747
:109DE000272070472DE9F74F694C019117462278DB
:109DF000012A82461D460FD8DFF8AC81D8F8003022
:109E000053B998F804603EB9012A09D1032F637B46
:109E100004D1032B00F0B9800C2627E0032BFBD0E4
:109E2000BAF1270F00F2AF80072F00F2AC806B1E53
:109E3000032B00F2A880022D1CD0EB1E012B05D8AD
:109E4000D8F8203013F4006F00F09B8012B9514B0A
:109E500062605A60032F12D101253846257067735E
:109E600002F066F888F8085000F0F0FE304603B0C3
:109E7000BDE8F08FD8F8203013F4807FE4E713F0CA
:109E80001FFF5046FFF79CFF032D05D0042D24D063
:109E9000022D25D1002300E00223019A23824FF0F6
:109EA000000A4FF0FF33C4E9063A22736773A073C8
:109EB000E57313F007FF2378012BD7D02C200FF088
:109EC00067FE814638B1C0200FF062FE054648B9F2
:109ED00048460FF07FFE1F26C8E703250123DCE775
:109EE0000125D7E751462C22484623F0F7FB51467F
:109EF000C022284623F0F2FBBDF8302062804FF0EC
:109F0000020B254AC9F81820C9F8285089F815B05D
:109F100085F800A0A27B6A70204B214A2148286660
:109F2000C5E9013298F82820AA70E17B6973227C88
:109F3000297340F2011AAA73207BA5F868A0FFF7E5
:109F400079FEA5F86A0050460FF022FE02466866C8
:109F500018B928460FF03EFEBAE701983946FFF7D8
:109F6000E7FEB5F86A2062610122227088F80820B5
:109F700000F06CFE584601F0DBFF484602F062FA42
:109F800074E7112672E7302670E727284DE700BFF7
:109F90008C3001209030012059A1040029417671B4
:109FA00055555500799C0400B030012007B5009349
:109FB0000123FFF717FF03B05DF804FB2DE9F84F0D
:109FC000DFF828819B46D8F8003082460E46002BE9
:109FD0007CD1DFF81C9198F8043099F800501D43AB
:109FE00074D1272874D84B1E022B71D8012A6FD840
:109FF000022910D0032915D02C200FF0C9FD0746E7
:10A0000038B1C0200FF0C4FD044680B938460FF0C7
:10A01000E1FD1F2557E0D8F8203013F4807FEBD105
:10A02000112550E0D8F8203013F4006FF7E72C2208
:10A030000021384623F052FBC0220021204623F0A5
:10A040004DFB5046FFF7BCFE022E02D0032E18BF78
:10A050000126204BBB61204A204BBC624FF0020A14
:10A0600087F815A0A9F802B0C4E901234FF0010B4D
:10A070001B4B607084F800B01B6866732673DB8D21
:10A080004FF47A725343236640F20110154BA4F843
:10A090006C0063660FF07CFDA06618B920460FF0D7
:10A0A00099FDB3E789F800A088F808B000F0CEFD6C
:10A0B0000D4A0023C9F804305046536001F038FFC0
:10A0C000384602F0BFF92846BDE8F88F0C25FAE7BC
:10A0D0003025F8E739A2040029417671555555001D
:10A0E00078300120ED9C040090300120B030012038
:10A0F0008C3001200B4600220121FFF75FBF0000DA
:10A1000038B5124D2B78012B04460CD1687B0328FF
:10A110000DD101F023FF0E4B00242C701C7200F0B7
:10A120009DFD204638BD022B0DD101F069FF0323B0
:10A13000084A2B701CB1134603CB206061600020DD
:10A1400068605060EEE70C20ECE700BF8C30012027
:10A15000B0300120903001202DE9F843334D846A5E
:10A16000AB886A8801339BB20646AB8022B193422A
:10A1700002D30020FFF7C4FF2B78676E012B2FD18D
:10A18000AB7B607895F80D9095F80C80E97B2A8A76
:10A1900098420BD13878484508D17878404505D1A8
:10A1A000207B884202D1A07B904214D063700023B0
:10A1B000D2B2E37308F1020361732173A273A4F8AE
:10A1C00068304046FFF736FD3A46A4F86A00494633
:10A1D0004046FFF7ADFD3046BDE8F84302F032B926
:10A1E00038460FF0F7FC20460FF0F4FC30460FF035
:10A1F000F1FC022001F0B2FE287804280CD10FF007
:10A2000017FD014680B140F205134380084B187BCF
:10A21000BDE8F8430FF021BD064A002313722B70EE
:10A22000BDE8F84300F01ABDBDE8F8838C3001208A
:10A23000F0300120B030012070B51E4C866A628873
:10A2400005464AB12189E3880B4461890B449A424F
:10A2500002D80020FFF754FF2378022B04D12846B0
:10A26000BDE8704002F0EEB8B06E0FF0B3FC3046BF
:10A270000FF0B0FC28460FF0ADFC022001F06EFE9E
:10A28000207804280CD10FF0D3FC014680B140F2B5
:10A2900005134380084BBDE87040187B0FF0DDBC10
:10A2A000064A002313722370BDE8704000F0D6BC4C
:10A2B00070BD00BF8C300120F0300120B030012093
:10A2C00008B5C07810B101280DD008BD0A4B1B7A23
:10A2D000002BFAD0FFF714FF084B1A78032AF4D1A9
:10A2E00004221A70F1E7054A00231370024A137220
:10A2F000BDE8084000F0B2BCB03001208C30012035
:10A3000008B5FFF74FFD054B054A5A61054B064A54
:10A310005A61BDE80840EAF769B800BF180C01208F
:10A32000A59D0400CC0B0120C1A204002DE9F04141
:10A330000F461821044690461D46F5F7FDF9012801
:10A3400003D10C263046BDE8F0812046F5F78EFE9D
:10A350000128F6D0184B1B689B7EA34201D8022629
:10A36000F0E72046F5F71CFC0028F8D02046F5F76A
:10A3700029FC06460028E4D11E200FF059FC0146B6
:10A380000028DFD041F60103048043803B6843602E
:10A390007B688360A0F80C8000F10E022B4605F16B
:10A3A000100053F8044B42F8044B8342F9D1034B9D
:10A3B000187B0FF052FCC5E778300120F030012007
:10A3C00008B50A4617F0B0FF002008BD38B51A4B93
:10A3D0001B689B7E834205460C4601D8022038BD8F
:10A3E000F5F7DEFB0028F9D02846F5F7EBFB01284E
:10A3F00001D00C20F3E702212846F5F735FC0028B0
:10A40000F7D014200FF014FC0028E8D041F6011317
:10A41000438005802146031D04F1100251F8044BCE
:10A4200043F8044B9142F9D1044B0146187B0FF0DD
:10A4300014FC0020D3E700BF78300120F030012069
:10A4400010B5144B1B689B7E8342044601D8022042
:10A4500010BDF5F7A5FB0028F9D02046F5F7B2FBB3
:10A46000012801D00C20F3E702212046F5F7FCFB80
:10A470000028F7D004200FF0DBFB01460028E7D0CE
:10A4800041F601234380044B0480187B0FF0E5FB69
:10A490000020DDE778300120F030012038B50C4B8A
:10A4A0001B689B7E834204460D4601D8022038BDBE
:10A4B000F5F776FB0028F9D02046F6F79DFE054A11
:10A4C000A0FB0202830D43EA82232B800020EEE7EB
:10A4D000783001206766060038B50D4B1B689B7EFF
:10A4E000834204460D4601D8022038BDF5F758FBDB
:10A4F0000028F9D04DB10A2169432046F6F788FEBD
:10A50000002814BF00201E20EFE71220EDE700BF57
:10A510007830012038B504460D4600F0EBFB60B101
:10A52000B4F5706F0BD22046F3F752FA48B12046CB
:10A530002946F3F7DBFA002038BD0C20FCE7122097
:10A54000FAE74220F8E713B50446CDE9002100F010
:10A55000D1FB38B1DDE90021204602B0BDE8104052
:10A56000F7F752BA0C2002B010BD13B50446CDE97E
:10A57000002100F0BFFB38B1DDE90021204602B028
:10A58000BDE81040F7F78CBA0C2002B010BD2DE9E1
:10A59000F04107469DF818800C4615461E4600F00F
:10A5A000A9FBA8B1022C16D8B5F5FA7F13D2A6F1F3
:10A5B0000A039BB243F6F67293420CD8CDF818808A
:10A5C00033462A4621463846BDE8F041F7F7AABA95
:10A5D0000C20BDE8F0811220FBE7000070B50646B4
:10A5E0000D46144600F086FB88B1022E11D8B5F551
:10A5F000FA7F0ED2A4F10A039BB243F6F67293429D
:10A6000007D8054B0020DE751D835C8370BD0C20D0
:10A61000FCE71220FAE700BF3031012030B541EAF3
:10A62000020424F0070420F003052C4308D1022B78
:10A6300006D80D4B5B691C0604D518B991420ED0A3
:10A64000112009E000F001030B430AD0830704D472
:10A65000002A14BF0020122030BD0020FCE7002992
:10A66000F6D11220F8E700BFB030012070B50C4BD6
:10A670001B689B7E834204460E46154601D8022085
:10A6800070BDF5F78DFA0028F9D02046F5F7D4FA19
:10A6900030702046F5F7DCFA28700020F0E700BFA4
:10A6A000783001200B4B1A6A10B5D40502F4807380
:10A6B00003D440EA0104A40707D4130507D40143D7
:10A6C00081F00401C1F3800010BD1846FCE70120B1
:10A6D000FAE700BFB030012070B50D4606461146BE
:10A6E00028461446FFF7DEFF98B10023224629468C
:10A6F0003046FFF793FF58B916F0010F064B18BF0D
:10A70000002516F0020F18BF00241E755D759C759C
:10A7100070BD1120FCE700BF303101202DE9F84366
:10A720001D46234BBDF820901B689B7E83428046CC
:10A730000F46164603D802242046BDE8F883F5F7F5
:10A740002FFA0028F7D020214046F4F7F5FF012822
:10A750002AD029463046FFF7A5FF38B34B462A4694
:10A7600031463846FFF75AFF04460028E4D117F077
:10A77000010F18BF00260A2017F0020F18BF00258E
:10A780000FF056FA01460028D6D042F2010343806A
:10A79000084BA0F80080077146718571A0F80890F9
:10A7A000187B0FF05AFAC7E70C24C5E71124C3E75A
:10A7B00078300120F030012001282DE9F3410446D2
:10A7C0000D4616461F4627D8DFF85480D8F80030CB
:10A7D00033F0FF0304D098F8293043B10C2014E083
:10A7E00098F80430002BF6D10C4B1B6883B928462F
:10A7F0000FF0B0FBCDE9006702460B462046EAF7B2
:10A8000035FA002814BF0020072002B0BDE8F0810F
:10A8100098470028DFD1EAE71220F6E7AC300120A4
:10A82000B0300120012870B504460D4618D8104EEE
:10A83000336833F0FF0304D096F829303BB10C2085
:10A840000FE03379002BF7D10A4B1B6853B9284628
:10A850000FF080FB02460B462046EAF773FA28B950
:10A86000122070BD98470028E6D1F0E70020F8E7F5
:10A87000B0300120AC30012010B50C4C236833F00F
:10A88000FF0304D094F829303BB10C2008E0237971
:10A89000002BF7D1064B1B681BB9EAF7E1F9002042
:10A8A00010BD98470028EDD1F7E700BFB030012078
:10A8B000AC30012010B50446EAF7CCF92070002036
:10A8C00010BD30B50446012C85B00846154615D894
:10A8D0000FF040FB02460B4600200021CDE90201AB
:10A8E00002A900912046EAF75BFA48B12846DDE963
:10A8F00002230FF035FB002005B030BD1220FBE72E
:10A900000220F9E730B50446012C85B0084615460B
:10A9100015D80FF01FFB02460B4600200021CDE9A1
:10A92000020102A900912046EAF749FA48B12846F7
:10A93000DDE902230FF014FB002005B030BD12202A
:10A94000FBE70220F9E70000012870B5054614D89E
:10A950000B4E336833F0FF0302D00C24204670BD49
:10A960003479002CF9D1074B1B6813B986F82950AC
:10A97000F4E798470028F9D0EFE71224EEE700BF8C
:10A98000B0300120AC30012008B5431E9BB24AF222
:10A99000B712934203D8F7F76FF9002008BD1220D1
:10A9A000FCE7000040EA0203012BF7B504460E461F
:10A9B000154622D8124F3B6833F0FF0304D097F8B6
:10A9C00029303BB10C2012E03B79002BF7D10D4B25
:10A9D0001B6873B930460FF0BDFA009502460B466E
:10A9E0002046EAF7C9F9B0FA80F04009400003B008
:10A9F000F0BD98470028E2D1ECE71220F7E700BF4E
:10AA0000B0300120AC300120F7F7ACBA70B598B087
:10AA10000B46024608AD00F12006106851682C462E
:10AA200003C40832B2422546F7D110AC03F1200529
:10AA300018685968224603C20833AB421446F7D15E
:10AA4000094B6A4603F120061546186859681446F2
:10AA500003C40833B3422246F7D1294608A8F7F7C2
:10AA600099FA18B070BD00BF6031012070B5012A9D
:10AA700098B00B4604D118B0BDE87040F7F7B2BAF1
:10AA8000024608AD00F12006106851682C4603C448
:10AA90000832B2422546F7D110AC03F12005186800
:10AAA0005968224603C20833AB421446F7D1094B1A
:10AAB0006A4603F12006154618685968144603C40F
:10AAC0000833B3422246F7D1294608A8F7F762FABD
:10AAD00018B070BD60310120084903680A685A4007
:10AAE0000A6007490A685A400A6006490A685A40DB
:10AAF0000A6005490A685A400A607047DC62002013
:10AB0000E0620020E4620020E8620020094B0A496C
:10AB100018680A68086009480168196008490B68E4
:10AB2000036082EAC22283EAD340504080EA1220C6
:10AB300008607047E4620020E0620020E8620020C4
:10AB4000DC62002043084A0803F05533C01A02F0C3
:10AB5000553261EB020100F03333800801F03332EB
:10AB600000F033308908181801F0333142EB01024C
:10AB7000030943EA02731B1842EB12124FF0013132
:10AB800003F00F3302F00F321A44A3FB013002FB33
:10AB90000100000E7047B0FBF1F07047024B1B68DC
:10ABA00003B1184718467047F030012007B500235D
:10ABB000ADF804308DF80700032301A88DF80630A6
:10ABC000FFF7ECFF03B05DF804FB07B50023ADF819
:10ABD000043004238DF807000DEB03008DF80630D8
:10ABE000FFF7DCFF03B05DF804FB1FB51C24ADF8D4
:10ABF00004008DF8090001A88DF806408DF80710B3
:10AC00008DF80810ADF80A208DF80C30FFF7C6FF5C
:10AC100004B010BD08B50A4B40220021184622F0AE
:10AC20005DFD084A0346D2E90801074A5A61C3E9B3
:10AC300008014FF0FF301F21C3E90C0108BD00BF20
:10AC4000B0300120F0300120405C1F00024A537AEE
:10AC500001335372704700BFB0300120024A537A6B
:10AC6000013B5372704700BFB0300120024A937914
:10AC700001339371704700BFB0300120024A9379CD
:10AC8000013B9371704700BFB0300120024AD37975
:10AC90000133D371704700BFB0300120024AD3792D
:10ACA000013BD371704700BFB0300120032806D8A4
:10ACB000013802280ED8DFE800F0070D0700A0F1E8
:10ACC000FF03584258417047034B587C003818BF67
:10ACD0000120704701207047B0300120044B93F8E9
:10ACE0002B201AB9012083F82A00704700207047F2
:10ACF000B0300120044B93F82A201AB9012083F8C0
:10AD00002B00704700207047B0300120F0B5D0E92B
:10AD1000007600221346C3F12005A3F1200427FA90
:10AD200003F106FA05F5294326FA04F42143C9077D
:10AD300042BF811801320B720133252BEBD180F811
:10AD40002D20F0BD07B50E4A937B0BB900B190736F
:10AD5000537B8BB1013BDBB253736BB90093ADF8FE
:10AD6000043018238DF802306846937B8DF8033049
:10AD70008DF80430FFF712FF03B05DF804FB00BF4D
:10AD8000B030012007B54FF4C81301A80193FFF7B5
:10AD900005FF03B05DF804FB4FF4B8130360FFF741
:10ADA000FDBE4FF400130360FFF7F8BE70B586B028
:10ADB0001446064616220D466846002122F08EFCF7
:10ADC0001E238DF802302388ADF80830237A8DF8E1
:10ADD00010306389ADF81230A11C237B8DF814303C
:10ADE0000DF10A008DF80460ADF806500FF07EF802
:10ADF0006846FFF7D3FE06B070BD07B54FF4F813F1
:10AE0000ADF8040068460093FFF7C8FE03B05DF894
:10AE100004FB000007B50E4AD37A0BB901B1D17219
:10AE2000937A013BDBB2937273B91B23ADF8000038
:10AE30008DF802308DF80500D37A8DF8033068461E
:10AE40008DF80430FFF7AAFE03B05DF804FB00BFE5
:10AE5000B03001201FB50024CDE901440394ADF8C2
:10AE600004008DF808001A240DF10A008DF809106D
:10AE70008DF806400FF074F801A8FFF78FFE04B0BC
:10AE800010BD07B51D23ADF800008DF8050068461C
:10AE90008DF802308DF803108DF80410FFF77EFE58
:10AEA00003B05DF804FB000008B50B4B1C22002129
:10AEB000184622F013FC094A1268D17E127F4270B4
:10AEC0001B2242804FF4A47282800322027501701B
:10AED0000A22428308BD00BF3031012078300120B2
:10AEE0000449054B0A681A604A685A6007221A81A9
:10AEF000704700BF161B07004C310120034B4FF475
:10AF000061721A6000221A71704700BF5831012027
:10AF1000044B002283F8202083F8212083F822208C
:10AF2000704700BF6031012010B50B4C802200211A
:10AF3000204622F0D3FB02231822002104F1100046
:10AF400084F8793022F0CAFB044BC4E902330723AA
:10AF500084F8203010BD00BF883101200088130024
:10AF6000022807D0032808D001280AD1C80000F51C
:10AF7000837070478800D2307047880100F26640C5
:10AF8000704796207047022805D0032807D002F1A9
:10AF90000800C000704702F10900800070470129D5
:10AFA0004FEAC2000CBF022308231B30584300F5B0
:10AFB000BC7070472DE9F84316469DF82020012A01
:10AFC000074608BF4FF04208084608BFC4469DF830
:10AFD00024101CBF4FF005084FF00A0C80B940F256
:10AFE0000114A4EB0802A4EB0C0492B2A4B29A429E
:10AFF00009D343449AB23846BDE8F843FFF7C3BFCC
:10B0000082B21446F3E7B3FBF4F904FB193364444A
:10B010009DB2A2B23846FFF7B6FF002D08BFA9F1D6
:10B0200001091FFA89F906F5967609FB06F600FB79
:10B03000096635B105EB080292B23846FFF7A3FF67
:10B0400006443046BDE8F88308B5FFF79CFF00F5DD
:10B05000967008BD0C4B984202460AD80B4BA0FBD9
:10B0600003135B081E2101FB03F0824288BF4018D6
:10B070007047074BA0FB0313032101FB0033C3F30D
:10B080008F234FF49671EEE7E1BF03001211111107
:10B090009E36D0692DE9F74F876A3B78023B05461B
:10B0A0008846072B00F21681DFE813F00800250020
:10B0B000140114015B00AB00F70009017E7B7B6E7D
:10B0C000032E14BF4FF4BC744FF441647BB197F866
:10B0D0008020387B0021FFF756FFBB6E9634044476
:10B0E0002BB1032E14BF04F20E2404F6A644EC6028
:10B0F00003B0BDE8F08F97F87820B97B387BFFF775
:10B1000042FF97F87B3003F00102C3F34006C3F31C
:10B1100080031E440446164400F0BAFF2044FFF7A3
:10B1200099FF731E00FB03447B6E002BDFD07A7BFC
:10B130009623032A06FB03F314BF4FF4BC724FF4AB
:10B1400041621C4402FB0644BA6E002ACFD097F835
:10B150008020387B00211C44FFF715FF06FB0044CC
:10B16000C5E797F87C207E7B3B6E4ABB022E1AD047
:10B17000032E1BD144F2902202614FF46D64002B28
:10B18000B5D0F97B97F87420387B002908BF0221DD
:10B19000FFF7F9FE9634022E04440AD0032E0BD09A
:10B1A00004F6DE04A3E74FF48564E8E740F64804BC
:10B1B000E5E704F2BE449AE704F58644263496E7B0
:10B1C000022E1BD044F2902440F64802032E18BFF2
:10B1D0001446002B8BD0F97B387B00294FF02402DA
:10B1E00008BF0221FFF7CFFE04F596740444102235
:10B1F00002213046FFF7C7FE044478E74FF4856428
:10B20000E7E729BB4FF0F4094FF0F1083C6F3E7BB4
:10B21000B97B5CB10D223046FFF7B5FE7B7B022B7C
:10B2200018D0032B19D000F6DE0496346A6AC2B136
:10B23000B2F800A01FFA89F9D14514D3B7F86030ED
:10B240000D2B2CBF9A440AF10D0A1FFA8AF2D0E79F
:10B250008946DBE700F2BE44E7E700F58644263482
:10B26000E3E79246EAE708F110023046FFF78BFE6B
:10B27000BAFBF8F71FFA88F91FFA87FB4FF49673A9
:10B2800009FB17A203FB0B4492B200FB0B44002AFC
:10B290003FF42DAF0D3292B2ABE7436A6BB11B881E
:10B2A000402B38BF4023BA7B387B019200220092AA
:10B2B0001146FFF77FFE044619E74023F3E77B7B47
:10B2C000022B09D0032B0AD144F2902303614FF4DF
:10B2D0006D640CE700240AE74FF4856407E740F645
:10B2E000480404E7F7B50023DFF888C01F4F009338
:10B2F000ADF804301E46984216BF0CEB83020A4696
:10B30000D26892B1013AA2FB0724A208052A28BFFD
:10B31000052202F108046C44964214F8085C05F119
:10B32000010504F8085C38BF164601330E2BE2D144
:10B3300000230F4F6D4618461946741C15F8012B53
:10B340002AB901339C42F9D8012003B0F0BD58B9A5
:10B3500037F81360314489B2013A632992B2EFD9C8
:10B36000002AF2D10120ECE70020EEE7E3361A00D4
:10B370001E1B0700083201202DE9F04F2DED028B36
:10B38000444C08EE102A83B0A278D4F804B001909F
:10B390001E46A3680F4623FA02F80125464516D239
:10B3A000012D81BF012393400BFA03F34BEA030BFA
:10B3B0000123BB4000934FF0000AA2780123D21B67
:10B3C0005FFA8AF9934099451FDB00205DE0013563
:10B3D000EDB2A6EB0806E1E703EB000E2BFA0EFE3A
:10B3E0001EF0010F1CBF0131C9B201305FFA80FEAF
:10B3F000AE45F1D30CF1010C00985FFA8CF3834257
:10B4000007DA93404B440020F0E74FF0000C614610
:10B41000F2E701BB607804EB00131B6D7BB9A678E3
:10B4200060680021F61B4FF0010C0F46009ACBB26A
:10B430009A421FDDB34003EB0902002314E0984752
:10B440005FFA8AF318EE101A324608FB030000F088
:10B45000B3FB0028E3D00AF1010AAEE7D7180CFAD3
:10B4600007F73843013301275FFA83FE7545F5D8A6
:10B470000131DBE70FB1074B5860019B043304EB4C
:10B480000313012083F80690587103B0BDEC028BC2
:10B49000BDE8F08F08320120002340F6C41290422C
:10B4A00006D9400801338842DBB202D0042BF6D122
:10B4B00000231846704700002DE9F74F2D4CA67861
:10B4C000D4F80890064429FA06FA40F6C3139A45C0
:10B4D00007464FF000054AD9F6B26560A670A84647
:10B4E0004FF0010B94F84530B3B3D4E912138945FA
:10B4F00023D048460093FFF7CFFF009B012203E0D3
:10B500000132D2B2A3EB0A035345F9D294F8463084
:10B51000BB4084F84630311ADBB20BFA00FE4FF024
:10B52000000C009101935FFA8CF3734514DA0099D3
:10B530008B4001990B44002108E00020DEE7C81889
:10B540000BFA00F048EA000801310125C8B2824236
:10B55000F5D80CF1010CE6E7074B10349C42C1D141
:10B560000DB143F8DC8C012003B0BDE8F08F284614
:10B57000FAE700BF08320120E83201202DE9F74F39
:10B580005A4CA76805460E469046A7B9031D04EB22
:10B5900003130122A160678062609F715A7160701D
:10B5A0002B1D04EB031304EB05141D719E60C4F8FE
:10B5B0004C80012711E08F421AD14FF00409434615
:10B5C000324600212846FFF7D7FE0028E8D109F1CE
:10B5D000FF3919F0FF0904D10027384603B0BDE850
:10B5E000F08F0120FFF768FF01280746E7D0F4E756
:10B5F00052D239463046FFF74FFF002848D06368E3
:10B600000093A3784FF0010E00210EFA03F2874059
:10B610000192A76061600EFA00FB8A460A46019F0C
:10B620005FFA81FCBC451CDBBAF1000F01D02F4949
:10B630004A601844A0704FF0040943463246002186
:10B640002846FFF799FE0028AAD109F1FF3919F021
:10B65000FF09C1D00120FFF72FFF01280746ECD0DA
:10B66000BBE7009F27FA0CF7FF070FD54FF0000943
:10B6700006E09F4067440EFA07F73A434FF0010A8D
:10B680005FFA89F75F4509F10109F2DB0131C6E78D
:10B69000E3780133E37083E782D93846FFF7FCFE95
:10B6A00081460028F4D0A07848451DD2A9EB0000BF
:10B6B000C0B2FFF701FF07464FF0040A012F8CD1FB
:10B6C0004346324649462846FFF756FE00287FF497
:10B6D00067AF0AF1FF3A1AF0FF0A3FF47DAF384630
:10B6E000FFF7EAFE0746E9E70127E5E70832012010
:10B6F0002DE9F74F644C00F1040804EB0813A2682D
:10B700005B79A5784FF00009002B00F0B68004EBC0
:10B71000001322FA05F1DB6C01278B420AD204EBFD
:10B72000081A6668DAF808108A422BD100231A46F4
:10B7300001200CE00137FFB25B1AEEE79AF8062011
:10B740001A4400FA02F226EA020601330122D9B2B3
:10B750008F42F3D842BB04EB08180023012D616827
:10B7600088F8053073D9013DEDB20120A8401E468E
:10B77000DAB2824232DA520021FA02F2D2072AD435
:10B780000133F5E71046FFF787FE0028E3D04FF0BE
:10B79000010C00222B1A0CFA00FE11460193D3B2C1
:10B7A000734513DB0029D6D06660D4E79AF80610FB
:10B7B000014419440CFA01F126EA01060133012182
:10B7C0005FFA83FB5F45F1D80132E8E701988340D7
:10B7D00018460023F4E70136F6B2D1E7002E3DD03B
:10B7E00000263246F3B298420ADD5B00013321FAAB
:10B7F00003F3DB0701D40136F4E70132D2B2FAE7F2
:10B800002ABB0023A57063609C461E464FF0010EC4
:10B81000DDB2854224DBBCF1000F00D0666000235E
:10B82000194A184692F84510DDB241B192F8461017
:10B830004908002982F8461004BFA94601200133B7
:10B840000E2B02F11002EDD108B184F8019063686B
:10B850000BB9A360A37003B0BDE8F08F0122D0E75D
:10B8600002EB450721FA07F7FF0742BF0EFA05F57D
:10B870002E434FF0010C0133CAE7E378002BEAD0E6
:10B88000013BE370E7E700BF08320120012970B5F2
:10B8900011D90346012200241D6853F8046FB542F4
:10B8A00038BF144602F1010238BF43E901659142F5
:10B8B000F2D1012C00D870BD2146EAE7F0B58FB077
:10B8C000012B0E46274B9DF8501042F2107530D1D7
:10B8D000AA42A6FB03744FEA940482BFA2FB03357D
:10B8E000AB08B4FBF3F45443A04288BF34460023B2
:10B8F0001D481D4699420BD000EB8302D2683AB135
:10B900000DF1380C6F1C0CEB850545F8382CFDB299
:10B9100001330E2BEED129466846FFF7B7FF002210
:10B92000954216D8B442234628BF334618460FB076
:10B93000F0BDAA42A0FB03744FEA940482BFA2FBAD
:10B940000335AB08B4FBF3F45443A04288BFA418FA
:10B95000CDE750F8043BA34201D3B342E6D901320C
:10B96000DEE700BFE3361A000832012002484FF438
:10B970009272002121F0B2BE08320120074BA0FBD9
:10B980000332920842F210735A43824204D19A421F
:10B9900038BF1A461046704718467047E3361A00FB
:10B9A00073B50D460446194610462B4649F64042EB
:10B9B00042F21075012B18BF2A460094079EFFF72C
:10B9C0007DFF054601462046FFF78CFC98B1069A9C
:10B9D00029462046FFF7D2FD01280CD1074B0899D4
:10B9E00003EB041203EB840411651A78E56001325D
:10B9F0001A7006B1356002B070BD00BF0832012078
:10BA000037B504460094084611461A460023FFF74E
:10BA100055FF054601462046FFF764FC70B1084B10
:10BA200003EB84032046DD60079B1D60FFF760FE8B
:10BA3000069A29462046FFF7A1FD012003B030BD3C
:10BA40000832012070470000054A831C02EB830383
:10BA5000002159601378013B1370FFF749BE00BF06
:10BA6000083201202DE9F74F424C1746A378A2680F
:10BA700022FA03F92378012B88460BD804EB011333
:10BA80001C46DB6CA26C0146384603B0BDE8F04FA3
:10BA900000F0ECB8607804EB00131B6D63B3002179
:10BAA00098470646A3684BB308F1040204EB021260
:10BAB0005379012B22D19379494659430B4608BF4C
:10BAC0009368F51808F1040804EB0816394628466F
:10BAD00000F0FEFA002848D004EB08143946284646
:10BAE00000F0F6FAA368984242D83946284603B0D7
:10BAF000BDE8F04F00F0ECBA3E46D3E7E578A27817
:10BB000040F6A6630193013D0123EDB293404FF04F
:10BB1000000AFDB9DFF85CB09BF8463053450FD101
:10BB20009BF84530012B0BD1DBF8503043B101A914
:10BB3000E8B2984700F0ACFA019B3230034401931D
:10BB400001350E2D0BF1100BE6D1019BF51809FB09
:10BB50000A55B7E70AF1010A5FFA8AFA013DEDB228
:10BB60009A45A8BF4FF0000AD3E7B3681D44ADE77C
:10BB7000ED1AB3E70832012002489022002121F09B
:10BB8000ADBD00BF2C33012070B5064C050104EBA0
:10BB9000001001264370049B6655C0E90112C36082
:10BBA00070BD00BF2C330120024B000100221A544B
:10BBB000704700BF2C3301202DE9F84F00EB020B3A
:10BBC00080460E4600F064FA274C83444FF000098B
:10BBD00094F800A0BAF1010F5FFA89F50BD009F1D2
:10BBE0000109B9F1090F04F11004F1D14FF0000A75
:10BBF0005046BDE8F88FE368002BF0D06168B14291
:10BC000022D36068B04225D82846E36898470546A5
:10BC10004146284600F05CFA10BBA368EF1800F01C
:10BC200037FA59460744284600F052FA0028D6D180
:10BC30003946404600F04CFA0028D9D063689E424D
:10BC400094BFAD19ED18E8E73046FFF725FC002852
:10BC5000D7D1C4E73146FFF71FFC0028BFD0D3E798
:10BC60006368ED1AD4E700BF2C3301202DE9F04FB3
:10BC70002DED028BA1B0974D07930023CDE9093339
:10BC800006900391164601938DF82C300DF1240B8C
:10BC9000174698461C464FF001092A78012A5FFA98
:10BCA00088FA40F09580EA68002A00F0918069687F
:10BCB000B142C0F087806868B04205D93146FFF7CD
:10BCC000EBFB002800F084806A68974228BF174683
:10BCD00064B9EA6850469047AA68029002440C9002
:10BCE0000D928BF80090CDF804A0012408F1010812
:10BCF000B8F1090F05F110050BF1010BCDD1002CA6
:10BD000000F0BC80029B3B4408EE103A631E20AA60
:10BD1000039302EBC3034FF0000953F84C8C6D4BB7
:10BD20000593CB464FF0FF0A5FFA89F3049309AB02
:10BD300013F80910E9B9059B0498D96888470546A6
:10BD40000298294600F0C4F9002844D118EE101AD0
:10BD5000284600F0BDF900283FD1BAF1FF0F3ED0D0
:10BD60005846294600F0B4F9049B00281CBFAB4696
:10BD70009A46059B09F101091033B9F1090F0593A2
:10BD8000D2D1BAF1FF0F3ED00AF180030DEB0301CF
:10BD90004FF0010301F85C3C4E4B03EB0A154146A2
:10BDA0005846D5F8089000F093F9E0B120AB03EBCA
:10BDB000C401AB6841F850BC5B44013441F84C3CD1
:10BDC000E4B2A3E73046FFF767FB00287FF473AFC8
:10BDD0008BF800908AE73D44B2E7ED1BB6E7DDF84B
:10BDE00010A0AB46C5E709EB0B052846414600F01D
:10BDF0006FF9039B20AA02EBC303002808BF454646
:10BE000043F84C5C82E7CCB10C9B019A07EB030929
:10BE1000304B03EB021A41464846DAF8085000F06E
:10BE200057F988B320AB03EBC402DAF8083042F8C4
:10BE3000509C4B44013442F84C3CE4B200231D4674
:10BE40001A46013CD9B2A1422DDB079B5C0820AB0E
:10BE500003EBC202C4EB550452F84C3C1C44069858
:10BE6000214600F035F988BB069B1E44314620462A
:10BE700000F02EF960BB069BE31A0393039821B0F0
:10BE8000BDEC028BBDE8F08F4D442846414600F0E2
:10BE90001FF9039B20AA02EBC303002808BF4546F5
:10BEA00043F84C5CCAE720A80DF1800C00EBC10000
:10BEB0000CEBC10C50F8480C5CF84CCCA0EB0C001F
:10BEC00085423CBF05460A460133BBE73C44C6E712
:10BED000E41BCBE72C33012038B5084D182303FBB6
:10BEE000005304461B699847012385F8813085F883
:10BEF00080402046BDE8384015F0ACB8BC33012086
:10BF0000014B1860704700BF4034012008B515F0A0
:10BF100049F8BDE8084002488422002121F0DEBB38
:10BF2000BC330120014B5860704700BFBC33012077
:10BF300038B5094C94F88130054623B915F050F80E
:10BF40002846FFF7C9FF182305FB03302044436848
:10BF50000133436038BD00BFBC33012010B50D4B29
:10BF6000182400FB044119444A68013A4A6093F8D6
:10BF7000811071B193F8801081420AD14AB904FB53
:10BF8000013183F8812049698847BDE8104015F0E8
:10BF90002FB810BDBC33012038B5184C002384F8ED
:10BFA000823094F881302060054683B194F8803067
:10BFB0006A7D9A4214D0182202FB034300225B6977
:10BFC00084F88120984794F881304BB905E015F04A
:10BFD00007F894F88130002BE8D1687DFFF77CFFEB
:10BFE0006B7D182202FB03439B680BB128469847E0
:10BFF00094F882300BB10023236038BDBC3301209C
:10C0000010B5064C206840B1437D182202FB034363
:10C01000DB6803B198470023236010BDBC330120C7
:10C02000014B1868704700BFBC330120034B1A68EE
:10C0300012B1012283F88220704700BFBC33012077
:10C04000014B93F882007047BC33012010B5094CB6
:10C05000236833B15A7D182302FB0333E35803B13D
:10C06000984700232360012384F882306368BDE889
:10C0700010401847BC330120014B1B6818887047DB
:10C0800040340120014B1B68986870474034012000
:10C09000014B1B68D8887047403401200B4B1B684C
:10C0A0009B68834210B508D26FEA530484424FEA7A
:10C0B000530203F1010101D8084410BD0A44824231
:10C0C00024BFC01A00F1FF30F7E700BF4034012061
:10C0D00038B50D46FFF7E2FF04462846FFF7DEFFBE
:10C0E0000A4B1B689B6884424FEA530202F101022B
:10C0F00004D9201A904228BF002038BD011B91426C
:10C1000023BF01331B19181A0020F6E74034012021
:10C1100030B5054C182505FB0040C0E9021203614B
:10C12000039B436130BD00BFBC3301201823024A8A
:10C1300000FB0333D1507047BC33012020B9064ABD
:10C140001369013313617047022801BF024A536922
:10C1500001335361704700BF4434012010B5084CCF
:10C16000637A6168207A0C2202FB0343002262603A
:10C170001B6A984720780121BDE8104011F0ACBD42
:10C1800044340120094B70B50C4615460646002183
:10C190006822184621F0A2FA06708481C5812946DA
:10C1A0002046BDE8704001F057BF00BF4434012075
:10C1B0002DE9F3411A4D6F6857BB6C7A04264FF096
:10C1C0000C08022C9ABF0134E4B2002408FB04538B
:10C1D0008DF801705B6A0197ADF80270DBB101AABE
:10C1E0000DF102010DF101009847A0B101999DF8F0
:10C1F0000100696028726C72FFF7A0FF0B46BDF862
:10C2000002209DF80110204601F014FFFFF7A6FF61
:10C2100002B0BDE8F081013E16F0FF06D1D1F7E78C
:10C2200044340120032830B506D8044C0C2505FB06
:10C230000040C0E90712436230BD00BF4434012012
:10C24000014B9861704700BF44340120034B59688B
:10C2500011B90120FFF7ACBF704700BF4434012083
:10C2600010B5044608461146FFF768FF032C08D8AE
:10C27000064B0C2202FB0433DB6913B1BDE810400E
:10C280001847BDE8104008460DF0DEBC44340120DC
:10C290000B6803604160086003680BB15860704729
:10C2A000004BFBE7AC3401204B6843600160486001
:10C2B00043680BB118607047014B9860704700BF2E
:10C2C000AC340120074A03689168814206D193602B
:10C2D00013B100225A6070475360704742685A6039
:10C2E00013607047AC34012010B5044614F088FE8A
:10C2F0000146A068FFF7ECFE0446FFF7C9FEA04226
:10C300008CBF0020012010BD10B5044614F078FE4B
:10C310000146A068FFF7DCFEB0F5967F2CBFA0F5C4
:10C320009670002010BD10B5044614F069FE014659
:10C33000A068FFF7CDFE003818BF012010BD000037
:10C3400038B50546FFF7E0FF0D4B04465868A84294
:10C350000CD1C72C06D916F0ABF92046BDE8384001
:10C3600016F08CB9BDE8384000F00ABB4268AA421A
:10C3700005D11B78012B02D1FFF7C6FFE9E738BDD5
:10C38000AC34012038B5057D0B7D9D42044606D3B3
:10C3900007D142B19047231A5842584138BD012075
:10C3A000FCE70020FAE71046F8E70000034B1A7894
:10C3B00012B95868FFF798BF00207047AC340120CD
:10C3C000044A53685B68536013B100221A607047D7
:10C3D00093607047AC34012070B5194D6C6803460A
:10C3E00094B1844212D12B7843BBFFF77DFF012823
:10C3F000044609D116F05CF9FFF7E2FF6868D8B18E
:10C40000FFF782FF16F03AF9204670BD6668864253
:10C410000FD12A78012A0CD1FFF766FF01280446C4
:10C42000F2D116F045F93046FFF74CFF6B685868BB
:10C43000E5E71846FFF746FF0124E5E70024E3E7B8
:10C44000AC340120F8B5044614F0DAFD234D06465D
:10C45000FFF71EFE6B680644A66043B9C5E90144B8
:10C46000C4E900332046BDE8F840FFF769BFE7683C
:10C47000FFF70EFE6B683E4499683044FFF728FED4
:10C4800090B9FFF793FF78B169682046FFF700FF86
:10C49000E8E7D4E90267FFF7FBFD6B683E44996863
:10C4A0003044FFF715FEA0B16D68D5E90267FFF7CC
:10C4B000EFFD3E44A1683044FFF70AFE30B1D5E9F4
:10C4C0000267FFF7E5FD3E440644A6606B68002B5B
:10C4D000DFD129462046FFF7E7FEC3E7AC34012051
:10C4E0002DE9F04788B004460F46FFF71CFF20B93E
:10C4F0000026304608B0BDE8F087DFF83891D9F85B
:10C50000045035B9C9E90144C4E90055012679E070
:10C510001D46D4E90268FFF7BBFD4644A9683044D4
:10C52000FFF7D6FD50B9D9F80430AB4201D1FFF77F
:10C530003DFF29462046FFF7ABFEE7E7D5E9026855
:10C54000FFF7A6FD4644A1683044FFF7C1FD00286F
:10C5500067D02E467368BBB931463A462046FFF78E
:10C5600011FF012806460CD12F464FF000087B68CA
:10C570004DF82870EBB93846FFF72EFF0128064624
:10C580002FD0002E3ED1B3E7D4E9028AFFF780FD19
:10C590007368D04499684044FFF79AFD0028DBD0C7
:10C5A0003A4631462046FFF7EDFE0028A0D07668D7
:10C5B000D0E7D4E9026AFFF76BFD7B6856449968BF
:10C5C0003044FFF785FD0028D5D03846FFF704FF3B
:10C5D00000288DD008F10108B8F1080F7F68C6D196
:10C5E00086E7796891B12046FFF752FE6D4608F163
:10C5F0000108002755F8040BC36903B198470137B8
:10C600004745F7D12046FFF79BFE72E7296819B12D
:10C610002046FFF749FEE9E7C9E90144C4E90011F2
:10C62000E4E76B68002B7FF473AF29462046FFF7E1
:10C630003BFE6BE7AC3401202DE9F04786687318A8
:10C64000836004460F469046FFF76DFE054670B9BD
:10C65000FFF718FD40080130404501D0A66011E009
:10C6600014F0CEFC0546FFF713FD2844A060314DC1
:10C670006B6853B9C5E90144C4E900332046FFF7AC
:10C680005FFE01252846BDE8F087A1689868FFF79E
:10C690001FFD90B1D4E9029AFFF7FAFC6B68D14410
:10C6A00099684844FFF714FD38B9FFF77FFE20B1C1
:10C6B00069682046FFF7ECFDE0E7AB68D3E9029A32
:10C6C000FFF7E6FCD144A1684844FFF701FD80B9BB
:10C6D000A9682046FFF7E8FDD0E7D4F80CA0FFF7E3
:10C6E000D7FC6B68D14499684844FFF7F1FC0028F7
:10C6F000DED06D68002DB1D0D5E9029AFFF7C8FCF5
:10C70000D144A1684844FFF7E3FC30B1D5E9029A6F
:10C71000FFF7BEFCD1444844A060D4F808906A6892
:10C72000A9EB06039F42E4D89845E2D3002AD4D16E
:10C730002946CEE7AC3401202DE9F0473B4D866811
:10C74000D5F80880B3180446894617468360B8F1C7
:10C75000000F0CD1FFF7E7FDF0B1C5E90144C4E9D2
:10C7600000882046FFF7ECFD0120BDE8F087D8E9FE
:10C7700002A8FFF78DFCC244A1685044FFF7A8FC53
:10C7800040B92046FFF7CFFD30B1A9682046FFF73A
:10C790008BFDE6E7AD6815B9A6600020E5E72B68DC
:10C7A0001BBBD5F80880D4F80CA0FFF771FCA8EBF0
:10C7B0000A083146A8EB0000FFF78AFCB84228BF00
:10C7C000384631188145A1602ED8A868FFF780FC53
:10C7D00050B32046FFF7A7FD30B3FFF7E7FD18B3CE
:10C7E00029462046FFF754FDBBE7D3E9028AFFF74D
:10C7F0004FFCD0444044A0602046FFF794FD002841
:10C80000CAD0A0683146FFF763FC48450CD3874285
:10C810000AD3D4E9028AFFF73BFCD044A96840441C
:10C82000FFF756FC0028DBD02D68B4E7AC340120BC
:10C8300070B5244E72680546134613B9002420468D
:10C8400070BD9D4221D05B68F7E7FFF7EFFBF5E78E
:10C85000FFF7ECFB002CF1D02DE05368AB422846EB
:10C860000FD13378012B0CD1FFF73EFD0128044690
:10C87000F0D115F01DFF2846FFF724FD73685868B6
:10C8800013E0FFF71FFD012415E09542E5D1337851
:10C89000002BDAD12846FFF727FD01280446D7D11F
:10C8A00015F006FFFFF78CFD70680028EBD0FFF74E
:10C8B0002BFD15F0E3FEEB69002BC0D0284698470E
:10C8C000BDE700BFAC340120074B10B55C68844263
:10C8D00009D1FFF76BFD30B115F0EAFE2046BDE847
:10C8E0001040FFF72DBD10BDAC34012010B504463B
:10C8F00014F086FB0146A068FFF7EAFB0446FFF749
:10C90000C7FB0F30A0428CBF0020012010BD0000EB
:10C9100010B5044C0221A07811F0DEF963780133E0
:10C92000637010BDAC34012010B5044C0121A07817
:10C9300011F0D2F963780133637010BDAC3401207B
:10C9400038B5054614F05CFB0146A868FFF7C0FB4C
:10C95000044670B1094C2846FFF71EFB00232382D2
:10C96000FFF76EFB38B16478003C18BF0124FFF775
:10C9700047FB204638BD0124FBE700BFAC34012053
:10C98000024B0821987811F0A7B900BFAC34012000
:10C99000034B0022C3E901221A70DA605A61704722
:10C9A000AC34012008B518220548002120F096FE7D
:10C9B000FFF7EEFF0348BDE8084015F031BE00BFA9
:10C9C000AC34012041CA040010B50446FFF7EAFF69
:10C9D000034B04489C70BDE81040FFF7A3BA00BFAA
:10C9E000AC34012029C9040010B50C4C63685B68A5
:10C9F0000BB9012010BDFFF703FBA078042111F053
:10CA00006BF963780133637001232370636858689E
:10CA1000FFF796FF0028ECD12070EBE7AC34012043
:10CA200010B5064C606808B9012010BD01232370C1
:10CA3000FFF786FF0028F7D12070F6E7AC3401201D
:10CA400073B5224C6378656883B1A078082111F032
:10CA500043F96269238A013201336261E2899BB240
:10CA60009A42238200D2E38102B070BD2378E3B9F9
:10CA7000FFF7D6FF08B9FFF74BFF6C68002CF3D027
:10CA800014F0BEFA0146A068FFF722FBB0F5967FCE
:10CA900017D3B0F59670019013D015F009FE0198E8
:10CAA00002B0BDE8704015F0E9BD6E682B7D327DA7
:10CAB0009A42CAD2FFF798FF08B9FFF729FF7468B6
:10CAC000DCE702B0BDE87040FFF75ABFAC3401208C
:10CAD0002DE9F041044614F093FA244D07464FF037
:10CAE00000084CB914F08CFA3946FFF7F1FAAB891B
:10CAF000834238BFA88102E06E6816B92E80BDE877
:10CB0000F081E0070ED585F80080FFF759FCB36986
:10CB10000BB1304698476B78013B6B7024F00104F1
:10CB2000A4B2DEE7A1070BD5FFF74AFCF3690BB10E
:10CB3000304698476B78013B6B7024F00204EFE7B6
:10CB400062070BD5FFF73CFCB3690BB13046984741
:10CB50006B78013B6B7024F00404E1E72307C0D538
:10CB6000FFF76EFF24F00804DAE700BFAC340120C1
:10CB70000020704730B5002310C920CA641910C0C6
:10CB800010C920CA6C4110C010C920CA6C4110C025
:10CB900010C920CA6C4110C010C920CA6C4110C015
:10CBA00010C920CA6C4110C010C920CA6C4110C005
:10CBB00010C920CA6C4110C05B41184630BD30B569
:10CBC000002310C920CA641B10C010C920CAAC4180
:10CBD00010C010C920CAAC4110C010C920CAAC4155
:10CBE00010C010C920CAAC4110C010C920CAAC4145
:10CBF00010C010C920CAAC4110C010C920CAAC4135
:10CC000010C05B41B3FA83F0400930BD20220021FF
:10CC100020F064BD031F1C3053F8042F1AB983425F
:10CC2000FAD10120704700207047002351F82320DB
:10CC300040F823200133082BF8D1704710B500F1DC
:10CC40002003203153F8044D51F8042D944204D8A8
:10CC500005D38342F6D1002010BD0120FCE74FF040
:10CC6000FF30F9E700F120030022834200D1704732
:10CC700053F8041D42EA51021A60CA07F5E70000A2
:10CC8000F0B589B0FFF7D1FFCB6A03930B6B049328
:10CC90004B6B05938B6B06930C4606460027CB6BBC
:10CCA00007936A4669466846CDE901770097FFF722
:10CCB00061FF6A46054631463046FFF75BFF236B4E
:10CCC0000393636B0493A36B0593E36B05446A467C
:10CCD00069466846CDE90637FFF74CFF6A460544CA
:10CCE00031463046FFF746FF236A0093636A01939B
:10CCF000A36A0293A36B06930544E36B07936A460A
:10CD000031463046CDE904770397FFF733FF636A76
:10CD10000093A36AA26B0193E36A02930492636B8C
:10CD2000E26B0393CDE905230544236A07936A4622
:10CD300031463046FFF71EFFE36A0093236B0193F1
:10CD4000636B0293236A06930544A36A07936A46BA
:10CD500031463046CDE904770397FFF730FF236B68
:10CD60000093636B0193A36B0293E36B0393636A7A
:10CD700006932D1AE36A07936A4631463046CDE999
:10CD80000477FFF71CFF636B0093A36B0193E36BC6
:10CD90000293236A0393636A0493A36A2D1ACDE96D
:10CDA00005376A46236B079331463046FFF707FF86
:10CDB000A36B0093E36BCDE90137636A0393A36A26
:10CDC0000493E36A2D1ACDE905376A46636B07932E
:10CDD00031463046FFF7F3FE2D1A0C4C0DD42DB919
:10CDE00031462046FFF72AFF01280DD02246314662
:10CDF0003046FFF7E4FE2D1AF1E722463146304671
:10CE0000FFF7B8FE2D18F8D409B0F0BDAC1B070031
:10CE10002DE9F04F91B007EE900A684600F1180036
:10CE200002F1180218C9C0CAA3FB06BC40F804BB33
:10CE30004FF0000AA3FB07B91CEB0B0C49F10009EA
:10CE4000A4FB06BE1CEB0B0C59EB0E094AF1000AC1
:10CE500040F804CBA4FB07CE19EB0C094AEB0E0AF1
:10CE6000A0E80006A0F11C00A2F11402B2E8C00183
:10CE700020C9A3FB06BC40F804BB4FF0000AA3FB8B
:10CE800007B91CEB0B0C49F10009A4FB06BE1CEB17
:10CE90000B0C59EB0E094AF1000A40F804CB4FF095
:10CEA000000BA3FB08CE19EB0C095AEB0E0A4BF151
:10CEB000000BA4FB07CE19EB0C095AEB0E0A4BF141
:10CEC000000BA5FB06CE19EB0C095AEB0E0A4BF131
:10CED000000B40F8049B08C94FF0000CA4FB08E9C4
:10CEE0001AEB0E0A5BEB090B4CF1000CA5FB07E9F2
:10CEF0001AEB0E0A5BEB090B4CF1000CA3FB06E9E5
:10CF00001AEB0E0A5BEB090B4CF1000CD0F800E0B9
:10CF10001AEB0E0A5BF1000B4CF1000C40F804AB6D
:10CF200010C94FF0000EA5FB089A1BEB090B5CEB38
:10CF30000A0C4EF1000EA3FB079A1BEB090B5CEBEE
:10CF40000A0C4EF1000EA4FB069A1BEB090B5CEBDE
:10CF50000A0C4EF1000ED0F800901BEB090B5CF1AF
:10CF6000000C4EF1000E40F804BB40CA4FF000091F
:10CF7000A5FB06AB1CEB0A0C5EEB0B0E49F100099E
:10CF8000A3FB08AB1CEB0A0C5EEB0B0E49F100098E
:10CF9000A4FB07AB1CEB0A0C5EEB0B0E49F100097E
:10CFA000D0F800A01CEB0A0C5EF1000E49F100095C
:10CFB00040F804CB80CA4FF0000AA5FB07BC1EEB6B
:10CFC0000B0E59EB0C094AF1000AA3FB06BC1EEB41
:10CFD0000B0E59EB0C094AF1000AA4FB08BC1EEB2E
:10CFE0000B0E59EB0C094AF1000AD0F800B01EEB09
:10CFF0000B0E59F100094AF1000A40F804EB4FF01A
:10D00000000BA3FB07CE19EB0C095AEB0E0A4BF1F0
:10D01000000BA4FB06CE19EB0C095AEB0E0A4BF1E0
:10D02000000B40F8049BA4FB07E91AEB0E0A4BEB3C
:10D03000090BA0E8000CA0F13400A1F11401A2F149
:10D04000200238C9B2E8C001A3FB06BC40F804BB0B
:10D050004FF0000AA3FB07B91CEB0B0C49F10009C8
:10D06000A4FB06BE1CEB0B0C59EB0E094AF1000A9F
:10D0700040F804CB4FF0000BA3FB08CE19EB0C09D2
:10D080005AEB0E0A4BF1000BA4FB07CE19EB0C096F
:10D090005AEB0E0A4BF1000BA5FB06CE19EB0C095F
:10D0A0005AEB0E0A4BF1000B40F8049B08C94FF0F5
:10D0B000000CA4FB08E91AEB0E0A5BEB090B4CF120
:10D0C000000CA5FB07E91AEB0E0A5BEB090B4CF110
:10D0D000000CA3FB06E91AEB0E0A5BEB090B4CF103
:10D0E000000CD0F800E01AEB0E0A5BF1000B4CF1DB
:10D0F000000C40F804AB10C94FF0000EA5FB089AD5
:10D100001BEB090B5CEB0A0C4EF1000EA3FB079A1C
:10D110001BEB090B5CEB0A0C4EF1000EA4FB069A0C
:10D120001BEB090B5CEB0A0C4EF1000ED0F80090E3
:10D130001BEB090B5CF1000C4EF1000E40F804BB38
:10D1400020C94FF00009A3FB08AB1CEB0A0C5EEBF7
:10D150000B0E49F10009A4FB07AB1CEB0A0C5EEBBC
:10D160000B0E49F10009A5FB06AB1CEB0A0C5EEBAC
:10D170000B0E49F10009D0F800A01CEB0A0C5EF17F
:10D18000000E49F1000940F804CB08C94FF0000A2D
:10D19000A4FB08BC1EEB0B0E59EB0C094AF1000A6C
:10D1A000A5FB07BC1EEB0B0E59EB0C094AF1000A5C
:10D1B000A3FB06BC1EEB0B0E59EB0C094AF1000A4F
:10D1C000D0F800B01EEB0B0E59F100094AF1000A2D
:10D1D00040F804EB10C94FF0000BA5FB08CE19EB8B
:10D1E0000C095AEB0E0A4BF1000BA3FB07CE19EB0F
:10D1F0000C095AEB0E0A4BF1000BA4FB06CE19EBFF
:10D200000C095AEB0E0A4BF1000BD0F800C019EBD9
:10D210000C095AF1000A4BF1000B40F8049B40CA7C
:10D220004FF0000CA5FB06E91AEB0E0A5BEB090BAD
:10D230004CF1000CA3FB08E91AEB0E0A5BEB090B9F
:10D240004CF1000CA4FB07E91AEB0E0A5BEB090B8F
:10D250004CF1000CD0F800E01AEB0E0A5BF1000B69
:10D260004CF1000C40F804AB80CA4FF0000EA5FB57
:10D27000079A1BEB090B5CEB0A0C4EF1000EA3FBAB
:10D28000069A1BEB090B5CEB0A0C4EF1000EA4FB9B
:10D29000089A1BEB090B5CEB0A0C4EF1000ED0F860
:10D2A00000901BEB090B5CF1000C4EF1000E40F8F6
:10D2B00004BB52F8048B4FF00009A5FB08AB1CEB34
:10D2C0000A0C5EEB0B0E49F10009A3FB07AB1CEB4C
:10D2D0000A0C5EEB0B0E49F10009A4FB06AB1CEB3C
:10D2E0000A0C5EEB0B0E49F10009D0F800A01CEB14
:10D2F0000A0C5EF1000E49F1000940F804CB40CA67
:10D300004FF0000AA5FB06BC1EEB0B0E59EB0C09F7
:10D310004AF1000AA3FB08BC1EEB0B0E59EB0C09EB
:10D320004AF1000AA4FB07BC1EEB0B0E59EB0C09DB
:10D330004AF1000AD0F800B01EEB0B0E59F10009BB
:10D340004AF1000A40F804EB80CA4FF0000BA5FB3D
:10D3500007CE19EB0C095AEB0E0A4BF1000BA3FB9D
:10D3600006CE19EB0C095AEB0E0A4BF1000BA4FB8D
:10D3700008CE19EB0C095AEB0E0A4BF1000BD0F852
:10D3800000C019EB0C095AF1000A4BF1000B40F8F0
:10D39000049B4FF0000CA3FB07E91AEB0E0A5BEBB2
:10D3A000090B4CF1000CA4FB06E91AEB0E0A5BEB2F
:10D3B000090B4CF1000C40F804ABA4FB079A1BEBE3
:10D3C000090B4CEB0A0CA0E8001817EE900A69460E
:10D3D000FFF756FC11B0BDE8F08F2DE9F04F91B08A
:10D3E00007EE900A68460CC901F1100160C900F10E
:10D3F0001800A2FB058940F8048BA2FB06CA19EBB2
:10D400000C094AF1000A40F8049BA3FB06891AEBB9
:10D41000080A49F1000BA0E8000CA0F12800A1F1D6
:10D420002001FCC9A2FB02BC40F804BB4FF000097C
:10D43000A2FB03AB1CEB0A0C5BF1000849F10009ED
:10D440001CEB0A0C58EB0B0849F1000940F804CB1F
:10D450004FF0000AA2FB04BC1BEB0B0B5CEB0C0CAB
:10D460004AF1000A18EB0B0859EB0C094AF1000AC3
:10D47000A3FB03BC18EB0B0859EB0C094AF1000A9B
:10D4800040F8048B4FF0000CA2FB058BDE46E3FB5B
:10D49000048BDE4588BF4CF1000C18EB08085BEBF1
:10D4A0000B0B4CEB0C0C18EB09085BEB0A0B4CF16B
:10D4B000000C40F8048B4FF0000AA2FB0689CE4610
:10D4C000E3FB0589CE4588BF4AF1000A18EB08083E
:10D4D00059EB09094AEB0A0ACE46E4FB0489CE451A
:10D4E00088BF4AF1000A18EB0B0859EB0C094AF106
:10D4F000000A40F8048B4FF0000CA2FB078BDE46BD
:10D50000E3FB068BDE4588BF4CF1000CDE46E4FBF6
:10D51000058BDE4588BF4CF1000C18EB08085BEB6F
:10D520000B0B4CEB0C0C18EB09085BEB0A0B4CF1EA
:10D53000000C40F8048B04C94FF0000AA3FB0789D4
:10D54000CE46E4FB0689CE4588BF4AF1000AD0F8F2
:10D5500000E018EB0E0859F100094AF1000A18EB37
:10D56000080859EB09094AEB0A0ACE46E5FB05898A
:10D57000CE4588BF4AF1000A18EB0B0859EB0C099D
:10D580004AF1000A40F8048B4FF0000CA3FB028B19
:10D59000DE46E4FB078BDE4588BF4CF1000CDE461F
:10D5A000E5FB068BDE4588BF4CF1000CD0F800E0AF
:10D5B00018EB0E085BF1000B4CF1000C18EB08089F
:10D5C0005BEB0B0B4CEB0C0C18EB09085BEB0A0B41
:10D5D0004CF1000C40F8048B08C94FF0000AA4FB82
:10D5E0000289CE46E5FB0789CE4588BF4AF1000A8D
:10D5F000D0F800E018EB0E0859F100094AF1000AD2
:10D6000018EB080859EB09094AEB0A0ACE46E6FB73
:10D610000689CE4588BF4AF1000A18EB0B0859EB82
:10D620000C094AF1000A40F8048B4FF0000CA4FBEF
:10D63000038BDE46E5FB028BDE4588BF4CF1000C18
:10D64000DE46E6FB078BDE4588BF4CF1000CD0F8C8
:10D6500000E018EB0E085BF1000B4CF1000C18EB2E
:10D6600008085BEB0B0B4CEB0C0C18EB09085BEBA5
:10D670000A0B4CF1000C40F8048B4FF0000AA5FB9C
:10D680000389CE46E6FB0289CE4588BF4AF1000AEF
:10D6900018EB080859EB09094AEB0A0ACE46E7FBE2
:10D6A0000789CE4588BF4AF1000A18EB0B0859EBF1
:10D6B0000C094AF1000A40F8048B4FF0000CA6FB5D
:10D6C000038BDE46E7FB028BDE4588BF4CF1000C86
:10D6D00018EB08085BEB0B0B4CEB0C0C18EB090878
:10D6E0005BEB0A0B4CF1000C40F8048B4FF0000888
:10D6F000A7FB031A49185AEB0A0A48F100081BEB6A
:10D70000010B5CEB0A0C48F10008A2FB021A1BEBB0
:10D71000010B5CEB0A0C48F1000840F804BB4FF029
:10D72000000BA2FB031A49185AEB0A0A4BF1000B33
:10D730001CEB010C58EB0A084BF1000B40F804CB32
:10D74000A3FB031A18EB01085BEB0A0BA0E8000926
:10D7500017EE900A6946FFF793FA11B0BDE8F08F13
:10D7600070B588B006460D46684611461446FFF768
:10D7700034FE6A4631463046FFF74AFB2246694688
:10D780006846FFF745FB6A4629462846FFF740FBF7
:10D7900008B070BD0B1F1C3153F8042F120E027716
:10D7A0005A8842771A68120A82771A68C2778B42BF
:10D7B000A0F10400F0D1704701F11C0304381A688D
:10D7C0008B4212BA40F8042FA3F10403F7D170473B
:10D7D00008B50146FFF71EFA30B101F12000FFF74E
:10D7E00019FA003818BF012008BD000010B5044622
:10D7F000FFF7E5F930B121462046034ABDE8104065
:10D80000FFF7B8B910BD00BFAC1B0700F0B5144658
:10D8100089B006460F460246214668461D46FFF778
:10D82000E5FF69466846FFF7D8FD6A46314630464F
:10D83000FFF7EEFA6A4621462046FFF7E9FA3A4634
:10D8400029462846FFF7D2FF29466846FFF7C5FD5F
:10D85000324669466846FFF7C9FF22466946684670
:10D86000FFF7C4FF324621462046FFF7BFFF22469E
:10D8700039463846FFF7CCFA6A4631462046FFF76C
:10D88000B5FF224629462846FFF7C2FA3A462946FE
:10D890002846FFF7ABFF69462046FFF7C6F909B0F7
:10D8A000F0BD000010B50446FFF764F928B9074938
:10D8B0002046FFF7C3F9002806DB21462046034A2D
:10D8C000BDE81040FFF77BB910BD00BFAC1B0700DF
:10D8D000F0B5144699B005460F4602462146684603
:10D8E0001E46FFF783FF69466846FFF776FD6A46E6
:10D8F00029462846FFF78CFA6A4621462046FFF75C
:10D9000087FA3A4631466846FFF7CCFF3A46314639
:10D910003046FFF76BFF2A46214608A8FFF766FF4F
:10D9200008AA39463846FFF773FA2246294608A85E
:10D93000FFF7B8FF31462046FFF74FFD08AA214602
:10D940002046FFF753FF2246294610A8FFF74EFF57
:10D9500010AA31463046FFF75BFA3A463146304668
:10D96000FFF744FF694610A8FFF737FD10A908AA82
:10D970000846FFF73BFF2A4610A908A8FFF736FF25
:10D9800008A96A460846FFF743FA3A4608A9384606
:10D99000FFF72CFF10A92846FFF747F919B0F0BD93
:10D9A0002DE9F04F9246ABB00278DDF8D080044606
:10D9B0000F46042A00F25E81DFE812F00500B30092
:10D9C000D200F9000F0100F124055146284604F168
:10D9D0006406FFF72AF90AF120013046FFF725F91E
:10D9E000271D04F14409B8F1000F00F09080414672
:10D9F00012A8FFF71AF929463846FFF716F93146FB
:10DA00004846FFF712F9284612AAFFF7A9FE12A806
:10DA1000FFF700F900286CD131461AA8FFF7DDFCAA
:10DA20001AAA294622A8FFF7F3F91AA90846FFF710
:10DA3000D4FC12AA31463046FFF7EAF912A908468B
:10DA4000FFF7CBFC12AA29462846FFF72BFF12AAA4
:10DA500011461046FFF726FF12AA10462946FFF787
:10DA6000C5FE12AA29462846FFF7D2F92A462946BA
:10DA700012A8FFF717FF294612AA2846FFF712FF40
:10DA8000636AD90749D5C04A29462846FFF772F884
:10DA900080462846FFF7E6F8236C43EAC873236400
:10DAA000294612A8FFF799FC12A9084622AAFFF7F7
:10DAB0009DFE12A9084622AAFFF798FE22A9084651
:10DAC00012AAFFF793FE22AA29462846FFF7A0F9DB
:10DAD0001AAA10462946FFF789FE12A92846FFF721
:10DAE000A4F8314612A8FFF7A0F81AA93046FFF7AC
:10DAF0009CF812AA49463846FFF732FEFF23C4F8C5
:10DB000084300123237000202BB0BDE8F08F12A8D1
:10DB1000FFF77CF8012312936DE72846FFF7A2F880
:10DB2000BEE7D0F884205011012153F8203002F0D4
:10DB30001F0201FA02F21A420CBF0A460022881A9A
:10DB40004001520102F1440300F144010432043067
:10DB50002344224421442044FFF7BAFE0223D1E7A4
:10DB6000D0F884205011012153F8203002F01F0218
:10DB700001FA02F21A420CBF0A46002250018A1A28
:10DB8000520102F1440300F1440104320430234401
:10DB9000224421442044FFF739FED4F88430013B6D
:10DBA000002BC4F88430CCBF01230323AAE71A68F2
:10DBB00002F00100D24302F001024001520102F1E1
:10DBC000440300F14401043204302344224421443C
:10DBD0002044FFF77DFE042394E71D68EE4305F023
:10DBE0000105023500F104096D0100F124014A46E6
:10DBF00002A805F10408FFF7F9FDA04402A90846B0
:10DC00004246FFF705F902A908465246FFF700F918
:10DC100002A806F00106FEF7FDFF68B302A8FEF7B2
:10DC2000F5FF02A908460AF12002FFF7F1F83C3D92
:10DC300002A96219084676010192FFF7E9F806F198
:10DC4000440104364346019A2144A01904F14405D5
:10DC5000FFF7DCFD02AA29464846FFF781FD494649
:10DC60003846FEF7E2FF294607F12000FEF7DDFF08
:10DC700005232370012047E702A90AA8FEF7D5FF74
:10DC80004149DFF804B112A8FEF7CFFF1AA8FEF74A
:10DC9000BDFF012322A81A93FEF7B8FF12A90AA814
:10DCA000FEF7CCFF20B91AA902A8FEF7BEFFB8E71D
:10DCB0000A9BDA0718D40AA8FEF7D4FF1A9810F0C6
:10DCC000010305D01AA95A460846FEF753FF03463A
:10DCD0001AA80193FEF7C6FF019B002BDED0219B03
:10DCE00043F000432193D9E7129BDB0718D412A815
:10DCF000FEF7B8FF229810F0010305D022A95A467A
:10DD00000846FEF737FF034622A80193FEF7AAFF55
:10DD1000019B002BC2D0299B43F000432993BDE710
:10DD2000002818DD0AA912AA0846FEF748FF0AA82B
:10DD3000FEF798FF22A91AA8FEF780FF002804DA50
:10DD40001AA95A460846FEF715FF1AA922AA08463C
:10DD5000FEF735FFB2E712A90AAA0846FEF72FFF21
:10DD600012A8FEF77FFF1AA922A8FEF767FF002876
:10DD700004DA22A95A460846FEF7FCFE22A91AAA8E
:10DD80000846FEF71CFFB5E7AC1B0700014B186007
:10DD9000704700BFEC620020074B10B5002104461D
:10DDA0004FF4BC7218461FF099FC21460430BDE8C0
:10DDB0001040FFF701BD00BFC43401202DE9F3413D
:10DDC000294D2B78012B2BD0022B40D0002B48D192
:10DDD000281DFEF71FFF044618B1002002B0BDE861
:10DDE000F0812248291DFEF729FF01280646F4D1BB
:10DDF00005F164071D4AC5F8A47005F18408291DC2
:10DE00003846C5F8A880FEF7B5FE184AC5F8AC003C
:10DE100039464046FEF7AEFE85F8B0402E70DCE78E
:10DE2000D5F8AC30124AB3FA83F35B0905EB8303F0
:10DE300000240094D3F8A43005F1240105F1B000CA
:10DE4000FFF7AEFD0028C8D002232B70C5E705F10F
:10DE50002400FFF7BDFC10B100202870BEE70323AB
:10DE60002B700120BAE700BFC43401208C1B0700CF
:10DE70002C1B070038B5094D04460846291DFFF73D
:10DE800089FC05F124012046FFF784FC05F14401DB
:10DE900004F12000BDE83840FFF77CBCC434012009
:10DEA00010B5A8B0014618A8FFF786FC203120A8BD
:10DEB000FFF782FC18A8FFF78BFC0446002833D13B
:10DEC0001A4818A9FEF7BAFE01282AD1174820A936
:10DED000FEF7B4FE012824D120A96846FFF77DFA99
:10DEE0001C22214611A81FF0F9FB032318A908A83A
:10DEF0001093FFF772FA08A9084610AAFFF776FCFC
:10DF000008A9084618AAFEF783FF08A90846084A88
:10DF1000FFF7C8FC08A96846FEF790FEB0FA80F447
:10DF20006409204628B010BD0024FAE7AC1B0700A6
:10DF30006C1B07002DE9F0414FF4BC7206460F46FA
:10DF40001E481E4DDFF8808000211FF0C7FB4024D3
:10DF5000D8F8003019482021984758B32846FEF7D2
:10DF600059FE38BB2D62164C39462046FFF724FC7B
:10DF70003146A4F18000FFF71FFC06F12001A4F157
:10DF80006000FFF719FC04F120060E4AC5F8E440D2
:10DF900021462046C5F8E860FEF7ECFD094AC5F8C1
:10DFA000EC0021463046FEF7E5FD002385F8F03011
:10DFB000BDE8F081013CCBD1D5E700BFC4340120DE
:10DFC000683501208C1B0700EC62002007B50B4868
:10DFD000D0F8EC30026A0092B3FA83F35B0900EBED
:10DFE000830300F1240200F16401D3F8E430F0303F
:10DFF000FFF7D6FC03B05DF804FB00BFC43401207A
:10E000000149FFF7C7BB00BF28350120022910B521
:10E0100014461A4608D0052908D0012908D1002144
:10E02000FEF71EF9204610BD0121F9E70321F7E7AD
:10E030000020F8E70139C9B2022910B405D8054C0F
:10E04000615C5DF8044B12F09BBF00205DF8044B4F
:10E05000704700BFCC1B070070470000064A05232D
:10E06000118A814206D0013B13F0FF0302F11C022A
:10E07000F6D11A46104670474036012010B5094BBC
:10E0800005224FF6FF711C8A8C4204D100221882AF
:10E09000DA751A8310BD013A12F0FF0203F11C0376
:10E0A000F1D1F7E740360120427E013208B54276D1
:10E0B0000FF03FFD034A92F8BA3013B1013B82F8EA
:10E0C000BA3008BD4036012038B5044600282FD1AB
:10E0D0001C4C05234FF6FF72218A914201D0A17D8D
:10E0E00031BB013B13F0FF0304F11C04F4D1002009
:10E0F00038BD658A002DFAD0638A228A5B1B638251
:10E1000063681A70238A62681B0A43F01003537015
:10E1100063689D7063682A0ADA7061682046FFF7B9
:10E12000C3FF638A13B163682B4463600120DFE798
:10E13000658A01F075F98542DBD301F071F9054676
:10E14000D8E700BF4036012070B50E46044615469C
:10E1500001F066F9B04217D22B18C4E90053361A01
:10E1600001236682A375A870000AE870294620463C
:10E17000FFF79AFF074D95F8BA3023B12046FFF715
:10E18000A3FF0028F7D170BD29462046BDE87040A6
:10E19000FFF78ABF403601202DE9F3411B4D95F86A
:10E1A000BA3040B1184495F8BB30C0B2984228BF8D
:10E1B000184685F8BA00164F95F8BA3013B902B070
:10E1C000BDE8F0810020FFF77FFF0028F4D10DF1BA
:10E1D000070138460BF051FD04460028EFD0437884
:10E1E000867890F80380007800EB032080B2FFF778
:10E1F00035FF30B106EB0821224689B2FFF7A4FFB4
:10E20000DAE720460BF020FDD6E700BF40360120BC
:10E21000E836012038B5104C0523228A824214D1F9
:10E22000206818B10BF010FD00232360A0680025C2
:10E23000A57510B10BF008FDA5604FF6FF73607E69
:10E240002382BDE83840FFF7A7BF013B13F0FF036F
:10E2500004F11C04E1D138BD403601202DE9F04124
:10E26000437890F80080867808EB032808F440573C
:10E27000C378C8F30B080546404606EB0326FFF7B4
:10E28000EDFEB6B2044638B9002628460BF0DCFC99
:10E2900035462846BDE8F081B7F5005F3DD180687E
:10E2A00018B10BF0D1FC0023A360032EECD96B79DD
:10E2B0002F79274A07EB0327B2F8B420BFB2FB1C23
:10E2C0009342E1DAB342E4DB07F10800002180B2B7
:10E2D0000BF0B6FCA0600028D6D0431CE36080F8A9
:10E2E0000080E3684FEA18285A1CE26083F8008037
:10E2F000E36804375A1CE2601F70E3685A1CE2604E
:10E300003A121A70E0683246291D1FF0BFF9E3681F
:10E31000BF1B3344E360A782B6E7B7F5805FB3D194
:10E320008368002BB0D0838AB342ADD3C068324635
:10E33000291D1FF0ABF9E3683344E360A38A9B1BFC
:10E340009BB2A382002B9FD1A668A3609DE700BF6C
:10E35000403601200F4B4FF6FF721A829A85A3F8C0
:10E360004820A3F86420A3F880204FF0FF32C3E9CF
:10E370002322C3F894201B22A3F8B42040F20512F4
:10E380000021A3F8B820C3E92A11C3F8D81000F07F
:10E39000B3BF00BF40360120024B012283F8212089
:10E3A0000FF06EBC643F0120014BA3F8B40070472E
:10E3B0004036012030B5074DD5E9004322B1204356
:10E3C0001943C5E9000130BD24EA000023EA010138
:10E3D000F7E700BFF06200202DE9F04143780678AE
:10E3E0008478C77806EB0326B6B280463046FFF73E
:10E3F00035FE054668B304EB0724194F07F1A80062
:10E400000BF0BEFCA4B24246F0B197F8BA30DBB1D3
:10E4100021462846FFF798FE01F002F82A7E013CCB
:10E4200094FBF0F301331344DBB22B7697F8B8205A
:10E430009A4213D8EB7D8BB90A4B0121E97530461E
:10E440005B69BDE8F0411847074800210BF0FFFB6E
:10E45000E2E74046BDE8F0410BF0F6BBBDE8F081D5
:10E4600040360120643F0120E836012038B50446DB
:10E47000C81C80B20D460BF0DBFB18B10470240AF7
:10E480004470857038BD000037B5024618B1104899
:10E4900000210BF0DCFB0F4DAB7EB3B10DF107019A
:10E4A00005F110000BF0E9FB044670B1AB7E013BB7
:10E4B000AB7642780378022103EB022328462B83B4
:10E4C0000BF0CAFC20460FF03EFB03B030BD00BF8E
:10E4D0003037012020370120054B0022C3E90422F8
:10E4E00001229A769A71034A92F820201A73704793
:10E4F00020370120643F01207047000010B5054C13
:10E5000020460BF0B2FC0123A3760020BDE81040AA
:10E51000FFF7BABF2037012038B504460D4640F258
:10E5200006400321FFF7A2FF38B1C470240A04712A
:10E530004571BDE83840FFF7A7BF38BD70B5064646
:10E540000D4642F211000721FFF790FF044648B143
:10E55000C670294604300BF0C9FC2046BDE8704067
:10E56000FFF792BF70BD08B5002142F21000FFF71F
:10E570007DFF18B1BDE80840FFF786BF08BD38B57C
:10E5800005460C4642F213000E21FFF76FFF20B341
:10E59000C5702D0A0571228842712288120A827183
:10E5A0006288C2716288120A0272A2884272A288CC
:10E5B000120A8272E288C272E288120A0273228907
:10E5C00042732289120A82736289C2736289120AB3
:10E5D0000274BDE83840FFF757BF38BD2DE9F84F4A
:10E5E00007460E4642F20D001921DDF828B09DF8CD
:10E5F0002C900C9D92469846FFF738FF044690B346
:10E60000C77046713F0A360A0771867180F807A005
:10E6100080F80880594609300BF068FC84F80F90A8
:10E620002B8823742B881B0A63746B88A3746B88F4
:10E630001B0AE374AB882375AB881B0A6375EB88F0
:10E64000A375EB881B0AE3752B8923762B891B0A9C
:10E6500063766B89A3766B891B0AE3762046BDE857
:10E66000F84FFFF711BFBDE8F88F08B5002142F25F
:10E670000E00FFF7FBFE18B1BDE80840FFF704BF2E
:10E6800008BD2DE9F84F0646884642F220000E21CB
:10E69000BDF828B0BDF82CA0BDF8309017461D4637
:10E6A000FFF7E4FE08B3C67080F80580360A4FEA2B
:10E6B0001828C77145723F0A2D0A4FEA1B214FEAFD
:10E6C0001A224FEA1923067180F8068007728572B4
:10E6D00080F80BB0017380F80DA0827380F80F9062
:10E6E0000374BDE8F84FFFF7CFBEBDE8F88F38B52B
:10E6F00004460D4642F221000321FFF7B7FE38B170
:10E70000C470240A04714571BDE83840FFF7BCBEEF
:10E7100038BD70B506460D4642F222000621144669
:10E72000FFF7A4FE60B1C6704571360A2D0AC471A8
:10E73000240A067185710472BDE87040FFF7A4BE1B
:10E7400070BD38B505460C4642F224000421FFF79F
:10E750008DFE48B1C57044712D0A240A057184717B
:10E76000BDE83840FFF790BE38BD38B505460C46C9
:10E7700042F226004021FFF779FEC0B12B46C21CB1
:10E7800005F1200153F8045B42F8045B8B42F9D198
:10E79000214600F1230304F1200251F8044B43F811
:10E7A000044B9142F9D1BDE83840FFF76DBE38BD4A
:10E7B00008B5002142F22F00FFF758FE18B1BDE85E
:10E7C0000840FFF761BE08BD38B505460C4642F269
:10E7D00017002021FFF74AFEC0B12B46C21C05F1ED
:10E7E000100153F8045B42F8045B8B42F9D12146D7
:10E7F00000F1130304F1100251F8044B43F8044BE9
:10E800009142F9D1BDE83840FFF73EBE38BD10B5A2
:10E810000221044642F21B00FFF728FE30B1C4700B
:10E82000240A0471BDE81040FFF72EBE10BD38B5B4
:10E8300005460C4642F21A001221FFF717FE80B17E
:10E84000C5702D0A05712146431D04F1100251F8CF
:10E85000044B43F8044B9142F9D1BDE83840FFF72F
:10E8600013BE38BD08B5002142F21800FFF7FEFDC7
:10E8700018B1BDE80840FFF707BE08BD08B5002184
:10E8800042F20200FFF7F2FD18B1BDE80840FFF7C1
:10E89000FBBD08BD08B5002142F20300FFF7E6FD0D
:10E8A00018B1BDE80840FFF7EFBD08BD08B500216D
:10E8B00042F21C00FFF7DAFD18B1BDE80840FFF78F
:10E8C000E3BD08BD08B5002142F20F00FFF7CEFD01
:10E8D00018B1BDE80840FFF7D7BD08BD70B50646C2
:10E8E0000D4642F212000721FFF7C0FD044648B171
:10E8F000C670294604300BF0F9FA2046BDE8704096
:10E90000FFF7C2BD70BD10B50121044642F20A00F6
:10E91000FFF7ACFD20B1C470BDE81040FFF7B4BDF7
:10E9200010BD70B505460E4642F208002021FFF7E3
:10E930009DFD044688B1031DC5702A463146184620
:10E940001EF0A4FEC5F11F02284400211EF0C6FEE1
:10E950002046BDE87040FFF797BD70BD2DE9F74F29
:10E9600006460D4699460F219DF83030DDF834B04B
:10E970009DF838809DF83C70019342F20600924663
:10E98000FFF774FD044600B3C6704571019B80F823
:10E9900007A0360A2D0A0671857180F808900A30A2
:10E9A0006372BBF1000F0DD059460BF09FFA04F1D2
:10E9B000100080F800804770204603B0BDE8F04F9B
:10E9C000FFF762BD0BF09FFAF3E703B0BDE8F08FED
:10E9D00010B50821044642F20100FFF747FD48B197
:10E9E0002268C0F803206268C0F80720BDE8104024
:10E9F000FFF74ABD10BD38B50621054642F20500B5
:10EA0000FFF734FD044640B1294603300BF06EFA9F
:10EA10002046BDE83840FFF737BD38BD38B505465C
:10EA20000C4642F20C000221FFF720FD28B1C57010
:10EA30000471BDE83840FFF727BD38BD2DE9F84324
:10EA400080460E4642F20B0007219DF820901546A5
:10EA50001F46FFF70BFD70B106718571360A2D0A4E
:10EA600080F803804671C571077280F80990BDE88F
:10EA7000F843FFF709BDBDE8F88370B505460E46BB
:10EA800042F209002021FFF7F1FC044688B1031D82
:10EA9000C5702A46314618461EF0F8FDC5F11F0222
:10EAA000284400211EF01AFE2046BDE87040FFF702
:10EAB000EBBC70BDF8B506460F4642F219001C21AA
:10EAC00015461C46FFF7D2FCD0B1C670360A067157
:10EAD0003B68C0F805307B6845732D0AC0F80930E3
:10EAE0008573234600F10F0204F1100153F8044B23
:10EAF00042F8044B8B42F9D1BDE8F840FFF7C4BCA3
:10EB0000F8BD08B5002141F20900FFF7AFFC18B1CC
:10EB1000BDE80840FFF7B8BC08BD08B5002141F2C8
:10EB20000100FFF7A3FC18B1BDE80840FFF7ACBC3B
:10EB300008BD10B50221044641F20540FFF796FCDE
:10EB400030B1C470240A0471BDE81040FFF79CBCCA
:10EB500010BD000008B5074B0122002140F603401C
:10EB60009A76FFF783FC18B1BDE80840FFF78CBC2C
:10EB700008BD00BF2037012010B50821044640F62B
:10EB80000140FFF773FC48B12268C0F803206268B7
:10EB9000C0F80720BDE81040FFF776BC10BD10B5E7
:10EBA0000821044640F66340FFF760FC48B1226844
:10EBB000C0F803206268C0F80720BDE81040FFF7E6
:10EBC00063BC10BD38B505460C4640F67C400421B8
:10EBD000FFF74CFC48B1C57044712D0A240A057139
:10EBE0008471BDE83840FFF74FBC38BD2DE9F041D6
:10EBF00080460F4642F22700272115461E46FFF7A2
:10EC000035FC044600B380F80380394604300BF02D
:10EC10006DF92A4604F10A0305F1100152F8040BBC
:10EC200043F8040B8A42F9D1334604F11A0206F183
:10EC3000100153F8040B42F8040B8B42F9D1204623
:10EC4000BDE8F041FFF720BCBDE8F08170B5064695
:10EC50000D4642F228000721FFF708FC044648B1A0
:10EC6000C670294604300BF041F92046BDE87040DB
:10EC7000FFF70ABC70BD08B5002142F22900FFF77A
:10EC8000F5FB18B1BDE80840FFF7FEBB08BD08B5AD
:10EC9000002142F22A00FFF7E9FB18B1BDE8084065
:10ECA000FFF7F2BB08BD10B50121044642F22D006A
:10ECB000FFF7DCFB20B1C470BDE81040FFF7E4BBF8
:10ECC00010BD10B50221044642F22E00FFF7CEFB24
:10ECD00030B1C470240A0471BDE81040FFF7D4BB02
:10ECE00010BDF8B507460E4642F24E000821154603
:10ECF000FFF7BCFB044650B1C770314604300BF03F
:10ED0000F5F8A5722046BDE8F840FFF7BDBBF8BD99
:10ED100010B50221044642F26D00FFF7A7FB30B1A7
:10ED2000C470240A0471BDE81040FFF7ADBB10BDEC
:10ED300070B506460D4642F235000721FFF796FBF7
:10ED4000044648B1C670294604300BF0CFF820467F
:10ED5000BDE87040FFF798BB70BD70B506460D4624
:10ED600042F236001921FFF781FB0446002830D01B
:10ED7000C6702B8803712B881B0A43716B688371E3
:10ED80006B681B0AC371EB880372AB684372AB6894
:10ED90001B0A83726B89C3722B7B03736B7B437378
:10EDA000AB7B837329690F300BF0A0F82B7D637563
:10EDB0006B7DA375AB7DE375EB7D23762B7E637650
:10EDC0006B7EA376AB7EE3762046BDE87040FFF70E
:10EDD0005BBB70BDFB2B2DE9F84328BFFB230F461F
:10EDE000191D8046C9B242F23700DDF82090164660
:10EDF0001D46FFF73BFB044670B180F803800771A6
:10EE0000467185712A46494607301EF03FFC204670
:10EE1000BDE8F843FFF738BBBDE8F883FB2B2DE9CD
:10EE2000F84328BFFB230F46191D8046C9B242F2A2
:10EE30003800DDF8209016461D46FFF717FB044604
:10EE400070B180F803800771467185712A46494682
:10EE500007301EF01BFC2046BDE8F843FFF714BB4B
:10EE6000BDE8F88370B50D4689000646023142F2CE
:10EE700039001446FFF7FAFAE0B10571C670224670
:10EE8000034600EB8505AB4202F1060203D1BDE863
:10EE90007040FFF7F9BA12F8061C597132F8041CD9
:10EEA000997132F8041C090AD97112F8021C1972FE
:10EEB0000433E8E770BD08B5002142F23A00FFF7DD
:10EEC000D5FA18B1BDE80840FFF7DEBA08BD08B5AD
:10EED000002142F23B00FFF7C9FA18B1BDE8084033
:10EEE000FFF7D2BA08BD10B50121044642F23C003A
:10EEF000FFF7BCFA20B1C470BDE81040FFF7C4BAF8
:10EF000010BD08B5002142F23D00FFF7AFFA18B17D
:10EF1000BDE80840FFF7B8BA08BD2DE9F0418046CA
:10EF20000F4642F23E00072116461D46FFF79EFAA5
:10EF300070B1077186713F0A360A05722D0A80F892
:10EF400003804771C6714572BDE8F041FFF79CBA76
:10EF5000BDE8F081FC2A28BFFC222DE9F0410F46D4
:10EF6000D11C8046C9B242F23F001E461546FFF74B
:10EF70007DFA044668B180F80380077145712A461E
:10EF8000314606301EF082FB2046BDE8F041FFF717
:10EF90007BBABDE8F08138B505460C464FF4015008
:10EFA0000221FFF763FA28B1C5700471BDE838404B
:10EFB000FFF76ABA38BD2DE9F0411C4600238046B0
:10EFC0000F4616461D4646FA03F2D20744BF0135E6
:10EFD000EDB2072B03D0042D03F10103F3D105EBB0
:10EFE0008501033142F24100FFF740FA18B380F87F
:10EFF000038007714671234602460021CCB2A54228
:10F0000003F1060303D8BDE8F041FFF73DBA13F85A
:10F01000024C947133F8064CD47133F8064C240A30
:10F02000147233F8044C547233F8044C240A94726A
:10F0300001310532E2E7BDE8F0812DE9F04180467B
:10F040000F4642F24200062116461D46FFF70EFA11
:10F0500060B14671C571360A2D0A80F803800771C8
:10F0600086710572BDE8F041FFF70EBABDE8F08188
:10F070002DE9F04100231746027A054688461E46D0
:10F0800042FA03F1C90744BF0136F6B2072B03D099
:10F09000042E03F10103F3D131010A3142F243009E
:10F0A000FFF7E4F90446002855D02B78C3706B783D
:10F0B0000371AB784371696806300AF017FF2B7A49
:10F0C0002373414623463A4604EB0616B34201F148
:10F0D000040102F10C0204D12046BDE8F041FFF723
:10F0E000D3B931F8040C587331F8040C000A987342
:10F0F00031F8020CD87331F8020C000A187432F897
:10F100000C0C587432F80C0C000A987432F80A0C83
:10F11000D87432F80A0C000A187532F8080C5875C1
:10F1200032F8080C000A987532F8060CD87532F8D7
:10F13000060C000A187632F8040C587632F8040CE3
:10F14000000A987632F8020CD87632F8020C000ADF
:10F1500018771033BAE7BDE8F0812DE9F84F824601
:10F16000894642F244000E21BDF82860BDF82C50BB
:10F170009DF8308093461F46FFF778F90446B0B1FA
:10F1800080F803A080F8049080F805B03946063076
:10F190000AF0ACFE2673A573360A2D0A6673E57372
:10F1A00084F810802046BDE8F84FFFF76DB9BDE840
:10F1B000F88F08B5002142F24500FFF757F918B162
:10F1C000BDE80840FFF760B908BD10B5022104464C
:10F1D00042F24600FFF74AF930B1C470240A0471C4
:10F1E000BDE81040FFF750B910BDF8B507460E4610
:10F1F00042F2470008211546FFF738F9044650B19E
:10F20000C770314604300AF071FEA5722046BDE891
:10F21000F840FFF739B9F8BDF8B507460E4642F297
:10F22000480008211546FFF721F9044650B1C77080
:10F23000314604300AF05AFEA5722046BDE8F84077
:10F24000FFF722B9F8BD08B5002142F24900FFF7E7
:10F250000DF918B1BDE80840FFF716B908BD08B5AB
:10F26000002142F24A00FFF701F918B1BDE8084059
:10F27000FFF70AB908BD10B50221044642F230007A
:10F28000FFF7F4F830B1C470240A0471BDE81040EF
:10F29000FFF7FAB810BD70B506460D4642F23100D0
:10F2A00003211446FFF7E2F830B1C67005714471CE
:10F2B000BDE87040FFF7E8B870BD2DE9F84305469A
:10F2C000884642F232000721BDF8206091461F4671
:10F2D000FFF7CCF870B1C57006722D0A360A0571B9
:10F2E00080F8058080F80690C7714672BDE8F84343
:10F2F000FFF7CAB8BDE8F883FFF7EEB82DE9F84F7D
:10F3000004464FF0000A14F8059B1B4EDFF86C8092
:10F310005746B9F1000F04D15046BDE8F84FFEF74B
:10F320003BBF14F8033C14F8045C14F802BC05EB72
:10F330000325ADB22846FEF791FEB0B1427E5B4692
:10F34000D21A4276027ED21A53445FFA83FAC37D00
:10F35000D2B202764BB196F8B930934205D3C77555
:10F36000D8F8142000212846904709F1FF395FFAA8
:10F3700089F90434CDE700BF40360120643F012005
:10F3800010B5064C0A46014620460AF060FC94F887
:10F3900020000121BDE810400EF09EBC643F01201A
:10F3A00037B541B18B78012B0FD1084603B0BDE8CA
:10F3B0003040FFF7A1B8C30707D5134D12480DF130
:10F3C00007010AF05AFC044608B903B030BD9DF8A5
:10F3D0000730042B0BD100F087FC95F8213013B1D6
:10F3E00020460EF04FFC20460AF02EFCE6E7022BEA
:10F3F00006D1FEF733FF0028E0D02B699847DDE700
:10F40000AB69002BFAD1EFE7643F01200048704759
:10F41000E0360120014B93F8BC00704740360120D4
:10F42000014BB3F8B600704740360120014BD3E9D9
:10F430003001704740360120014BB3F8B4007047EB
:10F4400040360120014B93F8C90070474036012037
:10F45000034B93F8C900003818BF0120704700BF64
:10F4600040360120014BB3F8CA00704740360120F6
:10F47000014B93F8CC00704740360120014B93F8C4
:10F48000CD0070474036012010B50A7802718C78A3
:10F490004B7803EB04239BB2C380C97801720380CD
:10F4A000C27010BD30B50C7804718A784B7803EBCC
:10F4B00002239BB2C3800D79CA7802EB0522028138
:10F4C0008D794A7902EB052242810D7ACA7903804F
:10F4D00002EB05228281C47030BD0B780371C370CA
:10F4E000704710B50A7802718C784B7803EB0423CF
:10F4F0009BB2C380C97801720380C27010BD0B78C3
:10F5000003714A784271C97881710280C370704773
:10F5100030B50C7804718A784B7803EB02239BB2E8
:10F52000C380CA7802724D790A7902EB05224281C2
:10F53000CD798A79038002EB05228281C47030BDC7
:10F540000A78027110B54B788C78C27003EB0423F3
:10F550009BB2C380038010BDFFF7F2BFFFF7F0BF7F
:10F56000FFF792BF4A780B7803EB02238380704742
:10F5700011F8012C11F8023C03EB022383800B7875
:10F58000C3704B78837170470B78037170470A78AA
:10F59000027110B54B788C78C27003EB04239BB2D8
:10F5A000C380038010BDFFF7F2BF0A7802714B7869
:10F5B00010B58C7803EB0423C3800C79CB78C27030
:10F5C00003EB0423038110BDFFF7E1BF0A7802714A
:10F5D0004B7810B58C7803EB0423C3800C79CB787F
:10F5E00003EB042303818C794B7903EB04234381E0
:10F5F0000C7ACB79C27003EB0423838110BD4A7867
:10F600000B7803EB02239BB283808A7810B5CC7809
:10F6100002EB0422C2804C790A7902EB04220281B7
:10F62000CC798A7902EB042242814C7A0A7A0380EF
:10F6300002EB0422828110BDFFF7E1BFFFF7A7BFF5
:10F640004A780B7803EB02239BB2838003807047D8
:10F6500010B50A7802718C784B7803EB04239BB2C7
:10F66000C380CC78047209794172C270038010BDE6
:10F67000FFF7EEBF704730B50C7804714A784271DD
:10F68000CD788B7803EB0523C3800B790372C470AC
:10F69000028030BD0B78C37070474A780B7803EB5B
:10F6A00002239BB283808A78827103807047FFF7C0
:10F6B00047BFFFF745BFFFF743BFFFF768BFFFF73F
:10F6C00066BFFFF764BFFFF762BF0B7803714A782C
:10F6D00042718A788271CA78C2710A790272C370E3
:10F6E000704730B50B46441D13F8012B02712131D0
:10F6F00053F8045B44F8045B8B42F9D1C27030BD0F
:10F7000030B50B46441D13F8012B0271413153F8FB
:10F71000045B44F8045B8B42F9D1C27030BD10B574
:10F720000A4612F8014B0471D1F80130C0F80530D7
:10F730005368C0F80930C47010BD30B50B46441D85
:10F7400013F8012B0271113153F8045B44F8045B88
:10F750008B42F9D1C27030BD04301DF097BF10B597
:10F760000C464A7814F8023B03EB02239BB28380D9
:10F77000D1F80220C0F806206268C0F80A20CC7ACE
:10F780008A7A038002EB0422C28110BD10B50C7886
:10F7900004718A784B7803EB02239BB2C380D1F8C3
:10F7A00003208260D1F80720C2600380C47010BDBE
:10F7B00010B50A7802718C784B7803EB04239BB266
:10F7C000C380D1F803408460C97901730380C2709B
:10F7D00010BD38B50B7803718A784B7803EB0223A0
:10F7E000C3800A79CB7803EB022303818A794B79B2
:10F7F00003EB02234381CB7903730D460B7A4373EA
:10F80000044609310E300AF071FBEB7B23756A7CEC
:10F810002B7C03EB0223E382AB7C23762379E3701A
:10F82000E388238038BD38B50B7803718A784B782C
:10F8300003EB0223C380CB7803720D460B7943722E
:10F84000044605310A300AF051FBEB7A23746A7BD7
:10F850002B7B03EB02236382AB7B23752379E3705D
:10F86000E388238038BD10B50B7803714B78437162
:10F870000446023106300AF039FB2379238010BD9B
:10F8800010B511F8013B0371044605300AF02EFB58
:10F890002379E37010BDFFF7F3BF38B50B78037120
:10F8A0008A784B7803EB0223C380CB7803720B7901
:10F8B000437204460D460A3005310AF017FB05F184
:10F8C0000B0104F117000AF011FB05F1110104F11D
:10F8D0001D000AF00BFB2A7EEB7D03EB0223238243
:10F8E000AA7E6B7E03EB022363822A7FEB7E03EB0F
:10F8F0000223A3826B7FA375E38823802379E370BF
:10F9000038BD38B50B7803718A784B7803EB022346
:10F91000C380CB7803720D460B79437204460531E0
:10F920000A300AF0E3FA2A7BEB7A03EB0223238204
:10F93000AA7B6B7B03EB022363822A7CEB7B03EBCA
:10F940000223A3826B7CA3750023C4F81730A4F8AC
:10F950001B30C4F81D30A4F82130E38823802379BC
:10F96000E37038BD0B780371C37070470B78037177
:10F97000C37070470B780371C37070470B780371C5
:10F98000C37070470B780371C37070470B780371B5
:10F99000C37070474A780B7803EB02239BB28380D5
:10F9A0000380704700B542F2260399428BB003D022
:10F9B00042F25E0399420BD1074BDB6843B126222A
:10F9C0008DF804008DF803008DF8022068469847F2
:10F9D0000BB05DF804FB00BF643F012010B5037855
:10F9E00044783BB1C278817801EB022189B2184694
:10F9F000FFF7D8FF2046BDE81040FEF77FBD0000AE
:10FA00002DE9F34183784578B44A0778966805EB89
:10FA10000325ADB242F25B039D42884600F103012B
:10FA200012D842F204039D4223D840F67C439D4203
:10FA300000F04B8141F205439D4200F0488140F6C1
:10FA40002D439D4200F04581AB0A3F2B00F01E8103
:10FA500008F10200C0B201910AF09AF80199044637
:10FA6000002840F02181384602B0BDE8F041FEF7A1
:10FA700045BDA5F50053053B562BE5D801A050F830
:10FA800023F000BF71FC040049FA040049FA0400A5
:10FA900049FA040049FA040061FC040049FA040030
:10FAA0005DFC040049FA0400E1FB040049FA04008B
:10FAB00049FA040049FA040049FA040049FA04002A
:10FAC00049FA040039FC040049FA040011FC04005E
:10FAD00033FC040049FA04002BFC04002FFC040052
:10FAE00049FA040049FA040049FA040049FA0400FA
:10FAF000D7FC040017FC040023FC04001BFC0400DA
:10FB00001FFC040049FA040049FA04003DFC04000B
:10FB100041FC040045FC040049FA040049FC0400CF
:10FB20004DFC040051FC040049FA040027FC0400C9
:10FB300055FC040059FC040049FA040049FA040089
:10FB400049FA040049FA040049FA040049FA040099
:10FB500049FA040069FC040049FA040049FA040067
:10FB600049FA040049FA040049FA040049FA040079
:10FB70006DFC040049FA040065FC040049FA040025
:10FB800049FA040049FA040049FA040049FA040059
:10FB900049FA040049FA040049FA040049FA040049
:10FBA00049FA040049FA040049FA040049FA040039
:10FBB00049FA040049FA040049FA040049FA040029
:10FBC00075FC040079FC04007DFC040081FC040049
:10FBD00085FC040049FA040089FC0400C7FC040009
:10FBE00005243F4B0191185D09F0D2FF054600281E
:10FBF0003FF439AF00230380C3703A4B019953F8A7
:10FC000024308470424698472846B047284657E03B
:10FC1000D6681B24E5E71E24E3E71F24E1E7202440
:10FC2000DFE72124DDE72224DBE70C24D9E70D24DC
:10FC3000D7E7D6681C24D4E70824D2E71524D0E7F8
:10FC40001624CEE71724CCE71824CAE71924C8E7FE
:10FC50001A24C6E72924C4E72A24C2E73424C0E7CB
:10FC60003524BEE73624BCE73724BAE73824B8E7A2
:10FC70003924B6E73F24B4E74024B2E74124B0E793
:10FC80004224AEE74324ACE73B24AAE74246284699
:10FC900001910EF00BF8044600283FF4E4AE56281C
:10FCA00001993FF4D5AE9CE75623A8F103024380A7
:10FCB0000580D2B204301DF0E9FC2046B047204652
:10FCC00009F088FFCFE63C248BE7272489E7072447
:10FCD00087E7092485E71D2483E700BF643F0120EF
:10FCE000E71B07002C1C07002DE9F74F0646AA4F1B
:10FCF00016F8023BD7F8088090F801901A2B0446BA
:10FD00001CD8042B23D9053B152B20D8DFE813F092
:10FD100025021F001F002B021F001F001F003102C1
:10FD20001F0034002A0042021F001F003F001F0076
:10FD30001F001F001F001F001F003D02572B00F077
:10FD40002F8207D8302B00F01A823E2B27D003B029
:10FD5000BDE8F08FFF2BFAD1904A938A013393824A
:10FD600013255AE08D4A138930460133138103B0BD
:10FD7000BDE8F04FFFF732BE884AD38849460133C9
:10FD80003046D38003B0BDE8F04FFFF739BE3046B0
:10FD9000FFF7B4FA814A938901339381D7E77F4A09
:10FDA0008578538A013353826B1EC61C172BCED81D
:10FDB00001A252F823F000BF5DFE040073FE0400B0
:10FDC000AD01050019FE0400B10105007DFF04002E
:10FDD00081FF040085FF04008DFF040003FF040081
:10FDE00019FF040095FF0400A9FF04007B00050033
:10FDF0007F000500CF0005006F00050073000500BF
:10FE0000770005004FFD04004FFD0400D7000500FA
:10FE100057010500D30005000B25614B585D09F023
:10FE2000B7FE044670B100232380E3705D4BA570DC
:10FE300053F825304A46314698472046C047204669
:10FE400009F0C8FE032D82D1B378707800EB03204F
:10FE500080B203B0BDE8F04FFEF7DCB9C378002BE9
:10FE6000DBD14379007900EB032080B2FEF706F97D
:10FE7000D3E790F80380B8F10F0F3FF668AF3B204F
:10FE800009F086FE054600283FF461AF043400F116
:10FE90000C0B00F11C0A4FF0000908F1FF385FFA63
:10FEA00088F8B8F1FF0F0DD02378AB726378EB724E
:10FEB000A11C58460AF01AF8267A2E721F2E04F159
:10FEC000090105D9284603B0BDE8F04F09F082BE0C
:10FED000C5F804A03246504601911DF0D7FB0199A8
:10FEE0008B5D6B724FF4C0232B608C19BB6885F857
:10FEF0001290C5F81390A5F817902846013498473A
:10FF0000CBE7C37833B94379007900EB032080B2A3
:10FF1000FEF7B4F8022580E7C6780F2E3FF617AF3C
:10FF20001C2009F035FE054600283FF410AF0634CA
:10FF300000F10C0A00F113084FF4C029013EF6B29B
:10FF4000FF2EBFD014F8023CAB7214F8013CEB72E8
:10FF50002146504609F0CAFFA379AB74E11D404623
:10FF600009F0C4FF637B6B720023C5F800902B720D
:10FF70006B602846BB6898471034DFE723254CE7C1
:10FF800024254AE7D7F80C80252546E7D7F80C80CA
:10FF9000262542E72B2540E7643F01203C3701201E
:10FFA000E71B07002C1C0700C3780F2B3FF6CFAED2
:10FFB000061D32460020013BDBB2FF2B4ED1243020
:10FFC00009F0E6FD054600283FF4C1AEE47800F1F3
:10FFD000070900F1150A00F12408002C3FF472AF64
:10FFE0007278337803EB0223AB80B378AB71F11CEA
:10FFF000484609F07BFF737A6B73B37AAB73F37A7D
:020000025000AC
:10000000EB73337B2B74737B6B74F27BB37B03EBEF
:1000100002236B82337C2B7506F11101504609F0E7
:1000200065FF96F817B0A5F81CB05B46013CE52BC0
:1000300006F11801E4B23FF645AFC5F820805A46F4
:10004000404601911DF022FB4FF4301301992B60C3
:10005000BB68284601EB0B069847BEE7D17D02F14D
:100060001805884205EB010238BF0846A3E72D2595
:10007000D3E62E25D1E62F25CFE63025CDE6407AF2
:10008000F7283FF664AE103009F082FD05460028DF
:100090003FF45DAE2379E67806EB0326B6B28680A0
:1000A00063798371A379C371E3790372237A43720D
:1000B000627A42811030E86004F10A011DF0E6FA2C
:1000C0002E8031236B80BB6828469847FAE632259C
:1000D000A3E63A25A1E6C07BA0F10903492B3FF630
:1000E00036AE0E30C0B2400009F052FD0546002881
:1000F0003FF42DAE2279E37803EB0223838063790A
:100100008371A379C371227AE37903EB022303811C
:10011000637A8372A37AC372E37A0373237B437394
:10012000A27B637B03EB0223C38104F11006E47B13
:10013000047400F11C0343612246184631461DF049
:10014000A5FA2044A861224631191DF09FFAAB8818
:100150002B803D23B6E73E255FE6164A1388013320
:100160001380032559E6134A5388013353800F2522
:1001700053E6104A9388013393800A254DE60D4AD1
:10018000138A013313820E2547E60A4AD3890133C5
:10019000D381DCE5074A53890133538114253CE6BA
:1001A000044AD38A0133D382282536E6042534E66F
:1001B000102532E63C370120074BD3F8C0209104CC
:1001C00005D5064A1268920401D5FFF748B8002207
:1001D00083F8CD20FEF746BB40360120F0620020B8
:1001E000074BD3F8C020D10405D5064A1268D204C3
:1001F00001D5FEF76CBE002283F8CC20FFF7DCBFF0
:1002000040360120F062002042F23B03994226D0A2
:1002100008D841F20103994209D042F23A039942C7
:1002200015D0704742F24A0399421ED07047124BD4
:10023000D3F8C020D10405D5104A1268D20401D5E4
:10024000FEF739BE0022A3F8CA20FFF7C9BF4278E3
:10025000037803EB0223084AA2F8CA30F5E7064BFD
:10026000027883F8CC20FFF7A7BF034B027883F80E
:10027000CD20FEF7F7BA00BF40360120F062002023
:10028000024B034AC3F8D820704700BF4036012014
:100290000902050038B50446103015466060053186
:1002A00009F069FE21462846BDE8384009F0D5BC72
:1002B0002DE9F7430746382088460192994609F010
:1002C000B7FC044608B3124B019993F83850FF2D40
:1002D0001ABF6E1CF6B2012683F838609DF82830EC
:1002E000837008BF0025002380F834300246C570B3
:1002F000A0F80090074809F0AAFC38464146FEF7EE
:1003000063FAE07803B0BDE8F083FF20FAE700BFAE
:100310005437012074370120014B024ADA637047D9
:1003200054370120950205007FB5056BAB8CEC8C32
:100330002968E41A24B2102C064619442EDC224601
:1003400068461DF0A3F9102C0DD0C4F110020DEB7E
:10035000040000211DF0C2F904F110030DEB0304A9
:10036000802304F8103C05F11401684609F011FEE1
:10037000022385F82930AB8C23B106F110016846C1
:1003800009F007FEAB8C1033AB84324695F8283069
:100390006946281D00F09AF904B070BD684609F05E
:1003A000EAFDE8E710B5034600780021C0090F29EF
:1003B00018BF5A781C7814BFD2090022013142EAD2
:1003C0004402102903F8012BF1D110BDF8B5056BDB
:1003D0000446002D3DD000F110060531304609F0ED
:1003E000CAFD95F82930012B23D0022B26D083BBE0
:1003F000256B05F114073846314609F0BCFD384637
:10040000FFF7D0FF28B195F8233083F0870385F8F4
:100410002330EB8C1B0709D03846FFF7C3FF28B108
:1004200095F8233083F0870385F82330012385F87E
:1004300029302046BDE8F840FFF776BF236B6660A1
:100440001A68A26093F828002146BDE8F84009F038
:1004500004BCF8BD2DE9F043064685B0642088460B
:1004600015461F4609F0E4FB044688B31A4AA0F873
:100470005E5000F138034FF00109036380F83490B7
:1004800092F8383080F8607003EB090182F8381078
:10049000C370BDF83030038000259DF83430837080
:1004A000C0F83880A0F85C5080F8615031463C308C
:1004B00009F061FD266B1022294668461DF00EF9F1
:1004C000301D96F828302246694600F0FFF848466D
:1004D00005B0BDE8F08300BF54370120014B024A4C
:1004E0001A64704754370120CD0305008B78252B03
:1004F00070B504460D46164613D12022053104304E
:1005000009F068FD202205F1250104F1240009F01D
:1005100061FD2B79E37021463046BDE8704009F05B
:100520009CBB262B03D1202205310430EFE770BDA0
:1005300070B592B004469C20019116461D4609F004
:1005400077FB0199B8B1022380F834300246068067
:1005500085700A4809F07BFB2022214602A809F099
:1005600039FD2022A1180AA809F034FD02A80AA921
:10057000FEF7FBF8012012B070BD00BF84370120E8
:10058000014B024A5A64704754370120ED040500BC
:1005900037B500238DF8073083781B3B05460B2BBE
:1005A0001AD8DFE803F01B061919191919191919B6
:1005B0003A43204AD0F8050092F83930D5F80910AE
:1005C00002EBC30303C392F83930022B9ABF013305
:1005D000DBB2002382F8393003B030BD16480DF18C
:1005E000070109F04AFB04460028F5D090F83430A2
:1005F000DA1E012A01D9012B03D11021681D09F04F
:10060000F6FC94F834200B4B03EB82032946DB6B9A
:100610009DF8072020469847DEE708480DF10701BE
:1006200009F02BFB04460028EBD1D5E704480DF177
:100630000701F5E754370120743701207C3701208A
:1006400084370120064B07480022C3E90822C3E98A
:100650000A22C3E90C2283F8382006F08FBB00BFC2
:10066000543701209105050008B5FEF7FBF8FEF7A9
:10067000F9F8FEF7F7F8BDE80840FEF7F3B8000018
:1006800038B5114D95F83A30CC1DDB00E410DBB2E3
:100690000144884202D1E4B24CB938BD1F2BEA5C58
:1006A00000F8012B1ABF0133DBB20023F1E7FEF79C
:1006B000D9F895F83A30022B9ABF0133DBB2002308
:1006C00085F83A30013CE6E75437012070B588B030
:1006D0000E4615460146102268461C4609F07AFC73
:1006E00010220DEB0200314609F074FC2A46214627
:1006F000044809F0ACFA04A96846FEF765F808B0AA
:1007000070BD00BF7437012070B504780E4E013CF7
:1007100006EB04140546A37A33B18278A378012A44
:1007200003D143F00203A37070BD23F00203A37052
:10073000736D5B689847A3789B07F5D4336D2846A3
:100740005B68BDE870401847A437012070477047C8
:10075000704700000278837870B5272B02F1FF34D0
:10076000184E05464FEA04140AD13319C18819817D
:1007700017219A72315300229A7099809A71DA6027
:100780003444A37A93B1736D2946DB6820469847B9
:10079000336D2946DB6820469847AB78282B05D176
:1007A000E0680023A37208B109F014FA736E0BB16C
:1007B00028469847336F1BB12846BDE8704018475C
:1007C00070BD00BFA4370120137A13F0010F034B53
:1007D00014BF1B6D5B6D1B68184700BFA437012059
:1007E0007047000008B5064B02781A7342785A73B6
:1007F000184610221CF03CFFB0FA80F0400908BDFA
:10080000F86200201FB50C4CE46E94B18DF80330F3
:100810000023ADF808308DF80C30BDF81830ADF875
:1008200000008DF80210ADF80A20ADF80E306846D1
:10083000A04704B010BD00BFA4370120934228BFD9
:10084000134607B530F821209A4208D020F821300D
:1008500000930023807A1A461621FFF7D3FF03B0D6
:100860005DF804FB002109F0EBB9000030B421B9B8
:10087000018930BC042006F03FBB054DAD6E15B1BB
:10088000AC4630BC604730BC184609F0DDB900BF4B
:10089000A437012001EB4000704700F0010340083D
:1008A000137008707047000008B50A4A0A4B0B49DC
:1008B00083F87400C3E91422094A0420C3E916220C
:1008C000084A06F00FFBBDE808400749002004F085
:1008D000B5BB00BF3C1D0700A4370120C9070500B8
:1008E0004C1D070009070500550705000846B1B172
:1008F00091F902308A78002B094B02DA1B6E73B132
:1009000018475F2A02D99B6D9B68F9E73F2A01D9F6
:10091000DB6DF9E71F2A8CBF5B6D1B6DF4E7704739
:10092000A43701200A4B07B5D866FEF785FD094BB1
:100930001B689B880338984206DC00220092022341
:1009400077211046FFF75EFF03B05DF804FB00BFA0
:10095000A437012058630020014B1867704700BF7F
:10096000A4370120024B03EB001030F8100C704745
:10097000A43701201B2906D01D2914BF00230B23F7
:10098000C01A09F061B90B23FAE7000013B5002281
:100990008368826082790A2A044609D01422827709
:1009A000074A019312681830917909F055FA019BB2
:1009B0001A88A17B206802B0BDE81040FFF756BF3F
:1009C00058630020408D002818BF012070470000A8
:1009D0008279024B53F82230184700BF801D070070
:1009E00030B403460C46051D07C985E80700A27808
:1009F00061680B2A08BF09680A681A6103F11000D0
:100A00004A68426030BC1846FFF7E2BF38B504467A
:100A10000D4604F02BFC38B15823013C5C430348DD
:100A20002C2313FB0541084438BD00BF1C380120AE
:100A300010B50C4604F006FC38B158230138584371
:100A40002C2313FB04010148084410BD1C3801206D
:100A500037B50C4600210192FFF7EAFF0546E0B1E9
:100A6000019A137A192B05D8214603B0BDE830400E
:100A700000F01ABB1B2B01D01D2B06D121462846A6
:100A800003B0BDE8304000F083BB232B05D12146E5
:100A900003B0BDE8304000F0E1BA03B030BD10B59E
:100AA0000446406818B109F0CFF80023636010BD18
:100AB00010B50368827B03EB820304469A78D10762
:100AC00005D50430FFF7EBFF0023A37110BD42F002
:100AD0000102BDE810409A70FFF758BF012913B515
:100AE00003D000240094FFF78DFE02B010BD134622
:100AF0004A8D10B50C4622B10A21FFF7EFFF002303
:100B0000638510BD38B5002104460078FFF77EFFED
:100B1000054648B1207800F045FC2078294600229F
:100B2000BDE83840FFF7E3BF38BD10B50446FFF716
:100B30002DFF2068A37B00EB83039B7813F0020357
:100B400007D1A289807A0A21FFF7C8FF0023A37189
:100B500010BD638D002BF9D1A3896385F6E737B506
:100B60000C46054608460192FFF799FF019B228932
:100B7000A1782846FFF7B2FF0023A37003B030BD71
:100B800070B5036890F82820058A33F82230C279BE
:100B9000012A044645D1053B9D42A8BF9DB205F1FF
:100BA0000D0080B2FFF75EFE0646002831D0A36834
:100BB000024603F10C0153F8040B42F8040B8B427C
:100BC000F9D11B78137061692A4606F10D001CF0FB
:100BD0005DFD63692B446361238A5B1B2382638A07
:100BE000F372638A1B0A3373638A2B446382142370
:100BF000A3770E4B1B6804F11800997909F02CF9C2
:100C00006A1DA17B2068334692B2BDE87040FFF7B1
:100C10002DBE94F82900211D7022BDE87040FFF719
:100C20009EBF002386688360D9E700BF5863002019
:100C300070B5C3798568012B04462CD1288808300B
:100C400080B2FFF70FFE0546E8B1A1680A880832B6
:100C50001CF01CFDA279A37C062A1FD1EB72638ACB
:100C60001B0A2B731423A377104B1B6804F1180085
:100C7000997909F0F1F82A88A17B20682B46BDE814
:100C80007040FFF7F3BD94F82900211D7022BDE8E4
:100C90007040FFF764BF00238360DBE76B72638AF9
:100CA0001B0AAB72A38AEB72A38AD9E758630020B0
:100CB00070B58378113B012B05460AD8424BD3F817
:100CC000F431002B45D00146BDE870401B68002080
:100CD0001847817A0078FFF799FEAB78044638B957
:100CE000013B102B35D82846BDE87040FFF7D7BE32
:100CF000102B35D890F828604EB990F82910324A58
:100D000001390C2000FB012292F8BA214AB9A279DC
:100D1000012A06D80A2B0CD129892046FFF752FE5A
:100D200038B17222294694F82900BDE87040FFF7D7
:100D300016BF7EB9012A0DD194F82920224B013A21
:100D40000C2101FB023395E8070003F5DC7383E80F
:100D5000070070BD29462046BDE87040FFF740BE41
:100D6000132B1CD18379012B05D9183009F07DF89C
:100D70007422211DD7E790F8290094F82820431EFB
:100D8000002AE6D10C2210495343CA1892F8BA211E
:100D9000002ADED003F5DC7374221944C5E7142B56
:100DA000D7D18379002BD4D07122011D90F829006E
:100DB000FFF7D5FEAA7A236803EB82039A7842F004
:100DC00004029A70C5E700BF1C3801202DE9F84FD6
:100DD0008B78272B05461AD1807A04F0C3FA0028B5
:100DE0005FD1324C23689E88FEF726FB043886428A
:100DF00008DA23689988172953D0A87ABDE8F84FF4
:100E000000F0B9BAFEF718FB043881B2F3E7282BDB
:100E100047D1CC7804B90C7AA87A254F0C23411E0F
:100E200059437B18203493F8BA31E4B22BB101F561
:100E3000DC7122463944FFF792FEA8464FF00009C4
:100E40004FF02C0BAB7A5822013B0BFB09F602FB4F
:100E5000036607EB060A9AF806205AB106F1180055
:100E6000384409F002F8311D9AF829002246394425
:100E7000FFF775FE98F8022022F0120288F802208F
:100E8000D7F8F4211AB15268214650469047A87A03
:100E900022465146FFF72BFE08F10408B9F1000F76
:100EA00001D0BDE8F88F4FF00109CBE7586300206F
:100EB0001C380120F0B51449144B91F874500122EC
:100EC0000026C3F8F46183F8F8210F469446D0B2A7
:100ED00094B20132062A1960D96283F824509C83A7
:100EE00083F8286083F8290083F85050A3F848401D
:100EF00083F854C083F8550001F1100103F1580341
:100F0000E5D1034B3B65F0BDA43701201C3801201F
:100F1000701D070081799970481F012808D901F0D8
:100F2000FD0109291FBFD07A917A01EB0021598177
:100F3000127B002A08BF7522DA7000221A817047DE
:100F40002DE9F0438779547A0831022F02EB01062C
:100F500002F10A022AD1012C0CBF02241024B0F89D
:100F600012C04FF6FF7EB24210D25178157805EBD1
:100F70000125ADB245B1BCF1000F05D0AC4503D899
:100F8000B0F81480A84517D27322DA70DB785BB909
:100F9000C379012B08D1BCF1000F03D0838A013340
:100FA0009C4529D10023C371BDE8F083042F0CBFF9
:100FB000023C043CE4B2D2E7082F1AD192F8039025
:100FC000917801EB092189B204320029DCD08D42ED
:100FD000DAD88C45D8D88845D6D3714518BF0131A9
:100FE000224414BF1FFA81FC4FF0000C9642BAD283
:100FF000CAE702322946F0E7A0F812C0A0F80CC0F8
:10100000D2E7704700221A81704700002DE9F041B5
:10101000937A547A0F4E056890F8287004EB0324F5
:10102000A4B23368172CB3F8048038BF1724FEF736
:1010300003FA0438804508DA33689B88224639462B
:101040002846BDE8F041FFF7F9BBFEF7F5F9043893
:1010500083B2F3E758630020704700001FB5137A8E
:101060005B108DF8023003689B7AADF800300023E6
:101070008DF803308DF80C300A4BDB6E09320139E4
:1010800004460192ADF808100BB16846984794F8F1
:101090002820236803EB82039A7842F010029A70AA
:1010A00004B010BDA43701202DE9FF410E4681791F
:1010B00004461546002946D0137A5A085B088DF875
:1010C000022001D091423ED104F1180008F0CDFE7B
:1010D00005F109030193731EADF80830A3899DF84B
:1010E0000220ADF80A30274B002753F822808DF8F4
:1010F00003706B462A4631462046C047E37913B158
:101100009DF803301BB1A771201DFFF7C8FC9DF8A7
:101110000230012B0AD01C4BDB6E3BB1E2798DF81B
:101120000C20A288ADF800206846984794F8286003
:10113000236803EB86039B789B0704D4A3682BB139
:101140002046FFF745FC04B0BDE8F081002EFAD13F
:1011500094F829100D4D01390C2779436B1893F839
:10116000BA31002BEFD001F5DC7129442046FFF79E
:1011700037FC94F82930013B07FB035585F8BA6129
:10118000E1E700BFC41D0700A43701201C3801207F
:101190001FB5137A5B1004468DF80230907A537AAB
:1011A0000B3203EB00239BB201922268ADF80A30A8
:1011B000927AADF8002003390022ADF808108DF8BE
:1011C00003208DF80C2023B1134BDB6E0BB1684666
:1011D000984794F828202368104903EB820391F87C
:1011E000F8119A78A1B19DF802100E2910D1930739
:1011F0000CD40920FFF736FB034638B11E220272D9
:10120000216801220989042005F076FE04B010BD92
:1012100042F010029A70F9E7A43701201C3801202F
:101220002DE9F0470646884617461D469DF8209052
:101230000CF04EFD00213046FFF7E8FB044630B3CA
:1012400003689C78B3F800A0C4F380040CF042FD5E
:10125000BAF1000F36D07CBB25B10B2F19D02B88EB
:101260009A451ED30C2008F0E3FC014650B300233E
:101270008372164B068080F8039087704560A0F853
:10128000088093F87400BDE8F04708F0E6BC824699
:10129000DCE7B9F1000FE5D12B681B8805339BB261
:1012A000DEE77723424639463046FFF717FC2846EB
:1012B000BDE8F04708F0C8BC7123424639463046C5
:1012C000FFF70CFC002DF2D1BDE8F087A437012018
:1012D000F7B505460D201E460C461746FFF7C2FA25
:1012E000034658B10522028004220272448087809E
:1012F0000222009621462846FFF792FF03B0F0BD78
:1013000037B505460B200C46FFF7ACFA034668B12B
:10131000032202800A220272220A8272002244728E
:101320002146009228460522FFF77AFF03B030BD20
:10133000F0B5074685B002F10B0080B20D461646A7
:101340000393FFF78FFA044698B1F31C038012232E
:1013500003722B0A83720399457232460B301CF0DC
:1013600095F9002300930922234629463846FFF7C2
:1013700057FF05B0F0BD37B505460B200C46FFF70B
:1013800071FA034660B10322028044720222240AE9
:10139000002102728472012200912846FFF740FF6B
:1013A00003B030BD013810B5002180B2FFF740FB1B
:1013B0000446C8B103689B7803F01203102B13D1C5
:1013C0000920FFF74FFA034670B121688A7822F0AE
:1013D00010028A701E22027221680122BDE81040AC
:1013E0000989042005F088BD10BDF0B50831448A94
:1013F00002F109054FF6FF770A44954217D2697842
:101400002E7895F803C006EB0126A97801EB0C2194
:10141000B6B289B28E4205F1040506D8B44204D8AA
:10142000B0F814C0B44500D36CB97322DA70DB781D
:1014300043B9C379012B05D114B1838AA3420AD2DF
:101440000023C371F0BDB9421ABF01318CB2002430
:10145000AA42D2D2E9E744828481F3E7C279012A21
:1014600010B50DD1026890F8284032F824208A4245
:101470009BBF428A1B8900239B188CBFC371438288
:1014800010BD2DE9F347BDF828809DF830A0074630
:1014900008F10F000E4680B20B99019191461D464E
:1014A000FFF7E0F90446D0B108F107030380457364
:1014B00006232D0A01994680A0F8049003728573D3
:1014C00042460F301CF0E2F82346032231463846EC
:1014D000CDF828A002B0BDE8F047FFF7A1BE02B0EA
:1014E000BDE8F0872DE9F34707460E4603F10D00EE
:1014F0000A999DF82CA0019190461D461FFA83F988
:10150000FFF7B0F90446C0B1082309F105090199B4
:10151000A0F800904680A0F8048003722A460D309F
:101520001CF0B4F82346042231463846CDF828A0F2
:1015300002B0BDE8F047FFF773BE02B0BDE8F08728
:10154000F7B505460D201E460C461746FFF78AF9EB
:10155000034668B1052202800C220272220A8272BE
:10156000478044720622009621462846FFF758FE1F
:1015700003B0F0BDF7B54E00074606F109000D4671
:101580001446FFF76FF90346A0B1224601360680E4
:101590000E2032F80219187203F10904013DEDB270
:1015A000FF2D04F1020407D10022009238460722E1
:1015B000FFF736FE03B0F0BD32F8020F04F8020C5C
:1015C0001088000A04F8010CE8E72DE9F347074604
:1015D0000E4603F10D000A999DF82CA0019190464A
:1015E0001D461FFA83F9FFF73DF90446C0B11023E9
:1015F00009F105090199A0F800904680A0F804803F
:1016000003722A460D301CF041F823460822314669
:101610003846CDF828A002B0BDE8F047FFF700BE7D
:1016200002B0BDE8F087000038B5044690F8290004
:101630000A4D431E0A4655F8233073B1997811B10B
:101640001946FFF78CFA23689C7A013C55F8240070
:1016500008F0C0FA002345F8243038BD183A0120BC
:101660002DE9F0430C4687B020780021FFF7CEF932
:101670000546002855D0A378112B5AD10A23A37010
:1016800090F82900464B411E0C2202FB013393F8CF
:10169000BA315BB9AB79012B08D82778DFF808910C
:1016A000013F59F82780B8F1000F06D07222214679
:1016B00007B0BDE8F043FFF752BA104608F068FAE9
:1016C00049F82700064678B394E807000D88083DDE
:1016D000ADB286E80700284608F05AFA074600B37C
:1016E000CDE90288CDE9048805F010F81022014602
:1016F00002A808F06FFC71682A460831384608F0E5
:1017000069FC1223019323780093264B2A4693F811
:101710007430394602A8FEF79DFE10B9384608F02D
:1017200059FA07B0BDE8F08395F8290075222146E3
:10173000BEE7122BF5D1A0681B4E08F04BFA2378B8
:10174000013B56F82370002FEBD07B686168188846
:101750000822184408F03EFCAB79012B03D02B681B
:101760009B789B0716D595F829200D4B013A0C2143
:1017700001FB023397E8070003F5DC7383E80700F9
:101780002478013C56F8240008F024FA002346F897
:101790002430C6E739462846FFF722F9F0E700BFB4
:1017A0001C380120A4370120183A01202DE9F14FFF
:1017B000DDF828B080460F4615461E4603F09AFD18
:1017C000814640B15B4632463946404601B0BDE8ED
:1017D000F04F00F057B806F1170080B2FFF742F85B
:1017E000044618B306F10F030380D22300F10B0A5D
:1017F00003723B0A477283723246594650461BF0C9
:1018000045FF0AEB06032A0A0AF806505A702A0C0A
:101810002D0E9A70DD701122234639464046CDF8D0
:10182000289001B0BDE8F04FFFF7FABC01B0BDE869
:10183000F08F0000024B034AC3F8F421704700BF49
:101840001C380120081E0700830710B504461EBF80
:1018500020F003040434A4B204F1080080B2FFF7BE
:1018600001F808B10444046010BDC279012A02D114
:10187000028A02B9C2715A6804325A601A89043A5B
:101880001A817047F0B5074685B002F10B0080B2AF
:101890000D4616460393FEF7E5FF044698B1F31C88
:1018A0000380522303722B0A8372039945723246D6
:1018B0000B301BF0EBFE002300930A22234629463F
:1018C0003846FFF7ADFC05B0F0BD2DE9F74F9DF8A8
:1018D0003880DDF830A0934607469DF834200D4649
:1018E0001E46B8F1000F00D062BB06F10D0398B29E
:1018F0000192FFF7A9FF044630B3D0F800901623F9
:10190000A9F80060A9F802B003722B0A457283722D
:10191000B8F1000F01D0019A3AB904F10D03514614
:10192000324618461BF0B2FE824623460B22294659
:101930003846C9F804A0CDF8308003B0BDE8F04FB8
:10194000FFF76EBC0D20D3E703B0BDE8F08F37B5CD
:1019500004460A200D46FEF785FF034650B10222D9
:10196000028000211822027245720C22009120464A
:10197000FFF756FC03B030BDF0B52F4D05296C695B
:101980002F7F85B04FF0000143D0CEB2B74243D88D
:101990004BD05F781B7803EB07239BB2022B47D811
:1019A00013B16488234243D0441E55F82440002CD0
:1019B00040D034F8117024F81130BB4227D01421E4
:1019C000ADF80400ADF80A308DF80610AB698DF85B
:1019D0000C60ADF8082001A8984718E001FB066EDE
:1019E00001F1010C34F80EE0964505D061465FFA2E
:1019F00081FC6745F2D818D0013855F82020CAB1CB
:101A000032F81100187032F81120120A5A700020B2
:101A10000CE0063C0626EAE7B4F800E0964501F142
:101A2000010CB6D006346146AFE70A2005B0F0BD20
:101A30008020FBE71120F9E72C3A0120044BC3E991
:101A400005121877034B044AC3F8F421704700BF0E
:101A50002C3A0120603A0120791905002DE9FF4751
:101A60001D4C451E074654F825300E462BB9207FE5
:101A7000400008F08DF844F8250054F82580B8F1AE
:101A8000000F20D0227F0EBB52003146404604B0EA
:101A9000BDE8F0471BF022BE36F8153028F81530A7
:101AA00063B1ADF80A308DF80690A369ADF8047003
:101AB0008DF80C20ADF808A001A898470135237FC8
:101AC000EAB29342E8D804B0BDE8F08700254FF0B1
:101AD0001409AA46F3E700BF2C3A012038B5054D9A
:101AE000441E55F8240020B108F074F8002345F88E
:101AF000243038BD2C3A0120094B1A7C82420ED08A
:101B0000187408B900F04ABA00220121587801324D
:101B1000022808BF5970052A03F10203F6D1704765
:101B20004C3A0120014B187C704700BF4C3A012011
:101B300002292DE9F0410C46174603D1002528461D
:101B4000BDE8F0811E29F9D0184E431E06EB430272
:101B50004FEA4308517803291CD1610618D416F8BE
:101B600013300121DB07517012D40025082CE6D177
:101B7000BA7B7B7B03EB02239BB242F62A32934271
:101B8000DDD1337C002BD9D0464402237370D5E7D6
:101B90001225EBE70129E8D114F04005F8D1F368EC
:101BA0005570002BE1D029469847DFE74C3A0120D9
:101BB000094B58B95A780130022A14BF0A4601224B
:101BC00005285A7003F10203F4D1704703EB40007B
:101BD00000F8011C704700BF4C3A0120012A03465F
:101BE000084605D80349013B01EB43011BF04EBDFC
:101BF000704700BF4C3A0120024B03EB400010F845
:101C0000010C70474C3A012007B5134600220092A0
:101C10000A461221FEF7F6FD03B05DF804FB000052
:101C20002DE9FF418378212B054657D1017A0078B1
:101C300000F00EFA044628B9686804B0BDE8F04127
:101C400008F002B86B6893F808805E88B8F11D0F41
:101C50006CD1028D2AB1287872223146FFF7D4FF69
:101C6000EAE72F882D7A1A8820692946FEF7FEFDBB
:101C7000B8F11D0F13D1222394F82510A37194F805
:101C800024002685E684FEF705FE294BA0801B680C
:101C90009979204604B0BDE8F04108F0DDB8236929
:101CA00003EB85039B7813F0020312D1B8F1230FE5
:101CB000F8B207D1009332461321FEF7A3FD04B01A
:101CC000BDE8F0811A46314604B0BDE8F041FFF7A7
:101CD0009BBF638D002BF2D16685F0E7222BEED1FE
:101CE00000880DF10F020DF10E01FEF7D6FD9DF8F3
:101CF0000E009DF80F10288000F0AAF90446002875
:101D0000DDD0C38C002BDAD00026018DC684712271
:101D10009DF80E00FFF778FF26852A7A236903EBEA
:101D200082039A7842F004029A70C8E7428D91E7E4
:101D30005863002070B50C46098D0546164619B14A
:101D4000FFF762FF00232385618D29B132462846C3
:101D5000FFF75AFF0023638570BD00008B78282BA6
:101D6000F7B5064630D1CC7804B90C7AB57A174F5E
:101D70005823013D03FB05752034EB8CE4B223B1FD
:101D8000284608F072F80023EB8422462946B07AF0
:101D9000FFF7D0FFB37A5822013B534303F12C01E4
:101DA00039441F44B7F852303BB10846019108F05E
:101DB0005CF800230199A7F85230B07A224603B0AC
:101DC000BDE8F040FFF7B6BF03B0F0BD603A0120B8
:101DD00010B500210446007800F03AF9014628B118
:101DE00020780022BDE81040FFF7A4BF10BD00001E
:101DF000C38C37B504464BB308F037F8E08C01A923
:101E000000F0CAFA80B11249006802221BF030FCCF
:101E1000054648B994F82400FFF7EEFE20B194F887
:101E200024002946FFF7C4FE0023E38494F825200C
:101E3000236903EB82039D7815F0020506D1218DFD
:101E400094F824002A46FFF7DFFE258503B030BD55
:101E50006E1D070010B50A4B93F87400094B012260
:101E60001C4691B20132062A1873998083F8380013
:101E7000198603F15803F4D1034BC4F8E83110BDBF
:101E8000A4370120603A0120101E0700024BD3F84E
:101E9000E8315B68184700BF603A0120F7B5054696
:101EA0000D201C469DF8207001911646FEF7DAFCC5
:101EB000034670B184720122240A019902724672AB
:101EC000C47207730522284603B0BDE8F040FEF750
:101ED000CDBC03B0F0BD000038B5074D044694F802
:101EE0002430363305EBC30007F0E8FE00B938BDF7
:101EF00007F070FEF3E700BF603A01208B78282BD3
:101F00002DE9F047DFF8489005460E4607D0D9F88E
:101F1000E83131462846DB68BDE8F047184700271E
:101F20004FF05808AC7A013C08FB047409EB04003C
:101F3000FFF7D2FFA87A03F003FA430704D514345D
:101F400009EB040007F091FF2C37582FEAD1DEE7A8
:101F5000603A012038B50F4D2B681B680446BBB1B1
:101F600003690421987A012203F0CEF90A4B93F811
:101F7000743084F820302023A37623699B7A23834E
:101F80002B6804F114001968BDE8384007F064BFFD
:101F900038BD00BF58630020A43701202DE9F0436D
:101FA00000272A4C85B0B8464FF01109E368002B92
:101FB00032D02088083080B2FEF754FC0546002855
:101FC0003CD00923037212234372E3685B88837257
:101FD000E3685B881B0AC372E36803A9588800F0B2
:101FE000DBF9064600B382684168128805F10C03EC
:101FF00018461BF04BFBB2682189128805F10803D3
:102000000244D21A92B22B46042004F075FFE06815
:1020100007F0E0FDC4F80C800837282F04F1100405
:10202000C4D105B0BDE8F083E3680A221B880092A2
:10203000014608222046FFF731FFE8E7E36808225F
:102040001B88CDF800900146F4E700BFA4370120BB
:1020500038B504460D4603F009F938B15823013C60
:102060005C4303482C2313FB0541084438BD00BFE3
:10207000603A012010B50C4603F0E4F838B158235B
:10208000013858432C2313FB04010148084410BDB8
:10209000603A01202DE9D343894600211746FFF716
:1020A000E9FF064638B33C7A122C03D9A4F1160393
:1020B000082B23D84FEA540833699B781B0702D5B5
:1020C000B8F10F0F17D196F824003A462146FFF7D2
:1020D0002FFD98B3BA7A7B7A03EB02239BB2022CD2
:1020E00009D01E2C07D014F0400104D100903069B3
:1020F0002246FFF7D3FE02B0BDE8D083522C08D0B1
:10210000202C09D0D22C0CBF4FF011084FF0000842
:10211000D2E74FF00A08CFE74FF01008CCE70B4AA0
:1021200012F808204A4506D83A464946304602B0D9
:10213000BDE8D043184703460420D0E7044B53F8CA
:102140002830002BEBD103460620C8E7301E0700DD
:1021500008630020114B124930B50022C3F8E81182
:102160001049C3F8EC11C3E978220F491546084617
:1021700001240132D2B2052A1961D96383F82420DF
:1021800083F8255083F8502083F8514001F1100165
:1021900003F15803EDD1054B436530BD603A012092
:1021A0003C1D07004D070500A4370120201E070035
:1021B000014BC3F8F0017047603A012010B50446A6
:1021C0000BF086FD0B4BD3F8E03100221BB1208AC7
:1021D000198A88420AD22146074807F08BFD012060
:1021E000FFF78AFCBDE810400BF074BD1A461B686F
:1021F000ECE700BF603A0120403C012010B50446E6
:102200000BF066FD0A4BD3F8E011002231B9012032
:10221000FFF772FCBDE810400BF05CBD0B8AA342D7
:1022200002D00A460968F1E7024807F080FDEEE7B0
:10223000603A0120403C01207FB50E4601901446D3
:102240000BF046FD019803A900F0A6F8054698B1E9
:102250008389B34212D32146406832461BF016FAF6
:10226000AC7B14F0080402D0AB6800241E800BF095
:1022700031FD204604B070BD0A24F8E70D24F6E7CE
:1022800030B589B04FF4A813044680680493002544
:10229000102306938DF81C50ADF81E5010B107F0B6
:1022A00099FCA5606068102107F0A1FE63680593A2
:1022B00003AB019302AB009302220A4B4FF6FF716E
:1022C000012000F0C5FA18B1059A1021FFF7B4FFFC
:1022D0000020FFF711FC044B04A8DB6E984709B0FF
:1022E00030BD00BF661D0700A437012010B48378FD
:1022F000202B06D100785DF8044B0022042103F066
:1023000003B8222B06D80B4BD3F8E8319B685DF855
:10231000044B1847232B03D1064BD3F8EC31F6E7D7
:10232000242B03D15DF8044BFFF7AABF5DF8044BE3
:10233000704700BF603A012010B504461346A27BE7
:102340000068D20709D402290CD10A4619461BF0AD
:102350008FF9B0FA80F0400910BD1029F5D0014680
:10236000184602E01029FAD11946BDE81040FEF7E0
:1023700039BA022903460CD100781178884206D177
:1023800058785378C31A58425841C0B27047002059
:10239000FBE71146FEF726BA10B5094BD3F8E0313A
:1023A00053B11A8A824209D85C8A844206D30B60F0
:1023B0005B68801A03EB0013184610BD1B68EFE73B
:1023C000603A012030B50B4BD3F8E0310BB9184619
:1023D0000FE01C8A844204D98C4201D91B68F5E7BE
:1023E00020465D8A8542F9D35B68041B03EB041326
:1023F000136030BD603A01200B4273B506460D46AE
:102400001C4605D101290CBF0220032002B070BD7B
:10241000102908BF1C0914F00E0F01D10020F5E7A8
:10242000019202F067FF14F0080F019A00D088B102
:1024300004F00A030A2B01D101280BD96307EDD55B
:10244000064BD3F8F0313BB12946304602B0BDE827
:10245000704018470520D9E70820D7E7603A0120E7
:10246000F0B585B00446154690F8240001220DF120
:102470000F01FFF7B3FB9DF80F309B070AD506232A
:10248000009394F82510206900230222FFF706FD2F
:1024900005B0F0BDAB7A6E7A154D06EB0326B6B2E9
:1024A0002B68172E9F8838BF1726FCF7C5FF043806
:1024B000874218DA2B689D880B20FEF7D3F9034674
:1024C00048B1290A032202724572817294F82510DC
:1024D0002069FEF7CBF994F8251020692B46324687
:1024E000FEF7ACF9D4E7FCF7A7FF043885B2E3E7C1
:1024F000586300202DE9F04F937A92F8098008EB99
:1025000003281FFA88F885B00646B8F1000F77D087
:10251000137BD17A01EB03218CB2A04570D80369FB
:1025200090F8252033F822A00AF1080A1FFA8AF051
:10253000FEF798F90546002864D0052303720123AD
:10254000437200F10E09AA4440464FF6FF7B03AAEE
:102550002146A9F10407FFF735FFD0B1039B9B7B10
:10256000DB072FD505F10A039F4212D10223040A8B
:1025700007F8013C38707C70039B1B6805F10C0266
:1025800003F1100153F8040B42F8040B8B42F9D10C
:10259000123705F10A039F4236D1284607F054FB53
:1025A0000A243046FFF7D6FC96F8251074BB05F1D7
:1025B0000803FA1A30692B4692B2FEF757F905B0B4
:1025C000BDE8F08FD1454A46E3D8030A09F8040C68
:1025D00009F8033C039B1B681B7809F8023C039B2A
:1025E0001B6858455B7809F8013C07D0431C98B23A
:1025F000844209F10409AAD21746CAE74F46C8E740
:102600000124CEE71124CCE70024CAE73069009406
:1026100043460422FFF742FCD1E700002DE9FF41C9
:10262000D0F8108090F82530557A38F82370937AD6
:1026300005EB0325ADB2044603A92846FFF7ACFE1F
:102640000646002855D0C37B98F80A002A46012187
:10265000FFF7D2FE034680B9B27B510716D5039926
:10266000D1F80880B8F1000F10D022692946907A7D
:1026700000960A22C047034650B1009394F82510F3
:1026800020692B460A22FFF709FC11E0930612D4B9
:10269000B368B3F80080013FB845A8BFB8461FFA39
:1026A00088F707F1090080B2FEF7DCF8054678B933
:1026B00004B0BDE8F081104BD3F8F481B8F1000FFD
:1026C000E6D020697368807A2A460521C047D2E7A0
:1026D0000B23037271681FFA88F209301AF0D6FFD3
:1026E0007A1C94F8251020692B4692B2FEF7BEF8AA
:1026F000DEE70123C1E700BF603A01202DE9F04F7A
:102700000369174690F8252033F8223089B0044633
:1027100003F1080080B20D460593FEF7A3F880464A
:1027200000287CD0013DABB24FF0000B039300F1C9
:10273000090A0B37D9465D46039B1BB9BBF1000F55
:1027400061D02DE017F8013C17F8025C05EB03257A
:10275000039BADB2023B9BB207A928460393FFF748
:102760001BFE064600286ED02069F37B807A2A463D
:102770000121FFF741FE0490002860D1B37B5A0786
:102780001CD5079AD2F808B0BBF1000F16D0236908
:102790002022987A049B00962946D847834678B130
:1027A00040462121FEF7E6F894F825102069CDF87F
:1027B00000B02B462022FFF771FB30E09B0631D49E
:1027C000059BA3EB0902B3681B88093A9A42A8BF8C
:1027D0001A465346C2F3072103F8022B1FFA82FB65
:1027E0008AF80110184671685A461AF04FFF09F12D
:1027F00002031BFA83F31FFA83F9B3681B88DA46D6
:102800005B4582441BD9212388F8083009F1010275
:1028100094F825102069434692B2FEF727F809B0D4
:10282000BDE8F08F094BD3F8F4B1BBF1000FC7D06E
:1028300020697368807A2A460521D847AEE7DDF81B
:1028400010B0023778E74FF0010BA9E7603A01209A
:102850002DE9F0479A461A4B089FD3F8E0510E46EF
:10286000904604464FF6FF790DB92C4625E0288A9C
:10287000A0420FD9B0420CD92D68F5E74C45FBD0EA
:102880003B68103301343B606B8AA4B2A34209D287
:10289000F2E704466B8AA342EED36968201A01EB83
:1028A00000113960B442E7D8386852464146FFF714
:1028B00043FD0028E2D0099B1D602046BDE8F0875B
:1028C000603A01202DE9F3414FF42053ADF8003078
:1028D00042F60103ADF804304FF6FF739842074605
:1028E00005D14FF6FF76304602B0BDE8F0811B4BB4
:1028F000441CD3F8E081A4B2B8F1000FF1D0B8F8CD
:102900001030B8F812209C4238BF1C46A24221D396
:10291000D8F80450E31A05EB03153E466A46022137
:1029200028462746FFF708FD0028DCD101AA02212E
:102930002846FFF701FD0028D5D14FF6FF739C42D2
:10294000CFD0B8F812300134A4B2A34205F110057B
:102950003E46E3D2D8F80080CEE700BF603A0120BF
:102960002DE9F043036990F82510567A33F8217069
:10297000937A92F80B8092F80C9006EB032685B0C0
:10298000B6B2044603A93046FFF706FD0546002807
:102990005ED02069EB7B807A32460121FFF72CFD67
:1029A000C0B9AB6808EB09281B881FFA88F84345B3
:1029B00050D3AB7B5A0716D5039AD2F80890B9F1D9
:1029C000000F10D023690C22987A009543463146B7
:1029D000C84750B1009094F82510206933460C2266
:1029E000FFF75CFA12E09B0613D4AB681A88013F2C
:1029F000A2EB08029742A8BF17461FFA87F909F110
:102A0000090080B2FDF72EFF064678B905B0BDE893
:102A1000F083114BD3F8F491B9F1000FE5D02069A0
:102A20006B68807A32460521C847D2E70D230372CE
:102A30006968BAB2414409301AF028FE09F101026E
:102A400094F825102069334692B2FDF70FFFDDE7B9
:102A50000120BFE70720BDE7603A01202DE9F04FD4
:102A60002DED028B937A92F8099009EB03291FFA56
:102A700089F987B080460F461646B9F1000F7FD01E
:102A8000137B92F80BA00AEB032A1FFA8AFAD145AE
:102A900076D8036990F8252033F8223003F1080B2B
:102AA0001FFA8BF0FDF7DEFE054600286AD006F11E
:102AB0000D0308EE103A06F10F0308EE903A073FB7
:102AC000072205EB0B0300F109040272BFB248466E
:102AD000039305AB019304AB0093022218EE103A66
:102AE0005146FFF7B5FE8346E0B905F109039C4264
:102AF0004AD1284607F0A8F80A264046FFF72AFAE6
:102B000098F82510002E41D105F10803E21AD8F8F3
:102B100010002B4692B2FDF7A9FE07B0BDEC028B68
:102B2000BDE8F08F0499CA7BD30721D557B18A68D5
:102B30001288BA421CD1496818EE900A3A461AF037
:102B400097FDA8B9727BCAB9B27B282A584601D131
:102B5000FFF7B8FE039B221D9A42C6D84FEA1B23FB
:102B60006370030A84F800B0A070E37083461446D3
:102B7000D345BAD20BF1010398B2AAE75846E9E768
:102B80000126BAE71126B8E70026B6E7D8F8100004
:102B900000964B460622FFF781F9BEE72DE9F04F7C
:102BA0002DED028B0369547A92F80B90054690F84C
:102BB0002500053933F82060937A5FFA81FA04EB37
:102BC0000324BAF1020F137B89B0A4B203D0BAF187
:102BD000100F40F00281002C00F0018109EB032965
:102BE0001FFA89F94C4500F2FA8002F10D0308EE54
:102BF000103A07AB019306AB0093204618EE103A4B
:102C000052464946FFF724FE0446002800F0E980BA
:102C10002869069B807ADB7B22460121FFF7ECFBCB
:102C2000034670B9069A917B4F0711D507988768BC
:102C300077B12969887A009221460822B84703466D
:102C400040B1009395F825102869234608227BE0BF
:102C5000880654D4654918EE100A02221AF008FDBD
:102C6000002858D006F1080B1FFA8BF0FDF7FAFD8B
:102C70000746002800F0B78009230372069B9A6874
:102C8000B2F800808472043EB04528BFB0465FFAB7
:102C900088F808F1020242720492220AC27200F11C
:102CA0000C065968304642461AF0F0FC049B013489
:102CB0001E4407EB0B03A0B20593B31E039307ABAF
:102CC000019306AB0093524618EE103A4946FFF7BF
:102CD000BFFD0446002842D0069B28699A7B510715
:102CE00035D50799D1F808B0BBF1000F2FD0807A05
:102CF0000093082200232146D84750B32FE03C4BD5
:102D0000D3F8F471002FA5D028695368807A224641
:102D10000521B84793E7FEF705FF0028A2D004205D
:102D20002E6906F035FFF0602869C36833B11C8056
:102D30005C8009B0BDEC028BBDE8F08F112395F8E3
:102D40002510009308222346FFF7A8F8F1E7920622
:102D500011D4069B28699A681288424517D0039AB5
:102D600095F82510286907F10803D21A92B23B465C
:102D7000FDF77CFDDDE71E4AD2F8F4B1BBF1000F90
:102D8000E7D05B68807A22460521D847B5E7DB7B30
:102D9000807A22460121FFF72FFB0028DFD1059B17
:102DA00008EB060B9B45DAD8230A06F8024C06F816
:102DB000013C069B4246596830461AF067FC4FF6C4
:102DC000FF739C4206D00134049BA0B281451E448F
:102DD000BFF473AFCDF80CB0C1E7042331E7012392
:102DE0002FE70A232DE711232BE700BF661D0700FD
:102DF000603A01202DE9F04F0369174690F825202D
:102E000033F822A00AF1080A87B004461FFA8AF0B4
:102E10000E46FDF727FD0546002866D00836BB198B
:102E200003930F23093700F109090372039B9F42A3
:102E30000BD305F10803A9EB030294F825102069D0
:102E40002B4692B2FDF712FD59E07B7817F8026B22
:102E500006EB0326B6B205A93046FFF79DFA804679
:102E600000284FD0206998F80F30807A324601212F
:102E7000FFF7C2FA0346002845D198F80E20510703
:102E800023D50599D1F808B0BBF1000F1DD02269F8
:102E90003146907ACDF800800E22D847034690BB89
:102EA00005EB0A024A45C1D9A2EB090293B2D8F850
:102EB0000820D8F8041016889E4228BF1E464846AF
:102EC00032461AF0E3FBB144B0E79306E8D5114B64
:102ED000D3F8F4B1BBF1000FE2D02069D8F8043088
:102EE000807A32460521D847D8E711230646009359
:102EF00094F82510206933460E22FEF7CFFF07B065
:102F0000BDE8F08F01232846039306F09DFE039B46
:102F1000EDE700BF603A01202DE9F04F2DED028B67
:102F20008BB04FF4205392F80980ADF81C3005396E
:102F3000937A5FFA81FB08EB0328BBF1020F81460D
:102F40001FFA88F803D0BBF1100F40F0B080B8F141
:102F5000000F00F0B080117BD37A03EB01239BB20A
:102F60009845029300F2BE80D9F8103099F82510E8
:102F700033F8216002F10D031A46594607A808EEFE
:102F8000103AFFF7F6F9002800F0AE8009AB019384
:102F900008AB0093029918EE103A5A464046FFF7E4
:102FA00057FC0446002800F0A180D9F81000089BC7
:102FB000807ADB7B22460121FFF71EFA07460028B4
:102FC00040F0968006F108030493BDF81000FDF769
:102FD00049FC11230546002800F08C800372089BF1
:102FE0009B68B3F800A08472063EB24528BFB24683
:102FF0005FFA8AFA0AF1040343720393230AC37245
:103000002046FFF75FFC08992873020A6A7305F1EE
:103010000E0605904968304652461AF037FB039B6E
:103020001E44049B2B440493059B4FF6FF7293426E
:10303000A6F1040442D0013398B2029B83423DD3EF
:1030400009AB019308AB00935A4618EE103A029967
:10305000FFF7FEFB024688B3089B99680988514533
:103060002CD1D9F81000DB7B807A05920121FFF783
:10307000C3F918BB049A0AEB06039A423DD3059A9A
:1030800006F8042C130A06F8033C1046FFF71AFC56
:10309000020A06F8020C06F8012C08990590496806
:1030A000304652461AF0F2FA039B1E44BCE704274E
:1030B0000024254602E00127444645464846FEF7DF
:1030C00049FF99F82510D7B905F10803E21AD9F894
:1030D00010002B4692B2FDF7C9FB0BB0BDEC028B82
:1030E000BDE8F08F0127E3E71027E1E70A27E0E7D3
:1030F000A046DDE704461F46E0E70746DEE7D9F8CD
:103100001000009743461022FEF7C8FEE5E70000D6
:10311000F0B5436887B006460C4643B34D89073582
:10312000ADB2284606F034FDB4600746F8B100237E
:103130007168102202A8CDE90233CDE9043306F00C
:1031400049FF2A4604F10D01384606F043FF2323C8
:103150000193237B00930A4B2A4693F87430394637
:1031600002A8FDF777F940B9384606F033FD20464E
:1031700007B0BDE8F04006F02DBD07B0F0BD00BFC0
:10318000A43701202DE9F347937A567A06EB0326FC
:10319000B6B205468946304601A99046FFF7FCF8CD
:1031A00000283ED0817B4F063BD52B69204F9B7A70
:1031B000013B07EB03135A689AB3C27B12F0900FDE
:1031C0002FD0940601D51B7B5BB3A9F10F0A0A0728
:1031D00083891FFA8AFA22D49A4522D109F10F0075
:1031E00080B206F0D5FC0446D8B12B694360068155
:1031F000A0F80AA095F82430037308F108014A46A4
:103200000D301AF043FA95F82430013B07EB031018
:103210002146836843B1074806F03EFD01E09A4528
:10322000DCD902B0BDE8F087FFF772FFF9E700BF15
:10323000583C0120A83C01202DE9F0478378232B3E
:1032400088B0064657D10023CDE9063303783B4DBD
:103250004168013B1F0105EB031308229C6806A887
:1032600006F0B8FEB4F80AA004F10D090AF107014E
:103270000822494406A81AF0FBF9804650BB09EB26
:103280000A035A791979120402EB0122D9789B7941
:103290000A4402EB0362EB599A421BD30132EA5112
:1032A000208905A9FFF778F8814698B1817B8807C6
:1032B00004F1100322D5059AD2F80CA0BAF1000F40
:1032C0001CD02189207BCDE9013963890093D2226A
:1032D0004346D047204606F07DFCB06806F07AFCF5
:1032E000174806F0EBFC014620B3007B013805EBE4
:1032F0000010FFF70DFF08B0BDE8F0878A060AD579
:10330000104AD2F8F481B8F1000F04D02289207B52
:103310000921C047DEE76289D9F8040019461AF08E
:10332000B5F999F80E301B0742BFD9F80830628909
:103330001A80CFE73D44A860DDE700BF583C01207C
:10334000A83C0120603A0120054B0022C3E9142269
:10335000044B054AC3F8EC21044B054A5A647047F4
:10336000583C0120603A01203932050008630020F2
:1033700085310500034B013803EB001359601A73C4
:10338000704700BF583C0120024B03EB001040F88F
:10339000101C7047583C0120024B03EB001050F802
:1033A000100C7047583C01202DE9F047937A92F8B1
:1033B000099092F808A009EB032986B01FFA89F951
:1033C00005460E46484605A99046FEF7E5FF074626
:1033D00000284FD02869FB7B807A4A461021FFF7EE
:1033E0000BF80446002854D1BB89033EB6B2B34261
:1033F0004DD3B97B880708F10B0324D5059AD2F881
:103400000C80B8F1000F1ED02A694946907A0096C8
:10341000CDE9013752462346C0470446002838D13B
:10342000BAF1120F0CD10920FDF71CFA034638B18E
:103430001322027295F8251028690122FDF716FA69
:1034400006B0BDE8F0878A0609D5194AD2F8F441DA
:103450002CB128694A460921807AA047DDE7194640
:10346000786832461AF012F9BB7B1B07D8D5BB68C7
:103470001E80D5E70124BAF1120FE1D195F825108D
:10348000286900944B461222FEF708FDD8E70D2468
:10349000F1E7BAF1120FD3D17A2C2B6995F82520D8
:1034A000ECD103EB82039A7842F008029A70C7E7E6
:1034B000603A01202DE9F04F937A547A92F80B800C
:1034C00092F80C9004EB032487B0A4B206468A4617
:1034D000204605A91546FEF75FFF0746002800F0C5
:1034E0008780C37B96F8240022461021FEF784FFD4
:1034F00000285DD108EB09281FFA88FBBB7BBBF1D4
:10350000000F01D0D90675D5AAF105091A071FFACF
:1035100089F902D4BB894B456ED396F82400394B08
:10352000363003EBC00006F01AFC374B1B68DB7922
:10353000834263D90AF1060080B206F029FB804677
:1035400000285DD0BB7B9B0705F10D051ED44A46C4
:103550002946A8F80490A8F80640A8F808B008F191
:103560000A001AF093F896F82400264B363003EB45
:10357000C000414606F090FB0AF1080080B2FDF75A
:1035800071F90746E8B907B0BDE8F08F059BDB6825
:103590009C46002BDBD0CDE9015796F82400CDF8EE
:1035A00000900023162221466746B8470028CED057
:1035B000009096F82510306923461622FEF76EFC1F
:1035C000E1E71723037244724FEA1B23240A847233
:1035D00080F80BB003734A4629460D301AF056F8AE
:1035E00096F8251030693B465246FDF73FF9CAE789
:1035F0000120DDE70B20DBE70D20D9E70920D7E725
:103600001120D5E7603A0120586300202DE9F041F0
:10361000537A86B0064683B9FEF75EFC0920FDF7B3
:1036200021F90346002836D01922027296F8251097
:1036300030690122FDF71AF92DE0012B7DD190F8B8
:1036400024303F4F363357F833405CB996F82400A6
:10365000363007EBC00006F031FB054610BB002CEE
:10366000DCD010E0E08804A9FEF796FEC0B1218905
:103670008289914212D8A3880B44934210DD0D2415
:103680003046FEF729FC96F8251030690094002397
:103690001822FEF703FC06B0BDE8F0810724EFE72F
:1036A0002468D2E7E88805A9FEF776FE804620B9AF
:1036B0000E243046FEF710FC19E0C37BD8063AD53D
:1036C00098F80E20910705F10A0314D50599CC68E6
:1036D0008CB12A89E98896F82400CDE90138AB88B5
:1036E000009313461822A04704460028E1D128463B
:1036F00006F070FAAAE7920608D5D7F8F4412CB183
:10370000EA8896F824000921A047EDE72C89D8F82B
:103710000400AA882044194619F0B8FF98F80E4012
:1037200014F00804E3D0AB882989D8F808200B44AA
:1037300013800024DBE70324BBE70424A3E700BFD6
:10374000603A01200C4B1A18FF2110B5117700F1D7
:1037500008014FF4C86423F8114003EB41034FF410
:10376000F061D9800723D377044B034400215974B7
:1037700082F8231010BD00BFB03C0120843E012020
:1037800008B50020FFF7DEFF0120FFF7DBFF022076
:10379000FFF7D8FF034B044A197B117300229A7379
:1037A00008BD00BF843E0120B03C012030B58BB085
:1037B00004460D462422002101A819F08FFF0E496E
:1037C0008DF8085002238DF8063001238DF80C3057
:1037D0000B190DF10E0093F83F308DF80D300623D4
:1037E00003FB04112D318DF8075006F07FFB01A873
:1037F00002F0BAF80BB030BDB03C0120F7B5064678
:103800000E200F461546019306F012FA044680B1C9
:10381000002383704771067185710199073006F0A6
:1038200065FB054B187B214603B0BDE8F04006F070
:1038300014BA03B0F0BD00BF843E01202DE9F3416E
:1038400080460F4603F108000899019116461D466F
:1038500006F0EEF9044698B101230199837080F8CF
:10386000048047718671C5712A46083019F00EFF31
:10387000054B187B214602B0BDE8F04106F0EDB9DA
:1038800002B0BDE8F08100BF843E01202DE9F04187
:10389000054612200E461746984606F0C9F901461D
:1038A000D8B102238370057101F1080305300024AB
:1038B000E2B2954205D80A4BBDE8F041187B06F00C
:1038C000CCB9325D00F8012B37F8142023F8022B15
:1038D00018F8042002720134EAE7BDE8F08100BF65
:1038E000843E012038B5054608200C4606F0A0F9B4
:1038F000014690B10323837005712346421D254480
:10390000AB4205D1054B187BBDE8384006F0A5B9A0
:1039100013F8010B02F8010BF2E738BD843E0120D9
:1039200010B50446062006F083F9014640B1042391
:103930008370044B0471BDE81040187B06F08DB90C
:1039400010BD00BF843E012008B5042006F070F9C8
:10395000014638B105238370034B187BBDE808404E
:1039600006F07BB908BD00BF843E012037B505468F
:103970000C20019106F05CF9044670B106238370B7
:1039800005710199053006F0B1FA054B187B214607
:1039900003B0BDE8304006F060B903B030BD00BFF1
:1039A000843E012070B504460E4615460AF090F993
:1039B00004F10800044B23F8106003EB4003DD80A2
:1039C000BDE870400AF086B9B03C012038B5054624
:1039D0000C460AF07DF903482844C477BDE8384016
:1039E0000AF078B9B03C012010B504460AF070F92D
:1039F000024B9C73BDE810400AF06CB9843E012074
:103A00000A4A0E2358431318FF21115400220121A2
:103A10007F2059709A70DA70187159719A71D97142
:103A20001A725A729A725A73704700BFF43C01209E
:103A3000064A0623584313184FF4C86111524FF435
:103A4000F0625A8000229A80704700BF1E3D01201C
:103A500010B5084C4318994201D1002010BD11F84F
:103A6000012B2244107F0128F8D00428F3D1012033
:103A7000F4E700BFB03C012010B50A490A4A002310
:103A800011F8014B012C01D0042C02D1547B84424B
:103A900005D00133DBB2032B02F10E02F0D1184640
:103AA00010BD00BFCC3C0120F43C012008B5FFF75D
:103AB000E3FF02280BD8064B0344FF221A770022AB
:103AC00083F82320034B0E2101FB00335A7308BDFA
:103AD000B03C0120F43C0120064B93F8230093F8FE
:103AE000242093F8253010431843012894BF002068
:103AF00001207047B03C0120084B5A79012A08D8B0
:103B0000DA7A012A07D85B7C012B8CBF02200320C4
:103B10007047002070470120704700BF1E3D012004
:103B2000704700008378034A03F0070352F82330FC
:103B3000184700BF501E07008378034A03F00703AD
:103B400052F82330184700BF7C1E0700F7B54E23FC
:103B50000D4D0E4FADF8023000246B7903F0FD03DC
:103B6000012BE6B206D1BB688DF80460ADF80040C9
:103B70006846984730460134FFF75AFF032C05F199
:103B80000605EAD103B0F0BD1E3D0120843E0120B0
:103B9000F0B585B0482300240F4E104FADF8063025
:103BA0008DF8084016F8013B1A1F012AE5B201D929
:103BB000012B06D1BB688DF80950ADF8044001A86F
:103BC000984728460134FFF71BFF032CEAD1FFF783
:103BD000D7FD05B0F0BD00BFD33C0120843E0120DD
:103BE000411D0079FBF7A4B82DE9F04F8BB00679A1
:103BF0008DF80B6082460DF10B010120FFF728FFC5
:103C00000546002840F0A9809AF80540DFF8E081D9
:103C10009AF80690012C1BBF0E2303FB0683274650
:103C20005F781C22002103A80AF1070A19F056FD4B
:103C3000002F00F09580042C98BF694B4FF00107CE
:103C400098BF195D8DF8227088BF0021BC4241F0F9
:103C5000100103D0251F18BF012514B1A21E574221
:103C6000574111F0080F5F4BADF80C1008D106F169
:103C7000080233F81210049103EB4202D288059235
:103C8000DFF864B133449BF80E00DB7F8DF8183009
:103C900001F0C0FE0BEB06038DF81A905B7C8DF8EB
:103CA00020300E23734308EB03098DF8190099F8AF
:103CB00004208DF8212099F80A208DF8252099F804
:103CC0000820CDF81CA08DF826207DB999F80B208E
:103CD00062B118F80330FF2B08D000952B462A4616
:103CE00003213046FBF776F889F80B508FB90E2385
:103CF000734308EB03052A7B5AB118F80330FF2BF6
:103D000007D000973B463A4603213046FBF786F83A
:103D10002F7303A93046FBF720F80E23734308F8EE
:103D200003409BF80E30012B09D19BF8053003F0BE
:103D3000C003C02B03D12C493046FAF7F9FF002C01
:103D400046D0013CE4B2042C44D8284B1B57DBB2CC
:103D5000324602210E2001F077FD0BB0BDE8F08F56
:103D600094B3052C31D0012C36D0042C34D0022C45
:103D700001D0072C0AD10025012702216FF0D203C0
:103D80002341DB0706D441F0040103E04FF00105B5
:103D90003946F3D90E2303FB068292780AB141F02B
:103DA000200103FB0683DB780BB141F040010E23B9
:103DB00003FB06835A798DF822209A79DB798DF8F6
:103DC00023208DF824304CE7052401252946E1E71E
:103DD0000123BCE70023BAE701210D46D3E700BF6A
:103DE000451E0700B03C0120843E01204A1E07000A
:103DF000F43C01202DE9F04387B001AE9DF838E096
:103E0000DFF844909446002532464FF00A08ECB2A1
:103E1000A04206D801460120FBF724F807B0BDE810
:103E2000F0835C5D34713CF815404F5D377024B110
:103E3000013CB4FBF8F40134A4B24F44748087F819
:103E400023E001350636E2E7B03C0120F0B5104E24
:103E500087B060B986F8232086F8242086F82520CC
:103E6000014601AA0020FAF7FDFF07B0F0BD0023CC
:103E700001AC1F46CD5C25703544013385F8232005
:103E8000DDB2A8426780277104F10604F2D8E7E7A3
:103E9000B03C012010B40079074C06214143621860
:103EA000615A13795DF8044B5288003B18BF012317
:103EB0009B01FBF732B800BF1E3D0120827941799A
:103EC000C31D0079FBF746B808B50146FFF714FE9D
:103ED00002280BD90979064B062202FB0133022284
:103EE0005A71BDE808400120FBF755B808BD00BF76
:103EF0001E3D012008B50146FFF7FEFD02280BD943
:103F00000979064B062202FB013303225A71BDE8F0
:103F100008400020FBF73FB808BD00BF1E3D012050
:103F2000012A10B518D1B8B90E4B93F82320012AF5
:103F300008D193F82420012A04D193F82500431EC8
:103F40005842584110BD11F8013B234493F82330E7
:103F5000934203D00020F5E7024C08448142F2D19D
:103F60000120EFE7B03C012030B585B00446FFF7F3
:103F7000B3FD024600BB2579611D28460391FFF77A
:103F8000CFFFC8B103992846FFF762FDA0B90B4ADD
:103F90000399507F137F0340907F0340FF3B18BF7E
:103FA000012382F82C300323009304F1080204F16A
:103FB0000E032846FFF71EFF05B030BDB03C0120C0
:103FC00073B5194B19491B88ADF8043000230579E6
:103FD0008DF8063005301C46DAB2954216D8FFF748
:103FE0007BFD88B9012201A92046FFF799FF58B14E
:103FF00001A92046FFF72CFD30B905B124B10522F7
:1040000001A92046FFF722FF02B070BD10F8012B76
:104010008E18367FFF2E05D0661C08346C4404F8D9
:10402000042CF4B20133D7E7421E0700B03C012054
:1040300013B5012204798DF807400DF107011046F0
:10404000FFF76EFF50B1FFF747FD28B906220DF1CB
:1040500007010120FFF7FAFE02B010BD2046FAF773
:1040600042FF2046FFF76EFB204602B0BDE810403D
:10407000FFF7C6BC00B58378382B9BB001460ED144
:10408000FFF73AFD02280AD8144B0A68019206216C
:1040900001FB00335979022904D0032912D01BB047
:1040A0005DF804FB120E4FF04D018DF808008DF8FD
:1040B00006100CBF012200225A71094B01A89B680F
:1040C0009847ECE7120E4FF04E018DF808008DF87E
:1040D000061014BF01220022EEE700BF1E3D0120A2
:1040E000843E012008B5164B93F82320012A10D1F5
:1040F00093F82420012A0CD193F82530012B08D104
:10410000FFF7EAFC0146D0B9BDE808400722FFF7F7
:104110009DBE0020FFF716FB0020FFF771FC012079
:10412000FFF710FB0120FFF76BFC0220FFF70AFBF3
:104130000220FFF765FCBDE80840FAF7E2BE08BDC3
:10414000B03C012073B501460079224B8E790E22D6
:1041500042439C189A5C65784C6804F0FF24DEB9F1
:10416000B4F5407F04D095B1012A0ED0042A0CD0BA
:104170000E2404FB003401F108030093CB79627A2A
:104180004979FAF727FE0123E37202B070BD12F0FD
:10419000FD0FFAD0072AEAE7B4F5407F03D085B1D6
:1041A00012F0FD0FF1D10E2202FB003401F10803E1
:1041B0000093CB79627A4979FAF730FE01232373B1
:1041C000E3E7072AE1D8852424FA02F2D207DCD5F6
:1041D000E9E700BFF43C012008B50020FFF710FC20
:1041E0000120FFF70DFC0220FFF70AFCBDE80840A4
:1041F000FFF7C6BA08B50020FFF71AFC0120FFF749
:1042000017FCBDE808400220FFF712BC2DE9F04F73
:104210005A4D5B4C0368DFF86CB19BB026460193A6
:10422000A84600274FF0FF0A16F8013B043B012B7C
:10423000FAB226D89DF8073016F8089CADF80AA007
:104240008DF808308DF80920002B4BD106F808AC0A
:1042500006F8013C88F80D3048210D2001F0F4FAF1
:10426000B9F1FF0F0DD0B9F1010F0AD0B9F1040F68
:1042700007D04FF048038DF8063001A8DBF808306E
:1042800098470137032F08F10E08CDD100268DF88D
:104290000860B0463746B14614F8013B032B5FFA7D
:1042A00086FA23D8012B24D99DF80830591C68338D
:1042B0006B448DF8081003F85FAC9DF8073093BB92
:1042C000524647210C2001F0BFFA2B7804F8083C35
:1042D000012304F8013C2B78012B0AD0042B18BFD2
:1042E000472706E0012306F8013CB9E7063B012B0E
:1042F0001BD90136032E05F10E05CDD1B8F1000F03
:1043000007D0FAF7FEFD00231A4604210E2001F023
:104310009BFA2FB11B4B8DF806709B6801A898473C
:104320001BB0BDE8F08F0023D3E79DF807B0BBF1C9
:10433000000F1ED15046FFF705FA5046FFF760FB0D
:1043400014F8011C062911D15046FAF7CCFD5B4642
:10435000524603210E2001F077FA4FF0FF3304F8A4
:10436000083C04F8019C85F80D90C2E74FF0010865
:10437000F3E74FF0010304F8013CBAE7F43C0120F5
:10438000D33C0120843E012083782E2B70B5044657
:104390002ED145791D491E4A2944FF230E7F0B77F4
:1043A000002381F823300E2101FB05220D205373D9
:1043B00048212A4601F048FAFF2E26D0012E217905
:1043C00010D0042E0ED04823A37029B9E08800F045
:1043D0003DFB08B1037C23800E4B9B682046BDE863
:1043E0007040184789B12846BDE87040FFF7DEB934
:1043F0002F2B04D149238370064B9B68EFE7372BA3
:1044000003D1BDE87040FFF701BF70BDB03C012093
:10441000F43C0120843E01207FB5154604468DF80A
:104420000F10ADF80C30FFF757FB024628BB0DF11B
:104430000F010120FFF774FDF8B1012D0CBF02231D
:10444000032303AA00930DF10F0108AB0120FFF72E
:10445000D1FC9DF80F500A4E0A992D23062010FB1F
:104460000530304405F042FD9DF8243086F83F3099
:10447000044B0E2202FB05335C7304B070BD00BF19
:10448000B03C0120F43C012007B50146FFF724FBB6
:1044900090B90846FFF7F0FA02288DF807000BD80C
:1044A000074B03440DF107011B7F012B0CBF0422B6
:1044B00005220120FFF7CAFC03B05DF804FB00BF32
:1044C000B03C0120FFF7F2BAFFF7F0BA10B504468E
:1044D000062005F0ADFB014640B150238370044B2C
:1044E0000471BDE81040187B05F0B7BB10BD00BFDC
:1044F000843E0120F7B5074602F108000E46154636
:10450000019305F095FB044688B15123019983700E
:104510000771467185712A46073019F0B7F8054BC7
:10452000187B214603B0BDE8F04005F096BB03B010
:10453000F0BD00BF843E012010B50446062005F002
:1045400077FB014640B152238370044B0471BDE8F0
:104550001040187B05F081BB10BD00BF843E0120D8
:1045600010B50446062005F063FB014640B1532315
:104570008370044B0471BDE81040187B05F06DBBDF
:1045800010BD00BF843E012038B505460C4609F039
:104590009FFB04480E2202FB05004470BDE8384032
:1045A00009F098BBF43C012038B505460C4609F0EB
:1045B0008FFB04480E2202FB05008470BDE83840E2
:1045C00009F088BBF43C012070B5064614460D4640
:1045D00009F07EFB04480E2202FB0600C570047140
:1045E000BDE8704009F076BBF43C01202DE9E841BC
:1045F00080461D460F46164609F06AFB05480E2305
:1046000003FB080047718671C571BDE8E84109F0F8
:1046100061BB00BFF43C012038B505460C4609F0EB
:1046200057FB04480E2202FB05000472BDE8384027
:1046300009F050BBF43C012038B505460C4609F0A2
:1046400047FB04480E2202FB05004472BDE83840D7
:1046500009F040BBF43C012070B5154604460E46F7
:1046600009F036FB054B062202FB04F01A181E5215
:104670005580BDE8704009F02DBB00BF1E3D0120F4
:1046800038B505460C4609F023FB0448062202FB18
:1046900005000471BDE8384009F01CBB1E3D012037
:1046A00008B509F015FB0C4B0C4A1A600C4A9A62CB
:1046B000FFF792FDFFF79EFD0A4B0B4A1A600020A0
:1046C000FBF7DEFD01224FF440500021F9F772FEA6
:1046D000BDE8084009F0FEBA78630020701E0700AC
:1046E0008C1E0700803E012031ED04007047000061
:1046F0008378034A03F0070352F82330184700BFBA
:10470000981E0700034603F108019B79C0790BB995
:10471000FAF707B9FAF7B1B907B50C4B93F82320AC
:10472000052A04D0012A0CD11B7F012B09D0074890
:1047300005F09BFB2223ADF80630054B01A89B68D2
:104740009847FFF71DF803B05DF804FBB03C01206B
:10475000843E01202DE9F043134D95F8233087B0B6
:104760000446F3B92B7F012B1BD0042B19D00F4F1C
:10477000467990F80690E98AB87BB5F810800591E3
:1047800001F048F97A7C03920734EA7F02920346EB
:10479000CDE90094059932464046FAF7DFF8044B1C
:1047A0001E7007B0BDE8F083B03C0120843E0120BC
:1047B000303D0120084B93F8232062B91A7F012A6B
:1047C00009D0042A07D0032283F823200289DA843F
:1047D0000120FAF798B87047B03C0120084B93F8D5
:1047E0002320012A0AD11A7F012A07D0042A05D0E2
:1047F000052283F823200020FAF785B8704700BF10
:10480000B03C01208378352B2DE9F04106462CD1B0
:10481000294C94F82330032B24D8012B25D9C578B3
:104820002DBB032B254F0AD1E18C21B10723204654
:10483000A37105F017FB3B78042B18BF212500233B
:104840001A4621210C2000F0FFFF3B78237701233B
:1048500084F823304DB11A4BB57030469B68BDE8E3
:10486000F04118471A1F012A05D9BDE8F08100233D
:1048700084F82330F9E7C578E5B9052B08D120463F
:1048800005F0F3FA0D4B1B78042B0CBF02252225F3
:1048900000231A460D20222100F0D6FFFF2300201E
:1048A000022D237784F82300D4D1BDE8F0413C21C8
:1048B000FEF77CBF0123DBE7B03C0120303D012047
:1048C000843E012070477047054B93F82320012A4E
:1048D00005D1052283F823200020FAF714B8704789
:1048E000B03C0120F7B50E4C0E46194694F8233023
:1048F000074615468BB901200191FAF704F8012FFC
:104900000CBF02230323019984F8233004F12D0006
:10491000E68405F0EBFA84F83F5003B0F0BD00BF29
:10492000B03C0120084A92F82330013B022B0AD800
:10493000064B1B78012B0CBF0423052382F8233080
:104940000020F9F7E0BF7047B03C0120303D012066
:1049500010B5084C204605F088FA00231A4622219B
:104960000D2000F071FFFF232377002384F823300C
:1049700010BD00BFB03C0120FFF7EABF08B509F049
:10498000A7F9074B074A1A60FEF7FAFE064B00200C
:10499000186009F08DF9BDE8084009F09BB900BF27
:1049A00078630020B81E0700803E01207047000099
:1049B00029238B70024B0846D3F8FC30184700BF00
:1049C000343D012009798089F9F7A6BD13B50C465D
:1049D000019009F07DF9019801F03FF8074B6168FB
:1049E0000C2202FB0033206803F5827303C3A06826
:1049F000186002B0BDE8104009F06CB9343D0120E8
:104A000070470000F8B5104C07460025A67D01351B
:104A1000EDB29EB930223146204618F05FFE39468D
:104A2000204605F063FA4FF6FF73A3810123257436
:104A30006674A37584F82C602046F8BD052D04F13A
:104A40003004E3D10024F7E7343D0120074B052271
:104A5000997D11B19989814206D0013A12F0FF0285
:104A600003F13003F4D1134618467047343D01205A
:104A70001FB504460088FFF7E9FF58B1A378282B3B
:104A80001CD8222B08D80A2B00F086800B2B64D070
:104A9000072B1BD004B010BD233B052BFAD801A275
:104AA00052F823F0F34A0500174B0500954A05001C
:104AB000954A0500234B0500474B0500472BE9D1DC
:104AC00081892379227A007C682405E08189007C31
:104AD000237994F9082039248DF80240ADF80000BC
:104AE0008DF803308DF80430ADF806108DF80820ED
:104AF00023E0027C8389ADF800204022ADF8043029
:104B0000ADF80220E288A389ADF80620A2680292DF
:104B1000ADF80C3011E0027C8389ADF80020412211
:104B2000ECE7017C2379E288ADF800104221ADF872
:104B30000210ADF806208DF80430214B6846D3F8FA
:104B4000FC309847A6E7027CA388ADF800204322FA
:104B5000ADF80220ADF80430EFE7A37A627A1B04C7
:104B600003EB0223227A1344E27A03EB02638362AB
:104B7000012380F82C30037CADF800305723ADF8CA
:104B8000023023798DF80430A068E388E168ADF83D
:104B9000063002AB03C3D0E7037CADF800305823E6
:104BA000ADF8023023798DF80430E388ADF8063093
:104BB000237A8DF808306389ADF80A30A389A7E716
:104BC000343D012070B50A4C06460525A37D43B946
:104BD000013D15F0FF0504F13004F7D12C462046C5
:104BE00070BD3146204605F086F90028F0D0F6E782
:104BF000343D012070B585786B1E012B044631D8F9
:104C000000F10A052846FFF7DDFFD8B9194B052248
:104C10004FF6FF76997D39B1597D022920D00429BC
:104C200002D19989B1421BD0013A12F0FF0203F17F
:104C30003003EFD1E3782BB9237A012B02D1284638
:104C4000FFF7E0FEE378002B14BF1B251C25A570A1
:104C500070B1037C23802146BDE8704000F09ABD0E
:104C60001846EFE700881A35FFF7F0FEEDB2EEE7E1
:104C700070BD00BF343D0120F0B585B00323ADF811
:104C8000063000238DF80830174D16238DF80C30B0
:104C90000524AB7D3BB1AB89ADF80A3001A8ADF876
:104CA0000430FFF7A7FF013C14F0FF0405F13005C5
:104CB000EFD10E4A0E4C106851689768A4F59475B0
:104CC0000323302624F8026B05F58272A68003C206
:104CD000013B13F0FF03176005F10C05F2D1054A03
:104CE0005375537305B0F0BD343D0120F41E070029
:104CF0005C3E0120843E012001380649C3B23022C7
:104D000002FB0312907D18B103EB430301EB031088
:104D1000704700BF343D012010B504460078FFF70E
:104D2000EBFF20B12146BDE8104000F033BD10BDBF
:104D30001FB504460078FFF7DFFFD0B1A378213B11
:104D4000052B16D8DFE803F00309171E262D8089EE
:104D500004B0BDE81040F9F7ECBEE3898089029306
:104D6000A389019363890093E2882389A188F9F7D5
:104D700088FC04B010BD2179808904B0BDE81040E2
:104D8000F9F7B5BCE288A188808904B0BDE810407D
:104D9000F9F7BFBCA188808904B0BDE81040F9F7DD
:104DA00011BF808904B0BDE81040F9F7B1BF000021
:104DB000064A05230020917D09B10130C0B2013BB4
:104DC00013F0FF0302F13002F5D17047343D0120AA
:104DD00070B5064D0646052455F8043B0BB1304628
:104DE0009847013C14F0FF04F6D170BD243E012029
:104DF00073B50D4604460A3105F078F8EB88A381B7
:104E0000687A00F013FEE0742A7A1E4B6276AABB21
:104E10005B7B2375A61D9BBBFAF7F8FA014630466B
:104E200005F064F805F1170104F11A0005F05EF8C9
:104E300005F11D0104F1200005F058F80023E3817D
:104E4000637E7BB91A4601210E20019300F0FCFC21
:104E5000FFF7AEFF0128019B04D11A4627210C2041
:104E600000F0F2FC217C272000F002FD27232846D9
:104E7000AB7002B0BDE87040FFF7AABF9B7BC8E7EC
:104E80000049CCE7843E012010B500238375437EA2
:104E90000C466BB91A4601210E2000F0D5FCFFF735
:104EA00087FF034620B9024628210D2000F0CCFCE4
:104EB0002823A37000232372E3802046BDE810401E
:104EC000FFF786BF38B504460D46017C282000F068
:104ED000CFFC0023A375637E43B9FFF769FF034648
:104EE00020B9024628210D2000F0AEFC2823AB702B
:104EF0002846BDE83840FFF76BBF00002DE9F84FAA
:104F00000D9F9DF838B006468A469146984608F0AF
:104F1000DFFE3846FFF756FE044618B93846FFF75D
:104F200071FD044608F0D6FEACB3242004F080FEE8
:104F3000054648B3237C0380BBF1000F0CBF182348
:104F40001A238370BDF8283003819DF82C308372BA
:104F500080F804A080F8059080F8068039460B3070
:104F600004F0C4FF9DF830306B740C4BAE74187BAA
:104F7000294604F072FE08F0ABFE84F819B008F080
:104F8000A9FE207CBDE8F88F08F0A2FEA57508F008
:104F9000A1FE2846F6E72046F4E700BF843E012044
:104FA0008B780A4A03F0070310B4D35C084A1C0943
:104FB00052F8242032B103F00F035DF8044B52F88D
:104FC000233018475DF8044B704700BF041F0700EB
:104FD000683E012010B504460078FFF78DFE38B119
:104FE000437D032B04D12146BDE81040FFF7D8BF15
:104FF00010BD000008B508F06BFE084B084ADA60E7
:10500000084A1A61084A9A63084B094A1A60094B10
:10501000094A1A60BDE8084008F05CBE78630020C9
:10502000E81E0700C41E0700081F0700743E012089
:10503000D01E0700683E0120001F070038B5044657
:105040000D463C3408F044FE034B43F82450BDE8C1
:10505000384008F03FBE00BF343D012070B5054622
:1050600024200E46144604F0E3FD014658B11923EE
:105070008370054B06800471C4704571BDE87040B3
:10508000187B04F0EABD70BD843E012038B50546AA
:1050900024200C4604F0CCFD0146C8B10D4B6A1E1D
:1050A000302000FB02330A465B7E002B0CBF7023CE
:1050B00071238B7022F8045B23684B606368536034
:1050C000A3689360044B187BBDE8384004F0C5BD6D
:1050D00038BD00BF343D0120843E012038B505466F
:1050E0000C4608F0F5FD012000F0B7FC054B00F17F
:1050F000940223F8125003EB4203DC80BDE83840F1
:1051000008F0E8BD343D01202DE9F74F0025164E8B
:105110008046894692462C46012748FA05F3DB076C
:1051200018D539F814203AF814B0019208F0D0FDDF
:1051300007FA05F0C0B200F090FC00F19403019A68
:1051400026F8132006EB43030134A3F806B008F059
:10515000C1FDE4B2072D03D0032C05F10105DCD11C
:1051600003B0BDE8F08F00BF343D012001460120AF
:10517000FFF72CBC2DE9F041002506460F462C46D2
:105180004FF0010846FA05F3DB070AD504EB4401AA
:1051900008FA05F007EB8101C0B2FFF717FC0134F4
:1051A000E4B2072D03D0032C05F10105EAD1BDE8D7
:1051B000F081000038B5054610200C4604F038FD9B
:1051C000014680B102462223837022F8045B2368E3
:1051D000436063685360A3689360034B187BBDE82A
:1051E000384004F03ABD38BD843E012038B505464C
:1051F00006200C4604F01CFD014648B123238370B1
:10520000044B05800471187BBDE8384004F025BDCF
:1052100038BD00BF843E012038B5054606200C4647
:1052200004F006FD014648B125238370044B058038
:105230008480187BBDE8384004F00FBD38BD00BF46
:10524000843E0120084A0523917D29B1918981423C
:1052500002D1137C18467047013B13F0FF0302F1A3
:105260003002F1D1F6E700BF343D0120034B013895
:10527000302202FB0033987D704700BF343D01208F
:10528000034B0138302202FB0033D87C704700BF4B
:10529000343D0120024B3022013802FB00307047C0
:1052A000343D0120034B0138302202FB0033187DCE
:1052B000704700BF343D0120034B3022013802FB10
:1052C00000300630704700BF343D0120034B3022D0
:1052D000013802FB00302030704700BF343D012010
:1052E000034B3022013802FB00301A30704700BFF8
:1052F000343D0120034B0138302202FB0033D87DBE
:10530000704700BF343D012070B5054616460C4677
:1053100008F0DEFC094B3022013D02FB05339A7D8B
:1053200022B1D98936B921EA0401D981BDE870409A
:1053300008F0D0BC0C43DC81F8E700BF343D01200D
:1053400013B5044608F0C4FC054B3022013C02FBB7
:105350000433D889019008F0BDFC019802B010BD5B
:10536000343D0120034B0138302202FB0033587ECC
:10537000704700BF343D012080890431F9F7FFB840
:1053800038B50D4604468189287A002201F0ECFDEB
:105390006968A089BDE83840F9F7F1B810B5F9F7A8
:1053A00064F90023BDE810401A4601210E2000F0E8
:1053B0004BBA30B5044685B008461546FFF746FBA4
:1053C00040B1722301A98DF8063002958DF80C408A
:1053D000FFF7E6FD05B030BD10B586B00024CDE97D
:1053E0000334CDE90142009423462246FFF786FDAF
:1053F00006B010BD10B5044608F06AFC024B5C73A1
:10540000BDE8104008F066BC843E01202DE9F04361
:10541000284B4D7C5A7D587B0F79274E91B00C4616
:105420008DF8042000F0F6FA0B348DF806500025B4
:1054300002948DF805008DF80C702C464FF0010990
:105440004FF00C0847FA05F3DB071FD509FA05F002
:10545000C0B200F002FB10AB03EB840200F1940336
:1054600008FB006036F8131022F8301C06EB4303EB
:1054700000F58270DB8822F82E3C07C810AB08FBD1
:105480000433243B83E807000134E4B2072D03D042
:10549000032C05F10105D5D107AA04A901A8F9F744
:1054A000E7FD00231A4619460E2000F0CDF911B091
:1054B000BDE8F083843E0120343D012008B508F0AA
:1054C00007FC054B054A5A60054B064A5A60BDE881
:1054D000084008F0FFBB00BF743E01201C1F0700FE
:1054E000683E0120141F07002DE9F04188B04B7C75
:1054F000079301200C4600F0A7FADFF8588000F16E
:105500009402064638F81270114808EB42020C2546
:10551000D188427D407B0691059200F07BFA4FF4E2
:10552000827C15FB06C545440B34DDE90521CDE938
:105530000105079B00943846F9F750F800231A46F6
:1055400019460E2008B0BDE8F04100F07DB900BF5B
:10555000843E0120343D012008B508F0B9FB054B1D
:10556000054A5A60054B064A5A60BDE8084008F0F3
:10557000B1BB00BF743E0120241F0700683E01201C
:10558000141F07001FB529238DF80230074BADF813
:105590000600D3F8FC30ADF800108DF803208DF82C
:1055A00004206846984705B05DF804FB343D0120AF
:1055B000437C43B18A880023437422B1017C8089F3
:1055C000D2B2FFF7DFBF704738B5836A9A07044647
:1055D0000D4609D5F9F72AFF830705D5A089291DAE
:1055E000BDE83840F8F7CBBF637CA08933B901230D
:1055F0006374291DBDE8384001F08ABD217C0C226E
:10560000BDE83840FFF7BEBF13B50C46FFF71EFAE2
:1056100038B1732369468DF80230ADF80440FFF7C6
:10562000BFFC02B010BD000007B57623ADF8023014
:10563000054BADF80600D3F8FC30ADF80410684611
:10564000984703B05DF804FB343D012010B586B0E7
:10565000012404940A9C03949DF8244002949DF82C
:105660002040CDE9003413460A460021FFF746FCEE
:1056700006B010BD1FB501F10B03007C02934B7CFB
:1056800001938B7A00930B898A794979FEF7C4FEDE
:1056900005B05DF804FB13B50446007C0191FEF7EC
:1056A000F3FE0199204602B0BDE81040FFF7ECBBC5
:1056B00013B50446007C0191FEF704FF01992046D2
:1056C00002B0BDE81040FFF793BB13B50446007C61
:1056D0000191FEF7F9FE0199204602B0BDE81040A5
:1056E000FFF7D2BB08B508F0F3FA054B054A9A60FC
:1056F000054B064A9A60BDE8084008F0EBBA00BFC7
:10570000743E0120341F0700683E01202C1F070053
:1057100008464A7C807901F10B030989FFF7E2B85A
:1057200007B5CDE90010FFF7FDF8DDE9001003B083
:105730005DF804EBFFF7A8BB07B5CDE90010FFF754
:1057400007F9DDE9001003B05DF804EBFFF750BB8B
:1057500007B5CDE90010FFF70FF9DDE9001003B040
:105760005DF804EBFFF790BB08B508F0B1FA054B04
:10577000054A9A60054B064A9A60BDE8084008F061
:10578000A9BA00BF743E0120441F0700683E0120F3
:105790002C1F07008B78427D30B403F007030B4DBC
:1057A00003EBC20305EB430215F81330527843753F
:1057B0001409074B53F824302BB102F00F0230BC10
:1057C00053F82230184730BCFFF7F0B8541F0700D9
:1057D000743E01208278142A034612D003D82AB1DD
:1057E000132A09D07047562A0DD0704707490A740A
:1057F0008B6820228270184779229A70034B9B682D
:10580000F9E77822F9E77A22F7E700BF843E012022
:1058100038B50A4B1A7C7AB90122094D1A7415243D
:1058200055F8043B013C1B68984714F0FF04F7D17E
:10583000BDE83840F8F7B0BD38BD00BF843E012058
:1058400078630020FFF7E4BF07B58DF80530074BFC
:105850008DF802005B68ADF800109B688DF804209D
:105860006846984703B05DF804FB00BF78630020EA
:1058700007B56F238DF80630054B8DF807005B6B7D
:10588000ADF804109B6801A8984703B05DF804FBCD
:105890007863002008B5042004F0CAF9014638B145
:1058A00038238370034B187BBDE8084004F0D5B95A
:1058B00008BD00BF843E012010B5014604460448DF
:1058C00004F014FB2046BDE81040F9F794B800BF7F
:1058D000843E0120F8F732BEF9F700B8F8F743BE6E
:1058E00003291ED8DFE801F002090F14032A08D8A3
:1058F0000D4B18444274012103E0032A11D80A4BCE
:105900001A7508467047012A0BD8074B5A75F2E7FB
:10591000012A06D804498B7D23F001031A438A75B6
:10592000E9E70021EDE700BF843E01200A46014679
:105930000020FFF7D5BFFFF7D3BF0000064A8378EA
:10594000127C02B133B9054AD25C054B53F82230C0
:105950005B681847704700BF843E0120BC1F0700EA
:105960007863002070477047014BDB685B6818471D
:105970007863002010B5094B094C1A6A094BA060E6
:105980009A429AB008D0F9F757FD442804D8064B3C
:10599000019301A8A36898471AB010BD786300204E
:1059A000843E0120B01F07000000770130B521B10F
:1059B000137873B18B429CB202D30022104630BDE3
:1059C00055788542FAD0091B0139013389B21A444E
:1059D000EDE71A46F2E70000034B00221873034874
:1059E000DA751A7401F0C4B9843E01203D590500EE
:1059F000084649B1054B1B7C33B98B78044ADB0858
:105A000052F823309B681847704700BF843E01203E
:105A100078630020044BDB7D2BB118B1012808BF4F
:105A20000320704702207047843E0120054BDB7D38
:105A300033B1022803D0032808BF0120704700209B
:105A4000704700BF843E0120012804D002280CBF0B
:105A500001200220704700207047012804D002284E
:105A60000CBF0120022070470020704730B58378BA
:105A70002A2B85B0044610D1452203798DF80620E3
:105A80000022ADF804208DF807308DF80830164B51
:105A900001A8D3F8FC30984708E00088FEF7D6FF4D
:105AA00020B1A378292B03D02B2B16D005B030BD05
:105AB0008589007C2379217A627A44248DF8064016
:105AC000ADF804008DF807308DF80830ADF80A50B5
:105AD0008DF80C108DF80D20D9E785892379217A6E
:105AE000627A007C4624E9E7343D012013B5019039
:105AF00008F0EEF80198FFF7FFF8044608F0EAF81E
:105B00002CB1A08902B0BDE81040F9F7B4BB02B0D7
:105B100010BDF9F7C0BB30B585B0CDE90210CDE9B5
:105B20000032BDF8205008F0D3F80398FFF7E4F8EE
:105B3000044608F0CFF84CB1DDE90032A0890299A3
:105B4000089505B0BDE83040F9F7B7BB05B030BDEA
:105B500008B508F0BDF8064B064A5A624FF41060CB
:105B600001220021F8F726FCBDE8084008F0B2B891
:105B700078630020142007008378034A03F00703AA
:105B800052F82330184700BF20200700024A0023A4
:105B9000D370024AD37570479C3E0120843E012099
:105BA0008378034A03F0070352F82330184700BFF5
:105BB0003C2007004268094B1188818092788271ED
:105BC000074A5189A0F80710117B4172D17821F062
:105BD0000201D170382242809B681847843E012020
:105BE0009C3E0120F0B5174E174FF57815F00101D6
:105BF00087B004461DD1838AB0F817203380837D97
:105C0000B370ADF80820437E8DF80A300D220DF1F7
:105C10000B0017F063FD45F0010520467823F57071
:105C2000009330F8043B3A7B02A9FAF741FB07B036
:105C3000F0BD40F237734380BB6807B0BDE8F04069
:105C4000184700BF9C3E0120843E0120416810B5EA
:105C5000032204460A4817F00BFD0028084A0CBF2F
:105C600000230523E370D37823F00103D370372397
:105C7000A370044B20469B68BDE81040184700BF46
:105C80009C3E0120843E0120064A90F82B3013727E
:105C9000034633F81B1B918000F10B02411D007974
:105CA000F8F7A4BF9C3E01200146034B31F8052BB9
:105CB000DA800079F8F7CABF9C3E0120F8F7DBBF15
:105CC000024B00795872F8F7EEBF00BF9C3E0120EE
:105CD000C27A411D0079F9F704B80000F7B5174EF4
:105CE000174FF17811F0020405461FD106F10A00A2
:105CF0000321FAF7C5FC337B0D2203F03F0343F089
:105D000040032146B018337317F0E8FCF3783A7B70
:105D100043F00203F37028467923009330F8043BE4
:105D200006F10A01FAF7C4FA03B0F0BD4FF4E763D5
:105D30004380BB6803B0BDE8F04018479C3E01209B
:105D4000843E01208378153B10B50446052B44D8CA
:105D5000DFE803F003141F2A2D2F3A2383701F4B13
:105D60009A880280197AC27869B11D49C97D0A43AF
:105D700009D101205872F8F796FF04E03B238370A5
:105D8000164BDB880380164B20469B68BDE810400D
:105D900018473C238370C0780028F4D1104BDB7D7A
:105DA000002BF0D00D4BE5E73D23A370EBE73E233E
:105DB000FBE73F238370C378002BE4D1074A0849EF
:105DC000527ACA75002A18BF01211A460ABF00215B
:105DD0000D200C20FFF738FDD5E710BD9C3E0120BB
:105DE000843E012008B507F073FF044B044A9A6112
:105DF000044ADA63BDE8084007F06CBF786300200E
:105E0000502007004420070073B505461A20019171
:105E1000164603F00DFF044698B1302383700199B4
:105E200020F8046B04F0A7F8294604F1140004F0EC
:105E30005DF8054B187B214602B0BDE8704003F0C9
:105E40000CBF02B070BD00BF843E01202DE9F743B6
:105E500007462C209DF82880BDF82C90019116460D
:105E60001D4603F0E5FE0446E0B131238370A0F83F
:105E7000009007710199053004F038F8314604F1BB
:105E80000B0004F078F8294604F11B0004F073F8C5
:105E9000064B84F82B80187B214603B0BDE8F04305
:105EA00003F0DBBE03B0BDE8F08300BF843E0120F9
:105EB00073B505460C200191164603F0B9FE044661
:105EC00078B132238370068005710199053004F0A2
:105ED0000DF8054B187B214602B0BDE8704003F079
:105EE000BCBE02B070BD00BF843E012008B52C20AE
:105EF00003F09EFE014638B133238370034B187BB9
:105F0000BDE8084003F0A9BE08BD00BF843E0120E3
:105F100010B504462C2003F08BFE014650B134230B
:105F2000837000230380044B0471BDE81040187B8C
:105F300003F093BE10BD00BF843E0120F8F7C1BE40
:105F400073B506460C200191154603F071FE044618
:105F500078B13523837006710199053003F0C6FFCF
:105F6000054BE572187B214602B0BDE8704003F096
:105F700074BE02B070BD00BF843E012070B50546FE
:105F800014200E4603F054FE044668B13623837095
:105F9000294620F8046B03F0EEFF044B2146187BE2
:105FA000BDE8704003F059BE70BD00BF843E0120C3
:105FB000064A074B107B187300214FF03010C3E9DD
:105FC0000400117598611977D1737047843E0120E0
:105FD000B83E01202DE9F84F064610208846BDF84E
:105FE00028B0BDF82CA091461F4603F021FE0146C3
:105FF00008B310230025837006712C4646FA05F37A
:10600000DB0705D50B1919F804205A710134E4B2E5
:10601000072D03D0032C05F10105EFD1074B81F8C3
:106020000880A1F80AB0A1F80CA08F73187BBDE816
:10603000F84F03F012BEBDE8F88F00BF843E012088
:1060400008B5042003F0F4FD014638B11123837034
:10605000034B187BBDE8084003F0FFBD08BD00BF3F
:10606000843E01202DE9F74F0025164E80468946D3
:1060700092462C46012748FA05F3DB0718D539F874
:1060800014203AF814B0019207F022FE07FA05F046
:10609000C0B2FFF7D9FC00F10803019A26F81320DB
:1060A00006EB43030134A3F806B007F013FEE4B295
:1060B000072D03D0032C05F10105DCD103B0BDE8A9
:1060C000F08F00BFB83E012010B5044607F000FE77
:1060D000024BDC73BDE8104007F0FCBD843E01209C
:1060E000704700008378034A03F0070352F8233017
:1060F000184700BF5C20070083782C2B2DE9F04166
:10610000044643D13B4D2B7F022B2ED195F82130F5
:10611000394EABB1394F3B7893B18388A3F11A0262
:10612000012A03D903F01803082B20D195F8203059
:1061300023B101233370002385F8203000233B7006
:1061400033782BB94C23A3702D4B20469B6898477E
:1061500095F821304BB1A388C3F34113012B04D030
:1061600000233370254B01221A70BDE8F081026ACA
:10617000818B0120FFF71AFC10B901233370DBE794
:10618000827895F821301A42F7D0D7E72D2B0FD11E
:10619000184A002313774B211A460D20FFF754FBB2
:1061A0004B23A370164B20469B68BDE8F04118476F
:1061B000362BDAD10F4A137F012B0BD0032B12D0D1
:1061C000A17800234A291A460CBF0C200D20FFF7A6
:1061D0003BFBE7E74A238370C378B3FA83F35B0999
:1061E0005B001377ECE74B238370C378003B18BF49
:1061F0000123F5E7B83E0120DC3E0120CC630020FE
:10620000843E012007B5084B1B7F023B012B05D8BC
:106210002D2301A8ADF80630FFF76EFFFFF7C8FE8B
:1062200003B05DF804FB00BFB83E01202DE9F04348
:10623000274E347F87B00546002C45D127464FF0C6
:1062400001084FF006092B793B41DB0717D508FA07
:1062500007F0C0B2FFF7F8FB2A1906AB09FB0433BD
:106260000830527903F8102C36F8102023F8142C3B
:1062700006EB40000134C28823F8122CE4B2072F49
:1062800003D0032C07F10107DDD1124CE07BFFF7AF
:10629000C1FB01AB2A79217DF8F78DFE2B7A012B0A
:1062A00003D0022B14BF0023032386F821300120E2
:1062B000002386F8203030776989AB890A22B1FB48
:1062C000F2F2A97BF8F7B9FE07B0BDE8F08300BF92
:1062D000B83E0120843E0120064B1A7F022A07D1D6
:1062E00003221A7700231A4619461846F8F7A5BE66
:1062F000704700BFB83E012008B507F0E9FC054B28
:10630000054A9A60FFF754FE00F0D0FCBDE8084053
:1063100007F0E0BC78630020682007008378034A18
:1063200003F0070352F82330184700BF742007001A
:10633000F0B51B4C85B005460120FFF785FB227F99
:1063400003465ABB08332A1834F81310154E5779F0
:10635000F07B039104EB4303DA880292FFF75AFBC8
:106360000346307D0090DDE902213846F8F766FBF0
:106370002B7A012B03D0022B14BF0023032384F8B4
:106380002130002384F8203001206B892077A97BFD
:10639000E38305B0BDE8F040F8F740BB05B0F0BDC1
:1063A000B83E0120843E012013B50A4C237F023BF6
:1063B000012B0BD8204603F058FD2523ADF80630FD
:1063C000054B01A89B68984700232377FFF7F0FD52
:1063D00002B010BDB83E0120843E0120054B1A7F5B
:1063E000022A05D10021032208461A77F8F716BBC6
:1063F000704700BFB83E0120FFF7F0BF8378062B3F
:1064000070B5044625D1294D2B7F022B0BD195F871
:106410002130B3B1837A042B06D195F8203083B1B3
:10642000002385F8203070BD4268017A0120FFF713
:10643000BDFA08B90123F4E7827895F821301A42B1
:10644000F8D02623A3701A4B20469B68BDE8704005
:106450001847342BE7D1154D2B7F012B0BD0032B85
:1064600019D0A178002324291A460CBF0C200D2036
:10647000FFF7EAF9E7E7C3785BB9E98B21B11223AB
:106480002846AB7103F0EEFC02232B772423A37084
:10649000E7E70023F9E7C6782EB9284603F0E5FCC4
:1064A0002E772523F3E70226FAE700BFB83E012046
:1064B000843E012008B507F00BFC044B044A9A60A7
:1064C000FFF776FDBDE8084007F004BC78630020C4
:1064D0008020070070B505460078FEF70DFC0446E5
:1064E00020B1AB78282B02D0292B12D070BD007CB4
:1064F00001220221FEF708FFAB7F23760123A3745C
:10650000AA8BA0892B1D05F11401BDE87040F8F796
:10651000D1BA2A7D3AB16B7D0376291D8089BDE809
:106520007040F8F784B9007C0221FEF7EDFEA089E7
:10653000BDE87040F8F76BB901F0BEB983782A2B3B
:1065400007B501D02C2B06D1064BD3F8F03013B190
:10655000019098470198044B9B6803B05DF804EBE9
:10656000184700BF343D0120843E0120F7B50546A1
:106570000088FEF76BFA0446C8B1AB78102B33D114
:10658000EB89077CABB92C490822A81D17F070F8DD
:10659000064670B96946384601F0B8FC014698B124
:1065A0009DF800302376A6742888F8F740F903B0E8
:1065B000F0BD384601F09EFC012805D1288803B0C3
:1065C000BDE8F040F8F723B9207C01220221FEF754
:1065D0009BFE0123A374237C2B803023AB70174BCD
:1065E00028469B689847E2E70E3B012BDFD8007CEA
:1065F00000220221FEF788FE237CADF80030EB7804
:106600008DF80330A3B92C238DF80230237EE37577
:10661000A37C8DF804306846FFF790FF237CADF82B
:1066200000306846EB788DF8033001F0EDFCBEE7F2
:106630002D238DF80230EEE7CF290700843E01209C
:1066400038B5054604200C4603F0F2FA38B10322AF
:106650008270C4700580BDE8384001F031BC38BD9F
:10666000F8B5074616200E46154603F0E1FA044633
:1066700070B1042383700780067525B13246294620
:10668000184417F003F82046BDE8F84001F018BCA4
:10669000F8BD0000044B054A5A61054B054AC3E9A1
:1066A0000022FF229A737047786300208C20070035
:1066B000E03E0120CF29070010B5044607F008FB93
:1066C000024B5C60BDE8104007F004BBE03E0120D7
:1066D00010B5044607F0FCFA024B1C60BDE8104000
:1066E00007F0F8BAE03E012038B504460D4607F041
:1066F000EFFA054821468573083003F0F7FBBDE843
:10670000384007F0E7BA00BFE03E0120014B58686F
:10671000704700BFE03E0120014B1868704700BF82
:10672000E03E01200348837BFF2B01D1F8F76EBECA
:1067300008307047E03E0120024B987BFF2808BFDD
:1067400000207047E03E012010B58378412B8AB0CD
:10675000044607D1342383700F4B9B680AB0BDE811
:1067600010401847402B15D1806803F033FA616858
:106770000A4C332302A8ADF8063003F0FCFB216875
:1067800006A803F0F8FB206803F024FA024B01A8E6
:106790009B6898470AB010BD843E0120F03E01205E
:1067A00038B5044606200D4603F042FA38B11722E8
:1067B000057182700480BDE8384001F081BB38BDAE
:1067C00002F012BAF0B504468DB010200D4603F069
:1067D000DFF91A4E1A4F306008B3214603F0CBFBA5
:1067E000412003F0D5F90446B0B12022294602F039
:1067F00033F92022294602F02FF9002303704022AA
:10680000CDE9003230683B7B41222146F9F722FE78
:1068100088B9204603F0DEF9306803F0DBF9242262
:10682000002103A816F05AFF40F23373ADF80E3082
:1068300003A8BB6898470DB0F0BD00BFF03E012033
:10684000843E012008B501466022024816F01EFF72
:1068500008BD00BFF43E012000487047F43E01200F
:1068600070B5054616200E4603F0E2F9044670B1F5
:10687000058036B1162383702046BDE8704001F0D4
:106880001FBB01460C22284602F0EAF9F4E770BD6E
:10689000437B827B1B0403EB0223C27B1344027BFA
:1068A00003EB0263024AB3FBF2F002FB10307047C5
:1068B00040420F00014B024A1A6270477863002081
:1068C0009820070013B50C460192FEF715FA50B157
:1068D000002204768274019B0449808902B0BDE8DD
:1068E0001040F8F7E7B802B010BD00BFCF2907008D
:1068F0002DE9F843804608209DF820608946174618
:106900001D4603F095F980B1012305F0070506F057
:106910000706837080F8049047718571C671A0F8EE
:106920000080BDE8F84301F0CBBABDE8F883000071
:1069300070B5064620200D46144603F079F901464D
:10694000B0B1282383700346224623F8046B04F178
:10695000180052F8044B43F8044B8242F9D11288D4
:106960001A80044B8D77BDE87040187B03F075B931
:1069700070BD00BF843E01202DE9F8438046082009
:106980009DF82060894617461D4603F051F980B1F5
:10699000022305F0070506F00706837080F80490CF
:1069A00047718571C671A0F80080BDE8F84301F019
:1069B00087BABDE8F88338B5054606200C4603F0D3
:1069C00037F938B10522827004710580BDE838407E
:1069D00001F076BA38BD0000F7B5074616200D461F
:1069E0001646019303F024F9044688B1292301993E
:1069F000837007800575467515B1043003F0BBFA46
:106A0000044B187B214603B0BDE8F04003F025B9E4
:106A100003B0F0BD843E0120044A537B23B11189A9
:106A200081420CBF1346002318467047543F012093
:106A3000704700000023437350238B70014B0846BE
:106A40009B681847843E01200023437351238B70B9
:106A5000014B08469B681847843E0120002343737E
:106A600053238B70014B08469B681847843E0120D6
:106A70001FB50B7C0293CB8901938B89054800934A
:106A80004A79807D8B1D0979F8F767FB05B05DF8C1
:106A900004FB00BF843E012013B504460089019128
:106AA000F8F793FB0199204602B0BDE81040FFF7CC
:106AB000CBBFF8F77EBB000070B50B7A0C460546DD
:106AC0000A3100F8013B03F011FA607AFEF7AEFFDD
:106AD000E871E3882B814F23A370034B20469B680A
:106AE000BDE87040184700BF843E012070B50B7BA5
:106AF0000C4605460E3100F8013B03F0F7F9607BC8
:106B0000FEF794FFE87163892B815223A370034B36
:106B100020469B68BDE87040184700BF843E0120B6
:106B200070B50C4C0D46617B064689B90E22204695
:106B300016F0D4FD2046294600F8016B03F0D6F983
:106B40004FF6FF7323810123A3726373204670BD48
:106B50000020FCE7543F012010B5074C637B33B1A4
:106B60002378834203D1601C03F0C5F908B90020E3
:106B700010BD2046FCE700BF543F01200138064904
:106B8000C3B20E2202FB0312507B18B1C3EBC30346
:106B900001EB4300704700BF543F012030B4037B3A
:106BA0008C78084D04F00704C3EBC303234405EBC2
:106BB000430415F8133064780373034B53F82430FF
:106BC00030BC1847D4200700A420070037B58478CC
:106BD000312C054607D156238370224B9B6803B0A6
:106BE000BDE830401847302C20D100F10A01007A6E
:106BF000FFF7B2FF58B91C4B5A7B42B11A7B032AEC
:106C000005D119894FF6FF72914208BF1846EB78FB
:106C1000002B14BF5A245B24AC7000B3837A2B8002
:106C2000294603B0BDE83040FFF7B8BF3A2C10D179
:106C300000F10E01007B0191FFF78EFF019910B961
:106C4000287BFFF76DFFEB78002B14BF5D245E24DB
:106C5000E2E700882A34FFF7DFFEE4B2DCE703B0A6
:106C600030BD00BF843E0120543F012007B53223D0
:106C7000ADF80230064B5A7B3AB11B89ADF80430AF
:106C80006846ADF80030FFF7A1FF03B05DF804FBE4
:106C9000543F012010B504460078FFF76FFF20B184
:106CA0002146BDE81040FFF779BF10BD014B024AF5
:106CB000DA62704778630020C82007002DE9F843A6
:106CC000164607468946984607F002F83146384688
:106CD000FFF742FF044620B931463846FFF720FF50
:106CE000044606F0F7FF2CB3122002F0A1FF054680
:106CF000C8B1A37A038058238370077180F8059088
:106D00003146063003F0F2F8BDF82030EB81002365
:106D10002B74094BA5F80C80187B294602F09DFFC7
:106D2000A07ABDE8F88306F0D3FF657306F0D2FFC2
:106D30002846F6E72046F4E7843E012010B50446D5
:106D4000042002F075FF014640B159238370044BC3
:106D50000480187BBDE8104002F07FBF10BD00BF6B
:106D6000843E0120F8F741BAF8F756BAF8F76BBA43
:106D7000014B9860704700BF643F0120014BD86011
:106D8000704700BF643F0120014BC3E90401704715
:106D9000643F0120034B0022C3E9002283F8200056
:106DA000F7F7D8BA643F0120F8F7FABA704770478E
:106DB0007047000037B50C46FEF744FA80B2ADF8D4
:106DC000040078B1084D8DF80640EB6801A898479B
:106DD0002B698DF8064001A898476B698DF806402D
:106DE00001A8984703B030BD883F012013B5044681
:106DF000CDE90021FEF726FA88B1FEF7B3FADDE906
:106E0000002138B9074B9B694BB1204602B0BDE861
:106E100010401847012802D1024BDB69F4E702B0A9
:106E200010BD00BF883F012070B5C278837803EBA6
:106E300002239BB2032B04461ED94279017901EB50
:106E4000022189B20A1D934216D143780078A579B0
:106E500000EB0320E37905EB0325ADB2052D0D4BC7
:106E6000C0F30B0005D0062D0BD0042D0BD11B68F1
:106E700000E09B68224698472046BDE8704002F03B
:106E8000E3BE5B68F6E71E6A0A4623462946B0471A
:106E9000F2E700BF883F0120002102F0D1BE0000D0
:106EA000094B0A4A0A490B48C3E900220A4A9A6078
:106EB0000A4A5A61C3E90322094A1A62012283F885
:106EC0002420FFF761BF00BF883F0120AD6D0500A2
:106ED000B56D0500296E0500ED6D0500B16D05006D
:106EE000AF6D0500034B042807BF1960DA605960D5
:106EF0001A617047883F012010B41970D4B2090A92
:106F00005970211D9970111D0912120A9871000AF9
:106F10001C71D8715DF8044BD9705A711846F7F797
:106F20005BBA70B505460E200E461446FFF7B4FF57
:106F3000034680B10122027202228272047300228F
:106F4000240AC2724672447329460622BDE8704084
:106F50000520FFF7D1BF70BD014B024A9A6170470F
:106F6000883F0120A36F050037B505460E2001912B
:106F70001446FFF791FF034688B1132202720222E2
:106F8000827204730022240A0199C272457244730A
:106F90000622052003B0BDE83040FFF7ADBF03B0C7
:106FA00030BDF0B5D57A937A147A03EB05239BB202
:106FB0001D1DA942064685B0507A3BD1122C39D10D
:106FC000082B39D1537B117B947B157CD77C01EB4B
:106FD0000321D37B04EB0324537C89B205EB032507
:106FE000937CADF80410002203928A1F03EB072361
:106FF00092B240F67A47A4B2ADB29BB2BA42ADF8B3
:107000000640ADF80850ADF80A300DD8A1420BD8B3
:10701000B4F5486F08D8B5F5FA7F05D20A3B9BB2A4
:1070200040F6764293420FD901223146FFF79CFF8A
:1070300005B0F0BD012CFBD001460022304605B062
:10704000BDE8F040FFF76DBF01AA3146FEF7B1F988
:10705000EEE70000F8B505460F461446FEF7F2F8D5
:10706000002841D0617A00293ED0431E1F48267A6D
:10707000A27A94F80BC000EB030E9EF816E08E4542
:107080002AD102EB0C2292B202F1040C674523D103
:10709000132E19D1022A21D1184400238375477C6D
:1070A000637B247B114804EB032402F0DEFE122FE5
:1070B000A4B20BD1012E18BF2146284608BF0121DA
:1070C000BDE8F840FEF7A0BA012EE4E721462846C5
:1070D000BDE8F840FEF7A8BA012E05D028460022E8
:1070E000BDE8F840FFF71DBFF8BD00BFB03F01206D
:1070F000044B054ADA61054B0022DA821A839A763C
:10710000704700BF883F012055700500B03F012047
:107110002DE9F04106460C46FEF794F800283DD0D4
:107120001F4F451E3D444FF012081E21384685F87A
:10713000118002F091FE1420BE80FFF7ADFE0346E1
:1071400060B3184980F8088091F824204272FF2A21
:10715000AA751ABF0132D2B2012281F82420082276
:1071600082720022C272228802732288120A42733B
:10717000628882736288120AC273A2880274A2882B
:10718000120A4274E2888274E288120AC27431469A
:107190000C22BDE8F0410520FFF7AEBEBDE8F0814E
:1071A000B03F0120883F0120024B01229A711873E1
:1071B00018747047B03F01200B4629B18978012926
:1071C00002D11888FEF720BA70474EF20F13C38021
:1071D0001E2102F041BE704710B50446006B18B185
:1071E00002F0F8FC00232363204602F03EFE04F187
:1071F000100002F03AFE94F83A2000239A4214BF9D
:107200000B22012284F83B3084F83F2084F843307D
:1072100010BDFFF7E1BF38B504460A200D4600F067
:107220004BFE014638B10523037245722046BDE886
:10723000384000F0FDBD38BD38B505460C46FFF7B7
:10724000CBFF95F83D0000220121FEF75DF82B23CE
:10725000A3702046BDE83840FFF770B938B5054641
:107260000C46C978FFF7D7FF21462846BDE83840CD
:10727000FFF7E2BF38B50C460A7D05460431006BC6
:1072800016F004FA237D032B07D1286B0D22BDE8ED
:1072900038400021033016F021BA38BD10B504463D
:1072A000FFF7E8FF206B10213030F9F7E9F9216B87
:1072B000204601F13002BDE8104000F05DBC4A6894
:1072C000016B00F0DDBC38B590F83A30002B14BFEC
:1072D0000323042380F83F3004460D46FFF775FF73
:1072E000192000F0E9FD90B1032303726B6800F1EF
:1072F000090203F1100153F8045B42F8045B8B426E
:10730000F9D101462046BDE8384000F091BD38BDB6
:107310004B68016B03F1090230B410311446193384
:1073200054F8045B41F8045B9C42F9D130BC016B1A
:1073300000F022BCFFF7C3BFF0B55E4F97F8903165
:107340008BB004460E465BB3836C1B7843B390F856
:1073500043502DBB90F83D00FEF704F800280CBF09
:10736000022301238DF822302F238DF8063020468A
:1073700094F83D30ADF8043000F0AAFDCDE9065593
:10738000A36C8DF823009969ADF82050103102A844
:1073900002F0F1FD01A8FFF7D1F8072384F843308C
:1073A000002E00F08480012E94F8433004D1072B86
:1073B00004D130460BB0F0BD032E01D8092B76D096
:1073C0000A2B74D094F83C300BB10026F1E7192059
:1073D00000F072FD05460028F7D094F843306BB9F1
:1073E000F00738D5204600F0F3FC06232B72216B02
:1073F000043105F1090002F0BEFD11E0062B2AD18F
:1074000007230372236B9B8B4372236B9B8B1B0A9B
:107410008372226B5369C0F80B309369C0F80F3048
:107420002B7A84F843302946204600F001FD94F879
:107430003C60002EC9D1042002F0FAFB014600286E
:10744000C3D00C23837094F83D30038097F88401F7
:1074500002F003FCADE7B10708D50BB1072B05D14E
:1074600008232B72FFF758F90146C2E7082B0CD10D
:1074700009232B72FFF760F96872FFF753F9014691
:1074800005F10A0002F032FDCAE772070CD5092B9C
:107490000AD840F2812222FA03F3DB0704D50A233B
:1074A0002B72FFF733F9DFE7284602F0CDFB012608
:1074B0007FE700BF2440012070B50546107A0628FA
:1074C0000C461E4602F1090104D1201D02F053FDB5
:1074D000002123E007380328FAD801A353F820F04D
:1074E000F1740500CB740500417505005575050064
:1074F000917A537A03EB0123A383D2F80B306361B3
:10750000D2F80F30A36195F8403013F0040F14BF88
:1075100002230123E3770223A377012195F83F207B
:10752000062A01D0082A1AD1013285F83F20002509
:1075300021B12F23A3702046FFF700F8284670BD25
:10754000537AA37602F10A0104F1140002F0CEFC92
:107550000423E1E7201D02F00EFD0823DCE7B0075D
:1075600005D5072A03D1082385F83F30DFE77307E5
:1075700005D5072A01D0092A01D10A23F4E70125FC
:10758000D6E700BF10B50446FFF768FE94F83D004B
:1075900000F0C8F910230146A375E01802F062FC60
:1075A000002384F8423010BD012380F84230704738
:1075B00040F62B1308464B80FEF7C0BF4EF22B134C
:1075C00008464B80FEF7BABF38B590F84230044603
:1075D0000D4683B1002380F842300921FFF71BFEDE
:1075E00040F62B1328466B80FEF7A8FF2046BDE827
:1075F0003840FFF7F1BD38BD13B50446FFF7ECFD89
:1076000094F83D0000220121FDF77EFE94F8403001
:107610008DF8043094F83D30ADF8003068462A23E8
:107620008DF80230FEF78AFF02B010BD70B5044637
:1076300090F83D000D46FDF795FE134B94F83E1073
:10764000AE78D3E95F23012818BF1A46136853F8B0
:1076500021100B461978B1420BD1597884F83E10AD
:1076600099785368204653F821302946BDE8704088
:10767000184713F8031F0029ECD1916801F10C00A1
:107680008342E6D170BD00BF2440012013B50446FB
:1076900090F83D000191FDF72DFE019928B9204693
:1076A00002B0BDE81040FFF7C7BD1F2320468B7016
:1076B00002B0BDE81040FFF7B9BF000013B50023CA
:1076C00013700B7090F82230012B2AD190F82930DA
:1076D000012B26D10B7090F8233090F82A2013400C
:1076E00043F00403002180F8403090F83A30002B3A
:1076F0004FD090F82330314A126800294CD0117ACB
:107700000B405B0748D590F83D30ADF8043040F2AF
:10771000033301A9ADF80630FFF788FF002002B05F
:1077200010BD90F823104B0703D490F82A305C0763
:107730000BD590F82140032C07D090F82830032B6C
:1077400003D0012C08D8012B21D890F82A300B4007
:1077500003F0FB030121C6E7042C16D1022B16D03F
:10776000191F4B424B41DBB2137090F828100229CD
:1077700003D190F821100229ADD090F83A100029D9
:1077800008BF83F001031370A5E70023EBE7012393
:10779000E9E790F82A30AEE7537990F824209A422E
:1077A00003D390F82B209A4206D290F83D30ADF8E2
:1077B000043040F20363ACE70120B0E75C630020D3
:1077C00010B590F8403090F83D4086B013F00403B7
:1077D000ADF800400BD02E2368468DF802308DF8AE
:1077E00004108DF80520FEF7A9FE06B010BD042296
:1077F000ADF804308DF80630694603238DF8022079
:107800008DF81430FFF712FFEFE7C37933B9C3687F
:1078100023B90089003818BF012070470120704744
:10782000F8B50446FDF72CFDFEF700F906462046A4
:10783000FDF730FD174C054602272046FFF7E5FF10
:1078400028B9012F04F118040CD00127F5E7A3791A
:10785000B342F6D12946204602F04DFB0028F0D075
:107860002046F8BD0B48FFF7D0FF78B10A48FFF774
:10787000CCFF68B9084C18220021204615F02EFFD5
:10788000A6712946204602F031FBE9E7014CF2E7F8
:10789000024CE5E7E43F0120FC3F0120CC3F012002
:1078A000044890F8553023B94FF47A71483002F00B
:1078B000D9BA7047CC3F012010B50B4C94F8553025
:1078C000012B03D104F1480002F0CFFA06485822F8
:1078D000002115F003FF054B93F8843184F85430F0
:1078E000202384F84E3010BDCC3F012024400120DD
:1078F00008B5FFF795FFC06808BD000010B50C463D
:10790000FFF78EFFC4711CB1024B1B68DB6843613B
:1079100010BD00BF5C63002008B5FFF781FFC07990
:1079200008BD000010B5FFF77BFF01890C4A044633
:10793000A1B113689B8A13FB01F39BB211680A681B
:10794000C8685A43824298BF23810B698CBFE060AC
:10795000E2602361FFF7A4FFE06810BD0123EDE7BB
:107960005C63002008B5FFF75BFF024B1B681B69D7
:10797000036108BD5C630020F8B51E4C1E4E032554
:107980002046FFF742FF70B32269E368B2F57A7FC1
:1079900038BF4FF47A72B3F57A7F38BF4FF47A73F9
:1079A000A3F57A73E3606369B3F57A7F38BF4FF468
:1079B0007A73A2F57A72A3F57A732261636152B980
:1079C00032682089918AB0FBF1F7884228BF12699A
:1079D000278128BF226103B9E3712046FFF715FF15
:1079E00008B1FFF75DFF013D15F0FF0504F1180434
:1079F000C6D1F8BDCC3F01205C630020F7B5054639
:107A00000078AB783A4E272B00F1FF344CD1FDF7CC
:107A1000A9FC4C2101FB0464002814BF01230B23A3
:107A2000287884F83F304FF00007EB88238714BF95
:107A30000022012284F83A2084F83D0084F83B704B
:107A400084F83C70FFF768FF84F8437084F84200C4
:107A500084F83E7084F844702C782046FFF748FF85
:107A60000546002842D096F890312046ABB1FDF78C
:107A700079FC01280CBF262224224C23013C5C43C4
:107A80003319294683F83E201022144430199A7580
:107A900003B0BDE8F04002F0E5B9FDF763FC012852
:107AA0000CBF0D220C22E8E74C2202FB046494F880
:107AB0003D20DAB1282B19D194F84210FFF71EFFB0
:107AC0002B88ADF804300A238DF806302B7A204637
:107AD000203301A98DF80730FFF7A8FD606B002562
:107AE00084F83D5010B102F0AFF8656303B0F0BD0B
:107AF0002440012008B5FDF7A5FB20B1024B013859
:107B00004C2202FB003008BD2440012030B587B074
:107B10000D461446FFF7EEFFD8B1237A5A1E0D2A00
:107B200017D8104AD25CAA4213D190F83F209A424B
:107B300011D0052B0DD107238DF80230637A8DF813
:107B4000033090F83D30ADF8003069460194FFF7FE
:107B50006DFD07B030BD052AEDD006238DF802304B
:107B6000EFE700BF0C210700024B4C22013802FB5B
:107B70000030704724400120F0B5044689B094F8E5
:107B80003A3090F83D000F461646002B5BD0FDF7CB
:107B9000A7FB02F0BDF9002853D094F83D00FDF793
:107BA00081FB054694F83D00FDF790FB02F0B0F92B
:107BB000002860D094F83D00FDF762FB33460DF1DC
:107BC000120113F8022B554072788DF8105080EA9C
:107BD00002058DF8115004F1200006F1090513F893
:107BE00001CB10F8012BAB4282EA0C0201F8012B09
:107BF000F5D104F1270010360DF1190113F8015BDE
:107C000010F8012BB34282EA050201F8012BF5D1ED
:107C10000B231A4A009392F8842194F83D3004A96A
:107C20003846F8F745FBFF2884F8410007D140F6B5
:107C3000030303A92046ADF80E30FFF7F7FC09B0A7
:107C4000F0BD0125AEE7FDF741FB02F061F980B11F
:107C500094F83D00FDF714FB054694F83D00FDF750
:107C60003FFB02F055F930B194F83D00FDF71AFBE7
:107C7000A4E70125F1E70120A0E700BF244001208F
:107C80002DE9F041044688B094F83A3090F83D0070
:107C900088461746002B58D0FDF722FB054602F018
:107CA00037F920B194F83D00FDF706FB054694F83E
:107CB0003D00FDF70BFB064602F02AF920B194F8CF
:107CC0003D00FDF7E7FA064604A8BB1D3A4601460B
:107CD00016F801CB12F801EB8CEA0E0C9A4200F870
:107CE00001CBF5D107F10C060DF1160015F8012BAB
:107CF00013F801CB82EA0C02B34200F8012BF5D154
:107D00003B7B8DF81C307B7B8DF81D30BB7B8DF869
:107D10001E30FB7B8DF81F30184A0B23009392F81E
:107D2000842194F83D304046F8F7C2FAFF2884F8E1
:107D3000410007D140F6030303A92046ADF80E30F9
:107D4000FFF774FC08B0BDE8F081FDF7BFFA054607
:107D500002F0DEF820B194F83D00FDF79BFA0546ED
:107D600094F83D00FDF7BCFA064602F0D1F8002871
:107D7000AAD094F83D00FDF79FFAA4E72440012023
:107D800070B588B0164604460D4604A8194602F0A0
:107D9000FBF8314606A802F0F7F80B230B4A0093D4
:107DA00092F8842194F83D3004A92846F8F780FA27
:107DB000FF2884F8410007D140F6030303A92046B9
:107DC000ADF80E30FFF732FC08B070BD2440012042
:107DD00070B5046B261D94F8201005463046F8F760
:107DE0004FFC94F820000021C0F11002304415F03F
:107DF00075FC94F8312094F8303003EB0223A38310
:107E0000D4F832306361D4F83630A3610123A3770C
:107E100095F8403013F0040F14BF02230123E377D9
:107E20002F23A3702046BDE87040FEF787BB0000FB
:107E300070B590F83C3004460D462BB1406B08B14C
:107E400001F002FF656370BD0A7A0B460349BDE885
:107E500070408A5C018F0620FFF74EB80C210700A6
:107E6000F8B50778134E013F4C2404FB0764054620
:107E700094F83D30E3B18378012B0CBF012300233C
:107E800084F83C3014D0616B21B100236363204639
:107E9000FFF7CEFF4C2303FB076696F83E303BB15D
:107EA0000C23AB7029462046BDE8F840FFF7BEBB67
:107EB000F8BD00BF24400120002101F0C1BE000038
:107EC000024B014693F8840101F0C7BE2440012013
:107ED00090F840305B070BD590F8243090F82B20B9
:107EE000934228BF1346102B0CBF0320022070477B
:107EF00001207047044B01384C2202FB0033986C80
:107F000000B10078704700BF2440012038B5144B01
:107F1000421E4C2404FB023494F8440070B193F8E0
:107F2000900160B1A06C05784DB1806938B12046F0
:107F3000FFF7CEFF0870A36C9869103038BD4C2055
:107F400000FB0233186B0028F8D093F8402012F0A1
:107F5000040F14BF022201220A70186B2030EDE7D3
:107F60002440012070B50E4C064684F88401FFF7CA
:107F7000A3FC01202346451C98809882A8B20628BD
:107F80001E731E7703F14C03F5D10649064AFEF72E
:107F9000A9FFBDE8704005490120FDF74FB800BFBB
:107FA000244001200D7B0500617E0500FD79050060
:107FB00010B50C4629B38B78202B03D1BDE81040B7
:107FC000FFF7DABC1C2B03D1886808B101F002FE70
:107FD00023780C48013B4C2202FB030292F83D102F
:107FE00079B1A1780B2904D192F84110E27891423D
:107FF00007D14C22214602FB0300BDE81040FFF7E9
:1080000015BB10BD24400120C378002B0CBF0823F2
:108010000923014683700020FFF7CABFF7B5074662
:1080200090F83D000C46FCF767FE0546B8B197F89E
:108030003A30661CB3B100F11A010846019101F013
:1080400067FF20B9012301992370062203E02B7DED
:1080500023700622A918304601F0BCFF07342046E1
:1080600003B0F0BD00F120010846019101F050FF7E
:108070000028E7D0EB7C237006222946EBE7F7B512
:10808000074690F83D000C46FCF736FE0546B8B1B1
:1080900097F83A30661CB3B100F12001084601910F
:1080A00001F036FF20B9012301992370062203E075
:1080B000EB7C237006222946304601F08BFF073403
:1080C000204603B0F0BD00F11A010846019101F00D
:1080D0001FFF0028E7D02B7D23700622A918EBE7AD
:1080E000F7B5002313700B7090F8233090F82250EE
:1080F00013F0080F04463FD090F82A301B073BD5F9
:10810000012D03D090F82930012B3CD101230B70B5
:1081100000250B789BB994F823305F0703D494F8BB
:108120002A305E070BD594F82100032807D094F875
:108130002830032B03D0012827D8012B41D894F8ED
:10814000237094F83DC03B0740F1D08094F82A009A
:10815000060740F1CB807C4B93F890619EBB40F2C8
:10816000033301A92046ADF804C0ADF80630FFF78F
:108170005DFA304603B0F0BD012D04D194F82930EA
:10818000012BC6D1C2E70125C3E7042817D1022B72
:1081900017D0181F43424341DBB2137094F82800F4
:1081A000022803D194F82100022806D094F83A005E
:1081B000002808BF83F0010313700025BFE70023E8
:1081C000EAE70123E8E7A36C40F201161E8012786B
:1081D0001A710978002957D002225A702046ADF84A
:1081E00004C000F054FB00287BD0A36CDE68FEF7CF
:1081F00033FB334600F1200250F8041B43F8041B04
:108200009042F9D1A36CDE68FEF726FB203600F120
:1082100020023346403052F8041B43F8041B8242CC
:10822000F9D1A36C1E69FEF717FB334600F140023B
:10823000603052F8041B43F8041B8242F9D1112329
:1082400001A920468DF80630FFF7F0F994F82310C5
:1082500094F82A3003EA0102002D5FD142F00402B3
:1082600084F8402094F83A20002A18BF0B46374A79
:108270001268002D55D0117A0B405B0751D594F848
:108280003D30ADF8043039E094F82820CDB9032111
:10829000042A597007D194F82120012A01D0042A18
:1082A00006D1042299E7012A02D194F82120F6E7A9
:1082B00017F010070FD010F010000ED001229A70A6
:1082C0008CE7012A8AD194F82100012807D10422E1
:1082D0005A700D4682E73D4680E705467EE7154623
:1082E0007CE708238DF807300323A9E7174B1B68A9
:1082F0001B7A13F008030BD0ADF804C040F203332F
:1083000001A92046ADF806300026FFF78FF930E7C7
:10831000A26C1370ADF804C0122391E702F0FB02C7
:108320009EE7537994F824209A4203D394F82B20A3
:108330009A4206D294F83D30ADF8043040F203631F
:10834000DEE7012615E700BF244001205C63002022
:1083500030B5846C90F83D30257887B0A5B990F899
:108360004040640713D4ADF8003004238DF8023088
:108370000023ADF804308DF80630694603238DF8EC
:108380001430FFF753F90EE06478022CEBD1ADF80E
:10839000003068462E238DF802308DF804108DF8D9
:1083A0000520FEF7CBF807B030BD10B50446FEF748
:1083B00030FF2046BDE8104000F09CBA38B50446B6
:1083C0000D46FFF7F2FF29462046BDE83840FEF78C
:1083D00033BF38B505460C46C978FEF71CFF214669
:1083E0002846BDE83840FFF7E9BF37B5836C4D68D4
:1083F00004462022986805F1090101F0EBFDA36C09
:108400009868202205F12901104401F0E3FD94F859
:108410003D30ADF80430A36C5B78013B032B0ED8E4
:10842000DFE803F002120B02132301A920468DF8A6
:108430000630FFF7FBF803B030BD1423F5E708233F
:108440008DF807300323F0E71523EEE77FB5836C43
:108450000022DA70032180F83F108DF8042090F894
:108460003D101B79ADF8001068462E218DF80210E2
:108470008DF80530FEF762F807B05DF804FB37B5FC
:10848000836C90F83A40D3E902525B691033019350
:108490003CB10023009313462A4600F087FA03B04C
:1084A00030BD00942B46F8E773B50A4604460E46E5
:1084B0000146502000F06AFA0546C8B194F83A2007
:1084C000A36CBAB1D968202200F0C6FAA36C9968EF
:1084D000202200F0C1FAA36C5969103100F0C3FAF0
:1084E000A06C0096406923465022294600F02EFADF
:1084F00002B070BD9968202200F0AEFAA36C202271
:10850000D968E6E710B5836C5B78042B86B0044627
:108510000FD102A8496801F02EFD94F83D30ADF866
:10852000043001A83523ADF80630FEF707F806B091
:1085300010BD90F83D30ADF8043001A91623ADF818
:108540000630FFF773F8F2E737B54D682C7A0E2C3A
:108550000ED16B7A8DF8043090F83D30ADF80030D4
:1085600068463623ADF80230FDF7E8FF03B030BDB2
:10857000032CFBD11E224A8003B0BDE83040FFF738
:1085800055B838B5836C9B7804460D46C3B1FEF7E9
:108590001CFE0A20FFF790FC014640B10E23037237
:1085A0002B7943722046BDE83840FFF741BC40F6C6
:1085B00003036B8029462046BDE83840FFF736B8F4
:1085C00038BD0000F0B5D0F848C0DCF8103099B0E4
:1085D00004460D4610AE03F120071868596832466C
:1085E00003C20833BB421646F7D1DCF808306A46AE
:1085F00003F1200E174618685968164603C608335B
:1086000073453246F7D1DCF808200DF1200C02F159
:108610002003403218685968664603C608339342FF
:10862000B446F7D1094994F83D2091F884111923F3
:108630003846F7F77DFF30B94EF203036B802946C9
:108640002046FEF7F3FF19B0F0BD00BF2440012023
:10865000F0B5CB7887B005460C4633BB0A460146D9
:10866000202000F093F90646E8B1164B02AA03F168
:10867000100E944618685968174603C708337345A7
:108680003A46F7D1231D324604F1240153F8040B76
:1086900042F8040B8B42F9D100942B46202231463C
:1086A000604600F053F907B0F0BD90F83D000B2292
:1086B00000F0D6FA2146284607B0BDE8F040FEF7A4
:1086C000B5BF00BF1B210700836CF7B5044698694E
:1086D0000E461030496801F04EFC324621463520E6
:1086E00000F054F9054618B300270422114900F898
:1086F000017B00F0B1F9A36C596900F0B4F9A36CE7
:108700005969103100F0AFF901462046FFF786FCA9
:1087100001462046FFF7B3FC012303704770A36CAA
:1087200098690096234635222946103000F00EF94C
:1087300003B0F0BD2C210700836CF7B504460E464C
:108740009869496801F017FC32462146352000F04F
:108750001DF9054618B301270422124900F8017BD0
:1087600000F07AF9A36C596900F07DF9A36C59699E
:10877000103100F078F901462046FFF74FFC014622
:108780002046FFF77CFC002307704370A36C9869B8
:108790000096234635222946103000F0D7F803B062
:1087A000F0BD00BF2C210700836C73B504469869A7
:1087B000102210440D46496801F00CFC2A4621465F
:1087C000412000F0E3F8064630B3A36C596900F08D
:1087D0004AF9A36C5969103100F045F9A36C596945
:1087E000303100F040F994F82330037094F82230CF
:1087F000437094F821308370C11C2046FFF70EFCB3
:1088000001462046FFF73BFCA06C0095806923469B
:108810004122314600F09AF802B070BD73B50A46A5
:1088200004460D460146412000F0B0F8064630B33C
:10883000A36C5969103100F016F9A36C596900F066
:1088400012F9A36C5969203100F00DF994F82A301F
:10885000037094F82930437094F828308370C11C59
:108860002046FFF70CFC01462046FFF7D7FBA06C23
:108870000095806923464122314600F067F8A36CD9
:108880006968586902B0BDE8704001F074BB38B542
:10889000856C6B6904461BB9602001F079F9686149
:1088A000A56CAB681BB9402001F072F9A860A56CFB
:1088B000AB691BB9202001F06BF9A861A56CEB68CE
:1088C0001BB9402001F064F9E860A56C2B691BB965
:1088D000202001F05DF92861A36C586948B19868BF
:1088E00038B1986928B1D86818B11869003818BF2C
:1088F000012038BD836C10B50446586920B101F0E1
:1089000069F9A36C00225A61A36C986820B101F048
:1089100061F9A36C00229A60A36C986920B101F000
:1089200059F9A36C00229A61A36CD86820B101F0B8
:1089300051F9A36C0022DA60A36C186920B101F030
:1089400049F9A36C00221A6110BD000073B51C46E2
:108950001C23019394F83D3000930B4B069E93F833
:1089600084310D46F7F776FD60B9284601F032F9FB
:1089700040F6030331462046738002B0BDE87040E4
:10898000FEF754BE02B070BD2440012070B50E4603
:10899000154601F0FDF8044630B940F603036B803C
:1089A00029463046FEF742FE204670BD2DE9F047CD
:1089B00006460F4615460A46014641209DF820907E
:1089C000DDF824801C46FFF7E1FFF8B12A46034694
:1089D00005F1200152F8045B43F8045B8A42F9D1A7
:1089E000234600F1200204F1200153F8044B42F821
:1089F000044B8B42F9D180F84090334608970146EA
:108A000041224046BDE8F047FFF7A0BFBDE8F08730
:108A10000D4A0E4B02F11C01C3F8941002F138010B
:108A20009A64C3F8E01002F154017032C3F878215F
:108A3000074AC3F88821074AC3F88C210122C3F8EA
:108A40002C1183F890217047B84101202440012067
:108A5000E18005005183050038B50546144614F041
:108A600015FE281938BD10B5044601F084FA04F14A
:108A7000100010BD70B5012204460E4690F83D006E
:108A80001146FCF741FC2046FEF79FFB4920FFF70B
:108A900013FA0546A8B10C230372A36C2022D968EF
:108AA000093001F097FAA36CD968202205F129005A
:108AB000114401F08FFA29462046BDE87040FFF7C7
:108AC000B7B940F60303738031462046BDE87040D5
:108AD000FEF7ACBDF8B51746012204460E4690F8E5
:108AE0003D001146FCF710FC2046FEF76EFB1920F6
:108AF000FFF7E2F9054660B10D23037239460930EC
:108B0000102201F067FA29462046BDE8F840FFF739
:108B10008FB940F60303738031462046BDE8F84024
:108B2000FEF784BDF8B51746012204460E4690F8BC
:108B30003D001146FCF7E8FB2046FEF746FB1920F6
:108B4000FFF7BAF9054660B10423037239460930CC
:108B5000102201F03FFA29462046BDE8F840FFF711
:108B600067B940F60303738031462046BDE8F840FC
:108B7000FEF75CBDF8B51746012204460E4690F894
:108B80003D001146FCF7C0FB2046FEF71EFB1920F6
:108B9000FFF792F9054660B10323037239460930A5
:108BA000102201F017FA29462046BDE8F840FFF7E9
:108BB0003FB940F60303738031462046BDE8F840D4
:108BC000FEF734BD836CDA785969D308C3F10F031B
:108BD00051FA83F302F0070293F82000104100F0ED
:108BE000010040F080007047F8B50D46FEF7BCFF6D
:108BF000826C90F83A30044605F11001506905F195
:108C0000300705F12006B3B1503001F0B4F9A36C80
:108C100058692946203001F0AEF9A36C58693946ED
:108C2000403001F0A8F9A36C586931463030BDE8F6
:108C3000F84001F0A0B9403001F09DF9A36C5869EB
:108C40002946303001F097F9A36C58693946503005
:108C500001F091F9A36C586931462030E7E7000034
:108C6000F8B50C4617460646FEF77EFF90F84230F0
:108C7000013380F8423005462680E7703046FEF723
:108C800071FE054B1A6895F84230D27993420CBFB9
:108C90000D230323A370F8BD5C63002013B50422E9
:108CA0000DEB0201044690F83D00FFF7D9FF01A942
:108CB0002046FEF7BBFC02B010BD000038B5012213
:108CC00004460D4690F83D001146FCF71DFB0223BB
:108CD00084F83F302046FEF778FA402000F058FF35
:108CE00020630F20FFF7E8F80146D8B10123037293
:108CF0000D4B1B681A7942722A7982726A79C272A4
:108D00009B790373AB794373EB7983738368236235
:108D10008389A384837B84F826302046BDE83840CD
:108D2000FFF786B838BD00BF5C63002090F83B2099
:108D30002AB1002280F83B20C978FEF76CBA704750
:108D400007B5012380F83B304B685B7A8DF804301F
:108D500090F83D30ADF80030684632238DF802308F
:108D6000FDF7ECFB03B05DF804FB000037B54B6882
:108D700090F825509A68C0F827209A89A0F82B20EF
:108D80009A7B80F82D205A7BAA43044604D190F8A0
:108D900026209B7B934308D040F6032320464B803C
:108DA00003B0BDE83040FEF741BC094D0DF10702AC
:108DB000D5F888310DF10601984738B1D5F88C31D6
:108DC0009DF807209DF806102046984703B030BD57
:108DD0002440012038B5026B4B68044603F10901B9
:108DE0002032193351F8040B42F8040B9942F9D19F
:108DF0000425204684F83F50FEF7E7F91920FFF7D5
:108E00005BF8014680B10572236B093003F1300233
:108E1000403352F8045B40F8045B9A42F9D1204693
:108E2000BDE83840FFF704B838BD000070B5066BE8
:108E30000D4604461022686806F1200114F018FC63
:108E4000D0B10423EB7094F8423094F83D00013324
:108E500084F84230FEF786FD0C4B1A6894F84230D5
:108E6000D27993420CBF0D230323AB7029462046D1
:108E7000BDE87040FEF7DABB06F1300306F11002E0
:108E800031462046BDE87040FEF77ABF5C630020A3
:108E900030B590F82B5090F8243049689D4285B049
:108EA00028BF1D4604462A46684614F0EFFB002101
:108EB000C5F110020DEB050014F010FC012384F83D
:108EC000443094F8403094F83D0013F0040F6A46A3
:108ED00014BF02210121FDF7F5FC05B030BD0000F3
:108EE00038B504460D46FEF770F9236B94F83D2023
:108EF0001A8094F8402012F0040F14BF02220122BD
:108F0000DA7794F82B2094F824108A4228BF0A4676
:108F100083F82020002394F82D2084F83F3094F823
:108F200026301340D80710D50E4A92F8902192B1FE
:108F3000A26C12787AB1990711D40C23AB70294630
:108F40002046BDE83840FEF771BB9A0707D45B079F
:108F5000F3D50A2300E0062384F83F3038BD082308
:108F6000FAE700BF2440012038B590F8262090F899
:108F70002D300D4613404A68016B0446FEF79CFAFB
:108F800050B1002384F83F300C23AB7029462046B3
:108F9000BDE83840FEF74ABB38BD38B590F83F20F1
:108FA00090F82C300D46044690F825105AB9194017
:108FB000FEF7C2F938B10E23AB7029462046BDE852
:108FC0003840FEF733BB38BDFFF70FBA0C2380F8EB
:108FD0003F30FFF74FBD0000836C10B504461021F1
:108FE0005869F7F74DFBA36C07495869203000F02A
:108FF000C2FFA36C04495869303000F0BCFF032362
:1090000084F83F3010BD00BFCF29070038B5836C0E
:1090100004460D465869496810220931403000F075
:10902000D9FF042384F83F30A36C29465A692046AF
:10903000BDE83840FFF776BD38B5836C04460D4671
:109040005869496810220931104400F0C3FF2946CD
:109050002046BDE83840FFF712BA38B5836C0446A5
:1090600058690D4610224968403014F001FB20B1C8
:109070002046BDE83840FFF711BE29462046BDE82E
:109080003840FFF711BA000030B5836C04465869C8
:10909000DB7885B00D46D3B91949203000F06BFF5D
:1090A000A36C17495869303000F065FF2A7D032A08
:1090B0000DD8A36C5869291D2D30029100F08AFF4C
:1090C000A36C2A7D586902993D3000F083FFA36CA0
:1090D00010215869F7F7D4FAA36C2046DA689B6828
:1090E00003920293FFF76EFDA16C4969DDE902323C
:1090F000CDE9000129462046FFF758FC05B030BDF8
:10910000CF29070030B5836C04460D46586949687D
:10911000102285B00931104400F05CFFA36C20469A
:109120009A68DB6803920293FFF74CFDA16C4969D2
:109130001031CDE90001DDE9023229462046FFF772
:1091400035FC05B030BD4A68FFF714BDFFF75EBFC0
:1091500037B5856C4968044668691022403014F0C0
:1091600087FA28B1204603B0BDE83040FFF796BD2E
:10917000EB780133DBB2132BEB709BBF032384F836
:109180003F301B231A238DF8063001A994F83D3097
:10919000ADF804302046FEF749FA03B030BD0000B8
:1091A00030B590F82930012B87B004460D4605D024
:1091B000836C14495869203000F0DDFEA36C94F8EC
:1091C00022205869012A00F130000AD19B680190E1
:1091D0000022009229461A462046FFF7E7FB07B017
:1091E00030BD084900F0C7FE94F83D30ADF80C30B2
:1091F0001C238DF80E3003A9002320460593FEF7AB
:1092000015FAECE7CF29070070B5836C5E6990F81A
:109210002230012B04460D460BD14968102206F17D
:10922000400014F025FA20B12046BDE87040FFF759
:1092300035BD042384F83F3030461021F7F720FA7B
:10924000A36C294620465A69BDE87040FFF76ABC06
:1092500038B5836C04460D465869496810220931B7
:10926000104400F0B7FE29462046BDE83840FFF71D
:10927000A9B938B5836C0446586910220D461044CC
:10928000496800F0A7FE0D2384F83F30A36C2946FF
:109290005A692046BDE83840FFF71CBCF0B5876C22
:1092A00004467B694868102285B09918093014F08B
:1092B000DFF9064610BB94F82B5094F82430B969B6
:1092C0009D4228BF1D462A461031684614F0DEF93B
:1092D000C5F1100231460DEB050014F0FFF9012332
:1092E00084F84430204694F83D50FEF7F1FD6A467C
:1092F00001462846FDF7E6FA05B0F0BD0B238DF8D0
:10930000033094F8423094F83D00ADF8000001338A
:1093100084F84230FEF726FB074B1A6894F8423077
:10932000D279694693420CBF0D231D2320468DF848
:109330000230FEF77BF9DFE75C630020024B034A53
:10934000C3F88021FFF764BB24400120FC21070003
:10935000054B064AC3F88021054AC3F88821054A0F
:10936000C3F88C21704700BF24400120602407000F
:10937000BD760500C177050038B50D460446FDF7FA
:1093800024FF0A20FEF798FD014640B10B2303722B
:109390002B7943722046BDE83840FEF749BD38BD01
:1093A000036B37B504460D4673B9402000F0F0FB5F
:1093B000206348B940F60303294620466B8003B07A
:1093C000BDE83040FEF732B90122114694F83D0065
:1093D000FBF79AFF6B689A6822629A89A2849A7B4B
:1093E00084F826209A7A8DF80520DA7A8DF8042000
:1093F0005A7B9B7B8DF8073094F83D30ADF80030F8
:10940000684631238DF806208DF80230FDF796F876
:1094100003B030BD73B5022380F82730234B244EB0
:109420001B681A7980F828200A7980F829204A795F
:1094300080F82A209B7980F82B308B7980F82C30AB
:10944000CB7980F82D300D46D6F888310DF1070222
:109450000DF106010446984730B36A7994F8233039
:10946000134013F0080F14BF0C23032384F83F307C
:109470002046FDF7AAFE0F20FEF71EFD014658B15B
:10948000D4F827308360B4F82B30838194F82D30E2
:1094900083732046FEF7CCFCD6F88C319DF807206C
:1094A0009DF806102046984702B070BD5C6300200E
:1094B0002440012010B54B68026B03F109012032F2
:1094C000193351F8044B42F8044B9942F9D1002367
:1094D00080F83F3010BD10B5FFF7ECFF0446006B7D
:1094E00010213030F7F7CCF8216B204601F1300223
:1094F000BDE81040FEF740BB70B5066B0D46044654
:109500001022686806F1200114F0B2F8D0B194F886
:10951000423094F83D00013384F84230FEF722FADD
:109520000423EB700C4B1A6894F84230D2799342C2
:109530000CBF0D230323AB7029462046BDE87040C5
:10954000FEF774B806F1100306F1300231462046EA
:10955000BDE87040FEF714BC5C63002038B590F89D
:109560002B5090F8243049689D420446006B28BF78
:109570001D462A46203014F089F8206B2030002147
:10958000C5F11002284414F0A9F8012384F84430EE
:109590002046FDF71AFE1920FEF78EFC014688B121
:1095A00004230372236B093003F13002403352F875
:1095B000045B40F8045B9A42F9D12046BDE838408C
:1095C000FEF736BC38BD000070B590F83F6090F8EB
:1095D0002D300D46044690F82610C6B91940FDF707
:1095E000ABFEA0B194F8253094F82C2084F83F60AD
:1095F0001340D8070ED50E4A92F8902142B1A26CC2
:1096000012782AB199070BD5082384F83F3070BD32
:109610000623FAE79A07F7D45B0701D50A23F4E794
:109620000E23AB7029462046BDE87040FDF7FEBF13
:109630002440012013B50023044680F83F300191F7
:10964000FDF7C3FD236B94F83D201A8094F8402069
:10965000019912F0040F14BF02220122DA7794F864
:10966000240094F82B20824228BF0246204683F82B
:10967000202002B0BDE81040FFF7A6BF38B590F833
:10968000252090F82C300D4613404A68016B0446A3
:10969000FDF712FF38B10E23AB7029462046BDE816
:1096A0003840FDF7C3BF38BD37B5836C5A78032AFD
:1096B00004460D461ED158690F49203000F05BFC6E
:1096C000A36C0D495869303000F055FC2A7D032AFF
:1096D00010D8A36C5869291D2D30019100F07AFC37
:1096E000A36C2A7D586901993D3003B0BDE8304034
:1096F00000F070BC03B030BDCF29070038B5044678
:109700000D46FEF772FE29462046BDE83840FFF7B9
:10971000B1B9000038B5836C044658690D46102174
:109720000844F6F7ADFFA36C09495869203000F0F2
:1097300022FCA36C06495869303000F01CFC04235D
:1097400084F83F3029462046BDE83840FEF797BEF2
:10975000CF2907004A68FFF70DBA38B5836C0D466C
:109760004968044609315869102200F033FC294643
:109770002046BDE83840FEF797BE38B50D2380F887
:109780003F30836C5A6904460D461032FFF7CAF920
:1097900029462046BDE83840FEF7B4BE836C4968D0
:1097A000586910220931503000F014BC30B5836C78
:1097B000044658690D46102185B00844F6F760FF4D
:1097C000042384F83F30A36C2046DA689B68039238
:1097D0000293FFF7F7F9A16C49691031CDE9000157
:1097E000DDE9023229462046FFF7E0F805B030BD3A
:1097F00038B504460D46FFF7D1FF29462046BDE89F
:109800003840FFF7D3BF38B504460D46FFF74CFF8D
:1098100029462046BDE83840FFF7C8BFFFF79ABF8A
:1098200030B5836C0D464968044685B058690931E6
:10983000102200F0CFFBA36C20469A68DB680392ED
:109840000293FFF7BFF9A16C4969DDE90232CDE966
:10985000000129462046FFF7A9F805B030BDF7B54D
:10986000866C776904460D461022496807F150005E
:1098700013F0FEFE28B1204603B0BDE8F040FFF72C
:109880000DBAF3780133DBB2132BF3700CD91B2321
:109890008DF8063094F83D30ADF8043001A920462B
:1098A000FDF7C4FE03B0F0BD032384F83F3007F199
:1098B00010021A23294620468DF80630FFF732F9A8
:1098C000E8E7042380F83F307047000030B5836C30
:1098D0000D464968044687B058691022093100F0E6
:1098E00079FB94F82230012B05D0A36C14495869F8
:1098F000303000F040FBA36C94F829205869012A0D
:1099000000F120000AD19B680190002200922946B4
:109910001A462046FFF74AF807B030BD084900F064
:109920002AFB94F83D30ADF80C301C238DF80E3036
:1099300003A9002320460593FDF778FEECE700BF5E
:10994000CF29070070B5836C5E6990F82930012B30
:1099500004460D460BD14968102206F1500013F061
:1099600087FE20B12046BDE87040FFF797B90D2370
:109970001021701884F83F30F6F782FEA36C5A6904
:10998000294620461032BDE87040FFF7CBB80F23C0
:10999000496880F83F30836C586910220931503093
:1099A00000F018BB0D22836C80F83F205A78032A00
:1099B00003D15A691032FFF7B5B8704738B590F83F
:1099C0003F300D2B04460D4607D1836C496858691A
:1099D00010220931503000F0FDFA29462046BDE83A
:1099E0003840FEF7EFBD0000836C73B5044658693C
:1099F0000D461030496800F0BEFAA66C716910225D
:109A000001F1500013F034FE0146D0B994F82B3028
:109A100094F82420B069934228BF13461030C3F154
:109A20001002184413F05AFE012384F84430A36C4A
:109A30005A6929461032204602B0BDE87040FFF74F
:109A400049B80B238DF8073094F8423094F83D0064
:109A5000ADF80400013384F84230FDF783FF084B72
:109A60001A6894F84230D27901A993420CBF0D23B1
:109A70001D2320468DF80630FDF7D8FD02B070BDDD
:109A80005C630020024B034AC3F87C21FEF7C0BF91
:109A90002440012024260700054B064AC3F87C21F8
:109AA000054AC3F88821054AC3F88C21704700BFD6
:109AB00024400120C4280700BD760500C1770500B9
:109AC0002DE9F84F06460F4600F0A6F8DFF8BC80F7
:109AD0002C4BC8F8000006EB460400EB84041E7013
:109AE000043700F10C0AD8F8005000F09BF820F081
:109AF00007000544AC4202D90020BDE8F88FD6B378
:109B000037F8043C072B25D95A0703D023F0070365
:109B100008339BB22AF80C3C17F8029C0AF80A9CFE
:109B20004AE90244DB08DD00B9F1010FD8F800B0C2
:109B300012D800F077F820F0070083445C4507F165
:109B400004070AF10C0AD7D8013E00232360F6B2BD
:109B50002C44C8E70823DDE700F064F820F0070094
:109B600058448442C8D8631909F1FF3223605FFA70
:109B700082F91C46D8E7D8F80000034B201A186079
:109B8000BBE700BF4C420120484201204442012073
:109B9000F8B50E4B1E680E4B1C7807460CB92546CF
:109BA0000CE03388BB420DD304F08AF8B5683DB1B0
:109BB0002B68B36000236B6004F084F82846F8BD7E
:109BC00004F080F8013CE4B20C36E7E7444201209F
:109BD0004C42012038B50D4A0D4B14781B680C22FD
:109BE000054602FB04340C3CA34200D938BD626830
:109BF000AA42F8D804F064F8064B6B60A3682B60A7
:109C0000A560BDE8384004F05DB800BF4C420120BB
:109C1000444201200DD0ABFA014B1868704700BFD9
:109C200090420120014B1868704700BF8C42012010
:109C3000083008B580B2FFF7ABFF00B1083008BDAF
:109C4000084480B2FFF7F4BF0838FFF7C3BF02F83B
:109C5000041CA2F1080100F01FB813B504460191DD
:109C600004F068F82146019AFFF7F1FF0121204630
:109C700002B0BDE8104004F04BB810B50C4600F03F
:109C80001DF810B103792370083010BD006810B1C1
:109C900003790B700830704738B5002304460B6019
:109CA0000D4604F00DF823682BB925606560BDE80A
:109CB000384004F007B863681D60F7E738B504461C
:109CC00003F0FEFF25681DB12B68236003B96360B4
:109CD00003F0F8FF284638BD38B504460D4603F0BA
:109CE000EFFF23682B6003B965602560BDE838404D
:109CF00003F0E8BF70B506460D46144603F0E0FFDA
:109D0000336813B17368A34207D129463046FFF781
:109D1000C3FFBDE8704003F0D5BF24B929463046E3
:109D2000FFF7DAFFF5E723682B602560F1E770B5F0
:109D300004460D46164603F0C3FF2368AB4209D123
:109D40002B6823606368AB4208BF6660BDE8704063
:109D500003F0B8BF002EF5D02B683360F2E713B5DF
:109D6000044603F0ADFF2368002290B201322BB904
:109D7000019003F0A7FF019802B010BD1B68F4E743
:109D800010B5044603F09CFF2468B4FA84F4640917
:109D900003F098FF204610BDD0E90020131A584266
:109DA00058417047084B10B51C68002204B910BD1B
:109DB000844202D022462468F8E703482146FFF790
:109DC000B6FF00236373F2E75842012038B504461A
:109DD0000D4603F07DFF637B13B12046FFF7E2FFE2
:109DE00001236373094BA5601B68002213B19968B6
:109DF000A94207D921460548FFF77CFFBDE8384056
:109E000003F068BF1A461B68F0E700BF5842012004
:109E100010B5044603F05CFF064A13682BB92370A3
:109E20001C4603F057FF204610BD01232370136822
:109E30009C68F6E758420120044A0023C2E9003337
:109E4000034A1360034A1360704700BF5842012061
:109E500050420120544201204FF47A73594301319A
:109E6000FFF7B4BF0131FFF7B1BF07B5019003F0B1
:109E70002FFF0198FFF796FF03B05DF804EB03F0A6
:109E800029BF000070B5054603F022FF0A4B1C688D
:109E900000261CB9BDE8704003F01CBFA368AB42AC
:109EA00003D95B1BA3602468F3E7207BA660022133
:109EB00003F02EFFF7E700BF5842012038B503F04A
:109EC00007FF0948046854B1A56845B92A462146E8
:109ED000FFF72DFF657303F0FDFE204638BD03F04C
:109EE000F9FE0024F9E700BF584201200B68036027
:109EF0008B888380704708B5062213F0B9FBB0FA4F
:109F000080F0400908BD002303608380063070475D
:109F100007B50023062269460093ADF8043013F01C
:109F2000A7FBB0FA80F0400903B05DF804FB0346DC
:109F3000006859687047110A02704170110C120EC6
:109F4000C2701A0A037142711A0C1B0E8170827161
:109F5000C371704703794179006843EA0121704772
:109F6000110A027041700371110C1B0A120E8170EC
:109F7000C2704371704701F1100351F8042B40F88F
:109F8000042B9942F9D170470B6803604B6843601A
:109F9000704710B500F1100210F8013B11F8014BA9
:109FA000824283EA040300F8013CF5D110BD0000B1
:109FB00010B5074C11448A4201D1C04310BD12F8BC
:109FC000013B4340DBB254F8233083EA1020F2E730
:109FD000E029070070B50024551E23B2934204F116
:109FE000010400DB70BDCE5CEB1AC654F5E710B57A
:109FF000431800EB5101884200D110BD13F8012D28
:10A0000004781C7000F8012BF5E703680BB10846D3
:10A0100018477047006803689B6918470068036821
:10A020009B6A184700680368DB6A184713B5044643
:10A030000BF098FD237E23B102B0BDE810400BF079
:10A04000A7BD012323760BF0A3FD6368201D1BB180
:10A050002369019401A9984702B010BD10B50446C8
:10A06000002244F8041B4260C4E901220249426113
:10A070000161027610BD00BF0BA0050037B5174C7B
:10A08000174D2368BFF35B8F13F0010F09D12046F2
:10A090000CF0BAF828B100F0B1FD286020460CF0B1
:10A0A000D5F82B682BB90F490F4800931A460BF0CF
:10A0B000D3FE0E4C2368BFF35B8FDB070AD4204628
:10A0C0000CF0A2F830B129680948FFF7C7FF204615
:10A0D0000CF0BCF8064803B030BD00BF644201205C
:10A0E00084420120E02D07004301188060420120D6
:10A0F00068420120006804F093BC006803F0C1BF0F
:10A10000006805F061BA0146006801F04FBB0068C5
:10A1100006F0BCBB006805F039BE006806F0C4BAA2
:10A1200000207047704702207047F4F713BD00000D
:10A13000064BD3F8C0309A0605D5054B1B689B0625
:10A1400001D5F4F735BBF4F78DBB00BF40360120D5
:10A15000F0620020024A02600022C0E90421704738
:10A16000802E070010B50446406903689B68984735
:10A17000236820461B6ABDE810401847036810B5E5
:10A1800004465B6A984760690368BDE81040DB6875
:10A190001847000007B50191FFF770FFFFF73AFF7E
:10A1A0000199FFF7AAFF20B1034904486D220BF083
:10A1B0002FFC03B05DF804FB032E07004F2E0700B1
:10A1C00030B50B780E2B85B005460C461DD10A79AB
:10A1D000CB7803EB022399B242F20F03994204F1C8
:10A1E00006025CD8B1F5005F11D840F6634399428E
:10A1F00000F0A88032D840F60143994200F09680E2
:10A2000040F60343994200F0888005B030BDA1F5C7
:10A210000053013B0E2BF8D801A252F823F000BFE7
:10A2200039A305005FA3050093A305000BA2050059
:10A2300055A305000BA205000BA205000BA205000B
:10A240000BA205000BA205000BA205000BA2050046
:10A250000BA205000BA2050081A3050041F201033A
:10A2600099424BD041F209039942CED16E48114632
:10A270006C46FFF73BFE00230093A3802B6821462A
:10A280005B6928469847002861D094E80300029053
:10A29000ADF80C10284602A9FFF77CFFB5E742F2A3
:10A2A0002403994200F0A18012D842F21803994287
:10A2B00000F0AD8042F21C039942A6D1D4F806000A
:10A2C00051685A4B03C305B0BDE83040F4F7FABA01
:10A2D00042F22F03994279D008D842F22A039942D8
:10A2E00093D1534BA27983F8C9206AE042F23B0331
:10A2F00099420DD842F23903994286D94C4BD3F892
:10A30000D830002B81D0104605B0BDE8304018474A
:10A3100042F24A039942F1D077E7464B4648002281
:10A320001A7005B0BDE83040F4F726BC434805B0CC
:10A33000BDE83040F4F74CBB414805B0BDE83040C3
:10A34000F4F72DBC05B0BDE83040F4F7DABBF4F704
:10A3500095FA5AE705B0BDE83040F4F78FBAE179D5
:10A36000A279334B02EB0122A3F8B620227A83F8BC
:10A37000BB2083F8BA2005B0BDE83040F4F796BAA8
:10A38000A2792B4B83F8BC2005B0BDE83040F4F730
:10A3900081BAE279A37903EB0223254A0021C2F8AE
:10A3A000C4105906C2F8C03008D5264B1B685B069E
:10A3B00004D505B0BDE83040F4F769BC002382F84D
:10A3C000C93005B0BDE83040FFF7B2BE627A237AEB
:10A3D000A07903EB0223E27900EB022099B280B26C
:10A3E00005B0BDE83040F4F7ACB9114BD3F8D82034
:10A3F00022B105B0BDE83040F4F78FBBA3F8CA2006
:10A40000A3F8CC2005B0BDE83040F4F72BBA094AD8
:10A410001378022B02D801331370F3E705B0BDE8BF
:10A42000304003F031BC00BFE0360120D8360120B7
:10A430004036012088420120CF1B0700DF1B0700A8
:10A44000D71B0700F0620020406910B4046824693B
:10A45000A4465DF8044B6047036913B504462BB965
:10A46000084909484FF49B720BF0D2FA04301B687C
:10A47000019098470198D4F78BF80023236102B02C
:10A4800010BD00BF032E0700652E0700F8B5084F6A
:10A4900005460C4604B9F8BDFF2C264628BFFF260A
:10A4A00028463B68F1B2A41B9847A4B23544F1E7B3
:10A4B000D063002008B520B90349044830220BF0CE
:10A4C000A7FA034B186008BDA82E07006F2E0700DF
:10A4D000D0630020704770477047704770477047DF
:10A4E00070477047704770477047704770470079F2
:10A4F000831E58425841704700487047103107008A
:10A50000FEE703680BB108461847704708B5FFF728
:10A51000B5FDBDE80840FFF789BD38B50446406881
:10A5200008B9204638BD056914210CF081F8284689
:10A53000F6E70000094B10B503F180020360903389
:10A54000044642608360C06A10B103685B68984744
:10A5500004F10C00FFF7E1FF204610BD8C38070026
:10A5600010B50446FFF7D9FF20460C210CF060F827
:10A57000204610BD38B50446406808B9204638BDAD
:10A58000056914210CF054F82846F6E710B5044686
:10A59000FFF7F0FF20460C210CF04AF8204610BDD2
:10A5A00038B50446406808B9204638BD056914210D
:10A5B0000CF03EF82846F6E710B50446FFF7F0FF2A
:10A5C00020460C210CF034F8204610BD38B5044666
:10A5D000406808B9204638BD056914210CF028F8F8
:10A5E0002846F6E710B50446FFF7F0FF20460C2199
:10A5F0000CF01EF8204610BD38B50446406808B976
:10A60000204638BD056914210CF012F82846F6E7FB
:10A610000B4B10B503601433044643603030FFF732
:10A62000EBFF04F12400FFF7D1FF04F11800FFF75E
:10A63000B7FF04F10C00FFF79DFF204610BD00BFDF
:10A64000D037070010B50446FFF7D6FF20460C218F
:10A650000BF0EEFF204610BD38B50A4C00F0A8FF05
:10A660002368BFF35B8FDB07054608D420460BF059
:10A67000CBFD20B1044B20461D600BF0E7FD0248E6
:10A6800038BD00BF9C4201201C440120FFF7E4BFFD
:10A69000034600789B78272B02D0282B03D07047E5
:10A6A0000021F7F7DBB9F7F719BA002202608280C0
:10A6B0007047CB68C3600BB15B681847704738B50B
:10A6C0000446A06800B938BD0569D3F761FFA068EA
:10A6D000FFF780FAA560F4E710B5074B044640F891
:10A6E000183B08F015FD2046044B40F8083FFFF7E3
:10A6F000E6FF204610BD00BFC8300700B830070095
:10A7000010B50446FFF7E8FF204638210BF090FF14
:10A71000204610BD30B5054687B040680191E8B1CC
:10A720001420FFF735FA0199044620B90F49104863
:10A730004E220BF06DF902A8FFF7BBFF02A92046DD
:10A74000FFF7B7FF0023236102A8D3F721FFAB680F
:10A7500033B9AC60284601F045FD012007B030BD9B
:10A760001A461B69002BFBD11461F3E7FD2E07008D
:10A77000492F070010B5064B044640F8183BD3F7A5
:10A7800007FF04F10800D3F703FF204610BD00BF08
:10A790004839070010B5034B03600446D4F77EF92F
:10A7A000204610BD0C3C070037B50D46044601920B
:10A7B00006F0A0FB019B2A46214603B0BDE83040CD
:10A7C000FFF742BE10B506F095FB0368BDE81040E8
:10A7D000DB68184707B5019006F08CFB0368019908
:10A7E0001B6903B05DF804EB184708B5D2F728FEE3
:10A7F00008BD000010B50D4C2368BFF35B8FDB076D
:10A8000011D420460BF000FD68B101F085FA014635
:10A81000074806F011FA074A074905480BF0E1FC22
:10A8200020460BF013FD024810BD00BFA8420120D6
:10A83000984401200060002075A7050038B50E4C33
:10A840002368BFF35B8FDB07054612D420460BF06D
:10A85000DBFC70B12846FFF7CDFF0146074804F046
:10A86000D3FD074A074905480BF0BBFC20460BF017
:10A87000EDFC024838BD00BFAC420120C4440120B9
:10A880000060002011A6050038B50A4CFFF7D6FF7E
:10A890002368BFF35B8FDB07054608D420460BF027
:10A8A000B3FC20B1044B20461D600BF0CFFC0248E6
:10A8B00038BD00BF984201201844012038B50F4C24
:10A8C0002368BFF35B8FDB07054615D420460BF0EA
:10A8D0009BFC88B102F032FD4FF46173014605F133
:10A8E0000802074804F0F4FE064A074904480BF042
:10A8F00078FC20460BF0AAFC014838BDB842012084
:10A90000184601200060002059F7050030B5124DAF
:10A910002B68BFF35B8FDB0785B0044619D428464C
:10A920000BF072FCA8B101F087FF03902046FFF7FF
:10A93000C5FF0A4B039A009004F10801084803F090
:10A94000A5FE084A084906480BF04BFC28460BF0C8
:10A950007DFC034805B030BD94420120D463002043
:10A96000D842012000600020D1E9050038B50A4C2A
:10A97000FFF7CCFF2368BFF35B8FDB07054608D4E6
:10A9800020460BF041FC20B1044B20461D600BF02B
:10A990005DFC024838BD00BFBC4201209846012042
:10A9A00038B50379022B044619D1FFF755FEFFF79E
:10A9B000AAFB2046FFF768FFFFF7A2FB2046FFF740
:10A9C000D5FFFFF797FB04F10800FFF778FE054B72
:10A9D000002518682571FFF7D1FB284638BD0920EE
:10A9E000FCE700BFC0420120FFF7C0BF70B54E4B6F
:10A9F000196888B029B94D494D4840F2F9120BF059
:10AA000007F80B684B4E9B684B4D04A89847049B76
:10AA1000059C06999DF81C0033602C60FFF750F8E8
:10AA200083B223B94149454840F20D22E7E7336834
:10AA300082B213FA80F02B6830609B1A94422B602C
:10AA400006D900233E493F480093A21A0BF0FCF9B7
:10AA5000FFF7F2F9F5F7F6FDF5F706FEF5F75CFC02
:10AA6000F5F73CFDF5F78CFD374803F067F9FCF787
:10AA700091F9364803F062F90390F9F77FFFFBF78D
:10AA800019FDFAF7B7FAFAF767FDFAF76DFEFBF76B
:10AA900001FEFBF75DF8FBF70DFFFBF7A3F9039849
:10AAA000FAF79AFF2A4803F049F9FCF77DFBFCF717
:10AAB000F7F9FCF71DFBFCF74FFA264803F03EF9C7
:10AAC000F5F7F2FEF7F746FBF7F7C4F92248F7F778
:10AAD0006FFBF8F739FCF6F7EDF9F6F7ABFE1F4818
:10AAE00003F02CF9FDF73EFAFEF7D6FFFEF7CAFF9A
:10AAF000FEF72EFCFEF722FC194803F01FF9194B54
:10AB000018704620F3F750FC1748FAF733FF164940
:10AB10000320FAF793FA1548F5F71EFF144808B01A
:10AB2000BDE87040F5F7FEBEC04201205E2F070071
:10AB3000AE2F0700904201208C420120C106070081
:10AB4000C52F070005011880A96D0500F159050002
:10AB5000B9710500ED080500F9B90500B17F0500E0
:10AB60002DAC05009C460120E5AF050091A605002F
:10AB700019BE050038B50C4A0C4B0360002304468F
:10AB8000C0E902230371036118300D4608F04FFB42
:10AB900000220023C4E90C23054B20461D60FFF76B
:10ABA00025FF204638BD00BFB8300700C830070079
:10ABB000C042012010B50D4C2368BFF35B8FDB074B
:10ABC00011D420460BF020FB68B106F093F9014642
:10ABD0000748FFF7CFFF074A074905480BF001FB7D
:10ABE00020460BF033FB024810BD00BFA4420120F9
:10ABF0006044012000600020D9A60500FFF7DABFFD
:10AC000007B50191FFF7D6FFFFF718FE036801991A
:10AC10001B689847FFF7CEFF00F0CAFC0368019954
:10AC20001B6803B05DF804EB1847000013B50C4631
:10AC3000A9B302F0A1FD204602F0BEFD78BB02F0F0
:10AC40007DFB204602F07EFB48BBA378202B07D07B
:10AC50007A2B26D0204602B0BDE8104002F0EEB8B4
:10AC6000CDE90000FFF70AFA0090F4F7DFFBC30418
:10AC700007D5F9F715FDFBF73FFBFAF71FFCFAF7CD
:10AC800031FDFFF797FF00F093FC00F051FBFFF759
:10AC900091FF022303710F486946C368984702B0C9
:10ACA00010BDE378002BFAD1228842F21F039A42AA
:10ACB000F5D1A3796279217902EB0322064BB1FA2F
:10ACC00081F1186892B2490902B0BDE81040FFF75F
:10ACD000C3BB00BFC4420120C042012008B5044BE1
:10ACE0001868FFF73FFABDE80840FAF7D3BD00BF88
:10ACF000C042012073B50479012C05460E461BD0D5
:10AD0000022C1BD0E4B91830019008F062FA0198C7
:10AD100008F008FA0B4BED609E421EBF96E8070054
:10AD200083E80700F268284618BFC3E90324FFF749
:10AD3000D5FF204602B070BD0924FAE70024F8E7E9
:10AD40000B24F6E7C442012070B5044688B025699B
:10AD5000002D65D104F118052946684608F015FA5A
:10AD6000D4E90C31009A9B18019A42EB0102C4E924
:10AD70000C32284608F02DFAD4E90C014FF47A720F
:10AD8000002311F05DFE0E46054670B1FFF77AF81C
:10AD90004FF47A72A5FB025302FB0631D4E90C3260
:10ADA0005B1B62EB0102C4E90C322B4C02F0DCFFAE
:10ADB0002368BFF35B8FDB070ED420460BF024FA29
:10ADC00050B1264808F094F9254A264923480BF04B
:10ADD00008FA20460BF03AFA03A80AF06BF902F0E1
:10ADE000B9FFC0B10DF10F00FFF712F89DF80F3059
:10ADF00053B31D4B07931D4B04930023CDE905333B
:10AE00004FF47A73A0FB032304A9144808F017F940
:10AE100004A8D3F7BDFB03A80AF054F908B070BD2D
:10AE20002B692361EB682BB9114912484FF4FD726D
:10AE30000AF0EEFD1B68284698472846D3F7A8FB82
:10AE40002846FEF7C7FE82E70AF046F90A4B186863
:10AE500003689B699847DEE7A04201202044012057
:10AE60000060002095A7050068060700EBA7050015
:10AE70002830070057300700C0420120FFF764BFA9
:10AE800010B510220446002112F028FC204610BD07
:10AE9000F8B5044636480568BFF35B8F15F0010529
:10AEA00064D10BF0B1F9002860D002F065FC0746D0
:10AEB0002046FFF72BFD06462046FFF7FFFC2D4CF2
:10AEC0002D4B236003F180029033A3602B4B626013
:10AED000C4E903352A4B2063C4E90737294BA56130
:10AEE0000436C4E90A35666204F13400FFF7DDFB7D
:10AEF00004F13A00FFF7D9FB04F14000FFF7C0FF6F
:10AF000004F15000FFF7BCFF04F16000FFF7B8FF49
:10AF100004F17000FFF7C9FB04F17600FFF7B0FF02
:10AF20004FF47063A4F886304FF48073A4F888302F
:10AF300084F88A5004F18C067019143504F031FD40
:10AF4000642DF9D1206A104D0368A5619B6FA5F1AE
:10AF50001C01984701230D4A0D4984F86030A5F182
:10AF60001C000BF03EF902480BF070F90148F8BDE7
:10AF7000B4420120284501208C380700A830070082
:10AF80006C300700D8630020444501200060002099
:10AF900035A5050038B50A4C2368BFF35B8FDB0786
:10AFA00005460BD420460BF02FF938B12846FFF7A1
:10AFB0006FFF044B186020460BF048F9014838BD7C
:10AFC000B042012024450120044B0022C3E90022A5
:10AFD0009A601A61024ADA60704700BFC4420120D9
:10AFE00003A5050070B54388412B04460DD101F03F
:10AFF00023FC01F019F980B10368E2885D682188BB
:10B000006389AC46BDE870406047FFF7D3FD214639
:10B010000020BDE87040FFF709BE70BD8167704732
:10B0200003680BB1084618477047814210B50346C4
:10B030000C4606D007C983E80700E268DA60002200
:10B040001A6110BD38B504460D46002100F8011BF9
:10B05000102212F043FB6582204638BDB1F8E92189
:10B060000280B1F8EB214280B1F8ED218280B1F885
:10B07000EF21C28070470B88A0F8E9314B88A0F817
:10B08000EB318B88A0F8ED31CB88A0F8EF31704719
:10B09000B0F858220346F3B40021C0F85011501CF8
:10B0A000A3F860014748C3F858014748C3F85C015A
:10B0B00003F5B270C3F854014448C3F8640144482E
:10B0C000444DC3F8680103F5B870C3F86C01571D0F
:10B0D000D01CA3F8D501A3F8DD7128883E4FA3F852
:10B0E000D70103F5EA70B7F800C0C3F87801C3F8D8
:10B0F000845103F5C07003F5ED75C3E96215C3F81B
:10B100007C01A3F8DFC13548354D364C364EC3F8C7
:10B11000905103F5EE7C0225C3F898C103F5D07C6D
:10B12000C3E967C0C3F87061C3F87441C3F8800114
:10B13000A3F8DA11C3F89441A3F8E21183F8DC51C3
:10B1400003F5D871C3F8A471C3F8B061274EC3F8F2
:10B15000AC1103F5F171C3F8A8113188A3F8E71118
:10B1600003F5F271C3F8B81103F5E071C3E96F108C
:10B170001F49C3F8B4410868496883F8E4516C4634
:10B1800003C46C4603CC03F2E917C3F8ED1103F5D1
:10B19000E871C3E9727107321649C3F8E90192B246
:10B1A00003F5A870A3F85822A3F8E521C3F8C461F9
:10B1B000C3F8D01183F8D451A3F8622102B0F0BCD7
:10B1C000F6F7FCBFFDB60500F1B505006C1D0700E4
:10B1D000641D0700621D07005C1D070005000001DB
:10B1E000F80008015E1D0700020000016A1D07004B
:10B1F0000832070008000001B0F85812394A4B1C09
:10B2000070B5A0F80432384BC0F8FC31374BC0F8A9
:10B21000003200F50273C0F8F831354BC0F808323F
:10B22000344BC0F80C3200F50573C0F81032324BC5
:10B23000C0F81432CB1C044600259BB2C0F8F45170
:10B24000A0F85832A0F849321088A4F84B022B48D5
:10B25000C4F8180204F51270C4F81C0204F5097051
:10B26000C4F820022648C4F83452C4E9890204F51F
:10B270000D72C4E98B52234AC4F8382294F8442151
:10B2800002F17A0004EB4000C4F83C0204F51170AE
:10B29000C4F840021C48C4F84402202084F8480244
:10B2A000062000FB02400226A0F87C30A0F87E6059
:10B2B00080F8805004EB420031440132A0F81C11A8
:10B2C00084F8442104F5FA70A4F80632F6F776FF04
:10B2D00094F844010D4A04F17C01BDE87040F6F792
:10B2E000ADBB00BF6E1D0700FDB60500F1B5050042
:10B2F0006C1D0700681D0700020000015E1D0700AD
:10B3000005000001601D07000200201185B905003D
:10B3100090F85A3210B504464BB9012380F85A32DE
:10B32000FFF7B6FE2046BDE81040FFF765BF10BD31
:10B3300010B504460348F6F73BFF2046BDE8104031
:10B34000FFF7E6BFF9B90500D0F8480100B970472A
:10B35000838D8B42FBD0806AF8E730B50023062549
:10B36000137090F844419C4201D8002030BD05FB89
:10B370000304B4F87C408C4202D00133DBB2EFE727
:10B380000120F3E737B515460DF107020446FFF734
:10B39000E4FF30B19DF8073004EB4304B4F81C31EE
:10B3A0002B8003B030BD38B5044640680D4610B15F
:10B3B00003689B689847E069206200B938BDC3689C
:10B3C00029469847236A002BF5D01869F4E738B569
:10B3D000044640680D4610B10368DB689847A06AD0
:10B3E000E06200B938BDC36829469847E36A002B7C
:10B3F000F5D01869F4E738B50446406808B96060CC
:10B4000038BD056914210BF013F92846F6E7000052
:10B4100010B5034B03600446FFF7EDFF204610BD57
:10B420000032070010B50446FFF7F2FF20460C215A
:10B430000BF0FEF8204610BD38B50446406808B948
:10B44000606038BD056914210BF0F2F82846F6E774
:10B4500010B5034B03600446FFF7EEFF204610BD16
:10B46000D031070010B50446FFF7F2FF20460C214B
:10B470000BF0DEF8204610BD38B50446406808B928
:10B48000606038BD056914210BF0D2F82846F6E754
:10B4900038B50446406808B9606038BD05691421B4
:10B4A0000BF0C6F82846F6E710B50A4B044640F8FC
:10B4B000303BFFF7ADFF04F12400FFF75BF804F128
:10B4C0001800FFF76DF804F10C00FFF7C1FF2046EC
:10B4D00010BD00BF183207000022C0E9012202613E
:10B4E000014A0160C260704721B005002B4B70B566
:10B4F00003602B4B0025C0E903352A4B4560C0E9AA
:10B500000635294B0581C0E90935284B0446C0E9B9
:10B510000C3529463C30FFF7DFFF294604F1500087
:10B52000FFF7DAFF294604F16400FFF7D5FFA567AE
:10B5300004F1820304F1FA0223F8065C23F8045CA8
:10B5400003F8025C06339A424FF00006F4D1282239
:10B55000002104F1F40012F0C1F82822002104F5C2
:10B560008E7012F0BBF884F84451C4F8485184F846
:10B570004C61A422002104F5A87012F0AFF85C22FF
:10B58000002104F5FA7012F0A9F8C4E99455A4F862
:10B59000585284F85A62204670BD00BF1832070026
:10B5A000D0310700E0310700F0310700003207001A
:10B5B00010B50B4C2368BFF35B8FDB070ED420461E
:10B5C0000AF022FE50B10748FFF790FF064A0749EC
:10B5D00004480AF006FE20460AF038FE014810BD75
:10B5E000A0460120B846012000600020A9B4050053
:10B5F0002DE9F04F87B00F461D46DDE9119ABDF8E1
:10B60000408006461446FFF7D3FF3946FFF79CFEFD
:10B610000346A8B15A69143092B1002203921B6A02
:10B6200005920196ADF80870ADF80A50ADF80C809F
:10B63000CDF8109001A998479DF8140000283BD13F
:10B64000BAF80C3008EB050B9B4505DD29492A4863
:10B6500040F2CB420AF0DCF9162C2CD002F038FB79
:10B66000DAF8040042464946284412F00FF89AF8E6
:10B670000E301A0744BFDAF80830A3F800B002F021
:10B6800029FB522C30D01AD8182C2FD030D8A4F146
:10B6900012035A425A410196ADF808708DF80A20FB
:10B6A000ADF80C50ADF80E80CDF81090FFF780FF8C
:10B6B00001A9FFF778FE002007B0BDE8F08FD22C7B
:10B6C00016D1FFF775FF836F63B1FFF771FF846FCA
:10B6D00023683046D3F800A0F7F75EFE31460246F5
:10B6E0002046D0470322D6E70222D4E70622D2E73B
:10B6F0000022D0E71F3107006A3107002DE9F04131
:10B7000086B00E46DDF8308007461D46FFF750FF35
:10B710003146FFF719FE002846D0046834B3B8F864
:10B720000C3001970024CDE903440594ADF80C30AA
:10B73000ADF80860C368ADF80A5001A998479DF8B4
:10B7400014405CBB0499D8F8040079B1BDF80C2012
:10B75000B8F80C30934225D311F098FFBDF80C30A7
:10B76000D8F80820AB4238BF07241380D8F8083037
:10B77000ADF80860ADF80A501B88ADF80C30002C0D
:10B78000D8F8043004930CBF0023032301978DF8ED
:10B790001430FFF70DFF01A9FFF719FE204606B090
:10B7A000BDE8F0810E24E1E70446DFE7F0B504468A
:10B7B000406887B00E4610B103681B69984704F1D2
:10B7C0003007656BA563002D4FD13846FFF713FE98
:10B7D00004F10C00258184F85A52FFF72DFE04F184
:10B7E0001800FFF749FE04F12400FFF751FE294637
:10B7F00001A8FFF771FE01A904F13C00FFF715FC59
:10B80000294601A8FFF768FE01A904F15000FFF7DF
:10B810000CFC294601A8FFF75FFE01A904F16400B2
:10B82000FFF703FCD4F8505245BBD4F8545285BB03
:10B83000B4F86001F6F7E2FCB4F80402F6F7DEFCB7
:10B84000D4F8880111F0BAFE2846154AA4F85852D7
:10B8500084F8445184F84C51C4F8485104F17C01F7
:10B86000F6F7ECF8284607B0F0BDEB6831462846FD
:10B870009847A36B002BA4D01D69A3E76B69288AA6
:10B88000C4F85032F6F7BAFC182128460AF0D0FE68
:10B89000C8E72B68C4F85432284611F08FFEC4E77D
:10B8A00085B9050038B504460D466068A06000B94A
:10B8B00038BDC36829469847A368002BF5D018699E
:10B8C000F4E7000003297FB5044616461D4613D051
:10B8D000042935D001290DD1406830B1ADF80C30C4
:10B8E000036802925B6802A99847012104F10C00E9
:10B8F000FFF7D8FF04B070BD0DF106021946FFF73F
:10B9000041FD28B940F2DF621C491D480AF080F869
:10B91000606850B1BDF80630ADF80E30036802968D
:10B920005B69ADF80C5002A99847E36B04F13C0049
:10B93000002BDFD0A36C294604B0BDE87040184747
:10B940000DF106021946FFF71DFD10B94FF4DE6236
:10B95000DAE7606850B1BDF80630ADF80E30036824
:10B9600002969B69ADF80C5002A99847236D04F12B
:10B970005000002BBED0E36DDDE700BF1F31070094
:10B980008831070013B5C38813F0030F044614BFB2
:10B99000032104210191FFF70BFEA388228801995E
:10B9A00002B0BDE81040FFF78DBF10B54388162BDD
:10B9B00004460AD1FFF7FCFD406888B10368E289BC
:10B9C00021881B68BDE810401847122B08D1FFF7EB
:10B9D000EFFD638922880121BDE81040FFF772BFA7
:10B9E00010BD000008B542F602110248FFF72AFB1D
:10B9F00008BD00BFA44601201FB50190FFF7DAF88B
:10BA0000FFF7C8FA002301998DF80C3003AAFEF75E
:10BA100081FB38B99DF80C30042B18BF052005B008
:10BA20005DF804FB0520FAE7D0E90320B2FBF0F053
:10BA30007047C06880087047836803EB810233F861
:10BA40002130002063F30F00538882B063F31F405E
:10BA500002B07047037CC06890FBF3F07047037C32
:10BA6000C06890FBF3F07047002070477047704744
:10BA70007047704708B5044B1B680846C0B29988E8
:10BA8000F5F779FC002008BD5863002010B5C8B256
:10BA90001446F4F767FF2080002010BD07B5084664
:10BAA000114601920023120C89B2C0B2F5F710FCC6
:10BAB000002003B05DF804FB70B586B000240A9D39
:10BAC00002942E680196AD880592084611460095AD
:10BAD000120C89B2C0B2F5F7D4FC204606B070BD96
:10BAE00030B51C7885B0C8B2039291B2120C54B92B
:10BAF00003F1120402230025CDE90045F5F7F2FC1D
:10BB0000284605B030BD5C1C1023F4E708B5084694
:10BB1000C0B21146F5F7F4FB002008BD08B5084691
:10BB2000C0B211461A460023F5F70AFD002008BDF1
:10BB300008B51346084612681979C0B2F5F71AFD20
:10BB4000002008BD30B51C7885B0C8B2039291B210
:10BB5000120C54B903F1120402230025CDE900456B
:10BB6000F5F733FD284605B030BD5C1C1023F4E723
:10BB700008B5084611461A46C0B21B689288F5F708
:10BB8000D7FB002008BD08B5084611461A46C0B2CA
:10BB90001B689288F5F776FE002008BD13B50446B1
:10BBA000084611461A6800929B886268C0B2F5F791
:10BBB000FDFD636800200133636002B010BD30B545
:10BBC000002485B0CDE90144084611461A46089B79
:10BBD0001D6800959B88C0B2F5F777FE204605B03A
:10BBE00030BD08B50846C0B21146F5F7B0FE0020DA
:10BBF00008BD10B5142104460AF01AFD204610BDF8
:10BC000010B5102104460AF013FD204610BD10B5F2
:10BC1000142104460AF00CFD204610BD10B5142175
:10BC200004460AF005FD204610BD70B50B698D680D
:10BC300004465A430020A070A082AB18AA5A228062
:10BC40004A79012A86B01BD15D888DF8040001462F
:10BC500010220DF1050011F041FD05AEADF81650B2
:10BC6000A31C01AD2A4603CAB242186059601546AA
:10BC700003F10803F6D128681860204606B070BDAD
:10BC800001228DF80420991C0DF10502123351F8A0
:10BC9000040B42F8040B9942F9D1BDF81130ADF80C
:10BCA000163001ADA31C05AE2A4603CAB242186085
:10BCB0005960154603F10803F6D1DCE710B5064BD1
:10BCC000044640F8183BD2F763FC04F10800D2F7B1
:10BCD0005FFC204610BD00BFD432070013B51830FA
:10BCE00088420C4606D00190D2F752FC01982146BA
:10BCF000FEF7DFFC02B010BD13B5083088420C46D9
:10BD000006D00190D2F744FC01982146FEF7D1FC01
:10BD100002B010BD4160704738B50D4D2C68BFF3BF
:10BD20005B8F14F0010410D128460AF06DFA60B15F
:10BD30000848094B094A0A494461C0E90034446291
:10BD40000AF04FFA28460AF081FA024838BD00BFCF
:10BD50001449012018490120D43207000060002056
:10BD6000BDBC0500436913B11B6808301847704714
:10BD700037B50546C07898B1FFF7CEFFAB78698933
:10BD8000EA78ADF802105B0001248DF804202988C0
:10BD90008DF800406A468DF80130FFF7E3FF20463A
:10BDA00003B030BD13B54388092B04460BD1FFF710
:10BDB000B3FF132321888DF8043001AAFFF7D2FFC7
:10BDC000012002B010BD0020FBE713B543880C2B07
:10BDD00004460BD1FFF7A0FF192321888DF804300A
:10BDE00001AAFFF7BFFF012002B010BD0020FBE752
:10BDF000436A13B11B6818301847704710B5C378F1
:10BE0000712B044606D1FFF787FF2188FFF7F0FF6B
:10BE1000012010BD0020FCE770B54388162B0446B6
:10BE200011D1FEF7C7FEFEF7E5FC03685B6D98478E
:10BE300020B10368E2891B68218898472046BDE845
:10BE40007040FFF7B2BD83780A2B0FD1FEF7B2FE28
:10BE5000FEF7D0FC03685B6D98470028EED00368BE
:10BE600062895D682188E378A847E7E7054E0E25DB
:10BE700056F8043B2046984710B9013DF8D1DDE75C
:10BE800070BD00BF1C330700002A08B5C0E90012CE
:10BE900005DA0749074840F2752209F0B9FD29B9CA
:10BEA00022B10349044840F27622F6E708BD00BFFC
:10BEB0001C320700473207005232070038B50B7CAE
:10BEC000044688685A438118825A4D88228004317A
:10BED0001A1F201D6580FFF7D7FF204638BD10B51B
:10BEE0000B7C04465A4388688118825A20460231E6
:10BEF00020F8042B9A1EFFF7C7FF204610BDF0B5AF
:10BF000043880D2B87B004461AD1FFF705FF22891D
:10BF1000616826886789054601A8FFF7B5FF1B23DE
:10BF20008DF80C30019B04932846029BADF80E70EF
:10BF300003AA31460593FFF715FF012007B0F0BDB6
:10BF40000020FBE7F0B543880E2B87B004461AD1DA
:10BF5000FFF7E2FE2289616826886789054601A805
:10BF6000FFF792FF1D238DF80C30019B04932846A8
:10BF7000029BADF80E7003AA31460593FFF7F2FE5F
:10BF8000012007B0F0BD0020FBE7F0B543880B2B84
:10BF900087B004461DD1FFF7BFFE2289616826885D
:10BFA000678905466846FFF76FFF17238DF808304D
:10BFB0000023ADF80C30009B04932846019BADF89C
:10BFC0000A7002AA31460593FFF7CCFE012007B0A4
:10BFD000F0BD0020FBE70000F0B54388082B89B0D6
:10BFE00004461ED1FFF798FE6168228911F8017B93
:10BFF00026880546013A01A8FFF746FF11238DF870
:10C000001030094B0393019B05932846029B06932E
:10C0100004AA31468DF81C70FFF7A4FE012009B078
:10C02000F0BD0020FBE700BFBC32070070B54388BD
:10C03000072B86B0044617D1FFF76EFE2289616890
:10C040002688054601A8FFF71FFF0F238DF80C3047
:10C05000019B04932846029B059303AA3146FFF7F0
:10C0600081FE012006B070BD0020FBE770B543885B
:10C07000062B86B0044617D1FFF74EFE2289616871
:10C080002688054601A8FFF7FFFE0D238DF80C302A
:10C09000019B04932846029B059303AA3146FFF7B0
:10C0A00061FE012006B070BD0020FBE770B543883B
:10C0B000052B86B0044617D1FFF72EFE2289616852
:10C0C0002688054601A8FFF7DFFE0B238DF80C300C
:10C0D000019B04932846029B059303AA3146FFF770
:10C0E00041FE012006B070BD0020FBE7F0B543889B
:10C0F000042B89B004461ED1FFF70EFE6168228929
:10C1000011F8017B26880546013A01A8FFF7BCFE1D
:10C1100009238DF81030094B0393019B05932846A2
:10C12000029B069304AA31468DF81C70FFF71AFE95
:10C13000012009B0F0BD0020FBE700BFA4320700DA
:10C1400070B54388032B86B0044619D1FFF7E4FD90
:10C1500022896168268805466846FFF795FE072311
:10C160008DF80C30074B0293009B04932846019BEB
:10C17000059303AA3146FFF7F5FD012006B070BD17
:10C180000020FBE78C320700F0B54388022B89B012
:10C19000044623D1FFF7C0FD6168228911F8016BC5
:10C1A00027880546013A01A8FFF76EFE05238DF8A2
:10C1B00010300B4B0393019B0593012E029B0693BA
:10C1C00028460CBF0423122304AA39468DF81160B7
:10C1D0000793FFF7C7FD012009B0F0BD0020FBE782
:10C1E00074320700406803685B6818470120704795
:10C1F00070B501F10804064605460FCC0FC523684B
:10C200002B60304670BD0020704703468A898868DD
:10C2100018609A8018467047BF207047FB2070470F
:10C22000022070474160704740687047704710B502
:10C230000C46F3F7FBF8E4B20123A340184001EAEF
:10C24000E371084314BF0120002010BD08B5034668
:10C25000086898608A889A810846F9F72DFB0020C3
:10C2600008BD07B5009200220B4610460321F7F7E0
:10C27000E5FA002003B05DF804FB07B50B46009219
:10C28000032101220020F7F7D9FA002003B05DF85E
:10C2900004FB000038B5094D0124AB7DE1B233B198
:10C2A0006B7D012B03D100220320F8F7D7FE013468
:10C2B000062C05F13005F0D1002038BD343D0120B9
:10C2C00008B5D2B2C9B20320F8F7C8FE002008BDF5
:10C2D00037B59DF818509DF81C40ADF806208173C5
:10C2E00001AA0DF106010120ADF80430F9F7BAFEFC
:10C2F0002846F9F7E9FE21460120F9F717FB00204F
:10C3000003B030BD13B50446A9B1BDF810100191BA
:10C310000A214B434FF6FF718B4228BF0B469BB25D
:10C3200000930021D3B200F10F02807CF9F752FE96
:10C33000002002B010BDF9F783FE012384F84430D9
:10C34000F6E77FB51C469DF828609DF8205008460A
:10C350001146F8F7C3FEE1B20220F9F7E7FA3046DA
:10C36000F9F748F8BDF82C30ADF80430BDF830309E
:10C37000ADF80630BDF83430ADF80830BDF83830CF
:10C38000ADF80A30BDF83C30ADF80C3001A8BDF86E
:10C390004030ADF80E30F8F7E9FE099B2A4601213E
:10C3A0000320F9F719F800280CBF0C20002004B076
:10C3B00070BDF3F72FB808B5F9F790FA002008BD63
:10C3C00007B50846C0B2694681E80C00F9F782FA61
:10C3D000002003B05DF804FB07B50846C0B269460B
:10C3E00081E80C00F9F778FA002003B05DF804FB4F
:10C3F000F0B5CDB285B0284617461E46F8F7A0FF27
:10C400000446D0B9BDF82830ADF80830BDF82C305E
:10C41000ADF80A30BDF83030ADF80C302846BDF824
:10C420003430ADF8047001A9ADF80660ADF80E30F7
:10C43000F8F72CFE204605B0F0BD0620FBE71FB53F
:10C44000ADF80630BDF81830ADF80830BDF81C3036
:10C45000ADF80A300846BDF82030ADF80C3001A91F
:10C46000BDF82430ADF80420C0B2ADF80E30F8F7B6
:10C47000A1FE002005B05DF804FB08B50846C0B277
:10C48000D1B2F8F7B3FE002008BD38B50D464FF025
:10C4900008010446FFF7CBFE20B1E8B2F9F726FB0E
:10C4A000002038BD4FF00B012046FFF7C0FE0028EA
:10C4B000F3D10220F5E713B512781B789DF81040F0
:10C4C000C8B2B2FA82F149090BB941F002010094F5
:10C4D000F9F721FB002002B010BD10B51C21044665
:10C4E0000AF0A6F8204610BD08B508461146F7F731
:10C4F0003DFA002008BD13B5084614469DF81010FB
:10C5000001930090F8F7BCF8019A00982146F8F7DB
:10C51000A3F80098F7F7DAFF002002B010BD1FB5AE
:10C520000846194614460390F8F786F8079B0398C7
:10C53000009300229DF81830E1B2F7F77FF9002050
:10C5400004B010BD1FB50846194614460390F8F70D
:10C5500073F8079B0398009301229DF81830E1B20D
:10C56000F7F76CF9002004B010BD08B50846114675
:10C57000C9B21A46029BF7F7BDFF002008BD08B5F7
:10C58000104619B1F7F7D8FF002008BDF7F7E8FF0C
:10C59000FAE7F2F767BF08B5F2F76AFF032828BF8A
:10C5A0000320C0B208BD08B50846F7F7B9F9002066
:10C5B00008BD08B5F7F7C8F9002008BD37B514461F
:10C5C00000200A4603211D46F9F7B5F9BDF82030D1
:10C5D0000093069ABDF81C30E9B22046FAF76EFBCC
:10C5E00020B1034B1880002003B030BD0C20FBE7C6
:10C5F0004449012008B5C8B2FAF7A0FB002008BDE5
:10C6000008B50846C0B211461A46FAF7ABFB00203F
:10C6100008BD08B50846C0B211461A46FAF7A4FB91
:10C62000002008BD08B5FAF7A1FB002008BDF2F70D
:10C6300025BF1FB5134671B1827B8DF80F200021F5
:10C64000CDE900110DF10F020120F9F7C3FC002024
:10C6500005B05DF804FBF9F7F3FCF8E708B50978D5
:10C660001278B1FA81F040090AB940F00200F9F7F6
:10C6700050FA002008BD000010B5044B044640F8F5
:10C68000483BD1F785FF204610BD00BF743307003B
:10C6900037B50546483088420C460CD00190D1F79A
:10C6A00077FFE3686B6533B15B680198214603B09F
:10C6B000BDE83040184703B030BD2DE9FF4100F11F
:10C6C000140600F1540400270DF108081036A642A4
:10C6D00003D1002004B0BDE8F0816846FDF7E5FF16
:10C6E0008DF806708DF80D706A46A6F11003154698
:10C6F00003CD4545186059602A4603F10803F6D179
:10C7000028681860AA889A80E0E700220260828088
:10C710000A6802608A888280704710B50446F2F782
:10C7200075FE01462046FFF7F0FF204610BD037856
:10C73000C3F38002C3F34000104403F00103184424
:10C74000704773B50446C8B215468DF80430069E8E
:10C75000F9F7BAFC01A8FFF7EAFF04F10F02002382
:10C7600083420DD39DF80400A074DDE90712F9F7A8
:10C7700079FCE9B20120F9F7D9F8002002B070BDC8
:10C78000F15C02F8011B0133EAE72DE9F04F8BB0B1
:10C790000DF150080F4618F8044FDDF874B0164636
:10C7A0002046DDE916121D46DDE91B9AF8F7ACFCC0
:10C7B000F9B20220F9F7BAF8F0B2F8F71BFE4046DA
:10C7C000FFF7B5FF01AA00231146834202F10C02D4
:10C7D0000FD32046F8F7CEFC149BEAB22146032083
:10C7E000F8F7FAFD00280CBF0C2000200BB0BDE8C4
:10C7F000F08F189E36F8136022F80C6C199E36F8EC
:10C80000136022F80A6C1A9E36F8136022F8086C3E
:10C8100039F8136022F8066C3AF8136022F8046CB9
:10C820003BF8136022F8026C0133CEE7436D13B17D
:10C830001B68483018477047F8B516480568BFF3BD
:10C840005B8F15F0010523D109F0DEFC00B3124C1B
:10C85000124B04F10800C4E9003504F11407FDF798
:10C8600024FF0326A573A5743846FDF71EFF013E7D
:10C87000BD717D7307F11007F6D1094A09490648D1
:10C8800084F84460666509F0ACFC024809F0DEFCFF
:10C890000148F8BD40490120484901207433070090
:10C8A0000060002079C605002DE9F04F8378272B22
:10C8B00093B0044647D1FFF7BFFF2388019304F1EB
:10C8C0000A01054607A894F804B0B4F808A003AE1E
:10C8D000FFF71BFF04F1170105A8B4F81090B4F896
:10C8E0001280A78AFFF711FF04F11D013046FFF700
:10C8F0000CFF019B07980A93BDF82030CDF82E005D
:10C90000ADF832300598BDF818308DF825B0012407
:10C910008DF82440ADF82CA0ADF83490ADF83680F9
:10C92000ADF83870CDF83A00ADF83E3096E8030027
:10C930001090ADF84410284609A9FFF777FF20466C
:10C9400013B0BDE8F08F0020FAE71FB58378282BDD
:10C95000044612D1FFF770FF21792288237A8DF8DF
:10C960000510052401A98DF8044002928DF80C30C1
:10C97000FFF75CFF012004B010BD0020FBE77FB58E
:10C980008378292B044618D1FFF756FF2189267991
:10C9900025886289A389ADF80810032469468DF8BB
:10C9A00000408DF801600195ADF80A20ADF80C301B
:10C9B000FFF73CFF012004B070BD0020FBE77FB50E
:10C9C0008378402B044618D1FFF736FF218926884B
:10C9D000E5886289A389ADF80A10042469468DF8B8
:10C9E00000400196ADF80850ADF80C20ADF80E30BF
:10C9F000FFF71CFF012004B070BD0020FBE770B5FD
:10CA00000246002392F82160D57E022E1C4603F1D7
:10CA1000010305D1A94203D1143000EB041070BD0D
:10CA2000032B02F11002EDD10020F8E710B5024609
:10CA3000002392F82140022C06D1D469A14203D1EF
:10CA4000143000EB031010BD0133032B02F1100270
:10CA5000EFD10020F7E770B50246002392F821607D
:10CA6000D57E012E1C4603F1010305D1A94203D155
:10CA7000143000EB041070BD032B02F11002EDD155
:10CA80000020F8E730B50D4689B051B30021FFF71B
:10CA9000E2FF0446B8B1037B0290827901928B4297
:10CAA00014BF0B464FF4A063009114BF042201226F
:10CAB00003200D46F8F7CAFDA06020B3022363737C
:10CAC000284609B030BD8DF81400ADF81C008DF873
:10CAD000180006AB07AA05A90120F6F7D7FE2046E5
:10CAE000EFE7FFF78CFF044630B1017A16220320EE
:10CAF000F8F7B4FA6573E3E78DF81C0007A9012085
:10CB0000F6F7F0FEEBE70C20DBE72DE9F04F032A08
:10CB10008BB0824691469B4670D8002951D10C4675
:10CB20000D460F46A14552D808A92846F6F7DAFE69
:10CB300032E0149B1BF8041033F814307343BB42EB
:10CB400028BF3B4650460593FFF785FF059B0546EA
:10CB500020B3027B0290002A8279019208BF4FF431
:10CB6000A0634FF0000200929BB20CBF012204228E
:10CB70000320F8F76BFDA86018B90C200BB0BDE8D6
:10CB8000F08F02236B730134A145D2D807AB08AAFA
:10CB900006A94046F6F77AFE0020EFE708F12802E2
:10CBA0006A4402F8101C1599095D02F80C1C0AAAC7
:10CBB00002EB480208F1010822F8083C5FFA88F805
:10CBC000E1E70024A0460A264FF6FF77DCE71BF8D2
:10CBD00004105046FFF713FF064638B1017A1622BB
:10CBE0000320F8F73BFA777301349BE705F128033C
:10CBF0006B44013503F8081CEDB2F5E70420BDE7EE
:10CC000090F8213033B190F831303BB190F8413099
:10CC100033B90223143000EB031070470123F9E706
:10CC20000020704782B070B5064614460593FFF7A2
:10CC3000E6FE9DF81C50014620BB3046FFF70BFF77
:10CC4000034698B1012C01D0042C09D19D71DDE976
:10CC50000501221F54425441186099801C7300E062
:10CC600041730020BDE8704002B07047012C01D034
:10CC7000042CF6D13046FFF7C3FF034620B1012252
:10CC80004273E3E70620EDE70C20EBE72DE9F047E0
:10CC90009DF820A09DF82C900A9E9DF824709DF888
:10CCA000308005460020DCB2F6F77CFE5046F6F7F1
:10CCB0009BFE49460020F6F789FE41460020F8F722
:10CCC00035FE33463A4621460020F6F797FD8DF8AB
:10CCD0002470B388ADF820303368224628460021FE
:10CCE000BDE8F047FFF79EBF2DE9F04F2DED068B15
:10CCF00083B09E469DF96030DDF848C09DF84CA099
:10CD00009DF850B09DF85470169E9DF85C9009EE09
:10CD1000103A9DF86430904608EE900A9DF8742011
:10CD2000C8F3800009EE903A9DF86830019018F041
:10CD3000100FC8F300100AEE103A0AEE902A08EE1F
:10CD4000100A0C469DF86C30019808F00102C8F3F7
:10CD50004001C8F3C00513D048B915B9002A62D004
:10CD6000C1B9042003B0BDEC068BBDE8F08F0029EB
:10CD7000F7D1002AF5D0002D0CBF0425012509E0CC
:10CD8000002854D1002DECD1002A4CD0002914BF2A
:10CD9000002505251FFA8CF21FFA8EF1204601931B
:10CDA000F6F700FE5846F6F71FFE51462046F6F706
:10CDB0000DFE4A4600212046F8F7BDFD1AEE901AF6
:10CDC0002046F7F729FC019B1AEE102A19EE901A5B
:10CDD0002046F7F70BFC19EE102AC8F38011204605
:10CDE000F7F7F2FB18EE101A2046F7F7CDFBC8F361
:10CDF00040112046F7F7D8FB33463A4629462046ED
:10CE0000F6F7FCFC8DF84C70B388ADF84830336809
:10CE100018EE900A2A46214603B0BDEC068BBDE809
:10CE2000F04FFFF7FFBEC1F10301CDB2B2E712B17F
:10CE30000029A0D095E78D1DACE700002DE9F04F4B
:10CE4000044697B0002854D002880B92FFF7F4FCF8
:10CE5000A37845680B9A213B352B41D8DFE813F0C6
:10CE6000910098004000E100DA0040008001570185
:10CE700040004000400040004000400040004000B2
:10CE800040004000400040004000400040004000A2
:10CE90004000400040004000400040004000480189
:10CEA000400040004000360040004C00AE00BB0097
:10CEB0009D00E100ED0001014000400051004000F4
:10CEC00089004000400040004000760045B12B68DA
:10CED0001E68637A8DF80030237AE1782846B047DF
:10CEE0009D4E062556F8043B2046984708B9013D5B
:10CEF000F8D117B0BDE8F08F002DF1D02B689E68F7
:10CF0000E7E7002DECD02B6894F804801F69934B61
:10CF100094F809901A88237A0C9214AE04F10A014D
:10CF200030460B93FFF7F1FB217C608A94F814C024
:10CF30008DF810C003908DF80810DDE90B320196D2
:10CF40008DF8009041462846B847C9E7002DC7D064
:10CF50002B68E2685E69637A0292A27A01928DF888
:10CF6000003094F9073094F90620A1882846B0478C
:10CF7000B6E7002DB4D02B68A1889B692846984756
:10CF8000AEE7002DACD02B689B6A28469847A7E7F0
:10CF9000002DA5D02B68DB6AF7E7002DA0D02B6809
:10CFA000277994F805809E6BA11D14A8FFF7ADFBAF
:10CFB00014AB424639462846B04791E7002D8FD042
:10CFC0002B6822791E6B611D14A8FEF75DFF14A962
:10CFD0002846B04784E7FFF72FFC6179FFF70FFD84
:10CFE00008B100234373002D3FF47AAF217969B96A
:10CFF000E2884FF6FF739A420AD023882A68566B5C
:10D00000227A009262792846B04769E70023F5E763
:10D010000B46F3E7002D3FF463AF2B68E1781B6A02
:10D0200005E0002D3FF45CAF2B68E178DB69B1FAD5
:10D0300081F149092846984752E725B9FFF7FCFBDB
:10D0400080F844504CE7FFF7F7FB90F844302BB1E1
:10D05000FFF7F2FB002380F84430DEE72B685B6AC1
:10D0600093E7002D3FF43CAFA379A67B8DF84030C9
:10D070008DF844602A6894F80490D2680B92FF2BD4
:10D0800004F1070112A80CBF002710AFFFF73DFB0A
:10D0900094F80DA006B111AEE37B0C930DF150088E
:10D0A00094F9113094F910200D9304F11501638A5D
:10D0B00094F814B00F9240460E93FFF726FB216AB6
:10D0C0000E9B0991217F05930D9B04930C9B0F9A56
:10D0D0000392CDE90781CDE9016328468DF818B0A8
:10D0E0000B9D8DF800A012AB3A464946A847F7E6DB
:10D0F000002D3FF4F5AEA2892B680192628900925F
:10D100001E6CE288238921882846B047E8E6237907
:10D110003C2B7FF4E5AEFFF78FFB2188FFF786FC01
:10D12000064600283FF4DCAE00274773002D3FF48D
:10D13000D7AEFFF781FB4FF00C01FFF778F82B68B3
:10D1400000283FF428AFD3F83480F2790097217992
:10D150003B462846C047C3E6443407004449012003
:10D16000FFF76AFB2188FFF761FC00283FF4B8AEA7
:10D1700000234373B4E600BF70B58378262B8CB0D0
:10D18000044628D1FFF758FBA37A8DF8003004F14C
:10D190000C01E37A8DF8013006460DF10200FFF72D
:10D1A000B4FA227A616802A8FEF76EFE637A8DF8FF
:10D1B000103002238DF818306D46084B05930FCDC3
:10D1C00007AC0FC42B682360304606A9FFF72EFB7F
:10D1D00001200CB070BD0020FBE700BF5C330700EE
:10D1E00013B50C46FEF7E4F901466846FDF736FF35
:10D1F000009B2360019B6360002002B010BD07B557
:10D200000191FEF7D5F90199FDF735FF002003B034
:10D210005DF804FB002070474160704708B5F8F7DF
:10D22000E1FD002008BD38B5054608462C7A34B922
:10D230002146F8F7A3FE01232B72204638BD0620B5
:10D24000FCE7034610B55C7A0846114624B922462D
:10D25000F8F7DAFD204610BD0620FCE708B5F2F726
:10D26000F7F8003818BF012008BD08B50846F8F7E0
:10D270004FFE002008BD10B50C46F2F7E9F820B1CA
:10D28000A0B2F8F75BFE002010BD0220FCE7F2F729
:10D29000D9B830B585B0CDB203920293F2F7D8F881
:10D2A00088B1DDE902210024089B02912846CDE9DE
:10D2B0000044F8F7CBFD284602990122F8F740FE1A
:10D2C000204605B030BD0220FBE737B50C46019281
:10D2D0001D46F2F7BDF838B1E0B20199EAB2F8F7AD
:10D2E0002FFE002003B030BD0220FBE713B50C4633
:10D2F0000192F2F7ADF838B1E0B201990022F8F7E7
:10D30000D7FD002002B010BD0220FBE708B5F2F700
:10D310009FF818B1F8F7EAFD002008BD0220FCE7ED
:10D3200010B50446FDF7C1F920460621F3F7A8F928
:10D33000637903F03F036371204610BD00487047D6
:10D34000DC63002037B5034620B916491648CE22C3
:10D3500008F05EFB82781549382A4C6806D03A3AC4
:10D36000022A1DD8BCB9012003B030BD00220A72C8
:10D37000002CF8D022681568C27842B940681B8931
:10D380000090ADF8043069462046A847EBE76846B0
:10D39000FDF78BF9F7E7236820465B689847E2E7DB
:10D3A0000020E1E76C340700C8340700DC6300208C
:10D3B00070470020087070470220704702207047B5
:10D3C00021B101230372C160002070470172FBE7A5
:10D3D000024B1B6800201971704700BF5C6300207E
:10D3E000CB1F092B07D8914205D8044B1B6800209E
:10D3F00059719A7170470420704700BF5C63002028
:10D40000416070474068704710B500240472C460E2
:10D41000047414222146543010F060F9204610BDE7
:10D4200008B50846C0B21146F7F7F6FE002008BD61
:10D4300008B50846C0B2D1B2F9F7BDFA002008BD60
:10D44000F0B589B0002301ACCDE90533ADF81C304F
:10D4500002F1100713460E46224618685968254601
:10D4600003C50833BB422C46F7D1F0B20321F9F7CC
:10D470005FFA002009B0F0BDF0B589B001AD1446E7
:10D4800002F1100C0F462A46206861682E4603C63A
:10D49000083464453546F7D1186859680E9B05ACC9
:10D4A00003C49DF83C101B88ADF81C300131F8B264
:10D4B000C9B2F9F73DFA002009B0F0BD08B5084639
:10D4C00000231A461946C0B2F9F786FA002008BDB3
:10D4D00010B508469DF8081049B95C1CE4B2134623
:10D4E00001212246C0B2F9F777FA002010BD0324CB
:10D4F000F5E710B500F1310301F11002184651F8BB
:10D50000044B43F8044B9142F9D1F9F7E1F80020BC
:10D5100010BD08B5084682F00101F9F7E5F80020D2
:10D5200008BD37B50B4600F141041146204603F112
:10D53000100253F8045B44F8045B9342F9D1019163
:10D54000F9F7BAF8FEF7E8FB0199FEF7E3FB0020D4
:10D5500003B030BDF7B514461A464B1E042B0E46D9
:10D560002CD800EB81073D6D9DB104F1100354F8F8
:10D57000041B45F8041B9C42F9D1F0B2396D0190AF
:10D58000F5F7F8FE01980899F5F7FEFE002003B0C4
:10D59000F0BD0B490192102009F046F8019A40B104
:10D5A000034604F1100154F8045B43F8045B8C4219
:10D5B000F9D138650028E0D10720E8E70420E6E744
:10D5C0000C4F070038B54B1E042B0D460FD800EB4F
:10D5D0008104206D20B1102109F02AF80023236571
:10D5E0000022E8B21146F5F7C5FE002038BD042040
:10D5F000FCE707B5084611461A469DF8143000931B
:10D60000D2B29DF81030C0B2F9F772F9002003B021
:10D610005DF804FB07B5084611461A469DF814301C
:10D620000093D2B29DF81030C0B2F9F7A5F90020EE
:10D6300003B05DF804FB08B50846C0B2D1B2F8F7F4
:10D64000FFFF002008BD08B508460821F3F718F8C9
:10D65000002008BD07B508460192032101AAC0B207
:10D66000F8F7FEFF002003B05DF804FB08B508469C
:10D67000C0B21021F8F7F4FF002008BD08B5084635
:10D68000C0B21146F9F7ECF8002008BD08B508460D
:10D69000C0B21146F9F784F8002008BD1FB5044652
:10D6A00010216846F2F7ECFF684604F11101F9F722
:10D6B00089F8002004B010BDF0B593B015460E46B1
:10D6C0001022002106A81C4610F008F802AB2A46DA
:10D6D00005F1100C1F46106851681D4603C508323D
:10D6E00062452B46F7D1234603F110050AAC1868B2
:10D6F0005968224603C20833AB421446F7D1189B3F
:10D700000EAC03F1100518685968224603C20833AD
:10D71000AB421446F7D1F0B239460190F9F750F810
:10D72000002201981146F8F79BFF002013B0F0BDCE
:10D7300038B500250F4B0360044645600572C5608F
:10D7400005742946202211300FF0C8FF2946102207
:10D7500004F131000FF0C2FF2946102204F141000C
:10D760000FF0BCFF1422294604F154000FF0B6FF5D
:10D77000204638BD6835070010B50B4C2368BFF351
:10D780005B8FDB070ED4204608F03EFD50B1074802
:10D79000FFF7CEFF064A0749044808F022FD20465D
:10D7A00008F054FD014810BDA0490120A449012002
:10D7B00000600020B1D305002DE9F0438FB004468E
:10D7C000FFF7DAFF45680646002D00F090812CB97E
:10D7D000A149A24840F2572208F01AF9A3782A3B3F
:10D7E0000C2B00F28481DFE813F00D0011002800FB
:10D7F0002E0033006F00FB00210132013D015B016F
:10D800006C017B012B68DB68218813E0E2782188BA
:10D810002B68501E0D2804D85B68284698470124C1
:10D8200035E0E02A03D15B684FF00802F5E7E12A12
:10D83000F9D19B6828469847F1E72B689B694FF020
:10D8400002022188E9E72B684FF000029B69F8E7A4
:10D85000237926881BB12B685B6B3146EAE7637935
:10D860007BB3FFF789FF047AF7B2A4B12B68D3F832
:10D870002080FFF781FF3146C2682846C047FFF786
:10D880007BFF032100F10C023846F8F7E9FE204641
:10D890000FB0BDE8F0830AA80421F2F7F1FE0A9A5E
:10D8A0006F4BB2FBF3F103FB11222B680A92314656
:10D8B00028461B6A98470AAA03213846F8F7D0FE83
:10D8C000ADE72B689B6AC8E7A37F2688013B072B3F
:10D8D000A5D801A252F823F0F9D8050047D90500D0
:10D8E0001FD805007BD905001FD805001FD80500EB
:10D8F0001FD80500B9D905002B680DF1280CD3F805
:10D900004880271D04F11402634638687968E646AA
:10D91000AEE8030008379742F446F6D11A4631467E
:10D920002846C0472A68D2F84C8060697968A28B83
:10D93000ADF818200AAB9C46ACE8030006AA3146B5
:10D940002846C0476BE72B680DF1280CD3F84080C0
:10D95000271D04F11402634638687968E646AEE88C
:10D96000030008379742F446F6D11A463146284656
:10D97000C0472A68D2F84480D7E72B6860695F6D9A
:10D98000238BA27E0A90ADF82C3031460AAB284694
:10D99000B8472B681F6D04F114080AAA04342068E4
:10D9A0006168134603C3083444451A46F7D10AAAEE
:10D9B00031462846B84732E72B680AAFD3F858807B
:10D9C0003A46231D143418685968BC46ACE8030075
:10D9D0000833A3426746F6D131462846C0471EE7C2
:10D9E0000023CDE906332646B4F80E80D5F8009022
:10D9F00036F8067BB8F1000F09D1082206A9304697
:10DA00000FF036FE18B1D9F86030394612E7D4F875
:10DA100006007168D9F85C90ADF814800AAB03C3B6
:10DA200005AA0AAB39462846C847F8E62B6862794A
:10DA30001E68E179A3798DF800308DF80410003A62
:10DA40002379218818BF01222846B047E7E62B68D2
:10DA500022795B69F5E600BF0C350700C834070082
:10DA600040420F002B6806AA9F6B04F1140304F1D7
:10DA700024089E46944618685968164603C608331B
:10DA800043453246F7D10AAB04341A462068616830
:10DA90001E4603C6083474453346F7D1614688E70D
:10DAA000251D2846F8F7CEFE24342B4606F1110238
:10DAB00053F8041B42F8041BA342F9D10124347427
:10DAC000E5E620462B6830F8041B1E6A0391F8F740
:10DAD000DFFE039902462846B0472B685B6A93E64F
:10DAE0002B682279DB6A21882846984797E600242C
:10DAF000CDE600BF70B500F1540500F168040026C2
:10DB0000A54200D170BD286818B1102108F090FD21
:10DB10002E600435F4E708B5FFF7ECFF002008BDE0
:10DB200010B50446FFF7E6FF2046FFF76DFC002026
:10DB300010BD0A46C9789378043303EB012189B2FA
:10DB40000220FCF731BE8178024603310120FCF748
:10DB50002BBE00002DE9F047424EDFF8208105463C
:10DB60004718BD4201D1BDE8F087337815F8011B95
:10DB700033B93D4A11703D4A138001233370F0E7F9
:10DB8000012B59D1DFF8E4A0394BBAF80000195441
:10DB900035490978421C481EC0B203289CBF354C49
:10DBA000245C92B288BF0024A242AAF80020A0B24E
:10DBB000D7D102290AD0042933D001294FD193F8B3
:10DBC0000290484480B2FCF733F80BE0D97898789B
:10DBD00000EB01201FFA80F912FA80F0002180B2D8
:10DBE000FCF72EF8C8F80000002834D0224ADFF8ED
:10DBF00080C010600346044400219C4214D101B14E
:10DC00001460AAF80090B9F1000F13D10323337008
:10DC1000D8F8001019B1144B1878F1F7B1FB0023B4
:10DC2000ACE793F80190CCE71CF8011B03F8011B4B
:10DC30000121E2E70223A1E7022B0CD10E4A13686F
:10DC4000581C1060094A19701388013B9BB213805D
:10DC5000002BDBD085E73378032BD9D081E74FF059
:10DC60000009AEE71D4A01201C4A0120104A01208C
:10DC70000C4A0120E8350700144A0120184A012007
:10DC8000FCF7A0BDFCF7A6BD07B5074A002382F844
:10DC90002130ADF804308DF8063001A8936898471C
:10DCA00003B05DF804FB00BF643F01201220704701
:10DCB000024B0022C3F8D820704700BF4036012035
:10DCC00000F002B800F002B807F04CBF07F060BFE8
:10DCD000FFF7F6BFFFF7F6BF38B500F00F040D46AB
:10DCE000FFF7EEFF094B04F1140033F81020154341
:10DCF00093F8442023F8105042F0040283F84420A3
:10DD0000FFF7E0FFBDE83840CFF79ABB204A01207B
:10DD100010B50C46FFF7D4FF054B93F8442014438D
:10DD200083F84440FFF7CEFFBDE81040CFF788BB33
:10DD3000204A0120004870475C4A0120044A92F8BA
:10DD40004530591C42F8230082F8451018467047A8
:10DD5000204A0120034B93F84400B0FA80F04009B8
:10DD6000704700BF204A0120F0B5284C85B0FFF76E
:10DD7000A7FF94F84460002384F84430FFF7A2FF23
:10DD8000F10708D504F13C070DF10F013846FBF708
:10DD900074FF054628B9B20714D4730718D405B028
:10DDA000F0BD9DF80F30294654F8233000209847E5
:10DDB0002846FBF749FFE7E7037B011D54F82330B2
:10DDC000002098470020FCF779F80028F4D1E4E718
:10DDD0000F4D0A24A5F12806002735F8023B73B140
:10DDE000336863B1FFF76CFF35F8020C25F8027C4D
:10DDF0000190FFF767FF3368019800219847013CC5
:10DE000014F0FF0406F10406E7D1C8E7204A012018
:10DE1000484A012070B5421E00234D1E9D420BD87A
:10DE2000435D03F03F033F2B13D1014411F8020C73
:10DE3000FF3818BF012070BD12F8016F741EE4B2E4
:10DE4000FD2C0CD91BB112F8014CB44207D101339F
:10DE5000E4E723B9014411F8020C0038E9E7012096
:10DE6000E9E7437903F0C003C02B02D10621FFF795
:10DE7000D1BF00207047437903F0C003402B03D18A
:10DE800003210844FFF7C6BF0020704730B4C9B271
:10DE900080699DF80850002918BF0B2130B1046833
:10DEA0008DF80850646BA44630BC604730BC7047A6
:10DEB000806910B428B10468A46BA4465DF8044BD3
:10DEC00060475DF8044B7047F0B5806987B09DF8F6
:10DED00030709DF838609DF84050C8B1C9B20468F0
:10DEE0008DF8083000290D9B039318BF0C21BDF855
:10DEF0003C308DF804106469ADF806208DF8097087
:10DF00008DF81060ADF812308DF8145001A9A047BB
:10DF100007B0F0BD07B5806928B10368ADF80410FB
:10DF2000DB6901A9984703B05DF804FB13B580696C
:10DF300040B1046824688DF800108DF80120019329
:10DF40006946A04702B010BD10B50446FCF796F82C
:10DF5000FCF768F82168BDE81040FCF7DEB810B5A2
:10DF60000446FCF78BF8FCF75DF821680322BDE856
:10DF70001040FCF7CCB890F8443007B553B10023FB
:10DF800080F8443080F84C30806918B1036801A9EA
:10DF90001B69984703B05DF804FB07B590F815318D
:10DFA00043F0010380F8153190F81D3123F001038F
:10DFB00080F81D3190F8233113F0010206D023F0D0
:10DFC000010380F8233103B05DF804FB8069002869
:10DFD000F9D00368ADF804205B6801A99847F2E71F
:10DFE00010B4D0E901320168541001EB6200D2078D
:10DFF00048BF0A595DF8044B48BFD358184730B49E
:10E00000D0E901320468551004EB6200D20748BF22
:10E01000625930BC48BFD358184700001FB5C369C8
:10E0200008491A681268039107490191002100907C
:10E0300002911846694690476846D0F7A9FA05B09C
:10E040005DF804FBAC360700CDEE05001FB5036894
:10E050000849D8690268126800930023CDE90133AA
:10E060000391694690476846D0F792FA05B05DF88B
:10E0700004FB00BF84370700006A0368D3F8B4309C
:10E08000184737B5054608688B88009068460C46E7
:10E09000ADF80430FFF7E5FEB0B195F838305BB16C
:10E0A000012385F82C302368C5F83E30A388A5F8F5
:10E0B0004230002003B030BD286A036821461B6946
:10E0C00098470028ECD0F5E70420F3E737B54B7804
:10E0D00005460C468BB9406820B103680A7A5B6834
:10E0E00049689847A86940B103686168227A00913D
:10E0F000DB6A8DF804206946984703B030BD2DE9EE
:10E10000F041436888B005460C4623B30B7813BB37
:10E1100006AE3046FCF7C9FA296A95F82C200B6840
:10E12000E2B99B68304698476F68A27B3B6896E8E7
:10E130000300D3F8008095F82C3003908DF8083058
:10E14000A068A389ADF810100090ADF804306168A4
:10E15000E37B3846C04708B0BDE8F081DB68E1E703
:10E160007FB58B7B012B04460E4603D00125284644
:10E1700004B070BDCB7B012BF8D101F10800FFF793
:10E180007AFE05460028F1D094F83B307668022BE1
:10E1900012D0032B1FD0012BE9D1A06A01F0CEFAD7
:10E1A0000028E3D0206A03684FF00502D3F8B030AE
:10E1B000314698470025DAE7E06903681A68084B9A
:10E1C00003930023CDE901330096694690476846E2
:10E1D000D0F7DEF9CBE7E06903681A68014BEFE797
:10E1E000783707006C37070070B505460C46FFF717
:10E1F000B7FF50B121462846FFF781FFA8690368A1
:10E2000021461B6ABDE87040184770BD70B50546D1
:10E21000806A0C4601F092FA48B195F83D30022B25
:10E2200005D1E3791BB12046FFF725FE30B9A86977
:10E2300003682146DB68BDE87040184770BD4FF0A9
:10E240000C01FFF719BF73B590F81051044605BBD8
:10E2500090F8443080F84C50012B0FD1FFF7EFFFBE
:10E260000246206A036882B19E6E00952B462A46BC
:10E270002946B04738B9032384F8443004F19000AC
:10E2800004F0B0FE002002B070BD5B6E11469847EE
:10E29000F0E70520F7E7000090F84420022A08B5CF
:10E2A00005D00A490A4840F2FE4207F0B1FB49B1E5
:10E2B00090F84C30012280F844202BB9BDE808408A
:10E2C000FFF7C1BF80F8441008BD00BFEC35070060
:10E2D0002A36070090F8443013B504463BB1FFF7E7
:10E2E000B2FFA06918B1036801A91B69984702B081
:10E2F00010BD0068FFF7EEBF10B50446FFF79FFFA3
:10E3000038B1206A03681B6D98470F2828BF0F207B
:10E3100010BD0120FCE7B1F5486F28BF4FF44861FC
:10E32000062938BF062101807047B1F5486F28BF24
:10E330004FF448610A2938BF0A2101807047000064
:10E340002DE9F04190F83A318AB00C46002B34D0D8
:10E3500085695DB32B68D1F8048009895F6A04A8D8
:10E36000FFF7D9FF618905A8FFF7D5FFA689E189E5
:10E3700040F2F3139E4206A828BF1E46FFF7D5FFC2
:10E38000BDF81030ADF82030BDF81430ADF82230B3
:10E39000BDF81830CDF81C80ADF82460ADF82630FB
:10E3A00007A92846B8470AB0BDE8F0810A490B48DA
:10E3B00000952B462A4607F04FFD006A0268CDE91A
:10E3C0000233CB8901938B890093D2F8A8504B89F3
:10E3D0000A894968A847E6E75136070048011880CE
:10E3E0002DE9F043866987B00C463EB34D7833681B
:10E3F000D1F804900989D3F82880002D684618BF09
:10E400000B25FFF788FF6789A18940F2F3139F422C
:10E4100001A828BF1F46FFF788FFBDF80030ADF800
:10E420001030BDF804308DF80850CDF80C90ADF8E0
:10E430001270ADF8143002A93046C04707B0BDE8ED
:10E44000F083F0B585690C4687B01646194625B3AA
:10E450002B68E4B2002C684618BF0B249F6AFFF7B4
:10E460005AFFBDF8341001A8FFF75FFFBDF8003078
:10E47000ADF81030BDF830308DF8084040F2F3129E
:10E48000934228BF1346ADF81230BDF8043003960E
:10E49000ADF8143002A92846B84707B0F0BD000017
:10E4A0002DE9F04790F83A418AB00D46BDF8488012
:10E4B000BDF84C901E468CB3846944B32368114662
:10E4C00004A8D3F824A0FFF726FF314605A8FFF7DC
:10E4D00022FF494606A8FFF728FFBDF81030ADF827
:10E4E0002030BDF81430ADF8223040F2F31343452C
:10E4F00028BF4346ADF82430BDF818300795ADF875
:10E50000263007A92046D0470AB0BDE8F087084961
:10E51000084800942346224607F09EFC006A0568DE
:10E52000CDE90244CDE90089D5F8A840A047EBE742
:10E5300051360700480118802DE9F0410B7A90B060
:10E5400005460C460BB980F810316378002B36D0A5
:10E55000AC698CB3236801AF03AE3846D3F8208092
:10E5600005ADFCF7A2F83046FCF79FF82846FCF70B
:10E570009CF80D238DF81C30FF23089397E80300C7
:10E580000990ADF8281096E803000B90ADF8301014
:10E5900095E803004FF47F43ADF82A3000224FF492
:10E5A00048630D90ADF83810ADF83230ADF83A2030
:10E5B0000F9307A92046C04710B0BDE8F081284658
:10E5C000FFF73DFE40B9237A012B11D195F81531A3
:10E5D00023F0010385F81531237A012B08D105F1C9
:10E5E000500004F0FFFC286A036800219B6B9847E9
:10E5F000218AD4F8048003A8FFF78DFE668AA18AD9
:10E6000040F2F3139E4205A828BF1E46FFF78DFE79
:10E61000D4F80A000990E089ADF82800607A8DF8F6
:10E620002B000023D4F81600BDF80C108DF81C3018
:10E630000B90ADF83E30608BAB69277ABDF81420A3
:10E64000ADF83000ADF83210E069218C0D90ADF8D6
:10E650003810CDF820808DF82A70ADF83A60ADF80A
:10E660003C2007A9284613B1FFF7BEFDA4E7FFF73A
:10E6700046FDA1E708B506220EF0FAFFB0FA80F0D9
:10E68000400908BD002202704270704770B5044610
:10E6900086B0002545604A4863620A9B256300F105
:10E6A00008065C30C4E90A35A0604FF000734548A5
:10E6B0002660A36304F13E064FF48073C4E9071299
:10E6C000A387C4E90305A5863046FBF7EEFF84F86F
:10E6D0004450A4F8465084F84850A4F84A5084F8AE
:10E6E0004C5004F1500004F003FD04F1900004F0DC
:10E6F000FFFC04F1D00004F0C1FC84F8105104F2D6
:10E700001110FFF7BFFF04F21310FFF7BBFF04F275
:10E710001510FFF7B7FF04F21710FFF7B3FF04F26D
:10E720001910FFF7AFFF04F21B10FFF7ABFF04F265
:10E730001D10FFF7A7FF04F21F10FFF7A3FF04F25D
:10E740002110FFF79FFF04F22310FFF79BFF206AC1
:10E7500084F836510368A4F826511B68A4F82851A0
:10E76000A4F82A51A4F82C51C4F838519847206ACB
:10E77000154A03680592154AD3F8C4300294CDE9CE
:10E78000032502A9984702A8CFF702FF216A0B6868
:10E790006846DB689847009BC4F83E30206ABDF8A5
:10E7A0000430A4F8423003682146D3F8C8309847B3
:10E7B000A06A04F1080100F0BBFF204606B070BD5E
:10E7C000CC360700A4360700B836070095F20500DE
:10E7D000CB0801F00701C05C084100F00100704760
:10E7E00090F838302DE9F74F0546884693462BB907
:10E7F00000F13E04204603B0BDE8F08F806A00F0CF
:10E8000093FF0446A86A00F091FF95F8103195F83F
:10E810003CA095F83A900746002B3DD195F844303E
:10E8200003B3BAF1000F14BF06462646B8F1010F34
:10E8300034D0B8F1020F06D0B8F1000F3AD1BAF1D6
:10E84000000F18BF3C466846FBF72FFF694620467D
:10E85000FFF710FF80BB002ECCD0B4420CBF344673
:10E860000024C7E7594605F21510FFF7B1FF38B984
:10E87000594605F21D10FFF7ABFF06460028D5D01C
:10E88000594605F21B10FFF7A3FF28B9B9F1000F95
:10E890000CBF26463E46C9E72646C7E7594605F25D
:10E8A0001B10FFF795FF0028CDD1B9F1000F18BF5D
:10E8B0003C46C8E70024C6E700249BE730B50022A9
:10E8C00089B011460446FFF78BFF0390002858D00B
:10E8D0002046FFF7B4FC0399B0B194F844301BB95B
:10E8E000206A03681B699847206AB4F84A200368C5
:10E8F00000929D6E94F84820B4F846300121A84754
:10E90000002839D009B030BDB4F84A30002B3AD1D4
:10E9100094F844305BB994F81531DA0707D494F8C9
:10E920001D31DB0703D4206A03681B699847206AFE
:10E9300094F848200368003A5B6E18BF0122012159
:10E94000984705460028DDD104F19000039004F0BB
:10E9500049FBB4F84630039873B10C4A079242F26F
:10E960001072A3FB022304A9CDE90445069504F027
:10E9700066FB04A8CFF70CFE022384F84430002085
:10E98000C0E70620BEE70420BCE700BF3037070021
:10E9900038B50446406808B9606038BD056914217F
:10E9A00007F046FE2846F6E710B5034B0360044621
:10E9B000FFF7EEFF204610BDA436070010B5044651
:10E9C000FFF7F2FF20460C2107F032FE204610BD73
:10E9D00038B50E4B0E4D03F108025C3383600D4BCE
:10E9E0000260044640F8D03FD0F758F8204640F87F
:10E9F000905FD0F753F8204640F8505FD0F74EF8BC
:10EA000004F10C00FFF7D0FF204638BDCC360700DC
:10EA10000C3C0700983607000023037043707047D2
:10EA200038B5044600250C30FFF7B2FF04F1900022
:10EA3000A56184F8105184F8395084F8445084F862
:10EA40004C5084F83B5104F0CDFA206A03689B6D6A
:10EA5000984704F2111084F83651A4F83851FFF7A2
:10EA6000DBFF04F21310FFF7D7FF04F21710FFF7D4
:10EA7000D3FF04F21510FFF7CFFF04F21D10FFF7CC
:10EA8000CBFF04F21F10FFF7C7FF04F22110FFF7BE
:10EA9000C3FF04F21910FFF7BFFF04F21B10FFF7CA
:10EAA000BBFF04F1500004F09DFA284638BD10B5B4
:10EAB000CC080122035D01F007018A4023EA02032A
:10EAC000035510BDCA08012301F007018B40815C8A
:10EAD0000B43835470472DE9FF4190F836710025B0
:10EAE000044680F83851002F3ED000F21D18294608
:10EAF0004046FFF76DFEB8BB01350F2DF7D1206AF8
:10EB000004F599720368019204F593760096DD6B23
:10EB10003A4604F597730121A8470746C8B9254628
:10EB200004F2211794F836212B1B9A4219D936F892
:10EB3000023B95F82E1138465BBB95F8323143BB4A
:10EB4000FFF7C0FF95F82E114046FFF7BBFF0135D8
:10EB5000E8E7A3692BB1254694F836212B1B9A428E
:10EB600005D8002384F8363104B0BDE8F08195F86B
:10EB70002E114046FFF79BFFA06995F82E210368F0
:10EB80008DF80C205B688DF80D7003A9984701354E
:10EB9000E2E7FFF78CFFD5E72DE9F041044686B0A8
:10EBA00000F21D100D4616469846FFF711FE00288C
:10EBB00040F0AF80294604F21F10FFF709FE00283D
:10EBC00040F0A7802046FFF797FBA84204D8042511
:10EBD000284606B0BDE8F081294604F21110FFF77F
:10EBE000F7FD0028F3D0294604F21910FFF7F0FDD5
:10EBF00038B1294604F21B10FFF7EAFD08B10625DB
:10EC0000E6E72A4601212046FFF7EAFD07460028ED
:10EC1000F5D02046FFF713FB00283FD0294604F229
:10EC20001510FFF7D5FD50B9206A036839461B69F6
:10EC30009847206A03683A465B692946984794F8E2
:10EC40003631042B21D094F83621A31804EB42016D
:10EC500083F82E51A1F8266183F8328194F8385157
:10EC6000013284F83621002D55D1E0692B4A036822
:10EC700002A91B680592CDE902450495984784F8DE
:10EC8000380102A8CFF784FCA2E72046FFF723FF54
:10EC900094F83631002BD6D0072599E7002D96D170
:10ECA00094F8443043B994F81531DB0704D4206A52
:10ECB000036839461B699847206A036801219B6BEA
:10ECC00098470546002883D104F15000019004F0D4
:10ECD00089F9B3B201987BB1114A0592114A0294A5
:10ECE000CDE9032542F21072A3FB022302A904F02E
:10ECF000A6F902A8CFF74CFC94F8213143F00103A8
:10ED000084F8213194F81D3143F0010384F81D315A
:10ED10005EE705255CE700255AE700BF4837070096
:10ED2000AC3607001DE0050010B5044699B100237C
:10ED300080F84430FFF783FA20BB94F81F2194F841
:10ED4000153112F0010103F0010305D02BB194F845
:10ED50001D31DB0716D510BDA3B994F81D3113F092
:10ED600001030FD171B122F0010284F81F2119466D
:10ED70001A462046FFF710FF94F8233143F00103B1
:10ED800084F8233194F84C30002BE4D02046BDE8C1
:10ED90001040FFF793BD1FB590F8153190F81F2173
:10EDA00023F0010380F8153190F81D3123F00103A1
:10EDB00080F81D31D307044619D590F84430B3B913
:10EDC00022F0010280F81F2119461A46FFF7E4FEDF
:10EDD00094F8233143F0010384F8233194F84C3044
:10EDE0003BB1204604B0BDE81040FFF767BDA06905
:10EDF00008B904B010BD03689A680023CDE9013357
:10EE00004FF48033039301A99047F2E70068FFF7BE
:10EE100062BE0068FFF75FBE30B587B0044601915F
:10EE2000FFF76AFA0199884203D80425284607B0FB
:10EE300030BD04F211100191FFF7CAFC0028F4D094
:10EE4000019904F21D10FFF7C3FC00283AD1019983
:10EE500004F21510FFF7BCFC019908B90025E5E79D
:10EE600020460191FFF7EBF90199B8B104F21310B4
:10EE7000FFF728FE94F83951002DEFD1E069124ACE
:10EE8000036802A91B680592CDE9024504959847DD
:10EE900084F8390102A8CFF77BFBC7E70029C4D16A
:10EEA000206A03689B6B984705460028BED104F191
:10EEB000500004F097F894F81D3143F0010384F8F2
:10EEC0001D31B3E70525B1E73C37070090F8153150
:10EED000DB0702D50021FFF79FBF70472DE9F04304
:10EEE00000248BB00746264600F21315214628461B
:10EEF000FFF76EFC50B106F128036B44013603F8AE
:10EF0000104C21462846F6B2FFF7D1FD01340F2CF4
:10EF1000ECD116B3386A00240368CDE900440DF142
:10EF20001808DD6B324643462146A8470546D0B156
:10EF3000A146B86918F8042003688DF80C209B6876
:10EF4000CDF81090ADF814908DF816908DF81750FC
:10EF500003A901349847A642EBD8002387F839313A
:10EF60000BB0BDE8F08307F21D1418F8011B204612
:10EF70000135FFF7A7FDAE42F7D8EEE70068FFF7CF
:10EF8000ADBF0068FFF7AABF2DE9FF47D1E90056E2
:10EF900004462E4400F2151800F21D1900F2231742
:10EFA000B54214D194F8383173B9E069194902684F
:10EFB00012680391CDE9004302936946904784F8B3
:10EFC00038016846CFF7E4FA04B0BDE8F087297845
:10EFD0004046FFF777FD15F8011B4846FFF767FD30
:10EFE00015F801AC38465146FFF7F2FB20B1514607
:10EFF0003846FFF75CFDD3E7A369002BD0D01A6831
:10F00000694652688DF801008DF800A018469047B7
:10F01000C6E700BF543707002DE9F04390F83830B9
:10F0200085B004460E46002B5ED090F83930E3B12F
:10F03000806A00F079FB05466846FBF736FB6946B7
:10F040002846FFF717FB80B9A06A00F06FFB054662
:10F0500002A8FBF72AFB02A92846FFF70BFB20B901
:10F0600084F83900A069002841D1002504F21D1759
:10F0700004F2151804F21B1929463846FFF7A8FBBD
:10F08000D0B929464046FFF7A3FBA8B12946484618
:10F09000FFF79EFB86420FD1294604F22110FFF7AD
:10F0A00097FB48B1E9B22046FFF7B6FE20B92946E2
:10F0B00004F21F10FFF706FD01350F2DDCD194F887
:10F0C0003C3083F001039E420ED194F84450012D50
:10F0D0000AD1B4F846303BB9B4F84A3023B92046D7
:10F0E000FFF7B1F884F84C5005B0BDE8F083036831
:10F0F000DB6B9847B9E70121FFF78EBFA0F108004D
:10F10000FFF7F9BF0021FFF787BFA0F10800FFF765
:10F11000F9BF00002DE9F043CDB285B00446164694
:10F120001F4645BBB3F1000818BF4FF00108314638
:10F1300004F21510FFF7BBFC04F21F19314604F26C
:10F140001D10FFF7B4FC31464846FFF741FBE8B11C
:10F15000E7B931464846FFF7AAFC31463B463A46F6
:10F160002046FFF719FD314604F22310FFF7AAFCF1
:10F1700005B0BDE8F0833C2D4FF0000803D0432DCF
:10F1800003D10F25D3E70E25D1E70B2594F83931AC
:10F1900073B9E0691149026812680391CDE900432F
:10F1A00002936946904784F839016846CFF7F0F931
:10F1B000A0690028DCD003689DF830209B688DF89A
:10F1C000082000228DF8006001978DF809808DF8E5
:10F1D0000A208DF80B5069469847C9E76037070049
:10F1E0002DE9F04F064693B00C46002523682046D3
:10F1F0009B689847A84202D813B0BDE8F08F2368F7
:10F20000EAB2DB68214605A89847B2699DF815A0C7
:10F21000002A39D09DF814209DF924B0042A98BF03
:10F220001A4B0DF1040803AF404694BF13F8029047
:10F230004FF00009FBF739FADDE907123846FCF711
:10F2400023FE134B0C930023DDF81600ADF8343089
:10F25000BDF81A200A90FF238DF83730ADF82C2026
:10F260008DF82E908DF82FA08DF836B098E8030019
:10F270000E90ADF83C1097E8030012AB03E90300D1
:10F280000AA93046FEF7C2FF0135AFE7C4360700D2
:10F290000100FF7F0B78013B042B0FD8DFE803F060
:10F2A0000603080C0A000439FFF79ABFFFF744B9B8
:10F2B000FFF796B8FEF70ABFFFF742B870472DE98F
:10F2C000F04F88468BB081699DF850A0159C1E4672
:10F2D00005469DF8683000293CD0002A3DD092F8C0
:10F2E00000B004B124789DF870201D996F4638460F
:10F2F0005FFA83F9FCF7C8FD1B9B3068B288029067
:10F300001868ADF80C2006909DF858209B888DF861
:10F31000122097E803009DF95C208DF81320ADF8CA
:10F320001C30BDF86420ADF814200AAB03E90300DB
:10F330009DF960208DF80E8002A928468DF80FB047
:10F340008DF810A08DF811408DF816208DF81790CB
:10F35000FEF75CFF0BB0BDE8F08F4FF0FF0BC0E78E
:10F360002DE9F047846986B088469DF838A0174695
:10F370001E46CCB1236810999DF83C20D3F8189014
:10F380006D462846FCF780FD95E8030006AB03E9CF
:10F390000300ADF808808DF80A708DF80B608DF8C9
:10F3A0000CA002A92046C84706B0BDE8F087416519
:10F3B0007047806810B103681B6818477047A0F158
:10F3C0000400FFF7F6BF03680BB108461847704703
:10F3D00030B4D0E901320468551004EB6200D20762
:10F3E00048BF625930BC48BFD358184770B4D0E901
:10F3F00001340568661005EB6400E40744BFAC59AE
:10F40000E35870BC18470000224B30B5044603F1A6
:10F4100008021C336360204B22600025C4E90335D9
:10F420001E4BA564C4E906351D4B1E4AE163C4E9C1
:10F430001055C4E909351C4BA560C4E90C351B4BBC
:10F44000E36485B00B6825659B6C0392184A84F8C9
:10F450005C50CDE901250846C4E91555694600947C
:10F4600098476846CFF794F8E06B124A0368DB6C64
:10F470000392114A0094CDE90125694698476846F0
:10F48000CFF786F8E06B0368211D1B6D9847204677
:10F4900005B030BDC8370700F0310700E031070084
:10F4A00098370700BC370700A8370700C7F30500E7
:10F4B00065F50500B0370700E5F40500806D10B173
:10F4C00083688B4200D17047C068F8E710B50446E6
:10F4D000FFF7F4FF28B1036821469B68BDE81040A0
:10F4E000184710BD10B50246FFF7E8FF28B10368C2
:10F4F000BDE81040DB681146184710BD38B504461A
:10F50000806A0D4630B938BDC36829469847E36A1A
:10F5100023B9A06AE0620028F6D1F4E71869F9E798
:10F520001FB50023CDE90133137800911B2B04D0C4
:10F530001D2B11D005B05DF804FB5388ADF80430E5
:10F5400001238DF806309368ADF80830694653689A
:10F550000393FFF7D3FFEDE75388ADF804300223A0
:10F56000EFE7000010B414781D2C0FD80123A3403E
:10F57000084C1C4034B913F0205F07D05DF8044BF1
:10F58000FFF7CEBF5DF8044BFFF7A0BF5DF8044B5B
:10F59000704700BFAAAA8A0238B50446406808B975
:10F5A000606038BD0569142107F042F82846F6E787
:10F5B00038B50446406808B9606038BD0569142153
:10F5C00007F036F82846F6E770B5044600F1300635
:10F5D000FAF754FDFAF722FD0546606BA063B0B957
:10F5E0003046FFF7D9FF04F10C00FBF751FF04F19F
:10F5F0001800FBF741FF04F12400FFF7D9FF0123B6
:10F6000084F85C30A06D50B984F85C0070BDC368AC
:10F6100029469847A36B002BDFD01869DEE7036803
:10F6200021461B699847EDE738B504460D466068EA
:10F63000A06000B938BDC36829469847A368002B6D
:10F64000F5D01869F4E71FB50024CDE9014403940F
:10F6500000910224694618308DF80640ADF8042068
:10F66000ADF80A30FFF7E0FF04B010BDA0F10400D0
:10F67000FFF7E9BF0A46034600F168011068986683
:10F68000186A9288A3F86C2010B103681B681847A9
:10F69000704773B54D6801F10F022B6800920C465C
:10F6A0005E6A017A00F10F0300F109022846B047B3
:10F6B00094F879300020013384F8793002B070BDBD
:10F6C000704710B52021044606F0B2FF204610BD59
:10F6D00038B504461348A381C4E900010025002180
:10F6E000A26004F10F0010220DF0F8FF256204F172
:10F6F000280003F0C3FC04F16800FAF7D6FF04F118
:10F700006E00FAF7D2FF6068A4F878500368656766
:10F710001B6898476068036821465B6B98472046E2
:10F7200038BD00BF08380700683070476E3070473A
:10F7300001627047406803685B69184790F8790078
:10F74000704738B50446606F00B938BDD0E9003560
:10F750005B6898476567F6E738B504460B4B03606E
:10F76000FFF7EFFF606803685B68984704F12805BE
:10F77000074BA362284603F035FC04F15000CEF796
:10F7800007FF284603F088FD204638BD08380700EB
:10F79000F43B070090F8783070B504460BB109B916
:10F7A00070BD31B1606F20B1D0E900355B6898471A
:10F7B0006567656F1DB984F87850F1E735462B68A9
:10F7C00021469B682846984740B1D5E9003628462F
:10F7D0005B689847002EF1D16667E1E7012384F862
:10F7E00078302E46F8E70121FFF7D4BF436F1BB9ED
:10F7F00041670021FFF7CEBF1A465B68002BFBD1A3
:10F800005160F6E7F8B506460F4620201149154627
:10F810001C4606F009FF0146D0B1002343600E4BA1
:10F8200003602B68C0F80930AB88A0F80D30077270
:10F8300000F10F02234604F1100053F8044B42F884
:10F84000044B8342F9D13046FFF7D0FF0020F8BDCA
:10F850000720FCE70C4F0700F4370700F0B585B030
:10F8600004460D4616460021102268461F460DF03C
:10F8700035FF1022694604F10F000DF0F9FE60B16A
:10F880002046FFF757FF58B13B46324629462046EF
:10F8900005B0BDE8F040FFF7B5BF062005B0F0BDEC
:10F8A0000220FBE77047806903684FF000021B6984
:10F8B000184770B505468069134602680C46D66A3B
:10F8C0000A4605F13401B04760352246103410680D
:10F8D00051682B4603C30832A2421D46F7D170BDC2
:10F8E00070B5C46A2CB90849084840F2927206F013
:10F8F0008FF8236820465D6DDB6C98472B46411CD2
:10F900002046BDE870401847103807005A380700F5
:10F91000A0F10800FFF7E4BF13463AB1917D006BF8
:10F92000C943063301F00101FFF798BF704770B477
:10F93000D0E901340568661005EB6400E40744BFB4
:10F94000AC59E35870BC184770B4D0E9013405686D
:10F95000661005EB6400E40744BFAC59E35870BC83
:10F96000184770B4D0E901340568661005EB6400EF
:10F97000E40744BFAC59E35870BC1847037819B189
:10F9800043F004030370704703F0FB03FAE7C36A14
:10F990002BB1006A03684FF008025B691847092021
:10F9A000704738B504460025C0E900550830FAF71D
:10F9B0007CFEE5732574204638BD10B500F18C033C
:10F9C000F030834201D1002307E0DC7B2246E407CC
:10F9D00005D442F00102DA731960184610BD1433E1
:10F9E000EFE710B58C23F02B00EB030202D10022CD
:10F9F000104610BDD47BE40702D5C4588C42F7D022
:10FA00001433F0E7C36A70B504468BB1FFF7E9FF22
:10FA100080B1037C206A94F88620DB070368BDE888
:10FA20007040DB6A4CBF42F0040202F0FB02184750
:10FA3000092070BD0420FCE710B51446FFF7D1FF84
:10FA400040B1037C64F3410303741CB9DBB264F37B
:10FA50004513037410BD10B504460022FFF7ECFFF8
:10FA6000A0690368BDE810405B68012218470000E8
:10FA7000F7B5144601220646FFF7DEFF0C4A0D4695
:10FA800005230A20B4FBF2F101F130070DF80370F1
:10FA9000013B02FB1144591C92FBF0F2F2D1B06918
:10FAA00020B103686A465B692946984703B0F0BDF8
:10FAB000A086010010B504460122FFF7BDFFA06932
:10FAC00020B10368BDE81040DB69184710BD70B570
:10FAD000054614460122FFF7AFFFA86928B1036865
:10FAE00022461B6ABDE87040184770BD10B5044639
:10FAF0000122FFF7A1FFA06920B10368BDE8104013
:10FB00009B69184710BD000013B5C46A2CB90A4997
:10FB10000A4840F2617205F07BFF0192FFF761FF36
:10FB200040B1236841685B6C019A204602B0BDE891
:10FB30001040184702B010BD103807005A380700AF
:10FB4000A0F10800FFF7E0BF2DE9F041C76A0546C4
:10FB500016462FB91549164840F69A0205F058FF87
:10FB6000FFF73FFF0446F0B13B6841689B683846A9
:10FB70009847C0B1237CC279C3F340039B0102F0D4
:10FB80003F0263F07F031343C371E86A616803684F
:10FB900032469B6A9847E86A6168036832469B6907
:10FBA000BDE8F0411847BDE8F08100BF10380700FC
:10FBB0005A3807002DE9F041C76A054616462FB9A5
:10FBC0001049114840F6B60205F022FFFFF709FF81
:10FBD0000446A0B13B6841689B683846984770B1BD
:10FBE000237CC279C3F3400363F38612C271E86ACF
:10FBF0006168036832469B6ABDE8F0411847BDE87A
:10FC0000F08100BF103807005A38070037B5C46AC2
:10FC10002CB90C490C484FF40D6205F0F9FECDE902
:10FC20000023FFF7DEFE50B12168DDE90023CD6A35
:10FC30004168AC46204603B0BDE83040604703B0A1
:10FC400030BD00BF103807005A3807002DE9F041D9
:10FC5000C76A054616462FB90C490D4840F6E10221
:10FC600005F0D6FEFFF7BDFE044668B13B6841686B
:10FC70009B683846984738B1E86A6168036832463D
:10FC80009B69BDE8F0411847BDE8F08110380700D6
:10FC90005A38070037B5C46A2CB90C490C4840F6ED
:10FCA000F90205F0B5FECDE90023FFF79AFE50B149
:10FCB0002168DDE90023CD694168AC46204603B0E8
:10FCC000BDE83040604703B030BD00BF10380700CA
:10FCD0005A3807002DE9F041C76A054616462FB984
:10FCE0000C490D4840F60B1205F092FEFFF779FE25
:10FCF000044668B13B6841689B683846984738B10C
:10FD0000E86A6168036832461B6BBDE8F04118473A
:10FD1000BDE8F081103807005A3807002DE9F0419E
:10FD2000C46A0646884617462CB91649164840F656
:10FD30003A1205F06DFEFFF754FE0546F8B1236850
:10FD400041689B68204698470446C0B12B7CC27925
:10FD5000C3F3400363F34512C271F06A6968036834
:10FD60003A461B6C9847B069E3790268146B4146C8
:10FD70003A46A446C3F34013BDE8F0416047BDE8EE
:10FD8000F08100BF103807005A38070070B5C66A06
:10FD900014464EB3FFF725FE054608B9042070BD92
:10FDA000336841689B68304698470028F6D0EB7B63
:10FDB00013F0200211D0C3795A0603D4287C10F026
:10FDC000020007D01B0603D5042323700020E6E7BA
:10FDD0000323FAE702232370E1E713F0080001D0C0
:10FDE0000123F2E72070DAE70920D8E737B5C56AC2
:10FDF00014462DB90C490D4840F6251205F008FEB1
:10FE00000193FFF7EEFD68B12968019BE2B24C6BEC
:10FE10004168B2FA82F252092846A44603B0BDE80E
:10FE20003040604703B030BD103807005A38070033
:10FE300070B5044615460022FFF7FEFDA0690E4688
:10FE400028B1036865F07F025B68D2B298473146FB
:10FE50002046FFF7C6FD68B1C37B03F01803182BDB
:10FE600008D1A06930B10368BDE870401B694FF04C
:10FE70000002184770BD00007FB5C66A04460D46F3
:10FE80002EB9114911484FF4E86205F0C1FDFFF7A2
:10FE9000A8FD78B10E4A336803920E4A01920022FF
:10FEA000029242689B6B00943046694698476846C8
:10FEB000CEF76EFBA06903685B680022294604B098
:10FEC000BDE87040184700BF103807005A380700D7
:10FED0006038070019F9050000F18C03F030834207
:10FEE00002D1002318467047DA7BD20702D55A6840
:10FEF0008A42F7D01433F2E7F7B5C76A06461446CC
:10FF00002FB91549154840F2B95205F081FDFFF7A8
:10FF1000E3FF0546F0B13B6841689B683846984767
:10FF2000C0B1BCB1C779306A296802683D06C7F321
:10FF3000801306D5556B2246AC4603B0BDE8F040B1
:10FF40006047019304F110030093156B04F1120351
:10FF50002246A84703B0F0BD103807005A38070002
:10FF6000F7B5C76A064615462FB9124912484FF42D
:10FF7000BB6205F04DFDFFF7AFFF044690B13B6853
:10FF800041689B6838469847034658B1306A2168F3
:10FF900002684DB1DB79DC090094D46BC3F38013A4
:10FFA0002A46A04703B0F0BD136C03B0BDE8F04093
:10FFB000184700BF103807005A38070073B50646C7
:10FFC0001546FFF789FF044690B18DB1F06A61686C
:10FFD00003689B689847034650B1306ADB79026832
:10FFE00029690091166D2168C3F340132A46B04772
:10FFF00002B070BD2DE9F041C76A064615462FB91B
:0200000260009C
:10000000104911484FF4C36205F002FDFFF764FF89
:100010000446A0B19DB13B6841689B68384698474B
:10002000034660B1B06950B10268DB79166B216894
:100030002A46B446C3F34013BDE8F0416047BDE82B
:10004000F08100BF103807005A38070030B587B07C
:100050000C4601A8FFF7A5FC05AD01AA23461446EE
:1000600003CCAC4218605960224603F10803F6D174
:1000700022781A7007B030BD38B5C36A04462BB970
:100080000D490E484FF4D46205F0C2FCFFF7A9FCFD
:10009000054678B1206A03685B6D9847E06A696835
:1000A000036801225B6F984729462046BDE8384027
:1000B000FFF7CCBF38BD00BF103807005A38070023
:1000C000A0F10400FFF7D8BF73B5C66A05462EB984
:1000D0001A491B484FF4C76205F09AFCFFF781FCF0
:1000E000044688B1336841689B683046984758B1E8
:1000F00095F886301B0709D505F13A01FEF7BAFAE3
:10010000237C60F30413237402B070BD237CC3F31B
:10011000800262F30413237405F170010191FEF76C
:10012000A9FA30B9019904F10800FEF7A3FA0028F2
:10013000EAD0237C43F01003E5E700BF1038070046
:100140005A3807002DE9F043C36A85B004460E46CD
:10015000002B54D0FFF745FC0546002851D094F8F9
:1001600089301BB994F886301B074CD531460022E4
:100170002046FFF761FC2046FFF7A6FF95F81080A8
:1001800094F8872095F80F9094F8867095F90F50A1
:1001900018F0010FC2F3C00318BF47F00407002D89
:1001A00043F00203ACBFC2F38001C9F3801102A87F
:1001B0008DF80830FFF7E2FB94F88A2094F8873036
:1001C0000AB18DF80830002D8DF80C3004DAC9F32F
:1001D000801103A8FFF7D2FB206A0368DC689DF852
:1001E0000C308DF804309DF808308DF80030C8F3DD
:1001F00000123B463146A04705B0BDE8F083092018
:10020000FAE70420F8E70620F6E738B504460D467D
:10021000FFF7E7FB28B390F90F30C17B002B17DA0B
:1002200011F0400F1DD0037C40330374DAB203F0A9
:10023000C003C02B15D113466FF3871311F0040FC1
:1002400003742946204608D0BDE83840FFF77ABF3E
:1002500094F8873013F0040FE4E7BDE83840FFF767
:10026000D1BB38BDA0F10800FFF7CFBF2DE9F041A9
:1002700005461746FFF7B5FB0E46044640B3FBB2F2
:10028000022B0DD1C37B23F0380343F02003E3732B
:10029000A86903683A4631461B69BDE8F041184732
:1002A000DA1E012A05D8C37B23F03A0343F0220368
:1002B000EDE7002BECD1C37B03F01803082BE7D14B
:1002C00001682846FFF73EFFE37B43F01003E3732A
:1002D000BDE8F0812DE9F043C36A85B006460F46BC
:1002E000002B54D0FFF77DFB0446002851D0304648
:1002F000FFF7EAFE94F81080A37B96F8869096F8B4
:100300008A1096F8875018F0010F03F00F0218BFFB
:1003100049F0040903F00403002935D02A408DF880
:1003200008205BB194F90F30002BB6BFE17BC5F319
:100330008001C1F3801102A8FFF720FBA37B05EA2F
:1003400013138DF80C305B070BD594F90F30002B8D
:10035000B6BFE57BC5F38001C5F3801103A8FFF7A5
:100360000DFB306A03681C699DF80C308DF8043071
:100370009DF808308DF80030C8F300124B4639461E
:10038000A04705B0BDE8F08302F00A02C7E70920E4
:10039000F7E70420F5E72DE9F04190F889709DF822
:1003A00018509DF81C6004460A462FB91B0703D459
:1003B000BDE8F041FFF7EBBA11462046FFF711FB0D
:1003C000B8B1037C05F00F056FF3410345EA06154C
:1003D0008573037494F8883033B1A06948B1036819
:1003E000BDE8F0411B6818472046BDE8F041FFF723
:1003F00071BFBDE8F08100002DE9F041C76A0446F5
:100400000E462FB92049214840F62C0205F000FB8A
:10041000FFF7E7FA054648B33B6841689B683846F2
:100420009847804610B304F170073946FEF722F969
:1004300028B9394605F10800FEF71CF998B1314694
:1004400001222046FFF7F8FA206A036804F17602D9
:100450009B6E984739464046FEF70CF930B10023B1
:100460002367BB8002E02B7C9A0601D5BDE8F081B2
:1004700043F020032B74A0690028F7D003683146AD
:100480005B6ABDE8F0411847103807005A3807008A
:10049000F7B504460122FFF7CFFA20460D46FFF7D5
:1004A000A0FAE8B1E36A41681A6818469268904772
:1004B000B0B104F13A063146FEF7DCF80246206A94
:1004C00003687AB104F1500200925F6E04F1600299
:1004D00004F140032946B8470023C4F83A30E387C3
:1004E00003B0F0BD5B694FF00202294603B0BDE8DE
:1004F000F040184710B586B00446684680E80C0006
:1005000006A800E90C00039110E90700034BE36023
:1005100084E80700204606B010BD00BF7838070009
:10052000F0B51F46C36A87B0064615462BB92B495E
:100530002B4840F2716205F06BFAFFF73EFA044671
:10054000002844D0EAB2DDE90F01E37BA181B2FAD1
:1005500082F2520962F38203A060E373F06A0368D7
:100560000CAA9B6E3946984760600146F06A0368A2
:100570009B68984702460C981060BDF83430938011
:1005800017F0FD0FD3790CBF0121002161F30003A7
:10059000D37194F90F30002B1BDAE37B13F0400F7B
:1005A00015D0D3799B0712D5F56A0E4A2B681F6ABE
:1005B0000C4B00933146002302A80193FFF79AFFEA
:1005C0002846626802A9B84702A8CDF7E1FF07B044
:1005D000F0BD96F8873013F0040FE1E710380700FC
:1005E0005A380700BDFF0500A0F10400FFF798BFCF
:1005F00010B586B00446684680E80C0006A800E9FD
:100600000C00039110E90700034BE36084E8070046
:10061000204606B010BD00BF6C3807002DE9F04140
:10062000C76A86B004460D46002F39D0FFF7D9F9C6
:10063000064618B9042006B0BDE8F0813B68416861
:100640009B68384698470028F4D0F37B5A0720D59A
:10065000C3795B0716D5E76A124A3B680025D3F8D1
:100660002480104B009321462B4602A80195FFF7EA
:10067000BFFF726802A93846C04702A8CDF788FFBD
:100680002846D8E72946204606B0BDE8F041FFF7E6
:1006900059BD2946204606B0BDE8F041FFF7B2B982
:1006A0000920C8E7F9FE0500F8B5C76A05460E46F9
:1006B0005FB3FFF796F9044608B90420F8BD3B681C
:1006C00041689B68384698470028F6D0C279E37B9A
:1006D00051060AD59A071AD443F00803E37331464A
:1006E0002846BDE8F840FFF799BF227C5B0742F03F
:1006F000010222743146284603D5BDE8F840FFF7D1
:1007000021BDBDE8F840FFF77DB90920D6E70020FC
:10071000D4E700002DE9F041D0F82C8086B00446E3
:100720000D461746B8F1000F43D0FFF75AF90646B9
:1007300018B9042006B0BDE8F081D8F8003041684F
:100740009B68404698470028F3D0C379990719D58C
:100750009A0600D4BFB9E76A174A3B680025D3F868
:100760002080154B009321462B4602A80195FFF7E8
:10077000C1FE726802A93846C04702A8CDF708FF3B
:100780002846D7E737B12946204606B0BDE8F041F4
:10079000FFF78ABFF37B5B072946204604D506B0E6
:1007A000BDE8F041FFF7CEBC06B0BDE8F041FFF771
:1007B00029B90920BEE700BFF5FF05002DE9F74381
:1007C000C76A05460E469046002F5BD0FFF709F931
:1007D000044618B9042003B0BDE8F0833B684168C3
:1007E0009B683846984707460028F3D001AA4FF087
:1007F0000009314628468DF80490FFF7C7FA9DF8A6
:100800000420012A40D05FFA88F3934230D0042BB1
:10081000E0D801A252F823F089080600D5070600A7
:100820002D0806004308060051080600E37B43F04C
:10083000080331462846E37303B0BDE8F043FFF7F1
:10084000EDBEFB79590608D5E37B9A0605D4EEE7A1
:10085000FB7903F0C003C02BF6D0E37B314643F0B5
:1008600008032846E37303B0BDE8F043FFF71CBF5D
:10087000A8690028AFD0036842461B6931469847F3
:100880004846A8E70920A6E70820A4E7C36A70B590
:1008900004460D46164623B3FFF7A3F828B3C37BDF
:1008A0001B0720D4721E042A1FD8DFE802F0030BB6
:1008B0000E1118004FF0000229462046BDE8704096
:1008C000FFF77CBF4FF00202F6E74FF00302F3E7B9
:1008D000002229462046BDE87040FFF71BBF0122D9
:1008E000F7E7092070BD0820FCE70420FAE70000C4
:1008F0002DE9F041D0F82C8005460F46D6B2B8F16C
:10090000000F05D11B491C484FF4F46205F080F834
:10091000FFF767F8044658B3D8F8003041689B6881
:100920004046984720B316F0080308D090F90730E6
:10093000002BAABF95F886300023C3F3C0037107CC
:1009400002D5C279520609D563B9E37B1B070FD4E0
:1009500039462846BDE8F041FFF760BE237C43F0EE
:100960000103237439462846BDE8F041FFF7EABB8E
:10097000BDE8F081103807005A3807002DE9F04330
:10098000D0F82C8089B0054616461F46B8F1000FF6
:1009900005D11649164840F65A1205F039F8FFF706
:1009A00020F80446F0B1D8F8003041689B68404612
:1009B0009847B8B1D5F82C800E4AD8F80030D3F853
:1009C00010900C4B02932946002304A80393FFF7D1
:1009D0000FFE404600973346221D04A9C84704A8CD
:1009E000CDF7D6FD09B0BDE8F08300BF1038070091
:1009F0005A38070061FF0500F0B5C66A87B00546A2
:100A00002EB90F490F4840F68A1205F001F8FEF79B
:100A1000E8FF044688B133680B4A5F690A4B0093CC
:100A20002946002302A80193FFF7E2FD30466268E1
:100A300002A9B84702A8CDF7ABFD07B0F0BD00BFD3
:100A4000103807005A38070061FF05004160704701
:100A500040687047806A03689B681847806A03682B
:100A6000DB681847806A036882B01B69019202B094
:100A70001847806A0368DB69184717B4806A0192D7
:100A80000468A469A44603B05DF8044B6047806A1B
:100A900010B40468246AA4465DF8044B6047806A79
:100AA00003685B6A1847806A10B40468246BA44624
:100AB0005DF8044B6047806A10B40468646BA44618
:100AC0005DF8044B6047806A10B40468E46AA44689
:100AD0005DF8044B604730B4806A1D460468BDF879
:100AE00008300295A46BA44630BC6047806A036856
:100AF000DB6B1847806A03681B68184710B586B01F
:100B0000806AADF80C204FF6FF720468ADF80E2035
:100B10001A7864695AB912330222CDE9043204AB5F
:100B20000093039A4FF42053A04706B010BD013341
:100B30001022F2E7436A13B11B6818301847704758
:100B400030B4D0E901320468551004EB6200D207DA
:100B500048BF625930BC48BFD358184770B4D0E979
:100B600001340568661005EB6400E40744BFAC5926
:100B7000E35870BC1847436913B11B680830184725
:100B8000704713B5183088420C4606D00190CDF757
:100B9000FFFC01982146F9F78CFD02B010BD13B59A
:100BA000083088420C4606D00190CDF7F1FC019840
:100BB0002146F9F77EFD02B010BD70B5856A2B683D
:100BC00086B09E6AADF800200C464FF6FF734FF4D6
:100BD000205101A8ADF80230FAF734FA009A01ABBF
:100BE00021462846B04706B070BD70B5856A88B00A
:100BF0002B6801920C4603A842F602019E69FAF79F
:100C000021FA019A03AB21462846B04708B070BDCF
:100C100070B5856A88B02B6801920C4603A842F62D
:100C200003019E69FAF70EFA019A03AB21462846A2
:100C3000B04708B070BD000030B504460025C4E9D7
:100C400009516561114B236085B00B68104A1B6C1C
:100C50000392104A6560CDE9012508460094694673
:100C600098476846CDF794FCA06A0B4A03685B6C12
:100C700003920A4A0094CDE90125694698476846DF
:100C8000CDF786FC204605B030BD00BF48390700CF
:100C900034390700770B060028390700350B0600AA
:100CA000C36810B52BB9054905484FF4FD7204F02F
:100CB000AFFEBDE810401B68184700BF2830070092
:100CC00057300700044A026041F224324260034A6E
:100CD00082600522C2607047904A0120B83A07003E
:100CE000704707B50190F3F7DBFC019803B05DF89E
:100CF00004EBF9F71ABA000010B50C4606220020E2
:100D000001F0E8F9637903F0C003C02B05D0044972
:100D1000044840F2551204F07BFE012010BD00BFD4
:100D2000A0390700163A0700F0B5017E89B0002906
:100D300069D1364B0393364B0493364B059343F6F8
:100D4000B8630793C36906934FF08043012202768C
:100D5000C3F800111A60D3F80021002AFBD0022248
:100D6000C3F818250022C3F8042101229A604FF02D
:100D70008043D3F80421002AFBD0274A27490024C6
:100D8000C3F80441012353609360C2F8084513601F
:100D9000A2F520420820C2F8FC4FC2F8FC3F06F042
:100DA0001DFB1F490A2006F019FB1E4A402113199A
:100DB000013493F800033F2898BF83F80013202CD8
:100DC000F5D103A8D4F72FFB4FF0805301A9D3F836
:100DD000A470D3F8A86008460023C3F12005A3F14E
:100DE000200427FA03F206FA05F52A4326FA04F44A
:100DF00008332243302B01F8012BEED1E7F7D4FC66
:100E000001A8E9F769FE09B0F0BD00BF483A070044
:100E100004040400543A070000B0004079100600B2
:100E2000CD26060000E100E0194B70B50360194BB8
:100E300002210446C3F88010BFF34F8FBFF36F8FBA
:100E40004FF48072C3F88020BFF34F8FBFF36F8FD2
:100E500011480025C0F8FC5F00F5E040012646601F
:100E6000C660E069C3F88011C3F8802120B90B493E
:100E70000B48CE2204F0CCFD0CF0A0FB094B236004
:100E80002369E56113B19B68201D9847204670BD1A
:100E9000903A070000E100E000100040A039070090
:100EA000323A0700802E070010B50446FFF7BCFF5A
:100EB0002046202105F0BCFB204610BD10B504469D
:100EC000F9F748F9084B23600023237643F6B8600E
:100ED0000CF06CFBE06120B904490548BA2204F02B
:100EE00097FD204610BD00BF903A0700A0390700CB
:100EF000323A070010B5154C2368BFF35B8FDA0751
:100F00000BD4204605F080F938B1114A1149124836
:100F100005F067F9204605F099F9104C2368BFF3F6
:100F20005B8FDB070FD4204605F06EF958B10A49F4
:100F30000B48FFF7C3FF064A0A49094805F051F973
:100F4000204605F083F9064810BD00BF6C4A012019
:100F500000600020690F0600E8630020684A012055
:100F6000704A0120290E06007047704710B5042111
:100F7000044605F05DFB204610BD0020EDF746B8A5
:100F800037B514461D468DF807100DF107000121F5
:100F9000F9F77CFA28462146F9F778FA204603B09B
:100FA00030BD000010B50A4B0A4800241C700A4BE3
:100FB0000122C3F8FC4F2146C3F8FC2F14220CF089
:100FC0008DFB21460548BDE8104014220CF086BB7D
:100FD000B85D0120D05D012000100040BC5D012003
:100FE000024A137801331370704700BFB85D0120C7
:100FF000024A13780BB1013B13707047B85D0120B2
:10100000044B187820B1044B0122DA64D3F84C0564
:10101000704700BFB85D012000800040054B1B7881
:1010200033B1012320B1044AD364D2F84C250260C5
:1010300018467047B85D012000800040034B43F81C
:101040002020034B43F82010704700BFBC5D0120F7
:10105000D05D0120014B1870704700BFEC63002089
:10106000034B1A78034B53F8223003B118477047EB
:10107000EC630020BC5D0120034B1A78034B53F84E
:10108000223003B118477047EC630020D05D012087
:10109000464B4178027B10B51970454B1A70454B91
:1010A000427B1A70444B827B1A70444BC27B1A708D
:1010B0000A291DD84B1CDBB20133414ADBB25B006D
:1010C00041F04001C2F80835C2F854154368190EC2
:1010D0001B02C2F82415C2F81C358368C2F83C35DF
:1010E00090F90230072B14DD0823C2F80C351BE001
:1010F000242901D88B1CDEE7252906D0262906D015
:1011000027290CBF27230023D6E70023D4E70C238D
:10111000D2E7991E052913D8DFE801F0100E0C0A5A
:1011200008030721C2F80C15837010BD0621F9E7EA
:101130000521F7E70421F5E70321F3E70221F1E7B1
:10114000002B01DB0023D0E7191D05DBFC23C2F8CF
:101150000C356FF00303E7E713F1080F184A05DBBE
:10116000F823C2F80C356FF00703DDE713F10C0F1D
:1011700005DBF423C2F80C356FF00B03D4E713F151
:10118000100F05DBF023C2F80C356FF00F03CBE72F
:101190001433ABBFEC23D823C2F80C35C2F80C359E
:1011A000ACBF6FF013036FF02703BDE7E85D0120CC
:1011B0004E610120346101204F6101205B620120FA
:1011C0000010004010B5054C206830B1044B0549B3
:1011D0001A780CF05BFA0023236010BD44610120F3
:1011E000406101203C61012002280A4B07D00328FE
:1011F00009D003220128C3F810250AD17047042220
:10120000C3F810257047012901D10622F8E705220D
:10121000F6E770470010004038B5224B1B78032BCF
:1012200004460ED1204AD2F83C3743F00043C2F8BE
:101230003C37D2F83C3723F0FF0343F05C03C2F89D
:101240003C371A4B1878012822D0022825D00328D1
:10125000174A4FF040751ABF4FF4847200234FF4C1
:1012600000032B431343104AC2F81435114B1B786B
:10127000023941EA436141F440310F4BC2F818157D
:10128000C2F804451978FFF7AFFF0C4B1C6038BD5E
:101290004FF4847200250023E3E74FF484724FF08B
:1012A0008075F8E74E610120001000403461012094
:1012B000080100602C6101204F6101205461012070
:1012C000F8B54E490B78032B0ED14D4AD2F83C3776
:1012D00043F00043C2F83C37D2F83C3723F0FF0319
:1012E00043F05C03C2F83C370D78012D25D0022D68
:1012F00014BF4FF040714FF08071424B404A1B7851
:10130000414EE3B9032D414C1ABF00234FF48474BE
:101310004FF4000323430B43C2F8143533785B06C4
:1013200043F44033C2F81835394BC2F80405197834
:101330002846BDE8F840FFF757BF0021DDE7032D41
:10134000324C344F1ABF4FF4847400234FF400031F
:1013500023430B4343F48013C2F8143533782E4EE5
:101360005B0643F44033C2F81835C2F804652B4BD2
:1013700042781A800146002411F8023B3B70F81CA9
:101380007A70BC700CF082F9254B0222C3F800453C
:10139000C3F80025234AC3F80825022D224AC3F8C2
:1013A0001425C3F80C75C3F8106524D0032D07D19C
:1013B000174B1B78012B0CBF4FF440344FF4003413
:1013C000174B002244F08074C3F80445C3F804218D
:1013D000C3F80021C3F80821144A127832B1FF2261
:1013E0007270D3F800210122C3F804230122C3F84C
:1013F00000221A60F8BD4FF48034E1E74E6101200D
:10140000001000401B6101202C61012008010060D8
:101410004F6101201B6001200A5E01204C61012008
:1014200000F00040E95D01200E5F01201C610120F9
:101430000129F8B54368044628D00288022A1BD146
:10144000C2681B8822F8023C0229A2F1020511D9C8
:101450000389C668077C0E481E443A4631460CF0A4
:1014600015F90C4B61691F700B4B3A461E603046F4
:101470000CF00CF92846F8BD084D194628460CF02A
:1014800005F920882289E1682844F1E71D46F1E743
:101490003C6101204061012044610120586101202C
:1014A00030B51A4C0221C4F88010BFF34F8FBFF340
:1014B0006F8F174B174A01204FF480455860186111
:1014C000C2F80855144D00222A70144D2970D3F823
:1014D0003C5725F00045C3F83C57C3F80021D3F82A
:1014E0000051C3F80821D3F80851C3F80C21D3F8F0
:1014F0000C51C3F81021D3F81031094B9860C3F890
:101500000803C4F88011216030BD00BF00E100E095
:101510000010004000F001405A6201205962012091
:1015200000F00040A44BD3F804232DE9F341D60783
:1015300043D5D3F80021002A3FD00022C3F8002170
:10154000D3F800219D4A4FF48041C2F808159C4A07
:101550001178012903D1D3F850350A2B07D013781D
:10156000022B09D1944BD3F85035022B04D102B091
:10157000BDE8F041FFF794BF924B1978032918BFDB
:1015800011781B78042B02D01378022B10D18A4BD0
:101590000021C3F80411D3F804318B4B4FF4003110
:1015A000C3F80413D3F8441111B10121C3F8441155
:1015B0000023137002B0BDE8F081D3F8042355076F
:1015C00040F12981D3F80821002A00F0248100226B
:1015D000C3F808217C48D3F808114FF40031C0F853
:1015E00008137A494FF48074C1F880410225784984
:1015F000C3F800520C78012C40F0A580714908789E
:10160000032855D1734B1B78AB4249D0032B49D1EA
:10161000714B1B78012B15BF18220622C0233023E3
:101620006E49097802293FD0032915BF04206E2096
:1016300020244FF4807414BF082550256249D1F846
:1016400048651344334403F16A029D33C1F84025D1
:101650002B445A4A624EC2F88465234403444FF433
:101660008046C2F80465C1F844350023C1F844310E
:10167000D1F84431524B02221A70534A0123D364E9
:10168000D2F84035D2F84C259B1A002B92DA4B4BFE
:101690004FF48042C3F80825494B00221A7089E7AD
:1016A0000C23BDE71823BBE7142010240825C5E749
:1016B00009780429E1D1D3F850014A49012804BF2F
:1016C0000870C3F85021454B18BF0D701A78022AD4
:1016D0002FD0032A30D10B78012B0BBF0620182006
:1016E0006FF030026FF0B3020CBF3024C024394BCE
:1016F0001978022925D003294FF0FF3118BF0021A6
:10170000314E394BD6F8485593F9003065352B44A6
:101710002344034413440B44C6F84035274B264A60
:10172000C3F884254FF48042C3F80425244B0122DA
:10173000A2E700200C24DAE700206FF00102182451
:10174000D5E70121DCE7022C97D11E4A1478042C3E
:101750004CD1224B1B78022B2AD0032B15BF04201F
:101760006E2020244FF4807414BF082550254B6848
:10177000154A1B4E333BC2F84035104BC3F8846505
:101780004FF48046C3F80465D2F8403551332B44FA
:1017900023440344C2F8443588680023C2F8443126
:1017A000D2F8443100283FF465AFFFF771FC61E7E0
:1017B000142010240825DAE70010004000F0014052
:1017C0005A620120596201200080004000E100E0DF
:1017D000206101204E6101204F6101203461012010
:1017E0000410004035610120506101201278032A65
:1017F0007FF443AF4A68283AC0F84025444A8868D5
:10180000C2F884354FF48043C2F8043500288DD0E7
:10181000FFF73EFC8AE73F4BD3F8042314077FF51C
:10182000C9AED3F80C21002A3FF4C4AE3A4D0024CF
:10183000C3F80C41D3F80C312B78032B0AD10223C7
:101840002B70FFF7BFFC354B1B68204602B0BDE88C
:10185000F04118472B78042B7FF4ACAE304A314965
:101860001278314B0968D3F848354C782F4E022A4C
:1018700009D0032A31D0012A04F1070445D10B3BDA
:10188000A3EBC40403E0063B0834A3EB8404DFF8B5
:101890008480D8F8487500F01BFB254A02232B7082
:1018A0001278337807F07F070744002A14BF1046E8
:1018B0001846204A1070D8F800241F4812F0010F73
:1018C000C7F100010568D8F80C24009349B22346FB
:1018D0000CBF04200020A8476CE632786FF4C0707B
:1018E000012A14BFA0211421034404F1020414BFEF
:1018F00040221022A3EB010302FB14330CBF6FF054
:101900001C046FF013041C44C1E7093BB8E700BF97
:1019100000F00140001000405962012048610120A0
:1019200034610120546101200080004035610120B4
:101930005B6201204F610120306101200B4B37B504
:101940004FF40032C3F80823A3F5E043D3F8044171
:101950004CB9FFF7A5FD064B00941D6822462346AF
:1019600021460320A84703B030BD00BF00800040DF
:101970003061012070470000194A08B50023136048
:10198000184A1360184A1360184A012040F20331C4
:10199000C2F85006C2F8341540F25B61C2F838153F
:1019A000C2F82C35C2F83005114A12491376124A92
:1019B0001070124A1370124A1370124A1070124AB1
:1019C0001370124A1370124A1370124AFFF736FB53
:1019D000BDE808400F4A07490220FFF72FBB00BFB0
:1019E0004861012030610120386101200010004071
:1019F000E95D01203D1906002C61012050610120A4
:101A00001B610120596201204F61012035610120D5
:101A10005B62012025150600294B2A4AF0B40021FB
:101A20000120032482F80113274D82F8081358601F
:101A3000D860C3F80415C3F80845244C0426C3F83D
:101A400010651860C4F88055A5F5E045383DC4F828
:101A5000885505F5DE454035C4F88C554FF40045F2
:101A6000C4F804554FF0FF34C3F808434FF48073B3
:101A7000C2F880311360164B0227C3F80843C2F83E
:101A800080711760134FC7F80843C2F88051156082
:101A9000C3F80011D3F80021C3F80403C3F80811F8
:101AA000D3F80821C3F80463C3F81011C3F80C116C
:101AB000D3F80C210822F0BCC3F80423FFF7F0BCD4
:101AC0000080004000E100E04081004000F0014063
:101AD0000010004000F0004010B5FFF7E1FC1A4B89
:101AE0004FF48042C3F808254FF40042C3F808259C
:101AF000164B4FF48070C3F88000BFF34F8FBFF3D5
:101B00006F8F134C4FF0FF31C4F80813C3F88001F6
:101B10000220C3F88000BFF34F8FBFF36F8FA4F58F
:101B2000E044C4F80813C3F88001C3F88020BFF371
:101B30004F8FBFF36F8F0748C0F80813C3F8802199
:101B4000054B01221A7010BD00F0014000E100E0D9
:101B50000080004000F0004059620120064B0268FE
:101B60001A60064B42681A60054B82681A60054B82
:101B7000C2681A60704700BF4861012030610120CF
:101B8000E45D01203861012007C8024B83E80700AB
:101B9000704700BF2061012007B50190FFF780FC6E
:101BA000019803B05DF804EBFFF772BA034B08B974
:101BB0001870704701221A70704700BF2C61012015
:101BC00038B50A4C0A4D68B1FFF76AFC0323C4F824
:101BD00010354FF40073C4F85036012323600523F9
:101BE0002B7038BDC4F850060223F9E700100040FE
:101BF000596201207FB52B4DFFF71AFCD5F85035FF
:101C000013BB294B294D1C68264E283C0023C5F8E0
:101C10004045C5F84031D5F84031FFF751FB03236B
:101C2000C6F8003203A8FFF7F9F9039BE41A002C69
:101C300025DAFFF7C7FA1E4B01201B68984704B04E
:101C400070BD0A2A0ED0DCE703240190FFF728FCC0
:101C500001980023D5F85015DAB20029F1D00133EC
:101C60000B2BF7D1013C14F0FF04EED1FFF7AAFAD9
:101C70000F4B1B68012004B0BDE8704018470D4BA6
:101C80004FF48042C3F88465C3F80425D5F8403189
:101C90001BB1D6F85035002BCBD0074B03221A705E
:101CA000CDE700BF00100040E45D0120008000404F
:101CB0004861012000F001405962012007B5FFF79B
:101CC000B7FBFFF7FDFA134B1B78012BD8B21AD1E3
:101CD000114B0322C3F80022D3F800216AB1D3F8D4
:101CE00050350B2B09D00190FFF76CFA0B4B019884
:101CF0001B6803B05DF804EB1847094B03221A7008
:101D000003B05DF804FBFFF75DFA044B01201B688C
:101D1000EFE700BF5A620120001000404861012037
:101D200059620120074B1B785BB1074B0122C3F8B6
:101D30000823064B5A78FF2A00D1FEE7044A12888E
:101D40005A7070471C61012000F000400A5E0120BB
:101D50004C610120F0B587B0CDE90210FFF7A0FB80
:101D60002E4B2F4C1D680022333DC4F84055C4F85B
:101D70004021D4F840312B4B1B78022BDDE90210B7
:101D800032D0032B0BBF642220264FF48076082725
:101D900008BF5027DFF8A4C0D4F84035DCF800C0F5
:101DA000634433333B44334413440026C4F844357E
:101DB0001D4FC4F84461D4F84431FFF72DFA40F2C6
:101DC0001313C7F8003205A8FFF728F9059BED1A91
:101DD000B5420CDA154B00961C6833461A46194674
:101DE0000120A04707B0F0BD10260827D2E7104B0E
:101DF000104AC3F884254FF48042C3F80425D4F870
:101E0000403133B1D7F850351BB9084A00931468F4
:101E1000E4E7094B04221A70E4E700BFE45D012007
:101E2000008000403461012000100040306101203A
:101E300000F0014004100040596201203861012087
:101E400013B5FFF7E9F90F4B1B78022B0BD10E4BA3
:101E500040F21312C3F80022D3F8002162B1D3F884
:101E60005035032B08D00023084A00931468194604
:101E70001A460120A04702E0054B04221A7002B066
:101E800010BD00BF5A6201200010004030610120E7
:101E90005962012008B5FFF703FBBDE80840FFF7D2
:101EA00091B9000008B5084B4FF40032C3F808237D
:101EB000064B4FF48072C3F88021FFF7F1FABDE8BA
:101EC0000840FFF77FB900BF0080004000E100E05C
:101ED000054B1888054B00F5A06080B2A0FB0303FA
:101EE000800D803840B27047F063002067660600BE
:101EF000024A00231380024A13807047F0630020D7
:101F0000EE630020D823037009230B707047000094
:101F1000044BB3F900300380034BB3F900300B805E
:101F2000704700BFF0630020EE630020024B188072
:101F3000024B012019807047F0630020EE630020FF
:101F4000082808B502461EDC831EDBB2062B13D917
:101F500000281ADA031D1ADA10F1080F1ADA10F144
:101F60000C0F1ADA10F1100F1ADA10F1150FCCBF9E
:101F70006FF013026FF0270219B1FFF7A9FF1044A9
:101F800042B2104608BD0922F6E70022F4E76FF0DE
:101F90000302F1E76FF00702EEE76FF00B02EBE7E9
:101FA0006FF00F02E8E740F6060340F2726103802B
:101FB00004234180837281814FF4007341F2040154
:101FC0004382C18103830821FB23002201744383E0
:101FD0004FF4016140F20263C280C1828383C283F5
:101FE000038470474FF08053F0B51F6E5E6E451E40
:101FF0000023C3F12004A3F1200127FA03F206FA1B
:1020000004F4224326FA01F108330A43302B05F881
:10201000012FEED1437963F03F034371F0BD4FF0E0
:10202000805370B501381E6E5D6E0023C3F120042D
:10203000A3F1200126FA03F205FA04F4224325FA5B
:1020400001F108330A43402B00F8012FEED170BD97
:102050004FF0805310B51A6E02701A6E120A427059
:102060001A6E120C82701A6E120EC2705A6E0271C3
:102070005A6E120A42715A6E120C82715A6E120E08
:10208000C271D3F800110172D3F80041240A4472DE
:10209000D3F80041240C8472D3F80041240EC4729A
:1020A000D3F804410473D3F80441240A4473D3F8E9
:1020B0000441240C8473D3F804311B0EC37302F063
:1020C0000F0201F03F0342F0400263F07F03C27150
:1020D000037210BD042816D8DFE800F003060C0FC9
:1020E00012000846FFF77EBF01230B704B708B7008
:1020F000CB7070470846FFF756BF0846FFF78FBF03
:102100000846FFF7A5BF7047094B0022C3F800211E
:102110000121C3F804211960D3F8002102B17047EE
:10212000D3F804010028F7D0C3F80421F3E700BF77
:1021300000E000402DE9F041254C1F460368236173
:10214000436863610E468368A361C368E361054623
:102150009046FFF7D9FF337894F82020534033702E
:1021600094F8212073785340737094F82220B37848
:102170005340B37094F82320F3785340F3702B68E6
:1021800023616B686361AB68A3610026EB68E36160
:102190003546B74201D8BDE8F081E37F0133E377EC
:1021A000FFF7B2FF05F110030A489BB22A4610F868
:1021B000011B18F802C00135ADB281EA0C01AF4233
:1021C00008F8021001D09D42F0D11036E1E700BFBF
:1021D0001C6401203C64012083784278417910B569
:1021E000C47801321B029B184FEA04442CBF012221
:1021F00000221B1904794FEA046442F100021B1902
:1022000001F07F0442EB04021C0A437084701C0C32
:102210001B0E037121F07F0102F07F030B43C4709A
:10222000437110BD2DE9F843089EBDF82480174680
:102230001D46002838D0012814BF4FF03C094FF04C
:102240005C092C4C0B6823614B6863618B68A3614C
:10225000CB68E36184F81F80FFF756FF4FF480736B
:1022600023822B78226A23EA09030025A374E574EC
:10227000236953402361636A6361A36AA361E36ACC
:10228000E361FFF741FF2946884510D894F82030D4
:102290003B7094F821307B7094F82230BB7094F836
:1022A0002330FB70BDE8F8834FF01C09C9E701F14A
:1022B0001009C84534BFA8EB0102102231440E4872
:1022C000C4E90455C4E906550BF0E0F92369226A14
:1022D00053402361626A636953406361A26AA369E0
:1022E0005340A361E26AE3695340E361FFF70CFFE7
:1022F0004946C9E71C6401202C640120C3681ABA4E
:10230000074B1A60826812BA5A60426812BA9A6021
:10231000026812BADA60034AC2F80435704700BF97
:102320001C64012000E00040F0B5044699B00E4660
:10233000154609F0BFFD234603F110076C461868E7
:102340005968224603C20833BB421446F7D1039BA7
:102350001BBA0493029B1BBA0593019B1BBA0693FD
:10236000009B04A81BBA079308AC09F0F1FD2A46AC
:10237000103510685168234603C30832AA421C4630
:10238000F7D10B9B1BBA0C930A9B1BBA0D93099BAD
:102390001BBA0E93089B1BBA0F930CA910A809F047
:1023A000A3FD0028F9D0139B1BBA1493129B1BBAF0
:1023B0001593119B1BBA1693109B1BBA179314AC61
:1023C000334618AD224603CAAA4218605960144623
:1023D00003F10803F6D119B0F0BD00000A4B012249
:1023E00010B501441A600022884202D101225A60CD
:1023F00010BDC3F80021D3F80041002CFBD0D3F866
:10240000084500F8014BEFE700D000400E29F8B571
:102410000546164630D8194F07EB41134C012022D0
:10242000002118460BF05AF94FF0010CF10107F8A2
:1024300004C0C9B241712A69C0F8062010346A6923
:10244000C0F80A2007F804C095F82920624598BF13
:10245000B6FA86F2034698BF520907EB040098BF0C
:10246000D10141712A69C0F806206A69C0F80A20C2
:10247000C5E90B3005F1100EF8BD00BF5C6201200C
:102480002DE9F3410546007E17461E4690B34B7872
:10249000AA7EEC6A98460AB104334B70EB7E012B9E
:1024A0002BD1EB6963B118880023013080B2E3704F
:1024B000237163796070000AA07023F07F03637159
:1024C0002846FFF71BFFAB7E43B10B46CDE90078F2
:1024D00095F8290032462146FFF7A4FE43463A46C6
:1024E00031462046FFF726FEEB7E13B92046FFF764
:1024F00073FEA87E02B0BDE8F081022BE0D12B6A0A
:10250000002BDDD0D3E90023100A6270120CE270B8
:102510006279A070DBB2237122F07F0203F07F03A7
:102520001343CCE72DE9F043437E85B005460E46C4
:102530001BB9012005B0BDE8F08300230393827E20
:102540004B78046B1F4601F102092AB1042BF0D924
:102550001F1F043BBFB24B70EB7E012B09EB07083A
:1025600048D1EB6983B116F8012C16F8023C03EB55
:1025700002239BB263701B0AA3700023E3702371D4
:10258000637923F07F0363712846FFF7B7FE414666
:102590003B464A462046FFF7CDFDAB7E43B1CDE931
:1025A000009795F82900334603AA2146FFF73AFE23
:1025B000EB7E13B92046FFF70FFEAB7E002BB8D0A1
:1025C0009DF80C2098F800309A4211D19DF80D200A
:1025D00098F801309A420BD19DF80E2098F80230FD
:1025E0009A4205D19DF80F2098F803309A42A0D066
:1025F00000209FE7022BC7D16B6A002BC4D0D3E920
:102600000023110A6270120CE2706279A170DBB2D1
:10261000237122F07F0203F07F031343B3E700002E
:1026200070B5134C00214FF4806584F80A13C4F888
:102630008050BFF34F8FBFF36F8F0E4B01220326E5
:102640005A60DA60C3F80415C3F808650426C3F8B5
:1026500010654FF0FF361A60C3F80863C3F84011E5
:10266000C4F880512560044B1A70C3E9011070BD95
:1026700000E100E000A000404C6401200A490B4B3F
:102680000A781AB101225A64D3F844251044002272
:10269000C3F840214FF48032C3F84005C3F8042347
:1026A000022348600B7070474C64012000A000407A
:1026B000044B4FF48032C3F80823034B01221A70F5
:1026C000704700BF00A000404C640120074B4FF44E
:1026D0008032C3F808230022C3F84021044B0122B2
:1026E0001A709B6803B11847704700BF00A00040F4
:1026F0004C640120F8B50546064655F8044B8CB9E4
:102700000D4F386818B14FF0FF31CFF76FF83468CC
:1027100024B9284604F046F92C463560386808B1DB
:10272000CFF77CF8AC4204D0044905488B2203F073
:102730006FF92046F8BD00BF30070120E83A0700D6
:102740001B3B0700036801221B690021184703682F
:1027500000221B691146184707B5019003F002FAE1
:102760000198012105F09AF903B05DF804EB03F03C
:102770000FBA07B5019003F0F5F90198002105F0B3
:102780008DF903B05DF804EB03F002BA07B5CDE9AB
:10279000001003F0E7F9DDE9001005F05DF903B082
:1027A0005DF804EB03F0F4B9416830B4034671B14D
:1027B000D0E9032000F0010402B944B1451001EB57
:1027C00060000CB149598A58996830BC104730BC38
:1027D0007047000008B5431C04D10E490E48212261
:1027E00003F016F9012351B11F2886BF0B4A00F0F0
:1027F0001F004FF0A0428340C2F8083508BD1F28D3
:1028000086BF064A00F01F004FF0A0428340C2F886
:102810000C35F3E73E3B07007D0C0700000300503A
:10282000064B10B504460360806A08B102F03AFC1A
:10283000201DCBF7ADFE204610BD00BF843B070036
:1028400010B50446FFF7ECFF2046A82103F0F0FE88
:10285000204610BD036870B504460D461B689847B6
:1028600004F13000A567294605F028FA23682046C0
:102870005B68BDE8704018477FB506461D4656F8B0
:10288000303BCDE902211B68044698479DF8203073
:1028900083F00103DDE90221009330462B4605F069
:1028A00069FA236806465B6820469847A81B18BF4C
:1028B000012004B070BD7FB506461D4656F8303B7A
:1028C000CDE902211B68044698479DF8203083F02B
:1028D0000103DDE90221009330462B4605F02EFA74
:1028E000236806465B6820469847A81B18BF01204E
:1028F00004B070BD7FB5002401261546234622464C
:1029000002A800968DF8084002F06CF903A8009622
:102910002346224629468DF80C4002F063F903A8AD
:1029200005F06CF8002853D002A805F067F8B04213
:1029300002D1002004B070BD214603A8FFF726FF96
:1029400003A8FFF709FF0A24002103A8FFF71EFFD1
:1029500000219DF90C00FFF73DFF052003F09EFFCD
:10296000032103A8FFF712FF9DF90C000121FFF7D7
:1029700031FF052003F092FF013CE5D102A8FFF7EB
:10298000EBFE21469DF90800FFF724FF052003F028
:1029900085FF01219DF90C00FFF71CFF052003F0C6
:1029A0007DFF01219DF90800FFF714FF052003F0CA
:1029B00075FF02A8FFF7DDFE03A8FFF7DAFE03A804
:1029C00005F01CF820B102A805F018F80028B0D1D5
:1029D0006FF00100AEE710B500210446242240F854
:1029E000041B0AF07BFE204610BD08B57C30FFF7C3
:1029F00081FEBDE8084003F0DDBF08B57C30FFF77D
:102A000079FEBDE8084003F0F3BF0000F8B5194BAC
:102A100003600D46184B4361002100F13007044666
:102A2000C0E90711C0E9091101618185164680617D
:102A3000482238460AF052FE104BA36704F17C008E
:102A4000FFF7C9FF2046FFF7D0FF3246294684F83A
:102A5000A45084F8A5602046FFF74CFF94F9A52008
:102A600094F9A410384605F0E3F82046FFF7C5FFB7
:102A70002046F8BD843B0700A9270600A086010078
:102A800070B504460D461646002148220AF026FE7F
:102A900032462946204605F0CBF82046044905F089
:102AA0000DF92046012105F087F9204670BD00BFD1
:102AB000A086010005F002B9CAB2002342F001026B
:102AC000194605F0DDB905F089B905F099B910B5D9
:102AD000144605F0B5F9001B18BF012010BD05F024
:102AE00005B97047416830B4034671B1D0E903209D
:102AF00000F0010402B944B1451001EB60000CB1D3
:102B000049598A58996830BC104730BC704700005A
:102B100070B500F14C0690F9DF2090F9DE10044604
:102B2000304605F021FDD4E939530DB9DA070ED549
:102B30005A1004EB6300DB0748BFA35894F8EC106D
:102B400048BF5D5994F9ED2094F9EE30A847D4F8C8
:102B5000D810304605F01EFE224630460249BDE838
:102B6000704005F0F5BE00BF3D2E06002DE9F04196
:102B70001F46D0F8E03004460D4616462BB11749E3
:102B8000174840F22B1202F043FF164AC0E93923DE
:102B900003681B68984784F8EC5084F8ED6084F86B
:102BA000EE70032D0BD8DFE805F0150210154FF07D
:102BB000FF333246012104F14C0005F0A3FE2368E7
:102BC00020465B68BDE8F041184733464FF0FF32BE
:102BD0000221F0E73B4632462946ECE7943B0700EA
:102BE000BC3B07006D2B06002DE9F04198461D4BBC
:102BF00003601D4B436000251C4B85600446C0E903
:102C00000555C0E907550F461646C36085844563E0
:102C10004564A0F848506C22294600614C300AF007
:102C20005DFD40F20113A4F8DC304FF47F43A4F8BB
:102C3000EC30FF232046C4E93558C4E93855C4E9CF
:102C40003C55C4F8C45084F8DE7084F8DF60C4F8E2
:102C5000E85084F8EE30C4F8F850FFF759FF2046EA
:102C6000BDE8F081DC3B0700112B0600E52A0600D9
:102C700070B50646044656F84C3B0D461B6898470F
:102C80003046294605F086FD2368C4F8D850204612
:102C90005B68BDE8704018477FB50546044655F8A7
:102CA0004C6B0193CDE902213668B047DDE9013272
:102CB0002846039905F0EEFD23685B68204604B0C2
:102CC000BDE87040184738B50546044655F84C3BFA
:102CD0001B689847284605F0EFFE236805465B68A9
:102CE00020469847284638BD38B50546044655F86D
:102CF0004C3B1B689847284605F0FEFE23680546B6
:102D00005B6820469847284638BD03682DE9F341A3
:102D100005461B6816460F46984795F8DC30340187
:102D200003B1B6B195F8DD300BB1012E11D0B83436
:102D30002819B84206D00190CBF72AFC01983946F1
:102D4000F7F7B7FC2B685B68284602B0BDE8F04196
:102D50001847B83402F006FF2C44FA68E36805F11E
:102D60004C089AB10BB903F03BF9A74206D02046B4
:102D7000CBF70EFC39462046F7F79BFC0122314683
:102D8000404605F0F5FD02F003FFDBE70BB103F071
:102D90003DF92046CBF7FCFB0022E260EFE70000A4
:102DA00030B51B4B036085B000252A4669460446B2
:102DB0000395FFF7AAFF6846CBF7EAFB01226946B5
:102DC00020460395FFF7A1FF6846CBF7E1FB94F897
:102DD000DC3013B994F8DD301BB104F14C0005F080
:102DE000A3FC04F1C800CBF7D3FB04F1B800CBF788
:102DF000CFFB04F13800CBF7CBFB04F12800CBF775
:102E0000C7FB206A08B102F04DF9204605B030BD7D
:102E1000DC3B070010B50446FFF7C2FF2046FC214B
:102E200003F006FC204610BD4C3005F0CDBD10B5BA
:102E30004C300C4605F00AFE204610BD00EB011098
:102E4000B83008B5C3680BB1FDF72AFF08BD0368A9
:102E500070B504461B680D46984794F8DC30AB42C9
:102E60002BD065B194F8DD304BB9A268636851107E
:102E700004EB6200D20744BF6258D358984702F06F
:102E800071FE05B3D4F8C4305BB104F1B800FDF7AE
:102E900007FF03F0A5F80122002104F14C0005F022
:102EA00067FD02F075FE84F8DC5035B994F8DD302A
:102EB0001BB904F14C0005F037FC236820465B6821
:102EC000BDE8704018472A46294604F14C0005F039
:102ED0004FFDD4F8C430002BE3D003F097F8E0E7BF
:102EE000036870B504461B680D46984794F8DD30BA
:102EF000AB422BD065B194F8DC304BB9A268636863
:102F0000511004EB6200D20744BF6258D35898476F
:102F100002F028FE05B3D4F8D4305BB104F1C80048
:102F2000FDF7BEFE03F05CF80122114604F14C00EF
:102F300005F01EFD02F02CFE84F8DD5035B994F842
:102F4000DC301BB904F14C0005F0EEFB2368204691
:102F50005B68BDE8704018472A46012104F14C0027
:102F600005F006FDD4F8D430002BE3D003F04EF882
:102F7000E0E770B5D0E90213D0E9082504465218FD
:102F800045EB030300F078F9636B2BB104F12800E3
:102F90001B68BDE87040184770BD884270B5044694
:102FA0000D460AD0CBF7F4FAEB68E3602BB1294663
:102FB00020465B68BDE87040184770BD38B50446D0
:102FC000154600F043F9064B236000220023C4E9B4
:102FD00008230023636384F83850204638BD00BFBF
:102FE000F43B070013B5044601A802F063F820463D
:102FF00000F04CF9636B23B194F838300BB103F057
:1030000005F804F12800CBF7C3FA0023636301A895
:1030100002F058F802B010BD70B5054614461E46C1
:1030200000F034F9C5E90846A86901F0FDFF22184F
:1030300046EB01032846BDE8704000F01DB9F7B526
:10304000044601A81D460F46164602F033F8636B8E
:1030500023B994F838300BB102F0C2FF394604F1BD
:103060002800FFF79AFF32462B462046FFF7D4FF91
:1030700001A802F027F803B0F0BD000010B5044627
:1030800001F0CCFD002201462046FFF797FF024BDE
:103090002360204610BD00BF9836070030B5436B53
:1030A00085B00446F3B100F1280503935B68294617
:1030B000684698472846CBF76BFA0023636394F879
:1030C00038300BB102F0A2FF039B2BB90649074829
:1030D0004FF4FD7202F09CFC68461B6898476846F6
:1030E000CBF756FA05B030BD28300700573007003F
:1030F00010B5044601F092FD002201462046FFF77C
:103100005DFF024B2360204610BD00BF003C07005E
:10311000437D10B504461BB1037D0BB102F076FF71
:10312000204610BD13B5044601A801F0C3FF637D1E
:1031300053B9237D0BB102F053FF206901F074FFF6
:10314000C4E900010123637501A801F0BBFF02B0CF
:1031500010BD37B504460D4601A801F0ABFF0023B2
:103160000022C4E900236B7D4BB1286901F05CFFAC
:10317000D5E90032C01A61EB0201C4E9000101A8DF
:1031800001F0A0FF204603B030BD30B585B0044645
:103190000D4603A801F08EFF29466846FFF7D9FFC8
:1031A000D5E90221009B9B18019A42EB0102C4E978
:1031B000003203A801F086FF204605B030BD07B5F8
:1031C00001466846FFF7E1FFDDE9000103B05DF865
:1031D00004FB13B5044601A801F06CFF206901F05F
:1031E00023FF00220023C4E90001C4E9022301A84F
:1031F00001F068FF02B010BDD0B500230026002703
:10320000C0E90067C0E902670446016102754375C1
:10321000FFF7DFFF2046D0BD10B5044601F02EFFBA
:10322000012201462046FFF7E7FF204610BD10B5FA
:10323000044601F0F3FC002201462046FFF7DCFFC4
:10324000204610BD03681B681847000010B50446EF
:10325000074B236000220023C4E902230023084611
:10326000A161C4E90433034901F06EFE204610BD9C
:10327000183C07004532060007B5009000F1080130
:10328000806901F09EFE03B05DF804FB00F10801C7
:10329000806901F0AEBE000010B5034B0360044628
:1032A000FFF7F4FF204610BD183C070000207047D0
:1032B0006FF01C0070476FF01C0070476FF0150036
:1032C00070476FF01500704701207047012070476C
:1032D000002070470020704770B511F001040546CA
:1032E0008EB204D0FFF7EFFC041E18BF0124F306D2
:1032F00005D52846FFF7F8FC08B144F01004204635
:1033000070BDA0F1FC00FFF7E7BF08B5FFF79FFD18
:10331000002008BDA0F1FC00FFF7F7BF08B5FFF7DC
:10332000DFFD002008BDA0F1FC00FFF7F7BF0000A3
:1033300010B5034B03600446FFF732FD204610BD75
:10334000243C0700A0F1FC00F2E700BF10B50446E2
:10335000FFF7EEFF20464FF4807103F069F9204635
:1033600010BDA0F1FC00F1E72DE9F04106460D4645
:103370001746C2B102F0F3FB80F0010313F0FF0423
:1033800003D0336830461B68984705EB070815F8EB
:10339000011B3046FFF74BFDA845F8D11CB133683F
:1033A00030465B6898473846BDE8F081A0F1FC00E4
:1033B000FFF7DABF38B504460D4662B103681B68F3
:1033C00098472046FFF730FD2870236820465B6849
:1033D0009847012038BD1046FCE7A0F1FC00FFF73C
:1033E000E9BF000010B50446FFF7FEFB044B03F1F4
:1033F000080244332260C4F8FC30204610BD00BFF0
:103400001C3C070030B5056885B00446CDE90221B3
:1034100001932D68A847DDE9013220460399FFF7A3
:10342000A5FB23685B68204605B0BDE8304018471F
:1034300030B5044685B004F1080502F093FB294637
:103440006846F7F736F92846CBF7A2F8E06900237B
:10345000C4E9053308B103F02DFB02F099FB039B8F
:1034600013B11B68684698476846CBF791F805B0DA
:1034700030BD0000002204494260C0E9052201601D
:10348000C2610284704700BFF83C0700074B10B5CB
:1034900003608369044623B105490648262202F0E9
:1034A000B7FA0830CBF774F8204610BDF83C070097
:1034B000A83C0700D13C070070B504460E4602F058
:1034C00051FBA56965B104F10800CBF761F8002351
:1034D0000122636184F82020E36184F82160A36104
:1034E00002F056FB2DB121462846BDE8704000F0A1
:1034F0002EB970BD08B103F05DBA02F033BB08B15C
:1035000003F076BA02F044BB2DE9F041044686B0E0
:103510000E46174602F026FBA56902F039FB35B3CB
:1035200001AD0021284603F09FFA02F01BFBD4E90D
:10353000068323B10F491048392202F069FAE56188
:1035400002F026FBB8F1000F0ED03946284603F0F2
:1035500093FA48B93046FFF7CDFF20460121FFF727
:10356000ABFF3046FFF7CBFF284603F0A6FA06B0C4
:10357000BDE8F081A83C0700DF3C07000022C0E95D
:10358000012201220160027370477047037B33B14F
:10359000D0E90023126893428CBF00230123184610
:1035A00070472DE9F0410468012606FA01F1002375
:1035B000271D82EA060E17F813400C4204D004F0CF
:1035C00030043AB1102C07D10233202BF3D14FF045
:1035D000FF300DE0002CF7D0D0F808C042EA030518
:1035E00006FA05F818EA0C0FEED1202C02D0284676
:1035F000BDE8F0814EEA030406FA04F414EA0C0F65
:10360000F5D0E1E770B50D4611462A4604461E4640
:10361000FFF7C7FF002802DA0020207370BD25687D
:103620006368420805EB8205E98819446B7906FB5B
:10363000031363600121A36881400B4342EAC01079
:10364000A360C0B2EAE713460A460121FFF7DABFDA
:1036500013460A460021FFF7D5BF13B50A4601916C
:1036600000210446FFF7EFFF019A0021204602B037
:10367000BDE81040FFF7ECBF0022C0E90022704710
:1036800070470068704700230B60436813B90160FE
:10369000416070471960FBE703682BB11A6802B9F3
:1036A0004260026000221A601846704710B5046834
:1036B000002223468B420ED10AB10B6813608C4264
:1036C00004BF0B68036043688B424FF0000308BFE0
:1036D00042600B6010BD002BFCD01A461B68E9E766
:1036E00010B50446FFF7C8FF204610BD08B5FFF728
:1036F000C8FFB0FA80F0400908BD70B505462846FD
:10370000FFF7BFFF044678B150F8043C061F9B68E2
:103710003046984740B12846FFF7BEFF54F8043CB6
:103720003046DB689847EAE770BD70B504460D4641
:10373000FFF7A7FFAC610646291D2046FFF7A3FF50
:1037400026B92046BDE87040FFF7D7BF70BD70B501
:1037500005460C46FFF795FF064604B104342146A2
:103760002846FFF7A3FFA64204D12846BDE87040D3
:10377000FFF7C3BF70BD10B504462046FFF781FFB9
:1037800028B150F8043C0438DB689847F5E710BDD1
:1037900010B50446FFF7EFFF2046FFF771FF204604
:1037A00010BD7047704703689B6D184770B586B0B1
:1037B000154B01930023ADF808308DF80A3040F224
:1037C0000123ADF8123040F2031390F82043416812
:1037D0000289ADF8143000F10A038DF80B40039113
:1037E000ADF8102001AC05AE1D46224603CAB24218
:1037F00018605960144603F10803F6D112881A8044
:10380000284606B070BD00BF120100020048704794
:10381000E03F070000487047184007000048704725
:10382000E43F0700004870472A40070000487047FF
:103830001040070000487047FA3F0700036810B5C2
:1038400004465B6F9847D4F8EC0203681B6F9847F7
:10385000236820469B6FBDE81040184738B5D0F864
:103860003433012B044610D10025D4E9C93000F0CF
:10387000010203B94AB14110C4E9C95504EB600023
:103880000AB16258D3589847EFE7D4F834332BB9CC
:103890000649074840F2C66202F0BAF8013BC4F894
:1038A0003433BDE8384002F073B900BF083D07006B
:1038B000333D070008B5D0F834332BB90349044829
:1038C00040F2CD6202F0A4F808BD00BF083D070039
:1038D000333D070010B5044602F044F9D4F8343300
:1038E0000133C4F834332BB9034904484FF4D76289
:1038F00002F08EF810BD00BF083D0700333D070001
:10390000036837B5DB6F0D460446984715F0700F16
:1039100001D12B0706D100231049114800931A4604
:1039200002F09AFA6B0003F01E0343EAD5118B1ED6
:10393000182000FB034393F831206AB1013900FBE2
:103940000140013A043083F83120C36823B11B6879
:1039500003B0BDE83040184703B030BD3F3D07001D
:1039600004011580036873B50446DB6F9847B4F80B
:10397000F8120B0A022B25D0032B56D0012B04D1B1
:10398000236820461B6B984708B9002018E023687D
:1039900020461B6B98470678122EF6D123682046E6
:1039A0001B6B98474578012DEFD12368C4F8046359
:1039B0001B6B2046984784F80853C4F80003284638
:1039C00002B070BD2368C9B25B6B01912046984775
:1039D0000028DAD0236801995B6B2046984703786A
:1039E0000199092BD1D1236820465B6B9847437816
:1039F0000199022BC9D1236820465B6B9847236845
:103A000085785B6B019920469847C378019945EA10
:103A100003252368C4F804535B6B20469847C4F819
:103A20000003012084F80803CAE7C9B20529ACD80D
:103A3000DFE801F0030F19232D37236820469B6B25
:103A400098470378C4F8043323689B6B2046984753
:103A5000E5E723682046DB6B98470378C4F8043316
:103A60002368DB6BF2E7236820461B6C98470378DA
:103A7000C4F8043323681B6CE8E7236820465B6CBA
:103A800098470378C4F8043323685B6CDEE7236847
:103A900020469B6C98470378C4F8043323689B6CDA
:103AA000D4E723682046DB6C98470378C4F80433D6
:103AB0002368DB6CCAE70B78DB0913700B78C3F360
:103AC000411353700B7803F01F0393704B78D3703E
:103AD0004B8893808B88D380CB88138170470000FC
:103AE000036870B504465B6F0D46984794F80C3335
:103AF000022B05D009490A4840F23D1201F088FF27
:103B0000084BC4F824330023C4F82833236884F80E
:103B1000105320469B6FBDE870401847083D0700D2
:103B20005E3D07000940060038B503680446DB6FB8
:103B3000984794F8083313B10025284638BDD4F8C7
:103B4000EC0203685B6C9847D4F804239042F3D8E6
:103B5000D4F80013121A0144C4F80013C4F8042363
:103B6000A2B994F80A53022384F80C3345B12368B0
:103B700084F80A239B6E04F53D7120469847DCE7E4
:103B800001212046FFF7ACFF0125D6E7D4F8EC026F
:103B9000D4F820430368A2421B6C28BF22469847F2
:103BA000F2E70000036813B50446DB6F984794F80A
:103BB0001C33012B06D800230F4900931A460F48E7
:103BC00002F04AF994F80C3323B100230C49009316
:103BD0001A46F4E794F80B33032B0BD02046FFF77B
:103BE000A3FF38B9D4F8EC020368DB6C02B0BDE87F
:103BF0001040184702B010BD893D07000E01158026
:103C0000B13D070038B503680446DB6F984794F868
:103C10000833012B3BD1D4F8045335B994F8093358
:103C20000BB901252CE084F80953D4F82033D4F8DB
:103C3000EC02D4F800139D4228BF1D4603682A46B3
:103C40009B6C9847D4F800332B44C4F80033D4F865
:103C500004335B1BC4F80433002BE2D194F809232E
:103C6000002ADED194F80A53022384F80C334DB1B4
:103C7000236884F80A239B6E04F53D71204698471B
:103C8000284638BD01212046FFF72AFFC9E7002555
:103C9000F6E70000036813B50446DB6F984794F815
:103CA0001C33012B06D800230B490C4800931A46FD
:103CB00002F0D2F894F80B33032B0BD02046FFF719
:103CC000A1FF38B9D4F8EC020368DB6C02B0BDE8A0
:103CD0001040184702B010BD893D07000E01158045
:103CE000036870B504465B6F0D46984794F80C3333
:103CF000032B05D009490A484FF4C37201F088FE2E
:103D0000084BC4F824330023C4F82833236884F80C
:103D1000105320469B6FBDE870401847083D0700D0
:103D2000FB3D0700C74A060010B503680446DB6F79
:103D30009847012004F21D33C4F80033C4F804038B
:103D400084F8080310BD036810B50446DB6F98477C
:103D500094F81C33042B01BFB4F82E33A4F8FA32C4
:103D6000012004F54C7303BFC4F80033C4F8040306
:103D700084F80803002010BD036810B5DB6F04460B
:103D80009847042384F80C33236894F8F8221B6FB7
:103D9000B4F8FA1220469847012010BD036870B5A8
:103DA00004465B6F0D46984794F80C33042B05D0FE
:103DB00009490A484FF4EB7201F02AFE084BC4F897
:103DC00024330023C4F82833236884F81053204692
:103DD0009B6FBDE870401847083D0700273E07006D
:103DE00099400600036810B50446DB6F984794F8C5
:103DF0001C33042B02D0B4F8FA3233B994F8F632FB
:103E0000012B25D0022B02D023B300201FE0B4F8F1
:103E1000FA2222F08F03002BF7D112F00F030CD0FF
:103E2000530003F01E0343EAD213023B182202FBA5
:103E3000034393F83030C3F34003074AC4F8002328
:103E4000138001200223C4F8043384F8080310BD52
:103E50000023F2E70123F0E75864012010B503685E
:103E6000044690B0DB6F9847D4F8EC02D4F82023D6
:103E700003686946DB6B984704F53D726946204646
:103E8000FFF719FE0023C4F80833C4E9C033012347
:103E900084F80C33236811465B6E984710B010BD50
:103EA000036813B50446DB6F984794F81C33012B65
:103EB00006D800230A490B4800931A4601F0CCFFAC
:103EC00094F80C23012384F82C332AB9204602B03D
:103ED000BDE81040FFF7C2BF84F82D3302B010BD1B
:103EE000893D07000E0115802DE9F0411D4603684C
:103EF00004465B6F0F461646984794F80C33012B27
:103F000005D00B490B4840F2BA2201F081FD0A4B63
:103F1000C4F824330023C4F82833236884F81073CA
:103F2000C4E9C56520469B6FBDE8F041184700BF56
:103F3000083D07004F3E07003B490600036870B587
:103F40000446DB6F9847B4F8FC2292B394F8F4125D
:103F500094F80833012925D1012B06D0D4F8EC02BE
:103F60000368DB6CBDE870401847D4F80433934213
:103F700001D9C4F804230129D4F8043326D193428B
:103F800008D2D4F82023B3FBF2F002FB10330BB9B4
:103F900084F80913022384F80B332046BDE87040EF
:103FA000FFF730BE002BD9D1D4F804339342E2D0CE
:103FB000D4E7D4F8EC02D4F804230368002AD0D163
:103FC000032184F80B139B6C11460EE0D4F8EC022D
:103FD0000122016884F80B23D4F820230D6CD4F857
:103FE00000139A4228BF1A462B46BDE87040184776
:103FF00010B503680446DB6F9847002384F82D331F
:10400000032384F80B3310BD036810B5DB6F04463F
:104010009847002284F80C2394F82D2394F8103349
:1040200022B12046BDE81040FFF7E2BF33B9D4F813
:10403000EC020368BDE81040DB6C184794F80B33C2
:10404000012B0AD1D4F8EC02032384F80B33036864
:104050009B6CBDE8104011461847022B07D1D4F8DD
:10406000EC02032384F80B3303681B6CF1E710BDEB
:10407000036810B5DB6F04469847002384F82C339F
:1040800094F80C3323B92046BDE81040FFF7B0BFC9
:10409000012384F82D3310BD036810B5DB6F04468F
:1040A0009847002284F80C2394F82D2394F81033B9
:1040B00022B12046BDE81040FFF79ABF63B1B4F8C3
:1040C000FA32A4F82E33B4F8F83284F830332046AC
:1040D000BDE81040FFF732BFD4F8EC020368BDE83A
:1040E0001040DB6C1847036810B504465B6F9847B7
:1040F00094F8F03283B9D4F8EC02036821469B6847
:104100009847D4F8EC02036840219B6B9847012341
:10411000C4F8200384F8F032236820469B6FBDE882
:104120001040184738B5036804465B6F984794F809
:104130001C53236820469B6FEDB298472B1F5842B3
:10414000584138BD036810B55B6F04469847204658
:10415000FFF7C9FF94F8F1323BB9D4F8EC020368D9
:104160005B699847012384F8F132236820469B6FEE
:10417000BDE81040184700002DE9F04F904685B08B
:1041800002680391526F0293DDF83890054690471C
:10419000039911F0700F03D111F00F0F029B06D19C
:1041A00000232B492B4800931A4601F055FE95F841
:1041B000F2723FB92B6828469B6F9847384605B086
:1041C000BDE8F08F4C0004F01E0444EAD114A61E92
:1041D0004FF0180B0BFB065A9AF83020D20705D582
:1041E0001D491E484FF48E6201F012FCB8F5806F35
:1041F00004D919491A4840F27142F5E7D5F8EC02A2
:104200000268176D4246B84707460028D2D0601EA4
:104210000BFB0050043048450BD00290CAF7B8F9A8
:10422000D9F80C30CAF828301BB15B6802984946AF
:104230009847182303FB065696F83030A6F82C80D2
:1042400043F0010386F83030002386F83130B1E7BF
:104250003F3D070004011580083D0700723E07003E
:10426000943E0700D0F8EC0203685B6B184700002F
:10427000F8B50F461949044640F81C1B00250646B0
:1042800004F53B71F5601836B142FBD1E380BDF80F
:1042900018302381A28000214FF4347209F01EFAF5
:1042A0002822002104F53D7009F018FA0123C4E921
:1042B000C855C4E9CA55C4F8EC72A4F8F05284F8A1
:1042C000F252C4F8345384F8305384F81C3384F821
:1042D0001D5384F81E532046F8BD00BF603F070001
:1042E00038B503685B6F0D46044698472B071FBF20
:1042F0006B0003F01E0343EAD5118B1E1BBF18226F
:1043000002FB0343D4F820539D8D236820469B6F06
:104310009847284638BD00000368F7B55B6F0E4626
:104320000546984736F08F0701D1320706D10023A2
:104330001749184800931A4601F08EFD740004F0E6
:104340001E0444EAD6141823023C03FB045494F8D8
:104350003030DB0709D42846FFF7E4FE80B10E4970
:104360000E4840F28C5201F053FB94F831303BB1CF
:10437000D5F8EC0203683146DB6E984784F831705B
:104380002B689B6F284603B0BDE8F040184700BF7C
:104390003F3D070004011580083D0700AC3E0700C3
:1043A000036873B55B6F0E460446984716F0700FAE
:1043B00001D1310706D100231A491B4800931A4640
:1043C00001F04AFD750005F01E0545EAD6151823D3
:1043D000023D03FB054595F83030DA0709D4204645
:1043E000FFF7A0FEB0B11149114840F2CC4201F0F4
:1043F0000FFB43F0020385F83030D4F8EC02036879
:1044000031469B6D984795F831301BB131462046B7
:10441000FFF782FF23689B6F204602B0BDE8704023
:10442000184700BF3F3D070004011580083D070005
:10443000AC3E0700036810B50446DB6F984794F85C
:104440001C33042B02D0B4F8FA32A3B994F8F63234
:10445000022B10D1B4F8FA1231F08F000BD111F009
:104460000F030AD0B4F8F83223B92046C9B2FFF7D7
:1044700097FF012010BD0020FCE71846FAE7000076
:104480000368F7B55B6F0E460446984716F0700F49
:1044900001D1310706D100231C491D4800931A465B
:1044A00001F0DAFC750005F01E0545EAD615023D5F
:1044B000182707FB054393F83020D20709D420467C
:1044C000FFF730FED0B11349134840F2F14201F03A
:1044D0009FFA93F831301BB131462046FFF71CFF9D
:1044E00007FB0545314695F8303023F0020385F887
:1044F0003030D4F8EC020368DB6D984723689B6F7B
:10450000204603B0BDE8F040184700BF3F3D07001C
:1045100004011580083D0700AC3E0700036810B594
:104520000446DB6F984794F81C33042B02D0B4F890
:10453000FA32A3B994F8F632022B10D1B4F8FA1279
:1045400031F08F000BD111F00F030AD0B4F8F8321C
:1045500023B92046C9B2FFF793FF012010BD002008
:10456000FCE71846FAE700002DE9FF41984603688A
:1045700003920E465B6F0746984736F08F0403D1CF
:1045800016F00F0F039A06D100232049204800930C
:104590001A4601F061FC750005F01E0545EAD615C6
:1045A0001823023D03FB057595F83030DB070AD46C
:1045B0003846FFF7B7FD044688B11649164840F261
:1045C000AF5201F025FAAB8D434505D91349144884
:1045D000009423462246DCE795F8311039B13B6858
:1045E00038469B6F9847204604B0BDE8F081D7F865
:1045F000EC0201680C6E3146A04704460028EED05C
:1046000095F83130013385F83130E8E73F3D070058
:1046100004011580083D0700AC3E0700BA3E0700C4
:1046200005011580036837B55B6F0D460446984752
:1046300015F0700F01D12A0706D10023154916483D
:1046400000931A4601F008FC6B0003F01E0343EAD6
:10465000D513023B182202FB034393F83030DB07EB
:104660000AD42046FFF75EFD054660B10B490C48B1
:1046700040F2E95201F0CCF9D4F8EC020368294683
:104680005B6E98470546236820469B6F98472846EF
:1046900003B030BD3F3D070004011580083D070011
:1046A000AC3E07002DE9FF419846036803920E4691
:1046B0005B6F0746984736F08F0503D116F00F0F52
:1046C000039A06D100232249224800931A4601F09A
:1046D000C3FB740004F01E0444EAD6141823023C01
:1046E00003FB047494F83030DB070AD43846FFF734
:1046F00019FD054688B11849184840F20A6201F0D0
:1047000087F9A38D434505D21549164800952B46D8
:104710002A46DCE794F831303BB13B6838469B6F62
:104720009847284604B0BDE8F081D7F8EC0203684A
:1047300031469D6E4346A847054638B194F831305E
:10474000A4F82E80013384F83130E6E7E085E4E711
:104750000B3F070004011580083D0700AC3E070031
:10476000293F070005011580036837B55B6F0D46CB
:104770000446984715F0700F01D1290706D1002390
:104780001249134800931A4601F066FB6B0003F0D0
:104790001E0343EAD51118228B1E02FB034393F834
:1047A0003020D2070AD42046FFF7BCFC054630B1C2
:1047B0000849094840F2496201F02AF9DD8D236871
:1047C00020469B6F9847284603B030BD3F3D070009
:1047D00004011580083D0700AC3E0700036870B572
:1047E0000446DB6F0D46984794F81C2384F81C534D
:1047F000AA42D3B226D0032B09D9032D8CBF0026A1
:104800000126012B05D9012D03D88EB103E0002626
:10481000F7E786B100264FF43472002104F11C0042
:1048200008F05CFF002384F81D3384F8F23216B1DF
:104830002046FFF71DFC2368294620461B6EBDE875
:104840007040184770BD036810B50446DB6F984789
:10485000D4F8EC0294F8F8120368DB6A9847B4F8CD
:10486000F8322BB902212046FFF7B8FF012010BD16
:104870000321F8E7036810B50446DB6F984794F806
:10488000F81284F81D1351B9D4F8EC0203681B6ABE
:10489000984703212046FFF7A1FF012010BD012307
:1048A00084F8F232032384F80C3323682046DB6E4D
:1048B0009847F2E7036810B50446DB6F984794F811
:1048C000F532C3BB94F8F7320B2B34D8DFE803F092
:1048D000060B331033151A331F24292E2046BDE84A
:1048E0001040FFF77FBA2046BDE81040FFF716BE24
:1048F0002046BDE81040FFF79DBD2046BDE81040B2
:10490000FFF7A1BF2046BDE81040FFF72BB82046B7
:10491000BDE81040FFF708BA2046BDE81040FFF799
:10492000A9BF2046BDE81040FFF70DBA2046BDE8FC
:104930001040FFF721BA002010BD036810B5DB6FEF
:1049400004469847002084F80C0394F82D0394F84B
:104950001033D4E9C52190B1012B0BD8022384F880
:104960000C33236804F53D7120469B6EBDE8104072
:10497000012218472046BDE81040FFF739BB042B41
:1049800012D12046FFF796FF30B9D4F8EC02036845
:10499000BDE81040DB6C184794F80C3373B920461F
:1049A000BDE81040FFF7CABA032BEED00120C4E9DE
:1049B000C02184F80A0384F80833F0E710BD0368C7
:1049C00010B5DB6F0446984720460221FFF706FF2B
:1049D000002384F81E332046FFF74AFB2368204655
:1049E000DB6DBDE810401847036810B504465B6FE7
:1049F000984794F8F1323BB1D4F8EC0203689B6914
:104A00009847002384F8F13294F81C33012B03D922
:104A100001212046FFF7E2FE002384F81D3384F8CD
:104A20001E33236820469B6FBDE81040184703687B
:104A300010B504465B6F984794F8F03253B12046A6
:104A4000FFF7D2FFD4F8EC020368DB689847002335
:104A500084F8F032236820469B6FBDE81040184769
:104A60000D4B70B5036090F8F03204462BB10B4942
:104A70000B4840F2625200F0CBFFFFF7D8FF04F57D
:104A80003B7504F11C06B54204D0183D2846C9F711
:104A90007FFDF8E7204670BD603F0700083D070036
:104AA0004A3F070038B503680D46DB6F0446984758
:104AB00045B994F81C332BB129462046BDE838404F
:104AC000FFF78CBE38BD036870B50446DB6F9847AE
:104AD00094F82D3394F8106303B97EB92046FFF79C
:104AE00021FB054650B901464FF4347204F11C0015
:104AF00008F0F4FD84F81D5384F8F252002384F882
:104B00000C3394F82D3323B12046BDE87040FFF7F5
:104B10006FBAD4F8EC02036856B1DB6998472046B7
:104B20000421FFF75BFE2046BDE87040FFF706BAA0
:104B3000BDE87040DB6C184770B50E46044615465C
:104B400002F038FF013609D02046002102F0A6FF0E
:104B500029462046BDE8704002F07EBF70BD0000CF
:104B600008B5431C04D10E490E48212200F050FF25
:104B7000012351B11F2886BF0B4A00F01F004FF0E0
:104B8000A0428340C2F8083508BD1F2886BF064AE8
:104B900000F01F004FF0A0428340C2F80C35F3E74D
:104BA0003E3B07007D0C070000030050F8B50F46A0
:104BB000044615461E4602F0FDFE01370ED094F95C
:104BC00000003146FFF7CCFF2046012102F066FFCE
:104BD00029462046BDE8F84002F03EBFF8BD03225A
:104BE000FFF7AABF73B5164604461A460D46069B44
:104BF0006EB90193FFF7A0FF01350DD0019B94F929
:104C00000000194602B0BDE87040FFF7A9BF02B02E
:104C1000BDE87040FFF7CABF02B070BD00487047E2
:104C200030400700024B1B680BB102481847704721
:104C3000F463002030400700F8B5446894F832600F
:104C40008EBB03685B689847226A82422BD0236937
:104C50002062821A1A40A368A2FB03C194F934208F
:104C6000CAB1606A10EB0C0541F10001002A1BDBA0
:104C7000C2F12000A2F1200325FA02FC01FA00F0A3
:104C800021FA03F34CEA000C4CEA030CD1400CFA75
:104C900002F2AA1A6262D4E90A3213EB0C0341EB66
:104CA0000201C4E90A31F8BDE76833463A462846AE
:104CB00007F0C6FE844607FB10506062EBE78242B5
:104CC00006D98A420BD9884294BF00200120704740
:104CD000884206D98A428CBF0020012070470120FB
:104CE00070470020704700002DE9F74347683B6B91
:104CF00023F07F4929F0FF090646B9F1000F5ED184
:104D0000FFF79AFF7B68002B5CD0D3E90040D7E91E
:104D10000A23A242834105D333685B6903B0BDE82F
:104D2000F04318477568D5E90A23A41AD5E9058226
:104D300060EB0300EB69A24283411ED3EB68A3FB47
:104D4000044103FB001195F933309BB1AA68501E52
:104D5000001941F10001002B1DDBC3F1200CA3F170
:104D6000200220FA03F401FA0CFC44EA0C0421FAB4
:104D700002F21443A04528BFA0462B6A08EB0302A9
:104D80002B691A403B6A93420AD11449144840F2F5
:104D9000C91200F03DFE4B4607F052FE0446E9E71B
:104DA0003368019210461B69984733685B689847DF
:104DB000019A0146386AFFF782FF0028ACD103B0A0
:104DC000BDE8F0837B69386A3A69184433681B6927
:104DD000104003B0BDE8F043184700BF5C40070037
:104DE000834007004368F7B593F830200546002A52
:104DF0007AD193F83230002B76D103681B6898473C
:104E00002B68DB69984703682BB938493848009309
:104E10001A4601F021F8374A1F461446B7FBF2F252
:104E200004FB12722746002AF7D16E683149B1FBA4
:104E3000F4F11F22B1600127013A03D307FA02FC03
:104E40006145F9D186F83320B3FBF4F21F23F260F9
:104E5000012404FA03F7BA4201D0013BF9D286F8E3
:104E600034304068071F1C2F05D9002322492348EE
:104E700000931A46CDE720281CBF012383404FF042
:104E8000070404FA07F414BF03F1FF334FF0FF33B4
:104E900033617461E017A4FB0143002701FB00317B
:104EA000531E47F1FF3CE01841EB0C013B4607F075
:104EB000C7FD2B68C6E90601C6E900775B6898471D
:104EC0006B683062002101220020C3E90A015F62A1
:104ED00028461A8683F83270FFF7AEFE284603B0E4
:104EE000BDE8F040FFF700BF03B0F0BDA7400700EA
:104EF0000E01048040420F00C040070005010480FD
:104F0000F3B44568069C8C60C1E900236C680027F7
:104F100034B9CC607FB9696002B0F0BCFFF7E4BE81
:104F2000666801962668B242019E73EB0606F0D3CE
:104F30002746E468ECE7F960D5E90A4194429941D3
:104F4000EAD202B0F0BC704738B505460C46FFF710
:104F500049FF00F007FE6B681C60BDE8384000F0B8
:104F600017BE70B5054600F0FDFDD5E90034DB68DD
:104F7000984794F832301BB1BDE8704000F008BE8D
:104F8000012384F831306368A3B12846FFF754FE4B
:104F90006368D4E90A62D3E9000186428A4109D3F1
:104FA0006A68DB68526863602368002BEBD0906806
:104FB0009847E8E7002384F831302846FFF794FE4D
:104FC000DAE710B586B0CDE904210393089C02907E
:104FD00000F0C8FD0298FFF72FFEDDE903320599C6
:104FE00002980094FFF78CFF06B0BDE8104000F077
:104FF000CFBD38B505460C4600F0B4FD6A6853686D
:10500000A34209D1DB6853602846FFF76DFEBDE877
:10501000384000F0BDBD1346002BF8D0DA68A2423C
:10502000F9D1E268DA60F2E713B50446FFF7DAFE79
:1050300000F098FD2046FFF7FFFD6368D3E90A0101
:10504000CDE9000100F0A4FDDDE9000102B010BDD2
:1050500008B5FFF7E9FF08BD024B00221A7003F004
:105060003FBE00BF9864012008B503F0A7FD024BC6
:1050700001221A7008BD00BF9864012000487047E3
:10508000FC400700024B1B680BB1024818477047F1
:10509000F8630020FC40070091F90C2091F90410FE
:1050A00003F062BA024B1B6803B11847704700BF98
:1050B000D864012007B5019000F054FD019803B0B9
:1050C0005DF804FB07B5019000F062FD019803B0A4
:1050D0005DF804FB00F046BD00F05ABD007B704750
:1050E00038B50D4B03600023C0E90131027304465B
:1050F0000A480D46FDF7FEFA01F05CFC55B1084B7D
:105100001A6862601C600548FDF7F4FA01F070FC53
:10511000204638BD6560F6E738410700E0640120AD
:10512000DC640120144B10B5036004461348FDF7FE
:10513000E1FA01F03FFCA3682BB1114962680B68EA
:10514000A34212D10A600F4B0C481A68A24204BF56
:1051500000221A60FDF7CEFA01F04AFC237B13B956
:10516000201F01F069FA204610BD19465B68A34272
:10517000FBD14A60E7E700BF38410700E064012047
:10518000DC6401200865012010B50446FFF7CAFF62
:105190002046102101F04CFA204610BDF8B5064615
:1051A00017480D46FDF7A6FA01F004FC154B1C68E4
:1051B00084B9072D1BD114482A46314608F058FA05
:1051C000A8B90F48FDF796FA01F012FC0F4B1C68C6
:1051D0002046F8BDA76887B1384609F03FF9A842D4
:1051E0000BD12A463146384608F042FA28B904481D
:1051F000FDF780FA01F0FCFBEAE76468D8E700BF3E
:10520000E0640120DC6401202841070008650120DA
:1052100000207047036870B51B6901220021044615
:105220009847051E0DDB236802221B6900212046DA
:1052300098472368064629461B690022204698475E
:105240003546284670BD000070B50E460025C0E901
:1052500000550E490446304609F008F9304403462B
:1052600029461A782F2A07D10133236049B9084902
:1052700008482A2200F0CCFB002AF6D00131013385
:10528000EFE7FFF78BFF6060204670BD904107009D
:1052900092410700B941070000687047406808B5AF
:1052A00020B1FFF71BFF431E5842584108BD10B5FF
:1052B0000446FFF7F3FF10B1606800B1043810BD79
:1052C000406808B520B1FFF709FFB0FA80F0400947
:1052D00008BD10B50446FFF7F3FF10B1606800B1D8
:1052E000043810BD4068003818BF01207047002006
:1052F0007047F8B503681B6D0D4604468F18984734
:105300002E46BE42236806D09B6C16F8011B204631
:1053100098470130F5D1236820465B6D9847701B94
:10532000F8BDF8B503681B6D0E4604468F18984704
:105330003546BD42236805D1236820465B6D9847FA
:10534000A81BF8BDDB6C20469847431CF4D005F839
:10535000010BEEE700207047704700000F4B13B5BC
:105360000022044640F8043BFFF7BAFE0C4B2360D2
:1053700060336360002363610A49204601F0BAF993
:105380000346606128B9009002460749074800F0CB
:1053900063FD00F02DFF204602B010BD484107001C
:1053A00040420700C2410700C541070019010180C2
:1053B0000A4B03F10802683310B5044602604360EB
:1053C000406907F099FD064B23602046503340F8B2
:1053D000043FFFF7A7FE204610BD00BF384207007C
:1053E000E041070008B5024902488E2200F010FB98
:1053F000A8420700CF42070010B504460846FFF751
:1054000013FEC4E90001204610BD000010B504469B
:10541000FDF71CFF20460A4B40F8203BA169FFF72F
:10542000EBFFD4E90823C4E90A2300220023C4E9DE
:105430000C230023C4E90E3384F84030204610BD0D
:10544000004307004FF0FF30704738B590F83F50E9
:1054500004460DB1FFF7C6FFFDF718FF94F8403082
:10546000A5872BB184F84050BDE8384000F0CEBD90
:1054700038BD10B5044601F1300000F001FBC4E96D
:105480000001204610BDD0E90C32013342F1000288
:10549000C0E90C32D0E90A3213F57A7342F1000206
:1054A000C0E90A327047D0E90A2312F57A7243F153
:1054B0000003FDF7E1BE37B50D460446896968462D
:1054C000FFF79AFFD5E90A3200980199C01A61EBFB
:1054D0000201B0F57A7F71F1000306D200220023A9
:1054E000C4E90023204603B030BDB0F5FA6F71F176
:1054F000000301D20122F2E700294FF47A724FF043
:105500000003D8BF002107F09BFAC4E90001E9E7D6
:1055100091F83F30F7B505460C4613B991F83C6059
:1055200026B112491248E52200F072FA6846FFF7E8
:10553000C2FFDDE900304FF47A71A3FB017201FB79
:105540000022A663D4E90A16C91942EB0602C4E98F
:105550000A12D4E90C125B1842EB00022846C4E997
:105560000C32C5E9003203B0F0BD00BFA84207000D
:10557000D9420700F0B51E4690F83F3085B004468A
:10558000174623B11F492048582200F041FA90F8ED
:105590003C305BB9014602A8FFF7BAFF029BBB4251
:1055A000039BB34104D3012384F83D3005B0F0BD23
:1055B000214602A8FFF75DFF4FF47A73A7FB032192
:1055C00003FB0613D4E90810521843EB000394F8C8
:1055D00040000121A18760B9A069006890F820000F
:1055E00038B984F84010CDE9002300F0F9FCDDE97A
:1055F00000230021204684F83E1005B0BDE8F040AD
:10560000FDF73ABEA8420700CF420700024B4FF019
:1056100080625A60704700BF00ED00E008B50121CC
:10562000383000F01BFA08B1FFF7F0FF08BD012386
:1056300010B580F83F30836B04460BB1FFF7E6FFEF
:105640002046FFF730FF10BD90F83C3010B50446FF
:105650004BB1002380F83C3090F83E3013B9012361
:1056600080F83D3010BD90F83F30002BFAD0836BAE
:1056700001338363FFF7CAFF2046FFF704FF20468C
:10568000FFF711FFEEE70000024B4FF000725A6087
:10569000704700BF00ED00E010B50446FDF7F6FDD1
:1056A000002384F83F30FFF7EFFF10BD102300F018
:1056B00007B8202300F004B8302300F001B84023DD
:1056C0009C46F0B404AE7546E80801D3EFF30986B2
:1056D0000E4F0FCE0FC70FBC0FC74046494652466C
:1056E0005B460FC71DCE3100A60A00D304316E09F8
:1056F00000D248311FC7EFF309806946EFF31486E3
:1057000063C76046014900F079F800BF0C650120CD
:10571000F0B52C4E2C4F85B000243546214656F866
:10572000042B3846013400F001FA0D2CF6D1AB6C95
:1057300002936B6C01932B6C244C0093D5E90E23E0
:10574000696B234800F0F2F92168224800F0EEF975
:10575000E16AA26AA36AA06A266BE76B000CCDE936
:1057600001670090C3F307231B48D2B200F0DEF9B3
:10577000A36A1E0603D5616B184800F0D7F9A36A27
:10578000180403D5A16B164800F0D0F9EB6C19078B
:1057900012D5144800F0CAF92B6DDA070FD512485C
:1057A00000F0C4F9EB6C5B074CBF1048104805B023
:1057B000BDE8F04000F0BAB90E4800F0B7F90E4865
:1057C000EEE700BF0C6501200443070000ED00E098
:1057D00012430700614307006F430700BE43070001
:1057E000CC430700DA430700E943070019440700E8
:1057F0002544070009440700F643070007B504469F
:105800000D461A48012100F032F968BB184800F033
:105810008DF9302C19D0402C1CD0202C1FD11548CC
:10582000154C00F083F9154800F080F9FFF770FF80
:10583000134800F07BF90D4B00221A700023114928
:1058400000932A46204600F007FB0F480F4C00F05B
:105850006DF9E8E70E480F4C00F068F9E3E70E48F1
:105860000E4C00F063F9DEE70024E7E71C66012038
:10587000314407005A4407003E01FF808744070077
:1058800092440700B1440700694407003F01FF80CC
:10589000724407004001FF807D4407003D01FF8006
:1058A000F8B515460C4699B151F8087C95B12846D3
:1058B00007F07CFE064648B1AF423A46214628BF73
:1058C0002A4607F0E3FE204607F078FE3046F8BD92
:1058D0000F46EBE72E46F9E713B54A43104601920F
:1058E00007F064FE044618B1019A002107F0F6FEA5
:1058F000204602B010BD000070B506461D481E4C83
:105900000D46FCF7F7FE01F055F815F1090F2CD8FC
:1059100005F10801304607F037FF30B3A268174B96
:1059200005602A444360A260226923680132226133
:1059300062682B44934250F8042C88BF6360236054
:10594000002AA0F10403B8BF9B18A2691B68521B70
:1059500023F00103134400F10806A3610548FCF796
:10596000C9FE01F045F8304670BD636901336361DB
:105970000026F3E77C65012060650120EFBEADDE07
:1059800000B572465DF804EBFFF7B6BF38B50546C3
:1059900019480C46FCF7AEFE01F00CF81CB354F8A5
:1059A000042C164B9A4225D154F80C1C54F8082CA0
:1059B000A4F10C030029B8BF5B181968002344F850
:1059C000043C0F4B1868801A186018690138186178
:1059D000986921F001010244521A9A61A4F1080168
:1059E000284607F083FE0448FCF784FEBDE83840F3
:1059F00000F0FEBF2146F3E77C650120EFBEADDE7F
:105A00006065012000B572465DF804EBFFF7BEBF8C
:105A100007B50B46009201460022014800F01CFA2F
:105A20004401FF8003460122D3E84F0FC3E8412F12
:105A3000C0B20029F8D17047D0E85F3F5B18C0E8DA
:105A4000523F002AF8D198B27047D0E85F3F5B1A06
:105A5000C0E8523F002AF8D198B27047034653E895
:105A6000000F401A43E80002002AF8D170470346AD
:105A7000D3E84F0FC3E8421FC0B2002AF8D17047E5
:105A800013B5044600F06EF8D4E90001CDE9000139
:105A900000F07EF8DDE9000102B010BD08B500F0AD
:105AA00061F8FEE773B5002201460446022000F0CB
:105AB00049FC0D2600F056F80022254614F8013B5B
:105AC00023B902B0BDE8704000F062B80A2B09D1DA
:105AD0000D2A07D001220DF1070102208DF8076081
:105AE00000F030FC01222946022000F02BFC14F8C3
:105AF000012CE2E700B5A3B002460B4601A88421C1
:105B000008F07AFD832806D9074B1A681B79CDF86F
:105B100083208DF88730002802DD01A8FFF7C2FF3F
:105B200023B05DF804FB00BFC14407000FB407B504
:105B300004A951F8040B0191FFF7DCFF03B05DF8F5
:105B400004EB04B07047EFF31080C04300F0010095
:105B50007047EFF30580003818BF0120704701F04F
:105B60001DBE000008B501F009FE064A1368591C65
:105B700004D1054905483F22FFF74AFF013313606E
:105B800008BD00BFA4650120C6440700F04407001B
:105B9000044A136823B1013B13600BB901F0F6BD51
:105BA000704700BFA465012008B50B48FFF73AFF16
:105BB00028B1FFF7D7FFBFF34F8F20BFFDE7FFF7F7
:105BC000C8FF08B1FFF76AFFFFF7BDFF0028F9D053
:105BD000012000F008FB00BFE46501202DE9B0437F
:105BE0004B4C0F462168C1F34173032B0CBF4D4250
:105BF0008DB2C1F3074398B08146904645482A4686
:105C0000FFF794FF6FF498731D44132D0FD8DFE84E
:105C100005F00A6265686B716E740E0E0E0E0E0E44
:105C20000E0E0E0E0E77A1683B48FFF77FFF484629
:105C3000FFF738FF61683948FFF778FF4FB1384800
:105C4000FFF730FF3846FFF72DFF36484146FFF794
:105C50006DFFA1683448FFF769FF2368334A1A448F
:105C6000012A05D9324A934202D0033A93424BD1DA
:105C7000A06820B1C06C80F00800C0F3C000E368E9
:105C8000002B43D059682B4A002908BF1146E2690E
:105C90000392A26902926269019222690092264DE2
:105CA000264A002818BF2A462548FFF73FFF04A8C8
:105CB00000F0CAFD079B01939DF8183021680093FE
:105CC0002048DDE90423FFF731FF1F48FFF72EFFCF
:105CD00018B0BDE8B083A1681C48A6E7A1681C48BD
:105CE000A3E7A1681B48A0E7A1681B489DE7A1683E
:105CF0001A489AE7A1681A4897E7A168194894E7F3
:105D00001948FFF713FF92E70020B8E70949BEE7FB
:105D1000E865012036450700874507002F46070044
:105D200040460700484607004C460700C2FE007F79
:105D30004001FF80214507002B450700B0440700C4
:105D400060460700B9460700334707009D45070036
:105D5000AD450700BC450700CF450700E3450700F8
:105D6000F7450700064607001C460700704700007D
:105D700070B5294C8EB034EA200428BF04460D4685
:105D800016460021302202A807F0A8FC234B0194FC
:105D90002344012B039505D9214B9C4202D0033BA0
:105DA0009C4233D1EB6B02936B6B08931D4B5B6989
:105DB0000493DA6B05925A6B1B6B06920793FFF7FD
:105DC000D1FE194A13680133012B136009D101ADCB
:105DD0000FCD164C0FC40FCD0FC40FCD0FC42B68C1
:105DE000236001AC0FCC124D0FC50FCC0FC50FCCEB
:105DF0000FC523682B600F4B1B68A5F1300043B122
:105E00009847FFF7C5FE00200EB070BD029601ABAB
:105E1000CBE7FFF7ABFFF4E70101FF80C2FE007F95
:105E20004001FF8028620020A8650120B0650120A4
:105E3000E8650120AC65012000207047014B18780F
:105E4000C0B270471C66012000B5114672465DF86D
:105E500004EBFFF78DBF000080B506460C460A48EC
:105E60000121F04617461D46FFF701FE48B942469C
:105E700039463046FFF77CFF029A29462046FFF755
:105E8000ADFEFFF791FE00BF1C66012038B5064C41
:105E900023683BB9FEF7C2FE044D01462846FFF7D2
:105EA000B5FA2560206838BD6866012020660120AB
:105EB00008B5836823B9054B1B6893F83D0008BDFE
:105EC000C06898470028F6D0F9E700BF686601204F
:105ED000F7B5194F04464FF0FF356FF000462046E6
:105EE000FFF7E6FF30BBD4E90023B34208BFAA4264
:105EF00002D03868FFF73EFB01A8FFF7DBF8204629
:105F0000FFF7D6FF98B9D4E90023B34208BFAA42ED
:105F100007D100F09FF801A8FFF7D4F8BFF36F8F07
:105F2000DDE73B6893F83C30002BF2D1F3E701A8A2
:105F3000FFF7C8F803B0F0BD6866012030B587B040
:105F4000CDE902230A9B0C4D04930B9B0593044659
:105F5000FFF79CFF02A8FFF7BBFF2868FFF775FA61
:105F600068462968FFF7D4FADDE900232046C4E932
:105F7000002307B030BD00BF686601202DE9F04165
:105F8000DFF83C8086B005460E4604A8D8F800101D
:105F90001746FFF76EFAD8F80020DDE90443926B4C
:105FA000A41A63EBE2732A1943F1000302A8CDE9B6
:105FB0000067FFF7C3FF0298001B06B0BDE8F08141
:105FC0006866012010B5054C236813B9FEF726FE5C
:105FD00020602068BDE81040FFF726B878660120F1
:105FE00013B5074C01212046FFF726FD034628B9CB
:105FF0000090228803490448FFF72EFF02B010BD2D
:106000006C6601204D4707002301048013B5094C3D
:1060100001212046FFF719FD4FF6FF73984206D184
:1060200000232288044905480093FFF715FF02B0BA
:1060300010BD00BF6C6601206F470700240104807B
:10604000034B188880B2B0FA80F04009704700BF57
:106050006C660120F8B5FFF785FDFFF7B3FF074633
:10606000FFF7EEFF0E460546A8B102F08DFDFFF7E3
:10607000A9FF04460A468DB10E4DD5E90031DB1B60
:1060800061EB06011B1942EB0101C5E90031BDE8D6
:10609000F840FFF77DBD02F053FDE8E70649D1E97E
:1060A0000030DB1B60EB06051B1942EB0502C1E962
:1060B0000032ECE770660120806601206FF01C0062
:1060C00070476FF01500704701207047002070473F
:1060D00070470000034B186818B14FF0FF31CBF741
:1060E00085BB704730070120024B186808B1CBF719
:1060F00095BB704730070120F8B5074F15460C4691
:106100008E18B44201D12846F8BD14F8011B384658
:1061100002F09CFCF5E700BF146A012038B511F0CD
:1061200001048DB205D0084802F0C6FC041E18BF59
:106130000124EB0605D5044802F0DEFC08B144F06A
:106140001004204638BD00BF146A012010B5044673
:1061500007F034FA204610BD10B50C462AB10448A9
:1061600002F032FC2070012010BD1046FCE700BF99
:10617000146A012038B5084B0360084B1B680446BD
:10618000154633B90648FEF787FF0548294602F051
:1061900001FB204638BD00BFAC480700806A0120E3
:1061A000146A01200020704700207047074A084900
:1061B00013681844884289BF064B10600C224FF0C8
:1061C000FF308CBF1A601846704700BFFC64002087
:1061D00000FC0320F86E012008B508B1FFF75EFC53
:1061E000FEE70120704708B5FFF7F6FF0120704772
:1061F000002107F09BBF08B5CCF74EFA08BD08B5E3
:10620000CCF752FA08BD000010B50446037803F03D
:106210000303012B08D0FFF75DFF237803F003028F
:10622000012A03D1FFF760FF00200AE02AB10549E7
:1062300005484FF4D462FFF7EBFB43F002032370F1
:10624000012010BD8D470700B947070008B5037846
:1062500003F00302022A05D00749084840F2A96268
:10626000FFF7D6FB23F0030343F001030370BDE8FF
:106270000840FFF739BF00BF8D470700D747070029
:106280003F2870B504462EDC184E56F820305A1CB4
:1062900013D1022811DCFFF787FF034658B92046C7
:1062A000FFF780FF034630B9114D2B68BFF35B8FBA
:1062B000DB0704D50F4B46F82430184670BD28463E
:1062C000FFF7A2FF0028F5D00B490A484FF4E1324E
:1062D000FFF750FF094A0A490648FFF782FF2846A0
:1062E000FFF7B4FFE6E70023E7E700BFFC63002009
:1062F0008866012034670120F44807000060002010
:10630000D160060038B50546FFF7BAFF0B4B0024F5
:1063100043F8254030B906F07DFD092303604FF0B6
:10632000FF3038BD03685B699847051E04DA06F044
:1063300071FD6D420560F2E72046F2E7FC63002044
:10634000FFF7E0BF13B5CDE90021FFF799FFDDE9C5
:10635000002140B906F05EFD092303604FF0FF34D1
:10636000204602B010BD0368DB689847041EF7DAC8
:1063700006F050FD64420460F0E713B5CDE900215A
:10638000FFF77EFFDDE9002140B906F043FD092358
:1063900003604FF0FF34204602B010BD03689B68D5
:1063A0009847041EF7DA06F035FD64420460F0E712
:1063B00010B5FFF765FF044628B906F02BFD092349
:1063C0000360204610BD0368DB699847041EF8DAB5
:1063D00006F020FD644204600024F2E737B5402354
:1063E000CDF80100054668468DF8003006F078FFCC
:1063F000044630B12846FFF7DBFF10B12046FFF717
:10640000F7FE204603B030BD2DE9F74F06460F4694
:106410009046FFF79EFB054630B100232D492E48DC
:1064200000933246FFF718FDFFF78DFB0028F4D0EC
:10643000B8F1000F09DA06F0EDFC162303604FF007
:10644000FF34204603B0BDE8F08F3046FFF7B0FFC1
:10645000044640B1DFF884B0DFF884A01BF8069052
:106460002C46A84511DCA045EBDDA8EB0402391948
:106470003046FFF767FF0028E1DB24181FBF3F19F4
:10648000164B17F8012C9A55DBE77A5D0A2A1CD1C6
:10649000B9F10D0F19D0AC420BDA2A1B391930466D
:1064A000FFF750FF0028CADB0444A542C9DC0BF803
:1064B0000690012251463046FFF744FF0028BEDB1C
:1064C000BFD04FF00D030BF8063017F805900135DB
:1064D000C7E700BF0E4807002F010180CC660120EE
:1064E00048480700FFF764BF7FB504460D461646CF
:1064F000FFF72FFB30B100231F49204800932246AD
:10650000FFF7AAFCFFF71FFB0028F4D0002E07DAE4
:1065100006F080FC162303604FF0FF3004B070BD1E
:106520002046FFF745FFF8B1154E01220DF10F018E
:106530002046FFF722FF0028EEDBEFD09DF80F305A
:106540000D2B08D1325D0A2A0AD01A460A23325589
:106550002B700120E2E70A2B04D1325D0D2AF3E70C
:106560003355E2E71A46F2E732462946204604B0A0
:10657000BDE87040FFF701BF4A4807002F010180C6
:106580008C66012013B5CDE90021FFF779FEDDE926
:10659000002140B906F03EFC092303604FF0FF34B0
:1065A000204602B010BD03681B699847041EF7DA45
:1065B00006F030FC64420460F0E7FFF7E3BF38B553
:1065C0000D46FFF75DFE044630B906F023FC0923B3
:1065D00003604FF0FF3038BD0368DB69984700283F
:1065E00014BF4FF400534FF400436B602368204600
:1065F0009B6A984728610020EDE7FFF7E0BF0000A5
:106600001FB5039006F0D2FF039A034620B900900D
:1066100003490448FFF720FC05B05DF804FB00BF08
:10662000864807001F01018006F0C0BF06F0BEBF0C
:1066300006F0C4BF06F0C2BF10B504460B48FCF715
:1066400059F800F0B7F90A4A4023002152F8040B28
:10665000A04208BF42F8041C013BF7D10348FCF7F5
:1066600049F8BDE8104000F0C3B900BF0C67012035
:10667000FC63002010B51248FCF73CF800F09AF9D2
:10668000104B032453F824207AB10134402CF9D163
:1066900006F0C0FB182303600948FCF72BF800F054
:1066A000A7F94FF0FF34204610BD4FF0FF3243F8FA
:1066B00024200348FCF71EF800F09AF9F3E700BF26
:1066C0000C670120FC63002010B50446FFF7D2FFE1
:1066D000002807DB044B054A43F8204000231354ED
:1066E000034A135410BD00BFFC6300208C660120D8
:1066F000CC66012073B506460191FFF7E5FF051E44
:1067000013DB0199FFF76AFE044630B9084B53F8D2
:106710002520964204D143F82500204602B070BDE2
:1067200006F078FB09230360F7E70024F5E700BFD4
:10673000FC6300200EB42DE9F04187B00190FFF713
:1067400099FF041E13DB00230199039304A8FEF7AD
:106750007BFD04A8FEF7C6FD1E4E054668B906F08F
:1067600059FB1323036046F824504FF0FF342046B2
:1067700007B0BDE8F04103B0704704A8FEF7A0FDE4
:10678000074604A85FB1FEF7A4FD0390039B124ADD
:1067900046F8243000231355104A1355E7E7FEF757
:1067A00086FD05460028DAD0036804A8D3F80880DF
:1067B000FEF772FD0D9B024603A92846C047054619
:1067C0000028E3D006F026FB6D42056046F82470F1
:1067D000CBE700BFFC6300208C660120CC66012063
:1067E00070B50E461549054607F02EFE044618B949
:1067F000FFF746FD204670BD1149284607F024FEEC
:1068000020B90120FFF73CFD0124F3E70D4928469C
:1068100007F01AFE20B90220FFF732FD0224E9E753
:106820002B78402B02D1D5F80140E3E726F48031E4
:106830002846BDE87040FFF77DBF00BF1449070040
:106840001B4907000C49070010B5044620B90F4941
:106850000F489022FFF7DCF84C220021043006F0AC
:106860003DFF4FF23C0323604FF0005323614FF490
:10687000802323624FF480132364064B1B686360FC
:1068800002232372044BE36010BD00BF23490700BD
:106890004A49070000ED00E078AE010070B50446FB
:1068A000FEF7ECFB0646FEF7D3FB05463046FEF747
:1068B000CFFB431BA342F9D370BD00001FB50023DB
:1068C000CDE90013031D0446029368461023039389
:1068D000CAF706F8206020B9034904483522FFF7BB
:1068E00097F804B010BD00BF584907007D49070064
:1068F00010B503490446FFF7E1FF204610BD00BF75
:10690000814907000068CAF703B810B5044600685B
:10691000CAF75CF8204610BD10B49DF804400CB9CD
:1069200042F0020200685DF8044BCAF721B807B5CF
:10693000009313460122FFF7EFFF03B05DF804FB5D
:10694000FFF7F5BF07B5009313460022FFF7E4FFFA
:1069500003B05DF804FBFFF7F5BF00001FB500238F
:1069600003620D4B002918BF0B460093031D0293D1
:106970001C230446039368460B230193CAF71EFFAA
:10698000206038B9FFF75AFA20B9044904483D227B
:10699000FFF73EF804B010BDA1490700BB4907004E
:1069A000DB49070010B500210446FFF7D7FF20465A
:1069B00010BD000037B504464FF0FF310068CAF73C
:1069C00015FF054620B9236A0133236203B030BDA9
:1069D000FFF734FA03460028F8D10349034800932F
:1069E0002A46FFF739FA00BFFF4907001501028068
:1069F000036A013B13B503620068CAF70FFF044640
:106A000048B1FFF71BFA034628B900900349044830
:106A10002246FFF721FA02B010BD00BF114A07005D
:106A20001701028010B504460068CAF70FFF204620
:106A300010BD00001FB504460023CDE90033231D1F
:106A4000104602936A4610230393CBF72BF820607D
:106A500020B9034903483722FEF7DAFF04B010BD1E
:106A6000254A0700494A070010B54FF6FF72044651
:106A7000FFF7E0FF204610BD13B500680C46CBF7CA
:106A800029F8024670B1C11C4FF0000006D15CB17C
:106A90000090064906480023FFF7DEF9931CF7D162
:106AA00002B010BD0120FBE72046F9E7584A070075
:106AB000140102800068CBF735B810B504460068B1
:106AC000CBF75EF8204610BD08B538B1C9F7B6FD62
:106AD00020B103490348E322FEF79AFF08BD00BF37
:106AE000714A07001B4B0700FFF7EEBFCBF7DEBC78
:106AF000036910B504462BB90B490C484FF4FD72DD
:106B0000FEF786FF1B680430984704F15400FFF736
:106B100051FF00236361012384F83D3004F14000FC
:106B2000BDE81040FFF7C6BF283007005730070008
:106B30002DE9F047DDE9085799466B07044618BF71
:106B400025F00706884692464FF000014FF04402B8
:106B500000F1780014BF08362E4606F0BFFDB5FAE6
:106B600085F300215B0984F83C30616184F83D10B5
:106B7000202204F11C0006F0B1FD05EB09039D1B6A
:106B8000074BC4F830A025F00705002F08BF1F46AB
:106B9000E562A761A662C4F83480BDE8F08700BF53
:106BA0002A4B070013B5049CCDE9003413460A466E
:106BB0000021FFF7BDFF02B010BD000073B5044611
:106BC00000F1540528460E46FFF7F4FE636913B939
:106BD00094F83D3033B12846FFF70AFF6FF0030009
:106BE00002B070BDD4E90A30002B32D0274900230F
:106BF000E26AB3EB920F3FD34423201D6362B0429D
:106C000004F17803236209D00190C7F7C1FCF3684F
:106C100023611BB15B680198314698471C4804F119
:106C200018022146CBF716FC606150BB94F83C304B
:106C30002BB1A06A08B1FFF7FDFC0023A362284630
:106C4000FFF7D6FE04F14000FFF734FF6FF00200BB
:106C5000C6E7104B1049984294BF20F003004FF054
:106C6000FF30FFF7E3FCA0620028BFD12846FFF702
:106C7000BFFE6FF00400B3E7A26A42F823100133AD
:106C8000B6E72846FFF7B4FE0020A9E7A52E5AE292
:106C9000F16A0600FBFFFF7F0C4F070070B500F1A3
:106CA000540504462846FFF785FE04F14000666956
:106CB000FFF700FF0023636194F83D302BB10024FF
:106CC0002846FFF795FE204670BD012384F83D302D
:106CD000002EF4D03046CBF7FFFB0446F0E700006F
:106CE00010B50D4B03600446FFF7D8FF94F83C3015
:106CF0002BB1A06A08B1FFF79DFC0023A36204F149
:106D00005400FFF78FFE04F14000FFF7D6FE201D70
:106D1000C7F73EFC204610BD504B070010B5044697
:106D2000FFF7DEFF2046BC21FFF782FC204610BDA6
:106D300013B5044654300190FFF73CFE6469019896
:106D400014B1A26B246B141BFFF752FE204602B055
:106D500010BD4FF08043D3F8383413F0010004D055
:106D600013F0020F14BF022001207047704708B5CE
:106D7000FFF7EFFF012804D0FFF7EBFF831E584217
:106D8000584108BD70470123037270470023037206
:106D90007047704700487047584C070010B5F42101
:106DA0000446FFF745FC204610BD08B5002343729A
:106DB00003F022F908B103F095FC03F013F918B1C0
:106DC000BDE8084003F0B0BC08BD03F07DB970B564
:106DD0004C00E4B2054604EBD11408460C214C43A8
:106DE00004F11C06A919002625444E608E60C5E9F1
:106DF000072303F07FF9B0FA80F0400970BD70B549
:106E00004C00E4B2054604EBD11408460C214C4377
:106E100004F11C01294400262C444E608E60C4E914
:106E200007231BB9636A43F00103636203F062F94D
:106E3000B0FA80F0400970BD002003F0CFB90846D9
:106E400003F0CCB903F065BA13B5144608460191B6
:106E500003F0B6FC0198A1B203F0DCF8019802B08F
:106E6000BDE8104003F020B901F07F03082B07B5FF
:106E7000084603D0019103F0D7F9019803B05DF8FB
:106E800004EB03F06BBC084603F0C0B910B508462C
:106E90000C4603F0C7F910B1204603F0E5FC20468C
:106EA00003F0C2F9204603F059FC2046BDE810402B
:106EB00003F086BC084603F0E1BA0000036810B591
:106EC0009B690446984702F0A7FF20B1074908488C
:106ED0008422FEF79DFD04F05FF863680BB1FFF7B5
:106EE00095F8044A00236360136010BD684B0700E7
:106EF000C84B07004867012008B501234372FFF71C
:106F000028FF012810D103F06DF808B902F094FFB2
:106F1000FFF71FFF022807D103F06EF820B9BDE884
:106F20000840012003F032B808BD000038B51E4B00
:106F3000802204460D46C3F88420BFF34F8FBFF371
:106F40006F8F43680BB9FFF74BF86560002003F0C3
:106F5000FFFF20B1582215491548FEF759FD154885
:106F600004F036F8144803F05BF8054608B16422D3
:106F7000F1E7402103F04EF84021802003F04AF869
:106F80000E4B0F4A1C600F4B0F491D70D2F8303565
:106F900043F00103C2F83035272000F01FFABDE8A6
:106FA000384004F01BB800BF00E100E0684B070068
:106FB000C84B07009C4C070005730600486701207A
:106FC00000700240446701206973060013B50B4648
:106FD000F9B9F2B990F9121000291ADA802003F0F9
:106FE000FFF8164B70B1D3F8002242F00402C3F848
:106FF0000022134B01221A70124B8022C3F8042185
:1070000002B010BD01221A65BFF36F8FBFF34F8F1F
:10701000EFE7002400F11C01C0E90732446201914E
:1070200003F034F90199204603F064F80028E7D012
:107030000549064840F24312FEF7EAFC00700240A0
:107040004467012000E100E0684B0700C84B0700DF
:1070500010B50B4601BBFAB9018B19B190F91210AA
:10706000002919DB002003F0BBF8164B68B1D3F8F8
:10707000002242F00402C3F80022134B01221A70CE
:10708000124B8022C3F8042110BD01221A65BFF300
:107090006F8FBFF34F8FF0E70024C0E90A3200F191
:1070A000280104631AB9036B43F0010303638020D2
:1070B00003F020F80028E7D00549064840F2711295
:1070C000FEF7A6FC007002404467012000E100E0EA
:1070D000684B0700C84B0700044A02600022426068
:1070E0000281827201220274704700BFE44B0700E4
:1070F00010B50B4C2368BFF35B8FDB070ED4204623
:10710000FFF782F850B107480749FFF7E5FF074A44
:107110000448FFF766F82046FFF798F8014810BDCD
:10712000406701204C6701206D6D06000060002063
:1071300010B5044602F0C8FF03F0E8F8064A002341
:107140008021A372C2F88411044AC2F8FF3FBFF342
:107150006F8FBFF34F8F10BD00E100E00060034070
:10716000034B8022C3F884215A6003F037BF00BF6D
:1071700000E100E0837A012B10B504464FD1037B78
:10718000062B1DD8DFE803F0150E04091C3D220074
:1071900040680368DB6901212CE040680368DB6913
:1071A000002127E0FFF7C4FF606803689B689847E9
:1071B00006E0037A23B14068E18903681B6A9847B7
:1071C0000023A372BDE81040FFF7CABFC37B002BAA
:1071D000F6D1807B03F026F80028F1D194F90E2037
:1071E0006068A17B0368002A06DA4A0601D15B6960
:1071F000DDE79B6A9847E3E709B91B69D7E75B6A54
:10720000F8E7802003F030FB002003F02DFB04F1B1
:10721000120003F019F860680368DB68C7E7022B07
:107220001ED1037C012B0FD0022B11D0002BC7D114
:10723000437A002BC4D002F0D5FE08B902F0FCFD61
:10724000606803689B69A6E7406803689B69A7E7D5
:1072500002F0D2FE0028B3D1012002F097FEAFE782
:10726000032BADD194F912204068002A0368BEDADE
:10727000C3E70000044B8022C3F88420BFF34F8F84
:10728000BFF36F8F03F0B1BE00E100E013B50C4611
:10729000FFF7F0FF402C28BF4024A1B2002001914D
:1072A00002F0B8FE0199802002F0B4FEFFF758FF0B
:1072B000204602B010BD37B5154604460191FFF7D0
:1072C000D9FF082D2A46019828BF082204F112018F
:1072D00006F0DCF903B0BDE83040FFF741BF000025
:1072E00010B50446FFF7C6FF054B22681B685868B7
:1072F000DA6001229A720368BDE81040DB6A184721
:1073000048670120024B1B680BB1FFF7E9BF7047CC
:107310004867012010B50446FFF7ACFF054B1B681A
:1073200058681C7402229A720368BDE81040DB6A38
:10733000184700BF48670120024B1B680BB1FFF7DD
:10734000E9BF70474867012010B5FFF793FF054B71
:107350001B68586803229A720368BDE81040DB6A14
:10736000184700BF4867012010B5074C237833B198
:10737000064B1B680BB1FFF7E7FF00232370BDE846
:10738000104003F0B9B800BF4467012048670120EE
:107390000749084A084B9B1A03DD043BC858D050E4
:1073A000FBDC064880470648804706480047000047
:1073B000DC51070000600020686700201974060097
:1073C000FD7F060041710200FEE7FEE7FEE7FEE7F3
:1073D000FEE7FEE7FEE7FEE7FEE7FEE7024B1030C2
:1073E00043F82010704700BF00000020024B10300F
:1073F00053F82000704700BF000000204FF080537A
:10740000D3F83021082A03BFD3F83401B0FA80F052
:10741000400900207047000008B5FFF7EFFF40B1BA
:107420004FF080430022C3F80C21C3F81021C3F8A9
:107430003825FFF7E3FF002846D04FF08052674B16
:10744000D2F80414C3F82015D2F80814C3F8241590
:10745000D2F80C14C3F82815D2F81014C3F82C1560
:10746000D2F81414C3F83015D2F81814C3F8341530
:10747000D2F81C14C3F84015D2F82014C3F84415F0
:10748000D2F82414C3F84815D2F82814C3F84C15C0
:10749000D2F82C14C3F85015D2F83014C3F8541590
:1074A000D2F83414C3F86015D2F83814C3F8641550
:1074B000D2F83C14C3F86815D2F84014C3F86C1520
:1074C000D2F84424C3F87025FFF798FF18B1444B55
:1074D000444AC3F88C26FFF791FF18B1424BFB22B8
:1074E000C3F81825FFF78AFF70B14FF080414FF0C5
:1074F0008053D1F8E42ED3F8583222F00F0203F073
:107500000F031343C1F8E43EFFF778FF20B1374B78
:107510004FF40072C3F84026FFF770FF48B14FF0F8
:107520008043D3F80024D20744BF6FF00102C3F8B0
:1075300000242F4AD2F8883043F47003C2F8883010
:10754000BFF34F8FBFF36F8F4FF01023D3F800229C
:10755000002A03DBD3F80432002B2EDA254B01225C
:10756000C3F80425D3F80024002AFBD04FF01022E2
:107570001221C2F80012D3F80024002AFBD04FF0E9
:1075800010231222C3F804221A4BD3F80024002A35
:10759000FBD00022C3F80425D3F80024002AFBD036
:1075A000BFF34F8F1249144BCA6802F4E0621343D1
:1075B000CB60BFF34F8F00BFFDE7104B104A1A603E
:1075C0004FF0804301220021C3F81825C3F80411AD
:1075D0009A60D3F80421002AFBD008BD00C0004007
:1075E000005000404881030000F00040009002403D
:1075F00000ED00E000E001400400FA050065002015
:107600000090D0030F4BD3F8042182B052B1002276
:10761000C3F80421D3F804210B490192019A0A68A6
:1076200001320A60D3F84421084B0AB91A7832B102
:107630001A780AB100221A7002B0FDF7F3BA02B04C
:10764000704700BF001001404468012040680120DD
:10765000F0B5244F3A7885B06AB1234B0022C3F8C5
:107660004421D3F844210192019A4FF40032C3F827
:10767000082305B0F0BD4FF08043C3F80421012278
:107680009A60D3F80421002AFBD0174C1749002533
:107690000126656011206660FFF7A0FEC4F808555A
:1076A000C4F84451D4F844310393039BC4F8045103
:1076B000D4F804310293029B4FF00213C4F848330C
:1076C0000223C4F804330A4B4FF400324021C4F8BB
:1076D000082383F81113C3F880211A6026603E70D6
:1076E000C7E700BF41680120001001400576060091
:1076F00000E100E0084A012353604FF40033C2F870
:107700000833064AC2F88030BFF34F8FBFF36F8F44
:10771000034B00221A7070470010014000E100E0A6
:107720004168012073B504460E461546FEF71AFA65
:10773000114B24F07F40D3F80445A04204D001341B
:1077400024F07F44844202D1023020F07F4006F5CD
:10775000A87643F82600D3F804232A4007D1C3F8BB
:107760004421D3F844210192019AC3F8045302B092
:10777000BDE87040FEF70CBA0010014002480378E3
:107780000BB101F0C9BA704704650020024B012219
:1077900000201A7001F0CEBA04650020024B187860
:1077A000B0FA80F040097047046500201F288BBFA5
:1077B00000F01F0303461A4A4FF0A04203F5E0739E
:1077C00030B452F82330174AC3F30143032BD2E9F4
:1077D0000035C0F12004A0F1200223FA00F305FADD
:1077E00004F443EA040325FA02F243EA02030CBF5D
:1077F00001210221DB0710D50B4B01291B5C09D1AC
:1078000013F0400F09D0094B094A1B6852F82000B9
:1078100030BC184713F0200FF4E730BC704700BFAE
:1078200000030050406901200869012048690120D7
:1078300048680120114930B4D1E90025C0F1200485
:1078400005FA04F4A0F12001C240224325FA01F117
:107850000A43D40703460ED5094A115CC1F300124E
:10786000890703D51AB930BC03F002B91AB130BC8C
:10787000184603F04FBA30BC704700BF386901208A
:10788000086901202DE9F347DFF82481444F18F8F7
:10789000003004460126A4F12005C4F1200106FAB7
:1078A00005F526FA01F1C3F3001013F0010F0246AB
:1078B00045EA010506FA04F6A4F1200AC4F12009FC
:1078C00001D1002865D018F804309B07214601D566
:1078D000002A44D00023ADF8053003238DF804308E
:1078E00018F80430C3F38100012801D0032801D126
:1078F0008DF8050022B32B4A01A9204603F01EF99A
:10790000294AD2E9003202FA09F9E34043EA0903BD
:1079100022FA0AF21343D90709D518F804305A0697
:1079200001D49B0603D50121204603F087F9D7E94E
:10793000002316431D43C7E9006502B0BDE8F08788
:107940001F2C9DF8053086BF184A04F01F014FF028
:10795000A04201F5E0719B0042F82130E7E71F2CBF
:1079600088BF124BADF8042094BF4FF0A04304F041
:107970001F02D3F804358DF8060098BF2246D34085
:1079800003F0010301A920468DF8053003F006F845
:10799000CDE7D7E9002322EA060623EA0505CAE770
:1079A00038690120AD7706004069012000030050CE
:1079B000086901204B1C10B50446017014D0C9B2EF
:1079C0002F2904D909490A485422FEF721F8094908
:1079D0000620FFF703FD02F0A1FF074994F90020FC
:1079E0008B5C43F001038B5410BD00BFA04C07001B
:1079F000E54C070089AD06000869012008B590F93B
:107A00000030591C04D1104910485F22FEF700F8DD
:107A10000F4AD25C92070CD51F2B8ABF0D4A4FF03C
:107A2000A04203F01F03D2F80405D84000F0010083
:107A300008BD1F2B8ABF074A4FF0A04203F01F0367
:107A4000D2F81005F1E700BFA04C07007D0C07003D
:107A5000086901200003005038B5044690F9000081
:107A6000431C0D4604D10A490A48AC22FDF7D0FF59
:107A7000C0B2FFF7DFFE94F90000074B1A5C65F314
:107A800083021A54BDE83840C0B2FFF7FBBE00BF06
:107A9000A04C07007D0C07000869012038B504469A
:107AA00090F90000431C0D4604D10A490A48B72248
:107AB000FDF7AEFFC0B2FFF7BDFE94F90000074B23
:107AC0001A5C65F341021A54BDE83840C0B2FFF7B2
:107AD000D9BE00BFA04C07007D0C0700086901203B
:107AE00000280CDB4309064900F01F002033012267
:107AF000824041F82320BFF34F8FBFF36F8F704751
:107B000000E100E00023435082B043580193019B01
:107B100002B070470378012B10D0022B10D0002B3D
:107B200014BF02230823CA690B6213420AD08B696F
:107B300043B100228A6101220A7518470423F2E743
:107B40001023F0E770470000F0B50668044689B0DE
:107B5000304600F0A3F9844205D12369022B02D1FB
:107B6000237D002B3BD02E4D2146304600F08EF970
:107B70000223236155F83630D3F80035F70053B1AE
:107B800094F824306BB327483844019004F09EF8F1
:107B9000019804F033F8244B53F8260040F30730E3
:107BA000FFF79EFF94F8253094F9050094F904102E
:107BB000FBB194F826301B4C069100225B083C4434
:107BC000CDE90420039303A907232046ADF81C2028
:107BD0008DF81E3003F08AFF204604F043F809B008
:107BE000F0BDE819019003F055FD019803F06CFD1C
:107BF000D1E7A36805930723ADF81830A369CDE951
:107C000003013D444BB1094A234603A9284603F02A
:107C1000A9FC284603F02EFDE1E71A46F5E700BF70
:107C20006C4D0700844D07007C4D0700157B060056
:107C300070B50E461546044604F098F9184B0268D4
:107C4000B3FBF2F3174A29463046136000F030F9CF
:107C5000012804DD144915487E22FDF7D9FE0023D2
:107C60004FF0CC72C4E9022301222275104A206031
:107C700011782671C4E90633657123612362A384F8
:107C800084F8263051B10B4913700320FFF7A6FB8F
:107C9000BDE8704008490420FFF7A0BB70BD00BFDD
:107CA00040420F0008650020044D0700484D0700C2
:107CB000056500205DBE060069BE060090F825300F
:107CC00063B9084B99420ADD074B9942D4BF4FF084
:107CD00080614FF0CD6101238160037570474FF0E3
:107CE000CC71F8E78FD003007F1A06000268114BB1
:107CF0002DE9F04153F822500F4F4FF482710446A2
:107D00002846FFF7FFFE01236B6104F037F93B685B
:107D100042F20F7803FB00F6D5F8043133B904F0D2
:107D20002DF93B6843439B1B4345F5D90020E06098
:107D3000BDE8F0817C4D070008650020F7B51C46C2
:107D400001230375076801920E46FFF7FDFE084800
:107D5000019A2346C6F3470100EBC70003F07EFDFE
:107D600000280CBF20464FF0FF3003B0F0BD00BF2D
:107D70006C4D0700F0B51D4685B0012303750768FB
:107D800003920E46FFF7E0FE0A9C0A48039AB4FAF3
:107D900084F4640900942B46C6F3470100EBC70046
:107DA00003F044FD00280CBF28464FF0FF3005B01B
:107DB000F0BD00BF6C4D0700C368003918BF01213A
:107DC0004BB190F8253080F82430012380F825103D
:107DD0000375FFF7B9BE0B46F5E7000010B5036861
:107DE000064C04EBC304204603F0DCFF18B9204620
:107DF00003F0C8FF10BD0320FCE700BF844D07005F
:107E000073B506680D4D05EBC6042046CDE900129A
:107E100003F0C8FFDDE900120028F6D0204603F089
:107E20008DFF204603F0DEFF0028FAD155F83630EA
:107E3000D3F83C05C0B202B070BD00BF844D07004E
:107E400073B506680D4D05EBC6042046CDE900125A
:107E500003F098FFDDE900120028F6D0204603F079
:107E600049FF204603F0AEFF0028FAD155F836301E
:107E7000D3F84C05C0B202B070BD00BF844D0700FE
:107E80000121017580F82620FFF75EBE0228DCBFC5
:107E9000014B43F8201070474C6901200228DABFDB
:107EA000024B53F820004FF0FF3070474C6901201F
:107EB0002A4B70B500220446184693F900506E1CF8
:107EC00003D193F90160013612D0A5422BD193F969
:107ED00001508D4227D100EBC200214D406800EBDC
:107EE0004002AB18AC54FF2259709A70431C19D150
:107EF0001B4A92F90000844207D192F901308B426B
:107F000003D192F90230013326D092F903309C421A
:107F10000CD192F904508D4208D192F905500135E7
:107F200004D1012070BD01320833C6E755782840DE
:107F300095782840FF280DD01079034050790340F0
:107F4000FF2B09D1012303EB43001518145469706A
:107F50001846E7E70023F6E70020E3E7584B070061
:107F60000C650020234B70B500220446184693F997
:107F70000060751C13D093F90150B5F1FF3F0ED08E
:107F8000A6421FD18D421DD100EBC2001A4B4068A2
:107F900003F8104003EB4003461C597016D1164AF3
:107FA00092F90000844203D192F901308B420CD047
:107FB00092F902309C420AD192F903508D4206D1C7
:107FC000012003E001320833D1E7002070BD55786D
:107FD0002840FF280BD0D0780340FF2BF0D101239D
:107FE00002F8134002EB430218465170EEE70023FB
:107FF000F6E700BF604B07001565002008B5054B8C
:1080000005494FF48072184605F040FB034A906022
:1080100008BD00BF000000200070020000ED00E07D
:1080200000F0C6BD0023435082B043580193019B2A
:1080300002B070472822074B50431A181B580021E2
:1080400051741A6A22B1586A800701D5D86910475D
:10805000704700BFC0690120074B282250431A18FF
:10806000002151731B581A6A2AB1596AC90702D5EF
:10807000D869012110477047C0690120084B2822A8
:1080800050431A180021D17351731B581A6B2AB12F
:10809000596B490702D5042199631047704700BF07
:1080A000C069012008B5174B1A7832B1002018704A
:1080B000154BDB7BF3B1FFF7E1FF144B1A781AB1D4
:1080C00000201870FFF7B6FF114B1A7842B100225A
:1080D0001A700D4B93F8373001207BB1FFF7CEFFBC
:1080E0000C4B1A786AB100221A70BDE808400120D2
:1080F000FFF7A0BF1846FFF7AFFFDEE7FFF7ACFFC3
:10810000EEE708BD126A0120C0690120106A012053
:10811000136A0120116A012008B5114B024653F879
:108120002000104BC0F808334FF4A671FFF77AFF18
:108130004FF48871FFF776FFD0F8003223F0200368
:10814000C0F80032084B282101FB023301221A74C7
:10815000002283F824201023C0F8043308BD00BF98
:10816000344E070010000800C0690120184B2DE9AB
:10817000F04153F82080174E174FC8F80873282392
:1081800003FB00F435190434686900F00AFE20236B
:10819000AB614FF4A6714046FFF744FF4FF488717E
:1081A000FFF740FFD8F8003243F02003C8F8003250
:1081B000002326440122AB74C8F834652B74C8F838
:1081C000382585F82430C8F80473BDE8F08100BF75
:1081D000344E0700C06901201000080040B9074B69
:1081E00001221A70064B4FF48012C3F80021704729
:1081F0000128FCD1034B1870F4E700BF126A01207C
:1082000000E100E0136A01202DE9F74FDFF8448117
:10821000044658F82000D0F81031EBB14FF48871C3
:10822000FFF700FFDFF81CA1282363430AEB030BD1
:108230009BF81060002E43D000228BF810208BF8A2
:108240000E205AF80330D3E90F212AB1C80503D50F
:108250004FF480715964904758F82450D5F84C3148
:10826000FBB1D5F81031E3B94FF4A6712846FFF7FA
:10827000D9FE344A28236343191D1344987C80F0A7
:1082800001000144186A0A44C5F83425411C4FF026
:108290000102C5F8382504D0996903294CD902F0A8
:1082A0003DFCD5F82031002B49D028464FF4907181
:1082B000FFF7B8FE204603B0BDE8F04FFFF78EBFD2
:1082C0009BF81250D0F83C9585F001028BF81220F3
:1082D000B9F1000FC0D01D4403F11807043557440D
:1082E0005544DBF8140001A900F07DFD88B115F8B4
:1082F000013B0370DBF8140001A900F09EFD57E874
:10830000002F013A47E80023002BF8D10136B14590
:10831000E7D1282303FB04A35A7C002A9CD1012225
:108320005A744FF48011084B24B908480270C3F8FE
:10833000001191E70648F9E783F82420B1E703B07C
:10834000BDE8F08FC069012000E100E0106A012063
:10835000116A0120344E07000120FFF755BF0020AD
:10836000FFF752BF2DE9F341044628B95749584851
:1083700040F24222FDF74CFB41684D1C10D01F29F2
:1083800087BF544A01F01F030B464FF0A042012063
:10839000984003F5E073C2F80805032042F8230073
:1083A000A268501C0CD01F2A8BBF02F01F0313467B
:1083B00048484FF0A04003F5E073002540F82350F3
:1083C0002368454E56F82300C0F80C15C0F8142554
:1083D000227D012A15D1E268511C0CD01F2A8BBFC7
:1083E00002F01F0111463B4D4FF0A04501F5E07131
:1083F000002745F821704FF0FF31C0F80815C0F88C
:108400001025364D2169282707FB03531A6A91422C
:108410004ED0187F02F0A4FE20B140F26F222B490B
:108420002F48A7E7236807FB03531B6A013302D0D9
:10843000206902F01DFB2069431C33D0294902F05A
:10844000ADFA082806D1206902F012FB25492069FF
:1084500002F0A4FA10B140F28622E0E72368206916
:1084600056F82310282707FB035201F5887192F86C
:108470001C80019102F044FB01990246404602F043
:1084800039FE10B14FF42372C9E7236807FB035389
:10849000187F02F04FFE10B140F28F22BFE7206933
:1084A00002F01CFB2368282202FB035523692B6280
:1084B0002368217D56F82320637D0B43C2F86C3579
:1084C000A369C2F8243502B0BDE8F081944D0700DD
:1084D000DB4D070000030050344E0700C069012047
:1084E000C84B07002E4E070070B5044628B91A493C
:1084F0001A484FF43C72FDF78BFA0568184E282392
:108500006B43F218F358834202D193F82C1081B1D7
:108510002046FFF727FF28236B432846F45000230B
:1085200084F82C3094F82D304BB1BDE87040FFF743
:10853000F3BD93F82D30127C4BB93AB12846FFF7C2
:1085400015FE084B53F8253001221A6070BD002A31
:10855000FCD12846E9E700BF944D0700DB4D07003A
:10856000C0690120344E07002DE9F84F88461746B0
:10857000044628B95749584840F23732FDF748FABF
:10858000564B574D1A78002A5ED000221A7002F01E
:10859000FBF908B902F0C2F9524E53491420FEF714
:1085A0001DFFE02386F814334FF48013C6F88031A2
:1085B0003360DFF86C914D4901232122484600F0D9
:1085C000DDFB0023C5F8149049482B6002F064FDE0
:1085D000814620B14FF456723E494648CEE7464B9D
:1085E00046494FF0FF3AC5F820A00220C3F808A37F
:1085F000FEF7F4FE042386F80293C6F88031336058
:10860000DFF820B13E4901232122584600F0B6FB95
:10861000C5F828903B48C5F83CB002F03DFD8146C6
:1086200010B140F26E32D7E7374BC5F848A0374952
:10863000C3F808A32820FEF7D1FE4FF4807386F814
:108640002893C6F88431736039464046FFF78AFCA8
:1086500028234343EA18206096680136012E96606D
:108660001ED12B4A52F820000822C0F800250C33F6
:108670004FF0FF32C0F80C251D44C0F814254FF010
:108680008052C0F824254FF49071C0F84455C0F8CA
:108690004865FFF7C7FC8660D0F81C31002BFBD083
:1086A0001C4BA3614FF0FF33C4E903330023A382C3
:1086B0002362194B9C4208BF184A4FF00103C4E9DA
:1086C000018708BF136084F82C302046BDE8F84FBE
:1086D000FFF70ABF944D0700DB4D07001965002026
:1086E000C069012000E100E0A58006005869012072
:1086F000DC690120C84B0700002000405F830600B2
:108700008C690120046A0120008002405983060020
:10871000344E070000502700146A0120806A0120AF
:108720007C690120B069012008B528B913491448B3
:108730004FF47572FDF76CF902681249282303FBA8
:1087400002118B6883B1013B8B606BB90E4951F804
:108750002210C1F8003501213AB90C4BC3F8FC2FA7
:10876000D3F8FC2FC3F8FC1F08BD094AC2F8FC3F30
:10877000D2F8FC3FC2F8FC1FF6E700BF944D07009B
:10878000DB4D0700C0690120344E07000020004087
:108790000080024008B528B93449354840F2024209
:1087A000FDF736F9B1F5166F39DBB1F5965F39DBB8
:1087B000B1F5165F39DBB1F5615F38DBB1F5964F86
:1087C00037DBB1F5E14F36DB47F61123994234DD53
:1087D000B1F5164F33DBB1F5614F33DBB1F5963FA1
:1087E00033DBB1F5E13F33DBB1F5613F32DB214BE8
:1087F000994232DDB1F5E12F32DBB1F5612F32DB89
:108800001D4B9942D4BF4FF070614FF08051836986
:108810008B421EBF0123816180F82C3008BD4FF4CC
:108820009E21F4E74FF41D21F1E71449EFE71449C5
:10883000EDE71449EBE71449E9E71449E7E74FF49A
:108840000001E4E74FF41D01E1E74FF46B01DEE7BF
:108850000F49DCE74FF0EB71D9E74FF06C71D6E7C9
:108860004FF08061D3E74FF0E861D0E7944D070007
:10887000DB4D07008FD003003F420F0000B0130014
:108880000050270000F03A0000A04E0000C0750024
:1088900000903A0108B528B91549164840F24242FD
:1088A000FDF7B6F8082904D01149134840F24742B1
:1088B000F6E712F0FD0F04D00D4910484FF489621D
:1088C000EEE7012B04D00A490D4840F24942E7E7A0
:1088D000417D31B11AB9427580F82C3008BD0E299E
:1088E000FCD0022AFAD10E2343750123F4E700BF1E
:1088F000944D0700DB4D0700DF4D0700EE4D0700EC
:108900001F4E070008B528B90F49104840F26A42C7
:10891000FDF77EF8B3F1FF3F03D0012908BF4FF008
:10892000FF33C360531C03D0022908BF4FF0FF324E
:10893000003918BF01210123017580F82C30026134
:10894000BDE80840FFF7D0BD944D0700DB4D0700A0
:1089500008B528B90449054840F2D642FDF758F851
:10896000C0E9072108BD00BF944D0700DB4D07009B
:10897000F8B50E4628B91149114840F2EB42FDF70F
:1089800047F801290768446A0CBF0125022582B116
:1089900025434562FFF7A8FD012E0DD1094B53F881
:1089A0002730D3F81C313BB13846BDE8F840FFF71B
:1089B00015BC24EA05044462F8BD00BF944D0700CD
:1089C000DB4D0700344E0700F7B528B91C491D4898
:1089D00040F21452FDF71CF8002207681A4C80F888
:1089E0002D20FFF781FD282303FB07435D696A897A
:1089F000EB8892B29BB29A42F9D001A9284600F0C6
:108A00002CFA01A90646284600F052FA282303FB57
:108A10000743183353E8001F013143E80012002ACE
:108A2000F8D1282303FB074494F8243023B1206AAB
:108A300084F8242002F072F8307803B0F0BD00BF53
:108A4000944D0700DB4D0700C069012038B50D4685
:108A500028B91549154840F24552FCF7D9FF04687A
:108A6000FFF742FD124B53F82400D0F81C31002BC5
:108A7000FBD04FF48E71FFF7D5FA28220D4B5443EB
:108A80001A190C34234415730122C0F844354FF4ED
:108A90009071C0F84825FFF7C5FA4FF48073C0F80D
:108AA0000433826038BD00BF944D0700DB4D0700E2
:108AB000344E0700C069012010B528B90B490C4895
:108AC00040F26D52FCF7A4FF002280F82D200468CC
:108AD000FFF70AFD074B282202FB04335B69588924
:108AE000DB88C01A18BF012010BD00BF944D0700DD
:108AF000DB4D0700C069012008B528B90C490D48B5
:108B000040F28A52FCF784FF02680B4B282101FBDC
:108B100002335B7BDBB243B9084B53F82230D3F806
:108B20001C01003818BF012008BD0020FCE700BF71
:108B3000944D0700DB4D0700C0690120344E07004B
:108B40000E4B1A6942F010021A61F1EE102A22F05F
:108B50009F02E1EE102AF1EE102A094A4021C2F8E4
:108B600084114FF080420121D16740BF20BF5A6875
:108B7000044B134003B920BF704700BF00ED00E075
:108B800000E100E03FF0439E074808B5037813B1C9
:108B9000064B01225A60FFF7D3FF037813B1034B52
:108BA00001221A6008BD00BF846A012000900040C5
:108BB00070470000004870473C4E070073B5224ED6
:108BC000224C327862B10023C4F84031D4F84031ED
:108BD0000093009B4FF48033C4F8083302B070BD9B
:108BE00001254FF480336560C4F80833D4F80435A8
:108BF000174923F00303C4F80435D4F8103523F0E3
:108C00000F0343F00403C4F81035D4F8083543F0DB
:108C10000303C4F80835C4F84025C4F84021D4F84B
:108C2000403101930920019BFEF7D8FB094B4022FC
:108C300083F809234FF40072C3F880211A6025607D
:108C400065643570CAE700BF846A01200090004067
:108C50008550060000E100E0024B01225A64D3F87F
:108C6000440570470090004013B50446FCF77AFFB6
:108C70000B4BC3F84045D3F8042312F4803209D1DA
:108C8000C3F84021D3F840210192019A4FF4803279
:108C9000C3F8042302B0BDE81040FCF779BF00BF61
:108CA00000900040024B4FF40072C3F8002170475F
:108CB00000E100E0024B4FF48032C3F80823704714
:108CC00000900040054B002282B0C3F84021D3F849
:108CD00040310193019B02B0704700BF00900040FB
:108CE0000A4B01225A601A614FF48032C3F80823FC
:108CF000074B4FF40072C3F88020BFF34F8FBFF3D0
:108D00006F8F044B00221A70704700BF0090004024
:108D100000E100E0846A012072B6054A1378191E4A
:108D200018BF01210133017013700020704700BF8C
:108D3000856A0120044B1A7818B1013A1A70002094
:108D40007047187062B6FAE7856A012010B50346CD
:108D500053E8002F02EA010043E8000494F0000FFA
:108D6000F6D110BD10B5034653E8002FA2EB010069
:108D700043E8000494F0000FF6D110BD10B561B1C6
:108D8000B2FBF3F403FB1424A4B244B9C0E9001409
:108D900084608281C381204610BD0E20FCE709203B
:108DA000FAE782B050E8022FC188B2EB324F4FF0A1
:108DB000000317BF92B241EA014142EA014104E0D7
:108DC0004268B2EB324F08BF012340E80212002A8A
:108DD000E8D18DF807309DF80730002B0CBF11202B
:108DE000002002B0704737B550E8013F9DB2C489FA
:108DF00025448489A54228BF2D1B0489A54202BFB2
:108E0000BFF32F8F002207E0C5EA030540E80154B5
:108E1000002CE9D14FF001028DF803200193019A53
:108E20000A609DF8031001F0FF0321B1006810FAF9
:108E300082F003B030BD1846FBE70A884B889A429F
:108E400009D150E8012FC2EA024240E80123002B79
:108E5000F7D1012070470020704737B550E8023F36
:108E60001FFAA3F5C488A54202BFBFF32F8F0022CB
:108E70000DE0C48925448489A54228BF2D1BC3EA7F
:108E8000054540E80254002CE8D14FF001028DF86E
:108E900003200193019A0A609DF8031001F0FF037B
:108EA00021B1006800EB124003B030BD1846FBE76B
:108EB0000A884B889A4209D150E8022FC2EA22421E
:108EC00040E80223002BF7D10120704700207047B3
:108ED00070B5064D0646002455F8043B0BB13046EC
:108EE00098470134042CF7D170BD00BF946A01206B
:108EF0004388033300EB8303994209D382884FF6FA
:108F0000FF739A4206D00088B0FA80F0400970479B
:108F100002207047012070470B4A0C4953881420E7
:108F200000FB0311CB6833B904204968107001229B
:108F3000074800F0C8BB07490523137002238B8044
:108F4000012209680023F3E7AC6A0120C46A01200A
:108F500054670020006B012007B5002305490093EA
:108F6000054A09680548082300F07FFB03B05DF857
:108F700004FB00BF006B0120504E07005467002027
:108F800007B5002301460093034A0448082300F074
:108F90006CFB03B05DF804FB484E070054670020EB
:108FA00013B500230C4600930146084A08480423E1
:108FB00000F05BFB38B90749142202FB04110123BE
:108FC0000B7402B010BD0E20FBE700BF444E07003B
:108FD00054670020C46A012037B50A480A4B42682A
:108FE0009C88196853880325033305709BB20020C1
:108FF00000909B0001EB8401044800F036FB03B0B5
:1090000030BD00BFAC6A0120006B01205467002016
:1090100038B5144B14220D4602FB00302B6844680F
:1090200004F58051A3B15C88033403EB84048C42C3
:1090300015D22368013312D02046FFF759FF0128CB
:1090400008D002280BD00028F1D12C60012038BDB7
:109050000834ECE76388033304EB8304E7E700207C
:10906000F5E700BFC46A01204368F7B505460E4620
:10907000002B43D0234AD1688B423FD312699342DD
:109080003CD813F0030439D11F4A01891289914257
:1090900035D101689A68914231D11C494A6893429E
:1090A00003D902F5805293420DD38A6993420CD9B9
:1090B00002F58052934208D201233380B4FA84F03F
:1090C000400903B0F0BD2346F7E70A24F6E701970D
:1090D00001A92046FFF79CFF30B90134A4B2022C4D
:1090E0003480F4D10020ECE7019B2A689968914212
:1090F000EED16B60044B1B892B81E2E70024002733
:10910000EDE700BF54670020AC6A0120C46A01206B
:109110002DE9F0471C461D4B1B780746884616462E
:109120007BB382B37CB3DFF86C904FF0140AA58850
:10913000012D01D90A2022E00AFB05F319F80330BA
:109140002BB921462846FFF763FF18B92060013587
:10915000A580ECE723681FB199883A889142F0D145
:10916000B8F1000F04D01988B8F800209142E8D176
:109170009A68C6E90023064B1B8933810020BDE8AD
:10918000F0870220FBE70520F9E700BFA46A012071
:10919000AC6A0120C46A012008B5074B5888191D24
:1091A000FFF736FF18B1BDE80840FFF715BFBDE86F
:1091B0000840FFF7B1BE00BFAC6A01202DE9F047BF
:1091C0009E4FDFF89C8288B006463B6823B99C48D6
:1091D0004146FFF742FE38603D6829784B1E052B5B
:1091E00007D8DFE813F01F007700770005010501BD
:1091F00059010F241422002103A804F06FFA41F64C
:109200001D539C4208BF00243B6804941A78023A1C
:10921000042A00F2F781DFE812F0D801E401060227
:109220000E02150226B1874B00225A600124E1E7A5
:109230002B79032B1CD8DFE803F014022934824A6F
:109240001378022B19D0137D022B4FF0010316D196
:1092500014214B43D1180020D0544868FFF790FEEA
:1092600003E001232B71FFF777FE002800F0BB809D
:10927000744B00225A600E24BCE70023E8E7714AD1
:1092800013700023536041F61D54B3E76F497048D3
:10929000002302222B718A800968012200F013FA50
:1092A000E3E76A4C00262E712068FFF769FE694BE0
:1092B000DFF894C15B882568142253430CEB03024A
:1092C0000CF8036051685560A58815810222216061
:1092D000A280CAE7B5F814A0AA7DDFF86C919EB110
:1092E000022AEB8806D9142101FB0A91DA1C0889AD
:1092F00002440A81142202FB0A92C3F57F4351897A
:10930000FD330B44538191E7142303FB0A9318891F
:109310005C6804EB8004062A68D8DFE802F0274D79
:1093200035431D59040041F61D54AA7DEB88022ADD
:1093300006D9142101FB0A91DA1C088902440A812A
:10934000142202FB0A99C3F57F43B9F80A20FD33C2
:109350001344A9F80A304DE73F48404900234360D1
:10936000AB690360FFF780FE002859D00223AB757C
:10937000002300930423EA182146354800F075F9CC
:10938000002830D00E24D0E72B69002B14BF032314
:109390000123AB750023009305F10C02042304F1B3
:1093A0000801EAE70123AB750022EB8800922A69E5
:1093B0009B0004F10C01E0E703290CBF0523062301
:1093C000AB7500230093042305F10802E118D4E7EC
:1093D0000623AB75214B19881F4B5868FFF7E0FD3A
:1093E00004460028A1D108B0BDE8F0870F249CE70F
:1093F000002E7FF41BAF2B79012B33D0022B3FF4CF
:1094000042AF002B7FF4F5AE02232B710DF10A0160
:10941000EB68039303A8CDE90466FFF725FE08B9BE
:109420000A24E7E60498BDF80A108388EB800388D5
:109430002B81FFF7B5FD044627E000BFC06A01207D
:10944000EC6A0120A46A0120C46A0120006B01209B
:1094500054670020AC6A0120886A0120086B012053
:10946000BC6A0120DFF8F89103AA4B463146A81DDB
:10947000FFF74EFE044660B9B9F804100498FFF7F0
:109480008FFD04460A2C3FF4FEAE002C7FF4B2AEF2
:10949000A9E7C9E90066F5E7002E7FF4C7AE6B4B7C
:1094A000197B1A78B1B11E731A78013A062A3FF671
:1094B000A0AE01A151F822F05F9506008595060047
:1094C000A3950600A9950600F3910600AF95060046
:1094D000C1950600072AE7D801A151F822F000BF84
:1094E00001950600A9940600A99406002795060098
:1094F0003B9506005B9506005B95060023950600EC
:109500001A89534901321A8100225A801A730A7843
:10951000B2FA82F252099A720A7DB2FA82F25209C2
:10952000DA72012207E04B4958688A884088033282
:1095300002448A8002221A70B6E75C88444A454990
:10954000142505FB0422086854685060888810813F
:1095500002228A800C600622EDE70722EBE79A7A66
:1095600032B9DA7A8AB900221A705A805A608AE6C9
:10957000374900229A72CA68002AF2D1097C002970
:10958000EFD05A80FFF708FE55E70022DA72304A22
:10959000116A0029E7D192F82420002AE3D00122A1
:1095A000EFE7FFF719FD46E7FFF7B6FC43E75A88F8
:1095B000274B142101FB02335868FFF7E1FC3AE71F
:1095C00000225A60FFF7C8FC35E701228DF80C2015
:1095D0001A89ADF818209A88DB68ADF81A2005932F
:1095E00010E002228DF80C201A89ADF818209A8814
:1095F000ADF81A20DA689B7D05929A1F53425341B9
:109600008DF81C3003A8FFF763FC00264146124882
:109610003E60FFF74DFC11480121FFF7A3FB002836
:109620007FF4D3ADDFE603228DF80C20DA88ADF8A5
:1096300018201A89D0E704228DF80C20DB88ADF8B9
:109640001830DFE705238DF80C30DBE7AC6A01202A
:10965000C46A0120006B0120EC6A0120FC6A012031
:109660000C6B01204068FFF7A9BD2DE9F04308B35A
:1096700002B3D0F800E0BEF1000F1ED0FBB1476886
:10968000D7F80490B3FBF9F709FB1737BFB942EAE3
:10969000010C1CF0030F14D1C768B94211D305693E
:1096A0004C1E1C44AC420CD8DEF80C40A446BDE86D
:1096B000F04360470E20BDE8F0830820FBE7092057
:1096C000F9E71020F7E7F0B5D8B1D0F800C0BCF149
:1096D000000F18D0CAB14768D7F800E00EF1FF3785
:1096E0000F4214D1C768B94211D305694C1E0EFB55
:1096F0000244AC420BD8DCF81040A446BDE8F04070
:1097000060470E20F0BD0820FCE70920FAE7102092
:10971000F8E7FCF727BAFCF73BBA00F1804000F508
:109720001C3001230360BFF36F8FBFF34F8F70476F
:10973000020713D400F00F0310F0800F084A0BBF8C
:1097400003F5887303F5847302EB830252F8230058
:1097500008BF5068431E5842584170470020704768
:109760000070024010F0080F074B06D0D3F8C00479
:1097700010F4803F18BF0020704700F00F0000F584
:10978000947053F820007047007002404FF08053EF
:10979000D3F83021082A05D1D3F83401003818BF96
:1097A000012070470020704730B5D1E900549C4239
:1097B00029BFC0E900530021E41AED1832BFC0E907
:1097C00000514C600D60934203D1201E18BF012050
:1097D00030BD0020FCE74B6810B59A420C6828BFEA
:1097E0001A46C0E90042981A0B68486013440038D2
:1097F0000B6018BF012010BD30B54C680B68A24249
:1098000028BF2246002A14BF1D460025A4EB0204EF
:109810001344C0E900524C600B6014BF01200020CB
:1098200030BD0000054B10F0800FA3F1900208BF7F
:10983000134600F00F0003EB00107047886C012006
:10984000C343C3F3C01300F00F0000EB03107047D5
:10985000034A0023C2F81C3C024A1370704700BF41
:1098600000700240156B012007B5074A00231370F2
:10987000064A137001230193054B01A81B68984702
:1098800003B05DF804FB00BF146B01201C6D0120C8
:10989000186D012013B5124C0122236802FA01F160
:1098A0000B4323600F4B1B68194003060DD551B9BC
:1098B00006238DF804308DF806008DF807100A4B4A
:1098C00001A81B68984702B010BD0029FBD10623F0
:1098D0008DF804308DF806008DF80720EFE700BF03
:1098E000F46B0120846B0120186D012008B5054B35
:1098F0001A781046FFF7A4FFBDE80840014610465D
:10990000FFF7C8BF1C6D01201C4B13B5D3F80044F2
:10991000C3F80044BFF36F8FBFF34F8FBFF36F8F58
:10992000BFF34F8FE10508D5154B01221A700223B2
:109930000193144B01A81B689847A20508D5104B4A
:1099400000221A70032301930E4B01A81B6898474D
:10995000630511D50A4B1A7872B100221A70074BB1
:109960000122C3F808255820FFF7D7FE04230193EE
:10997000044B01A81B68984702B010BD007002405C
:10998000146B0120186D01204B689A4228BF1A46BB
:109990000A4B70B50C46064609681846154603F092
:1099A00075FEC6E9000560682368401B60602B44B3
:1099B0000038236018BF012070BD00BF246D012056
:1099C0004B689A4228BF1A4670B506460D461446A3
:1099D00082B10968084803F059FE074BC6E9003414
:1099E0006B681B1B6B602B68201E23442B6018BF09
:1099F000012070BD1346F1E7246D012008B5FFF783
:109A000027FF084B93F89E20032A06D1BDE80840A3
:109A100005486FF00101FFF799B9D3F89030002B9A
:109A2000F4D008BDF86B0120846B01200A4AD2F8FB
:109A30006834C2F86834BFF36F8FBFF34F8F0121D2
:109A400003B9704793FAA3F2B2FA82F201FA02F272
:109A500023EA0203F4E700BF0070024008B5FFF7F5
:109A6000F7FE0146FFF7DEFE837B032B0AD1084693
:109A7000FFF7E6FE01218140BDE808400348C943E5
:109A8000FFF764B90368002BF1D008BD846B012097
:109A90008720FFF7E3BF8620FFF7E0BF8520FFF7B1
:109AA000DDBF8420FFF7DABF8320FFF7D7BF822016
:109AB000FFF7D4BF8120FFF7D1BF00002DE9F04FA1
:109AC000DFF8648198F8003085B0002B5BD1504DF1
:109AD000504B19682B68194055D091FAA1F1002913
:109AE00054D0B1FA81F30F2B194651DDA1F11004C6
:109AF000E4B22046FFF796FE4FFA84FA4FF0010BCE
:109B00000BFA01FBBAF1000F81466FEA0B0B42DA48
:109B100003688289416802A8984708B9C9F800001B
:109B20003D4BD9F808108222C3F81C2C012288F87A
:109B300000202A6802EA0B022A60039ABAF1000F99
:109B40001144C9F8081004F00800029904F00F0449
:109B50004FDA002845D0C3F8A016C3F8A426042085
:109B600000EB8400FFF7D9FD2C4A2D4B13EA2A03A2
:109B700038BF134633F8143003F1804303F51C3328
:109B80001A68002AFCD005B0BDE8F08F2021ADE7AF
:109B900043F08004ADE72046FFF7E4FDB9F80C2060
:109BA000D9F80410D9F800600346074602A8B04768
:109BB000029A002AB1D0039A9742AED9022789F8B7
:109BC0000E7059461348FFF7C1F806238DF804308C
:109BD000144B8DF806401B688DF8077001A8984754
:109BE00076E7142000FB0433C3F80016C3F80426FC
:109BF000B5E728B1C3F8A017C3F8A4272820AFE71A
:109C0000142000FB0433C3F80017C3F80427F5E75A
:109C1000F46B0120846B0120007002407E4E07002F
:109C2000624E0700186D0120156B012037B5FFF754
:109C30000FFE0446FFF7F6FD837B032B0DD1204674
:109C4000FFF7FEFD01218140C9431048FFF77EF870
:109C500003B0BDE83040FFF731BF0568002DF7D1F4
:109C60002046FFF7EDFD01218140C9430748FFF77A
:109C70006DF806238DF80430054B8DF806401B68FF
:109C80008DF8075001A89847E2E700BF846B0120D8
:109C9000186D01200720FFF7C9BF0620FFF7C6BFD8
:109CA0000520FFF7C3BF0420FFF7C0BF0320FFF765
:109CB000BDBF0220FFF7BABF0120FFF7B7BF00000A
:109CC00007B500238DF804300B4BD3F82025ADF8F1
:109CD0000620D3F8C034094A002B13680CBF4FF498
:109CE00080714FF001210B431360054B01A81B68E5
:109CF000984703B05DF804FB00700240F46B01204C
:109D0000186D012007B5FFF7A3FD0D4B93F88E20CA
:109D1000032A11D0D3F8803073B90A486FF08071EC
:109D2000FFF714F806238DF804300823ADF8063049
:109D3000054B01A81B68984703B05DF804FB00BF02
:109D4000F86B0120846B0120186D012007B5FFF727
:109D50007FFD114B93F81E21032A07D10F486FF4A2
:109D6000807103B05DF804EBFEF7F0BFD3F810315B
:109D700073B90A486FF48071FEF7E8FF06238DF887
:109D800004308823ADF80630054B01A81B689847BE
:109D900003B05DF804FB00BFF86B0120846B012069
:109DA000186D012038B51A4BD3F86C44C3F86C44D5
:109DB000BFF36F8FBFF34F8FBFF36F8FBFF34F8F23
:109DC000FFF7E4FC38B9134A136823F0011103F0DC
:109DD00001130C43136001251CB9BDE83840FFF79F
:109DE0006DBE94FAA4F171B1B1FA81F30F2B19464B
:109DF0000BDDA1F11000C0B205FA01F324EA03045F
:109E0000FFF748FDE8E72021F3E743F08000F3E7A0
:109E100000700240206D0120054B1A78012A01BF15
:109E2000044A00201060187018BF0820704700BF57
:109E3000166B0120186D01204E4B4FF4006210B5D7
:109E4000C3F80024BFF36F8FBFF34F8FFFF79EFC63
:109E500098B10020FFF75DFC474BD3F8001C0322AC
:109E6000002979D149F27531C3F8001CC3F8142DCB
:109E7000C3F8001C0020FFF74EFC0020FFF749FC50
:109E80003D4BD3F8001CC022002968D149F275313E
:109E9000C3F8001CC3F8142CC3F8001C0020FFF703
:109EA0003AFC344B0122C3F80025BFF36F8FBFF398
:109EB0004F8FD3F800241205FBD54FF40062C3F88E
:109EC0000024BFF36F8FBFF34F8F0020FFF721FCFB
:109ED000294BD3F8001C002944D149F27532C3F84C
:109EE000002CC3F8141CC3F8002C0020FFF713FC4F
:109EF000204B40F2E372C3F800284022C3F8042844
:109F0000BFF36F8FBFF34F8F8022C3F81C251B4B0D
:109F100040F2FF121A601A4B00241C60FFF798FCF5
:109F2000184B1C70184B02221A70FFF72FFC00B35D
:109F30002046FFF7EEFB104BD3F8001CB1B949F2F5
:109F40007532C3F8002CC3F8141DC3F8002CBDE80B
:109F500010400020FFF7DFBBC3F8142D8AE7C3F8D9
:109F6000142C9BE70022C3F8142CBEE7C3F8144D51
:109F7000EDE710BD0070024000E00640F46B0120E8
:109F8000846B01201C6D0120166B012008B5104B5D
:109F900000221A70C8B9FFF7F9FB0E4B0E4A0028D1
:109FA00018BF13460D4AC2F804330D4BE02183F865
:109FB00027138021C3F8841159600123C2F80435A6
:109FC000BFF36F8FBFF34F8F08BD024BEAE700BFAF
:109FD000146B01200714E0010714C0010070024057
:109FE00000E100E0034B1878012894BF0020012015
:109FF000704700BF166B0120044B1B78012B83BFF9
:10A00000034B5868C0F3C01000207047166B012046
:10A0100000E100E008B5FFF705FC818108BD000004
:10A0200073B5002837D01E4B1C78002C35D11D4A43
:10A03000106001221A702546264615F0080F65F0BB
:10A040007F00C0B20CBF40214FF400710190FFF7B8
:10A05000E1FF0198FFF7E6FB0135092D86730660E5
:10A060008660EAD1402100252046FFF7D3FF204635
:10A07000FFF7D8FB0134E4B2092C857305608560D5
:10A0800002D1002002B070BD14F0080F14BF4FF4CD
:10A0900000714021E8E70720F4E70820F2E700BF5D
:10A0A000166B0120186D0120064A10F0800F00F099
:10A0B0000F0314BFD2F81005D2F81405D84000F0F1
:10A0C0000100704700700240084B094AC3F808239A
:10A0D00041F20402C3F804230122C3F81025C3F897
:10A0E0001425BFF36F8FBFF34F8F7047007002408E
:10A0F000F8EB1F002DE9F047804600208A46FFF765
:10A1000008FB18F00F0503D1294B1B7843454AD1B2
:10A11000284B294F1C683E684046FFF791FBE443FB
:10A12000A4B24FF00109344309FA00F914EA090412
:10A130003BD14046FFF776FB0C2218F0800F034618
:10A1400002FB05F52BD01D4ADAF80010154401F08A
:10A150006041DAF80820B1F1005F02F0010219D184
:10A16000B2B9174A1A609AE8070085E8070000228A
:10A170009A609A735D60134B46EA090680223E603E
:10A18000C3F804210020FFF7C6FA2046BDE8F08797
:10A190000D4AE7E70AB90D4AE4E70D4AE2E70D4A3E
:10A1A00015440D4ADEE71024ECE71124EAE700BF6E
:10A1B0001C6D0120F46B0120846B0120886B012051
:10A1C000D797060000E100E0F9970600899906009C
:10A1D000C1990600186B0120A9970600FFF7C2BAC3
:10A1E00008B5084B1A68084BD2431B6892B21A4351
:10A1F000FFF726FB012303FA00F0104214BF1846B4
:10A20000002008BDF46B0120846B0120044B40F456
:10A210008070C3F81805BFF36F8FBFF34F8F70477F
:10A2200000700240FFF784BA064BC3F80C05BFF379
:10A230004F8F40F48070C3F80C05BFF36F8FBFF3EE
:10A240004F8F7047007002400023036043600E4B45
:10A25000D3F880240270D3F884244270D3F8882481
:10A26000D3F88C1442EA01224280D3F89024D3F828
:10A27000941442EA01228280D3F89824D3F89C34C3
:10A2800042EA0323C38070470070024008B5FFF71D
:10A290007DFA58B9EFF3108272B64C20FFF73DFA01
:10A2A0004C20FFF73AFA82F3108808BDBDE8084059
:10A2B0004C20FFF732BA000013B5FFF7C9FA104B74
:10A2C0009A7B032A09D10F486FF48031FEF73EFDD7
:10A2D00002B0BDE81040FFF7D9BF1C68002CF7D1D1
:10A2E0006FF480310748FEF731FD06238DF8043006
:10A2F000054BADF806401B6801A8984702B010BD99
:10A30000F86B0120846B0120186D01205020FFF7AD
:10A3100004BA5420FFF701BAF8B50446FFF736FA3D
:10A3200006462046FFF78CFA01258540174FED437E
:10A33000B6B93046FFF7EDF93B6804F00F042B4047
:10A340003B606400124B04F2C574C3F80048C3F8C4
:10A350000468D3F80438BDE8F8400020FFF7DBB903
:10A360000020FFF7D6F93B6814F0080203EA050362
:10A370003B60F0D104F00F04054B04F5947443F8EE
:10A380002420BFF36F8FBFF34F8FE4E7F46B0120FE
:10A3900000700240F7B504460020FFF7BAF92046E6
:10A3A000FFF740FA05462046FFF74AFA012214F06B
:10A3B000800F02FA00F22D4818D1036832EA030137
:10A3C0000AD02046FFF7A8FF0323AB73002003B099
:10A3D000BDE8F040FFF79FB92960254923EA020351
:10A3E00003600B6823EA02030B60EDE7230715D433
:10A3F000802C204B2ED004F00F0101F2DA314900FD
:10A40000C3F80018D3F80418D3F80468C9B241F0AF
:10A4100002013143C3F80418D3F80438144E01681C
:10A42000336861EA03071742D0D0134321EA0201DF
:10A430003360002301602B600323AB738DF807307A
:10A440000D4B8DF8064006221B688DF8042001A8EC
:10A450009847BBE740F2B471C3F80018D3F804186A
:10A46000D3F80468C9B241F00401D2E7846B01203B
:10A47000F46B012000700240186D0120FFF78ABFC5
:10A48000184BD3F8002273B522F00402164CC3F81F
:10A490000022D3F880542368144EDA43144B3178E9
:10A4A0001B6892B208461A43FFF7CAF9012303FA60
:10A4B00000F0104202D00846FFF76CFF6FF0011168
:10A4C00005F080050A483570FEF740FC236843F02C
:10A4D0000103236005230193064B01A81B689847DD
:10A4E00002B070BD00700240F46B01201C6D0120B1
:10A4F000846B0120186D01205F4B2DE9F041D3F8EA
:10A5000004430021224601250E46002A40F0918096
:10A51000FFF73CF900287DD1584B1B78002B79D1EF
:10A520008D0277D5544B544F40F2A972C3F80028DE
:10A53000D3F8040810F0FF001CBFD3F80428104023
:10A5400040F2AA72C3F80028D3F8042812F0FF02E0
:10A550001CBFD3F804381A4040F2AB73C7F8003878
:10A56000D7F8043813F0FF031CBFD7F804582B406A
:10A5700040F2AC75C7F80058D7F804582840404D51
:10A580000AD02E6806432E6040F2A976C7F800680C
:10A59000C7F80408D7F80408374840F2AD76C0F889
:10A5A0000068D0F8046832400BD02E6846EA0246B4
:10A5B0002E6040F2AA76C0F80068C0F80428D0F8EF
:10A5C00004282D4A40F2AE70C2F80008D2F80428E0
:10A5D000134010D0D80748BF41F40001DA06264ADC
:10A5E00040F2AB70C2F80008C2F80438D2F8043860
:10A5F00048BF41F001012B6833F001121CBF04F089
:10A600008070014313F0011F04D0630544BF2A602A
:10A6100041F480611B4F01F4000621F400044FF067
:10A620000108D4B9FFF74AFA1EB3BDE8F041FFF7BD
:10A6300027BF154892FAA2F3B3FA83F39F00384478
:10A6400005FA03F307682FB10660BFF36F8FBFF3FE
:10A650004F8F194322EA030257E794FAA4F5B5FA9B
:10A6600085F557F8253008FA05F5984724EA0504DA
:10A67000D7E7BDE8F08100BF00700240156B0120F4
:10A68000206D0120904E070000710240F8B5134E76
:10A69000134B34681B68240C24041C4301271CB989
:10A6A00040F2FF133360F8BD94FAA4F585B1B5FA12
:10A6B00085F30F2B1D460DDDA5F11000C0B2030779
:10A6C00001D4FFF767FE07FA05F524EA0504E6E77B
:10A6D0002025F1E743F08000F1E700BFF46B012093
:10A6E000846B012038B50E4C8025C4F88451636812
:10A6F0001B0613D5FFF7CAFF0A4B0022C3F8042537
:10A70000BFF36F8FBFF34F8FC4F88450BFF34F8FE9
:10A71000BFF36F8F4FF0FF32C3F8082338BD00BF7F
:10A7200000E100E00070024008B5FFF7DBFF094BD5
:10A73000D3F80423C3F808230022C3F80025BFF38D
:10A740006F8FBFF34F8FFFF783F8034B01221A700F
:10A7500008BD00BF00700240166B012010B5044612
:10A76000FFF718FE134A04F00F0064B2002C4FF0FC
:10A770000103B4BFD2F81015D2F8141503FA00F390
:10A780006FEA0303B5BF0B400B40C2F81035C2F8A7
:10A790001435BFF36F8FBFF34F8F074A074B13EA90
:10A7A000240338BF13461A5C01239340014AC2F8C0
:10A7B000083310BD00700240744E0700584E070069
:10A7C00038B5254A254B45B2002DA8BF134600F0E9
:10A7D0000F010446585C224A4FF0010303FA00F0CF
:10A7E000C2F804032ADAD2F81005C840C00731D4F1
:10A7F000D2F810058B400343C2F81035BFF36F8FBA
:10A80000BFF34F8F31B3002D24DB14F0080521D1A5
:10A810002846FEF77EFF2046FFF77EFD2046FFF725
:10A820000FF8104A012303FA00F0136823EA00032B
:10A8300013602846BDE83840FEF76DBFD2F8140516
:10A84000C840C00706D4D2F814058B400343C2F8B1
:10A850001435D3E738BD00BF744E0700584E0700CB
:10A8600000700240846B0120030610B5044605D435
:10A87000FEF75EFF10B12046FFF74EFD034BC3F815
:10A880001845BFF36F8FBFF34F8F10BD00700240AC
:10A8900000F1804000F5C040002382B003600368EF
:10A8A0000193019B02B0704703681F2B83BF03F025
:10A8B0001F03036001484FF0A040704700030050A1
:10A8C00007B5019001A8FFF7EFFF019B00EB8300A4
:10A8D000D0F8003723F44033C0F80037D0F8003701
:10A8E00043EA0141C0F8001703B05DF804FBC20859
:10A8F000012300F007008340885C03438B547047BA
:10A90000054B4FF0FF32072843F8202084BF1B1867
:10A9100083F86820704700BF646D012038B5164D7C
:10A9200095F87E402CBB3022FF2105F1400002F05B
:10A93000D5FEE0B20134FFF7E3FF102CF9D10F4B45
:10A940000022AA679A800E4BE02183F8061340216B
:10A95000C3F8801119604FF4BE70FFF799FF094BDF
:10A960004FF00041C3F80413012385F87E301046F0
:10A9700038BD0820FCE700BF646D0120DC6D0120BC
:10A9800000E100E000600040034B93F87E000038D7
:10A9900018BF0120704700BF646D012037B5324BEE
:10A9A0001A18044692F9400001305AD188780028DC
:10A9B0004BD01846002250F8045B01353FD11819DE
:10A9C00080F84020002043F82200920002F18042EB
:10A9D00002F5C0420B78D2F81055487825F4991545
:10A9E0001B04000525F4F85500F4801003F44033EF
:10A9F000C2F8105503432002D2F8105500F47C50E1
:10AA000003432B43C2F810354A780194012A01A868
:10AA10001FD1FFF749FF019B9A40C0F8082501A804
:10AA20000194FFF741FF019B104903F5E0730322F6
:10AA300040F823202046FFF75AFF002003E00132B0
:10AA4000082AB8D1042003B030BDFE2382F840307C
:10AA5000DAE7FFF729FF019A01239340C0F80C358C
:10AA6000DDE70820EFE700BF646D0120DC6D012009
:10AA700037B5174C2518014695F84000072809D826
:10AA8000FFF73EFF95F94030124A03F5A27300200C
:10AA900042F823000C44FF2384F840300E4DCC08CC
:10AAA00001F0070301229A402B5D13420DD001A84B
:10AAB0000191FFF7F9FE019B03F5E073022140F8D5
:10AAC00023102B5D23EA02032B5503B030BD00BFDA
:10AAD000646D012000600040DC6D0120074B1844CC
:10AAE00090F940309B0003F1804303F5C043D3F855
:10AAF000102542F00302C3F810257047646D012051
:10AB0000054B184490F940008000C0B200F180402D
:10AB100000F5C040704700BF646D0120064B18442B
:10AB2000012290F9403018339B00DBB203F18043DF
:10AB300003F5C0431A607047646D01202DE9F341AD
:10AB4000DFF8F48008EB0003054693F94030002B52
:10AB50000F466CDA8B78C3F34003002B0BBF08243D
:10AB60000024102108218C4203D1042002B0BDE84A
:10AB7000F08158F82400013041D108EB050166B29C
:10AB800048F8242081F840601BB908EB040383F8DF
:10AB90006850BB785A0712D4D90732D501A801955D
:10ABA000FFF782FE019B00EB8300D0F8003723F013
:10ABB0000203C0F800371F492846FFF798FEBB780C
:10ABC0003A7813F0020328D0A40004F1804404F57D
:10ABD000C0442D02D4F8103523F44F3323F44073CE
:10ABE000C4F810351204D4F8103505F47C5502F47D
:10ABF000403215431D43C4F810550020B6E7013418
:10AC0000B1E701A87A780195FFF74EFE019B03F5A5
:10AC1000E073920040F82320CDE7083E48FA86F61C
:10AC200096F8701041EA821286F87020E5E7082055
:10AC30009CE700BFDC6D0120646D012037B5224D1B
:10AC40002B18044693F94020072A1DDD083A45FADF
:10AC500082F292F870309B09032B10D1019001A869
:10AC6000FFF722FE019BD0F81015D94001F0010139
:10AC70000231204603B0BDE83040FFF721BE012B72
:10AC80000CBF02210321F4E7D3B2072B1AD893009B
:10AC900003F1804303F5C043D3F8100540F00100F1
:10ACA000C3F8100502F1400040B2800080B2FFF707
:10ACB000EFFD39B155F8223023B101239340034A07
:10ACC000C2F8043303B030BD646D01200060004061
:10ACD0000E4B034493F94020072A02DD0021FFF7C1
:10ACE000EFBDD3B2072B0FD8930003F1804303F5D8
:10ACF000C043D3F8101521F00101C3F8101501234A
:10AD00009340034AC2F80833704700BF646D0120C6
:10AD100000600040F7B50446FFF7DAFF174A184E07
:10AD20001119E50891F9403091F8401007299FBFAB
:10AD3000144903F5A273002041F8230004F007032F
:10AD400001219940735D0B420DD001A80194FFF7DA
:10AD5000ABFD019B03F5E073022740F82370735DA0
:10AD600023EA01037355144494F84000FFF7C8FD2B
:10AD7000FF2384F8403003B0F0BD00BF646D0120B4
:10AD8000DC6D0120006000402DE9F04F00248BB005
:10AD9000CDE90444654D4FF48072012102F18043F6
:10ADA00003F5C04390B21B68012B06D1D5F80433DC
:10ADB0000B4202D0FFF76CFD0C430432B2F5907FDA
:10ADC0004FEA4101EAD1594BD3F87C31012B0ED126
:10ADD0004FF4BE70FFF75CFD4FF0A04344F0004419
:10ADE000D3F810350493524BD3F810350593E3B2E2
:10ADF000D3B1504F01260025344210D0AB0003F1EF
:10AE0000804303F5C043D3F81005D3F8101557F865
:10AE1000253023B1C1F30141C0F305209847013526
:10AE2000082D4FEA4606E7D1002C7BDA0023CDE956
:10AE300006334FF0FF33CDE90833DFF8F8A03E4B7F
:10AE4000019300252F46019B13F9014B0193631CCD
:10AE50004FD0C4F3C2060122E3B204F03F0B04F06A
:10AE6000070402FA04F406F128020DEB020616F8B4
:10AE7000081C21423DD00AEB0B014FEA931991F9CE
:10AE800040105AF82180B8F1000F07D1B9F1030F33
:10AE90002FD106A95846FFF72AFD02E0B9F1030FAA
:10AEA000F7D003A8CDF80CB0FFF7FEFC039901F52D
:10AEB000E07150F8211016F8180C2042C1F301413E
:10AEC00006D0022915D1B9F1030F0CD1494605E08E
:10AED00003290ED1B9F1030F05D102215846FFF71E
:10AEE000EFFC0135EDB2B8F1000F02D049465846EB
:10AEF000C0470137082FA6D1A5B14FF0A043049950
:10AF0000D3F8102503F540739142D3F8103502D1E0
:10AF10000599994206D004920593069A079B0892D8
:10AF200009938CE70BB0BDE8F08F00BF00600040D4
:10AF300000030050646D0120D46D012000F18043B6
:10AF40001A68002A1BBF0022012000201A607047E7
:10AF50000F4A1378D3B903784FF08041C3F340030D
:10AF6000C1F88035037803F00103C1F87835094B47
:10AF70001968C90706D4E02183F800130121C3F83A
:10AF800080111960012313700020704785207047DD
:10AF9000F06D012000E100E0084B0122C3F88020A1
:10AFA000BFF34F8FBFF36F8F054A00231360054A2D
:10AFB0001360054A1360054A1370704700E100E012
:10AFC000E46D0120E86D0120EC6D0120F06D0120A1
:10AFD000014B02681A607047EC6D01204FF080430E
:10AFE0004FF46072C3F8042370474FF080434FF46E
:10AFF0006072C3F8082370474FF0804310B5D3F850
:10B000000443620707D54FF48470FFF797FF10B130
:10B010001E4B1B689847A30608D54FF48A70FFF7AC
:10B020008DFF18B11A4B00201B689847600608D5A1
:10B030004FF48C70FFF782FF18B1154B01201B688D
:10B040009847210608D54FF48E70FFF777FF18B1A7
:10B05000104B00201B689847E20508D54FF490700C
:10B06000FFF76CFF18B10B4B01201B689847A30535
:10B070000AD54FF49270FFF761FF28B1054BBDE888
:10B0800010401B680220184710BD00BFE46D01206E
:10B09000E86D0120EC6D01202DE9F84F134DDFF82C
:10B0A000508007464FF0000A04264FF001095FFA6E
:10B0B0008AFB002009FA0BF4FEF72BFB2C420AD086
:10B0C000D8F8003014EA030201BF2343C8F8003067
:10B0D00087F800B016460020FEF71DFB1EB1A54301
:10B0E0000AF1010AE3D13046BDE8F88FFFFF0F00F7
:10B0F000F46D012010B5A1B19AB101238340C3F3CF
:10B10000130484B10A4C246823420ED0C00000F11D
:10B11000804000F5F830C0F81015C0F81425002064
:10B1200010BD0E20FCE70720FAE70820F8E700BF73
:10B13000F46D0120012303FA00F0C0F313031BB1E7
:10B14000054B1B68184204D0044BC3F804050020CB
:10B1500070470820704700BFF46D012000F00140E7
:10B16000012303FA00F0C0F313031BB1054B1B6866
:10B17000184204D0044BC3F808050020704708208B
:10B18000704700BFF46D012000F00140074B002222
:10B19000C3F8002182B0D3F800210192019AD3F8BC
:10B1A0000805034B1B68C0B202B0184700D000402E
:10B1B000F86D01200023435082B043580193019B56
:10B1C00002B070472DE9F0470F78DDF820809DF838
:10B1D00024A004460E469946002F58D1D0F82431B9
:10B1E00015683BB14FF49271FFF7E4FF01236361EF
:10B1F000337012E0D0F81C312BB34FF48E71FFF78F
:10B20000D9FFD0F82431002BECD1454511D219F8E3
:10B210000530C0F81C356B1C1360454535D1D4F89A
:10B22000043193B34FF482712046FFF7C3FF002728
:10B2300004E00123BAF1000F03D0C3613846BDE832
:10B24000F0874361E9E7D0F80831002BE5D04FF4EF
:10B250008471FFF7AFFFD0F82431002BC2D14545F0
:10B26000DBD2D0F8183509F80530136801331360C4
:10B2700008F1FF32934205D10223C0F800320123C6
:10B280002362CAE79845FAD1C7E70127D6E74FF40A
:10B290009271FFF78FFF4FF48E71FFF78BFF4FF422
:10B2A0008471FFF787FFBAE72DE9FF470C46054693
:10B2B0004FF4827120461F46384B03939DF830802F
:10B2C000FFF778FF4FF49271FFF774FF4FF48E7120
:10B2D000FFF770FF4FF48471FFF76CFF002301212B
:10B2E000C4F8003216466B6385F82E302162A160E7
:10B2F000DFB11378C4F81C3569632B68E3B905F135
:10B30000340A05F12E09039B002B1FDC95F82E3023
:10B3100053BB0020039B002B15DC0023C4F8003531
:10B320000523C4F8003503200DE0B8F1000F01D06B
:10B33000E161E2E76161E0E740F28623AB60AB6880
:10B34000C4F80433002004B0BDE8F087CDE90078EC
:10B350003346524649462046FFF734FF0028D5D0F1
:10B36000039B013B0393CEE7D4F8C434C4F8C43440
:10B37000002BCED013F0010F14BF4FF40240032076
:10B3800048F2012213F0020F18BF104613F0040F09
:10B3900048F2022318BF1846BCE700BFA086010090
:10B3A0002DE9FF470C4605461E462046364B0393C3
:10B3B0004FF48271FFF7FEFE4FF49271FFF7FAFE31
:10B3C0004FF48E71FFF7F6FE4FF48471FFF7F2FE33
:10B3D0000023012ED5F800806B6385F82E301746C8
:10B3E0004FF0010306BF0222C4F80022C4F8003265
:10B3F00023622360B8F1000F15D105F1340A05F17D
:10B400002E09039B002B18DC95F82E301BBB002067
:10B41000039B002B0EDC0023C4F800350523C4F881
:10B420000035032006E040F28623AB60AB68C4F829
:10B430000433002004B0BDE8F087CDE900683B4646
:10B44000524649462046FFF7BDFE0028DCD0039B4C
:10B45000013B0393D5E7D4F8C434C4F8C434002BBB
:10B46000D5D013F0010F14BF4FF40240032048F26F
:10B47000012213F0020F18BF104613F0040F48F218
:10B48000022318BF1846C3E7A0860100F0B589B0B3
:10B4900091F82C3001938B6A00934B6A0C4601F1B2
:10B4A00034022E310746FFF78DFEE8B994F82EE0FE
:10B4B000D4F820C0BEF1000F1FD1207B831E012BCA
:10B4C0001BD8626AA3699A4217D1E2696369626212
:10B4D000CCF340110328A36284F82C1006D100910C
:10B4E00020463946FFF7E0FE09B0F0BD3946204658
:10B4F00009B0BDE8F040FFF753BF04F10C060FCED2
:10B5000003AD0FC533682B60BEF1000F17D0D7F81D
:10B51000C434C7F8C4349A070DD501238DF8083018
:10B5200000231CF0040F84F82F30DDD1D4E9003162
:10B5300002A89847D8E75B07F2D50223EEE78DF81B
:10B5400008E0EDE701490248FFF7A0BFFC6D0120CC
:10B550000030004002494FF04020FFF797BF00BF86
:10B56000386E01202DE9F84F05793E4C4FF03C0A2A
:10B570000AFB05FA04EB0A079B4697F82D30804634
:10B580000E469146002B68D1374B006853F82510C2
:10B5900000F070FC002862D13168737B87F8383086
:10B5A0001F298CBF01F01F030B4603F5E07388BF12
:10B5B0002E4AB86098BF4FF0A04240F20C6C87F85A
:10B5C0002F0042F823C07268C7F804B01F2A8CBF4E
:10B5D00002F01F03134687F8300003F5E07388BFBD
:10B5E000224F44F80A9098BF4FF0A04747F823C075
:10B5F000D8F80030C3F80815C3F80C25B268C3F8B2
:10B600002425B9F1000F1BD0317B43F307324901E8
:10B61000002AC3F30733C9B21ADB02F1604606F50C
:10B62000614603F01F0386F8001301219940530976
:10B630009B0003F1604303F56143C3F88011196077
:10B640003C2303FB0544012384F82D30BDE8F88F2B
:10B65000074A03F00F03D154F2E70820F6E7112060
:10B66000F4E700BFFC6D0120F44E0700000300501A
:10B6700014ED00E0036802790521C3F80015044BBE
:10B680003C2101FB0233022283F82D20704700BFCA
:10B69000FC6D012003680A4A0179C3F80823D3F836
:10B6A000002222F00302C3F800220022C3F8002582
:10B6B000044B3C2202FB0133012283F82D2070470A
:10B6C00086420400FC6D012070B50679234D3C23B1
:10B6D00073430446EB5893B10368190B43F30733E4
:10B6E000002B0CDB01F01F015B0901228A40203393
:10B6F0001B4941F82320BFF34F8FBFF36F8F2046C4
:10B70000FFF7C8FF206800F0CCFB3C2303FB065387
:10B7100093F83830DBB92268D2F808351F2B86BF82
:10B7200003F01F030F484FF0A04003F5E073022120
:10B7300040F82310D2F80C351F2B86BF03F01F03EF
:10B74000084A4FF0A04203F5E07342F823103C236F
:10B7500003FB0655002385F82D3070BDFC6D0120DC
:10B7600000E100E0000300502DE9F74F2D4F06796E
:10B77000D0F800902C4BC9F808333C2505FB067522
:10B78000C6EB061C95F82F308E46144607EB8C0C42
:10B7900003F0FF0B33B1AB68C9F80433112003B0D9
:10B7A000BDE8F08F82F00403C3F3800385F82F30E7
:10B7B0002A628A46BAE80F0005F10C08A8E80F00D3
:10B7C000DAF80030C8F80030DEF80430AB62DEF89A
:10B7D0000C206A629EF80110C9F888159EF80010C6
:10B7E000012917D0A1B9C4F340143C2101FB067113
:10B7F000604681F82C4000944946FFF755FD3C23F4
:10B800005E43BA19BB59002BC9D182F82F30C6E765
:10B810000124EAE785F82CB049466046FFF7C0FDF1
:10B82000EDE700BFFC6D012086420400F0B587B053
:10B8300004460F4615460021142201A81E4601F0B9
:10B840004DFF9DF830208DF80570520101A920466A
:10B8500002960495FFF788FF07B0F0BDF0B587B0FA
:10B8600004460F4615460021142201A81E4601F089
:10B8700035FF0123002201A920468DF804308DF800
:10B88000057002960495FFF76FFF07B0F0BD00004A
:10B8900000280CDB4309064900F01F002033012279
:10B8A000824041F82320BFF34F8FBFF36F8F704763
:10B8B00000E100E00023435082B043580193019B14
:10B8C00002B070474358002B10B50A4614BF01243C
:10B8D000002401D0FFF7EEFFA2F58070800804FA83
:10B8E00000F010BD03680BB108461847704707B554
:10B8F000002A8DF80010416808BF4FF48072019251
:10B900000A4342606946FFF7EDFF03B05DF804FBB0
:10B910008B7A2DE9F74307460E46002B65D10123AC
:10B920008B724D7ADFF83881DFF838914FF48271ED
:10B93000FFF7C8FF4FF4927104463846FFF7C2FF85
:10B940004FF4A67104433846FFF7BCFF4FF4A871CB
:10B9500004433846FFF7B6FF4FF4B271044338464C
:10B96000FFF7B0FF4FF4B47104433846FFF7AAFF66
:10B97000EDB20443002C35D0042D56D8DFE805F095
:10B98000033845575E0014F0020302D024F002048D
:10B99000F0E7610110D5E20258BF01258DF80030B3
:10B9A0004CBF02252B46694630468DF8043024F002
:10B9B000C364FFF797FFDDE7A3010BD503238DF8E1
:10B9C000003004F40023002B0BBF012300230325C8
:10B9D0000425E8E7D7F8D024C7F8D024062130465C
:10B9E000FFF785FF00237572B37203B0BDE8F083E3
:10B9F0001A4D254003D024F480140225BAE7D7F865
:10BA0000D024C7F8D0240221E9E714EA0805F6D0CB
:10BA100001238DF80030D7F84C35DBB2694630464B
:10BA20000193FFF75FFF24F002040025A2E714EA68
:10BA300009050CD024F4002404259BE714EA08052A
:10BA400005D004238DF80030D7F83C35E5E7D7F86A
:10BA5000D024C7F8D0240521C1E700BF020010069A
:10BA60000200000602000806037906490C225A4328
:10BA70008A5832B903EB4303006801EB8301FFF7F7
:10BA800047BF7047746E012001490248FFF740BF6D
:10BA9000746E01200030004002494FF04020FFF753
:10BAA00037BF00BF806E01201F2886BF00F01F0037
:10BAB000054A4FF0A04240F2026300F5E07043EA0D
:10BAC000810142F820107047000300501F2886BFF4
:10BAD00000F01F00044B4FF0A04300F5E07002227D
:10BAE00043F82020704700BF000300502DE9F84FB5
:10BAF000DFF804A190F804900C2303FB09A30C4683
:10BB00001B7A9046002B6FD10668394B304653F8AC
:10BB1000291000F0AFF90746002867D14FF0FF3336
:10BB200046F30735C6F80005C6F808352846C6F8B6
:10BB30000C35FFF7ADFE4FF0FF33C6F80833217C1C
:10BB4000A068FFF7B1FF617CE068FFF7ADFFD4E9C3
:10BB5000002352EA03014FEA163B3ED0003A18BFD9
:10BB600001220BB142F00202A17C002D4FEA4111EB
:10BB70005FFA8BF3C9B232DB05F160406D0900F565
:10BB80006140AD0005F1604580F8001305F56145A1
:10BB9000012103F01F0301FA03F3C5F880312B6084
:10BBA000D4E90231C6F808352378C6F80C15C6F872
:10BBB00088352379C6F88C350C2303FB09F90AEB89
:10BBC0000903C6F8942500229A724AF809805A722D
:10BBD00001221A723846BDE8F88F0122C4E70548F1
:10BBE00003F00F03C154DBE70827F3E71127F1E760
:10BBF000FC4E070014ED00E0746E012073B504687C
:10BC00000579D4F80C15D4F8080502AB03E9030054
:10BC10004FF0FF360023C4F8003544F30730C4F872
:10BC20000865C4F80C65FFF733FEC4F80863009B91
:10BC3000002B02DB0098FFF749FF019B002B02DB82
:10BC40000198FFF743FF204600F02BF904490C232D
:10BC50006B43C8180022CA50027202B070BD00BF08
:10BC6000746E012010B5026804794FF48271104699
:10BC7000FFF720FE4FF49271FFF71CFE4FF4A67100
:10BC8000FFF718FE4FF4A871FFF714FE4FF4B271DE
:10BC9000FFF710FE4FF4B471FFF70CFE0C21094BB7
:10BCA0006143595811B10849C2F804130921C2F877
:10BCB00000150C2202FB0433022100225A60197283
:10BCC0005A7210BD746E01200202180603680749FB
:10BCD0000279C3F808130021C3F80015044B0C21A6
:10BCE00001FB023301221A72704700BF02021806DC
:10BCF000746E012030B5104B04790C2505FB04331C
:10BD00001B7A022B11D101F06043B3F1005F0ED119
:10BD100093B293420DD10268DBB2C2F84415C2F867
:10BD2000483501235363002030BD0820FCE7102074
:10BD3000FAE70920F8E700BF746E012030B5104B18
:10BD400004790C2505FB04331B7A022B11D101F079
:10BD50006043B3F1005F0ED193B293420DD10268FC
:10BD6000DBB2C2F83415C2F8383501231363002062
:10BD700030BD0820FCE71020FAE70920F8E700BFF3
:10BD8000746E012010B50446FFF76EFE2279044B55
:10BD90000C2101FB0233587A431E5842584110BD12
:10BDA000746E012010B50446FFF75EFE2279044B45
:10BDB0000C2101FB0233587AC31E5842584110BD72
:10BDC000746E012010B50446FFF74EFE2279044B35
:10BDD0000C2101FB0233587A831E5842584110BD92
:10BDE000746E012010B50446FFF73EFE2279044B25
:10BDF0000C2101FB0233587A031F5842584110BDF1
:10BE0000746E01200E4B984211D0B0F1402F10D02B
:10BE100003F5003398420ED0A3F5803398420CD03E
:10BE2000084A094B904218BF002318467047074B39
:10BE3000FBE7074BF9E7074BF7E7074BF5E700BFD1
:10BE40000030004000200040AC6E01208C6E0120CC
:10BE5000946E01209C6E0120A46E0120014B1B6892
:10BE6000184700BF8C6E0120014B1B68184700BFAC
:10BE7000946E012070B5FFF7C5FF0D46044608B962
:10BE8000002070BD0020FDF744FC267916B901237F
:10BE9000256023710020FDF73EFC002EF0D011201C
:10BEA000EFE708B5FFF7AEFF10B1002303600371A1
:10BEB00008BD0000074A084B1360084A03F110014F
:10BEC0001160074A03F120011160064A0120C2F8FF
:10BED00004357047EC6E0120BC6E0120B86E012065
:10BEE000B46E012000E00040164B1B688B4210B579
:10BEF00007D001F1100251F8044B43F8044B914272
:10BF0000F9D1114A0023C2F80031012313604FF028
:10BF10008073D2F8001181B10023C2F800310B4BBD
:10BF20001B68834207D003F1100253F8041B40F84A
:10BF3000041B9342F9D1012002E0013BE9D11846EC
:10BF400010BD00BFB86E012000E00040B46E0120BB
:10BF5000054B1B6800F1100250F8041B43F8041B4A
:10BF60009042F9D1704700BFEC6E01200048704745
:10BF7000044F0700FBF76CBBFBF7BCBB014BD3F8CE
:10BF800004057047001001404FF400320121FBF717
:10BF9000C9BB000008B5F9F7E5FD064B01221A7090
:10BFA000054B4FF40032C3F80021BDE80840F9F713
:10BFB000EFBD00BF4068012000E100E0024B4FF4FC
:10BFC0000032C3F80823704700100140054B0022DF
:10BFD00082B0C3F84421D3F844310193019B02B0ED
:10BFE000704700BF0010014081F0004102E000BF37
:10BFF00083F0004330B54FEA41044FEA430594EA29
:10C00000050F08BF90EA020F1FBF54EA000C55EA63
:10C01000020C7FEA645C7FEA655C00F0E2804FEA34
:10C020005454D4EB5555B8BF6D420CDD2C4480EA16
:10C03000020281EA030382EA000083EA010180EA46
:10C04000020281EA0303362D88BF30BD11F0004F94
:10C050004FEA01314FF4801C4CEA113102D04042CA
:10C0600061EB410113F0004F4FEA03334CEA133305
:10C0700002D0524263EB430394EA050F00F0A7801D
:10C08000A4F10104D5F1200E0DDB02FA0EFC22FA18
:10C0900005F2801841F1000103FA0EF2801843FA0C
:10C0A00005F359410EE0A5F120050EF1200E012AFD
:10C0B00003FA0EFC28BF4CF0020C43FA05F3C0183B
:10C0C00051EBE37101F0004507D54FF0000EDCF1B4
:10C0D000000C7EEB00006EEB0101B1F5801F1BD35D
:10C0E000B1F5001F0CD349085FEA30004FEA3C0C61
:10C0F00004F101044FEA445212F5800F80F09A8057
:10C10000BCF1004F08BF5FEA500C50F1000041EB5A
:10C11000045141EA050130BD5FEA4C0C404141EB5E
:10C12000010111F4801FA4F10104E9D191F0000F85
:10C1300004BF01460020B1FA81F308BF2033A3F108
:10C140000B03B3F120020CDA0C3208DD02F1140CFF
:10C15000C2F10C0201FA0CF021FA02F10CE002F13A
:10C160001402D8BFC2F1200C01FA02F120FA0CFC33
:10C17000DCBF41EA0C019040E41AA2BF01EB04517C
:10C18000294330BD6FEA04041F3C1CDA0C340EDC7A
:10C1900004F11404C4F1200220FA04F001FA02F3BD
:10C1A00040EA030021FA04F345EA030130BDC4F17B
:10C1B0000C04C4F1200220FA02F001FA04F340EA70
:10C1C0000300294630BD21FA04F0294630BD94F021
:10C1D000000F83F4801306BF81F480110134013D08
:10C1E0004EE77FEA645C18BF7FEA655C29D094EA79
:10C1F000050F08BF90EA020F05D054EA000C04BFF7
:10C200001946104630BD91EA030F1EBF00210020E1
:10C2100030BD5FEA545C05D14000494128BF41F080
:10C22000004130BD14F580043CBF01F5801130BDE4
:10C2300001F0004545F0FE4141F470014FF000006F
:10C2400030BD7FEA645C1ABF194610467FEA655C20
:10C250001CBF0B46024650EA013406BF52EA0335C2
:10C2600091EA030F41F4002130BD00BF90F0000FB0
:10C2700004BF0021704730B54FF4806404F13204EC
:10C280004FF000054FF0000150E700BF90F0000FA5
:10C2900004BF0021704730B54FF4806404F13204CC
:10C2A00010F0004548BF40424FF000013EE700BF9C
:10C2B00042004FEAE2014FEA31014FEA02701FBF2C
:10C2C00012F07F4393F07F4F81F06051704732F05E
:10C2D0007F4208BF704793F07F4F04BF41F40021B5
:10C2E000704730B54FF4607401F0004521F0004113
:10C2F0001CE700BF50EA010208BF704730B54FF09D
:10C3000000050AE050EA010208BF704730B511F09D
:10C31000004502D5404261EB41014FF4806404F1D5
:10C3200032045FEA915C3FF4D8AE4FF003025FEA5B
:10C33000DC0C18BF03325FEADC0C18BF033202EBDF
:10C34000DC02C2F1200300FA03FC20FA02F001FA39
:10C3500003FE40EA0E0021FA02F11444BDE600BFDC
:10C3600070B54FF0FF0C4CF4E06C1CEA11541DBF8B
:10C370001CEA135594EA0C0F95EA0C0F00F0DEF856
:10C380002C4481EA030621EA4C5123EA4C5350EA3B
:10C39000013518BF52EA033541F4801143F480138C
:10C3A00038D0A0FB02CE4FF00005E1FB02E506F01D
:10C3B0000042E0FB03E54FF00006E1FB03569CF072
:10C3C000000F18BF4EF0010EA4F1FF04B6F5007F78
:10C3D00064F5407404D25FEA4E0E6D4146EB0606EA
:10C3E00042EAC62141EA55514FEAC52040EA5E5073
:10C3F0004FEACE2EB4F1FD0C88BFBCF5E06F1ED81D
:10C40000BEF1004F08BF5FEA500E50F1000041EB53
:10C41000045170BD06F0004646EA010140EA020000
:10C4200081EA0301B4EB5C04C2BFD4EB0C0541EA22
:10C43000045170BD41F480114FF0000E013C00F337
:10C44000AB8014F1360FDEBF002001F0004170BD5B
:10C45000C4F10004203C35DA0C341BDC04F1140474
:10C46000C4F1200500FA05F320FA04F001FA05F200
:10C4700040EA020001F0004221F0004110EBD370CD
:10C4800021FA04F642EB06015EEA430E08BF20EAF9
:10C49000D37070BDC4F10C04C4F1200500FA04F39C
:10C4A00020FA05F001FA04F240EA020001F000412E
:10C4B00010EBD37041F100015EEA430E08BF20EAA1
:10C4C000D37070BDC4F1200500FA05F24EEA020EE9
:10C4D00020FA04F301FA05F243EA020321FA04F018
:10C4E00001F0004121FA04F220EA020000EBD370CF
:10C4F0005EEA430E08BF20EAD37070BD94F0000FCF
:10C500000FD101F00046400041EB010111F4801F02
:10C5100008BF013CF7D041EA060195F0000F18BFB3
:10C52000704703F00046520043EB030313F4801FEF
:10C5300008BF013DF7D043EA0603704794EA0C0FA9
:10C540000CEA135518BF95EA0C0F0CD050EA4106BF
:10C5500018BF52EA4306D1D181EA030101F000413C
:10C560004FF0000070BD50EA410606BF1046194664
:10C5700052EA430619D094EA0C0F02D150EA013670
:10C5800013D195EA0C0F05D152EA03361CBF1046B1
:10C5900019460AD181EA030101F0004141F0FE4150
:10C5A00041F470014FF0000070BD41F0FE4141F4D4
:10C5B000780170BD70B54FF0FF0C4CF4E06C1CEAD4
:10C5C00011541DBF1CEA135594EA0C0F95EA0C0F89
:10C5D00000F0A7F8A4EB050481EA030E52EA033544
:10C5E0004FEA013100F088804FEA03334FF0805565
:10C5F00045EA131343EA12634FEA022245EA111592
:10C6000045EA10654FEA00260EF000419D4208BF42
:10C61000964244F1FD0404F5407402D25B084FEAEF
:10C620003202B61A65EB03055B084FEA32024FF49B
:10C6300080104FF4002CB6EB020E75EB030E22BFF8
:10C64000B61A754640EA0C005B084FEA3202B6EBB8
:10C65000020E75EB030E22BFB61A754640EA5C0067
:10C660005B084FEA3202B6EB020E75EB030E22BFF7
:10C67000B61A754640EA9C005B084FEA3202B6EBF8
:10C68000020E75EB030E22BFB61A754640EADC00B7
:10C6900055EA060E18D04FEA051545EA16754FEA19
:10C6A00006164FEAC30343EA52734FEAC2025FEA37
:10C6B0001C1CC0D111F4801F0BD141EA00014FF0C6
:10C6C00000004FF0004CB6E711F4801F04BF014397
:10C6D0000020B4F1FD0C88BFBCF5E06F3FF6AFAEB3
:10C6E000B5EB030C04BFB6EB020C5FEA500C50F143
:10C6F000000041EB045170BD0EF0004E4EEA1131C6
:10C7000014EB5C04C2BFD4EB0C0541EA045170BDCC
:10C7100041F480114FF0000E013C90E645EA060E10
:10C720008DE60CEA135594EA0C0F08BF95EA0C0F3E
:10C730003FF43BAF94EA0C0F0AD150EA01347FF486
:10C7400034AF95EA0C0F7FF425AF104619462CE75D
:10C7500095EA0C0F06D152EA03353FF4FDAE1046C0
:10C76000194622E750EA410618BF52EA43067FF411
:10C77000C5AE50EA41047FF40DAF52EA43057FF4A1
:10C78000EBAE12E74FF0FF3C06E000BF4FF0010CAC
:10C7900002E000BF4FF0010C4DF804CD4FEA410C10
:10C7A0007FEA6C5C4FEA430C18BF7FEA6C5C1BD0DD
:10C7B00001B050EA410C0CBF52EA430C91EA030F5E
:10C7C00002BF90EA020F0020704710F1000F91EABB
:10C7D000030F58BF994208BF90422CBFD8176FEA89
:10C7E000E37040F0010070474FEA410C7FEA6C5C57
:10C7F00002D150EA013C07D14FEA430C7FEA6C5C5E
:10C80000D6D152EA033CD3D05DF8040B704700BF89
:10C810008446104662468C461946634600E000BFD7
:10C8200001B5FFF7B7FF002848BF10F1000F01BDA9
:10C830004DF808EDFFF7F4FF0CBF012000205DF874
:10C8400008FB00BF4DF808EDFFF7EAFF34BF0120F9
:10C8500000205DF808FB00BF4DF808EDFFF7E0FF92
:10C8600094BF012000205DF808FB00BF4DF808EDE3
:10C87000FFF7CEFF94BF012000205DF808FB00BF4A
:10C880004DF808EDFFF7C4FF34BF012000205DF82C
:10C8900008FB00BF4FEA410C7FEA6C5C02D150EA12
:10C8A000013C0AD14FEA430C7FEA6C5C02D152EAA8
:10C8B000033C02D14FF0000070474FF00100704779
:10C8C0004A0011D212F5001211D20DD56FF478730F
:10C8D000B3EB62520ED44FEAC12343F0004343EA64
:10C8E000505323FA02F070474FF00000704750EAAF
:10C8F000013002D14FF0FF3070474FF00000704719
:10C900004FEA4102B2F1E04324BFB3F5001CDCF171
:10C91000FE5C0DD901F0004C4FEAC0024CEA5070A9
:10C92000B2F1004F40EB830008BF20F001007047D8
:10C9300011F0804F21D113F13872BCBF01F00040DB
:10C94000704741F480114FEA5252C2F11802C2F10D
:10C95000200C10FA0CF320FA02F018BF40F001008E
:10C960004FEAC1234FEAD32303FA0CFC40EA0C0040
:10C9700023FA02F34FEA4303CCE77FEA625307D17D
:10C9800050EA01331EBF4FF0FE4040F440007047B4
:10C9900001F0004040F0FE4040F40000704700BF4E
:10C9A0007BB972B90029BEBF00204FF0004106E0FC
:10C9B00008BF00281CBF6FF000414FF0FF3000F0AF
:10C9C000BFB9ADF1080C6DE904CE002909DB002BDD
:10C9D0001ADB00F04DF8DDF804E0DDE9022304B0D5
:10C9E0007047404261EB4101002B1BDB00F040F837
:10C9F000DDF804E0DDE9022304B0404261EB4101CF
:10CA0000524263EB43037047524263EB430300F02F
:10CA10002FF8DDF804E0DDE9022304B0404261EBC9
:10CA200041017047524263EB430300F021F8DDF807
:10CA300004E0DDE9022304B0524263EB4303704794
:10CA400053B94AB9002908BF00281CBF4FF0FF3175
:10CA50004FF0FF3000F074B9ADF1080C6DE904CE71
:10CA600000F006F8DDF804E0DDE9022304B07047C9
:10CA70002DE9F047089E04468846002B40F085804B
:10CA80008A42154648D9B2FA82F24AB1C2F1200769
:10CA900001FA02F320FA07F7954047EA03089440A9
:10CAA0004FEA154E230CB8FBFEF71FFA85FC0EFB70
:10CAB000178843EA084307FB0CF1994209D9EB18A0
:10CAC00007F1FF3080F0E380994240F2E080023FBE
:10CAD0002B445B1AA4B2B3FBFEF00EFB103344EA06
:10CAE000034400FB0CFCA44509D92C1900F1FF33C9
:10CAF00080F0CB80A44540F2C88002382C4440EA44
:10CB00000740A4EB0C0400271EB1D4400023C6E963
:10CB100000433946BDE8F087002A53D0B2FA82F2CA
:10CB2000002A40F0B680491B4FEA154E1FFA85F8DF
:10CB30000127B1FBFEFC230C0EFB1C1143EA014351
:10CB400008FB0CF1994207D9EB180CF1FF3002D227
:10CB5000994200F2EC808446591AA3B2B1FBFEF070
:10CB60000EFB101443EA044408FB00F8A04507D963
:10CB70002C1900F1FF3302D2A04500F2DC801846E8
:10CB8000A4EB080440EA0C40BEE78B4208D9002E13
:10CB900078D00027C6E9000138463946BDE8F0875D
:10CBA000B3FA83F77FB98B4202D3824200F2BD8091
:10CBB000841A61EB030301209846002EA9D0C6E930
:10CBC0000048A6E7FFDEC7F12005BB4022FA05FCBE
:10CBD0004CEA030C01FA07F420FA05F821FA05F3F0
:10CBE0004FEA1C4E48EA0404B3FBFEF9210C0EFB8D
:10CBF00019331FFA8CF841EA034309FB08FA9A45F6
:10CC000002FA07F200FA07F10BD91CEB030309F152
:10CC1000FF3080F088809A4540F28580A9F10209B2
:10CC20006344A3EB0A03A4B2B3FBFEF00EFB103384
:10CC300044EA034400FB08F8A04508D91CEB0404AF
:10CC400000F1FF336BD2A04569D90238644440EA51
:10CC50000940A4EB0804A0FB02894C45C6464B469C
:10CC600054D351D0002E69D0B1EB0E0264EB030413
:10CC700004FA05F522FA07F3FC401D43C6E9005407
:10CC8000002746E73746304643E7184637E707466A
:10CC90001FE7C2F1200320FA03F7954001FA02F0E2
:10CCA00021FA03F34FEA154E3843010CB3FBFEF7AC
:10CCB0001FFA85F80EFB173341EA034107FB08F31F
:10CCC0008B4204FA02F407D9691807F1FF3C28D215
:10CCD0008B4226D9023F2944CB1A81B2B3FBFEF026
:10CCE0000EFB103341EA034100FB08F38B4207D9E6
:10CCF000691800F1FF3C10D28B420ED9023829444A
:10CD0000C91A40EA074714E74145ABD2B8EB020E17
:10CD100069EB0C0201381346A4E76046F0E71846B9
:10CD200095E76746D8E781467BE7384645E7ACF1AB
:10CD3000020C2B4410E702382C4421E73746E8E682
:10CD4000704700BF10B52DED028B8AB008EE100AB7
:10CD500000F04EF8244B93F90040631C09D0B4EE68
:10CD6000488AF1EE10FA04D6B5EEC08AF1EE10FA58
:10CD700003D40AB0BDEC028B10BD01231B4A009303
:10CD800018EE100A002301920893FFF791FA00228F
:10CD9000CDE90401CDE902010023ACB110461946EA
:10CDA000FFF708FC022CCDE906010FD100F032F8A4
:10CDB00021230360089B8BB9DDE90601FFF7A0FD85
:10CDC0000AB0BDEC028B10BDCDE90623684600F029
:10CDD00017F80028EAD0089B002BEDD000F01AF8D5
:10CDE000089B0360E8E700BF1A650020104F0700AA
:10CDF00007EE900AF1EEE77A17EE900A704700BF4F
:10CE00000020704708B5062001F082FA0120F9F7EA
:10CE1000E3F90000014B1868704700BF1C65002053
:10CE200070B505460C4611B90026304670BD18B1E4
:10CE300083690BB900F082F92C4B9C4214D16C68C9
:10CE4000636ED80705D4A389990502D4A06D00F0BC
:10CE500047FBB4F90C308BB9666E16F00106E3D1CE
:10CE6000A06D00F03EFBE0E7214B9C4201D1AC6895
:10CE7000E6E7204B9C4208BFEC68E1E721462846E4
:10CE800000F042F8236B064633B1216A28469847E2
:10CE90000028B8BF4FF0FF36A3891A0603D52169D1
:10CEA0002846F8F7AFFD616B41B104F144039942A4
:10CEB00002D02846F8F7A6FD00236363A16C21B1D8
:10CEC0002846F8F79FFD0023A36400F01FF9002314
:10CED000A381636EDB0702D4A06D00F002FBA06D9E
:10CEE00000F0FDFA00F018F99FE700BF3C50070082
:10CEF0005C5007001C500700024B01461868FFF702
:10CF00008FBF00BF1C6500208A892DE9F0410546CE
:10CF100010070C4658D44B68002B05DC0B6C002B1B
:10CF200002DC0020BDE8F081E66A002EF9D0002383
:10CF300012F480522F682B6032D0606DA3895A079B
:10CF400005D56368C01A636B0BB1236CC01A00234C
:10CF50000246E66A216A2846B047431CA38906D1E7
:10CF600029681D2949D82A4ACA40D60745D5002232
:10CF70006260D9042269226004D5421C01D12B6869
:10CF800003B96065616B2F600029CAD004F14403C6
:10CF9000994202D02846F8F735FD00206063C1E7CA
:10CFA000216A01232846B047411CC7D12B68002BBA
:10CFB000C4D01D2B01D0162B01D12F60B1E7A3895E
:10CFC00043F04003A381ADE70F69002FA9D0930779
:10CFD0000E6808BF4B690F6018BF0023A6EB070857
:10CFE0008B60B8F1000F9CDD43463A46216AA66A81
:10CFF0002846B047002806DCA38943F04003A381FC
:10D000004FF0FF308EE70744A8EB0008E9E700BFC8
:10D010000100402038B50B6905460C4613B90025C0
:10D02000284638BD18B183690BB900F087F8144B56
:10D030009C421BD16C68B4F90C30002BEFD0626EAF
:10D04000D00704D4990502D4A06D00F049FA28460F
:10D050002146FFF759FF636EDA070546E0D4A3893E
:10D060009B05DDD4A06D00F03CFAD9E7054B9C424E
:10D0700001D1AC68DFE7044B9C4208BFEC68DAE7FB
:10D080003C5007005C5007001C500700002310B5FF
:10D090000446C0E90033836081814366C281C0E9F0
:10D0A00004338361194608225C3000F017FB054BFE
:10D0B0006362054BA362054BE362054B2462236365
:10D0C00010BD00BF89E30600ABE30600E3E3060002
:10D0D00007E40600014900F0BFB900BF15D0060003
:10D0E00070B54A1E682555430E4605F17401F8F7E0
:10D0F00047FC044640B10021C0E900160C30A06096
:10D1000005F1680200F0EAFA204670BD014800F01F
:10D11000E7B900BF036F0120014800F0E2B900BF8A
:10D12000036F0120014800F0DBB900BF006F012050
:10D13000014800F0D6B900BF006F012010B50446C9
:10D14000FFF7F0FFA3691BB1BDE81040FFF7F0BF88
:10D15000C4E912332365134B134A1B68A262A3422E
:10D1600004BF0123A361204600F020F86060204640
:10D1700000F01CF8A060204600F018F80022E060E3
:10D1800004216068FFF782FF01220921A068FFF7F0
:10D190007DFF02221221E068FFF778FF0123A361DF
:10D1A000D2E700BF7C500700D5D00600F8B507468F
:10D1B000FFF7ACFF1E4B1E68B36913B93046FFF78B
:10D1C000BDFF4836D6E90134013B03D533680BB3C4
:10D1D0003668F7E7B4F90C50D5B9164BE36004F1A3
:10D1E0005800656600F07AF9FFF796FF2560C4E9FC
:10D1F0000155C4E90455A5610822294604F15C00E3
:10D2000000F06CFAC4E90D55C4E912552046F8BD8A
:10D210006834D9E704213846FFF762FF04463060DE
:10D220000028D5D1FFF778FF0C233B60EEE700BF65
:10D230007C5007000100FFFFF7B50F46114601AA19
:10D24000054602F04BF8064618B90024204603B004
:10D25000F0BD2846FFF7AAFF04460028F5D039465E
:10D260004FF4DB73019A284600F036FF071E09DAF7
:10D270000025FFF74BFFA06DA58100F030F9FFF707
:10D280004BFFE2E7636EDB0705D4A389980502D460
:10D29000A06D00F025F90E4B63620E4BA3620E4B9E
:10D2A000E362F1050D4BE781A6812462236305D576
:10D2B000022300222146284600F01AF8636EDA079E
:10D2C000C4D4A3899B05C1D4A06D00F00AF9BDE7C1
:10D2D00089E30600ABE30600E3E3060007E406008B
:10D2E000024B0A4601461868FFF7A6BF1C650020DE
:10D2F00000F000B82DE9F0410C4690461D46064668
:10D3000018B183690BB9FFF719FF504B9C421FD12D
:10D310007468636ED90705D4A3899A0502D4A06DF9
:10D3200000F0DEF8A38903F48473B3F5847F03D19E
:10D3300021463046FFF76EFEE76A9FB91D23336032
:10D34000636ED90779D54FF0FF352846BDE8F081E7
:10D350003F4B9C4201D1B468DBE73E4B9C4208BF87
:10D36000F468D6E7012D37D0022D01D0002D62D10F
:10D3700023691BB92146304600F0D8F821463046D3
:10D38000FFF748FE0028DBD12B464246216A304693
:10D39000B8470130D4D0616B41B104F144039942E4
:10D3A00002D03046F8F72EFB002363632369236025
:10D3B000A389002623F402636660A3810822314614
:10D3C00004F15C0000F08AF9656E15F001053BD1AF
:10D3D000A3899B05B9D421E021463046FFF71AFE08
:10D3E000A28912F480520CD0656DA3895A0719D511
:10D3F0006368ED1A636B0BB1236CED1AA84400252A
:10D40000B6E72B46216A3046B847431C0546ECD1A7
:10D41000636ED80797D4A389990594D4A06D00F0C2
:10D4200060F892E71807E9D523682269002BE5D058
:10D430009B1A1D44E2E7162381E7A3899A0582D44B
:10D44000A06D00F04EF87EE735467EE73C500700C1
:10D450005C5007001C5007002DE9F84380468946C0
:10D4600000F14804002614B93046BDE8F883D4E939
:10D470000175013F01D52468F5E7AB89012B07D978
:10D48000B5F90E30013303D029464046C84706435C
:10D490006835EEE770B50D4D0D4C641BA4100026E9
:10D4A000A64209D10B4D0C4C02F01AFC641BA410CF
:10D4B0000026A64205D170BD55F8043B98470136B9
:10D4C000EEE755F8043B98470136F2E7F066002096
:10D4D000F0660020F0660020346700207047704737
:10D4E0007047704770B50E46B1F90E10002996B01E
:10D4F00014461D4607DA00232B60B3891A0610D4A0
:10D500004FF480630EE06A4601F01EFF0028F2DB54
:10D51000019A02F47042A2F500535A425A412A601D
:10D52000EEE740230020236016B070BD8B8973B5F1
:10D530009D0706460C4607D504F147032360236187
:10D540000123636102B070BD01AB6A46FFF7CAFFF9
:10D55000009905463046F8F713FA48B9B4F90C308B
:10D560009A05EFD423F0030343F00203A381E3E71A
:10D570000D4BB362A389206043F08003A381009B1D
:10D580006361019B20615BB1B4F90E10304601F07C
:10D59000EDFE28B1A38923F0030343F00103A38127
:10D5A000A3891D43A581CDE7D5D00600024B0146D6
:10D5B0001868F8F7E5B900BF1C650020024B01466A
:10D5C0001868F8F71FBA00BF1C65002000000000B3
:10D5D00001F0FF01102A2BDB10F0070F08D010F824
:10D5E000013B013A8B422DD010F0070F42B3F6D128
:10D5F000F0B441EA012141EA014122F007047FF041
:10D6000000070023F0E80256083C85EA010586EA97
:10D61000010685FA47F5A3FA87F586FA47F6A5FAD3
:10D6200087F68EB9EED1F0BC01F0FF0102F00702DF
:10D6300032B110F8013B013A83EA010313B1F8D18A
:10D640000020704701387047002D06BF354603386B
:10D65000073815F0010F07D1013015F4807F02BFA4
:10D66000013015F4C03F0130F0BC0138704700BFF5
:10D6700030B501390024A24201D1002005E0035D4C
:10D6800001340D5DAB42F6D0581B30BD0A449142C7
:10D6900000F1FF3300D1704710B511F8014B03F8CA
:10D6A000014F9142F9D110BD884210B501EB020340
:10D6B00002D983421C4607D8421E994208D011F86D
:10D6C000014B02F8014FF8E783189A1A9A4200D1E9
:10D6D00010BD14F8011D03F8011DF7E702440346CD
:10D6E000934200D1704703F8011BF9E738B50546AE
:10D6F000002945D051F8043C0C1F002BB8BFE4189A
:10D70000F8F779FD1F4A1368104633B96360146057
:10D710002846BDE83840F8F772BDA3420CD921680D
:10D720006218934204BF1A685B68636004BF5218B2
:10D7300022600460ECE713465A680AB1A242FAD9A3
:10D7400019685818A0420BD1206801445818824229
:10D750001960DDD1106852685A6001441960D7E73A
:10D7600002D90C232B60D3E7206821188A4204BF1A
:10D7700011685268626004BF091821605C60C7E7E5
:10D7800038BD00BFF06E0120F8B5CD1C25F00305B3
:10D7900008350C2D38BF0C25002D064601DBA942AB
:10D7A00003D90C2333600020F8BDF8F724FD21498C
:10D7B0000A6814469CB9204F3B6823B9214630467D
:10D7C00000F0A4FC38602946304600F09FFC431C62
:10D7D00023D10C2333603046F8F711FDE3E72368CB
:10D7E0005B1B17D40B2B03D923601C44256004E07A
:10D7F0006368A2420CBF0B6053603046F8F7FFFC31
:10D8000004F10B00231D20F00700C21ACCD01B1A14
:10D81000A350C9E722466468CCE7C41C24F0030483
:10D82000A042E3D0211A304600F070FC0130DDD177
:10D83000CFE700BFF06E0120F46E01202DE9F04724
:10D8400088B0002B149F109EDDF84CA01D46144696
:10D85000BCBF03F10043144627F02007129AB6BF5D
:10D860001D4600232D23462F137004D0452F00D1D1
:10D870000136022300E0032307AA049206AACDE999
:10D8800002A2CDE9003622462B4600F071FF472F59
:10D89000804602D1119BDB0722D5462F08EB0609F3
:10D8A00011D198F80030302B0AD1002200232046F5
:10D8B0002946FEF7BDFF18B9C6F10106CAF8006097
:10D8C000DAF8003099440022002320462946FEF76A
:10D8D000AFFF08B1CDF81C903022079B4B4508D311
:10D8E000079B159AA3EB08034046136008B0BDE8F8
:10D8F000F087591C07911A70EFE7F7B50029BABFF6
:10D9000049422D232B2309290270437021DD0DF19B
:10D9100007031F460A2691FBF6F206FB1214303469
:10D92000632903F1FF3503F8014C0ADC303205F8B6
:10D93000012C023B821CBB42144605D3201A03B0C3
:10D94000F0BD2B461146E6E713F8011B02F8011B58
:10D95000F1E7302319448370041DC170EEE7000025
:10D960002DE9F04F91B00C46DDF8688016461F4651
:10D97000054601F00BFD03680A93184600F06EFDA2
:10D9800000230E93D8F800300B90073323F00703E1
:10D9900003F1080294F818A0D4F800B0C8F80020E9
:10D9A000D3E90023C4E9122394ED127B8DED087BAB
:10D9B000DDE9088323F000494FF0FF32AA4B4046CF
:10D9C0004946FEF767FF70BB4FF0FF32A64B40465B
:10D9D0004946FEF741FF30BB00220023DDE9080184
:10D9E000FEF730FF10B12D2384F843309F4AA04B3F
:10D9F000BAF1470F94BF90469846032323612BF05A
:10DA0000040323604FF00009009733460FAA214614
:10DA1000284600F0D7F9013040F093804FF0FF30F6
:10DA200011B0BDE8F08FDDE9082310461946FEF776
:10DA300031FF60B100220023DDE90801FEF702FF9B
:10DA400010B12D2384F843308A4A8B4BD0E76368AA
:10DA50005A1C0AF0DF0941D10623636000220692B6
:10DA60000EAACDE904A20DAA4BF4806303920DF136
:10DA70003302CDE901322360636800932846DDE973
:10DA80000823FFF7DBFEB9F1470F80460D9908D157
:10DA9000C81C02DB6368994241DDAAF1020A5FFA01
:10DAA0008AFABAF1650F20D80139524604F15000C4
:10DAB0000D91FFF722FF0E9A1318012A8146236168
:10DAC00002DC2268D20701D5013323619DF833308F
:10DAD000002B99D02D2384F8433095E7B9F1470FF7
:10DAE000BCD1002BBAD10123B7E7BAF1660F18D128
:10DAF000002963680BDD216113B92268D00702D5C4
:10DB000001330B442361A1654FF00009DEE713B92F
:10DB10002268D20701D50233F4E70123F2E74FF080
:10DB2000670A0E9B994205DB23682161D807EAD575
:10DB30004B1CE7E70029D4BFC1F1020201221344C4
:10DB4000E0E723685A0507D4236942463146284650
:10DB5000B84701302BD161E7BAF1650F40F2DD80A3
:10DB600000220023D4E91201FEF762FE002833D020
:10DB70000123424A31462846B84701303FF44EAFB0
:10DB8000DDE90D239A4202DB2368D8070FD5DDE9D2
:10DB90000A2331462846B84701303FF43FAF4FF0E3
:10DBA000000804F11A090E9B013B434509DC236878
:10DBB0009B0700F10281E0680F9B9842B8BF1846AE
:10DBC0002EE701234A4631462846B84701303FF444
:10DBD00025AF08F10108E6E70D9B002B2BDC0123A4
:10DBE000264A31462846B84701303FF417AFDDE9F1
:10DBF0000D23134302D12368D907D8D5DDE90A23C1
:10DC000031462846B84701303FF408AF4FF00009CD
:10DC100004F11A0A0D9B5B424B4501DC0E9B94E715
:10DC20000123524631462846B84701303FF4F6AE4C
:10DC300009F10109EEE70E9AA36D9A42A8BF1A46B0
:10DC4000002A914607DD1346314642462846B8472A
:10DC500001303FF4E3AE04F11A034FF0000B29EA60
:10DC6000E979089316E000BFFFFFEF7F80500700BF
:10DC7000EC0B070084500700E80B0700CF060700F5
:10DC80000123089A31462846B84701303FF4C6AE12
:10DC90000BF1010BD4F858A0AAEB09035B45EFDCAC
:10DCA000DDE90D239A421BDB2368DA0718D4DDE98E
:10DCB0000D2392451CDBA3EB0A09B9F1000F08DD27
:10DCC0004B4608EB0A0231462846B84701303FF47C
:10DCD000A5AE4FF0000829EAE97904F11A0A14E028
:10DCE000DDE90A2331462846B8470130DFD195E601
:10DCF000A3EB0209E1E70123524631462846B84723
:10DD000001303FF48BAE08F10108DDE90D239B1AC9
:10DD1000A3EB09034345EEDC49E70E9A012A01DC37
:10DD2000DB0737D50123424631462846B847013044
:10DD30003FF474AEDDE90A2331462846B847013086
:10DD40003FF46CAE00220023D4E91201FEF770FD0F
:10DD5000D8B90E9B08F10102013B31462846B8476D
:10DD600001300ED15AE60123524631462846B847C3
:10DD700001303FF453AE08F101080E9B013B4345CF
:10DD8000F1DC4B4604F15002E0E64FF0000804F1EC
:10DD90001A0AF2E701234246DFE701234A463146E9
:10DDA0002846B84701303FF439AE08F10108E3686E
:10DDB0000F9A9B1A4345F0DCFDE64FF0000804F192
:10DDC0001909F4E72DE9F04791461F468A680B6967
:10DDD000DDF820809342B8BF1346C9F8003091F8AF
:10DDE000432006460C4612B10133C9F800302368BF
:10DDF000990642BFD9F800300233C9F800302568CF
:10DE000015F0060507D104F1190AE368D9F80020D6
:10DE10009B1AAB4228DC94F843302268003318BFC9
:10DE2000012392062DD404F1430239463046C047FF
:10DE3000013020D02368E568D9F8002003F00603FC
:10DE4000042B08BFAD1AA36822690CBF25EAE5754B
:10DE500000259342C4BF9B1AED184FF000091A34F5
:10DE60004D451AD1002008E001235246394630467C
:10DE7000C047013003D14FF0FF30BDE8F0870135D6
:10DE8000C3E7E1185A1C302081F84300224494F87B
:10DE9000451082F843100233C5E701232246394674
:10DEA0003046C0470130E6D009F10109D8E700004B
:10DEB0002DE9F04306460C4601F14300097E85B08A
:10DEC0006E29984617460C9B00F0BA8024D8632927
:10DED00039D00AD8002900F0C380582900F0918079
:10DEE00004F1420584F8421035E0642901D0692923
:10DEF000F6D125681A6815F0800F02F104012CD0C4
:10DF000012681960002A03DA2D23524284F8433044
:10DF1000DFF8BCC10A233FE0732900F0A58008D8D0
:10DF20006F2921D07029DBD1226842F020022260C3
:10DF300003E0752918D07829D2D1782284F84520B9
:10DF4000DFF890C161E01A68111D1960136884F848
:10DF5000423004F14205012393E01268196015F084
:10DF6000400F18BF12B2CDE7D4F800C01A681CF0F9
:10DF7000800F02F104051D6001D0126803E01CF05F
:10DF8000400FFAD01288DFF848C16F290CBF082370
:10DF90000A23002184F843106568A560002DA2BF04
:10DFA000216821F0040121600AB9002D46D0054600
:10DFB000B2FBF3F103FB112E93421CF80EE005F8BF
:10DFC00001ED39D9082B0BD12368DA0708D523696D
:10DFD00062689A42DEBF302305F8013C05F1FF3547
:10DFE000401B2061CDF800803B4603AA2146304605
:10DFF000FFF7E8FE013049D14FF0FF3005B0BDE832
:10E00000F083DFF8CCC084F845101D68216855F80E
:10E01000042B1D600D060BD5CD0744BF41F0200138
:10E0200021601AB9236823F0200323601023B0E78E
:10E030004B0648BF92B2EFE70A46B9E70546C1E78B
:10E040001A68D4F800C06169151D1D601CF0800FAE
:10E05000136801D0196003E01CF0400FFAD019805A
:10E06000002323610546BDE71A68111D1960156874
:10E07000626800212846FFF7ABFA08B1401B6060D8
:10E0800063682361002384F84330ABE723692A46A1
:10E0900039463046C0470130AED023689B0713D4C1
:10E0A000E068039B9842B8BF1846A7E701234A4699
:10E0B00039463046C04701309ED00135E368039AA7
:10E0C0009B1AAB42F2DCEBE7002504F11909F5E7F6
:10E0D000885007009950070038B5074C0546084698
:10E0E0001146002222601A46F8F77AFB431C02D13F
:10E0F000236803B12B6038BDF86E0120024B0A463D
:10E1000001461868F7F7CCBB1C65002038B5064CF3
:10E110000023054608462360F8F748F8431C02D15F
:10E12000236803B12B6038BDF86E012000294FF43D
:10E1300080630CBF0222002200F000B82DE9F743F3
:10E140001E465B4B1D6804460F46904625B1AB69E1
:10E1500013B92846FEF7F2FF564B9C4266D16C6815
:10E16000B8F1020F06D0B8F1010F00F29D80002E29
:10E17000C0F29A80636EDA0705D4A3899B0502D4A6
:10E18000A06DFFF7ADF921462846FEF743FF616B0E
:10E1900041B104F14403994202D02846F7F732FC1A
:10E1A000002363630023A3616360A389180603D57A
:10E1B00021692846F7F726FCA38923F44A6323F054
:10E1C0000303B8F1020FA3816AD001AB6A4621466E
:10E1D0002846FFF787F9A3891843A081002E2FD185
:10E1E000009E3046FFF7E2F90746002853D1DDF8DC
:10E1F0000090B14548D14FF0FF350022A26004F1F4
:10E200004702226022610122B4F90C306261626E21
:10E2100043F00203D107A38104D49B0502D4A06D6F
:10E22000FFF75FF9284603B0BDE8F083224B9C421C
:10E2300001D1AC6894E7214B9C4208BFEC688FE7A2
:10E24000002FCED0AB6913B92846FEF777FFB8F19F
:10E25000010F08BFA389276004BF43F00103A38116
:10E26000A38913F00802C4E904761BD0DA0741BF82
:10E2700000227642A260A66158BFA660656E15F0C6
:10E280000105CAD00025CDE74846FFF78FF90746BC
:10E290000028B0D04E46A38943F08003A381D1E784
:10E2A0000025AAE7A260E9E74FF0FF35BAE700BF13
:10E2B0001C6500203C5007005C5007001C50070004
:10E2C0001F2938B504460D4604D9162303604FF0C4
:10E2D000FF3038BD426C12B152F821304BB92046A4
:10E2E00000F030F82A4601462046BDE8384000F0EC
:10E2F00017B8012B0AD0591C03D116230360012043
:10E30000E7E7002442F82540284698470020E0E748
:10E31000024B01461868FFF7D3BF00BF1C65002001
:10E3200038B5074C0023054608461146236001F026
:10E33000CFFC431C02D1236803B12B6038BD00BF62
:10E34000F86E012001F0BCBC0EB400B59CB01DAB52
:10E35000029006906FF00041094807910491094925
:10E3600053F8042B05910068019302A901F068FBA2
:10E37000029B00221A701CB05DF804EB03B07047DA
:10E380001C6500200802FFFF10B50C46B1F90E1005
:10E3900001F04EFC0028ABBF636DA3891B1823F46A
:10E3A0008053ACBF6365A38110BD2DE9F0411F46CA
:10E3B0008B89DB0505460C46164605D5022300224F
:10E3C000B1F90E1000F0E6FFA389B4F90E1023F4A2
:10E3D0008053A38132463B462846BDE8F04100F019
:10E3E00019B910B50C46B1F90E1000F0D3FF431C5B
:10E3F000A38915BF606523F4805343F48053A38140
:10E4000018BFA38110BDB1F90E1000F015B90000BE
:10E4100070B50C4D2E4610F8013B5A5D02F0030218
:10E42000012A11F8012BB45C04F0030408BF203367
:10E43000012C08BF20329B1A01D1002AEBD11846CB
:10E4400070BD00BF194F070010F8012B11F8013BF8
:10E45000012A28BF9A42F7D0D01A7047034613F812
:10E46000012B002AFBD1181A0138704770B50346FA
:10E470001E4613F8014B3CB14A1E01E0A542F7D0FD
:10E4800012F8015F002DF9D1301A70BD2DE9F0436B
:10E49000384F86460846054615F8014BE65D16F0EE
:10E4A000080631D12D2C31D12C784FF00108851C74
:10E4B000002B5AD0102B09D1302C07D1287800F02E
:10E4C000DF0058284CD16C78102302354FF0FF3C08
:10E4D0000026BCFBF3FC03FB0CF96FEA090930468C
:10E4E000A4F13007092F18D83C46A34224DD002EA2
:10E4F0001FDB84451DD301D1A1451ADB00FB03407E
:10E50000012615F8014BEBE72846C4E72B2C08BF82
:10E510002C78B04608BF851CCAE7A4F14107192F23
:10E5200001D8373CE1E7A4F16107192F04D8573C23
:10E53000DBE74FF0FF36E4E7002E07DA2223CEF8C0
:10E5400000304FF0FF3042B9BDE8F083B8F1000F62
:10E5500000D04042002AF7D006B1691E1160F3E7EF
:10E560003024002BB2D10823B0E7302CA6D00A23E8
:10E57000ACE700BF194F070013460A4601460248A0
:10E580000068FFF783BF00BF1C650020034BC35C1E
:10E5900003F00303012B08BF20307047194F070019
:10E5A00030B5141E05469BB0184605DA8B232B6048
:10E5B0004FF0FF301BB030BD4FF40273ADF80C309C
:10E5C00014BF04F1FF332346029305934FF6FF7304
:10E5D00000910491ADF80E3002461E9B6946284614
:10E5E00001F02EFA431CBCBF8B232B60002CE1D022
:10E5F000009B00221A70DDE707B5009313460A4618
:10E60000014603480068FFF7CBFF03B05DF804FB49
:10E610001C65002038B5074C054608461146002207
:10E6200022601A46F7F7F0FE431C02D1236803B1BB
:10E630002B6038BDF86E012038B5064C0023054626
:10E6400008462360F7F77CFE431C02D1236803B120
:10E650002B6038BDF86E01202DE9F74F03690C6976
:10E66000A34280467FDB013C01F11407A00008F1C2
:10E6700014052B18019357F8243055F82420013342
:10E680009A4207EB0009B2FBF3F631D34FF0000AD0
:10E69000BC46AE46D3465CF8042B93B206FB03A3FC
:10E6A0004FEA134A9BB2ABEB0303120CDEF800B047
:10E6B00006FB02A213FA8BF34FEA124A1FFA82FBFF
:10E6C000DEF80020CBEB124202EB23429BB243EA7E
:10E6D0000243E1454FEA224B4EF8043BDBD22B5874
:10E6E00033B9019B043B9D421A4630D3C8F8104011
:10E6F000404601F084F8002825DB013628464FF01B
:10E70000000C57F8042BD0F800E093B2ACEB0303F5
:10E71000120C13FA8EF3C2EB1E4202EB23429BB2A1
:10E7200043EA0243B9454FEA224C40F8043BE8D2A1
:10E7300055F8242005EB84032AB9043B9D421A4670
:10E740000BD3C8F81040304603B0BDE8F08F126814
:10E75000043B002ACAD1013CC5E71268043B002AE9
:10E76000EFD1013CEAE70020EEE7000000000000E6
:10E770002DE9F04F476A97B014461D468346239E05
:10E78000CDE9024547B91020FEF710FFC0E9017737
:10E79000CBF824000760C760DBF82430196859B152
:10E7A0005A684A60012393408B60584600F04AFE45
:10E7B000DBF8243000221A602B1EB9BF23F000437F
:10E7C000039300233360039CAF4BBCBF0122326034
:10E7D000A3431AD1229A42F20F731360029AC4F330
:10E7E0001303134300F05185249B53B9A74B23E037
:10E7F000A74B06930833249A1360069817B0BDE818
:10E80000F08FA24B06930333F5E79DED027B0022C8
:10E81000002351EC170B8DED0C7BFEF709F8074632
:10E8200060B1229A01231360249B002B00F02A85FB
:10E83000984B249A1360013B0693DEE714AB0193D7
:10E8400015AB00935846DDE90C2301F04FF8C4F3F3
:10E850000A568046002E7FD00D9B1397C3F31303F7
:10E86000DDE90C4543F07F5545F44015A6F2FF362F
:10E870000022894B20462946FDF7BAFB7CA3D3E949
:10E880000023FDF76DFD7CA3D3E90023FDF7B2FB68
:10E89000044630460D46FDF7F9FC79A3D3E9002381
:10E8A000FDF75EFD02460B4620462946FDF7A2FB1A
:10E8B00004460D4601F0DCF9002282460023204682
:10E8C0002946FDF7BFFF48B15046FDF7DFFC224661
:10E8D0002B46FDF7ADFF08B90AF1FF3ABAF1160F62
:10E8E00059D86E4B03EBCA03D3E90023DDE90C01D1
:10E8F000FDF7A8FF002850D00AF1FF3A0023129339
:10E90000149B9E1B731E089345BFC6F1010307931A
:10E91000002300234CBF08930793BAF1000F3EDB9E
:10E92000089BCDF83CA05344089300230993209BF7
:10E93000092B00F28F80052BC4BF043B2093209B42
:10E94000A3F10203CCBF00240124032B00F28D802D
:10E95000DFE803F02F3C3A7EDDE914631E4406F243
:10E960003240202811DDC0F14000029B844006F2B5
:10E97000124023FA00F02043FDF778FC01230446FF
:10E98000A1F1F875013E139372E7029BC0F12000DC
:10E9900003FA00F0F0E70123B1E71290B0E7079B1C
:10E9A000A3EB0A030793CAF10003099300230F9313
:10E9B000BDE700230E93219B002B73DC01230493FE
:10E9C00099461A4621920CE00123F3E700230E93A7
:10E9D000219B534403F1010904934B46012BB8BF1B
:10E9E0000123DBF8245000226A60042202F11400A3
:10E9F000984269685AD9584600F0F0FCDBF8243098
:10EA000028601B680693B9F10E0F00F2D480002C29
:10EA100000F0D180BAF1000F66DD204A0AF00F0342
:10EA200002EBC30393ED007B4FEA2A14E2068DED5F
:10EA30000A7B57D51A4BDDE90C01D3E90823FDF712
:10EA4000B9FDCDE9020104F00F040326144D3EE0A8
:10EA50000123BCE70124002320930E944FF0FF33E1
:10EA60000493994600221223ACE701230E93F5E7A5
:10EA700061436F63A787D23FB3C8608B288AC63FC4
:10EA8000FB799F501344D33F0000F07FB350070041
:10EA9000AA500700D00607000000F83FE850070022
:10EAA000C0500700219B049399469AE701316960A1
:10EAB00052009BE7E30708D5DDE90A01D5E9002309
:10EAC000FDF74EFCCDE90A01013664100835002C33
:10EAD000F0D1DDE90A23DDE90201FDF76BFDCDE9A7
:10EAE00002011AE00226B1E700F09F80CAF100049B
:10EAF0009F4BA04D04F00F0203EBC203D3E90023A8
:10EB0000DDE90C01FDF72CFCCDE902012411002305
:10EB10000226002C7ED1002BE1D1129B002B00F0AD
:10EB20008680DDE902450022934B20462946FDF709
:10EB300089FE00287BD0B9F1000F78D0049B002B10
:10EB400035DD0AF1FF330A93204600228B4B29461C
:10EB5000FDF706FCCDE90201049C01363046FDF7C5
:10EB600095FBDDE90223FDF7FBFB0022844BFDF75B
:10EB700041FA0646A1F15077002C5CD10022814B6E
:10EB8000DDE90201FDF734FA32463B46CDE90201E8
:10EB9000FDF776FE002840F08C82324607F10043F4
:10EBA000DDE90201FDF74EFE002840F08082DDE93C
:10EBB0000C34CDE90234159B002BC0F24F81BAF121
:10EBC0000E0F00F34B816A4B03EBCA0393ED007BFE
:10EBD000219B002B8DED047B80F2D880B9F1000FD2
:10EBE00000F3D48040F062820022664B51EC170B98
:10EBF000FDF7B6FBDDE90223FDF738FE4C464E4635
:10EC0000002840F03B82069D312305F8013B0AF1C4
:10EC1000010A37E2E70705D5D5E90023FDF7A0FB98
:10EC2000013601236410083573E7022675E7CDF835
:10EC300028A04C4692E74E4B03EBC40353E9020174
:10EC4000069B1C440E9B002B46D002460B46002020
:10EC50004D49FDF7AFFC32463B46FDF7C9F9069D2D
:10EC600006460F46DDE9020101F002F81090FDF7BB
:10EC70000DFB02460B46DDE90201FDF7B9F9109BD9
:10EC8000303305F8013B32463B46CDE90201FDF742
:10EC9000D9FD002860D1DDE9022300203649FDF7C7
:10ECA000A7F932463B46FDF7CDFD002840F0B48081
:10ECB000A5423FF47CAF0022304B30463946FDF789
:10ECC0004FFB002206460F462C4BDDE90201FDF703
:10ECD00047FBCDE90201C5E732463B46FDF740FB65
:10ECE000CDE91001069E2546DDE9020100F0C0FFD6
:10ECF0000746FDF7CBFA303702460B46DDE9020145
:10ED0000FDF776F906F8017BA642CDE902014FF046
:10ED1000000226D11C4BDDE91001FDF76BF902461C
:10ED20000B46DDE90201FDF7ABFD002874D1DDE9FA
:10ED3000102300201449FDF75BF902460B46DDE97C
:10ED40000201FDF77FFD00283FF431AF15F8013CCB
:10ED5000302B05F1FF3202D0DDF828A04AE015463D
:10ED6000F4E7064BFDF7FCFACDE90201BCE700BF72
:10ED7000E8500700C05007000000F03F00002440AA
:10ED800000001C40000014400000E03FDDE9026785
:10ED9000069DDDE9042330463946FDF70BFC00F003
:10EDA00067FF0446FDF772FADDE90423FDF7D8FAA0
:10EDB00002460B463046394604F13006FDF718F995
:10EDC00005F8016B069EAE1BB14502460B4638D1D5
:10EDD000FDF710F9DDE9042306460F46FDF750FD67
:10EDE000C0B9DDE9042330463946FDF721FD08B1FD
:10EDF000E1070FD44146584600F024FB0023229A35
:10EE00002B700AF101031360249B002B3FF4F5AC37
:10EE10001D60F2E4CDF828A015F8012C392A05F17F
:10EE2000FF3308D1069A9A4209D10A9A069901320B
:10EE30000A9230220A701A7801321A708CE71D4645
:10EE4000EAE700229D4BFDF78BFA002200230646DD
:10EE50000F46FDF7EDFC00289BD0CBE70E9A002A69
:10EE600000F0CB80209A012A00F3AE80139A002A8A
:10EE700000F0A68003F23343099C079D079A1A44C9
:10EE80000792089A01211A445846089200F07CFB28
:10EE90000646002D0CDD089B002B09DDAB42079ACE
:10EEA000A8BF2B46D21A0792089AED1AD31A0893D4
:10EEB000099BF3B10E9B002B00F0A380002C10DD0A
:10EEC00031462246584600F0F9FB424601460646C6
:10EED000584600F062FB41460746584600F0B2FA39
:10EEE000B846099B1A1B04D04146584600F0E6FB81
:10EEF00080460121584600F047FB0F9B002B04463B
:10EF000040F381801A460146584600F0D7FB209B0B
:10EF1000012B04467ADD0027236904EB830318697B
:10EF200000F0E2FAC0F12000089B184410F01F0026
:10EF300000F08B80C0F12003042B40F38480C0F1EB
:10EF40001C00079B03440793089B03440544089354
:10EF5000079B002B05DD41461A46584600F0FCFB96
:10EF60008046089B002B05DD21461A46584600F0D6
:10EF7000F3FB0446129B002B69D02146404600F06B
:10EF80003EFC002863DA002341460A22584600F07E
:10EF900070FA0E9B0AF1FF3A8046002B00F07C814C
:10EFA000002331460A22584600F063FA049B002BE6
:10EFB000064600F38B80209B022B40F387804EE0B7
:10EFC000149BC3F1360357E7099B09F1FF34A342B1
:10EFD000BFBF099B0994E21A0F9BBBBF9B180F93FD
:10EFE0001C1B0024B9F1000FB5BF079B079DA3EBC5
:10EFF00009054B46B8BF002340E7099C079D0E9EBC
:10F0000047E7099A70E7209B012B18DC029BB3B9F4
:10F01000039BC3F31303A3B9039B23F000473F0DE6
:10F020003F0537B1079B01330793089B01330893D2
:10F0300001270F9B002B7FF46FAF012074E700279F
:10F04000F7E7029FF5E783D018461C3079E7B9F15E
:10F05000000F35DC209B022B32DDCDF81090049B95
:10F0600063B921460522584600F003FA01460446DA
:10F07000404600F0C4FB00283FF7C5AD219B069D2C
:10F080006FEA030A00272146584600F0DBF9002EFC
:10F090003FF4B0AE2FB1B74203D03946584600F026
:10F0A000D1F93146584600F0CDF9A3E600242646B2
:10F0B000E4E7DDF828A02646A5E500BF00002440CF
:10F0C0000E9BCDF81090002B00F0ED80002D05DD9B
:10F0D00031462A46584600F03FFB0646002F56D0E0
:10F0E0007168584600F07AF932690232054692009A
:10F0F00006F10C010C30FEF7C9FA012229465846E8
:10F1000000F02AFB069B069A03F10109049B1344B5
:10F110000993029B03F0010337460893064609F161
:10F12000FF33214640460293FFF796FA03463033F9
:10F130000490394640460A9300F061FB324607903E
:10F140002146584600F075FBC2680A9B054602BB83
:10F150000146404600F053FB0A9B024629465846AA
:10F160000E920A9300F06EF9209B0E9A43EA020178
:10F17000089B0B434D460A9B0DD1392B27D0079A8C
:10F18000002A01DD049B3133029A13707BE730467D
:10F19000B8E70122E2E70799002904DB2098014340
:10F1A000089801431ED1002AEEDD4146012258464F
:10F1B000079300F0D1FA2146804600F020FB00289A
:10F1C000079B02DCE0D1DA07DED5392BDAD1029ACF
:10F1D0003923137015F8013C392B05F1FF3247D064
:10F1E0000133D2E7002A03DD392BF0D00133CBE71E
:10F1F000099A09F8013C914521D0414600230A2291
:10F20000584600F036F9B74280464FF000034FF001
:10F210000A023946584606D100F02BF90746064641
:10F2200009F101097BE700F024F931460746002384
:10F230000A22584600F01DF90646F1E7002741462C
:10F2400001225846029300F087FA2146804600F0DA
:10F25000D6FA0028BEDC02D1029BDB07BAD415F82F
:10F26000013C302B05F1FF327FF40DAF1546F6E778
:10F27000069B934204D10AF1010A3123069A84E7DE
:10F280001546A7E7134BFFF7D7BA249B002B7FF453
:10F29000AFAA114BFFF7D0BA049B002B03DC209BD5
:10F2A000022B3FF7DCAE069D21464046FFF7D4F91E
:10F2B00000F1300305F8013B069A0499AA1A91421D
:10F2C000BCDD414600230A22584600F0D2F88046B1
:10F2D000EAE700BFCF060700AA5007000B78722BA1
:10F2E00030B522D0772B24D0612B27D01623036092
:10F2F000002030BD622D12D0782D13D02B2D07D1D8
:10F3000020F01C0023F0030340F0100043F0020340
:10F3100011F8015F002DEDD123431360E9E743F4B9
:10F320008033F5E743F40063F2E70024234604202A
:10F33000EEE74FF4C06401230820E9E74FF40274BC
:10F3400001234FF48470E3E738B5074C00230546EA
:10F35000084611462360F7F750F9431C02D1236891
:10F3600003B12B6038BD00BFF86E012038B5064CE4
:10F370000023054608462360F7F7B4F8431C02D182
:10F38000236803B12B6038BDF86E01200048704738
:10F390007066002038B5074C054608461146002225
:10F3A00022601A46F7F709F9431C02D1236803B11A
:10F3B0002B6038BDF86E012082B001B901A942B1BD
:10F3C0004BB113780B601278101C18BF012002B0EB
:10F3D00070471046FBE76FF00100F8E770B5456A2B
:10F3E00004460E463DB91020FEF7E0F8C0E901558D
:10F3F00060620560C560656AEB6883B1636ADB685B
:10F4000053F82600B8B9012101FA06F56A1D9200E9
:10F410002046F6F761FA60B1C0E901650EE02122ED
:10F4200004212046F6F758FA636AE860DB68002B8F
:10F43000E4D1002070BD026843F826200023C0E913
:10F440000333F7E770B5446A06460D463CB9102011
:10F45000FEF7ACF8C0E9014470620460C4603DB1DD
:10F46000736A6A68DB6853F82210296043F82250F7
:10F4700070BD2DE9F0410D691F4606460C4601F1AD
:10F48000140C0023DCF8000081B202FB01710F0CA8
:10F49000000C02FB007089B2013301EB00419D4278
:10F4A0004FEA10474CF8041BECDCD7B1A368AB4221
:10F4B00012DC616830460131FFF790FF22690232A9
:10F4C00004F10C01804692000C30FEF7DFF8214673
:10F4D0003046FFF7B7FF444604EB850301355F6113
:10F4E00025612046BDE8F081020C12040346CAB92A
:10F4F0000304102013F07F4F04BF1B02083013F0E9
:10F50000704F04BF1B01043013F0404F04BF9B0039
:10F510000230002B05DB13F0804F00F1010008BF23
:10F52000202070470020E5E7036813F0070201463A
:10F530000BD0DA0724D4980749BF5B089B08012049
:10F540000B605CBF0B600220704798B2B0B91B0C17
:10F55000102013F0FF0F04BF1B0A08301A0704BF66
:10F560001B0904309A0704BF9B080230DA0703D452
:10F570005B0800F1010005D00B6070471046E8E71A
:10F58000002070472020704710B50C460121FFF77E
:10F5900025FF01224461026110BD2DE9F74F90461D
:10F5A0000A69D8F810309A42B8BF0B460C46BCBF67
:10F5B000444698462769D8F81090A368616807EB1D
:10F5C0000906B342B8BF0131FFF708FF00F1140587
:10F5D00005EB860E2B460022734516D304F1140367
:10F5E00008F1140203EB870702EB89030093009BE9
:10F5F000019293420CD8002E03DD5EF8043D002BEF
:10F6000059D0066103B0BDE8F08F43F8042BE3E75F
:10F61000B2F800A0BAF1000F23D004F11409AC46EF
:10F620004FF0000859F8041BDCF800B08BB21FFA49
:10F630008BFB0AFB03B34FEA114BDCF80010434489
:10F640004FEA11480AFB0B8101EB13419BB243EADD
:10F6500001434F454FEA11484CF8043BE2D8CCF83F
:10F660000080019BB3F802900432B9F1000F20D062
:10F670002B6804F11408AC464FF0000AB8F80010EB
:10F68000BCF802B009FB01B18A449BB243EA0A43C9
:10F690004CF8043B58F8043BBCF800101B0C09FB69
:10F6A000031303EB1A4347454FEA134AE6D8CCF855
:10F6B000003004359BE7013E9DE700002DE9F8434B
:10F6C000154612F0030206460F4607D0013A214CB8
:10F6D000002354F82220FFF7CCFE0746AD1035D0AA
:10F6E000746A3CB91020FDF761FFC0E90144706203
:10F6F0000460C460D6F82480D8F808404CB940F2C1
:10F7000071213046FFF740FF0023C8F80800044687
:10F7100003604FF00008EB070AD539462246304611
:10F72000FFF73BFF394681463046FFF78BFE4F46D9
:10F730006D100BD0206838B9224621463046FFF7BD
:10F740002CFF2060C0F800800446E4E73846BDE89E
:10F75000F88300BFB05107002DE9F0470C464FEA8F
:10F76000621A236949680AEB0309A368074616462B
:10F7700009F10105AB4233DB3846FFF72FFE0023CA
:10F78000804600F1140100F11002184653452ADBAF
:10F7900020692AEAEA7A04F1140316F01F0201EB49
:10F7A0008A0103EB800C22D0C2F1200E00201E68DB
:10F7B0009640304341F8040B53F8040B9C4520FA63
:10F7C0000EF0F4D8086008B109F10205013D384691
:10F7D000C8F810502146FFF735FE4046BDE8F087D7
:10F7E00001315B00C6E742F8040F0133CEE704396C
:10F7F00053F8042B41F8042F9C45F9D8E6E7036938
:10F800000A699B1A30B50CD1920014301431841857
:10F81000114454F8045D51F8042D954203D005D3EA
:10F820000123184630BDA042F3D3FAE74FF0FF336F
:10F83000F7E72DE9F0470D460746114628461446DE
:10F84000FFF7DDFF061E08D131463846FFF7C6FD3B
:10F850000123C0E90436BDE8F087A4BF23462C4647
:10F8600038466168A6BF1D4600260126FFF7B6FD93
:10F870002B69C660266905F1140904F1140202EB34
:10F88000860709EB830800F114054FF0000E52F8CB
:10F8900004AB59F8044B1EFA8AF1A3B2C91A230C1F
:10F8A000C3EB1A4303EB214389B24FEA234EC84509
:10F8B00041EA0343944645F8043BE8D8BC4504D3E9
:10F8C00055F8043D83B10661C5E75CF8041B1EFAD8
:10F8D00081F31A1402EB11429BB243EA02434FEA4E
:10F8E000224E45F8043BE9E7013EE9E72DE9F743FD
:10F8F000012199469046DDE90A65FFF76FFDC9F3DE
:10F900000A540746C9F313032CBBB8F10002019354
:10F9100026D068460092FFF707FE0099F0B1019AE1
:10F92000C0F1200302FA03F30B43C2407B61019252
:10F93000019BBB61002B14BF022101213961C4B1BD
:10F94000A4F2334404443460C0F1350028603846E2
:10F9500003B0BDE8F08343F48013D6E77961E7E7AD
:10F9600001A8FFF7E1FD019B7B6101213961203096
:10F97000E5E707EB8103A0F2324030601869FFF73A
:10F98000B3FDC0EB4110E1E72DE9F0478E689E42E0
:10F9900082460C469146984638D8B1F80CC01CF403
:10F9A000906F31D062692568096902EB42026F1AD3
:10F9B00002EBD272013355103B449D4238BF1D46C5
:10F9C0001CF4806F30D02946F5F7DAFF064650B9AF
:10F9D0000C23CAF80030A38943F04003A3814FF001
:10F9E000FF30BDE8F0873A462169FDF74FFEA38955
:10F9F00023F4906343F08003A381266165613E4454
:10FA0000ED1B2660A5604646464500D9464632466F
:10FA100049462068FDF748FEA3689B1BA360236846
:10FA20001E4426600020DCE72A46F5F739FF06462B
:10FA30000028E2D121695046F5F7E4FFC8E700004D
:10FA40002DE9F04F1E468B891B069DB007460D46DB
:10FA500014460ED50B6963B94021F5F791FF286074
:10FA6000286120B90C233B604FF0FF30C9E04023F0
:10FA70006B610023099320238DF82930DFF89C91D6
:10FA8000039630238DF82A304FF0010A23461E4694
:10FA900013F8012B0AB1252AF9D1B6EB040B0BD0D0
:10FAA0005B46224629463846FFF76EFF013000F0DC
:10FAB000A380099B5B4409933378002B00F09C8062
:10FAC00000234FF0FF32CDE905230136049307935D
:10FAD0008DF853301A933446052214F8011B4F4811
:10FAE000FDF776FD049BC0B9D90644BF20228DF8EE
:10FAF00053201A0744BF2B228DF8532032782A2A2C
:10FB000013D0079A344600200A26214611F8013BFB
:10FB1000303B092B4BD970B914E0A0EB09000AFA6D
:10FB200000F0184304902646D5E7039A111D126889
:10FB30000391002A01DB079204E0524243F00203E2
:10FB40000792049323782E2B0CD163782A2B33D180
:10FB5000039B1A1D1B680392002BB8BF4FF0FF33A5
:10FB6000023405932E4E217803223046FDF730FDF6
:10FB700038B14023801B03FA00F0049B0343013497
:10FB8000049314F8011B27488DF828100622FDF76E
:10FB90001FFD002838D0244B13BB039B073323F0F1
:10FBA000070308330393099B434409936EE706FB5D
:10FBB000023201200C46A8E70023013405931946C0
:10FBC0000A26204610F8012B303A092A03D9002BC7
:10FBD000C8D00591C6E706FB012101230446F0E7E2
:10FBE00003AB00932A46114B04A93846FDF7B8FE33
:10FBF000B0F1FF3F8046D6D1AB895B063FF534AF0D
:10FC000009981DB0BDE8F08F03AB00932A46074B5F
:10FC100004A93846FEF74CF9EAE700BFBC510700DB
:10FC2000C2510700C651070061D9060089F90600D4
:10FC300038B5074C054608461146002222601A4690
:10FC4000F6F752FC431C02D1236803B12B6038BD88
:10FC5000F86E012049B1FF2A85BF8A2303600A702C
:10FC60004FF0FF3098BF01207047084670470000F2
:10FC70004FEA410212F5001215D211D56FF47873D4
:10FC8000B3EB625212D94FEAC12343F0004343EA77
:10FC9000505311F0004F23FA02F018BF4042704752
:10FCA0004FF00000704750EA013005D111F00040DC
:10FCB00008BF6FF0004070474FF00000704700BF72
:10FCC000024B58221A604FF0FF307047F86E012047
:10FCD000024B58221A604FF0FF307047F86E012037
:10FCE000F8B500BFF8BC08BC9E467047F8B500BF29
:10FCF000F8BC08BC9E4670470000000000000000F1
:10FD0000B5710200DD71020000000000000000007B
:10FD1000C9710200F17102003139423130303030A6
:10FD20002D453846322D353337452D344636432D53
:10FD30004431303437363841313231340031394290
:10FD400031303030312D453846322D353337452D61
:10FD5000344636432D443130343736384131323130
:10FD6000340031394231303030322D453846322D71
:10FD7000353337452D344636432D4431303437360C
:10FD8000384131323134004352414E4B5F52494782
:10FD90004854004352414E4B5F4C45465400496E17
:10FDA000697469616C697A696E6720424C452042CA
:10FDB000726F61646361737465722E2E2E007374AA
:10FDC000617274696E6720426C7565746F6F7468D8
:10FDD000C2AE204C6F7720456E65726779206661F0
:10FDE000696C65642100424C452042726F61646316
:10FDF000617374657220496E697469616C697A65B2
:10FE0000642026204164766572746973696E672088
:10FE100061732000496E697469616C697A696E6703
:10FE200020494D5520286469726563742049324326
:10FE3000206D6F6465292E2E2E00494D5520457288
:10FE4000726F723A20446576696365206E6F742024
:10FE5000666F756E642E00494D5520496E69746950
:10FE6000616C697A65642053756363657373667545
:10FE70006C6C792100494D55204572726F723A20A1
:10FE80004661696C656420746F20636F6E66696794
:10FE9000757265206779726F2E00496E69746961A9
:10FEA0006C697A696E67204858373131204C6F6130
:10FEB000642043656C6C2E2E2E0057616974696E48
:10FEC0006720666F7220485837313120746F207375
:10FED000746162696C697A652E2E2E0044697363C1
:10FEE000617264696E6720737461727475702072D8
:10FEF000656164696E67732E2E2E0073746172746F
:10FF000075700053746172747570207A65726F2019
:10FF1000736B69707065642E2053656E642027745E
:10FF200027207768656E2074686520706564616C51
:10FF300020697320756E6C6F616465642E004C6F70
:10FF400061642043656C6C20696E697469616C69D9
:10FF50007A6174696F6E20636F6D706C6574652E65
:10FF6000003E3E3E2053656E642027742720746F48
:10FF7000207A65726F207C2027632720666F7220AD
:10FF800063616C6962726174696F6E203C3C3C0015
:10FF90000A3D3D3D2043414C4942524154494F4E58
:10FFA000204D4F4445204F4E203D3D3D0A506C6151
:10FFB00063652061206B6E6F776E20776569676877
:10FFC00074206F6E207468652073656E736F722E77
:10FFD0000A2020272B272F272D27203D20636F6104
:10FFE0007273652061646A7573742028C2B1313000
:10FFF00030290A20202766272F276727203D2066E3
:0200000270008C
:10000000696E652061646A7573742028C2B13130ED
:10001000290A53656E642027632720746F20657852
:1000200069742063616C6962726174696F6E206DBE
:100030006F64652E0A000A3D3D3D2043414C494214
:10004000524154494F4E204D4F4445204F46462083
:100050003D3D3D0A006D616E75616C0043616C69E8
:1000600062726174696F6E20466163746F723A20C8
:1000700000436865636B696E67206C6F6164206321
:10008000656C6C2073746162696C69747920666F49
:10009000722000207A65726F2E2E2E005A65726FC4
:1000A00020736B69707065643A204858373131208D
:1000B000646964206E6F742070726F766964652065
:1000C000656E6F7567682073616D706C65732E0067
:1000D0005A65726F20736B69707065643A206D6544
:1000E000616E3D00206C62732C2072616E67653D0D
:1000F00000206C62732E20556E6C6F6164207065F9
:1001000064616C20616E642074727920616761693A
:100110006E2E005A65726F20636F6D706C6574652A
:100120002E204F66667365743A2000466F726365D1
:1001300020286C6273293A2000207C2052504D3ACE
:1001400020005374617274696E67205849414F20D2
:100150004372616E6B2053656E736F72204E6F64D5
:100160006520285249474854292E2E2E00000000B1
:100170000000000000000000CD7A0200CF7A0200EB
:1001800000000000000000005B7C02005D7C0200BB
:1001900000000000000000002D80020065800200C9
:1001A000253032783A253032783A253032783A257F
:1001B0003032783A253032783A25303278000000F3
:1001C000000000000000000013810200898102008D
:1001D00015810200258102000D8202003581020096
:1001E0009981020051810200CD810200ED8102005F
:1001F0004182020000000000000000001D84020097
:100200005584020000000000000000000D8502007F
:10021000138502000F8502003239303200000000E1
:100220000000000000000000A9870200058802000D
:10023000638502000000000000000000E188020069
:10024000F5880200DB880200DC6700200000000067
:10025000000000004D8E02006D8E0200618B0200D6
:10026000158C020041890200518902006189020057
:10027000A9890200498C0200818E0200A18C020033
:10028000A78C0200C18C0200C78C0200CD8C02003A
:10029000D38C0200DF8C0200D98C0200C1890200DD
:1002A000D1890200E1890200018D0200F18902007A
:1002B000018A0200598D0200858D0200B18D020075
:1002C000118A0200218A0200498A0200718A020012
:1002D000818A0200918A0200A18A0200DD8D02005B
:1002E000B18A0200418B0200518B0200C18A0200D8
:1002F000D18A020085890200118B0200E18A020086
:10030000018B0200F18A0200218B0200318B020076
:10031000B9890200BD890200000000000000000051
:10032000898F0200DD8F0200B58E02000000000000
:1003300000000000F18F02000990020000000000A0
:1003400000000000B99102001192020000000000BC
:1003500000000000C1920200E592020000000000CF
:1003600000000000E1930200019402000000000080
:1003700000000000C5940200219502005483637CB4
:10038000C51EF7EC32DDAD51894B9E07A0680020F9
:1003900000000000000000006D9802008998020033
:1003A000359502003B950200A198020021990200B8
:1003B000059A02007D9B02004195020055B30200A0
:1003C000259C0200679C020085960200A39602000D
:1003D000B9960200E996020075AA0200039702008E
:1003E00075B40200A79C0200199D0200B99D02008D
:1003F000019802000F980200E39A02001D9B020080
:100400000DAB0200CDAC02002D9802009FAC0200A3
:10041000579B0200FBAC02003DAD020035AB020071
:100420009DAA02002997020067AB02008D9E020080
:1004300047970200B5AB020005A0020061A20200CE
:10044000979702004DAC020095AD02001DAC020072
:1004500021A102006B970200E9AB02004DB002003F
:100460007FAC02003DA5020071A40200B9A6020003
:10047000C3970200CD970200EF9C020099A70200EB
:1004800089A802005DA902007D990200246A00206B
:10049000000000000000000081B90200B1B90200B4
:1004A000B9B60200BDB602005DB7020071B7020026
:1004B000D5B7020009B8020045B80200C5B902006C
:1004C00049BA0200C5B70200C9B70200CDB70200A1
:1004D000E3BB020081B80200646A0020313830308A
:1004E000003261303000326130310031383031005B
:1004F000326130350041726475696E6F0000000032
:100500000000000000000000C5BF0200E9BF0200BB
:1005100045BC020031BD0200B9BD0200BFBD0200F2
:10052000D7BD020025BC020029BC0200F3BD0200B9
:100530009DBE0200FDBF0200946A0020484349208E
:1005400041434C44415441205458202D3E20004802
:10055000434920434F4D4D414E44205458202D3E99
:1005600020005F72656376427566666572206F76FD
:100570006572666C6F77004843492041434C4441A3
:100580005441205258203C2D2000484349204556D4
:10059000454E54205258203C2D2000000000000001
:1005A0000000000085C0020079C4020089C002007A
:1005B0009DC00200ADC0020089C40200B5C00200A7
:1005C0006BC9020077CA0200ABC90200CDC00200AD
:1005D00003C102001DC10200D5C9020037C10200DB
:1005E0004FC10200D1C602000DC702009FC1020028
:1005F000BBC10200EDC102000BC2020095C20200A5
:100600007DC2020019CA02009DCA020019C9020077
:1006100063C40200D3C20200EDC2020095C802000A
:10062000B9C8020053C3020081C3020095C302008F
:10063000D9C80200C9CF020049C70200CBC30200DB
:10064000EBC30200F1C30200F5C702000FC40200B1
:1006500047C402002BC40200F5C50200F9C3020022
:10066000C5CA0200C1D00200F7D202006DD202005A
:1006700061D10200B46D00202E70696F2F6C696229
:10068000646570732F7869616F626C655F7269670A
:1006900068742F41726475696E6F424C452F737296
:1006A000632F7574696C6974792F484349436F727D
:1006B00064696F5472616E73706F72742E637070C0
:1006C0000062797465735F7573656420213D203025
:1006D00000000000000000000000000095D30200B0
:1006E000FDD202007DD2020065D102006BD1020072
:1006F00081D10200B5D20200B9D20200BDD20200FF
:1007000063D10200AFD10200050B0000E46E0020AF
:1007100000000000000000002DD502004BD50200B3
:1007200059DA0200C5DA020059D502002FD50200BD
:1007300031D5020037D502003BD502003FD502007B
:10074000EDD80200F9DA020049D50200EC0234A328
:1007500057C8AD05341010A60A397D9B0DFBAA6C55
:10076000888391AAF5A53860370BDB5A6083BE6297
:10077000746C6520B003D2F297BE2C5E2C83A7E97F
:10078000F9A5B9EFF49111ACF4FDDBCC0301480EEF
:10079000359DE655188B3D32F6BB9A900AFCFBEE70
:1007A000D4E72A59CB9AC2F19D7CFB6B4FDD49F40B
:1007B0007FC5FDD5CB8454D177733EFFFFB2EC717A
:1007C0002BAEABA6E8E7CC25A75F6E216583F7FFCC
:1007D0003DC4CF0093E202006DD2020061D102005D
:1007E000493243536C617665000000000000000050
:1007F00000000000C7E002009DFD020097E002003B
:10080000EBE00200E5E00200F9E002002FE1020067
:1008100061E102007DE102002BE202000DE2020034
:10082000A3E002005BE20200AFE0020075E3020019
:10083000B7E00200EDE00200F3E002009BE00200FE
:10084000DDE1020000C00140001002400020024033
:1008500000D00240D5E602006DD2020061D1020054
:10086000000000000000000045E70200C5E70200AC
:1008700097E00200E7E50200F5E80200D9E902008E
:1008800051E9020035E602009BE50200FFE50200A7
:10089000F5E602005365656564205849414F206EB6
:1008A000524635323834302053656E73650000008F
:1008B000000000000000000001EB02001DEB020040
:1008C000BF490600A13E0600A53B0600953C060078
:1008D000A54A0600A5370600A7370600013906001D
:1008E000013906003D380600F9EB020025ED020053
:1008F0000D380600F9EA0200D5EC020001ED020015
:10090000253806009BEC0200C1EA0200C5EA02009D
:10091000C7EA0200C9EA0200DFEA020033EB020084
:1009200073EB0200A7EB0200CFEB0200C9EE02005E
:10093000CDEE0200D1EE020010034100720064000F
:10094000750069006E006F000000000000000000EC
:10095000B5F00200C9F0020027F6020031340600AB
:100960000000000000000000DDF00200F1F00200D5
:1009700061F70200313406000000000000000000B2
:100980008DF00200A1F00200DBEE0200313406001F
:10099000A5F202006DD2020061D1020080250000A4
:1009A00000000800FFFFFFFF5F72785F73697A65E0
:1009B000203D3D2030005F74785F6C6973742E6554
:1009C0006D7074792829005F72785F6C6973742E7A
:1009D000656D7074792829002F55736572732F6CBB
:1009E0006D61696E7669656C6C652F2E706C6174D3
:1009F000666F726D696F2F7061636B616765732FCE
:100A00006672616D65776F726B2D61726475696E68
:100A10006F2D6D6265642D73656565642F636F72FC
:100A200065732F61726475696E6F2F5553422F5530
:100A300053424344432E637070007265736F6C764B
:100A400065722E76616C6964282900000000000040
:100A500000000000F5EE020059F402006DF40200FF
:100A600089F4020081F10200C5F2020087F0020061
:100A700005F10200E3EE0200E9EE02003DF00200A3
:100A800071F00200EDEE0200D5EE0200D7EE02009A
:100A9000D9EE020016034300440043002000440046
:100AA00045005600490043004500000015F90200CA
:100AB0006DD2020061D10200555342657674000088
:100AC0000000000000000000F5EE020059F40200F2
:100AD0006DF4020089F4020081F10200C5F2020007
:100AE00087F0020005F10200E3EE0200E9EE0200E9
:100AF00035F9020091F90200EDEE0200A5F80200BE
:100B0000D7F80200D9EE020055F8020079F8020089
:100B100075FA0200EBF70200F7F70200D3E80200D3
:100B20001DE902008DE90200FBF7020021E7020047
:100B300089E70200FFF70200D8FEFFFF0000000077
:100B400081F90200AFF9020023530600F3520600B8
:100B500055530600EF520600EF520600EF52060012
:100B6000EF52060059530600EF520600BFF702008D
:100B7000C5F70200D1F70200D5F70200DBF702004B
:100B8000E1F70200E5F7020071F802009DF80200AB
:100B9000E7F70200E9F70200D4FEFFFF00000000C3
:100BA00089F90200A7F90200C0FEFFFF0000000063
:100BB0003DE70200BFE7020097E00200FDF70200F8
:100BC000EFE80200D1E902004BE902005DFB020000
:100BD000F1F70200F9F702000FF802000000000030
:100BE00000000000C7FB02006E616E00696E6600C7
:100BF0006F7666002F55736572732F6C6D61696E29
:100C00007669656C6C652F2E706C6174666F726DA1
:100C1000696F2F7061636B616765732F6672616DB9
:100C200065776F726B2D61726475696E6F2D6D6281
:100C300065642D73656565642F636F7265732F61DD
:100C4000726475696E6F2F6D6265642F746172676F
:100C50006574732F5441524745545F4E4F52444977
:100C6000432F5441524745545F4E524635782F67C3
:100C700070696F5F6F626A6563742E68006F626A85
:100C80002D3E70696E20213D202850696E4E616DA9
:100C900065294E43005254582056352E352E3300C8
:100CA0007274785F74696D6572007274785F6964DC
:100CB0006C65000000000000000000000000000063
:100CC0000000000000000000000000000000000024
:100CD0000000000000000000000000000000000014
:100CE00000000000000000000000000005000000FF
:100CF000E803000005000000108000201000000044
:100D000000000000000000000000000000000000E3
:100D100000000000000000000000000000000000D3
:100D200000000000000000000000000000000000C3
:100D300000000000000000000000000000000000B3
:100D400000100000600D07009C0D0700D125030076
:100D5000B1250300840D070004000000000000001E
:100D6000AA0C0700000000001881002044000000C9
:100D7000608100200002000001000000010000006E
:100D80000000000000000000000000005080002073
:100D9000340000008480002050000000A00C0700F8
:100DA00000000000D4800020440000006083002088
:100DB0000003000028000000010000000000000007
:100DC0006D616C6C6F635F6D7574657800656E76D0
:100DD0005F6D75746578006D61696E005072652095
:100DE0006D61696E20746872656164206E6F742035
:100DF00063726561746564004661696C6564207442
:100E00006F2073746172742052544F530073696E73
:100E1000676C65746F6E5F6D7574657800000000B7
:100E20000D0E07000B000000340701201C0000001D
:100E3000434D5349532D52544F53206572726F7274
:100E40003A20537461636B206F766572666C6F77BE
:100E500000434D5349532D52544F53206572726FC6
:100E6000723A20495352205175657565206F766539
:100E700072666C6F7700434D5349532D52544F5354
:100E8000206572726F723A20557365722054696DD5
:100E900065722043616C6C6261636B20517565758E
:100EA00065206F766572666C6F7700434D534953CA
:100EB0002D52544F53206572726F723A205354442E
:100EC00020432F432B2B206C696272617279206C56
:100ED00069627370616365206E6F74206176616909
:100EE0006C61626C6500434D5349532D52544F530E
:100EF000206572726F723A2053544420432F432B63
:100F00002B206C696272617279206D75746578202E
:100F1000696E697469616C697A6174696F6E206663
:100F200061696C656400434D5349532D52544F53CE
:100F3000206572726F723A20556E6B6E6F776E001D
:100F40004E6F7420616C6C6F77656420696E204908
:100F5000535220636F6E74657874005379737465AF
:100F60006D206973206F7574206F66206D656D6FDD
:100F7000727900506172616D65746572206572727C
:100F80006F72005265736F75726365206E6F7420A7
:100F9000617661696C61626C65004F706572617445
:100FA000696F6E206E6F7420636F6D706C65746511
:100FB000642077697468696E207468652074696D4F
:100FC000656F757420706572696F6400556E73701B
:100FD000656369666965642052544F532065727277
:100FE0006F720000400F07005B0F0700730F0700D0
:100FF000830F07009A0F0700CC0F07002E2F6D629A
:1010000065642D6F732F636D7369732F64657669E3
:1010100063652F72746F732F736F757263652F6DB5
:101020006265645F7274785F69646C652E6370706A
:10103000007469636B735F736C657074203C20721D
:10104000746F733A3A4B65726E656C3A3A776169C0
:10105000745F666F725F7533325F6D6178006672C0
:101060006571203D3D20313030300068616E646C28
:101070006572203D3D202849525148616E646C657F
:10108000725F74294E5649435F47657456656374B1
:101090006F7228697271290002000000880B01201C
:1010A000081014182030343840444C5C5860707874
:1010B000F4ECE8E4DCCCC8C4BCB8B0A0A49C8C843C
:1010C00010001000000000000901000BFFFF0203E8
:1010D000FFFF040D05060700F401FA009600640006
:1010E0004B0032001E001400BD1A3CCDA6B8995822
:1010F00099B740EB7B60FF4A503F10D2E3B3C9740D
:10110000385FC5A3D4F6493F00E69D350E4801037C
:10111000CCDBFDF4AC1191F4EFB9A5F9E9A7832C70
:101120005E2CBE97F2D203B0208BD28915D08E1CD4
:10113000742430ED8FC24563765C15525ABF9A32E3
:10114000636DEB2A65499C80DC0000000000000014
:10115000B154030039550300000000007D55030021
:101160001955030095550300195503004555030013
:1011700000000000000000003F5503003F55030041
:101180005D5503007D550300000000003F5503003E
:101190003F550300795503007D5503000001000011
:1011A0000003010200010302020002030303000323
:1011B00000000000D1570300000000000000000004
:1011C0000000000000000000615803000000000063
:1011D00061580300895803004D58030000000000C7
:1011E00000000000000000000000000000000000FF
:1011F00000000000D55803000000000000000000BF
:10120000000000000000000000000000D5580300AE
:1012100000010000000003010202000102020202BC
:1012200002000303030300000000000099560300BE
:101230005D57030000000000115703000957030029
:10124000115703000000000000000000A557030034
:1012500065570300B55703000000000091570300D5
:1012600091570300B557030000010000030102007D
:10127000030202000303030000000000715A030090
:10128000000000000000000000000000B55A03004C
:1012900000000000B55A030000000000C55A03001A
:1012A000000000000000000000000000BF5A030022
:1012B000000000000000000000000000000000002E
:1012C000BF5A0300000000000001000000030102FB
:1012D00001020302020002030303000300000000F6
:1012E0001D59030000000000000000000000000085
:1012F00000000000455A030000000000000000004C
:10130000255A0300215A03000000000000000000DD
:1013100000000000000000000000000000000000CD
:10132000595A030000000000000000000000000007
:101330000000000000000000595A030000000000F7
:10134000755B0300F95B0300A95B0300000000006C
:10135000B15D0300D95B0300F95B0300D95B0300B7
:1013600000000000055C0300000000000000000019
:10137000FF5B0300FF5B030000000000815D0300D2
:10138000B15D030000000000FF5B0300FF5B030092
:10139000000000009B5D0300B15D0300000100013F
:1013A0000000030102010001030202020002030324
:1013B00003030003B96303000D640300ED6303003E
:1013C000F96303000100010085630300415E03002F
:1013D000735F0300BD5E030000000000000000001A
:1013E000656303001D5F0300595F030000000000F8
:1013F000855F030003620300000000007B5F0300C1
:101400007B5F030000000000D161030000000000CA
:10141000000000007B5F03007B5F03000000000012
:10142000EB61030000000000000100010000030167
:10143000020100010302020200020303030300038E
:1014400000000000496203000000000000000000EE
:1014500000000000056303001563030000000000A6
:10146000000000000D6303000D630300A56303008B
:10147000000000000D6303000D6303000000000086
:101480000001000003010200030202000303030045
:10149000000000001D7C0300017F0300000000002D
:1014A000417D0300E97E0300417D0300617D03006F
:1014B00000000000E97E0300000000005D7E0300E4
:1014C00000000000E97E0300017F0300B57E0300F9
:1014D00000010000030102000302020003030300F5
:1014E0000000000000000000D17F030000000000A9
:1014F0001D7F0300B97F03001D7F03009D71030062
:1015000000000000B97F030000000000357F0300E9
:1015100000000000B97F0300D17F0300357F030086
:1015200000010000030102000302020003030300A4
:101530000403FFFFFFFF070405FFFF030704FFFF8E
:1015400007FFFF0405FFFFFF03FFFF030405000083
:101550004D690300C56803003969030000000000FD
:1015600000000000D1660300E56603004167030048
:101570000000000000000000000000008167030080
:101580000D680300C56703000D680300000000003C
:101590004D6E0300516803004D6E03005168030057
:1015A000316B0300596B0300BD6B03005F6B0300DD
:1015B000BD6B030000000000B96C0300FD6C03006C
:1015C0000000000000000000716F0300816F030045
:1015D000916F03000000000000000000256D030073
:1015E000356D0300756D03006D6D0300756D0300AF
:1015F000D34604000000000000000000494604003B
:1016000000000000000000000000000000000000DA
:101610009F4604003D46040000000000D34604003D
:101620001746040089490400000000000000000083
:1016300000000000000000000000000000000000AA
:101640000000000000000000D94504000000000078
:1016500000000000DF450400F9450400254A0400AD
:1016600000000000E745040000000000000000004A
:1016700000000000D9450400000000000000000048
:10168000DF450400DF45040000000000B14904000C
:10169000000000000000000000000000634604009D
:1016A000020000010000000002010001030001012E
:1016B0000101010101010202020203000003020212
:1016C000020303030303030003030300814A04002E
:1016D000074A04000000000000000000F549040073
:1016E0000000000000000000554A0400D549040035
:1016F00081490400DB490400894904008149040050
:10170000C949040000000000554A0400D5490400FE
:10171000214A04000000000000000000F549040018
:10172000254A04000000000000000000D549040024
:10173000814904000000000000000000814904000D
:1017400000000000B1490400000000000201000098
:101750000300000001010200010101010201020277
:10176000030000020303030303030003354E0400D8
:101770005979030059790300597903005979030015
:101780000000000000000000A94E04005979030089
:10179000597903005979030059790300EF4D04008A
:1017A000754E0400A94E0400CD4E04005979030083
:1017B000597903005979030000000000754E0400B8
:1017C000A94E040059790300AF4E04005979030073
:1017D0005979030000000000754E0400A94E040072
:1017E0005979030059790300474E040059790300E1
:1017F00000000000754E04001F4E040059790300DC
:101800005979030059790300597903000000000059
:1018100000000000A94E0400597903005979030023
:1018200059790300597903000D4E040000000000AF
:10183000A94E04005979030059790300597903002E
:10184000C54D040000000000000000000100000081
:101850000000000101010101020002030202020274
:101860000003030403030300040404050404000646
:101870000505050505050606060606070007070710
:10188000070207070D510400597903005979030035
:101890005979030000000000000000000000000073
:1018A00059790300597903005979030059790300E4
:1018B0000000000000000000CD5104005979030031
:1018C000597903005979030059790300A1510400A3
:1018D0005F51040000000000597903002551040005
:1018E000597903005979030000000000000000004E
:1018F000000000005979030059790300EB500400FF
:101900005979030000000000000000000000000002
:101910005979030059790300597903005979030073
:101920000000000000000000D950040059790300B5
:1019300059790300597903003D7803000000000045
:101940000000000000000000010000000000000195
:101950000101010101020202020203000203040369
:101960000303030304040504040404050505050535
:10197000050606060600060606000000F1540400EF
:1019800000000000DF540400000000000000000020
:10199000015904000159040000000000D95404005A
:1019A00000000000D154040000000000000000000E
:1019B00000000000000000007D5A0400D95404001B
:1019C000F9550400D154040071590400155804005D
:1019D000000000000000000000000000D9540400D6
:1019E00000000000D15404000000000000000000CE
:1019F0000000000000000000AF550400D9540400AE
:101A000000000000D154040000000000155804003C
:101A100000000000000000000000000001000300C2
:101A200000010300010101010101010202040200A1
:101A3000000202020303030303030304040404007B
:101A40000004040453590400000000003D59040040
:101A50000000000000000000015904000000000028
:101A60000D580400000000004F5904000000000061
:101A700000000000000000007D5A04000D58040022
:101A8000155904004F59040071590400B15904005C
:101A900000000000000000000D58040000000000DD
:101AA0000000000071590400000000000000000068
:101AB0000B5B04000D5804001559040000000000E1
:101AC0007159040000000000000000000000000048
:101AD0000D5804000000000000000000000000009D
:101AE0001558040000000000000000000100030081
:101AF00000010001010301010102020503000002CF
:101B0000020303030303030404050404040404059B
:101B1000050505000505100010000000000032005A
:101B2000190011000D000A000500000096C298D8A7
:101B30004539A1F4A033EB2D817D0377F240A463F6
:101B4000E5E6BCF847422CE1F2D1176BF551BF37FF
:101B50006840B6CBCE5E316B5733CE2B169E0F7CD2
:101B60004AEBE78E9B7F1AFEE242E34F4B60D2279F
:101B70003E3CCE3BF6B053CCB0061D65BC86987695
:101B800055BDEBB3E7933AAAD835C65A512563FC45
:101B9000C2CAB9F3849E17A7ADFAE6BCFFFFFFFFE8
:101BA000FFFFFFFF00000000FFFFFFFFFFFFFFFF41
:101BB000FFFFFFFFFFFFFFFF00000000000000002D
:101BC0000000000001000000FFFFFFFF020405907D
:101BD000880002008000200000800000000000FF5C
:101BE000FFEFFF030000000424240A0E061C0A0E67
:101BF000080E100808080A10060806060606060C55
:101C00000C06160E08080A06080E0E0E46260806D2
:101C10000A060A24040A0C16100608040404040424
:101C2000041A08081C08080808080A000000000038
:101C300003F904009BF8040089F40400A5F40400EF
:101C4000DBF4040000000000E3F40400B1F704003A
:101C5000FFF4040011F504008DF7040041F50400C1
:101C600059F504005DF5040061F504005FF7040018
:101C700065F5040071F5040059F7040089F50400C6
:101C800075F904007DF9040085F9040081F8040069
:101C900097F804008DF904003BF704001FF70400D7
:101CA0008FF50400A7F50400ABF5040065F9040006
:101CB000C9F50400CDF50400FFF5040039F6040071
:101CC00001F70400E3F604003DF6040041F60400C9
:101CD00051F604006DF9040071F6040000000000E4
:101CE00075F6040077F6040067F8040027F804008E
:101CF0000000000095F904009BF6040095F604002E
:101D000095F6040095F6040095F6040095F6040097
:101D100095F60400D3F70400AFF60400B3F6040010
:101D200000000000B7F60400BBF60400BFF6040094
:101D3000C3F60400C7F60400CBF604005107050003
:101D40004D0705004D0705004F070500E107050099
:101D5000E10705004D0705004F070500012A03288C
:101D60000229002A00182A2B0118042A0028052A13
:101D7000510A0500050B0500B10C0500CD0D05004D
:101D800000000000B10A0500310C0500310C05000F
:101D9000310C05008D090500310C05008D09050089
:101DA000310C05008D0905002B0B0500810B05008A
:101DB0008D09050000000000000000000000000088
:101DC0008D090500150F05000D100500410F0500D8
:101DD000EB130500410F0500031005005D1405001D
:101DE00003100500410F050005100500000000006C
:101DF0006B18050005100500000000000000000041
:101E000000000000591005006116050029160500A4
:101E100051070500D11D0500211C05005D1D0500B1
:101E2000952005008D1E0500ED220500FD1E050014
:101E3000000305070503050505030305020000016E
:101E4000000F000000131D12101501000001010019
:101E5000E93B050045410500693F0500C13F05001C
:101E600031400500E5400500E13B0500213B050050
:101E7000913B050089430500253B0500953E050083
:101E8000BD3E0500C93E0500F53E05004D3B050081
:101E900075400500393B050055470500054705001D
:101EA000B5470500DD470500ED460500C7480500BC
:101EB000C5480500C9480500194705000548050043
:101EC000F146050065590500714A0500314D0500D0
:101ED000AD490500C5490500F14D0500894E0500D5
:101EE000C54E0500B1490500794C0500F54B0500CC
:101EF000194D0500180028000000D0070000000060
:101F0000014A050010201121655905006759050097
:101F1000D54F050079530500815305000D54050088
:101F20009D530500E95405009D530500C955050062
:101F3000B15505007556050097560500B1560500C8
:101F4000CB560500115705002157050039570500EC
:101F5000515705000110000002200000032200007C
:101F6000000000000100041101000003030200034F
:101F700001000100020000210200002303220023CF
:101F80000200020003000401030003000300000438
:101F9000030503000400040004000004040100041D
:101FA0000400040065590500D55705004558050093
:101FB00065590500675905006759050007030303C4
:101FC00003030204040404040505050505070707C7
:101FD00007060606060606050504040707040704A7
:101FE0000405050404090909020200000B0B0B0794
:101FF000020002000A010B0C0C0D0D0D0D0D0D0D54
:1020000010101004111114141414141412121313B8
:1020100013130700655905006D5A0500675905003F
:10202000E55B0500895C0500A95C0500BD5C050059
:10203000C15C0500D15C0500DD5C05004D5C050060
:10204000B55B05006559050067590500A15B0500F2
:102050008D5B0500455D0500795B05002D6205007F
:10206000D9620500E160050005620500F960050020
:10207000E560050031630500DD630500F9630500D7
:10208000A9630500FD6305001D63050039650500B2
:102090006D650500D56405006559050067590500A3
:1020A00049670500316A0500716A0500996A0500F3
:1020B000B36A0500B96A0500356A0500496A05007A
:1020C000ED6A05005D6A05006D6C0500CD6B0500CD
:1020D000956C0500010100000000000000000008F0
:1020E00002070100030300050204000500080207BF
:1020F00002000002020002000006020002000300CB
:102100000300000503020006000803020007071190
:102110001102110B110811024111026C888391AA5E
:10212000F5A53860370BDB5A6083BE0062746C65BE
:10213000D7710500AB830500BD830500D38305007F
:102140009D720500BF720500C7720500117305007E
:102150003573050085750500A9750500C97505006D
:10216000B1750500BD750500F9750500BD8C05004C
:102170002D8D0500418D05006D8D0500D58D050067
:102180002D8E0500918E0500E18E0500698F0500FA
:102190009B8F0500CD8F0500C98F0500D98F0500E5
:1021A0000D900500399005005B9005000585050040
:1021B0004D8405004985050083850500899005004B
:1021C00005910500479105004D91050051910500CD
:1021D000A19105000992050051920500C5850500F1
:1021E00051860500C986050039870500A9870500C5
:1021F0001D880500739205009D92050008220700C6
:1022000030210700F7220700242307009C23070042
:102210007823070072230700C6230700B8220700AF
:102220004E23070048230700392307003F230700F8
:1022300054230700ED230700A2230700AE23070065
:10224000B4230700A8230700BA230700812307004F
:1022500087230700C4220700D6220700D0220700E8
:10226000CA220700062307000C230700E723070004
:102270006C230700DF220700E522070090230700F8
:1022800096230700EB220700F1220700DE23070058
:10229000122307005D230700A0220700CC230700BC
:1022A00010000B0F250206240A01010C0A0001038D
:1022B000000107240000000013061B140B20151159
:1022C0002800000019142C0000001C172F0000002B
:1022D0001C162E0000001C152D0D24090000000BFB
:1022E0001C050000000B1D060000000B200800006C
:1022F000000B21140000000A000207000203000383
:102300000F25020000001C18300000001C193100CD
:1023100000000823160900020322001D00030D24FB
:102320000900000001010F0A00010300100600115E
:102330000700000F00000000001C091E0000001C28
:102340000A1F0D240900000006081D0000000607F2
:102350001C00000016132B0D240900000006231793
:102360000C23180E000E032300000000041B0400C1
:102370000000040419000000110300121A000000FC
:10238000001C122900000006132A0D240900000079
:10239000061E13000000061F0700000006021200C0
:1023A00000001C0D250000001C1027000000060E78
:1023B00026000000060F240000001A0C231B132B1C
:1023C0000D240900000006051A0000000A0001079C
:1023D00025000325000F250001250D0000000B221C
:1023E000150D2409000000062232000000060B2112
:1023F000170B22040C23000000000000D771050019
:1024000013720500397205005D7205009D720500AA
:10241000BF720500C7720500117305003573050012
:1024200085750500A9750500C9750500B17505001C
:10243000BD750500F9750500BD8C05002D8D0500E5
:10244000418D05006D8D0500D58D05002D8E050093
:10245000918E0500E18E0500698F05009B8F0500B8
:102460006C240700FC230700D4240700EF24070096
:102470001F25070025250700BC240700C2240700EC
:102480001325070019250700C8240700CE240700DC
:102490003D250700E324070004250700A4240700C6
:1024A0002B25070010000B0F0D02060C0A01010C72
:1024B0000A0001030001070C000000000B040500E6
:1024C00000000B05060000000B08080000000B09C7
:1024D000140000000A00020700020300030F0D02AF
:1024E000000000080B16090002030A0000000001AA
:1024F000010F0A00010300100600110700000F0081
:1025000000000000060B170C0B180E000E030B004A
:102510000000000606130000000607070000000682
:1025200002120000000403040000000A0001070D6D
:1025300000030D000F0D00010D0D0000000B0A152A
:102540000D0C090000000000D7710500AB830500E9
:10255000BD8305008D760500D3830500FD9605003B
:1025600075720500A99605009D720500BF720500F1
:10257000C7720500117305003573050085750500E8
:10258000F9750500C9750500B1750500BD75050033
:10259000A975050079930500A19305001594050020
:1025A000B594050015970500559705005B97050044
:1025B0007B9705004D84050049850500838505004E
:1025C0009D970500F197050007980500AD97050058
:1025D0001D980500219805005F980500C398050027
:1025E000CD980500459905008F990500A59905002E
:1025F000BD99050051860500C9860500398705008B
:10260000A98705001D880500E9990500D7940500F4
:10261000F99405005D950500359605007D96050049
:10262000C995050030260700482507003027070018
:102630005D270700D0260700EB260700AE2707001E
:10264000FC270700A82707000927070078270700AD
:102650007E270700722707008427070090270700BE
:10266000C3270700D2270700F6270700D82707004F
:10267000E4270700DE270700EA270700B72707003F
:10268000BD2707001D28070015270700272707007B
:10269000212707001B2707003F27070045270700C2
:1026A000442807004D280700262807002C2807008B
:1026B0003E280700322807003828070014280700A2
:1026C0004B27070099270700F1260700022807007B
:1026D0000A000106021407000203000108000109B4
:1026E00000010F01031F000100000002031500009C
:1026F0000010000F0F27020626120500100A000125
:10270000030001072600000000130717140C1B1517
:10271000142500000019172B0000001C1A2E0000C1
:10272000001C192D0000001C182C0D260D000000A7
:102730000A00020700020300040F27020000001C29
:102740001B2F0000001C2430000000082534090065
:10275000020324001D00040D260D000000050113D6
:102760000A00010602140700000300010F00000028
:1027700000001C0A1A0000001C08180000000609CE
:1027800019000000161529060B280D260D00000063
:1027900016162A0D260D0000000625350C25360ECE
:1027A000000E0325000000000404070000001105CE
:1027B00000121C000000001C152700000006132654
:1027C000000000060C1C1E0D1E170C1D040E070039
:1027D0000000040F200000001C10220000001C124A
:1027E000240000000611230000001A0E001B15290A
:1027F0000D260D000000060F1F0000000606050054
:1028000000000A00010727000327000F2700052703
:10281000110000000B24330D260D00000006162ABF
:102820000D260D0000000B1F090000000B200A0000
:1028300000000B220C0000000B23320000000621D8
:102840000B000000041D06061D16000000041E08F3
:10285000061E310000000000D7710500137205004C
:10286000397205008D7605005D72050075720500F0
:102870009D720500BF720500C77205001173050047
:102880003573050085750500A9750500C975050036
:10289000B1750500BD750500F97505007993050052
:1028A000A193050015940500B5940500D794050083
:1028B000F99405005D95050035960500C99505005C
:1028C0007D960500D0280700582807005D290700DD
:1028D000782907000C29070027290700A2290700EB
:1028E000AB290700452907004B2907009C29070051
:1028F0005129070057290700C62907006C2907003E
:102900008D2907002D290700B42907000A000106B8
:1029100002120700020300010800010900010F0173
:10292000031F000100000002031300000010000D4F
:102930000F0E02060D0C05000E0A00010300010730
:102940000D000000000B06070000000B0708000048
:10295000000B090A0000000B0A160000000A000222
:102960000700020300040F0E02000000080C180903
:102970000002030B000000000501110A000106021D
:10298000120700000300010F00000000000C0C19EA
:10299000060C1A0E0010030C0000000006080900C7
:1029A00000000404050604140000000405060605E2
:1029B000150000000A0001070E00030E000F0E00B4
:1029C000050E0F0000000B0B170D0D0B0000000093
:1029D00000000000000000000000000000000000F7
:1029E00000000000963007772C610EEEBA5109996D
:1029F00019C46D078FF46A7035A563E9A395649EC9
:102A00003288DB0EA4B8DC791EE9D5E088D9D297EC
:102A10002B4CB609BD7CB17E072DB8E7911DBF9048
:102A20006410B71DF220B06A4871B9F3DE41BE846C
:102A30007DD4DA1AEBE4DD6D51B5D4F4C785D383C8
:102A400056986C13C0A86B647AF962FDECC9658A6C
:102A50004F5C0114D96C0663633D0FFAF50D088DC8
:102A6000C8206E3B5E10694CE44160D5727167A26C
:102A7000D1E4033C47D4044BFD850DD26BB50AA5C8
:102A8000FAA8B5356C98B242D6C9BBDB40F9BCACEC
:102A9000E36CD832755CDF45CF0DD6DC593DD1AB48
:102AA000AC30D9263A00DE518051D7C81661D0BF6C
:102AB000B5F4B42123C4B3569995BACF0FA5BDB8C8
:102AC0009EB802280888055FB2D90CC624E90BB16C
:102AD000877C6F2F114C6858AB1D61C13D2D66B6C8
:102AE0009041DC760671DB01BC20D2982A10D5EF2C
:102AF0008985B1711FB5B606A5E4BF9F33D4B8E888
:102B0000A2C9077834F9000F8EA8099618980EE12B
:102B1000BB0D6A7F2D3D6D08976C6491015C63E687
:102B2000F4516B6B62616C1CD83065854E0062F2AB
:102B3000ED95066C7BA5011BC1F4088257C40FF507
:102B4000C6D9B06550E9B712EAB8BE8B7C88B9FC2B
:102B5000DF1DDD62492DDA15F37CD38C654CD4FB87
:102B60005861B24DCE51B53A7400BCA3E230BBD42B
:102B700041A5DF4AD795D83D6DC4D1A4FBF4D6D387
:102B80006AE96943FCD96E34468867ADD0B860DA2B
:102B9000732D0444E51D03335F4C0AAAC97C0DDD87
:102BA0003C710550AA41022710100BBE86200CC9AB
:102BB00025B56857B3856F2009D466B99FE461CE07
:102BC0000EF9DE5E98C9D9292298D0B0B4A8D7C72B
:102BD000173DB359810DB42E3B5CBDB7AD6CBAC087
:102BE0002083B8EDB6B3BF9A0CE2B6039AD2B174A3
:102BF0003947D5EAAF77D29D1526DB048316DC73FF
:102C0000120B63E3843B64943E6A6D0DA85A6A7AA2
:102C10000BCF0EE49DFF099327AE000AB19E077DFE
:102C200044930FF0D2A3088768F2011EFEC2066922
:102C30005D5762F7CB67658071366C19E7066B6E7E
:102C4000761BD4FEE02BD3895A7ADA10CC4ADD67A2
:102C50006FDFB9F9F9EFBE8E43BEB717D58EB060FE
:102C6000E8A3D6D67E93D1A1C4C2D83852F2DF4FA2
:102C7000F167BBD16757BCA6DD06B53F4B36B248FE
:102C8000DA2B0DD84C1B0AAFF64A0336607A0441A2
:102C9000C3EF60DF55DF67A8EF8E6E3179BE6946FE
:102CA0008CB361CB1A8366BCA0D26F2536E2685222
:102CB00095770CCC03470BBBB91602222F2605557E
:102CC000BE3BBAC5280BBDB2925AB42B046AB35CA2
:102CD000A7FFD7C231CFD0B58B9ED92C1DAEDE5BFE
:102CE000B0C2649B26F263EC9CA36A750A936D02E2
:102CF000A906099C3F360EEB85670772135700053E
:102D0000824ABF95147AB8E2AE2BB17B381BB60C61
:102D10009B8ED2920DBED5E5B7EFDC7C21DFDB0BBD
:102D2000D4D2D38642E2D4F1F8B3DD686E83DA1FE1
:102D3000CD16BE815B26B9F6E177B06F7747B7183D
:102D4000E65A0888706A0FFFCA3B06665C0B0111E1
:102D5000FF9E658F69AE62F8D3FF6B6145CF6C163D
:102D600078E20AA0EED20DD75483044EC2B30339E1
:102D7000612667A7F71660D04D476949DB776E3E3D
:102D80004A6AD1AEDC5AD6D9660BDF40F03BD83761
:102D900053AEBCA9C59EBBDE7FCFB247E9FFB530BD
:102DA0001CF2BDBD8AC2BACA3093B353A6A3B424E1
:102DB0000536D0BA9306D7CD2957DE54BF67D9233D
:102DC0002E7A66B3B84A61C4021B685D942B6F2AE1
:102DD00037BE0BB4A18E0CC31BDF055A8DEF022D3D
:102DE0006261642068616E646C6520746F20756E2A
:102DF0006465726C79696E67207472616E73706F4E
:102E00007274002E2F6D6265642D6F732F636F6E69
:102E10006E65637469766974792F464541545552DD
:102E2000455F424C452F736F757263652F636F72F8
:102E300064696F2F6472697665722F436F7264697B
:102E40006F4843494472697665722E6370700065FD
:102E50007272203D3D20424C455F4552524F525FB9
:102E60004E4F4E45005F746573745F656E645F68B6
:102E7000616E646C657200000000000000000000DC
:102E80000000000000000000C1FB02002BA10500B3
:102E9000C1A1050021A1050025A1050027A105006C
:102EA000C1FB0200C1FB02002E2F6D6265642D6F15
:102EB000732F636F6E6E65637469766974792F46DC
:102EC0004541545552455F424C452F736F757263AF
:102ED000652F636F7264696F2F6472697665722FF4
:102EE000436F7264696F4843495472616E73706FC7
:102EF00072744472697665722E637070002E2F6D45
:102F00006265642D6F732F636F6E6E65637469768F
:102F10006974792F464541545552455F424C452FBF
:102F2000736F757263652F636F7264696F2F736F50
:102F3000757263652F50616C4576656E7451756569
:102F40007565496D706C2E68006576656E745F629C
:102F5000756620213D206E756C6C707472002E2F8A
:102F60006D6265642D6F732F636F6E6E6563746938
:102F7000766974792F464541545552455F424C4518
:102F80002F736F757263652F636F7264696F2F7330
:102F90006F757263652F424C45496E7374616E6341
:102FA0006542617365496D706C2E637070005F6877
:102FB00063695F64726976657220213D206E756C6D
:102FC0006C70747200546F6F206D756368206D654E
:102FD0006D6F727920616C6C6F63617465642066DB
:102FE0006F7220436F7264696F206D656D6F7279C7
:102FF00020706F6F6C2C207265647563652062753C
:10300000665F706F6F6C5F646573632E6275666672
:1030100065725F73697A652062792076616C756587
:103020002062656C6F772E002E2F6D6265642D6FA8
:10303000732F706C6174666F726D2F696E636C753F
:1030400064652F706C6174666F726D2F43616C6C78
:103050006261636B2E6800626F6F6C282A74686906
:10306000732900000000000000000000D5A4050046
:10307000D7A40500D9A40500DBA40500DDA4050044
:10308000DFA40500E1A40500E3A40500E5A4050014
:10309000E7A40500E9A40500EBA40500EDA40500E4
:1030A00000000000000000001BA5050061A5050050
:1030B000000000000000000015A70500BFA60500E5
:1030C00000000000000000007DAE05000DA5050019
:1030D000F5AC0500EFA40500A1A90500F9A40500C1
:1030E0006DA90500E9A9050059A605008DA60500F2
:1030F00089A8050095AF050001A50500D9A6050022
:1031000001A70500000000000000000001AC050060
:1031100067656E657269632D636F7264696F002EF7
:103120002F6D6265642D6F732F636F6E6E656374B0
:1031300069766974792F464541545552455F424C32
:10314000452F736F757263652F636F7264696F2F9C
:10315000736F757263652F4761747453657276651A
:1031600072496D706C2E637070006C656E202B2040
:103170006F6666736574203C3D2070417474722DD7
:103180003E6D61784C656E006765745F76616C7545
:10319000655F68616E646C655F62795F63636364D9
:1031A0005F68616E646C65286174747269627574BD
:1031B0006548616E646C652C206368617248616E5D
:1031C000646C6529000000000000000000000000A1
:1031D00051B4050065B405000000000000000000C7
:1031E000A1A50500B9A50500000000000000000031
:1031F00075A505008DA50500000000000000000079
:1032000011B4050025B40500FFFFFFFF0000FFFF1C
:1032100000000000000000001DB005002E2F6D62B0
:1032200065642D6F732F706C6174666F726D2F699A
:103230006E636C7564652F706C6174666F726D2F50
:103240005370616E2E6800636F756E74203E3D2072
:10325000300070747220213D204E554C4C207C7CF7
:1032600020636F756E74203D3D203000000000002B
:103270000000000073BA0500F3BB050029BA050081
:103280002BBC0500000000000000000071BA050022
:1032900001BC050033BA050039BA05000000000082
:1032A000000000006FBA05000FBC050055BA05000C
:1032B000DFBE050000000000000000006DBA050040
:1032C0001DBC05005FBA0500BDBE05000000000082
:1032D0000000000069BA050069BA050075BA05006A
:1032E0008DBA05009DBA0500B9BA0500E1BA05001E
:1032F0000DBB05001DBB050031BB050045BB05002E
:1033000071BB050087BB05009DBB0500BFBB050069
:10331000E3BB0500F9BC0500DDBC0500FDBD0500F3
:1033200071BD050089C1050041C10500EDC0050062
:10333000ADC005006DC005002DC00500D9BF05005A
:10334000A5BD05008BBF0500CBBD050045BF050031
:10335000FFBE050000000000000000002DC20500B7
:10336000DBC40500EDC10500F1C10500000000004F
:1033700000000000BBC60500BBC605001BC705005A
:103380000BC205004DC20500E9C405008DCC050047
:10339000E9CC0500F7C4050063C205001FC50500A0
:1033A0006BC505007BC2050045C5050085CA050043
:1033B0000BCB05007FC5050093C5050019C20500AC
:1033C0001DC2050097C50500A7C50500B3C50500CA
:1033D000D1C2050043C7050033C6050005C305007B
:1033E000BDC5050021C20500F5C5050001C60500E3
:1033F00013C6050025C605002FC6050043C30500FA
:103400008BC7050095C20500B3C30500B7C305000F
:10341000C1C30500D9C30500F1C305003FC40500C1
:103420007BC40500C1C205002FC205008BC4050086
:103430005DC60500B7C4050091C6050025C205009C
:1034400029C2050079D10500A9C805004BC90500AE
:103450007FC90500BFC9050007C2050000000000C4
:1034600000000000E1D10500FFD105002E2F6D62A4
:1034700065642D6F732F636F6E6E65637469766913
:1034800074792F464541545552455F424C452F7340
:103490006F757263652F636F7264696F2F736F75D9
:1034A0007263652F50616C50726976617465416416
:1034B0006472657373436F6E74726F6C6C6572497E
:1034C0006D706C2E637070006D73670000000000FB
:1034D000000000001DD2050015D2050027D205000E
:1034E00021D3050043D205005DD205006BD2050053
:1034F00077D205008FD2050093D20500EDD20500EA
:103500000DD30500CBD2050019D205002E2F6D6218
:1035100065642D6F732F636F6E6E65637469766972
:1035200074792F464541545552455F424C452F739F
:103530006F757263652F636F7264696F2F736F7538
:103540007263652F50616C53656375726974794D50
:10355000616E61676572496D706C2E6370700000FA
:10356000000000000000000009D4050017DB050082
:1035700021DB0500F3D5050015D6050037D605007B
:10358000B3D30500D1D3050021D40500B9D305007C
:10359000E1D3050031D4050079D4050041D40500FC
:1035A000BDD30500D1D40500BDD40500F3D405007A
:1035B00013D5050023D5050055D50500C5D5050053
:1035C00047D60500C1D3050055D60500B9D605007C
:1035D0006DD605007DD605008DD605009DD605006B
:1035E00001D4050005D40500030400022E2F6D62EE
:1035F00065642D6F732F636F6E6E65637469766992
:1036000074792F464541545552455F424C452F73BE
:103610006F757263652F67656E657269632F4761A9
:1036200070496D706C2E637070005F7363616E5FC4
:103630007374617465203D3D205363616E53746102
:1036400074653A3A70656E64696E675F7363616E44
:10365000004576656E742068616E646C65722072D8
:103660006571756972656420696620636F6E6E6549
:103670006374696F6E20706172616D732061726531
:1036800020757365722068616E646C65640000006B
:103690000000000000000000732F06000000000082
:1036A00000000000A9E90500BDE90500E1DF050013
:1036B0006DD2020061D10200FFDF05006DD2020071
:1036C00061D10200131512101B0000000000000061
:1036D000000000008DDE0500B1DE05008DDE050076
:1036E000BFF20500C9DE050061F3050015DF050026
:1036F00099E2050029ED050077DF05009BDF050055
:1037000097ED050089EF050015F105002DDF050097
:1037100043E40500A1E40500F7F0050005F105000C
:10372000F8FFFFFF00000000FDF005000BF10500B1
:103730004DE005006DD2020061D1020083EF05006B
:103740006DD2020061D1020013EE05006DD20200BD
:1037500061D102000DEE05006DD2020061D10200C0
:103760007DEF05006DD2020061D102005FDF050030
:103770006DD2020061D1020049DF05006DD2020066
:1037800061D10200F3E205006DD2020061D10200B6
:103790000000000000000000CDA50500E5A5050023
:1037A0000000000000000000F9A5050045A6050086
:1037B000D1F305006DD2020061D10200EDF30500E6
:1037C0006DD2020061D10200000000000000000084
:1037D000AFF30500B3F3050047F60500FCFFFFFF5C
:1037E00000000000BFF305006DF6050000000000BA
:1037F00000000000C1F60500C3F6050093F60500C1
:10380000000000000000000075F60500E7F7050065
:103810002E2F6D6265642D6F732F636F6E6E6563FF
:103820007469766974792F464541545552455F4213
:103830004C452F736F757263652F67656E6572698E
:10384000632F53656375726974794D616E61676545
:1038500072496D706C2E637070005F6462000000CE
:103860002FF905006DD2020061D1020049F905006F
:103870006DD2020061D1020063F905006DD2020031
:1038800061D1020000000000000000009703060064
:1038900031FE050057FA050079FE0500A5F8050080
:1038A000F10806006D020600A7F8050071FA050090
:1038B000EDFA0500B5FA0500CFFA050091040600FF
:1038C000F9030600B3F8050049FB0500B5FB050048
:1038D0000DFC05004DFC050095FC0500D5FC050020
:1038E000EDFD05001DFD05007D090600F909060036
:1038F00009FB05000B020600E1F8050021050600A2
:1039000079000600FCFFFFFF00000000E90506004B
:10391000C1000600F8FFFFFF0000000041FB0500AA
:103920006502060011F90500410B06006DD2020088
:1039300061D102005D0B06006DD2020061D1020070
:103940000000000000000000F50A0600F50A06006D
:10395000550A06005D0A0600BB0B0600FD0A0600BC
:10396000EB0B0600110C0600650A0600730A060040
:103970007B0A06008F0A06009F0A0600A70A0600B7
:10398000B70A0600C70A0600D70A0600ED0A0600B5
:103990009F0B0600830B06004D0A0600510A060025
:1039A0002E2F6D6265642D6F732F636F6E6E65636E
:1039B0007469766974792F647269766572732F629F
:1039C0006C652F464541545552455F424C452F5436
:1039D00041524745545F4E4F524449432F54415240
:1039E0004745545F4E4F524449435F434F52444909
:1039F0004F2F5441524745545F4E524635782F4E13
:103A00005246436F7264696F4843494472697665F0
:103A1000722E6370700028616464726573735B3525
:103A20005D2026203078433029203D3D20307843EA
:103A300030005F737461636B5F62756666657220E8
:103A4000213D204E554C4C0014009600E803F40133
:103A5000FFFFFFFF5F0003230900000000000000DC
:103A600003040002400000000000040000020504FE
:103A70000400000100000000000000000000000041
:103A800000001027010101010000000000000000FB
:103A9000290E0600A90E0600C50C0600E30C060060
:103AA000C1A10500F90C060025A1050027A105000C
:103AB000290D0600E10C060010001800200014007B
:103AC0004000080080000800140108000000000009
:103AD00000000000690F06006D0F06006B0F060066
:103AE0006B0F06007B0F06002E2F6D6265642D6F35
:103AF000732F706C6174666F726D2F696E636C7575
:103B000064652F706C6174666F726D2F53696E6798
:103B10006C65746F6E5074722E680070203D3D208D
:103B20007265696E746572707265745F63617374D7
:103B30003C54202A3E28265F6461746129002E2FA0
:103B40006D6265642D6F732F746172676574732F76
:103B50005441524745545F4E4F524449432F5441BC
:103B6000524745545F4E524635782F6770696F5FF4
:103B70006F626A6563742E68000000000000000038
:103B800000000000EB290600FB29060021280600A2
:103B9000412806002E2F6D6265642D6F732F6472AD
:103BA00069766572732F736F757263652F536572D3
:103BB00069616C426173652E637070005F7374613C
:103BC0007469635F70696E6D6170203D3D204E5574
:103BD0004C4C00000000000000000000E32A06003A
:103BE000E32A0600A12D0600152E060000000000A5
:103BF00000000000732F060000000000000000001D
:103C00009D30060000000000000000009D3006000E
:103C10000000000000000000C1FB020000000000E6
:103C200000000000E32A0600E32A06003133060004
:103C30004D33060069330600B5330600B132060085
:103C4000BD320600C9320600D13206000B33060031
:103C50001D330600D932060004FFFFFF00000000FC
:103C60004533060063330600DB330600AD33060040
:103C7000B7320600D5320600AD320600CD3206005E
:103C8000452706004F270600C3320600BFF7020093
:103C9000C5F70200D1F702001533060027330600EE
:103CA00003330600E5F702002E2F6D6265642D6F69
:103CB000732F647269766572732F7573622F736FD9
:103CC000757263652F4173796E634F702E637070E8
:103CD000005F6C697374203D3D204E554C4C005F75
:103CE00077616974203D3D204E554C4C000000002A
:103CF00000000000000000000000000000000000C4
:103D0000C1FB0200313406002E2F6D6265642D6FF9
:103D1000732F647269766572732F7573622F736F78
:103D2000757263652F5553424465766963652E63EA
:103D30007070005F6C6F636B6564203E20300054D0
:103D4000686520656E64706F696E74206973206E9B
:103D50006F7420696E64657861626C652E005F74B3
:103D600072616E736665722E757365725F63616CE6
:103D70006C6261636B203D3D2052657175657374A3
:103D800058666572446F6E650044657669636520A8
:103D900073746174652069732022506F7765726552
:103DA0006422206F72202244657461636865642216
:103DB0000054686520737461636B206973207761B8
:103DC0006974696E67206F6E20612075736572205B
:103DD00063616C6C6261636B20666F7220746865EE
:103DE0002062756666657220746F2066696C6C204F
:103DF0006F72207374617475732E005F7472616EDC
:103E0000736665722E757365725F63616C6C626157
:103E1000636B203D3D20536574436F6E6669677523
:103E2000726174696F6E005F7472616E7366657241
:103E30002E757365725F63616C6C6261636B203DAC
:103E40003D20536574496E74657266616365005FF9
:103E50007472616E736665722E757365725F6361ED
:103E60006C6C6261636B203D3D20526571756573BA
:103E700074002128696E666F2D3E666C6167732041
:103E80002620454E44504F494E545F454E41424CCA
:103E9000454429006D61785F7061636B65745F7381
:103EA000697A65203C3D20313032340021636F6EE9
:103EB00066696775726564282900546865207369AE
:103EC0007A65206F6620746865206461746120746F
:103ED0006F2072656164206973206C657373207450
:103EE00068616E20746865206D6178207061636B15
:103EF00065742073697A6520666F722074686973CF
:103F000020656E64706F696E742E0054686520655C
:103F10006E64706F696E74206973206E6F742069AF
:103F20006E64657861626C650053697A65206265CC
:103F3000696E67207772697474656E206973207486
:103F40006F6F206C617267652E00215F696E697406
:103F500069616C697A65640000000000000000007F
:103F60000000000000000000BF490600A13E06005E
:103F7000A53B0600953C0600A54A0600A5370600AD
:103F8000A737060001390600013906003D38060052
:103F9000AD370600C1FB02000D38060015380600DB
:103FA000353806001D380600253806002D38060075
:103FB000C1EA0200C5EA0200C7EA0200A337060010
:103FC000C1FB0200C1FB0200C1FB0200C1FB0200F9
:103FD000C1FB0200D53806005D380600B538060082
:103FE00004030904160330003100320033003400AA
:103FF00035003600370038003900160355005300ED
:10400000420020004400450056004900430045009E
:10401000080355005300420012036D006200650062
:1040200064002E006F00720067000603300031004C
:10403000384007006064012075BF06007DBF0600A0
:10404000BDBF0600CDBF060089BF060095BF0600B4
:1040500079BF06006DBF0600010000002E2F6D62C3
:1040600065642D6F732F68616C2F736F7572636554
:104070002F6D6265645F7469636B65725F617069FF
:104080002E63006D617463685F7469636B20213D0A
:104090002071756575652D3E7469636B5F6C617326
:1040A000745F72656164005469636B657220667247
:1040B000657175656E6379206973207A65726F002A
:1040C0005469636B6572206E756D626572206F66F0
:1040D000206269742069732067726561746572205B
:1040E0007468616E203332206F72206C65737320A8
:1040F0007468616E203420626974730004410700A3
:10410000A064012069500600598C0600B58C060099
:10411000C58C0600698C0600A58C06005950060067
:10412000B58B06000000000064656661756C740064
:104130000000000000000000255106008951060023
:10414000000000000000000000000000000000006F
:10415000C1FB0200C1FB0200C1FB0200C1FB020067
:10416000AD32060011520600452706004F27060013
:1041700015520600BFF70200C5F70200D1F7020092
:10418000D5F70200DBF70200E1F70200E5F70200D5
:104190002F002E2F6D6265642D6F732F706C61740C
:1041A000666F726D2F736F757263652F46696C65EC
:1041B000506174682E637070006C656E20213D2024
:1041C0003000772B0053747265616D206F626A2036
:1041D0006661696C757265000000000000000000F7
:1041E0000000000000000000C1FB0200C1FB020053
:1041F000C1FB0200C1FB0200AD32060011520600F5
:10420000452706004F27060015520600BFF702009B
:10421000C5F70200D1F70200D5F70200DBF7020074
:10422000E1F70200E5F70200FCFFFFFF00000000DD
:10423000000000000000000000000000000000007E
:10424000000000000000000023530600F3520600A7
:1042500055530600EF520600EF520600EF520600DB
:10426000EF52060059530600EF520600BFF7020056
:10427000C5F70200D1F70200D5F70200DBF7020014
:10428000E1F70200E5F70200C1FB0200C1FB0200FA
:10429000E7F70200E9F70200FCFFFFFF0000000063
:1042A00000000000000000002E2F6D6265642D6F7D
:1042B000732F706C6174666F726D2F736F7572639C
:1042C000652F53797354696D65722E637070002188
:1042D0005F7469636B696E6700215F7469636B6902
:1042E0006E6720262620215F77616B655F74696D9C
:1042F000655F7365740000000000000000000000AE
:10430000495606000A52252D34643A202530386C6F
:1043100058000A53502020203A202530386C580A83
:104320004C522020203A202530386C580A50432027
:1043300020203A202530386C580A78505352203AC1
:10434000202530386C580A50535020203A20253010
:10435000386C580A4D535020203A202530386C587C
:10436000000A43505549443A202530386C58000A19
:1043700048465352203A202530386C580A4D4D4655
:1043800053523A202530386C580A42465352203A4C
:10439000202530386C580A55465352203A20253093
:1043A000386C580A44465352203A202530386C580D
:1043B0000A41465352203A202530386C58000A4DA5
:1043C0004D4641523A202530386C58000A42464149
:1043D00052203A202530386C58000A4D6F64652011
:1043E0003A20546872656164000A50726976203A16
:1043F0002055736572000A50726976203A20507217
:104400006976696C65676564000A4D6F6465203A7A
:104410002048616E646C6572000A537461636B3A84
:1044200020505350000A537461636B3A204D53502F
:10443000000A2B2B204D6265644F53204661756C3A
:10444000742048616E646C6572202B2B0A0A4661E9
:10445000756C74547970653A20004D656D4D616ED0
:104460006167654661756C74004275734661756C71
:10447000740055736167654661756C7400486172BC
:10448000644661756C74000A0A436F6E74657874D3
:104490003A000A0A2D2D204D6265644F5320466173
:1044A000756C742048616E646C6572202D2D0A0A4B
:1044B000004661756C7420657863657074696F6E11
:1044C000002E2E2E0A002E2F6D6265642D6F732F25
:1044D000706C6174666F726D2F736F757263652F88
:1044E0006D6265645F637269746963616C2E6300F9
:1044F000637269746963616C5F73656374696F6E1D
:104500005F7265656E7472616E63795F636F756EFD
:10451000746572203C2055494E5433325F4D4158EA
:10452000003C756E6E616D65643E00203C68616E96
:10453000646C65723E000A0A2B2B204D6265644F45
:1045400053204572726F7220496E666F202B2B0AC2
:104550004572726F72205374617475733A203078AB
:10456000255820436F64653A202564204D6F64759B
:104570006C653A2025640A4572726F72204D65732E
:10458000736167653A20004B65726E656C204572F9
:10459000726F723A203078256C582C200054687263
:1045A0006561643A203078256C582C20004D757474
:1045B00065783A203078256C582C200053656D6161
:1045C00070686F72653A203078256C582C20004D49
:1045D000656D6F7279506F6F6C3A203078256C582A
:1045E0002C20004576656E74466C6167733A203006
:1045F00078256C582C200054696D65723A2030780B
:10460000256C582C20004D65737361676551756585
:1046100075653A203078256C582C200041737365FD
:104620007274696F6E206661696C65643A20000A75
:104630004C6F636174696F6E3A203078256C580056
:104640000A46696C653A20002B2564000A4572729F
:104650006F722056616C75653A203078256C580071
:104660000A43757272656E74205468726561643AAB
:1046700020257325732049643A203078256C582012
:10468000456E7472793A203078256C5820537461E5
:10469000636B53697A653A203078256C58205374DF
:1046A00061636B4D656D3A203078256C582053500E
:1046B0003A203078256C5820000A466F72206D6FC2
:1046C000726520696E666F2C2076697369743A2072
:1046D00068747470733A2F2F6D6265642E636F6D0A
:1046E0002F732F6572726F723F6572726F723D30F9
:1046F0007825303858266F737665723D256C6426B0
:10470000636F72653D30782530386C5826636F6D65
:10471000703D2564267665723D256C752674677438
:104720003D41524455494E4F5F4E414E4F33334207
:104730004C45000A2D2D204D6265644F5320457273
:10474000726F7220496E666F202D2D0A00446565D8
:1047500070536C6565704C6F636B206F7665726625
:104760006C6F7720283E2030784646464629004424
:10477000656570536C6565704C6F636B20756E6416
:104780006572666C6F7720283C203029002E2F6DD3
:104790006265642D6F732F706C6174666F726D2F1C
:1047A000736F757263652F6D6265645F72657461A6
:1047B000726765742E63707000286775617264207B
:1047C00026204358415F47554152445F4D41534B6A
:1047D00029203D3D20300028677561726420262025
:1047E0004358415F47554152445F4D41534B292047
:1047F0003D3D204358415F47554152445F494E4932
:10480000545F494E5F50524F4752455353004572D3
:10481000726F72202D2077726974696E6720746FD1
:1048200020612066696C6520696E20616E204953A5
:1048300052206F7220637269746963616C207365C2
:104840006374696F6E0D0A000D004572726F7220FD
:104850002D2072656164696E672066726F6D2061DC
:104860002066696C6520696E20616E204953522074
:104870006F7220637269746963616C20736563741D
:10488000696F6E0D0A004F70657261746F72206EF1
:104890006577206F7574206F66206D656D6F727916
:1048A0000D0A00000000000000000000D1600600BA
:1048B0004D61060059610600F9600600BD60060002
:1048C000CD600600AD320600C9600600452706002F
:1048D0004F270600C3600600BFF70200C5F70200BD
:1048E000D1F70200D5F70200DBF702001D610600D8
:1048F000E5F70200000000002300000000000000B7
:104900002A00000000000000010000002F73746402
:10491000657272002F737464696E002F7374646F14
:104920007574002E2F6D6265642D6F732F706C612E
:1049300074666F726D2F736F757263652F6D62652C
:10494000645F73746174732E630073746174732095
:10495000213D204E554C4C002E2F6D6265642D6F0D
:10496000732F72746F732F736F757263652F457633
:10497000656E74466C6167732E637070005F696466
:10498000006170706C69636174696F6E5F756E6EE3
:10499000616D65645F6576656E745F666C61677393
:1049A000006170706C69636174696F6E5F756E6EC3
:1049B000616D65645F6D75746578002E2F6D62653D
:1049C000642D6F732F72746F732F736F75726365BD
:1049D0002F4D757465782E637070005F6964207C5C
:1049E0007C206D6265645F6765745F6572726F726B
:1049F0005F696E5F70726F67726573732829004D0F
:104A000075746578206C6F636B206661696C656492
:104A1000004D7574657820756E6C6F636B206661F0
:104A2000696C6564002E2F6D6265642D6F732F7243
:104A3000746F732F736F757263652F53656D61703B
:104A4000686F72652E637070005F696420213D207D
:104A50006E756C6C7074720053656D6170686F7206
:104A6000652061637175697265206661696C656452
:104A7000002E2F6D6265642D6F732F72746F732F0C
:104A8000736F757263652F546869735468726561DA
:104A9000642E6370700028666C616773203D3D2052
:104AA0006F73466C6167734572726F7254696D659E
:104AB0006F75742026262072656C5F74696D6520A1
:104AC000213D20776169745F666F725F7533325F75
:104AD000666F726576657229207C7C2028666C6121
:104AE0006773203D3D206F73466C6167734572723A
:104AF0006F725265736F757263652026262072652A
:104B00006C5F74696D65203D3D2072656C5F7469F2
:104B10006D652E7A65726F2829290073746174752A
:104B200073203D3D206F734F4B006170706C696363
:104B30006174696F6E5F756E6E616D65645F7468D8
:104B400072656164000000000000000000000000C9
:104B5000E16C06001D6D0600FFFF0000FFFFFFFF78
:104B6000FFFF0000FFFFFFFF2E2F6D6265642D6FBA
:104B7000732F746172676574732F544152474554A3
:104B80005F4E4F524449432F5441524745545F4E64
:104B9000524635782F5441524745545F4E52463560
:104BA000322F5441524745545F4D43555F4E524654
:104BB00035323834302F5553425068795F4E6F721A
:104BC0006469632E63707000726574203D3D204EF1
:104BD00052465F53554343455353000000000000C5
:104BE000000000006D6D06009D6D06002D6F060033
:104BF000BD6E06006F6D0600F96E0600AB6D060017
:104C0000856D0600CB6D0600876D06008D6D060074
:104C1000936D0600856D0600956D06008D72060089
:104C2000B7720600CD6F0600396E0600517006009F
:104C3000456E0600496E0600696E0600876E060026
:104C40008D6E0600CF6D06003F6E0600FF6D0600FC
:104C5000B56E060075710600000600003100000008
:104C60003C0000003C0000003C0000003C00000054
:104C70003C0000003C0000003C000000320000004E
:104C80003000000030000000300000003000000064
:104C900030000000300000003000000039730600D2
:104CA0002E2F6D6265642D6F732F7461726765744A
:104CB000732F5441524745545F4E4F524449432F3E
:104CC0005441524745545F4E524635782F54415215
:104CD0004745545F4E524635322F6770696F5F61AA
:104CE00070692E63002875696E7433325F742970A1
:104CF000696E203C204750494F5F50494E5F434FFB
:104D0000554E54002E2F6D6265642D6F732F7461A4
:104D100072676574732F5441524745545F4E4F522A
:104D20004449432F5441524745545F4E52463578CB
:104D30002F5441524745545F4E524635322F693207
:104D4000635F6170692E6300696E7374616E636581
:104D5000203C204E5246585F5457495F454E4142D1
:104D60004C45445F434F554E540000000030004016
:104D70000000000000400040010000000030004042
:104D800000400040003000400000000000400040B3
:104D9000010000002E2F6D6265642D6F732F74610A
:104DA00072676574732F5441524745545F4E4F529A
:104DB0004449432F5441524745545F4E524635783B
:104DC0002F5441524745545F4E524635322F73653A
:104DD0007269616C5F6170692E63006F626A006462
:104DE0006174615F62697473203D3D2038002870F2
:104DF0006172697479203D3D205061726974794E09
:104E00006F6E6529207C7C2028706172697479201E
:104E10003D3D205061726974794576656E29007355
:104E2000746F705F62697473203D3D203100010131
:104E300001000000002000400080024040420F00BE
:104E4000200000000000FFFFDEC0ADDEFE011EF10D
:104E5000DEC0ADDEFF011EF10203040506070809EE
:104E60000B0008010C011001140118011C012001A4
:104E700024012C010C0D0E0F10111213140030011F
:104E8000340138013C014001440148014C0150010A
:104E9000699806002D9A0600FD990600B59A06004D
:104EA000AF9A0600A99A0600A39A06009D9A0600EA
:104EB000979A0600919A0600ED9806004D9D06000F
:104EC000B9A20600B99C0600B39C0600AD9C060082
:104ED000A79C0600A19C06009B9C0600959C0600D2
:104EE000059D0600C19C06000999060081A40600E4
:104EF000A59D060045B5060055B5060089BA060011
:104F000099BA0600008000001800000000000000B0
:104F10007371727466000000002020202020202081
:104F20002020282828282820202020202020202059
:104F30002020202020202020208810101010101069
:104F400010101010101010101004040404040404B5
:104F5000040404101010101010104141414141414F
:104F60000101010101010101010101010101010131
:104F70000101010110101010101042424242424241
:104F80000202020202020202020202020202020201
:104F900002020202101010102000000000000000A9
:104FA0000000000000000000000000000000000001
:104FB00000000000000000000000000000000000F1
:104FC00000000000000000000000000000000000E1
:104FD00000000000000000000000000000000000D1
:104FE00000000000000000000000000000000000C1
:104FF00000000000000000000000000000000000B1
:1050000000000000000000000000000000000000A0
:105010000000000000000000000000000000000090
:105020000000000000000000000000000000000080
:105030000000000000000000000000000000000070
:105040000000000000000000000000000000000060
:105050000000000000000000000000000000000050
:105060000000000000000000000000000000000040
:10507000000000000000000000000000206500208B
:10508000494E46004E414E003031323334353637CA
:1050900038394142434445460030313233343536A5
:1050A00037383961626364656600496E66696E69A6
:1050B0007479004E614E00504F5349580000000073
:1050C0000080E03779C34143176E05B5B5B8934604
:1050D000F5F93FE9034F384D321D30F94877825AD0
:1050E0003CBF737FDD4F1575000000000000F03FEE
:1050F00000000000000024400000000000005940B3
:105100000000000000408F40000000000088C34005
:1051100000000000006AF8400000000080842E417A
:1051200000000000D01263410000000084D79741C6
:105130000000000065CDCD41000000205FA00242CC
:10514000000000E876483742000000A2941A6D4241
:10515000000040E59C30A2420000901EC4BCD64234
:1051600000003426F56B0C430080E03779C34143DF
:1051700000A0D8855734764300C84E676DC1AB4355
:10518000003D9160E458E143408CB5781DAF154473
:1051900050EFE2D6E41A4B4492D54D06CFF080444E
:1051A000F64AE1C7022DB544B49DD9794378EA4463
:1051B00005000000190000007D000000232D302BA9
:1051C0002000686C4C00656667454647000000009B
:0451D00000000000DB
:0851D4006C1FFB7F01000000CD
:1051DC000000000000800EC5000000000000000070
:1051EC00000000000000008702000000000000002A
:1051FC0000000000000000000300000000000000A0
:10520C0000000000000000001C0000000000000076
:10521C0000000000000000001D0000000000000065
:10522C00000000000000000004000000000000006E
:10523C00000000000000000005000000000000005D
:10524C0000000000000000002B0000000000000027
:10525C0000000000000000002C0000000000000016
:10526C0000000000000000002D0000000000000005
:10527C0000000000000000002E00000000000000F4
:10528C0000000000000000002F00000000000000E3
:10529C0000000000000000001A00000000000000E8
:1052AC0000000000000000001E00000000000000D4
:1052BC0000000000000000000600000000000000DC
:1052CC0000000000000000002800000000000000AA
:1052DC0000000000000000001B00000000000000A7
:1052EC0000000000000000000700000000000000AB
:1052FC0000000000000000000B0000000000000097
:10530C0000000000000000002A0000000000000067
:10531C000000000000000000200000000000000061
:10532C000000000000000000100000000000000061
:10533C0000000000000000000D0000000000000054
:10534C000000000000000000110000000000000040
:10535C00000000000000000015000000000000002C
:10536C000000000000000000190000000000000018
:10537C00000000000000000014000000000000000D
:10538C0000000000000000001800000000000000F9
:10539C0000000000000000001600000000000000EB
:1053AC0000000000000000001700000000000000DA
:1053BC0000000000000000000900000000000000D8
:1053CC0000000000000000000A00000000000000C7
:1053DC0000000000000000000E00000000000000B3
:1053EC0000000000000000001F0000000000000092
:1053FC000000000000000000950C0700D3B3FB0276
:10540C000000000000000000000000000000000090
:10541C000000000000000000000000000000000080
:10542C000000000000000000000000000000000070
:10543C000000000000000000000000000000000060
:10544C000000000000000000000000000000000050
:10545C000000000000000000000000000000000040
:10546C000000000000000000000000000000000030
:10547C000000000000000000000000000000000020
:10548C000000000000000000000000000000000010
:10549C00000000000000000000000000B528030020
:1054AC008012012000000000880E012033134905F2
:1054BC0015CD5B07E5559A15B53B121F71CB040052
:1054CC00FF06000000000000FB349B5F80000080A2
:1054DC000010000000000000000000006124050026
:1054EC00F52405005D2A05009D2B05001D260500F1
:1054FC0061290500F52D0500192F0500A9330500BC
:10550C00A9330500B53405000D3605000000000078
:10551C0000000000F11D0500FD2605000000000044
:10552C000F00000017001E04506300206063002071
:10553C00F4010000030710010000000000FA000055
:10554C0000FA000002000000B01F0700B01F0700A7
:10555C00B01F0700B01F0700B01F0700B01F0700E7
:10556C00B01F0700A41F0700B01F0700B01F0700E3
:10557C00B01F0700B01F0700B01F0700B01F0700C7
:10558C00B01F0700B01F0700B01F0700B01F0700B7
:10559C00B01F0700B01F0700B01F0700010000007C
:1055AC0055DB0500643407000C310700D4340700C8
:1055BC000000000000000000D43A0700010000FBCE
:1055CC0000FB0000634F0600634F0600FFFFFFFF68
:1055DC00FFFFFFFFFFFFFFFF0000000000000000C7
:1055EC0000000000000000000000000000000000AF
:1055FC00000000000000000000000000000000009F
:10560C00000000000000000000000000000000008E
:10561C00000000000000000000000000000000007E
:10562C00000000000000000000000000000000006E
:10563C00000000000000000000000000000000005E
:10564C00000000000000000000000000000000004E
:10565C00000000000000000000000000000000003E
:10566C00000000000000000000000000000000002E
:10567C00000000000000000000000000000000001E
:10568C00000000000000000000000000000000000E
:10569C0000000000000000000000000000000000FE
:1056AC0000000000000000000000000000000000EE
:1056BC0000000000000000000000000000000000DE
:1056CC00000000000000000000000000086F012036
:1056DC000090D0030101000001000000FFFFFFFF5C
:1056EC00FFFFFFFFFFFFFFFFFF0101002065002010
:1056FC00000000003C5007005C5007001C500700E5
:10570C00000000000000000000000000000000008D
:10571C00000000000000000000000000000000007D
:10572C00000000000000000000000000000000006D
:10573C00000000000000000000000000000000005D
:10574C00000000000000000000000000000000004D
:10575C0043000000000000000000000000000000FA
:10576C00000000000000000000000000000000002D
:10577C0043000000000000000000000000000000DA
:10578C00000000000000000000000000000000000D
:10579C0043000000000000000000000000000000BA
:1057AC0000000000000000000000000000000000ED
:1057BC00430000000000000000000000000000009A
:1057CC0000000000000000000000000000000000CD
:1057DC00430000000000000000000000000000007A
:1057EC0000000000000000000000000000000000AD
:1057FC00430000000000000000000000000000005A
:10580C00000000000000000000000000000000008C
:10581C004300000000000000000000000000000039
:10582C00000000000000000000000000000000006C
:10583C0055FC0600B9F3060000000000184F0700E5
:10584C006B010700B0440700B0440700B0440700E8
:10585C00B0440700B0440700B0440700B044070050
:10586C00B0440700B0440700FFFFFFFFFFFFFFFF3E
:10587C00FFFFFFFFFFFF00000100415343494900B8
:10588C00000000000000000000000000000000000C
:10589C000000000000000000000041534349490093
:1058AC0000000000000000000000000000000000EC
:1058BC0000000000000000000000000000000000DC
:1058CC0025710200E572020049780200298E02005F
:1058DC00B5B5020001BC020061C002003DD102005E
:1058EC00EDD4020095DB020049E402002DEA02002F
:1058FC006DFB020075FD020035030300C9AF050006
:10590C00E5B9050000000000017102000000000074
:10591C00000000000000000000000000000000007B
:10592C00000000000000000000000000659606006A
:08593C00000000000000000063
:040000036000739195
:00000001FF
