:020000022000DC
:107000000000042099A20600D1A206009D5D0600A2
:10701000D5A20600A95D0600AF5D060000000000D5
:107020000000000000000000000000008D090300C7
:10703000DDA2060000000000270A0300370A030053
:1070400069E10600A9140600E3A20600E3A2060017
:10705000E3A20600E3A20600E3A20600E3A2060004
:10706000E3A20600E3A20600E3A20600E3A20600F4
:10707000E3A20600FDE20600E3A206006D21060081
:10708000E3A20600E3A20600E3A20600E3A20600D4
:10709000E3A20600E3A20600E3A20600E3A20600C4
:1070A000E3A20600E3A20600E3A20600E3A20600B4
:1070B000E3A20600E3A206000000000000000000BA
:1070C000E3A20600E3A20600E3A20600E3A2060094
:1070D000E3A20600E3A20600E3A20600E3A2060084
:1070E000E3A20600E3A20600E3A2060000000000FF
:1070F00000000000E3A2060000000000E3A206007A
:1071000010B5054C237833B9044B13B10448AFF3E1
:1071100000800123237010BD706700200000000074
:10712000688B070008B5034B1BB103490348AFF355
:10713000008008BD0000000074670020688B070015
:10714000154B002B08BF134B9D46A3F5803A002139
:107150008B460F461348144A121A49F0B7FB0F4BDF
:10716000002B00D098470E4B002B00D098470020F2
:10717000002104000D000D48002802D00C483FF00B
:10718000ADFB49F07FFA200029000BF0A7FC3FF08F
:10719000A2FB00BF00000800000004200000000067
:1071A000392A030070670020E8700120DD680600BE
:1071B0000000000010B5034B0360044601F050F9D5
:1071C000204610BDA02F070010B5034B03600446F6
:1071D000FFF7F0FF204610BDB02F070010B50446A2
:1071E000FFF7E8FF20460C213FF0AEFD204610BD22
:1071F00010B50446FFF7E8FF20460C213FF0A4FD40
:10720000204610BD07B50422019101230DEB0201B8
:1072100001F086F903B05DF804FB000038B52C4D91
:107220002C4928702C4809F003F82C4B1C68236863
:1072300020469B68984720B92949274808F0F8FF5D
:10724000FEE723682A78DB6B002A39D025492046DF
:107250009847236823499B6C204698472368224916
:10726000DB6A2046984721491F4801F045FB2B78EF
:107270001BB11F491C4801F03FFB23681A491B6DD5
:107280002046984700211948FFF7BCFF2B781BB117
:1072900000211748FFF7B6FF236820465B6D98472B
:1072A00014490D4808F0B5FF2978134B0D4A0A48D8
:1072B000002914BF11461946BDE8384008F0B8BF90
:1072C0000D492046984723680B499B6CC4E700BFD3
:1072D0008C67002041300700247600208C3707009F
:1072E0006130070027300700906700209C6700206E
:1072F000A8670020893007003330070070B5124DB1
:10730000124C1349134E284601F0D8FA2846124D64
:10731000124922463FF0DDFA12221149284601F0B7
:10732000F3FA28460F4D224631463FF0D2FA122298
:107330000D49284601F0E8FA224631462846BDE8C4
:1073400070403FF0C6BA00BF906700200060002088
:10735000B82F0700C97102009C6700205188020005
:10736000DD2F0700A86700200230070070B5154B1D
:107370001C68236894B01B69054620460E46984752
:10738000236821461B6F104C01A8984701A801F003
:1073900037F9A0B10D4B1B7873B1237863B10C485A
:1073A0003146FFF72FFF237883F00103237001A8F4
:1073B00001F0C9F814B070BD29460648F1E7207005
:1073C000F5E700BF8C3707008D6700208C67002031
:1073D000A86700209C6700200F4B70B51C6806460C
:1073E0000D46BCB10D4A23681178DB6A20469847E8
:1073F000236831461B6820469847236829461B6846
:1074000020469847236820465B6B9847B0FA80F087
:10741000400970BD2046FCE7B867002004600020EA
:107420002DE9F0411D460368069EDB6A044690463E
:107430000F469847236841461B68204698472368B3
:1074400020465B6B984790B923683246DB6B394620
:107450002046984786420AD12E44236820465B691D
:10746000984705F8010BB542F7D1012000E0002054
:10747000BDE8F0812DE9F04385B0154601260DF1F8
:107480000F030F22894600242946009680468DF876
:107490000F40FFF7C5FF1B4907461B4808F0B9FE20
:1074A0004946194808F0B5FE1849174808F0B1FEDA
:1074B00029461022144808F026FF1549124808F002
:1074C000A8FE3FB91349104808F0B2FE384605B08F
:1074D000BDE8F08310490C4808F09BFE10229DF88F
:1074E0000F10094808F011FF9DF80F30693B012B80
:1074F0009FBF0A4BC3F80080094B304694BF1D70F4
:107500002046E4E7C831070024760020D331070085
:107510008E3A0700DC310700E8310700B867002029
:107520000460002070B57A4B2DED048B1B7884B07D
:10753000002B00F0D280774B774D1868774C784E4F
:10754000002800F0CC80062376490093222202AB6B
:107550000978FFF765FF002800F0C1809DF8092039
:107560009DF80830DFED707A43EA02231BB29DF8E4
:107570000B2009EE103A9DF80A3043EA02231BB2B1
:1075800008EE903A9DF80D209DF80C3043EA022356
:107590001BB208EE103AF8EEE88AB8EEC99A68EE27
:1075A000A78AB8EEC88A29EE279A28EE278A68EEBD
:1075B000A87AE9EE097AE8EE087A17EE900A48F020
:1075C000B9FC07EE100AF1EE087AC7EE279AF4EE3E
:1075D000699AF1EE10FA68D6F1EE047AF4EEE79AC1
:1075E0009FED527AF1EE10FA58BFB0EE697A2B781F
:1075F000002B5DD1012384ED007A2B7009F09AF8FD
:107600004B4B186009F096F83368C01AB0F5FA7F52
:1076100049D309F08FF847493060474808F0F9FD31
:1076200019EE100A47F03CFF022502460B46009572
:10763000414808F02DFF41493F4808F0EAFD18EEA7
:10764000900A47F02DFF009502460B463A4808F095
:107650001FFF3B49384808F0DCFD18EE100A47F0E0
:107660001FFF009502460B46334808F011FF3549CD
:10767000314808F0CEFD19EE900A47F011FF0125C0
:1076800002460B4600952C4808F002FF2E492A4876
:1076900008F0BFFD206847F003FF009502460B4647
:1076A000254808F0F7FE20682EE09FED207A9EE73F
:1076B000D4ED007ADFED256A67EEA67ADFED246A65
:1076C000E7EE267AC4ED007A98E709F033F8184B14
:1076D0001B68C01AFA2813D8E5E7002014E009F067
:1076E00029F83368C01AB0F5FA7F06D309F022F8FA
:1076F00018493060104808F09BFD2B78002BE4D12E
:107700000020002320602B7004B0BDEC048B70BD02
:10771000BC670020B8670020C8670020B46700205D
:10772000C067002004600020295C0F3C00000000BE
:10773000C4670020B930070024760020C33007005A
:10774000C8300700CD300700DC3007006666663FB2
:10775000CDCCCC3DEC3007002DE9F7433A493B480E
:107760003B4D3C4EDFF8209108F062FD3A4B03227E
:10777000C3F820274FF48072C3F808250A24642038
:1077800008F0EAFF284606F005FF304606F002FF43
:10779000B9F80030ADF804309DF804802F49424616
:1077A0003046FFF767FE78BB9DF805702B493A46D7
:1077B0003046FFF75FFE38BB424629492846FFF7AF
:1077C00059FE08BB3A4626492846FFF753FED8B96A
:1077D000013CD4D123491D4808F02AFD224B1C70DE
:1077E0002EE0224B00221A60214B00221A7008F072
:1077F000A1FF204B2049186014480123237003B0D7
:10780000BDE8F04308F014BD1C491048164C08F0C0
:1078100000FD1B4B0D481978102208F076FD44211D
:107820001220FFF7D9FD28B140211120FFF7D4FD28
:107830000028D6D11349054808F0FAFC002323702C
:1078400003B0BDE8F08300BF0431070024760020B8
:10785000046F0020F8710020000300502A31070057
:107860003031070078310700BC670020B467002082
:10787000C8670020C46700205A310700B0310700F4
:107880000460002035310700B730070013B5094CFC
:107890000949204608F0BDFC084B186847F000FE77
:1078A0000323009302460B46204608F0F3FD02B086
:1078B00010BD00BF247600205A3607000860002063
:1078C00070B52DED048B044682B04F494F489FEDB3
:1078D000508A504E08F09DFC21464C4808F099FC17
:1078E0004D494A4808F0A4FCB0EE489AF0EE488AA8
:1078F0000024F0EE489A0022FA21304600F079FB8D
:10790000054640B94549414808F092FC284602B076
:10791000BDEC048B70BD0121304600F09CFB07EEEE
:10792000900A002C4FD0F4EE497AF1EE10FAB4EE42
:10793000678A48BFB0EE679AF1EE10FA48BFB0EE22
:10794000678A01341420E4B278EEA78A08F004FFB5
:10795000082CD0D1F4EE007A68EEA78AF7EE007A10
:10796000B0EEE87AB4EEE77AF1EE10FA38EE498A32
:1079700006DCF6EE007AB4EEE78AF1EE10FA27DDC7
:107980002749224808F045FC18EE900A47F088FD88
:10799000022402460B4600941C4808F079FD214958
:1079A0001A4808F036FC18EE100A47F079FD0094EA
:1079B00002460B46154808F06BFD1B49134808F0BA
:1079C00037FC0025A2E708EE100AB0EE679AB8E788
:1079D0001921104800F051FB144BC3ED009A144BD1
:1079E00000221A7008F0A6FE124B134918600748CF
:1079F00008F00FFC074800F048FB0A220146034844
:107A000008F06AFC82E700BFA0350700247600205A
:107A100000000000D8670020C2350700CB35070002
:107A2000FF3507001336070020360700CC6700201B
:107A3000D0670020D46700204236070030B53C49AB
:107A40003C483D4D85B008F0F3FB80230322022122
:107A5000394800F07CFA3949364808F0E9FB40F62D
:107A6000B83008F079FE3649324808F0E1FB0A24C4
:107A70000022FA21284600F0BCFA10B1284600F096
:107A800085FA1420013C08F067FE14F0FF04EFD1E2
:107A900000230293042203AB02A92A48039440F076
:107AA000B0FD294C002841D1039B042B3ED19DED14
:107AB000027ADFED266AF0EEC77AF4EE667AF1EE2E
:107AC00010FA33D8F7EE006AF4EEE67AF1EE10FA27
:107AD0002CDBDFED1F6AF4EEE67AF1EE10FA25D822
:107AE0001C4984ED007A134808F093FB206847F0A6
:107AF000D7FC0323024600930E480B4608F0CAFC4D
:107B00000D48216800F0BFFA1348FFF7D9FE18B9F5
:107B10001249084808F08CFB1149064808F088FB18
:107B20001049044808F084FB05B030BD0E49DAE77F
:107B3000F431070024760020D867002014320700B3
:107B4000363207005532070008600020FFFF7F7FB4
:107B5000002474496E320700B3320700BB320700BD
:107B6000F6320700193307009032070010B5054CB4
:107B7000204600F0CDF92046034A0449BDE81040F4
:107B80003EF0A7BED867002000600020017F020001
:107B90002DE9F7438C4C8D4E8D4F204607F0C4F8ED
:107BA0000546002800F0B880204607F02FF9C5B23E
:107BB00005F0DF03432B0CD133788649864A83F0E6
:107BC00001033370002B08BF1146204608F030FB3C
:107BD0002FE0542B49D18149204608F01AFB8049F7
:107BE000204608F016FB7F49204608F021FB0022C2
:107BF000FA217D4800F0FDF908B97C49E5E7192133
:107C0000794800F03AFA7A4B00221A60794B002248
:107C10001A7008F08FFD784B78491860204608F0FC
:107C2000F8FA714800F031FA0A220146204608F0BD
:107C300053FB3378002BB0D02B2D5BD1704B9FEDD5
:107C4000717AD3ED007A77EE877AC3ED007A6C4BC8
:107C50006548196800F017FA654B00221A60654BF9
:107C600000221A70FFF712FE96E75A2B03D16648DE
:107C7000FFF726FEDDE7502B02D1FFF707FED8E71E
:107C8000532B24D1DFF8789100230422494638464B
:107C900040F08EFC804678B95C49204608F0B9FA7D
:107CA000D9F8000047F0FCFB0323009302460B4683
:107CB000204608F0EFFBBCE75549204608F0A9FA3A
:107CC00041460A22204608F0FDFA52497DE7522B30
:107CD000AFD1384640F0BAFC804608B94E4974E747
:107CE0004E49204608F095FA0A224146204608F0FF
:107CF000E9FA9EE72D2D07D1414B9FED427AD3ED56
:107D0000007A77EEC77AA0E7662D54D13C4BB2EEED
:107D1000047AD3ED007A96E708F00CFD2A46064671
:107D200002213148324C334D00F063F970B3012128
:107D30002D4800F090F92B7807EE100ACBB90123FB
:107D400020602B702C4B1E60204BD4ED007A1B78EA
:107D500053B9DFED336AB0EEE77AB4EEE67AF1EECE
:107D600010FA22D8DFED2F7A17EE900A03B0BDE8A3
:107D7000F083D4ED007AF6EE086A67EEA67AF5EEA7
:107D8000006AE7EE267AC4ED007ADBE72B782BB1A8
:107D9000194B1B68F61AB6F5AF7FD5D9DFED217AFE
:107DA0000023C4ED007A2B70DEE7F5EEC07AF1EE29
:107DB00010FAD9DCD6E7672D7FF4EEAE104BB2EEA9
:107DC000047AD3ED007A9CE724760020C96700206E
:107DD000553207007933070059340700783407001B
:107DE0008134070088340700D8670020AA340700D0
:107DF000CC670020D0670020D467002042360700FF
:107E0000086000200000C842C9340700D7340700CA
:107E1000F2340700133507005635070078350700A0
:107E20009A99993E0000000073B5FFF7B1FE044631
:107E3000FFF778FB194E054608F07CFC3368C01A42
:107E4000632821D908F076FC15493060154808F000
:107E5000E0F9204647F024FB022302460093114834
:107E60000B4608F015FB10490E4808F0D2F92846D9
:107E700047F016FB0123009302460B46094808F021
:107E800007FB084808F0CCF920462946FFF76EFAB0
:107E9000142002B0BDE8704008F05EBCE867002026
:107EA0006F360700247600207D36070070B54FF44A
:107EB000E1311148104E06F0D7FD08F03BFC40F6CA
:107EC000B7340546304606F02FFE20B908F032FCE4
:107ED000401BA042F6D94FF47A7008F03DFC0749E8
:107EE000054808F0A5F9FFF737FCFFF7A7FD0120CB
:107EF000BDE87040FFF792B924760020863607006F
:107F0000704710B5102104463EF01EFF204610BDFC
:107F1000034A0260002282604FF07E52C2607047C6
:107F2000BC36070008B5407908F0E0FCB0FA80F0F4
:107F3000400908BD402908D0802903D0202903D159
:107F4000022300E00123837170470323FBE738B568
:107F5000044602714171104601211D4608F056FC8D
:107F60006079002108F052FC29462046BDE83840DF
:107F7000FFF7E0BF38B505460C462846FFF7D2FFAD
:107F800018B9204608F0E8FBF7E738BD2DE9F041C5
:107F900000210446FFF7EEFF72B6012221796079D5
:107FA00008F0CEFC012221790646607908F0C8FC71
:107FB000012205462179607908F0C2FC002780463D
:107FC000A379BB4209D90121207908F05FFC002187
:107FD000207908F05BFC0137F2E762B6280240EA3C
:107FE000064040EA080046F3C01640EA0660BDE8D5
:107FF000F081F8B506460F46144608F09BFB05468F
:1080000008F098FB401BB84207D23046FFF78AFFC2
:1080100020B9204608F0A0FBF2E70020F8BDF8B533
:10802000002406460F462546BC4208D03046FFF7DE
:10803000ADFF0544002008F08FFB0134F4E795FB09
:10804000F4F0F8BD10B50446FFF7E9FFA368C01AC5
:1080500047F014FA10BD70B50646FFF7F3FF04466B
:10806000F0680D4647F01CFA02460B4620462946AA
:1080700047F098FB47F03CFD70BD10B50446FFF794
:10808000CEFFA06010BDC160704780687047704728
:1080900010B55C2104463EF057FE204610BD00009E
:1080A0000A4A02601F210022C0E90921C0E90B220F
:1080B0008286C0E90E220264A0F8442080F846209F
:1080C000C0E91222C0E91522704700BFCC36070074
:1080D00000231F22C0E90A23036380F83530C0E97A
:1080E0000E33036480F84630C0E91233C0E915331B
:1080F00070478B6A8362CB6AC3620B6B036391F830
:10810000343080F8343091F8353080F835308B6B6E
:108110008363CB6BC3630B6C0364B1F84430A0F88A
:10812000443091F8463080F846308B6C8364CB6CD9
:10813000C364B1F85030A0F850304B6D43658B6D7F
:108140008365704708B5FFF7D4FF08BD70B50546D5
:1081500086B068460E4603F059FCEC6C6846002C6D
:10816000CCBF0234002403F090FC0230241AA86A29
:10817000241808D4AC62AE64684603F086FCE86458
:10818000012006B070BD0020FBE710B5036C1BB1E9
:1081900090F8464084B90233941C1B1B846A1B1957
:1081A00058BFC0E90F124FF000045BBF80F8464093
:1081B00083622046012010BD0433EDE730B5046C26
:1081C0001CB190F846508DB902341D1D641B856AA0
:1081D00064195FBFC0E90F230123A0F8441080F8A1
:1081E000463056BF84620020184630BD0434ECE7A8
:1081F00030B5846D002CCCBF043400241D1D641BDD
:10820000856A64195DBFC0E91523A0F85010846227
:10821000002058BF012030BD70B50546806B0E466A
:1082200088B1047814B149F026FA841C304649F02C
:1082300022FA0230241AA86A24185DBFAC62AE6329
:108240000120002070BD0446F0E790F83530826AC6
:10825000002B0CBF6FF0020300239B185FBF8362EB
:10826000012380F8353080F8341054BF18460020C0
:10827000704704307047406A704790F83500704787
:1082800038B50446406AC0F11F039342154608DB27
:108290000430204448F0F2FA626A2A446262012003
:1082A00038BD0020FCE770B50446406A0E461D4606
:1082B00011460233C0F11F029A420FDB23186A1CD9
:1082C0001A71821C0630626220445E712A4648F0B0
:1082D000D5FA636A2B446362012070BD0020FCE77D
:1082E00070B586B00546684603F090FB684603F01B
:1082F000CCFB022804466846CCBF0626022603F0C3
:10830000C2FB2346024631462846FFF7CCFF06B0A3
:1083100070BD13460A46FF21FFF7C5BF30B589B0CF
:10832000054610461C46ADF800101A4601460DF1F0
:10833000020048F0A3FAA31C6A46FF212846FFF773
:10834000B2FF09B030BD30B589B0054610461C46B5
:10835000ADF800101A4601460DF1020048F08EFA01
:10836000A31C6A4616212846FFF79DFF09B030BDC1
:1083700007B501238DF807100DF107021946FFF725
:1083800092FF03B05DF804FB70B5054610460E463B
:10839000144649F070F92246034631462846BDE8A6
:1083A0007040FFF780BF70B5054608460C4649F09F
:1083B00062F91D2807D9224628461D230821BDE859
:1083C0007040FFF770BF224628460921BDE8704083
:1083D000FFF7DABF38B5C16A00230546436229B109
:1083E000026B1AB1BDE83840FFF74ABF95F8353047
:1083F0007BB395F834102846FFF7BAFF0446A96C02
:1084000021B12846FFF76CFF0440E4B2E96B61B18B
:108410002B6C53B195F84620EAB10A462846B5F8C8
:108420004410FFF77BFF0440E4B26A6D42B1AB6DCC
:1084300033B1B5F850102846FFF785FF0440E4B289
:10844000A96B21B12846FFF7AEFF0440E4B22046F5
:1084500038BD0124D3E71A462846FFF75AFFE2E762
:108460000C4B10B504460360406838B100F08EFA3A
:1084700020B9606810B103685B689847A06838B19C
:1084800001F001F820B9A06810B103685B68984753
:10849000204610BDDC36070010B50446FFF7E0FFAC
:1084A00020460C213EF050FC204610BD064B10B576
:1084B000C0E9003100230446836011B1084600F092
:1084C00060FA204610BD00BFDC360700064B10B531
:1084D000036000230446C0E9013111B1084600F0F1
:1084E000CDFF204610BD00BFDC3607002DE9F3416B
:1084F0000446542098460E4617463EF0F9FB9DF878
:1085000020300093054643463A46314600F012FBC0
:1085100029462046FFF7CAFF204602B0BDE8F08199
:1085200010B4446824B120465DF8044B00F042BA10
:10853000806818B15DF8044B00F0CABF5DF8044BC9
:108540007047406870477047024B186803681B69A2
:10855000184700BF7C3A0700024B186803685B6944
:10856000184700BF7C3A070010B4054B01791B681F
:108570001A685469421D184623465DF8044B184793
:10858000D038070010B50B4B0446186821790368F2
:10859000621D9B6A98474FF6FF739842014606D0CA
:1085A000054B18680268BDE81040926A104794F9BC
:1085B0004B0010BDD03807007C3A070010B54C21A5
:1085C00004463EF0C1FB204610BD000010B58AB045
:1085D0004B7903938B790293CB7901930B7A0093B8
:1085E00004464B7A8A7A054905A848F0A5FF05A9F3
:1085F000204607F0A7FF20460AB010BDE43607006A
:1086000007B500230622694605300093ADF8043013
:1086100048F026F9003018BF012003B05DF804FBD4
:1086200008B502790B799A4208D106220531053046
:1086300048F016F9B0FA80F0400908BD0020FCE7C8
:1086400010B50A4B0446186803681B6998472368ED
:1086500020461B6A984740B1054B2179186803688A
:10866000621D5B6BBDE81040184710BD7C3A0700E7
:10867000D038070008B502790B799A4208D1062252
:108680000531053048F0ECF8003018BF012008BD76
:108690000120FCE7064A02607F210022C2720273B9
:1086A00080F84B10C0F80520A0F80920704700BFE3
:1086B0000C37070010B501710021C1720173064C1F
:1086C00004607F2180F84B101168C0F80510928873
:1086D000A0F8092010BD00BF0C370700F8B50F4601
:1086E0001249064607F02EFF397B0024A1421ADD0D
:1086F0003B19A21C5D7B9B7B083B012B05F1FF35E1
:108700000FD82946304607F0F1FE0F343C440027CD
:10871000BD4208DD14F8011B304607F070FF013739
:10872000F6E7AC18E2E73046F8BD00BF347A070040
:108730002DE9F04F85B0884622490192834607F023
:1087400001FF0024A14698F80C30A34235D908EB6C
:108750000403671CFFB25E7B08EB07035B7B9A1E7A
:10876000012A25D9063B012B24D8102505FB05F34A
:108770000234009358FA84F44FF0000A731EEAB2F0
:10878000534517DD019989450CD1114604F10D00BF
:108790000393029203F07CF90146584607F0FDFE70
:1087A000DDE90223009909F10109AA440C44E7E735
:1087B0000225DBE73E44F4B2C5E7584605B0BDE804
:1087C000F08F00BF347A070010B500220446FFF78F
:1087D000AFFF204610BD08B5134602798A4208D182
:1087E00006221946053048F03BF8B0FA80F04009FF
:1087F00008BD0020FCE710B50446012000FA01F195
:10880000E1722273194604F10D0048F037F89DF922
:10881000083084F84B3010BD70B50D461146C27A51
:1088200042F010020446C272007B0D302A462044FA
:108830001E4648F023F8237B84F84B601D442573C3
:1088400070BDC37A13F0180F14BF012000207047C9
:108850000C4B10B504460360406838B100F096F840
:1088600020B9606810B103685B689847A06838B1A8
:1088700000F009FE20B9A06810B103685B68984752
:10888000204610BD4037070010B50446FFF7E0FF53
:1088900020460C213EF058FA204610BD064B10B57C
:1088A000C0E9003100230446836011B1084600F09E
:1088B00068F8204610BD00BF4037070070B5044679
:1088C00030200E463EF014FA3146054600F010FD09
:1088D00029462046FFF7E2FF204670BD0346406868
:1088E00008B100F045B8986808B100F0C5BD01486E
:1088F000704700BF347A0700406808B100F036BD09
:10890000704740687047000030B585B001250446C7
:108910000095042392B2FFF7E9FD074B2360002383
:10892000039304222B4603A92046FFF7F9FD034BCE
:108930002360204605B030BDA02F0700B02F0700F0
:1089400070470020704710B5202104463EF0FCF926
:10895000204610BD10B5054B044640F8043B03F01B
:1089600055F80023E361204610BD00BF50370700D3
:10897000043003F086B8043003F085B8043003F007
:1089800084B8C3690133C36118467047C369013BAA
:10899000C3611846704742F60300704790F8200004
:1089A000704790F821007047406A7047806A7047AE
:1089B000808D70472DE9F041436A9A42A8BF1A465C
:1089C0000446828592B2806A0F4647F057FF94F8BA
:1089D0002E300BB1636AA38594F8203098060FD52A
:1089E000A28E91070CD51F4B218E186803685D6D10
:1089F0000131A38DA26AAC4689B2BDE8F04160475F
:108A0000DA0609D5A38EDB0706D5164B218E18682A
:108A1000036801311D6DECE794F83230F3B1124B6D
:108A20001868036821465B6A9847104B1D682B68DD
:108A300001461E6BA38D3A462846B047094B18687D
:108A400003681B6B984748B9094B186803689B6813
:108A5000984718B12B6828465B6D9847A08DBDE8F4
:108A6000F08100BFD03807001C3A07008C370700A0
:108A7000D039070038B5054608460C4648F0FBFDDE
:108A8000214602462846BDE83840FFF793BF0186DD
:108A90007047008E7047008E013080B27047806B47
:108AA0007047836B994208D2C36B0022914202D077
:108AB0005B680132FAE718687047002070470000D1
:108AC00030B5114B03600B7903710B4601F149047A
:108AD00053F8052FC0F805209B88A0F80930CB7A01
:108AE000C3720B7B037300F10D0201F10D0353F808
:108AF000045B42F8045BA342F9D11B88138091F90F
:108B00004B3080F84B3030BD0C37070038B5044689
:108B100008200D463EF0ECF80023C0E900536368DE
:108B20002BB960602368A0600133236038BDA3685F
:108B30005860F7E770B504461D461646FFF70AFF72
:108B4000B5F5007F194B23602B46A8BF4FF4007387
:108B5000002163629DF810302684A18584F82E30B0
:108B60002163A186C4E90E112164102204F144009E
:108B700047F0ACFE16F0300F11D02C203EF0B8F8C4
:108B80000B490646022304F1340200F0D7F83046C0
:108B9000FFF7F7FE314604F13800FFF7B7FF28462C
:108BA00047F0FCFDA062204670BD00BF6C37070097
:108BB0005C37070070B50446406800252368AB4267
:108BC00006D9466808213EF0BFF801353046F5E782
:108BD0000023C4E90033A36070BD0000154B70B5DD
:108BE000044603600025A36B9D4212D2E36B002272
:108BF000954202D05B680132FAE71E683046FFF703
:108C0000C5FE20B91EB1336830465B689847013510
:108C1000E9E704F138052846FFF7CCFFA06A08B160
:108C200047F0C4FD2846FFF7C5FF2046FFF788FE42
:108C3000204670BD6C37070010B50446FFF7CEFF25
:108C4000204654213EF080F8204610BDF0B5C56C9A
:108C500097B0044617461E467DB103A8FFF730FFC4
:108C600021466846FFF722FC694603A8A8476846E4
:108C7000FFF7F6FB03A8FFF766FCA16A1C9A3944CC
:108C8000304647F0FBFD17B0F0BD70B504460E4608
:108C90001146012280F8332096B01A46FFF78AFE6B
:108CA000256D85B1314603A8FFF70AFF21466846C6
:108CB000FFF7FCFB694603A8A8476846FFF7D0FB0F
:108CC00003A8FFF740FC16B070BD30B5838E02F0EC
:108CD0000302934297B0044617D08286002A0CBF45
:108CE00044224022024455687DB103A8FFF7E8FE04
:108CF00021466846FFF7DAFB694603A8A84768469D
:108D0000FFF7AEFB03A8FFF71EFC17B030BD4FF412
:108D10002450704710B5034B03600446FFF710FE64
:108D2000204610BD8037070010B50446FFF7F2FF5C
:108D300020462C213EF008F8204610BD70B50446B0
:108D40001D461646FFF706FE064B2360B5F5007F6D
:108D5000A8BF4FF400750023266265622385204674
:108D600070BD00BF80370700406A7047006A7047D7
:108D700001857047024B186803681B69184700BFDC
:108D80007C3A0700024B186803685B69184700BF0C
:108D90007C3A070010B5064B186803681B699847B2
:108DA000044B18680368BDE810401B6B184700BFF0
:108DB0007C3A0700D038070010B5064B18680368E6
:108DC0001B699847044B18680368BDE81040DB6BCB
:108DD000184700BF7C3A0700D0380700024B1868DC
:108DE00003689B6C184700BFD03807000C307047F1
:108DF00068307047024B186803681B69184700BF4A
:108E00001C3A0700024B186803685B69184700BFEB
:108E10001C3A0700024B186803689B69184700BF9B
:108E20001C3A0700024B186803681B69184700BF0B
:108E3000D0390700024B186803685B69184700BF08
:108E4000D0390700024B186803685B6A184700BFF7
:108E5000D039070010B5074B0446186803681B6932
:108E60009847054B19680B682046DB6C98472046ED
:108E700010BD00BF7C3A0700D038070010B5074B83
:108E80000446186803681B699847054B19680B6806
:108E900020469B6A9847204610BD00BF7C3A0700D9
:108EA000D0390700024B18680368DB6A184700BF17
:108EB000D0390700024B186803689B69184700BF48
:108EC000503C0700024B18680368DB69184700BF75
:108ED000503C0700024B186803681B6B184700BF23
:108EE000D0390700024B18680368DB68184700BFD9
:108EF000D0380700024B186803681B6A184700BF88
:108F0000503C0700024B186803685B6A184700BFB3
:108F1000503C0700024B1B68C3F8F010704700BFBD
:108F20007C3A0700024B1B68C3F8F810704700BF7B
:108F30007C3A0700024B1B68C3F8F410704700BF6F
:108F40007C3A0700024B1B68C3F8EC10704700BF67
:108F50007C3A0700024B1B68C3F8FC10704700BF47
:108F60007C3A0700024B1B68C3F80011704700BF32
:108F70007C3A0700024B18680368D3F89C30184706
:108F80007C3A0700024B18680368D3F8A0301847F2
:108F90007C3A0700F0B52A4B1D682B6887B0044661
:108FA0009B6828469847064620B923682046DB6818
:108FB00098470DE0642007F0CFFB2B6828469B699B
:108FC0009847064638B123682046DB689847002654
:108FD000304607B0F0BD05AA2B6801920DF11202D0
:108FE0000092DF6904AA0DF10E030DF10D01284670
:108FF000B8470028D9D12B684FF0FF32D96A2846EC
:109000006FF0404388470028CFD12B6840F2FF32F1
:10901000196B28460023884706460028D3D12B68C1
:109020000DF10F025B6B0DF11601284698470028E1
:10903000BBD1044B186803689B6898470126C7E7B3
:109040007C3A07001C3A07000A4B10B50446186822
:109050000368DB689847084B18680368DB68984723
:1090600004F10C00FFF734F804F16800BDE810408B
:10907000FFF72EB81C3A07007C3A070010B58CB0F9
:1090800000230593ADF81830104B044618680368A8
:1090900005A91B6A98479DF8143003939DF8153075
:1090A00002939DF8163001939DF8173000939DF8B8
:1090B00019209DF81830064907A848F03DFA07A97D
:1090C000204607F03FFA20460CB010BD7C3A07005E
:1090D000E43607000C30FFF739B870B50368044672
:1090E00008469D6AFFF7FAFB2B4601462046BDE87D
:1090F000704018470C30FFF77BB80C30FFF745B8CD
:109100000C30FFF75BB86830FFF786B86830FFF7C0
:1091100019B810B500F10C042046FFF713F82046EB
:10912000FFF7ABF828B920460621BDE81040FFF74D
:109130008CB810BD2DE9F74300F10C0504466834E6
:109140002846FFF747F92046FFF744F90E4B1E6803
:1091500033682846DF68FFF78CF880462846FFF71B
:109160008AF805462046FFF784F881462046FFF737
:1091700082F8C0B200904B46EAB241463046B8474A
:1091800003B0BDE8F08300BFD03907007FB5094BBD
:109190001C682368164601A89D6907F0F4F9324659
:1091A00001A92046A847044601A807F080F92046F7
:1091B00004B070BDD03907007FB5094B1C68236827
:1091C000164601A8DD6907F0DEF9324601A92046FE
:1091D000A847044601A807F06AF9204604B070BD0C
:1091E000D03907007FB5094B1C682368164601A8D3
:1091F0001D6A07F0C8F9324601A92046A84704466F
:1092000001A807F054F9204604B070BDD03907001A
:1092100002290BBF044B054B186818680BBF036885
:1092200003685B6B9B6D1847D0390700D038070087
:1092300038B50446084B44F80C3B05462046FEF77B
:109240002FFF05F16800FEF72BFF06212046FEF7F1
:10925000FCFF284638BD00BF9837070010B5054C05
:109260002046FFF7E5FF2046034A0449BDE81040C9
:109270003DF02FBBEC6700200060002081920200CF
:1092800010B5064B044640F8683BFEF700FF04F1BA
:109290000C00FEF7FCFE204610BD00BF983707000B
:1092A00010B50446FFF7ECFF2046C4213DF04CFD0D
:1092B000204610BD10B50B4B19680B6894B001A87F
:1092C000DB6C984701A8FFF79BF948B101A8FFF7AD
:1092D00059F9044601A8FFF736F9204614B010BD2D
:1092E0007F24F7E7D03807004FF420507047000084
:1092F00010B50446FFF72EFB044B23600023C4E99E
:109300000833C4E90A33204610BD00BF64380700A3
:10931000018442847047008C7047408C7047406ADB
:109320007047436A994208D2836A0022914202D070
:109330005B680132FAE7186870470020704738B55B
:10934000044608460D46FFF71CFB08203DF0D0FC04
:109350000023C0E90053A36A2BB9A062636AE062EC
:109360000133636238BDE36A5860F7E710B504461D
:109370000846FFF7E6F8014620B12046BDE8104058
:10938000FFF7DDBF10BD70B50446406800252368B7
:10939000AB4206D9466808213DF0D6FC013530467F
:1093A000F5E70023C4E90033A36070BD10B504469F
:1093B0002430FFF7E8FF0023236210BD134B70B584
:1093C000044603600025636A9D4212D2A36A00220C
:1093D000954202D05B680132FAE71E683046FFF71B
:1093E000D5FA20B91EB1336830465B68984701351D
:1093F000E9E72046FFF7DAFF04F12400FFF7C3FF97
:109400002046FFF79DFA204670BD00BF6438070074
:1094100010B50446FFF7D2FF204630213DF094FC02
:10942000204610BD10B5044B044640F8043B07F03D
:109430003EF8204610BD00BF7838070010B504463E
:10944000FFF7F0FF204614213DF07EFC204610BDC2
:1094500038B504462546074B45F8043B08461146F7
:1094600002F016FB0146284607F06CF80023236142
:10947000204638BD783807004068704703690133DB
:109480000361184670470369013B03611846704742
:1094900038B504461D46FFF7DBFF0C4B2360BDF8D3
:1094A0001030E382BDF814302383BDF81830638395
:1094B0004FF480720023A582C4E90733A284C4E973
:1094C0000A33C4E90C33204638BD00BF8838070092
:1094D0002DE9F0439846274B1E68336885B0044653
:1094E0000F469B6B818A30469146984718B90020F9
:1094F00005B0BDE8F0833368A18A5B6C30469847BD
:10950000033885B24D45A8BF4D462946E06947F06E
:10951000EDFEE0610028EAD0237E1A071CD5B8F1E1
:10952000000F19D003AA33680192EAB20092D3F86F
:109530006080628BA18A3B463046C0470028D7D066
:109540009DF80C30012BD2D02A463946E06947F00D
:1095500095F925620120CBE75B07C8D53368A18A5E
:10956000EAB20092D3F86480628B3B463046C04733
:10957000EAE700BFD0380700408B704738B5044693
:1095800008460D46FFF77AFF08203DF0B1FB0023A7
:10959000C0E90053E36A2BB9E062A36A2063013398
:1095A000A36238BD236B5860F7E770B50446406886
:1095B00000252368AB4206D9466808213DF0C4FB6C
:1095C00001353046F5E70023C4E90033A36070BDE0
:1095D00003688B4208D9436800228A4202D05B6844
:1095E0000132FAE71868704700207047F8B5054661
:1095F000134B45F8283B04460026A36A9E420ED230
:1096000031462846FFF7E4FF0746FFF73CFF20B945
:109610001FB13B6838465B6898470136EDE728463E
:10962000FFF7C3FFE06918B147F0C0F80023E3611A
:109630002846FFF7BAFF2046FFF7F4FE2046F8BDA4
:109640008838070010B50446FFF7D0FF20463821C0
:109650003DF07AFB204610BD70B50446036296B01B
:109660000D46C0691946164647F040FEE06110B944
:10967000206216B070BD01233146A384226A47F0F0
:10968000FDF8666B002EF4D0194B03932B798DF8FF
:1096900010302B4605F1490153F8052FCDF8112064
:1096A0009B88ADF81530EB7A8DF817302B7B8DF851
:1096B00018300DF1190205F10D0353F8040B42F8AF
:1096C000040B8B42F9D11B88138095F84B308DF831
:1096D000573021466846FEF7F9FE694603A8B047B1
:1096E0006846FEF7BDFE03A8FEF72DFFC1E700BFE9
:1096F0000C370700074B10B504460360806918B1AA
:1097000047F054F80023A3612046FFF78BFE204664
:1097100010BD00BF9838070010B50446FFF7EAFFF8
:10972000204620213DF010FB204610BD38B50446F0
:109730001D46FFF78DFE054B2360BDF81030E38218
:109740000023A582C4E90633204638BD98380700B7
:10975000034A02600022C0E90122C260704700BFD4
:10976000A838070038B5044608460D46FFF786FEC0
:1097700008203DF0BDFA0023C0E90053A3682BB9CF
:10978000A0606368E0600133636038BDE3685860DF
:10979000F7E7406870474368994208D2836800221F
:1097A000914202D05B680132FAE7186870470020E6
:1097B000704770B50446406800252368AB4206D95F
:1097C000466808213DF0C0FA01353046F5E7002330
:1097D000C4E90033A36070BD70B506460024736809
:1097E0009C4212D2B3680022944202D05B680132DC
:1097F000FAE71D682846FFF746FE20B91DB12B6821
:1098000028465B6898470134E9E7301DFFF7D1FF30
:1098100070BD000038B50446054B44F8043B0546CE
:10982000FFF7DAFF2046FFF7C4FF284638BD00BF28
:10983000A838070010B50446FFF7ECFF20461021BA
:109840003DF082FA204610BD38B504461D46FFF7AC
:10985000FFFD084B2360BDF81030E382A582064966
:1098600004F1180006F06EFE0023C4E90933E36238
:10987000204638BDB8380700347A0700808A704720
:10988000C08A7047406A7047436A994208D2836A27
:109890000022914202D05B680132FAE718687047F3
:1098A0000020704738B5044608460D46FFF7E6FD30
:1098B00008203DF01DFA0023C0E90053A36A2BB92C
:1098C000A062636AE0620133636238BDE36A586094
:1098D000F7E770B50446406800252368AB4206D917
:1098E000466808213DF030FA01353046F5E700239F
:1098F000C4E90033A36070BD154B70B50446036026
:109900000025636A9D4212D2A36A0022954202D0CA
:109910005B680132FAE71E683046FFF7B4FD20B9F4
:109920001EB1336830465B6898470135E9E704F1BA
:1099300024052846FFF7CDFF2846FFF7CAFF04F1AC
:10994000180006F0B4FD2046FFF76CFD204670BD00
:10995000B838070010B50446FFF7CEFF2046302187
:109960003DF0F2F9204610BDA0F8A8107047C0F8ED
:10997000AC1070472DE9FF41013A13F8014BD6B204
:109980000268CDE90233526C05460F4690470C2C15
:1099900002462968029B79D02FD8052C69D01AD8A5
:1099A000022C60D00BD8012C53D006230093D1F8A1
:1099B000DC600023224639462846B0476EE0032C7F
:1099C00054D0042CF1D10093D1F894403346394659
:1099D0002846A04762E0092C52D007D8062C4BD06D
:1099E000082CE2D10093D1F8A440EFE70A2C4DD027
:1099F0000B2CDAD1D1F8B4402DE0162C51D00FD871
:109A0000112C40D005D8102CCFD10093D1F8B840FC
:109A1000DCE7122C18D0132CC7D1D1F8C8401AE0BB
:109A20001D2C04D00CD8182C3FD01B2CBDD100937A
:109A3000D1F8D4803346224639462846C0472DE027
:109A40001E2C36D0522CB0D1CDE90063D1F8C460C1
:109A500020E0D1F88440324639462846A44604B076
:109A6000BDE8F0416047D1F88840F4E7D1F8904074
:109A7000F1E7D1F89C40EEE70093D1F8A040A5E7CC
:109A8000D1F8AC40E7E7D1F8C040E4E7CDE90063A6
:109A9000D1F8B060234639462846B04704B0BDE847
:109AA000F0810093D1F8CC4090E70093D1F8D040FA
:109AB0008CE7D1F8D840CEE700F18C034FF6FF7267
:109AC000B0F8B010914204D11C309842F8D1002077
:109AD00070470120704708B503689B6A98474FF6A6
:109AE000FF73C01A18BF012008BD000038B50A4B2B
:109AF0000446186803681B690D469847204604F120
:109B00008C03B0F8B020AA4204D01C309842F8D19F
:109B1000002038BD0120FCE77C3A070000F18C03EF
:109B200090F9C820002A04DB1C309842F8D10020AC
:109B300070470120704770B5002300F1B0041C2568
:109B400005FB03F2A65A8E4203D11044B0F8C000C0
:109B500070BD0133052BF3D11720F9E71FB5ADF820
:109B60000D200268009302248DF80C400323D2F8E4
:109B7000F04003AAA04704B010BD1FB5ADF80920FE
:109B8000ADF80B30069A0368009204248DF8084063
:109B900002AAD3F8F0400523A04704B010BD1FB5BA
:109BA000ADF80B30BDF81830ADF80920ADF80D3028
:109BB000079A0368009210248DF8084002AAD3F88F
:109BC000F0400723A04704B010BD1FB5ADF80B301F
:109BD000BDF81830ADF80920ADF80D30079A0368CC
:109BE000009208248DF8084002AAD3F8F040072319
:109BF000A04704B010BD012380F83C31704700003D
:109C00001FB5ADF80A309DF818308DF80C30084BB0
:109C10008DF8092001208DF80800186802AA036851
:109C20000092D3F8944004220523A04704B010BD4D
:109C30007C3A070001299CBF00EB8100C0F8542149
:109C400070471FB5ADF80D20026800930A248DF807
:109C50000C400323D2F8F04003AAA04704B010BD83
:109C6000F0B500231C2500F1B00605FB03F4375BBB
:109C70008F4204D00133052BF7D100200FE0B4341C
:109C80000444911D14F8015B01F801599142F9D186
:109C90001C2202FB0303012093F8B3300B70F0BDCC
:109CA00010B5054B03600446D0F8400108B146F0FA
:109CB0007DFD204610BD00BFDC38070010B504460E
:109CC000FFF7EEFF20464FF4AE713DF03DF8204621
:109CD00010BD00002DE9F0431D4B1D688BB006231D
:109CE0000F460421002490462A680097CDE9071307
:109CF000C821CDE905410C21CDE90331CDE901842D
:109D00000646D2F854902346302260212846C847A0
:109D1000D8B906F00FFD044606F00CFDD6F8AC30BD
:109D2000001B98422B680DD21B6928469847336860
:109D300042465B6B3946304698470028ECD00BB062
:109D4000BDE8F083DB6D284698470020F7E700BFA9
:109D50007C3A0700F8B503689B6A044698474FF6BB
:109D6000FF73984206461ED0104B1D682B680146B3
:109D7000D3F898302846984706F0DCFC074606F0F2
:109D8000D9FCD4F8AC30C01B98420CD22B682846C2
:109D90001B699847236831469B6B204698470028EB
:109DA000EDD10120F8BD0020FCE700BF7C3A0700A0
:109DB0002DE9F3410546089CA5F848111078C5F82F
:109DC0004C41013085F84A01002085F850011948BE
:109DD000066830680092D0F89480DBB204223046E6
:109DE0000F46C04724B306F0A5FC044606F0A2FCCB
:109DF000D5F8AC30001B984214D2336830461B694A
:109E000098472B6839469B6B2846984750B195F880
:109E100050010028EAD04FF6FF73A5F8483102B090
:109E2000BDE8F0814FF6FF73A5F848310020F6E752
:109E30002046F4E77C3A07002DE9F047994603688D
:109E40009B6A044698474FF6FF739842064604D132
:109E50004FF000084046BDE8F08723680146D3F87C
:109E6000E0302046984780460028F1D0002504F1D4
:109E7000B0031C2202FB05F7D95BB14234D1274461
:109E8000D7F8C4303BB910203CF032FF8246FFF7D0
:109E90005FFCC7F8C4A01C2303FB0545D5F8C450DC
:109EA000002DD5D02846B9F1000F21D1FFF794FC41
:109EB00023682A46D3F8E47031464B462046B8471B
:109EC0000028C5D023682A46D3F8E830314620461A
:109ED00098470028BCD023682A4631462046D3F84C
:109EE000EC30BDE8F04718470135052DC2D1AFE78A
:109EF000FFF74FFC002782465745D9DA39462846F6
:109F0000FFF749FCFFF7B8FA494647F079FB00280C
:109F1000A0D00137F0E7F0B5C5B004469DF8285150
:109F2000ADF80D200F4612218DF80C102A46194667
:109F30000DF10F0046F0A2FC23684B9A0092D3F873
:109F4000F06003AAEB1C39462046B04745B0F0BD8F
:109F5000F0B5C5B004469DF82851ADF80D200F4668
:109F600052218DF80C102A4619460DF10F0046F0CB
:109F700085FC236800220092D3F8F06003AAEB1C52
:109F800039462046B04745B0F0BD10B500F1C903D1
:109F900000F2551033F8194C8C4201BF1C88148014
:109FA0009C7894701C338342F4D1002010BD0000D3
:109FB0002DE9F04196B004461C9E1F4600201C234C
:109FC00004F1B00C4FF6FF7E03FB00F53CF8058072
:109FD000F04505D001300528F6D116B0BDE8F08176
:109FE0006019172380F8B220A0F8C030A0F8B01094
:109FF00080F8B37005F1B4033168E150E218B3881A
:10A0000093800DF10901721E731D12F8010F01F802
:10A0100001099A42F9D10F4B1868BA35036804EB6D
:10A020000508D3F89030424601A9984710B960510D
:10A03000A8F80400D4F85441002CCED0324639465A
:10A0400003A8FEF737FB03A8A04703A8FEF77BFA97
:10A05000C3E700BF7C3A07002DE9F04106460F46F2
:10A06000904600F1B405002415F8013CBB420CD128
:10A0700006224146284646F0F3FB30B91C2303FB79
:10A080000464B4F8B000BDE8F0810134052C05F19A
:10A090001C05E9D14FF6FF70F5E72DE9F0410646C2
:10A0A0000F46904600F1B405002415F8013CBB4270
:10A0B0000CD106224146284646F0D2FB30B91C237B
:10A0C00003FB0464D4F8C400BDE8F0810134052C1E
:10A0D00005F11C05E9D10020F6E738B54FF6FF720F
:10A0E00004460B460020B3F8B050954203D093F8D5
:10A0F000B250012D08D00130052803F11C03F2D124
:10A100002046FEF7C7FA0AE01C23434303F1B402DA
:10A110000B440A44204693F8B310FEF7CBFA2046CE
:10A1200038BD98B5B0F8A820D31DEC46DB08ACEBE1
:10A13000C30300AF9D460368D3F88C406B46A0472D
:10A14000003018BF0120BD4698BD00002DE9F04F3A
:10A1500087B002AF9146DFF890A0B96000F18C02A1
:10A160000546FA601C460026B5F8B080C7F804D052
:10A170004FF6FF7398452BD0B5F8C030DA1D69460D
:10A18000D208A1EBC202033B95469BB2A4B29C420B
:10A190004FF01B0228BF1C468DF80820BA68ADF8A6
:10A1A0000920494622460DF10B0046F067FBDAF81C
:10A1B00000000DF1080B0268CDF800B0E31CD2F8E6
:10A1C00094B0DBB204224146D847D7F804D0013618
:10A1D000FB681C359D42C7D1002E14BF20460020CD
:10A1E0001437BD46BDE8F08F7C3A07002DE9F04FEB
:10A1F00087B002AFC7E9002100F5A072064600F162
:10A20000B405BA601C464FF0000935F804ACC7F835
:10A210000CD04FF6FF739A4542D0AB89DA1D6946E0
:10A22000D208A1EBC202033B95469BB2A4B29C426A
:10A230004FF01D0228BF1C468DF808207A68ADF843
:10A240000920396822460DF10B0046F017FB002368
:10A2500086F83C31194BD3F800800DF1080BD8F883
:10A260000020CDF800B0E31CD2F894B0DBB2042299
:10A2700051464046D84796F83C316BB9D8F8003083
:10A2800040461B699847336815F8011C5B6B2A46EA
:10A29000304698470028EED1D7F80CD009F10109D3
:10A2A000BB681C35AB42B0D1B9F1000F14BF2046DA
:10A2B00000201437BD46BDE8F08F00BF7C3A070090
:10A2C0002DE9F04F89B002AF042BFA603A6CC7F861
:10A2D00008D0C7E9041014880AD003680422009249
:10A2E000D3F8DC502346A8471C37BD46BDE8F08FA5
:10A2F000FB6807336A46DB08A2EBC3039D460DF1FA
:10A30000080805238DF80830002388F80130484BF1
:10A31000013CD3F800A0A4B20225DAF80030504680
:10A32000DB699847844258D23B6C5B88A34254D97E
:10A33000DAF8003021461B6A5046984703689B684C
:10A340008346984742F6030301349842A4B255D19C
:10A350005846FEF7A0FB231A59425941DBF800305A
:10A3600079609B68584698477968024611B9B0F5FC
:10A37000245F45D15846C7E90012FEF7FFFAD7E936
:10A380000012022806460CBF0123022398F80100A0
:10A3900008B988F8013098F8010098421DD105F1FC
:10A3A00002091FFA89F928F8054008EB090311B9D9
:10A3B000B2F5245F27D158467B60FEF7DCFA7B6854
:10A3C00001463246184646F059FA09EB0605ADB289
:10A3D0000236FB682E44B3429FDA022D1CD17A6903
:10A3E0003B6C12681B880A210091D2F8DC40D7E947
:10A3F00004100422A047D7F808D075E70021ADE784
:10A4000002260123C2E7DBF8003058469B689847D4
:10A41000043528F80900DAE7064B18680368CDF818
:10A420000080D3F894403969EBB20422A047E2E7F8
:10A430001C3A07007C3A07002DE9F04F89B002AFC3
:10A44000052B3E6CC7F808D08346C7E90321348842
:10A450000BD8036804220092D3F8DC50062223466E
:10A46000A8471C37BD46BDE8F08FFA680732694639
:10A47000D208A1EBC202954607228DF80820B288C7
:10A48000B2F5205F0DF1080A0DD0DBF8002033880B
:10A490000A210091D2F8DC40396906225846A047CB
:10A4A000D7F808D0DDE7063B9BB27B61274B013C28
:10A4B000D3F80090B31DA4B201257B60D9F8003019
:10A4C0004846DB699847844232D27388A3422FD929
:10A4D000D9F8003021461B6A4846984703689B68B4
:10A4E00080469847B38883421BD14046FEF746FA20
:10A4F0007B69984215D14046FEF73DFA7A69796842
:10A5000046F0AEF968B94046FEF705FF2AF80500A7
:10A510004046FEF702FFAB1C9BB204352AF803004D
:10A52000ADB2FA68EB1C9A4202DD0134A4B2C5E771
:10A53000012DAAD0064B18680368CDF800A0D3F807
:10A5400094403969EBB20422A047A9E71C3A0700FE
:10A550007C3A07002DE9F04F89B002AF062BBA60B4
:10A560003A6CC7F80CD081468B46158804D1938885
:10A57000A3F52053012B0FD9D9F8003010220092F7
:10A58000D3F8DC402B4659464846A047D7F80CD0B4
:10A590001C37BD46BDE8F08FBB6807336A46DB0851
:10A5A000A2EBC3039D4602AE11238DF808300023B1
:10A5B0007370364B013DD3F800A0ADB20224DAF837
:10A5C00000305046DB699847854247D23B6C5B8838
:10A5D000AB4243D9DAF8003029461B6A5046984707
:10A5E0003B6C02689B887B619268804690477B69E0
:10A5F000834230D14046FEF7C1F9022803460CBF22
:10A60000062314233B61737878610BB93B6973703F
:10A6100073783A69934221D14046FEF77CFE30536D
:10A620004046FEF77AFEA31C9BB20434A4B2F0525B
:10A63000331940467B60FEF79EF97B687A690146D4
:10A64000184646F01BF97B69BA681C443B69A4B202
:10A6500023449A4202DB0135ADB2B0E7022C09D1A6
:10A660003B6CD9F800201B880A210091D2F8DC400D
:10A67000102288E7064B186803680096D3F89450B8
:10A680000422E3B25946A84780E700BF1C3A0700FE
:10A690007C3A07002DE9F04F89B002AF91463A6C41
:10A6A000C7F808D0062BC7E9031015880BD003683C
:10A6B00004220092D3F8DC4008222B46A0471C3726
:10A6C000BD46BDE8F08F09F107036A46DB08A2EB3F
:10A6D000C3039D460DF1080809238DF808300023B7
:10A6E00088F801306D4B1B687B613B6C013D043386
:10A6F000ADB202247B607B6978691B68DB6998478F
:10A70000854280F083803B6C5B88AB427ED97B695D
:10A7100078691B6829461B6A984703689B68064648
:10A7200098473B6C9B888342336805F1010A1FFA06
:10A730008AFA9B6830467AD1984742F603039842DA
:10A740003DD13046FEF7A7F9824535D03046FEF7B9
:10A7500015F998F80120022803460CBF4FF0070BAB
:10A760004FF0150B0AB988F801B098F801203B604A
:10A770005A454BD128F804A03046FEF70FF9A21C29
:10A7800092B2023508F80200E21C92B2304628F874
:10A790000250FEF7F0F805343B68A4B208EB04055C
:10A7A0001A460146284646F069F83B681C44A4B2A4
:10A7B000A344D9452ADB55460135ADB29BE7336842
:10A7C00030469B68984742F602139842F4D128F825
:10A7D00004A03046FEF7C8FA0234A4B2A9EB04097B
:10A7E00080B21FFA89F9814528BF8146304608EBBF
:10A7F0000405FEF7BBFA4A4601464C44284609F1D7
:10A80000020946F03BF8A4B288F80190022C38D136
:10A810003A693B6C12681B880A210091D2F8DC402F
:10A82000D7E903100822A047D7F808D047E7984790
:10A8300042F603039842BFD13046FEF79FF8022844
:10A840008346B9D13046FEF796F85A4601467868F5
:10A8500046F006F80028AFD128F804A03046FEF7ED
:10A86000A7F80234A4B2A9EB04091FFA89F980B24F
:10A87000814528BF8146304608EB0405FEF796F86F
:10A88000B9E7074B18680368CDF80080D3F89450F7
:10A89000F968E3B20422A847C6E700BF1C3A0700E4
:10A8A0007C3A07002DE9F043012B97B0044602AF34
:10A8B0000E461546E8460BD0036804220092D3F8F2
:10A8C000DC4018220023A0475437BD46BDE8F08382
:10A8D000B0F83E1141B33B6F1B78DB0724D5224B08
:10A8E0001868036801391B6A9847002281461C21B9
:10A8F00004F1B00001FB02F330F803C0B4452ED1DF
:10A9000003F1B4022344224493F8B310381DFDF739
:10A91000D1FE4846B4F84431D4F84021391DFEF741
:10A92000B4F9381DFDF70FFE00230735A4F83E31BA
:10A93000A4F84431ED086B46A3EBC5039D461923EB
:10A940008DF80830094B186802AA03680092D3F802
:10A950009440042201233146A047C546B4E70132A2
:10A96000052AC7D1E0E700BF1C3A07007C3A070080
:10A970002DE9F04F87B002AF032B04460D467A60F5
:10A980001E46C7F80CD00DD8036804220092D3F8F5
:10A99000DC4016220023A047D7F80CD01437BD4660
:10A9A000BDE8F08FBB6B1B883B811FFA83F8BB6B44
:10A9B000B3F802B04B4BD3F80090D9F800304846BA
:10A9C000DB69984708F1FF318BB2834206D92368CF
:10A9D0000A220092D3F8DC60434620E0D9F8003028
:10A9E00048461B6A984703689B688146984742F629
:10A9F0000303984202D023680B22EAE74846FEF799
:10AA00004AF840458246F6D14846FDF7C7FF03079E
:10AA10000AD4236803210091D3F8DC605346162240
:10AA200029462046B047B7E7B4F83E31E3B9484677
:10AA30003B60FDF7B9FF01468246D4F8400146F07D
:10AA400055FC3B683A89A4F83E21C4F84001A4F8BB
:10AA500044315246194645F039FFB4F844315B455C
:10AA600007D023680722B4E75345F6D023680E21A8
:10AA7000D1E7331F5FFA83FA0BEB0A024846BA604C
:10AA8000FDF792FFBA6880B28242EADCBB6BD4F871
:10AA900040015246191D584445F0F0FEB4F84421D7
:10AAA000B96B0AEB0203A4F844317B6807336A46AA
:10AAB000DB08A2EBC3039D4617238DF8083032460E
:10AAC0000DF1090045F0DAFE074B186802AC026888
:10AAD0000094731CD2F89440DBB204222946A047AC
:10AAE0005AE700BF1C3A07007C3A07002DE9F04FF7
:10AAF0009BB0012B8A46039263D9249A023B1688A5
:10AB0000059300F18C0204460292B4F8B03053452C
:10AB100042D1D4F8C450002D42D02846FEF739FE69
:10AB20004FF000098046C14536DA49462846FEF70F
:10AB300032FE0746FEF7A2FEB0422AD23846FEF7A2
:10AB40009FFEB04225D33846FEF79CFE249B02337D
:10AB5000804604F1B4090025049345451CDA2946D2
:10AB60003846FEF791FE8346FEF706FDB0420ED151
:10AB70004A4694F8B31007A8FDF79CFD5846DDE956
:10AB8000042307A9FEF768FD07A8FDF7DCFC0135E3
:10AB9000E3E709F10109C6E7029B1C349C42B4D1EA
:10ABA000039B1D2B0DD11E238DF81C30064B1868FE
:10ABB00007AA03680092D3F8944004220123514667
:10ABC000A0471BB0BDE8F08F7C3A07002DE9F04F9D
:10ABD0008FB002AFC7E90021FB60B0F8A830F96878
:10ABE00007336A46DB08A2EBC30307F118059D464D
:10ABF0008346284600F00AFF0DF108090124BD60D4
:10AC0000DBF80030CDF804904FF420520092D3F8D6
:10AC1000BC5079684FF6FF7322465846A847054650
:10AC200020B199F80030112B04D001203437BD46F3
:10AC3000BDE8F08F99F801307B61A3F1040802238D
:10AC40005FFA88F809F102063B614FF6FF7A3B692B
:10AC5000AB4204DB4FF6FF739A45D1D0E5E7FB68C2
:10AC6000E3B930203CF044F83146728831F8043BB7
:10AC7000009204464246FEF7E7FD21463868FEF79B
:10AC800071FD7488D7E904320134A4B2002C134456
:10AC900008BF4FF0000A3B611644D8E7B86800F0DF
:10ACA000F4FE4045EDD1B86800F0EDFE42460146A5
:10ACB000301D45F0D5FD0028D3D0E2E72DE9F04F57
:10ACC0008DB0B0F8A83004AFC7E9042107336A4655
:10ACD000DB08A2EBC3039D4682463869FEF759FDA7
:10ACE0000DF11009F8604FF00008FB6898454ADA4A
:10ACF00041463869FEF74FFDB861FEF7BFFD0646D5
:10AD0000B869FEF7BDFDB860DAF80030CDF8049000
:10AD100042F603020092D3F8A8407969BB68324634
:10AD20005046A047054678B399F80030092B27D143
:10AD300099F80130FB61053BDBB27B6009F102044D
:10AD40004FF0020BAB45DFDA38203BF0D1FFB4F80F
:10AD500003300293A37801932388009306467B690E
:10AD60007A68611DFEF794FB3146B869FEF79AFDDB
:10AD7000B4F80360FB690136B6B29B441C44E1E7BA
:10AD800008F10108B1E701202437BD46BDE8F08F86
:10AD90002DE9F04F8FB0B0F8A83002AF0733C7E904
:10ADA0000421DB086A46A2EBC3039D4602AB824640
:10ADB0003869FB62FEF7EDFC4FF0000BF860FB68B2
:10ADC0009B456CDA59463869FEF7E5FC7862FEF778
:10ADD00057FDB860786AFEF755FD431E38620026BD
:10ADE0007B603B6A9E4257DA3146786AFEF74CFD3B
:10ADF0007B68F8619E4248D0711C786AFEF744FD7A
:10AE00000546F869FEF7B8FB013084B2002D3ED04C
:10AE10002846FEF7B1FBB862BB6AA3423AD3DAF820
:10AE20000030FA6A0092D3F898507969BB6A2246DA
:10AE30005046A847054698B3FB6A1B78052B29D1D5
:10AE4000FB6A93F801904FEA8903BB61FB6A4FF0FC
:10AE5000020903F10208A945E1DA20203BF048FF8E
:10AE60004146044631F8023B00937B690222FEF71B
:10AE70005DFC2146F869FEF781FBB8F80040BB692C
:10AE80000134A4B299449844E5E70025B9E7BB68CA
:10AE9000BB62C1E70136A4E70BF1010B8FE701208C
:10AEA0003437BD46BDE8F08F70B5002300F1B00423
:10AEB0001C2505FB03F2A65A8E4204D00133052B54
:10AEC000F7D1002003E0104490F8C800C00970BD1D
:10AED000F0B5022A85B004460D4609D00368042265
:10AEE0000092D3F8DC4002220023A04705B0F0BD59
:10AEF0001B88B0F8A8209A4228BF1A46B030002319
:10AF00001C2606FB03F1475AAF4212D10C44A4F8A9
:10AF1000C020ADF80D20094A032310688DF80C30CD
:10AF2000026803A90091D2F8944029460422A04760
:10AF3000DCE70133052BE4D1EBE700BF7C3A0700E7
:10AF4000F0B5002300F1B0051C2606FB03F42F5BCF
:10AF50008F4204D00133052BF7D1002003E02044B9
:10AF600080F8C8200120F0BD042A15D1B0F848218E
:10AF70008A4211D190F84A211978013A8A420BD1BC
:10AF8000D0F84C2101211170D0F84C211B68C2F877
:10AF90000130052380F850317047022AF0B51ED1E8
:10AFA000002200F1B0051C2606FB02F42F5B8F4245
:10AFB00016D104441A88A4F8C020B0F848218A4267
:10AFC0000DD190F84A21032A09D1D0F84C110A700A
:10AFD000D0F84C111B88A1F8013080F85021F0BD49
:10AFE0000132052AE0D1E8E7012A38B504461546C2
:10AFF00013D9B0F8480188420FD194F84A010528C6
:10B000000BD1D4F84C110870D4F84C01194601301A
:10B01000013545F033FC84F8505138BD012A38B56C
:10B020000446154613D9B0F8480188420FD194F868
:10B030004A0111280BD1D4F84C110870D4F84C01F6
:10B0400019460130013545F019FC84F8505138BDDE
:10B0500038B50446B0F84801884215460FD194F837
:10B060004A110B290BD1D4F84C010170D4F84C01D2
:10B0700019460130013545F001FC84F8505138BDC6
:10B0800038B5044615469AB1B0F8480188420FD148
:10B0900094F84A0109280BD1D4F84C110870D4F85F
:10B0A0004C0119460130013545F0E8FB84F8505158
:10B0B00038BD6AB9B0F848318B4209D190F84A31AD
:10B0C000132B01BFD0F84C211370012380F85031AD
:10B0D0007047F0B500241C2500F1B00605FB04F311
:10B0E000F75A8F4204D00134052CF7D1002006E036
:10B0F000C9331488C452C11893788B700120F0BDF5
:10B10000F0B500241C2500F1B00605FB04F3F75A46
:10B110008F4204D00134052CF7D1002006E0B4336F
:10B12000184403681360838893800120F0BDF0B554
:10B1300000241C2500F1B00605FB04F3F75A8F42EA
:10B1400004D00134052CF7D1002009E0BA330344C0
:10B150001C46002114F8010B18B901310629F9D158
:10B16000F0BD196811609B8893800120F8E700000A
:10B1700070B5054690F8850094B0F8B1104B114CAD
:10B180001868B4F84410036801391B6A984704F141
:10B190004702064694F8461001A8FDF78BFA94F88A
:10B1A0004D3004F14E0201A93046FDF76EFD01A8B5
:10B1B000FDF7C9F9002385F88530012014B070BD72
:10B1C0001C3A0700B06800202DE9F04F9DB098466A
:10B1D00002AFB8F10A0F92460446796197F89020C1
:10B1E000D7F89430C7F80CD00FD1022A17D00368D3
:10B1F00004220092D3F8DC4042460023A047D7F84F
:10B200000CD06C37BD46BDE8F08F042A07D0036828
:10B2100004220092D3F8DC400C220023EEE7B8F1C0
:10B220000A0FB3F8009018BFB3F802B0924B1D6834
:10B230002B682846DB6908BF4FF0000B984709F1DF
:10B24000FF318BB2834207D923680A220092D3F8D8
:10B25000DC5042464B4624E00AF107036A46DB080D
:10B26000A2EBC3039D46B8F10A0F6A460CBF0B233D
:10B270000D2302F8083F2B683A611B6A284698475D
:10B2800003689B6805469847B0F5205F2BD1BBF15A
:10B29000000F0AD0236804220092D3F8DC500B225E
:10B2A0004B4679692046A847A9E72846FDF766FB83
:10B2B00080462846FDF75FFB424601460DF1090036
:10B2C00045F0DCFA08F101081FFA88F86B4B3A697F
:10B2D000186803680092D3F8944079695FFA88F39C
:10B2E0000422A0478BE742F6030398420AF1FF3A93
:10B2F00040F09F802846FDF7CCFB48451ED1BBF1AE
:10B30000000F02D023680B22A0E72846FDF746FB7A
:10B310003B6958702846FDF7BEFB3B6958802846BC
:10B32000FDF72CFB80462846FDF725FB42460146EB
:10B3300003A845F0A3FA08F10408C5E72846FDF77D
:10B340002DFB830702D4236802227FE72846FDF7FE
:10B3500028FB10F0020022D0002204F1B0011C20D2
:10B3600000FB02F37E6931F803C0B44510D001320E
:10B37000052AF5D123680F220092D3F8DC307969D1
:10B380001E4642464B462046B04701231E4607E074
:10B39000234493F9C830002BECDA0023F6E7064685
:10B3A0002846FDF705FB83B29B4502D3236807229D
:10B3B0004CE780B2A0EB0B008245A8BF82461FFA83
:10B3C0008AF3BB6004F18C03A1467B604FF0010857
:10B3D0001FFA8AFAB9F8B0307A69934219D109F1A3
:10B3E000B40299F8B31007F11C00FDF763F9CDF82A
:10B3F00000A03B695A46434407F11C012846FDF76B
:10B4000025FC07F11C00FDF79EF8BB6898441FFA65
:10B4100088F87B6809F11C099945DBD1002E3FF4BF
:10B4200055AF42463969201D45F028FA84F88480DA
:10B43000E5E6B0F5245F1BD12846FDF795FC83B205
:10B440009B45B3D280B2A0EB0B08C2452846A8BFEB
:10B45000C246FDF78BFC1FFA8AF200EB0B010AF1E2
:10B46000010A0DF1090045F009FA1FFA8AF82DE7E3
:10B470004FF001082AE700BF1C3A07007C3A07009A
:10B480002DE9F04F99B002AF1D4697F880303A6031
:10B49000012B04460E467B600DD8122D07D10368A0
:10B4A00004220092D3F8DC402A460023A0475C37F0
:10B4B000BD46BDE8F08FD7F88430B3F800808E4BDE
:10B4C000D3F800A0DAF800305046DB69984708F15D
:10B4D000FF318BB283420CD9122DE8D123680A22A6
:10B4E0000092D3F8DC902A46434631462046C847AE
:10B4F000DDE7DAF8003050461B6A984703689B681E
:10B500008146984742F6030B584540F0A0804846D4
:10B51000FDF7C1FA4045484601D1122D6FD1FDF724
:10B520003DFA020771D54846FDF73BFA10F0020AD2
:10B5300004F1B00B16D000221C2101FB02F33BF8F2
:10B540000300B04267D00132052AF6D123680F22EA
:10B550000092D3F8DCA01222434631462046D04761
:10B560004FF0010A00231C2101FB03F23BF802000B
:10B57000B04268D17B68023B5FFA83FBD7F8843026
:10B58000A1180233B4327B6091F8B3102244BAF1AF
:10B59000000F48D0032084F88500A4F8448084F884
:10B5A00046101168C4F847109288A4F84B200A226C
:10B5B00084F8852019465A4684F84DB004F14E00AF
:10B5C00045F05CF994F885200BEB020384F8853094
:10B5D000122D7FF46CAF3B6807336D46DB08A5EB9B
:10B5E000C3039D46132302AA8DF80830BAF1000F59
:10B5F00076D02371012384F88430AD4657E7FDF7F8
:10B60000CDF943077FF553AF8DE7122D7FF44FAF90
:10B610002368032264E7234493F9C830002B95DAAA
:10B620004FF0000A9EE707F10C00FDF743F848468B
:10B630005B467A6807F10C01FDF727FB07F10C0068
:10B64000FCF781FFC4E70133052B8DD1C0E7D9F8A2
:10B65000003048469B689847B0F5245FD5D14846EE
:10B66000FDF78CF90228D0D14846FDF784F902880D
:10B6700042F602139A42C8D1DAF80030A8F102016A
:10B680001B6A5046984703689B688146984758450F
:10B69000BBD100221C2104F1B00001FB02F330F801
:10B6A00003C0B44518D103F1B4022344224493F8F3
:10B6B000B31007F10C00FCF7FDFFD7F884304846C3
:10B6C0005A8807F10C01FDF700FB07F10C00FCF7AD
:10B6D0003AFF4FF0000A7BE70132052ADDD1F8E797
:10B6E000064B186803680092D3F8944004220123A3
:10B6F0003146A04781E700BF1C3A07007C3A0700AB
:10B700001F4B70B5044640F8863B02F0C0FE04F1C2
:10B71000870002F0BCFE1B4B04F1980503F11006F4
:10B72000186859682A4603C20833B3421546F7D150
:10B7300041F288331721C4F8AC300023A4F8A810D4
:10B74000A4F83E31C4F84031A4F8443104F1B40205
:10B7500004F5A0704FF6FF7522F8045C02F8023C75
:10B7600002F8013C136093809181136113751C32C0
:10B770008242F1D1C4F85431C4F85831204670BD2A
:10B78000DC380700C03807002DE9F04F00230446DD
:10B79000A7B098464FF0FF35B0301C264FF6FF7724
:10B7A00006FB03F2825A8A4208BF1D46BA4203F1E1
:10B7B000010318BF08F10108052BF1D16B1C6ED0F5
:10B7C0001C236B4303F1B4072344E619324693F874
:10B7D000B3106846FCF76EFFB8F1010F2FD1314B63
:10B7E000D3F800804FF0000942F6030BD8F8003080
:10B7F0004046DB6998471FFA89FA82451AD2D8F881
:10B80000003051461B6A4046984703689B68824651
:10B81000984758450BD1694613A8FDF751F9504692
:10B82000002213A9FDF751FA13A8FCF78CFE09F1C9
:10B830000109DBE70023A4F83E31A4F84431D4F831
:10B840005881B8F1000F08D0694613A8FDF738F900
:10B8500013A8C04713A8FCF776FE1C2303FB05437F
:10B860004FF6FF72C3F8B0200022E251B280D3F845
:10B87000C400A3F8C8201721A3F8C01083F8CA2079
:10B8800083F8CB2010B103685B6898471C2303FB47
:10B8900005440023C4F8C4306846FCF754FE27B0C2
:10B8A000BDE8F08F1C3A07002DE9F04FA9B000F178
:10B8B0008C030646044601934FF000084FF6FF7ACA
:10B8C000B4F8B010514559D0324B18680368D3F81A
:10B8D000983098470546002850D104F1B4094A46EB
:10B8E00094F8B31002A8FCF7E5FE2B4B1F6808F193
:10B8F00001083B683846DB6998471FFA85FB5845C5
:10B900001AD93B6859461B6A3846984702689268BC
:10B910008346904742F6030398420BD102A915A82B
:10B92000FDF7CEF85846002215A9FDF7CEF915A867
:10B93000FCF709FE0135DCE70023A6F83E31A6F846
:10B94000443184F8B23084F8B330A4F8B0A0C9F818
:10B950000030A9F80430D4F8C400C4F8BA30A4F810
:10B96000BE301723A4F8C03010B103685B68984755
:10B970000023C4F8C43002A8FCF7E5FD019B1C3489
:10B980009C429DD1B8F1000FD4BF0020012029B006
:10B99000BDE8F08F7C3A07001C3A070030B5002361
:10B9A00000F1C8011C2404FB03F28D5CAD0703D534
:10B9B0001044B0F8B00030BD0133052BF3D10620A0
:10B9C000F9E770B5002300F1B0041C2505FB03F274
:10B9D000A65A8E4204D00133052BF7D1002002E095
:10B9E000104490F8C80070BD10B5054C2046FFF714
:10B9F00087FE2046034A0449BDE810403AF069BF7B
:10BA0000B068002000600020A19C020073B50025F2
:10BA100004460E4640F8041B10222946ADF8045097
:10BA20008DF8065044F052FF25752EB3304645F090
:10BA300022FE451E002D237D19DB0F2B1FD8735DC1
:10BA40002D2B02D10135023DF4E77219002112F8C5
:10BA5000012C8DF8042001A810228DF8053045F046
:10BA6000DBFE237DE218013310712375EBE7032B16
:10BA700034BF022310232375204602B070BD10236B
:10BA8000F9E70068704704307047007D7047000098
:10BA90002DE9F047144C80464D1E4FF4AA594FF043
:10BAA0002D0A6A1C1AD018F8057010222146380990
:10BAB00004F016FE1022611C07F00F0004F010FEC7
:10BAC0000C2D04F1020606DC29FA05F3DB0744BF5E
:10BAD000E61C84F802A0013D3446E2E7002323700F
:10BAE0000148BDE8F08700BF0C6A0020007970476C
:10BAF0002DE9F04F89B090460DF1180B027A9DF8B0
:10BB000048601F460023054689460693ABF804307B
:10BB1000FAB99E4214BF4FF0020A4FF0030A2B6895
:10BB200028461B699847194BEA881C6800210720A2
:10BB300023680091CDE90301CDE9011B2046D3F82C
:10BB40003CB011465346D84728B1002009B0BDE8A3
:10BB5000F08F9A46E3E723684A461B6C414620462D
:10BB600098470028F1D123683A465B6C314620465D
:10BB700098470028E9D1236801219B6C204698470B
:10BB80000028E2D101202871E0E700BF7C3A0700DD
:10BB9000034B00210171186803689B6C184700BFB4
:10BBA0007C3A07002DE9F341124B1D682B680122F6
:10BBB0001B6D07460E4628460021002498472B6837
:10BBC000CDE90044D3F84C8020231A4601212846B1
:10BBD000C04768B9012179712B6886EA01021B6DA3
:10BBE00028469847B0FA80F0400902B0BDE8F081DD
:10BBF0002046FAE77C3A0700C1807047017270471F
:10BC0000022908BFC260704770B50B4D04461C3056
:10BC1000164604F0A9FC294604F1280004F0BDFCF6
:10BC2000294604F1340004F0B8FC2368314620466C
:10BC30005B69BDE870401847347A07002DE9F04190
:10BC40000C4D04460F461C302946164604F0A5FC50
:10BC5000394604F1280004F087FC294604F1340039
:10BC600004F09BFC2368314620465B69BDE8F04147
:10BC7000184700BF347A07002DE9F0410C4D044607
:10BC80000F461C302946164604F087FC294604F16D
:10BC9000280004F082FC394604F1340004F064FC0E
:10BCA0002368314620465B69BDE8F041184700BF74
:10BCB000347A07007FB5C36B04460D468BB10B6821
:10BCC00001A89B69984701A904F1340004F0C4FC61
:10BCD000064601A804F0EBFB1EB90024204604B080
:10BCE00070BD636A73B1294601A8FCF7F7FC01A98E
:10BCF00004F11C0004F0A3FC064601A804F0D7FBE5
:10BD0000002EEAD0236B6BB1294601A8FCF75CFD3D
:10BD100001A904F1280004F09FFC044601A804F0E6
:10BD2000C6FBDBE70124D9E738B50F4B03604FF4BE
:10BD300020030E4D43600123037200230446C0E933
:10BD40000333C0E9053329461C3004F0FBFB2946C8
:10BD500004F1280004F0F6FB294604F1340004F055
:10BD6000F1FB204638BD00BFDC390700347A0700FC
:10BD700003688B4208D9436800228A4202D05B687C
:10BD80000132FAE7186870470020704770B5044622
:10BD9000406800252368AB4206D9466808213AF07E
:10BDA000D3FF01353046F5E70023C4E90033A36033
:10BDB00070BD000010B50A4B044640F8343B04F057
:10BDC00076FB04F1280004F072FB04F11C0004F07F
:10BDD0006EFB04F11000FFF7D9FF204610BD00BF35
:10BDE000DC39070010B50446FFF7E4FF2046402188
:10BDF0003AF0AAFF204610BD70B50E4B05461868F4
:10BE0000036800221B6D11460024984705F11006B7
:10BE10006C712B699C4209D221463046FFF7A8FF7E
:10BE200010B103685B6898470134F2E73046FFF7CA
:10BE3000ADFF70BD7C3A070003688B4270B50446C5
:10BE40001AD90022406813468A42456803D0034647
:10BE500001322846F8E7066863B96560A268824245
:10BE600008BFA36008213AF06FFF2368013B2360FD
:10BE7000304670BD5D60F1E70026F9E72DE9F0413D
:10BE8000074694B00D46002401F110082B699C422E
:10BE90002AD221464046FFF76BFF0646FCF7D1FC4D
:10BEA00000B3314601A8FCF70BFE21464046FFF7E0
:10BEB000C3FF1EB1336830465B6898472B6801A901
:10BEC000DB6B2846984750B101A93846FCF7F8FDCE
:10BED00001A8FCF738FB384614B0BDE8F08101A892
:10BEE000FCF731FB0134D1E73846FCF7D3FBF2E72E
:10BEF0002DE9F04FC568ABB004460F4692469B460D
:10BF00009DF8D0809DF9D8902DB3032922D11A46EF
:10BF1000514604A8FCF7CEFBCDF80090359B424675
:10BF2000394604A8FCF767FC236804A9DB6B2046AC
:10BF3000984748B104A917A8E468FCF7C1FD17A801
:10BF4000A04717A8FCF7FFFA04A8FCF7FCFA2BB0EF
:10BF5000BDE8F08F002504F110032269AA420DD933
:10BF6000184629460393FFF703FF5A4651460646F3
:10BF7000FCF731FC039B002841D006BB23691F2B33
:10BF800008D9002104F11000FFF756FF10B1036833
:10BF90005B6898474C203AF0ABFE5A46514606463D
:10BFA000FCF788FB08203AF0A3FE0023C0E90063F9
:10BFB000636933BB60612569A0616B1C2361042F39
:10BFC00022D0CDF80090359B424639463046FCF7EA
:10BFD00012FC3046FCF735FC0028B8D0E368002B93
:10BFE000B5D0314604A8FCF76BFD294604F11000DA
:10BFF000FFF722FF336830465B68984794E70135C6
:10C00000ABE7A3695860D6E74B46359A41463046C0
:10C01000FCF702FCDDE770B446799DF80C409DF911
:10C02000145026B10595039470BCFFF761BF70BC36
:10C030007047000010B5054C2046FFF775FE2046FE
:10C04000034A0449BDE810403AF043BC346A00207A
:10C0500000600020B5BD0200406870474368994207
:10C0600008D283680022914202D05B680132FAE76D
:10C07000186870470020704773B5044630203AF0C6
:10C0800037FE32490546FDF733F9E56154203AF0B1
:10C090002FFE00250646142302222D490095FCF7A9
:10C0A00049FD266254203AF023FE02231A46064632
:10C0B00028490095FCF73EFD666230203AF018FEF4
:10C0C00025490646FDF714F9A66254203AF010FE01
:10C0D00020220423214900950646FCF72BFDE66249
:10C0E000E069FCF74EFC206AFCF74BFC606AFCF749
:10C0F00048FCA06AFCF745FCE06AFCF742FCD4E986
:10C100000701FDF71CF9616AE069FDF718F9D4E948
:10C110000A01FDF714F9236811491B692046984765
:10C120002368294620465B69984723682046DB6AD6
:10C1300098472368E1699B6A204698472368A16A6B
:10C140009B6A204602B0BDE870401847203A0700BD
:10C15000253A07002A3A07002F3A0700343A070029
:10C16000393A070010B50446C06948B1FCF70EFC27
:10C1700030B9E06910B103685B6898470023E36158
:10C18000206A48B1FCF702FC30B9206A10B103689C
:10C190005B68984700232362606A48B1FCF7F6FBAE
:10C1A00030B9606A10B103685B6898470023636226
:10C1B000A06A48B1FCF7EAFB30B9A06A10B1036885
:10C1C0005B6898470023A362E06A48B1FCF7DEFB96
:10C1D00030B9E06A10B103685B6898470023E362F6
:10C1E00023682046DB6ABDE810401847006AFCF768
:10C1F00041BC07B50222ADF80610406A0DF10601F8
:10C20000FCF7D8FB03B05DF804FB10B50446084604
:10C21000FCF777FB014628B1236820469B6ABDE8FE
:10C220001040184710BD2DE9F0410025074688460B
:10C230002C463B683846DB699847A84211D93B68D1
:10C2400029461B6A3846984703689B680646984704
:10C25000B0F5205F02D0464503D02646013534466E
:10C26000E7E720463CB1FCF789FB0228204604D1D1
:10C27000FCF781FB0088BDE8F081FCF77CFB40897E
:10C28000F9E70000074A02600022C0E90122C0E984
:10C290000322C0E90522C0E90722C0E90922C262DF
:10C2A000704700BF4C3A070038B5044608200D46D9
:10C2B0003AF01EFD0023C0E9005363682BB96060AB
:10C2C0002368A0600133236038BDA3685860F7E796
:10C2D0002DE9F84F04460D46084604F10408FCF722
:10C2E00050FB29464046FFF7DFFF08203AF000FDEB
:10C2F0000023C0E900536369002B47D160612369C3
:10C30000A0610133236123682046DB699847002739
:10C310001FFA80FB2846FDF702F8B8423BD93946A0
:10C320002846FCF7FEFF0646FCF72BFB314640464D
:10C33000FFF7BAFF23682046DB69984781B2304691
:10C34000FCF7A5FB3046FCF71CFB31464046FFF7E7
:10C35000ABFF4FF000093046FCF7A1FB484518D968
:10C3600049463046FCF79DFB8246FCF70AFB5146E6
:10C370004046FFF799FF23682046DB69984781B262
:10C380005046FCF7F5FC09F10109E4E7A3695860A0
:10C39000B5E70137BEE723682046DB699847594671
:10C3A00082B22846BDE8F84FFCF7B2BF70B504462C
:10C3B000406800252368AB4206D9466808213AF058
:10C3C000C3FC01353046F5E70023C4E90033A36020
:10C3D00070BD70B50446406800252368AB4206D99D
:10C3E000466808213AF0B0FC01353046F5E70023F5
:10C3F000C4E90033A36070BD38B50546064B45F867
:10C40000103B0446FFF7AEFE2846FFF7E2FF201D73
:10C41000FFF7CCFF204638BD4C3A070010B5044664
:10C42000FFF7EAFF204630213AF08EFC204610BD8F
:10C4300070B50446002523682046DB699847A8426A
:10C440000FD9236829461B6A204698470646FCF701
:10C450009DFA20B91EB1336830465B6898470135B4
:10C46000E9E7201DFFF7A2FF002523699D420BD2BB
:10C4700063690022954202D05B680132FAE71868CE
:10C48000FCF794FF0135F0E704F11000FFF7A1FF7E
:10C4900070BD000008B5054B1846FFF7F3FE044ACF
:10C4A00004491846BDE808403AF013BA746A0020FF
:10C4B00000600020F9C30200704700000023C0F8AC
:10C4C0000831024B186803681B681847B83B07001F
:10C4D000024B186803685B68184700BFB83B070049
:10C4E000036800215B69184710B40368D3F8A440BF
:10C4F0000023A4461A4640F603415DF8044B60470A
:10C5000037B50368ADF80610D3F8A45002220DF138
:10C51000060341F205410446A84750B9D4F8183241
:10C52000BDF806201988914203D193F9020003B0A7
:10C5300030BD7F20FBE713B5CDE900230368082257
:10C54000D3F8A44040F601416B46A04702B010BDAD
:10C5500013B5CDE9002303680822D3F8A44042F2C2
:10C5600001016B46A04702B010BD10B40368D3F8B8
:10C57000A44006220B46A44642F205015DF8044B96
:10C5800060471FB5089C8DF804309DF818308DF871
:10C5900005309DF81C308DF806302368CDF8073043
:10C5A000A388ADF80B309DF824308DF80D309DF840
:10C5B00028308DF80E300368ADF80010ADF8022079
:10C5C000D3F8A4400F226B4642F20601A04704B004
:10C5D00010BD13B503688DF80710D3F8A4400122ED
:10C5E0000DF1070342F20A01A04702B010BD13B5D6
:10C5F000ADF803309DF810308DF805309DF81430FB
:10C600008DF8063003688DF80010ADF80120D3F8DE
:10C61000A44007226B4642F20B01A04702B010BDB6
:10C6200013B503688DF804108DF80520D3F8A440E5
:10C63000022201AB42F20C01A04702B010BD10B5BE
:10C6400088B00B9C8DF808309DF828308DF80930A3
:10C650002368CDF80A30A388ADF80E309DF830304D
:10C660008DF81030BDF83430ADF81130BDF83830E9
:10C67000ADF81330BDF83C30ADF81530BDF84030A2
:10C68000ADF81730BDF84430ADF81930BDF848307A
:10C69000ADF81B300368ADF80410ADF80620D3F8F0
:10C6A000A440192201AB42F20D01A04708B010BD11
:10C6B00010B40368D3F8A4400023A4461A4642F2FB
:10C6C0000E015DF8044B60471FB5ADF80430BDF8AE
:10C6D0001830ADF80630BDF81C30ADF80830042332
:10C6E000ADF80A300623ADF80C300368ADF8001041
:10C6F000ADF80220D3F8A4400E226B4642F213019B
:10C70000A04704B010BD10B4D0F8EC402CB11946CD
:10C71000104623465DF8044B18475DF8044B7047FC
:10C72000F0B51D4603688BB016460F469B6F044656
:10C730009847731E8DF800700DF10602053613F848
:10C74000011F02F80119B342F9D1109B6A1E0DF1C5
:10C750001601013B0F3512F8010F01F80109AA4239
:10C7600013F8010F4874F6D123682722D3F8A45098
:10C7700042F227016B462046A84723682046DB6F1C
:10C7800098470BB0F0BD13B5531E8DF8001005325D
:10C790000DF1060113F8014F01F801499342F9D157
:10C7A00003680722D3F8A44042F22B016B46A0474E
:10C7B00002B010BD07B503680122D3F8883069467E
:10C7C000984703B05DF804FB37B5002300930DF1E3
:10C7D0000504CDF803304B1E053113F8015F04F852
:10C7E00001598B42F9D103688DF80620D3F8A44093
:10C7F00007226B4640F60D41A04703B030BD13B58C
:10C8000013238DF806300368ADF80410D3F8A44064
:10C81000032201AB40F20641A04702B010BDC0F8B0
:10C82000041170470023C0F80431704732B190F80A
:10C830001D329342C6BF9A1AD2B2002280F81D223E
:10C84000704710B4D0F8F8300C4623B1204611469A
:10C850005DF8044B184718465DF8044B704710B458
:10C86000D0F8EC300C4623B1204611465DF8044B5D
:10C87000184718465DF8044B704710B4D0F8F430F0
:10C880000C4623B1204611465DF8044B1847184664
:10C890005DF8044B7047D0F8FC302BB1D0F80001A4
:10C8A000003018BF012070470320704710B54FF4C7
:10C8B000487104463AF048FA204610BD564B2DE91F
:10C8C000F04704461D6819B12B6828469B689847B5
:10C8D0002B68524E9B69524FDFF848812846984793
:10C8E0002B682846DB6898472B68002800F08F806B
:10C8F0005B6928469847D4F80831B3F5817F5FFA21
:10C9000080F912DB0023C4F80831D4F8043163B194
:10C910002B682846DB6998473146D4F8040103F0B8
:10C9200087FC2B6828469B699847D4F80821531C3C
:10C930002244C4F8083182F80C9194F80C21022AA0
:10C940002ED1052BCCDD94F8101194F80F2102EBB9
:10C95000012204329342C3DD2B682846DB699847E5
:10C96000D4F804314BB1236894F80821D3F8C0906F
:10C97000414604F586732046C8470023D4F80811C1
:10C98000C4F808312368D3F8B430013904F20D1229
:10C99000C9B2204698472B6828469B6998479FE76D
:10C9A000042A21D1032B9BDD94F80E2102329342FD
:10C9B00096DD2B682846DB699847D4F804314BB1E3
:10C9C000236894F80821D3F8C090394604F586739B
:10C9D0002046C8470023D4F80811C4F8083123685A
:10C9E0000139D3F8BC30D1E70023C4F80831D4F8BA
:10C9F0000431002B3FF474AF2B682846DB6998475D
:10CA000010224946D4F8040103F07FFCC3E728460E
:10CA1000DB69BDE8F0471847B83B0700A63A0700B6
:10CA2000CE3A0700BB3A07001346F0B533F8046B63
:10CA3000C6F30137022F87B00546144611D154883A
:10CA4000E4B21988221F8A4220D0022F07D1224641
:10CA5000194605F21E2043F011FF85F81D4307B06B
:10CA6000F0BD012FFBD190F81D03528800F21E206B
:10CA70001946284443F002FF638895F81D431C447F
:10CA8000E4B285F81D4305F21E23DAE75C88A0B204
:10CA90000428C6F30B010AD1184800680468246A08
:10CAA0000433D2B2A047002385F81D33D7E7052809
:10CAB00004D1134800680468E468F1E7062804D14B
:10CAC0000F48006804682469EAE700220392ADF881
:10CAD000142001228DF80C200622ADF80E2002222F
:10CAE00003ABADF810202A680093ADF812400A237A
:10CAF000D2F8944028460522A047D4E7D038070052
:10CB0000503C0700F0B5202589B004460E46174674
:10CB100000212A46684643F0D9FE324639460DF1D7
:10CB200001008DF8006043F0A9FE23682A46D3F87F
:10CB3000A46042F208016B462046B04709B0F0BD40
:10CB4000F0B5202589B004460E46174600212A4636
:10CB5000684643F0BBFE324639460DF101008DF8C0
:10CB6000006043F08BFE23682A46D3F8A46042F2AB
:10CB700009016B462046B04709B0F0BD2DE9F047EA
:10CB800084B0044600AF8A4691461D4694F81D22A3
:10CB900094F81C329A4204D3236820461B699847B4
:10CBA000F4E705F1100303F4FC73ADEB030D02236E
:10CBB0003B712B1DDBB2A7F80730A7F80B90A7F845
:10CBC00005A0A7F809503B1D03CB2A461B7800900F
:10CBD00001910DF10900396B8DF8083043F04EFEDC
:10CBE000D4F8043105F10906E8463BB123680C4945
:10CBF000D3F8C050F2B26B462046A84794F81D32D5
:10CC0000013384F81D32074B1868036832461B6AEB
:10CC10004146984700201037BD46BDE8F08700BF69
:10CC2000803A0700B83B07002DE9F0430D46114656
:10CC300083B00B3101F4FC7100AF0446ADEB010D84
:10CC400001203871A7F80550FA716846796840F8F4
:10CC5000041B1946161D43F011FED4F80431E846B2
:10CC60003BB123681649D3F8C090F2B26B46204618
:10CC7000C847144B1868036832461B6A41469847F8
:10CC80004FF6FF73A4F80E324FF0FF33C4F81032A2
:10CC900003F050FD00F57A76B4F80E32AB4208D0BE
:10CCA00003F048FDB04204D2236820461B69984730
:10CCB000F2E7D4F810020C37BD46BDE8F08300BFA0
:10CCC000933A0700B83B070007B500238DF80730FB
:10CCD00001220DF1070342F22D010348FFF7A4FFE3
:10CCE00003B05DF804FB00BFA46A002007B5012271
:10CCF0000DF1070342F22D0103488DF80720FFF7DD
:10CD000093FF03B05DF804FBA46A00207FB5012304
:10CD10008DF800300B68CDF801308B88ADF8053008
:10CD20000DF11601531E0F3213F8010F01F801091E
:10CD30009342F9D16B46172240F611410248FFF7A2
:10CD400073FF07B05DF804FBA46A002013B5044626
:10CD5000684601F04BF9D4F8EC3063B1D4F8F43004
:10CD60004BB1D4F8F83033B1D4F8F0301BB1012115
:10CD7000684601F03EF96846012101F04CF9684629
:10CD8000012101F03FF96846012101F04DF92D2103
:10CD900001A801F02CF99DF8040002B010BD2DE9A6
:10CDA000F0411D460368D3F8A48000230F461646C1
:10CDB00041F201011A460446C04770B9D4F818324E
:10CDC0001A783A70B3F801203280DA782A70069A1D
:10CDD00099881180DA88079B1A80BDE8F08113B525
:10CDE000036869461B6A0446984750B9D4F818325C
:10CDF000D9345A1E053312F8011F04F801199A425A
:10CE0000F9D102B010BD0000F8B50368D3F8A45002
:10CE100000230E46174642F202011A460446A8476E
:10CE2000054678B9D4F818321A8832809B783B705E
:10CE300084F81C32044B31881868036809399B68F0
:10CE400089B298472846F8BDD038070070B588B039
:10CE50000C461546002120220646684643F036FD62
:10CE6000631E0DF10F016A1E0F3413F8010F01F854
:10CE70000109A34212F8010F4874F6D13368202249
:10CE8000D3F8A44042F217016B463046A04750B990
:10CE90000C9B1033D6F81822125C03F8012D0130D8
:10CEA0001028F7D1012008B070BD70B50368D3F821
:10CEB000A46000230C461A4641F209010546B0471A
:10CEC00028B9D5F818321A6822609B88A38070BDF3
:10CED00070B50368D3F8A46000230C461A4642F2EA
:10CEE00018010546B04728B9D5F818221368236001
:10CEF0005368636070BD00002DE9F0411678052E7F
:10CF0000B2B0054614461DD19F4B52791868B4F84B
:10CF1000031003685B6A98479C4BB4F803101868C9
:10CF200062790368C9B25B699847994B18680368CE
:10CF30009B68984718B101219648FFF74AFB32B029
:10CF4000BDE8F081082E69D18F4BB2F803105279F9
:10CF50001D68002A5DD02846FEF733FDC10739D58C
:10CF600005F18707384601F097FA384601F098FA3C
:10CF700050B38DF8846005F1980325AA05F1A80146
:10CF800013F8010B02F801098B42F9D121AE00968A
:10CF900011230622B4F803107E48FFF7EFFD0923A2
:10CFA0007D49ADF884300DF18B02062311F8010B99
:10CFB00002F80109013BF9D1009608230622B4F8D2
:10CFC00003107448FFF7DAFD384601F06DFA384671
:10CFD00001F06EFA2B68B4F803109B6E802228468D
:10CFE000984795F8853023B12B682846D3F88030D0
:10CFF000984795F88430002BA1D02A1D0092B4F8F0
:10D00000031064480422FFF7B9FD002385F884303B
:10D0100095E72B6828469B6E984790E70E2E0ED119
:10D02000B2F80330A0F80E325379C0F810325378BA
:10D030000634043B80F81432C0F818427FE70F2E04
:10D0400009D19388A0F80E329378C0F810320023EB
:10D0500080F8143273E7132E10D1967802EB86060F
:10D06000B4423FF46CAF2B68B4F80520B4F8031059
:10D07000D3F8B830284698470434F1E73E2E7FF4C1
:10D080005EAF9378013B092B3FF659AF01A252F8EE
:10D0900023F000BF13D1020057D102003FCF02009E
:10D0A0003FCF02009DD102003BD202003FCF0200E1
:10D0B00067D2020083D30200BDD00200E378002BC8
:10D0C0007FF43DAF304B94F8202018680368049239
:10D0D000E28B0392A28B0292628B04F10805CDE9E8
:10D0E0000052DE69A279E379A188B047274B94F812
:10D0F0002020186803680492E28B0392A28B0292AC
:10D10000628BCDE900529D68A279E379A188A84796
:10D1100015E7E378002B7FF412AF1B4B227D1868D4
:10D1200003680492628A0392228A0292E28904F1DD
:10D130000805CDE90052DE69A279E379A188B047FC
:10D14000124B227D186803680492628A0392228A35
:10D150000292E289D5E7237B1F2B3FF6F0AEE278FF
:10D16000012A7FF4ECAE0A4AE118106891F90D101B
:10D170000268029104F10D01CDE90031A31D956B08
:10D1800021796279A847DAE6D0380700503C0700D9
:10D19000D0390700A46A0020786B0020904BB4F8C7
:10D1A00003101E68336810AA1B6F30469847B4F806
:10D1B00003103046FEF705FCC2071FD510220021E0
:10D1C0000DF1860043F082FB2279E378854943EA3A
:10D1D0000223ADF884300DF19502102311F8010BF4
:10D1E00002F80109013BF9D12B681222D3F8A440BF
:10D1F00042F21A0121AB2846A047A0E63368B4F8F2
:10D200000310DB6F0BAA304698472B68754AD3F89A
:10D21000A83078B10BA928469847C0B20028CDD1D4
:10D220002B680222D3F8A46042F21B01E31C2846BB
:10D23000B04784E60DF14101EDE754F8030F616852
:10D24000228921AB03C31A800F23ADF88E3040F63C
:10D25000FF73ADF890302B680E22D3F8A44042F251
:10D26000200121ABC7E7E378002B7FF468AE0C23E5
:10D270008DF840300DF14102231D04F1440153F8B3
:10D28000040B42F8040B8B42F9D1231D05F1440233
:10D29000443453F8041B42F8041BA342F9D1504B09
:10D2A0001C682046FEF77AFB052806463FF647AE87
:10D2B0000DF14008412306220146CDF800804A487E
:10D2C000FFF75CFC31462046FEF77BFB236840F00D
:10D2D00004029B6ED2B23146204605F1A40798475E
:10D2E00039464148FFF7F4FD05F1AC013E48FFF730
:10D2F000EFFD4122002121A843F0E8FA3B490DF15E
:10D30000A302012318F8030002F80109013311F800
:10D31000010B82F82100212BF4D10BAD1122002149
:10D32000284643F0D3FA0DF12D0403238DF82C3059
:10D3300021AA4123394600942D4800F04BFF214695
:10D340000F2307AA11F8010B985413F1FF33F9D2F8
:10D350002346144603CCAC4218605960224603F1C0
:10D360000803F6D131460095112306221E48FFF727
:10D3700005FC1E4B402242F22601181FFFF754FC09
:10D38000DDE5E378002B7FF4DAAD154B1F683846F6
:10D39000FEF704FB052806463FF6D1ADE31C05F178
:10D3A000D300233413F8012F00F80129A342F9D147
:10D3B00031463846FEF705FB3B6840F0080204465C
:10D3C0009B6ED2B2314638469847E3067FF5B7AD3B
:10D3D000084B094A1868036831469B6A9847AEE5CE
:10D3E000D03807007E6B0020A46A0020A86A0020C5
:10D3F000006F0020503C0700286B00202DE9F74FFC
:10D400003A4CD4F8F000884693460025002869D0AD
:10D4100004208DF8035039F06BFC8146042039F06C
:10D4200067FC0746042039F063FCD4F8F04003465B
:10D4300006463A4649460DF10300A0472C469DF8A2
:10D440000330AB4234DD4FEA850A1CBB3168284803
:10D4500051F8251001AB424600F03CFE98F803203D
:10D460009DF804309A4215D19DF8052098F80430B3
:10D470009A420FD19DF8062098F805309A4209D1BA
:10D480003B6853F80A301A68CBF800209B88ABF849
:10D49000043001243B6853F80A0008B139F056FC07
:10D4A000336853F80A0008B139F050FC0135C6E77B
:10D4B000D9F8000008B139F049FC4846042139F098
:10D4C00043FC386808B139F041FC3846042139F092
:10D4D0003BFC306808B139F039FC3046042139F0A2
:10D4E00033FC204603B0BDE8F08F00BFA46A0020E3
:10D4F000006F00202DE9F0410546D0F804011646E2
:10D500001C46F8B102F085FEDFF83C802644A642B6
:10D51000D5F804010DD014F8017B0F2F02D8414635
:10D5200002F077FE10223946D5F8040102F0EBFE36
:10D53000EDE702F075FED5F804010368BDE8F0419F
:10D54000DB681847BDE8F081133C0700074A02601A
:10D550000022C0E93B22C0E93D22C0E93F22C0E9E8
:10D56000412280F81D2280F81D237047E83A070009
:10D5700008B5054B1846FFF7E9FF044A0449184669
:10D58000BDE8084039F0A5B9A46A00200060002079
:10D59000B9C4020070477047D0F810017047D0F846
:10D5A000103123B1D0F80C311844007A70474FF095
:10D5B000FF307047D0F8103183B1D0F80C310344FC
:10D5C0001A7AD0F80C310133DBB2C0F80C31D0F844
:10D5D0001031013BC0F81031104670474FF0FF305A
:10D5E000704710B54FF48A71044639F0ADFB204600
:10D5F00010BD2DE9F04F8BB004A836F08AF904A8CD
:10D6000036F002F9002425464FF47A7AA34640F218
:10D61000E7384FF0000904A836F043F9241841EB2D
:10D62000050504A836F047F94FF47A720023204626
:10D63000294642F0FDFA50B12CF048FE204629461A
:10D640004FF47A72002342F0F3FA14461D4630F08C
:10D65000AFFD03A838F0A6F830F0A0FD019003A8B4
:10D6600038F0A8F804A836F01CF9019B002BD2D0A2
:10D67000894508BF8045CED3BAEB00066BEB0107A6
:10D68000002F08BFB6F57A7F03D1012039F0B8FD2D
:10D69000C1E756EA0703BED0304639F08BFCBAE743
:10D6A0000B6803604B6843608B68836070470000C1
:10D6B00037B5044601A80D4638F074F823682046B3
:10D6C000DB68984720B101A838F074F803B030BD8A
:10D6D00001A838F06FF801232A461946014839F0AD
:10D6E000BBFCF3E7D86E002038F06CB838F06CB8AB
:10D6F000F8B50079C0B1013AD4B20D46102C2046DD
:10D70000B8BF102015F8016B2CF0B6FC2946224654
:10D71000074643F0B3F833F011FE40690368224630
:10D720001D6931463B46A847F8BD0368184700000D
:10D7300038B50C4C0546206840B139F03BFE2068F6
:10D7400010B103685B6898470023236033F0F6FD4F
:10D7500005482DF0D3F833F0F1FD2CF033FF002312
:10D760002B7138BDEC6E00209DDF050038B5114BE4
:10D770001A78EAB90122104D1A70104C03682B6018
:10D7800081684368007B23602CF0BEFB83B223B921
:10D7900065220B490B4838F0B3FC2B6880B2034478
:10D7A0002B602368181A2060BDE838402CF068BD53
:10D7B00038BD00BFF06E0020A04201209C42012035
:10D7C000BC3B0700053C0700F0B500238BB0C0F858
:10D7D0000831C0F80C31C0F81031064633F0AEFD08
:10D7E00003681F4F9B68014602A8984702A8FFF7ED
:10D7F000BDFF33F0A3FD2CF0D9FE3D6835BBBC2046
:10D8000039F076FA174B036004462946056140302B
:10D8100039F0B6FC04F1540039F050FC2B464FF4BB
:10D82000805218212046009539F048FD0E4B09938F
:10D830000E4B3C6006A92046CDE90635089539F027
:10D8400049FD099B13B19B6806A8984733F076FD04
:10D8500007482DF053F8012030710BB0F0BD00BF28
:10D86000EC6E0020F4800700AC3B0700F3D502000B
:10D8700011D902007047000038B504460025084B56
:10D88000036005714FF480722946083043F01EF89A
:10D89000C4F808512046C4F80C51C4F8105138BDE2
:10D8A000203C070073B5044601A816460D4637F024
:10D8B00079FFD4F81031C3F580739E4204DD01A8CE
:10D8C00037F078FF02B070BD0020864216DDD4F834
:10D8D0001031B3F5807F0FD0D4F808312A5C23448F
:10D8E0001A72D4F808310133DBB2C4F80831D4F825
:10D8F00010310133C4F810310130E6E701A837F0E8
:10D9000059FF0121014839F089FBDBE7D86E00207F
:10D910000A4601460148FFF7C5BF00BFC46D00209D
:10D9200038B50A4C0A4D204639F06EFB2046094CAA
:10D9300009492A4638F0CDFF2046FFF79DFF2A46C9
:10D9400020460649BDE8384038F0C3BFD86E0020F5
:10D9500000600020C46D00202370060097D50200EF
:10D96000704770478180C280704701817047817223
:10D970007047807A003018BF01207047704710B59B
:10D980000C21044639F0E0F9204610BD2DE9F043A2
:10D990001C461B78012BA3B080460D4640F08680C4
:10D9A00003685B6A9847BD4B1E68BD4B81461F6884
:10D9B00012AB002866D098F80A20012A84BF002202
:10D9C00088F80A2003A800F062FD012103A800F0F6
:10D9D00073FD9DF80C2086F886209DF80C2086F8B3
:10D9E0008720E17804A800F002FBE2788DF8282077
:10D9F000A2788DF8292062788DF82A20326829468D
:10DA0000546F30460AAAA047326829463046946EC1
:10DA1000FDF7D7FF40F001022946D2B23046A047B9
:10DA200000221292CDF84B2002228DF848201022BD
:10DA30008DF84C203A683846D26E90478DF84900F0
:10DA40003A683846926E90478DF8140005A800F0A9
:10DA5000F4FA8DF84B0003A800F01CFD8DF84D0082
:10DA600003A800F017FD8DF84E003A6812AB009342
:10DA7000D2F894400723062229463846A04723B00F
:10DA8000BDE8F08340F20552ADF848203A680093B3
:10DA9000D2F894400223062229463846A04733682C
:10DAA0009B6E4A46294630469847E8E7042B78D1D2
:10DAB0007B4B1E6804F1100206F1A30314F8011F4A
:10DAC00003F80119A242F9D105AC11220021204628
:10DAD00042F0FCFE04238DF8143006F1A40309AAD9
:10DAE00006F1B4011F4613F8010B02F8010999422F
:10DAF000F9D133680094D3F89440062211232946C3
:10DB00003046A047331D0DF147010DF1670206F1C4
:10DB1000240013F8014B01F80149834293F83F4078
:10DB200002F80149F5D104ABCDE9007312AA06F160
:10DB300094030AA95B4800F073FCD6F8FC209AB164
:10DB40009DF810309DF8110057491B0603EB004368
:10DB50009DF8130003449DF8120003EB0023B3FB70
:10DB6000F1F001FB10309047D6F80031002B86D041
:10DB700098470446002882D140F60543ADF80C30A2
:10DB8000336803AA0092D3F8947006220223294630
:10DB90003046B847414B1868036822469B6E2946B9
:10DBA00082E7022B3FF46BAF052B05D13B4B186886
:10DBB000036800229B6E77E7082B0BD1374B1B685D
:10DBC00004F11002973314F8011F03F8011994426D
:10DBD000F9D154E7092B21D1631C0DF14D02E11D50
:10DBE00013F8010F02F801098B42F9D12C4B1D6883
:10DBF0002A4B2A681B6803F198010091166F61781F
:10DC0000883312AA2846B047D5F8F430002B3FF4E9
:10DC100036AF05F1DA0112A8984730E70C2B45D151
:10DC200012AA631C04F1210C16461868596817469D
:10DC300003C7083363453A46F7D11AAF4134186831
:10DC400059683A4603C20833A3421746F7D1134B2B
:10DC50001C682368294620469F6EFDF7B2FE40F0FF
:10DC60000202D2B229462046B8470D4B1D68324603
:10DC70002C1D22AE134603CBB342206061601A46CE
:10DC800004F10804F6D12B68D3F8A44000231A4607
:10DC900042F225012846A047F1E600BFD038070030
:10DCA0007C3A0700006F002040420F000D2B7FF4EC
:10DCB000E6AE0DF1570304F1100214F8011F03F84A
:10DCC00001199442F9D1144B1C6829462046FDF7EE
:10DCD00078FE236840F0100206469B6ED2B22946B9
:10DCE0002046984733070ED40C4B1B6812AC843384
:10DCF00016AD224603CAAA4218605960144603F1C1
:10DD00000803F6D1BBE6D8F8003012AA9B6A294670
:10DD100040469847B3E600BFD03807007C3A07007A
:10DD20002DE9F04F554B1E68A5B0336807920DAF33
:10DD30003A461B6F304688469847514B1D682B6802
:10DD400028465B6A98472B4605F1940953F8D42F6F
:10DD5000CDF82D209B88ADF8313005F1DA0303931F
:10DD600005F1A40B0BAB0DF13C0A4A4605F1B401D9
:10DD70000024CDE90073CDF808A05B4641488DF83A
:10DD80002C4000F08BFAADF828408DF82A402B6823
:10DD900028469B6E98478DF87C001FA800F04DF92F
:10DDA0008DF828002B682846DB6E98478DF82A00EE
:10DDB000336809AA9B6F4146304698471BAB224601
:10DDC0000134102C03F8012BFAD113AB04930BABE5
:10DDD00003930DAB02931BAF09AB01934A465B461D
:10DDE00051460097274800F0CBFA17AB04930DABD0
:10DDF00003930BAB02930AABCDE900735A464B4633
:10DE00005146204800F0BCFA2246079913A842F078
:10DE100027FD1FAB08BB0D228DF87C200DF15C099E
:10DE200019F8012B1A55013CFAD12A680093D2F84F
:10DE300094401123062241462846A04741463046D9
:10DE4000FDF7BFFD336840F020029B6ED2B2414621
:10DE50003046984725B0BDE8F08F0B4A1288ADF8E0
:10DE60007C202A680093D2F894400223062241467F
:10DE70002846A047336800229B6EE8E7D0380700A9
:10DE80007C3A0700006F00204C3C070070B586B05C
:10DE9000012ABDF82C30BDF8346024D185882DB11D
:10DEA000C4881CB1AB4220D3A3421ED81C4600221A
:10DEB000008908B1864201D1AAB13046ADF81030D0
:10DEC0000B4BADF816000022ADF814201868094A73
:10DED0000392ADF81240036803AA0092D3F894406D
:10DEE00005220C23A04706B070BD2B46E0E700BF1B
:10DEF0007C3A070012010800032AF7B50ED95D88A5
:10DF00002C1DA2420AD11F785A78122F03F1040463
:10DF100006D103680094DC6AEBB2A04703B0F0BD01
:10DF2000132FFBD1036800941C6BF5E7F0B585B0A7
:10DF3000072B0E460A9C39D90023ADF80C308DF81A
:10DF40000920132382888DF808300223ADF80A30A7
:10DF500052B1C38843B12188914202D362889A4268
:10DF600002D90123ADF80C3003892BB1E2889A4223
:10DF70001CBF0123ADF80C300D4B1D6802AA2B68A5
:10DF80000092D3F894700522062331462846B847FC
:10DF9000BDF80C3053B9E2882B680192A288009238
:10DFA0009F6D2288638831462846B84705B0F0BD8A
:10DFB0007C3A0700034A026000224260028101228B
:10DFC000827270475C3C070008B5054B1846FFF7A6
:10DFD000F1FF044A04491846BDE8084038F079BC0E
:10DFE000F46E00200060002061D9020070470170CB
:10DFF0007047037819B143F001030370704703F0D1
:10E00000FE03FAE7037819B143F004030370704785
:10E0100003F0FB03FAE7037819B143F00803037038
:10E02000704703F0F703FAE7037819B143F02003D0
:10E030000370704703F0DF03FAE7007870470020B1
:10E0400070B504468025834205DD0E5C1654013010
:10E050001028F8D170BD0CBFD5541454F7E7000058
:10E060002DE9FF479946194BDFF864A01E6800248C
:10E070000F4690468DF80F403368CDF800901D6E26
:10E0800042460DF10F0339463046A847012814D007
:10E090001E2C19D0DAF800502B682846DB68984708
:10E0A000C82002F059FB2B6828469B68984701342A
:10E0B0006420604302F050FBDEE7B4F11E0018BF9D
:10E0C000012004B0BDE8F0870020FAE77C3A0700A1
:10E0D0008C370700F0B589B01C466D4600232E46EC
:10E0E0001F460133102B05F8017BFAD113788DF808
:10E0F0000D3053788DF80E3093788DF80F3032460E
:10E1000004ABFFF7ADFF9DF81D3023709DF81E3066
:10E1100063709DF81F30A370012009B0F0BD10B5E9
:10E1200001F110001032002310F8014D43EA4403BE
:10E1300002F8013D037888424FEAD313F4D110BDB1
:10E1400030B500200C5C155C6C401C54013010286C
:10E15000F8D130BDF0B58DB004461E4604A80023AA
:10E1600015461F4602460133102B00F8017BFAD1F9
:10E170006B462046FFF774FF9DF90030002B0FDB44
:10E180002A4669462046FFF7CAFF95F90030002B62
:10E1900012DB324629462046FFF7C1FF0DB0F0BD25
:10E1A00008AA69462046FFF7BAFF2B46084A08A985
:10E1B0002046FFF7C5FFE8E708AA29462046FFF7F3
:10E1C000AEFF3346024A08A92046FFF7B9FFE5E74C
:10E1D0000C6000202DE9F04798B01D46904614AB26
:10E1E00010AA06468946209FFFF7B4FF15F10F04D9
:10E1F00048BF05F11E04241105F00F0326D033BBE0
:10E20000611E08AB10AA08EB01113046FFF798FF1A
:10E210006D4600232A4619460133102B02F8011BD4
:10E22000FAD14FF0000A013C544504AB20DD08EB65
:10E230000A1269463046FFF783FF6B4604AA494637
:10E240003046FFF70DFF0AF1010AEDE701246D42A8
:10E2500005F00F0504F1FF3158BF6B420CAA08EB23
:10E2600001113046FFF7EBFE08AB14AA0CA9CCE76E
:10E2700008AA29463046FFF763FF2B4604AA494601
:10E280003046FFF7EDFE7B1E0F3715F8012B03F824
:10E29000012FBB42F9D118B0BDE8F0872DE9F04756
:10E2A0009AB0354CDDE9229804AD07468E4604F15C
:10E2B000100AAC46206861682E4603C608345445EF
:10E2C0003546F7D12D490120D1F82310ADF80C00C7
:10E2D00000208DF83000CDF8311002F110000DF162
:10E2E000350152F8044B41F8044B8242F9D10DF14B
:10E2F000450203F1100153F8040B42F8040B8B4262
:10E30000F9D1D9F80030CDF85530B9F80430ADF86E
:10E31000593099F806308DF85B3098F80630D8F807
:10E320000000B8F804208DF8623008ACBDF80C305D
:10E3300017906146ADF86020ADF8633072463846FC
:10E3400000942023FFF746FF249B00930CAA21464C
:10E3500038463523FFF73EFF259B009301253846BD
:10E3600035230CAA21468DF83050FFF733FF28469D
:10E370001AB0BDE8F08700BFA33C0700903C07003F
:10E380002DE9F04794B0DDE91D7603AC1F9D84466E
:10E390008E4602F1100AA04610685168A146A9E80D
:10E3A0000300083252454C46F6D107AC03F1100980
:10E3B00018685968224603C208334B451446F7D102
:10E3C0001C9B0BAA03F1100918685968144603C472
:10E3D00008334B452246F7D1BB788DF83E30336881
:10E3E000CDF83F30B388ADF84330B3798DF8453080
:10E3F0002B68CDF84630AB88ADF84A30AB793A8817
:10E400008DF84C30209BADF83C20009360464123B2
:10E4100042467146FFF7DEFE012014B0BDE8F087EA
:10E42000F0B59BB006AC1F4606460B4601F1200E28
:10E43000A44618685968254603C5083373452C4619
:10E44000F7D1134603F120050EAA1868596814463F
:10E4500003C40833AB422246F7D1209B16AA03F12E
:10E46000100518685968144603C40833AB422246A5
:10E47000F7D102AB00936246304650233946FFF78E
:10E48000A9FE219B059A1A6001201BB0F0BD002255
:10E490000270704700787047007800F00100704704
:10E4A0000078C0F3400070470078C0F380007047E8
:10E4B0000078C0F3C0007047037819B143F002033D
:10E4C0000370704703F0FD03FAE70020704703680C
:10E4D000C9B21B68184749000023C161C0F82C323B
:10E4E0007047036801211B6B184710B403689C6BCD
:10E4F0000123A4465DF8044B6047D0F82C32B3F5F5
:10E50000807F1FBF5A1CC0F82C22C01880F82C1125
:10E5100014BF012000207047D0F8280170477047D1
:10E52000C0F830127047C0F8341270470346D0F874
:10E530002801A8B1D3F8282182B1D3F824211A44A4
:10E5400092F82000D3F824210132D2B2C3F824215A
:10E55000D3F82821013AC3F8282170474FF0FF3043
:10E560007047D0F828312BB1D0F82431184490F8F6
:10E57000200070474FF0FF307047000010B5044B8B
:10E580000360044600F50E7038F036FF204610BDDB
:10E59000383D070038B50446A82038F0A9FB94F9A7
:10E5A000192094F91810054634F0A2FD656138BDB4
:10E5B00070B5054688B048200E4638F099FB95F9AD
:10E5C000192095F91810044634F0CCFD20462C6132
:10E5D000710034F0E3FD0C4B07930C4B02930023C6
:10E5E0000393019501AB93E8070004AC84E80700AE
:10E5F000214605F50E7038F06DFE079B13B19B6840
:10E600002046984708B070BD183D0700E3E70200B8
:10E6100038B5D0F82C3214461A44B2F5807F88BF42
:10E62000C3F58074054600F596702246184442F002
:10E6300025F9D5F82C322344C5F82C32204638BDB4
:10E6400038B5044640690D4608B134F075FC2069C0
:10E6500020B12946BDE8384034F09EBD38BD38B5FC
:10E660000446406910B10368DB68984723696BB1C1
:10E6700004F50E75284638F09DFE284638F0E4FE75
:10E6800020694821BDE8384038F05EBB38BD1FB571
:10E690000246D0F82C32D469406981F00101009122
:10E6A0003BB9012303AA214634F077FCC0B204B081
:10E6B00010BD02F59672214634F050FC002814BFBC
:10E6C00002200020F3E710B4D0E9013401686210A1
:10E6D000E40701EB020048BF8A585DF8044B48BFCD
:10E6E000D358184710B5044600F00DF984423BBFDB
:10E6F0002401024B4FF0FF30185710BD1C60002062
:10E7000073B54FF47A730025C0E90153194B0360C8
:10E710000446C0E904550176427629464FF48072DA
:10E72000203042F0D3F8144BC4F82051C4F83832EA
:10E730002946C4F82451C4E98B55C4F82851C4F8BB
:10E740003452C4F8485204F51E7038F019FD04F52F
:10E75000237038F0B3FC04F50E76084B0093304676
:10E760002B464FF40062182138F0A8FD204602B075
:10E7700070BD00BF383D0700F4800700243D07004E
:10E78000D0F80831B3F5807F0DD0D0F80031C154F6
:10E79000D0F800310133DBB2C0F80031D0F80831D5
:10E7A0000133C0F808317047F0B5C3B083F00103FE
:10E7B0000093064615461346490002AA406934F004
:10E7C000ECFB50B902AC67192036BC4206D014F8F5
:10E7D000011B3046FFF7D4FFF7E70025284643B07A
:10E7E000F0BD2DE9F0410446BCB000F12007002542
:10E7F000206934F0DAFC0328FAD8DFE800F03B02A5
:10E800001414D4F8343203B19847D4F82C2232B11E
:10E8100004F59671206934F0CCFCC4F82C522069C0
:10E8200034F0CFFCE4E7C4F82051F022C4F82451BE
:10E830006946C4F82851206934F0B9FC00268046A6
:10E8400046450BDAD4F82831B3F5807F06D01DF8A1
:10E8500006103846FFF794FF0136F1E7D4F8283167
:10E86000002BC5DDD4F83032002BC1D0D4F82801FC
:10E870009847BDE701F080FFBAE70000F8B5042033
:10E88000FFF730FF05460520FFF72CFF104C114E17
:10E890002946114D02462046FFF732FF32462946EF
:10E8A000204638F016F81020FFF71CFF07460F200F
:10E8B000FFF718FF094C024639462046FFF720FFB4
:10E8C000324629462046BDE8F84038F002B800BF7D
:10E8D000046F0020006000207DE50200F871002038
:10E8E00030B5A1F11004002500F00F02D3B2092ABF
:10E8F000CCBF373330338B73CD7302398C424FEA40
:10E900001010F1D130BD21207047000030B5012139
:10E9100085B00B2001F07AFF01210B2001F0B6FF3A
:10E920004FF080430024C3F85C4503F588334FF46F
:10E930008032C3F84823C3F80823A3F570436D461B
:10E94000C3F80045C3F80045084B0FCB85E80F001E
:10E9500021464FF0FF3255F8043B0134042CC3F834
:10E960000015C3F86025F6D105B030BD883D07001D
:10E9700038B54FF0805504462146D5F8A800FFF77A
:10E98000AFFFD5F8A40004F11001FFF7A9FF202084
:10E9900038BD000072B64FF080434E22C3F81C25EC
:10E9A000BFF34F8F0549064BCA6802F4E062134378
:10E9B000CB60BFF34F8F00BFFDE700BF00ED00E06D
:10E9C0000400FA05C3680BB19B681847704770B51F
:10E9D00090F8343105461446F3B90368DB6998476B
:10E9E00004F47063B3F5407F04F0F0030CBF07211B
:10E9F000082104F00F02302B0CBF02230123012A4F
:10EA000008D0901E42424241A869BDE870400068AB
:10EA100034F0B4BC0222F7E770BD10B590F8343181
:10EA200004462BB9A369186834F0D0FC0028F9D04B
:10EA300010BD38B590F834510446A5B983695BB16F
:10EA4000186848B10368DB689847A3691D60042112
:10EA5000A06938F079F9A5610023C4F82431C4F81D
:10EA60002831C4F82C3138BD70B590F8343188B0F5
:10EA700004460D46002B3DD1866926B9042038F0A6
:10EA800037F9A0610660A3691868002834D14FF4F3
:10EA9000807038F02DF92B4694F9212094F920103C
:10EAA000064635F011F8A3691E6094F92220531C24
:10EAB00006D0A06994F923300068032135F014F8DA
:10EAC000A3691D68B5B10E4B079300260D4B019449
:10EAD0000293039601AB93E8070004AC84E80700B7
:10EAE00032462146284634F082FC079B13B19B68CE
:10EAF0002046984708B070BD294634F02BFCD4E777
:10EB0000983D070065EC020010B4D0E901340168BB
:10EB10006210E40701EB020048BF8A585DF8044B1D
:10EB200048BFD3581847000008B590F834313BB1BE
:10EB3000012001F011FE0648BDE8084001F02CBAA2
:10EB400082691AB11368003318BF0123184608BD43
:10EB5000F07C002070B504460D4601F01DFA30B17E
:10EB60002368294620461B6CBDE87040184770BDDD
:10EB7000A0F5A070EEE7000013B590F834318DF8E1
:10EB8000071004462BB1C9B20B48FFF7E3FF02B0F0
:10EB900010BDA369186834F019FC0028F9D0A369E6
:10EBA0001868036801221B690DF1070198470130BD
:10EBB00018BF0120EBE700BFF07C00202DE9F041F9
:10EBC00007468846164601F0E7F970B10024A642D0
:10EBD0000CD9351B402D28BF402508EB04012A46DF
:10EBE000384600F0C5FE2C44F1E704462046BDE857
:10EBF000F081A0F5A070E1E770B590F834310546DA
:10EC00000E4614462BB10F48FFF7D8FF04462046A6
:10EC100070BDAB69186834F0D9FB0028F9D0AB6936
:10EC20001868D0F8FC3001211B6BFC309847AB69A9
:10EC30001868036822461B6931469847013008BFAF
:10EC40000024E4E7F07C002008B54FF48072002136
:10EC500041F03CFE0022C0F80021C0F80421C0F8B9
:10EC6000082108BD37B590F834310446EBB900F1FE
:10EC70002405A369186834F098FBB0B137F0EAFABC
:10EC8000A3691868036801225B690DF107019847C1
:10EC9000D4F82C31B3F5807F04D09DF807102846B6
:10ECA000FFF76EFD37F0ECFAE3E703B030BDF0B5E7
:10ECB0000546C3B001F0E4F8D5F85832C3F58073C7
:10ECC00098420446C8BFD5F8584202AEC8BFC4F542
:10ECD000807401AB22463146284600F033FF05F52B
:10ECE000A877D5F85832B3F5807F0AD0019B43B19D
:10ECF000E31A3846F15CFFF743FD019B013B0193AA
:10ED0000EFE743B0F0BD38B5044600F0DFFA204627
:10ED1000FFF7CDFFD4F85852204600F0DFFA28461E
:10ED200038BDA0F5A070EEE710B590F83431044678
:10ED30002BB10648FFF7E7FF0446204610BD37F029
:10ED400089FAD4F82C4137F09BFAF6E7F07C0020E2
:10ED500038B5044600F0BAFA2046FFF7A8FFD4F809
:10ED600058324BB1D4F85432234493F850512046D2
:10ED700000F0B4FA284638BD4FF0FF35F7E7A0F5AC
:10ED8000A070E5E710B590F8343104462BB10B487C
:10ED9000FFF7DEFF0446204610BD37F05BFAD4F8DB
:10EDA0002C313BB1D4F82801044494F8244037F0C6
:10EDB00067FAF0E74FF0FF34F9E700BFF07C00207E
:10EDC00038B5044600F082FA2046FFF770FFD4F809
:10EDD0005832A3B1D4F85432234493F85051D4F8A4
:10EDE00054320133DBB2C4F85432D4F85832013B08
:10EDF000C4F85832204600F071FA284638BD4FF06A
:10EE0000FF35F7E7A0F5A070DAE7000010B590F83D
:10EE1000343104462BB11148FFF7D2FF0446204697
:10EE200010BD37F017FAD4F82C319BB1D4F8283143
:10EE3000234493F82400D4F828310133DBB2C4F81A
:10EE40002831D4F82C31013BC4F82C31044637F07A
:10EE500017FAE4E74FF0FF34F9E700BFF07C002039
:10EE60002DE9F843174C184F276000254FF47A78A6
:10EE7000C4E90158202604F12400C4E90565E561D0
:10EE8000FFF7E2FE0123062084F83431FFF72AFC65
:10EE900081460720FFF726FC0C4C4FF6FF7384F8E1
:10EEA0002100C4E90158638404F124002760C4E907
:10EEB0000565E56184F82090FFF7C6FE84F83451BB
:10EEC000BDE8F88324760020AC3D0700EC740020F8
:10EED00038B50546064B45F8283B044634F0F4FBAC
:10EEE0002846FFF76FFD204634F048FD204638BD28
:10EEF00078710700002070477047704710B5D0F850
:10EF00008C452CB1236820465B689847A468F8E7D5
:10EF100010BD38B5D0F88C450D4634B12368204675
:10EF20009B6829469847A468F7E738BD00487047B2
:10EF30007C3E070010B5054B0360044636F0E9F847
:10EF4000204636F0FFF8204610BD00BFFC3D07000C
:10EF500010B50446FFF7EEFF20464FF4B26137F0DC
:10EF6000F3FE204610BDF7B5D0F88C4505460E4699
:10EF70000023A4B123683146DF680DF1030201AB21
:10EF80002046B8479DF803100429034605D0019A8E
:10EF9000284635F01BFB03B0F0BDA468E9E7019AF1
:10EFA0009DF80310F4E770B505460E4622B1002126
:10EFB000BDE8704035F006B9D0F88C455CB12368E7
:10EFC00000221B6931462046984710B1012128468E
:10EFD000EEE7A468F2E72146F9E770B5D0F88C4572
:10EFE0000E46054600213CB12368314620465B6948
:10EFF0009847A4680146F6E72846BDE8704035F01A
:10F00000E1B9F8B5D0F88C4505460E4617463CB137
:10F01000236820469B693A4631469847A468F6E73C
:10F0200028460121BDE8F84035F02ABA70B5002124
:10F0300086B0044635F0C6FC0023ADF806304FF428
:10F0400089712389ADF80410ADF81030022140F227
:10F0500001238DF80710ADF8123040F2EF2140F295
:10F0600003136268ADF80810ADF81430012104F103
:10F070000A038DF80A108DF80B00039201AD05AE5E
:10F080001C462A4603CAB24218605960154603F16D
:10F090000803F6D112881A80204606B070BD2DE90B
:10F0A000F041002406460D464F1CA046304642F073
:10F0B000E2FAA04206D9335D05F8143007F814804F
:10F0C0000134F3E7400000F0FE00BDE8F08138B500
:10F0D000D0F88C55044635B12B6828461B6A9847F2
:10F0E00010B9AD68F7E7284640F20233A4F8483576
:10F0F00004F24A51FFF7D3FF94F84835184484F8D6
:10F10000480504F5A96038BD40F2023310B500F29D
:10F110000A510446A0F808350548FFF7C0FF94F8E7
:10F120000835184484F8080504F5A16010BD00BF37
:10F13000D83D070040F2023310B50446A0F8C834A9
:10F1400000F2CA40FFF714FC94F8C834184484F85D
:10F15000C80404F5996010BD2DE9FF4100238DF826
:10F160000A3090F888351A4A8DF808300123019248
:10F170008DF809303222C0238DF80B308DF80C2029
:10F1800001AB044600F54E7803CBC4F83803C8F849
:10F19000041088F80820D4F88C5509268DB12B6806
:10F1A00000211B6828469847478806F54E73093F9B
:10F1B00000F109013A46E01841F060FB3E44AD68B9
:10F1C000ECE74046A4F83A6304B0BDE8F08100BF24
:10F1D0000902FFFF73B504460D4616463AF00CFFD0
:10F1E0004FF480730093014633462A46204635F09B
:10F1F000B1FB024B2360204602B070BDFC3D07000E
:10F2000010B5D0F88C35044693B9C0F88C1594F835
:10F2100088354A790B71134484F888350B680846A1
:10F220005B6A9847238918442081012010BD13464A
:10F230009A68002AFBD19960E9E71FB5044635F0CA
:10F2400083FB0146684634F00BFD4021684634F0EC
:10F2500076FDD4F88C4534B123682046DB696946D5
:10F260009847A468F7E7684634F001FD04B010BD84
:10F2700010B50446FFF7E1FF2046BDE8104035F029
:10F28000D3BA000010B50D4C2378BFF35B8FDB07BA
:10F2900012D4204637F030FB70B148F2450242F6F6
:10F2A00086010748FFF796FF204637F047FB054ADF
:10F2B0000549034837F00DFB014810BD5C7700207D
:10F2C000607700200060002035EF020010B5FFF7E6
:10F2D000D9FF0368BDE810405B6F184710B5FFF712
:10F2E000D1FF0368BDE810409B6F184710B5FFF7CA
:10F2F000C9FF0368BDE81040DB6F184734F05CBEFF
:10F3000034F01EBE34F048BE704770477047436A01
:10F3100093F878007047D0F82401704701207047B7
:10F3200000487047D83F07002DE9F041044694B0EB
:10F330000D464B22002101A841F0C8FAD4F824312F
:10F34000002B14BF4FF005084FF00008002D40F0CF
:10F35000898009254FF481708DF815500425217995
:10F36000ADF808008DF81650802001258DF80B00AF
:10F370008DF8195040F632008DF81C508DF81D8024
:10F3800042F2054540F2015894F80EE0ADF80C0049
:10F3900040F202264B1C40F209220B20ADF81E5011
:10F3A000ADF82280ADF82C50DFF8BC80ADF8042019
:10F3B0000625DBB24B228DF80E008DF80F100220CF
:10F3C000ADF810608DF81710ADF81A60CDF82480F4
:10F3D00010268DF82E508DF82F10072505218DF859
:10F3E00033E0DFF8888094F80CC0677B8DF8062046
:10F3F00044F2030E8DF812008DF821608DF8303044
:10F400008DF83210CDF828808DF83150ADF834E009
:10F410008DF83A3040F60223ADF83C3044F2020356
:10F42000ADF844301D3440F207538DF837608DF845
:10F430004210ADF848308DF84B00402340F20946A9
:10F4400001A92046ADF838608DF841508DF843C0D1
:10F450008DF84A708DF84C3041F010FA204614B007
:10F46000BDE8F0810020FAE724010301042402062C
:10F4700038B505460A4B45F8D03B0446FFF702FF76
:10F4800035F047FE284634F0F5FC04F17C0034F0FA
:10F49000F1FC04F1700034F0EDFC204638BD00BFF3
:10F4A000983F070010B50446FFF7E2FF20464FF4EF
:10F4B000947137F049FC204610BDFFF717BF0000DC
:10F4C00010B5034B0360044634F052FB204610BDD8
:10F4D000C43E070010B50446FFF7F2FF204628217E
:10F4E00037F032FC204610BD10B5034B03600446D4
:10F4F00034F03EFB204610BD943E070010B5044694
:10F50000FFF7F2FF2046342137F01EFC204610BDE5
:10F5100010B5034B0360044634F02AFB204610BDAF
:10F52000AC3E070010B50446FFF7F2FF2046382135
:10F5300037F00AFC204610BD38B51B4B0D46196844
:10F54000C0F80F1099889B7943750446A0F81310F2
:10F5500040220221284634F0E8FB40222073022199
:10F56000284634F0E7FB402260730321284634F03C
:10F57000DCFBA073284634F07BFB20B9AF220B499B
:10F580000B4836F0BDFD002304F18502C4E93223A7
:10F5900004F1D90284F8783084F8843084F8D830C3
:10F5A000C4E9472338BD00BFE03E07001C3F070009
:10F5B0007E3F07002DE9F34104460E461546FFF74E
:10F5C00095FEF28823799A4237D1002D35D177788C
:10F5D000012F2ED1F378202B27D13289072A24D16D
:10F5E00004F10F0804F116052946404641F038F9A8
:10F5F000D0B1D4F81630C4F80F30638BA4F81330B0
:10F60000237F6375E17B237CA07CE27C009201EB8D
:10F610000321637C627D01EB0341236801EB006100
:10F620005D6B237D2046A8473D46F378212B08BF1C
:10F630000125284602B0BDE8F0810025F9E710B5A4
:10F640000446FFF753FEFFF71DFE217B35F0FEFB5E
:10F6500004F18503C4F8C8300023C4F8CC3084F822
:10F66000843004F17C0034F0BAFB94F884302BB978
:10F6700023682046DB6BBDE81040184710BD000032
:10F6800070B50446FFF732FED4F820512DB140F298
:10F69000DD120F490F4836F033FD04F1D903C4F8E9
:10F6A0001C31FFF7EFFD617B35F02EFB84F8D8505D
:10F6B000C4F8200104F1D00034F091FB94F8D83064
:10F6C0002BB9236820469B6BBDE87040184770BD7E
:10F6D0001C3F0700EC3E070010B4D0E9013401687C
:10F6E0006210E40701EB020048BF8A585DF8044B42
:10F6F00048BFD35818470000F0B505468DB008AC98
:10F70000FFF7F4FD0026FFF7BDFDA97B009403235E
:10F7100040220B9635F0A2F82046FFF753F9FFF789
:10F72000B1FD1D4B0595CDE9063605AB844693E842
:10F7300007001A4F0B97022384E80700297B0094E7
:10F740004022604635F08AF82046FFF73BF9FFF784
:10F7500099FD134B0295CDE9033602AB844693E83D
:10F7600007000B97022384E80700697B009460463A
:10F77000402235F073F82046FFF724F9FFF782FDA9
:10F780004023D5F81C21697B35F060FA012085F80B
:10F79000D8000DB0F0BD00BF3FF60200D43E070018
:10F7A00081F6020038B502234371002383600C4BBD
:10F7B000044640F8703B154634F004FB04F17C002D
:10F7C00034F000FB04F1D00034F0FCFAC4F824510A
:10F7D000FFF758FD2146FFF713FD204638BD00BF57
:10F7E000983F070070B504460D46FFF77FFD84F88B
:10F7F0007850002D3ED194F8843033B1FFF742FDAC
:10F80000217B35F0FBF884F8845004F1850304F182
:10F810007C0600253046C4F8C830C4F8CC5034F01B
:10F82000DEFA304634F0D4FA28B9154915484FF4B9
:10F83000A27236F065FC94F8D83033B1FFF722FDA0
:10F84000217B35F0DBF884F8D85004F1D903C4F8F3
:10F850001C3104F1D00500232846C4F8203134F0CF
:10F86000BEFA284634F0B4FA20B94FF4A77204491E
:10F870000548DEE704F17000BDE8704034F0AFBA2F
:10F880001C3F0700FA3E07000B3F070010B5044677
:10F89000FFF72CFD20460021BDE81040FFF7A2BF76
:10F8A00038B50D460446FFF721FD042D05D020464E
:10F8B0000021BDE83840FFF795BF38BDF8B51646C2
:10F8C00004460D461F46FFF711FD04233370EA88F6
:10F8D00023799A4225D16978012922D1EA78212A0F
:10F8E00008D0222A0BD0202A4FF000001BD1307004
:10F8F000163401E031700F343C600720F8BDAB884E
:10F9000013F0010308BF19462046FFF76BFFAB88D1
:10F9100003F00103E366AB8803F00203A36602234E
:10F9200033700020EAE703233370E7E710B58AB0AD
:10F930000446FFF7CBFC684634F00EF90A4B0093FF
:10F94000694604F17000099434F061FA2046FFF72B
:10F95000C5FC064B00211A68684634F047F9684632
:10F96000FFF7AEFD0AB010BDC43E0700E83E070039
:10F9700070B58EB0154604460E46FFF7A7FC01A8E9
:10F9800034F0EAF80E4B0C9501A9002504F17C0037
:10F990000193CDE90A468DF8345034F038FA204608
:10F9A000FFF79CFC074B29461A6801A834F01EF9A2
:10F9B00001A89DF83440FFF797FD20460EB070BDBA
:10F9C000943E0700E83E070010B50446FFF78EFCA2
:10F9D00094F884307BB9D4F8CC3063B1FFF752FC93
:10F9E000D4F8CC30217B04F1850235F0CDF910B18B
:10F9F000012384F8843010BD2DE9F8431E460446E7
:10FA0000894690469DF82070FFF760FC0023336024
:10FA100094F87830E3B194F88430CBB9D4F8CC5072
:10FA2000C5F14005454528BF4546B8F1000F05D052
:10FA30002A464946D4F8C80040F020FFD4F8CC301C
:10FA40002B44C4F8CC30356017B12046FFF7BCFF1B
:10FA50002046BDE8F843FFF741BCF0B50446406AD4
:10FA600090F8785085B001262DB984F8305035468D
:10FA7000284605B0F0BDD4E90A1203AB0027009672
:10FA80000397FFF7B9FF0399E36AA26A5B1A0A4476
:10FA9000E362A26213B984F83060E9E7606AFFF7B5
:10FAA00093FF3D46E4E700002DE9F0431C4691B08A
:10FAB000904606468946FFF709FC002C08BF01ACBA
:10FAC0004FF00005256002A80CBF0127002734F085
:10FAD00043F8104B029302A906F1D000CDE90D8442
:10FAE000CDE90B698DF83C708DF83D5034F08FF9FD
:10FAF0003046FFF7F3FB084B29461A6802A834F09A
:10FB000075F802A89DF83D40FFF702FD204611B0B0
:10FB1000BDE8F083AC3E0700E83E070010B5D0F822
:10FB2000203104466BB990F8D83053B9FFF7AAFBDF
:10FB3000402304F1D902617B35F088F8012384F871
:10FB4000D83010BD70B51E4604460023336094F8CB
:10FB500078300846EBB194F8D830D3B9D4F82051B6
:10FB6000D4F81C11954228BF15462A4640F086FE5F
:10FB70003560D4F81C31D4F820212B44551BC4F82F
:10FB80001C31C4F8205125B92046BDE87040FFF76C
:10FB9000C5BF70BD37B50446406A90F878502DB99E
:10FBA00084F835500125284603B030BD0023D4E940
:10FBB0000A12019301ABFFF7C5FF0199A26A0A443B
:10FBC000A262226B13680B441360E36A019A9B1ACA
:10FBD00094F83420E36212B9226B126802B91BB99F
:10FBE000012384F83530DEE7606AFFF797FF0025D0
:10FBF000D9E76FF01500704700290CBF6FF01800AF
:10FC000000207047012070476FF0150070476FF0BB
:10FC100015007047112070477047704770470368A0
:10FC20009B6C1847A0F5A070F9E7704770477047C4
:10FC3000704710B50446012000F08EFD94F878005E
:10FC400010BDA0F5A070F4E738B54FF0FF320123E6
:10FC5000FF210B480B4D37F00AFA00F06BFD04460C
:10FC600095F878301BB1012000F076FDF8E700F040
:10FC700061FD001BC728F6D9BDE83840FEF78ABEF3
:10FC8000A87F0020F07C002007B50122019101A986
:10FC9000FFF76EFE18B1019803B05DF804FB4FF05A
:10FCA000FF30F9E7A0F59470FFF7EEBF07B500232A
:10FCB00001220DF107018DF80730FFF7F5FE20B1A5
:10FCC0009DF8070003B05DF804FB4FF0FF30F9E743
:10FCD000A0F59470FFF7EABF2DE9F8430446884683
:10FCE00017461E46089DFFF701FBD4F87092B9F144
:10FCF000000F04D02B46324639464046C847C4E977
:10FD00009887C4E99A65BDE8F88370B50646FFF7A1
:10FD1000EDFA06F51D740025D6F8B432AB4208D9C9
:10FD20002046103454F8043C1BB11B689847013539
:10FD3000F2E770BDB0F5966F03D10121014837F0AD
:10FD40006DB97047A87F002010B4D0E90134016874
:10FD50006210E40701EB020048BF8A585DF8044BCB
:10FD600048BFD35818470000114B03F1780270B513
:10FD70000360C0F8282103F1D802E8330446C0F834
:10FD80002C21C0F8403100F52D7500F51D76B542E7
:10FD900004D0103D2846FEF715FEF8E704F59470F0
:10FDA00035F07EFE2046FFF763FB204670BD00BFA6
:10FDB0000C400700A0F59470FFF7D6BFA0F5967031
:10FDC000FFF7D2BF10B50446FFF7CEFF20464FF431
:10FDD0002E7136F0B9FF204610BDA0F59670FFF7E2
:10FDE000F1BFA0F59470FFF7EDBF0000F7B5044632
:10FDF00015461F460E463AF0FFF8BDF82430019331
:10FE0000BDF8203000932A463B4601462046FFF7C6
:10FE1000C9FC002104F5947035F018FE00254FF45C
:10FE20007A73C4E95153154B236003F17802C4F887
:10FE3000282103F1D802E833C4F82C21C4F840315A
:10FE40004FF48072294604F5A87040F03FFDC4F8D5
:10FE50005052C4F88052C4F85452C4F89052C4F8B6
:10FE60005852C4F8A052C4E9AC55C4F8705216B147
:10FE70002046FFF75BFD204603B0F0BD0C400700B5
:10FE800038B50546FFF722FA95F8D8304BB9D5F8C2
:10FE90002041402C28BF40242846FFF71FFA204667
:10FEA00038BD0024F8E70000F0B504468BB0FFF73A
:10FEB0000DFA304BC4F870322046FFF70FFA2E4B84
:10FEC00009932E4B049300230593039403AB93E80B
:10FED000070006AD85E80700FFF7F8F9D4F8B4622B
:10FEE000032E13D804EB0617731C07F51D77C4F80F
:10FEF000B4323846FEF766FD04EB0616099BC6F8D9
:10FF000080321BB15B682946384698472046FFF788
:10FF1000E5F92846FEF756FDBC2036F0E9FE00273D
:10FF2000174B0360064639460761403037F028F921
:10FF300006F1540037F0C2F8124B00934FF4807270
:10FF40003B463046182137F0B9F90F4B09930F4B58
:10FF5000C4F85C6229463046CDE90637089737F089
:10FF6000B9F92846FEF72EFD2046FEF7A0FE0BB09D
:10FF7000F0BD00BF35FD0200F03F0700AFEC02000E
:10FF8000F4800700FC3F0700AC3B070049FC02007F
:10FF9000A0F5A070FFF788BF90F8780070470000C8
:10FFA00037B50F4C0F4D204637F02EF82A460E4934
:10FFB000204636F08EFC0D4C42F212030122CDE9B0
:10FFC0000032002211464FF4F8532046FFF70EFF8F
:10FFD00007492A46204603B0BDE8304036F079BCD8
:10FFE000A87F00200060002023700600F07C002025
:10FFF00069FD020008B53FF0FDFF2DE9F04F027DDD
:020000023000CC
:10000000012A85B005460E4640F0908000214FF051
:10001000FF3B04460B465F4694F804C048B2BCF16F
:10002000000F75D194F805C0BCF1000F70D1B7F185
:10003000FF3F1BBF01335BB201233846934201DD12
:100040001A4683460131082904F102045ED10024D6
:1000500002EB0B03A1460293CB4502DC029B4B450E
:1000600059DC95F8058095F804A04FEA28170AF0A6
:100070000F03FAB25FEA2A1A019208F00F0870D053
:100080005FFA8AF1BAF1090FD4BF303157313046E7
:10009000039300F0C2F8039B0444092B94BF03F1BF
:1000A000300103F157013046039300F0B6F8039B8B
:1000B0000444BAF1000F01D103B94FB1092F019FD8
:1000C000D4BF30375737F9B2304600F0A6F80444B1
:1000D000B8F1090F94BF08F1300108F1570130461B
:1000E00000F09BF8B9F1070F044404D03A213046E0
:1000F00000F093F8044409F10109B9F1080F05F182
:100100000205A9D1204605B0BDE8F08F074683E778
:100110004FF0FF3096E7CB45EDD1BBF1000FE5D1B5
:100120003A21304600F079F80444DFE700F1100787
:1001300000F11309002417F8011B0A22304600F0D1
:10014000E2F82E218046304600F067F8B945404479
:100150000444F0D10A22E97C304600F0D4F804448B
:10016000D0E7002B99D1A8E710B5054B03600446F2
:10017000017510220021043040F0A8FB204610BD7C
:100180002841070070B5074D0560837400259DF870
:100190001030057545608560C56001744274C37494
:1001A00070BD00BF2841070007B501210648FFF7D1
:1001B000DBFF002300931A4619460448FFF7E2FFCD
:1001C00003B05DF804FB00BFBC7F0020D47F00209B
:1001D000F8B505460E4617460024BC4207D02B68EA
:1001E000315D1B682846984708B10134F5E7204681
:1001F000F8BD70B505460C46084649B141F03BFADA
:100200002B680246214628465B68BDE870401847C7
:1002100070BD08B5FFF7EDFF08BD03681B68184700
:1002200008B50249FFF7E5FF08BD00BF077E0700DC
:1002300038B50546FFF7DDFF04462846FFF7F0FF17
:10024000204438BD70B58AB000238DF82430012ACF
:1002500098BF0A2209ACB1FBF2F502FB1516F3B206
:10026000092E94BF30333733DBB28A4204F8013DA4
:1002700004D92146FFF7BDFF0AB070BD2946EAE761
:100280002DE9F04107460E4615462AB90368C9B262
:100290001B68BDE8F04118470A2A05D1002905DB93
:1002A000BDE8F041FFF7CEBFD2B2F9E72D21FFF74D
:1002B000B4FF2A46044671423846FFF7C3FF204484
:1002C000BDE8F08138B50546FFF7DAFF0446284659
:1002D000FFF7A6FF204438BD38B50546FFF7D0FF2D
:1002E00004462846FFF79CFF204438BD10B42AB9C5
:1002F00003685DF8044B1B68C9B21847D2B25DF8B9
:10030000044BFFF79FBFFFF7F1BF38B50546FFF776
:10031000EDFF04462846FFF783FF204438BD000068
:100320002DE9F84F0A9E0746002E10461946B8BF21
:10033000022614461D463FF0A5FB38B14B4938460E
:10034000FFF757FF82465046BDE8F88F25F0004979
:100350004FF0FF32464B204649463FF093FB48B9E9
:100360004FF0FF32424B204649463FF06DFB08B943
:100370004049E4E74FF060423F4B204629463FF0BA
:1003800077FB08B13D49DAE74FF060423C4B20462D
:1003900029463FF04FFB0028F4D1002200232046DD
:1003A00029463FF047FBD0B12D213846FFF735FFF6
:1003B00005F1004382461D463249DFF8D0904FF0E8
:1003C000000B00204FF000085FFA8BF3B3420BF1F3
:1003D000010B06DA42464B463FF0E4F9F4E7824669
:1003E000EAE702460B46204629463EF0FBFE0D4654
:1003F00004463FF05DFB80463FF030F802460B4676
:10040000204629463EF0ECFE0A2204460D463846B8
:100410004146FFF717FF824426B11B493846FFF7D4
:10042000E8FE8244DFF864904FF0000816F1FF36D2
:1004300089D34B464246204629463FF089F80D466F
:1004400004463FF035FB0A22014683463846FFF753
:10045000F9FE824458463FF001F802460B4620461A
:1004600029463EF0BDFE04460D46DFE72C4107005D
:10047000FFFFEF7F30410700FFFFEF4134410700EE
:10048000FFFFEFC10000E03FAF360700000024404F
:10049000FFF746BF37B5069900910546FFF740FFC5
:1004A00004462846FFF7BCFE204403B030BD10B51B
:1004B0000446006808B140F079F9204610BD10B537
:1004C0000446006808B140F071F900232360C4E9D4
:1004D000013310BD38B504460D460068013140F0C7
:1004E00005FF10B1C4E90005012038BD036810B54F
:1004F000044623B143688B4201D3012010BD20463E
:10050000FFF7E8FF0028F9D0A368002BF5D1226897
:100510001370F3E770B50E46114604461546FFF713
:10052000E5FF20B92046FFF7CAFF204670BD2A46E6
:100530003146A560206840F0A1F92268A368002137
:10054000D154F2E738B500230446C0E90033836094
:100550000D4639B1084641F08EF82946024620463C
:10056000FFF7D8FF204638BD884210B50B46044639
:1005700004D0096821B19A68FFF7CCFF204610BD6E
:10058000FFF79DFFFAE710B500230446C0E90033EA
:100590008360FFF7E9FF204610BD38B505460C46DD
:1005A00049B1084641F067F8214602462846FFF760
:1005B000B1FF284638BDFFF782FFFAE72DE9F04189
:1005C00005461746884619B900263046BDE8F08131
:1005D0009AB1846814442146FFF788FF0646002834
:1005E000F2D0AB6828683A461844414640F046F9D4
:1005F0002B68AC6000221A55E7E70126E5E707B54E
:1006000001228DF807100DF10701FFF7D7FF03B0A6
:100610005DF804FB02680B686AB143B9806868B191
:1006200010787047886848B118784042704719467A
:10063000104641F00EB8002BF4D11846704708B5AB
:1006400082688B689A4205D1FFF7E4FFB0FA80F028
:10065000400908BD0020FCE7884270B515D08368CA
:100660008A6893420FD183B104680D68013C14F885
:10067000010F50B141F0DAF8064615F8010B41F0D0
:10068000D5F88642F3D0002070BD0120FCE770B59C
:100690008AB069B1931E222B20D801AC254623468F
:1006A00048B9AC4207D00A46AB4212D800231370B7
:1006B00008460AB070BDB0FBF2F302FB1306092E28
:1006C0001846F3B294BF30335733DBB204F8013B22
:1006D000E5E713F8010D02F8010BE5E70021E7E774
:1006E000FFF7D5BF10B500F039F8FEF70FF9FEF7A8
:1006F000C9FDFEF7BDFD4FF4E1310648064CFFF79A
:10070000D3FBF7F7D3FBF7F78FFB002CFBD0AFF34E
:100710000080F8E7F07C00200000000010B50446DF
:1007200033F068F8204610BD10B5044633F062F887
:10073000204610BD07B50749684633F098F84FF4D6
:100740007A720023DDE900013FF022FA03B05DF880
:1007500004FB00BFF07F002036F042BD08B504481E
:1007600033F052F80348BDE8084033F04DB800BFFD
:1007700008800020F07F002036F044BD38B50A4CD8
:100780000A4D204633F0BAF82046094C09492A465A
:1007900036F09FF8204633F0BCF82A46204606493A
:1007A000BDE8384036F095B8088000200060002091
:1007B000F07F0020290703001D07030008B5431C34
:1007C00004D121220E490F4835F09AFC012359B17A
:1007D0001F2886BF00F01F000B4A4FF0A04203FA0B
:1007E00000F0C2F8080508BD1F2886BF00F01F00F2
:1007F000054A4FF0A04203FA00F0C2F80C05F2E7F8
:1008000038410700C1410700000300502DE9F041C5
:100810001D4D0701EB190446D8680E4610B10121A1
:1008200036F092FAFEF76FF884424FF0010034BFC1
:1008300015F907804FF0FF3836F05AFA002303709D
:1008400041463D44044634F042FD012EEC6011D097
:1008500075B235B1022E12D0204632F0D4F9012102
:1008600003E0204632F0CFF929462046BDE8F041AA
:1008700032F0D6B92046BDE8F04132F0B7B9204693
:1008800032F0C1F90321F0E71C6000202DE9F341AB
:1008900007468846FEF737F8874222D2124C3E01BF
:1008A000A319DD68ADB9FEF72EF887424FF00100BD
:1008B00034BFA7574FF0FF3736F01AFA34440023FD
:1008C000054603700122CDF80080394634F002FD60
:1008D000E56095F90000414602B0BDE8F041FFF740
:1008E0006DBF02B0BDE8F0811C600020F7B507467F
:1008F000FEF709F887421FD2104C3E01A319DD68AC
:10090000A5B9FEF700F887424FF0010034BFA757A2
:100910004FF0FF3736F0ECF93444002305460370FE
:100920001A460093394634F0D5FCE56028463AF083
:1009300081F8C0B203B0F0BD0020FBE71C600020CE
:100940002DE9F041002507460E4690462C463046DC
:100950000121FFF79BFF64B23846B8F1000F0ED1BA
:10096000FFF7C4FFA8400443002130460135FFF7DC
:100970008DFF082DE4B2EAD12046BDE8F081FFF7F3
:10098000B5FFC5F107039840EDE700001EF0040F26
:100990000CBFEFF30880EFF30980816911F8021CA6
:1009A000002932D101B590E80F10E047BDE80050B2
:1009B0008CE80300244B93E80600914208BF70477F
:1009C0001A6041B91EF0100F10D1204B186820F0AA
:1009D000010018600AE02CE9F00F1EF0100F08BFAC
:1009E0002CED108A81F822E0C1F838C0906B92F8A3
:1009F000221061F0FF0E1EF0100F08BFB0EC108A3D
:100A0000B0E8F00F80F309887047114A13689942E3
:100A1000FAD801B552F821C00FC8E047BDE8005030
:100A2000CCF80000704701B501F030FBBDE8014093
:100A3000EFF3098CBEE701B501F0ECFABDE8014027
:100A4000EFF3098CB6E700004062002034EF00E0CD
:100A5000A042070008B5014630B96FF0030000F06E
:100A6000F2F96FF0030008BD132001F0B1FE30B9B8
:100A70004FF0FF3000F0E7F94FF0FF30F3E70020D0
:100A8000F1E7000008B5EFF305832BB9EFF310830E
:100A900013B9EFF3118333B16FF0050000F0D3F910
:100AA0006FF0050008BDDFF808C000DFFAE700BFFF
:100AB000550A0300EFF310832BB9EFF311800038D0
:100AC00018BF0120704701207047000038B538B3C7
:100AD000846805686CB114F0030302D1C2680F2A60
:100AE00013D86FF00801002002F0D0F8002420464F
:100AF00038BDC368002BF4D1104BD3F8900088B1F7
:100B000000F0FCFB0446A0B10123A3700023C4E95C
:100B10000233F322094B2270094A65605A66E6E700
:100B20000546E9E7D3F880000122102100F072FBAE
:100B3000E8E76FF0040102F0A9F8D8E72C62002082
:100B40001D0C030070B5054610B10378F32B07D0D8
:100B500028466FF0030102F099F86FF0030070BDB2
:100B6000836863B1284601F0EDFB00226FF00201BB
:100B700001F086FDA8680028F4D101F06BFCAB7889
:100B8000002613F001032E700FD0094BD3F89040CC
:100B9000294624B1204600F0CBFB3046DFE7D3F8EE
:100BA000800000F06CFB2046D9E71846D7E700BF6D
:100BB0002C620020930710B502F0010422D400F14A
:100BC0000C0384B153E8000F00EA01028A4203D00B
:100BD000BFF32F8F002005E020EA010243E8002444
:100BE00004B1EFE710BD53E8000F084203D1BFF393
:100BF0002F8F002005E020EA010243E8002404B121
:100C0000F1E7EFE7C06801EA00031CB18B4218BFAF
:100C10000020E7E7002B08BF0020E3E7F8B5846871
:100C2000054604B9F8BD94F82320616AA7682846F0
:100C3000FFF7C0FF064638B1204601F08CFB0022CA
:100C40003146204601F01CFD3C46EAE7F8B50D466A
:100C500017461E46044620B10378F32B01D1002924
:100C600007DA20466FF0030102F010F86FF003007E
:100C7000F8BDFFF79FFF0028FAD186B13146432027
:100C800001F0A6FD40B1074B5E692046314601F0F8
:100C900047FB756286F823706FF00100E8E76FF09C
:100CA0000200E5E72C6200202DE9F041064620B164
:100CB0000378F32B01D1002909DA6FF003013046E4
:100CC00001F0E4FF6FF003052846BDE8F08100F174
:100CD0000C0353E8002F42EA010543E8005000B13D
:100CE000F7E7B4681CB9204601F0B4FBECE794F8D0
:100CF0002320616AD4F808803046FFF75BFF07467F
:100D000078B194F823309B0756BF656A054620EA00
:100D10000505204601F01FFB00223946204601F060
:100D2000AFFC4446DEE7000008B50246EFF305835A
:100D300033B100206FF0050101F0A8FF002008BDCD
:100D4000FFF7B8FE0028F4D1DFF808C0104600DF36
:100D5000F5E700BFCD0A030038B502460D46EFF3B4
:100D600005834BB192B96FF00301104601F08EFF7D
:100D70006FF00304204638BDFFF79CFE0028F1D138
:100D8000DFF830C0104600DF0446F3E71378F32B9A
:100D9000E9D1002DE7DB02F10C0353E8001F41EA23
:100DA000050443E8004000B1F7E7104601F0B6F94A
:100DB000E0E700BFA90C0300F8B504460E4617464D
:100DC0001D46EFF3058343B18CB920466FF0030154
:100DD00001F05CFF6FF00300F8BDFFF76BFE002829
:100DE000F2D1DFF82CC020462B4600DFF4E7237851
:100DF000F32BEAD1002DE8D1002EE6DB3A4631464E
:100E00002046FFF7D7FE002808BF6FF00200E3E797
:100E10004D0C030008B50246EFF305833BB11046C5
:100E20006FF0050101F032FF6FF0050008BDFFF71C
:100E300041FE0028F3D1DFF808C0104600DFF5E7D7
:100E4000450B030070477047EFF310832BB9EFF3A6
:100E50001180003818BF0120704701207047000042
:100E6000064BDA6A3AB1D0695B6C1BB11B699842D8
:100E700028BF184670474FF0FF30F5E72C6200207E
:100E800070B5464C237A012B00F0858033B14FF0CA
:100E9000FF3001F0EFFE4FF0FF3070BD404DD5E95F
:100EA0000B61EB68E3652B8AA4F854303046AB68DD
:100EB000236400F097F908B1C4F88060D5E90561B2
:100EC000304600F08FF908B9D4F880606667D5E93C
:100ED0000761304600F086F908B9D4F88060A6674B
:100EE000D5E90961304600F07DF908B9D4F8806091
:100EF000E6676E6B3EB1D6E902233168304600F0FA
:100F0000DCF9C4F88460AE6B3EB1D6E902233168E7
:100F1000304600F0D2F9C4F88860EE6B3EB1D6E9F5
:100F200002233168304600F0C8F9C4F88C602E6C9A
:100F30003EB1D6E902233168304600F0BEF9C4F86C
:100F400090606E6C3EB1D6E902233168304600F005
:100F5000B4F9C4F89460AE6C3EB1D6E902233168AE
:100F6000304600F0AAF9C4F89860EE6C3EB1D6E9BC
:100F700002233168304600F0A0F9C4F89C602D6D62
:100F80003DB1D5E902232968284600F096F9C4F856
:100F9000A0500123237200207FE700BF2C620020B5
:100FA0003042070070B5254D2B7A012B07D06FF02A
:100FB000060001F05FFE4FF0FF34204670BD01F0E7
:100FC0004BFC10B94FF0FF30F3E71D4A1D4E1E4990
:100FD0007068FF2382F8223092F82230D26863F0E2
:100FE000FF03DB4314BFB3FA83F32023C3F12003D1
:100FF000C2F30222934298BF531CFE2202FA03F36B
:101000000F4ADBB2D37701F091FE04460028D9D114
:1010100001F0E0FE286101F0C9FE0C4801F092F9F0
:1010200001F010FA3368DB074CBF0223032383F37C
:101030001488BFF36F8F02232B72BEE72C6200204F
:1010400000ED00E030420700370A0300486200204C
:1010500010B50F4C237A022B13D101F0AFFE012300
:101060006372BFF34F8F0B4A5168C90042BF4FF004
:1010700000615160A37204232372BDE81040FFF7A2
:10108000EFBE6FF0070001F0F5FD002010BD00BFBE
:101090002C62002000ED00E038B51E4C237A042BB2
:1010A000054635D1FFF7DCFEE26A854203462CBFD8
:1010B00000F1FF332B4612B1D069C01AD061626CC7
:1010C00012B11069C01A1061E26813441544E3605C
:1010D000E3689D4213D102230020237201F0BAF984
:1010E00000236372BFF34F8FA27A22B1A3720A4B1F
:1010F0004FF080525A60BDE8384001F057BE0133CE
:10110000E36001F065F9236D002BE1D09847DFE73C
:1011100038BD00BF2C62002000ED00E0704738B5FC
:1011200004460D46FFF78EFE29462046BDE83840AE
:1011300001F062BD08B5FFF7F1FFEFF3058333B1AE
:101140006FF0050001F096FD6FF0050008BDFFF798
:101150007BFE0028F4D1DFF808C000DFF6E700BF0F
:10116000810E030008B5EFF3058333B16FF005007E
:1011700001F080FD6FF0050008BDFFF765FE002857
:10118000F4D1DFF808C000DFF6E700BFA50F0300C9
:1011900008B5EFF305832BB16FF0050001F06AFD90
:1011A000002008BDFFF750FE0028F5D1DFF804C08D
:1011B00000DFF6E75110030008B50246EFF30583A0
:1011C0002BB1BDE808406FF0050001F053BDFFF7FB
:1011D0003BFE0028F5D1DFF808C0104600DF08BD4F
:1011E0009910030010B598B140EA010313F007030A
:1011F0000ED117290AD90160083910220C18846011
:101200004260435081684A60C3600123184610BDA4
:101210000023FBE770B580B399B132F003032CD102
:101220000F3121F0070600F10804234624685D68A9
:10123000E11A25F00305491B8E4204D921680029D3
:10124000F3D1084670BD01684568014435444560E6
:1012500051F8040C0839854288BF4D605868324304
:1012600018B95A6003F10801EBE720F003001918E0
:101270001C504A6019600831E3E70021E1E710B52E
:1012800080B1C1B1A1F1080400F108030022A3421A
:1012900009D1596821F003044168091B41603AB93A
:1012A0005A60012010BD19681A4621B10B46EEE7BD
:1012B0001B681360F5E70846F4E730B5C0B189B1A3
:1012C000C2B1CBB10024C0E9014202FB01F41D19F7
:1012D0000160C360436105611846013904D1A41A55
:1012E00019510121084630BD851805602846F4E7EC
:1012F0000146F7E71146F5E71946F3E710B503464F
:10130000A8B100F1140252E8000F10B9BFF32F8FFB
:1013100004E0016842E8001404B1F4E738B1043392
:1013200053E8002F511C43E8001404B1F8E710BD46
:1013300030B5F0B1C3688B421BD803698B4218D912
:1013400000F114031A680A60BFF35F8F53E8002F9F
:101350000C689442F6D143E8001505B1F2E7043079
:1013600050E8003F5A1E40E8002101B1F8E7002094
:1013700030BD6FF00300FBE7EFF310832BB9EFF301
:101380001180003818BF0120704701207047D1E953
:10139000013223B19A608A681AB153607047C26201
:1013A000F9E70363704700002DE9F84F88460746C8
:1013B00038B131B1B0FA80F1B8FA88F30B441F2B81
:1013C00006DC6FF00301002001F076FC002470E0E1
:1013D00008F1030626F003060C3606FB00F9F2B10D
:1013E0009468D2F800A0D2E904513CB1A30702D11D
:1013F000D368332B05D86FF00801E4E7D368002BDE
:10140000F9D13DB115F0030301D1894556D96FF0EB
:101410000901D8E70029FAD11CB18B460DE09246AC
:101420001546284BD3F8A000E0B1FFF767FF04464C
:10143000A8B1002D40D14FF0010B224B0022D86FF4
:101440004946FFF7E7FE0546C0B9BBF1000F06D0DD
:101450001C4BD3F8A000214658B1FFF769FF6FF08D
:101460000401B0E7D3F8800001223421FFF7D2FE57
:10147000DDE7D3F88000FFF702FFF0E74A460021DE
:101480003FF024FA4BF00203FA22A3700023C4E9D0
:101490000983C4E90B332270A36032462B46C4F89B
:1014A00004A0394604F10C00FFF707FF054B064A7C
:1014B0001A672046BDE8F88F0123E5E7002CE3D149
:1014C000AFE700BF2C6200205915030010B500F1F2
:1014D000280353E8002F12B9BFF32F8F04E0511EE9
:1014E00043E8001404B1F4E70AB9002010BDC06A53
:1014F00001220028F9D0811CD1E84F3FC1E8442FD8
:1015000004B1F9E7DBB2002BF0D08068F1E7036BA0
:1015100030B5E3B1CD780024DA78AA420FD31A4669
:10152000C1E901248AB19160A4B16160283050E81A
:10153000003F5A1C40E8002101B1F8E730BD5A686D
:101540001C46002AECD01346E6E7C162ECE7C1E98D
:101550000133C1620163E9E7F8B5877804468FB3C8
:10156000C568014600272846FFF711FF277005F1DF
:101570000C042046FFF7DCFEAB68002B48D0204669
:10158000FFF7BCFE0446002842D0284600F0DAFEF1
:101590003A460646394601F073F8304600F048FFF7
:1015A0006A6A8168064604F10C003FF067F9F92386
:1015B0002370A770F368E37021462846BDE8F84021
:1015C000FFF7A5BF8568AB68002BF5D05B78832B50
:1015D000F2D1284600F0B6FE3A460646394601F0FA
:1015E0004FF8304600F024FF06466A6A806804F12E
:1015F0000C013FF043F9F3680BB1E2781A70002355
:101600002370214605F10C00BDE8F840FFF790BEBD
:10161000F8BD00002DE9F0410C46174698460546F6
:1016200018B10378FA2B00D141B928466FF00301B5
:1016300001F042FB6FF00300BDE8F0818368C3B1A5
:101640005B78832B15D100F07DFE01220646002138
:1016500001F016F8304600F0EBFE06466A6A806834
:1016600021463FF00BF9F0680028E5D00770002014
:10167000E2E705F10C00FFF741FE064670B1214696
:101680006A6A0C303FF0FAF80024F9233370B47022
:10169000F77031462846FFF73AFFE8E7B8F1000F48
:1016A00010D04146932001F093F840B1074B2846F3
:1016B000596900F035FEEFF30983C3E902476FF083
:1016C0000100B9E76FF00200B6E700BF2C6200200E
:1016D0002DE9F0410F4615469846044618B10378A7
:1016E000FA2B00D141B920466FF0030101F0E4FA72
:1016F0006FF00300BDE8F081FFF7E8FE0646002822
:101700003AD001462046FFF742FE626A06F10C011C
:1017100038463FF0B3F80DB1F3782B70002504F193
:101720000C07357031463846FFF702FEA3680BB947
:101730000020DFE73846FFF7E1FD06460028F7D036
:10174000204600F0FFFD29460746012200F098FFE1
:10175000384600F06DFE626A8168074606F10C00AB
:101760003FF08CF8F9233370B570FB68F3703146A5
:101770002046FFF7CCFEDBE7B8F1000F10D0414662
:10178000832001F025F840B1074B2046596900F04D
:10179000C7FDEFF30983C3E902756FF00100A9E704
:1017A0006FF00200A6E700BF2C62002008B5064BD0
:1017B00008219A6ED86EFFF7F7FD044BD864B0FA93
:1017C00080F04009404208BD304207002C620020F2
:1017D0002DE9F04106460F4690461C46EFF305837F
:1017E0004BB196B930466FF0030101F065FA6FF026
:1017F0000300BDE8F081FFF7BFFD0028F1D1DFF85D
:101800004CC03046234600DFF3E73378FA2BE9D1AA
:10181000002FE7D0002CE5D106F10C00FFF76EFD9C
:10182000054680B1726A39460C303FF027F8F9233B
:101830002846C5E901762B70AC7085F8038000F06E
:101840006DFC2046D5E76FF00200D2E715160300C5
:10185000F8B504460F4616461D46EFF3058343B11F
:101860008CB920466FF0030101F026FA6FF00300F7
:10187000F8BDFFF781FD0028F2D1DFF848C020460F
:101880002B4600DFF4E72378FA2BEAD1002FE8D0CB
:10189000002DE6D12046FFF719FE054670B100F194
:1018A0000C01626A38463EF0E9FF0EB1EB78337006
:1018B0002846EC6000F032FC0020D9E76FF002000F
:1018C000D6E700BFD1160300EFF310832BB9EFF377
:1018D0001180003818BF01207047012070470000B8
:1018E00070B5A8B38468D0E900566CB114F0030356
:1018F00002D1C2681B2A1AD86FF00801002001F03B
:10190000CBF90024204670BDC368002BF4D1124BE4
:10191000D3F8940030B9D3F8800001221C21FFF7DE
:1019200079FC01E0FFF7EAFC044660B10123F522EF
:10193000A3700023C4E90233C4E904332270E670C3
:1019400065602376DEE76FF0040101F0A5F9D9E7C1
:1019500005460646DBE700BF2C620020284B70B529
:101960005D6904460E4635B96FF0070101F094F940
:101970004FF0FF3070BD10B10378F52B07D0204633
:101980006FF0030101F088F96FF00300F2E7037EC6
:1019900053B9C0E90353EB6A436103B11861EC62C8
:1019A000012323760020E5E7C278D1070DD5C16871
:1019B000A9420AD1FF2B06D16FF00F0101F06CF99B
:1019C0006FF00200D6E70133EBE7002EF8D0930763
:1019D0000AD5E06895F9203090F920209A4203DA80
:1019E00080F8203000F0C0FC3146532000F0F0FEBB
:1019F00018B12946204600F093FC6FF00100B9E7CA
:101A00002C6200202E4B5A6970B5044632B96FF033
:101A1000070101F041F94FF0FF3070BD10B10378BC
:101A2000F52B07D020466FF0030101F035F96FF078
:101A30000300F2E7037E33B96FF00E0101F02CF9D9
:101A40006FF00200E9E7C168914202D06FF00D012A
:101A5000F4E7013BDBB2037613BB43690BB10169C9
:101A600019612169F1B14B6192F92130D56ADDB973
:101A700082F82030A36883B1204600F063FC06465C
:101A80002A46294600F0FCFDF36A6361C4E9036558
:101A900003B11C610123F4622376002000F0DAFC1C
:101AA0000020BAE7D362DFE7E978890706D5A9689D
:101AB00021B191F920108B42B8BF0B466D69D6E772
:101AC0002C62002070B5044610B10378F52B07D0C6
:101AD00020466FF0030101F0DFF86FF0030070BDE6
:101AE000037EBBB16369C0680BB122691A612269C8
:101AF00002B3536190F92120C36AEBB990F9203009
:101B0000934203D080F8202000F02EFCA068F8B9A2
:101B100000F0A0FCA078002610F001002670DED0B6
:101B2000134BD3F894502146DDB12846FFF700FC53
:101B30003046D4E7C362DDE7D978890706D59968CE
:101B400021B191F920108A42B8BF0A465B69D4E7F7
:101B5000204600F0F7FB00226FF0020100F090FD3C
:101B6000D4E7D3F88000FFF78AFB2846B7E700BF29
:101B70002C6200202DE9F0410446002601270CB913
:101B8000BDE8F081E378D4F814801B0712D5A36870
:101B900026767BB1204600F0D5FB00220546114693
:101BA00000F06EFDEB6A6361C4E9035603B11C618A
:101BB000EC6227764446E2E710B4C3789B071DD554
:101BC000C06890F92120C36ADC78A40709D59C6815
:101BD0008C4208BF8C6824B194F92040A242B8BF5F
:101BE00022465B69002BEFD190F92030934205D05B
:101BF00080F820205DF8044B00F0B6BB5DF8044B84
:101C00007047000008B50246EFF3058333B10020AA
:101C10006FF0050101F040F8002008BDFFF754FE09
:101C20000028F4D1DFF808C0104600DFF5E700BF58
:101C3000E118030008B50246EFF305833BB11046F7
:101C40006FF0050101F028F86FF0050008BDFFF7FF
:101C50003BFE0028F3D1DFF808C0104600DFF5E7AF
:101C60005D19030008B50246EFF305833BB110464A
:101C70006FF0050101F010F86FF0050008BDFFF7E7
:101C800023FE0028F3D1DFF808C0104600DFF5E797
:101C9000051A030008B50246EFF305833BB1104671
:101CA0006FF0050100F0F8FF6FF0050008BDFFF7C9
:101CB0000BFE0028F3D1DFF808C0104600DFF5E77F
:101CC000C51A0300EFF310832BB9EFF3118000382E
:101CD00018BF01207047012070470C30D0E85F3FEB
:101CE00013B9BFF32F8F04E05A1EC0E8512F01B182
:101CF000F4E798B2003818BF0120704730B500F102
:101D00000C02C189D2E85F3F994202D8BFF32F8FFE
:101D100004E05C1CC2E8554F05B1F3E7C0899BB2F3
:101D2000984294BF0020012030BD0000F8B50E4657
:101D30004FF6FE73411E9942054601D8B04207D2C4
:101D40006FF00301002000F0ADFF00242046F8BD35
:101D50001AB39468176844B114F0030302D1D2682F
:101D60000F2A0ED86FF00801ECE7D368002BF9D1E9
:101D7000114BD3F8980090B1FFF7C0FA0446A8B110
:101D80000123A3700023F622A3600B4B22700B4AA1
:101D90006760A681E5819A66D8E71746E8E7D3F839
:101DA000800001221021FFF735FAE7E76FF0040108
:101DB00000F078FFCAE700BF2C620020311E03004C
:101DC00070B5054610B10378F62B07D028466FF0A2
:101DD000030100F067FF6FF0030070BD836863B11B
:101DE000284600F0AFFA00226FF0020100F048FC34
:101DF000A8680028F4D100F02DFBAB78002613F082
:101E000001032E700FD0094BD3F89840294624B116
:101E10002046FFF78DFA3046DFE7D3F88000FFF762
:101E20002EFA2046D9E71846D7E700BF2C620020DB
:101E3000836810B504465BB1FFF74FFF40B1204601
:101E400000F080FA0022BDE81040114600F018BCF6
:101E500010BD38B5054610B10378F62B07D02846DB
:101E60006FF0030100F01EFF6FF0030038BD8468BF
:101E70003CB100F067FA0122002100F001FC0020D3
:101E8000F4E7FFF73BFF38B928466FF0100100F088
:101E900009FF6FF00200E9E72046E7E738B50D4695
:101EA000044610B10378F62B07D020466FF00301EB
:101EB00000F0F8FE6FF0030038BDFFF70EFF68B9C1
:101EC00075B12946632000F083FC20B1064B204603
:101ED000596900F025FA6FF00100EDE70020EBE70B
:101EE0006FF00200E8E700BF2C62002010B5044646
:101EF000EFF3058333B100206FF0050100F0D2FE4F
:101F0000002010BDFFF7DEFE0028F4D1DFF808C086
:101F1000204600DFF5E700BF2D1D030010B5024687
:101F20000C46EFF3058343B182B910466FF003010D
:101F300000F0B8FE6FF0030010BDFFF7C3FE0028ED
:101F4000F2D1DFF824C0104600DFF5E71378F62B56
:101F5000EBD1002CE9D11046FFF7BFFE002814BFDB
:101F600000206FF00200E7E79D1E030010B5044655
:101F7000EFF3058343B184B920466FF0030100F00D
:101F800091FE6FF0030010BDFFF79CFE0028F2D118
:101F9000DFF830C0204600DFF5E72378F62BEBD1E1
:101FA0002046FFF7ABFE20B1204600F0B7F8002036
:101FB000E9E720466FF0100100F074FE6FF00200B8
:101FC000E1E700BF531E030008B50246EFF30583A7
:101FD0003BB110466FF0050100F064FE6FF00500A4
:101FE00008BDFFF76FFE0028F3D1DFF808C01046E8
:101FF00000DFF5E7C11D030010B5D0E85F3F5A1CB4
:10200000914200D80022C0E8542F04B1F5E798B2FD
:1020100010BD000038B51C4C00F0D6FEE36801335B
:10202000E36000F0D5F9002000F014FA236D03B14D
:102030009847226C32B3A369E06BD969984202D009
:10204000E36301B9DA61DA69C2B9237A022B19D1E3
:10205000656ABDB1E36B95F9202093F920309A426F
:1020600010D1284600F077F9E06B00F08FF9284690
:1020700000F0E8F9236CE563EB6103E0013ADA6113
:10208000002AE2D038BD00BF2C62002070B5224C7F
:1020900004F1560504F15A06B4F85410D5E85F3F30
:1020A00013B9BFF32F8F04E05A1EC5E8502F00B1BB
:1020B000F4E79BB25BB33046FFF79EFFE36D53F846
:1020C000200020B30378F13B082BE5D801A252F899
:1020D00023F000BFF920030099200300FF20030034
:1020E0009920030099200300032103000721030026
:1020F000992003000B210300236E9847CCE7636E01
:10210000FBE7A36EF9E7E36EF7E7236FF5E7BDE8BA
:102110007040002000F09EB92C62002070B5164C73
:102120000546B4F8541004F15602D2E85F3F9942D4
:1021300002D8BFF32F8F04E0581CC2E8560F06B137
:10214000F3E79BB2994205D829460220BDE87040CA
:10215000FEF7E5BF04F15800FFF74EFFE36D43F8CB
:102160002050637A23B9054B4FF080525A6070BDFE
:102170000123A372FBE700BF2C62002000ED00E00A
:10218000EFF310832BB9EFF31180003818BF012053
:102190007047012070470378F12B00D07047C0686A
:1021A000F9E7000010B5C469621CD0E904310CD114
:1021B00003B1596142691AB113610023436101E01F
:1021C000074A13630023C36110BD1BB1DA6959616B
:1021D0002244DA614269002AEED1014AD362F1E772
:1021E0002C62002010B50A4A90F920100123437098
:1021F000536A1C321BB193F920408C4205DCC0E9C4
:102200000232906003B1D86010BD1A469B68F1E7B6
:102210002C620020014B5869704700BF2C620020DF
:1022200010B50023038083789A07044608D513F07D
:10223000100F016B0E4B0FD0D3F88400FFF778F826
:10224000A378DB0712D50A4BD3F88800214638B1B2
:10225000BDE81040FFF76CB8586FFFF710F8EFE7D4
:10226000BDE81040D3F88000FFF709B810BD00BFEB
:102270002C62002008B500F025FDDFF810C000DF5B
:102280004FF0FF31002000F0FBFCFEE7E9260300E1
:10229000C278D207034601D4FFF7C2BF0422054922
:1022A00042700022C2604A6B826002B1D0604B6310
:1022B000704700BF2C620020930710B502F00104A4
:1022C00022D400F1280384B153E8000F00EA010290
:1022D0008A4203D0BFF32F8F002005E020EA0102DD
:1022E00043E8002404B1EFE710BD53E8000F0842B3
:1022F00003D1BFF32F8F002005E020EA010243E85D
:10230000002404B1F1E7EFE7806A01EA00031CB1A1
:102310008B4218BF0020E7E7002B08BF0020E3E74F
:1023200010B591F9202083681BB193F920409442A5
:1023300005DAC1E90230816003B1D96010BD1846E9
:102340009B68F1E783689A68826002B1D0600022DE
:10235000DA6018467047C2682AB18368936003B197
:10236000DA600023C360704710B5044664B1237877
:10237000F12B07D0FFF7EFFF01462046BDE81040E4
:10238000FFF7CEBFE468F1E710BD0000012301466E
:1023900043700148FFF7C4BF4862002070B50B4D81
:1023A0002E7A022E10D16C6A74B1696994F92020DA
:1023B00091F920309A4207D12046FFF7CCFF08461A
:1023C000FFF7E4FF6670AC61002070BD2C62002056
:1023D00038B5164DEC6A44B3E369013BE36123BBB6
:1023E0006378732B06D009D8532B0BD003F0DF038F
:1023F000432B0DD12046FFF7CEFE09E003F0EF039B
:10240000832BF6E72046FFF7C6FE2146FFF7D4FBF5
:102410002046FFF7A0FFFFF7B9FF246924B1E36965
:10242000002BDDD000236361EC6238BD2C620020FC
:1024300090F82230826B13F0100F0CBF6020202028
:102440001044704702234370014B9861704700BFEE
:102450002C62002070B5124D04462E7A696990B93D
:10246000022E0FD16C6A6CB194F9202091F92030C2
:102470009A4207DD2046FFF76EFF0846FFF7B2FEDF
:102480006670AC6170BD022E05D190F9202091F9E3
:1024900020309A42F1DC2046BDE87040FFF776BF5D
:1024A0002C6200202DE9F04F85B08046029128B9BA
:1024B0006FF0030100F0E4FB0024ABE0002A48D0F9
:1024C000D2E900A3946896690193D2E904B544B1B6
:1024D000A10702D1D268432A06D86FF00801002074
:1024E000E8E7D268002AF8D1BBF1000F08D01BF052
:1024F000070F02D1002D40F0A9806FF00A01EEE72E
:102500002EB1721E372A03D96FF00B01E7E71826A8
:10251000002D40F09F804CBB534CD4F88800F0B1A4
:10252000FEF7ECFE0446002800F08D800127DFF85E
:102530003891BBF1000F32D1D5B94C4AD9F884009B
:10254000556DA8B1FEF7DAFED0B147F0100783460B
:1025500021E092469346182615460192DCE7D4F80E
:10256000800001224421FEF755FEDBE70027DEE76D
:10257000D9F874005A462946FEF74CFE0028E6D1E9
:10258000002F55D0D9F88820002A47D02146104680
:10259000FEF7CEFE002447F00207002C53D040F295
:1025A000F11222800022C4E90222C4E90422C4E913
:1025B0000622C4E90922C4E90B2BA5F140025A44C2
:1025C000C4E90E28019B2A4AE37076B2FD21A77068
:1025D000C4F804A084F8206084F8216061846563F5
:1025E000CBF80020214A1268530723D4A36B34226E
:1025F000184600213EF06AF91E4A1F4BC0E90D281B
:102600004FF08072C263029A02622046C9F86030BD
:10261000FFF720FF204605B0BDE8F08F2146D9F82E
:1026200080000392FEF72BFE039A14469346B2E70E
:102630003C46B0E725F00302443ACC210BF10400FC
:102640003EF044F9D2E76FF0040148E7002E7FF432
:1026500058AF18266A077FF450AF084AA5F1480121
:1026600091427FF658AF48E72C62002030420700C5
:10267000A52E5AE275220300A5260300B7FFFF7FAF
:1026800038B505461446FFF7D3FE01602846FFF72C
:1026900089FD1CB1BDE83840FFF7DCBEBDE838401D
:1026A000FFF774BE10B54378332B04460CD1416A52
:1026B00090F82320FFF700FE014628B120460022B3
:1026C000BDE81040FFF7DCBF10BD10B504468069BF
:1026D00018B100221146FFF7D3FF6378232B02BF06
:1026E000A36800229A6110BD70B50F4C267A022EA5
:1026F00018D1636AB3B16569E86AFFF73BFA284607
:10270000FFF7E3FF04F11C00FFF71CFE4670A06119
:10271000EFF30983AB63002363612846BDE8704093
:10272000FFF7B6BD70BD00BF2C62002010B5044697
:1027300010B10378F12B07D020466FF0030100F0B1
:102740009FFA6FF0030010BD437803F00F03022BD4
:102750001ED0032B2BD0012B2ED1FFF7FCFDE06AFE
:10276000FFF708FA2046FFF7B0FF6178022926D16B
:102770001548FFF7E7FD154B41709861EFF30982AB
:10278000A26300225A612046FFF782FD0020DAE7AB
:102790000E4B1A7A022A02D15B6A002BDFD16FF04E
:1027A0000201204600F06CFA6FF00200CBE7FFF761
:1027B000D2FDFFF7F7FCD2E76FF00201F2E700204D
:1027C000FFF748FEDFE700BF486200202C620020D0
:1027D00038B51F4C237A022B35D1636A002B34D0D5
:1027E00063694A1C587016D1226B002172B94FF0F0
:1027F000FF30C3E90421D86159B10B611548FFF7D7
:10280000A1FD02234370A061012038BD1146126969
:10281000ECE72363F2E7E26A002012B1D569A9422E
:102820000BD2C3E90420D96158B10361002AE5D075
:10283000D0695361401AD061E0E71046491B126924
:10284000EBE7E362F2E70020DFE71846DDE700BFD1
:102850002C6200204862002038B50D4C0D48A26D56
:102860000D4D0021FFF71EFE636EA8625BB1984715
:1028700058B9E26DE96C206EFFF714FEA8640038C9
:1028800018BF012038BD0120FCE70020FAE700BF97
:1028900030420700F12B03002C62002010B50446E3
:1028A000EFF3058333B100206FF0050100F0E8F984
:1028B000002010BDFFF764FC0028F4D1DFF808C049
:1028C000204600DFF5E700BFA524030008B5EFF3BD
:1028D000058313B1054B586908BDFFF751FC00286B
:1028E000F8D1DFF80CC000DFF6E700BF2C62002053
:1028F0001522030008B5EFF305833BB100206FF00C
:10290000050100F0BDF96FF0050008BDFFF738FCC8
:102910000028F3D1DFF804C000DFF6E79D230300B1
:1029200010B5044600F0DAF9EFF305833BB1204619
:102930006FF0050100F0A4F96FF0050010BDFFF77E
:102940001FFC0028F3D1DFF808C0204600DFF5E7C0
:102950002D27030030B50C4D6B6C002213B11C69A0
:102960008C420AD9C0E9022301611BB11C6998603D
:10297000641A1C612AB1D06030BD1A46091BDB689D
:10298000ECE76864F8E700BF2C6200202DE9F04115
:10299000184D6C6C54B323696E69013B23610127A8
:1029A000236913BBE3680BB1A2689A606B640023D0
:1029B000E86C1A4604F11801FEF70AFF58B1D5E990
:1029C0000583214603206B61FEF7A9FB6B6913B9F0
:1029D000B04508BF0026E378012B09D16169204684
:1029E000FFF7B8FF6C6C002CDAD16E61BDE8F081A6
:1029F0006770F7E72C62002008B5FEF7D7FE18B91C
:102A0000034B044A1A6508BD4FF0FF30FBE700BFD7
:102A10002C6200208D29030007B504464FF0FF33D8
:102A2000002269462046FEF713FF0028F6D1DDE9B3
:102A300000309847F2E7000008B5094B094A1A60D0
:102A4000094B9B1A094A1360094B0A4A1A600A4B40
:102A50009B1A0A4A136000F051F800F069F800BFB1
:102A6000D486002000FC032000000420D086002033
:102A7000BC670120E870012000FC0320B86701203A
:102A80000E4838B50E4B03600B250E4B45601C24D9
:102A9000C4608360FFF7B6F80B4B18600B480C4B13
:102AA000C460C0E900350B4B8360FFF7ABF80A4BFD
:102AB0001860BDE838403DF0E5BD00BFA0860020AD
:102AC00004430700B4860020B086002070860020F2
:102AD000114307008486002080860020FDF702BE97
:102AE000024B4FF0FF311868FFF7A4B8B086002002
:102AF000014B1868FFF7B6B8B086002008B538F06B
:102B0000ABFABDE8084000F011B87047704708B54F
:102B100000F042F8FFF7F9FFFFF7B2FFFFF7F6FF0B
:102B200033F002FDBDE80840FFF7D8BFFEF702BB57
:102B3000114C124B23614FF4004363614423E36063
:102B40000F4BA360182307B5A3610E480E4B2360FB
:102B500022460021FFF7A2FE034628B90B49009048
:102B600022460B4833F0F0FCFEF7FCFA002309493B
:102B700000931A46F5E700BFD8060120D88600204A
:102B8000FC0601200F2B03001B4307002043070016
:102B90001D0101803C4307001FB5064B0FCB6C465F
:102BA00084E80F002046FFF72DF8034B186004B0AF
:102BB00010BD00BF644307004007012073B50646FF
:102BC0000C46154633F0B2FC58B906342ABF064B02
:102BD000064953F82410002300933246284633F068
:102BE000B3FC02B070BD00BF284507007C4407005D
:102BF00008B500F0F3F8000007B50023411E00936C
:102C000002460023042919D8DFE801F003080C105C
:102C100014000C490C48012233F096FC0B490C4877
:102C20000222F9E70B490C480322F5E70B490C484F
:102C30000422F1E70B490C480522EDE70B490C484B
:102C4000EAE700BF744307002501028095430700AF
:102C500026010280BA43070027010280EF430700E4
:102C6000280102802A4407002A0102806A440700E2
:102C700000010280014A0146FFF7A0BF3101018037
:102C8000014AFFF79BBF00BF32010180014AFFF7F5
:102C900095BF00BF37010180014AFFF78FBF00BF1A
:102CA0003301018011F1110F02D0024AFFF786BFF4
:102CB000704700BF34010180014AFFF77FBF00BFAA
:102CC0003801018010B5FFF701FE034B1B6813B1FB
:102CD000BDE81040184710BD60070120024B1B687B
:102CE00003B11847704700BF60070120024B987A74
:102CF000003818BF012070472C62002008B5FEF78D
:102D000047FA0749002233F0B1FCC31C04D9054936
:102D100005488B2233F0F4F9BDE80840FEF74CBAC1
:102D2000ED2C03004045070075450700B0F57A7F9C
:102D300038B50D4604D018491848322233F0E0F96E
:102D400032F0F8FE041E13DB04F1604303F5614327
:102D5000E02283F800232946204637F0C3FA2046B4
:102D600037F0C8FA85420AD00B490D483F22E5E703
:102D70000C4B04F00F021344E0221A76EBE7002C10
:102D800007DB094A6109012304F01F04A34042F84C
:102D90002130002038BD00BF40450700A245070094
:102DA000AF450700FCEC00E000E100E008B533F0BF
:102DB000E5FBBDE8084032F0B2BF0000014B1868E7
:102DC00032F0E2BFE8660120014B186832F09EBF86
:102DD000E866012008B532F0ADFE08BD08B5024C2A
:102DE00023689847FCE700BFD06200202FF07EBA2E
:102DF0002DE9F341D0F8288001921D460E46074682
:102E000019F06AFB98F80D300199022B05440ED099
:102E1000032B0ED0012B00D12835F36A3C695A19D7
:102E2000A24209D9F462002002B0BDE8F081183551
:102E3000F3E705F5A875F0E7E41A7B685BB19868DD
:102E400019F06AFB844228BF0446A54203D9F36AFD
:102E50002344F362E7E7054B1B6898884FF47A73C5
:102E6000641B5843A04228BF2046DDE750340120B0
:102E70001FB501238DF8043001A80023CDE90233EA
:102E80002FF0A6F805B05DF804FB1FB5002301A8DC
:102E9000CDE9013303932FF09BF805B05DF804FBF7
:102EA0002DE9F341866AF36E8846044606F1600117
:102EB00013B1019198470199A26800232046FFF7BA
:102EC00097FF074620B902B0BDE8F04119F0D2BA29
:102ED000134DA3686B6740462FF082F8114BAB6728
:102EE000A068114BEB67C5F8847019F0FBFAC5F8C0
:102EF0008000A06005F178002FF054F8002385F8D9
:102F00007030736E43B1FFF7B3FF306E272102B00C
:102F1000BDE8F0412FF042B9FFF7B7FFF5E700BF7A
:102F20006C0A012085310300AD2F03002DE9F0412B
:102F300080460C4619F0A8FA064618B1012630461C
:102F4000BDE8F0812EF080FA174D696F074619F041
:102F5000E3FAE36A1844E0626F6719F0BDFA3A4693
:102F6000034621464046FFF743FF07460028E5D0C9
:102F7000D5F8748019F0B0FA404419F0B3FAC5E9F5
:102F8000200705F178002FF00DF885F87060636870
:102F900033B1FFF76DFF206827212FF0FFF8CEE750
:102FA000FFF773FFF7E700BF6C0A01202DE9F04F30
:102FB00085B0934601919A4607462EF045FADFF810
:102FC000C0916D4CC9F8000019F04EFA19F04CFA96
:102FD0006A4B866A93F8705001996A1C804683F8A0
:102FE000702085B1022D00F08480A58C2EF02CFA83
:102FF000D9F80030C01A854240F2AE80A08CA0847F
:1030000005B0BDE8F08F07B3FB1E012B40F2AD8089
:10301000042F64D06BD82B460125032F59D02A46A4
:103020001D46E3690133E3612B46154643B117F0B2
:10303000FB0F42D006F160014046FFF777FF0546DF
:10304000002DD2D019F026FACFE79DF8383086F857
:10305000821086F88330C6E921BA306E06F19003FB
:103060003A4606F1480101F03FFD00282FD0336FAA
:10307000316E40469847002875D0658C2EF0E4F9F3
:10308000D9F80030C01A85421AD9608C96F8803081
:10309000ADF80830736E60840393FFF7E9FE0121F9
:1030A00002A82FF02FF8736F13B1316E4046984786
:1030B000236801332360002F97D02FF00FF9B9E771
:1030C0002EF0C2F9D9F80030C01A80B2DEE701272D
:1030D000EEE7A2680132A260002BABD1B0E72B462D
:1030E0000125626801326260002BE6D1A8E7012267
:1030F00097E76FB1FB1E012B1BD9042F4FF0000384
:103100004FF0010524D01DD9E2690132E2618DE75B
:10311000B06E06F190033A4606F1480101F0E4FC76
:1031200018B1F36FB16E40469847236901332361AC
:10313000C3E7F36F00219847042F4FF001034FF0CE
:10314000000505D0032FDFD1A2690132A261C3E7D8
:10315000626901326261C7E72EF076F9D9F8003072
:10316000C01A80B24BE701279DE7042F4FF00103FF
:103170007FF453AFB5E700BF640701206C0A01205C
:103180000C0A01202DE9F84381462EF05DF9284D07
:10319000284C286019F068F919F066F9264B876AFF
:1031A00093F87060721C012E804683F8702024D141
:1031B000B9F1000F38D1BB6F796E984778B1268C82
:1031C0002EF042F92B68C01A864221D9238C238421
:1031D000FFF75BFEB86E27212FF056F80026E36854
:1031E0000133E3604EB12FF079F807F160014046FA
:1031F000FFF79CFE08B119F04DF9E68C2EF024F98A
:103200002B68C01A864209D9E08CE084BDE8F883B7
:103210002EF01AF92B68C31A9BB2D8E72EF014F9D6
:103220002B68C01A80B2F0E7E3690133E361E2E79B
:103230000C0A0120640701206C0A012008B5064A27
:103240000649022001F086FBBDE808400448282218
:1032500000213DF03BBB00BFED2D0300A12E03007C
:10326000640701201FB5002301A8CDE901330393B2
:103270002EF0AEFE05B05DF804FB00007FB5174CE4
:10328000866A054608462EF0ABFE154BA367154B24
:10329000E367A868B36FC4F8843019F023F9C4F861
:1032A0008000A86004F178002EF07CFE002384F8F2
:1032B0007030326E7AB1012201A8CDE902338DF867
:1032C00004202EF085FE084840F2011104B0BDE84C
:1032D00070402EF063BFFFF7C5FFF4E76C0A0120D2
:1032E000ED3203003D3603008C07012070B5064621
:1032F0002EF0AAF81E4D1F4C286019F0B5F81E4A92
:1033000092F87030591C012B82F8701013D146BB13
:10331000A68D2EF099F82B68C01A864215D9A08D7B
:10332000A085FFF79FFF154840F201112EF0ACFF7A
:10333000E3680133E360668E2EF086F82B68C01ACE
:10334000864208D9608E608670BD2EF07DF82B68AD
:10335000C01A80B2E4E72EF077F82B68C01A80B26A
:10336000F1E7A36A0133A36219F094F8E3E700BF21
:103370000C0A0120900801206C0A01208C07012012
:1033800070B5104C866A054608462EF029FE0E4B95
:10339000E367A868B36EC4F8843019F0A3F8C4F8E2
:1033A0008000A86004F178002EF0FCFD002384F872
:1033B0007030FFF757FFBDE87040044840F201113C
:1033C0002EF0ECBE6C0A0120D1330300C4080120AA
:1033D0002DE9F74F0E469DF8301001929A46009164
:1033E00005462EF031F8DFF84C82DFF84C92C8F831
:1033F000000019F039F819F037F899F87030D0F862
:1034000028B0894CDDE90012074683B1032B00F098
:103410008980258C2EF018F8D8F80030C01A854223
:1034200040F2F480208C208403B0BDE8F08FDDB141
:10343000EA1E012A40F2F180042D67D070D81A46A6
:103440000123032D5CD019461346A2690132A26103
:103450001A460B46002A60D015F0FB0F01D12EF062
:103460003DFF19F017F8D4E7032389F870308BF883
:103470006D600126CBE91C2A8BF86E102A46DBF81A
:1034800060306A498BF878609847054690B3584693
:103490002EF0A6FD0AEB050019F024F8C9F880000B
:1034A00009F178002EF07EFDA58B2DF0CDFFD8F828
:1034B0000030C01A854216D9A08BA083FFF7D2FE38
:1034C0005A4840F201112EF069FEDBF86430584989
:1034D00038469847B0FA80F67609236801332360AE
:1034E000002E96D0BBE72DF0AFFFD8F80030C01A01
:1034F00080B2E2E7DBF864304C4938469847ECE7A5
:10350000A1680131A160002AABD106E01A4601236F
:10351000616801316160002AA1D1002BA1D178E757
:10352000012192E7DBF86030ADB1EA1E012A55D9DE
:103530002A4600219847DBF8643000213846984736
:10354000042D4FF000024FF001035BD054D9A16964
:103550000131A1617EE78BF878508BF86E102A4616
:1035600032498BF86D609847054680B358462EF077
:1035700037FD05EB0A0018F0B5FFC9F8800009F126
:1035800078002EF00FFDA58B2DF05EFFD8F80030EF
:10359000C01A854214D9A08BA083FFF763FE23488D
:1035A00040F201112EF0FAFDDBF864302049384674
:1035B0009847B0FA80F67609E3680133E3608FE755
:1035C0002DF042FFD8F80030C01A80B2E4E7DBF8F3
:1035D00064301649384698470126EDE72A4600210F
:1035E0009847DBF86430002138469847042D4FF0A7
:1035F00001024FF0000305D0032DA8D1616901310C
:10360000616180E721690131216184E72DF01CFFB0
:10361000D8F80030C01A80B205E7042D4FF001023F
:103620007FF40FAF74E700BFC8090120C408012070
:103630008C0701200C0A01206C0A01202DE9F04FB3
:103640008BB09B469DF850300193CDE90221064690
:103650002DF0FAFEDFF8C882DFF8C8A2C8F8000033
:1036600018F002FF18F000FF9AF87070856AAA4CF3
:103670000399022FDDE90132814600F0C380032F58
:1036800000F03081002F52D1FEB1F31E012B40F229
:103690009E81042E00F0A88000F2B2803B460127F4
:1036A000032E00F09A803A461F46A36A0133A362B4
:1036B0003B461746002B00F09F8016F0FB0F01D110
:1036C0002EF00CFE18F0E6FE31E085F87D1085F84E
:1036D0007E30C5E9202B6B6E9049984700283BD07F
:1036E0002B6EFBB10123E78D8AF870302DF0ACFE14
:1036F000D8F80030C01A874227D9E08D95F8743089
:10370000ADF814302B6EE08506930125002307A841
:10371000CDE908338DF81C502EF05AFC294605A837
:103720002EF0F0FC236801332360002EC8D1258ED3
:103730002DF08AFED8F80030C01A854240F2408150
:10374000208E20860BB0BDE8F08F2DF07DFED8F8DE
:103750000030C01A80B2D1E7EB6E002B36D06F4933
:1037600048469847064688B303238AF870302EF0FF
:10377000B5FD28462EF034FC0BEB060018F0B2FE27
:10378000CAF880000AF178002EF00CFCA68D2DF00E
:103790005BFED8F80030C01A864210D9A08DA085F3
:1037A000FFF760FD5D4840F201112EF0F7FC2B6F32
:1037B0005A4948469847B0FA80F67609B2E72DF0A4
:1037C00043FED8F80030C01A80B2E8E72B6F13B17F
:1037D0005249484698470126A4E7A2680132A260F0
:1037E000002B7FF46FAF07E03B4601276268013290
:1037F0006260002B7FF464AF002F7FF463AF96E725
:10380000012252E703278AF870706EB1F31E012B74
:1038100055D9042E4FF000034FF001075ED057D961
:10382000A26A0132A26245E785F87D1085F87E30F4
:10383000C5E9202BAB6E39499847EB6E002B37D08A
:10384000364948469847064690B328462EF0C8FBAE
:103850000BEB060018F046FECAF880000AF178006B
:103860002EF0A0FBA68D2DF0EFFDD8F80030C01A89
:10387000864216D9A08DA085FFF7F4FC274840F2B8
:1038800001112EF08BFC2B6F244948469847B0FA63
:1038900080F0400923690133236100283FF447AFDA
:1038A0000EE72DF0D1FDD8F80030C01A80B2E2E763
:1038B0002B6F13B11949484698470120EAE7AB6ED0
:1038C00000219847042E4FF001034FF0000705D068
:1038D000032EA5D1A2690132A26181E7626901329A
:1038E000626186E7EB6EFEB1F21E012A57D9002114
:1038F00098472B6F13B1002148469847042E4FF08C
:1039000000034FF0010757D08AD8032E88D1626A8E
:103910000132626264E700BF900801208C07012039
:103920000C0A01206C0A01202C499847064678B3FE
:1039300028462EF055FB06EB0B0018F0D3FDCAF815
:1039400080000AF178002EF02DFBA68D2DF07CFD75
:10395000D8F80030C01A864213D9A08DA085FFF791
:1039600081FC1E4840F201112EF018FC2B6F1B4900
:1039700048469847B0FA80F04009E3690133E361B3
:103980008BE72DF061FDD8F80030C01A80B2E5E772
:103990002B6F13B11149484698470120EDE70021EC
:1039A00098472B6F13B1002148469847042E4FF0DB
:1039B00001034FF00007A8D1226A0132226218E702
:1039C0002DF042FDD8F80030C01A80B2B9E6042EBE
:1039D0004FF001037FF464AE08E700BF8C070120BD
:1039E00008B506490022062000F0B4FFBDE80840F3
:1039F0000348342200213CF069BF00BF7D32030040
:103A00009008012008B506490022092000F0A2FF15
:103A1000BDE808400348242200213CF057BF00BF06
:103A200081330300C80901202EF060BC1FB50023BC
:103A300001A8CDE9013303932EF0CAFA05B05DF871
:103A400004FB00002DE9FF4707460D4692469946C4
:103A500018F01AFD0646002879D1D7F828803D4C89
:103A600094F87230032B72D094F87110022984BF3D
:103A70000339C9B201F12502013388F8012084F825
:103A80007230EB7E0B414A1CDB0784F87120E7D5CE
:103A9000B9F1000F04D11AF0FB0F01D12EF01EFC7A
:103AA00040462EF09DFAB9F1000F2FD0B86818F0FB
:103AB00019FDC4F88000B860002384F87030D5F890
:103AC0000C80B8F1000F06D0D4F8800018F00AFD81
:103AD00001463846C04720482EF064FA6B689BB315
:103AE00001238DF8043001A80023CDE902332EF024
:103AF0006FFA2B7EADF8043001212B68029301A8E8
:103B00002EF09CFA304604B0BDE8F0876B6853B1E4
:103B10002DF09AFC804618F0DFFC404418F0E2FCDF
:103B2000C4F88000C8E798F80E102A7E98F80C00B8
:103B300017F04DFC804618F0CFFC404417F0AEFC67
:103B4000D4F880301844E9E7FFF770FFD1E7012689
:103B5000D8E700BF6C0A0120E40A012010B50E4B23
:103B60000E4A816A9A670E4ADA670422C3F88420F3
:103B700091F87A4083F87140002283F8702083F82E
:103B8000722060310123FFF75DFF18B1BDE81040DE
:103B900018F070BC10BD00BF6C0A0120DD3C0300B2
:103BA000A53B03002DE9F347994605462DF04CFC53
:103BB000DFF82481464CC8F8000018F055FC18F0D6
:103BC00053FC444A866A92F87030591C012B074610
:103BD00082F8701062D106F1600A002D45D1C6F856
:103BE0007C90706E06F180032A4606F1480100F0D1
:103BF0007BFF814640B3336F716E3846984718B3E8
:103C0000B4F81A902DF020FCD8F80030C01A814585
:103C100013D9608B6083FFF709FF96F87930ADF810
:103C200000300121B36E019368462EF06BFA736F7A
:103C3000A3B1716E3846984710E02DF005FCD8F816
:103C40000030C01A80B2E5E700231A4651463846D4
:103C5000FFF7F8FE0546B9F1000FE8D163680133BC
:103C60006360DDB12EF03AFB10E000232A46514696
:103C7000FFF7E8FE042D1ED001D8032D09D063699B
:103C80000133636150B115F0FB0FEBD018F002FC6B
:103C900004E0E3680133E3600028F7D1A58B2DF041
:103CA000D3FBD8F80030C01A85420AD9A08BA08374
:103CB00002B0BDE8F087A3680133A3600028D1D12A
:103CC000ECE72DF0C1FBD8F80030C01A80B2EEE767
:103CD000EC0901206C0A01200C0A01202DE9FF41AA
:103CE00007462DF0B1FB324E324C306018F0BCFB71
:103CF00018F0BAFBD0F828802FB1636901336361F3
:103D000018F0C8FB0AE02C4B93F870506A1C08F1BD
:103D1000600183F870206DB1022D39D0E58B2DF054
:103D200093FB3368C01A85423BD9E08BE08304B033
:103D3000BDE8F081D8F8643023B3278B2DF084FBE5
:103D40003368C01A874217D9208B208301238DF84E
:103D5000043001A80023CDE902332EF039F9D8F858
:103D6000640024212EF090FA236801332360002D93
:103D7000D4D02EF0B3FAC3E72DF066FB3368C01A37
:103D800080B2E2E72B462A46FFF75CFE0546EBE7EA
:103D90003B463A46FFF756FE236901330546236149
:103DA000E5E72DF051FB3368C01A80B2BEE700BFD3
:103DB0000C0A0120EC0901206C0A012008B5064A12
:103DC0000649032000F0C6FDBDE808400448202253
:103DD00000213CF07BBD00BF293A03005D3B03009E
:103DE000EC0901201FB5002301A8CDE9013303939D
:103DF0002EF0EEF805B05DF804FB00002DE9F04769
:103E00009A4605462DF020FB354F364C386018F0A9
:103E10002BFB18F029FB344B866A93F8709009F15C
:103E20000102B9F1010F804683F8702043D175BBC0
:103E30009DF8203086F8A130316FD6F89430C6F85E
:103E4000A4A0984780B3B4F81E902DF0FDFA3B680B
:103E5000C01A814515D9E38BE383FFF7C3FF022125
:103E600006F174002EF04EF9D6F8983013B1316F88
:103E700040469847636801336360E5B12EF02EFA3F
:103E800017E02DF0E1FA3B68C31A9BB2E4E7042D7A
:103E90001CD001D8032D09D0A36915F0FB0F03F145
:103EA0000103A36105D1E9E74D46E3E7E368013388
:103EB000E36018F0EFFA258C2DF0C6FA3B68C01AC3
:103EC000854207D9208C2084BDE8F087A3680133A0
:103ED000A360D3E72DF0B8FA3B68C01A80B2F2E7CE
:103EE0000C0A0120100A01206C0A0120F8B5CB6BE6
:103EF00006460C460BB90120F8BD0121984705463E
:103F00000028F8D0B06A144E2EF06AF8D6F8800077
:103F1000284418F0E7FA114DC6F8800006F1780041
:103F20000F4E2EF03FF8AF8B2DF08EFA3368C01A8B
:103F300087420AD9A88BA883FFF754FF04F1240015
:103F400002212EF07BF80020D6E72DF07DFA3368B1
:103F5000C01A80B2EFE700BF6C0A0120100A0120EE
:103F60000C0A01202DE9FF4705462DF06DFA404F60
:103F7000404C386018F078FA18F076FA866A814674
:103F80002DB1A3690133A36118F084FA18E0DFF8BA
:103F9000E88098F87050022D06F1600A3DD0032D9C
:103FA00055D06DB9336FBBB90323514688F87030D3
:103FB000FFF79CFF0546236801332360002D54D191
:103FC000658C2DF041FA3B68C01A854247D9608C58
:103FD000608404B0BDE8F087012388F87030B4F83D
:103FE0001C802DF031FA3B68C01A80450FD9A08B98
:103FF000A08301238DF8043001A80023CDE902330A
:104000002DF0E6FF306F24212EF03EF9D3E72DF09E
:104010001BFA3B68C01A80B2EAE7032388F87030C5
:1040200096F8A110707BD6F8A4500E2217F0CFF9A5
:104030009635284418F056FA5146C8F8800048468C
:10404000FFF754FF2369013305462361B6E7514664
:10405000FFF74CFF6369013305466361AEE72DF05E
:10406000F3F93B68C01A80B2B2E72EF037F98BE75C
:104070000C0A0120100A01206C0A0120F0B51F4C27
:104080001F4B866AA3671F4BE3670423C4F8843081
:1040900085B000230F460546A4F8703018F0F4F9F7
:1040A000014640BBD6F89C300BB1284698473846AD
:1040B0002DF096FFA86818F015FAC4F88000A860E3
:1040C0001148002584F870502DF06CFF336F7BB1E0
:1040D000012301A8CDE902558DF804302DF078FFB9
:1040E000022106F1600005B0BDE8F0402DF0A6BF4A
:1040F000FFF778FEF4E705B0F0BD00BF6C0A0120C1
:10410000653F0300FD3D0300E40A0120FFF7B6BF51
:1041100008B508490022072000F01CFC06490022CF
:10412000082000F017FCBDE80840044824220021C4
:104130003CF0CCBB7D4003000D410300100A012080
:104140001FB501238DF8043001A80023CDE9023307
:104150002DF03EFF05B05DF804FB00002DE9F041B5
:1041600004460D4618F080F9836A1B78042B0BD1A6
:10417000124B93F870303BB9FFF7E2FF2946204617
:10418000BDE8F0412DF05ABF0D4E0E4FB6F8168027
:104190002DF05AF93B68C01A804509D9F38AF38299
:1041A000FFF7CEFF29462046BDE8F0412DF0AABF1B
:1041B0002DF04AF93B68C31A9BB2F0E76C0A012064
:1041C000340A01200C0A012070B50C4E04460D463D
:1041D000C6F88C00A6F8881018F046F9836A1B7898
:1041E000052B0AD196F870303BB9FFF7A9FF294695
:1041F0002046BDE870402DF0D1BF70BD6C0A012093
:1042000013B50C4601902EF071F8084B0198D3F8C5
:104210008C1031B10022C3F88C20E36E0222984743
:104220000198636E02B0BDE8104018476C0A012087
:1042300070B50F4C054608460E462DF0D1FE0D4BCD
:10424000A367A8680C4BE36718F04CF90423C4F883
:104250008000A86004F17800C4F884302DF0A2FE3C
:10426000002384F87030336E2846BDE8704018474C
:104270006C0A0120294303007D42030070B50C46FF
:1042800005462DF0E1F8254E306018F0EDF818F0F5
:10429000EBF8826A9DF8103082F87130204B82F87A
:1042A000704093F8701011B9012183F87010002448
:1042B000D3F88C10C3F88C40D36E2A46984718F078
:1042C000E3F830B115F0FB0F01D12EF007F818F02C
:1042D000E1F8032D134C0FD0042D11D0A5B923689C
:1042E00001332360258B2DF0AFF83368C01A854267
:1042F0000ED9208B208370BDA3680133A360F1E742
:10430000636801336360EDE7236901332361E9E703
:104310002DF09AF83368C01A80B2EBE70C0A01203E
:104320006C0A0120340A01202DE9F04385B00546CE
:104330002DF08AF82D4EDFF8BC80306018F094F82C
:1043400018F092F8D0F82890294CD9F8683029460E
:1043500007469847D8F88C1000293CD065BBA58A41
:104360002DF072F83368C01A85421FD9A08AA08246
:1043700001238DF8043001A80023CDE902332DF08C
:1043800027FEB8F88810D8F88C002DF07DFFE36880
:104390000133E360658B2DF057F83368C01A85420E
:1043A00013D9608B608305B0BDE8F0832DF04CF825
:1043B0003368C01A80B2DAE70023C8F88C300222D2
:1043C000D9F86C303846984708E02DF03DF833684E
:1043D000C01A80B2E6E70DB92DF080FF18F05AF848
:1043E000002DD4D0236901332361D3E70C0A0120C7
:1043F000340A01206C0A012008B5064A0649042047
:1044000000F0A8FABDE8084004481C2200213CF056
:104410005DBA00BF0142030031420300340A0120AB
:1044200013B50C4601902DF061FF084B0198D3F8AD
:104430008C1031B10022C3F88C20236F02229847E0
:104440000198A36E02B0BDE8104018476C0A012025
:104450002DE9F0410F4D876A044608460E462DF0BF
:10446000BFFD0D4BAB67A0680C4BEB6718F03AF83B
:104470003B6EC5F88000A06005F17800C5F8843077
:104480002DF090FD002385F87030736E2046BDE856
:10449000F04118476C0A012051450300A144030074
:1044A000F8B50C461F4605462CF0CEFF254E306071
:1044B00017F0DAFF17F0D8FF826A9DF8183082F8FB
:1044C0007840214C82F8793094F870301BB9012380
:1044D00084F8703057670023D4F88C10C4F88C30FF
:1044E000136F2A46984717F0CFFF30B115F0FB0F36
:1044F00001D12DF0F3FE17F0CDFF032D134C0FD09B
:10450000042D11D0A5B9236801332360258B2CF02D
:104510009BFF3368C01A85420ED9208B2083F8BDDB
:10452000A3680133A360F1E7636801336360EDE7DB
:10453000236901332361E9E72CF086FF3368C01A51
:1045400080B2EBE70C0A01206C0A0120340A01203A
:104550002DE9F04385B080462CF076FF2E4D2F4E8E
:10456000286017F081FF17F07FFFD0F828902C4CBF
:10457000D9F86C30414607469847B8F1000F29D169
:10458000D6F88C300BB3A78A2CF05EFF2B68C01ACC
:10459000874214D9A08AA08201238DF8043001A893
:1045A0000023CDE902332DF013FDB6F88810D6F8BC
:1045B0008C002DF069FEE3680133E3601AE02CF013
:1045C00043FF2B68C01A80B2E5E72DF087FE17F095
:1045D00061FFF0E7D6F88C1039B10023C6F88C30B3
:1045E0000222D9F870303846984717F053FF2369F4
:1045F00001332361668B2CF027FF2B68C01A86429B
:1046000004D9608B608305B0BDE8F0832CF01CFFFB
:104610002B68C01A80B2F5E70C0A01206C0A012051
:10462000340A012008B5064A0649052000F092F92F
:10463000BDE8084004481C2200213CF047B900BFF7
:104640002144030051440300340A01201FB5002314
:1046500001A8CDE9013303932DF0BAFC05B05DF854
:1046600004FB000070B5104D104BAB670646104BB5
:104670008068EB670C4617F035FF236EC5F88000A5
:10468000B0602046C5F884302DF0AAFC05F1780012
:104690002DF088FCFFF7DAFFB4F86C10A06EBDE8CF
:1046A00070402DF07BBD00BF6C0A01204D47030018
:1046B000B546030070B5044617F0D6FE17F0D4FED9
:1046C000856A14F0FB0F6B6E214620D19847F8B134
:1046D0002DF004FE1A4B1B689E782CF0B5FE30447A
:1046E00017F000FF174E2B6EC6F880002846C6F85C
:1046F00084302DF075FC06F178002DF053FCFFF7A7
:10470000A5FFB5F86C10A86E2DF048FD02E09847A3
:1047100017F0C0FE032C0C4B06D0042C08D05CB95B
:104720001A6801321A6070BD9A6801329A60FAE71D
:104730005A6801325A60F6E71A6901321A61F2E7E3
:10474000503401206C0A0120500A0120F7B50546BB
:1047500017F08AFE17F088FE1B4E846A074625BBB9
:104760002DF0BCFD236E29463846984700B3174DFF
:10477000B4F86A00D5F88030184417F0B3FEC5F8D5
:10478000800020462DF02CFC05F178002DF00AFC6D
:10479000FFF75CFFB4F86830ADF800300121636EBC
:1047A000019368462DF04AFC05E0236E29469847A0
:1047B00017F070FE25B9F3680133F36003B0F0BD64
:1047C000336901333361F9E7500A01206C0A012093
:1047D00073B5114D114BAB670646114B8068EB6703
:1047E0000C4617F07FFEC5F88000B06020462DF023
:1047F000F7FB05F178002DF0D5FBFFF727FFB4F8A4
:104800006830ADF800300121636E019368462DF0E9
:1048100015FC02B070BD00BF6C0A01204D470300BB
:10482000B546030008B52DF061FDBDE8084017F05E
:1048300031BE000008B5084A0849002000F08AF897
:10484000054A0749012000F085F8BDE80840054801
:104850001C2200213CF03AB825480300D147030050
:1048600065460300500A0120816A034B0A7853F819
:10487000323003B1184770476C0A0120816A044B3B
:104880000A7803EBC2035B6803B11847704700BFA7
:104890006C0A01202DF092BA2DF042BB08B52DF024
:1048A0003FFBBDE8084000202DF0AEBB08B52DF061
:1048B000D7FA00202DF09EFBBDE8084001202DF026
:1048C000A3BB08B52DF0CCFABDE8084000202DF0C0
:1048D00091BB08B52DF0C4FABDE8084001202DF0C9
:1048E00089BB000013B5124C2DF06AFA114A124927
:1048F000124B0094012017F02FFE114B0D4A0E4968
:104900000094022017F028FE0E4B0A4A0093002163
:104910000D4B032017F020FE0C49012017F02AFE52
:104920000B489822002102B0BDE810403BF0CEBFFA
:10493000994803007D48030069480300D3480300F9
:10494000C34803009D480300AD4803009548030099
:104950006C0A0120034B43F8301003EBC0004260A7
:10496000704700BF6C0A0120F0B504468C461778EA
:10497000D3E9000185B016461D46002C36D0CFB1D4
:104980004FEA112E0EF0C00EBEF1400F12D1BCF155
:10499000000F04D000F0F6FC204605B0F0BD00F09A
:1049A00067FC044608B10124F6E71F4AD38B0133A4
:1049B000D383F1E702460B46384600F067FD023824
:1049C000C0B20128EFD80DF10F0300933078D5E97C
:1049D000002300F0FFFB18B19DF80F30002BDBD156
:1049E000114A138B013313830224D5E727B10B0A35
:1049F00003F0C003402BD6D002460B46384600F0E9
:104A000045FD02380128CED80DF10F030093307810
:104A1000D5E9002300F0DEFB0028E1D09DF80F303F
:104A2000002BC0D1DCE700BF040B01202DE9F041D1
:104A3000884617461E46044658B152EA06030E4DF4
:104A40000AD100F02BFE012806D1EB880133EB8060
:104A500004462046BDE8F0813A463346404600F021
:104A60009BFD20B9AB880133AB800224F1E7EB88D2
:104A70000133EB80EDE700BF040B01201FB50B46AF
:104A8000DDE9064110B9002004B010BDCAB10A0A20
:104A900002F0C002402A14D133B10AAB08AA204662
:104AA000039100F0C3FC0399DDE90A232046CDE918
:104AB00000239DF8202000F019FC003818BF0120C9
:104AC000E2E7DDE90A239DF8200000F0F0FC02385F
:104AD000C0B20128D7D8034A538B01335383022035
:104AE000D2E700BF040B01202DE9F04F90F800B091
:104AF0000D88704E0BF00F0B45FA0BF515F0010504
:104B00001C4687B0437880460F46914606D13388CD
:104B100001333380284607B0BDE8F08F72884FF428
:104B2000C07A4AFA0BFA01321AF0010A728001D0F7
:104B30000125EFE703F03F03637484F810B010F829
:104B4000025B25F02BFCC5F38015E574A574C4E960
:104B50000201C4E90001786804F1080304F11302BA
:104B60004946C0F38010FFF7FFFE0128054602D03A
:104B7000022838D05546D7F804C094F813E01CF04A
:104B8000040AD4E902230ED0D7E90410834208BFF7
:104B90008A4203D1CCF3C00CE64526D030890130DF
:104BA00030814FF0020A788840FA0BF0714600F02D
:104BB0000100FFF73BFF5045E17C21D27B6813F0F9
:104BC000040FD4E902E0D7E904C217D0904208BF2D
:104BD000E64503D1C3F3C00399420CD033890133B6
:104BE0003381012D19D1002594E77089013070813E
:104BF0004FF0010AD7E773890133738101250CE077
:104C0000788840FA0BF0D4E9022300F00100FFF7A6
:104C10000DFF0128F2D90228E3D02A2323FA0BF34F
:104C200025754FF0010ADD0784F815A080D54046B0
:104C300010F8085B25F0B2FBD4E9022383467868BC
:104C4000CDE90423ED09E37C0293CDE900B1884668
:104C50002A464946C0F30010FFF710FF01283FF431
:104C600067AF0228BFD0D7E90131D807FA687FF5CE
:104C70005FAF424508BF594503D1C3F34002AA4282
:104C800013D0B2890132B281002DACD04FEA18287E
:104C900008F0C008B8F14008A5D19B06A3D5338C15
:104CA0000133338484F8158034E7F3890133F381C9
:104CB0003EE700BF040B01202DE9F04F07461C46DC
:104CC00008883B7C634D184110F0010087B00E4608
:104CD000904605D12B8801332B8007B0BDE8F08FBB
:104CE0006B8801336B80D7E90023C4E90223C4E950
:104CF0000023BB7CE374A374486804F1080304F147
:104D000013024146C0F38010FFF72EFE01288146B2
:104D100003D002283CD04FF00009D6F804C094F824
:104D200013E01CF0040AD4E902230ED0D6E90410E3
:104D3000834208BF8A4203D1CCF3C000864529D004
:104D40002889013028814FF0020A708897F810C036
:104D500040FA0CF0714600F00100FFF767FE504585
:104D6000E17C23D2736813F0040FD4E902E0D6E9A2
:104D700004C218D0904208BFE64503D1C3F3C00374
:104D800099420DD02B8901332B81B9F1010F1AD132
:104D90000020A2E76889013068814FF0010AD4E75A
:104DA0006B8901336B814FF001090CE03B7C70880B
:104DB000184100F00100D4E90223FFF737FE012873
:104DC000F1D90228E1D084F814904FF0010984F859
:104DD00015907B7C9B0701D401207EE7D4E9022358
:104DE00097F813B07068D7E902A7CDE90423E37CF4
:104DF0000293CDE900A75A464146C0F30010FFF7E1
:104E00003DFE01283FF469AF0228C1D0D6E9013147
:104E1000D807F268E0D5BA4208BF514503D1C3F3C1
:104E200040025A4511D0AA890132AA81BBF1000F74
:104E3000AED03F0A07F0C007403FA9D19B06A7D5D7
:104E40002B8C01332B846775C6E7EB890133EB812B
:104E5000C2E700BF040B012030B50B4C0B4D002303
:104E600023700B4C23708B0716BF21F003030B46F6
:104E700004332B6003EB0013591A914296BF207044
:104E8000002088B230BD00BF2A0B01202C0B01206E
:104E90002B0B0120F0B50E499DF814C00D780D497B
:104EA00009680024A54201D80020F0BD0E7A864290
:104EB00008D1D1E900769E4208BF974202D14E7ACE
:104EC000664502D001341031ECE70120EDE700BF68
:104ED0002A0B01202C0B0120014B1878704700BFD2
:104EE0002B0B0120014B00221A7070472A0B012066
:104EF00030B50B490B4D09782C78A1420DD90A49E0
:104F0000096801EB0411C1E9002301349DF80C305C
:104F100008724B722C70012030BD0020FCE700BFEE
:104F20002B0B01202A0B01202C0B01202DE9F04135
:104F30001B4CDFF870E027689DF818809EF8001081
:104F400084463C460025EEB2B14201D8002021E063
:104F5000267A664520D1D4E900069E4208BF9042D9
:104F60001AD1667A464517D1012901F1FF330ED0D7
:104F70009D420CD001F18051013907EB01110A7AF1
:104F80002272D1E90067C4E900674A7A62728EF83A
:104F900000300120BDE8F08101351034D3E700BFB7
:104FA0002C0B01202A0B0120F0B50C490D780C497F
:104FB00043EA00430C680021C8B2854201D80020B2
:104FC0000AE02046D0E908769E4208BF974201F1E8
:104FD000010104F14804EFD1F0BD00BF340B012002
:104FE000380B012030B585B005460C461022002153
:104FF00068463BF06BFC6A46ADF800401146284617
:10500000240C8DF802402DF0B3FB9DF802309DF882
:1050100001209DF800001B0443EA0223184305B059
:1050200030BD13B5042104460DEB01002DF0FAFB51
:105030000199C1F3150141F4800120460191FFF768
:10504000D1FF019940EA0160090A02B010BD0000D9
:1050500030B50C4C0C4D002323700C4C23708B0787
:1050600016BF21F003030B4604332B6000EBC00591
:1050700003EBC503591A914296BF2070002088B2F5
:1050800030BD00BF340B0120380B0120350B01204F
:10509000014B1860704700BF300B0120014B18789E
:1050A000704700BF350B0120014B00221A7070477A
:1050B000340B0120F8B507461D46FFF775FF16466D
:1050C000044688B92E4A2F4B11781B788B4201D8A1
:1050D0000020F8BD2C48046801EBC10314EBC304A5
:1050E00001F101011170F3D045EA0745069BC4E9BF
:1050F0000865224603F1100153F8040B42F8040B33
:105100008B42F9D1012384F8403004F10F02631E71
:1051100013F8011F71B3002384F84030079B04F19A
:105120001000024603F1100153F8045B42F8045BDF
:105130008B42F9D1012384F8413004F12002034667
:1051400013F8011BC9B1002384F841300023002269
:10515000C4E90A23C4E90C23C4E90E230023A4F8FC
:10516000423094F841301BB9FFF75BFFC4E90C01F2
:105170000120AEE79A42CBD1D0E79A42E0D1E5E7F1
:10518000340B0120350B0120380B012038B5FFF717
:105190000BFF80B1084D2C78012C09D90749482212
:1051A00009686FF0470312FB043319443BF066FBB8
:1051B000013C2C70012038BD340B0120380B01203C
:1051C00008B5FFF7F1FE20B19DF8083080F84330B4
:1051D000012008BD08B5FFF7E7FE20B1029B90F85B
:1051E00043201A70012008BD10B5029CFFF7DCFEB9
:1051F00040B1D0E90A2352EA03011ABFC4E90023EF
:105200000120002010BD10B5029CFFF7CDFE40B17B
:10521000D0E90C2352EA03011ABFC4E9002301209C
:10522000002010BD08B5FFF7BFFE28B1029BD3E9EF
:105230000023C0E90C23012008BD10B5FFF7B4FE20
:10524000044698B190F8403083B990F8423033B9B1
:10525000FFF7E7FEC4E90A01012384F84230D4E9EC
:105260000A01029BC3E90001012010BD0020FCE7F8
:10527000F7B51A4C94F800C0194C0026256834463E
:10528000F7B2BC4510D80CB3164C2468F4B1164ED6
:10529000758C01357584D3E90067CDE90067137813
:1052A0000122A047002411E095F8407097B9D5E994
:1052B0000A748C4208BF87420BD1E98C01F00101CE
:1052C0001170296AAA8CC3E900120124204603B098
:1052D000F0BD012401364835D2E700BF340B012070
:1052E000380B0120300B0120040B01202DE9F3477E
:1052F000DDE90A679146804632463B4648460D4600
:10530000FFF752FEE8B190F84140D4B9D0E90E233E
:10531000AB4208BF424516D00C4BD3F800A0BAF1FF
:10532000000F0AD00A4A938C013393844046CDE99A
:1053300000674B4622462946D047204602B0BDE8CA
:10534000F0870024F9E70124F7E700BF300B0120C4
:10535000040B012038B505461046DDE904230C4650
:10536000FFF722FE50B190F8413043B9D0E90E2347
:10537000A34208BFAA420CBF0120002038BD002074
:10538000FCE700002DE9F74F0E46010E41EA062129
:10539000DFF894A0009205461F4621F07F414FF0B0
:1053A00000084FF0480B1E4B1B785FFA88F4A342AD
:1053B00005D81C4A138A01331382002029E0DAF849
:1053C00000300BFB043494F84090B9F1000F23D166
:1053D000D4E90A23B34208BFAA4210D02046019163
:1053E000FFF700FE25F07F438342019914D10D4A57
:1053F00084F84290538AC4E90A5601335382E38CFD
:10540000009A03F001031370226AA38CC7E90023FA
:10541000012003B0BDE8F08F08F10108C3E700BF29
:10542000340B0120040B0120380B012070B50E460F
:1054300011460546D3E900230878FFF7B5FD044679
:10544000E0B190F84130CBB9D0E90E23B34208BFA8
:10545000AA4211D0290E41EA062121F07F411030E5
:10546000FFF7C0FD25F07F43834207D1064AD38A68
:10547000C4E90E560133D382012004E0024A938A24
:1054800001339382002070BD040B012008B5FFF7A3
:105490008BFD48B1D0E90A32134306D190F8403071
:1054A000002B14BF0120022008BD0320FCE708B533
:1054B000FFF77AFD48B1D0E90C32134306D190F8DA
:1054C0004130002B14BF0120022008BD0320FCE75F
:1054D0002DE9F041134E144F00254FF04808337862
:1054E000ECB2A34201D8BDE8F0813B6808FB04346C
:1054F00094F841302BB904F11000FFF792FDC4E994
:105500000C0194F840303BB994F8423023B1204666
:10551000FFF787FDC4E90A01012384F844301D44E4
:10552000DDE700BF340B0120380B012008B5FFF781
:105530003BFD30B1002290F8443080F844201846FA
:1055400008BD0346FBE708B5FFF72EFD003818BF7E
:10555000012008BD30B50C4C0C4D002323700C4CC1
:105560002B7023708B0718BF21F00303094D0CBF6C
:105570000B4604332B6003EBC003591A914296BFCC
:105580002070002088B230BD3D0B01203C0B012073
:105590003E0B0120400B012030B543EA00400A4B8E
:1055A00019680A4B1C7801EBC404A14201D1002008
:1055B00030BDD1E90053834208BF954201F1080193
:1055C000F3D10120F4E700BF400B01203D0B012087
:1055D000014B1878704700BF3E0B0120024A0023A0
:1055E0001370024A137070473D0B01203C0B0120E1
:1055F000F8B5064615461C46FFF7CEFF80B9094BA5
:10560000094A197812788A420BD9084A126802EBC3
:10561000C10742F8315044EA064401317C601970F8
:105620000120F8BD3D0B01203E0B0120400B012065
:10563000DFF84CC043EA0040104B9CF80010F0B576
:105640001C68254604EBC10E754501D1002014E00D
:105650002B46D3E90076864208BF974205F108053C
:10566000F2D101291EBF04EBC10454E90245C3E98C
:10567000004501398CF800100120F0BD400B0120DD
:105680003D0B0120014B01221A7070473C0B012099
:10569000014B00221A7070473C0B0120014B187817
:1056A000704700BF3C0B012008B516F053FEFFF712
:1056B00019F9FDF7C3FDFEF79FFEFEF77FFBFEF72E
:1056C000B1FFFEF78DF9FEF79DF9FEF721FD2CF0F5
:1056D00033FEBDE80840FFF7ADB8000008B5034849
:1056E00028F050FDBDE8084017F092BB19CF040028
:1056F00008B513F025FA13F063FA13F053FA13F018
:1057000035FA13F056FA13F063FA13F068FA13F04F
:1057100020FA13F057FA13F057FA13F030FA13F097
:1057200065FA13F035FA13F051FA034828F02AFD10
:10573000BDE8084013F07AB9B18A04002DE9F041C0
:10574000DDE906570C469846164616F0FDFD3A462A
:1057500029462046FFF7FEFE05443F1A3A462946F1
:1057600004464046FFF778FB04443A1A29183046AD
:10577000FFF76EFC2044BDE8F08170B516460D467B
:1057800013F04EF93146284613F004FA361A054450
:1057900031460446284613F0DAF90444311A284405
:1057A00013F0EBF9204470BD30B585B00369019367
:1057B000C368009304468379427901790068FFF752
:1057C000BDFFE16822690144121AE16022610546C9
:1057D000A068FFF7D2FFE3680344E36023691B1A64
:1057E000236128440390FFF75FFFFFF777FFFFF780
:1057F0007FFF039805B030BD08B5034828F0C2FC10
:10580000BDE8084012F04ABD3985040013B50446CE
:105810000548019128F0B6FC019A214602B0BDE886
:10582000104016F0D3BE00BFF9C5040008B512F051
:1058300061FD12F02BFE12F0D9FD12F08BFD12F07B
:1058400035FE12F0A9FD12F077FD12F00FFE12F0F6
:1058500063FE12F05FFD12F0E9FD12F08BFD12F015
:10586000BDFD12F049FEBDE8084012F031BE38B56A
:105870000546FFF799FFAB680446998CD88BFFF774
:10588000C5FFFFF7D3FFFFF7B7FF12F0ADFF2046CC
:1058900038BD000037B5044615F004FC144B9C429B
:1058A000144B4FF000020CBFDA701A7194F84230BA
:1058B00003F0FD03012B01D115F004FC204607F095
:1058C00085F804F128050DF10701284624F0F9FBBD
:1058D00040B930340DF10701204624F0F2FB20B925
:1058E00003B030BD24F0D4FBEDE724F0D1FBF1E7A9
:1058F000780C0120C0300120154A38B5154C164BE4
:10590000106851681D6804F13C0303C304F14800AA
:105910002979124D07F082F9012016F02DFD15F0BE
:10592000B9FB0123EB7094F8423003F0FD03012B27
:1059300001D115F0BFFB07F06BF80020012368715F
:1059400084F89031A4F88E31BDE8384015F061BB81
:105950005C310120780C0120700C0120C030012046
:10596000054BDB7833B10548012380F899309C3032
:1059700017F082B9704700BFC0300120780C0120B9
:10598000002015F046BB0C2015F043BB08B50120E4
:1059900016F008FDBDE808400148FFF77BBF00BFD7
:1059A000780C012008B5012016F0FCFC0348FFF735
:1059B00071FFBDE80840002015F02BBB780C0120DA
:1059C000FFF7E4BF034B044A19684B6813608B6808
:1059D00053607047700C01205C31012008B5084B02
:1059E00008481B68197990F888308B4202D04830FB
:1059F00007F014F9BDE80840002015F00ABB00BF0D
:105A0000700C0120780C012010B50446012016F01E
:105A1000C9FCA37B03F0FD03012B01D115F052FB60
:105A2000D4F8980220B124F033FB0023C4F8983254
:105A3000D4F8A00220B124F02BFB0023C4F8A0323C
:105A4000034AD378013BD370BDE8104015F02ABB60
:105A5000C030012038B505460C4C012016F0A2FCE0
:105A60002C1B0B4AEB68A41154430BB1A0B298470E
:105A70000434E0B216F0BCFA95F810320BB115F010
:105A800031FB15F00FFB00232B7038BD8816012069
:105A9000A38B2EBA38B50C4605460E2200212046AF
:105AA0003AF014FF204695F8703200F8023BD5E931
:105AB0009E2324F079FC95F87132637095F8B83222
:105AC0002372D5F81C31054AA3FB0232DB0F43EAEF
:105AD0004203638195F82031237338BDE3361A0001
:105AE00038B50446012016F047FCA37B03F0FD0304
:105AF000012B01D115F0DEFA00236370A370A4F826
:105B0000083284F83C30204607F07CFB054620B97B
:105B1000204607F07BFC054640B1284615F036FBD1
:105B200020460321BDE8384007F042BE074AD3783B
:105B30000133D37015F0AEFA012384F86830A4F86D
:105B400066302846BDE8384015F020BBC030012043
:105B5000002015F01BBB000070B4017C104C8A1EA5
:105B6000514266785141B6EB410F4FF001024FEAC6
:105B7000410582700AD190F8082222B900F503701D
:105B800070BC17F079B800F53E70F9E72378AA40A9
:105B900023EA02032370032170BC07F009BE00BF93
:105BA000100E0120002015F0F1BA000010B5094CCC
:105BB0006378012B04D9BDE810400C2015F0E6BA3B
:105BC00004F1600024F075FB04F17000BDE81040A2
:105BD00024F06FBB180E0120034B5B7813B10C202F
:105BE00015F0D4BA704700BF180E0120024B587848
:105BF00000B10C2015F0CABA180E012008B5FFF745
:105C000003FF044B5B7823B1BDE80840002015F08A
:105C1000BDBA08BD180E012038B51C4B1C68012008
:105C200016F0AAFB23790BB115F054FA184D23791D
:105C30002B72D4E90223C5E90423E379AB72A3797B
:105C40006B7208F0F5F8D0B1A861237980F81032B2
:105C5000A37980F81132E37980F81232D4E9022373
:105C6000C0E98623238AA0F80832638A03EB830302
:105C70005B00A0F80A320B23037263798371A86971
:105C800007F066FEBDE8384015F004BAFC1E01209E
:105C9000C81E0120034B5A78012A04BF00225A7003
:105CA000704700BFC81E012010B5084C6378012B57
:105CB00004D1A069C370283016F0DEFFA06901236B
:105CC0000371BDE81040052107F08CBDC81E0120FE
:105CD00030B50F4C6378012B85B007D1A069002542
:105CE000C3700571283016F0C7FF6570A06969465A
:105CF000FFF7D0FEA169074BC91A074B8911594319
:105D00006A4689B23E2015F075FA05B030BD00BF75
:105D1000C81E012088160120A38B2EBA1FB50E4C79
:105D2000A069C378012B04BF0023C370FFF792FE64
:105D3000A469237973B10E22002168463AF0C6FDAA
:105D40000649074B611A891159436A4689B24420B2
:105D500015F050FA04B010BDC81E012088160120AD
:105D6000A38B2EBA2DE9F0433C4B85B01D6808F09B
:105D70005FF8044600286ED0012016F0FDFA0023DB
:105D800084F8103295F8203084F8113295F82130DB
:105D900084F81232D5E90A23C4E9862395F8233022
:105DA0002F4F84F8B8322F4E4FF07A73C4F8083270
:105DB0000C233461A91D237238460CF0F9FBBB8813
:105DC00040F2E2425343C4F81C3195F8203084F885
:105DD000703295F8213084F87132D5E90A01DB0779
:105DE000C4E99E011CD50B0A03F0C003403B17D148
:105DF0004FF000084FF000098DF807300DF1070251
:105E000002ABCDE90289FFF7BDFA48B19DF8073032
:105E100043F0020384F87132DDE90223C4E99E23D2
:105E2000306907F095FD15F035F9AB88B3806B8BC1
:105E3000F380AB8B33812B8E738195F82230288BC6
:105E40003373EB8B7080F38107F074FE05B0BDE80F
:105E5000F04304F04DB805B0BDE8F083FC1E01200E
:105E6000001F0120E81E01207047000010B5064CFD
:105E700020690123C370283016F0FEFE21693E2000
:105E8000BDE8104008F010B8E81E0120034B186967
:105E90000123C370283016F0EFBE00BFE81E0120BA
:105EA000044B1869C378012B04BF0023C370FFF7AC
:105EB000D1BD00BFE81E01201FB5037A0B2B04469D
:105EC0000ED16946FFF7E6FD0A490B4B611A8911AD
:105ED00059436A4689B2002015F08CF904B010BD10
:105EE0000C2BFBD10146002004B0BDE8104007F0A8
:105EF000DBBF00BF88160120A38B2EBA012383705D
:105F0000283016F0B9BEFFF7A5BD0000012310B57B
:105F100004468370283016F0AFFE04F5187024F0A4
:105F2000C8F90548054B201A80115843BDE81040B8
:105F300080B215F086B900BF88160120A38B2EBA57
:105F4000F8B50579C38815B1012D18D0F8BD4FF407
:105F500030720F49068840885343CC18B4F8482162
:105F6000921B8242F2DCD4E9506703F50A73C4E95C
:105F70008A67C81815F0EEF884F83851E6E7044A45
:105F80004FF4307101FB0323002283F8A021DDE7E9
:105F90008816012008B515F085F8064B00225A70C6
:105FA000054B93F821301BB1BDE8084015F08AB8C5
:105FB00008BD00BFC03001209831012008B5012084
:105FC00016F0DAF915F066F8074B01225A70074B04
:105FD00093F821300BB115F06DF808F063F8BDE8C7
:105FE0000840002015F006B8C0300120983101208B
:105FF00008B5012016F0C0F915F04CF8064B012247
:106000005A70064B93F821300BB115F053F8BDE8E8
:10601000084008F047B800BFC03001209831012087
:10602000054B5B7833B10548012380F829302C30CB
:1060300016F022BE704700BFC0300120481F01206B
:10604000002014F0D7BF0C2014F0D4BF2DE9F0418C
:10605000594B5B788AB0002B00F0AA80574C94F81B
:106060002860BEB3D4F8BC80B8F1000F2DD004F185
:10607000D803012204F1A0014046FEF735FD064693
:10608000602023F0F9FF0546002800F08D8000F124
:10609000080708F1020138460CF055FC38460CF0B0
:1060A000AAFC002837D1284623F0F2FF042023F071
:1060B000E3FF014630B14FF441734380404B187BFE
:1060C00023F0EFFF012016F06DF90AB0BDE8F041B2
:1060D000FFF760BF3B4C08F01DF9257C012DF1D185
:1060E0003146242201A83AF0F1FB43F60543ADF80E
:1060F00006303C238DF80830A37C8DF80D300DF16F
:106100000E00D4E906238DF80C5024F04DF901A8B7
:1061100014F068FFD6E7002EC5D00023AB70D4F88A
:106120001831AB6394F8EB3085F83C3094F8EA20F2
:106130009A4207D1D4E93861D4E93602914208BFC6
:10614000864203D043F0020385F83C30D4E938237B
:10615000C5E9122300220023C5E9142394F8EB209B
:1061600094F8EA309A4207D1D4E93802D4E93613D8
:106170009A4208BF884203D0D4E93623C5E91423E4
:10618000104BD3E91C23C5E9162394F82A3085F86F
:106190003D300123EB87002385F84130084B294629
:1061A000187B23F07EFF90E7002E3FF47FAF8CE753
:1061B0000AB0BDE8F08100BFC0300120481F0120B7
:1061C000003101209831012008B5012016F0EAF8CD
:1061D000FFF7E0FE08F09EF8BDE80840002014F04C
:1061E00009BF08B5012016F0DDF8FFF7D3FEBDE8C2
:1061F000084008F08FB80000054B30B51C68054D0D
:1062000008340FCC0FC594E80F0085E80F0030BDAF
:10621000700C0120A031012010B50446012016F0B9
:10622000C1F8074B1868074B201AC01058430430B8
:10623000C0B215F02DFEBDE8104014F033BF00BF12
:10624000D4200120DF3A82D210B50446D0F8880865
:1062500028B1043823F01CFF0023C4F88838D4F890
:106260008C0728B1043823F013FF0023C4F88C37BF
:1062700094F83B300BB114F025FF024A9378013BB0
:10628000937010BDC030012038B51C4D044601206C
:1062900016F072F82A68137A84F88032002384F8A2
:1062A000813284F8823284F8F836A4F8FA365168DC
:1062B000C4F88432204609F0E3F9014640B1607821
:1062C00014F0CCFF20460421BDE8384009F094B812
:1062D0000B4A93780133937094F83B300BB114F070
:1062E000E9FE2B68596819B104F51C7023F0DEFF34
:1062F00060780021BDE8384014F0B0BFD8200120FC
:10630000C030012038B5164D0446012016F034F88F
:106310002A68137A84F88032002384F8813284F862
:10632000823284F8F836A4F8FA365168C4F8843218
:10633000204609F0A5F9014640B1607814F08EFFBF
:1063400020460421BDE8384009F056B82B6859684A
:1063500029B104F51C70BDE8384023F0A7BF38BD53
:10636000D820012037B50D4D044600F51C70019072
:1063700023F09FFF2B680198596809B123F096FF1D
:106380002B6860781B7A84F88032002184F88112AF
:1063900003B0BDE8304014F061BF00BFD820012039
:1063A00010B5044600F51C7023F083FF002384F829
:1063B0008232012384F8FA3610BD4078002114F0AF
:1063C0004DBF40780C2114F049BF0000F0B590F8A3
:1063D000F8569DB0044665BB00F51C7023F069FFBC
:1063E0002046FFF731FF012015F0DCFF94F88132E1
:1063F00094F8821260782A4614F01BFE238C03F076
:106400001D031D2B13D13C23002206930023CDE94D
:106410000423CDE90223D4E90C2360780795CDE964
:106420000023012194F83A302A4600F0D1FA1DB039
:10643000F0BDD0F88C67764F002E76D000F5F5636E
:1064400000F5EE6101223046FEF74EFB002800F019
:10645000CB80602023F010FE0546002800F0C480A9
:106460006378038000238370314610A80CF042FA51
:10647000311805F108000CF066FAD4F88C37002BBF
:106480007DD094F8BBC785F83CC094F8BA37634513
:1064900004F5F66308D153E90202D4F8B0675968ED
:1064A000914208BF864203D04CF0020C85F83CC0F4
:1064B000D3E90001C5E9120100210020C5E914015A
:1064C00094F8BB1794F8BA27914208D153E9020215
:1064D000D4F8B0675968914208BF864203D053E9A7
:1064E0000223C5E91423012385F83E30D4F8F4369D
:1064F000AB63484B387BD3E91C23C5E9162394F8DA
:10650000F93685F83D30012385F83F3094F8813223
:1065100085F8403094F8F03685F84130294623F06C
:10652000C0FD2046FFF790FE81E7D0F88868002E76
:106530008FD0314608A80CF0DDF9311810A80CF006
:1065400002FA00230F939DF820308DF83830032392
:106550008DF83930DDE91023CDE90A23DDE9122376
:10656000CDE90C23BDF82230ADF83A30012204F514
:106570000C6304F5EE610AA8FEF79EFB66E794F84B
:10658000D3C885F83CC094F8D238634504F50C6351
:1065900008D1D3E90261D4F8C0085A68914208BF13
:1065A000864203D04CF0020C85F83CC0D3E90201CE
:1065B000C5E9120100210020C5E9140194F8D3189F
:1065C00094F8D228914208D1D3E90261D4F8C008E6
:1065D0005A68914208BF864203D0D3E90023C5E937
:1065E000142394F825387FE7637826F8043C0823C1
:1065F00006F8023C032306F8013C387B311F23F0E8
:1066000050FD01201DB0BDE8F04015F0CBBE00BF2D
:10661000003101209831012010B50446FFF714FE27
:10662000012015F0BFFE60780021BDE8104014F095
:1066300015BE10B50446FFF707FE012015F0B2FEA7
:106640002046BDE8104008F007B83C2380F88232AD
:10665000012380F8FA367047F0B5D0E900760022C1
:106660001346C3F12005A3F1200427FA03F106FA2B
:1066700005F5294326FA04F42143C90742BF8118CE
:1066800001320B720133252BEBD180F82D20F0BDA8
:1066900073B504460025012015F06EFE84F81E52E5
:1066A00006F0EEF8284BA4F82851D3E90C23254630
:1066B000C4F82401E5E98C23284614F04BFDD4F8F6
:1066C0002431B4F8281183EA13430126A4F8603278
:1066D000284684F85E6208F0C5F884F81D0220465A
:1066E00009F01AF9054650B12046032109F0DCF8FB
:1066F0006078294602B0BDE8704014F0E6BDA3788A
:1067000084F82161012B15D194F8DD280AB984F8A9
:106710002A31D4F8C423B4F8C0130192009114F0C4
:1067200019FCDDE9001223F067FE0123A4F8D00371
:1067300084F8DE386078002114F0C7FD02B0BDE8AF
:10674000704014F0A7BC00BFC03001204078002189
:1067500014F0BBBD40780C2114F0B7BD37B5837879
:10676000012B044613D190F82151012D0FD1D0F8FF
:10677000C423B0F8C0130192009114F0EBFBDDE9E3
:10678000001223F039FE84F8DE58A4F8D003012368
:1067900084F81E3204F59670002384F8213184F8C1
:1067A0002A3103B0BDE8304016F066BA10B590F853
:1067B0002031012B044604D1FFF7D0FF2046FFF71C
:1067C0002BFD2046BDE81040FFF7EABD10B590F85C
:1067D0002031012B044604D1FFF7C0FF2046FFF70C
:1067E0001BFD2046BDE8104007F036BF10B504463B
:1067F000FFF712FD60780021BDE8104014F065BD80
:1068000090F85030012B12D0094B1B68D3E90223BA
:10681000C0E99A23C0E91623B0F828310633A0F85E
:106820006030082380F85230012380F850307047E0
:10683000D0200120D0F8E8380BB1407818477047D5
:10684000D0F8EC380BB14078184770476822002127
:106850003AF03CB85030FFF7F9BF2DE9E841064661
:106860001820884615461F460AF052F878B380F87B
:1068700000802B8843702B881B0A83706B88C37041
:106880006B881B0A0371AB884371AB881B0A837149
:10689000EB88C371EB8847721B0A0372B6F8163196
:1068A0008372B6F816311B0AC37200F11A0100F1A7
:1068B0000E03FF2203F8022C03F8012C0233994245
:1068C000F8D101463046BDE8E84109F0FFBFBDE818
:1068D000E88138B5044609200D460AF019F8002869
:1068E00042D0057094F81412B4F82A22B4F82E326B
:1068F00019B1D4F81812090523D4B2F5056F28BFD1
:106900004FF40562B3F5056F28BF4FF40563B4F883
:1069100028124170B4F82812C270090A120A817054
:106920000271B4F82C224271B4F82C22C371120AFD
:106930001B0A8271037201462046BDE8384009F007
:10694000C5BF94F84510032904D1B2F5296F38BFAB
:106950004FF4296294F844100329D8D1B3F5296F74
:1069600038BF4FF42963D2E738BD70B50546022021
:106970000E4609F0CDFF044648B3067015F0A0FDA1
:106980001428034617D91E2817D9322817D94B289F
:1069900017D9642817D9962817D9FA288CBF00234D
:1069A000012395F8CA221344637021462846BDE8A6
:1069B000704009F08BBF0723F3E70623F1E70523B7
:1069C000EFE70423EDE70323EBE70223E9E770BDDC
:1069D0002DE9F0418CB0044688461546002120225E
:1069E00004A89DF860601F4639F070FF0523ADF8DC
:1069F0000C408DF80E308DF80F608DF81060ADF8FA
:106A000012408DF814808DF8157045B1AB8C2A6A50
:106A1000ADF8203095F82B3007928DF82230DDE963
:106A200012230DF1160023F0BFFCDDE914230DF154
:106A3000290023F0B9FC0DF12300DDE9162323F032
:106A4000B3FC03A814F0CEFA8EB90A4B1B6A5B04A0
:106A50000DD52123ADF8063001A89DF86430ADF8BE
:106A60000440ADF808408DF80A3014F0BBFA0CB0C1
:106A7000BDE8F081C0300120044B1A68043200F5F3
:106A80001B7307CA83E80700704700BF6421012019
:106A90000A4BB0F816215B8A9B1A9BB247F6FE722E
:106AA000934210B5044602D9492109F00FFB044A6C
:106AB00007CA04F51E7383E8070010BDF02001200B
:106AC000F82001201FB5124B124A1B688DF80310E5
:106AD000C31A1B1153430022CDE901229BB2ADF82A
:106AE0000C200722ADF800308DF802208DF804103C
:106AF000ADF8063031B9B0F88032D0F87C2202927D
:106B0000ADF80C30684614F06DFA05B05DF804FB82
:106B100068210120CF467D67034B1B68D3E9022320
:106B2000C0E9A823704700BF6421012010B50446C6
:106B3000082009F0EDFE014628B3B4F81631B4F888
:106B4000142113440733A4F8A83201230370D4F8A6
:106B5000A0324370D4F8A0321B0A8370B4F8A2327A
:106B6000C37094F8A3320371D4F8A4324371B4F81B
:106B7000A8328371B4F8A8321B0AC3712046BDE85D
:106B8000104009F0A3BE10BD0E4B30B4044600F512
:106B900028750FCB85E80F00B4F81621B4F8A83299
:106BA0009B1A9BB247F6FE72934204D8D4F8A422F3
:106BB0000346134304D12046492130BC09F086BA6C
:106BC00030BC7047F820012038B50546092009F08F
:106BD0009FFE0446A8B1AB780A4A002B0CBF0823DD
:106BE0000E2300F8013B084BD3E908130A4003F0D9
:106BF0000F0323F0C4FB21462846BDE8384009F0C6
:106C000065BE38BD2FCF87F7C030012038B50546A7
:106C1000092009F07DFE0446B0B1092300F8013BCC
:106C20000A4BB5F81812D3E90823120C12041143C9
:106C3000074A03F00F030A4023F0A1FB2146284630
:106C4000BDE8384009F042BE38BD00BFC030012069
:106C50002FCF87F70D4A0E49D2E9023210B5D1E99C
:106C600008410A400B491C4002F00F022140C0E9D4
:106C70008612012280F81422C3F34022C3F380233A
:106C800080F8482080F8493010BD00BFF020012076
:106C9000C03001202FCF87F790F80D2203464AB964
:106CA000012280F80D22044A90689289C3F80E02EE
:106CB000A3F81222704700BFF02001201FB5114B2E
:106CC000114A1B68C31A1B1153439BB2ADF8003025
:106CD000ADF8063090F80E328DF808300922B0F881
:106CE0001032ADF80220ADF80A300022B0F81232AE
:106CF0008DF804206846ADF80C3014F073F905B037
:106D00005DF804FB68210120CF467D6710B504467D
:106D1000022009F0FDFD014640B102230370237AF1
:106D200043702046BDE8104009F0D0BD10BD000002
:106D30001FB5027AFF2A1BD00F4B10491B68C31ADC
:106D40001B114B439BB2ADF80430ADF80A30D0F8BC
:106D50006032062113F0010FADF8061018BF16229D
:106D6000002101A88DF808108DF80C2014F03AF9D4
:106D700005B05DF804FB00BF68210120CF467D67A8
:106D8000034B1B7A0372012380F85832704700BF0F
:106D9000F0200120024B1B681B790372704700BF73
:106DA000642101203E23037270472223037270473F
:106DB000FF23037270472823037270473D23037239
:106DC0007047000030B5054D00F521740FCD0FC49C
:106DD00095E8030084E8030030BD00BFF8200120DF
:106DE0002DE9FF41264FBB680193FB680293002306
:106DF00003934368DA06044638D40DF1040840468C
:106E000008F094FE90BB07F108060FCE04F521753B
:106E10000FC596E8030063689B0685E8030028D445
:106E20003B89B4F86C229A4205D8B4F86E229A4293
:106E300028BFA4F86C327B89B4F86C229A4205D83A
:106E4000B4F86E229A4228BFA4F86E32BB89B4F817
:106E50007022934228BF1346A4F87032B4F872220D
:106E6000FB89934238BF1346A4F8723204B0BDE8E0
:106E7000F08198E8070004F51B7484E80700F5E743
:106E8000F0200120FFF7F8BDB0F86E32072B8CBF61
:106E90000823042300F51B720F21FFF7DEBC00005E
:106EA000034B1A68102101230432FFF7D6BC00BF40
:106EB0006421012070B52E4BD0F884121D682D4B33
:106EC000B0F88622451B88B02D115D43B0F884329E
:106ED0000191D0F88812029193424FF000010446CC
:106EE000ADB203910AD090F88C322BB91E212846FE
:106EF00012F0F6FD08B070BD9A42F7D301A808F071
:106F000015FE0028F2D1B4F88432B4F81821B4F890
:106F10008662B4F88802B4F88A1293420BD19E427A
:106F200009D1B4F81421824205D1B4F886410A226D
:106F30004A43A24216D01022ADF81A000DEB02000F
:106F4000ADF81050ADF81220ADF81450ADF8163071
:106F5000ADF81860ADF81C1014F044F80028C9D141
:106F60001A21C4E701A9284612F084FDC2E700BF38
:106F700068210120CF467D67084B1B6810B59A88B1
:106F8000DB88A0F82C22A0F82E3200F50A71044606
:106F900009F0B9FBA4F8380210BD00BF642101203C
:106FA0001421FFF796BC1521FFF793BC1FB5134BB7
:106FB000134A1B688DF80310C31A1B1153439BB26D
:106FC000ADF80030ADF80430B0F83432ADF806302A
:106FD000B0F83632ADF80830B0F83032ADF80A30DB
:106FE0001222B0F832328DF802206846ADF80C302B
:106FF00013F0F8FF05B05DF804FB00BF6821012025
:10700000CF467D673D4B2DE9F047B3F80C90B9F1C1
:107010001A0F04466FD9B3F808A0BAF11A0F6AD94B
:10702000DA89B2F5A47F66D35B89B3F5A47F62D316
:1070300090F81412B0F83072B0F83252B0F834C28E
:10704000B0F83662B0F82AE2B0F82E8219B1D0F862
:107050001812090509D4BEF5056F28BF4FF4056E57
:10706000B8F5056F28BF4FF40568B4F82C02B4F8E2
:107070002812504528BF5046494528BF4946434538
:1070800028BF4346724528BF724694F845E0A4F8ED
:107090003402BEF1030FA4F83012A4F83632A4F87B
:1070A000322206D1B2F5296F38BF4FF42962A4F815
:1070B000322294F84420032A06D1B3F5296F38BF51
:1070C0004FF42963A4F83632604509D1B94207D19B
:1070D000B4F83632B34203D1B4F83232AB4203D003
:1070E00000212046FFF762FF04F50C71204609F0ED
:1070F0000AFBA4F83A02BDE8F08700BFF0200120A7
:1071000010B50446032009F003FC014658B11923C9
:1071100003700B4B1A68127942701B685B7983709D
:10712000204609F0D3FBD4F8603223F02003C4F8E2
:10713000603220463921BDE8104008F0C7BF00BFCB
:1071400064210120084B1A7A5B7AD10748BF80F886
:107150004032910748BF80F84132520748BF80F85B
:107160004232392108F0B2BFF0200120024B1B68E7
:107170001B7980F8C83270476421012090F8C8322A
:1071800023B1012B0CD01D21FFF7EFBB084B90F969
:10719000CA2293F938309A42F5DA80F8CA32F2E717
:1071A000034B90F9CA2293F938309A42EBDDF4E7A9
:1071B000C03001201E21FFF7D8BB0000064B10B5E0
:1071C0000446187AA37884F82002012B03D109F031
:1071D000B5FFA4F8F80010BDF02001201FB50D4B3D
:1071E0000D4A1B68C31A1B1153439BB22D22ADF8E5
:1071F0000430ADF80620ADF80A30002290F82032B5
:107200008DF8082001A88DF80C3013F0EBFE05B0C6
:107210005DF804FB68210120CF467D6710B5044668
:10722000022009F075FB014648B107230370044BA7
:107230005B7943702046BDE8104009F047BB10BDA4
:10724000F020012038B504460D4662B9D0F8183256
:107250005B0702D590F814322BB9022009F058FBD5
:10726000014688B938BD032009F052FB01460028C9
:10727000F8D011230370064B5B794370857020466C
:10728000BDE8384009F022BB0D2303704570F6E7D6
:10729000F020012010B590F80C320446FBB9012310
:1072A00080F80C32062009F033FB0146E8B10C23CC
:1072B00003700E4B1A68127942701A681288827035
:1072C0001A681288120AC2701B685A8802715B8899
:1072D0001B0A43712046BDE8104009F0F7BABDE82B
:1072E000104000222421FFF7ADBF10BD88300120DF
:1072F0004268D10203460CD5D3F86022D20700F5CC
:107300002E7003D5B3F8861122F0D0BF282122F0C9
:10731000C7BF70474368DB0203D500F52E7022F02B
:10732000C8BF70473A2108F0D1BE012380F89B31D5
:107330007047000070B5002300F5B47686B00446AF
:1073400080F89B31304622F03FFF78B9204609F0A3
:10735000EEF905460DF10F01304622F0B2FE03466C
:1073600030B9094B0221187B26F0DAFE06B070BD59
:10737000194604A801930CF05BF9019B04AA294665
:10738000204609F007FAE5E70031012010B5044670
:1073900000F5B87022F018FF28B120462A21BDE878
:1073A000104008F093BE10BD012380F89A31704759
:1073B000002380F89A317047024B1B6803B11847CD
:1073C000704700BF60210120024B1B6803B11847C2
:1073D000704700BF50210120024B1B6803B11847C2
:1073E000704700BF44210120F0B5B0F87032A0F81A
:1073F0007E320126B0F87232B0F86C12B0F86E220C
:10740000B0F83A72A0F88032044680F8786290F8BA
:107410008C0287B040F2E24359435A4358430391E8
:10742000029214F0CFFC0346104805681048651B13
:107430002D11454305A8CDE90070DDE90221E8B230
:1074400014F002FD28B93C21204608F03FFE07B0A9
:10745000F0BD059B074A84F8F860A3FB0232DB0FFE
:1074600043EA4203A4F87C32F1E700BF682101201F
:10747000CF467D67E3361A000C3015F049BC00009A
:107480002DE9F04788B004460E4690461F4608F0A6
:1074900099FB0546002861D0DFF800A1DFF80091D4
:1074A000DAF80010E38BB4F81CC0401A3849029196
:1074B00007A900110191B5F83A12009140F2E24299
:1074C00009FB00F05343002102FB0CF2C0B214F0A0
:1074D0008BFC88B9284608F03BFC0D253146284630
:1074E00042463B4605F07BFB022120460AF086FC23
:1074F000284608B0BDE8F087DAF80030254AED1AD2
:10750000079BA3FB0232DB0F43EA4203A4F862307D
:1075100000236370A370A4F808322D119DF8403049
:1075200084F86A3009FB05F59DF84430A4F86050F2
:1075300004F11C0184F86B300120059114F01CFF4C
:107540000599009642463B4620460AF0DBF905992C
:10755000054628B1012014F025FFBFE70925BDE746
:10756000009642463B4620460AF052FB054600285C
:10757000F0D194F86A3003F0FD03012B01D113F030
:1075800099FD054A13790133137113F083FDAFE7B9
:1075900021040400E3361A00C030012068210120D4
:1075A000CF467D6710B50446012014F0FBFE94F829
:1075B0006A3003F0FD03012B01D113F083FDD4F8F1
:1075C000980220B122F064FD0023C4F89832044AE6
:1075D0001379013B1371BDE8104013F063BD00BF88
:1075E000C0300120F8B50446602022F045FD074672
:1075F000002851D0B4F860304FF43C7253433E4AF7
:1076000012681A44002191703C4A1B1153430380B5
:1076100042F60133438004F1280600F108050FCE3D
:107620000FC50FCE0FC596E80F0085E80F0094F840
:107630006830012B3FD194F8DB2294F8DA128A42A9
:10764000D4E9B45305D1D4E9B260834208BFB5424E
:107650002FD042F002068A4205D1D4E9B2129A42F2
:1076600008BFA94244D0D4E9B20187F83C60C7E919
:107670001253D4E91623C7E9162394F8693087F822
:107680003D3094F86C3087F83E301D4BC7E914014B
:10769000187B394622F005FD2046FFF783FF194B82
:1076A000194AE41A194BE4105C430123A3405372B6
:1076B000F8BD1646CFE794F8C32394F8C2138A4264
:1076C000D4E9EE5305D1D4E9EC60834208BFB5425A
:1076D0000CD042F002068A4205D1D4E9EC129A425B
:1076E00008BFA94204D0D4E9EC01BEE71646F2E790
:1076F00000200021B9E700BF68210120CF467D6747
:10770000003101202823012018230120D578E92603
:107710002DE9F74FB0F848820646232009F0F8F823
:107720000446002800F0F380B6F81411B6F81631BC
:10773000784F07314FF4307B0BFB087B1FFA81F940
:1077400013FA81F189B23046DBF83051BBF834A12D
:1077500008F07CFEB6F83A1200900144019114F052
:10776000BBFE0199431818462946019314F0D4FE34
:10777000019B002800F0A8802946184614F0CCFE92
:10778000DBF81C11B0FBF1F301339BB201FB03509A
:1077900053441FFA83FA009914F0BEFE5E4B9842E0
:1077A00000F2A2805D4A0023A0FB0202C2F34F0256
:1077B00018461C212170B6F8461261709B03B6F87A
:1077C0004612E27043EA403313434FF4307505FB31
:1077D0000875090A1B12A1702371D5F81C21504BA2
:1077E000A2FB0321D20F42EA41026271D5F81C21AB
:1077F000A2FB0323C3F3D713A371D5E98A3295F80B
:107800002011E37142EA4112190A2172190C1B0E70
:107810006172E272A372EB6D2373EB6D1B0A6373EB
:10782000B5F85E30A37395F85F30E3732B6E237465
:107830002B6E1B0A6374B5F86230A37484F813A02E
:107840004FEA1A2A84F814A0B6F816314B4463752F
:10785000B6F816314B441B12A375B5F83431E375F5
:10786000B5F834311B0A237695F8723295F8709288
:1078700049EA031908F09AFD4FFA89F949EA4010DC
:10788000607695F8B832022B04F11B0003D0032B6D
:1078900014BF01230423A3764FF4307303FB08774E
:1078A000D7E9A02322F080FDB6F8163184F8213004
:1078B000B6F8163121461B0A304684F8223003B050
:1078C000BDE8F04F09F002B81946284614F024FE2E
:1078D000DBF81C11B0FBF1F398B2AAEB030A01FB31
:1078E00010501FFA8AFA56E7B0F5161F0D4A28BF46
:1078F000A0F51610A0FB02124FF0030101FB0022BD
:107900002CBF01230023C2F38F22012051E703B0D3
:10791000BDE8F08F88160120E1BF0300121111119C
:10792000E3361A009E36D0692DE9F84F064690F8E6
:10793000480206F095FE0546232008F0E9FF0446BC
:10794000002800F0FA80B6F81411B6F81631D5F810
:1079500034A1B5F8288107318FB213FA81F189B2C9
:10796000304608F073FDB6F83AB28146834414F00D
:10797000B3FD83445146584614F0CEFD002800F074
:10798000B7805146584614F0C7FDD5F82022B0FB09
:10799000F2F301339BB202FB03A043441FFA83F8C6
:1079A000494614F0B9FD664B984200F2B180654A31
:1079B0000023A0FB0202C2F34F0218461C212170D3
:1079C000B6F8461261709B03B6F84612E27043EABD
:1079D00040331343090A1B12A1702371D5F82022EA
:1079E000594BA2FB0321D20F42EA41026271D5F842
:1079F0002022A2FB0323C3F3D713A371D5E98C9AEA
:107A000008F0D4FC4FEA192384F8079023724AEA5D
:107A100040104FEA19434FEA1969637284F80A90DB
:107A2000E072D5F85C312373D5F85C311B0A6373BF
:107A3000B5F85E31A37395F85F31E373D5F8603123
:107A40002374D5F860311B0A6374B5F8623184F889
:107A500013804FEA1828A37484F81480B6F81631FE
:107A60003B446375B6F816313B441B12A375B5F859
:107A70002831E375B5F828311B0A237695F839309B
:107A8000DA0702D52F79012F09D0022B53D16F6964
:107A90003F0A07F0C007A7F140035F425F4195F836
:107AA000428008F083FC400140EA071048EA0008E1
:107AB00084F8198095F86431022B04F11B0003D07F
:107AC000032B14BF01230423A376D5E9042322F05A
:107AD0006BFCB6F8163184F82130B6F816311B0A63
:107AE00084F8223021463046BDE8F84F08F0EEBE5B
:107AF0005946504614F010FDD5F82022B0FBF2F3A1
:107B000099B2A8EB030802FB11A01FFA88F847E717
:107B1000B0F5161F0D4A28BFA0F51610A0FB0212E3
:107B20004FF0030101FB0020C0F38F222CBF012383
:107B30000023012042E70027B1E7BDE8F88F00BF2E
:107B4000E1BF030012111111E3361A009E36D0690D
:107B5000054B1B689A8880F844221A89DB88A0F8B4
:107B60004622A0F8483270476421012090F8432251
:107B70005AB9012280F84322D0F8602222F0400254
:107B8000C0F86022392108F0A1BA704770B52E4CB8
:107B90000546D4E90A2394F8211094F8200005F052
:107BA0005BFE00284FD195F84A32002B45D0382093
:107BB00022F062FA014600283FD04FF486734380DA
:107BC00023898380821D04F10A0304F11A0053F80B
:107BD000046B42F8046B8342F9D11B8813801B4B62
:107BE0001B4A1B68EB1A1B1153430B83A38B4B835C
:107BF000B5F816318B83E38BCB8394F8203081F872
:107C0000203094F8213081F8213094F8223081F826
:107C1000223094F82330022B03D0042B14BF01230D
:107C2000032381F82330D4E90A23C1E90A23238EF0
:107C30000B86084B187B22F034FA28463921BDE820
:107C4000704008F043BA70BDF02001206821012087
:107C5000CF467D670031012090F80A325BB190F881
:107C60000932B0F80822A0F86620012B0CBF00F5FD
:107C70008B7300238366002380F80A32012380F887
:107C800064307047002380F86430704790F80A32FF
:107C90005BB190F80932B0F80822A0F86620012BF9
:107CA0000CBF00F58B7300238366002380F80A3233
:107CB000012380F865307047002380F865307047F5
:107CC00010B5124B044603F1080203CA1A8AA4F83D
:107CD000CC21D3F81220C4F8AC21D3F81620D3F865
:107CE0001A30C4F8C401C4F8C81104F5E070C4F82F
:107CF000B021C4F8BC3104212AF094FD04F5DA70F7
:107D00000821BDE810402AF08DBD00BFF020012001
:107D1000064B1B6800F5CE701A1D143352F8041B75
:107D200040F8041B9A42F9D1704700BF642101203A
:107D3000062303727047000070B5044600F14C053D
:107D400000F5D672294600F5CE702AF011FDD4F860
:107D5000BC31E365D4F8C0312366002384F8753064
:107D60000C4BA27800200021C4E97401C4E976011B
:107D70001968094B611A09115943B2FA82F2074B8B
:107D8000520984F8742028461B68BDE87040C9B2C7
:107D9000184700BF68210120CF467D6730210120B0
:107DA000482108F093B910B504460D2008F0B0FD45
:107DB000014698B10346042203F8012BD4F8B421FC
:107DC000C0F80120D4F8B8215A60D4F8C031C0F806
:107DD00009302046BDE8104008F078BD10BD10B550
:107DE0000446012008F094FD014630B105230370DC
:107DF0002046BDE8104008F069BD10BD10B504462E
:107E0000012008F085FD014630B1062303702046AD
:107E1000BDE8104008F05ABD10BD10B50446012061
:107E200008F076FD014630B10A2303702046BDE814
:107E3000104008F04BBD10BD10B50446012008F0FD
:107E400067FD014630B10B2303702046BDE81040AA
:107E500008F03CBD10BD10B50446012008F058FDE7
:107E6000014630B1122303702046BDE8104008F0EF
:107E70002DBD10BD10B50446012008F049FD014696
:107E800030B1132303702046BDE8104008F01EBD3A
:107E900010BD00001FB5104B104A1B68C31A1B1100
:107EA00053439BB2ADF80030ADF80430B0F8CC319C
:107EB000ADF80E30D0F8C431CDF806300D22D0F830
:107EC000C831ADF802206846CDF80A3013F08AF8C0
:107ED00005B05DF804FB00BF68210120CF467D6737
:107EE0001FB50E4B0E4A1B688DF80710C31A1B11E5
:107EF00053439BB2ADF804300B22ADF80A3090F832
:107F000065308DF8062001A88DF808108DF80C302A
:107F100013F068F805B05DF804FB00BF682101208C
:107F2000CF467D670B4B07B51B680B4AC31A1B1165
:107F300053430C229BB2ADF8022068460022ADF8F4
:107F400000308DF80420ADF8063013F04BF803B084
:107F50005DF804FB68210120CF467D670A4B07B519
:107F60001B680A4AC31A1B1153439BB2112268466D
:107F7000ADF80030ADF80220ADF8043013F032F85F
:107F800003B05DF804FB00BF68210120CF467D6788
:107F9000D0F8F41100F5FC7022F088B938B5124B16
:107FA0001B68044600F5CE7103F10E0203F11E00BA
:107FB00052F8045B41F8045B8242F9D15A68C4F874
:107FC000C4219A68C4F8C8219B89A4F8CC3104F56F
:107FD000DE7004212AF026FC04F5D6700821BDE8E5
:107FE00038402AF01FBC00BF6421012010B5064CA8
:107FF00004F10802034603CA2269C3F8B401C3F8B6
:10800000B811C3F8C02110BDF020012010B50446FE
:10801000172008F07DFC014610B30346032203F845
:10802000012BD4F8C421C0F80120D4F8C8215A602B
:10803000B4F8CC314372B4F8CC311B0A8372D4F853
:10804000AC31C0F80B30D4F8B031C0F80F30D4F8F0
:10805000BC31C0F813302046BDE8104008F036BCF3
:1080600010BD00002DE9F0413E4B86B01C6807F0C2
:10807000A9FD0546A8B9D4E9062394F820100920E3
:1080800004F0ADFD042021F0F7FF014630B140F2CD
:1080900003334380344B187B22F003F806B0BDE86D
:1080A000F081DFF8DC80314ED8F80000A188E38849
:1080B0002F4F0296281A05AE0011019640F2E242B7
:1080C000B5F83A62009678435343C0B24A43002160
:1080D00013F08AFE40B9284607F03AFED4E9062399
:1080E00094F820100D20CBE7D8F80030214E224A1A
:1080F000DFF89080EB1A1B117B43A6F88030059BBC
:10810000A3FB0232D4E90401DB0F43EA4203A6F8E1
:10811000823006F13C0383E80300012014F02CF9BF
:1081200012F0B8FF96F84230012703F0FD03BB427E
:1081300088F8047001D112F0BDFF86F89071A6F89E
:108140008E71D4E9062394F82010201D09F0AEFAB0
:108150000A49284608F010FE09F088FB88F80570E7
:108160009CE700BF700C01200031012021040400B5
:10817000CF467D6780210120E3361A00C821012007
:1081800068210120C0300120054B1B7933B105481F
:10819000012380F899309C3014F06EBD704700BF09
:1081A000C030012080210120F8B5394B1B79002B0C
:1081B00069D0602021F060FF074600285BD0354C75
:1081C000B4F880304FF43C725343334A12681A4477
:1081D00000219170314A1B115343038042F6013351
:1081E000438004F1480600F108050FCE0FC50FCEFD
:1081F0000FC596E80F0085E80F0094F86B3187F8FB
:108200003C3094F86A219A4207D1D4E95851D4E914
:108210005602914208BF854203D043F0020387F81B
:108220003C30D4E95823C7E9122300220023C7E9D0
:10823000142394F86B2194F86A319A4207D1D4E957
:108240005802D4E956139A4208BF884203D0D4E9B1
:108250005623C7E91423D4E91E23C7E9162394F84B
:10826000853087F83D30012387F83E300C4B394686
:10827000187B21F016FF012014F094F8BDE8F840B7
:108280000448FDF707BBBDE8F840FFF77DBF00BF1E
:10829000C03001208021012068210120CF467D6768
:1082A0000031012013B5134B134C1B68B4F8802028
:1082B0004FF43C7000FB02304C2107F007FF012017
:1082C00014F070F82046FDF7E5FA00230093ADF8AE
:1082D0000430684608238DF8023012F083FED4F88B
:1082E0001411D4E94823C1F3C001022004F077FC43
:1082F00002B010BD682101208021012010B50A4B79
:108300000A4C1B68B4F880204FF43C7000FB02302C
:108310004B2107F0DBFE012014F044F82046BDE8B5
:108320001040FDF7B7BA00BF68210120802101206D
:10833000044B19680C20D1E9062391F8201004F0B1
:108340004EBC00BF700C012007B5054B009368467A
:108350000C23ADF8043012F045FE03B05DF804FBC9
:108360000000080C0123837090F808321BB900F557
:10837000037014F081BC00F53E70FAE72DE9F3417B
:108380001C4F1D4DDFF8748006460024AB7A234154
:10839000DA0711D56B7A2341DB070DD4B7F86030CB
:1083A0004FF43C725343D8F80020D018D35C012B13
:1083B00002D14C2107F08AFE0134032C07F57A77AD
:1083C000E4D13046FFF7EEF83378032B0FD00023CB
:1083D0000093ADF80430684608238DF8023012F09F
:1083E00001FED5E90023297A022004F0F8FB02B04F
:1083F000BDE8F081282301201823012068210120F5
:10840000044B19680C20D1E9062391F8201004F0E0
:10841000E6BB00BF700C012007B5054B0093684612
:108420000C23ADF8043012F0DDFD03B05DF804FB61
:108430000000080C074B1B681A7980F83C225A7917
:1084400080F83D229A7980F83E221B8980F84730D7
:10845000704700BF64210120024B1B89A0F8B03295
:10846000704700BFF02001200D490B8910B402466F
:1084700023B939215DF8044B07F028BEB0F8164146
:108480004B891B1B9BB247F6FE74A34201D94921BD
:10849000F0E788685DF8044BC2F8B202704700BF8D
:1084A000F020012070B580F8B01280F8B1220446A7
:1084B00003200E46154608F02BFA014640B116235C
:1084C0000370467085702046BDE8704008F0FEB924
:1084D00070BD70B5044603200E46154608F018FA24
:1084E000014640B117230370467085702046BDE8F1
:1084F000704008F0EBB970BDF8B5044605200F4692
:10850000164608F005FA054630B357EA0602B4F8F5
:10851000143184F8B27284F8B36216D0B4F816211C
:1085200013440733A4F8B43218232B706F70AE7065
:10853000B4F8B432EB70B4F8B4321B0A2B7129468C
:108540002046BDE8F84008F0C1B9A4F8B4223921AA
:10855000204607F0BBFDE7E7F8BD00001FB50F4B55
:108560000F4A1B688DF80710C31A1B1153439BB2A7
:1085700000228DF80920ADF804301622ADF80A303B
:10858000B0F844308DF8062001A88DF80810ADF839
:108590000C3012F027FD05B05DF804FB68210120C6
:1085A000CF467D67F8B5046AB4F8982005469AB1BD
:1085B000042021F061FD014600284ED0304B9C4242
:1085C00014BF0323022383700323C3702D4B187B36
:1085D000BDE8F84021F065BD2B4E337C7BB194F8AB
:1085E0004130D9070BD59B07327404D4D6E9062352
:1085F000A01C21F0D9FED6E90623C4E94623A36BCB
:10860000E28FAB60A38F934213D040F271235A43A1
:10861000D4F85411EB680B4493420AD2284614F064
:108620002FFA30B1A16BA86813F076FFC4F854019B
:1086300013E0002394F8491194F8C900C4F85431A8
:1086400004F0BEFAA68FE28F84F8C900964205D1E5
:10865000284614F01BF9AB68A363F8BD40F2712300
:108660005E4303FB0267AB683344A3633A4631467B
:10867000284614F005FA0028D4D1A36BAB60F2E7CA
:10868000780C012000310120C03001207FB5846AC0
:10869000606E002845D094F8A0300BB1062B44D171
:1086A00094F8A40000283CD0D4E92423214D22488A
:1086B00021F07AFE94F8A23085F88B31D4E9242396
:1086C000C5E9242395F841309A0716D5D4E9142337
:1086D000CDE9022302ABE66C94F8A3000093D4E941
:1086E0002623FCF790FDF0B9C6F34006DDE902232E
:1086F000124821F059FE85F88A611149A1F5C4702C
:108700000AF06CF80F4B5B699B0310D595F890311C
:1087100013B1013B85F8903195F89001B0FA80F0E3
:10872000400904B070BD0126E0E70020F9E7012010
:10873000F7E700BF780C0120800C01207A0C0120A3
:10874000000E0120C030012070B5846A94F8A0307A
:10875000022B01D9062B49D1284B294A1B68527A92
:108760005B7B9A4242D22D2021F086FC05460028F0
:108770003CD0236E94F8822083F8272094F8A3201D
:1087800094F8A2309A4232D1D4E92631D4E92402B5
:10879000914208BF834214BF01230023226E194E69
:1087A00082F82830236ED4F8842083F82920D4F866
:1087B0008430226E1B0A82F82A30236EB4F8862099
:1087C00083F82B20236E94F8872083F82C2094F8CC
:1087D000A510226E69B100210B4821F05CFC4021FC
:1087E000307B25F09DFC04F031FB256670BD012334
:1087F000D4E7064821F04FFC8021F1E788300120C2
:108800005C31012000310120A00C0120A80C0120C6
:10881000836A986E003818BF0120704770B5846A6B
:10882000484D002974D094F8A030042B4FD1D5E9DD
:108830002402D4E924139A4208BF884247D1424B0C
:10884000424A1B68527A5B7B9A4240D22D2021F02B
:1088500013FC064600283AD0A36E94F8822083F8D1
:108860002720D4E9261294F8A20000239A4208BFD8
:10887000814207D0D4E92430904208BF8B4214BF14
:1088800001230023A26E324882F82830236ED4F8E8
:10889000842083F82920D4F88430226E1B0A82F8C1
:1088A0002A30236EB4F8862083F82B20236E94F8A8
:1088B000872083F82C20A26E002121F0ECFB254BB1
:1088C0004021187B25F02CFC04F0C0FAA66695F830
:1088D00091310133DBB2012B85F891310AD9B5F81A
:1088E0008E315B08012B38BF0123A5F88E310023A0
:1088F00085F89131002385F8923112F02BFBB5F801
:108900008E31013B1840013085F89001002070BD88
:1089100095F892310133DBB2012B85F892310CD9F5
:10892000B5F88E3185F892115B009BB2B3F5807F6C
:1089300028BF4FF48073A5F88E31002385F891315C
:10894000DBE700BF780C0120883001205C3101207A
:10895000A00C01200031012090F86A300133DBB215
:10896000012B10B5044680F86A300DD9B0F8663096
:108970005B009BB2B3F5807F28BF4FF48073A0F8F3
:108980006630002380F86A30002384F8693012F0E2
:10899000E1FAB4F86630013B1840013084F8680011
:1089A00010BD00002DE9F047057C4368C0F8143283
:1089B000AF1E04467D427D41D0F8348200F5037637
:1089C00013F08AFD6789238900F2CC40BB4208F18D
:1089D00060094FEA4505C4F818021BD0D8F88CA0EE
:1089E00040F271235F435044B84213D213F074FD38
:1089F00000F2CC403A1A92450CD85146304614F059
:108A00003FF838B1D4F8143262689B1AC8F88C3039
:108A1000BDE8F087E378EBB92B4A117803230135E1
:108A2000EDB2032D08BF002541FA05F0C00721D59E
:108A3000264B557053F82540D4F8348204F503765C
:108A400008F1600999F8211098F8010004F0B8F8CD
:108A500088F80100228963894FF000089342C9F821
:108A60002C800CD1304613F011FFB36863600023F3
:108A7000E370CDE7013B13F0FF03D0D1E2E7124FE3
:108A8000BB782B41DB070AD4304613F0FFFEB368F6
:108A900063600122BB78AA401343BB70E7E7B36869
:108AA00040F2712101FB0233B360636013F00EFDED
:108AB0004008421C4146304613F0E2FFB36862684A
:108AC0009B1AC9F82C30D2E7100E0120D462002086
:108AD000084B5B699B030BD590F8683013B1013BE1
:108AE00080F8683090F86800B0FA80F0400970476C
:108AF00001207047C03001202DE9F3411C461B0ABC
:108B000003F0C003402BDDE908860746154621D156
:108B1000DDE90A23CDE900239DF83020284602F044
:108B2000FD022146FCF716FC68B17B7B032B04D1C8
:108B300033700B4BD3E9065407E002233370094B23
:108B4000D3E90C5401E0FE233370C8E9005402B0AD
:108B5000BDE8F081437B012BEAD00023EEE700BFA4
:108B6000C0300120003101202DE9F0410578012DB0
:108B700086B006460C4617461CD1C81D91F80680E3
:108B800021F00CFC0B46B6F8C0110291E17B01917B
:108B9000217900910246414604A804F057F8DDE926
:108BA0000423054804F06CF820B93D70284606B04F
:108BB000BDE8F0810025F9E7280E0120F0B5137813
:108BC000012B87B006460C46154622D18B885B06E2
:108BD00015D4C81D8F7921F0E1FB0B46B6F8C01102
:108BE0000291E17B0191217900910246394604A866
:108BF00004F02CF8DDE90423074804F09EF8022372
:108C00002B70064B187B402107B0BDE8F04025F0E3
:108C100087BA07B0F0BD00BF280E01200031012047
:108C2000F8B583788588002B04460CBF1E234FF4CB
:108C300096730F465D43164613F042FC6378012B92
:108C4000A3780CBF32214FF4FA71002B0CBF1E2306
:108C50004FF496730144E81803F0F4FD2D1A3D60BB
:108C6000A378002B0CBF1E234FF4967303EB400335
:108C70003360F8BDC37CF0B51370847C9C4207D18F
:108C8000D0E90275D0E90064A54208BFB74202D01E
:108C900043F002031370D0E90223C1E90023F0BDC1
:108CA0002DE9F04F0D468DB090F83C109DF8609086
:108CB0001B9CDDE916678346904621B100210846DA
:108CC0000DB0BDE8F08F24222046079137F0FEFD5D
:108CD0009DF964306374FF23E3737F23A5802374BD
:108CE0009BF810300799002B56D0022B57D098F8DC
:108CF0000030DA1F012A59D89BF8AA31DB0750D57A
:108D000084F8069032463B46E01D21F04DFBDBF82F
:108D1000A03123620023A3839BF8AA219BF8A931E9
:108D2000510001F0040103F003030B43A1880B433E
:108D3000A3809BF8E431012B36D0022B14BF012312
:108D40000323A373150744BF9BF8C231E373500696
:108D500044BF9BF8C3312374910644BFBBF8EC3188
:108D60006382930716D50DF1270301930AAB009395
:108D70005846DBE96E23CDE90267CDF81090FFF786
:108D8000BBFEDDE90A2304F1150021F00DFB9DF87F
:108D900027302375012192E701236373A7E703239B
:108DA000FBE7FF23A371B2E70223CAE798F804A008
:108DB000AAF1060A5FFA8AFABAF11F0F3FF67EAFF0
:108DC0001A9A02F1080845F01002A280062B3FF61D
:108DD00076AF01A252F823F0F58D0300FD8D03005C
:108DE0003B8E0300BF8C0300598E0300BF8C030031
:108DF000538E030045F01305A5801EE045F01505D0
:108E0000A580404621F0CAFA0B460DF127010191D9
:108E10000AA9024600915846CDE90267CDF81090A4
:108E2000FFF76AFEDDE90A2304F1150021F0BCFA20
:108E30009DF8273023754FF0000A84F806903246DB
:108E40003B46E01D21F0B0FAC4F82080A4F81CA035
:108E5000A0E745F01205CFE7044B1B78002B08BFB5
:108E600045F0010545F01A05C6E700BF480B012093
:108E700090F869300133DBB2012B10B5044680F85D
:108E800069300AD9B0F866305B08012B38BF01237E
:108E9000A0F86630002380F86930002384F86A3037
:108EA00012F058F8B4F86630013B1840013084F8ED
:108EB000680010BD2DE9F04F95B0046A856AA94E8F
:108EC00007460AA8894609F015FD9DF828304FF09D
:108ED0000008072B86F8018004F5D47040F0348137
:108EE00084F8AA8109F102020DF1260109F0F4FAD1
:108EF00094F8A90150BB9DF8263013F0100203F03E
:108F0000010140F0B38021B90123737015B0BDE8B1
:108F1000F08F9DF828308DF8483094F8AA318DF8FC
:108F20004930D4E96C01CDE90E01D4E96E01CDE9F7
:108F30001001B96ABDF82A30ADF84A30483105F160
:108F400090030EA8FBF7B8FE0028DDD0864EDFF8B0
:108F50001CA232780123012A8AF800309DF82630BD
:108F600053D103F00903092B4FD100220023CDE98F
:108F70000C239DF828308DF8483094F8AA318DF8EC
:108F80004930D4E96C01CDE90E01D4E96E01CDE997
:108F90001001B96ABDF82A30ADF84A3005F19008E1
:108FA000434648310EA88DF82720FBF785FE0DF1CA
:108FB00027020CA94046FFF75DFE337A012B94F897
:108FC000C23177D19DF82700009300F00100DDE960
:108FD0000C23FBF75FFF002898D0DDE90C0100238C
:108FE0008AF80030B3699DF8272083F87122C3E91D
:108FF0009E0194F8C22183F87022D4E96C01C3E980
:10900000A0019DF82A2083F872229DF8268018F08E
:10901000100865D00023FB6004F5EF77D4F8CC117D
:10902000384609F0AFFA95F8A12095F88310687BCF
:10903000D5F88880023212F0CAF9D5F8882008EBFA
:1090400000033946204604F06FFA94F80832002BEA
:1090500040F085803378012B7FF458AF9AF80020D8
:10906000002A7FF453AF8AF800304FE74FF0000A30
:109070004FF0000BC6E906ABC6E908ABB06251B1D0
:10908000D4E96C010122C6E9060186F828209DF882
:109090002A2086F829209B077FF558AF012386F800
:1090A0002A30D4E96E23C6E908239DF82B3086F8D0
:1090B0002B304BE7727A9A427FF428AF9DF8273025
:1090C000B27A03F001039A427FF420AFD6E904029A
:1090D000DDE90C139A4208BF88427FF417AF7CE7A2
:1090E00000220023CDE90E238DF830800CAA0EA9B2
:1090F00005F1900004F11806FFF7BCFDCDE90496D8
:1091000095F9823003939DF830300293DDE90E2308
:109110004146CDE9002320460AAAFFF7C1FD0028F9
:109120003FF4F4AE04F13C0284F826803146204638
:109130000792FFF719FD079A00283FF4E7AE314682
:109140002046FFF73BFDE1E600220023CDE90E2398
:10915000414630228DF8308037F0B8FBC6E713F077
:1091600089F9D3E6480B0120C81E0120780B0120A5
:109170002DE9F043B14D046A866A8DB0074605F1CA
:109180000C00884609F0B6FB05F10A0108EB000265
:1091900004F5D47009F0A0F92A7BE8720123072AAC
:1091A0006B7240F0498194F8A921002A40F0DE80DA
:1091B00095F828205AB9AA7AD20708D585F8283018
:1091C000D4E96C23C5E90623AB7B85F8293095F8F3
:1091D0002A3063B9AB7A980709D5012385F82A307C
:1091E000D4E96E23C5E90823EB7B85F82B3095F88D
:1091F0002830012B02BF94F8AA3143F0010384F810
:10920000AA31D5E90623C4E96C2395F82930AB735C
:1092100095F82A30012B02BF94F8AA3143F00203DB
:1092200084F8AA31D5E90823C4E96E2395F82B30D8
:10923000EB7307238DF8283094F8AA318DF8293084
:10924000D4E96C23CDE90623D4E96E23B96ACDE9CC
:10925000082306F18808EB89ADF82A30002243463E
:10926000483106A8FBF728FD08B901236B700022DE
:109270000023734FCDE9042304A900230DF10F024D
:1092800040468DF80F30FFF7F5FC97F80090B9F1E4
:10929000010F75D04FF0000994F8AA319B0605D54F
:1092A000D4F8D01104F5F47009F082F93A78012A63
:1092B00061D1DFF8908198F80030002B5BD194F8F1
:1092C000AA31980657D57B78002B54D1BB69B4F8E6
:1092D0000412A3F81811A3F83611B4F8EC1140F2F7
:1092E000E2404143C3F81C1194F8F80183F82001CF
:1092F00094F8E401012800F09180022808BF0322BD
:1093000083F8B822B3F80822B9F1010F01FB02F289
:10931000C3F8242112D1DDE90401C3E99E019DF8BF
:109320000F2083F8712294F8C22183F87022D4E9C7
:109330006C01C3E9A001AA7B83F8722296F874201D
:1093400096F87E10707BD6F8847012F040F838449E
:109350000090D6F8843004F5F47204F5EF712046DD
:1093600004F022FB002388F8013004E0AA7AD10738
:109370003FF55FAF6B706B78012B51D10027B4E0E4
:10938000DFF8C08098F80030002B40F0C6807A7A71
:1093900094F8C2319A420FD19DF80F30BA7A03F097
:1093A00001039A4208D1D7E90402DDE904139A4285
:1093B00008BF88423FF46EAF012388F80030AB7AD3
:1093C0001A077FF567AF13F0210F3FF463AF3A7AC6
:1093D00094F8C231012A0ED19DF80F00009300F0DD
:1093E0000100DDE90423FBF755FD0028C3D000236D
:1093F00088F8003050E77A7A9A42BCD19DF80F3055
:10940000BA7A03F001039A42B5D1D7E90402DDE943
:1094100004139A4208BF8842ADD1E8E702226FE701
:1094200094F8A97117F002074ED0376E002F4BD079
:1094300096F89C3043B901236B709FE7480B0120DD
:10944000C81E0120780B012094F8AA31D907F2D563
:109450002046FFF73DFB0128074635D1D6E92223F8
:1094600004F1800020F0A0FF96F89A3084F8DB31F8
:10947000D6E92223C4E91C23637B9A071ED594F8FE
:10948000AA319B0735D5D4E96E23CDE906231B0A03
:1094900003F0C003402B95F80F8007D106AB96F878
:1094A0009B000093D6E92423FBF7BCFEDDE90623ED
:1094B00004F17A0020F078FF84F8DA8104F5EC7189
:1094C00004F1780009F08AF994F8A93185F82C3074
:1094D0000023EB8594F8AA315B0003F00403A4F8A1
:1094E000443096F97D3084F8513038460DB0BDE8EF
:1094F000F083D6E91423D6F84C80CDE9062306ABD9
:1095000096F89B000093D6E92423FBF77CFE10B964
:10951000C8F34008CAE7B846C8E7012B7FF4BAAEE3
:109520004DE700BF2DE9F041046AD0F828800646D7
:1095300086B00F46204629B9FFF70EFA002006B084
:10954000BDE8F0811F4DFFF793FC394605F10C0093
:1095500009F0D0F905F10A013A1804F5D47008F0C1
:10956000BBFF01236B722B7B8DF8103094F8AA316E
:109570008DF81130D4E96C23CDE90023D4E96E23B2
:10958000B16AE872CDE90223EB89ADF8123000220E
:1095900008F1880348316846FBF78EFB10B90123B8
:1095A0006B70CBE794F8A9319B07F8D1D4E91C0282
:1095B000D8E922139A4208BF8842F0D10823EB85EC
:1095C000BCE700BF480B0120F0B5234C866A6278E7
:1095D00085B00D4612B1002005B0F0BD0029FAD0CB
:1095E000637A076A012B22D1E37A97F8A811627295
:1095F00002331D44237C6560013B5B1A2372237B8D
:10960000072BE8D100230193A37ADB060DD5D7F809
:10961000CC1102A808F0B6FF9DF80830737006F16F
:10962000780201A902A8FFF7FBFA0198D4E704F138
:109630000C0009F05FF905442A4604F10A0107F518
:10964000D47008F049FF237C97F8A821013B05441A
:109650009B1A65602372D2E7480B01202DE9F04385
:10966000524F7E788DB0002E40F09E80D0F828803A
:10967000046A21B9A38B43F04003A38333E094F839
:109680003C50022D00F08C80002D68D197F82C9072
:1096900084F8A99100220023CDE90A230AA90DF13B
:1096A000270208F188008DF82750FFF7E3FA19F038
:1096B000020F36D004F14009B4F84410CDE9045942
:1096C00094F9513003939DF827300293DDE90A2382
:1096D0002046CDE9002307F10C02FFF7E1FA50B96B
:1096E00084F86400002604F13C0204F118012046CD
:1096F000FFF764FA54E0B4F84430A4F85C6023F057
:10970000080304F16402A4F8443026664946204662
:109710000792FFF729FA079A18B149462046FFF742
:109720004DFA002304F118050595049398F97D304E
:1097300003939DF827300293DDE90A23F98DCDE9E3
:10974000002320461A4AFFF7ABFA0028CAD004F1DA
:109750003C0229462046FFF707FA0028C2D0154BE5
:10976000A08E1B6898F97D901D8B97F80880D4F81F
:10977000A03179682D1AADB2454528BF4546184439
:109780002A4637F07BF8A38EA8452B44A3863FF6E4
:1097900071AFBB7A84F82990DB064FF00106A2D5A1
:1097A00030460DB0BDE8F0830026F9E7480B0120F4
:1097B000540B0120883001207FB5846A636E002B32
:1097C0003FD094F8A0300BB1062B3AD194F8A430D6
:1097D000BBB3056AD4E9242305F1800020F0E4FD41
:1097E00094F8A23085F8DB31D4E92423C5E91C23A1
:1097F0006B7B9B0717D5D4E91423CDE9022302AB79
:10980000E66C94F8A3000093D4E92623FBF7FBFC55
:10981000A8B9C6F34006DDE9022305F17A0020F07D
:10982000C3FD85F8DA6105F5EC7105F1780008F003
:10983000D5FF284604B0BDE87040FFF749B90126BE
:10984000E9E7002004B070BD37B5044668460D4610
:1098500009F050F89DF80030054A072B137005D029
:1098600029462046FFF7A8FF03B030BD0020FBE7E4
:10987000480B0120FEF7CCBF2DE9F041856A046A50
:109880008EB00E46002947D00AA809F033F895F8A3
:10989000A030042B39D1D4E91C02D5E924139A4213
:1098A00008BF884231D100230022CDE90C234FF0BC
:1098B00000080DF127020CA905F1900004F118072A
:1098C0008DF82780FFF7D6F9CDE9046795F9823046
:1098D00003939DF827300293DDE90C234146CDE93F
:1098E000002320460AAAFFF7DBF970B104F13C021D
:1098F00084F82680394620460792FFF735F9079A03
:1099000018B139462046FFF759F92046FFF7B0FA5B
:1099100000200EB0BDE8F0812046FFF71DF8F7E704
:10992000006A0368027C90F8081223F07F4323F05A
:10993000FF03C3B190F809320133DBB280F809327A
:1099400011B1012B01D8704783B1023A5342084943
:1099500053415B0001229A400B7823EA02030B700B
:10996000032103F025BF09B9FFF71CB8704700BFFA
:10997000100E0120036A0122DA70FFF7D1BF000048
:10998000006A0368027C23F07F4323F0FF036BB17E
:10999000023A5342074953415B0001229A400B7837
:1099A00023EA02030B70032103F002BF80F80832A0
:1099B000FEF7F8BF100E01202DE9F74F046AE37897
:1099C000074633B10521204603B0BDE8F04F03F050
:1099D00009BFA2785AB12046A370032103F016FFF5
:1099E00004F5187003B0BDE8F04F20F062BC637955
:1099F000A3B9E379B4F83611002B14BF072206226D
:109A0000B4F81831062AA3EB01030CBF0522062285
:109A1000934203D10321204603F0E4FE414BB4F806
:109A2000181158780022E271002860D14FF0010827
:109A3000B4F83431B4F818513B4EDFF8F490ED1A15
:109A4000A61B3A4BB6115E43ADB2B6B24FF0000A58
:109A5000B4F81831ADF8003094F83831ADF8028020
:109A6000ADF8066023B168468DF804A0FCF768FAEB
:109A700094F8A0312BB1012368468DF80430FCF72F
:109A80005FFAB4F81831D4F81C0145444344ADB230
:109A9000A4F8183100FB05FB94F8200107F04EFBF9
:109AA0000146584602F0CEFED4F81C21D4F83031DD
:109AB000B4F8181102FB05331B1ABB60D4F8283127
:109AC0000344FB60D4F82C3103EB4003C4F8C030EE
:109AD00004F50A7004F0C6FE494684F85900384679
:109AE00012F022FF0028B3D003B0BDE8F08F586811
:109AF000C4F83001A4F8341104F51870B4F80A124F
:109B00005A7020F0D3FBD4F82421002A8ED0B4F868
:109B10000A324FF47A714B439A4287D2B4F80882E2
:109B200086E700BF780B012088160120A38B2EBA90
:109B30007DCF0300036A0122DA71FFF73DBF000009
:109B40002DE9F04F90468FB0002900F02881046A7B
:109B5000DFF868924E78876A8D1C2A4609F10A015F
:109B600004F5227008F0B8FC94F88832013E2844CD
:109B7000F61AC9F8040089F808606379894DABB911
:109B800001260421204666712E7003F02BFE31461B
:109B9000204603F03BFE844B1B78B34201BFD4F850
:109BA0001C31B4F808225343C4F824316B784BB904
:109BB00097F87830012B05D1B8F1000F02D17A6FF8
:109BC0006A606B70794B7A4AD4F8A85294F8A482F0
:109BD000E31A9B1153431FFA83FB023504F5D07936
:109BE000B8F1000F3AD194F8A031012B1ED194F8AE
:109BF000AA117B6FB4F8A82100290CBF1E214FF4D5
:109C0000967101FB0233C4F8A431702020F034FABD
:109C1000054658B1674B40F8083B4946682236F084
:109C20002DFE654B2946187B20F03BFA0023069356
:109C3000624B9B7ADB060DD5D4F8AC1207A808F06E
:109C4000A1FC9DF81C307B7007F1680206A907A8EB
:109C5000FEF7E6FF06980FB0BDE8F08F15F8013C5F
:109C600015F8026C282B08D02C2B18D0A8EB060670
:109C7000013E06F0FF080235B2E784F8393194F866
:109C8000383184F83A61002BF0D14FF0010384F8A9
:109C90003831294604F59C7008F0CFFCE6E784F8DB
:109CA000A13194F8A03184F8A261002BDED13246B4
:109CB0002946484608F0DDFC94F8AEA10AF1FF33CE
:109CC0001E2B68D8D4F8C8313D4A0193A3F58073A0
:109CD000934260D8B4F8AC310293043B9BB240F697
:109CE0007C42934257D894F8AFE10EF1FF331E2B1C
:109CF00051D8B4F8CC310393B3F5805F4BD2B4F8AC
:109D0000C2310493013BFA2B45D894F8D821032A99
:109D100041D894F8E8310593012B3CD894F8B0C1B0
:109D20000CF1FF31062936D894F8C011481E0E28D0
:109D300031D894F8B8010F282DD84FF0010384F8DA
:109D4000A0314FF03103ADF81E30029BADF8243046
:109D5000049BADF82A30019B0B93039BADF8303088
:109D6000059B8DF82700ADF81CB0ADF820B08DF83C
:109D700022A08DF823E08DF826C08DF828108DF8EC
:109D800032208DF8333094F8E9318DF8343007A85B
:109D900011F028F96AE7002384F8A03166E7084645
:109DA00059E700BF780B0120E81E0120881601202A
:109DB000A38B2EBA0000110300310120480B0120B3
:109DC000FFFE0F002DE9F047046AD0F82880637881
:109DD000012B07460E4605D1B4F80A1204F5187097
:109DE00020F064FA94F8205006BB012D1CD1637852
:109DF000012B19D110223146A0183D6A36F066FDBC
:109E0000364BED1A364BAD115D4347F67F73E38257
:109E100040F2FF232383022384F82030314BA582B4
:109E2000187B402124F07CF9002553E0022DFBD063
:109E30002D4E0DBB1022A0182946D7F8289096F871
:109E40000AA03F6A36F042FD244B254AFB1A9B11BB
:109E500053431AF0400FA3821CBF97F8A332A37597
:109E600099F86D30E375FF2323767B6AE3616378AD
:109E7000012B1BD184F820301C4B608B1B68377A78
:109E80001D8B636A716898F96D802D1AADB2BD4261
:109E900028BF3D4618442A4636F0F0FC638BAF429B
:109EA0002B4463830FD902236376002594F8203076
:109EB000012B0FD1022384F820300A4B4021187B5C
:109EC00024F02EF906E0B37A84F81780DB064FF011
:109ED0000105EBD52846BDE8F08700BF88160120B4
:109EE000A38B2EBA00310120480B012088300120BD
:109EF000014B00225A707047780B0120836A986EDC
:109F000018B1A1F10C035842584170470C4B5B68E3
:109F100070B515467BB122290DD10A4C012684F873
:109F2000286012F0A7FA23789A0605D52B789B06AD
:109F300002D584F82A6070BD002384F82A30FAE73D
:109F4000DC0B0120481F012010B5846A94F8903082
:109F5000032B0A4694F8911003D0052B09D000205A
:109F600010BD94F89430002BF9D0BDE81040FFF7F5
:109F7000C5BFFFF7CBFFE36F024A03F5B073C2F82A
:109F80001831ECE7481F012010B5846A94F890302E
:109F900094F89110032B28D194F894302BB3FFF749
:109FA000ADFF10B3114B93F87830F3B1202020F0BF
:109FB00063F80246C8B1D4E92201C2E9060194F867
:109FC00093301374D4E92001C2E9020194F892306D
:109FD00007481370002120F05EF8064BBDE81040E2
:109FE000187B4FF4807124F09BB810BD983101208C
:109FF0008C2001200031012008B510F0ABFFC0F328
:10A00000001300F00F00184408BD00002DE9F04FC8
:10A01000DFF8C8B1D0F828A0BBF8282085B00546E5
:10A0200082B1042020F028F80146002800F08A8040
:10A0300040F204434B80614B187B05B0BDE8F04F04
:10A0400020F02FB85E4F5F4CF97B94F86A300029FE
:10A050007BD0012B79D1D7E90689FA735A4E4B464A
:10A060004246304620F0A0F93368C6F81C31B38868
:10A07000A6F82031CAE91489237C042B01D0012BD6
:10A0800012D1DAF84C3003F04403442B0CD102AB6C
:10A090000093A07CD4E90623FBF7A6F820B1DDE904
:10A0A00002234A4820F080F9237C042B14D0012B92
:10A0B00012D094F848307BB194F847204449434883
:10A0C000002384F8483002F108038AF87830931DA1
:10A0D0008BF8013036F0D2FB94F869307BB194F8FC
:10A0E00068203C493C48002384F8693002F10803A9
:10A0F0008AF87930931D8BF81D3136F0BFFB0021B3
:10A10000284611F0EBF9237C012B36D002D9023B13
:10A11000022B17D840F271267B69DB0305D5FFF7C8
:10A120006BFFAB6806FB0030A860D4E902129142D5
:10A1300019D1AB680B44AB600021284612F0F4FB48
:10A140000028E9D005B0BDE8F08F9A0794D502AB9E
:10A150000093A07CD4E90623FBF755F800288BD0A8
:10A16000DDE902897AE7284612F08AFC0028E9D165
:10A17000AB68E2681344AB60CEE7D5F80880276887
:10A180002368002B3FF44DAFD4E90212284612F0A9
:10A19000F7FC064618B9AB68E2681344AB60A868E0
:10A1A000414612F0B9F9E2680244BA42034634BFAC
:10A1B0003B1A00232360002EE2D0C3E700310120C8
:10A1C000C0300120983101204A1F0120501F01207A
:10A1D000C0310120E13101206C200120481F012005
:10A1E00070B5046AD4F88432D3B194F8DD38BBB1C9
:10A1F000D4F8F00712F090F9D4F8243794F8361711
:10A2000093F878200546187B11F0E1F8D4F88432F1
:10A2100094F8DC2829462046BDE8704008F01CBDB3
:10A2200070BD000073B5046A0129D4F8D8680D46E2
:10A2300000D11EB3224B1B689B8A1E4494F8DC3865
:10A2400084F8193804F2F92104F57072CDB920466A
:10A25000A4F8CA53CDE9001204F0ACFA2B46DDE9AC
:10A260000012204608F0F4FFD4F8C433C4F8843850
:10A27000B4F8CA33A4F87808A4F88038304602B09D
:10A2800070BDB4F8CA53B4F8C033AB4206D9204607
:10A29000CDE9001204F08EFADDE900120023204619
:10A2A00009F076F8D4F8C433A4F89C082B44C4F819
:10A2B000A838B4F8CA335B1BA4F8A438DEE700BFA3
:10A2C00088300120F7B5046A94F81D3284F85931BA
:10A2D0000B46D4F81852064604F5BC6204F27D31F0
:10A2E000002B4BD1A4F8EA352046CDE9002104F03B
:10A2F0008DFA94F8B830012BDDE9002122D1D4F891
:10A30000BC30B0681B1AB3F5167F0ED2B4F8C40087
:10A3100094F8C77040F2E24606FB0033D4E93E06EB
:10A32000C01946F10006C4E93E06234883421AD804
:10A33000002084F8C200A0F1EE30A3FB00035B080C
:10A34000A4F8C0300123204609F00FF9D4F8E43511
:10A35000C4F8C431B4F8EA35A4F8B801A4F8C0319F
:10A36000284603B0F0BD012084F8C2001348A3FBC7
:10A370000060032606FB03039B0AE1E7B4F8EA65E5
:10A38000B4F8E035B34206D92046CDE9002104F007
:10A390003DFADDE900210123204608F0F9FFD4F859
:10A3A000E435A4F8DC013344C4F8E831B4F8EA3504
:10A3B0009B1BA4F8E431D3E7C37F07009E36D06926
:10A3C00073B5046A0129D4F8D8680D4600D1FEB1EE
:10A3D000204B1B689B8A1E4494F8DC3884F819389B
:10A3E00004F23B31BDB92046A4F8DA54019104F0DF
:10A3F000E1F901992A46204608F094FFD4F8D434B4
:10A40000C4F89838B4F8DA34A4F88C08A4F894386E
:10A41000304602B070BDB4F8DA54B4F8D034AB4270
:10A4200004D92046019104F0C5F90199002304F5EF
:10A430009A62204608F0ACFFD4F8D434A4F89C0803
:10A440002B44C4F8A838B4F8DA345B1BA4F8A43859
:10A45000DEE700BF883001202DE9F0431C4CD0F826
:10A46000289087B0054620460F4608F043FA94F836
:10A470000080B8F1030F29D123790C2B26D1154E7A
:10A48000B91C304608F050FAD6E90001CDE90001C8
:10A49000D6E9020123788DF81030CDE90201A378C6
:10A4A000A96A8DF81230E3788DF81330002209F193
:10A4B000A8034831684605928DF81180FAF7FCFB35
:10A4C000003818BF012007B0BDE8F0830020FAE78C
:10A4D000800B0120880B012030B4046A94F84330CB
:10A4E000A3B1806A90F8BB1090F8BA508D42D0E9C1
:10A4F0002C2305D1D0E92A50984208BF954201D0BB
:10A5000041F00201607830BC10F0C8BE30BC70472A
:10A5100030B4046A94F84330A3B1806A90F8931081
:10A5200090F892508D42D0E9222305D1D0E92050F5
:10A53000984208BF954201D041F00201607830BCDA
:10A5400010F0ACBE30BC7047F0B5464D046A97B011
:10A55000074628460E4608F0CDF931180AA808F03B
:10A56000F2F92B78052B02D0002017B0F0BD3E4B3E
:10A570005B68002BF8D02B79222BF5D10AA808F0C4
:10A580003AFA0028F0D0DDE90A01CDE90401DDE95D
:10A590000C012B788DF820300323CDE906018DF8CE
:10A5A0002130B96AAB788DF82230EB788DF8233002
:10A5B000002204F50C63483104A80992FAF77CFBE9
:10A5C0000028D2D004F50867D7E9102304F24530FB
:10A5D0001FF0EAFE94F8D23884F8E33806F1080058
:10A5E000ED781FF0DBFE94F839309B07CDE90201CE
:10A5F00032D50B0A03F0C003402B0AD11B4BC3E931
:10A600001C0102AB94F8D3080093D7E91223FAF7A0
:10A6100009FEDDE9022304F23F301FF0C5FE84F895
:10A62000E25804F50E6104F23B3008F0D7F801253A
:10A6300040F2011394F8B91894F8250884F8F056FC
:10A64000A4F8F8362422D4F8BC6810F0C0FE3044D8
:10A65000C4F8F406284688E7044B00200021C3E92B
:10A660001C01D6E7800B0120DC0B01209831012072
:10A6700038B5836A056A93F89020032A03D0052A27
:10A680000BD0002038BD93F89420002AF9D093F81D
:10A690009110BDE83840FFF731BC0B4C204608F064
:10A6A00029F92378052BECD1084B5B68002BE8D007
:10A6B0002379222BE5D1012385F8F836002385F88C
:10A6C000F03611F0D7FEDCE7800B0120DC0B012017
:10A6D00010B4846A026A94F89030032B04D0052BDE
:10A6E0000AD05DF8044B704794F89430002BF8D0F2
:10A6F0005DF8044BFFF70CBF92F8903213F0200383
:10A7000004D0064B5B78003B18BF012382F8F93672
:10A71000E36F03F5B073C2F8F436E2E7800B012073
:10A720002DE9F8430446002500F15006682700F59E
:10A730000C7807FB05F316F80390B9F1010F21D14E
:10A7400015BBB4F86020B4F828319A4218D1D4E986
:10A7500016234046C4E98C2310F0FCFC49462046F1
:10A7600009F078FBD4E98C03D4E99A12934208BF2C
:10A770008842C4E9200303D02946204609F06AFB39
:10A780000125D6E7002DFBD0BDE8F8832DE9F04385
:10A79000046A866AD4F8F83694F8DD2813F0FF1FAF
:10A7A00085B005460ED102BB94F88012E9B194F849
:10A7B00081320133DBB2994284F8813215D84323C8
:10A7C00084F88232012384F8FA36002A7BD094F888
:10A7D000FB365A1C84F8FB26002B74D104F5FD606F
:10A7E00005B0BDE8F04312F047BAF37B13B9A24BB2
:10A7F00093F87930B373228C12F010026AD104F509
:10A800002471204608F088FC86F8780094F8CE334E
:10A810000BB394F8DD38F3B984F8CE3394F8CF2332
:10A82000D4F8C40304F2D23136F028F894F8CF33C8
:10A83000A4F8C033B4F8D033A4F8403094F8CD3441
:10A8400084F8CC33D4F884322BB1204604F0BEF81F
:10A85000012384F8DD3894F82A61012E0FD194F891
:10A86000213163B1D4F884324BB194F8DD3833B977
:10A8700084F82A31204604F0A9F884F8DD68D4F879
:10A88000DC3823F07F4323F0FF03B3F5803F06D18C
:10A89000B4F8D033A4F84030002384F8DE38002127
:10A8A000284610F01BFE238C03F01D031D2B40F0E7
:10A8B000B480D5F80880E76AE36A002B40F0908006
:10A8C0003C2384F882320421204605B0BDE8F043E1
:10A8D00004F092BD684FE27897F86A30002A6CD095
:10A8E000012B6AD1D4E90289C4E904890023E37009
:10A8F00004F292274B46424638461FF055FDD4F8E5
:10A900009232C4F8D432B4F89632A4F8D832C6E9F8
:10A910001489238C590717D5F36C03F04403442B97
:10A9200012D102AB94F83A000093D4E90C23FAF761
:10A930005BFC48B1DDE9022304F526701FF034FD0D
:10A94000DDE90223C4E9062394F8CE33DBB100230A
:10A95000316E84F8CE330A78452302F00F02D340DB
:10A96000DA0710D594F8CF33083386F8783094F8A6
:10A97000CF3306334B70306E94F8CF2304F57471E7
:10A98000083035F07BFF94F8DE34002B87D00023AD
:10A9900084F8DE3494F8DF34B26E083386F8793008
:10A9A00094F8DF3406335370B06E94F8DF2404F566
:10A9B0009C61083035F062FF71E79807A9D502ABBA
:10A9C00094F83A000093D4E90C23FAF71CFC002811
:10A9D0009FD0DDE90289C4E90489C7E91C8987E7BA
:10A9E000D4E90912284612F0CBF8064618B9AB682C
:10A9F000A26A1344AB60A868414611F08DFDA26ABB
:10AA00000244BA42034634BF3B1A0023E362002EDD
:10AA10003FF452AF05B0BDE8F083184BEE685B69B8
:10AA2000DB0307D5FFF7E8FAAB6840F2712202FBBF
:10AA30000030A86094F8DD3813B1D4F8F4371E4420
:10AA400094F8DF38676A6BB1002684F8DF6811F08C
:10AA50003DFD4008421C3146284605B0BDE8F043A4
:10AA600012F00EB811F032FD71004008B94200F149
:10AA7000010238BF3946EFE798310120C03001208C
:10AA8000036A012283F8DF28FFF780BEF8B5046A65
:10AA9000866AD4F8F83613F0FF1F05460DD194F8F6
:10AAA000802212B394F881320133DBB29A4284F8E7
:10AAB00081321AD8432384F88232012384F8FA368B
:10AAC000002384F8DD3894F8FB365A1C84F8FB2602
:10AAD0002BB904F2FC60BDE8F84012F0CDB8204676
:10AAE0000421BDE8F84004F087BCF37B13B9384B70
:10AAF00093F87930B37394F8CE3323B3002794F8E6
:10AB0000CF23D4F8C40384F8CE7304F2D23135F0E5
:10AB1000B5FE94F8CF33A4F8C033B4F8D033A4F81A
:10AB2000403094F8CD3484F8CC333A4604F524719F
:10AB3000204608F0F1FAD4F8843284F8A00713B95B
:10AB400084F8DD38F8BD94F8DE34B3B1002384F81E
:10AB5000DE3494F8DF24D4F8D40404F2E24135F072
:10AB60008DFE94F8DF34A4F8D034B4F8E034A4F8BF
:10AB7000403094F8DD3584F8DC3494F8DE3894F80D
:10AB80003A00012B01BFB4F8D033A4F840300023C1
:10AB900084F8DE38D4E90C23FAF7C8FC90B100231E
:10ABA000A4F8CA3304F5707204F2F921204608F0C3
:10ABB0004FFBD4F8C433F366B4F8C033A6F8600092
:10ABC000A6F8683029462046BDE8F84003F084BE68
:10ABD0009831012070B5046A826A94F81E320546E5
:10ABE0002BB120460321BDE8704004F05DBED37B4D
:10ABF00013B9194B93F87930937394F8EE3573B118
:10AC0000002384F8EE3594F8EF25D4F8E40504F237
:10AC1000F25135F033FE94F8EF35A4F8E03504F541
:10AC20000C76AB68D4F820221344AB60B4F828311A
:10AC30000133A4F828312046FFF772FDB4F828113B
:10AC4000304603F00FFE002184F81D02284611F063
:10AC50006BFE0028E5D070BD98310120FFF7BABF28
:10AC600070B590F861110446B9B92A4B1B680BB94D
:10AC7000002070BD1B69002BFAD0274A1068274AB4
:10AC8000201A0011504380B298470028F0D1B4F840
:10AC90002802BDE8704005F01FBF90F85D2190F8D4
:10ACA0006331534013F00103E2D190F86551B0F8DD
:10ACB0002802061DB54203DD013284F85D21D7E785
:10ACC00035B301390229F7D8154D6B78002BCFD059
:10ACD00005F002FF0028CBD06B78013B6B7094F835
:10ACE0005D31013384F85D310E4B1B68002BC0D001
:10ACF00094F86430002BBCD094F86730002BB8D1A6
:10AD0000D4E97632013342F10002C4E97632B0E789
:10AD10002846E4E76C21012068210120CF467D67A9
:10AD2000403101205C210120002310B580F8603102
:10AD3000044605F053FE78B1084B1B6863B194F8E4
:10AD400064304BB194F8673033B9D4E974320133CD
:10AD500042F10002C4E9743210BD00BF5C21012041
:10AD600010B590F85E1190F862214A4012F001048B
:10AD700007D090F86021013180F85E111AB1FFF719
:10AD8000D3FF204610BD80F88221FAE705F04EBEC1
:10AD900070B504468AB00E4639B990F8643123B9CB
:10ADA00090F85F3152EA03004BD0FF2384F85C3106
:10ADB0000DF1070204A9204605F0BCFD94F882318C
:10ADC0000546002B63D1002861D09DF80730002B89
:10ADD00039D1636813F0020303D0A3785A1E53429B
:10ADE0005341DBB2059984F85F318DF807304B7819
:10ADF00084F860310B7803F0030384F85C3123BBE3
:10AE0000424B1B680BB39B68FBB1414A1068414A37
:10AE1000201A0011504380B298473F4B196849B13E
:10AE200094F8643033B194F8673004F14C0033B3D4
:10AE3000012B28D004A82946F9F790F9059B5878EA
:10AE400002300AB070BD0123CBE70B7803F0E303B7
:10AE50000B7094F85D21920002F0040213430B7012
:10AE600094F85E21D20002F0080213430B7094F8AC
:10AE70005F21120102F0100213430B70CDE7D4E9F9
:10AE800074238847D6E7B4F816210023F9E72EB3D8
:10AE9000003D18BF0125002384F85F51012584F887
:10AEA000603104F5AE711D4884F85C5108F087FBF1
:10AEB0001B4A92E8030002AB83E8030018462946C8
:10AEC000F9F74CF994F88231BDF8080084F8825102
:10AED000B3FA83F35B0984F88331B2E794F8613104
:10AEE000002BD5D1094B1B68002BD1D0DB68002B80
:10AEF000CED0074A1068074A201A0011504380B28A
:10AF000098470028C4D130469BE700BF6C21012040
:10AF100068210120CF467D675C210120980B01202C
:10AF2000DC450700F8B504460D461F46164692B1AB
:10AF30001A4B19681A4B411A091159438AB2B0F8D1
:10AF40001611284605F0D4FD35462FB92846BDE830
:10AF5000F84005F0C9BDEBB1124B196849B194F83E
:10AF6000653033B194F8673004F14C0053B1012BD4
:10AF70000CD0B4F828120631284689B2BDE8F84052
:10AF8000F9F722B9D4E976238847F2E7B4F8162115
:10AF90000023F9E70029D9D1F8BD00BF68210120BD
:10AFA000CF467D67582101202DE9F3414368019187
:10AFB0005B070646144626D426F046FA804611F072
:10AFC0008BFAB6F81851019940F2E2435D433369B8
:10AFD00007465BB1986811F09FFAA842019905D81D
:10AFE0003369986811F098FA01990546404611F0C6
:10AFF00093FA96343C440444AC4294BF00200120B0
:10B0000002B0BDE8F0810020FAE74378032B11D1AC
:10B0100090F858322BB190F85902003818BF01202F
:10B02000704790F850323BB1D0F87001B0FA80F020
:10B0300040097047002070470120704770B5046ACE
:10B040002046FFF7E2FF18B1BDE8704011F012BAD8
:10B05000214B1B684BB19B693BB1204A1068204AC9
:10B06000201A0011504380B2984700211D4BA4F8CC
:10B070006411012284F86121204619705970FFF78C
:10B0800087FE11F001FA064620BBB4F8280205F04D
:10B0900023FD05460028D7D0134B196849B194F811
:10B0A000653033B194F8673004F14C0053B1012B93
:10B0B0000CD0B4F828120631284689B2BDE8704099
:10B0C000F9F782B8D4E976238847F2E7B4F8162175
:10B0D0003346F9E770BD00BF6C21012068210120D3
:10B0E000CF467D679C0B012058210120036A93F80D
:10B0F00082212AB193F8832112B1002283F88221A0
:10B10000704700002DE9F04F046AA14A94F89811A5
:10B11000866A537885B0054600293ED112781343DC
:10B120000DD0237AB4F886113E2B04BF0823237276
:10B1300004F5C4701FF0BAF8012384F8983196F82A
:10B14000703084F81A3194F8D232012B0AD194F875
:10B150001B313BB994F8D1228E4B53F822300BB1FE
:10B1600020469847D4F8E0323BB18B4A10688B4AAE
:10B17000201A0011504380B298472046FFF745FF40
:10B18000804698B120464B2104F0A0FF04F5C4701E
:10B1900005B0BDE8F04F1FF08CB8002BCFD0B4F84D
:10B1A000861104F5C4701FF081F8C8E794F8F830F0
:10B1B00053B30C2005F0ACFB074628B3B4F81621B6
:10B1C000B4F8143184F8F88013440733A4F88232B9
:10B1D000714B724A1B68E31A1B115343D9B2AA6818
:10B1E000404610F063FE6E4BA0FB0332DB0F43EAD8
:10B1F000420304F51E71A4F87A32384608F0F9F9D2
:10B200003946204605F062FB94F8433263B10023CF
:10B2100084F8433294F84432002B40F09980614B1B
:10B220001B680BB120469847AB680293F37B0BB9C0
:10B2300096F87130B373337B032B0AD1F3685A4904
:10B2400003F0FF138B420CBF2246621E92F85B3163
:10B25000B370DFF868B1DFF844910027B4F8163115
:10B26000B4F8188102980137BFB2013308FB07F127
:10B2700040F2E2429BB202FB0101A4F81631A96040
:10B2800094F85EA2BAF1090F64D1B4F8821299421F
:10B290004CD1B4F87C12A4F81811B4F87E12B4F8AA
:10B2A0001431A4F81411B4F88012B4F886A10393F1
:10B2B00001EB81014900A4F8861137490868201A7A
:10B2C000001109FB00F0C0B210F0E0FDB4F87A0202
:10B2D000616940F2E24202FB00116161B4F81811A9
:10B2E0004A4318F0030118BF0121E26108EB9802FC
:10B2F0000A44B4F8861104F5C47011441EF0D6FF58
:10B30000B4F81821039B424507D1B4F814219A429E
:10B3100003D1B4F88631534505D0D4F8603243F4F4
:10B320000073C4F86032012384F8573294F84D2139
:10B330001E4B002153F82230204698471C4970705C
:10B34000284611F0F1FA002888D005B0BDE8F08F4A
:10B35000184B65E7BAF1010F32D1B4F8A8229A422E
:10B36000E4D1D4E9A8232046C4E9482304F08EFDA3
:10B37000114B84F857A21B68002BD7D0064A1068DF
:10B38000201A001109FB00F080B29847CEE700BFF9
:10B390009C0B01203421012068210120CF467D67CC
:10B3A000E3361A004C21012003000100E0200120B7
:10B3B0000B0304004821012098300120883001202F
:10B3C000BAF10D0FB2D1B4F8B4229A42AED194F8CA
:10B3D0004430022B03D0032B14BF0123042394F821
:10B3E0004580B8F1020F06D0B8F1030F14BF4FF03B
:10B3F00001084FF0040894F8B212A9B3994233D06F
:10B4000002294FF001035DD0042952D084F8443062
:10B410001946CB1A23440A4693F95801D4F86032EE
:10B4200084F83A0043F400537E28C4F860321BD1FC
:10B43000DBF80030224493F9203084F83A3082F867
:10B440005731D4F81C22032908BF84F85B31520716
:10B450000AD51E4AD2F800A0BAF1000F04D001228A
:10B46000009220460022D04794F8B3327BB1434586
:10B470000DD0022B03D0042B14BF0123032384F827
:10B480004530D4F8603243F40053C4F860320123ED
:10B4900084F8573204F50C71204605F034F904F5B0
:10B4A0000A71A4F83A02204605F02DF9A4F83802F2
:10B4B0003CE794F846300321013B84F8441018BF60
:10B4C0000123A6E784F84410A3E700BF542101201C
:10B4D000036A93F882212AB193F8832112B10022E2
:10B4E00083F882215B780BB1FFF70CBE704719B966
:10B4F000036A012283F85922704700002DE9F047C2
:10B50000046A94F8573284F81B2181460E46174688
:10B5100033B1002384F857323921204604F0D6FD98
:10B52000022F04D13046BDE8F04705F0DDBA2046D1
:10B53000FFF76BFD054600283BD1042F09D8DFE853
:10B5400007F0033808383100294B01225A700022D5
:10B550001A70314604F2611008F07BF82046FFF7BC
:10B560007FFB80462046FFF7FBFBB4F83A22D9F870
:10B57000081082462046FFF717FDE8B110F07AFF69
:10B580002046FFF703FC94F86131032B04BF00232E
:10B5900084F8593242462B4631462046BDE8F047F2
:10B5A000FFF7C0BC124A13780133DBB2012B1370D2
:10B5B00018D910F05FFFB5E7BAF1000F15D1636835
:10B5C00083F00802C2F3C00282F00102394620462D
:10B5D000FFF7DEFB0028D1D010F056FFB0FA80F55F
:10B5E0006D09CDE74FF00008E9E70122ECE700BF65
:10B5F0009C0B0120B0F816212DE9F8430132B0F878
:10B60000FA50B0F81891B0F81481B0F8867192B27F
:10B61000531B04469BB240F2E24009FB03F3434351
:10B62000D4F80001A4F8FA201844C4F80001B4F8D2
:10B630008202A84218BFC4F80431B4F87C32A4F8DE
:10B640001831B4F87E32A4F81431B4F8803203EB28
:10B6500083035B00A4F8863111BBB4F87A6294F8D6
:10B660007852B4F8F81040F2E2435D435E4370193B
:10B6700001F0E8F8D4F80031C4F8FC503344C4F8C1
:10B68000003163691E44A3692B440344A361D4F8C9
:10B6900098301D44361A05EB40006661C4F89800E6
:10B6A00019F0030218BF0122B4F8861109EB9903BF
:10B6B0001344194404F5C4701EF0F8FDB4F81831B1
:10B6C0004B4507D1B4F81431434503D1B4F8863162
:10B6D000BB4205D0D4F8603243F40073C4F8603242
:10B6E000012384F85732002384F80831BDE8F88339
:10B6F0004378032B11D190F858322BB190F85902AE
:10B70000003818BF0120704790F850323BB1D0F894
:10B710007001B0FA80F040097047002070470120A6
:10B720007047000070B5046A2046FFF7E1FF18B1CA
:10B73000BDE8704010F09EBE1C4B1B684BB19B696E
:10B740003BB11B4A10681B4A201A0011504380B2BB
:10B7500098470026B4F82802A4F80A6184F80C611E
:10B76000C4F8106105F0B8F905460028E0D0124B86
:10B77000196849B194F8653033B194F8673004F131
:10B780004C0053B1012B0CD0B4F8281206312846D6
:10B7900089B2BDE87040F8F717BDD4E97623884731
:10B7A000F2E7B4F816213346F9E700BF6C21012017
:10B7B00068210120CF467D67582101207047000095
:10B7C0002DE9F04F046AD0F8288094F8093185B04B
:10B7D000064693B325F038FE01460390B068B4F8EE
:10B7E000185110F099FE039920B340F2E243B0687B
:10B7F0005D4310F091FE854203991BD2B06810F0B2
:10B800008BFE29460FF0EBFBB4F816311B1AA4F897
:10B81000163194F84D316BB994F81D1194F81C3120
:10B8200000FB01F2934210FB01F0C0B25DD31B1A82
:10B8300084F81C31002384F8093198F8783084F8B2
:10B840001A3194F8D232012B0AD194F81B313BB94A
:10B8500094F8D122AE4B53F822300BB120469847D2
:10B8600094F80B317BB1D4F81031C4F80031B4F83E
:10B8700016310133A4F8FA30002384F89931C4F862
:10B88000FC30C4F8043194F8982194F80C31002A63
:10B890003FD113B994F80A316BB1237AB4F8861109
:10B8A0003E2B04BF0823237204F5C4701EF0FEFC77
:10B8B000012384F89831D4F8E0323BB1954A1068FE
:10B8C000954A201A0011504380B298472046FFF74E
:10B8D0000FFF38B320464B2104F0F8FB04F5C47089
:10B8E00005B0BDE8F04F1EF0E4BCD21A252A82BF95
:10B8F0004DF668514A43520D03F12503A3EB0003B3
:10B9000088BF02EBC201DBB284BF02EB81029B184D
:10B910008EE7002BCFD0B4F8861104F5C4701EF06A
:10B92000C5FCC8E77D4B1B684BB1DB693BB1794A6D
:10B930001068794A201A0011504380B2984794F851
:10B940005C32012B08D194F85B222AB984F85B326F
:10B950002C21204604F0BAFB94F8433263B1002353
:10B9600084F8433294F84432002B40F0CF806C4B83
:10B970001B680BB12046984794F85E32092B0DD115
:10B98000204609F03DFC48B1B4F81621B4F88232E3
:10B990009A4203D101212046FFF72CFEB4F816513C
:10B9A000B4F8FA300135ED1A94F80931ADB25BBB49
:10B9B0006368190328D5B4F814312BB394F808310F
:10B9C00013B394F80C31FBB104F5B8701EF0FCFB16
:10B9D000D0B16378032B17D094F85E32FF2B40F080
:10B9E000A980B4F8141179B1B4F8163194F84D2146
:10B9F0000B44A4F816314B4B0D44013953F8223057
:10BA000089B22046ADB29847DFF82491B4F81631D8
:10BA1000D4F80401B4F8F8100133A4F81631013554
:10BA2000B4F81831ADB26B4340F2E24B0BFB0300AC
:10BA300000F008FFB4F81871824610F04DFD6F4316
:10BA40000BFB07F795284FEA570B40F2A68010F042
:10BA500043FDABEB000BD3457FF63CAFD4F80021A0
:10BA6000D4F8FC101744B4F83A220A44A7EB0A07AA
:10BA7000524401EB4A01B760F260C8F8601094F8D4
:10BA80005E72092F40F01381B4F81621B4F88232A7
:10BA9000511C994202D1022184F899119A4203D192
:10BAA00000212046FFF7A6FD94F84D211D4B0021F3
:10BAB00053F822302046984788F8010094F89931CD
:10BAC000022B1AD0B4F81621B4F8FA300132D21A87
:10BAD000B4F886314FF47A714B43B4F81811D2B2EE
:10BAE00040F2E2404143B3FBF1F3511CDBB2994217
:10BAF00040F0D880012384F899310B49304610F08A
:10BB000013FF002882D005B0BDE8F08F074B2FE768
:10BB10003421012068210120CF467D676C2101205E
:10BB20004C210120E02001200B03040048210120CA
:10BB300088300120092B15D1204609F061FB88B11E
:10BB4000B4F88222B4F81631D21AB4F8141193B2B0
:10BB5000481C83423FF747AF012A7FF755AF023BAE
:10BB600099B240E794F85E32B4F81611012B07D170
:10BB700094F85532012B03D1B4F8A822521AE4E705
:10BB8000D4F85C325A4A23F07F4323F0FF039342F8
:10BB90007FF43AAFB4F8B422F0E7962059E70D2FBE
:10BBA00082D1B4F81621B4F8B4329A427FF47CAF53
:10BBB00094F84430022B03D0032B14BF0123042339
:10BBC00094F84570022F03D0032F14BF01270427D8
:10BBD00094F8B312A9B3994233D002294FF001036C
:10BBE0005DD0042952D084F844301946CB1A23443E
:10BBF0000A4693F95801D4F8603284F83A0043F4C5
:10BC000000537E28C4F860321BD1D9F8003022449A
:10BC100093F9203084F83A3082F85731D4F81C2256
:10BC2000032908BF84F85B3152070AD5314AD2F89C
:10BC300000B0BBF1000F04D0012200922046002288
:10BC4000D84794F8B2327BB1BB420DD0022B03D05F
:10BC5000042B14BF0123032384F84530D4F8603249
:10BC600043F40053C4F86032012384F8573204F5DA
:10BC70000C71204604F047FD04F50A71A4F83A025D
:10BC8000204604F040FDA4F838020DE794F8463051
:10BC90000321013B84F8441018BF0123A6E784F870
:10BCA0004410A3E79A42FFF428AF022323E7012FB1
:10BCB0007FF475AFB4F81621B4F8A8329A427FF435
:10BCC000F3AED4E9A8232046C4E9482304F0DEF803
:10BCD000094B84F857721B68002B3FF4E5AE074A06
:10BCE0001068074A201A0011504380B29847DBE6DB
:10BCF00000010D005421012098300120682101200D
:10BD0000CF467D67036A0022A3F80A2183F80C213D
:10BD1000C3F81021FFF754BD19B9036A012283F853
:10BD2000592270472DE9F047046A94F8573284F895
:10BD30001B210F46164633B1002384F857323921B0
:10BD4000204604F0C3F9022E04D13846BDE8F0477E
:10BD500004F0CABE2046FFF7CBFC054618B906F032
:10BD6000FD03012B02D110F085FBEEE794F80B31B7
:10BD700063B926B1636898022FD4042E0CD1D4F88D
:10BD8000AC30C4F81031012384F80B312EBB0123F1
:10BD900084F80C3184F80A61394604F2611007F026
:10BDA00058FC94F85B324BB994F86131032B05D001
:10BDB0006368990544BF012384F85C322046FEF78E
:10BDC0004FFF80462046FEF7CBFF94F8083183B939
:10BDD00078B1012384F808310BE0042EDCD194F80B
:10BDE0000A310133DBB2012B84F80A31BBD84FF0A2
:10BDF0000008012231462046FEF7CAFF814698B965
:10BE000010F038FB2046FEF7C1FF94F86131032B98
:10BE100004BF002384F8593242462B463946204657
:10BE2000BDE8F047FFF77EB894F85B3263B994F849
:10BE30005C22012A08D16268920505D594F85C213C
:10BE4000032A08BF84F85C3210F01EFB0028D9D109
:10BE5000042E05D094F8643113B994F85F3183B19E
:10BE6000494694F84400D4F8AC500FF09DFAB4F869
:10BE70003A22294602442046FFF796F8B0FA80F3AA
:10BE80005B09DDB2BEE700002DE9F84F174E96F8CA
:10BE9000983005461BB3164AB6F880301468DFF8B0
:10BEA00054B04FF43C7202FB034404F10C0AD4F882
:10BEB0001480002740F2E2495946504610F034FD04
:10BEC000013760B9B4F81631B4F818210133A4F879
:10BED0001631BBB2534309FB03836361ECE72E6267
:10BEE0002846BDE8F84FFCF75DBB00BF802101206C
:10BEF000682101200B0304002DE9F04F846A94F8B7
:10BF0000A40087B00F46002874D0606E002871D05E
:10BF10004C4DD4F88830DFF83C8103930830D4E9E5
:10BF20002423D8F800A0B5F880B094F8A1901EF0B2
:10BF30003BFA94F8A23085F88B3195F841309A0796
:10BF400076D594F8A030012B57D1384610F8086BFD
:10BF50001EF024FA0B0A03F0C003402BCDE90401C4
:10BF60004FEAD6165FD104ABC5E91E0194F8A300D1
:10BF70000093D4E92623F9F755F9606EDDE904232F
:10BF800002301EF011FA85F88A612F49606E06F0C2
:10BF900025FC4FF43C76039BD8F8001006FB0BA65B
:10BFA00003EBC909711A294B09115943B6F8183125
:10BFB00009F5E56940F2E2404A46C9B258430FF03C
:10BFC00075FF234BA0FB0332DB0F43EA4203626E93
:10BFD0009375626E4844C3F30721D175A5F870309C
:10BFE000706195F88901012827D13B789B0624D5FB
:10BFF00085F8850007B0BDE8F08FD4E91423CDE9BA
:10C00000042304ABE66C94F8A3000093D4E9262340
:10C01000F9F7F9F828B1DDE904230126C5E91E2363
:10C02000ABE7C6F3400600220023C5E91E23A4E7C0
:10C0300000220023C5E91E23A7E7002385F88530E9
:10C040000120D7E78021012008230120CF467D670A
:10C05000E3361A006821012008B5044B012283F859
:10C06000982010F007FA002008BD00BF80210120B1
:10C070002DE9F0410446D0F8345200F5037710F072
:10C080002BFA636E628BC4F81432238B00F2CC401F
:10C090009342C4F8180213D0D5F88C1040F27123E3
:10C0A0005A43084490420BD2384610F0E9FC38B1AC
:10C0B000616ED4F8140210F02FFAC5F88C0012E06B
:10C0C000002395F881106878C5F88C3000F078FD71
:10C0D0006870268B628B964207D1384610F0D6FBEB
:10C0E000D4F814326366BDE8F08140F271235E43F8
:10C0F00003FB0268D4F81432334463664246314687
:10C10000384610F0BDFC0028D2D1636EC4F814325A
:10C11000F0E7006A036890F8082223F07F4323F0D9
:10C12000FF036BB190F809320133DBB280F80932BA
:10C1300012B1012B01D870472BB1032105F05EBE6F
:10C140000AB9FFF795BF7047006A036823F07F4381
:10C1500023F0FF0313B1032105F050BE80F808322D
:10C16000FFF786BF2DE9F047036A5A78064622B3E7
:10C1700093F808520DBB134AB3F860301468DFF827
:10C1800048A04FF43C7202FB034404F10C096769B8
:10C1900040F2E2485146484610F0C6FB013560B90E
:10C1A000B4F81631B4F818210133A4F81631ABB243
:10C1B000534308FB03736361ECE73046BDE8F04787
:10C1C000FFF7A7BF682101200B0304002DE9F0470A
:10C1D000036A5A78054612B3134AB3F860301468FC
:10C1E000DFF848A04FF43C7202FB034404F10C0951
:10C1F0006769002640F2E2485146484610F094FB39
:10C20000013660B9B4F81631B4F818210133A4F836
:10C210001631B3B2534308FB03736361ECE728465E
:10C22000BDE8F047FFF790BF682101200B03040031
:10C2300008B5036A01225A7010F01CF9002008BDED
:10C240002DE9F04F846ADFF8749194F8A120056A13
:10C25000D9F80030607BB5F860B0D4F8886087B05A
:10C260008846023294F8831003930FF0B0F88246A8
:10C2700094F8A400002877D0606E002874D0D4E928
:10C28000242308301EF090F894F8A23085F8DB31B2
:10C2900095F86B309B0740F1858094F8A030012B16
:10C2A00065D1404610F8087B1EF078F8CDE904010E
:10C2B000C5E91601090A01F0C00140294FEAD71764
:10C2C00007D104AB94F8A3000093D4E92623F8F730
:10C2D000A9FF606EDDE9042302301EF065F885F8E1
:10C2E000DA71039B4FF43C7707FB0B37304B1B6A2B
:10C2F000C3F3803385F8D93105F5EC71606E06F033
:10C300006DFAD9F800102B4B791A0911594306F52B
:10C31000DB66B5F86230564440F2E2403246C9B2BC
:10C3200058430FF0C3FD244BA0FB0332DB0F43EA5D
:10C330004203626E9375626EC3F307210644D175A2
:10C34000A5F850307E6195F8D931012B0ABF98F8D5
:10C3500000300023C3F3401385F86930237B85F850
:10C360006C30012085F8680007B0BDE8F08FD4E993
:10C370001423CDE9042304ABE76C94F8A3000093E5
:10C38000D4E92623F8F73FFF28B1DDE9042301278C
:10C39000C5E916239DE700220023C5E91623C7F34C
:10C3A000400796E700220023C5E9162399E700BF5E
:10C3B000C0300120CF467D67E3361A006821012096
:10C3C00037B5044668460D4606F094FA9DF80030ED
:10C3D000072B05D029462046FFF732FF03B030BDBA
:10C3E0000020FBE7F0B587B0846A056A064602A81C
:10C3F0000F4606F07FFA9DF80830072B36D1002350
:10C4000085F8AA31BA1C0DF1070105F5D47006F0C4
:10C4100063F89DF80730DB0628D5D5F8CC1104A8C1
:10C4200006F0B0F89DF81630012B1AD0022B1FD061
:10C430000023F36094F8A12094F88310607BD4F873
:10C44000886002320EF0C3FFD4F88820331804A9A4
:10C45000284601F069F895F808323BB110F00AF867
:10C4600004E0064B1B6A13F4807FE1D107B0F0BDF6
:10C47000024B1B6A13F4006FF7E700BFC0300120C6
:10C480002DE9F0478EB0046A856A064604A80F4677
:10C4900006F030FA0DF10F013A1804F5D47006F0E9
:10C4A0001BF894F8A931D90704D4002738460EB0F8
:10C4B000BDE8F0879DF80F7017F00107F5D09DF8E3
:10C4C00010308DF8303094F8AA318DF83130D4E93D
:10C4D0006C23CDE90823D4E96E23B16ACDE90A23A0
:10C4E000BDF81230ADF83230002205F18803483132
:10C4F00008A8F8F7E1FB0028D7D095F89C30002B6E
:10C50000D3D02B6E002BD0D0DFF848A1B4F8602038
:10C51000DAF80030687BD5F884904FF43C7101FB69
:10C5200002389DF8142095F87E1002320EF04FFF6D
:10C53000E97B064609F19609287B09B995F87E1032
:10C5400024220EF044FF4E440644286ED5E92223EF
:10C5500008301DF029FF95F89A3084F8DB3194F803
:10C560006B309A076DD59DF80F309B074DD5D4E9F8
:10C570006E131A0A02F0C002402ACDE906139DF894
:10C58000139009D1C4E9161306AB95F89B000093EC
:10C59000D5E92423F8F746FE286EDDE906230230AC
:10C5A0001DF002FF84F8DA9104F5EC7104F17800D3
:10C5B00006F014F96B7BDAF80010B8F81801032BB9
:10C5C00008BF032240F2E24318BF022203FB0266C7
:10C5D000A8EB01011D4A0911514358433246C9B223
:10C5E0000FF064FC1A4BA0FB0332DB0F43EA42035B
:10C5F0000644A4F88E30C8F814602B7B84F86C30A5
:10C600004FF48073A4F8683050E7D5E91423CDE9DE
:10C61000062306ABD5F84C9095F89B000093D5E91E
:10C620002423F8F7F0FD28B1DDE90623B946C4E973
:10C630001623B1E700220023C4E91623C9F34009F9
:10C64000AAE700220023C4E91623ADE7CF467D67A1
:10C65000E3361A0068210120F0B505468BB00E467E
:10C6600059B3046A876A02A806F044F90DF107017C
:10C67000321804F5D47005F02FFF9DF808308DF8BE
:10C68000203094F8AA318DF82130D4E96C23CDE91B
:10C690000423D4E96E23A96ACDE90623BDF80A3044
:10C6A000ADF82230012207F18803483104A8F8F7D9
:10C6B00003FB012363700FF0DDFE00200BB0F0BD23
:10C6C0002F4B18692DE97043D3E902465D682D4B65
:10C6D00068B94FF000084FF00009C3E90E8924B192
:10C6E0009A6BF5B942F030029A63BDE87083002C72
:10C6F0003CD00FF28409D9E90089C3E90E89002DE5
:10C70000EDD0D3E90E2142F0005242F08C029A6340
:10C710001D4A1268927E012A84BF41F4E071D963F8
:10C72000DDE742F0706141F07001996316490968D4
:10C730008C7E012C82BF42F0F85242F070029A6364
:10C740001EB19A6B42F440029A630028CDD0D3E91F
:10C750000E21012C42F47F1242F44062C4D941F40C
:10C760000F7141F00301C3E90E21BEE74FF003084A
:10C770004FF00009C1E700BF033300C00000000014
:10C78000DC0B0120003101208830012073B5837853
:10C790001B4A1C4E1060FF2B044622D056F8233053
:10C7A00003B19847184D2B78CBB1184B5B7AB3B9CE
:10C7B000F8F714FFF8F778FC0EF050FC144E012443
:10C7C00056F8243003B198470134122CF8D10023D5
:10C7D0002B7001A84FF4803301930EF003FC02B0DC
:10C7E00070BDC37813B9084B01221A70012556F8A1
:10C7F00025300BB1204698470135122DF7D1D1E7EE
:10C80000700C0120DC0B0120240C0120C030012021
:10C81000280C0120024B53F8203003B11847704711
:10C82000B00B012007B500238DF803008DF804003C
:10C830006846ADF800308DF802300EF0D3FB03B03F
:10C840005DF804FB0C4A0346506910F4802012D0B6
:10C85000A3FB013141F2C700A3FB003200FB012220
:10C8600046F6F9615B1842F10103044A126892F836
:10C870002100103018447047C0300120883001205A
:10C8800008B50EF067FB074A20F07C43C00E125C2F
:10C89000054843EA026323F4010323F401731843B8
:10C8A00008BD00BFE445070031080402034A1378BD
:10C8B000591C1170024A42F8230070479E0B012058
:10C8C000A00B01202DE9F8430F4BDFF84080DFF883
:10C8D0004090C3E90C01002705460E463C4699F8F6
:10C8E0000030BB4202D82046BDE8F883D8F80030BB
:10C8F000284631462CB998470446013708F1040808
:10C90000EDE79847F9E700BFC0300120A00B0120F8
:10C910009E0B0120C07807F0CDB9000070B588B03B
:10C9200005460C4601466846164605F0E3FF9DF8AD
:10C930000430063BDBB21F2B01D900203EE09DF8FE
:10C94000001005F108020629F7D801A050F821F0DF
:10C950006FC90300C5C903006DC903003BC90300CB
:10C960006FC903003BC90300C1C903000321A172C1
:10C970006260237295F827306372134902AB01227B
:10C980002846F8F7B1F80028D7D09DF81B109DF87D
:10C990001A008842DDE9042305D1DDE902509842FE
:10C9A00008BF954201D041F0020104F10C00E17290
:10C9B0001DF0FAFC9DF81D303370012008B070BDE9
:10C9C0000221D4E70023D2E7880D012038B50446C0
:10C9D000D0F828010025C4F8285108B11DF058FBF3
:10C9E000D4F83001C4F8305118B1BDE838401DF01A
:10C9F0004FBB38BDC20707D4830707D410F0040F1C
:10CA00000CBF25202720704725207047262070471F
:10CA100030B55E4C5E4D85B02822002104F19C00AB
:10CA200033F054FF04F1C803C0220021184633F04C
:10CA30004DFF584BC4F8C400C4E92D33022384F8D9
:10CA4000C830554BC4F8BC40197A40F2031208466E
:10CA5000A4F8B020FFF7CEFF95F82830DFF85CC1CE
:10CA600084F8CA304D4B84F8C900C4E933C340F29E
:10CA70000113A4F8D43094F8423084F84911D8074F
:10CA80004FF0570248BFA4F81221980744BF202353
:10CA9000C4F81431424BC4F83831424BC4F83C312D
:10CAA000414BC4F840312D20404BC4F84431A4F828
:10CAB00010211DF0E1FA94F84030C4F82801012B50
:10CAC00004D12D201DF0D8FAC4F8300194F841208B
:10CAD000D4F81431D20759BF354BD3E90C2343F0B6
:10CAE0000203C4F8143158BFC4E94623D4F8143102
:10CAF00048BFD5E9060143F00102C4F8142195F8B6
:10CB0000292048BFC4E946011AB143F05103C4F8D3
:10CB1000143194F84030012B4FF0000333D1CDE9AC
:10CB20000233032384F888310C2384F88C31D4F841
:10CB300014312048C3F3400384F88A31D4E94623F2
:10CB40006946CDE9002305F077FE0E23C4F82C4199
:10CB500084F84831002584F889510FF0BDFCE38F3B
:10CB6000A4F8985040F2712200F2CC405343C4F82C
:10CB7000A8001148C4F8AC300FF088FED4F8A430F7
:10CB8000A36305B030BDC4F82C31E3E7780C012075
:10CB9000C0300120A58503005C31012055555500AA
:10CBA0008D86030049870300118803001D88030058
:10CBB000003101207A0C0120140D0120D6BE898E8F
:10CBC00059B10130C0B2282828BF2520A0F1250383
:10CBD00041FA03F3DB07F4D570472520704770B5A1
:10CBE0008CB004460E4615460021242203A801936A
:10CBF00033F06CFE0522019B8DF80E200DF116001E
:10CC00002A468DF80F408DF810408DF815601DF004
:10CC1000CBFB03A80EF0E6F90CB070BD38B50446A6
:10CC20000D464822002133F051FE84F8405038BDB3
:10CC300010B59DF8084004F0070443EA844301F06E
:10CC4000030143EA0143C0E9002310BD10B5BDF85C
:10CC50001040C3F3080343EA04539DF80C4004F06A
:10CC60000F0443EA04439DF8084004F01F0443EA1C
:10CC7000C42301F0030143EA4123C0E9002310BDAE
:10CC80002DE9F047014690F84000A8B391F842A082
:10CC90004E6C0C4600204FF0010C0CFA00F73742A6
:10CCA0005FFA80FE3DD0D4E90057BB4208BFAA42DC
:10CCB00037D1F2453FD0072814BF441C0024012778
:10CCC000544507D007FA04FC1CEA060F16D187402A
:10CCD00026EA0706BAF1000F21D00AF1FF34E4B2C8
:10CCE000012000FA04F535434D6401EBC40581F8D9
:10CCF000424041F834206B60BDE8F08701EBC40C82
:10CD0000DCE90089072C01EBC00014BF04F1010C21
:10CD10004FF0000CC0E9008920466446D0E70724A4
:10CD2000DEE70130082804F10804B6D1012381F8B8
:10CD300041300020E0E70120DEE790F8401030B5F8
:10CD400091B190F84210456C79B10139C9B2012412
:10CD50008C4080F842102C4300EBC1014464C1E9CF
:10CD60000023002380F8413030BD0721EFE70000A9
:10CD7000F0B5044685B0C57A0C301DF00FFB0B46AC
:10CD8000A17A00910246294602A8FFF751FFDDE98A
:10CD900002670E4D32463B4605F14800FFF770FF33
:10CDA00088B93B4605F14800FFF7C7FF95F82430E6
:10CDB000012B08D14FF400332046236005B0BDE8B5
:10CDC000F0400EF00FB905B0F0BD00BF780C0120A7
:10CDD00002484FF4CC72002133F078BD780C01206A
:10CDE00008B50C4B0C4A9A600C4B0D4A9A600D4BDF
:10CDF0000D4A9A610D4ADA61FFF7EAFF0C4B1B6896
:10CE00001B79072B81BF0B4A136A43F0800313621F
:10CE100008BD00BF280C012039CE0300DC0B012027
:10CE200015C90300B00B012085CE0300C5CE030059
:10CE3000883001200031012008B5F6F7FFF9FFF72F
:10CE4000C7FFBDE808400EF06FBA000008B521F03A
:10CE50005BF9044A537A01335372BDE8084021F06C
:10CE600055B900BF5C31012008B521F04DF9044AE5
:10CE7000537A013B5372BDE8084021F047B900BF27
:10CE80005C31012030B50E4D89B00DF1020128460C
:10CE90001DF017F9044608B909B030BD0DF10302C1
:10CEA00001A9FFF73BFD28B1FF2301A88DF816303B
:10CEB000FFF75EFF20461DF0EBF8FFF7D5FFE4E734
:10CEC000A00C012030B5154D89B00DF102012846A6
:10CED0001DF0F7F8044608B909B030BD0DF10302A2
:10CEE00001A9FFF71BFD98B101238DF81630A36847
:10CEF000CDF81730A389ADF81B309DF80330002B17
:10CF000014BFFF23012301A88DF81630FFF730FF6F
:10CF100020461DF0BDF8FFF7A7FFD6E7A80C0120BB
:10CF2000034B93F82400003818BF0120704700BF5E
:10CF3000780C01204FF430730438064A5843131814
:10CF4000105C30B193F85820092A01D1186B704752
:10CF50000020704788160120034B53F820301878C2
:10CF6000003818BF01207047D4620020024B1878A7
:10CF7000431E584258417047C81E012030B58B6A85
:10CF80001B78092B25D10A6AD2F81C31D2F8682205
:10CF90004FF47A756A43B2EB430F1AD3046AD4F89C
:10CFA0001C21D4F868426C43B4EB420F13D30B4CF2
:10CFB000A3FB0435A2FB0424DB0FD20F43EA450395
:10CFC00042EA4402B2EB930F03D3B3EB920F38BFA4
:10CFD0000146084630BD0146FBE700BFE3361A00B4
:10CFE0002DE9F041C67883783E4C022E054621D1CA
:10CFF000627801326270721E012A23D9A3F1FF0008
:10D00000434243412A882178FF2A1DD0E3B941FADF
:10D0100002F3D90705D5344B314653F8220006F008
:10D0200067FEEB78013B052B5AD8DFE803F01D3C87
:10D030004459594C052E03D0062E08BF0126DAE7C5
:10D040000226D8E70123DDE7DFF89C80002723785C
:10D050003B41DB0704D558F82700314606F048FE6F
:10D060000137032FF3D1DCE7297961720023C91A54
:10D0700018BF01211D486370FFF7D0FD1C481DF04B
:10D0800018F91C481DF015F9A968EB68A165E3655E
:10D0900031B317481DF00AF9E16D09B3BDE8F0415D
:10D0A00014481DF003B912481DF003F9BDE8F04122
:10D0B00010481DF0FEB8637893B9E36D83B9BDE8FD
:10D0C000F0410EF083B8637A022B03D107480121A7
:10D0D000FFF7A4FDA16D06481DF0E8F8E16DDDE75E
:10D0E000BDE8F081180E0120D4620020280E012036
:10D0F000780E0120880E0120024B1860C07806F0DF
:10D100000DBE00BFFC1E0120024B1860C07806F067
:10D110001FBE00BFFC1E0120F6F774BC2DE9F041D4
:10D120000EF00CF800283FD00024214FDFF8888053
:10D1300026463B782341DB0715D558F8245095F84F
:10D140006430022B05D105F140000EF049F885F856
:10D15000646095F83C30022B05D105F118000EF003
:10D160003FF885F83C600134032CE2D1114D0024D6
:10D17000A5F110064FF4307707FB046393F82030D5
:10D18000022B0AD115F80A3C13B928460EF02DF8E7
:10D1900007FB0463002283F820200134032C05F5EB
:10D1A0003075E9D1BDE8F081BDE8F041FFF76ABE16
:10D1B000100E012098160120D46200200D4BC1787A
:10D1C00010B518608378FF2B044609D002880A4BFB
:10D1D0004FF4307000FB0230BDE8104006F0D2BDC5
:10D1E000054806F0CFFDE178044806F0CBFDE17874
:10D1F0000348F1E7FC1E0120881601204819012090
:10D20000081C0120F0B500F50377044685B000F551
:10D210000E752C220021384633F058FB0021C02225
:10D22000284633F053FB40F20313A4F820326B4B33
:10D23000C4F824326A4B6B4EC4F83452C4E98A34C1
:10D24000022384F83832307A674DFFF7D3FB95F824
:10D25000283084F8390284F83A326448644BC4E9CF
:10D260008F03237C022B0CBF0323012384F8453258
:10D2700084F84432A37BD722D90748BFA4F882227E
:10D28000990748BFD4F88432A4F8802244BF43F001
:10D290002003C4F88432337A84F8B932554BC4F889
:10D2A000A832554BC4F8AC3242201CF0E5FEC4F85D
:10D2B000980200285AD0627B504BC4F8B032D20793
:10D2C000D4F8843259BF4E4BD3E90C2343F0020308
:10D2D000C4F8843258BFC4E9A223D4F8843248BFCA
:10D2E000D5E9060143F00102C4F8842295F829200B
:10D2F00048BFC4E9A2011AB143F05103C4F8843213
:10D30000237B012B4FF0000332D1CDE902330323FD
:10D3100084F8D8310C2384F8DC31D4F88432C3F398
:10D32000400384F8DA31D4E9A223694604F17A0093
:10D33000CDE9002305F080FA04F17803C4F89C32AB
:10D340000E2384F8B8322F4BC4F8B432237B012B60
:10D3500011D127201CF090FE0546C4F8A00250B958
:10D36000D4F898021CF094FEC4F898521F202CE0C8
:10D37000C4F89C32E7E70FF0AFF86389257C224EB2
:10D3800040F271225343C4F81C3200236370A3702F
:10D39000AB1E5D425D41337800F2CC40C4F8180208
:10D3A0006D00A3B938460FF071FAD4F814326360F7
:10D3B0000122B3787570AA401343DBB2B370012227
:10D3C0003378AA4013433370002005B0F0BDB37822
:10D3D0000122AA4023EA0203F0E700BF21990300DB
:10D3E000759903005C310120C0300120D6BE898EC2
:10D3F0005555550049980300B58E030075980300F4
:10D400000031012079980300100E012038B52C223C
:10D41000044600F54A75002100F53E7033F056FAD7
:10D42000C0220021284633F051FA4FF48173A4F84A
:10D430000C33344B344AC4F82053C4E9C4330623B4
:10D4400084F8283392F82830304D84F82A33304B52
:10D45000C4F81843C4E9CB53A37B8021D80748BF45
:10D46000A4F87213980748BFD4F87433A4F8701363
:10D4700048BF43F02003617B48BFC4F874330023E6
:10D4800084F8A433234BC4F88C33C907D4F874331D
:10D4900053BF214B43F00203D2E90601D3E90C014B
:10D4A00048BFC4F87433D4F8743392F829204CBFC1
:10D4B000C4E9DE01C4E9DE0143F00101C4F87413DC
:10D4C0001AB143F05103C4F87433237B012B05BF19
:10D4D00004F17803C4F88833002324230CBF84F8B4
:10D4E0009C33C4F888330D4BC4F890330C4BC4F80C
:10D4F000943300200B4BC4F898336070A07084F80C
:10D50000080238BD81990300C0300120D6BE898E43
:10D5100055555500719103000031012025950300F8
:10D52000C99503005D9603002DE9F0410B7880F862
:10D53000293390F8AA315B0644BF90F8C33180F8D4
:10D540002A338B79012B04460D46164600F53E78AA
:10D550003DD0022B14BF0123032384F8353384F814
:10D560003433AB78AF88002B0CBF1E234FF4967377
:10D570005F430EF0A5FF6B78012BAB780CBF322117
:10D580004FF4FA71002B0CBF1E234FF49673014425
:10D59000F818FFF757F9AB78002B0CBF1E234FF498
:10D5A00096733E4403EB4003301AC4F80003002195
:10D5B0004046C4F8A0330DF091FF002140460FF023
:10D5C000B3F910B1012384F80832BDE8F0810223D9
:10D5D000C3E70000F8B51C481C4D1D4F80220021F8
:10D5E00033F074F900242E4655F8040B58B14FF46B
:10D5F0007A72002133F06AF955F8043C57F8242078
:10D600001C74C3F8A0210134032CEDD1114B124935
:10D6100001221A73336808684968083303C30A4B48
:10D620001A700E4A127B83F86C2083F87C2040F23B
:10D63000075140F20762A3F87620A3F86610084B62
:10D6400000221A70F8BD00BF180E0120D46200201D
:10D6500080120120C0300120044607000031012063
:10D66000100E012008B5094B094ADA61094B0A4A34
:10D67000DA610A4B0A4A9A610A4B0B4A1A60FFF7B1
:10D68000A9FF0A4B4FF47A725A8208BD280C012078
:10D69000B1D60300DC0B0120E1CF0300B00B012069
:10D6A0001DD103009030012059CF0300003101202B
:10D6B00008B5F5F7C3FDF6F793F9BDE80840FFF7A5
:10D6C00089BF0000154B1B6830B5154D1C8B00221F
:10D6D000034613F0030F18BF23F0030302F1010206
:10D6E00018BF0433032A45F8043B2344F1D10D4D00
:10D6F000002213F0030F18BF23F0030302F101020D
:10D7000018BF0433032A45F8043B2344F1D1181A07
:10D71000884288BF002080B230BD00BF8830012021
:10D72000801201207816012070B50B4B5C7C44B947
:10D730000A4E0B4D33782341DB0704D40134032C0C
:10D74000F8D1012006E055F82430587B0DF0D2FCCA
:10D750000028F3D170BD00BFC0300120180E012099
:10D76000D4620020034A012303FA00F0137818431F
:10D7700010707047180E0120044A012303FA00F0CC
:10D78000137823EA00001070704700BF180E0120C4
:10D7900010B5064C54F820001C8804815C88448134
:10D7A0001B7903734173827310BD00BFD4620020E4
:10D7B00038B5044604200D461CF05EFC014668B1F5
:10D7C00054B1237C0B8007238B70054BCD70187BE5
:10D7D000BDE838401CF065BCFF23F3E738BD00BF4F
:10D7E0000031012038B5054604200C461CF044FCED
:10D7F000014640B12B7A8370034BC470187BBDE89F
:10D8000038401CF04EBC38BD0031012038B504460C
:10D8100004200D461CF030FC014670B1074BC5706A
:10D82000E41A074BA4115C430D238370054B04805D
:10D83000187BBDE838401CF034BC38BD8816012088
:10D84000A38B2EBA00310120024B1878B0FA80F079
:10D8500040097047C81E0120F0B50D4C0025267800
:10D860006EB194F87062864209D194F871628E426A
:10D8700005D1D4E99E769E4208BF974206D0013575
:10D88000032D04F53074EAD10020F0BD0120FCE73F
:10D8900088160120094B0022DA62094B094ADA6234
:10D8A000094B0A4A1A600A4B1B681B79082B81BF77
:10D8B000084A136A43F4005313627047280C01208E
:10D8C000DC0B0120F9D00300BC3001206DCF030038
:10D8D0008830012000310120084B00221A63084BD8
:10D8E000084A1A63084B1B681B79092B81BF074A3A
:10D8F000136A43F000731362704700BF280C0120C5
:10D90000DC0B012009D10300883001200031012007
:10D91000094B0A4A5A630A4B0A4A5A630A4B1B6864
:10D920001B79082B094B82BF1A6A42F400521A6213
:10D930004FF43072DA827047280C012019D10300AD
:10D94000DC0B0120BDD10300883001200031012013
:10D9500038B52C22044600F158050021283032F059
:10D96000B5FFC0220021284632F0B0FF40F201137B
:10D97000A387094B2364094B2565C4E911340923A6
:10D9800084F85830064BC4F8B8300020054BC4F872
:10D99000BC30A07038BD00BFB9990300359B0300AF
:10D9A000419B0300C59D03002DE9F74F5C4F1546D1
:10D9B0009B46D2E90223BC69C4E98A2304F50A79AB
:10D9C0000123064684F85632484688460DF0C2FBCD
:10D9D0006B69B4F8181183EA1343A4F85832484627
:10D9E00000F040FF84F8590096F8AA315B0644BF66
:10D9F00096F8C33184F85A306B69E365AB692366E6
:10DA000098F80630012B74D0022B14BF0123032396
:10DA100084F8653084F86430AA78EE782B88002A80
:10DA20004FF416110CBF1E224FF496724E4302FBA8
:10DA3000036606EB0B03C4F83031B4F81831A4F8D0
:10DA40003431287C03F07AFBAB78002B80460CBF86
:10DA50001E204FF4967030444146FEF7F3FEAB783B
:10DA6000002BA6EB00060CBF1E234FF4967303EBAE
:10DA70004000B6F5967FC4F8C000C4F82C014CD322
:10DA80005E44266394F86500DFF8A4B00822002104
:10DA90000DF09DFC04F1280A6063C4F828010026FB
:10DAA000594650460EF040FF013620BBB4F818111D
:10DAB000013189B2A4F81811484600F0D3FED4F819
:10DAC0001C3184F85900B5B25D4328464146FEF743
:10DAD000B9FED4F830311D44D4F8283103446363CF
:10DAE000D4F82C312D1A03EB40002563C4F8C00094
:10DAF000D6E702238CE70B480B4B201A80115843C2
:10DB00000A4B009304300023D4F82821D4F81C11C8
:10DB1000C0B20EF05DFA01237B7003B0BDE8F08F58
:10DB2000C81E012088160120A38B2EBA35CF030012
:10DB30007DCF03002DE9F04FA64BDFF8A0B21E68A1
:10DB4000DBF81040DFF898A22DED028B4FF43C7308
:10DB500003FB006604F1280308EE103A96F84A32F7
:10DB6000012B08BFA371B6F84E329AF81020DAE9FB
:10DB7000020103EB83035B00A4F80A3204F50A797F
:10DB8000B6F84C3284F82021012287B0A4F808327C
:10DB9000C4E98A0184F856224846F8F75DFDDAF8B0
:10DBA0001420E26582EA1241DAF81820226694F81D
:10DBB000B82284F8652084F864209AF802209AF844
:10DBC0000370A4F85812002ABBF80610BAF80050E7
:10DBD0004FF4161230460CBF4FF01E084FF49678E3
:10DBE000574302F033FCB6F816110744304602F0F2
:10DBF0002DFCB16908FB0577014480463846BAF828
:10DC00001C500EF089FCB269002800F0BB8008EBC4
:10DC1000020138460EF080FCD4F81C21B0FBF2F073
:10DC20002D1A80B2ADB2414602FB10700EF074FCAA
:10DC300029460290A4F81851484600F013FE9AF8BD
:10DC40001020654B84F85900062A98BF33F81270EB
:10DC50009BF80C2088BFDF89062A94BF33F8123066
:10DC6000DB8905930EF02CFCBBF80E106D1A0246F2
:10DC7000A9B2D4F81C01049247F6FE75A94288BFE8
:10DC8000002100FB01F307EB020B594618469A46A8
:10DC9000FEF7D8FD0390514801894089091ADDE952
:10DCA0000423B6F8180189B2A94288BF002148436D
:10DCB00040F2E245D1186843FEF7C4FD059B049A83
:10DCC00001371F4405460398174439462844FEF798
:10DCD000B9FD434BB4F818219B78A4F83421002BEC
:10DCE00000F110000CBF1E234FF4967303EB4003AA
:10DCF000C4F8C030C4F82C31029BA4F83621434448
:10DD0000C4F830311B1A236318EE100A00210DF0FD
:10DD1000E5FBDFF8DC80636BC4F82831002618EEE1
:10DD2000100A41460EF000FE013600283CD1B4F83E
:10DD30001811013189B2A4F81811484600F092FD7B
:10DD4000D4F81C2184F85900B3B253435246D0187A
:10DD500059460293FEF776FD39462844FEF772FDD8
:10DD6000D4F83021029B103013441B1A2363D4F8DB
:10DD7000283103446363D4F82C3103EB4003C4F827
:10DD8000C030CCE7394608EB02000EF0C5FBD4F8F2
:10DD90001C31B0FBF3F0421C90B215FA82F5ADB223
:10DDA000414603FB007041E70E480F4B201A8011DB
:10DDB00058430E4B00930430D4F82821D4F81C119A
:10DDC0000023C0B20EF004F907B0BDEC028BBDE831
:10DDD000F08F00BF682101201C460700E81E0120CB
:10DDE000001F012088160120A38B2EBA35CF030017
:10DDF0007DCF0300074B187893F8C022003818BF76
:10DE0000012002B1013093F880350BB10130C0B26E
:10DE1000704700BF8816012002289FBF4FF430735F
:10DE20005843024B185C88BF0020704788160120B9
:10DE300070B5194E347834B196F8C03243B396F8C1
:10DE400080353BBB02244FF4307202FB04F573199A
:10DE50000021184632F03AFD012272550F4A52F85D
:10DE6000242042620E4A05F51975127B80F86C2257
:10DE7000721940F20D417453518040F20112A0F822
:10DE80006420084A927D80F8B8220346184670BD87
:10DE90000124D8E70023F9E788160120781601202D
:10DEA000003101204031012030B589B00C460546D3
:10DEB00000211A2201A832F009FD25238DF8063031
:10DEC000184B8DF808505A889B88ADF80C30164BCB
:10DED000ADF80A20E31A154A9B115343ADF80E30F2
:10DEE000B4F87032ADF8103094F8B8328DF81830BC
:10DEF0000F4AD4F81C31A3FB0232DB0F43EA420382
:10DF0000ADF81A3094F820318DF81C300DF1120064
:10DF1000D4E99E231CF048FA01A80DF063F809B07B
:10DF200030BD00BFE81E012088160120A38B2EBA49
:10DF3000E3361A00044B4FF4307202FB0030B1FAA2
:10DF400081F1490981717047881601202DE97043DC
:10DF5000184E88B04FF000084FF000090DF107018E
:10DF600030461CF0AEF8044610B908B0BDE8708326
:10DF7000D4E90650D4E902124FF4A8130293904258
:10DF800008BF8D42237C8DF80C30CDE90450CDE9DB
:10DF9000068902D12078984205D0CDE9061243F0D7
:10DFA00002038DF80C3002A80DF01CF820461CF07E
:10DFB0006FF8D3E78C200120C07805F0FBBE00008D
:10DFC0002DE9F04FDFF8A8B085B0164602F0FD024B
:10DFD00004460D4600200021012ADDE90E89CBE927
:10DFE0001C01DDF840A08BF86A201F4634D11E4B7F
:10DFF000597C89B3AA70D3E906010022CAE900015D
:10E00000DA73B30711D502AB009342464B4638464C
:10E01000F7F7F9F848B10123AB70DDE90223CAE94B
:10E020000023CBE91C238BF86A60DAE90023C4E9FA
:10E030001423AB781BB1E36C43F00203E364E26C9E
:10E0400042F00103C4E91689E36417B142F0090202
:10E05000E26405B0BDE8F08F0023AB70034BD3E959
:10E060000C23CAE90023CCE7C03001200031012095
:10E070009831012013B50A4B93F829300446104615
:10E080005BB18B0705D5069B0093DDE90423F7F709
:10E09000D4F8E36C43F04003E36402B010BD00BF6A
:10E0A000C03001202DE9F0418A4F8B4D8AB000230A
:10E0B00004938DF814303B6A2E7C5C0406D5042E44
:10E0C00001D0012E02D801238DF81130834C282273
:10E0D000002104F12C0032F0F9FB04F15803C022B6
:10E0E0001846002132F0F2FB7D4B6065C4E9113324
:10E0F000032384F8583097F828307A4884F85A3047
:10E10000794B4FF48172C4E91703012E40F20113D9
:10E11000A4F84020A4F8643010D0042E0ED095F856
:10E120002130D90744BF0822A4F8A2209A0742BF91
:10E13000B4F8A23043F02003A4F8A23095F82030C0
:10E1400084F8D3307B695B0409D50CF003FF03230B
:10E15000B0FBF3F303EB4303C01A84F8D2002B7C2B
:10E16000042B77D8DFE803F00379878C8200002343
:10E170008DF810302823A4F8A03006AB0293D5E91F
:10E1800006235A485A4ECDE9002304A9AB7C6A7C89
:10E19000FFF716FF00220023CDE9082308AB029306
:10E1A000D5E90623697C5148CDE90023AA7CFFF715
:10E1B00061FF2B7C012B67D0042B65D04D4B009366
:10E1C0003046DDE9062304F01DFB00238DF8140022
:10E1D000064485F84830414804A904F0FFFA2B7C36
:10E1E000C4F8B840361B022B84F8D06001D9042B48
:10E1F00069D1414AC4F8BC20404AC4F8C82013F091
:10E20000FD083F4AC4F8CC2060D104233D4F8DF86F
:10E21000103095F8683004A9063338468DF814306C
:10E2200004F0DCFA384B00933E18DDE90623304653
:10E2300004F010FB3044C01B85F86980C4F8C0703E
:10E2400084F8D1003148002121850DF047F92F488D
:10E250000EF01CFB0AB0BDE8F081002340F6A66278
:10E26000C5E902322A4A2A6084F8D23001238DF8A7
:10E27000103020237FE706238DF8103008237AE73B
:10E2800002238DF8103078E7DDE90870D5E9062320
:10E2900057EA000C1CBF03463A46A97C1448CDE956
:10E2A000002318BF0121DDE906238DF8131004F0C7
:10E2B000B8FAD4F8A4308DF8140043F004030644EF
:10E2C000C4F8A43087E70023C4F8BC300023C4F8A6
:10E2D000C030B7E7C030012098310120481F01202D
:10E2E0000DA00300D6BE898E55555500A01F0120F4
:10E2F0004A1F0120C0310120241F0120499F030033
:10E30000899F030064200120E1310120741F012056
:10E3100000881300024B0022C3F8BC20704700BFE6
:10E32000481F012002484FF4A872002132F0CEBAF3
:10E33000481F0120054B064A1A61064B064A1A611E
:10E34000064B074A1A62FFF7EDBF00BF280C0120F9
:10E3500065E30300DC0B0120B9DF0300B00B0120F3
:10E360004DDF030008B5F5F729FDFFF7DBFFBDE83A
:10E3700008400CF0FDBF020202F00F3200F0F03056
:10E380000243130103F0333302F0CC3213439800FD
:10E3900000F0553003F0AA331843C009704700005D
:10E3A00040F6F8035843094BA0F50F501B6820387E
:10E3B000034493F82021012A06D1D3F8340121B176
:10E3C000D3F838310B60704700207047D42001200B
:10E3D0002DE9F047144FDFF85480DFF854900546DC
:10E3E0000E4600243B681B7B5FFA84FA534502D833
:10E3F0000020BDE8F087D8F8003050469847012843
:10E400000ED110201BF038FE014658B1C0E902566B
:10E410000E23A0F800A0438099F80C001BF041FEE9
:10E420000134DFE70C20E4E788300120943001203C
:10E430000031012013B5094C0DF1030120461BF0FA
:10E4400040FE019018B9FFF781FD02B010BD01A890
:10E450000CF0C8FD01981BF01BFEEDE7C820012061
:10E4600007B5CDE900100CF075FDDDE900121BF0D9
:10E47000C3FF80B203B05DF804FB00002DE9F04754
:10E48000DDF824809DF8206005460C469946042A54
:10E4900019D8DFE802F00312031A84000B7A93B94B
:10E4A0006A4809880068C0893144814205DD2380BB
:10E4B000237207273846BDE8F087AF78002F40F079
:10E4C000C380002E75D11227F4E78378012B40F02A
:10E4D000AA8005F2FC671FF017FE38460EF02AFCF2
:10E4E0001FFA86FA98B91FF011FE32464146E673CC
:10E4F00004F1120032F0C2F951464046FFF7B0FF76
:10E500000123208284F80D91A3730027D2E795F8A8
:10E51000DD38002B3CD10023C5F81837C5F8043886
:10E5200038460EF0A9FB95F8DD381BB105F5FD6006
:10E530000EF0A2FB1FF0EAFD32464146D5F8C403B7
:10E54000A5F8C0A332F09AF951464046FFF788FF7C
:10E550000022A5F8400005F5247185F8CC932846E3
:10E5600004F0DAFD3A4B85F8A007C5F818373846AD
:10E5700000210EF0D9F995F8DD78002F9AD0354BAF
:10E58000C5F80438002105F5FD600EF0CDF9BCE7B3
:10E5900005F5FD600EF0CEFB0028BCD1A3E7837823
:10E5A000002B90D0002E8ED10B88002B8BD03146C3
:10E5B00040E0013A1FFA86FA032A0BD801A353F868
:10E5C00022F000BFEFE50300FFE5030027E60300AC
:10E5D000AFE503006368208832461844414632F0B4
:10E5E0004DF92388534423800023237262E7606837
:10E5F0003246414632F042F9A4F800A0F4E76368DD
:10E60000208832464146184432F038F92388534472
:10E61000238051464046FFF723FF0123A5F8400021
:10E6200084F80C90E1E741466068324632F026F902
:10E63000B1B221804046FFF713FF0123A5F8400047
:10E6400084F80C90237260E70C2733E788300120B0
:10E6500081AA03008DAA0300002303700CF022BDE1
:10E6600030B50B4B1B681C7B0A4B1B680022944285
:10E6700002D80021084630BD5D788542194602D196
:10E680001D78002DF6D1013203F6F803EFE700BF45
:10E6900088300120D420012038B58378FF2B044630
:10E6A00019D00078FFF7DCFFA0B10C4BE1781C60BB
:10E6B000BDE8384005F0CEBBE0B2FFF7D1FF20B196
:10E6C000D0220021503032F001F901342B681B7B3D
:10E6D0009C42F1D338BD024D0024F7E7D020012041
:10E6E00088300120134B2DE9F04118608378FF2B0F
:10E6F000044618D00078FFF7B3FF90B1E178BDE889
:10E70000F04105F075BB3A6808FB05F3D018D35CFF
:10E7100013B1E17805F06CFB013533681B7BAB422C
:10E72000F1D8BDE8F081044E044F002540F6F8080A
:10E73000F3E700BFD820012088300120D420012039
:10E7400008B5FFF78DFF30B1B0F8200140F201139A
:10E75000C31A5842584108BD134B2DE9F0411860C7
:10E760008378FF2B044618D00078FFF779FF90B12B
:10E77000E178BDE8F04105F053BB3A6808FB05F3CA
:10E78000D018D35C13B1E17805F04AFB013533684A
:10E790001B7BAB42F1D8BDE8F081044E044F00254D
:10E7A00040F6F808F3E700BFDC20012088300120A4
:10E7B000D4200120F8B5144D04464DF6685602F0F9
:10E7C0000DFC94F8DC2884F888020346134406FB09
:10E7D00003F2520D02EBC20102EB81029B1AD5E952
:10E7E0000C27DBB2C3F12000A3F1200184F8DC3850
:10E7F00007FA00F022FA03F3034327FA01F10B436F
:10E80000DB07DCD5F8BD00BFC0300120F8B5144DE2
:10E8100004464DF6685602F0E1FB94F81D2284F898
:10E820001C020346134406FB03F2520D02EBC20125
:10E8300002EB81029B1AD5E90C27DBB2C3F1200061
:10E84000A3F1200184F81D3207FA00F022FA03F345
:10E85000034327FA01F10B43DB07DCD5F8BD00BF0A
:10E86000C030012070B5048E054684EA0100FFF730
:10E8700082FD00EB0010204480B2FFF77CFD00EB2E
:10E880000010204480B2FFF776FD00EB001020441A
:10E890004440A4B24DF6685363435B0D03EBC302DF
:10E8A00003EB8203E31AD5E900269BB2C3F12000F3
:10E8B00006FA00F0A3F12001DA40024326FA01F142
:10E8C0000A43D2075DBF95F82D30634305EB134033
:10E8D000D8B258BF007A70BDF8B5D0F808670446C2
:10E8E0000D460DF0F9FDB0F5967F2ED90DF0F4FD33
:10E8F0001F4F3B685A8AA36C9A422CBFB618F61871
:10E900003044B0F5161F28BF4FF416100CF0C6FDAA
:10E9100094F8CC330646DBB994F84C1028460CF03A
:10E92000DDFD3B68D4F804279B8A13443344AB6075
:10E93000D4F88C3273B9002128460DF0F5FFB0B938
:10E94000AB68A26A1344AB60F5E74FF49670CFE76B
:10E950000021E3E7D4F88C22002128460EF010F9BC
:10E9600028B9AB68D4F88C221344AB60F2E7F8BD49
:10E970008830012038B590F8CC3304460D460BBBE7
:10E9800090F84C1028460CF0A9FD94F83E1099B16F
:10E99000626A02F59C52083242F2107301FB0233A4
:10E9A000094A934228BF1346D4F808279A422CBF3D
:10E9B000C4F88C22C4F88C3229462046BDE8384081
:10E9C000FFF78ABF0021DDE7D4FE4A0070B500F5ED
:10E9D000FD65044600F618062C220021284631F079
:10E9E00075FFC0220021304631F070FF40F2011364
:10E9F000A4F8FC37224BC4F80038C4F8043804F5F6
:10EA00007073C4F80C38072384F8183894F8DC388D
:10EA100084F8193894F93C30C4F810687F2B08BF8B
:10EA2000184BC4F8084808BF93F9283084F81A38FE
:10EA3000154BC4F81C38154BC4F8203894F83F30F7
:10EA400084F8243884F82538114B93F8793084F809
:10EA50002638104BC4F8B43804F2F9220023A4F885
:10EA6000CA33C4F87C28C4F88838C4F8AC38C4F871
:10EA7000A02829462046BDE87040FFF77BBF00BFB5
:10EA80008DAA0300C0300120D6BE898E5555550091
:10EA90009831012025A20300054B1B681B7B40F623
:10EAA000F8025A43034B0021186831F00FBF00BF32
:10EAB00088300120D420012008B50E4B0E4A1A627E
:10EAC0000E4B0F4A1A620F4A0F4911620F4A9A639E
:10EAD0000F48FDF7EBFE0F4B1B681B79082B81BF1E
:10EAE0000D4A136A43F480531362BDE80840FFF7F0
:10EAF000D3BF00BF280C01201DEB0300DC0B01205D
:10EB0000E5E60300B00B012035E4030099E60300BD
:10EB1000D1E30300883001200031012008B5F5F76A
:10EB20004DF9F5F7F5FABDE80840FFF7B5BF00006D
:10EB3000830718BF20F003031B4AF0B514BF04334A
:10EB400003461360194A1A4E15682C7B40F6F802EA
:10EB500002FB0433002294420ED8164E0022944247
:10EB600016D8181A88429FBF134B40F6F8021A8233
:10EB700080B288BF0020F0BD9F0718BF23F00303B9
:10EB8000EF8918BF043346F8043B01323B44E2E707
:10EB90009F0718BF23F00303EF8918BF043346F81B
:10EBA000043B01323B44DAE7D420012088300120C5
:10EBB00098200120B02001200031012010B50C4622
:10EBC00078B10878FFF74CFD60B1038C03F01D03AA
:10EBD0001D2B09D16388013B9BB2802B34BF0020E1
:10EBE000122010BD4220FCE70020FAE708B5FFF72D
:10EBF00037FD38B390F8C83333B390F8D8341BB32B
:10EC0000038C03F01202022A02D1B0F8D024DAB148
:10EC100090F8392002F0FD02012A01D10279AAB14F
:10EC200003F01102112A03D1B0F8C0231F2A0DD816
:10EC300013F001030CD0B0F8C033C02B34BF002058
:10EC4000122008BD4220FCE70C20FAE71220F8E76A
:10EC50001846F6E710B5C0B20C46FFF701FD38B113
:10EC600090F93C00002123F08FFB2070002010BDA4
:10EC70004220FCE7F0B500230B4D0C4E1A4640F63F
:10EC8000F8072968097B994201D8D0B2F0BD3468F1
:10EC900007FB03F104EB010C615C19B19CF8011056
:10ECA000815401320133ECE788300120D420012067
:10ECB00070B50D46FFF7D4FC0446D8B1038CDA07D3
:10ECC00001D58378C3B928461BF068FB01F44043A3
:10ECD000B3F5404F06460D4601D00B040ED41FF08D
:10ECE00013FA0123C4E902652371E3701FF00EFAE1
:10ECF000002070BD4220FCE70C20FAE71220F8E764
:10ED0000F0B5144692F83920284F02F0FD0306466C
:10ED10000D4600200021012BC7E91C0185B087F8B2
:10ED20006A303AD12179002937D0B370D4E9020191
:10ED3000C4E904010023E370930714D502AB0093E8
:10ED400094F83A00D4E90C23F6F75DFA58B10123A0
:10ED5000B370DDE9022394F83910C4E90423C7E94C
:10ED60001C2387F86A10D4E90423C5E91423B37877
:10ED70001BB1EB6C43F00203EB64D4E90C01EB6CC8
:10ED8000C5E9160143F00102EA6494F83A2012B191
:10ED900043F00903EB6405B0F0BD0023B370044BEE
:10EDA000D3E90C01C4E90401C6E700BF9831012092
:10EDB000003101202DE9F043064692F83A00F07048
:10EDC0001446D2E90C23C4E906230D46154991F8EF
:10EDD000291085B011B394F8391089071AD502AFFC
:10EDE0004FF000084FF000090097CDE90289F6F7CF
:10EDF000FBF930B9D4E90C2394F83A000097F6F700
:10EE00001CFADDE9022352EA03011EBF0121F17061
:10EE1000C4E90623EB6C43F04003EB6405B0BDE8A6
:10EE2000F08300BFC03001202DE9F84380460D4635
:10EE3000FFF716FC0446002868D1DFF8A091D9F846
:10EE400000301A7B614B1B680646964203D30726A7
:10EE50003046BDE8F8831C4603F6F8032778002FF8
:10EE600052D140F6F8023946204631F02FFD0123F9
:10EE7000237084F80180D9F80020127C84F8C8330C
:10EE80009A4238BF1A4684F84C20514A84F8D83444
:10EE900052F8262084F8E8354E4BC4F8C423C4F851
:10EEA000D4244D4A1B7B52F8262084F87C324FF440
:10EEB000A163C4F8E425A4F87482A4F876320CF0B7
:10EEC000E9F8A678002E7ED1B7B1238CDB0613D5E6
:10EED00094F8CF23A4F8C02304F57471D4F8C403C4
:10EEE00031F0CCFC94F8DF24D4F8D404A4F8D02476
:10EEF00004F59C6131F0C2FC2B88D8060FD4D907E9
:10EF000006D5B4F8D03407E001369EE70127D8E7EC
:10EF10009A07F6D5B4F8C03303B3122698E7B4F8CD
:10EF2000C023002F48D0238CDB0645D41F2AF4D8F9
:10EF3000B4F8D0341F2BF0D8D4F8C41384F8CF23FE
:10EF400004F5747031F09AFCB4F8D024D4F8D414D9
:10EF500084F8DF2404F59C6031F090FC2B88238436
:10EF60006B6840F2712253436362AB685343A36200
:10EF70002B7B84F838306B7B84F83930AB7B84F89A
:10EF80003A3028691BF00AFAC4E90C012B7D84F899
:10EF90003B306B7D84F83C30AB7D84F83D30EB7DBD
:10EFA00084F83E302B7E84F83F306B7E84F842300C
:10EFB000AB7E84F843304BE71F2AAED8B4F8D03488
:10EFC0001F2BCBD9A9E70C2642E700BFD420012094
:10EFD0009820012000310120B0200120883001203C
:10EFE0002DE9F3410E4617461D46FFF739FBDDF8C4
:10EFF0002080044660B3038CDA0611D49B072BD41F
:10F0000015B1B0F8D0342BBBCDE900583B463246A1
:10F0100004F570712046FFF731FA02B0BDE8F081C7
:10F02000032E19D11F2D17D880F8CF532A464146F9
:10F0300000F5747031F022FCA378012B08BF84F82E
:10F04000C833012384F8CE3384F8CC330020E4E7BE
:10F050004220E2E70C20E0E71220DEE773B50D4620
:10F06000FFF7FEFA044658B390F82131012B29D05E
:10F07000174A816C1268B0F8E035528A90F83F0068
:10F080008A4238BF0A4601260221CDE9006192B2C8
:10F0900000210CF0B3F96B8840F2E2414B4383420C
:10F0A00012D3208C10F0200010D12A884A43C4E9E2
:10F0B0008923AB88A4F82C3284F82E6202B070BD8C
:10F0C0004220FBE70C20F9E74520F7E71220F5E79F
:10F0D000883001202DE9F3470E4615461F46FFF7FD
:10F0E000BFFA0446002800F0BE8090F82E321BB90B
:10F0F0000C2002B0BDE8F08790F82131012B2DD112
:10F10000032EF5D1DFF86891A16CD9F80020528A5E
:10F110008A4238BF0A4692B21BB3D4F820A294F8B0
:10F120003F0016F0FD011FFA85F84FF0020C1BD1CD
:10F13000B4F8E035CDF804C043444FF0010CCDF8ED
:10F1400000C09BB20CF05AF9504500F28E80042E9C
:10F1500027D8DFE806F0102110283B00002DCFD083
:10F16000D0E7D4F828A2DAE701230093CDF804C051
:10F1700043460021E6E794F8E83593B9D9F8001042
:10F18000B4F8E025C9892A448A4205DDA4F8E035AF
:10F1900084F8E8350720ACE794F82031002BA7D19C
:10F1A00005BB1220A5E794F82061012E52D184F806
:10F1B000EF552A46394604F2F25031F05FFB84F8ED
:10F1C000EE65012384F8EC35002092E794F82031B5
:10F1D000002BE6D0002DE4D1B4F8E035002BE0D0D0
:10F1E00001231CE0013E032E0AD801A353F826F0A8
:10F1F00025F2030037F2030055F20300E1F10300AA
:10F20000B4F8E035D4F8E4052A461844394631F01C
:10F2100035FBB4F8E0354344A4F8E035002384F826
:10F22000E835CEE7D4F8E4052A46394631F026FB26
:10F23000A4F8E085F2E7B4F8E035D4F8E4052A460E
:10F240001844394631F01AFBB4F8E0354344A4F8C9
:10F25000E035C5E7D4F8E4052A46394631F00EFB1F
:10F26000A4F8E085BCE7422043E7452041E700BF22
:10F270008830012038B504460D46FFF7F1F928B96A
:10F2800042212046BDE838400CF01FB890F82E32DD
:10F2900043B1012D02D190F8E8351BB1038C03F086
:10F2A0002B030BB10C21ECE704201AF0E5FE01461C
:10F2B00068B10A23002D837014BF01230223C37099
:10F2C000034B0480187BBDE838401AF0EABE38BD15
:10F2D000003101202DE9F3410E4617461D46FFF788
:10F2E000BFF9DDF820800446B0B3042E05D0038CAE
:10F2F000DA0619D49B0702D415B1122011E01DB90A
:10F30000032E05D00C200CE0B0F8C033002BF9D14F
:10F31000CDE900583B46324604F59A612046FFF796
:10F32000ADF802B0BDE8F081032EE6D11F2DE4D880
:10F3300080F8DF542A46414600F59C6031F09EFA81
:10F34000A378012B08BF84F8D834012384F8DE3475
:10F3500084F8DC340020E4E74220E2E770B506469A
:10F36000FFF77EF9044680B1857885B990F82131A0
:10F37000012B0CD0D0F8F0380BB130469847002361
:10F3800023700BF08FFE284670BD4225FBE70C254D
:10F39000F9E700002DE9F041154D164E2B68197B59
:10F3A0003368002291420AD8002440F6F807A046AC
:10F3B0002B681B7BA3420DD80020BDE8F081987814
:10F3C00098B903F6F803A3F2D770007801280CD09F
:10F3D0000132E7E7326807FB04F3D15C19B102F8A8
:10F3E00003800BF05FFE0134E2E70C20E5E700BF8D
:10F3F00088300120D420012038B5054604200C4671
:10F400001AF03AFE014650B16B78038008238370EE
:10F41000034BC470187BBDE838401AF042BE38BDBB
:10F420000031012070B500F5FD65044600F61806B0
:10F430002C220021284631F049FAC0220021304612
:10F4400031F044FA4FF48173A4F8FC373A4BC4F816
:10F450000038C4F8043804F59A63C4F80C3807235C
:10F4600084F8183894F8DC3884F8193894F93C306A
:10F47000228CC4F810687F2B08BF304BC4F80848B2
:10F4800008BF93F9283084F81A382D4BC4F81C387B
:10F490002C4BC4F8203894F83F3084F8243884F892
:10F4A0002538294B93F8793084F8263850074FF0E7
:10F4B0000803C4F8603807D4910705D594F83B20B9
:10F4C000D20748BFA4F86238002304F2F921A4F857
:10F4D000CA33C4F87C181A46204603F0B9FEA4F8D3
:10F4E000780812201AF0C8FDF0B1184BC4F8AC38F7
:10F4F0000430174BC4F88808C4F8B0380023A4F8C7
:10F50000DA3404F23B33C4F89038C4F8A038114A16
:10F5100094F8DC38C4F8B42884F819382946204611
:10F52000BDE87040FFF726BA1F2384F88232042119
:10F530002046FFF761FFE1E78DAA0300C0300120FC
:10F54000D6BE898E555555009831012059A4030027
:10F55000D9A40300C1A3030070B500F5FD650446FE
:10F5600000F618062C220021284631F0AFF9C022FF
:10F570000021304631F0AAF94FF48173A4F8FC372A
:10F58000394BC4F80038C4F80438072384F8183815
:10F5900094F8DC3884F8193894F93C30218CC4F89C
:10F5A00010687F2B08BF314BC4F8084808BF93F997
:10F5B000283084F81A382E4BC4F81C382D4BC4F868
:10F5C000203894F83F3084F8243884F825382A4BC2
:10F5D00093F8793084F8263804F5707220234E07AA
:10F5E000C4F80C28C4F8603807D4C80705D594F8C7
:10F5F0003B10890748BFA4F86238002304F2F921C0
:10F60000A4F8CA33C4F87C18204603F021FED4F8CD
:10F61000C433C4F88438B4F8C033A4F87808A4F824
:10F62000803828201AF028FDA8B1144BC4F8AC3853
:10F630000430C4F8880804F23B31C4F8901820461E
:10F64000002203F0C4FE2946A4F88C082046BDE839
:10F650007040FFF78FB91F2384F8823204212046BF
:10F66000FFF7CAFEE7E700BF8DAA0300C030012004
:10F67000D6BE898E555555009831012049A5030005
:10F68000F8B500F2FC65044600F5E5672C220E464D
:10F690002846002131F01AF9C0223846002131F005
:10F6A00015F940F20313A4F81037744BC4F814375B
:10F6B000734BC4F81837032384F8283794F93C3087
:10F6C000704AC4F824777F2B08BF92F9283084F859
:10F6D0002A376D4BC4F82C376C4BC4F8303794F88C
:10F6E0003D3084F8343784F83537694BC4F81C470B
:10F6F00093F8793084F836372823C4F87037238C90
:10F700005F0700F18380980706D594F83B10C9077E
:10F7100044BF0821A4F87217DF0709D594F83B30DD
:10F72000980705D5B4F8723743F02003A4F8723770
:10F73000506994F8383084F8A33710F48040554B62
:10F74000C4F8943703D00BF005FC00F00300238CC1
:10F7500084F8A20713F0100204F524775DD003F0BB
:10F760001D031D2B0DD1002384F8A237636240F6E0
:10F77000A663A362484B1B685B684FF47A725343DD
:10F78000E3623946204603F047FE238C84F8A00745
:10F79000D906C4F888771CD59A071AD028201AF001
:10F7A0006BFC002867D03D4BC4F898373C4BC4F83D
:10F7B0009C37238C04309B07C4F88C0709D504F2CE
:10F7C000D2273946204603F099FEC4F8907784F892
:10F7D000A1072046FEF7EEFF002128460BF07EFE33
:10F7E0002D4B1B685B68EBB121F02EFE07460CF039
:10F7F00073FE4FF47A723844C4F804077243002150
:10F8000028460DF03DF980B9122026E0D4F874376F
:10F8100043F00403C4F874378AE73946204603F0FE
:10F820007BFCB2E728460DF031F8D4F88402A0B191
:10F83000238C03F00303012B14D0022B0ED0002BDA
:10F84000E2D12046FFF7C2F801232846D4F8041776
:10F8500084F8DD38FAF7C4FC0020F8BD2046FFF735
:10F86000E1FDF1E70F4B1B689B7E002BCCD02046BF
:10F87000FFF772FEE8E71F20EFE700BF8DA7030048
:10F8800081AA0300C0300120D6BE898E555555008F
:10F8900098310120E1A10300D820012071A60300C6
:10F8A000D1A603008830012038B5054604200C4657
:10F8B0001AF0E2FB014650B16B7803800A23837093
:10F8C000034BC470187BBDE838401AF0EABB38BD62
:10F8D00000310120094B00229A62094B094A9A62C1
:10F8E000094B0A4A1A600A4B1B681B79082B81BF17
:10F8F000084A136A43F4005313627047280C01202E
:10F90000DC0B012059E703009430012041E703009C
:10F9100088300120003101202DE9F04F00F5967666
:10F92000044689B000F5AC752C220021304630F039
:10F93000CDFFC0220021284630F0C8FF40F201135D
:10F94000A4F84031554BC4F84431554BC4F85451D8
:10F95000C4E9523404F5BC63C4F8503101F03EFBF5
:10F96000082384F8583194F81D3284F8593194F9F9
:10F970003C3084F81C027F2B04BF4A4B93F928309B
:10F9800084F85A31D4F82431C4F85C3101F020FBFA
:10F9900094F83F3084F8643184F86531424BC4F800
:10F9A000600193F8793084F86631404BC4F8F43143
:10F9B000002504F27D33C4F8BC31C4F8E031294697
:10F9C0003046A4F8EA550BF089FDD4F83831059398
:10F9D000374B94F83F001B685A8AA36C9A4238BF91
:10F9E0001A464FF001090223CDE9009392B2B4F810
:10F9F000E0352946D4E989BA0BF000FD824544D3AD
:10FA0000DFF8B8802B4FD8F80030A4EB030C4FEA96
:10FA1000EC0C294B029307FB0CFC07AB83450CF164
:10FA2000040C0193059B00935A46534638BF024687
:10FA300049465FFA8CF00CF0D7F950B3079BC4F835
:10FA4000203221F001FDD8F80010611AC910794365
:10FA5000043181460246C9B2D4F820020CF026FADD
:10FA600081444B46C4F83431002130460CF05CFF31
:10FA7000013580B9B4F82831D4F820220133A4F834
:10FA80002831ABB202FB0393ECE7452009B0BDE897
:10FA9000F08F4320FAE70020F8E700BFD5AB030062
:10FAA0005DAC0300C030012098310120C5A20300E5
:10FAB00088300120DF3A82D2A1E30300D420012064
:10FAC00010B504461EF020FB034B5A7814445C70BA
:10FAD000BDE810401EF01ABB40310120830770B50D
:10FAE0000F4B1ABF20F00304043404461C600D4B76
:10FAF0001B689B7E4FF43C7606FB0344231A8B4223
:10FB0000054601D9002070BDC91A204600F0BAFD93
:10FB10000028F7D0044B0444601BDE8180B2F2E77A
:10FB200068210120883001200031012003884288AB
:10FB3000934210B522D8911F89B240F67A44A1426F
:10FB40001CD8063B9BB2A34218D88388B3F5FA7F32
:10FB500014D201339BB25343C08840F6C4125343BE
:10FB600042F210724243934208D20A3880B240F601
:10FB7000764398428CBF1220002010BD1220FCE773
:10FB80000E4B15391B68C9B24FF43C720E2902FBAB
:10FB9000003311D80A4A525CFF2A0DD093F85E1246
:10FBA00091424FF0010008D0D3F8643290401842DF
:10FBB00014BF0120002070470020704768210120F9
:10FBC0000C4607002DE9F047DFF87CA1584FDAF822
:10FBD0000030987E3B684FF000084546A3F53C7620
:10FBE000A84201D800209DE008F53C7203EB080410
:10FBF000B15C002940F098804FF43C72204630F010
:10FC000065FEDFF848914B4E01232370D9F814307C
:10FC10006360D9E90823C4E98623474B1B7B84F83A
:10FC2000943184F8C43284F8F03184F8043244F218
:10FC3000017245F20143A4F88E21A4F8FE3145F289
:10FC400001127388A4F8BE22A4F82C3245F20132C6
:10FC5000DAF80030A4F8EA21DB8BB288A4F82E226F
:10FC6000FB2B28BFFB23A4F828329B0103F57473F8
:10FC7000A4F82A32314BADB2C4E98C3340F20113FF
:10FC8000A4F8443004F50C71A4F88C51A4F8BC52CB
:10FC9000A4F8E851A4F8FC51204600F034FD04F526
:10FCA0000A71A4F83A02204600F02DFDB37D84F8D5
:10FCB0003E3299F8383084F8CA32F37D84F84A32FB
:10FCC000B369C4F84C3240F20223A4F84032022354
:10FCD00084F842321A4BB28A1B68A4F83802A4F89E
:10FCE0003C221BB11B680BB128469847D4F81C3244
:10FCF0009B070BD5002384F8D132012384F8D2323C
:10FD0000104BC4F8D432052384F8D8320BF0C2F972
:10FD100099F800300120013389F800300CF02CFBF9
:10FD200038684044BDE8F0870135904658E700BF89
:10FD30006821012040310120003101201B004801D1
:10FD40006C210120E2BF0F0088300120C03001206B
:10FD50002DE9F341044600F02CFFFFF7B1FE2046E9
:10FD600000F094FE264F064604F5B4780DF1070125
:10FD700040461AF0A6F9054680BB224B1D68224B6F
:10FD8000651B2D115D43214BADB25B6831462846A2
:10FD9000984704F5C4701AF08CFA04F52E701AF026
:10FDA00088FA04F5F2701AF084FA04F5FC701AF07F
:10FDB00080FA174B1B681BB15B680BB1284698474C
:10FDC000002323700BF06EF9124A13780120013BD7
:10FDD00013700CF0E7FA02B0BDE8F0819DF807302F
:10FDE000FF2B08D01EF090F93B7801333B701EF0DA
:10FDF0008DF90136F6B228461AF04AF9B6E700BF87
:10FE00004031012068210120CF467D67003101206B
:10FE10006C210120C030012070B590F81D3190F8A0
:10FE20001C21013113FB01F313449BB2242B044624
:10FE300009D94DF668525A43520D02EBC20102EB4A
:10FE400081029A1A93B2D4E94826C3F12005A3F19E
:10FE50002001DA4006FA05F52A4326FA01F10A43A1
:10FE6000D8B2D20784F81C010AD494F81E219A4211
:10FE700003D8122A07D9831AD8B2204490F828014F
:10FE800070BD831AD8B28242FBD9F6E7F0B5D0E94B
:10FE9000487600221346C3F12005A3F1200427FA77
:10FEA00003F106FA05F5294326FA04F42143C907AC
:10FEB00042BF8118013281F828310133252BEAD164
:10FEC00080F81E21F0BD000037B5014604466846A3
:10FED00003F0AEFB2F4ABDF8003011688A7E9A42CB
:10FEE00009D820461AF0D4F82B4BBDF800005B6807
:10FEF000012198470AE04FF43C725343274A1268A5
:10FF0000D518D35C23B920461AF0C2F803B030BD2F
:10FF10006B78032BE5D0224A9DF8023012680AB9AB
:10FF2000032BDED0032BBDF8042000D072B3C98BA5
:10FF3000914207D2002BD4D1002AD2D1012385F8D7
:10FF40008431CEE71EF0E0F8164A1378013B1370B7
:10FF50001EF0DCF895F89B3105F5B47083B91AF002
:10FF600033F9284600F0E3FB234601466A4628465B
:10FF700000F010FC084B0221187B1EF0D1F8C5E7F9
:10FF80009DF8001022461AF086F8BFE7002BD5D066
:10FF9000A7E700BF8830012000310120682101203F
:10FFA0006C2101204031012070B50C4B0C4D1B68B9
:10FFB0009C7E4FF43C76013C2A6806FB04F3D01883
:10FFC000D35C2BB9631E0CB9204670BD1C46F3E709
:10FFD00000F0CEFD0028F5D0F7E700BF8830012003
:10FFE00068210120FFF76CBD034B4FF43C721B6886
:10FFF0005043185C704700BF68210120024B1B680A
:020000024000BC
:1000000003B1184718467047E8200120034B1B68CE
:100010004FF43C7202FB0030807870476821012069
:10002000044B1B684FF43C7202FB003090F91A013C
:10003000704700BF68210120044B1B684FF43C72DD
:1000400002FB003090F93A00704700BF68210120A0
:10005000044B1B684FF43C7202FB0030D0E94801AE
:10006000704700BF68210120044B1B684FF43C72AD
:1000700002FB0030D0E98601704700BF68210120F3
:10008000044B1B684FF43C7202FB003090F84400B4
:10009000704700BF68210120044B1B684FF43C727D
:1000A00002FB003090F84500704700BF6821012036
:1000B000054B1B684FF43C7202FB0030437A194237
:1000C00014BF0120002070476821012038B5044684
:1000D00004200D4619F0D0FF014678B1084B1B688B
:1000E000C570E41A074B24115C4301238370064B4F
:1000F0000480187BBDE8384019F0D3BF38BD00BF7D
:1001000068210120CF467D67003101202DE9F743AA
:10011000224F234E3B684FF000089C7ECDF80480B0
:100120001DF0F2FF4FF43C73651E5C433368A4F589
:100130003C74234401AA197821B193F88011A95481
:1001400083F88081013D691CA3F53C73F3D11DF058
:10015000DDFF3B68DFF84C909C7E01AF013C4FF423
:100160003C78E15D21B1D9F804300BB1A0B29847D9
:10017000356808FB045595F89B3143B105F5B87017
:100180001AF022F818B12A212846FFF79FFF631EB4
:1001900014B903B0BDE8F0831C46E2E788300120C3
:1001A00068210120003101202DE9FF410023454E47
:1001B000454FDFF82481ADF806300DF1060000F060
:1001C000AFFC044620BB414F3B689D7E1DF09CFF69
:1001D0003368013D4FF43C7003F2811302AE00FB23
:1001E00005F2995CA955013D9C54F8D21DF08EFF93
:1001F0003B68374D9C7E013C315D19B1AB680BB15A
:10020000A0B29847631E002C59D104B0BDE8F0811C
:10021000BDF806304FF43C7253433268D518D35CB6
:100220002BB900F061FC0120FFF74AFCC5E721462D
:1002300002A803F00EFA3B689BB1214605F14C0081
:100240009847B0B195F865305BB1D5F8F41105F574
:10025000FC701AF02BF8D5F8E01105F5F2701AF0E1
:1002600025F89DF80830022B0ED8E3B195F89A31A5
:10027000A3B1204600F038FC0120FFF721FC482103
:100280002846FFF723FF98E7032B0CD1114B1B687F
:1002900013B12146284698472046C2E72146284602
:1002A00000F04EFC89E7D8F80030002BF4D05B69F1
:1002B000002BF1D0BDF80600214698477DE71C468B
:1002C0009AE700BF682101203C21012088300120ED
:1002D00000310120EC2001206C210120B0F8143104
:1002E000B0F818210433534303EBA30213F00303C4
:1002F00018BF012313448B4205D2012903D0C91A28
:10030000012938BF012108467047F8B54B7D046AC2
:100310000E6A012B07460D4607D18B6A1B78043BFA
:10032000012B02D8637813B92F463846F8BD94F8EC
:1003300099C196F899316345F6D8D6F89031B6F858
:1003400018214FF47A7040F2E24143434A43B3EB41
:10035000420FE9D3BCF1000FE7D1D4F89031B4F8E3
:10036000182143434A43B3EB420FDED396F85E3283
:10037000FF2BD9D194F85E32FF2BD6D106F5B87099
:1003800019F022FF0028CFD004F5B87019F01CFF37
:100390000028CAD0B6F81831B4F81821B2EB930F80
:1003A000C2D3B3EB920FBFD2BFE7000008B50CF089
:1003B00087F8142813D91E2813D9322813D94B28AB
:1003C00013D9642813D9962813D9FA288CBF002092
:1003D0000120094B93F838301844C0B208BD0720FB
:1003E000F7E70620F5E70520F3E70420F1E703200F
:1003F000EFE70220EDE700BFC030012010B5044652
:10040000FFF7D4FF40B220B9012C14BF00204320D5
:1004100010BD072801D1002CF7E70020F8E7000005
:100420004FF43C735843084B1A681318105C48B1DA
:1004300093F83820042A04D1586919B19B690B60DC
:1004400070470020704700BF6821012030B58378D5
:10045000B0F81841A3B9B0F816314069CA1A92B27F
:1004600047F6FE75AA4284BF591A8BB240F2E245A4
:1004700095BF6243634305FB020005FB130030BDDB
:10048000B0F8FA30D0F800014A1CD21A92B247F6FE
:10049000FE75AA4205D8624340F2E24303FB020024
:1004A000EDE75B1A013B9BB2634340F2E24202FB81
:1004B0001300E4E7054B1B684FF43C7202FB00336A
:1004C000D3F8E43203B11847184670476821012079
:1004D000104B1A6AD1054CBF03230123120548BFF4
:1004E00043F004035A0002F0080230B5134300F54C
:1004F000AC7100F5AE740122134214BF7E257F2536
:1005000001F8015B52008C42D2B2F5D17F2380F812
:10051000213230BDC0300120020202F00F3200F063
:10052000F0300243130103F0333302F0CC321343B3
:10053000980000F0553003F0AA331843C009704703
:10054000F8B50146B0F84E41B0F816016040FFF72B
:10055000E3FF00EB0010204480B2FFF7DDFF00EB6B
:100560000010204480B2FFF7D7FF00EB00102044BA
:100570004440A4B24DF6685363435B0D03EBC302E2
:1005800003EB8203E31A9EB2D8B2D1E94837C6F131
:100590002005A6F12002F34007FA05F52B4327FAC0
:1005A00002F21343DB0758BF91F81E3181F81C019A
:1005B0005EBF634301EB134191F82801F8BD0000D1
:1005C000064B074A5A60074B1B681B79082B81BFF3
:1005D000054A136A43F4804313627047E020012008
:1005E00041050400883001200031012008B51DF0CC
:1005F0008BFD044A137801331370BDE808401DF0E9
:1006000085BD00BF40310120022809D003280AD04F
:1006100001F10E00C0008242A8BF024690B27047AE
:100620000F318800F7E7B2F5296F4FEA811000F526
:10063000747038BF4FF429629042A8BF104680B250
:10064000704738B583780446DBB143685B0518D53D
:10065000B0F81431ABB120F0F7FEB4F818510146F0
:1006600040F2E24360695D430BF056FF854208D2D9
:10067000012384F8093104F10C00BDE838400CF086
:10068000FBBA38BD2DE9F047174A184FDFF86490E0
:10069000002313603A68D48B154A1A345443640D0E
:1006A000C9E90033E4000E46054610340146984679
:1006B0003B68DB7E434503D8481B80B2BDE8F0872A
:1006C0008B071CBF21F00303191D01EB040AAAEBE1
:1006D0000503B34206D8484619F002FD08F10108A7
:1006E0005146E5E70020E9E77C2101208830012020
:1006F000692F01007021012080F83F12704700230C
:1007000080F83F32704738B5CA880C46054689885C
:1007100090F84400FFF778FF62882188034695F837
:100720004500FFF771FF1844963080B238BD90F84D
:100730003F1290F84420B0F8363251B1012A06D069
:10074000022A08D101F00102C2F10202D2B2490725
:1007500017D4022A10D0032A13D06F2B18D9503B7C
:10076000DB10043B9BB2B0F834021B2B38BF1B23B9
:10077000984228BF184670473B2B09D92C3B9B1049
:10078000EFE7B3F5747F03D3A3F534739B11E8E768
:100790000023E8E72DE9F04F89B007461C4648489A
:1007A000938802938846154619F0ACFC064600B3C0
:1007B00000F108030193AB8883819845424628BF26
:1007C0001A464FF0000803928273221D80F80F80B2
:1007D0008260C346029B9B451BD307F5B870019A04
:1007E000297819F058FC384609B0BDE8F04FFFF7FA
:1007F00028BF204619F04CFC324B28885B68012149
:100800009847FFF7F3FE072009B0BDE8F04FFCF76B
:1008100009B8029B0399A3EB0B039BB28B4228BF41
:100820000B465FFA88F90093AB8009F10103019947
:10083000DB0003F1020A8A44A9780020069069B31C
:10084000012931D0CDE9042306A9009B8DF81C3085
:10085000504602F0B4FE1C4B049A1C6806EBC90912
:10086000022189F8101064B1059B019904330B44EF
:1008700007F14C005146A047041E18BF0124049AFA
:10088000A400012389F81140AB70009B5B441FFA60
:1008900083FB009B08F101081A449BE702208DF8B6
:1008A000180087F88411CDE78DF8181097F8841197
:1008B0000129C7D102218DF818104FF00001F0E78F
:1008C0007021012000310120402101200E4B70B524
:1008D0001E6804460A468D1E2EB111F8013C4C30AC
:1008E0000B442946B0472A4604F5B870FF2119F099
:1008F000D2FB064B0221187B1DF012FC2046BDE8FE
:100900007040FFF79EBE00BF402101200031012052
:1009100037B50546063019F0AFFB044638B103235E
:10092000694600938DF8045002F049FE04442046C5
:1009300003B030BDF7B500F5B8770E4638460DF177
:100940000701154619F0C6FB0446002843D0384677
:1009500019F046FC9DF80720FF2A034632D0E079C3
:10096000A779A18800FB07FC04EBC00E3A460130D2
:1009700067448F424FEAC0009EF80870378000F14C
:1009800002072744776027686744C8BFA1EB0C02C1
:10099000F7609EF80970C8BF92B2328177B1043017
:1009A000204470613782032053B162449142D4BF26
:1009B00000230123DBB22B7003B0F0BD0220F3E76C
:1009C0000123F7E762787460B0FA80F302325B09C2
:1009D00032800120EFE70346EDE7000037B500F570
:1009E000B8740DF10701204619F074FBB8B19DF8F9
:1009F0000720FF2A07D0C17983794D1C01FB0333FF
:100A000081888B4209DB074B1860074B0DF107010A
:100A100020461A7019F055FB00E0C571012003B0A3
:100A200030BD00BF7C2101207821012070B5134E1C
:100A30000546306800B3124B1B78FF2B19D00446D3
:100A400054F80809043819F023FB0E48214619F020
:100A500047FBFFF7CBFD95F88031013385F88031F6
:100A600000233360084BBDE87040187B04211DF063
:100A700057BB19F00DFBF3E770BD00BF7C210120CF
:100A8000782101207021012000310120F7B5114F9C
:100A9000002500F5B8760DF10701304619F011FB7D
:100AA000044610B9284603B0F0BD9DF80730FF2B6F
:100AB0000DD054F80809043819F0EAFA0135214636
:100AC000384619F00DFBEDB2FFF790FDE3E719F0A2
:100AD000DFFAE0E7702101200C3008B580B219F090
:100AE000CBFA00B1023008BD023819F0D1BA0000CB
:100AF00008B5134600F8021C090A00F8011C821E02
:100B0000D9B2054819F0C7FA044B0121187BBDE89A
:100B100008401DF005BB00BF483101200031012015
:100B200013B504460DF10701044819F0CAFA18B1CB
:100B30009DF807302380023002B010BD48310120FB
:100B4000094B0A4A1B68C31A1B11534310B50446CC
:100B50008A1E00F5BC70D9B219F09DFA94F8813163
:100B6000013384F8813110BD68210120CF467D67B3
:100B70001FB500F5BC700DF1070119F0A2FA04468B
:100B8000A0B183789DF80720ADF8082003F0030397
:100B9000012BC27802D0022B18BF032302A92046E2
:100BA000ADF80C208DF80A3002F0FAFC204604B0B3
:100BB00010BD73B5002400F5BC750DF10701284682
:100BC00019F07FFAE6B2013410B9304602B070BDB8
:100BD00019F05EFAF1E700002DE9F84F0025DFF883
:100BE0007880DFF87890DFF878A006460F462C462C
:100BF000D8F800309B7E1FFA85FB5B4502D8204663
:100C0000BDE8F88F5846FFF7EFF900B35846FFF7F5
:100C1000FDF9E0B9D9F800300BB1584698471621D4
:100C20005846FEF7ADFF01284FF0100008BF0C2416
:100C300019F022FA014660B1C0E9026741F201638E
:100C4000A0F800B043809AF80C0019F02AFA013598
:100C5000CEE70C24D3E700BF883001209830012074
:100C60000031012002884FF43C714A43074909686A
:100C7000034688188A5C42B1054AD97813608378A4
:100C80000BB903F013B903F0E1B9704768210120F3
:100C9000642101202DE9F0410E4E0F4F00244FF446
:100CA0003C7833689B7EA34201D8BDE8F0813A6866
:100CB00008FB04F3D518D35C53B105F5B87019F0EF
:100CC00083FA28B9AB781BB92921284603F0EEF83E
:100CD0000134E6E7883001206821012008B5F3F7E8
:100CE000A1FCF3F789FB0BF065F80BF069F900F054
:100CF0005FFBBDE808400AF0FBBA000010B50378BE
:100D00000446B3B182780B4802F04AFEA37818B1CA
:100D10001E2808D00D2100E00C2120462BB9BDE88B
:100D2000104003F0C3B80E21F7E7BDE8104003F010
:100D30008DB910BDF02001208378FF2B70B50446DB
:100D400012D00B4BBDE870401860FFF78BBF2046F8
:100D50003460FFF787FF238801339BB22A68238022
:100D6000927E9A42F3D870BD024D014E0023F5E702
:100D70006421012088300120F8B52C2204460D465C
:100D800000F1380600210C302FF0A0FDC022002118
:100D900030462FF09BFD002384F81C31A4F8163157
:100DA000D5E90623C4E9482395F82A3084F81D3193
:100DB0002B8CA4F818316B8CA4F81431AB8C03EB9A
:100DC000830347F230515B00C4F8F411A4F8863174
:100DD000FF272046FFF782FA84F85E726B69C4F839
:100DE00050312B69C4F8E001C4F854312046FFF7B4
:100DF0004DF82B6983EA1342A4F84E21042284F8AB
:100E00003820214A126892F8202084F83A20E363BF
:100E10006B69236440F20115022384F846302046B2
:100E2000A4F84450FFF754FB012384F8663004F51E
:100E30000C7184F85C712046FFF765FC04F50A71BB
:100E4000A4F83A022046FFF75EFCB4F83A32A361F8
:100E5000B4F81831A4F8380240F2E2425343E36197
:100E60000A4B63620A4B2584C4E90A34094BC4F86F
:100E70009830094BC4F89C30084BC4F8A030084B9C
:100E80006663C4F8A430F8BD8830012005B10300C2
:100E9000D1B403003DB00300EDB00300EFB4030094
:100EA000FDB4030038B5184D2A68138E92F82E1041
:100EB000128D013311FA83F3062101FB023303EB98
:100EC000930113F0030318BF01230446194400F5EE
:100ED000C47019F0EBF92A6892F83D3084F84D316E
:100EE00092F83E2084F8452084F84420074A2046A2
:100EF00052F823300021984784F8390004F10C009F
:100F0000BDE838400BF004BF64210120E02001203F
:100F100008B51C4B1C4A5A601C4B1D4A5A601D4B9D
:100F20001D4A1A601D4A5A601D4A9A601D4B1E4A8E
:100F30009A601E4ADA611E4B1E4A1A601E4B1F4AF7
:100F40001A601F48FBF7B2FC00F032FA1D4B1B6819
:100F50001979062906D91C4A0729136A03D143F0D7
:100F60000E03136208BD082902D143F02E03F8E7EF
:100F7000092902D143F48033F7E714491943116278
:100F8000F0E700BF280C0120DD0C0400DC0B012081
:100F9000390D0400B00B0120A9010400950C0400D8
:100FA0000D010400F02E0120394B0400B14404006F
:100FB000EC200120FD0C0400E020012019FE0300BC
:100FC000D90B040088300120003101202E000105DA
:100FD00008B509F0BFFF20F07F4008BD08B509F053
:100FE000B9FF00F00702C0F3012305321344C0F338
:100FF0000040184408BD00004FF43C735843064BB2
:101000001A681318105C30B193F83820052A01D102
:1010100058697047002070476821012002884FF40A
:101020003C714A4305490968034688188A5C22B125
:10103000034AD978136003F009B87047682101208A
:101040006421012030B589B00546FEF7BBFD04469A
:10105000E0B11B4B1D60012383700B2102F0F6FFF2
:1010600001200BF09FF995F83F3033B3154B2878EA
:101070001A68154BA21A12115A4395F8403092B2D1
:10108000002109B0BDE8304009F0D3BF0923069321
:10109000D5E91623CDE90423D5E91423CDE90223AC
:1010A000D5E912230790CDE90023012195F83C30C2
:1010B00005F10802F5F78CFCD2E709B030BD00BF9E
:1010C0006421012068210120CF467D6710B5037897
:1010D000044683B18278084802F062FC18B11E28E9
:1010E00007D00D2100E00C212046BDE8104002F0A1
:1010F000ADBF0E21F8E710BDF02001208378FF2B53
:1011000070B5044612D00B4BBDE870401860FFF775
:1011100085BF20463460FFF781FF238801339BB2EF
:101120002A682380927E9A42F3D870BD024D014E08
:101130000023F5E7642101208830012010B5044622
:101140000BF0BEF9072C28BF0724034B33F81430EB
:10115000184480B210BD00BF1C4607002DE9F74FB0
:10116000864F00F10C083D6800F138092C2200215F
:10117000044640462FF0AAFBC022002148462FF02B
:10118000A5FB95F84130002B00F0E18095F83E304A
:10119000032B14BF022603262B8E1E4495F83D30E8
:1011A00084F84D31D5E90823C4E948234FF0010BF9
:1011B000A4F8FAB095F8323084F81D312B8DA4F8DC
:1011C000183195F83300FFF7B9FF6B8DA4F814318F
:1011D000AB8DA4F8F80003EB830303FA0BF347F29B
:1011E0003051A4F88631C4F8F4112046FFF776F8A0
:1011F0004FF0FF0A84F85EA2EB69C4F8E001C4F87E
:10120000503195F82E302A8DB6B23344062101FBB9
:10121000023303EB930113F0030318BF5B46194439
:1012200004F5C47019F042F82046FEF72FFEAB69B2
:1012300083EA1342A4F84E21052284F83820504A4C
:10124000126892F8202084F83A20E363EB69236463
:101250003B6893F83E3084F8453084F844302046AB
:10126000FFF736F984F85CA104F50C7184F866B0D8
:101270002046FFF748FA04F50A71A4F83A0220461E
:10128000FFF741FAA4F8380295F82E50B4F8F81098
:10129000DFF814A140F2E2435D435E437019FBF7AF
:1012A000D1FA3B68B4F83A729B6BC4F834901E4490
:1012B00040F201132384334B6362334BDFF8EC902D
:1012C000C4E90A34314BC4F89C30C4E93F56304B72
:1012D000C4F8A030361A2F4B66612F4405EB0B067D
:1012E00007EB400706EB4006C4F8A4302A4BA76181
:1012F000C4F89860C4F8A83094F84D31002159F82A
:10130000233020469847514684F8390040460BF078
:101310000BFBB4F81811E0B9B4F816510135ADB2B1
:1013200040F2E243A4F816514D435D432846B4F819
:10133000F810FBF787FAD4F800311D442D1A3B183A
:1013400006EB40006561A361C4F89800D4E701266C
:1013500022E7124B1868124B201A00115843114B08
:101360000093B4F83A2240F2E24401236143C0B250
:101370000AF02EFE03B0BDE8F08F00BF642101200B
:1013800088300120C1B7030005BD030025B7030065
:10139000BDB7030019BD030025BD0300682101206E
:1013A000CF467D67F90F04000B030400E020012005
:1013B000054B1B689B7E4FF43C725A43034B002144
:1013C00018682FF083BA00BF8830012068210120FF
:1013D00008B51C4B1C4A5A601C4B1D4A1A605A68BF
:1013E0000AB91C4A5A601C4B1C4A1A601C4A9A6073
:1013F0001C4B1D4A9A601D4ADA611D4B1A680AB9D6
:101400001C4A1A601C4B1D4A1A60FFF7D1FF1C4B87
:101410001B681979062906D91A4A0729136A03D1C4
:1014200043F00E03136208BD082902D143F02E03D6
:10143000F8E7092902D143F48033F7E71249194349
:101440001162F0E7280C01208D140400DC0B012050
:1014500045100400FD100400B00B0120A901040098
:101460000D010400102F0120E94E0400B1440400D6
:10147000EC200120CD100400E020012019FE030023
:1014800088300120003101202E00010508B5F3F756
:10149000C9F80AF08FFC0AF093FDFFF789FFBDE859
:1014A000084009F025BF000070B5037804460E46D9
:1014B00033B38278134802F073FA054638B9A3783B
:1014C000B3B10C212046BDE8704002F0BFBDA27848
:1014D0000C48314602F09CFB0028F0D01E2DA3786A
:1014E00001D01E280AD10E212046002BEBD101E0AD
:1014F0000C212046BDE8704002F0D8BC0D21F3E776
:1015000070BD00BFF020012008B5FFF701FD0F4BB3
:101510000F4A1A600F4A5A600F4B104A1A60104B5C
:10152000104A1A60104B114A1A60114B114A1A6086
:10153000114A136A43F001011162104909680979DF
:10154000062984BF43F01103136208BDF02E012069
:101550007153040019580400EC200120A914040060
:10156000302101205528060040210120C92806000D
:101570003C2101206D290600003101208830012026
:1015800070B5037804460E46D3B182780D4802F058
:1015900007FA054628B90C212046BDE8704002F044
:1015A00055BDA2780748314602F032FB0028F2D040
:1015B0001E2D01D01E2801D10E21EDE70D21EBE7F4
:1015C00070BD00BFF0200120104B114A1A60114A73
:1015D0005A60114B1A680AB9104A1A60104B114A26
:1015E0001A60114B114A1A60114B124A1A60124AC2
:1015F000136A43F00101116210490968097906294B
:1016000084BF43F011031362FFF7E2BE102F0120E5
:10161000C156040019580400EC2001208115040073
:10162000302101205528060040210120C92806004C
:101630003C2101206D290600003101208830012065
:10164000044B1B684FF43C7202FB0030D0F8F401ED
:10165000704700BF6821012038B5114B1C684FF45A
:101660003C7303FB004420460D46FEF737FE8542DF
:1016700013D094F86530C4F8F451C4F8E00153B1C4
:10168000294604F5FC7018F011FED4F8E01104F5B9
:10169000F27018F00BFE012000E0002038BD00BF02
:1016A00068210120C07802F00FBE00002DE9F0474C
:1016B000634CDFF8B4A1634D81460E46904600218D
:1016C000282204F19C001F462FF000F904F1C80302
:1016D000C022002118462FF0F9F85B4BC4F8C40073
:1016E0004FF48172C4E92D339AF80800A4F8B020B1
:1016F000022384F8C830FBF77DF995F82830534A67
:1017000084F8CA30524B84F8C900C4E9332340F24C
:10171000011394F84220A4F8D4300323A4F8103124
:101720000AB1A4F812319AF8083084F849312D2012
:10173000484BC4F8383118F09FFC474BC4F840318F
:10174000C4F82801FBF79CF8A065FFF741FC0123D2
:1017500084F86E30B4F88230A4F86830B9F80430F8
:10176000A4F86A30B9F80630A4F86C30D5E90C2337
:10177000E065C4E91823FFF731FC84F87200FEF736
:1017800015FE052384F88831222384F88C312B6AD6
:1017900084F87300C3F3803384F8893194F84130BE
:1017A000DB0749BFD5E906232C4BC4E94623D4F80F
:1017B000143153BFD3E90C2343F00203C4F81431AE
:1017C000C4E94623D4F8143143F00102C4F81421CB
:1017D00095F829201AB143F05103C4F81431D4F814
:1017E0001401C0F3400384F88A31D4E94623C4E9E4
:1017F000122394F8423093B906F00106C4E9148725
:10180000C4E9488784F88B611EB140F00800C4F831
:101810001401D4F8143143F00403C4F8143110490E
:10182000A1F5C47000F0DAFF0E49204401F022F85F
:101830002423C4F82C4184F84831BDE8F08700BF68
:1018400080210120C030012089BE0300D6BE898ED0
:1018500055555500F9BE030059C003000031012061
:1018600008230120C82101205C31012010B50C4C57
:101870000AF032FEE38F40F27122534300F2CC4073
:10188000C4F8A800C4F8AC3004F19C000023A4F80C
:1018900098300AF0FBFFD4F8A430A36310BD00BF5A
:1018A0008021012002484FF4CC7200212FF00EB8A5
:1018B00080210120034B044ADA60044B044ADA60B9
:1018C000FFF7F0BF280C0120D5180400DC0B012025
:1018D000A5160400FFF7E6BF034B93F82400003879
:1018E00018BF0120704700BF802101204FF47A7398
:1018F0005843034B185C003818BF0120704700BFE5
:10190000282301202DE9F843044600F50E77894687
:10191000164600212C2200F503701D462EF0D6FF3E
:10192000C022002138462EF0D1FF40F20313A4F864
:101930002032614BC4F83472604FDFF8A081387AEE
:10194000C4F82C42C4E98933022384F83832FBF707
:1019500051F898F928205A4984F83A22594A5A4BA2
:1019600084F83902C4E98F1294F86A209C420CBFB3
:101970000323012384F84532D00784F844324FF022
:101980008303A4F8803248BFA4F882323B7A84F8FB
:10199000B9324E4BC4F8A8324D4BC4F8AC32422099
:1019A00018F06AFBC4F89802002800F08280494BC6
:1019B000C4F8B032FAF764FFA063FFF709FB012314
:1019C00084F84E30B4F86230A4F84830B9F80430E6
:1019D000A4F84A30B9F80630A4F84C30D8E90C2302
:1019E000E063C4E91023FFF7F9FA84F85200FEF728
:1019F000DDFC052384F8D831222384F8DC3194F807
:101A00006B3084F85300DB0749BFD8E90623324B1B
:101A1000C4E9A223D4F8843253BFD3E90C2343F0A2
:101A20000203C4F88432C4E9A223D4F8843243F018
:101A30000102C4F8842298F8292004F128071AB179
:101A400043F05103C4F88432D4F88412C1F3400344
:101A500084F8DA31D4E9A223C4E90A2394F86A307D
:101A6000A3B99DF8200000F00100C4E90C65C4E9A9
:101A7000A46584F8DB0118B141F00801C4F88412B0
:101A8000D4F8843243F00403C4F8843204F17805B6
:101A900004F5EC71284600F0A1FE3946284400F018
:101AA000E9FE2423C4F89C5284F8B8320020BDE833
:101AB000F8831F20FBE700BF65C103005C310120F4
:101AC000D6BE898E55555500F82A0120C1C30300A2
:101AD000E5C3030031C2030000310120C030012002
:101AE00010B504460AF0F8FC638B40F271225343B0
:101AF00000F2CC40C4F81C320023C4F81802637012
:101B0000A37004F503700AF0C1FED4F814326366C2
:101B100010BD00002DE9FF4DC17883784A1E012ACF
:101B200004464CD9A3F1FF077B427B412288344D08
:101B3000FF2AA87A45D0002B43D140FA02F3DE07F2
:101B400006D5304B4FF47A7000FB023002F0D8FB20
:101B5000E378012B51D12C4B2A4F1E68B846002444
:101B6000AB7AB1792341DA07D6E902AB3AD4013432
:101B7000032C08F57A78F3D100246C72D6E902239D
:101B8000C5E90023DFF88480B3792B724FF43C76EB
:101B9000AB7A2341DB070CD5B7F86000D8F80030EA
:101BA00007F1280106FB0030FFF7E6F83846FFF79B
:101BB00097FF0134032C07F57A77E9D11DE0012363
:101BC000B4E7104F0026AB7A3341D80704D5384626
:101BD000039102F095FB03990136032E07F57A77FE
:101BE000F1D1B5E7737901933379009352465B469F
:101BF0004046F5F745FC0028B9D004B0BDE8F08DAB
:101C00001823012028230120700C012068210120C5
:101C10002DE9F8430021044600F54A77164600F501
:101C20003E702C221D462EF051FEC0220021384667
:101C30002EF04CFE4FF48173A4F80C33344B35482E
:101C4000C4F82073C4E9C433062384F82833324B24
:101C500094F86B1093F8282084F82A232F4AC4F8AC
:101C60001843C4E9CB0294F86A004FF4C072C70766
:101C700048BFA4F87223A4F87023012284F8A42397
:101C8000274AC4F88C23D4F87423C90751BF254AC6
:101C900042F00202C4F87423D3E9068958BFD2E99E
:101CA0000C89D4F8741393F8293041F001024CBF29
:101CB000C4E9DE89C4E9DE89C4F874231BB141F0AC
:101CC0005101C4F8741388B99DF82030DB0742BF76
:101CD000D4F8743343F00803C4F87433D4F874337D
:101CE000C4E9E06543F00403C4F8743304F17803F5
:101CF000C4F888332423002084F89C330A4BC4F8AA
:101D000090336070A07084F80802BDE8F88300BFCB
:101D1000CDC10300D6BE898EC03001205555550077
:101D200081C403000031012059C6030008B540F604
:101D3000B832002106482EF0C9FD064B10220021C2
:101D400018462EF0C3FD044901220A73827208BDB1
:101D50002823012018230120C030012008B5084B9A
:101D6000084ADA60084B094A5A62094B094A1A6064
:101D7000FFF7DCFF084B4FF47A729A8208BD00BF70
:101D8000280C01209D1D0400DC0B0120151B040004
:101D90008C300120ED18040000310120FFF7C6BF90
:101DA000034A012303FA00F0937A184390727047B4
:101DB00018230120044A012303FA00F0937A23EA4E
:101DC00000009072704700BF1823012030B50A4B05
:101DD000044629B14FF47A7505FB00350868A861FF
:101DE0004FF47A7101FB043000F11C035168106854
:101DF00003C39068186030BD2823012038B504461D
:101E000004200D4618F038F9014690B17CB1094B19
:101E1000E41A094BE4105C43A4B209238B70074B0E
:101E20000C80CD70187BBDE8384018F03AB9FF241B
:101E3000F3E738BD28230120D578E92600310120B9
:101E4000014B024ADA607047F02E0120695A040003
:101E5000B2F5706FF8B505460E46144633D2022A25
:101E600033D84FF430731C4A6343D118D35C63B347
:101E70004B78012B29D1194B1B689B7E834226D9B5
:101E8000174A4FF43C7311684343CA18CB5CF3B153
:101E9000D2F818329B014FF000071AD592F814328D
:101EA000BBB10A2018F0E8F860B142F20123438088
:101EB0000C4B05808780C48006810146187B18F092
:101EC000F0F83846F8BD1220FCE74220FAE702207D
:101ED000F8E71A20F6E700BF8816012088300120B5
:101EE0006821012000310120F8B51D4B1B689B7E45
:101EF000834204460E46154601D80220F8BD10461E
:101F0000FCF7AEFB30B390F82171012F24D1154AB4
:101F10004FF43C7311686343CA18CB5C002BECD0C0
:101F2000D2F818329B0119D592F81432B3B10A20B5
:101F300018F0A2F80028E1D042F2012343800A4BB6
:101F400004808780C58006810146187B18F0A9F8B7
:101F50000020D3E74220D1E70C20CFE71A20CDE7BD
:101F600088300120682101200031012030B50B4C60
:101F70002468A47E84420FD94FF43C746043084C1B
:101F800025682C18285C38B184F84A12A4F84C2231
:101F9000A4F84E32002030BD0220FCE7883001203A
:101FA00068210120074B084A1A60084B084A1A604A
:101FB000084B094A1A60094B094A1A60094B0A4A38
:101FC0001A6070474C21012011770300482101203D
:101FD0002979030060210120517B03005021012059
:101FE0006D7B0300442101208D7B0300034B0448DB
:101FF0001B7B0373034B196818F052B900310120A1
:10200000E02E0120683101202DE9F84F164C804662
:102010000F4616461D46DDE90AAB1CF075F894F82C
:1020200004901CF073F8B9F1030F1AD8182018F0B7
:1020300023F80146A8B1C0E902AB40F20623438071
:102040000A4B06714571C0E90487187B18F029F81E
:102050001CF05AF8237901332371BDE8F84F1CF0C6
:1020600055B8BDE8F88F00BF68310120003101206C
:1020700038B5C378012B02D0022B06D038BDF3F758
:1020800027FABDE83840FFF7B1BFD0E90445017930
:10209000421D00F10803204661B12946F3F772F9A9
:1020A0001CF032F8054A1379013B1371BDE8384042
:1020B0001CF02CB82946F3F7B9F9F1E76831012093
:1020C000014B1860FFF792BF6831012008B50D4B36
:1020D0000D4A9A61002110220C482EF0F7FB0C4BA0
:1020E0000C481B681B79072B81BF0B4A136A43F00E
:1020F00040031362F2F7CCFF044B4FF48372DA8093
:1021000008BD00BFDC0B012071200400E02E01207F
:1021100088300120092004000031012008B5C9B22F
:1021200020F080FB012008BD10B58AB004462622AD
:10213000002168462EF0CAFB14238DF802300C4BA8
:1021400093F82230002B14BF002312238DF80430A3
:1021500020460DF1050304F1200250F8041B43F85A
:10216000041B9042F9D1684608F03CFF0AB010BD4C
:1021700070310120024B4FF40071187B1BF0D0BF6F
:102180000031012010B500F11F0300F10F029A4247
:1021900000D110BD01781C7800F8014B03F801193B
:1021A000F5E701F1200301388B4200D1704713F8A5
:1021B000012D00F8012FF7E700B589B0202168460E
:1021C00020F030FB05480CF005F868460CF008F8E4
:1021D000FFF7D0FF09B05DF804FB00BF1D2104002C
:1021E00000B589B001466846FFF7DBFF05480BF0F4
:1021F000F1FF68460BF0F4FFFFF7BCFF09B05DF894
:1022000004FB00BF1D21040010B50BF0FBFF0446CA
:1022100018B9FFF7AFFF204610BD0120FCE738B525
:1022200004460D460CF04AF82046FFF7ABFF04F1D8
:102230002000FFF7A7FF2846BDE83840FFF7A2BF00
:1022400070B5A2B0FFF7E0FF58B31749684610AE6B
:10225000FFF7E5FF4622002130462EF037FB13231F
:102260008DF842306A460DF1450508AB144603CCA3
:102270009C4228606960224605F10805F6D10DF1FF
:1022800065041A4603CAB24220606160134604F135
:102290000804F6D1304608F0A5FE034B002283F86F
:1022A000202022B070BD00BF7031012030B599B040
:1022B00004460D46014608A8FFF773FF04F120010C
:1022C00010A8FFF76EFF29466846FFF76AFF074828
:1022D0000BF080FF694608A80CF050F8044B4FF44F
:1022E0008061187B1BF01CFF19B030BD1D2104005C
:1022F0000031012010B50CF08DF8044638B9054BBB
:102300004FF48061187B1BF00BFF204610BD0120AD
:10231000FCE700BF0031012010B504460CF094F832
:102320002046BDE81040FFF72DBF000010B50E4C51
:1023300094F8223088B04BB92022FF2168462EF055
:10234000C5FA6846FFF7F0FE08B010BDFFF7D2FFF0
:102350000028F9D06846FFF7DFFF6846FFF7E4FE84
:10236000002384F82030EFE77031012030B591B0C0
:1023700004460D4601466846FFF713FF04F12001AD
:1023800008A8FFF70EFF68460BF0AEFF10F0FF0441
:1023900006D12DB1044B4FF48061187B1BF0C0FEB9
:1023A000204611B030BD00BF0031012038B50A48C9
:1023B00090F820506DB990F82140012380F820302A
:1023C00024B1FFF70DFF2C46204638BDFFF7F4FE81
:1023D000FAE70C24F8E700BF703101202DE9F04145
:1023E000114D95F8208006460F46B8F1000F18D120
:1023F00095F82340B4FA84F14909FFF7B7FF85F84F
:10240000220028B9002C18BF12242046BDE8F08114
:1024100001233946304685F820304446FFF746FF11
:10242000F3E70C24F1E700BF70310120F0B5164B43
:1024300099B06A4603F12005164618685968144693
:1024400003C40833AB422246F7D1104B08AA03F16C
:102450004007154618685968144603C40833BB4240
:102460002246F7D10A4B93F820405CB9012231464D
:10247000284683F8222083F82020FFF717FF204604
:1024800019B0F0BD0C24FAE72C4607004D460700B2
:1024900070310120074B084A5A62084A9A62084A7A
:1024A000136A43F000631362064B002283F8232073
:1024B000704700BFB00B0120412204002D2304000F
:1024C0000031012070310120014B024ADA6070476F
:1024D000102F0120B15F0400F8B500230B701378B2
:1024E000164603F03F029B0905460270437092B9FD
:1024F000741C2B78A21B9342A5BF01339B1A0022A8
:102500002246A6BF54FA83F4D9B21146A01B2A6210
:102510002977C0B2F8BD77780F708378F90743EA5E
:10252000070306F10204837006D5204617F036FF34
:10253000C5E9020106F10804BA0705D5204617F0DF
:102540002DFFC5E9040106347B0748BF0134380775
:102550000AD5627814F8023B03EB0223C3F30B02A3
:10256000C3F303332A83AB76F90644BF6C620334AA
:10257000BA0644BFAC6212347B0644BF14F8013B78
:10258000EB76B6E70B7803F03F0303700B78C3F3E9
:10259000801343700B78DB0983708A784B7803EBE8
:1025A0000223C3F30C02C3F342338280837170476A
:1025B0004A780B7803EB0223C3F30C020280C3F3C7
:1025C0004032C3F380338270C370CA788B7803EBD8
:1025D000022383804B798A791B0212049B180A79A3
:1025E00010B52CBF012400249B18CA794FEA02625F
:1025F00044F100049B180A7A42EB040202F01F0423
:10260000C0E9023452090274CB7A8A7A1B0403EBC4
:1026100002234A7A13440A7B03EB026343618A7BF9
:102620004B7B03EB0223CA7B03EB024383614A7CAF
:102630000B7C03EB0223838310BD4B788A781B024B
:1026400012049B180A7810B52CBF012400249B1893
:10265000CA784FEA026244F100049B180A7942EBFF
:102660000402C0E902328A794B7903EB0223038228
:1026700010BDF0B58B784C781B0403EB04230C7869
:102680002344CC78C3F30D0503EB0464C3F3803318
:102690008372C4F3CB33E40E0581838184738B7919
:1026A0004C791B0403EB04230C792344CC7903F00D
:1026B0001F0503EB0464C3F342130374C4F3132331
:1026C000240FC573436104768B7A4C7A1B0403EBA9
:1026D00004230C7A2344CC7AC3F3130503EB04647C
:1026E000C3F3035380F82030230EC5614384CB7BB2
:1026F0008C7B1B0403EB04234C7B23440C7C03EBFB
:1027000004634362CB7C8C7C1B0403EB04234C7C72
:1027100023440C7D03EB0464C3F313038362230D92
:1027200083858C7D4B7D03EB0423C3850B7E4D7E1F
:10273000CE7D2D041B0200245B192CBF01252546EC
:102740009B198E7E4FEA066645F100059B19CE7EE9
:1027500045F1000535441B1905F01F06C0E90C368C
:102760006D0980F838504B7F8E7F0F7F36041B0237
:102770009B192CBF01262646DB19CF7F4FEA07673E
:1027800046F10006DB1991F8207046F100063E4440
:102790001B1906F07F070135F609222AC0E9103718
:1027A00080F8486080F8385015D9012380F8493006
:1027B000D1F82130C0F84A30D1F82530C0F84E3079
:1027C00001F129035230393153F8042B40F8042B1E
:1027D0008B42F9D1F0BD80F84940FBE78A784B780D
:1027E000920142EA43120B781343CA7843EAC213B8
:1027F0000A7943EA02231BB20370C3F30723437031
:102800000220704770B5049EF47F0546063417F029
:10281000CBFDE4B2F27F3146A81D2EF02FF8204602
:1028200070BD10B5044617F0BFFDA01DDDE9022301
:1028300017F0BAFD0C2010BD38B5D1E900230C46C5
:10284000054617F0B1FDA81DD4E9022317F0ACFD31
:102850000C2038BDFFF7D6BF38B5D1E900230C46B0
:10286000054617F0A1FDA81DD4E9022317F09CFD31
:102870000C2038BD38B50C460546FFF7EDFF216941
:10288000228C295421692B18090A5970618A997080
:10289000E17CD970616919716169090A5971E18A2C
:1028A000997194F82610D971218D1972218D9A721F
:1028B000090A120A5972DA72628C1A73628C120A4D
:1028C0005A73A28C9A73A28C120ADA73A2691A74D0
:1028D000A269120A5A74628B9A74E27EDA74E2690F
:1028E0001A7594F82B1094F82A2042EA41125A756E
:1028F000222038BD0B784A7803F00F010170C3F332
:1029000040114170C3F38011DB09C3701346054ABF
:10291000817012681279082A98BF03F03F0303718F
:10292000022070478830012038B5044608460D461D
:1029300017F034FDC4E90001A81D17F02FFDC4E90C
:1029400002010C2038BD38B5054608460C4617F084
:1029500025FDC5E90001A01D17F020FDC5E9020114
:10296000A37B627B1B0403EB0223227B1344E27BE9
:1029700003EB02632B61627C237C03EB0223A27CCA
:1029800003EB02436B61E37C85F82630627D237D97
:1029900003EB02232B85E27DA37D03EB02232B8433
:1029A000627E237E03EB02236B84E27EA37E03EB35
:1029B0000223AB84637FA27F1B0212049B18227F39
:1029C0002CBF012100219B18E27F4FEA026241F1F6
:1029D00000019B1894F8202042EB0102C5E9063261
:1029E00094F8213003F01F025B0985F82A20222089
:1029F00085F82B3038BD10B590F82630028C082BA6
:102A000022D8931F9BB240F67A418B428CBF0023A1
:102A10000123018D914288BF0023828C0A3A92B231
:102A200040F676418A4288BF0023D0E9061212F0B0
:102A3000E0040BD111430BD090F82A20053A0B2A61
:102A400094BF1846002010BD0023E2E70023F3E7FF
:102A50002346F1E708230B7028234B70836D8B709E
:102A6000836D1B0ACB70B0F85A300B7190F85B3055
:102A70004B71C36D8B71B0F86030CB71B0F86030C2
:102A80001B0A0B720920704770B590F8BA200346F4
:102A9000901C013293F8F0400A702C224A70B3F86F
:102AA000C0208A70B3F8C020B3F8C450C2F30D023E
:102AB00042EAC53293F8C65042EAC56293F8C25062
:102AC000AD0305F480452A431212CA70B3F8C4203E
:102AD000C2F347020A71B3F8C020B3F8C450C2F37E
:102AE0000D0242EAC53293F8C65042EAC562C2F30B
:102AF00007624A7193F8C85093F8C72042EA45121A
:102B00008A7193F8D020D3F8CC5093F8C86012079C
:102B100042EA052293F8C75045EA46152A43120AAD
:102B2000CA7193F8CD200A7293F8D020D3F8CC5014
:102B3000120742EA0522120E4A72D3F8D4208A7292
:102B400093F8D520CA72B3F8DA2093F8D850120659
:102B500042EA0552D3F8D4502A43120C0A73B3F850
:102B6000DA2093F8D850120642EA0552D3F8D4502E
:102B70002A43120E4A7300228A73D3F8DC20CA73E8
:102B8000D3F8DC20120A0A74B3F8DE204A7493F8F2
:102B9000DF208A74D3F8E020CA7493F8E1200A7524
:102BA000B3F8E450D3F8E02042EA0552120C4A751B
:102BB000B3F8E450D3F8E02042EA0552120E8A75C9
:102BC000B3F8E620CA75B3F8E62012120A76D3F8F5
:102BD000E8204A76D3F8E820120A8A76B3F8EA2089
:102BE000CA7693F8EB200A77D3F8EC20013CE4B2E4
:102BF00042EA44124A77D3F8F8208A77D3F8F820CB
:102C0000120ACA77B3F8FA2081F8202093F8FB2043
:102C100081F82120D3F8FC2093F8004102F07F02D4
:102C200042EAC41281F8222093F80121C0B292B185
:102C3000D3F80221C1F82320D3F80621C1F82720B8
:102C400003F585722B3103F58D7352F8044B41F86F
:102C5000044B9A42F9D170BD2DE9F0410D461E4654
:102C60008046174609F02CFC164B32288CBF0020FA
:102C700001209D4219D8144BA5FB0331C1F34F012C
:102C8000002347EA801747EAC317377098F83F20B8
:102C9000022A14D0D31E5A425A415200717041EA9E
:102CA00042310912B170BDE8F081084BA5FB033435
:102CB000032303FB0541C1F38F210123E1E7012237
:102CC000ECE700BFE1BF0300121111119E36D0697D
:102CD0002DE9F04F87B09146DDF848A09DF84CB043
:102CE000109A049300231371BBF1040F0AF103033C
:102CF00004460F4602930AF1040507D19DF85030AF
:102D0000002B14BF4FF0030B4FF0010B238C9906DF
:102D100000F1B28017F0010307D119F001060CD0C1
:102D200094F88322D20700F1A9802846D4E904232D
:102D300017F03AFB0AF10A050126BB0706D419F081
:102D4000020F0CD094F88332980708D42846D4E9AF
:102D5000062317F029FB46F00206F6B206353907BE
:102D600006D419F0080F16D094F883321A0712D43B
:102D70002A46B4F8403002F8023BB4F8403094F8E8
:102D80004210C3F30B0343EA013346F008061B125B
:102D90006B70F6B21546A5EB0A02C2F5807819F001
:102DA000200308F1010807D094F883329B065ABF2C
:102DB000C2F1EF080123002319F0400203920CD066
:102DC000BBF1030F0CBFB4F82C22228C12F040028E
:102DD0001CBF012208F1FF380392119A002A4FD03C
:102DE000119912884989521A92B219F0100F019262
:102DF00007D0119A127B22B994F84C20904528BF35
:102E0000904617F0100705D119F010093BD0019A30
:102E1000424504D946F010062F46F6B20335002B82
:102E200000F08B8046F02006D4F83491F6B2D4F846
:102E3000F0170593484609F06FFBB0F5967F059BA8
:102E400023D9D4F8F017484609F066FBAD4A904202
:102E50001FD9B0F5161FAC49059B28BFA0F5161069
:102E6000A0FB01C14FF0030C0CFB00112CBF1A4654
:102E70000022C1F38F2113E000265EE71E465CE7C7
:102E8000119A0192BDE74F46C9E7D4F82022914438
:102E9000CDE79E4BA0FB03310023C1F34F011A463F
:102EA000920342EA43320A43121229706A70D4F83C
:102EB0002022974BA2FB0321D20F42EA4102AA70C3
:102EC000D4F82022A2FB0323C3F3D713EB70D4E979
:102ED0008C9000F01F030593FDF768FA059B85F8B9
:102EE000049043EA40104FEA19236B714FEA1943EB
:102EF0004FEA1969AB7185F807902872D4F85C31F4
:102F00006B72D4F85C311B0AAB72B4F85E31EB72B1
:102F100094F85F312B73D4F860316B73D4F860315F
:102F20001B0AAB73B4F86231EB73B4F828312B741D
:102F3000B4F828311B0A6B741235039B002B3DD06B
:102F400094F92A0701211FF01FFA46F04006BBF151
:102F5000030F05F8010BF6B234D0019BA5EB0A096B
:102F6000002B62D0434528BF43469846119AC9F5C5
:102F7000807301335289984528BF98465FFA88F3D9
:102F800052FA88F8119AA2F80A80029AAD1A6A1CBD
:102F90001344109A504613711146FFF71FFC049B0F
:102FA0008AF8036045EA83158AF80250BBF1050FE1
:102FB00044D8DFE80BF03C4871814371BBF1030F4B
:102FC00040F09B8094F85020012A24D1029B94F871
:102FD0005210EB1A0231C3F14003C9B2DBB299427D
:102FE00019D829462046FFF735FD054494F8B83036
:102FF000012B12D1029B94F8BA10EB1A0231C3F1E3
:103000004003C9B2DBB2994207D829462046FFF7F0
:103010003BFD0544A1E70022E8E73243029BD2B220
:10302000002A04BF00261D4697E7019BADE7002359
:10303000C4F8D83884F88362C4F884725FFA89F0DF
:1030400007B0BDE8F08F0023C4F8D838002FF5D0C2
:10305000109B94F826181A7994F82408023208F084
:1030600017FA2C4B1B685A8AA36C9A422CBF801803
:10307000C018B0F5161F28BF4FF41610C4F8D808B2
:1030800008F00CFA94F8DC28C4F8D80801463B464E
:103090002046FFF7E1FDD1E70023C4F8D838002F20
:1030A000CCD094F8271894F8240809B994F8B918E2
:1030B000109B1A790232D2E70023C4F81832002F8D
:1030C000BCD0109B94F826181A7994F82408023280
:1030D00008F0DEF90F4B1B685A8AA36C9A422CBF8A
:1030E0008118C118B1F5161F28BF4FF4161194F8B6
:1030F0001D22C4F818123B46CAE7029B002E08BFE7
:103100001D462AE7E1BF03009E36D0691211111156
:10311000E3361A00883001202DE9F0438BB00023FC
:10312000CDF8213007238DF82030038C03F00703FE
:103130000F460646904600F5E561062B00F28380B7
:10314000DFE803F0047979814D797900B0F8C03374
:1031500090F83D40002B04F1FF3C0BBF1A460822BB
:103160001D461025DCF1000444EB0C041543002B34
:1031700014BF224644F0010290F82131012B44EAA9
:10318000821404D190F8DE38002B08BF1825E80619
:103190004AD445F001050DF12009EB0632464846B8
:1031A00048BF04F0BF040791FBF7AAFD0799324618
:1031B0004846FBF7FFFD338CCDF800900022CDE9A7
:1031C0000328CDE9012786F8832203F00303224672
:1031D00029463046FFF77CFD0BB0BDE8F083B0F820
:1031E000C03390F83D40002B0BBF1A4608221D4605
:1031F00010251543621E54425441A20142EA440282
:10320000B3FA83F35B09144344EA831490F8213141
:10321000012B04D190F8DE38002B08BF1825EB06EF
:1032200002D445F00305B6E7084B5B699804B2D5B4
:1032300004F0FE04AFE790F83D40621E5442544152
:10324000A4011825A7E700242546A4E7C0300120E3
:103250002DE9F0478AB099460023CDF821300723A5
:103260008DF82030038C03F0070388460546174687
:1032700000F61801062B4FD8DFE803F00751514E36
:1032800019044C0040240B2626E090F8834290F865
:10329000213104F00104C4F15104012BE4B204D142
:1032A00090F8DE380BB944F02004082614E090F8BA
:1032B000834290F8213114F0020F04F001040CBF96
:1032C0000A260826C4F15104012BE4B204D190F877
:1032D000DE380BB944F020040DF1200A2A4650468E
:1032E0000791FBF70DFD07992A465046FBF762FD53
:1032F0002B8CCDF810900122CDE90282CDE900A7F8
:1033000003F00303224631462846FFF7E1FC0AB0EA
:10331000BDE8F0874824B6E700242646DCE74024D1
:103320000926D9E72DE9F0438BB007238DF820302B
:10333000164B5B6908AD13F4006F04460E46174642
:1033400000F618014FF000080246284614BF4FF05F
:1033500009094FF001090791CDF82180FBF7D0FC56
:10336000079922462846FBF725FD0223CDE9026393
:1033700004F59A63CDE90053049743465022494629
:103380002046FFF7A5FC0BB0BDE8F083C03001205C
:1033900030B589B00D4600240721CDF819408DF8CD
:1033A000181093B9048C84F00204C4F34004E100C3
:1033B00004930423CDE9025306AB0192009310223B
:1033C0000023FFF785FC09B030BD2146F0E7F0B5DA
:1033D000082389B000F50E65044680F8E0380E46F3
:1033E000174600F61801024628460791FBF788FCAD
:1033F000079922462846FBF7DDFC0523CDE9026349
:103400000023CDE9005304971A4603212046FFF715
:103410005FFC09B0F0BD00002DE9F04385B0064621
:10342000024600240D468F1C00F5E56102A80191BB
:1034300002948DF80C40FBF763FC0199324602A818
:10344000FBF7B8FC338C03F00703032B05D0052BE7
:103450004ED0022B14BF02240624D6E9042338469A
:103460008DF8084016F0A0FF9DF80830012B05F1FB
:1034700008080CD1D6F8743743F00403C6F8743743
:103480004046D6E9062316F08FFF05F10E089DF899
:103490000890B9F1060F2DD8452424FA09F414F048
:1034A00001040BD096F8CF4344B11F2C224606F5F9
:1034B000747128BF1F2240462DF0E0F90E4B1B6AA5
:1034C0005B0405D5B9F1010F9CBF01238DF80930CC
:1034D000A8EB0700044402A928468DF80C40FFF72A
:1034E0007DF99DF80C000230C0B205B0BDE8F08354
:1034F0000124B2E70024E1E7C030012037B50423FE
:10350000009390F83930022B04460D4625D003F085
:10351000FD03012B01D18DF8023094F8DF346946A8
:10352000063328468DF80430FFF758F90544D4E9EE
:103530000423284616F038FF94F8DF243AB11F2AF6
:1035400028BF1F2204F59C61A81D2DF097F99DF856
:1035500004000230C0B203B030BD43691B0A03F05F
:10356000C003402BD9D10123D5E730B589B007245A
:103570008DF81840B0F82C4204930323CDE90213D0
:10358000002506AB04F040040192009344F01002C1
:103590002B462946CDF81950FFF79AFB09B030BDEC
:1035A0008A780B8843EA02339BB203701B0A43708C
:1035B0008B8883708B881B0AC370042070470A793C
:1035C0000B7843EA02234A78920002F00402134384
:1035D0008A78D20002F008021343CA78120102F07E
:1035E000100213431BB20370C3F30723437002207E
:1035F0007047002303700B7843704B8883704B88AF
:103600001B0AC3708B8803718B881B0A4371CB889C
:103610008371CB881B0AC3710B8903720B891B0A48
:1036200043724B8983724B891B0AC3720C2070470B
:103630004A780B7803EB0223C3F30B02C3F3013385
:1036400002808370CA788B7803EB02238380042086
:1036500070470B784A78027103F003010170C3F3DD
:1036600080014170C3F3C001C3F300138170C370C4
:10367000022070474B780370CA788B7803EB0223E3
:1036800043804A790B7903EB02238380CA798B79D3
:1036900003EB0223C3804A7A0B7A03EB02230381F4
:1036A000CA7A8B7A03EB022343810C2070478B7814
:1036B000CA781B0212049B184A7810B52CBF01244B
:1036C00000249B180A794FEA026244F100049B1817
:1036D0004A7942EB0402C0E90032CA798B7903EBE4
:1036E00002230381082010BD10B50446481C16F0C3
:1036F00042FEC4E90001092010BD4B780370CA786E
:103700008B7803EB022343804A790B7903EB022386
:103710008380062070478A784B7803EB022303806E
:103720000A79CB7803EB022343808A794B7903EB48
:10373000022383800A7ACB7903EB0223C38009201A
:10374000704710B58A784B7803EB022303800A791F
:10375000CB7803EB022343808A794B7903EB022376
:1037600083800A7ACB7903EB0223C3804B7A0372FE
:10377000CA7A8B7A03EB0223438101F10E030C30EA
:103780001A3113F8014C13F8022C023302EB042215
:103790008B4220F8022BF4D1182010BD4B78037017
:1037A0008A7803F00703037002F0070343700320D5
:1037B000704710B54A7802708B7843700C79C978DD
:1037C00002F0070203F0070301EB042102704370CB
:1037D0004180052010BD38B58B784A7802EB032272
:1037E00003460C4623F8022B0546CA1C153112F875
:1037F000010B03F8010B8A42F9D1A27D637D03EB33
:103800000223AB82227EE37D03EB0223EB82637E05
:1038100003F00F022A76C3F300125B096A76AB76D7
:10382000A37EEB7604F11B0016F0B8FDC5E9080194
:1038300094F8222094F8213003EB02232B852320D7
:1038400038BD4B7803708B784370CB7883700B79DD
:10385000C3708A794B7903EB0223C3F30B03D209BC
:103860000271C3800A7ACB7903EB0223C3F30B0303
:1038700003818A7A4B7A03EB0223CA7A03EB024371
:10388000C3F31303C3604A7B0B7B03EB02238A7BE6
:1038900003EB0243C3F3130303610A7CCB7B03EB0B
:1038A000022383828A7C4B7C03EB0223C382CB7C82
:1038B00003764A7D0B7D03EB02238A7D03EB0243F3
:1038C000C361CB7D1A0903F00F0380F8212080F833
:1038D00020300B7E80F822304B7E80F82330CA7E69
:1038E0008B7E03EB022383844A7F0B7F03EB02234F
:1038F0008A7F03EB0243836291F82020CB7F03EBA6
:10390000022391F8212003EB0243C36291F82320A4
:1039100091F8223003EB02230386242070478A7833
:103920004B7803EB0223CA7803EB024303604A7926
:103930000B7903EB02238A7903EB024343600A7A93
:10394000CB7903EB0223038109207047CB788A7877
:103950001B0403EB02234A7813440A7903EB026346
:1039600003608A794B7903EB0223CA7903EB0243A4
:1039700043604A7A0B7A03EB02238A7A03EB024311
:1039800083600A7BCB7A03EB02234A7B03EB02437F
:10399000C360CA7B8B7B03EB02230382102070473A
:1039A00070B50D4604461646FFF753FE29182D5CE8
:1039B0006571252D00F28C80DFE815F02600670088
:1039C000E1008A008A008A008A00E1007E007F0010
:1039D0008A008A008C00910084005A0058009800E8
:1039E0008A008A0079007900A500A300AF00BB001F
:1039F0008A008A00D400DD00DD00E400ED00F6005E
:103A0000FF001E0123010D01002E61D004F108000A
:103A1000FFF730FE237983425AD1A3899A1F92B2CD
:103A200040F67A418A4201D91E251DE0217A0029FB
:103A3000FAD0092B94BF03F1FF3208229142F3DC44
:103A400062899A42F0D8218AA1F10A0292B240F624
:103A500076408242E8D8E28902FB0333B3EB810F60
:103A6000E2DAB2F5FA7FDFD2284670BD012E2FD000
:103A7000664B1B6A9D072BD504F10800FFF761FE1A
:103A80002379834224D10025EEE70EB304F1080028
:103A9000FFF70DFE237983421AD1D4E9020131F0F8
:103AA0001F03C1D107F072FA0128ECD8BCE704F17A
:103AB0000800FFF730FEE3E756B104F10800FFF716
:103AC00013FEDDE7012E03D0504B1B6A1807F4D418
:103AD0001925C9E704F10800FFF70FFED0E7FF231F
:103AE00023724B7863722379022BCBE7474B1B6A17
:103AF0005A07EDD54B7823728B7863722379032BA9
:103B0000C0E7012EE4D0414B1B6A13F4106FDFD0E5
:103B100004F10800FFF742FEB2E7002ED8D03B4B7D
:103B20001B6A13F4106FD3D004F10800FFF741FEB5
:103B3000A6E7012ECCD0354B1B6ADB03C8D54B78EA
:103B400023728A782179627203F0070303292372B2
:103B5000BED1002B3FF468AF023A232A8CBF1E254A
:103B6000002581E7294B1B6A9E01B1D504F10800AD
:103B7000FFF731FE84E7254B1B6A5D01A8D54B7822
:103B80002372B0E7214B1B6A9800A1D504F108000D
:103B9000FFF757FE74E71D4B1B6ADA0098D504F156
:103BA0000800FFF7BCFE6BE7184B1B6A9B008FD524
:103BB00004F10800FFF7CAFE62E7144B1B6A13F01A
:103BC000405F85D04B7823728B786372CB78A37279
:103BD0002379042B56E70D4B5B6A13F0040F3FF477
:103BE00077AF4B7823728B786372CB78A3720B79A3
:103BF000E3722379052B45E7044B5B6A13F0020F50
:103C0000DFE7024B5B6A13F0020FE8E7C0300120E8
:103C100070B50E4604461546FFF71BFD325C627117
:103C2000033A3318102A3CD8DFE802F0092634366C
:103C30003B3B3B39363B3B3B3B3B3B3D3D0085B350
:103C4000D3F80120A260D3F80520E260997A5A7A6D
:103C500002EB01222282D3F80B20C4F81220D3F801
:103C60000F20C4F81620D3F81330C4F81A30237983
:103C7000172B16D1002070BD012D12D0D3F80120D2
:103C8000A260D3F80520E260D3F8092023792261ED
:103C90000D2BEEE7012D04D02379012BE9E7002D50
:103CA000FAD11920E7E7024B1B6ADB06F4D4F8E7E8
:103CB000C030012038B50B4D0B4A95F8243003EB8A
:103CC00083030344044652F8233003B1984795F820
:103CD0002430064A03EB830313441B5D85F824302C
:103CE00038BD00BF780C012090460700E046070071
:103CF00038B50378074A01EB8303044652F82330B2
:103D00000D4603B198472278034B03EB82035B5DBA
:103D1000237038BD6C470700AC47070038B5094D24
:103D20002B78062202FB0303074A52F8233004468D
:103D300003B198472A78054B062101FB02331B5D2E
:103D40002B7038BDC81E0120F446070054470700F9
:103D500038B5094D2B78062202FB0303074A52F8B7
:103D60002330044603B198472A78054B062101FB0E
:103D700002331B5D2B7038BDE81E01202048070070
:103D80005447070038B54378084A03EB83030B44D4
:103D9000044652F823300D4603B198476378044A2D
:103DA00003EB830313445B5D637038BDBC470700BE
:103DB0000C48070038B50B4D95F82730062202FB5A
:103DC0000303094A52F82330044603B1984795F893
:103DD0002720064B062101FB02331B5D85F82730A7
:103DE00038BD00BF481F012080480700E048070099
:103DF0008378094A70B5062606FB0313044652F879
:103E000023300D4603B19847A278044B06FB0233DA
:103E10005B5DA37070BD00BF0C4907006C490700D3
:103E200038B590F82031094A01EB8303044652F873
:103E300023300D4603B1984794F82021044B03EB3F
:103E400082035B5D84F8203138BD00BF84490700E0
:103E5000C4490700012970B5044609D98B1E012BFE
:103E60001CD80126032919D8DFE801F00419041928
:103E70000026F7E700250B4B05EB460253F82230EE
:103E80000BB120469847682303FB0644064B94F881
:103E9000502003EB42035B5D84F8503070BD012578
:103EA000E9E700BFF848070008490700F0B5437884
:103EB000022B89B004460D464AD0032B72D0002B4A
:103EC0004FD12B294DD1FCF7EDFF2046F2F76AFFC9
:103ED0006368D90703D53421204600F0E9FA636806
:103EE000DA0503D53521204600F0E2FA63685B0667
:103EF0000CD5B4F82C321B2B04D8B4F82E32B3F501
:103F0000A47F03D93621204600F0D2FA2E492F4B48
:103F100008682F491A68201A0011484394F84D1177
:103F200092F83C30079100210691D2E91667CDE95D
:103F30000467D2E91467CDE90267D2E9126780B25B
:103F4000CDE900670832F2F743FD022363701FE0FA
:103F50002B291DD018D8292921D02946204600F028
:103F6000C1FE4B2D2CD04C2D12D1174B1868184B7D
:103F7000201A00115843C0B207F08AFF204609B04A
:103F8000BDE8F040FBF7E4BEA1F14703012BE4D804
:103F90002946204609B0BDE8F04000F029B8F3F703
:103FA0006BFAF5E75129DCD1D0F8603223F0010338
:103FB000C0F86032F2F7F9FE002384F85032E7E7E8
:103FC0002046F2F7B5FED0E76821012064210120E8
:103FD000CF467D67437803224270022B4FF00002E8
:103FE00080F8502202D10C3008F046BE7047000025
:103FF000482910B504461AD003D8F9B1472919D079
:1040000010BD4B29FCD18378012B08D10D4B1868CA
:104010000D4B201A00115843C0B207F0E9FF2046AB
:10402000F2F786FE2046BDE81040FBF791BEF2F79E
:10403000C5FE2046BDE81040FFF7CCBFF2F7B8FE42
:10404000F7E700BF68210120CF467D67F0B54378D0
:1040500089B004460D46032B0FD8DFE813F0150096
:10406000830004001F01292907D0A5F14703012B74
:1040700003D92946204601F05FF82946204609B0B9
:10408000BDE8F040FFF7B4BF0B29F6D1FDF766F8A5
:104090002046F2F787FE636813F4007F03F0010205
:1040A00042D02AB1D4F8642242F00802C4F8642253
:1040B000D80542BFD4F8642242F00402C4F8642256
:1040C00059060ED5B4F82C321B2B04D8B4F82E3276
:1040D000B3F5A47F05D9D4F8643243F01003C4F8D3
:1040E00064320123754963700868754B75491A6815
:1040F000201A0011484394F84D1192F83C30079172
:1041000000210691D2E91667CDE90467D2E9146768
:10411000CDE90267D2E912670121CDE900670832D3
:1041200080B2F2F755FCA8E71AB13421204600F01E
:10413000BFF96368DA0503D53521204600F0B8F9E8
:1041400063685B060CD5B4F82C321B2B04D8B4F88A
:104150002E32B3F5A47F03D93621204600F0A8F90A
:104160000223BFE72C2980D8142982D9A1F1150395
:10417000172B3FF67EAF01A252F823F0E94104006D
:104180007340040073400400734004007340040053
:104190007340040003420400194204007340040009
:1041A000734004002F4204005B420400714204008B
:1041B0008742040045420400734004007340040039
:1041C0007340040073400400734004007B4004000B
:1041D0007340040073400400DD4104000223437077
:1041E0003A21FBF773FF48E7D0F8643243F40073D9
:1041F000C0F86432D0F8603243F40073C4F860321F
:104200003BE7D0F8643243F00403C0F86432D0F8DE
:10421000603243F00403F1E7D0F8643243F008035E
:10422000C0F86432D0F8603243F00803E6E7D0F813
:10423000643243F01003C0F86432D0F8603243F0C7
:104240001003DBE7D0F8643243F08003C0F8643237
:10425000D0F8603243F08003D0E7D0F8643243F402
:104260000053C0F86432D0F8603243F40053C5E71D
:10427000D0F8643243F02003C0F86432D0F86032E2
:1042800043F02003BAE7D0F8643243F04003C0F8AB
:104290006432D0F8603243F04003AFE751297FF435
:1042A000ECAED0F8603223F00103C0F86032F2F7D0
:1042B0007CFD002384F85032DFE600BF6821012036
:1042C00064210120CF467D6738B50A4D0A4A95F82A
:1042D000243000EB8303044652F8233003B198479F
:1042E00095F82420054B03EB82031B5D85F82430F1
:1042F00038BD00BF80210120D4490700144A0700BF
:1043000038B50378074A01EB8303044652F823309B
:104310000D4603B198472278034B03EB82035B5DA4
:10432000237038BD244A0700644A070001EB81016D
:10433000034B114453F8213003B11847704700BFB5
:10434000944A07000139062940D8DFE801F01E0F22
:10435000041927323800022A0CBF90F80C3290F86A
:104360000D32B3FA83F35B09184670478378012B4B
:104370002CD1002AF8D1D0F81832C3F3C003F3E7E8
:10438000D0F81832C3F34013EEE78378012B03D142
:10439000131E18BF0123E7E7131FFAE78378002BEA
:1043A000F6D0042A10D08AB9B0F81A3203F001030B
:1043B000DAE7002AF0D1064B93F82330F6E7D0F87D
:1043C0001832C3F38063CFE70023CDE70123CBE7A7
:1043D000C03001201FB5104B104A1B688DF8031028
:1043E000C31A1B1153430022CDE901229BB2039251
:1043F0000A22ADF800308DF80220ADF80630D0E981
:10440000862302A88DF8041015F0B9FF684606F05F
:10441000E9FD05B05DF804FB68210120CF467D670A
:10442000D0F8603201228A401A421CD023EA0203EB
:104430000D4AC0F8603253790D2B05D0112B03D0F3
:10444000072B07D01A2300E0537A02290BD1194613
:10445000FFF7C0BF0429F5D1D0F8183223F02003AC
:10446000C0F8183270477047F020012010B4D0F81F
:10447000602201248C40144216D022EA040203294F
:10448000C0F8602208D007290AD002290CD15DF8B3
:10449000044B0021FFF79EBF5DF8044BF2F70EBC02
:1044A0005DF8044BF2F79ABE5DF8044B70470000CC
:1044B0002329F8B504465DD80B2901D8002051E125
:1044C0000C39CA48CAB20123934018407CD113F07A
:1044D0000103F3D0C64B5B79013BDBB21D2B00F22D
:1044E0004181C44AD65CFF2E00F03C81C04B5D790F
:1044F0006A1E1D2AE2D801A151F822F00F470400DC
:1045000037460400BD440400BD440400BD4404001B
:10451000BD440400794604007F4704007F4704003F
:10452000BD440400BD44040069470400DD460400A6
:104530007F470400BD440400BD440400DD46040080
:10454000BD440400BD4404005F4604005F4604000F
:10455000BD440400BD440400BD4404007947040088
:10456000BD440400BD440400734704008F470400A9
:104570008F4704003439CBB2062B9FD806299DD82B
:1045800001A353F821F000BF3B4604003B46040062
:104590003B460400BD4404003B460400674604005B
:1045A000A5450400D4F868326278002B0CBF0126C0
:1045B0000226032A82D013F0010500F0928023F036
:1045C0000103C4F8683236E017293FF677AF01A33C
:1045D00053F821F075460400BD440400BD440400B6
:1045E000BD440400BD440400BD440400BD440400B7
:1045F000BD440400BD440400BD44040087470400DA
:1046000035460400BD440400BD440400BD4404001C
:104610007D47040067470400BD440400BD44040016
:104620005D460400BD440400774704007147040060
:104630008D4704000026002569E004293FF63EAFBF
:1046400001A353F821F000BF6D4704008347040025
:1046500063460400BD44040093470400002604257B
:1046600055E00126FBE794F85E520626FF2D3FF445
:1046700025AF4CE0002639E71D7A6B1E142B3FF660
:104680001DAF01A252F823F00F4704003746040083
:10469000BD440400BD440400BD440400BD44040006
:1046A000BD4404007F4704007F470400BD4404006C
:1046B000BD44040069470400BD4404007F47040072
:1046C000BD440400BD440400BD440400BD440400D6
:1046D000BD4404005F4604005F46040094F85E5247
:1046E000C4E7D4F8642212F001000CD14FF0010CA1
:1046F0000CFA00F717EA0301C5B213D023EA070347
:10470000C4F8683203E022F00102C4F8642294F88D
:104710005032002B3FD0012B00F09280002D00F092
:10472000D880C3E001300828E2D1012707FA01F35D
:1047300013EA0200CDB212D022EA030294F85A32F0
:10474000C4F86422012BE2D1002284F85A2294F8A2
:1047500055220AB184F8503284F85E52D7E701310D
:104760000829E3D1F8BD00260325D0E70126FBE7A1
:1047700000260625CBE700260525C8E700260225EA
:10478000C5E70126FBE700260125C0E7002607252F
:10479000BDE701264FE7012E0ED02DD8002EBDD14A
:1047A000D4F860320122AA401343C4F86032324682
:1047B00029462046FFF7BAFD324629462046FFF734
:1047C000C1FD002800F08C80012229462046FFF719
:1047D000ADFD2046F2F78CFD84F85E52012384F88B
:1047E000553284F85032002D77D05FE0008CE9001C
:1047F000F0200120744A0700B31E022B8ED83246E7
:1048000029462046FFF79EFDA0B1022E04D00222C9
:1048100029462046FFF78AFD6F4B142202FB053321
:10482000DB6813B12046984778E784F85E5284F835
:104830005732D3E700221A212046F2F703FD6DE735
:10484000072E3FF66BAF01A353F826F06D48040026
:104850006D4804001D470400EB480400994904001A
:104860001D4904002F4904002F49040032462946FF
:104870002046FFF767FD98B336B9D4F860320122BD
:10488000AA401343C4F8603294F85E32AB4206D0BB
:10489000D4F864320122AA401343C4F8643226B922
:1048A000324629462046FFF741FD0DB1012059E768
:1048B000D4F8643223F00103C4F86432D4F86832C7
:1048C00043F00103C4F86832012229462046FFF76D
:1048D0002DFD94F85E32002B79D103236370E5E758
:1048E00029462046FFF79CFD18E794F85E32AB425C
:1048F00014D0032229462046FFF724FD00283FF468
:104900000DAF022229462046FFF710FDD4F8683289
:104910000122AA401343C4F86832FFE694F85E32DD
:10492000AB4219D1042229462046FFF7FFFC072E8F
:10493000294620462DD1FFF773FD2046F2F7EAFC09
:10494000FF2384F85E32002384F8553284F8503215
:104950002046F2F7E7FCE1E6D4F864320122AA40EF
:104960001A423FF4DBAE23EA0203C4F8643294F83F
:104970005A32012B08BF00232946204608BF84F87D
:104980005A320422FFF7D2FC29462046FFF76EFD7B
:10499000C4E6FFF76BFDD0E7022229462046FFF769
:1049A000C5FC94F85E320B2BB0D00B4B142202FBEB
:1049B0000533DE68002EA9D0042229462046FFF7E1
:1049C000C1FC00283FF436AF2046B047A6E6D4F835
:1049D0006832DB0781D469E7944A070090F85E02E9
:1049E000023802288CBF00200120704790F8533213
:1049F000094A70B50B2606FB0313044652F8233010
:104A00000D4603B1984794F85322044B06FB02333A
:104A10005B5D84F8533270BD344B0700E44B0700F4
:104A20000C21F2F74FB801222321F2F70BBC10B58D
:104A30000446F2F76FFC2046BDE81040F2F7D4BC04
:104A400010B50123044680F85632F2F763FC204685
:104A5000F2F7C6F92046BDE81040F2F7C5BC10B524
:104A6000012380F85632437A23F00103044643724F
:104A7000F2F750FC2046F2F705FA2046BDE8104058
:104A8000F2F7B2BC427A42F001024272F2F712BA75
:104A900010B5437A43F0010304464372F2F792F9EA
:104AA0002046BDE81040F2F705BAD0F8603213F4A2
:104AB000007310B504460ED1C0F8603294F8563237
:104AC00083B1002384F8563220460122BDE810400D
:104AD0003B21F2F7B7BB0023C0F860323B21F1F76E
:104AE000F1FFEBE710BD10B504461822002100F5D8
:104AF00021702BF0EBFED4F818329B0707D5204627
:104B0000F2F7C2F92046BDE81040F2F7F1BB2046AB
:104B10003B21BDE81040FBF7D9BA10B5D0F86032A0
:104B200043F400730446C0F86032F1F7A5FF204655
:104B3000BDE81040FFF7D7BF3C2970B5044608D840
:104B4000382908D81D2963D00CD80C290ED0152976
:104B500060D000252FE03A39022941D8DFE801F082
:104B600046375C001E29F4D102211EE05C4B5979C6
:104B7000CA1F0A2AEDD801A050F822F0BB4B04004E
:104B8000534B0400534B0400534B0400534B04009D
:104B9000534B0400CF4B0400534B0400A94B0400BB
:104BA0001D4C0400DB4B0400032194F85052BDB3AC
:104BB000012D45D00125284670BD1B7A0F2BC8D189
:104BC000D4F8183223F00203C4F81832EDE794F851
:104BD0005E32092BBDD10721E7E71B7A0F2BF9E7DE
:104BE00090F85E32092BB4D10621DEE7D0F86432AA
:104BF000B3F5007F4FF0000503D1C0F864520821DF
:104C0000D3E7B3F5806FD6D1C0F864520921CCE761
:104C10000121CAE70021C8E70A21C6E70421C4E749
:104C20002046FFF7E3FE94F85332002BC2D0012355
:104C3000092284F8503284F85E2284F85752B9E78A
:104C4000032915D194F85E32042B0FD8012B0FD90C
:104C5000D4F86422012000FA03F31A430923C4F8AC
:104C6000642284F85E3284F85A0201E0072BEFD008
:104C700094F85E32092B16D12046FFF7B7FE94F860
:104C80005362002E96D12046F2F744FB637A84F8F3
:104C9000506223F001036372FF2384F85E322046E2
:104CA000F2F740FB87E799B1032983D10B2B09D198
:104CB0002046F2F787F8D4F8643243F48063C4F8EE
:104CC000643278E701222A212046F2F7BBFA72E724
:104CD0002046F1F7D1FED4F8643243F40073EEE7D6
:104CE000F02001201C2970B504460D4606D190F82D
:104CF0000D321BB1BDE87040F1F7E0BF244E3368C0
:104D0000ABB97368CBB9B368EBB9F3680BBB336964
:104D10002BBB73694BBBB369002B2CD1F369002B00
:104D20002FD129462046BDE8704000F0DBB9294666
:104D3000204698470028E4D070BD29462046984771
:104D40000028E0D0F8E72946204698470028DCD024
:104D5000F2E72946204698470028D8D0ECE72946B4
:104D6000204698470028D4D0E6E7294620469847B1
:104D70000028D0D0E0E72946204698470028CDD02B
:104D8000DAE72946204698470028CAD0D4E700BF72
:104D9000F02E012038B590F85332094A01EBC303D5
:104DA000044652F823300D4603B1984794F8532235
:104DB000044B03EBC2035B5D84F8533238BD00BF84
:104DC000104C0700904C070001222321F2F73ABA59
:104DD00010B5437A23F001034372064B1B68044667
:104DE00019790122F2F72EFA2046BDE81040F2F7B9
:104DF00091BA00BF64210120D0F86022910506D548
:104E000022F40072C0F860220021F1F75BBE704707
:104E1000014B597AF1F756BEF02001200C21F1F731
:104E200051BE10B5437A23F0010304464372F2F7F2
:104E300037F82046BDE81040F2F75ABA10B50446DC
:104E4000F2F768FA2046BDE81040F1F721BE10B530
:104E50000446F1F7B7FF637A43F00103637220461B
:104E6000BDE81040F2F726B8FFF7F1BFD0F8602296
:104E7000094922F40072C0F860224A790D2A0346DB
:104E800005D0112A03D0072A05D11A2101E0497A59
:104E90001846F1F717BE7047F0200120D0F81832FD
:104EA0009B0710B5044606D5F1F7EEFF2046BDE896
:104EB0001040F2F71DBA1A21F1F704FE20463921FD
:104EC000BDE81040FBF702B910B5D0F8603243F4EA
:104ED00000730446C0F86032F1F7CEFD2046BDE80D
:104EE0001040FFF7DBBF00001E2970B504465DD0FF
:104EF00007D815295CD01D295CD00C2909D00025C4
:104F000005E039293DD03A294FF000053FD0284629
:104F100070BD734A5379002B4ED0073BD9B20A2992
:104F2000EDD80A2BEBD801A151F823F0594F04001A
:104F3000FF4E0400FF4E0400FF4E0400FF4E04002D
:104F4000FF4E04006F4F0400FF4E0400BD4F0400ED
:104F5000FF4E0400794F0400137A0F2BCFD1D0F805
:104F6000183223F00203C0F81832052617E090F833
:104F70005E32092BC3D1F8E7137A0F3B012BBED861
:104F8000F3E790F85E32092BB9D1062607E0D0F896
:104F90006432B3F5007FBAD1C0F86452072694F8A2
:104FA00050526DB1012D1CD00125B0E70326F6E764
:104FB0000026F4E70226F2E70426F0E70126EEE7F2
:104FC00031462046FFF7E6FE94F85332002BEBD033
:104FD0000123092284F8503284F85E2284F8575263
:104FE000E2E76FF012033341DB0717D494F85E3227
:104FF000072B03D010D89A1E022A0FD8D4F86422A7
:10500000012101FA03F31A430923C4F8642284F846
:105010005E3284F85A1201E00D2B1BD094F85E32F8
:10502000092B21D131462046FFF7B4FE94F8536294
:10503000002EB9D12046F2F76DF9637A84F85062F8
:1050400023F001036372FF2384F85E322046F2F7F7
:1050500069F95CE7D4F8643243F40053C4F864326D
:10506000092384F85E32D9E7052E9DD801A353F8B1
:1050700026F000BFA750040099500400A94F040077
:10508000A94F04008D500400BB50040000222A21C7
:105090002046F2F7D7F83AE701222A212046F2F714
:1050A000D1F8354633E72046F1F7E6FCD4F8643210
:1050B00043F40073C4F8643229E7D4F8643223F46B
:1050C0000073C4F8643294F8533213B1002384F8A7
:1050D0005332034B2046597AF1F7F4FC17E700BF2F
:1050E000F0200120492910B5044614D004D80D2918
:1050F00007D00E2909D010BD5129FCD1F1F755FE7A
:105100000BE0BDE81040F2F789B8BDE8104000227E
:105110001E21F2F797B8F1F74EFE63780322627012
:10512000022B4FF0000284F85022E4D104F10C006D
:10513000BDE8104007F0A0BD1C2970B504460D461F
:1051400006D190F80D321BB1BDE87040F1F7B6BD45
:10515000244E3368ABB97368CBB9B368EBB9F36865
:105160000BBB33692BBB73694BBBB369002B2CD1D1
:10517000F369002B2FD129462046BDE87040FFF788
:10518000B1BF2946204698470028E4D070BD294683
:10519000204698470028E0D0F8E72946204698475F
:1051A0000028DCD0F2E72946204698470028D8D0CE
:1051B000ECE72946204698470028D4D0E6E7294660
:1051C000204698470028D0D0E0E729462046984757
:1051D0000028CDD0DAE72946204698470028CAD0D3
:1051E000D4E700BF102F012090F85E32092B05D1C3
:1051F00090F85302831E5842584170470020704770
:1052000090F85302C31E58425841704710B50446E7
:10521000F2F738FD2046F2F74FFD2046F2F7C4F8CA
:105220002046F2F709FE2046F2F7F0FE2046BDE8E0
:105230001040F2F75DB810B50446F2F723FD2046A2
:10524000F2F73AFD2046F2F7E1FE2046BDE81040B5
:10525000F2F74EB810B50446F2F7DFFD2046BDE880
:105260001040F2F745B810B50446F2F75EF8204654
:10527000F2F78CF8012384F80B3210BD10B5044608
:10528000F2F753F82046BDE81040F2F77FB810B5AA
:105290000446F2F73FF82046F2F74CF82046F2F7C2
:1052A00087F894F80B12204629B1F2F73BFE002351
:1052B00084F80B3210BDF2F713FEF8E710B5044680
:1052C000F2F728F82046F2F735F82046F2F770F8A2
:1052D000064B5A79072A14BF597A1A212046F2F749
:1052E000FFFD002384F80B3210BD00BFF020012029
:1052F0000C21F2F7F5BD10B50446F2F7ADFC2046DF
:10530000F2F7C4FC2046F2F779FD2046BDE81040D4
:10531000F1F7EEBF10B50446F1F7FCFF2046F2F7B7
:1053200065FE2046F2F708FD2046F2F73DF82046DC
:10533000BDE81040F1F7DCBF38B590F851320A4AA9
:10534000C3EBC3030B44044652F823300D4603B1AC
:10535000984794F85132054AC3EBC30313445B5D8D
:1053600084F8513238BD00BFB04C0700904D0700A3
:1053700070B590F89A41012C05460E4616D10C29BD
:1053800007D0A1F10D03012B10D8F2F709FD20463B
:1053900070BD524B5A79112A03D8514BD340DB07C9
:1053A00004D42846F2F7FCFC0024F0E795F85032CC
:1053B0002BB1012B08D195F85E320B2B04D0182E9F
:1053C00002D12846F2F7EAFD464B1C6A14F00104AC
:1053D000DDD02A2E47D005D80C2E0FD0182EE3D1C1
:1053E000002130E03A2EDFD1D5F8643213F40064A6
:1053F000CDD023F40063C5F86432F1E7374A53791E
:10540000043B0D2BD0D801A151F823F077540400B0
:10541000735404004554040061540400A95304006B
:10542000A9530400A95304007B540400A9530400A9
:1054300055540400A9530400A9530400A9530400BF
:1054400061540400032195F85042C4B1012C26D0C8
:1054500001249CE795F85E320B2BA5D10621F2E7DB
:10546000137A032BF9E795F85E320B2B9CD10521BB
:10547000E9E70221E7E70121E5E70421E3E7284620
:10548000FFF75AFF95F85132002BE1D0052BDFD002
:105490000B23012485F85E3285F8504277E795F8B2
:1054A0005E320B2B06D0D5F8643243F40063C5F8A6
:1054B00064326CE72846FFF73FFF95F85132052B21
:1054C00001D0002BC4D1FF2385F85E32002385F87C
:1054D00050322846F1F726FF59E700BFF02001209F
:1054E000F4280200C030012038B590F851320A4A41
:1054F000C3EBC3030B44044652F823300D4603B1FB
:10550000984794F85132054AC3EBC30313445B5DDB
:1055100084F8513238BD00BFC84D07008C4E0700DB
:1055200010B50446F2F788FC2046BDE81040F1F7BC
:10553000DFBE10B50446F2F7BFFB2046F1F7F5FEDB
:105540002046F1F731FF2046F1F720FF012384F8D0
:105550000B3210BD10B50446F1F7E7FE2046F1F717
:1055600023FF2046BDE81040F1F710BF10B50446F8
:10557000F1F7D0FE2046F2F76FFB2046F2F73EFC33
:105580002046F1F7D7FE2046F1F712FF94F80B12F0
:10559000204629B1F2F7C6FC002384F80B3210BD77
:1055A000F2F79EFCF8E710B5437A044623F00203B5
:1055B0004372F1F7AFFE94F80B226AB90621204638
:1055C000F1F740FE2046F1F7B5FE2046F1F7F0FE78
:1055D000002384F80B3210BD2046F2F7A9FB3821D6
:1055E0002046FEF765FFEDE710B5437A23F002038E
:1055F00004464372F2F78CFB2046F2F79DFB2046EF
:10560000F2F744FB2046F2F7EAFB2046BDE81040E3
:10561000F1F76EBE10B50446F2F734FB2046F2F700
:105620004BFB2046F2F74CFB2046F2F7BCFB204632
:10563000F1F75EFE637A43F0020363722046BDE831
:105640001040F2F727BC000010B590F85232044623
:1056500013B1012B20D010BD0429FCD801A353F8AD
:1056600021F000BF79560400A556040057560400E7
:10567000795604008B560400F2F7EDFB2046F1F753
:1056800037FE012384F85232E5E7F2F767FC204643
:10569000BDE81040F2F77CBC022908D004290AD0EA
:1056A0000129D8D12046BDE81040F2F7E3BBF1F75D
:1056B00031FE0023E6E7BDE81040F2F74FBC00BF23
:1056C00070B590F89A51012D044616D10C2907D0D7
:1056D000A1F10D03012B10D8F2F762FB284670BD33
:1056E0004A4B5A79112A03D8494BD340DB0704D4DB
:1056F0002046F2F755FB0025F0E7464B1D6A15F0F2
:105700000105EBD01A2935D005D80C290BD0192961
:10571000F1D1042623E02A29EDD194F85E320B2B37
:10572000E9D106261BE0394B5B79033B082BE2D815
:1057300001A252F823F000BF71570400F75604008D
:10574000F75604006D570400F7560400F75604009E
:10575000F75604005D57040079570400022694F8B8
:1057600050525DB1012D19D00125B7E70126F6E7AA
:105770000026F4E70526F2E70326F0E73146204647
:10578000FFF7B2FE94F8513213F0FB0FECD00B236D
:10579000012584F85E3284F850529FE756BB2046BC
:1057A000FFF722FD08B394F85E3201229A40D4F844
:1057B00064321343C4F864320B2384F85E323146FA
:1057C0002046FFF791FE94F8513213F0FB03CBD142
:1057D000627A84F8503222F002026272FF2284F868
:1057E0005E222046F1F79EFD78E72046FFF7F6F8A7
:1057F0000028D8D194F85E320B2BE0D0D4F8643274
:1058000043F40063C4F8643268E700BFF02001206D
:105810004C2C0200C030012038B5304B1B6A03F01D
:105820001004DB06054629D5532929D005D80C29B3
:1058300007D03A2912D0002420E05429FBD10421BA
:1058400016E0274A5379122B1CD0132B04D0072BB8
:10585000F1D1137A122BEED1022109E0D0F8643293
:1058600013F480540AD023F48053C0F8643200212A
:1058700095F8504244B1012C14D00124204638BD83
:105880000321F5E70121F3E72846FFF7DDFE95F850
:105890005232002BF1D00C23012485F85E3285F8BA
:1058A0005042EBE795F85E320C2B06D0D5F8643207
:1058B00043F48053C5F86432E0E72846FFF7C4FE9E
:1058C00095F85232002BD8D1FF2285F85E2285F858
:1058D00050322846F1F726FDD0E700BFC030012046
:1058E000F020012038B590F85432094A01EBC30387
:1058F000044652F823300D4603B1984794F85422D9
:10590000044B03EBC2035B5D84F8543238BD00BF27
:10591000C04E0700604F070001222321F1F792BC1F
:105920000C21F2F71BBE10B50446F2F795FD204698
:10593000BDE8104000F008BA10B5D0F8603243F46A
:1059400000530446C0F86032F2F774FD2046BDE80B
:10595000104000F0F9B92DE9F0419DF81880044697
:1059600048EA03001E4601EA080502EA030700F0C0
:105970005CFA864204D1B04502D1B8F1000F02D1E1
:1059800063681B0601D53D402F46284600F04DFABE
:105990000546384600F049FA94F84430022B064692
:1059A00003D0032B14BF012304239D4208BF00250D
:1059B00094F84530022B03D0032B14BF012304239A
:1059C0009E4208BF0026324629462046F2F794FD43
:1059D00065B91EB939212046FAF778FB2046FAF757
:1059E0008EFE2046BDE8F041F1F7A4BC29462046D2
:1059F000FAF782FEF5E773B590F83C3290F83D5225
:105A000090F83E62DA07044602D500F019FA05461E
:105A100094F83C329B0702D500F012FA064694F83F
:105A2000B1320093204694F8B03232462946FFF74F
:105A300092FF204602B0BDE87040F1F76BBC000059
:105A400013B5084B5A7A009290F8B12290F8B01230
:105A50001B7A0446FFF77FFF204602B0BDE81040E6
:105A6000F1F758BCF02001202A2970B5044649D02E
:105A700005D80C2911D0202959D0002537E0392923
:105A800046D03A29F9D1D0F864329A0446D523F4A5
:105A90000053C0F86432052123E0594A5379072B9B
:105AA0002DD00D3BD9B20A29E7D80A2BE5D801A1A0
:105AB00051F823F0F35A04007B5A04007B5A040087
:105AC0007B5A0400FF5A04007B5A04007B5A0400EE
:105AD0007B5A04007B5A0400E15A0400335B040043
:105AE000022194F8505235B3012D34D001252846B7
:105AF00070BD90F85E320D2BBFD10321F1E7137A10
:105B0000162BF9E790F85E320D2BB6D10721E8E7A6
:105B100090F85E320D2BB0D10421E2E713F48045FA
:105B2000E5D023F48043C0F864320621D9E7002190
:105B3000D7E70121D5E72046FFF7D4FE94F8543289
:105B4000002BD3D001230D2284F8503284F85E223A
:105B500084F85752CAE7022915D194F85E32042B13
:105B60000FD8012B0FD9D4F86422012000FA03F3D7
:105B70001A430D23C4F8642284F85E3284F85A0272
:105B800001E0072BEFD094F85E320D2B12D12046A6
:105B9000FFF7A8FE94F85462002EA7D12046F1F733
:105BA000B9FBFF2384F8506284F85E322046F1F797
:105BB000B9FB9CE7B1B1022998D1012B02D0093B76
:105BC000012B05D801222A212046F1F73BFB8EE765
:105BD0002046F2F741FCD4F8643243F48043C4F821
:105BE000643284E72046F2F725FCD4F8603243F4AF
:105BF0000053C4F86032D4F8643243F40053EEE743
:105C0000F0200120022803D0032814BF0120042023
:105C10007047000038B590F854320C4AC3EBC30308
:105C20000B44044652F823300D4603B1984794F8CC
:105C30005432074AC3EBC30313445B5D84F8543208
:105C40005A1F5342534184F85D3238BD884F0700D4
:105C5000305007000C21F2F781BC000070B50446FB
:105C6000FAF74DFDD4F860329E046AD523F4005350
:105C7000C4F8603200212046F2F770FC94F84450DA
:105C8000B4F83032B4F83212B4F83422B4F8360230
:105C9000022D1DD0032D1ED0012D20D10E32D20099
:105CA0008242A8BF024692B294F84560022E18D0F4
:105CB000032E19D0012E42D10E33DB008B42A8BF38
:105CC0000B469BB2B3F5A47F38BF4FF4A47317E023
:105CD0000F329200E4E7920102F57472E0E70022CD
:105CE000E2E70F339B00E9E79B0103F574738B42F6
:105CF000A8BF0B469BB2B3F5296F38BF4FF4296399
:105D0000032DA4F8323214D1B2F5296F38BF4FF405
:105D100029620C4DA4F836222D6AAD0611D59042A9
:105D200001D199420DD020460021BDE87040F1F725
:105D30003DB9B2F5A47F38BF4FF4A472E9E7002360
:105D4000C0E770BDC030012010B50446F1F7EDFA90
:105D50002046BDE81040F1F719BB000010B504461D
:105D6000F1F7D8FA064B1B892BB920463921BDE83B
:105D70001040FAF7ABB92046BDE81040F2F774BB0B
:105D8000F020012010B50446F2F766FB2046BDE87E
:105D90001040FFF7D9BFFFF7F5BF10B5D0F860325C
:105DA00043F400530446C0F86032F2F743FB204648
:105DB000BDE81040FFF7C8BF10B50446F1F7AAFAD6
:105DC000D4F860329A0413D50A4A23F40053C4F875
:105DD000603253790D2B05D0112B03D0072B07D13F
:105DE0001A2100E0517A2046BDE81040F2F7B6BB18
:105DF00010BD00BFF020012010B50446FAF77FFC6B
:105E0000D4F860329A040FD523F40053C4F86032FA
:105E100094F8983143B16378032B05D020460021D4
:105E2000BDE81040F2F79ABB10BD830706D410F00E
:105E3000010301D100F00403184670470223FBE779
:105E4000054B1B6ADA054CBF032001201B0548BF28
:105E500040F00400704700BFC03001202DE9F84336
:105E60000546C8079DF82090147893F800801746DF
:105E70001E4602D5FFF7E4FF04468A0702D5FFF766
:105E8000DFFF80466B681B060ED504EA080414F099
:105E9000FF040ED195F84400FFF7B4FE044695F8D0
:105EA0004500FFF7AFFE80463C7086F80080BDE8F5
:105EB000F88314EA090008BF2046FFF7B6FF04463E
:105EC0008046F1E710B590F83C1201F00303032B74
:105ED00086B0044608D1F1F72DFA3921204606B0E4
:105EE000BDE81040FAF7F2B890F83D328DF8163060
:105EF00090F83E328DF81730002300930DF1160212
:105F00000DF11703FFF7AAFF94F84400FFF77AFE9C
:105F10009DF81610884209D194F84500FFF772FEEB
:105F20009DF81730834201D12046D4E720460391E3
:105F3000FAF7E2FB2046F1F7FDF920469DF817201D
:105F40000399F2F7AFFA204606B0BDE81040F1F72A
:105F5000CFB910B586B090F83D328DF8163090F874
:105F60003E3290F8B1228DF8173090F8B0321340DD
:105F7000009304460DF117030DF1160290F83C1240
:105F8000FFF76CFF9DF8161003912046FAF7B4FB5B
:105F90002046F1F7CFF920469DF817200399F2F734
:105FA00098FA204606B0BDE81040F1F7A1B900000C
:105FB0002A2970B5044644D005D80C290BD02029D5
:105FC00054D0002505E0392941D03A294FF0000589
:105FD00043D0284670BD644A5379072B2ED00D3B21
:105FE000D9B20B29EDD80B2BEBD801A151F823F036
:105FF00031600400C35F0400C35F0400C35F04009A
:106000003D600400C35F0400C35F0400C35F04007D
:10601000C35F040021600400C35F040071600400DA
:10602000022194F850522DB3012D33D00125D0E731
:1060300090F85E320D2BC4D10321F2E7137A162BB0
:10604000F9E790F85E320D2BBBD10621E9E790F815
:106050005E320D2BB5D10421E3E7D0F86432B3F5FD
:10606000005FB6D1C0F864520521DAE70021D8E715
:106070000121D6E72046FFF7CDFD94F85432002BDE
:10608000D4D001230D2284F8503284F85E2284F8A3
:106090005752CBE7022917D194F85E32072B03D071
:1060A00010D89A1E022A0FD8D4F86422012000FAD0
:1060B00003F31A430D23C4F8642284F85E3284F893
:1060C0005A0201E0092B16D094F85E320D2B1CD138
:1060D0002046FFF79FFD94F85462002EA6D120467B
:1060E000F1F718F9FF2384F8506284F85E322046F5
:1060F000F1F718F96DE7D4F8643243F40073C4F88B
:1061000064320D2384F85E32DEE7022913D00329BE
:1061100017D000298AD12046F2F78CF9D4F86032E2
:1061200043F40053C4F86032D4F8643243F40053AB
:10613000C4F864324DE701222A212046F1F782F8A3
:1061400047E7D4F8643223F40053C4F8643294F877
:10615000543213B1002384F85432034B2046597A49
:10616000F2F7FCF935E700BFF020012038B505460D
:106170000C460F20042101F0D1F958B12B8883700F
:1061800001221B0A04704270C370BDE83840023817
:1061900001F0B0B938BD00007FB5064642F21F03DA
:1061A00034889C42084600F28580B4F5005F15D81B
:1061B00040F663439C4200F0DA805AD840F601432F
:1061C0009C4200F0CD8040F603439C4200F0E88002
:1061D000002C00F09280002004B070BDA4F50054A3
:1061E000013C1E2CF7D801A353F824F07B63040074
:1061F000DB630400F1620400D7610400F56204006F
:10620000D7610400D7610400D7610400D76104009E
:10621000D7610400D7610400D7610400D76104008E
:10622000D761040069620400476304004D63040001
:1062300057630400D7610400D7610400D7610400EC
:10624000D7610400D7610400F1620400D761040043
:10625000D7610400D7610400F1620400BB6304004D
:10626000C5630400E36304000220002446E04120EB
:10627000FBE704F56F43FF339BB2082BABD8A4F5C3
:106280008054013C082CA6D801A353F824F000BF89
:10629000F16204006F620400F1620400D76104003F
:1062A000D7610400D7610400D7610400D7610400FE
:1062B000DF63040042F24D039C4264D00AD842F2EC
:1062C0004B039C4200F08D8042F24C039C4282D1F1
:1062D0000520CAE742F25F039C427AD042F274037F
:1062E0009C427FF478AF4978007802F065FD03E0C6
:1062F0000920BAE702F08EFC04460120318801F043
:106300004DF90546002856D0338842F21F029342C9
:1063100000F2BC80B3F5005F65D841F209029342F8
:1063200000F2BD80B3F5805F00F2A48040F6014228
:10633000934206D040F66342934202D0002B40F0D5
:10634000AE802C70ABE002F0D7FCD5E711F8010B62
:1063500002F0DEFCD0E711F8010B02F003FDCBE701
:1063600014F009F8974BC3E9000101207DE714F010
:1063700002F8944BC3E90201F7E713F0FCFF914BDD
:10638000C3E90401F1E7CB78897801EB0321437875
:10639000007800EB032009B200B202F023FDABE766
:1063A00002F0B6FB874B00200021C3E90001C3E9DE
:1063B0000201C3E9040101200EE70021007804F086
:1063C000BDF899E78A7800784978002304F012F83C
:1063D00092E7087803F09EFC8EE7042045E707204B
:1063E00043E7032041E7A3F50053013B1E2B56D89A
:1063F00001A252F823F000BF436304004B65040080
:10640000616504009F640400436304009F6404000A
:106410009F6404009F6404009F6404009F64040060
:106420009F6404009F6404009F6404009F64040050
:10643000D164040043630400436304004363040025
:106440009F6404009F6404009F6404009F64040030
:106450009F640400C56404009F6404009F640400FA
:106460009F6404006B6504004363040043630400FD
:10647000A7650400A3F58053013B082B0FD8DFE884
:1064800003F02C47580E0E0E0E0E5F0042F24C0227
:10649000934276D007D842F24B0293426AD0681FEB
:1064A00001F028F887E742F25F0293423FF449AFD8
:1064B00042F2740293423FF444AF42F24D029342DF
:1064C000EDD13EE700F8014B08211CF0ABF9E6E7FF
:1064D000047002F00FFC6870E1E702AA0DF10501FB
:1064E0000DF1060002F0E8FB2C709DF805206A70A3
:1064F000BDF808309DF80810A9701B0AEB702A71CE
:10650000BDF806206A71120AAA71E9712B72C6E7FA
:10651000412200212AF0DAF92A462B4B02F8014BDE
:1065200003F1400153F8040B42F8040B8B42F9D1FC
:10653000B5E700F8014B0022602313F020FFAEE71F
:1065400000F8014B02F05EFBA9E703F09FFB064653
:1065500003F0A2FB6E70360A2C70AE70E8709EE7F6
:1065600000F8014B02F0BEFB99E700F8014B02F086
:10657000B1FB94E70146013001F8024B02F02EFC1A
:106580008DE702A90DF1060002F02AFC2C70BDF87F
:1065900006306B709DF90730AB70BDF90830EB70B9
:1065A0001B122B717BE7002302A8CDE9023303F015
:1065B000CBFF2870BDF80A306B70BDF80A301B0A9B
:1065C000AB706CE7302F01203930012073B506889D
:1065D00042F20B02964204460B4606D042F20C02EF
:1065E000964229D0002002B070BD0A788DF80420B0
:1065F00089785A7802EB0122ADF800201979DA780F
:1066000002EB0122ADF8022068465A799B798DF899
:1066100005208DF8063002F015FC21880546012082
:1066200000F0BCFF30B12288B24208BF05700538C7
:1066300000F060FF0120D6E74978187802F054FC9A
:10664000F8E700002DE9F0410388A3F50153013B71
:1066500086B005460C46092B00F2C880DFE803F03F
:106660000550C660888B93A0ADB00878A2784978B1
:106670008DF80000E31C00248DF801108DF8022035
:1066800026464FF0060E42FA06F7FF0718D506AF6A
:106690000EFB047793F800C093F8028007F810CC43
:1066A00093F801C00CEB082C27F814CC93F8048065
:1066B00093F803C00CEB082C27F812CC05330134F7
:1066C0000136082E01D0032CDDD101AB02F038FCDD
:1066D00004460120298800F061FF0646F0B12B88AE
:1066E00042F2490293426ED842F24402934205D8E4
:1066F00003F55F43BF339BB2012B68D8347066E06B
:106700004A790B79C978207803EB0223A27802EB4F
:1067100001229BB2617892B202F092FC012066E005
:106720004B788DF801308B788DF80230CB1C0A78CD
:106730000193897A637A8DF8002003EB0123ADF889
:106740000830217BE37A920703EB0123ADF80A308E
:1067500004D5284B93F84D309B0607D5684602F0C8
:10676000BDFC01462846FFF701FDD7E73E21F9E7CA
:1067700002F012FDACE74B78087800EB032080B202
:1067800002F026FDA4E70B46684613F8012B01939F
:10679000CB798DF800208DF8083002F043FD97E7A3
:1067A0000B46684613F8012B0193CB798DF8002036
:1067B0008DF8083002F06CFD8AE702F093FD87E760
:1067C0000220002486E742F24A02934203D0701F5F
:1067D00000F090FEA2E7002368468DF8003002F03A
:1067E00097FD30709DF800307370F0E7002006B020
:1067F000BDE8F08114300120038873B50A4642F2E7
:106800002E018B4206460ED842F226018B420ED94B
:10681000A3F50053273B072B09D8DFE803F00B272C
:106820002D430808303442F24E018B4233D0002011
:1068300002B070BD114602F1170311F8010B0732C7
:1068400004F0DEF904460120318800F0A7FE054679
:10685000B0B3338842F22A02934238D025D8A3F548
:106860000053273B022B28D82C7026E0114611F844
:10687000010B04F0FBF9E5E704F022FAE2E71078F7
:1068800004F086FADEE75378107800EB032080B23C
:1068900004F09EFAD6E71146D27911F8010B04F004
:1068A000A5FACFE702200024CEE742F22E0293425F
:1068B00008D842F22C029342D6D8681F00F01AFE84
:1068C0000120B5E742F24E029342CDD0F5E7002415
:1068D0000DF107008DF8074004F010FA9DF807301D
:1068E0006B702870AC70E8E7F0B50388A3F500532F
:1068F000063B89B00646042B6CD8DFE803F022562D
:10690000031D510011F8010B02F08EFD0446012019
:10691000318800F043FE0546002844D0338842F217
:10692000070293424BD043D842F20602934244D02E
:10693000681F00F0DFFD36E011F8010B02F096FD54
:10694000E4E74B780878D1F807708C78CDF81770A9
:1069500000EB0320CB78B1F80B700A798D79ADF894
:106960001B7004EB03244F7B4B79897B8DF81E1041
:10697000A4B2CDE902710DF11701CDE9005180B249
:106980002146ADF81000ADF812408DF814208DF8B6
:1069900015308DF816508DF81D7002F0D7FCB5E754
:1069A000087802F085FD012015E002200024AFE701
:1069B000A3F50053083B012BBAD82C70B8E700238D
:1069C00004A88DF8103002F0AFFC28709DF810304C
:1069D0006B70ADE7002009B0F0BDF0B50388A3F5FA
:1069E0000053353B8DB006460C460B2B00F2FF8062
:1069F000DFE813F0100018006C0078008200D5006A
:106A00000C00AA00AE00B100C900D000FF27022090
:106A1000002546E011F8017B384602F095FD054659
:106A200001203EE08A784B780F7803EB0223ADF823
:106A30000C300A79CB7803EB02234A7903EB02434B
:106A40000493CA798B7903EB02230A7A03EB02439E
:106A500005934B7A8DF818308B7A8DF81930CB7AF4
:106A60008DF81A3001F10C0307938B7C8DF82030E0
:106A7000CB7C8DF821300B7D8DF822304B7D8DF84D
:106A800023308B7D8DF82430CB7D8DF82530384632
:106A90000B7E8DF8263003A902F058FD054660767E
:106AA0000220318800F07AFD0446002838D033886F
:106AB000A3F50053353B0B2B00F28B80DFE803F08E
:106AC00095729595957B8D95959595950B4613F8B3
:106AD000040B0093CB788A78497802F09FFD054635
:106AE000FF279DE70B4613F8040B0093CB788A78B9
:106AF000497802F0AAFDF2E70878497803AB062945
:106B00000F4604F102044FF000051A4628BF06277D
:106B1000AF4204F1040403F1060303D802F0ACFD14
:106B2000012065E014F8046C14F802CC03F8066C3C
:106B300014F8036C06EB0C2623F8046C14F8016CB3
:106B400003F8026C0135E3E7087802F049FEC6E776
:106B500002F052FEC3E78A784B780F7803EB0223EA
:106B6000ADF80C300A79CB7803EB0223ADF80E3088
:106B70008A794B79384603EB022303A9ADF810302C
:106B800002F044FE4BE78A782078CB1C497802F06B
:106B900057FEA4E74978207802F06EFEC0E7FF2791
:106BA000032035E703A9384602F034FD25709DF82F
:106BB0000C3063700DE01F2303A8ADF80C3002F019
:106BC000EBFD2070BDF80C306370BDF80C301B0A73
:106BD000A370601F00F08EFCA2E7012303A88DF8CC
:106BE0000C3002F0EDFD2070E1E70570F1E70020C8
:106BF0000DB0F0BD4A780B7803EB02230380CA780E
:106C00008B7803EB022343804A790B7903EB022351
:106C10008380CA798B7903EB0223C3804A7A0B7A8B
:106C200003EB02230381CA7A8B7A03EB02234381AD
:106C30000C2070472DE9F34107460E460188BDF848
:106C400020501046984600F0A9FC0446002800F0A9
:106C50008C803A8842F222039A4215D842F21F03EE
:106C60009A422CD841F205439A4272D042F215035F
:106C70009A4274D040F62D439A4258D0601F02B019
:106C8000BDE8F04100F036BC42F22F039A422ED00C
:106C900007D842F223039A4216D042F224039A42C2
:106CA00007E042F25C039A4206D842F259039A4244
:106CB00005D8E3D12670E1E742F25D03EFE72670E5
:106CC00065702D0AA570D9E70DF1060101A802F043
:106CD0009DFF2670BDF804306370BDF804301B0AB8
:106CE000A370BDF80630E3701B0A2371C6E70DF1EF
:106CF000060301AA0DF10201684602F0B5FF2670F5
:106D0000BDF800306370BDF800301B0AA370BDF8F9
:106D10000230E3701B0A2371BDF8043063711B0A53
:106D2000A371BDF80630E3711B0A2372A6E70023A6
:106D300098F800108DF806300DF10602284602F092
:106D4000CFFD9DF9063065702D0A2070A570E370A7
:106D500094E70DF10601284602F0A4FDF1E7C11CFD
:106D6000284602F0E5FD2070AAE702B0BDE8F081F8
:106D700030B5038842F22402934287B005464CD8CE
:106D800042F21202934211D840F62D42934200F093
:106D9000A38037D840F2064293424FD040F21D42C2
:106DA000934200F0C380002007B030BDA3F500532C
:106DB000133B112BF7D801A252F823F0576E0400B1
:106DC000A76D04001D6F04000D6F0400A76D040083
:106DD000A76D0400A76D0400A76D0400A76D040053
:106DE000A76D0400A76D0400A76D0400A76D040043
:106DF000736E04009F6E0400B36E04003D6F0400C8
:106E0000ED6E040041F205429342CCD14B780C78F0
:106E100004EB0324A4B2002365E042F22F02934264
:106E200000F0918042F26D029342BCD14B78087819
:106E300000EB032080B202F043FF07E04B780878B4
:106E4000897800EB032080B202F096FD01462846C7
:106E5000FFF78CF921E04B7811F8024B04EB032487
:106E6000A4B203A8FFF7C6FE03A9204602F0C0FDA6
:106E7000ECE74B7811F8024B04EB0324A4B203A80F
:106E8000FFF7B8FE03A9204602F0F4FD0023032219
:106E9000014600942846FFF7CDFE012084E74B7899
:106EA0000C78897804EB0324A4B2204602F018FE83
:106EB000ECE74B780C780A7904EB03244B7902EB6E
:106EC0000322CB788978A4B201EB032192B289B274
:106ED000204602F059FED9E70B464A7813F8024BD8
:106EE00004EB0224A4B204220020D1E7CA788B78F4
:106EF000087803EB02234A7800EB022099B280B2B3
:106F0000002402F08BFE23460122C1E74B7808786B
:106F100000EB032080B203F087F897E74B780C78FA
:106F200004EB0324A4B200230822DDE74B780878A1
:106F300000EB032080B202F0FDFD87E7002423462A
:106F400005222046A4E7002423460922F9E700BFD2
:106F50002DE9F047174E96F8283080460F46154623
:106F600093B9012386F82830C0F303294FEA112A88
:106F70003DB140F2031013F07FF8013DEDB204463D
:106F800020B9002386F82830BDE8F08780F800801B
:106F900080F80190877080F803A096F829103A468F
:106FA0004B1C043086F8293029F090FC204602F072
:106FB00079FEDDE7302F012070B5058842F20E0220
:106FC000954286B004460B462ED042F214029542FA
:106FD0002DD042F20D0295423BD149781A7802EB4E
:106FE0000122ADF80020D9789A7802EB0122ADF8A1
:106FF00002201A798DF804205A798DF806209A1DFE
:1070000003F10D01029203A81A7B8DF80520FFF70A
:10701000F1FD03A9684602F0BFFE01462046FFF7D6
:10702000A5F8012006B070BD02F010FFF9E7084690
:1070300001F0E0FE21880646012000F0AFFA0028AA
:10704000EFD02388AB4208BF0670053800F052FA33
:10705000E7E706B0BDE87040FFF78ABE2DE9F043D0
:10706000028842F243039A428DB005460C4649D14C
:1070700018220DEB0200002129F028FC23788DF85E
:107080000C3063788DF80D30A3788DF80E30E31C4A
:10709000627A049304F10A0300248DF81420264632
:1070A00001AF4FF00C089DF814203241D20717D5DC
:1070B00058781A7802EB002227F82420D8789A789A
:1070C00007EB840102EB002203F1040906AB08FB85
:1070D00004304A804946FFF78DFD013409EB000377
:1070E0000136082E01D0022CDDD106AA01A903A881
:1070F00002F0C8FE01462846FFF738F801200DB01F
:10710000BDE8F0830DB0BDE8F043FFF755BF73B5A0
:1071100000220092ADF80420028842F22B04A24221
:10712000054607D042F22C04A2421FD0FFF764FBB1
:1071300002B070BD11F8010B6A4603F0E6FD298824
:107140000446072000F02AFA064668B12B88A3F50A
:1071500000532B3B012B04D800F8014B694613F078
:10716000E9F8701F00F0C6F90120E1E711F8010B02
:107170006A4603F0EBFDE2E7028838B542F21903F4
:107180009A42054603D0BDE8384000F015B8CB7AE6
:107190008A7A087802EB03224B7800EB032092B244
:1071A00001F10C0380B2023103F0E4FA01462846F3
:1071B000FEF7DCFF012038BD2DE9F341064642F21F
:1071C00017023388934208461DD00BD840F67B4205
:1071D000934246D040F67C4293424CD0002002B00D
:1071E000BDE8F08142F21A0293422CD042F21B0217
:1071F0009342F3D14B780C7804EB0324A4B22046DD
:1072000003F042FB28E001F110084146002403F09E
:10721000FBFA27461120318800F0C0F9054680B1FD
:10722000338842F2170293423DD032D840F67B4277
:10723000934245D040F67C4293422FD0681F00F025
:1072400059F90120CBE74B7811F8024B04EB0324EA
:10725000A4B2204603F0DEFA07464FF000080320F0
:10726000D9E74B780C784FF0000804EB0324A4B264
:1072700005204746CFE74B780C7804EB0324CB7806
:107280008978A4B201EB032189B2204603F048FBC0
:10729000E2E7A3F500531A3B012BCFD86C70240A08
:1072A0002F70AC70CAE70346414603F8017B08F132
:1072B000100251F8040B43F8040B9142F9D1BDE7D9
:1072C000002320460DF10601ADF8063003F00AFB5D
:1072D000BDF80630EB706C701B0A240A2870AC7085
:1072E0002B71ABE70388A3F50153193B73B5064631
:1072F0000C46042B5FD8DFE803F0030E2A394F0059
:107300004B780878897800EB032080B203F026FBE5
:107310000122002512E04B780D780A7905EB032550
:107320004B7902EB0322CB788978ADB201EB0321D4
:1073300092B289B2284603F02AFB03220146009547
:1073400030460023FFF776FC012002B070BD4B7879
:107350000D78227905EB0325CB788978ADB201EB66
:10736000032189B2284603F024FBE6E74B780D7829
:107370008A7905EB03254B79097903EB0223E2783F
:10738000ADB202EB0122E17900919BB2A17892B2F9
:10739000284603F020FBD0E70B79CA78207802EB6F
:1073A00003228B78497801EB032192B2637989B289
:1073B00003F038FBACE70020C7E7F0B50388A3F57E
:1073C0000053303B85B007460C46042B6BD8DFE8F2
:1073D00003F0031D263C43004B780C7804EB032498
:1073E000A4B205200026398800F0D8F8054650B32D
:1073F0003B8842F2310293423CD036D842F230020E
:10740000934239D0681F00F075F81CE08A78207824
:10741000497803F085FB064600240120E3E74B781A
:1074200008788A7900EB03204B7903EB02239BB2A7
:1074300000930B79CA78897880B203F093FB0146F8
:107440003846FEF793FE01202EE08A7820784978AE
:10745000002302F0D7FFDEE700250095CB788A787D
:107460002078497802F0E2FED5E7A3F50053333BDC
:10747000012BC7D82E70C5E700230DF10F0220465F
:107480000DF10E018DF80E308DF80F3003F012FB68
:107490009DF80E209DF80F306C70240A2870AC7097
:1074A000EA702B71AEE7002005B0F0BD10B50446C0
:1074B00042F226022388934208460FD042F25E022F
:1074C00093420FD042F22502934211D103F0C0FC47
:1074D00001462046FEF74AFE012010BD203103F090
:1074E000B9FCF5E791F84020203103F0E3FCEFE729
:1074F0000020F2E708B5024618B10648002112F054
:10750000CAFD054B93F8240018B9BDE8084005F002
:10751000C1B808BD283001201430012038B5054617
:10752000881C0C4612F0A8FD10B1057044700230A2
:1075300038BD000070B5184E0446002556F8043BCF
:107540007BB90135152DF9D1A578DDB1012D06D115
:1075500001F034F904210E20FFF7E0FF38B90020D4
:1075600004E0204698470028EBD0012070BD03239B
:1075700043700C2305708370E378C3700238FFF703
:10758000B9FFF2E701211020FFF7C8FF0028E6D07D
:10759000237900F8013BF1E7BC2F012038B50546FF
:1075A00005300C4612F068FD48B10E230370C4701C
:1075B00003350123240A457083700471053038BDFA
:1075C000F8B58778022F054603D0042F68D0002035
:1075D000F8BD827C3A4EFF2A336934D0580501D475
:1075E0000120F5E773689900FAD5364B96F83420F8
:1075F0001B685B7B9A42F3D212213E20FFF78EFF7D
:1076000004460028ECD00B23037001234370AB7AAF
:107610008370EB7AC37005F10C01043012F08AFE1E
:10762000AB7CA37205F1130104F10B0012F082FE92
:107630006B7A637496F83430013386F83430A01EC8
:10764000FFF758FFCCE79A07C1D573689B00BED5FA
:107650001C4B96F834201B685B7B9A42B7D2017AA8
:107660000C31C9B23E20FFF759FF04460028AED0C6
:10767000012307704370AB7A8370EB7AC37005F116
:107680000C01043012F056FE2A7AA27204F10B03A8
:107690006968184629F0F2F82A7A697A8154C9E7AC
:1076A00039460E20FFF73AFF044600288FD0012309
:1076B00003700C23437020238370EB78C370BEE704
:1076C000302F0120883001200238FFF713BF00005F
:1076D0002DE9F04F83782DED028B173B83B00446E4
:1076E0000E2B16D8DFE813F00F00B000C200150013
:1076F000150015001500D800A7010601150015009A
:1077000015001500BF01DFF8CC83D8F81030DF0476
:1077100001D400268EE0D8F804309E00F9D5878B7E
:10772000DFF8B4A3D0F82090E522B7FBF2F302FB18
:107730001372002A18BF013398F8342052FA83F3E9
:10774000DAF80020527B9342E3DCDAF8003098F854
:1077500034205B7B9A42DCD2E52FBB4628BF4FF03A
:10776000E50B5FFA8BF3E72003F11A06009312F0A2
:1077700083FCF6B205460028CBD04FF03E030370E1
:10778000467098F834100131831CC9B2DAF8000051
:1077900088F83410407B884208EE103AA7EB0B07BC
:1077A00050D1002F4ED0A188002741F04001A18088
:1077B0003E46206AB4F81CC0A18809EB0B03181AD6
:1077C00060451CBF01F01F0141F0200129710193A8
:1077D0000D204FF00103090AEB70A8706971A179BF
:1077E000A971E81DE11D12F0A5FD617B6973A17B04
:1077F000A973E17BE973217C2974617C6974618AD6
:10780000A97494F91310E974217D297505F1150007
:1078100004F1150112F08EFD009BEB765A464946A5
:1078200005F11C0029F02AF818EE100AFFF74CFFAA
:10783000019B2FB9304603B0BDEC028BBDE8F08F41
:10784000994682E70126B4E704210E20FFF766FE81
:1078500000283FF45EAF42224270012620220670CB
:107860008270E278C270FFF72FFFE3E7994B1A6945
:10787000D5037FF54EAF5B689C007FF54AAF0121D1
:107880003E20FFF74BFE00283FF443AF1122027069
:10789000FFF71AFF0126CDE78E4B1A6990047FF59A
:1078A00038AF5B6899007FF534AF10213E20FFF7B9
:1078B00035FE054600283FF42CAF0E2303702379D4
:1078C0004370E3888370E3881B0AC370237A0371D3
:1078D000637A437104F10A01063012F02BFD237C18
:1078E0002B73638A6B73638A1B0AAB73237DEB7301
:1078F0002846CDE7774D2B695A047FF50AAF6B68B0
:107900009B007FF506AF4789DFF8CCA1C168F7225D
:10791000B7FBF2F302FB1372002A18BF013395F88C
:10792000342052FA83F3DAF80020527B93423FF777
:10793000F0AEDAF8003095F834205B7B01919A4282
:10794000BFF4E7AEF72FB94628BF4FF0F7095FFA4B
:1079500089F202F10806F9200092F6B212F08CFBCF
:1079600000283FF4D6AE3E230370467095F834C02D
:10797000DAF800600CF1010C5FFA8CFC85F834C079
:10798000767B831C6645DDE9002107EE903AA7EB84
:1079900009084BD1B8F1000F48D002264FF000087B
:1079A00066724646E368B4F80AE001EB090BABEBFC
:1079B000030CF4453CD194F809C0ACF1020EDEF1A1
:1079C000000C4CEB0E0C4FEA4C0C4FF00F0E80F8F5
:1079D00002E0B4F804E080F803E0B4F804E04FEA11
:1079E0001E2E80F804E094F806E080F805E094F894
:1079F00007E080F806E094F808E080F807E080F8F7
:107A000008C042723FB14A460A30CDED007A28F0F4
:107A100035FFDDED007A17EE900AFFF755FEB8F15D
:107A2000000F3FF407AF4746594682E70126B9E702
:107A30004FF0010CC9E7274B1A6910047FF569AEB6
:107A40005B6899007FF565AE03213E20FFF766FD78
:107A500000283FF45EAE10220270A2884270A28815
:107A6000120A827014E71B4B1A6912027FF551AE9D
:107A70005B689B007FF54DAE14213E20FFF74EFD65
:107A8000054600283FF445AE182303702379437060
:107A9000E3888370E3881B0AC370238903712389F9
:107AA0001B0A43716389837163891B0AC371237B3A
:107AB0000372637B437204F10E010A3012F03AFC48
:107AC000237D2B74E38A6B74E38A1B0AAB74237ED9
:107AD000EB740DE7302F01208830012038B5837812
:107AE000032B054601D0002038BD04210E20FFF7EE
:107AF00015FD0028F7D00A234370012420230470C9
:107B00008370EB78C3700238FFF7F4FC2046EBE794
:107B100083781A3B70B50546032B0AD8DFE803F0DB
:107B2000022A3A562F4B304E1B68327F9B7D9A4279
:107B300001D3002070BD33695803FAD573689900EA
:107B4000F7D509213E20FFF7E9FC04460028F0D0D4
:107B5000132303702B7943706B798370A91D033055
:107B600012F0E8FB337F01333377A01EFFF7C2FC2E
:107B70000120DFE704210E20FFF7D0FC0446002897
:107B8000D7D001230370392363702023A3702B798E
:107B9000E370EAE7144B1A699203CAD55B689B004D
:107BA000C7D506213E20FFF7B9FC04460028C0D007
:107BB000122303702B7943706B798370EB88C37049
:107BC000EB881B0A03712B7A4371CEE704210E2048
:107BD000FFF7A4FC04460028ABD001230370402328
:107BE000D2E700BF88300120302F012008B5C278CD
:107BF000837803EB0223074A116A01311162516A4B
:107C000011FA83F3536212F043FA012002F056F89E
:107C1000012008BD302F0120114B70B55D8D044649
:107C20000E4685B905211320FFF778FCB8B14470E2
:107C30000123240A03708470C6700571BDE870408A
:107C40000238FFF757BCDA6A0132DA621A6B2A444B
:107C50001A630A462946BDE87040FFF779B970BD3E
:107C6000302F012010B502F027F8044610B9002487
:107C7000204610BD044B9B7F002BF9D0FFF7B6FFC9
:107C80000028F4D1F4E700BF302F012010B5094CD3
:107C9000A37F43B102F010F828B1A37F43B1BDE840
:107CA0001040FFF7A3BFBDE81040002004F0F2BC75
:107CB00010BD00BF302F012038B58378122B054648
:107CC00014D8042B1BD9053B0D2B18D8DFE813F073
:107CD000190057006C001700DF00C00017001700E4
:107CE0001700170017009300170000012E2B00F05B
:107CF0001B812F2B00F03D812D2B00F0F880002000
:107D000038BDAA4B1A69D207F9D55B689B00F6D536
:107D100013213E20FFF702FC04460028EFD0012289
:107D200002702B794370EB888370EB881B0AC37059
:107D30002B7A03716B7A991E914288BF637100F1AF
:107D400006008EBF05F10A01627105F11D0112F0F6
:107D5000F1FA2B8A23732B8A1B0A63736B8AA37332
:107D60006B8A1B0AE373AB8A2374AB8A1B0A6374A6
:107D7000AB7DA374A01EFFF7BDFB0120C0E78B4BBA
:107D80001B68DC06BBD504210520FFF7C7FB0446B2
:107D90000028B4D02B790370EB884370EB881B0A62
:107DA00083702B7AC370E5E7804B1A695007A6D51C
:107DB0005B689900A3D50A213E20FFF7AFFB04467C
:107DC00000289CD0032303702B794370EB888370C9
:107DD000EB881B0AC3702B8903712B891B0A437123
:107DE0006B8983716B891B0AC371AB890372AB8981
:107DF0001B0A4372BEE76D4B1A6992067FF57FAF8F
:107E00005B689C007FF57BAF0B213E20FFF786FB74
:107E1000044600283FF473AF06232370AB886370D9
:107E2000AB881B0AA370EB88E370EB881B0A2371F5
:107E30002B8963712B891B0AA3716B89E3716B8991
:107E40001B0A2372AB896372AB891B0AA37291E789
:107E5000564B1A6910077FF552AF5B6899007FF5A2
:107E60004EAF0C213E20FFF759FB044600283FF49B
:107E700046AF042303702B794370EB888370EB8843
:107E80001B0AC370AB684360EB68836072E7474BC3
:107E90001B681A057FF533AF08210C20FFF73EFB66
:107EA000044600283FF42BAF2B790370EB88437016
:107EB000EB881B0A83702B7AC3706B8903716B8903
:107EC0001B0A4371AB898371AB891B0AC37151E7EC
:107ED000364B1B695B067FF512AF0B213E20FFF787
:107EE0001DFB044600283FF40AAF072395E72F4BFC
:107EF0001A6954007FF503AF5B6898007FF5FFAE09
:107F000005213E20FFF70AFB044600283FF4F7AEA8
:107F10001F2303702B794370EB888370EB881B0A57
:107F2000C3702B7A237125E7204B5A69D1077FF55F
:107F3000E6AE5B689A007FF5E2AE09213E20FFF7CE
:107F4000EDFA044600283FF4DAAE212303702B79C2
:107F50004370EB888370EB881B0AC3702B7A037124
:107F60006B7A4371AB7A8371EB7AC3712B7B0372AB
:107F700000E70E4B1A69002ABFF6C1AE5B689B0092
:107F80007FF5BDAE05213E20FFF7C8FA0446002864
:107F90003FF4B5AE20230370AB884370AB881B0A57
:107FA0008370AB79C370EB79BCE700BF302F012041
:107FB0008378212B10B5044601D0002010BD0D4B55
:107FC0001A691203F9D55B689B00F6D504213E209F
:107FD000FFF7A4FA0028F0D014230370A38843709D
:107FE000A3881B0A8370A379C3700238FFF782FA53
:107FF0000120E3E7302F012038B58378082B0446B1
:1080000011D104210E20FFF789FA58B10E234370D5
:1080100001252023057083702379C3700238FFF790
:1080200069FA284638BDBDE83840FFF745BE000074
:1080300038B58378052B054601D0002038BD214B8B
:108040001A699205F9D55B689B00F6D51F213E2081
:10805000FFF764FA04460028EFD00A2303702B7957
:108060004370EB888370EB881B0AC3702B7A037113
:108070006B7A437105F10A01063012F05BF905F1E4
:10808000170104F10C0012F055F905F11D0104F17E
:10809000120012F04FF92B8A23762B8A1B0A637683
:1080A0006B8AA3766B8A1B0AE376AB8A2377AB8A4B
:1080B0001B0A6377AB7DA377A01EFFF71BFA012095
:1080C000BCE700BF302F012000F000B883780B3BE5
:1080D00010B50446062B09D8DFE803F0041E30086B
:1080E00008085500304B1B681B0601D4002010BD4A
:1080F00004210820FFF712FA0028F7D02379037033
:10810000E3884370E3881B0A8370237AC3700238C4
:10811000FFF7F0F90120EAE7234B5B681804E5D587
:1081200003213020FFF7FAF90028DFD0237903700C
:10813000E3884370E3881B0A8370E8E71A4B1A69E7
:10814000D1061CD55B689A0019D50D213E20FFF79A
:10815000E5F9A0B105230370A3884370A3881B0A27
:108160008370D4F80630C0F80330D4F80A30C0F871
:108170000730E389C372E3891B0A0373C7E7A0884A
:1081800002F082FBB2E7084B9B681B02AED50221CE
:108190005720FFF7C3F90028A8D0A3880370A3884D
:1081A0001B0A4370B3E700BF302F01208378162BE2
:1081B00010B5044601D0002010BD0F4B1A691205FE
:1081C000F9D55B689B00F6D506213E20FFF7A6F99E
:1081D0000028F0D00C23037023794370E388837068
:1081E000E3881B0AC370237A0371637A43710238F0
:1081F000FFF780F90120DFE7302F012038B58378C1
:10820000132B04464FF0000503D0142B29D0002077
:1082100038BD214B1A691006F9D55B689900F6D56F
:1082200042213E20FFF77AF90028F0D0082303709E
:108230004570631D821C04F1250153F8045B42F86C
:10824000045B8B42F9D100F12202453453F8041B40
:1082500042F8041BA342F9D10238FFF74BF9012081
:10826000D6E70D4B1A69D205D1D55B689B00CED5F8
:1082700022213E20FFF752F90028C8D009230370BD
:1082800023794370821C631D253453F8041B42F884
:10829000041BA342F9D1DFE7302F012010B50E4BAC
:1082A0000E4A0F490446002004F0E0F90D4804F09E
:1082B000EBF90D4B68221846002128F007FB382205
:1082C00004700021094828F001FB094800F032FC45
:1082D000BDE8104000F072BA19870400B1860400AE
:1082E00059860400A587040014300120302F012096
:1082F00035750400034B044A1A61044B044A1A61A1
:10830000704700BF682F0120CD650400BC2F0120FD
:10831000C17504000449054B0548064A48615A6185
:1083200088619A61704700BF682F0120BC2F01202F
:1083300045660400D1760400034A13681BB903495B
:108340001160034A13607047682F0120F967040029
:10835000BC2F0120034B044ADA61044B044ADA6162
:10836000704700BF682F0120E9680400BC2F01207E
:10837000DD7A04000449054B0548064A08621A6282
:1083800048625A62704700BF682F0120BC2F01204D
:10839000DB690400117B040008B50849084800F0B7
:1083A000FBFB084B5A6822B9074A5A60074B084A38
:1083B0005A60084B084A1A6008BD00BF8D7C040053
:1083C000197C0400682F0120716D0400BC2F01206E
:1083D000B97C04007C300120657C0400014B024A1A
:1083E0009A607047BC2F0120B17F040008B507498F
:1083F000074800F0D1FB074B074A5A60074B084A71
:108400005A60084B084A1A6008BD00BF8D7C040002
:10841000197C0400682F0120B96F0400BC2F0120D3
:10842000F97F04007C300120657C040008B5074911
:10843000074800F0B1FB074B074A5A60074B084A50
:108440005A60084B084A1A6008BD00BF8D7C0400C2
:10845000197C0400682F01205D700400BC2F0120EE
:10846000F97F04007C300120657C0400034B044A42
:108470001A60044B044A1A60704700BF682F01203D
:108480000F710400BC2F012031800400034B044A0B
:10849000DA60044B044ADA60704700BF682F01209D
:1084A00079710400BC2F0120C9800400044BDA68F4
:1084B00022B9044ADA60044B044ADA60704700BF0C
:1084C000682F0120B9710400BC2F0120CD80040069
:1084D000054B1B681B79092B05D9044B044A1A6309
:1084E000044B00221A63704788300120682F012056
:1084F000E5720400BC2F0120034B044ADA62044BEE
:10850000044ADA62704700BF682F0120BB73040081
:10851000BC2F0120AD810400034B044A9A62044B36
:10852000044A9A62704700BF682F0120AD740400AE
:10853000BC2F0120FD8104002DE9F74F804600206B
:1085400018F090FF054610B118F07EFF064618F0AF
:10855000010F06D03A4C01A9204611F0B2FD0028C7
:1085600038D118F0020F08D0DFF8E4900DF10301C4
:10857000484611F0A6FD044678BB18F0040F09D058
:10858000304B002083F8240004F084F82E4B9B69C4
:1085900003B1984718F0080F0AD001211020FEF708
:1085A000BDFF28B1284A527F00F80229FEF7A2FF3A
:1085B0006DB1002018F056FF48B118F045FF314664
:1085C00003F0AAFF214B1A88824200D2188003B020
:1085D000BDE8F08F01F066FBBDE76278237803EB1E
:1085E0000223ADF8043004F1030AA3788DF80630B5
:1085F000514601A8FDF7D0FDF0B9DFF858B00746A5
:108600005BF8043B9BB90137152FF9D104210F20EA
:10861000FEF784FF80B1BDF8042082700121120AA8
:1086200001704170C2700238FEF764FF04E05146E9
:1086300001A898470028E6D0204611F029FD95E7CB
:108640001830012014300120302F0120103001207B
:1086500020300120682F0120012838B50A46044641
:1086600016D0032808D0D8B9104D014605F10C00EA
:1086700011F011FD022111E00C4C002104F11C004D
:1086800011F009FD20781021BDE8384015F048BDF3
:10869000064D0021281D11F0FEFC21462878F3E745
:1086A000BDE83840084611F0F3BC00BF143001208B
:1086B00010B50446012C084623D0022C1AD10B78A1
:1086C0003E2B15D18B78132B12D801229A404AF6F3
:1086D00004010A4206D1132B0AD10D4A137F013B34
:1086E000137705E00A4A92F83430013B82F83430BF
:1086F00011F0CEFC074BBDE810401878042115F0AE
:108700000FBD11F0C5FC204601F0D8FAF2E700BF1A
:10871000302F0120143001202DE9F3411E4F97F82E
:10872000248006460D461446B8F1000F30D10DF1F5
:10873000070107F1140011F0C4FC68B1437802226C
:1087400002334FF0010887F8248032702B802060BC
:10875000404602B0BDE8F081104B1B684BB1984712
:1087600038B18378C278043303EB02239BB203222F
:10877000E7E70B4B1B68002BEAD098470028E7D0AF
:108780008378C278043303EB02239BB20122D8E73B
:108790004FF00008DCE700BF1430012080300120DA
:1087A0007C300120034B5877034B0821187815F0D3
:1087B000B7BC00BF302F01201430012010B5094C88
:1087C0003022002104F1080028F080F84FF0FF3239
:1087D00041F6FF73C4E900231F220023C4E90423E8
:1087E00010BD00BF302F01208B4BC02230B583F865
:1087F0002A20282283F83320022283F8342083F8A9
:108800005120012283F85220844A042183F83B102E
:1088100050684CF21701D98747F68301A3F840103E
:1088200018B393F82510B3F8464041F0200183F8BF
:10883000251093F8271061F07F0183F8271093F833
:108840002F1041F0040183F82F10222183F83410F7
:10885000B72183F8401093F8481044F4F87441F0BD
:108860000801A3F8464083F84810116929B100288F
:1088700040F0C480CC2183F83F10D16941B1F72189
:1088800083F83E1093F83F1041F0030183F83F1046
:10889000D16879B170B193F8401041F0400183F88C
:1088A00040107F2183F8411093F8451041F03001CA
:1088B00083F845101168D1B193F8474044F078012E
:1088C00083F8471093F8481041F0060583F84850A4
:1088D00093F84C5045F0040583F84C5038B164F0DF
:1088E000070441F0070183F8474083F84810916A74
:1088F00029B193F8471041F0060183F84710D16A77
:1089000029B1B3F8481041F4F871A3F84810116A7E
:1089100089B193F8491061F0010183F8491093F887
:108920004A1041F0030183F84A1093F84C1041F0CB
:10893000030183F84C10516939B193F84A100028AB
:1089400066D141F0600183F84A10516A29B193F869
:108950004A1041F01C0183F84A109169002914BFA4
:10896000FF21802183F84B10116B59B193F84D1002
:1089700061F01F0183F84D1093F84E1041F0030190
:1089800083F84E10516B29B1B3F84E1041F4F061E9
:10899000A3F84E10916B29B193F84F1041F01801D4
:1089A00083F84F10D16B29B193F8501041F00301B7
:1089B00083F85010116C29B193F84F1061F01F012A
:1089C00083F84F10516C81B193F84E1041F0600163
:1089D00083F84E1093F8501061F01F0183F8501087
:1089E0001F2183F8511083F85210926C2AB193F82A
:1089F000512042F00F0283F8512030BDFC2183F852
:108A00003F1093F8401041F0080183F8401034E71C
:108A100061F01F0197E700BF14300120682F01208B
:108A2000014B1860704700BF8830012038B51C4CDE
:108A30002073F3F745FE1B4B1B481A6813881D0A69
:108A40001B061843C4E90C05184B002183F83810A5
:108A5000196019719971197292F8311092F83030C9
:108A6000003918BF0121003B18BF01231B0243EA54
:108A7000C123216A0B4392F8321092F83320003957
:108A800018BF0121003A43EA412318BF012243EAFB
:108A90008223236202F0E2FABDE8384001F054BEBE
:108AA000003101208830012056341200C0300120EE
:108AB0002DE9F041074600200E4618F0D3FC05468C
:108AC00010B118F0C1FC804657B1002447FA04F3F6
:108AD000DB0702D5E0B2F3F79DFE01340B2CF5D194
:108AE00016B13046F3F752FE6DB1002018F0BAFC13
:108AF00048B118F0A9FC414603F00EFD034B1A885B
:108B0000824238BF1880BDE8F08100BF8430012068
:108B100008B5042011F0B0FA014640B1FF234380AC
:108B20000380034B187BBDE8084011F0BABA08BDBA
:108B300000310120014B1860704700BF0031012057
:108B400008B502F0F1FBBDE80840F4F749B9F4F7C5
:108B5000B9BD08B502F0E8FBF4F784FDF4F79AFE1E
:108B6000F4F7BAFEBDE80840F4F7D2BE08B502F04B
:108B7000FFFBBDE80840F5F7DDBBF5F7D9BF08B549
:108B800002F0F6FBF5F798FFBDE80840F6F7A2BE45
:108B9000F7F716BDF6F7A2BF014BC3E90101704715
:108BA0000031012008B502F0A3FBBDE80840F8F74A
:108BB000ABBC08B502F09CFBBDE80840F8F704BD6B
:108BC000F8F778BEF9F7CAB8F9F73AB9F9F7EAB998
:108BD00008B502F0B7FBBDE80840F9F777BA08B569
:108BE00002F0BAFBBDE80840F9F754BCF9F76CBCD9
:108BF00008B511F0D3FB024BC3E90C0108BD00BF5F
:108C000000310120024BD3E90C2311F0CDBB00BF92
:108C100000310120F8B5244D6B7806462BB1234B6B
:108C20005B7CDA0701D50C20F8BDEB787BB1F4F75B
:108C300077F904460028F6D11D4F3B683BB13B68ED
:108C4000E0B298470028EED10134032CF7D12B79FC
:108C50007BB1F8F741FE04460028E4D1154F3B688C
:108C60003BB13B68E0B298470028DCD10134032CCB
:108C7000F7D1304611F092FB01F44043B3F5404F79
:108C800006460C4601D00B040CD415F03DFA012326
:108C9000EB7340F20113C5E906642B8215F036FA36
:108CA0000020C1E71220BFE7C03001209831012029
:108CB000903001208C300120054B30B51C68258890
:108CC0000580207908701B685B88138030BD00BF69
:108CD00088300120024BD3E90E2311F050BB00BFB6
:108CE00000310120024BD3E9082311F048BB00BF3B
:108CF000C0300120ECF76CBC10B5044B9C791CB95A
:108D0000ECF76CFC204610BD0C24FBE7C0300120C2
:108D100038B5124B1B681B79082B0546084603D84B
:108D2000012D05D912240AE0AB1EDBB2FC2BF9D9C8
:108D30000B4B9C7984B9FF2D03D1ECF7A3FC2046A3
:108D400038BD11F02BFB02460B462846ECF750FCD1
:108D5000002808BF0724F2E70C24F0E78830012040
:108D6000C030012038B5124B1B681B79082B044614
:108D7000084603D8012C05D912250AE0A31EDBB250
:108D8000FC2BF9D90B4B9D797DB9FF2C03D1ECF766
:108D90007FFC284638BD11F001FB02460B462046F9
:108DA000ECF746FC0028F4D1E6E70C25F1E700BF1C
:108DB00088300120C0300120202808D1064A1078D0
:108DC00038B9536A23F001031943516270471120E7
:108DD00070470C20704700BFC030012019F0B6BAB0
:108DE00019F0BABA08B519F0C5FA00280CBF12205C
:108DF000002008BD37B543788278017912041B0240
:108E00009B1802782CBF012500259B18C2784FEAD9
:108E1000026245F100059C1841EB050120460191D5
:108E200002F0B4F8012809D9019911F4787F05D12D
:108E3000204603B0BDE83040F3F744BD122003B034
:108E400030BD00002DE9F041254D2B6A1A0654BFB4
:108E5000012603265B0654BF01270327804602F044
:108E600061F9C0B3EC782B791C4334D1B8F80020F9
:108E7000B2F5804F31D8B8F802309A422DD3032B87
:108E80002BD998F80430012B27D898F80530BB422D
:108E900023D898F80630B3421FD80C2011F0ECF814
:108EA0000146A8B140F202434380B8F80030838005
:108EB000B8F80230C38098F80430037298F805308F
:108EC000437298F806308372064B187B11F0E9F86C
:108ED0002046BDE8F0810C24FAE71224F8E700BF31
:108EE000C03001200031012038B504460D4602F0A3
:108EF00019F920B90C20BDE8384002F08AB8012CDD
:108F000006D10D4B587902F0F5F808B91220F2E7B6
:108F1000062011F0B1F8014660B10223002C8370E5
:108F200018BF0123C370054B0571187BBDE838409D
:108F300011F0B7B838BD00BF5C310120003101200D
:108F40002DE9F84FDFF8F4901E46D9F82030884616
:108F5000190654BF4FF0010A4FF0030A15465A068E
:108F600054BF4FF0010B4FF0030B074602F0E6F839
:108F700048B399F8034099F804301C4323D1BB450A
:108F800017D3C24515D315F0FA0F12D115F0040A04
:108F900003D0D9F820301B0517D515F0010548D0AE
:108FA000738832889A4204D3032B02D93379012B78
:108FB0000DD912243AE00020F4F7DEFB002522E070
:108FC000F4F7DAFB30E00C2430E011242EE0BAF1A3
:108FD000000F0ED0012306225343F218F35A518892
:108FE0008B42E6D30329E4D91379012BE1D8002D74
:108FF000E1D00020F4F7B6FB334642463946002064
:10900000F4F7C6FB01250220BAF1000FD8D0F4F71F
:10901000A9FB062303FB0563424639460220F4F709
:10902000B7FB05F1010A554689F80C502046BDE80A
:10903000F88FBAF1000FBED02B46CCE7C03001202C
:109040002DE9F041234E0F460A2101FB02F54FF4B2
:10905000A06202FB03F4337B737300238046B37377
:1090600002F06CF830B9012373730C20BDE8F041B5
:1090700002F08CB8B8F1010F10D1022F03D90123EF
:1090800073731220F2E706D1002CF8D0002DF6D031
:10909000A54203D3F3E70CB1002DF9D1F4F744FB5B
:1090A0000028ECD0102010F0E7FF014680B1072324
:1090B000B8F1000F8370C0E9025414BF01230223EA
:1090C000C370054B0771BDE8F041187B10F0E9BF94
:1090D000BDE8F081C03001200031012070B50446A8
:1090E00002F02CF810B90C25284670BDA378012B8E
:1090F00049D863780F2B46D82389B3F5FA7F42D23B
:10910000237813F0FC0F3ED163890A3B9BB243F6F0
:10911000F672934237D8F4F797FB0028E3D06068E3
:109120006578A67811F03AF902460B462846314692
:10913000F4F792FB054640BBF4F75CFE022826D804
:10914000182010F099FF06460028CDD040F20B13EE
:109150004380606811F022F9C6E90201A378F37137
:109160006378B371237803F00102C3F340033271D3
:1091700073712389338263897382064B3146187B6E
:1091800010F08FFFB0E71225AEE70B25ACE70725FF
:10919000AAE700BF0031012008B501F0CFFF08B9F0
:1091A0000C2008BDF3F7E2FE0028F9D0382010F0BB
:1091B00063FF0028F5D040F20B234380034B0146A8
:1091C000187B10F06EFF0020EBE700BF003101209C
:1091D00038B5054601F0B2FF10B90C24204638BD61
:1091E000B5F5706F17D22846F4F716FEA8B1F3F75D
:1091F000BDFE04460028F0D1382010F03DFF0146A6
:109200000028EBD040F20D234380054B0580187BEE
:1092100010F047FFE2E71224E0E74224DEE700BF58
:109220000031012030B585B0044601F087FF18B940
:109230000C25284605B030BD144BDB79002BF7D147
:109240002378012B01D91225F3E7237A0F2BFAD8C3
:10925000F3F78CFE0028EBD1606811F09FF80B4605
:10926000217A009102462078CDE90232EBF712FE16
:1092700005460028E7D1217A20780091DDE9023205
:10928000EBF736FE002808BF0725D2E7C0300120E3
:1092900037B5054601F052FF18B90C24204603B03B
:1092A00030BD0F4BDB79002BF7D12B78012B15D874
:1092B0002B7A0F2B12D8F3F759FE04460028ECD175
:1092C000686811F06BF80B46297A009102462878FD
:1092D000EBF72CFE002808BF4224DFE71224DDE76D
:1092E000C030012010B501F029FF10B90C24204630
:1092F00010BD064BDB79002BF8D1F3F737FE04469F
:109300000028F3D1EBF7EEFDF1E700BFC0300120FC
:1093100010B5044601F012FF20B1EBF7DDFD20701F
:10932000002010BD0C20FCE710B5044601F0FAFE49
:1093300040B1054B002193F9280019F025F8207061
:10934000002010BD0C20FCE7C03001202DE9F74FB4
:10935000334C9DF838909DF83CB098469DF83030DD
:109360000193236A5B0654BF0125032507468A46FD
:10937000164601F0D7FE70B1647864B9012E0CD0A6
:109380001F2F06D9574504D8BAF5804F01D8042EAF
:1093900006D9122440E00C243EE04545F9D306E00E
:1093A0004545F6D3042E02D018F0020F05D00D9BD0
:1093B000002BEED0019B012BEBD819F0F80FE8D170
:1093C000B9F1000FE5D0012E04D0042E02D0BBF17C
:1093D000030FDED8282010F04FFE0546E0B140F222
:1093E0000453438040F271235F4303FB0AF3C360DD
:1093F000019B83748760067480F8118080F8209048
:1094000080F821B00D9810F0C9FF064BC5E90601A0
:10941000187B294610F045FE204603B0BDE8F08FCA
:10942000C03001200031012038B504460D4601F05E
:1094300079FE90B11F2C12D814F066FE2246294600
:10944000084827F01BFA084B012283F8474083F8AD
:10945000482014F05BFE002038BD0C20FCE71220F1
:10946000FAE700BFC03101209831012038B5044629
:109470000D4601F057FE90B11F2C12D814F044FE97
:1094800022462946084827F0F9F9084B012283F8BB
:10949000684083F8692014F039FE002038BD0C20A4
:1094A000FCE71220FAE700BFE131012098310120EA
:1094B00038B5054601F036FE20B90C20BDE838402D
:1094C00001F098BD1C4C237C012B01D9042B06D143
:1094D0001A4B1B4A1B6812789B7E9A42EDD0012DD5
:1094E0001CD1607C01F006FEC0B9237C032B13D194
:1094F000D4E90623A07CECF726F868B1042010F02C
:10950000BBFD014640B14FF4827343800D4B187B85
:10951000BDE8384010F0C5BD1220CFE7042010F0A0
:10952000ABFD014638B10423002D837014BF012325
:109530000223C370EAE738BD98310120883001204A
:10954000C030012000310120F5F7B2BBF8B5064666
:109550000D4602F0BBFF044601F0F0FD00284ED09E
:10956000EF2E4ED8D5E90170B84227D32A881D2A9C
:1095700016D01F2F22D91F2820D924496308013370
:10958000A3FB01319B0F43EA8103BB4227D38342F4
:1095900025D322F07F038BB902F01303032B0DD0E8
:1095A00012F0100102D012F0600F07D1940601D51D
:1095B000900703D1AB7D19B1012B09D012201FE018
:1095C00003F0FD02012AF9D12A7E013A022AF5D8D8
:1095D0002A7E022A05D10E4A126AD20513D411201E
:1095E0000EE0032B01D0032A03D1094B1B6A1B0594
:1095F000F5D529463046BDE8F840F5F715BC0C20F6
:10960000F8BD3020FCE7032BEEE700BFE3361A007D
:10961000C030012081230B70F5F71CBB30B585B03D
:10962000CDE90221089D0193044601F087FD48B170
:10963000DDE9013203990895204605B0BDE83040C8
:10964000F5F7CEBC0C2005B030BD30B585B0CDE906
:109650000221089D0193044601F070FD48B1DDE947
:10966000013203990895204605B0BDE83040F5F772
:1096700031BE0C2005B030BD2DE9F347444EB37A1E
:1096800007460C4615461BB10C21002001F0E6FDF3
:109690000023F37201F052FD38B90123B3720C219B
:1096A00002B0BDE8F04701F0D9BD062C33D804B9AB
:1096B0008FBBA9464FF0000A544531D8002C45D045
:1096C000002FDFF8D0A014BF4FF001084FF00208C0
:1096D00000274FF008090C2010F0CEFC014690B195
:1096E0002B78038080F8029080F803806B880A2230
:1096F000534343602B790372B37A9AF80C00013319
:10970000B37210F0CEFC0137BC4205F10605E2D879
:1097100002B0BDE8F0870123B37212210020BFE739
:1097200099F80000C846F5F761FA30B9494638465D
:10973000F5F744FA09F1060928B10123B37201468D
:1097400098F80000ACE70AF1010AB5E76846009412
:10975000ADF80440F5F78EFADFF8388005464FF48F
:109760000277A542D4D90C2010F086FC014668B1DE
:109770001DF8043003800023478043600372B37AEE
:1097800098F80C000133B37210F08BFC0134E8E759
:10979000C03001200031012010B5044601F0CEFC9C
:1097A00050B1064B1B68DB8940F27262934228BFBE
:1097B00013462380002010BD0C20FCE788300120D8
:1097C00010B5044601F0BAFC28B1044B1B681B7BA2
:1097D0002370002010BD0C20FCE700BF8830012062
:1097E00010B5044601F0AAFC20B12046BDE81040A7
:1097F000F5F7B4BD0C2010BD08B501F09FFC18B101
:10980000BDE80840F5F7C6BD0C2008BD38B50546D3
:109810000C4601F093FC68B1EF2D0DD823886288C7
:109820009A420BD3052B09D921462846BDE838407A
:10983000F5F714BC0C2038BD3020FCE71220FAE705
:1098400037B50446CDE900320D4601F077FC60B132
:10985000EF2C0DD8032D0DD8DDE900322946204626
:1098600003B0BDE83040F5F735BC0C2003B030BD87
:109870003020FBE71220F9E738B505460C4601F029
:109880005DFC28B90C212046BDE8384001F01DBD23
:10989000EF2C01D93021F6E729462046BDE83840B3
:1098A000F5F7E8BC38B504460D4614F02DFC0B4B1B
:1098B0001B689B7EA34206D87F200224287014F0E8
:1098C00025FC204638BD2046F6F78EFB0028F3D055
:1098D0002046F6F7A5FB0024F0E700BF8830012002
:1098E00070B505460C46164614F00EFC0F4B1B686F
:1098F0009B7EAB4207D86FF01D000224307014F03D
:1099000005FC204670BD2846F6F76EFB0028F2D015
:10991000012C04D83CB92846F6F78EFBEEE76FF031
:109920001D001224EAE714200024E7E78830012014
:1099300038B505460C4614F0E7FB0E4B1B689B7EC2
:10994000AB4204D8022414F0E1FB204638BD28467F
:10995000F6F74AFB0028F5D02846F6F779FB030A0C
:1099600020706370030C000EA370E070217100245E
:10997000E9E700BF8830012070B51B4E33689A7E3E
:1099800093F829301344984204460D4601DB022027
:1099900070BD824218D9F6F727FB0028F7D033684C
:1099A0009B7EA34210D9062010F066FB014608B941
:1099B0000020EDE7048041F201734B800B4B0D71E9
:1099C000187B10F06EFBF3E72046F6F717FB48B163
:1099D000062010F051FB01460028E9D0048041F236
:1099E0000F73EAE70C20D3E7883001200031012013
:1099F00070B51D4B1B689B7E834206460D4602D800
:109A00000224204670BDF6F7EFFA0028F8D01521A1
:109A10003046F6F7B5F8012801D10C24F1E73046BD
:109A2000F6F7F4FA012803D1104B1B6A9B07F4D513
:109A30002846F6F77BF804460028E2D1102010F003
:109A40001BFB01460028DCD041F2015343802B6808
:109A500043606B688360AB68C360054B0680187B0E
:109A600010F01FFBCDE700BF88300120C03001207F
:109A70000031012070B5184B1B689B7E834206465F
:109A80000D4602D80224204670BDF6F7ADFA002834
:109A9000F8D001213046F6F70BFBD0B12846F6F797
:109AA00045F804460028EED1102010F0E5FA0146F2
:109AB0000028E8D041F6015343802B6843606B686F
:109AC0008360AB68C360054B0680187B10F0E9FA31
:109AD000D9E70C24D7E700BF8830012000310120EE
:109AE00038B5124B1B689B7E834204460D4601D855
:109AF000022038BDF6F778FA0028F9D00121204677
:109B0000F6F7D6FA80B1062010F0B6FA0028F0D0A9
:109B100041F601634380064B048005710146187BC2
:109B200010F0BFFA0020E4E70C20E2E788300120C3
:109B30000031012010B5124B1B689B7E8342044606
:109B400001D8022010BDF6F74FFA0028F9D01C21E9
:109B50002046F6F715F801280FD0042010F08CFAF3
:109B600001460028EED041F601434380054B0480B6
:109B7000187B10F096FA0020E4E70C20E2E700BF23
:109B80008830012000310120F8B51E4F3B689B7ED4
:109B9000834205460E46144601D80220F8BDF6F76A
:109BA00023FA0028F9D01F212846F5F7E9FF0128FC
:109BB00023D0A6F11B03E02B21D8B4F5A47F1ED33C
:109BC0003B681B79082B14D8B4F5056F17D808200B
:109BD00010F052FA0028E1D041F6017343800A4B9D
:109BE00005808680C4800146187B10F05AFA002058
:109BF000D4E744F290239C42E8E70C20CEE7122001
:109C0000CCE700BF8830012000310120024B5A8888
:109C100002809B880B80704740310120A0F11B031C
:109C2000E02B19D8B1F5A47F16D30D4B1B681A7918
:109C3000082A0DD8B1F5056F0ED8DB8BFB2B28BF9A
:109C4000FB2383420AD3074B58809980002070473A
:109C500044F290229142EFE7302070471120704784
:109C6000883001204031012010B5074C2468E48B76
:109C7000FB2C28BFFB2404800E34E4000C800088F9
:109C800010800A881A8010BD88300120014B1B68A3
:109C9000D88B704788300120014B1B68D87E7047F5
:109CA00088300120034B1B780BB910F0F1B9F6F79F
:109CB0000BB900BF40310120F6F776B9F6F792B93B
:109CC00010B5124B1B689B7E8342044601D80220CC
:109CD00010BDF6F789F90028F9D02046F6F7C4F947
:109CE000430111D5062010F0C7F901460028EFD036
:109CF00042F20133438002230371054B0480187B39
:109D000010F0CFF90020E3E71A20E1E788300120C6
:109D10000031012001282DE9F843054634D8F6F733
:109D20006DFB044638B9194A012D92F8383010D02D
:109D3000013382F83830DFF85880DFF85890002778
:109D4000D8F800309B7EBEB2B34204D82046BDE8AE
:109D5000F883013BEDE73046F6F746F990B130461F
:109D6000F6F782F943010DD5062010F085F901467A
:109D700040B142F2013306804380057199F80C002E
:109D800010F08FF90137DBE71224DFE7C030012044
:109D90008830012000310120F8B52A4B1B6A5B0690
:109DA00054BF0125032504460F4601F0BBF90028E6
:109DB00045D02288B2F5804F02D912263046F8BD30
:109DC00063889A42F9D3032BF7D92379012BF4D86E
:109DD00013B9A379AB42F0D86379AB42EDD83846DA
:109DE000F5F7A4FE06460028E7D1607901F082F974
:109DF0000028E2D0282010F03FF905460028DDD0E9
:109E000040F2031343807968031D386803C3B868C0
:109E1000186023882B8263886B8263796B75237942
:109E2000AB75A37985F82030A06810F0B7FA064B1F
:109E3000C5E90601187B294610F033F9BEE70C2668
:109E4000BCE700BFC03001200031012008B504206C
:109E500010F012F9014678B1084B93F82B30002B23
:109E600014BF0923032383700223C370044B187BA0
:109E7000BDE8084010F015B908BD00BFC030012092
:109E8000003101202DE9F74F04468946007ADFF8BA
:109E900094810021164601F079F8D8F820A00546F3
:109EA00001F04CF9002800F0B78098F80470002FFA
:109EB00040F0B280227A12F0F80F04D01227384610
:109EC00003B0BDE8F08F002AF8D04FEADA134FEA6A
:109ED0005A2A03F002030AF0040A43EA0A0343F091
:109EE00001039A4340F09A80D8F8203060785B06EE
:109EF00054BF012303239842E0D8A2789A42DDD8C8
:109F00002378012BDAD801F0F5F80028D6D009F132
:109F1000020B4FF0000A55454FF00C0251D84FF09C
:109F2000000A88F80CA0257A15F001055FD050468C
:109F3000F7F736FF98F80C30324601334946504661
:109F400088F80C30F7F742FF0125217A11F0020161
:109F500056D00C2202FB056200210120F7F736FFE4
:109F60000135217A11F004014FD00220F7F718FFD4
:109F700098F80C300C22013388F80C3002FB056293
:109F800009EB85010220F7F721FF182010F074F883
:109F90000546002893D040F20913438023780371CB
:109FA00063784371A3788371606810F0F7F9C5E9AD
:109FB0000201237A2B741A4B2946187B10F071F892
:109FC0007DE702FB0A60F5F7B1FD00287FF476AF6C
:109FD000BBF800303BF8021C9942FFF46FAF032B33
:109FE0000BF1040B7FF66AAF0AF1010A93E72846EA
:109FF000F7F7E0FE324629462846F7F7E7FEA4E7E2
:10A0000032460120F7F7E2FEABE702200191F7F7B5
:10A01000D1FE01993246B5E70C2750E711274EE7EC
:10A0200000310120C030012010B51B210446F5F796
:10A03000A7FD01281BD00F4B1B689B7EA34201D8B4
:10A04000022010BD2046F5F7CFFF0028F8D00420ED
:10A0500010F012F801460028F3D041F60133438096
:10A06000054B0480187B10F01CF80020E9E70C2059
:10A07000E7E700BF8830012000310120022916D017
:10A08000032917D10530012A0BBF0001800100F51B
:10A09000BF7000F5C870094B00F26930A0FB0303E4
:10A0A000800F40EA830040F27123584370470B3021
:10A0B0008000F0E70A30C000EDE700BFE3361A0089
:10A0C000194B806A9A8870B501325C8892B29A8086
:10A0D0000CB1A24225D221BB1C78012C1FD19D7B43
:10A0E000427895421BD1426E5E7B1578AE4216D106
:10A0F0001D7B5278954212D1DD7B027B95420ED1B9
:10A10000DA69996904FA02F5013202F01F02DA6194
:10A11000064A074B0D4218BF134683602146084686
:10A1200070BD0021FBE700BF9C3001205555550054
:10A13000AAAAAA000F4B29B1042914D05A890132C6
:10A140005A8102E0DA880132DA80598831B11889FF
:10A15000DA88024458890244914208D91878831E4B
:10A160005842584170471A8901321A81EDE70020A0
:10A17000704700BF9C3001200346104610B400F821
:10A18000021B5370072923D8DFE801F02D040A22AF
:10A190000D1013161A460F215DF8044B26F096BBDE
:10A1A0001A465521F8E71A46FF21F5E71A4600211D
:10A1B000F2E71A46F021EFE71A46AA21ECE700F889
:10A1C000012B0924013C06D1013BDBB2FF2BF6D168
:10A1D0005DF8044B704782EA1211090201F48071A4
:10A1E00041EA5202EEE740F2FF12EDE708B5054BF7
:10A1F00020220021184626F069FB4FF0FF328261D1
:10A2000008BD00BF9C30012050B10B2802D8013896
:10A21000C0B270470C2805D0262805D80238F7E7C9
:10A220002520704726207047272070472DE9F74FDB
:10A23000694C019117462278012A82461D460FD8A3
:10A24000DFF8AC81D8F8003053B998F804603EB913
:10A25000012A09D1032F637B04D1032B00F0B980BD
:10A260000C2627E0032BFBD0BAF1270F00F2AF80BA
:10A27000072F00F2AC806B1E032B00F2A880022D8A
:10A280001CD0EB1E012B05D8D8F8203013F4006F3A
:10A2900000F09B8012B9514B62605A60032F12D1BB
:10A2A000012538462570677302F066F888F8085073
:10A2B00000F0F0FE304603B0BDE8F08FD8F8203053
:10A2C00013F4807FE4E713F01FFF5046FFF79CFF75
:10A2D000032D05D0042D24D0022D25D1002300E02C
:10A2E0000223019A23824FF0000A4FF0FF33C4E9A2
:10A2F000063A22736773A073E57313F007FF2378A0
:10A30000012BD7D02C200FF067FE814638B1C0203A
:10A310000FF062FE054648B948460FF07FFE1F2643
:10A32000C8E703250123DCE70125D7E751462C22A6
:10A33000484626F0CBFA5146C022284626F0C6FAF7
:10A34000BDF8302062804FF0020B254AC9F8182072
:10A35000C9F8285089F815B085F800A0A27B6A706A
:10A36000204B214A21482866C5E9013298F8282067
:10A37000AA70E17B6973227C297340F2011AAA73E7
:10A38000207BA5F868A0FFF779FEA5F86A00504683
:10A390000FF022FE0246686618B928460FF03EFE0E
:10A3A000BAE701983946FFF7E7FEB5F86A2062611F
:10A3B0000122227088F8082000F06CFE584601F057
:10A3C000DBFF484602F062FA74E7112672E7302696
:10A3D00070E727284DE700BF9C300120A030012006
:10A3E000A1A504002941767155555500C1A004006E
:10A3F000C030012007B500930123FFF717FF03B01A
:10A400005DF804FB2DE9F84FDFF828819B46D8F86A
:10A41000003082460E46002B7CD1DFF81C9198F864
:10A42000043099F800501D4374D1272874D84B1E6E
:10A43000022B71D8012A6FD8022910D0032915D018
:10A440002C200FF0C9FD074638B1C0200FF0C4FD25
:10A45000044680B938460FF0E1FD1F2557E0D8F8D3
:10A46000203013F4807FEBD1112550E0D8F8203054
:10A4700013F4006FF7E72C220021384626F026FA65
:10A48000C0220021204626F021FA5046FFF7BCFEEC
:10A49000022E02D0032E18BF0126204BBB61204A9A
:10A4A000204BBC624FF0020A87F815A0A9F802B051
:10A4B000C4E901234FF0010B1B4B607084F800B01E
:10A4C0001B6866732673DB8D4FF47A7253432366E1
:10A4D00040F20110154BA4F86C0063660FF07CFD90
:10A4E000A06618B920460FF099FDB3E789F800A0DF
:10A4F00088F808B000F0CEFD0D4A0023C9F80430FA
:10A500005046536001F038FF384602F0BFF9284644
:10A51000BDE8F88F0C25FAE73025F8E781A604009E
:10A5200029417671555555008830012035A1040028
:10A53000A0300120C03001209C3001200B460022B9
:10A540000121FFF75FBF000038B5124D2B78012BBA
:10A5500004460CD1687B03280DD101F023FF0E4B7C
:10A5600000242C701C7200F09DFD204638BD022B8B
:10A570000DD101F069FF0323084A2B701CB113466B
:10A5800003CB20606160002068605060EEE70C2023
:10A59000ECE700BF9C300120C0300120A03001203A
:10A5A0002DE9F843334D846AAB886A8801339BB246
:10A5B0000646AB8022B1934202D30020FFF7C4FFCE
:10A5C0002B78676E012B2FD1AB7B607895F80D90BF
:10A5D00095F80C80E97B2A8A98420BD13878484557
:10A5E00008D17878404505D1207B884202D1A07BF4
:10A5F000904214D063700023D2B2E37308F10203D7
:10A6000061732173A273A4F868304046FFF736FDEA
:10A610003A46A4F86A0049464046FFF7ADFD304689
:10A62000BDE8F84302F032B938460FF0F7FC204697
:10A630000FF0F4FC30460FF0F1FC022001F0B2FE06
:10A64000287804280CD10FF017FD014680B140F2A4
:10A6500005134380084B187BBDE8F8430FF021BD7C
:10A66000064A002313722B70BDE8F84300F01ABDB0
:10A67000BDE8F8839C30012000310120C03001206A
:10A6800070B51E4C866A628805464AB12189E38806
:10A690000B4461890B449A4202D80020FFF754FF13
:10A6A0002378022B04D12846BDE8704002F0EEB8B2
:10A6B000B06E0FF0B3FC30460FF0B0FC28460FF040
:10A6C000ADFC022001F06EFE207804280CD10FF0C2
:10A6D000D3FC014680B140F205134380084BBDE82E
:10A6E0007040187B0FF0DDBC064A00231372237004
:10A6F000BDE8704000F0D6BC70BD00BF9C300120AA
:10A7000000310120C030012008B5C07810B1012807
:10A710000DD008BD0A4B1B7A002BFAD0FFF714FFAF
:10A72000084B1A78032AF4D104221A70F1E7054A7B
:10A7300000231370024A1372BDE8084000F0B2BC57
:10A74000C03001209C30012008B5FFF74FFD054BBC
:10A75000054A5A61054B064A5A61BDE80840EAF7C6
:10A7600069B800BF280C0120EDA10400DC0B01201A
:10A7700009A704002DE9F0410F4618210446904630
:10A780001D46F5F7FDF9012803D10C263046BDE83A
:10A79000F0812046F5F78EFE0128F6D0184B1B6895
:10A7A0009B7EA34201D80226F0E72046F5F71CFC69
:10A7B0000028F8D02046F5F729FC06460028E4D109
:10A7C0001E200FF059FC01460028DFD041F601039E
:10A7D000048043803B6843607B688360A0F80C8002
:10A7E00000F10E022B4605F1100053F8044B42F81D
:10A7F000044B8342F9D1034B187B0FF052FCC5E7A1
:10A80000883001200031012008B50A4617F0B0FF5A
:10A81000002008BD38B51A4B1B689B7E8342054655
:10A820000C4601D8022038BDF5F7DEFB0028F9D030
:10A830002846F5F7EBFB012801D00C20F3E70221B5
:10A840002846F5F735FC0028F7D014200FF014FC4B
:10A850000028E8D041F60113438005802146031DFE
:10A8600004F1100251F8044B43F8044B9142F9D122
:10A87000044B0146187B0FF014FC0020D3E700BF07
:10A88000883001200031012010B5144B1B689B7EDD
:10A890008342044601D8022010BDF5F7A5FB00282D
:10A8A000F9D02046F5F7B2FB012801D00C20F3E7E0
:10A8B00002212046F5F7FCFB0028F7D004200FF01A
:10A8C000DBFB01460028E7D041F601234380044B1F
:10A8D0000480187B0FF0E5FB0020DDE788300120C5
:10A8E0000031012038B50C4B1B689B7E8342044627
:10A8F0000D4601D8022038BDF5F776FB0028F9D0C7
:10A900002046F6F79DFE054AA0FB0202830D43EAAE
:10A9100082232B800020EEE7883001206766060046
:10A9200038B50D4B1B689B7E834204460D4601D80B
:10A93000022038BDF5F758FB0028F9D04DB10A21A7
:10A9400069432046F6F788FE002814BF00201E2029
:10A95000EFE71220EDE700BF8830012038B504464C
:10A960000D4600F0EBFB60B1B4F5706F0BD22046E2
:10A97000F3F752FA48B120462946F3F7DBFA0020F4
:10A9800038BD0C20FCE71220FAE74220F8E713B5A7
:10A990000446CDE9002100F0D1FB38B1DDE900210A
:10A9A000204602B0BDE81040F7F752BA0C2002B0C2
:10A9B00010BD13B50446CDE9002100F0BFFB38B14E
:10A9C000DDE90021204602B0BDE81040F7F78CBA5F
:10A9D0000C2002B010BD2DE9F04107469DF818800B
:10A9E0000C4615461E4600F0A9FBA8B1022C16D84D
:10A9F000B5F5FA7F13D2A6F10A039BB243F6F672BD
:10AA000093420CD8CDF8188033462A462146384662
:10AA1000BDE8F041F7F7AABA0C20BDE8F08112209A
:10AA2000FBE7000070B506460D46144600F086FBB5
:10AA300088B1022E11D8B5F5FA7F0ED2A4F10A031F
:10AA40009BB243F6F672934207D8054B0020DE75A1
:10AA50001D835C8370BD0C20FCE71220FAE700BF69
:10AA60004031012030B541EA020424F0070420F00F
:10AA700003052C4308D1022B06D80D4B5B691C063D
:10AA800004D518B991420ED0112009E000F001035D
:10AA90000B430AD0830704D4002A14BF00201220DD
:10AAA00030BD0020FCE70029F6D11220F8E700BFF6
:10AAB000C030012070B50C4B1B689B7E834204465E
:10AAC0000E46154601D8022070BDF5F78DFA002814
:10AAD000F9D02046F5F7D4FA30702046F5F7DCFAC5
:10AAE00028700020F0E700BF883001200B4B1A6A65
:10AAF00010B5D40502F4807303D440EA0104A4071E
:10AB000007D4130507D4014381F00401C1F3800089
:10AB100010BD1846FCE70120FAE700BFC030012055
:10AB200070B50D460646114628461446FFF7DEFF6F
:10AB300098B10023224629463046FFF793FF58B9C3
:10AB400016F0010F064B18BF002516F0020F18BFB4
:10AB500000241E755D759C7570BD1120FCE700BF5B
:10AB6000403101202DE9F8431D46234BBDF82090CC
:10AB70001B689B7E834280460F46164603D80224FC
:10AB80002046BDE8F883F5F72FFA0028F7D02021FA
:10AB90004046F4F7F5FF01282AD029463046FFF752
:10ABA000A5FF38B34B462A4631463846FFF75AFFD1
:10ABB00004460028E4D117F0010F18BF00260A2030
:10ABC00017F0020F18BF00250FF056FA01460028B3
:10ABD000D6D042F201034380084BA0F800800771F1
:10ABE00046718571A0F80890187B0FF05AFAC7E7F4
:10ABF0000C24C5E71124C3E788300120003101206F
:10AC000001282DE9F34104460D4616461F4627D874
:10AC1000DFF85480D8F8003033F0FF0304D098F800
:10AC2000293043B10C2014E098F80430002BF6D101
:10AC30000C4B1B6883B928460FF0B0FBCDE90067C9
:10AC400002460B462046EAF735FA002814BF0020DA
:10AC5000072002B0BDE8F08198470028DFD1EAE77D
:10AC60001220F6E7BC300120C0300120012870B569
:10AC700004460D4618D8104E336833F0FF0304D055
:10AC800096F829303BB10C200FE03379002BF7D137
:10AC90000A4B1B6853B928460FF080FB02460B464F
:10ACA0002046EAF773FA28B9122070BD98470028A9
:10ACB000E6D1F0E70020F8E7C0300120BC300120E9
:10ACC00010B50C4C236833F0FF0304D094F82930FE
:10ACD0003BB10C2008E02379002BF7D1064B1B6811
:10ACE0001BB9EAF7E1F9002010BD98470028EDD123
:10ACF000F7E700BFC0300120BC30012010B504468A
:10AD0000EAF7CCF92070002010BD30B50446012CC4
:10AD100085B00846154615D80FF040FB02460B4695
:10AD200000200021CDE9020102A900912046EAF7A6
:10AD30005BFA48B12846DDE902230FF035FB00201D
:10AD400005B030BD1220FBE70220F9E730B504461C
:10AD5000012C85B00846154615D80FF01FFB02469A
:10AD60000B4600200021CDE9020102A900912046F6
:10AD7000EAF749FA48B12846DDE902230FF014FB4F
:10AD8000002005B030BD1220FBE70220F9E70000EB
:10AD9000012870B5054614D80B4E336833F0FF0315
:10ADA00002D00C24204670BD3479002CF9D1074B19
:10ADB0001B6813B986F82950F4E798470028F9D0A2
:10ADC000EFE71224EEE700BFC0300120BC300120C5
:10ADD00008B5431E9BB24AF2B712934203D8F7F765
:10ADE0006FF9002008BD1220FCE7000040EA0203D2
:10ADF000012BF7B504460E46154622D8124F3B6884
:10AE000033F0FF0304D097F829303BB10C2012E057
:10AE10003B79002BF7D10D4B1B6873B930460FF00F
:10AE2000BDFA009502460B462046EAF7C9F9B0FA8A
:10AE300080F04009400003B0F0BD98470028E2D1FF
:10AE4000ECE71220F7E700BFC0300120BC30012042
:10AE5000F7F7ACBA70B598B00B46024608AD00F1F2
:10AE60002006106851682C4603C40832B2422546B9
:10AE7000F7D110AC03F1200518685968224603C2C7
:10AE80000833AB421446F7D1094B6A4603F120065A
:10AE9000154618685968144603C40833B34222465D
:10AEA000F7D1294608A8F7F799FA18B070BD00BF86
:10AEB0007031012070B5012A98B00B4604D118B04A
:10AEC000BDE87040F7F7B2BA024608AD00F12006BF
:10AED000106851682C4603C40832B2422546F7D1A7
:10AEE00010AC03F1200518685968224603C20833E4
:10AEF000AB421446F7D1094B6A4603F120061546CA
:10AF000018685968144603C40833B3422246F7D17F
:10AF1000294608A8F7F762FA18B070BD7031012011
:10AF2000084903680A685A400A6007490A685A4093
:10AF30000A6006490A685A400A6005490A685A4088
:10AF40000A607047E0620020E4620020E8620020AE
:10AF5000EC620020094B0A4918680A680860094831
:10AF60000168196008490B68036082EAC22283EA1B
:10AF7000D340504080EA122008607047E862002009
:10AF8000E4620020EC620020E062002043084A08EE
:10AF900003F05533C01A02F0553261EB020100F0A4
:10AFA0003333800801F0333200F033308908181849
:10AFB00001F0333142EB0102030943EA02731B182B
:10AFC00042EB12124FF0013103F00F3302F00F3257
:10AFD0001A44A3FB013002FB0100000E7047B0FBD6
:10AFE000F1F07047024B1B6803B1184718467047D1
:10AFF0000031012007B50023ADF804308DF80700BB
:10B00000032301A88DF80630FFF7ECFF03B05DF8CD
:10B0100004FB07B50023ADF8043004238DF80700C6
:10B020000DEB03008DF80630FFF7DCFF03B05DF891
:10B0300004FB1FB51C24ADF804008DF8090001A81D
:10B040008DF806408DF807108DF80810ADF80A202D
:10B050008DF80C30FFF7C6FF04B010BD08B50A4BE1
:10B0600040220021184625F031FC084A0346D2E967
:10B070000801074A5A61C3E908014FF0FF301F2158
:10B08000C3E90C0108BD00BFC03001200031012020
:10B09000405C1F00024A537A01335372704700BF6D
:10B0A000C0300120024A537A013B5372704700BFFF
:10B0B000C0300120024A937901339371704700BF79
:10B0C000C0300120024A9379013B9371704700BF61
:10B0D000C0300120024AD3790133D371704700BFD9
:10B0E000C0300120024AD379013BD371704700BFC1
:10B0F000C0300120032806D8013802280ED8DFE826
:10B1000000F0070D0700A0F1FF03584258417047B7
:10B11000034B587C003818BF01207047012070474E
:10B12000C0300120044B93F82B201AB9012083F87A
:10B130002A00704700207047C0300120044B93F86C
:10B140002A201AB9012083F82B007047002070478D
:10B15000C0300120F0B5D0E9007600221346C3F1DB
:10B160002005A3F1200427FA03F106FA05F5294387
:10B1700026FA04F42143C90742BF811801320B7239
:10B180000133252BEBD180F82D20F0BD07B50E4AF9
:10B19000937B0BB900B19073537B8BB1013BDBB256
:10B1A00053736BB90093ADF8043018238DF8023057
:10B1B0006846937B8DF803308DF80430FFF712FF5B
:10B1C00003B05DF804FB00BFC030012007B54FF4A9
:10B1D000C81301A80193FFF705FF03B05DF804FB56
:10B1E0004FF4B8130360FFF7FDBE4FF40013036084
:10B1F000FFF7F8BE70B586B01446064616220D4617
:10B200006846002125F062FB1E238DF8023023885A
:10B21000ADF80830237A8DF810306389ADF812301C
:10B22000A11C237B8DF814300DF10A008DF8046009
:10B23000ADF806500FF07EF86846FFF7D3FE06B073
:10B2400070BD07B54FF4F813ADF8040068460093DD
:10B25000FFF7C8FE03B05DF804FB000007B50E4A17
:10B26000D37A0BB901B1D172937A013BDBB29372FD
:10B2700073B91B23ADF800008DF802308DF805007E
:10B28000D37A8DF8033068468DF80430FFF7AAFEB4
:10B2900003B05DF804FB00BFC03001201FB50024DF
:10B2A000CDE901440394ADF804008DF808001A2498
:10B2B0000DF10A008DF809108DF806400FF074F8B2
:10B2C00001A8FFF78FFE04B010BD07B51D23ADF830
:10B2D00000008DF8050068468DF802308DF80310E7
:10B2E0008DF80410FFF77EFE03B05DF804FB00004C
:10B2F00008B50B4B1C220021184625F0E7FA094A35
:10B300001268D17E127F42701B2242804FF4A472D9
:10B3100082800322027501700A22428308BD00BFA9
:10B3200040310120883001200449054B0A681A6029
:10B330004A685A6007221A81704700BF5A500700B6
:10B340005C310120034B4FF461721A6000221A71C4
:10B35000704700BF68310120044B002283F8202091
:10B3600083F8212083F82220704700BF703101202C
:10B3700010B50B4C80220021204625F0A7FA0223AD
:10B380001822002104F1100084F8793025F09EFA8B
:10B39000044BC4E90233072384F8203010BD00BFFA
:10B3A0009831012000881300022807D0032808D014
:10B3B00001280AD1C80000F5837070478800D23098
:10B3C0007047880100F26640704796207047022857
:10B3D00005D0032807D002F10800C000704702F131
:10B3E00009008000704701294FEAC2000CBF022308
:10B3F00008231B30584300F5BC7070472DE9F84313
:10B4000016469DF82020012A074608BF4FF0420843
:10B41000084608BFC4469DF824101CBF4FF005081D
:10B420004FF00A0C80B940F20114A4EB0802A4EB1F
:10B430000C0492B2A4B29A4209D343449AB2384659
:10B44000BDE8F843FFF7C3BF82B21446F3E7B3FB8E
:10B45000F4F904FB193364449DB2A2B23846FFF7F5
:10B46000B6FF002D08BFA9F101091FFA89F906F5F9
:10B47000967609FB06F600FB096635B105EB080276
:10B4800092B23846FFF7A3FF06443046BDE8F88382
:10B4900008B5FFF79CFF00F5967008BD0C4B98426D
:10B4A00002460AD80B4BA0FB03135B081E2101FBCD
:10B4B00003F0824288BF40187047074BA0FB03137C
:10B4C000032101FB0033C3F38F234FF49671EEE7A2
:10B4D000E1BF0300121111119E36D0692DE9F74F1B
:10B4E000876A3B78023B05468846072B00F21681A7
:10B4F000DFE813F008002500140114015B00AB0025
:10B50000F70009017E7B7B6E032E14BF4FF4BC74E1
:10B510004FF441647BB197F88020387B0021FFF71E
:10B5200056FFBB6E963404442BB1032E14BF04F2B5
:10B530000E2404F6A644EC6003B0BDE8F08F97F843
:10B540007820B97B387BFFF742FF97F87B3003F018
:10B550000102C3F34006C3F380031E4404461644AD
:10B5600000F0BAFF2044FFF799FF731E00FB03446D
:10B570007B6E002BDFD07A7B9623032A06FB03F336
:10B5800014BF4FF4BC724FF441621C4402FB0644EA
:10B59000BA6E002ACFD097F88020387B00211C4457
:10B5A000FFF715FF06FB0044C5E797F87C207E7B7C
:10B5B0003B6E4ABB022E1AD0032E1BD144F29022BE
:10B5C00002614FF46D64002BB5D0F97B97F87420BD
:10B5D000387B002908BF0221FFF7F9FE9634022EBE
:10B5E00004440AD0032E0BD004F6DE04A3E74FF484
:10B5F0008564E8E740F64804E5E704F2BE449AE7CC
:10B6000004F58644263496E7022E1BD044F290249B
:10B6100040F64802032E18BF1446002B8BD0F97B4E
:10B62000387B00294FF0240208BF0221FFF7CFFE2C
:10B6300004F596740444102202213046FFF7C7FE39
:10B64000044478E74FF48564E7E729BB4FF0F40939
:10B650004FF0F1083C6F3E7BB97B5CB10D22304668
:10B66000FFF7B5FE7B7B022B18D0032B19D000F619
:10B67000DE0496346A6AC2B1B2F800A01FFA89F9F2
:10B68000D14514D3B7F860300D2B2CBF9A440AF182
:10B690000D0A1FFA8AF2D0E78946DBE700F2BE44C2
:10B6A000E7E700F586442634E3E79246EAE708F147
:10B6B00010023046FFF78BFEBAFBF8F71FFA88F945
:10B6C0001FFA87FB4FF4967309FB17A203FB0B4489
:10B6D00092B200FB0B44002A3FF42DAF0D3292B220
:10B6E000ABE7436A6BB11B88402B38BF4023BA7B62
:10B6F000387B0192002200921146FFF77FFE04463C
:10B7000019E74023F3E77B7B022B09D0032B0AD1F7
:10B7100044F2902303614FF46D640CE700240AE7C0
:10B720004FF4856407E740F6480404E7F7B50023C3
:10B73000DFF888C01F4F0093ADF804301E469842D2
:10B7400016BF0CEB83020A46D26892B1013AA2FB03
:10B750000724A208052A28BF052202F108046C4428
:10B76000964214F8085C05F1010504F8085C38BF3E
:10B77000164601330E2BE2D100230F4F6D461846BB
:10B780001946741C15F8012B2AB901339C42F9D8CB
:10B79000012003B0F0BD58B937F81360314489B2C5
:10B7A000013A632992B2EFD9002AF2D10120ECE7E5
:10B7B0000020EEE7E3361A0062500700183201203D
:10B7C0002DE9F04F2DED028B444C08EE102A83B08A
:10B7D000A278D4F804B001901E46A3680F4623FA5D
:10B7E00002F80125464516D2012D81BF0123934061
:10B7F0000BFA03F34BEA030B0123BB4000934FF01A
:10B80000000AA2780123D21B5FFA8AF99340994576
:10B810001FDB00205DE00135EDB2A6EB0806E1E795
:10B8200003EB000E2BFA0EFE1EF0010F1CBF0131C0
:10B83000C9B201305FFA80FEAE45F1D30CF1010CC4
:10B8400000985FFA8CF3834207DA93404B44002060
:10B85000F0E74FF0000C6146F2E701BB607804EBC3
:10B8600000131B6D7BB9A67860680021F61B4FF0B2
:10B87000010C0F46009ACBB29A421FDDB34003EB96
:10B880000902002314E098475FFA8AF318EE101AB1
:10B89000324608FB030000F0B3FB0028E3D00AF1B6
:10B8A000010AAEE7D7180CFA07F73843013301272E
:10B8B0005FFA83FE7545F5D80131DBE70FB1074B21
:10B8C0005860019B043304EB0313012083F80690B6
:10B8D000587103B0BDEC028BBDE8F08F1832012027
:10B8E000002340F6C412904206D940080133884232
:10B8F000DBB202D0042BF6D10023184670470000BB
:10B900002DE9F74F2D4CA678D4F80890064429FA73
:10B9100006FA40F6C3139A4507464FF000054AD988
:10B92000F6B26560A670A8464FF0010B94F845305A
:10B93000B3B3D4E91213894523D048460093FFF7E7
:10B94000CFFF009B012203E00132D2B2A3EB0A0336
:10B950005345F9D294F84630BB4084F84630311A4A
:10B96000DBB20BFA00FE4FF0000C009101935FFA7E
:10B970008CF3734514DA00998B4001990B44002134
:10B9800008E00020DEE7C8180BFA00F048EA0008DB
:10B9900001310125C8B28242F5D80CF1010CE6E76D
:10B9A000074B10349C42C1D10DB143F8DC8C01200F
:10B9B00003B0BDE8F08F2846FAE700BF1832012037
:10B9C000F83201202DE9F74F5A4CA76805460E467C
:10B9D0009046A7B9031D04EB03130122A160678001
:10B9E00062609F715A7160702B1D04EB031304EBAE
:10B9F00005141D719E60C4F84C80012711E08F4230
:10BA00001AD14FF004094346324600212846FFF779
:10BA1000D7FE0028E8D109F1FF3919F0FF0904D158
:10BA20000027384603B0BDE8F08F0120FFF768FF1C
:10BA300001280746E7D0F4E752D239463046FFF7EF
:10BA40004FFF002848D063680093A3784FF0010EA1
:10BA500000210EFA03F287400192A76061600EFA9E
:10BA600000FB8A460A46019F5FFA81FCBC451CDB4D
:10BA7000BAF1000F01D02F494A601844A0704FF06E
:10BA800004094346324600212846FFF799FE002864
:10BA9000AAD109F1FF3919F0FF09C1D00120FFF740
:10BAA0002FFF01280746ECD0BBE7009F27FA0CF7D1
:10BAB000FF070FD54FF0000906E09F4067440EFADC
:10BAC00007F73A434FF0010A5FFA89F75F4509F13A
:10BAD0000109F2DB0131C6E7E3780133E37083E764
:10BAE00082D93846FFF7FCFE81460028F4D0A078C2
:10BAF00048451DD2A9EB0000C0B2FFF701FF074681
:10BB00004FF0040A012F8CD143463246494628465D
:10BB1000FFF756FE00287FF467AF0AF1FF3A1AF0EC
:10BB2000FF0A3FF47DAF3846FFF7EAFE0746E9E734
:10BB30000127E5E7183201202DE9F74F644C00F1A9
:10BB4000040804EB0813A2685B79A5784FF000099C
:10BB5000002B00F0B68004EB001322FA05F1DB6C39
:10BB600001278B420AD204EB081A6668DAF808103B
:10BB70008A422BD100231A4601200CE00137FFB284
:10BB80005B1AEEE79AF806201A4400FA02F226EA57
:10BB9000020601330122D9B28F42F3D842BB04EB33
:10BBA00008180023012D616888F8053073D9013D1C
:10BBB000EDB20120A8401E46DAB2824232DA5200CB
:10BBC00021FA02F2D2072AD40133F5E71046FFF733
:10BBD00087FE0028E3D04FF0010C00222B1A0CFA4C
:10BBE00000FE11460193D3B2734513DB0029D6D072
:10BBF0006660D4E79AF80610014419440CFA01F182
:10BC000026EA0106013301215FFA83FB5F45F1D883
:10BC10000132E8E70198834018460023F4E7013633
:10BC2000F6B2D1E7002E3DD000263246F3B298425C
:10BC30000ADD5B00013321FA03F3DB0701D401368F
:10BC4000F4E70132D2B2FAE72ABB0023A5706360A1
:10BC50009C461E464FF0010EDDB2854224DBBCF14E
:10BC6000000F00D066600023194A184692F845106C
:10BC7000DDB241B192F846104908002982F8461019
:10BC800004BFA946012001330E2B02F11002EDD1B1
:10BC900008B184F8019063680BB9A360A37003B086
:10BCA000BDE8F08F0122D0E702EB450721FA07F744
:10BCB000FF0742BF0EFA05F52E434FF0010C01338A
:10BCC000CAE7E378002BEAD0013BE370E7E700BF67
:10BCD00018320120012970B511D903460122002430
:10BCE0001D6853F8046FB54238BF144602F10102D3
:10BCF00038BF43E901659142F2D1012C00D870BDF3
:10BD00002146EAE7F0B58FB0012B0E46274B9DF890
:10BD1000501042F2107530D1AA42A6FB03744FEACC
:10BD2000940482BFA2FB0335AB08B4FBF3F4544385
:10BD3000A04288BF344600231D481D4699420BD0BF
:10BD400000EB8302D2683AB10DF1380C6F1C0CEB9A
:10BD5000850545F8382CFDB201330E2BEED129466E
:10BD60006846FFF7B7FF0022954216D8B442234633
:10BD700028BF334618460FB0F0BDAA42A0FB03749B
:10BD80004FEA940482BFA2FB0335AB08B4FBF3F483
:10BD90005443A04288BFA418CDE750F8043BA34207
:10BDA00001D3B342E6D90132DEE700BFE3361A0021
:10BDB0001832012002484FF49272002124F086BD0F
:10BDC00018320120074BA0FB0332920842F2107395
:10BDD0005A43824204D19A4238BF1A4610467047ED
:10BDE00018467047E3361A0073B50D4604461946E7
:10BDF00010462B4649F6404242F21075012B18BFFF
:10BE00002A460094079EFFF77DFF0546014620461F
:10BE1000FFF78CFC98B1069A29462046FFF7D2FD21
:10BE200001280CD1074B089903EB041203EB84049F
:10BE300011651A78E56001321A7006B1356002B0FA
:10BE400070BD00BF1832012037B504460094084683
:10BE500011461A460023FFF755FF054601462046C6
:10BE6000FFF764FC70B1084B03EB84032046DD60F0
:10BE7000079B1D60FFF760FE069A29462046FFF7E4
:10BE8000A1FD012003B030BD183201207047000031
:10BE9000054A831C02EB8303002159601378013BA0
:10BEA0001370FFF749BE00BF183201202DE9F74F8C
:10BEB000424C1746A378A26822FA03F92378012B93
:10BEC00088460BD804EB01131C46DB6CA26C0146C0
:10BED000384603B0BDE8F04F00F0ECB8607804EBF2
:10BEE00000131B6D63B3002198470646A3684BB34C
:10BEF00008F1040204EB02125379012B22D1937949
:10BF0000494659430B4608BF9368F51808F10408E1
:10BF100004EB08163946284600F0FEFA002848D0FF
:10BF200004EB08143946284600F0F6FAA368984254
:10BF300042D83946284603B0BDE8F04F00F0ECBACD
:10BF40003E46D3E7E578A27840F6A6630193013D2B
:10BF50000123EDB293404FF0000AFDB9DFF85CB069
:10BF60009BF8463053450FD19BF84530012B0BD140
:10BF7000DBF8503043B101A9E8B2984700F0ACFAC1
:10BF8000019B32300344019301350E2D0BF1100B50
:10BF9000E6D1019BF51809FB0A55B7E70AF1010A3A
:10BFA0005FFA8AFA013DEDB29A45A8BF4FF0000A48
:10BFB000D3E7B3681D44ADE7ED1AB3E718320120AB
:10BFC00002489022002124F081BC00BF3C330120B4
:10BFD00070B5064C050104EB001001264370049B6C
:10BFE0006655C0E90112C36070BD00BF3C3301203B
:10BFF000024B000100221A54704700BF3C3301205D
:10C000002DE9F84F00EB020B80460E4600F064FA73
:10C01000274C83444FF0000994F800A0BAF1010FB7
:10C020005FFA89F50BD009F10109B9F1090F04F1A3
:10C030001004F1D14FF0000A5046BDE8F88FE368D4
:10C04000002BF0D06168B14222D36068B04225D89D
:10C050002846E368984705464146284600F05CFAC2
:10C0600010BBA368EF1800F037FA5946074428467A
:10C0700000F052FA0028D6D13946404600F04CFA7A
:10C080000028D9D063689E4294BFAD19ED18E8E747
:10C090003046FFF725FC0028D7D1C4E73146FFF72B
:10C0A0001FFC0028BFD0D3E76368ED1AD4E700BFB8
:10C0B0003C3301202DE9F04F2DED028BA1B0974DBF
:10C0C00007930023CDE909330690039116460193A7
:10C0D0008DF82C300DF1240B174698461C464FF076
:10C0E00001092A78012A5FFA88FA40F09580EA6807
:10C0F000002A00F091806968B142C0F087806868CA
:10C10000B04205D93146FFF7EBFB002800F08480F0
:10C110006A68974228BF174664B9EA685046904754
:10C12000AA68029002440C900D928BF80090CDF812
:10C1300004A0012408F10108B8F1090F05F1100568
:10C140000BF1010BCDD1002C00F0BC80029B3B44D5
:10C1500008EE103A631E20AA039302EBC3034FF0CC
:10C16000000953F84C8C6D4B0593CB464FF0FF0AFA
:10C170005FFA89F3049309AB13F80910E9B9059B39
:10C180000498D968884705460298294600F0C4F902
:10C19000002844D118EE101A284600F0BDF90028F6
:10C1A0003FD1BAF1FF0F3ED05846294600F0B4F90E
:10C1B000049B00281CBFAB469A46059B09F1010968
:10C1C0001033B9F1090F0593D2D1BAF1FF0F3ED068
:10C1D0000AF180030DEB03014FF0010301F85C3C11
:10C1E0004E4B03EB0A1541465846D5F8089000F02F
:10C1F00093F9E0B120AB03EBC401AB6841F850BC4C
:10C200005B44013441F84C3CE4B2A3E73046FFF70D
:10C2100067FB00287FF473AF8BF800908AE73D44FA
:10C22000B2E7ED1BB6E7DDF810A0AB46C5E709EBBA
:10C230000B052846414600F06FF9039B20AA02EB4C
:10C24000C303002808BF454643F84C5C82E7CCB1E5
:10C250000C9B019A07EB0309304B03EB021A414692
:10C260004846DAF8085000F057F988B320AB03EBE2
:10C27000C402DAF8083042F8509C4B44013442F8CA
:10C280004C3CE4B200231D461A46013CD9B2A142FF
:10C290002DDB079B5C0820AB03EBC202C4EB55040B
:10C2A00052F84C3C1C440698214600F035F988BBF6
:10C2B000069B1E443146204600F02EF960BB069BCB
:10C2C000E31A0393039821B0BDEC028BBDE8F08F15
:10C2D0004D442846414600F01FF9039B20AA02EB7B
:10C2E000C303002808BF454643F84C5CCAE720A8B2
:10C2F0000DF1800C00EBC1000CEBC10C50F8480CA8
:10C300005CF84CCCA0EB0C0085423CBF05460A46CD
:10C310000133BBE73C44C6E7E41BCBE73C330120D9
:10C3200038B5084D182303FB005304461B69984792
:10C33000012385F8813085F880402046BDE83840EB
:10C3400015F0ACB8CC330120014B1860704700BF2A
:10C350005034012008B515F049F8BDE808400248FE
:10C360008422002124F0B2BACC330120014B586062
:10C37000704700BFCC33012038B5094C94F88130A8
:10C38000054623B915F050F82846FFF7C9FF1823D2
:10C3900005FB0330204443680133436038BD00BFD0
:10C3A000CC33012010B50D4B182400FB0441194477
:10C3B0004A68013A4A6093F8811071B193F880108D
:10C3C00081420AD14AB904FB013183F881204969CD
:10C3D0008847BDE8104015F02FB810BDCC330120C0
:10C3E00038B5184C002384F8823094F881302060EE
:10C3F000054683B194F880306A7D9A4214D01822A1
:10C4000002FB034300225B6984F88120984794F87B
:10C4100081304BB905E015F007F894F88130002B16
:10C42000E8D1687DFFF77CFF6B7D182202FB034398
:10C430009B680BB12846984794F882300BB10023D3
:10C44000236038BDCC33012010B5064C206840B1C4
:10C45000437D182202FB0343DB6803B198470023A6
:10C46000236010BDCC330120014B1868704700BF1A
:10C47000CC330120034B1A6812B1012283F88220C9
:10C48000704700BFCC330120014B93F88200704706
:10C49000CC33012010B5094C236833B15A7D1823E1
:10C4A00002FB0333E35803B19847002323600123C1
:10C4B00084F882306368BDE810401847CC3301200F
:10C4C000014B1B681888704750340120014B1B68D2
:10C4D0009868704750340120014B1B68D88870471A
:10C4E000503401200B4B1B689B68834210B508D267
:10C4F0006FEA530484424FEA530203F1010101D869
:10C50000084410BD0A44824224BFC01A00F1FF3023
:10C51000F7E700BF5034012038B50D46FFF7E2FFC2
:10C5200004462846FFF7DEFF0A4B1B689B688442DF
:10C530004FEA530202F1010204D9201A904228BFA7
:10C54000002038BD011B914223BF01331B19181A6B
:10C550000020F6E75034012030B5054C182505FBC6
:10C560000040C0E902120361039B436130BD00BF7C
:10C57000CC3301201823024A00FB0333D15070470B
:10C58000CC33012020B9064A136901331361704787
:10C59000022801BF024A536901335361704700BF4B
:10C5A0005434012010B5084C637A6168207A0C225B
:10C5B00002FB0343002262601B6A98472078012136
:10C5C000BDE8104011F0ACBD54340120094B70B5EA
:10C5D0000C461546064600216822184624F076F9D6
:10C5E00006708481C58129462046BDE8704001F06F
:10C5F00057BF00BF543401202DE9F3411A4D6F6835
:10C6000057BB6C7A04264FF00C08022C9ABF0134F9
:10C61000E4B2002408FB04538DF801705B6A0197B3
:10C62000ADF80270DBB101AA0DF102010DF10100BC
:10C630009847A0B101999DF80100696028726C7259
:10C64000FFF7A0FF0B46BDF802209DF80110204621
:10C6500001F014FFFFF7A6FF02B0BDE8F081013E34
:10C6600016F0FF06D1D1F7E754340120032830B586
:10C6700006D8044C0C2505FB0040C0E907124362B4
:10C6800030BD00BF54340120014B9861704700BF9A
:10C6900054340120034B596811B90120FFF7ACBF96
:10C6A000704700BF5434012010B5044608461146B7
:10C6B000FFF768FF032C08D8064B0C2202FB04335B
:10C6C000DB6913B1BDE810401847BDE810400846CB
:10C6D0000DF0DEBC543401200B680360416008603B
:10C6E00003680BB158607047004BFBE7BC34012076
:10C6F0004B6843600160486043680BB11860704745
:10C70000014B9860704700BFBC340120074A0368A2
:10C710009168814206D1936013B100225A6070473C
:10C720005360704742685A6013607047BC34012000
:10C7300010B5044614F088FE0146A068FFF7ECFE31
:10C740000446FFF7C9FEA0428CBF0020012010BDA7
:10C7500010B5044614F078FE0146A068FFF7DCFE31
:10C76000B0F5967F2CBFA0F59670002010BD10B5D7
:10C77000044614F069FE0146A068FFF7CDFE0038BC
:10C7800018BF012010BD000038B50546FFF7E0FFD7
:10C790000D4B04465868A8420CD1C72C06D916F098
:10C7A000ABF92046BDE8384016F08CB9BDE83840FA
:10C7B00000F00ABB4268AA4205D11B78012B02D1C6
:10C7C000FFF7C6FFE9E738BDBC34012038B5057D69
:10C7D0000B7D9D42044606D307D142B19047231AF0
:10C7E0005842584138BD0120FCE70020FAE71046C6
:10C7F000F8E70000034B1A7812B95868FFF798BFA2
:10C8000000207047BC340120044A53685B685360C1
:10C8100013B100221A60704793607047BC34012046
:10C8200070B5194D6C68034694B1844212D12B78CF
:10C8300043BBFFF77DFF0128044609D116F05CF9E0
:10C84000FFF7E2FF6868D8B1FFF782FF16F03AF908
:10C85000204670BD666886420FD12A78012A0CD125
:10C86000FFF766FF01280446F2D116F045F930467D
:10C87000FFF74CFF6B685868E5E71846FFF746FF7F
:10C880000124E5E70024E3E7BC340120F8B50446C1
:10C8900014F0DAFD234D0646FFF71EFE6B680644D2
:10C8A000A66043B9C5E90144C4E900332046BDE8A8
:10C8B000F840FFF769BFE768FFF70EFE6B683E447C
:10C8C00099683044FFF728FE90B9FFF793FF78B1DD
:10C8D00069682046FFF700FFE8E7D4E90267FFF741
:10C8E000FBFD6B683E4499683044FFF715FEA0B12C
:10C8F0006D68D5E90267FFF7EFFD3E44A16830445B
:10C90000FFF70AFE30B1D5E90267FFF7E5FD3E44C7
:10C910000644A6606B68002BDFD129462046FFF74E
:10C92000E7FEC3E7BC3401202DE9F04788B0044698
:10C930000F46FFF71CFF20B90026304608B0BDE8BF
:10C94000F087DFF83891D9F8045035B9C9E90144C6
:10C95000C4E90055012679E01D46D4E90268FFF7D5
:10C96000BBFD4644A9683044FFF7D6FD50B9D9F85D
:10C970000430AB4201D1FFF73DFF29462046FFF7C7
:10C98000ABFEE7E7D5E90268FFF7A6FD4644A168DC
:10C990003044FFF7C1FD002867D02E467368BBB94D
:10C9A00031463A462046FFF711FF012806460CD1D2
:10C9B0002F464FF000087B684DF82870EBB93846D9
:10C9C000FFF72EFF012806462FD0002E3ED1B3E7F9
:10C9D000D4E9028AFFF780FD7368D0449968404427
:10C9E000FFF79AFD0028DBD03A4631462046FFF794
:10C9F000EDFE0028A0D07668D0E7D4E9026AFFF700
:10CA00006BFD7B68564499683044FFF785FD00282C
:10CA1000D5D03846FFF704FF00288DD008F1010873
:10CA2000B8F1080F7F68C6D186E7796891B12046D2
:10CA3000FFF752FE6D4608F10108002755F8040B78
:10CA4000C36903B1984701374745F7D12046FFF73F
:10CA50009BFE72E7296819B12046FFF749FEE9E716
:10CA6000C9E90144C4E90011E4E76B68002B7FF4D5
:10CA700073AF29462046FFF73BFE6BE7BC3401202D
:10CA80002DE9F04786687318836004460F46904688
:10CA9000FFF76DFE054670B9FFF718FD400801303D
:10CAA000404501D0A66011E014F0CEFC0546FFF72A
:10CAB00013FD2844A060314D6B6853B9C5E90144AA
:10CAC000C4E900332046FFF75FFE01252846BDE894
:10CAD000F087A1689868FFF71FFD90B1D4E9029A2A
:10CAE000FFF7FAFC6B68D14499684844FFF714FDDE
:10CAF00038B9FFF77FFE20B169682046FFF7ECFDEB
:10CB0000E0E7AB68D3E9029AFFF7E6FCD144A168FD
:10CB10004844FFF701FD80B9A9682046FFF7E8FD0A
:10CB2000D0E7D4F80CA0FFF7D7FC6B68D144996824
:10CB30004844FFF7F1FC0028DED06D68002DB1D02D
:10CB4000D5E9029AFFF7C8FCD144A1684844FFF731
:10CB5000E3FC30B1D5E9029AFFF7BEFCD14448446A
:10CB6000A060D4F808906A68A9EB06039F42E4D855
:10CB70009845E2D3002AD4D12946CEE7BC3401201F
:10CB80002DE9F0473B4D8668D5F80880B318044678
:10CB9000894617468360B8F1000F0CD1FFF7E7FD17
:10CBA000F0B1C5E90144C4E900882046FFF7ECFD77
:10CBB0000120BDE8F087D8E902A8FFF78DFCC24448
:10CBC000A1685044FFF7A8FC40B92046FFF7CFFD0D
:10CBD00030B1A9682046FFF78BFDE6E7AD6815B9CF
:10CBE000A6600020E5E72B681BBBD5F80880D4F8C9
:10CBF0000CA0FFF771FCA8EB0A083146A8EB000077
:10CC0000FFF78AFCB84228BF384631188145A16039
:10CC10002ED8A868FFF780FC50B32046FFF7A7FD89
:10CC200030B3FFF7E7FD18B329462046FFF754FD60
:10CC3000BBE7D3E9028AFFF74FFCD0444044A06031
:10CC40002046FFF794FD0028CAD0A0683146FFF7C0
:10CC500063FC48450CD387420AD3D4E9028AFFF724
:10CC60003BFCD044A9684044FFF756FC0028DBD0C9
:10CC70002D68B4E7BC34012070B5244E72680546B7
:10CC8000134613B90024204670BD9D4221D05B6835
:10CC9000F7E7FFF7EFFBF5E7FFF7ECFB002CF1D030
:10CCA0002DE05368AB4228460FD13378012B0CD1CD
:10CCB000FFF73EFD01280446F0D115F01DFF284680
:10CCC000FFF724FD7368586813E0FFF71FFD012488
:10CCD00015E09542E5D13378002BDAD12846FFF7ED
:10CCE00027FD01280446D7D115F006FFFFF78CFD7C
:10CCF00070680028EBD0FFF72BFD15F0E3FEEB6921
:10CD0000002BC0D028469847BDE700BFBC340120A7
:10CD1000074B10B55C68844209D1FFF76BFD30B159
:10CD200015F0EAFE2046BDE81040FFF72DBD10BD0E
:10CD3000BC34012010B5044614F086FB0146A068FF
:10CD4000FFF7EAFB0446FFF7C7FB0F30A0428CBF9A
:10CD50000020012010BD000010B5044C0221A07875
:10CD600011F0DEF963780133637010BDBC3401202B
:10CD700010B5044C0121A07811F0D2F96378013389
:10CD8000637010BDBC34012038B5054614F05CFB5F
:10CD90000146A868FFF7C0FB044670B1094C28465D
:10CDA000FFF71EFB00232382FFF76EFB38B1647888
:10CDB000003C18BF0124FFF747FB204638BD012483
:10CDC000FBE700BFBC340120024B0821987811F02A
:10CDD000A7B900BFBC340120034B0022C3E90122E4
:10CDE0001A70DA605A617047BC34012008B5182205
:10CDF0000548002123F06AFDFFF7EEFF0348BDE878
:10CE0000084015F031BE00BFBC34012089CE0400BB
:10CE100010B50446FFF7EAFF034B04489C70BDE8D9
:10CE20001040FFF7A3BA00BFBC34012071CD04004D
:10CE300010B50C4C63685B680BB9012010BDFFF79F
:10CE400003FBA078042111F06BF963780133637060
:10CE50000123237063685868FFF796FF0028ECD120
:10CE60002070EBE7BC34012010B5064C606808B9AF
:10CE7000012010BD01232370FFF786FF0028F7D1A2
:10CE80002070F6E7BC34012073B5224C63786568E6
:10CE900083B1A078082111F043F96269238A013235
:10CEA00001336261E2899BB29A42238200D2E3811C
:10CEB00002B070BD2378E3B9FFF7D6FF08B9FFF7DA
:10CEC0004BFF6C68002CF3D014F0BEFA0146A0684A
:10CED000FFF722FBB0F5967F17D3B0F5967001905F
:10CEE00013D015F009FE019802B0BDE8704015F0AE
:10CEF000E9BD6E682B7D327D9A42CAD2FFF798FF5A
:10CF000008B9FFF729FF7468DCE702B0BDE870409C
:10CF1000FFF75ABFBC3401202DE9F041044614F05C
:10CF200093FA244D07464FF000084CB914F08CFAE0
:10CF30003946FFF7F1FAAB89834238BFA88102E096
:10CF40006E6816B92E80BDE8F081E0070ED585F831
:10CF50000080FFF759FCB3690BB1304698476B78F6
:10CF6000013B6B7024F00104A4B2DEE7A1070BD5EE
:10CF7000FFF74AFCF3690BB1304698476B78013BE9
:10CF80006B7024F00204EFE762070BD5FFF73CFC5F
:10CF9000B3690BB1304698476B78013B6B7024F056
:10CFA0000404E1E72307C0D5FFF76EFF24F008046F
:10CFB000DAE700BFBC3401200020704730B5002301
:10CFC00010C920CA641910C010C920CA6C4110C011
:10CFD00010C920CA6C4110C010C920CA6C4110C0D1
:10CFE00010C920CA6C4110C010C920CA6C4110C0C1
:10CFF00010C920CA6C4110C010C920CA6C4110C0B1
:10D000005B41184630BD30B5002310C920CA641BEF
:10D0100010C010C920CAAC4110C010C920CAAC4110
:10D0200010C010C920CAAC4110C010C920CAAC4100
:10D0300010C010C920CAAC4110C010C920CAAC41F0
:10D0400010C010C920CAAC4110C05B41B3FA83F0D4
:10D05000400930BD2022002123F038BC031F1C30C2
:10D0600053F8042F1AB98342FAD1012070470020E7
:10D070007047002351F8232040F823200133082B68
:10D08000F8D1704710B500F12003203153F8044D5A
:10D0900051F8042D944204D805D38342F6D10020E0
:10D0A00010BD0120FCE74FF0FF30F9E700F120034D
:10D0B0000022834200D1704753F8041D42EA510216
:10D0C0001A60CA07F5E70000F0B589B0FFF7D1FF95
:10D0D000CB6A03930B6B04934B6B05938B6B06939B
:10D0E0000C4606460027CB6B07936A46694668469E
:10D0F000CDE901770097FFF761FF6A4605463146A3
:10D100003046FFF75BFF236B0393636B0493A36BC2
:10D110000593E36B05446A4669466846CDE90637E0
:10D12000FFF74CFF6A46054431463046FFF746FF9D
:10D13000236A0093636A0193A36A0293A36B069325
:10D140000544E36B07936A4631463046CDE90477E0
:10D150000397FFF733FF636A0093A36AA26B0193FF
:10D16000E36A02930492636BE26B0393CDE90523B8
:10D170000544236A07936A4631463046FFF71EFF8F
:10D18000E36A0093236B0193636B0293236A069314
:10D190000544A36A07936A4631463046CDE90477D1
:10D1A0000397FFF730FF236B0093636B0193A36B2F
:10D1B0000293E36B0393636A06932D1AE36A079362
:10D1C0006A4631463046CDE90477FFF71CFF636BB2
:10D1D0000093A36B0193E36B0293236A0393636A47
:10D1E0000493A36A2D1ACDE905376A46236B07938A
:10D1F00031463046FFF707FFA36B0093E36BCDE9A1
:10D200000137636A0393A36A0493E36A2D1ACDE995
:10D2100005376A46636B079331463046FFF7F3FEE6
:10D220002D1A0C4C0DD42DB931462046FFF72AFF9C
:10D2300001280DD0224631463046FFF7E4FE2D1A74
:10D24000F1E7224631463046FFF7B8FE2D18F8D4F4
:10D2500009B0F0BDF05007002DE9F04F91B007EE96
:10D26000900A684600F1180002F1180218C9C0CAF5
:10D27000A3FB06BC40F804BB4FF0000AA3FB07B9B0
:10D280001CEB0B0C49F10009A4FB06BE1CEB0B0CBC
:10D2900059EB0E094AF1000A40F804CBA4FB07CE73
:10D2A00019EB0C094AEB0E0AA0E80006A0F11C00DD
:10D2B000A2F11402B2E8C00120C9A3FB06BC40F8E9
:10D2C00004BB4FF0000AA3FB07B91CEB0B0C49F1A0
:10D2D0000009A4FB06BE1CEB0B0C59EB0E094AF12E
:10D2E000000A40F804CB4FF0000BA3FB08CE19EB6B
:10D2F0000C095AEB0E0A4BF1000BA4FB07CE19EBFD
:10D300000C095AEB0E0A4BF1000BA5FB06CE19EBEC
:10D310000C095AEB0E0A4BF1000B40F8049B08C9AC
:10D320004FF0000CA4FB08E91AEB0E0A5BEB090BAB
:10D330004CF1000CA5FB07E91AEB0E0A5BEB090B9D
:10D340004CF1000CA3FB06E91AEB0E0A5BEB090B90
:10D350004CF1000CD0F800E01AEB0E0A5BF1000B68
:10D360004CF1000C40F804AB10C94FF0000EA5FBC7
:10D37000089A1BEB090B5CEB0A0C4EF1000EA3FBA9
:10D38000079A1BEB090B5CEB0A0C4EF1000EA4FB99
:10D39000069A1BEB090B5CEB0A0C4EF1000ED0F861
:10D3A00000901BEB090B5CF1000C4EF1000E40F8F5
:10D3B00004BB40CA4FF00009A5FB06AB1CEB0A0CEE
:10D3C0005EEB0B0E49F10009A3FB08AB1CEB0A0C4A
:10D3D0005EEB0B0E49F10009A4FB07AB1CEB0A0C3A
:10D3E0005EEB0B0E49F10009D0F800A01CEB0A0C13
:10D3F0005EF1000E49F1000940F804CB80CA4FF0FD
:10D40000000AA5FB07BC1EEB0B0E59EB0C094AF1F9
:10D41000000AA3FB06BC1EEB0B0E59EB0C094AF1EC
:10D42000000AA4FB08BC1EEB0B0E59EB0C094AF1D9
:10D43000000AD0F800B01EEB0B0E59F100094AF1BA
:10D44000000A40F804EB4FF0000BA3FB07CE19EBEA
:10D450000C095AEB0E0A4BF1000BA4FB06CE19EB9C
:10D460000C095AEB0E0A4BF1000B40F8049BA4FB8D
:10D4700007E91AEB0E0A4BEB090BA0E8000CA0F130
:10D480003400A1F11401A2F1200238C9B2E8C001B0
:10D49000A3FB06BC40F804BB4FF0000AA3FB07B98E
:10D4A0001CEB0B0C49F10009A4FB06BE1CEB0B0C9A
:10D4B00059EB0E094AF1000A40F804CB4FF0000B7B
:10D4C000A3FB08CE19EB0C095AEB0E0A4BF1000B2B
:10D4D000A4FB07CE19EB0C095AEB0E0A4BF1000B1B
:10D4E000A5FB06CE19EB0C095AEB0E0A4BF1000B0B
:10D4F00040F8049B08C94FF0000CA4FB08E91AEBA4
:10D500000E0A5BEB090B4CF1000CA5FB07E91AEBCB
:10D510000E0A5BEB090B4CF1000CA3FB06E91AEBBE
:10D520000E0A5BEB090B4CF1000CD0F800E01AEB93
:10D530000E0A5BF1000B4CF1000C40F804AB10C973
:10D540004FF0000EA5FB089A1BEB090B5CEB0A0CD5
:10D550004EF1000EA3FB079A1BEB090B5CEB0A0CC8
:10D560004EF1000EA4FB069A1BEB090B5CEB0A0CB8
:10D570004EF1000ED0F800901BEB090B5CF1000C93
:10D580004EF1000E40F804BB20C94FF00009A3FB88
:10D5900008AB1CEB0A0C5EEB0B0E49F10009A4FB77
:10D5A00007AB1CEB0A0C5EEB0B0E49F10009A5FB67
:10D5B00006AB1CEB0A0C5EEB0B0E49F10009D0F830
:10D5C00000A01CEB0A0C5EF1000E49F1000940F8C6
:10D5D00004CB08C94FF0000AA4FB08BC1EEB0B0EDD
:10D5E00059EB0C094AF1000AA5FB07BC1EEB0B0E18
:10D5F00059EB0C094AF1000AA3FB06BC1EEB0B0E0B
:10D6000059EB0C094AF1000AD0F800B01EEB0B0EE2
:10D6100059F100094AF1000A40F804EB10C94FF033
:10D62000000BA5FB08CE19EB0C095AEB0E0A4BF1C7
:10D63000000BA3FB07CE19EB0C095AEB0E0A4BF1BA
:10D64000000BA4FB06CE19EB0C095AEB0E0A4BF1AA
:10D65000000BD0F800C019EB0C095AF1000A4BF18D
:10D66000000B40F8049B40CA4FF0000CA5FB06E9F4
:10D670001AEB0E0A5BEB090B4CF1000CA3FB08E95B
:10D680001AEB0E0A5BEB090B4CF1000CA4FB07E94B
:10D690001AEB0E0A5BEB090B4CF1000CD0F800E022
:10D6A0001AEB0E0A5BF1000B4CF1000C40F804ABD6
:10D6B00080CA4FF0000EA5FB079A1BEB090B5CEB31
:10D6C0000A0C4EF1000EA3FB069A1BEB090B5CEB58
:10D6D0000A0C4EF1000EA4FB089A1BEB090B5CEB45
:10D6E0000A0C4EF1000ED0F800901BEB090B5CF118
:10D6F000000C4EF1000E40F804BB52F8048B4FF0C2
:10D700000009A5FB08AB1CEB0A0C5EEB0B0E49F104
:10D710000009A3FB07AB1CEB0A0C5EEB0B0E49F1F7
:10D720000009A4FB06AB1CEB0A0C5EEB0B0E49F1E7
:10D730000009D0F800A01CEB0A0C5EF1000E49F1C4
:10D74000000940F804CB40CA4FF0000AA5FB06BC14
:10D750001EEB0B0E59EB0C094AF1000AA3FB08BCA7
:10D760001EEB0B0E59EB0C094AF1000AA4FB07BC97
:10D770001EEB0B0E59EB0C094AF1000AD0F800B071
:10D780001EEB0B0E59F100094AF1000A40F804EBB8
:10D7900080CA4FF0000BA5FB07CE19EB0C095AEB22
:10D7A0000E0A4BF1000BA3FB06CE19EB0C095AEB4A
:10D7B0000E0A4BF1000BA4FB08CE19EB0C095AEB37
:10D7C0000E0A4BF1000BD0F800C019EB0C095AF10E
:10D7D000000A4BF1000B40F8049B4FF0000CA3FB38
:10D7E00007E91AEB0E0A5BEB090B4CF1000CA4FBEA
:10D7F00006E91AEB0E0A5BEB090B4CF1000C40F842
:10D8000004ABA4FB079A1BEB090B4CEB0A0CA0E83A
:10D81000001817EE900A6946FFF756FC11B0BDE8F4
:10D82000F08F2DE9F04F91B007EE900A68460CC9D1
:10D8300001F1100160C900F11800A2FB058940F850
:10D84000048BA2FB06CA19EB0C094AF1000A40F846
:10D85000049BA3FB06891AEB080A49F1000BA0E818
:10D86000000CA0F12800A1F12001FCC9A2FB02BC20
:10D8700040F804BB4FF00009A2FB03AB1CEB0A0C01
:10D880005BF1000849F100091CEB0A0C58EB0B088E
:10D8900049F1000940F804CB4FF0000AA2FB04BC98
:10D8A0001BEB0B0B5CEB0C0C4AF1000A18EB0B08A2
:10D8B00059EB0C094AF1000AA3FB03BC18EB0B0857
:10D8C00059EB0C094AF1000A40F8048B4FF0000CA8
:10D8D000A2FB058BDE46E3FB048BDE4588BF4CF1E3
:10D8E000000C18EB08085BEB0B0B4CEB0C0C18EB6B
:10D8F00009085BEB0A0B4CF1000C40F8048B4FF06D
:10D90000000AA2FB0689CE46E3FB0589CE4588BF07
:10D910004AF1000A18EB080859EB09094AEB0A0A10
:10D92000CE46E4FB0489CE4588BF4AF1000A18EBD5
:10D930000B0859EB0C094AF1000A40F8048B4FF030
:10D94000000CA2FB078BDE46E3FB068BDE4588BF9F
:10D950004CF1000CDE46E4FB058BDE4588BF4CF144
:10D96000000C18EB08085BEB0B0B4CEB0C0C18EBEA
:10D9700009085BEB0A0B4CF1000C40F8048B04C95E
:10D980004FF0000AA3FB0789CE46E4FB0689CE458B
:10D9900088BF4AF1000AD0F800E018EB0E0859F1F0
:10D9A00000094AF1000A18EB080859EB09094AEB8B
:10D9B0000A0ACE46E5FB0589CE4588BF4AF1000A32
:10D9C00018EB0B0859EB0C094AF1000A40F8048BDC
:10D9D0004FF0000CA3FB028BDE46E4FB078BDE4519
:10D9E00088BF4CF1000CDE46E5FB068BDE4588BFA8
:10D9F0004CF1000CD0F800E018EB0E085BF1000BC6
:10DA00004CF1000C18EB08085BEB0B0B4CEB0C0C0F
:10DA100018EB09085BEB0A0B4CF1000C40F8048B87
:10DA200008C94FF0000AA4FB0289CE46E5FB07892E
:10DA3000CE4588BF4AF1000AD0F800E018EB0E0886
:10DA400059F100094AF1000A18EB080859EB0909D5
:10DA50004AEB0A0ACE46E6FB0689CE4588BF4AF164
:10DA6000000A18EB0B0859EB0C094AF1000A40F8C0
:10DA7000048B4FF0000CA4FB038BDE46E5FB028B0E
:10DA8000DE4588BF4CF1000CDE46E6FB078BDE4529
:10DA900088BF4CF1000CD0F800E018EB0E085BF1E9
:10DAA000000B4CF1000C18EB08085BEB0B0B4CEB7C
:10DAB0000C0C18EB09085BEB0A0B4CF1000C40F85E
:10DAC000048B4FF0000AA5FB0389CE46E6FB0289D2
:10DAD000CE4588BF4AF1000A18EB080859EB09093E
:10DAE0004AEB0A0ACE46E7FB0789CE4588BF4AF1D2
:10DAF000000A18EB0B0859EB0C094AF1000A40F830
:10DB0000048B4FF0000CA6FB038BDE46E7FB028B79
:10DB1000DE4588BF4CF1000C18EB08085BEB0B0BE3
:10DB20004CEB0C0C18EB09085BEB0A0B4CF1000CEE
:10DB300040F8048B4FF00008A7FB031A49185AEB72
:10DB40000A0A48F100081BEB010B5CEB0A0C48F1D8
:10DB50000008A2FB021A1BEB010B5CEB0A0C48F15C
:10DB6000000840F804BB4FF0000BA2FB031A491851
:10DB70005AEB0A0A4BF1000B1CEB010C58EB0A089C
:10DB80004BF1000B40F804CBA3FB031A18EB010880
:10DB90005BEB0A0BA0E8000917EE900A6946FFF755
:10DBA00093FA11B0BDE8F08F70B588B006460D4607
:10DBB000684611461446FFF734FE6A463146304641
:10DBC000FFF74AFB224669466846FFF745FB6A466F
:10DBD00029462846FFF740FB08B070BD0B1F1C31DB
:10DBE00053F8042F120E02775A8842771A68120AE5
:10DBF00082771A68C2778B42A0F10400F0D1704797
:10DC000001F11C0304381A688B4212BA40F8042F41
:10DC1000A3F10403F7D1704708B50146FFF71EFAD8
:10DC200030B101F12000FFF719FA003818BF0120C8
:10DC300008BD000010B50446FFF7E5F930B12146F4
:10DC40002046034ABDE81040FFF7B8B910BD00BF39
:10DC5000F0500700F0B5144689B006460F4602465C
:10DC6000214668461D46FFF7E5FF69466846FFF70F
:10DC7000D8FD6A4631463046FFF7EEFA6A4621463D
:10DC80002046FFF7E9FA3A4629462846FFF7D2FF31
:10DC900029466846FFF7C5FD324669466846FFF7E4
:10DCA000C9FF224669466846FFF7C4FF324621464F
:10DCB0002046FFF7BFFF224639463846FFF7CCFA29
:10DCC0006A4631462046FFF7B5FF224629462846D8
:10DCD000FFF7C2FA3A4629462846FFF7ABFF6946E6
:10DCE0002046FFF7C6F909B0F0BD000010B50446A4
:10DCF000FFF764F928B907492046FFF7C3F9002860
:10DD000006DB21462046034ABDE81040FFF77BB9F9
:10DD100010BD00BFF0500700F0B5144699B005469D
:10DD20000F460246214668461E46FFF783FF6946B6
:10DD30006846FFF776FD6A4629462846FFF78CFAC3
:10DD40006A4621462046FFF787FA3A46314668463A
:10DD5000FFF7CCFF3A4631463046FFF76BFF2A46C5
:10DD6000214608A8FFF766FF08AA39463846FFF79C
:10DD700073FA2246294608A8FFF7B8FF3146204625
:10DD8000FFF74FFD08AA21462046FFF753FF224622
:10DD9000294610A8FFF74EFF10AA31463046FFF77C
:10DDA0005BFA3A4631463046FFF744FF694610A811
:10DDB000FFF737FD10A908AA0846FFF73BFF2A46E0
:10DDC00010A908A8FFF736FF08A96A460846FFF71A
:10DDD00043FA3A4608A93846FFF72CFF10A928460F
:10DDE000FFF747F919B0F0BD2DE9F04F9246ABB0FF
:10DDF0000278DDF8D08004460F46042A00F25E81E6
:10DE0000DFE812F00500B300D200F9000F0100F1C5
:10DE100024055146284604F16406FFF72AF90AF161
:10DE200020013046FFF725F9271D04F14409B8F118
:10DE3000000F00F09080414612A8FFF71AF929461A
:10DE40003846FFF716F931464846FFF712F92846DB
:10DE500012AAFFF7A9FE12A8FFF700F900286CD15B
:10DE600031461AA8FFF7DDFC1AAA294622A8FFF7B7
:10DE7000F3F91AA90846FFF7D4FC12AA3146304636
:10DE8000FFF7EAF912A90846FFF7CBFC12AA2946C8
:10DE90002846FFF72BFF12AA11461046FFF726FF70
:10DEA00012AA10462946FFF7C5FE12AA294628469F
:10DEB000FFF7D2F92A46294612A8FFF717FF29468D
:10DEC00012AA2846FFF712FF636AD90749D5C04A4C
:10DED00029462846FFF772F880462846FFF7E6F8FD
:10DEE000236C43EAC8732364294612A8FFF799FC00
:10DEF00012A9084622AAFFF79DFE12A9084622AAE7
:10DF0000FFF798FE22A9084612AAFFF793FE22AA5D
:10DF100029462846FFF7A0F91AAA10462946FFF716
:10DF200089FE12A92846FFF7A4F8314612A8FFF788
:10DF3000A0F81AA93046FFF79CF812AA49463846BD
:10DF4000FFF732FEFF23C4F8843001232370002042
:10DF50002BB0BDE8F08F12A8FFF77CF801231293D5
:10DF60006DE72846FFF7A2F8BEE7D0F884205011ED
:10DF7000012153F8203002F01F0201FA02F21A4286
:10DF80000CBF0A460022881A4001520102F14403E4
:10DF900000F144010432043023442244214420444B
:10DFA000FFF7BAFE0223D1E7D0F8842050110121F7
:10DFB00053F8203002F01F0201FA02F21A420CBF9D
:10DFC0000A46002250018A1A520102F1440300F16C
:10DFD0004401043204302344224421442044FFF706
:10DFE00039FED4F88430013B002BC4F88430CCBF18
:10DFF00001230323AAE71A6802F00100D24302F0CA
:10E0000001024001520102F1440300F144010432D3
:10E0100004302344224421442044FFF77DFE04239E
:10E0200094E71D68EE4305F00105023500F104098F
:10E030006D0100F124014A4602A805F10408FFF72A
:10E04000F9FDA04402A908464246FFF705F902A9D6
:10E0500008465246FFF700F902A806F00106FEF74F
:10E06000FDFF68B302A8FEF7F5FF02A908460AF112
:10E070002002FFF7F1F83C3D02A96219084676013B
:10E080000192FFF7E9F806F1440104364346019A8C
:10E090002144A01904F14405FFF7DCFD02AA29463A
:10E0A0004846FFF781FD49463846FEF7E2FF29461C
:10E0B00007F12000FEF7DDFF05232370012047E76D
:10E0C00002A90AA8FEF7D5FF4149DFF804B112A85A
:10E0D000FEF7CFFF1AA8FEF7BDFF012322A81A936F
:10E0E000FEF7B8FF12A90AA8FEF7CCFF20B91AA9BB
:10E0F00002A8FEF7BEFFB8E70A9BDA0718D40AA801
:10E10000FEF7D4FF1A9810F0010305D01AA95A4659
:10E110000846FEF753FF03461AA80193FEF7C6FF11
:10E12000019B002BDED0219B43F000432193D9E7D4
:10E13000129BDB0718D412A8FEF7B8FF229810F044
:10E14000010305D022A95A460846FEF737FF0346C9
:10E1500022A80193FEF7AAFF019B002BC2D0299BA6
:10E1600043F000432993BDE7002818DD0AA912AA4D
:10E170000846FEF748FF0AA8FEF798FF22A91AA84A
:10E18000FEF780FF002804DA1AA95A460846FEF76F
:10E1900015FF1AA922AA0846FEF735FFB2E712A911
:10E1A0000AAA0846FEF72FFF12A8FEF77FFF1AA95A
:10E1B00022A8FEF767FF002804DA22A95A4608467B
:10E1C000FEF7FCFE22A91AAA0846FEF71CFFB5E7D7
:10E1D000F0500700014B1860704700BFF06200204C
:10E1E000074B10B5002104464FF4BC72184622F0CC
:10E1F0006DFB21460430BDE81040FFF701BD00BFB4
:10E20000D43401202DE9F341294D2B78012B2BD05B
:10E21000022B40D0002B48D1281DFEF71FFF0446DB
:10E2200018B1002002B0BDE8F0812248291DFEF798
:10E2300029FF01280646F4D105F164071D4AC5F8F7
:10E24000A47005F18408291D3846C5F8A880FEF79A
:10E25000B5FE184AC5F8AC0039464046FEF7AEFE9A
:10E2600085F8B0402E70DCE7D5F8AC30124AB3FA2E
:10E2700083F35B0905EB830300240094D3F8A430F7
:10E2800005F1240105F1B000FFF7AEFD0028C8D06C
:10E2900002232B70C5E705F12400FFF7BDFC10B188
:10E2A00000202870BEE703232B700120BAE700BFCF
:10E2B000D4340120D05007007050070038B5094D04
:10E2C00004460846291DFFF789FC05F12401204674
:10E2D000FFF784FC05F1440104F12000BDE838405B
:10E2E000FFF77CBCD434012010B5A8B0014618A8B3
:10E2F000FFF786FC203120A8FFF782FC18A8FFF763
:10E300008BFC0446002833D11A4818A9FEF7BAFE40
:10E3100001282AD1174820A9FEF7B4FE012824D1EC
:10E3200020A96846FFF77DFA1C22214611A822F099
:10E33000CDFA032318A908A81093FFF772FA08A9C9
:10E34000084610AAFFF776FC08A9084618AAFEF7A7
:10E3500083FF08A90846084AFFF7C8FC08A96846D1
:10E36000FEF790FEB0FA80F46409204628B010BD94
:10E370000024FAE7F0500700B05007002DE9F04103
:10E380004FF4BC7206460F461E481E4DDFF88080D3
:10E39000002122F09BFA4024D8F8003019482021AF
:10E3A000984758B32846FEF759FE38BB2D62164CE5
:10E3B00039462046FFF724FC3146A4F18000FFF7E0
:10E3C0001FFC06F12001A4F16000FFF719FC04F125
:10E3D00020060E4AC5F8E44021462046C5F8E8600C
:10E3E000FEF7ECFD094AC5F8EC0021463046FEF781
:10E3F000E5FD002385F8F030BDE8F081013CCBD18C
:10E40000D5E700BFD434012078350120D050070073
:10E41000F062002007B50B48D0F8EC30026A009299
:10E42000B3FA83F35B0900EB830300F1240200F1EC
:10E430006401D3F8E430F030FFF7D6FC03B05DF8A8
:10E4400004FB00BFD43401200149FFF7C7BB00BF64
:10E4500038350120022910B514461A4608D005297E
:10E4600008D0012908D10021FEF71EF9204610BD71
:10E470000121F9E70321F7E70020F8E70139C9B2E4
:10E48000022910B405D8054C615C5DF8044B12F00C
:10E490009BBF00205DF8044B704700BF1051070080
:10E4A00070470000064A0523118A814206D0013BCD
:10E4B00013F0FF0302F11C02F6D11A461046704712
:10E4C0005036012010B5094B05224FF6FF711C8A0A
:10E4D0008C4204D100221882DA751A8310BD013AE9
:10E4E00012F0FF0203F11C03F1D1F7E750360120CF
:10E4F000427E013208B542760FF03FFD034A92F8A2
:10E50000BA3013B1013B82F8BA3008BD5036012051
:10E5100038B5044600282FD11C4C05234FF6FF7256
:10E52000218A914201D0A17D31BB013B13F0FF0351
:10E5300004F11C04F4D1002038BD658A002DFAD006
:10E54000638A228A5B1B638263681A70238A62680B
:10E550001B0A43F01003537063689D7063682A0AB6
:10E56000DA7061682046FFF7C3FF638A13B16368FE
:10E570002B4463600120DFE7658A01F075F985426D
:10E58000DBD301F071F90546D8E700BF5036012012
:10E5900070B50E460446154601F066F9B04217D232
:10E5A0002B18C4E90053361A01236682A375A8709C
:10E5B000000AE87029462046FFF79AFF074D95F8B4
:10E5C000BA3023B12046FFF7A3FF0028F7D170BD72
:10E5D00029462046BDE87040FFF78ABF503601202B
:10E5E0002DE9F3411B4D95F8BA3040B1184495F828
:10E5F000BB30C0B2984228BF184685F8BA00164F03
:10E6000095F8BA3013B902B0BDE8F0810020FFF7E9
:10E610007FFF0028F4D10DF1070138460BF051FDC2
:10E6200004460028EFD04378867890F8038000787D
:10E6300000EB032080B2FFF735FF30B106EB082175
:10E64000224689B2FFF7A4FFDAE720460BF020FD4F
:10E65000D6E700BF50360120F836012038B5104CFF
:10E660000523228A824214D1206818B10BF010FDD4
:10E6700000232360A0680025A57510B10BF008FDEC
:10E68000A5604FF6FF73607E2382BDE83840FFF738
:10E69000A7BF013B13F0FF0304F11C04E1D138BD17
:10E6A000503601202DE9F041437890F800808678BB
:10E6B00008EB032808F44057C378C8F30B08054655
:10E6C000404606EB0326FFF7EDFEB6B2044638B926
:10E6D000002628460BF0DCFC35462846BDE8F081D4
:10E6E000B7F5005F3DD1806818B10BF0D1FC002375
:10E6F000A360032EECD96B792F79274A07EB032708
:10E70000B2F8B420BFB2FB1C9342E1DAB342E4DBBF
:10E7100007F10800002180B20BF0B6FCA0600028D1
:10E72000D6D0431CE36080F80080E3684FEA1828E5
:10E730005A1CE26083F80080E36804375A1CE260E8
:10E740001F70E3685A1CE2603A121A70E0683246A1
:10E75000291D22F093F8E368BF1B3344E360A782CE
:10E76000B6E7B7F5805FB3D18368002BB0D0838A5A
:10E77000B342ADD3C0683246291D22F07FF8E3686A
:10E780003344E360A38A9B1B9BB2A382002B9FD1DF
:10E79000A668A3609DE700BF503601200F4B4FF6DF
:10E7A000FF721A829A85A3F84820A3F86420A3F880
:10E7B00080204FF0FF32C3E92322C3F894201B22AC
:10E7C000A3F8B42040F205120021A3F8B820C3E951
:10E7D0002A11C3F8D81000F0B3BF00BF5036012093
:10E7E000024B012283F821200FF06EBC743F012000
:10E7F000014BA3F8B40070475036012030B5074DE7
:10E80000D5E9004322B120431943C5E9000130BDD9
:10E8100024EA000023EA0101F7E700BFF8620020C4
:10E820002DE9F041437806788478C77806EB032613
:10E83000B6B280463046FFF735FE054668B304EBB6
:10E840000724194F07F1A8000BF0BEFCA4B2424602
:10E85000F0B197F8BA30DBB121462846FFF798FEB1
:10E8600001F002F82A7E013C94FBF0F301331344DB
:10E87000DBB22B7697F8B8209A4213D8EB7D8BB990
:10E880000A4B0121E97530465B69BDE8F041184744
:10E89000074800210BF0FFFBE2E74046BDE8F041EE
:10E8A0000BF0F6BBBDE8F08150360120743F01202B
:10E8B000F836012038B50446C81C80B20D460BF06E
:10E8C000DBFB18B10470240A4470857038BD000069
:10E8D00037B5024618B1104800210BF0DCFB0F4D94
:10E8E000AB7EB3B10DF1070105F110000BF0E9FBB0
:10E8F000044670B1AB7E013BAB76427803780221CF
:10E9000003EB022328462B830BF0CAFC20460FF0B2
:10E910003EFB03B030BD00BF40370120303701203F
:10E92000054B0022C3E9042201229A769A71034A18
:10E9300092F820201A73704730370120743F01206D
:10E940007047000010B5054C20460BF0B2FC0123C7
:10E95000A3760020BDE81040FFF7BABF3037012092
:10E9600038B504460D4640F206400321FFF7A2FFEA
:10E9700038B1C470240A04714571BDE83840FFF70E
:10E98000A7BF38BD70B506460D4642F211000721FB
:10E99000FFF790FF044648B1C670294604300BF0DB
:10E9A000C9FC2046BDE87040FFF792BF70BD08B5B6
:10E9B000002142F21000FFF77DFF18B1BDE80840CA
:10E9C000FFF786BF08BD38B505460C4642F2130076
:10E9D0000E21FFF76FFF20B3C5702D0A0571228845
:10E9E00042712288120A82716288C2716288120A98
:10E9F0000272A2884272A288120A8272E288C272ED
:10EA0000E288120A0273228942732289120A8273EF
:10EA10006289C2736289120A0274BDE83840FFF746
:10EA200057BF38BD2DE9F84F07460E4642F20D009C
:10EA30001921DDF828B09DF82C900C9D924698463F
:10EA4000FFF738FF044690B3C77046713F0A360A95
:10EA50000771867180F807A080F808805946093050
:10EA60000BF068FC84F80F902B8823742B881B0A0A
:10EA700063746B88A3746B881B0AE374AB8823757B
:10EA8000AB881B0A6375EB88A375EB881B0AE375DB
:10EA90002B8923762B891B0A63766B89A3766B8976
:10EAA0001B0AE3762046BDE8F84FFFF711BFBDE82B
:10EAB000F88F08B5002142F20E00FFF7FBFE18B1F7
:10EAC000BDE80840FFF704BF08BD2DE9F84F064632
:10EAD000884642F220000E21BDF828B0BDF82CA0D7
:10EAE000BDF8309017461D46FFF7E4FE08B3C67028
:10EAF00080F80580360A4FEA1828C77145723F0A28
:10EB00002D0A4FEA1B214FEA1A224FEA19230671F8
:10EB100080F806800772857280F80BB0017380F868
:10EB20000DA0827380F80F900374BDE8F84FFFF7D3
:10EB3000CFBEBDE8F88F38B504460D4642F221003D
:10EB40000321FFF7B7FE38B1C470240A0471457180
:10EB5000BDE83840FFF7BCBE38BD70B506460D466F
:10EB600042F2220006211446FFF7A4FE60B1C670EF
:10EB70004571360A2D0AC471240A06718571047222
:10EB8000BDE87040FFF7A4BE70BD38B505460C4621
:10EB900042F224000421FFF78DFE48B1C570447194
:10EBA0002D0A240A05718471BDE83840FFF790BE34
:10EBB00038BD38B505460C4642F226004021FFF725
:10EBC00079FEC0B12B46C21C05F1200153F8045B4D
:10EBD00042F8045B8B42F9D1214600F1230304F192
:10EBE000200251F8044B43F8044B9142F9D1BDE89F
:10EBF0003840FFF76DBE38BD08B5002142F22F0046
:10EC0000FFF758FE18B1BDE80840FFF761BE08BD28
:10EC100038B505460C4642F217002021FFF74AFEA0
:10EC2000C0B12B46C21C05F1100153F8045B42F839
:10EC3000045B8B42F9D1214600F1130304F1100269
:10EC400051F8044B43F8044B9142F9D1BDE83840E8
:10EC5000FFF73EBE38BD10B50221044642F21B004C
:10EC6000FFF728FE30B1C470240A0471BDE81040DB
:10EC7000FFF72EBE10BD38B505460C4642F21A000D
:10EC80001221FFF717FE80B1C5702D0A05712146CC
:10EC9000431D04F1100251F8044B43F8044B914218
:10ECA000F9D1BDE83840FFF713BE38BD08B50021E3
:10ECB00042F21800FFF7FEFD18B1BDE80840FFF76B
:10ECC00007BE08BD08B5002142F20200FFF7F2FDC1
:10ECD00018B1BDE80840FFF7FBBD08BD08B500212D
:10ECE00042F20300FFF7E6FD18B1BDE80840FFF768
:10ECF000EFBD08BD08B5002142F21C00FFF7DAFDA8
:10ED000018B1BDE80840FFF7E3BD08BD08B5002114
:10ED100042F20F00FFF7CEFD18B1BDE80840FFF743
:10ED2000D7BD08BD70B506460D4642F21200072158
:10ED3000FFF7C0FD044648B1C670294604300BF009
:10ED4000F9FA2046BDE87040FFF7C2BD70BD10B5AE
:10ED50000121044642F20A00FFF7ACFD20B1C47065
:10ED6000BDE81040FFF7B4BD10BD70B505460E46B6
:10ED700042F208002021FFF79DFD044688B1031DE3
:10ED8000C5702A463146184621F078FDC5F11F02AC
:10ED90002844002121F09AFD2046BDE87040FFF78D
:10EDA00097BD70BD2DE9F74F06460D4699460F21D8
:10EDB0009DF83030DDF834B09DF838809DF83C7017
:10EDC000019342F206009246FFF774FD044600B339
:10EDD000C6704571019B80F807A0360A2D0A06719E
:10EDE000857180F808900A306372BBF1000F0DD076
:10EDF00059460BF09FFA04F1100080F8008047702C
:10EE0000204603B0BDE8F04FFFF762BD0BF09FFA5C
:10EE1000F3E703B0BDE8F08F10B50821044642F2D5
:10EE20000100FFF747FD48B12268C0F8032062687F
:10EE3000C0F80720BDE81040FFF74ABD10BD38B547
:10EE40000621054642F20500FFF734FD044640B1B5
:10EE5000294603300BF06EFA2046BDE83840FFF734
:10EE600037BD38BD38B505460C4642F20C000221CC
:10EE7000FFF720FD28B1C5700471BDE83840FFF7E9
:10EE800027BD38BD2DE9F84380460E4642F20B00FF
:10EE900007219DF8209015461F46FFF70BFD70B126
:10EEA00006718571360A2D0A80F803804671C57196
:10EEB000077280F80990BDE8F843FFF709BDBDE887
:10EEC000F88370B505460E4642F209002021FFF78F
:10EED000F1FC044688B1031DC5702A463146184628
:10EEE00021F0CCFCC5F11F022844002121F0EEFCEA
:10EEF0002046BDE87040FFF7EBBC70BDF8B5064694
:10EF00000F4642F219001C2115461C46FFF7D2FCA1
:10EF1000D0B1C670360A06713B68C0F805307B6810
:10EF200045732D0AC0F809308573234600F10F029E
:10EF300004F1100153F8044B42F8044B8B42F9D111
:10EF4000BDE8F840FFF7C4BCF8BD08B5002141F2A8
:10EF50000900FFF7AFFC18B1BDE80840FFF7B8BCE7
:10EF600008BD08B5002141F20100FFF7A3FC18B16C
:10EF7000BDE80840FFF7ACBC08BD10B5022104464F
:10EF800041F20540FFF796FC30B1C470240A0471C9
:10EF9000BDE81040FFF79CBC10BD000008B5074B52
:10EFA0000122002140F603409A76FFF783FC18B156
:10EFB000BDE80840FFF78CBC08BD00BF303701201A
:10EFC00010B50821044640F60140FFF773FC48B134
:10EFD0002268C0F803206268C0F80720BDE810402E
:10EFE000FFF776BC10BD10B50821044640F663401B
:10EFF000FFF760FC48B12268C0F803206268C0F8DF
:10F000000720BDE81040FFF763BC10BD38B50546CA
:10F010000C4640F67C400421FFF74CFC48B1C5701B
:10F0200044712D0A240A05718471BDE83840FFF748
:10F030004FBC38BD2DE9F04180460F4642F2270013
:10F04000272115461E46FFF735FC044600B380F81D
:10F050000380394604300BF06DF92A4604F10A03A7
:10F0600005F1100152F8040B43F8040B8A42F9D160
:10F07000334604F11A0206F1100153F8040B42F86A
:10F08000040B8B42F9D12046BDE8F041FFF720BCCC
:10F09000BDE8F08170B506460D4642F22800072112
:10F0A000FFF708FC044648B1C670294604300BF04F
:10F0B00041F92046BDE87040FFF70ABC70BD08B5B5
:10F0C000002142F22900FFF7F5FB18B1BDE8084026
:10F0D000FFF7FEBB08BD08B5002142F22A00FFF78A
:10F0E000E9FB18B1BDE80840FFF7F2BB08BD10B559
:10F0F0000121044642F22D00FFF7DCFB20B1C47071
:10F10000BDE81040FFF7E4BB10BD10B50221044676
:10F1100042F22E00FFF7CEFB30B1C470240A047116
:10F12000BDE81040FFF7D4BB10BDF8B507460E464A
:10F1300042F24E0008211546FFF7BCFB044650B1D1
:10F14000C770314604300BF0F5F8A5722046BDE8D3
:10F15000F840FFF7BDBBF8BD10B50221044642F2EE
:10F160006D00FFF7A7FB30B1C470240A0471BDE83D
:10F170001040FFF7ADBB10BD70B506460D4642F21C
:10F1800035000721FFF796FB044648B1C6702946B3
:10F1900004300BF0CFF82046BDE87040FFF798BB75
:10F1A00070BD70B506460D4642F236001921FFF7D4
:10F1B00081FB0446002830D0C6702B8803712B8851
:10F1C0001B0A43716B6883716B681B0AC371EB8800
:10F1D0000372AB684372AB681B0A83726B89C3729C
:10F1E0002B7B03736B7B4373AB7B837329690F307A
:10F1F0000BF0A0F82B7D63756B7DA375AB7DE3757C
:10F20000EB7D23762B7E63766B7EA376AB7EE376F7
:10F210002046BDE87040FFF75BBB70BDFB2B2DE9BE
:10F22000F84328BFFB230F46191D8046C9B242F29E
:10F230003700DDF8209016461D46FFF73BFB0446DD
:10F2400070B180F803800771467185712A4649467E
:10F25000073021F013FB2046BDE8F843FFF738BB29
:10F26000BDE8F883FB2B2DE9F84328BFFB230F46AD
:10F27000191D8046C9B242F23800DDF820901646CA
:10F280001D46FFF717FB044670B180F80380077135
:10F29000467185712A464946073021F0EFFA20462B
:10F2A000BDE8F843FFF714BBBDE8F88370B50D4621
:10F2B00089000646023142F239001446FFF7FAFA95
:10F2C000E0B10571C6702246034600EB8505AB42EE
:10F2D00002F1060203D1BDE87040FFF7F9BA12F857
:10F2E000061C597132F8041C997132F8041C090A81
:10F2F000D97112F8021C19720433E8E770BD08B521
:10F30000002142F23A00FFF7D5FA18B1BDE80840F3
:10F31000FFF7DEBA08BD08B5002142F23B00FFF757
:10F32000C9FA18B1BDE80840FFF7D2BA08BD10B558
:10F330000121044642F23C00FFF7BCFA20B1C47040
:10F34000BDE81040FFF7C4BA10BD08B5002142F275
:10F350003D00FFF7AFFA18B1BDE80840FFF7B8BAB3
:10F3600008BD2DE9F04180460F4642F23E000721DC
:10F3700016461D46FFF79EFA70B1077186713F0A67
:10F38000360A05722D0A80F803804771C6714572EE
:10F39000BDE8F041FFF79CBABDE8F081FC2A28BF28
:10F3A000FC222DE9F0410F46D11C8046C9B242F241
:10F3B0003F001E461546FFF77DFA044668B180F807
:10F3C0000380077145712A463146063021F056FA0E
:10F3D0002046BDE8F041FFF77BBABDE8F08138B5C3
:10F3E00005460C464FF401500221FFF763FA28B19D
:10F3F000C5700471BDE83840FFF76ABA38BD2DE921
:10F40000F0411C46002380460F4616461D4646FA2C
:10F4100003F2D20744BF0135EDB2072B03D0042D10
:10F4200003F10103F3D105EB8501033142F2410001
:10F43000FFF740FA18B380F803800771467123463E
:10F4400002460021CCB2A54203F1060303D8BDE871
:10F45000F041FFF73DBA13F8024C947133F8064CB3
:10F46000D47133F8064C240A147233F8044C5472E5
:10F4700033F8044C240A947201310532E2E7BDE806
:10F48000F0812DE9F04180460F4642F2420006210C
:10F4900016461D46FFF70EFA60B14671C571360A71
:10F4A0002D0A80F80380077186710572BDE8F0416E
:10F4B000FFF70EBABDE8F0812DE9F04100231746B1
:10F4C000027A054688461E4642FA03F1C90744BF40
:10F4D0000136F6B2072B03D0042E03F10103F3D15A
:10F4E00031010A3142F24300FFF7E4F904460028F3
:10F4F00055D02B78C3706B780371AB784371696812
:10F5000006300AF017FF2B7A2373414623463A460A
:10F5100004EB0616B34201F1040102F10C0204D11E
:10F520002046BDE8F041FFF7D3B931F8040C587319
:10F5300031F8040C000A987331F8020CD87331F8D2
:10F54000020C000A187432F80C0C587432F80C0CC7
:10F55000000A987432F80A0CD87432F80A0C000ABF
:10F56000187532F8080C587532F8080C000A9875AE
:10F5700032F8060CD87532F8060C000A187632F804
:10F58000040C587632F8040C000A987632F8020C13
:10F59000D87632F8020C000A18771033BAE7BDE8C3
:10F5A000F0812DE9F84F8246894642F244000E214F
:10F5B000BDF82860BDF82C509DF8308093461F465A
:10F5C000FFF778F90446B0B180F803A080F8049002
:10F5D00080F805B0394606300AF0ACFE2673A573F4
:10F5E000360A2D0A6673E57384F810802046BDE85C
:10F5F000F84FFFF76DB9BDE8F88F08B5002142F26A
:10F600004500FFF757F918B1BDE80840FFF760B9AA
:10F6100008BD10B50221044642F24600FFF74AF940
:10F6200030B1C470240A0471BDE81040FFF750B92E
:10F6300010BDF8B507460E4642F2470008211546B0
:10F64000FFF738F9044650B1C770314604300AF06C
:10F6500071FEA5722046BDE8F840FFF739B9F8BD44
:10F66000F8B507460E4642F2480008211546FFF756
:10F6700021F9044650B1C770314604300AF05AFEF1
:10F68000A5722046BDE8F840FFF722B9F8BD08B5DD
:10F69000002142F24900FFF70DF918B1BDE808401A
:10F6A000FFF716B908BD08B5002142F24A00FFF77E
:10F6B00001F918B1BDE80840FFF70AB908BD10B557
:10F6C0000221044642F23000FFF7F4F830B1C47072
:10F6D000240A0471BDE81040FFF7FAB810BD70B5F8
:10F6E00006460D4642F2310003211446FFF7E2F8C8
:10F6F00030B1C67005714471BDE87040FFF7E8B8DD
:10F7000070BD2DE9F8430546884642F232000721D4
:10F71000BDF8206091461F46FFF7CCF870B1C57068
:10F7200006722D0A360A057180F8058080F8069069
:10F73000C7714672BDE8F843FFF7CAB8BDE8F88361
:10F74000FFF7EEB82DE9F84F04464FF0000A14F821
:10F75000059B1B4EDFF86C805746B9F1000F04D1B2
:10F760005046BDE8F84FFEF73BBF14F8033C14F8D1
:10F77000045C14F802BC05EB0325ADB22846FEF785
:10F7800091FEB0B1427E5B46D21A4276027ED21A18
:10F7900053445FFA83FAC37DD2B202764BB196F836
:10F7A000B930934205D3C775D8F8142000212846F4
:10F7B000904709F1FF395FFA89F90434CDE700BFBA
:10F7C00050360120743F012010B5064C0A46014610
:10F7D00020460AF060FC94F820000121BDE81040AA
:10F7E0000EF09EBC743F012037B541B18B78012BE0
:10F7F0000FD1084603B0BDE83040FFF7A1B8C307FA
:10F8000007D5134D12480DF107010AF05AFC0446C2
:10F8100008B903B030BD9DF80730042B0BD100F0C0
:10F8200087FC95F8213013B120460EF04FFC20469E
:10F830000AF02EFCE6E7022B06D1FEF733FF002884
:10F84000E0D02B699847DDE7AB69002BFAD1EFE7F1
:10F85000743F012000487047F0360120014B93F8B7
:10F86000BC00704750360120014BB3F8B60070471A
:10F8700050360120014BD3E930017047503601204A
:10F88000014BB3F8B400704750360120014B93F898
:10F89000C900704750360120034B93F8C900003867
:10F8A00018BF0120704700BF50360120014BB3F84C
:10F8B000CA00704750360120014B93F8CC007047C6
:10F8C00050360120014B93F8CD007047503601208F
:10F8D00010B50A7802718C784B7803EB04239BB245
:10F8E000C380C97801720380C27010BD30B50C7836
:10F8F00004718A784B7803EB02239BB2C3800D79A5
:10F90000CA7802EB052202818D794A7902EB052241
:10F9100042810D7ACA79038002EB05228281C4708C
:10F9200030BD0B780371C370704710B50A7802714F
:10F930008C784B7803EB04239BB2C380C9780172A7
:10F940000380C27010BD0B7803714A784271C97888
:10F9500081710280C370704730B50C7804718A7869
:10F960004B7803EB02239BB2C380CA7802724D79B5
:10F970000A7902EB05224281CD798A79038002EB74
:10F9800005228281C47030BD0A78027110B54B78AF
:10F990008C78C27003EB04239BB2C380038010BD3C
:10F9A000FFF7F2BFFFF7F0BFFFF792BF4A780B787F
:10F9B00003EB02238380704711F8012C11F8023CFD
:10F9C00003EB022383800B78C3704B7883717047FD
:10F9D0000B78037170470A78027110B54B788C78F8
:10F9E000C27003EB04239BB2C380038010BDFFF7FA
:10F9F000F2BF0A7802714B7810B58C7803EB0423C0
:10FA0000C3800C79CB78C27003EB0423038110BD53
:10FA1000FFF7E1BF0A7802714B7810B58C7803EBE1
:10FA20000423C3800C79CB7803EB042303818C7906
:10FA30004B7903EB042343810C7ACB79C27003EB3F
:10FA40000423838110BD4A780B7803EB02239BB219
:10FA500083808A7810B5CC7802EB0422C2804C797E
:10FA60000A7902EB04220281CC798A7902EB042222
:10FA700042814C7A0A7A038002EB0422828110BD13
:10FA8000FFF7E1BFFFF7A7BF4A780B7803EB02232C
:10FA90009BB283800380704710B50A7802718C781E
:10FAA0004B7803EB04239BB2C380CC7804720979B2
:10FAB0004172C270038010BDFFF7EEBF704730B5D2
:10FAC0000C7804714A784271CD788B7803EB05236A
:10FAD000C3800B790372C470028030BD0B78C37091
:10FAE00070474A780B7803EB02239BB283808A78B5
:10FAF000827103807047FFF747BFFFF745BFFFF7ED
:10FB000043BFFFF768BFFFF766BFFFF764BFFFF7AC
:10FB100062BF0B7803714A7842718A788271CA7821
:10FB2000C2710A790272C370704730B50B46441D2A
:10FB300013F8012B0271213153F8045B44F8045B84
:10FB40008B42F9D1C27030BD30B50B46441D13F85D
:10FB5000012B0271413153F8045B44F8045B8B4282
:10FB6000F9D1C27030BD10B50A4612F8014B0471CC
:10FB7000D1F80130C0F805305368C0F80930C470BE
:10FB800010BD30B50B46441D13F8012B0271113125
:10FB900053F8045B44F8045B8B42F9D1C27030BD6A
:10FBA000043020F06BBE10B50C464A7814F8023BC6
:10FBB00003EB02239BB28380D1F80220C0F8062019
:10FBC0006268C0F80A20CC7A8A7A038002EB0422A9
:10FBD000C28110BD10B50C7804718A784B7803EBA4
:10FBE00002239BB2C380D1F803208260D1F80720A2
:10FBF000C2600380C47010BD10B50A7802718C78A1
:10FC00004B7803EB04239BB2C380D1F8034084609C
:10FC1000C97901730380C27010BD38B50B780371C8
:10FC20008A784B7803EB0223C3800A79CB7803EB05
:10FC3000022303818A794B7903EB02234381CB7939
:10FC400003730D460B7A4373044609310E300AF0F4
:10FC500071FBEB7B23756A7C2B7C03EB0223E38235
:10FC6000AB7C23762379E370E388238038BD38B5F5
:10FC70000B7803718A784B7803EB0223C380CB782F
:10FC800003720D460B794372044605310A300AF0BF
:10FC900051FBEB7A23746A7B2B7B03EB0223638299
:10FCA000AB7B23752379E370E388238038BD10B5DF
:10FCB0000B7803714B7843710446023106300AF029
:10FCC00039FB2379238010BD10B511F8013B037176
:10FCD000044605300AF02EFB2379E37010BDFFF7D0
:10FCE000F3BF38B50B7803718A784B7803EB0223A6
:10FCF000C380CB7803720B79437204460D460A30F9
:10FD000005310AF017FB05F10B0104F117000AF0A9
:10FD100011FB05F1110104F11D000AF00BFB2A7E15
:10FD2000EB7D03EB02232382AA7E6B7E03EB02238F
:10FD300063822A7FEB7E03EB0223A3826B7FA37592
:10FD4000E38823802379E37038BD38B50B780371DD
:10FD50008A784B7803EB0223C380CB7803720D467D
:10FD60000B794372044605310A300AF0E3FA2A7B24
:10FD7000EB7A03EB02232382AA7B6B7B03EB022348
:10FD800063822A7CEB7B03EB0223A3826B7CA3754B
:10FD90000023C4F81730A4F81B30C4F81D30A4F8B1
:10FDA0002130E38823802379E37038BD0B78037119
:10FDB000C37070470B780371C37070470B78037181
:10FDC000C37070470B780371C37070470B78037171
:10FDD000C37070470B780371C37070474A780B7813
:10FDE00003EB02239BB283800380704700B542F28D
:10FDF000260399428BB003D042F25E0399420BD1A5
:10FE0000074BDB6843B126228DF804008DF8030010
:10FE10008DF80220684698470BB05DF804FB00BFE0
:10FE2000743F012010B5037844783BB1C2788178E3
:10FE300001EB022189B21846FFF7D8FF2046BDE842
:10FE40001040FEF77FBD00002DE9F341837845782F
:10FE5000B44A0778966805EB0325ADB242F25B031E
:10FE60009D42884600F1030112D842F204039D42EC
:10FE700023D840F67C439D4200F04B8141F205437C
:10FE80009D4200F0488140F62D439D4200F045819F
:10FE9000AB0A3F2B00F01E8108F10200C0B20191B5
:10FEA0000AF09AF801990446002840F0218138466A
:10FEB00002B0BDE8F041FEF745BDA5F50053053B96
:10FEC000562BE5D801A050F823F000BFB90005007B
:10FED00091FE040091FE040091FE040091FE0400D6
:10FEE000A900050091FE0400A500050091FE040094
:10FEF0002900050091FE040091FE040091FE04001B
:10FF000091FE040091FE040091FE040081000500B2
:10FF100091FE0400590005007B00050091FE0400DD
:10FF2000730005007700050091FE040091FE0400B7
:10FF300091FE040091FE04001F0105005F00050012
:10FF40006B000500630005006700050091FE0400DA
:10FF500091FE040085000500890005008D00050064
:10FF600091FE040091000500950005009900050030
:10FF700091FE04006F0005009D000500A100050032
:10FF800091FE040091FE040091FE040091FE040025
:10FF900091FE040091FE040091FE0400B1000500F2
:10FFA00091FE040091FE040091FE040091FE040005
:10FFB00091FE040091FE0400B500050091FE0400CE
:10FFC000AD00050091FE040091FE040091FE0400C6
:10FFD00091FE040091FE040091FE040091FE0400D5
:10FFE00091FE040091FE040091FE040091FE0400C5
:10FFF00091FE040091FE040091FE040091FE0400B5
:020000025000AC
:1000000091FE040091FE0400BD000500C100050042
:10001000C5000500C9000500CD00050091FE0400E3
:10002000D10005000F01050005243F4B0191185D2B
:1000300009F0D2FF054600283FF439AF00230380C2
:10004000C3703A4B019953F8243084704246984764
:100050002846B047284657E0D6681B24E5E71E240B
:10006000E3E71F24E1E72024DFE72124DDE7222462
:10007000DBE70C24D9E70D24D7E7D6681C24D4E7A6
:100080000824D2E71524D0E71624CEE71724CCE7BE
:100090001824CAE71924C8E71A24C6E72924C4E7A4
:1000A0002A24C2E73424C0E73524BEE73624BCE75F
:1000B0003724BAE73824B8E73924B6E73F24B4E751
:1000C0004024B2E74124B0E74224AEE74324ACE742
:1000D0003B24AAE74246284601910EF00BF804465D
:1000E00000283FF4E4AE562801993FF4D5AE9CE7D2
:1000F0005623A8F1030243800580D2B2043020F0D9
:10010000BDFB2046B047204609F088FFCFE63C24DF
:100110008BE7272489E7072487E7092485E71D243F
:1001200083E700BF743F01202B5107007051070087
:100130002DE9F74F0646AA4F16F8023BD7F808807C
:1001400090F801901A2B04461CD8042B23D9053BA8
:10015000152B20D8DFE813F025021F001F002B020B
:100160001F001F001F0031021F0034002A0042023E
:100170001F001F003F001F001F001F001F001F0067
:100180001F003D02572B00F02F8207D8302B00F0C4
:100190001A823E2B27D003B0BDE8F08FFF2BFAD197
:1001A000904A938A0133938213255AE08D4A13892A
:1001B00030460133138103B0BDE8F04FFFF732BE84
:1001C000884AD388494601333046D38003B0BDE81E
:1001D000F04FFFF739BE3046FFF7B4FA814A9389F2
:1001E00001339381D7E77F4A8578538A013353825D
:1001F0006B1EC61C172BCED801A252F823F000BFED
:10020000A5020500BB020500F50505006102050019
:10021000F9050500C5030500C9030500CD03050068
:10022000D50305004B03050061030500DD03050050
:10023000F1030500C3040500C70405001705050008
:10024000B7040500BB040500BF04050097010500C5
:10025000970105001F0505009F0505001B0505000A
:100260000B25614B585D09F0B7FE044670B10023C1
:100270002380E3705D4BA57053F825304A46314624
:1002800098472046C047204609F0C8FE032D82D17A
:10029000B378707800EB032080B203B0BDE8F04F74
:1002A000FEF7DCB9C378002BDBD14379007900EB92
:1002B000032080B2FEF706F9D3E790F80380B8F187
:1002C0000F0F3FF668AF3B2009F086FE0546002879
:1002D0003FF461AF043400F10C0B00F11C0A4FF045
:1002E000000908F1FF385FFA88F8B8F1FF0F0DD068
:1002F0002378AB726378EB72A11C58460AF01AF8A7
:10030000267A2E721F2E04F1090105D9284603B062
:10031000BDE8F04F09F082BEC5F804A03246504651
:10032000019120F0ABFA01998B5D6B724FF4C02301
:100330002B608C19BB6885F81290C5F81390A5F84E
:100340001790284601349847CBE7C37833B94379EF
:10035000007900EB032080B2FEF7B4F8022580E7B5
:10036000C6780F2E3FF617AF1C2009F035FE054664
:1003700000283FF410AF063400F10C0A00F1130816
:100380004FF4C029013EF6B2FF2EBFD014F8023C54
:10039000AB7214F8013CEB722146504609F0CAFFDB
:1003A000A379AB74E11D404609F0C4FF637B6B7217
:1003B0000023C5F800902B726B602846BB689847F5
:1003C0001034DFE723254CE724254AE7D7F80C80D3
:1003D000252546E7D7F80C80262542E72B2540E760
:1003E000743F01204C3701202B510700705107004A
:1003F000C3780F2B3FF6CFAE061D32460020013BDF
:10040000DBB2FF2B4ED1243009F0E6FD0546002873
:100410003FF4C1AEE47800F1070900F1150A00F1DC
:100420002408002C3FF472AF7278337803EB022378
:10043000AB80B378AB71F11C484609F07BFF737A4F
:100440006B73B37AAB73F37AEB73337B2B74737B7D
:100450006B74F27BB37B03EB02236B82337C2B75D3
:1004600006F11101504609F065FF96F817B0A5F89E
:100470001CB05B46013CE52B06F11801E4B23FF6E7
:1004800045AFC5F820805A464046019120F0F6F964
:100490004FF4301301992B60BB68284601EB0B0623
:1004A0009847BEE7D17D02F11805884205EB0102AD
:1004B00038BF0846A3E72D25D3E62E25D1E62F2504
:1004C000CFE63025CDE6407AF7283FF664AE10300F
:1004D00009F082FD054600283FF45DAE2379E678F9
:1004E00006EB0326B6B2868063798371A379C37164
:1004F000E3790372237A4372627A42811030E860B2
:1005000004F10A0120F0BAF92E8031236B80BB6818
:1005100028469847FAE63225A3E63A25A1E6C07BAD
:10052000A0F10903492B3FF636AE0E30C0B24000B1
:1005300009F052FD054600283FF42DAE2279E378FC
:1005400003EB0223838063798371A379C371227AD9
:10055000E37903EB02230381637A8372A37AC37284
:10056000E37A0373237B4373A27B637B03EB022356
:10057000C38104F11006E47B047400F11C034361A1
:1005800022461846314620F079F92044A8612246D7
:10059000311920F073F9AB882B803D23B6E73E2557
:1005A0005FE6164A138801331380032559E6134A80
:1005B0005388013353800F2553E6104A9388013343
:1005C00093800A254DE60D4A138A013313820E25C6
:1005D00047E60A4AD3890133D381DCE5074A5389C8
:1005E0000133538114253CE6044AD38A0133D38274
:1005F000282536E6042534E6102532E64C3701205E
:10060000074BD3F8C020910405D5064A126892041E
:1006100001D5FFF748B8002283F8CD20FEF746BB8E
:1006200050360120F8620020074BD3F8C020D104D7
:1006300005D5064A1268D20401D5FEF76CBE002229
:1006400083F8CC20FFF7DCBF50360120F862002091
:1006500042F23B03994226D008D841F20103994265
:1006600009D042F23A03994215D0704742F24A0348
:1006700099421ED07047124BD3F8C020D10405D543
:10068000104A1268D20401D5FEF739BE0022A3F841
:10069000CA20FFF7C9BF4278037803EB0223084A58
:1006A000A2F8CA30F5E7064B027883F8CC20FFF7B2
:1006B000A7BF034B027883F8CD20FEF7F7BA00BF3F
:1006C00050360120F8620020024B034AC3F8D820BC
:1006D000704700BF503601205106050038B504466A
:1006E000103015466060053109F069FE2146284644
:1006F000BDE8384009F0D5BC2DE9F743074638205E
:1007000088460192994609F0B7FC044608B3124B9B
:10071000019993F83850FF2D1ABF6E1CF6B20126CE
:1007200083F838609DF82830837008BF00250023C7
:1007300080F834300246C570A0F80090074809F0F0
:10074000AAFC38464146FEF763FAE07803B0BDE8FC
:10075000F083FF20FAE700BF6437012084370120CF
:10076000014B024ADA63704764370120DD06050059
:100770007FB5056BAB8CEC8C2968E41A24B2102C85
:10078000064619442EDC2246684620F077F8102CE5
:100790000DD0C4F110020DEB0400002120F096F8FA
:1007A00004F110030DEB0304802304F8103C05F161
:1007B0001401684609F011FE022385F82930AB8C3C
:1007C00023B106F11001684609F007FEAB8C103327
:1007D000AB84324695F828306946281D00F09AF916
:1007E00004B070BD684609F0EAFDE8E710B50346BD
:1007F00000780021C0090F2918BF5A781C7814BF4F
:10080000D2090022013142EA4402102903F8012BE7
:10081000F1D110BDF8B5056B0446002D3DD000F1B7
:1008200010060531304609F0CAFD95F82930012B34
:1008300023D0022B26D083BB256B05F11407384645
:10084000314609F0BCFD3846FFF7D0FF28B195F8D6
:10085000233083F0870385F82330EB8C1B0709D006
:100860003846FFF7C3FF28B195F8233083F087039C
:1008700085F82330012385F829302046BDE8F8406B
:10088000FFF776BF236B66601A68A26093F82800B2
:100890002146BDE8F84009F004BCF8BD2DE9F0435D
:1008A000064685B06420884615461F4609F0E4FBDD
:1008B000044688B31A4AA0F85E5000F138034FF09E
:1008C0000109036380F8349092F8383080F8607042
:1008D00003EB090182F83810C370BDF83030038093
:1008E00000259DF834308370C0F83880A0F85C5043
:1008F00080F8615031463C3009F061FD266B1022D2
:10090000294668461FF0E2FF301D96F8283022463F
:10091000694600F0FFF8484605B0BDE8F08300BF27
:1009200064370120014B024A1A6470476437012082
:10093000150805008B78252B70B504460D46164624
:1009400013D120220531043009F068FD202205F181
:10095000250104F1240009F061FD2B79E3702146A3
:100960003046BDE8704009F09CBB262B03D1202205
:1009700005310430EFE770BD70B592B004469C209D
:10098000019116461D4609F077FB0199B8B1022383
:1009900080F834300246068085700A4809F07BFBF7
:1009A0002022214602A809F039FD2022A1180AA818
:1009B00009F034FD02A80AA9FEF7FBF8012012B0E5
:1009C00070BD00BF94370120014B024A5A64704742
:1009D000643701203509050037B500238DF807304D
:1009E00083781B3B05460B2B1AD8DFE803F01B0668
:1009F00019191919191919193A43204AD0F805007B
:100A000092F83930D5F8091002EBC30303C392F80A
:100A10003930022B9ABF0133DBB2002382F8393020
:100A200003B030BD16480DF1070109F04AFB04463A
:100A30000028F5D090F83430DA1E012A01D9012BB4
:100A400003D11021681D09F0F6FC94F834200B4BFB
:100A500003EB82032946DB6B9DF80720204698476D
:100A6000DEE708480DF1070109F02BFB04460028DA
:100A7000EBD1D5E704480DF10701F5E76437012014
:100A8000843701208C37012094370120064B07481A
:100A90000022C3E90822C3E90A22C3E90C2283F831
:100AA000382006F08FBB00BF64370120D90905004C
:100AB00008B5FEF7FBF8FEF7F9F8FEF7F7F8BDE822
:100AC0000840FEF7F3B8000038B5114D95F83A30FC
:100AD000CC1DDB00E410DBB20144884202D1E4B259
:100AE0004CB938BD1F2BEA5C00F8012B1ABF01334B
:100AF000DBB20023F1E7FEF7D9F895F83A30022B84
:100B00009ABF0133DBB2002385F83A30013CE6E7B7
:100B10006437012070B588B00E4615460146102294
:100B200068461C4609F07AFC10220DEB02003146A3
:100B300009F074FC2A462146044809F0ACFA04A9DD
:100B40006846FEF765F808B070BD00BF8437012025
:100B500070B504780E4E013C06EB04140546A37AEA
:100B600033B18278A378012A03D143F00203A37042
:100B700070BD23F00203A370736D5B689847A37880
:100B80009B07F5D4336D28465B68BDE87040184775
:100B9000B4370120704770477047000002788378AF
:100BA00070B5272B02F1FF34184E05464FEA0414A6
:100BB0000AD13319C188198117219A723153002241
:100BC0009A7099809A71DA603444A37A93B1736D04
:100BD0002946DB6820469847336D2946DB68204666
:100BE0009847AB78282B05D1E0680023A37208B1A1
:100BF00009F014FA736E0BB128469847336F1BB196
:100C00002846BDE87040184770BD00BFB4370120CA
:100C1000137A13F0010F034B14BF1B6D5B6D1B6840
:100C2000184700BFB43701207047000008B5064BD5
:100C300002781A7342785A73184610221FF010FE79
:100C4000B0FA80F0400908BD006300201FB50C4CCD
:100C5000E46E94B18DF803300023ADF808308DF8C0
:100C60000C30BDF81830ADF800008DF80210ADF86A
:100C70000A20ADF80E306846A04704B010BD00BF92
:100C8000B4370120934228BF134607B530F821201E
:100C90009A4208D020F8213000930023807A1A4627
:100CA0001621FFF7D3FF03B05DF804FB002109F024
:100CB000EBB9000030B421B9018930BC042006F042
:100CC0003FBB054DAD6E15B1AC4630BC604730BC86
:100CD000184609F0DDB900BFB437012001EB400030
:100CE000704700F00103400813700870704700005F
:100CF00008B50A4A0A4B0B4983F87400C3E9142269
:100D0000094A0420C3E91622084A06F00FFBBDE891
:100D100008400749002004F0B5BB00BF805207001F
:100D2000B4370120110C050090520700510B05004B
:100D30009D0B05000846B1B191F902308A78002B6D
:100D4000094B02DA1B6E73B118475F2A02D99B6DFB
:100D50009B68F9E73F2A01D9DB6DF9E71F2A8CBFB1
:100D60005B6D1B6DF4E77047B43701200A4B07B584
:100D7000D866FEF785FD094B1B689B8803389842AF
:100D800006DC00220092022377211046FFF75EFF67
:100D900003B05DF804FB00BFB4370120606300209E
:100DA000014B1867704700BFB4370120024B03EBBB
:100DB000001030F8100C7047B43701201B2906D002
:100DC0001D2914BF00230B23C01A09F061B90B239E
:100DD000FAE7000013B500228368826082790A2A4C
:100DE000044609D014228277074A0193126818300A
:100DF000917909F055FA019B1A88A17B206802B00D
:100E0000BDE81040FFF756BF60630020408D00280A
:100E100018BF0120704700008279024B53F822303E
:100E2000184700BFC452070030B403460C46051DE6
:100E300007C985E80700A27861680B2A08BF09681E
:100E40000A681A6103F110004A68426030BC184613
:100E5000FFF7E2BF38B504460D4604F02BFC38B16D
:100E60005823013C5C4303482C2313FB05410844F1
:100E700038BD00BF2C38012010B50C4604F006FC2C
:100E800038B15823013858432C2313FB040101487F
:100E9000084410BD2C38012037B50C4600210192C2
:100EA000FFF7EAFF0546E0B1019A137A192B05D83E
:100EB000214603B0BDE8304000F01ABB1B2B01D027
:100EC0001D2B06D12146284603B0BDE8304000F076
:100ED00083BB232B05D1214603B0BDE8304000F091
:100EE000E1BA03B030BD10B50446406818B109F04E
:100EF000CFF80023636010BD10B50368827B03EB5D
:100F0000820304469A78D10705D50430FFF7EBFF3A
:100F10000023A37110BD42F00102BDE810409A7099
:100F2000FFF758BF012913B503D000240094FFF741
:100F30008DFE02B010BD13464A8D10B50C4622B18D
:100F40000A21FFF7EFFF0023638510BD38B50021AC
:100F500004460078FFF77EFF054648B1207800F090
:100F600045FC207829460022BDE83840FFF7E3BF62
:100F700038BD10B50446FFF72DFF2068A37B00EBBA
:100F800083039B7813F0020307D1A289807A0A2198
:100F9000FFF7C8FF0023A37110BD638D002BF9D1AB
:100FA000A3896385F6E737B50C46054608460192E6
:100FB000FFF799FF019B2289A1782846FFF7B2FF2E
:100FC0000023A37003B030BD70B5036890F82820EB
:100FD000058A33F82230C279012A044645D1053BFF
:100FE0009D42A8BF9DB205F10D0080B2FFF75EFEE5
:100FF0000646002831D0A368024603F10C0153F8DD
:10100000040B42F8040B8B42F9D11B781370616911
:101010002A4606F10D001FF031FC63692B44636121
:10102000238A5B1B2382638AF372638A1B0A3373EE
:10103000638A2B4463821423A3770E4B1B6804F14D
:101040001800997909F02CF96A1DA17B20683346B4
:1010500092B2BDE87040FFF72DBE94F82900211D23
:101060007022BDE87040FFF79EBF00238668836052
:10107000D9E700BF6063002070B5C3798568012B94
:1010800004462CD12888083080B2FFF70FFE0546B1
:10109000E8B1A1680A8808321FF0F0FBA279A37CAE
:1010A000062A1FD1EB72638A1B0A2B731423A377C2
:1010B000104B1B6804F11800997909F0F1F82A889F
:1010C000A17B20682B46BDE87040FFF7F3BD94F884
:1010D0002900211D7022BDE87040FFF764BF002386
:1010E0008360DBE76B72638A1B0AAB72A38AEB72C5
:1010F000A38AD9E76063002070B58378113B012B88
:1011000005460AD8424BD3F8F431002B45D00146AE
:10111000BDE870401B6800201847817A0078FFF70F
:1011200099FEAB78044638B9013B102B35D82846D8
:10113000BDE87040FFF7D7BE102B35D890F8286077
:101140004EB990F82910324A01390C2000FB0122D7
:1011500092F8BA214AB9A279012A06D80A2B0CD1F1
:1011600029892046FFF752FE38B17222294694F8A9
:101170002900BDE87040FFF716BF7EB9012A0DD1E6
:1011800094F82920224B013A0C2101FB023395E807
:10119000070003F5DC7383E8070070BD294620468D
:1011A000BDE87040FFF740BE132B1CD18379012BA3
:1011B00005D9183009F07DF87422211DD7E790F881
:1011C000290094F82820431E002AE6D10C22104959
:1011D0005343CA1892F8BA21002ADED003F5DC7313
:1011E00074221944C5E7142BD7D18379002BD4D0AE
:1011F0007122011D90F82900FFF7D5FEAA7A236815
:1012000003EB82039A7842F004029A70C5E700BFAC
:101210002C3801202DE9F84F8B78272B05461AD161
:10122000807A04F0C3FA00285FD1324C23689E888C
:10123000FEF726FB0438864208DA236899881729C6
:1012400053D0A87ABDE8F84F00F0B9BAFEF718FB02
:10125000043881B2F3E7282B47D1CC7804B90C7A53
:10126000A87A254F0C23411E59437B18203493F84C
:10127000BA31E4B22BB101F5DC7122463944FFF7F3
:1012800092FEA8464FF000094FF02C0BAB7A582283
:10129000013B0BFB09F602FB036607EB060A9AF813
:1012A00006205AB106F11800384409F002F8311D41
:1012B0009AF8290022463944FFF775FE98F8022073
:1012C00022F0120288F80220D7F8F4211AB15268ED
:1012D000214650469047A87A22465146FFF72BFEFA
:1012E00008F10408B9F1000F01D0BDE8F88F4FF004
:1012F0000109CBE7606300202C380120F0B51449C8
:10130000144B91F8745001220026C3F8F46183F85D
:10131000F8210F469446D0B294B20132062A1960E1
:10132000D96283F824509C8383F8286083F82900CD
:1013300083F85050A3F8484083F854C083F8550010
:1013400001F1100103F15803E5D1034B3B65F0BDFA
:10135000B43701202C380120B452070081799970EC
:10136000481F012808D901F0FD0109291FBFD07AC3
:10137000917A01EB00215981127B002A08BF752266
:10138000DA7000221A8170472DE9F0438779547A88
:101390000831022F02EB010602F10A022AD1012CC8
:1013A0000CBF02241024B0F812C04FF6FF7EB242E8
:1013B00010D25178157805EB0125ADB245B1BCF1DD
:1013C000000F05D0AC4503D8B0F81480A84517D25B
:1013D0007322DA70DB785BB9C379012B08D1BCF1D9
:1013E000000F03D0838A01339C4529D10023C371A8
:1013F000BDE8F083042F0CBF023C043CE4B2D2E70A
:10140000082F1AD192F80390917801EB092189B243
:1014100004320029DCD08D42DAD88C45D8D88845F2
:10142000D6D3714518BF0131224414BF1FFA81FC85
:101430004FF0000C9642BAD2CAE702322946F0E7D2
:10144000A0F812C0A0F80CC0D2E7704700221A81A1
:10145000704700002DE9F041937A547A0F4E0568E9
:1014600090F8287004EB0324A4B23368172CB3F867
:10147000048038BF1724FEF703FA0438804508DAE1
:1014800033689B88224639462846BDE8F041FFF77D
:10149000F9BBFEF7F5F9043883B2F3E76063002087
:1014A000704700001FB5137A5B108DF80230036897
:1014B0009B7AADF8003000238DF803308DF80C30A6
:1014C0000A4BDB6E0932013904460192ADF808106F
:1014D0000BB16846984794F82820236803EB8203F1
:1014E0009A7842F010029A7004B010BDB43701200F
:1014F0002DE9FF410E46817904461546002946D064
:10150000137A5A085B088DF8022001D091423ED12F
:1015100004F1180008F0CDFE05F109030193731ED4
:10152000ADF80830A3899DF80220ADF80A30274BAA
:10153000002753F822808DF803706B462A46314607
:101540002046C047E37913B19DF803301BB1A77162
:10155000201DFFF7C8FC9DF80230012B0AD01C4B60
:10156000DB6E3BB1E2798DF80C20A288ADF800204B
:101570006846984794F82860236803EB86039B78B5
:101580009B0704D4A3682BB12046FFF745FC04B0A9
:10159000BDE8F081002EFAD194F829100D4D0139E3
:1015A0000C2779436B1893F8BA31002BEFD001F573
:1015B000DC7129442046FFF737FC94F82930013BC1
:1015C00007FB035585F8BA61E1E700BF0853070040
:1015D000B43701202C3801201FB5137A5B10044664
:1015E0008DF80230907A537A0B3203EB00239BB2D2
:1015F00001922268ADF80A30927AADF800200339E2
:101600000022ADF808108DF803208DF80C2023B1CE
:10161000134BDB6E0BB16846984794F8282023687B
:10162000104903EB820391F8F8119A78A1B19DF863
:1016300002100E2910D193070CD40920FFF736FBB6
:10164000034638B11E220272216801220989042052
:1016500005F076FE04B010BD42F010029A70F9E772
:10166000B43701202C3801202DE9F0470646884682
:1016700017461D469DF820900CF04EFD0021304687
:10168000FFF7E8FB044630B303689C78B3F800A08A
:10169000C4F380040CF042FDBAF1000F36D07CBBDD
:1016A00025B10B2F19D02B889A451ED30C2008F09A
:1016B000E3FC014650B300238372164B068080F88A
:1016C000039087704560A0F8088093F87400BDE827
:1016D000F04708F0E6BC8246DCE7B9F1000FE5D13F
:1016E0002B681B8805339BB2DEE7772342463946D9
:1016F0003046FFF717FC2846BDE8F04708F0C8BCA5
:101700007123424639463046FFF70CFC002DF2D1DA
:10171000BDE8F087B4370120F7B505460D201E4619
:101720000C461746FFF7C2FA034658B1052202805D
:1017300004220272448087800222009621462846B5
:10174000FFF792FF03B0F0BD37B505460B200C46FE
:10175000FFF7ACFA034668B1032202800A22027244
:10176000220A8272002244722146009228460522F3
:10177000FFF77AFF03B030BDF0B5074685B002F140
:101780000B0080B20D4616460393FFF78FFA04460E
:1017900098B1F31C0380122303722B0A83720399FE
:1017A000457232460B301FF069F80023009309227E
:1017B000234629463846FFF757FF05B0F0BD37B539
:1017C00005460B200C46FFF771FA034660B1032271
:1017D000028044720222240A0021027284720122D1
:1017E00000912846FFF740FF03B030BD013810B527
:1017F000002180B2FFF740FB0446C8B103689B7824
:1018000003F01203102B13D10920FFF74FFA034600
:1018100070B121688A7822F010028A701E2202724A
:1018200021680122BDE810400989042005F088BD27
:1018300010BDF0B50831448A02F109054FF6FF7773
:101840000A44954217D269782E7895F803C006EBC2
:101850000126A97801EB0C21B6B289B28E4205F1BE
:10186000040506D8B44204D8B0F814C0B44500D377
:101870006CB97322DA70DB7843B9C379012B05D1D7
:1018800014B1838AA3420AD20023C371F0BDB942C6
:101890001ABF01318CB20024AA42D2D2E9E74482B5
:1018A0008481F3E7C279012A10B50DD1026890F85E
:1018B000284032F824208A429BBF428A1B89002399
:1018C0009B188CBFC371438210BD2DE9F347BDF84F
:1018D00028809DF830A0074608F10F000E4680B220
:1018E0000B99019191461D46FFF7E0F90446D0B1EE
:1018F00008F107030380457306232D0A01994680EA
:10190000A0F804900372857342460F301EF0B6FFB4
:101910002346032231463846CDF828A002B0BDE860
:10192000F047FFF7A1BE02B0BDE8F0872DE9F3470D
:1019300007460E4603F10D000A999DF82CA001916F
:1019400090461D461FFA83F9FFF7B0F90446C0B16F
:10195000082309F105090199A0F800904680A0F834
:10196000048003722A460D301EF088FF23460422AD
:1019700031463846CDF828A002B0BDE8F047FFF761
:1019800073BE02B0BDE8F087F7B505460D201E46D0
:101990000C461746FFF78AF9034668B10522028014
:1019A0000C220272220A827247804472062200963A
:1019B00021462846FFF758FE03B0F0BDF7B54E00AC
:1019C000074606F109000D461446FFF76FF9034676
:1019D000A0B12246013606800E2032F80219187294
:1019E00003F10904013DEDB2FF2D04F1020407D11A
:1019F0000022009238460722FFF736FE03B0F0BD02
:101A000032F8020F04F8020C1088000A04F8010CE6
:101A1000E8E72DE9F34707460E4603F10D000A9962
:101A20009DF82CA0019190461D461FFA83F9FFF7FF
:101A30003DF90446C0B1102309F105090199A0F848
:101A400000904680A0F8048003722A460D301EF0F4
:101A500015FF2346082231463846CDF828A002B0AB
:101A6000BDE8F047FFF700BE02B0BDE8F087000018
:101A700038B5044690F829000A4D431E0A4655F829
:101A8000233073B1997811B11946FFF78CFA2368A6
:101A90009C7A013C55F8240008F0C0FA002345F870
:101AA000243038BD283A01202DE9F0430C4687B098
:101AB00020780021FFF7CEF90546002855D0A378FD
:101AC000112B5AD10A23A37090F82900464B411ECE
:101AD0000C2202FB013393F8BA315BB9AB79012BCD
:101AE00008D82778DFF80891013F59F82780B8F126
:101AF000000F06D07222214607B0BDE8F043FFF781
:101B000052BA104608F068FA49F82700064678B33A
:101B100094E807000D88083DADB286E80700284626
:101B200008F05AFA074600B3CDE90288CDE90488E7
:101B300005F010F81022014602A808F06FFC716849
:101B40002A460831384608F069FC122301932378AD
:101B50000093264B2A4693F87430394602A8FEF7C4
:101B60009DFE10B9384608F059FA07B0BDE8F08379
:101B700095F8290075222146BEE7122BF5D1A06801
:101B80001B4E08F04BFA2378013B56F82370002FC8
:101B9000EBD07B68616818880822184408F03EFC86
:101BA000AB79012B03D02B689B789B0716D595F852
:101BB00029200D4B013A0C2101FB023397E8070065
:101BC00003F5DC7383E807002478013C56F8240011
:101BD00008F024FA002346F82430C6E739462846A0
:101BE000FFF722F9F0E700BF2C380120B4370120BD
:101BF000283A01202DE9F14FDDF828B080460F4644
:101C000015461E4603F09AFD814640B15B463246BA
:101C10003946404601B0BDE8F04F00F057B806F134
:101C2000170080B2FFF742F8044618B306F10F031D
:101C30000380D22300F10B0A03723B0A47728372BE
:101C40003246594650461EF019FE0AEB06032A0A90
:101C50000AF806505A702A0C2D0E9A70DD70112267
:101C6000234639464046CDF8289001B0BDE8F04FF4
:101C7000FFF7FABC01B0BDE8F08F0000024B034A49
:101C8000C3F8F421704700BF2C3801204C530700E3
:101C9000830710B504461EBF20F003040434A4B229
:101CA00004F1080080B2FFF701F808B104440460B1
:101CB00010BDC279012A02D1028A02B9C2715A68E2
:101CC00004325A601A89043A1A817047F0B50746FF
:101CD00085B002F10B0080B20D4616460393FEF765
:101CE000E5FF044698B1F31C0380522303722B0ACC
:101CF00083720399457232460B301EF0BFFD0023FC
:101D000000930A22234629463846FFF7ADFC05B06A
:101D1000F0BD2DE9F74F9DF83880DDF830A09346EF
:101D200007469DF834200D461E46B8F1000F00D03E
:101D300062BB06F10D0398B20192FFF7A9FF0446BA
:101D400030B3D0F800901623A9F80060A9F802B0CB
:101D500003722B0A45728372B8F1000F01D0019A09
:101D60003AB904F10D035146324618461EF086FD7D
:101D7000824623460B2229463846C9F804A0CDF8EE
:101D8000308003B0BDE8F04FFFF76EBC0D20D3E705
:101D900003B0BDE8F08F37B504460A200D46FEF7C4
:101DA00085FF034650B102220280002118220272F0
:101DB00045720C2200912046FFF756FC03B030BD5F
:101DC000F0B52F4D05296C692F7F85B04FF00001CC
:101DD00043D0CEB2B74243D84BD05F781B7803EBE9
:101DE00007239BB2022B47D813B16488234243D008
:101DF000441E55F82440002C40D034F8117024F8CB
:101E00001130BB4227D01421ADF80400ADF80A30E0
:101E10008DF80610AB698DF80C60ADF8082001A8AC
:101E2000984718E001FB066E01F1010C34F80EE052
:101E3000964505D061465FFA81FC6745F2D818D017
:101E4000013855F82020CAB132F81100187032F864
:101E50001120120A5A7000200CE0063C0626EAE720
:101E6000B4F800E0964501F1010CB6D006346146A5
:101E7000AFE70A2005B0F0BD8020FBE71120F9E7AD
:101E80003C3A0120044BC3E905121877034B044A7E
:101E9000C3F8F421704700BF3C3A0120703A01209A
:101EA000C11D05002DE9FF471D4C451E074654F88E
:101EB00025300E462BB9207F400008F08DF844F8FD
:101EC000250054F82580B8F1000F20D0227F0EBBEA
:101ED00052003146404604B0BDE8F0471EF0F6BC63
:101EE00036F8153028F8153063B1ADF80A308DF8A2
:101EF0000690A369ADF804708DF80C20ADF808A029
:101F000001A898470135237FEAB29342E8D804B08C
:101F1000BDE8F08700254FF01409AA46F3E700BF9B
:101F20003C3A012038B5054D441E55F8240020B137
:101F300008F074F8002345F8243038BD3C3A0120FD
:101F4000094B1A7C82420ED0187408B900F04ABAC4
:101F50000022012158780132022808BF5970052A51
:101F600003F10203F6D170475C3A0120014B187C63
:101F7000704700BF5C3A012002292DE9F0410C4670
:101F8000174603D100252846BDE8F0811E29F9D067
:101F9000184E431E06EB43024FEA430851780329CB
:101FA0001CD1610618D416F813300121DB075170DB
:101FB00012D40025082CE6D1BA7B7B7B03EB0223ED
:101FC0009BB242F62A329342DDD1337C002BD9D02A
:101FD000464402237370D5E71225EBE70129E8D1C7
:101FE00014F04005F8D1F3685570002BE1D0294674
:101FF0009847DFE75C3A0120094B58B95A7801301D
:10200000022A14BF0A46012205285A7003F102036E
:10201000F4D1704703EB400000F8011C704700BF8B
:102020005C3A0120012A0346084605D80349013BD2
:1020300001EB43011EF022BC704700BF5C3A012057
:10204000024B03EB400010F8010C70475C3A012092
:1020500007B51346002200920A461221FEF7F6FD4C
:1020600003B05DF804FB00002DE9FF418378212BCC
:10207000054657D1017A007800F00EFA044628B9D7
:10208000686804B0BDE8F04108F002B86B6893F8E6
:1020900008805E88B8F11D0F6CD1028D2AB12878B6
:1020A00072223146FFF7D4FFEAE72F882D7A1A888B
:1020B00020692946FEF7FEFDB8F11D0F13D122233A
:1020C00094F82510A37194F824002685E684FEF781
:1020D00005FE294BA0801B689979204604B0BDE815
:1020E000F04108F0DDB8236903EB85039B7813F01A
:1020F000020312D1B8F1230FF8B207D10093324690
:102100001321FEF7A3FD04B0BDE8F0811A46314665
:1021100004B0BDE8F041FFF79BBF638D002BF2D107
:102120006685F0E7222BEED100880DF10F020DF14C
:102130000E01FEF7D6FD9DF80E009DF80F102880C9
:1021400000F0AAF904460028DDD0C38C002BDAD0B9
:102150000026018DC68471229DF80E00FFF778FFDE
:1021600026852A7A236903EB82039A7842F00402D7
:102170009A70C8E7428D91E76063002070B50C4605
:10218000098D0546164619B1FFF762FF0023238526
:10219000618D29B132462846FFF75AFF0023638537
:1021A00070BD00008B78282BF7B5064630D1CC786F
:1021B00004B90C7AB57A174F5823013D03FB057516
:1021C0002034EB8CE4B223B1284608F072F80023E7
:1021D000EB8422462946B07AFFF7D0FFB37A582223
:1021E000013B534303F12C0139441F44B7F85230EB
:1021F0003BB10846019108F05CF800230199A7F86B
:102200005230B07A224603B0BDE8F040FFF7B6BFC7
:1022100003B0F0BD703A012010B5002104460078EB
:1022200000F03AF9014628B120780022BDE81040BC
:10223000FFF7A4BF10BD0000C38C37B504464BB3F5
:1022400008F037F8E08C01A900F0CAFA80B1124911
:10225000006802221EF004FB054648B994F82400E9
:10226000FFF7EEFE20B194F824002946FFF7C4FEE4
:102270000023E38494F82520236903EB82039D78EF
:1022800015F0020506D1218D94F824002A46FFF7A7
:10229000DFFE258503B030BDB252070010B50A4BF2
:1022A00093F87400094B01221C4691B20132062AB0
:1022B0001873998083F83800198603F15803F4D114
:1022C000034BC4F8E83110BDB4370120703A012047
:1022D00054530700024BD3F8E8315B68184700BF3E
:1022E000703A0120F7B505460D201C469DF8207078
:1022F00001911646FEF7DAFC034670B184720122A2
:10230000240A019902724672C47207730522284694
:1023100003B0BDE8F040FEF7CDBC03B0F0BD000057
:1023200038B5074D044694F82430363305EBC30026
:1023300007F0E8FE00B938BD07F070FEF3E700BF14
:10234000703A01208B78282B2DE9F047DFF8489070
:1023500005460E4607D0D9F8E83131462846DB68F5
:10236000BDE8F047184700274FF05808AC7A013C09
:1023700008FB047409EB0400FFF7D2FFA87A03F00E
:1023800003FA430704D5143409EB040007F091FF66
:102390002C37582FEAD1DEE7703A012038B50F4DBF
:1023A0002B681B680446BBB103690421987A01229B
:1023B00003F0CEF90A4B93F8743084F820302023D0
:1023C000A37623699B7A23832B6804F11400196890
:1023D000BDE8384007F064BF38BD00BF606300202F
:1023E000B43701202DE9F04300272A4C85B0B846C8
:1023F0004FF01109E368002B32D02088083080B2FA
:10240000FEF754FC054600283CD009230372122332
:102410004372E3685B888372E3685B881B0AC3725C
:10242000E36803A9588800F0DBF9064600B3826828
:102430004168128805F10C0318461EF01FFAB268B5
:102440002189128805F108030244D21A92B22B4660
:10245000042004F075FFE06807F0E0FDC4F80C808C
:102460000837282F04F11004C4D105B0BDE8F0836B
:10247000E3680A221B880092014608222046FFF7E3
:1024800031FFE8E7E36808221B88CDF80090014699
:10249000F4E700BFB437012038B504460D4603F019
:1024A00009F938B15823013C5C4303482C2313FB42
:1024B0000541084438BD00BF703A012010B50C46F4
:1024C00003F0E4F838B15823013858432C2313FBA8
:1024D00004010148084410BD703A01202DE9D3439E
:1024E000894600211746FFF7E9FF064638B33C7AD4
:1024F000122C03D9A4F11603082B23D84FEA540851
:1025000033699B781B0702D5B8F10F0F17D196F8E6
:1025100024003A462146FFF72FFD98B3BA7A7B7A1A
:1025200003EB02239BB2022C09D01E2C07D014F01F
:10253000400104D1009030692246FFF7D3FE02B07B
:10254000BDE8D083522C08D0202C09D0D22C0CBF4F
:102550004FF011084FF00008D2E74FF00A08CFE71C
:102560004FF01008CCE70B4A12F808204A4506D86D
:102570003A464946304602B0BDE8D04318470346C4
:102580000420D0E7044B53F82830002BEBD103464E
:102590000620C8E77453070010630020114B12494E
:1025A00030B50022C3F8E8111049C3F8EC11C3E9B3
:1025B00078220F491546084601240132D2B2052A75
:1025C0001961D96383F8242083F8255083F85020BB
:1025D00083F8514001F1100103F15803EDD1054B8F
:1025E000436530BD703A012080520700950B05000D
:1025F000B437012064530700014BC3F8F001704762
:10260000703A012010B504460BF086FD0B4BD3F851
:10261000E03100221BB1208A198A88420AD2214661
:10262000074807F08BFD0120FFF78AFCBDE810404A
:102630000BF074BD1A461B68ECE700BF703A01202E
:10264000503C012010B504460BF066FD0A4BD3F850
:10265000E011002231B90120FFF772FCBDE8104003
:102660000BF05CBD0B8AA34202D00A460968F1E771
:10267000024807F080FDEEE7703A0120503C01204F
:102680007FB50E46019014460BF046FD019803A954
:1026900000F0A6F8054698B18389B34212D32146CB
:1026A000406832461EF0EAF8AC7B14F0080402D011
:1026B000AB6800241E800BF031FD204604B070BDD5
:1026C0000A24F8E70D24F6E730B589B04FF4A813D3
:1026D0000446806804930025102306938DF81C504F
:1026E000ADF81E5010B107F099FCA560606810218C
:1026F00007F0A1FE6368059303AB019302AB00935F
:1027000002220A4B4FF6FF71012000F0C5FA18B102
:10271000059A1021FFF7B4FF0020FFF711FC044BCE
:1027200004A8DB6E984709B030BD00BFAA5207006D
:10273000B437012010B48378202B06D100785DF8DF
:10274000044B0022042103F003B8222B06D80B4BC4
:10275000D3F8E8319B685DF8044B1847232B03D16D
:10276000064BD3F8EC31F6E7242B03D15DF8044B8C
:10277000FFF7AABF5DF8044B704700BF703A012015
:1027800010B504461346A27B0068D20709D402297B
:102790000CD10A4619461EF063F8B0FA80F04009E1
:1027A00010BD1029F5D00146184602E01029FAD1D3
:1027B0001946BDE81040FEF739BA022903460CD18C
:1027C00000781178884206D158785378C31A584255
:1027D0005841C0B270470020FBE71146FEF726BA09
:1027E00010B5094BD3F8E03153B11A8A824209D8A7
:1027F0005C8A844206D30B605B68801A03EB00138B
:10280000184610BD1B68EFE7703A012030B50B4B3E
:10281000D3F8E0310BB918460FE01C8A844204D982
:102820008C4201D91B68F5E720465D8A8542F9D3C1
:102830005B68041B03EB0413136030BD703A012086
:102840000B4273B506460D461C4605D101290CBF47
:102850000220032002B070BD102908BF1C0914F02B
:102860000E0F01D10020F5E7019202F067FF14F08E
:10287000080F019A00D088B104F00A030A2B01D195
:1028800001280BD96307EDD5064BD3F8F0313BB1E6
:102890002946304602B0BDE8704018470520D9E708
:1028A0000820D7E7703A0120F0B585B004461546F8
:1028B00090F8240001220DF10F01FFF7B3FB9DF802
:1028C0000F309B070AD50623009394F82510206942
:1028D00000230222FFF706FD05B0F0BDAB7A6E7A49
:1028E000154D06EB0326B6B22B68172E9F8838BF0E
:1028F0001726FCF7C5FF0438874218DA2B689D8835
:102900000B20FEF7D3F9034648B1290A03220272CD
:102910004572817294F825102069FEF7CBF994F87E
:10292000251020692B463246FEF7ACF9D4E7FCF7B8
:10293000A7FF043885B2E3E7606300202DE9F04F7C
:10294000937A92F8098008EB03281FFA88F885B07B
:102950000646B8F1000F77D0137BD17A01EB032143
:102960008CB2A04570D8036990F8252033F822A0D6
:102970000AF1080A1FFA8AF0FEF798F905460028BE
:1029800064D0052303720123437200F10E09AA44A7
:1029900040464FF6FF7B03AA2146A9F10407FFF743
:1029A00035FFD0B1039B9B7BDB072FD505F10A03D5
:1029B0009F4212D10223040A07F8013C38707C7050
:1029C000039B1B6805F10C0203F1100153F8040B83
:1029D00042F8040B8B42F9D1123705F10A039F42EA
:1029E00036D1284607F054FB0A243046FFF7D6FCC0
:1029F00096F8251074BB05F10803FA1A30692B46C6
:102A000092B2FEF757F905B0BDE8F08FD1454A46BE
:102A1000E3D8030A09F8040C09F8033C039B1B687C
:102A20001B7809F8023C039B1B6858455B7809F842
:102A3000013C07D0431C98B2844209F10409AAD290
:102A40001746CAE74F46C8E70124CEE71124CCE772
:102A50000024CAE73069009443460422FFF742FC91
:102A6000D1E700002DE9FF41D0F8108090F8253023
:102A7000557A38F82370937A05EB0325ADB20446F6
:102A800003A92846FFF7ACFE0646002855D0C37BB5
:102A900098F80A002A460121FFF7D2FE034680B9C2
:102AA000B27B510716D50399D1F80880B8F1000F11
:102AB00010D022692946907A00960A22C047034620
:102AC00050B1009394F8251020692B460A22FFF795
:102AD00009FC11E0930612D4B368B3F80080013FFB
:102AE000B845A8BFB8461FFA88F707F1090080B2B9
:102AF000FEF7DCF8054678B904B0BDE8F081104B6C
:102B0000D3F8F481B8F1000FE6D020697368807AB9
:102B10002A460521C047D2E70B23037271681FFACA
:102B200088F209301DF0AAFE7A1C94F8251020695D
:102B30002B4692B2FEF7BEF8DEE70123C1E700BFE5
:102B4000703A01202DE9F04F0369174690F82520CF
:102B500033F8223089B0044603F1080080B20D46F4
:102B60000593FEF7A3F8804600287CD0013DABB268
:102B70004FF0000B039300F1090A0B37D9465D466D
:102B8000039B1BB9BBF1000F61D02DE017F8013C8E
:102B900017F8025C05EB0325039BADB2023B9BB229
:102BA00007A928460393FFF71BFE064600286ED0B0
:102BB0002069F37B807A2A460121FFF741FE0490C9
:102BC000002860D1B37B5A071CD5079AD2F808B009
:102BD000BBF1000F16D023692022987A049B00963F
:102BE0002946D847834678B140462121FEF7E6F8CA
:102BF00094F825102069CDF800B02B462022FFF76D
:102C000071FB30E09B0631D4059BA3EB0902B3684E
:102C10001B88093A9A42A8BF1A465346C2F30721B5
:102C200003F8022B1FFA82FB8AF80110184671681C
:102C30005A461DF023FE09F102031BFA83F31FFA23
:102C400083F9B3681B88DA465B4582441BD921238C
:102C500088F8083009F1010294F8251020694346EC
:102C600092B2FEF727F809B0BDE8F08F094BD3F810
:102C7000F4B1BBF1000FC7D020697368807A2A468F
:102C80000521D847AEE7DDF810B0023778E74FF0FE
:102C9000010BA9E7703A01202DE9F0479A461A4B3B
:102CA000089FD3F8E0510E46904604464FF6FF7950
:102CB0000DB92C4625E0288AA0420FD9B0420CD984
:102CC0002D68F5E74C45FBD03B68103301343B6081
:102CD0006B8AA4B2A34209D2F2E704466B8AA342EC
:102CE000EED36968201A01EB00113960B442E7D8CD
:102CF000386852464146FFF743FD0028E2D0099B61
:102D00001D602046BDE8F087703A01202DE9F341AF
:102D10004FF42053ADF8003042F60103ADF8043013
:102D20004FF6FF739842074605D14FF6FF763046BF
:102D300002B0BDE8F0811B4B441CD3F8E081A4B283
:102D4000B8F1000FF1D0B8F81030B8F812209C425A
:102D500038BF1C46A24221D3D8F80450E31A05EB31
:102D600003153E466A46022128462746FFF708FD1E
:102D70000028DCD101AA02212846FFF701FD002826
:102D8000D5D14FF6FF739C42CFD0B8F81230013442
:102D9000A4B2A34205F110053E46E3D2D8F8008064
:102DA000CEE700BF703A01202DE9F043036990F8A7
:102DB0002510567A33F82170937A92F80B8092F8A6
:102DC0000C9006EB032685B0B6B2044603A9304644
:102DD000FFF706FD054600285ED02069EB7B807A70
:102DE00032460121FFF72CFDC0B9AB6808EB09287A
:102DF0001B881FFA88F8434550D3AB7B5A0716D57A
:102E0000039AD2F80890B9F1000F10D023690C2270
:102E1000987A009543463146C84750B1009094F8DF
:102E20002510206933460C22FFF75CFA12E09B065E
:102E300013D4AB681A88013FA2EB08029742A8BFDF
:102E400017461FFA87F909F1090080B2FDF72EFF36
:102E5000064678B905B0BDE8F083114BD3F8F4917C
:102E6000B9F1000FE5D020696B68807A3246052100
:102E7000C847D2E70D2303726968BAB241440930EA
:102E80001DF0FCFC09F1010294F82510206933467D
:102E900092B2FDF70FFFDDE70120BFE70720BDE796
:102EA000703A01202DE9F04F2DED028B937A92F8C4
:102EB000099009EB03291FFA89F987B080460F466C
:102EC0001646B9F1000F7FD0137B92F80BA00AEBE6
:102ED000032A1FFA8AFAD14576D8036990F825208B
:102EE00033F8223003F1080B1FFA8BF0FDF7DEFEFA
:102EF000054600286AD006F10D0308EE103A06F1E7
:102F00000F0308EE903A073F072205EB0B0300F191
:102F100009040272BFB24846039305AB019304ABA8
:102F20000093022218EE103A5146FFF7B5FE834691
:102F3000E0B905F109039C424AD1284607F0A8F8F8
:102F40000A264046FFF72AFA98F82510002E41D1AC
:102F500005F10803E21AD8F810002B4692B2FDF7EB
:102F6000A9FE07B0BDEC028BBDE8F08F0499CA7BC7
:102F7000D30721D557B18A681288BA421CD1496853
:102F800018EE900A3A461DF06BFCA8B9727BCAB9DC
:102F9000B27B282A584601D1FFF7B8FE039B221DB9
:102FA0009A42C6D84FEA1B236370030A84F800B024
:102FB000A070E37083461446D345BAD20BF10103E7
:102FC00098B2AAE75846E9E70126BAE71126B8E71A
:102FD0000026B6E7D8F8100000964B460622FFF709
:102FE00081F9BEE72DE9F04F2DED028B0369547A8C
:102FF00092F80B90054690F82500053933F82060CB
:10300000937A5FFA81FA04EB0324BAF1020F137B7F
:1030100089B0A4B203D0BAF1100F40F00281002CA5
:1030200000F0018109EB03291FFA89F94C4500F2F0
:10303000FA8002F10D0308EE103A07AB019306ABDC
:103040000093204618EE103A52464946FFF724FEF8
:103050000446002800F0E9802869069B807ADB7B23
:1030600022460121FFF7ECFB034670B9069A917BDB
:103070004F0711D50798876877B12969887A009238
:1030800021460822B847034640B1009395F8251021
:103090002869234608227BE0880654D4654918EE47
:1030A000100A02221DF0DCFB002858D006F1080BA4
:1030B0001FFA8BF0FDF7FAFD0746002800F0B780F5
:1030C00009230372069B9A68B2F800808472043E5A
:1030D000B04528BFB0465FFA88F808F10202427294
:1030E0000492220AC27200F10C0659683046424628
:1030F0001DF0C4FB049B01341E4407EB0B03A0B27C
:103100000593B31E039307AB019306AB009352469E
:1031100018EE103A4946FFF7BFFD0446002842D09A
:10312000069B28699A7B510735D50799D1F808B0D5
:10313000BBF1000F2FD0807A009308220023214694
:10314000D84750B32FE03C4BD3F8F471002FA5D0F3
:1031500028695368807A22460521B84793E7FEF72D
:1031600005FF0028A2D004202E6906F035FFF0608C
:103170002869C36833B11C805C8009B0BDEC028B48
:10318000BDE8F08F112395F82510009308222346FF
:10319000FFF7A8F8F1E7920611D4069B28699A6810
:1031A0001288424517D0039A95F82510286907F12F
:1031B0000803D21A92B23B46FDF77CFDDDE71E4ABA
:1031C000D2F8F4B1BBF1000FE7D05B68807A2246F9
:1031D0000521D847B5E7DB7B807A22460121FFF73E
:1031E0002FFB0028DFD1059B08EB060B9B45DAD8A7
:1031F000230A06F8024C06F8013C069B4246596831
:1032000030461DF03BFB4FF6FF739C4206D0013465
:10321000049BA0B281451E44BFF473AFCDF80CB03F
:10322000C1E7042331E701232FE70A232DE7112308
:103230002BE700BFAA520700703A01202DE9F04F9A
:103240000369174690F8252033F822A00AF1080AEE
:1032500087B004461FFA8AF00E46FDF727FD0546A3
:10326000002866D00836BB1903930F23093700F1F5
:1032700009090372039B9F420BD305F10803A9EBD5
:10328000030294F8251020692B4692B2FDF712FD37
:1032900059E07B7817F8026B06EB0326B6B205A956
:1032A0003046FFF79DFA804600284FD0206998F8F5
:1032B0000F30807A32460121FFF7C2FA0346002818
:1032C00045D198F80E20510723D50599D1F808B0BB
:1032D000BBF1000F1DD022693146907ACDF80080F5
:1032E0000E22D847034690BB05EB0A024A45C1D9D6
:1032F000A2EB090293B2D8F80820D8F80410168877
:103300009E4228BF1E46484632461DF0B7FAB144D9
:10331000B0E79306E8D5114BD3F8F4B1BBF1000F39
:10332000E2D02069D8F80430807A32460521D847A7
:10333000D8E711230646009394F8251020693346F8
:103340000E22FEF7CFFF07B0BDE8F08F012328461D
:10335000039306F09DFE039BEDE700BF703A01204A
:103360002DE9F04F2DED028B8BB04FF4205392F8E6
:103370000980ADF81C300539937A5FFA81FB08EBC0
:103380000328BBF1020F81461FFA88F803D0BBF176
:10339000100F40F0B080B8F1000F00F0B080117B4A
:1033A000D37A03EB01239BB29845029300F2BE80CF
:1033B000D9F8103099F8251033F8216002F10D0387
:1033C0001A46594607A808EE103AFFF7F6F9002802
:1033D00000F0AE8009AB019308AB0093029918EEA0
:1033E000103A5A464046FFF757FC0446002800F0C2
:1033F000A180D9F81000089B807ADB7B224601214E
:10340000FFF71EFA0746002840F0968006F10803F1
:103410000493BDF81000FDF749FC11230546002870
:1034200000F08C800372089B9B68B3F800A0847244
:10343000063EB24528BFB2465FFA8AFA0AF1040393
:1034400043720393230AC3722046FFF75FFC089977
:103450002873020A6A7305F10E0605904968304622
:1034600052461DF00BFA039B1E44049B2B4404930D
:10347000059B4FF6FF729342A6F1040442D001333C
:1034800098B2029B83423DD309AB019308AB0093F2
:103490005A4618EE103A0299FFF7FEFB024688B32F
:1034A000089B9968098851452CD1D9F81000DB7B1D
:1034B000807A05920121FFF7C3F918BB049A0AEB41
:1034C00006039A423DD3059A06F8042C130A06F81F
:1034D000033C1046FFF71AFC020A06F8020C06F835
:1034E000012C089905904968304652461DF0C6F9EE
:1034F000039B1E44BCE704270024254602E0012765
:10350000444645464846FEF749FF99F82510D7B985
:1035100005F10803E21AD9F810002B4692B2FDF724
:10352000C9FB0BB0BDEC028BBDE8F08F0127E3E7D0
:103530001027E1E70A27E0E7A046DDE704461F463B
:10354000E0E70746DEE7D9F810000097434610226F
:10355000FEF7C8FEE5E70000F0B5436887B0064611
:103560000C4643B34D890735ADB2284606F034FD0D
:10357000B4600746F8B100237168102202A8CDE9B3
:103580000233CDE9043306F049FF2A4604F10D0168
:10359000384606F043FF23230193237B00930A4B15
:1035A0002A4693F87430394602A8FDF777F940B9F6
:1035B000384606F033FD204607B0BDE8F04006F07F
:1035C0002DBD07B0F0BD00BFB43701202DE9F34792
:1035D000937A567A06EB0326B6B2054689463046FC
:1035E00001A99046FFF7FCF800283ED0817B4F06EA
:1035F0003BD52B69204F9B7A013B07EB03135A689D
:103600009AB3C27B12F0900F2FD0940601D51B7B8A
:103610005BB3A9F10F0A0A0783891FFA8AFA22D439
:103620009A4522D109F10F0080B206F0D5FC04467C
:10363000D8B12B6943600681A0F80AA095F8243020
:10364000037308F108014A460D301DF017F995F88B
:103650002430013B07EB03102146836843B1074840
:1036600006F03EFD01E09A45DCD902B0BDE8F087E6
:10367000FFF772FFF9E700BF683C0120B83C01206A
:103680002DE9F0478378232B88B0064657D10023D5
:10369000CDE9063303783B4D4168013B1F0105EB43
:1036A000031308229C6806A806F0B8FEB4F80AA026
:1036B00004F10D090AF107010822494406A81DF08A
:1036C000CFF8804650BB09EB0A035A7919791204E6
:1036D00002EB0122D9789B790A4402EB0362EB5991
:1036E0009A421BD30132EA51208905A9FFF778F8E5
:1036F000814698B1817B880704F1100322D5059A91
:10370000D2F80CA0BAF1000F1CD02189207BCDE9A2
:10371000013963890093D2224346D047204606F000
:103720007DFCB06806F07AFC174806F0EBFC014619
:1037300020B3007B013805EB0010FFF70DFF08B048
:10374000BDE8F0878A060AD5104AD2F8F481B8F1AC
:10375000000F04D02289207B0921C047DEE762895F
:10376000D9F8040019461DF089F899F80E301B07A6
:1037700042BFD9F8083062891A80CFE73D44A8607B
:10378000DDE700BF683C0120B83C0120703A012011
:10379000054B0022C3E91422044B054AC3F8EC216F
:1037A000044B054A5A647047683C0120703A012076
:1037B0008136050010630020CD350500034B01382C
:1037C00003EB001359601A73704700BF683C012077
:1037D000024B03EB001040F8101C7047683C0120BE
:1037E000024B03EB001050F8100C7047683C0120AE
:1037F0002DE9F047937A92F8099092F808A009EB26
:10380000032986B01FFA89F905460E46484605A9E0
:103810009046FEF7E5FF074600284FD02869FB7B5E
:10382000807A4A461021FFF70BF80446002854D14D
:10383000BB89033EB6B2B3424DD3B97B880708F1CA
:103840000B0324D5059AD2F80C80B8F1000F1ED0D6
:103850002A694946907A0096CDE9013752462346B7
:10386000C0470446002838D1BAF1120F0CD1092004
:10387000FDF71CFA034638B11322027295F82510A1
:1038800028690122FDF716FA06B0BDE8F0878A061E
:1038900009D5194AD2F8F4412CB128694A460921C0
:1038A000807AA047DDE71946786832461CF0E6FFCB
:1038B000BB7B1B07D8D5BB681E80D5E70124BAF1B6
:1038C000120FE1D195F82510286900944B46122279
:1038D000FEF708FDD8E70D24F1E7BAF1120FD3D1B6
:1038E0007A2C2B6995F82520ECD103EB82039A788A
:1038F00042F008029A70C7E7703A01202DE9F04FB4
:10390000937A547A92F80B8092F80C9004EB03248B
:1039100087B0A4B206468A46204605A91546FEF79A
:103920005FFF0746002800F08780C37B96F82400DD
:1039300022461021FEF784FF00285DD108EB0928FC
:103940001FFA88FBBB7BBBF1000F01D0D90675D5F0
:10395000AAF105091A071FFA89F902D4BB894B4558
:103960006ED396F82400394B363003EBC00006F0D6
:103970001AFC374B1B68DB79834263D90AF10600D6
:1039800080B206F029FB804600285DD0BB7B9B07F8
:1039900005F10D051ED44A462946A8F80490A8F85A
:1039A0000640A8F808B008F10A001CF067FF96F876
:1039B0002400264B363003EBC000414606F090FB56
:1039C0000AF1080080B2FDF771F90746E8B907B0BF
:1039D000BDE8F08F059BDB689C46002BDBD0CDE972
:1039E000015796F82400CDF80090002316222146B6
:1039F0006746B8470028CED0009096F82510306969
:103A000023461622FEF76EFCE1E717230372447289
:103A10004FEA1B23240A847280F80BB003734A46D2
:103A200029460D301CF02AFF96F8251030693B46D8
:103A30005246FDF73FF9CAE70120DDE70B20DBE73F
:103A40000D20D9E70920D7E71120D5E7703A0120EA
:103A5000606300202DE9F041537A86B0064683B9B1
:103A6000FEF75EFC0920FDF721F90346002836D059
:103A70001922027296F8251030690122FDF71AF911
:103A80002DE0012B7DD190F824303F4F363357F88D
:103A900033405CB996F82400363007EBC00006F0DE
:103AA00031FB054610BB002CDCD010E0E08804A9F7
:103AB000FEF796FEC0B121898289914212D8A3886F
:103AC0000B44934210DD0D243046FEF729FC96F896
:103AD00025103069009400231822FEF703FC06B07D
:103AE000BDE8F0810724EFE72468D2E7E88805A95C
:103AF000FEF776FE804620B90E243046FEF710FC15
:103B000019E0C37BD8063AD598F80E20910705F145
:103B10000A0314D50599CC688CB12A89E98896F8EE
:103B20002400CDE90138AB88009313461822A04742
:103B300004460028E1D1284606F070FAAAE792066A
:103B400008D5D7F8F4412CB1EA8896F82400092169
:103B5000A047EDE72C89D8F80400AA88204419462C
:103B60001CF08CFE98F80E4014F00804E3D0AB88EB
:103B70002989D8F808200B4413800024DBE70324AC
:103B8000BBE70424A3E700BF703A01200C4B1A18CE
:103B9000FF2110B5117700F108014FF4C86423F834
:103BA000114003EB41034FF4F061D9800723D37731
:103BB000044B03440021597482F8231010BD00BF48
:103BC000C03C0120943E012008B50020FFF7DEFF35
:103BD0000120FFF7DBFF0220FFF7D8FF034B044A69
:103BE000197B117300229A7308BD00BF943E012017
:103BF000C03C012030B58BB004460D462422002184
:103C000001A81CF063FE0E498DF8085002238DF8C0
:103C1000063001238DF80C300B190DF10E0093F8CE
:103C20003F308DF80D30062303FB04112D318DF844
:103C3000075006F07FFB01A802F0BAF80BB030BDC8
:103C4000C03C0120F7B506460E200F4615460193ED
:103C500006F012FA044680B10023837047710671A2
:103C600085710199073006F065FB054B187B2146ED
:103C700003B0BDE8F04006F014BA03B0F0BD00BFD9
:103C8000943E01202DE9F34180460F4603F10800E0
:103C90000899019116461D4606F0EEF9044698B1C2
:103CA00001230199837080F8048047718671C57182
:103CB0002A4608301CF0E2FD054B187B214602B075
:103CC000BDE8F04106F0EDB902B0BDE8F08100BFFB
:103CD000943E01202DE9F041054612200E4617467C
:103CE000984606F0C9F90146D8B1022383700571E0
:103CF00001F1080305300024E2B2954205D80A4BD1
:103D0000BDE8F041187B06F0CCB9325D00F8012B1C
:103D100037F8142023F8022B18F80420027201341B
:103D2000EAE7BDE8F08100BF943E012038B50546C2
:103D300008200C4606F0A0F9014690B103238370D9
:103D400005712346421D2544AB4205D1054B187B26
:103D5000BDE8384006F0A5B913F8010B02F8010BD5
:103D6000F2E738BD943E012010B50446062006F067
:103D700083F9014640B104238370044B0471BDE80C
:103D80001040187B06F08DB910BD00BF943E012095
:103D900008B5042006F070F9014638B10523837098
:103DA000034B187BBDE8084006F07BB908BD00BF97
:103DB000943E012037B505460C20019106F05CF9D0
:103DC000044670B10623837005710199053006F031
:103DD000B1FA054B187B214603B0BDE8304006F030
:103DE00060B903B030BD00BF943E012070B50446F9
:103DF0000E4615460AF090F904F10800044B23F82A
:103E0000106003EB4003DD80BDE870400AF086B926
:103E1000C03C012038B505460C460AF07DF9034840
:103E20002844C477BDE838400AF078B9C03C012086
:103E300010B504460AF070F9024B9C73BDE81040BF
:103E40000AF06CB9943E01200A4A0E235843131815
:103E5000FF211154002201217F2059709A70DA70DD
:103E6000187159719A71D9711A725A729A725A7379
:103E7000704700BF043D0120064A0623584313182B
:103E80004FF4C86111524FF4F0625A8000229A80B8
:103E9000704700BF2E3D012010B5084C43189942D1
:103EA00001D1002010BD11F8012B2244107F012800
:103EB000F8D00428F3D10120F4E700BFC03C012072
:103EC00010B50A490A4A002311F8014B012C01D010
:103ED000042C02D1547B844205D00133DBB2032B86
:103EE00002F10E02F0D1184610BD00BFDC3C0120EB
:103EF000043D012008B5FFF7E3FF02280BD8064B6D
:103F00000344FF221A77002283F82320034B0E215B
:103F100001FB00335A7308BDC03C0120043D012061
:103F2000064B93F8230093F8242093F82530104390
:103F30001843012894BF002001207047C03C012095
:103F4000084B5A79012A08D8DA7A012A07D85B7C0B
:103F5000012B8CBF022003207047002070470120F6
:103F6000704700BF2E3D0120704700008378034A50
:103F700003F0070352F82330184700BF945307009B
:103F80008378034A03F0070352F82330184700BF31
:103F9000C0530700F7B54E230D4D0E4FADF802305C
:103FA00000246B7903F0FD03012BE6B206D1BB6858
:103FB0008DF80460ADF800406846984730460134FB
:103FC000FFF75AFF032C05F10605EAD103B0F0BD57
:103FD0002E3D0120943E0120F0B585B048230024F9
:103FE0000F4E104FADF806308DF8084016F8013B23
:103FF0001A1F012AE5B201D9012B06D1BB688DF841
:104000000950ADF8044001A8984728460134FFF74D
:104010001BFF032CEAD1FFF7D7FD05B0F0BD00BFB1
:10402000E33C0120943E0120411D0079FBF7A4B838
:104030002DE9F04F8BB006798DF80B6082460DF1BB
:104040000B010120FFF728FF0546002840F0A9805A
:104050009AF80540DFF8E0819AF80690012C1BBF22
:104060000E2303FB068327465F781C22002103A84A
:104070000AF1070A1CF02AFC002F00F09580042C9E
:1040800098BF694B4FF0010798BF195D8DF82270FA
:1040900088BF0021BC4241F0100103D0251F18BF8A
:1040A000012514B1A21E5742574111F0080F5F4B72
:1040B000ADF80C1008D106F1080233F81210049183
:1040C00003EB4202D2880592DFF864B133449BF8D7
:1040D0000E00DB7F8DF8183001F0C0FE0BEB0603FD
:1040E0008DF81A905B7C8DF820300E23734308EB1B
:1040F00003098DF8190099F804208DF8212099F80A
:104100000A208DF8252099F80820CDF81CA08DF8FC
:1041100026207DB999F80B2062B118F80330FF2BE7
:1041200008D000952B462A4603213046FBF776F847
:1041300089F80B508FB90E23734308EB03052A7BD4
:104140005AB118F80330FF2B07D000973B463A4688
:1041500003213046FBF786F82F7303A93046FBF79F
:1041600020F80E23734308F803409BF80E30012B10
:1041700009D19BF8053003F0C003C02B03D12C49B3
:104180003046FAF7F9FF002C46D0013CE4B2042C8B
:1041900044D8284B1B57DBB2324602210E2001F0D7
:1041A00077FD0BB0BDE8F08F94B3052C31D0012C16
:1041B00036D0042C34D0022C01D0072C0AD1002593
:1041C000012702216FF0D2032341DB0706D441F01F
:1041D000040103E04FF001053946F3D90E2303FB38
:1041E000068292780AB141F0200103FB0683DB7856
:1041F0000BB141F040010E2303FB06835A798DF881
:1042000022209A79DB798DF823208DF824304CE731
:10421000052401252946E1E70123BCE70023BAE78D
:1042200001210D46D3E700BF89530700C03C0120A0
:10423000943E01208E530700043D01202DE9F043F8
:1042400087B001AE9DF838E0DFF844909446002531
:1042500032464FF00A08ECB2A04206D801460120CF
:10426000FBF724F807B0BDE8F0835C5D34713CF8DF
:1042700015404F5D377024B1013CB4FBF8F40134B4
:10428000A4B24F44748087F823E001350636E2E794
:10429000C03C0120F0B5104E87B060B986F82320ED
:1042A00086F8242086F82520014601AA0020FAF786
:1042B000FDFF07B0F0BD002301AC1F46CD5C2570AB
:1042C0003544013385F82320DDB2A8426780277189
:1042D00004F10604F2D8E7E7C03C012010B40079ED
:1042E000074C062141436218615A13795DF8044B6B
:1042F0005288003B18BF01239B01FBF732B800BF77
:104300002E3D012082794179C31D0079FBF746B823
:1043100008B50146FFF714FE02280BD90979064BB0
:10432000062202FB013302225A71BDE80840012037
:10433000FBF755B808BD00BF2E3D012008B501466A
:10434000FFF7FEFD02280BD90979064B062202FB76
:10435000013303225A71BDE808400020FBF73FB843
:1043600008BD00BF2E3D0120012A10B518D1B8B9F3
:104370000E4B93F82320012A08D193F82420012A18
:1043800004D193F82500431E5842584110BD11F83E
:10439000013B234493F82330934203D00020F5E7F8
:1043A000024C08448142F2D10120EFE7C03C0120D9
:1043B00030B585B00446FFF7B3FD024600BB257952
:1043C000611D28460391FFF7CFFFC8B10399284626
:1043D000FFF762FDA0B90B4A0399507F137F03409A
:1043E000907F0340FF3B18BF012382F82C3003234A
:1043F000009304F1080204F10E032846FFF71EFFA4
:1044000005B030BDC03C012073B5194B19491B885C
:10441000ADF80430002305798DF8063005301C46D0
:10442000DAB2954216D8FFF77BFD88B9012201A9BF
:104430002046FFF799FF58B101A92046FFF72CFD50
:1044400030B905B124B1052201A92046FFF722FFAA
:1044500002B070BD10F8012B8E18367FFF2E05D0EC
:10446000661C08346C4404F8042CF4B20133D7E71A
:1044700086530700C03C012013B5012204798DF852
:1044800007400DF107011046FFF76EFF50B1FFF72F
:1044900047FD28B906220DF107010120FFF7FAFEBA
:1044A00002B010BD2046FAF742FF2046FFF76EFB30
:1044B000204602B0BDE81040FFF7C6BC00B58378C7
:1044C000382B9BB001460ED1FFF73AFD02280AD8DF
:1044D000144B0A680192062101FB00335979022925
:1044E00004D0032912D01BB05DF804FB120E4FF06C
:1044F0004D018DF808008DF806100CBF0122002236
:104500005A71094B01A89B689847ECE7120E4FF0CF
:104510004E018DF808008DF8061014BF012200220C
:10452000EEE700BF2E3D0120943E012008B5164B5A
:1045300093F82320012A10D193F82420012A0CD1CA
:1045400093F82530012B08D1FFF7EAFC0146D0B9DA
:10455000BDE808400722FFF79DBE0020FFF716FBCD
:104560000020FFF771FC0120FFF710FB0120FFF78F
:104570006BFC0220FFF70AFB0220FFF765FCBDE899
:104580000840FAF7E2BE08BDC03C012073B5014601
:104590000079224B8E790E2242439C189A5C6578F2
:1045A0004C6804F0FF24DEB9B4F5407F04D095B127
:1045B000012A0ED0042A0CD00E2404FB003401F191
:1045C00008030093CB79627A4979FAF727FE012331
:1045D000E37202B070BD12F0FD0FFAD0072AEAE7CD
:1045E000B4F5407F03D085B112F0FD0FF1D10E225A
:1045F00002FB003401F108030093CB79627A497918
:10460000FAF730FE01232373E3E7072AE1D8852474
:1046100024FA02F2D207DCD5E9E700BF043D01200D
:1046200008B50020FFF710FC0120FFF70DFC022069
:10463000FFF70AFCBDE80840FFF7C6BA08B500203E
:10464000FFF71AFC0120FFF717FCBDE80840022025
:10465000FFF712BC2DE9F04F5A4D5B4C0368DFF8B1
:104660006CB19BB026460193A84600274FF0FF0A85
:1046700016F8013B043B012BFAB226D89DF807300F
:1046800016F8089CADF80AA08DF808308DF80920BE
:10469000002B4BD106F808AC06F8013C88F80D3029
:1046A00048210D2001F0F4FAB9F1FF0F0DD0B9F156
:1046B000010F0AD0B9F1040F07D04FF048038DF86D
:1046C000063001A8DBF8083098470137032F08F1BE
:1046D0000E08CDD100268DF80860B0463746B146A9
:1046E00014F8013B032B5FFA86FA23D8012B24D957
:1046F0009DF80830591C68336B448DF8081003F896
:104700005FAC9DF8073093BB524647210C2001F067
:10471000BFFA2B7804F8083C012304F8013C2B78FD
:10472000012B0AD0042B18BF472706E0012306F807
:10473000013CB9E7063B012B1BD90136032E05F1DD
:104740000E05CDD1B8F1000F07D0FAF7FEFD00231A
:104750001A4604210E2001F09BFA2FB11B4B8DF855
:1047600006709B6801A898471BB0BDE8F08F002336
:10477000D3E79DF807B0BBF1000F1ED15046FFF7FD
:1047800005FA5046FFF760FB14F8011C062911D109
:104790005046FAF7CCFD5B46524603210E2001F04D
:1047A00077FA4FF0FF3304F8083C04F8019C85F8D1
:1047B0000D90C2E74FF00108F3E74FF0010304F852
:1047C000013CBAE7043D0120E33C0120943E012076
:1047D00083782E2B70B504462ED145791D491E4A8B
:1047E0002944FF230E7F0B77002381F823300E210D
:1047F00001FB05220D20537348212A4601F048FA97
:10480000FF2E26D0012E217910D0042E0ED0482361
:10481000A37029B9E08800F03DFB08B1037C238038
:104820000E4B9B682046BDE87040184789B128466A
:10483000BDE87040FFF7DEB92F2B04D14923837008
:10484000064B9B68EFE7372B03D1BDE87040FFF7BD
:1048500001BF70BDC03C0120043D0120943E0120F9
:104860007FB5154604468DF80F10ADF80C30FFF7F4
:1048700057FB024628BB0DF10F010120FFF774FD25
:10488000F8B1012D0CBF0223032303AA00930DF1FD
:104890000F0108AB0120FFF7D1FC9DF80F500A4E25
:1048A0000A992D23062010FB0530304405F042FD07
:1048B0009DF8243086F83F30044B0E2202FB05336E
:1048C0005C7304B070BD00BFC03C0120043D0120FA
:1048D00007B50146FFF724FB90B90846FFF7F0FA49
:1048E00002288DF807000BD8074B03440DF1070190
:1048F0001B7F012B0CBF042205220120FFF7CAFCFD
:1049000003B05DF804FB00BFC03C0120FFF7F2BA22
:10491000FFF7F0BA10B50446062005F0ADFB0146DE
:1049200040B150238370044B0471BDE81040187BE4
:1049300005F0B7BB10BD00BF943E0120F7B5074698
:1049400002F108000E461546019305F095FB04465A
:1049500088B15123019983700771467185712A4688
:1049600007301BF08BFF054B187B214603B0BDE8D9
:10497000F04005F096BB03B0F0BD00BF943E0120AF
:1049800010B50446062005F077FB014640B15223DE
:104990008370044B0471BDE81040187B05F081BBA7
:1049A00010BD00BF943E012010B50446062005F05E
:1049B00063FB014640B153238370044B0471BDE88F
:1049C0001040187B05F06DBB10BD00BF943E012068
:1049D00038B505460C4609F09FFB04480E2202FB41
:1049E00005004470BDE8384009F098BB043D012043
:1049F00038B505460C4609F08FFB04480E2202FB31
:104A000005008470BDE8384009F088BB043D0120F2
:104A100070B5064614460D4609F07EFB04480E228A
:104A200002FB0600C5700471BDE8704009F076BB5A
:104A3000043D01202DE9E84180461D460F461646FB
:104A400009F06AFB05480E2303FB080047718671D5
:104A5000C571BDE8E84109F061BB00BF043D01201C
:104A600038B505460C4609F057FB04480E2202FBF8
:104A700005000472BDE8384009F050BB043D012038
:104A800038B505460C4609F047FB04480E2202FBE8
:104A900005004472BDE8384009F040BB043D0120E8
:104AA00070B5154604460E4609F036FB054B062246
:104AB00002FB04F01A181E525580BDE8704009F040
:104AC0002DBB00BF2E3D012038B505460C4609F030
:104AD00023FB0448062202FB05000471BDE83840B0
:104AE00009F01CBB2E3D012008B509F015FB0C4B4D
:104AF0000C4A1A600C4A9A62FFF792FDFFF79EFD7E
:104B00000A4B0B4A1A600020FBF7DEFD01224FF42E
:104B100040500021F9F772FEBDE8084009F0FEBAE6
:104B200080630020B4530700D0530700903E01205B
:104B300079F10400704700008378034A03F007030B
:104B400052F82330184700BFDC530700034603F137
:104B500008019B79C0790BB9FAF707B9FAF7B1B92F
:104B600007B50C4B93F82320052A04D0012A0CD159
:104B70001B7F012B09D0074805F09BFB2223ADF8D2
:104B80000630054B01A89B689847FFF71DF803B056
:104B90005DF804FBC03C0120943E01202DE9F04368
:104BA000134D95F8233087B00446F3B92B7F012BC2
:104BB0001BD0042B19D00F4F467990F80690E98A44
:104BC000B87BB5F81080059101F048F97A7C039222
:104BD0000734EA7F02920346CDE9009405993246F4
:104BE0004046FAF7DFF8044B1E7007B0BDE8F083CB
:104BF000C03C0120943E0120403D0120084B93F829
:104C0000232062B91A7F012A09D0042A07D003227F
:104C100083F823200289DA840120FAF798B87047D4
:104C2000C03C0120084B93F82320012A0AD11A7FA7
:104C3000012A07D0042A05D0052283F8232000206A
:104C4000FAF785B8704700BFC03C01208378352B48
:104C50002DE9F04106462CD1294C94F82330032B42
:104C600024D8012B25D9C5782DBB032B254F0AD17C
:104C7000E18C21B107232046A37105F017FB3B7897
:104C8000042B18BF212500231A4621210C2000F0F7
:104C9000FFFF3B782377012384F823304DB11A4B73
:104CA000B57030469B68BDE8F04118471A1F012ACD
:104CB00005D9BDE8F081002384F82330F9E7C578F1
:104CC000E5B9052B08D1204605F0F3FA0D4B1B780A
:104CD000042B0CBF0225222500231A460D20222179
:104CE00000F0D6FFFF230020022D237784F8230055
:104CF000D4D1BDE8F0413C21FEF77CBF0123DBE7C6
:104D0000C03C0120403D0120943E01207047704787
:104D1000054B93F82320012A05D1052283F823208F
:104D20000020FAF714B87047C03C0120F7B50E4CCC
:104D30000E46194694F82330074615468BB90120D4
:104D40000191FAF704F8012F0CBF02230323019904
:104D500084F8233004F12D00E68405F0EBFA84F8A2
:104D60003F5003B0F0BD00BFC03C0120084A92F89C
:104D70002330013B022B0AD8064B1B78012B0CBFBA
:104D80000423052382F823300020F9F7E0BF7047A1
:104D9000C03C0120403D012010B5084C204605F0E4
:104DA00088FA00231A4622210D2000F071FFFF230C
:104DB0002377002384F8233010BD00BFC03C0120BE
:104DC000FFF7EABF08B509F0A7F9074B074A1A60D1
:104DD000FEF7FAFE064B0020186009F08DF9BDE8D9
:104DE000084009F09BB900BF80630020FC53070016
:104DF000903E01207047000029238B70024B08462B
:104E0000D3F8FC30184700BF443D01200979808960
:104E1000F9F7A6BD13B50C46019009F07DF901988C
:104E200001F03FF8074B61680C2202FB0033206859
:104E300003F5827303C3A068186002B0BDE8104098
:104E400009F06CB9443D012070470000F8B5104CE2
:104E500007460025A67D0135EDB29EB930223146C8
:104E600020461BF033FD3946204605F063FA4FF625
:104E7000FF73A381012325746674A37584F82C60E5
:104E80002046F8BD052D04F13004E3D10024F7E7F6
:104E9000443D0120074B0522997D11B1998981423A
:104EA00006D0013A12F0FF0203F13003F4D11346A9
:104EB00018467047443D01201FB504460088FFF79F
:104EC000E9FF58B1A378282B1CD8222B08D80A2B2D
:104ED00000F086800B2B64D0072B1BD004B010BDD4
:104EE000233B052BFAD801A252F823F03B4F0500D3
:104EF0005F4F0500DD4E0500DD4E05006B4F0500E0
:104F00008F4F0500472BE9D181892379227A007CD4
:104F1000682405E08189007C237994F908203924EC
:104F20008DF80240ADF800008DF803308DF80430A4
:104F3000ADF806108DF8082023E0027C8389ADF8D7
:104F400000204022ADF80430ADF80220E288A389A9
:104F5000ADF80620A2680292ADF80C3011E0027C98
:104F60008389ADF800204122ECE7017C2379E288B7
:104F7000ADF800104221ADF80210ADF806208DF812
:104F80000430214B6846D3F8FC309847A6E7027CF2
:104F9000A388ADF800204322ADF80220ADF804301C
:104FA000EFE7A37A627A1B0403EB0223227A13440D
:104FB000E27A03EB02638362012380F82C30037CE6
:104FC000ADF800305723ADF8023023798DF8043066
:104FD000A068E388E168ADF8063002AB03C3D0E710
:104FE000037CADF800305823ADF8023023798DF8FA
:104FF0000430E388ADF80630237A8DF808306389F1
:10500000ADF80A30A389A7E7443D012070B50A4CEA
:1050100006460525A37D43B9013D15F0FF0504F1C2
:105020003004F7D12C46204670BD3146204605F0AD
:1050300086F90028F0D0F6E7443D012070B5857868
:105040006B1E012B044631D800F10A052846FFF7F4
:10505000DDFFD8B9194B05224FF6FF76997D39B19E
:10506000597D022920D0042902D19989B1421BD04F
:10507000013A12F0FF0203F13003EFD1E3782BB9CC
:10508000237A012B02D12846FFF7E0FEE378002BBC
:1050900014BF1B251C25A57070B1037C23802146FD
:1050A000BDE8704000F09ABD1846EFE700881A3559
:1050B000FFF7F0FEEDB2EEE770BD00BF443D01200A
:1050C000F0B585B00323ADF8063000238DF8083025
:1050D000174D16238DF80C300524AB7D3BB1AB8901
:1050E000ADF80A3001A8ADF80430FFF7A7FF013C86
:1050F00014F0FF0405F13005EFD10E4A0E4C106894
:1051000051689768A4F594750323302624F8026B40
:1051100005F58272A68003C2013B13F0FF031760FE
:1051200005F10C05F2D1054A5375537305B0F0BD76
:10513000443D0120385407006C3E0120943E01207C
:1051400001380649C3B2302202FB0312907D18B128
:1051500003EB430301EB0310704700BF443D012004
:1051600010B504460078FFF7EBFF20B12146BDE8FB
:10517000104000F033BD10BD1FB504460078FFF7A6
:10518000DFFFD0B1A378213B052B16D8DFE803F071
:105190000309171E262D808904B0BDE81040F9F7D9
:1051A000ECBEE38980890293A3890193638900930C
:1051B000E2882389A188F9F788FC04B010BD217921
:1051C000808904B0BDE81040F9F7B5BCE288A18839
:1051D000808904B0BDE81040F9F7BFBCA188808980
:1051E00004B0BDE81040F9F711BF808904B0BDE8F4
:1051F0001040F9F7B1BF0000064A05230020917D59
:1052000009B10130C0B2013B13F0FF0302F13002DB
:10521000F5D17047443D012070B5064D0646052482
:1052200055F8043B0BB130469847013C14F0FF049D
:10523000F6D170BD343E012073B50D4604460A31E7
:1052400005F078F8EB88A381687A00F013FEE0742B
:105250002A7A1E4B6276AABB5B7B2375A61D9BBB7D
:10526000FAF7F8FA0146304605F064F805F117013F
:1052700004F11A0005F05EF805F11D0104F12000AB
:1052800005F058F80023E381637E7BB91A460121BB
:105290000E20019300F0FCFCFFF7AEFF0128019BFC
:1052A00004D11A4627210C2000F0F2FC217C272093
:1052B00000F002FD27232846AB7002B0BDE8704025
:1052C000FFF7AABF9B7BC8E70049CCE7943E0120CB
:1052D00010B500238375437E0C466BB91A46012135
:1052E0000E2000F0D5FCFFF787FF034620B90246E9
:1052F00028210D2000F0CCFC2823A370002323726A
:10530000E3802046BDE81040FFF786BF38B504466D
:105310000D46017C282000F0CFFC0023A375637E9E
:1053200043B9FFF769FF034620B9024628210D2043
:1053300000F0AEFC2823AB702846BDE83840FFF7EC
:105340006BBF00002DE9F84F0D9F9DF838B0064661
:105350008A469146984608F0DFFE3846FFF756FE2B
:10536000044618B93846FFF771FD044608F0D6FE2A
:10537000ACB3242004F080FE054648B3237C0380B0
:10538000BBF1000F0CBF18231A238370BDF828301F
:1053900003819DF82C30837280F804A080F805907A
:1053A00080F8068039460B3004F0C4FF9DF8303099
:1053B0006B740C4BAE74187B294604F072FE08F037
:1053C000ABFE84F819B008F0A9FE207CBDE8F88F88
:1053D00008F0A2FEA57508F0A1FE2846F6E72046D3
:1053E000F4E700BF943E01208B780A4A03F00703DC
:1053F00010B4D35C084A1C0952F8242032B103F0DF
:105400000F035DF8044B52F8233018475DF8044B46
:10541000704700BF48540700783E012010B504468D
:105420000078FFF78DFE38B1437D032B04D1214670
:10543000BDE81040FFF7D8BF10BD000008B508F068
:105440006BFE084B084ADA60084A1A61084A9A63F8
:10545000084B094A1A60094B094A1A60BDE808401E
:1054600008F05CBE806300202C540700085407003D
:105470004C540700843E012014540700783E01205C
:105480004454070038B504460D463C3408F044FE49
:10549000034B43F82450BDE8384008F03FBE00BF3E
:1054A000443D012070B5054624200E46144604F004
:1054B000E3FD014658B119238370054B0680047142
:1054C000C4704571BDE87040187B04F0EABD70BD42
:1054D000943E012038B5054624200C4604F0CCFD4E
:1054E0000146C8B10D4B6A1E302000FB02330A464C
:1054F0005B7E002B0CBF702371238B7022F8045B42
:1055000023684B6063685360A3689360044B187B07
:10551000BDE8384004F0C5BD38BD00BF443D0120A2
:10552000943E012038B505460C4608F0F5FD0120F3
:1055300000F0B7FC054B00F1940223F8125003EB86
:105540004203DC80BDE8384008F0E8BD443D01205E
:105550002DE9F74F0025164E8046894692462C4687
:10556000012748FA05F3DB0718D539F814203AF873
:1055700014B0019208F0D0FD07FA05F0C0B200F0B7
:1055800090FC00F19403019A26F8132006EB4303E4
:105590000134A3F806B008F0C1FDE4B2072D03D032
:1055A000032C05F10105DCD103B0BDE8F08F00BF8D
:1055B000443D012001460120FFF72CBC2DE9F041BC
:1055C000002506460F462C464FF0010846FA05F323
:1055D000DB070AD504EB440108FA05F007EB81016B
:1055E000C0B2FFF717FC0134E4B2072D03D0032C3F
:1055F00005F10105EAD1BDE8F081000038B50546A6
:1056000010200C4604F038FD014680B102462223EA
:10561000837022F8045B2368436063685360A36867
:105620009360034B187BBDE8384004F03ABD38BDA9
:10563000943E012038B5054606200C4604F01CFDBA
:10564000014648B123238370044B05800471187B05
:10565000BDE8384004F025BD38BD00BF943E0120B0
:1056600038B5054606200C4604F006FD014648B153
:1056700025238370044B05808480187BBDE8384067
:1056800004F00FBD38BD00BF943E0120084A052339
:10569000917D29B19189814202D1137C18467047CE
:1056A000013B13F0FF0302F13002F1D1F6E700BF36
:1056B000443D0120034B0138302202FB0033987D2A
:1056C000704700BF443D0120034B0138302202FBEC
:1056D0000033D87C704700BF443D0120024B30228C
:1056E000013802FB00307047443D0120034B013874
:1056F000302202FB0033187D704700BF443D01207B
:10570000034B3022013802FB00300630704700BFE7
:10571000443D0120034B3022013802FB0030203091
:10572000704700BF443D0120034B3022013802FB8B
:1057300000301A30704700BF443D0120034B013850
:10574000302202FB0033D87D704700BF443D01206A
:1057500070B5054616460C4608F0DEFC094B3022B3
:10576000013D02FB05339A7D22B1D98936B921EA80
:105770000401D981BDE8704008F0D0BC0C43DC8145
:10578000F8E700BF443D012013B5044608F0C4FC0F
:10579000054B3022013C02FB0433D889019008F00C
:1057A000BDFC019802B010BD443D0120034B0138FF
:1057B000302202FB0033587E704700BF443D012079
:1057C00080890431F9F7FFB838B50D460446818960
:1057D000287A002201F0ECFD6968A089BDE8384014
:1057E000F9F7F1B810B5F9F764F90023BDE81040F6
:1057F0001A4601210E2000F04BBA30B5044685B0A0
:1058000008461546FFF746FB40B1722301A98DF803
:10581000063002958DF80C40FFF7E6FD05B030BD6F
:1058200010B586B00024CDE90334CDE901420094DF
:1058300023462246FFF786FD06B010BD10B504468C
:1058400008F06AFC024B5C73BDE8104008F066BCCF
:10585000943E01202DE9F043284B4D7C5A7D587B26
:105860000F79274E91B00C468DF8042000F0F6FA1F
:105870000B348DF80650002502948DF805008DF844
:105880000C702C464FF001094FF00C0847FA05F355
:10589000DB071FD509FA05F0C0B200F002FB10AB20
:1058A00003EB840200F1940308FB006036F8131048
:1058B00022F8301C06EB430300F58270DB8822F8E7
:1058C0002E3C07C810AB08FB0433243B83E80700D9
:1058D0000134E4B2072D03D0032C05F10105D5D125
:1058E00007AA04A901A8F9F7E7FD00231A461946FB
:1058F0000E2000F0CDF911B0BDE8F083943E0120F8
:10590000443D012008B508F007FC054B054A5A60E4
:10591000054B064A5A60BDE8084008F0FFBB00BFCF
:10592000843E012060540700783E0120585407004F
:105930002DE9F04188B04B7C079301200C4600F024
:10594000A7FADFF8588000F19402064638F8127082
:10595000114808EB42020C25D188427D407B06911C
:10596000059200F07BFA4FF4827C15FB06C5454496
:105970000B34DDE90521CDE90105079B009438468C
:10598000F9F750F800231A4619460E2008B0BDE872
:10599000F04100F07DB900BF943E0120443D01205C
:1059A00008B508F0B9FB054B054A5A60054B064A95
:1059B0005A60BDE8084008F0B1BB00BF843E01203A
:1059C00068540700783E0120585407001FB529236A
:1059D0008DF80230074BADF80600D3F8FC30ADF877
:1059E00000108DF803208DF804206846984705B014
:1059F0005DF804FB443D0120437C43B18A880023C9
:105A0000437422B1017C8089D2B2FFF7DFBF7047B7
:105A100038B5836A9A0704460D4609D5F9F72AFF77
:105A2000830705D5A089291DBDE83840F8F7CBBF0D
:105A3000637CA08933B901236374291DBDE8384014
:105A400001F08ABD217C0C22BDE83840FFF7BEBFC3
:105A500013B50C46FFF71EFA38B1732369468DF86B
:105A60000230ADF80440FFF7BFFC02B010BD0000EB
:105A700007B57623ADF80230054BADF80600D3F834
:105A8000FC30ADF804106846984703B05DF804FB9D
:105A9000443D012010B586B0012404940A9C03946F
:105AA0009DF8244002949DF82040CDE9003413462F
:105AB0000A460021FFF746FC06B010BD1FB501F1F4
:105AC0000B03007C02934B7C01938B7A00930B8930
:105AD0008A794979FEF7C4FE05B05DF804FB13B579
:105AE0000446007C0191FEF7F3FE0199204602B0C6
:105AF000BDE81040FFF7ECBB13B50446007C0191F4
:105B0000FEF704FF0199204602B0BDE81040FFF700
:105B100093BB13B50446007C0191FEF7F9FE019991
:105B2000204602B0BDE81040FFF7D2BB08B508F030
:105B3000F3FA054B054A9A60054B064A9A60BDE8A0
:105B4000084008F0EBBA00BF843E012078540700FB
:105B5000783E01207054070008464A7C807901F1A4
:105B60000B030989FFF7E2B807B5CDE90010FFF78D
:105B7000FDF8DDE9001003B05DF804EBFFF7A8BB0A
:105B800007B5CDE90010FFF707F9DDE9001003B014
:105B90005DF804EBFFF750BB07B5CDE90010FFF748
:105BA0000FF9DDE9001003B05DF804EBFFF790BBDF
:105BB00008B508F0B1FA054B054A9A60054B064A4C
:105BC0009A60BDE8084008F0A9BA00BF843E0120F1
:105BD00088540700783E0120705407008B78427D7E
:105BE00030B403F007030B4D03EBC20305EB430294
:105BF00015F81330527843751409074B53F82430C5
:105C00002BB102F00F0230BC53F82230184730BCE1
:105C1000FFF7F0B898540700843E01208278142AD8
:105C2000034612D003D82AB1132A09D07047562A46
:105C30000DD0704707490A748B682022827018477C
:105C400079229A70034B9B68F9E77822F9E77A2268
:105C5000F7E700BF943E012038B50A4B1A7C7AB9A9
:105C60000122094D1A74152455F8043B013C1B68A8
:105C7000984714F0FF04F7D1BDE83840F8F7B0BDFD
:105C800038BD00BF943E012080630020FFF7E4BFD1
:105C900007B58DF80530074B8DF802005B68ADF84D
:105CA00000109B688DF804206846984703B05DF8A3
:105CB00004FB00BF8063002007B56F238DF806301A
:105CC000054B8DF807005B6BADF804109B6801A8CD
:105CD000984703B05DF804FB8063002008B50420FA
:105CE00004F0CAF9014638B138238370034B187B9E
:105CF000BDE8084004F0D5B908BD00BF943E0120BE
:105D000010B501460446044804F014FB2046BDE8E3
:105D10001040F9F794B800BF943E0120F8F732BE66
:105D2000F9F700B8F8F743BE03291ED8DFE801F001
:105D300002090F14032A08D80D4B1844427401219C
:105D400003E0032A11D80A4B1A7508467047012A46
:105D50000BD8074B5A75F2E7012A06D804498B7D08
:105D600023F001031A438A75E9E70021EDE700BF3C
:105D7000943E01200A4601460020FFF7D5BFFFF7F9
:105D8000D3BF0000064A8378127C02B133B9054ABA
:105D9000D25C054B53F822305B681847704700BF50
:105DA000943E012000550700806300207047704733
:105DB000014BDB685B6818478063002010B5094B16
:105DC000094C1A6A094BA0609A429AB008D0F9F7B8
:105DD00057FD442804D8064B019301A8A3689847AF
:105DE0001AB010BD80630020943E0120F4540700D7
:105DF0000000770130B521B1137873B18B429CB2AA
:105E000002D30022104630BD55788542FAD0091BD6
:105E10000139013389B21A44EDE71A46F2E700006E
:105E2000034B002218730348DA751A7401F0C4B9E1
:105E3000943E0120855D0500084649B1054B1B7C59
:105E400033B98B78044ADB0852F823309B68184733
:105E5000704700BF943E012080630020044BDB7D2F
:105E60002BB118B1012808BF0320704702207047EA
:105E7000943E0120054BDB7D33B1022803D003287B
:105E800008BF012070470020704700BF943E0120EA
:105E9000012804D002280CBF0120022070470020F6
:105EA0007047012804D002280CBF0120022070474F
:105EB0000020704730B583782A2B85B0044610D176
:105EC000452203798DF806200022ADF804208DF8D4
:105ED00007308DF80830164B01A8D3F8FC309847EE
:105EE00008E00088FEF7D6FF20B1A378292B03D065
:105EF0002B2B16D005B030BD8589007C2379217A03
:105F0000627A44248DF80640ADF804008DF807301D
:105F10008DF80830ADF80A508DF80C108DF80D2072
:105F2000D9E785892379217A627A007C4624E9E7DA
:105F3000443D012013B5019008F0EEF80198FFF7F9
:105F4000FFF8044608F0EAF82CB1A08902B0BDE8D9
:105F50001040F9F7B4BB02B010BDF9F7C0BB30B5C3
:105F600085B0CDE90210CDE90032BDF8205008F02F
:105F7000D3F80398FFF7E4F8044608F0CFF84CB1E3
:105F8000DDE90032A0890299089505B0BDE83040EE
:105F9000F9F7B7BB05B030BD08B508F0BDF8064B42
:105FA000064A5A624FF4106001220021F8F726FCDD
:105FB000BDE8084008F0B2B88063002058550700DB
:105FC0008378034A03F0070352F82330184700BFD1
:105FD00064550700024A0023D370024AD375704704
:105FE000AC3E0120943E01208378034A03F007036E
:105FF00052F82330184700BF805507004268094B0C
:106000001188818092788271074A5189A0F807101F
:10601000117B4172D17821F00201D1703822428087
:106020009B681847943E0120AC3E0120F0B5174E06
:10603000174FF57815F0010187B004461DD1838A0A
:10604000B0F817203380837DB370ADF80820437E0D
:106050008DF80A300D220DF10B001AF037FC45F0D7
:10606000010520467823F570009330F8043B3A7B15
:1060700002A9FAF741FB07B0F0BD40F23773438045
:10608000BB6807B0BDE8F040184700BFAC3E012038
:10609000943E0120416810B5032204460A481AF0D4
:1060A000DFFB0028084A0CBF00230523E370D378E8
:1060B00023F00103D3703723A370044B20469B6861
:1060C000BDE81040184700BFAC3E0120943E0120BF
:1060D000064A90F82B301372034633F81B1B91804D
:1060E00000F10B02411D0079F8F7A4BFAC3E01207E
:1060F0000146034B31F8052BDA800079F8F7CABF67
:10610000AC3E0120F8F7DBBF024B00795872F8F77C
:10611000EEBF00BFAC3E0120C27A411D0079F9F705
:1061200004B80000F7B5174E174FF17811F00204CC
:1061300005461FD106F10A000321FAF7C5FC337B9F
:106140000D2203F03F0343F040032146B0183373A0
:106150001AF0BCFBF3783A7B43F00203F370284655
:106160007923009330F8043B06F10A01FAF7C4FAE8
:1061700003B0F0BD4FF4E7634380BB6803B0BDE8F4
:10618000F0401847AC3E0120943E01208378153B37
:1061900010B50446052B44D8DFE803F003141F2A8A
:1061A0002D2F3A2383701F4B9A880280197AC27868
:1061B00069B11D49C97D0A4309D101205872F8F718
:1061C00096FF04E03B238370164BDB880380164B5D
:1061D00020469B68BDE8104018473C238370C07878
:1061E0000028F4D1104BDB7D002BF0D00D4BE5E700
:1061F0003D23A370EBE73E23FBE73F238370C37887
:10620000002BE4D1074A0849527ACA75002A18BF00
:1062100001211A460ABF00210D200C20FFF738FD8E
:10622000D5E710BDAC3E0120943E012008B507F033
:1062300073FF044B044A9A61044ADA63BDE80840DC
:1062400007F06CBF80630020945507008855070055
:1062500073B505461A200191164603F00DFF04465A
:1062600098B130238370019920F8046B04F0A7F8EB
:10627000294604F1140004F05DF8054B187B214613
:1062800002B0BDE8704003F00CBF02B070BD00BFAB
:10629000943E01202DE9F74307462C209DF82880E5
:1062A000BDF82C90019116461D4603F0E5FE04460C
:1062B000E0B131238370A0F8009007710199053097
:1062C00004F038F8314604F10B0004F078F8294660
:1062D00004F11B0004F073F8064B84F82B80187B44
:1062E000214603B0BDE8F04303F0DBBE03B0BDE8D8
:1062F000F08300BF943E012073B505460C20019148
:10630000164603F0B9FE044678B132238370068046
:1063100005710199053004F00DF8054B187B2146F5
:1063200002B0BDE8704003F0BCBE02B070BD00BF5B
:10633000943E012008B52C2003F09EFE014638B1A2
:1063400033238370034B187BBDE8084003F0A9BEDC
:1063500008BD00BF943E012010B504462C2003F078
:106360008BFE014650B13423837000230380044B1D
:106370000471BDE81040187B03F093BE10BD00BF50
:10638000943E0120F8F7C1BE73B506460C2001917A
:10639000154603F071FE044678B13523837006710B
:1063A0000199053003F0C6FF054BE572187B2146C5
:1063B00002B0BDE8704003F074BE02B070BD00BF13
:1063C000943E012070B5054614200E4603F054FE9D
:1063D000044668B136238370294620F8046B03F025
:1063E000EEFF044B2146187BBDE8704003F059BE18
:1063F00070BD00BF943E0120064A074B107B187306
:1064000000214FF03010C3E904001175986119772D
:10641000D1737047943E0120C83E01202DE9F84F0A
:10642000064610208846BDF828B0BDF82CA091463D
:106430001F4603F021FE014608B310230025837098
:1064400006712C4646FA05F3DB0705D50B1919F83A
:1064500004205A710134E4B2072D03D0032C05F156
:106460000105EFD1074B81F80880A1F80AB0A1F827
:106470000CA08F73187BBDE8F84F03F012BEBDE887
:10648000F88F00BF943E012008B5042003F0F4FD0E
:10649000014638B111238370034B187BBDE80840D7
:1064A00003F0FFBD08BD00BF943E01202DE9F74F6A
:1064B0000025164E8046894692462C46012748FA0A
:1064C00005F3DB0718D539F814203AF814B0019217
:1064D00007F022FE07FA05F0C0B2FFF7D9FC00F181
:1064E0000803019A26F8132006EB43030134A3F8AE
:1064F00006B007F013FEE4B2072D03D0032C05F11C
:106500000105DCD103B0BDE8F08F00BFC83E01201B
:1065100010B5044607F000FE024BDC73BDE81040E6
:1065200007F0FCBD943E0120704700008378034AC9
:1065300003F0070352F82330184700BFA0550700A7
:1065400083782C2B2DE9F041044643D13B4D2B7F22
:10655000022B2ED195F82130394EABB1394F3B7813
:1065600093B18388A3F11A02012A03D903F0180317
:10657000082B20D195F8203023B10123337000235C
:1065800085F8203000233B7033782BB94C23A3705F
:106590002D4B20469B68984795F821304BB1A38836
:1065A000C3F34113012B04D000233370254B012288
:1065B0001A70BDE8F081026A818B0120FFF71AFC96
:1065C00010B901233370DBE7827895F821301A4245
:1065D000F7D0D7E72D2B0FD1184A002313774B2183
:1065E0001A460D20FFF754FB4B23A370164B204691
:1065F0009B68BDE8F0411847362BDAD10F4A137F6C
:10660000012B0BD0032B12D0A17800234A291A4664
:106610000CBF0C200D20FFF73BFBE7E74A238370FC
:10662000C378B3FA83F35B095B001377ECE74B2382
:106630008370C378003B18BF0123F5E7C83E0120F3
:10664000EC3E0120D4630020943E012007B5084BA6
:106650001B7F023B012B05D82D2301A8ADF8063086
:10666000FFF76EFFFFF7C8FE03B05DF804FB00BF45
:10667000C83E01202DE9F043274E347F87B0054600
:10668000002C45D127464FF001084FF006092B7921
:106690003B41DB0717D508FA07F0C0B2FFF7F8FB5C
:1066A0002A1906AB09FB04330830527903F8102C81
:1066B00036F8102023F8142C06EB40000134C28871
:1066C00023F8122CE4B2072F03D0032C07F10107A3
:1066D000DDD1124CE07BFFF7C1FB01AB2A79217DB4
:1066E000F8F78DFE2B7A012B03D0022B14BF002369
:1066F000032386F821300120002386F820303077EC
:106700006989AB890A22B1FBF2F2A97BF8F7B9FEDD
:1067100007B0BDE8F08300BFC83E0120943E0120D1
:10672000064B1A7F022A07D103221A7700231A4642
:1067300019461846F8F7A5BE704700BFC83E0120AD
:1067400008B507F0E9FC054B054A9A60FFF754FECF
:1067500000F0D0FCBDE8084007F0E0BC80630020FA
:10676000AC5507008378034A03F0070352F823303F
:10677000184700BFB8550700F0B51B4C85B005465B
:106780000120FFF785FB227F03465ABB08332A18F6
:1067900034F81310154E5779F07B039104EB430343
:1067A000DA880292FFF75AFB0346307D0090DDE95C
:1067B00002213846F8F766FB2B7A012B03D0022B17
:1067C00014BF0023032384F82130002384F82030F1
:1067D00001206B892077A97BE38305B0BDE8F040F9
:1067E000F8F740BB05B0F0BDC83E0120943E012043
:1067F00013B50A4C237F023B012B0BD8204603F034
:1068000058FD2523ADF80630054B01A89B68984735
:1068100000232377FFF7F0FD02B010BDC83E012032
:10682000943E0120054B1A7F022A05D10021032244
:1068300008461A77F8F716BB704700BFC83E01201C
:10684000FFF7F0BF8378062B70B5044625D1294D9C
:106850002B7F022B0BD195F82130B3B1837A042B17
:1068600006D195F8203083B1002385F8203070BD23
:106870004268017A0120FFF7BDFA08B90123F4E765
:10688000827895F821301A42F8D02623A3701A4B4B
:1068900020469B68BDE870401847342BE7D1154D62
:1068A0002B7F012B0BD0032B19D0A1780023242997
:1068B0001A460CBF0C200D20FFF7EAF9E7E7C37872
:1068C0005BB9E98B21B112232846AB7103F0EEFCD2
:1068D00002232B772423A370E7E70023F9E7C67888
:1068E0002EB9284603F0E5FC2E772523F3E7022690
:1068F000FAE700BFC83E0120943E012008B507F02A
:106900000BFC044B044A9A60FFF776FDBDE8084093
:1069100007F004BC80630020C455070070B505462D
:106920000078FEF70DFC044620B1AB78282B02D08E
:10693000292B12D070BD007C01220221FEF708FF36
:10694000AB7F23760123A374AA8BA0892B1D05F1AD
:106950001401BDE87040F8F7D1BA2A7D3AB16B7DD9
:106960000376291D8089BDE87040F8F784B9007C62
:106970000221FEF7EDFEA089BDE87040F8F76BB983
:1069800001F0BEB983782A2B07B501D02C2B06D194
:10699000064BD3F8F03013B1019098470198044B9F
:1069A0009B6803B05DF804EB184700BF443D01202D
:1069B000943E0120F7B505460088FEF76BFA0446C1
:1069C000C8B1AB78102B33D1EB89077CABB92C491C
:1069D0000822A81D19F044FF064670B969463846DA
:1069E00001F0B8FC014698B19DF800302376A674FA
:1069F0002888F8F740F903B0F0BD384601F09EFC56
:106A0000012805D1288803B0BDE8F040F8F723B984
:106A1000207C01220221FEF79BFE0123A374237C2C
:106A20002B803023AB70174B28469B689847E2E7D2
:106A30000E3B012BDFD8007C00220221FEF788FEEE
:106A4000237CADF80030EB788DF80330A3B92C230C
:106A50008DF80230237EE375A37C8DF80430684600
:106A6000FFF790FF237CADF800306846EB788DF897
:106A7000033001F0EDFCBEE72D238DF80230EEE788
:106A8000135F0700943E012038B5054604200C46EC
:106A900003F0F2FA38B103228270C4700580BDE8B9
:106AA000384001F031BC38BDF8B5074616200E4617
:106AB000154603F0E1FA044670B1042383700780A1
:106AC000067525B132462946184419F0D7FE2046EE
:106AD000BDE8F84001F018BCF8BD0000044B054AC1
:106AE0005A61054B054AC3E90022FF229A73704799
:106AF00080630020D0550700F03E0120135F07009F
:106B000010B5044607F008FB024B5C60BDE810407E
:106B100007F004BBF03E012010B5044607F0FCFA74
:106B2000024B1C60BDE8104007F0F8BAF03E0120AF
:106B300038B504460D4607F0EFFA0548214685733F
:106B4000083003F0F7FBBDE8384007F0E7BA00BFB4
:106B5000F03E0120014B5868704700BFF03E012015
:106B6000014B1868704700BFF03E01200348837B4B
:106B7000FF2B01D1F8F76EBE08307047F03E0120C0
:106B8000024B987BFF2808BF00207047F03E012091
:106B900010B58378412B8AB0044607D13423837023
:106BA0000F4B9B680AB0BDE810401847402B15D129
:106BB000806803F033FA61680A4C332302A8ADF809
:106BC000063003F0FCFB216806A803F0F8FB206800
:106BD00003F024FA024B01A89B6898470AB010BD45
:106BE000943E0120003F012038B5044606200D46A2
:106BF00003F042FA38B11722057182700480BDE8B3
:106C0000384001F081BB38BD02F012BAF0B504463D
:106C10008DB010200D4603F0DFF91A4E1A4F306088
:106C200008B3214603F0CBFB412003F0D5F904461D
:106C3000B0B12022294602F033F92022294602F081
:106C40002FF9002303704022CDE9003230683B7BEE
:106C500041222146F9F722FE88B9204603F0DEF9E9
:106C6000306803F0DBF92422002103A819F02EFE7E
:106C700040F23373ADF80E3003A8BB6898470DB0EF
:106C8000F0BD00BF003F0120943E012008B5014641
:106C90006022024819F0F2FD08BD00BF043F012048
:106CA00000487047043F012070B5054616200E4687
:106CB00003F0E2F9044670B1058036B11623837003
:106CC0002046BDE8704001F01FBB01460C2228465B
:106CD00002F0EAF9F4E770BD437B827B1B0403EB0F
:106CE0000223C27B1344027B03EB0263024AB3FB21
:106CF000F2F002FB1030704740420F00014B024A95
:106D00001A62704780630020DC55070013B50C46FB
:106D10000192FEF715FA50B1002204768274019BAD
:106D20000449808902B0BDE81040F8F7E7B802B026
:106D300010BD00BF135F07002DE9F843804608200F
:106D40009DF82060894617461D4603F095F980B1ED
:106D5000012305F0070506F00706837080F804900C
:106D600047718571C671A0F80080BDE8F84301F055
:106D7000CBBABDE8F883000070B5064620200D466A
:106D8000144603F079F90146B0B128238370034615
:106D9000224623F8046B04F1180052F8044B43F820
:106DA000044B8242F9D112881A80044B8D77BDE8DA
:106DB0007040187B03F075B970BD00BF943E012090
:106DC0002DE9F843804608209DF820608946174643
:106DD0001D4603F051F980B1022305F0070506F0C6
:106DE0000706837080F8049047718571C671A0F81A
:106DF0000080BDE8F84301F087BABDE8F88338B5F4
:106E0000054606200C4603F037F938B1052282709A
:106E100004710580BDE8384001F076BA38BD000045
:106E2000F7B5074616200D461646019303F024F9E0
:106E3000044688B12923019983700780057546753A
:106E400015B1043003F0BBFA044B187B214603B0A4
:106E5000BDE8F04003F025B903B0F0BD943E012039
:106E6000044A537B23B1118981420CBF134600238E
:106E700018467047643F01207047000000234373A9
:106E800050238B70014B08469B681847943E0120A5
:106E90000023437351238B70014B08469B681847AE
:106EA000943E01200023437353238B70014B08460B
:106EB0009B681847943E01201FB50B7C0293CB8939
:106EC00001938B89054800934A79807D8B1D097950
:106ED000F8F767FB05B05DF804FB00BF943E0120A6
:106EE00013B5044600890191F8F793FB01992046F8
:106EF00002B0BDE81040FFF7CBBFF8F77EBB000043
:106F000070B50B7A0C4605460A3100F8013B03F0D8
:106F100011FA607AFEF7AEFFE871E3882B814F2308
:106F2000A370034B20469B68BDE87040184700BF24
:106F3000943E012070B50B7B0C4605460E3100F8DF
:106F4000013B03F0F7F9607BFEF794FFE87163897A
:106F50002B815223A370034B20469B68BDE87040F1
:106F6000184700BF943E012070B50C4C0D46617B64
:106F7000064689B90E22204619F0A8FC204629466B
:106F800000F8016B03F0D6F94FF6FF73238101235C
:106F9000A3726373204670BD0020FCE7643F0120AC
:106FA00010B5074C637B33B12378834203D1601C57
:106FB00003F0C5F908B9002010BD2046FCE700BF6A
:106FC000643F012001380649C3B20E2202FB0312BE
:106FD000507B18B1C3EBC30301EB4300704700BF04
:106FE000643F012030B4037B8C78084D04F0070423
:106FF000C3EBC303234405EB430415F81330647853
:107000000373034B53F8243030BC1847185607005D
:10701000E855070037B58478312C054607D156234B
:107020008370224B9B6803B0BDE830401847302C7A
:1070300020D100F10A01007AFFF7B2FF58B91C4BCA
:107040005A7B42B11A7B032A05D119894FF6FF7288
:10705000914208BF1846EB78002B14BF5A245B24DA
:10706000AC7000B3837A2B80294603B0BDE8304072
:10707000FFF7B8BF3A2C10D100F10E01007B01914F
:10708000FFF78EFF019910B9287BFFF76DFFEB78B2
:10709000002B14BF5D245E24E2E700882A34FFF74A
:1070A000DFFEE4B2DCE703B030BD00BF943E012058
:1070B000643F012007B53223ADF80230064B5A7BFE
:1070C0003AB11B89ADF804306846ADF80030FFF7DF
:1070D000A1FF03B05DF804FB643F012010B5044636
:1070E0000078FFF76FFF20B12146BDE81040FFF7A1
:1070F00079BF10BD014B024ADA62704780630020FD
:107100000C5607002DE9F84316460746894698466F
:1071100007F002F831463846FFF742FF044620B92F
:1071200031463846FFF720FF044606F0F7FF2CB340
:10713000122002F0A1FF0546C8B1A37A03805823AC
:107140008370077180F805903146063003F0F2F83D
:10715000BDF82030EB8100232B74094BA5F80C807F
:10716000187B294602F09DFFA07ABDE8F88306F05F
:10717000D3FF657306F0D2FF2846F6E72046F4E712
:10718000943E012010B50446042002F075FF01462C
:1071900040B159238370044B0480187BBDE8104034
:1071A00002F07FBF10BD00BF943E0120F8F741BA46
:1071B000F8F756BAF8F76BBA014B9860704700BF02
:1071C000743F0120014BD860704700BF743F01201D
:1071D000014BC3E904017047743F0120034B0022B7
:1071E000C3E9002283F82000F7F7D8BA743F0120E2
:1071F000F8F7FABA704770477047000037B50C4689
:10720000FEF744FA80B2ADF8040078B1084D8DF86D
:107210000640EB6801A898472B698DF8064001A845
:1072200098476B698DF8064001A8984703B030BDB8
:10723000983F012013B50446CDE90021FEF726FA58
:1072400088B1FEF7B3FADDE9002138B9074B9B6935
:107250004BB1204602B0BDE810401847012802D1CA
:10726000024BDB69F4E702B010BD00BF983F01207C
:1072700070B5C278837803EB02239BB2032B0446DC
:107280001ED94279017901EB022189B20A1D93428C
:1072900016D143780078A57900EB0320E37905EB5C
:1072A0000325ADB2052D0D4BC0F30B0005D0062D07
:1072B0000BD0042D0BD11B6800E09B682246984739
:1072C0002046BDE8704002F0E3BE5B68F6E71E6A48
:1072D0000A4623462946B047F2E700BF983F0120FF
:1072E000002102F0D1BE0000094B0A4A0A490B48AE
:1072F000C3E900220A4A9A600A4A5A61C3E9032292
:10730000094A1A62012283F82420FFF761BF00BFF7
:10731000983F0120F5710500FD71050071720500AF
:1073200035720500F9710500F7710500034B04285B
:1073300007BF1960DA6059601A617047983F0120F1
:1073400010B41970D4B2090A5970211D9970111D19
:107350000912120A9871000A1C71D8715DF8044B69
:10736000D9705A711846F7F75BBA70B505460E200A
:107370000E461446FFF7B4FF034680B101220272A5
:107380000222827204730022240AC272467244737B
:1073900029460622BDE870400520FFF7D1BF70BD29
:1073A000014B024A9A617047983F0120EB73050038
:1073B00037B505460E2001911446FFF791FF0346AD
:1073C00088B1132202720222827204730022240AFC
:1073D0000199C272457244730622052003B0BDE8CC
:1073E0003040FFF7ADBF03B030BDF0B5D57A937A2A
:1073F000147A03EB05239BB21D1DA942064685B0F6
:10740000507A3BD1122C39D1082B39D1537B117BC7
:10741000947B157CD77C01EB0321D37B04EB032405
:10742000537C89B205EB0325937CADF80410002250
:1074300003928A1F03EB072392B240F67A47A4B265
:10744000ADB29BB2BA42ADF80640ADF80850ADF807
:107450000A300DD8A1420BD8B4F5486F08D8B5F55D
:10746000FA7F05D20A3B9BB240F6764293420FD98F
:1074700001223146FFF79CFF05B0F0BD012CFBD087
:1074800001460022304605B0BDE8F040FFF76DBF71
:1074900001AA3146FEF7B1F9EEE70000F8B505465E
:1074A0000F461446FEF7F2F8002841D0617A002911
:1074B0003ED0431E1F48267AA27A94F80BC000EBF8
:1074C000030E9EF816E08E452AD102EB0C2292B2F2
:1074D00002F1040C674523D1132E19D1022A21D1C0
:1074E000184400238375477C637B247B114804EB9D
:1074F000032402F0DEFE122FA4B20BD1012E18BF1E
:107500002146284608BF0121BDE8F840FEF7A0BA91
:10751000012EE4E721462846BDE8F840FEF7A8BA68
:10752000012E05D028460022BDE8F840FFF71DBF18
:10753000F8BD00BFC03F0120044B054ADA61054B8E
:107540000022DA821A839A76704700BF983F0120A2
:107550009D740500C03F01202DE9F04106460C4610
:10756000FEF794F800283DD01F4F451E3D444FF0D4
:1075700012081E21384685F8118002F091FE142071
:10758000BE80FFF7ADFE034660B3184980F808805F
:1075900091F824204272FF2AAA751ABF0132D2B292
:1075A000012281F82420082282720022C2722288DD
:1075B00002732288120A4273628882736288120AF6
:1075C000C273A2880274A288120A4274E28882748A
:1075D000E288120AC27431460C22BDE8F04105204F
:1075E000FFF7AEBEBDE8F081C03F0120983F01200B
:1075F000024B01229A71187318747047C03F012022
:107600000B4629B18978012902D11888FEF720BAE2
:1076100070474EF20F13C3801E2102F041BE704727
:1076200010B50446006B18B102F0F8FC0023236388
:10763000204602F03EFE04F1100002F03AFE94F8FB
:107640003A2000239A4214BF0B22012284F83B30D7
:1076500084F83F2084F8433010BDFFF7E1BF38B510
:1076600004460A200D4600F04BFE014638B10523C2
:10767000037245722046BDE8384000F0FDBD38BDBC
:1076800038B505460C46FFF7CBFF95F83D000022C4
:107690000121FEF75DF82B23A3702046BDE838409A
:1076A000FFF770B938B505460C46C978FFF7D7FF24
:1076B00021462846BDE83840FFF7E2BF38B50C4602
:1076C0000A7D05460431006B19F0D8F8237D032BA1
:1076D00007D1286B0D22BDE838400021033019F096
:1076E000F5B838BD10B50446FFF7E8FF206B102150
:1076F0003030F9F7E9F9216B204601F13002BDE89D
:10770000104000F05DBC4A68016B00F0DDBC38B58C
:1077100090F83A30002B14BF0323042380F83F3045
:1077200004460D46FFF775FF192000F0E9FD90B102
:10773000032303726B6800F1090203F1100153F88F
:10774000045B42F8045B8B42F9D101462046BDE858
:10775000384000F091BD38BD4B68016B03F1090260
:1077600030B410311446193354F8045B41F8045B0B
:107770009C42F9D130BC016B00F022BCFFF7C3BFC3
:10778000F0B55E4F97F890318BB004460E465BB370
:10779000836C1B7843B390F843502DBB90F83D00A9
:1077A000FEF704F800280CBF022301238DF82230D5
:1077B0002F238DF80630204694F83D30ADF8043084
:1077C00000F0AAFDCDE90655A36C8DF82300996958
:1077D000ADF82050103102A802F0F1FD01A8FFF72A
:1077E000D1F8072384F84330002E00F08480012E66
:1077F00094F8433004D1072B04D130460BB0F0BDD0
:10780000032E01D8092B76D00A2B74D094F83C3083
:107810000BB10026F1E7192000F072FD05460028A3
:10782000F7D094F843306BB9F00738D5204600F014
:10783000F3FC06232B72216B043105F1090002F0E1
:10784000BEFD11E0062B2AD107230372236B9B8B0D
:107850004372236B9B8B1B0A8372226B5369C0F8A4
:107860000B309369C0F80F302B7A84F843302946E7
:10787000204600F001FD94F83C60002EC9D10420A0
:1078800002F0FAFB01460028C3D00C23837094F861
:107890003D30038097F8840102F003FCADE7B107A7
:1078A00008D50BB1072B05D108232B72FFF758F928
:1078B0000146C2E7082B0CD109232B72FFF760F9B0
:1078C0006872FFF753F9014605F10A0002F032FD34
:1078D000CAE772070CD5092B0AD840F2812222FA96
:1078E00003F3DB0704D50A232B72FFF733F9DFE735
:1078F000284602F0CDFB01267FE700BF344001207F
:1079000070B50546107A06280C461E4602F109019C
:1079100004D1201D02F053FD002123E00738032885
:10792000FAD801A353F820F039790500137905003E
:10793000897905009D790500917A537A03EB01233B
:10794000A383D2F80B306361D2F80F30A36195F8AE
:10795000403013F0040F14BF02230123E377022306
:10796000A377012195F83F20062A01D0082A1AD1D1
:10797000013285F83F20002521B12F23A370204636
:10798000FFF700F8284670BD537AA37602F10A018A
:1079900004F1140002F0CEFC0423E1E7201D02F004
:1079A0000EFD0823DCE7B00705D5072A03D108231D
:1079B00085F83F30DFE7730705D5072A01D0092A8C
:1079C00001D10A23F4E70125D6E700BF10B504462C
:1079D000FFF768FE94F83D0000F0C8F91023014657
:1079E000A375E01802F062FC002384F8423010BD59
:1079F000012380F84230704740F62B1308464B8035
:107A0000FEF7C0BF4EF22B1308464B80FEF7BABFFD
:107A100038B590F8423004460D4683B1002380F813
:107A200042300921FFF71BFE40F62B1328466B80DE
:107A3000FEF7A8FF2046BDE83840FFF7F1BD38BD8E
:107A400013B50446FFF7ECFD94F83D000022012138
:107A5000FDF77EFE94F840308DF8043094F83D3008
:107A6000ADF8003068462A238DF80230FEF78AFF11
:107A700002B010BD70B5044690F83D000D46FDF70C
:107A800095FE134B94F83E10AE78D3E95F2301289E
:107A900018BF1A46136853F821100B461978B142E3
:107AA0000BD1597884F83E1099785368204653F8E2
:107AB00021302946BDE87040184713F8031F0029FC
:107AC000ECD1916801F10C008342E6D170BD00BF9A
:107AD0003440012013B5044690F83D000191FDF7B4
:107AE0002DFE019928B9204602B0BDE81040FFF7ED
:107AF000C7BD1F2320468B7002B0BDE81040FFF7C2
:107B0000B9BF000013B5002313700B7090F822303A
:107B1000012B2AD190F82930012B26D10B7090F837
:107B2000233090F82A20134043F00403002180F80A
:107B3000403090F83A30002B4FD090F82330314A43
:107B4000126800294CD0117A0B405B0748D590F899
:107B50003D30ADF8043040F2033301A9ADF80630F2
:107B6000FFF788FF002002B010BD90F823104B07EC
:107B700003D490F82A305C070BD590F82140032CF1
:107B800007D090F82830032B03D0012C08D8012B04
:107B900021D890F82A300B4003F0FB030121C6E7FF
:107BA000042C16D1022B16D0191F4B424B41DBB2CD
:107BB000137090F82810022903D190F8211002299F
:107BC000ADD090F83A10002908BF83F0010313707C
:107BD000A5E70023EBE70123E9E790F82A30AEE7B9
:107BE000537990F824209A4203D390F82B209A429C
:107BF00006D290F83D30ADF8043040F20363ACE7B4
:107C00000120B0E76463002010B590F8403090F890
:107C10003D4086B013F00403ADF800400BD02E2396
:107C200068468DF802308DF804108DF80520FEF7B7
:107C3000A9FE06B010BD0422ADF804308DF8063060
:107C4000694603238DF802208DF81430FFF712FFE8
:107C5000EFE7C37933B9C36823B90089003818BF87
:107C60000120704701207047F8B50446FDF72CFD50
:107C7000FEF700F906462046FDF730FD174C054695
:107C800002272046FFF7E5FF28B9012F04F1180469
:107C90000CD00127F5E7A379B342F6D12946204657
:107CA00002F04DFB0028F0D02046F8BD0B48FFF74E
:107CB000D0FF78B10A48FFF7CCFF68B9084C18220A
:107CC0000021204618F002FEA6712946204602F047
:107CD00031FBE9E7014CF2E7024CE5E7F43F012014
:107CE0000C400120DC3F0120044890F8553023B9B6
:107CF0004FF47A71483002F0D9BA7047DC3F012066
:107D000010B50B4C94F85530012B03D104F1480009
:107D100002F0CFFA06485822002118F0D7FD054B93
:107D200093F8843184F85430202384F84E3010BD09
:107D3000DC3F01203440012008B5FFF795FFC06803
:107D400008BD000010B50C46FFF78EFFC4711CB1D2
:107D5000024B1B68DB68436110BD00BF64630020F9
:107D600008B5FFF781FFC07908BD000010B5FFF727
:107D70007BFF01890C4A0446A1B113689B8A13FB5F
:107D800001F39BB211680A68C8685A43824298BFDF
:107D900023810B698CBFE060E2602361FFF7A4FFE1
:107DA000E06810BD0123EDE76463002008B5FFF72C
:107DB0005BFF024B1B681B69036108BD6463002005
:107DC000F8B51E4C1E4E03252046FFF742FF70B348
:107DD0002269E368B2F57A7F38BF4FF47A72B3F55F
:107DE0007A7F38BF4FF47A73A3F57A73E3606369DF
:107DF000B3F57A7F38BF4FF47A73A2F57A72A3F5A0
:107E00007A732261636152B932682089918AB0FB2A
:107E1000F1F7884228BF1269278128BF226103B980
:107E2000E3712046FFF715FF08B1FFF75DFF013D45
:107E300015F0FF0504F11804C6D1F8BDDC3F0120A0
:107E400064630020F7B505460078AB783A4E272BDF
:107E500000F1FF344CD1FDF7A9FC4C2101FB046477
:107E6000002814BF01230B23287884F83F304FF0FB
:107E70000007EB88238714BF0022012284F83A20F0
:107E800084F83D0084F83B7084F83C70FFF768FF8D
:107E900084F8437084F8420084F83E7084F844709B
:107EA0002C782046FFF748FF0546002842D096F878
:107EB00090312046ABB1FDF779FC01280CBF26229A
:107EC00024224C23013C5C433319294683F83E208D
:107ED0001022144430199A7503B0BDE8F04002F046
:107EE000E5B9FDF763FC01280CBF0D220C22E8E781
:107EF0004C2202FB046494F83D20DAB1282B19D1FE
:107F000094F84210FFF71EFF2B88ADF804300A23C7
:107F10008DF806302B7A2046203301A98DF80730E2
:107F2000FFF7A8FD606B002584F83D5010B102F00A
:107F3000AFF8656303B0F0BD3440012008B5FDF72C
:107F4000A5FB20B1024B01384C2202FB003008BDDA
:107F50003440012030B587B00D461446FFF7EEFFE0
:107F6000D8B1237A5A1E0D2A17D8104AD25CAA42D9
:107F700013D190F83F209A4211D0052B0DD1072341
:107F80008DF80230637A8DF8033090F83D30ADF80B
:107F9000003069460194FFF76DFD07B030BD052A3A
:107FA000EDD006238DF80230EFE700BF50560700F2
:107FB000024B4C22013802FB003070473440012054
:107FC000F0B5044689B094F83A3090F83D000F4679
:107FD0001646002B5BD0FDF7A7FB02F0BDF9002889
:107FE00053D094F83D00FDF781FB054694F83D0021
:107FF000FDF790FB02F0B0F9002860D094F83D0046
:10800000FDF762FB33460DF1120113F8022B5540C8
:1080100072788DF8105080EA02058DF8115004F145
:10802000200006F1090513F801CB10F8012BAB4233
:1080300082EA0C0201F8012BF5D104F12700103679
:108040000DF1190113F8015B10F8012BB34282EA1C
:10805000050201F8012BF5D10B231A4A009392F87F
:10806000842194F83D3004A93846F8F745FBFF28F1
:1080700084F8410007D140F6030303A92046ADF878
:108080000E30FFF7F7FC09B0F0BD0125AEE7FDF7B4
:1080900041FB02F061F980B194F83D00FDF714FB5B
:1080A000054694F83D00FDF73FFB02F055F930B16D
:1080B00094F83D00FDF71AFBA4E70125F1E7012044
:1080C000A0E700BF344001202DE9F041044688B00C
:1080D00094F83A3090F83D0088461746002B58D067
:1080E000FDF722FB054602F037F920B194F83D0078
:1080F000FDF706FB054694F83D00FDF70BFB064631
:1081000002F02AF920B194F83D00FDF7E7FA06469F
:1081100004A8BB1D3A46014616F801CB12F801EB44
:108120008CEA0E0C9A4200F801CBF5D107F10C064F
:108130000DF1160015F8012B13F801CB82EA0C02A1
:10814000B34200F8012BF5D13B7B8DF81C307B7BD3
:108150008DF81D30BB7B8DF81E30FB7B8DF81F30FA
:10816000184A0B23009392F8842194F83D3040463E
:10817000F8F7C2FAFF2884F8410007D140F603035C
:1081800003A92046ADF80E30FFF774FC08B0BDE837
:10819000F081FDF7BFFA054602F0DEF820B194F851
:1081A0003D00FDF79BFA054694F83D00FDF7BCFA4B
:1081B000064602F0D1F80028AAD094F83D00FDF759
:1081C0009FFAA4E73440012070B588B016460446F3
:1081D0000D4604A8194602F0FBF8314606A802F045
:1081E000F7F80B230B4A009392F8842194F83D3062
:1081F00004A92846F8F780FAFF2884F8410007D13F
:1082000040F6030303A92046ADF80E30FFF732FC19
:1082100008B070BD3440012070B5046B261D94F881
:10822000201005463046F8F74FFC94F82000002156
:10823000C0F11002304418F049FB94F8312094F852
:10824000303003EB0223A383D4F832306361D4F8D7
:108250003630A3610123A37795F8403013F0040F63
:1082600014BF02230123E3772F23A3702046BDE828
:108270007040FEF787BB000070B590F83C300446B4
:108280000D462BB1406B08B101F002FF656370BD74
:108290000A7A0B460349BDE870408A5C018F0620CC
:1082A000FFF74EB850560700F8B50778134E013F58
:1082B0004C2404FB0764054694F83D30E3B1837811
:1082C000012B0CBF0123002384F83C3014D0616BD8
:1082D00021B1002363632046FFF7CEFF4C2303FB4D
:1082E000076696F83E303BB10C23AB70294620461A
:1082F000BDE8F840FFF7BEBBF8BD00BF3440012029
:10830000002101F0C1BE0000024B014693F8840138
:1083100001F0C7BE3440012090F840305B070BD518
:1083200090F8243090F82B20934228BF1346102B4E
:108330000CBF03200220704701207047044B013816
:108340004C2202FB0033986C00B10078704700BFEC
:108350003440012038B5144B421E4C2404FB023437
:1083600094F8440070B193F8900160B1A06C057866
:108370004DB1806938B12046FFF7CEFF0870A36C7D
:108380009869103038BD4C2000FB0233186B002870
:10839000F8D093F8402012F0040F14BF02220122FB
:1083A0000A70186B2030EDE73440012070B50E4C98
:1083B000064684F88401FFF7A3FC01202346451CF0
:1083C00098809882A8B206281E731E7703F14C038A
:1083D000F5D10649064AFEF7A9FFBDE870400549F8
:1083E0000120FDF74FB800BF34400120557F050044
:1083F000A9820500457E050010B50C4629B38B788F
:10840000202B03D1BDE81040FFF7DABC1C2B03D1B1
:10841000886808B101F002FE23780C48013B4C2229
:1084200002FB030292F83D1079B1A1780B2904D127
:1084300092F84110E278914207D14C22214602FB8A
:108440000300BDE81040FFF715BB10BD344001200C
:10845000C378002B0CBF082309230146837000203A
:10846000FFF7CABFF7B5074690F83D000C46FCF78A
:1084700067FE0546B8B197F83A30661CB3B100F113
:108480001A010846019101F067FF20B90123019903
:108490002370062203E02B7D23700622A9183046A4
:1084A00001F0BCFF0734204603B0F0BD00F120010D
:1084B0000846019101F050FF0028E7D0EB7C2370C3
:1084C00006222946EBE7F7B5074690F83D000C4633
:1084D000FCF736FE0546B8B197F83A30661CB3B1E2
:1084E00000F120010846019101F036FF20B9012377
:1084F00001992370062203E0EB7C237006222946B3
:10850000304601F08BFF0734204603B0F0BD00F188
:108510001A010846019101F01FFF0028E7D02B7DCA
:1085200023700622A918EBE7F7B5002313700B7030
:1085300090F8233090F8225013F0080F04463FD0F3
:1085400090F82A301B073BD5012D03D090F8293035
:10855000012B3CD101230B7000250B789BB994F8BB
:1085600023305F0703D494F82A305E070BD594F8C4
:108570002100032807D094F82830032B03D00128CA
:1085800027D8012B41D894F8237094F83DC03B07BD
:1085900040F1D08094F82A00060740F1CB807C4B54
:1085A00093F890619EBB40F2033301A92046ADF8D9
:1085B00004C0ADF80630FFF75DFA304603B0F0BDF9
:1085C000012D04D194F82930012BC6D1C2E7012531
:1085D000C3E7042817D1022B17D0181F4342434189
:1085E000DBB2137094F82800022803D194F821001C
:1085F000022806D094F83A00002808BF83F001034F
:1086000013700025BFE70023EAE70123E8E7A36C26
:1086100040F201161E8012781A710978002957D08D
:1086200002225A702046ADF804C000F054FB002826
:108630007BD0A36CDE68FEF733FB334600F12002EB
:1086400050F8041B43F8041B9042F9D1A36CDE6878
:10865000FEF726FB203600F120023346403052F868
:10866000041B43F8041B8242F9D1A36C1E69FEF778
:1086700017FB334600F14002603052F8041B43F808
:10868000041B8242F9D1112301A920468DF806303E
:10869000FFF7F0F994F8231094F82A3003EA010266
:1086A000002D5FD142F0040284F8402094F83A2073
:1086B000002A18BF0B46374A1268002D55D0117A90
:1086C0000B405B0751D594F83D30ADF8043039E0EC
:1086D00094F82820CDB90321042A597007D194F8C1
:1086E0002120012A01D0042A06D1042299E7012A77
:1086F00002D194F82120F6E717F010070FD010F000
:1087000010000ED001229A708CE7012A8AD194F8C9
:108710002100012807D104225A700D4682E73D4608
:1087200080E705467EE715467CE708238DF807308D
:108730000323A9E7174B1B681B7A13F008030BD020
:10874000ADF804C040F2033301A92046ADF806306D
:108750000026FFF78FF930E7A26C1370ADF804C064
:10876000122391E702F0FB029EE7537994F824204C
:108770009A4203D394F82B209A4206D294F83D30C3
:10878000ADF8043040F20363DEE7012615E700BFD1
:10879000344001206463002030B5846C90F83D3093
:1087A000257887B0A5B990F84040640713D4ADF898
:1087B000003004238DF802300023ADF804308DF82A
:1087C0000630694603238DF81430FFF753F90EE0A5
:1087D0006478022CEBD1ADF8003068462E238DF87A
:1087E00002308DF804108DF80520FEF7CBF807B0A5
:1087F00030BD10B50446FEF730FF2046BDE81040FE
:1088000000F09CBA38B504460D46FFF7F2FF294642
:108810002046BDE83840FEF733BF38B505460C4664
:10882000C978FEF71CFF21462846BDE83840FFF70F
:10883000E9BF37B5836C4D6804462022986805F17E
:10884000090101F0EBFDA36C9868202205F12901D4
:10885000104401F0E3FD94F83D30ADF80430A36C12
:108860005B78013B032B0ED8DFE803F002120B020A
:10887000132301A920468DF80630FFF7FBF803B05B
:1088800030BD1423F5E708238DF807300323F0E704
:108890001523EEE77FB5836C0022DA70032180F8A0
:1088A0003F108DF8042090F83D101B79ADF80010B2
:1088B00068462E218DF802108DF80530FEF762F81B
:1088C00007B05DF804FB37B5836C90F83A40D3E904
:1088D00002525B69103301933CB1002300931346AD
:1088E0002A4600F087FA03B030BD00942B46F8E723
:1088F00073B50A4604460E460146502000F06AFA57
:108900000546C8B194F83A20A36CBAB1D9682022C0
:1089100000F0C6FAA36C9968202200F0C1FAA36C9B
:108920005969103100F0C3FAA06C009640692346E3
:108930005022294600F02EFA02B070BD996820221C
:1089400000F0AEFAA36C2022D968E6E710B5836C7C
:108950005B78042B86B004460FD102A8496801F069
:108960002EFD94F83D30ADF8043001A83523ADF864
:108970000630FEF707F806B010BD90F83D30ADF8B0
:10898000043001A91623ADF80630FFF773F8F2E7BB
:1089900037B54D682C7A0E2C0ED16B7A8DF80430D9
:1089A00090F83D30ADF8003068463623ADF802301F
:1089B000FDF7E8FF03B030BD032CFBD11E224A8037
:1089C00003B0BDE83040FFF755B838B5836C9B78ED
:1089D00004460D46C3B1FEF71CFE0A20FFF790FCCB
:1089E000014640B10E2303722B7943722046BDE845
:1089F0003840FFF741BC40F603036B802946204610
:108A0000BDE83840FFF736B838BD0000F0B5D0F803
:108A100048C0DCF8103099B004460D4610AE03F1A2
:108A2000200718685968324603C20833BB4216460D
:108A3000F7D1DCF808306A4603F1200E17461868B3
:108A40005968164603C6083373453246F7D1DCF839
:108A500008200DF1200C02F12003403218685968FB
:108A6000664603C608339342B446F7D1094994F8E1
:108A70003D2091F8841119233846F7F77DFF30B96E
:108A80004EF203036B8029462046FEF7F3FF19B030
:108A9000F0BD00BF34400120F0B5CB7887B005466B
:108AA0000C4633BB0A460146202000F093F90646E7
:108AB000E8B1164B02AA03F1100E944618685968E3
:108AC000174603C7083373453A46F7D1231D32468C
:108AD00004F1240153F8040B42F8040B8B42F9D142
:108AE00000942B4620223146604600F053F907B02F
:108AF000F0BD90F83D000B2200F0D6FA2146284642
:108B000007B0BDE8F040FEF7B5BF00BF5F560700F5
:108B1000836CF7B5044698690E461030496801F039
:108B20004EFC32462146352000F054F9054618B374
:108B300000270422114900F8017B00F0B1F9A36C71
:108B4000596900F0B4F9A36C5969103100F0AFF91C
:108B500001462046FFF786FC01462046FFF7B3FC9E
:108B6000012303704770A36C986900962346352251
:108B70002946103000F00EF903B0F0BD7056070022
:108B8000836CF7B504460E469869496801F017FCF6
:108B900032462146352000F01DF9054618B301275D
:108BA0000422124900F8017B00F07AF9A36C59699C
:108BB00000F07DF9A36C5969103100F078F9014695
:108BC0002046FFF74FFC01462046FFF77CFC0023C0
:108BD00007704370A36C9869009623463522294696
:108BE000103000F0D7F803B0F0BD00BF705607009A
:108BF000836C73B504469869102210440D46496889
:108C000001F00CFC2A462146412000F0E3F806461C
:108C100030B3A36C596900F04AF9A36C596910315B
:108C200000F045F9A36C5969303100F040F994F82F
:108C30002330037094F82230437094F8213083700D
:108C4000C11C2046FFF70EFC01462046FFF73BFC07
:108C5000A06C0095806923464122314600F09AF8C5
:108C600002B070BD73B50A4604460D460146412068
:108C700000F0B0F8064630B3A36C5969103100F02B
:108C800016F9A36C596900F012F9A36C59692031E7
:108C900000F00DF994F82A30037094F829304370ED
:108CA00094F828308370C11C2046FFF70CFC014665
:108CB0002046FFF7D7FBA06C009580692346412230
:108CC000314600F067F8A36C6968586902B0BDE8E6
:108CD000704001F074BB38B5856C6B6904461BB9F4
:108CE000602001F079F96861A56CAB681BB9402080
:108CF00001F072F9A860A56CAB691BB9202001F0E6
:108D00006BF9A861A56CEB681BB9402001F064F910
:108D1000E860A56C2B691BB9202001F05DF9286182
:108D2000A36C586948B1986838B1986928B1D86877
:108D300018B11869003818BF012038BD836C10B510
:108D40000446586920B101F069F9A36C00225A6108
:108D5000A36C986820B101F061F9A36C00229A60BD
:108D6000A36C986920B101F059F9A36C00229A61B3
:108D7000A36CD86820B101F051F9A36C0022DA602D
:108D8000A36C186920B101F049F9A36C00221A61A3
:108D900010BD000073B51C461C23019394F83D30B0
:108DA00000930B4B069E93F884310D46F7F776FD42
:108DB00060B9284601F032F940F6030331462046F7
:108DC000738002B0BDE87040FEF754BE02B070BDC3
:108DD0003440012070B50E46154601F0FDF80446FA
:108DE00030B940F603036B8029463046FEF742FE59
:108DF000204670BD2DE9F04706460F4615460A4647
:108E0000014641209DF82090DDF824801C46FFF7A4
:108E1000E1FFF8B12A46034605F1200152F8045B50
:108E200043F8045B8A42F9D1234600F1200204F1A1
:108E3000200153F8044B42F8044B8B42F9D180F8DF
:108E4000409033460897014641224046BDE8F0472E
:108E5000FFF7A0BFBDE8F0870D4A0E4B02F11C01E1
:108E6000C3F8941002F138019A64C3F8E01002F1DB
:108E700054017032C3F87821074AC3F88821074AA1
:108E8000C3F88C210122C3F82C1183F8902170477C
:108E9000C84101203440012029850500998705003B
:108EA00038B50546144617F0E9FC281938BD10B549
:108EB000044601F084FA04F1100010BD70B50122DF
:108EC00004460E4690F83D001146FCF741FC204652
:108ED000FEF79FFB4920FFF713FA0546A8B10C23C4
:108EE0000372A36C2022D968093001F097FAA36CB1
:108EF000D968202205F12900114401F08FFA294692
:108F00002046BDE87040FFF7B7B940F60303738011
:108F100031462046BDE87040FEF7ACBDF8B51746B7
:108F2000012204460E4690F83D001146FCF710FC65
:108F30002046FEF76EFB1920FFF7E2F9054660B107
:108F40000D23037239460930102201F067FA2946D1
:108F50002046BDE8F840FFF78FB940F60303738061
:108F600031462046BDE8F840FEF784BDF8B5174607
:108F7000012204460E4690F83D001146FCF7E8FB3E
:108F80002046FEF746FB1920FFF7BAF9054660B107
:108F90000423037239460930102201F03FFA2946B2
:108FA0002046BDE8F840FFF767B940F60303738039
:108FB00031462046BDE8F840FEF75CBDF8B51746DF
:108FC000012204460E4690F83D001146FCF7C0FB16
:108FD0002046FEF71EFB1920FFF792F9054660B107
:108FE0000323037239460930102201F017FA29468B
:108FF0002046BDE8F840FFF73FB940F60303738011
:1090000031462046BDE8F840FEF734BD836CDA787F
:109010005969D308C3F10F0351FA83F302F0070231
:1090200093F82000104100F0010040F080007047EC
:10903000F8B50D46FEF7BCFF826C90F83A30044656
:1090400005F11001506905F1300705F12006B3B1B3
:10905000503001F0B4F9A36C58692946203001F072
:10906000AEF9A36C58693946403001F0A8F9A36CF9
:10907000586931463030BDE8F84001F0A0B94030C1
:1090800001F09DF9A36C58692946303001F097F939
:10909000A36C58693946503001F091F9A36C5869B6
:1090A00031462030E7E70000F8B50C461746064683
:1090B000FEF77EFF90F84230013380F842300546DB
:1090C0002680E7703046FEF771FE054B1A6895F86A
:1090D0004230D27993420CBF0D230323A370F8BD15
:1090E0006463002013B504220DEB0201044690F8DE
:1090F0003D00FFF7D9FF01A92046FEF7BBFC02B0F7
:1091000010BD000038B5012204460D4690F83D0020
:109110001146FCF71DFB022384F83F302046FEF782
:1091200078FA402000F058FF20630F20FFF7E8F89E
:109130000146D8B1012303720D4B1B681A794272A4
:109140002A7982726A79C2729B790373AB7943730D
:10915000EB798373836823628389A384837B84F898
:1091600026302046BDE83840FFF786B838BD00BF3E
:109170006463002090F83B202AB1002280F83B2055
:10918000C978FEF76CBA704707B5012380F83B3009
:109190004B685B7A8DF8043090F83D30ADF80030C4
:1091A000684632238DF80230FDF7ECFB03B05DF822
:1091B00004FB000037B54B6890F825509A68C0F85A
:1091C00027209A89A0F82B209A7B80F82D205A7BA3
:1091D000AA43044604D190F826209B7B934308D0F1
:1091E00040F6032320464B8003B0BDE83040FEF735
:1091F00041BC094D0DF10702D5F888310DF106018A
:10920000984738B1D5F88C319DF807209DF80610A5
:109210002046984703B030BD3440012038B5026B7A
:109220004B68044603F109012032193351F8040B4D
:1092300042F8040B9942F9D10425204684F83F50A6
:10924000FEF7E7F91920FFF75BF8014680B10572D8
:10925000236B093003F13002403352F8045B40F8CD
:10926000045B9A42F9D12046BDE83840FFF704B8C4
:1092700038BD000070B5066B0D46044610226868C4
:1092800006F1200117F0ECFAD0B10423EB7094F84A
:10929000423094F83D00013384F84230FEF786FDF9
:1092A0000C4B1A6894F84230D27993420CBF0D23CC
:1092B0000323AB7029462046BDE87040FEF7DABBB9
:1092C00006F1300306F1100231462046BDE8704039
:1092D000FEF77ABF6463002030B590F82B5090F809
:1092E000243049689D4285B028BF1D4604462A4661
:1092F000684617F0C3FA0021C5F110020DEB050016
:1093000017F0E4FA012384F8443094F8403094F8DC
:109310003D0013F0040F6A4614BF02210121FDF73E
:10932000F5FC05B030BD000038B504460D46FEF72B
:1093300070F9236B94F83D201A8094F8402012F0C5
:10934000040F14BF02220122DA7794F82B2094F83C
:1093500024108A4228BF0A4683F82020002394F86C
:109360002D2084F83F3094F826301340D80710D5CC
:109370000E4A92F8902192B1A26C12787AB19907B4
:1093800011D40C23AB7029462046BDE83840FEF7C7
:1093900071BB9A0707D45B07F3D50A2300E00623C5
:1093A00084F83F3038BD0823FAE700BF344001207D
:1093B00038B590F8262090F82D300D4613404A68B5
:1093C000016B0446FEF79CFA50B1002384F83F304D
:1093D0000C23AB7029462046BDE83840FEF74ABB57
:1093E00038BD38B590F83F2090F82C300D46044633
:1093F00090F825105AB91940FEF7C2F938B10E237A
:10940000AB7029462046BDE83840FEF733BB38BD77
:10941000FFF70FBA0C2380F83F30FFF74FBD000075
:10942000836C10B5044610215869F7F74DFBA36C07
:1094300007495869203000F0C2FFA36C04495869FD
:10944000303000F0BCFF032384F83F3010BD00BF74
:10945000135F070038B5836C04460D4658694968A8
:1094600010220931403000F0D9FF042384F83F3046
:10947000A36C29465A692046BDE83840FFF776BDFF
:1094800038B5836C04460D46586949681022093185
:10949000104400F0C3FF29462046BDE83840FFF7DE
:1094A00012BA38B5836C044658690D4610224968D3
:1094B000403017F0D5F920B12046BDE83840FFF71D
:1094C00011BE29462046BDE83840FFF711BA00001A
:1094D00030B5836C04465869DB7885B00D46D3B946
:1094E0001949203000F06BFFA36C174958693030E0
:1094F00000F065FF2A7D032A0DD8A36C5869291D49
:109500002D30029100F08AFFA36C2A7D58690299E0
:109510003D3000F083FFA36C10215869F7F7D4FAAF
:10952000A36C2046DA689B6803920293FFF76EFDF6
:10953000A16C4969DDE90232CDE9000129462046E6
:10954000FFF758FC05B030BD135F070030B5836CE2
:1095500004460D4658694968102285B00931104407
:1095600000F05CFFA36C20469A68DB6803920293CC
:10957000FFF74CFDA16C49691031CDE90001DDE92F
:10958000023229462046FFF735FC05B030BD4A6857
:10959000FFF714BDFFF75EBF37B5856C4968044619
:1095A00068691022403017F05BF928B1204603B0FB
:1095B000BDE83040FFF796BDEB780133DBB2132BEB
:1095C000EB709BBF032384F83F301B231A238DF8D5
:1095D000063001A994F83D30ADF804302046FEF77E
:1095E00049FA03B030BD000030B590F82930012BA6
:1095F00087B004460D4605D0836C14495869203065
:1096000000F0DDFEA36C94F822205869012A00F1D5
:1096100030000AD19B6801900022009229461A4628
:109620002046FFF7E7FB07B030BD084900F0C7FE52
:1096300094F83D30ADF80C301C238DF80E3003A9A2
:10964000002320460593FEF715FAECE7135F0700A9
:1096500070B5836C5E6990F82230012B04460D468C
:109660000BD14968102206F1400017F0F9F820B13B
:109670002046BDE87040FFF735BD042384F83F3035
:1096800030461021F7F720FAA36C294620465A6984
:10969000BDE87040FFF76ABC38B5836C04460D46E0
:1096A0005869496810220931104400F0B7FE294674
:1096B0002046BDE83840FFF7A9B938B5836C0446A9
:1096C000586910220D461044496800F0A7FE0D238A
:1096D00084F83F30A36C29465A692046BDE83840DB
:1096E000FFF71CBCF0B5876C04467B694868102204
:1096F00085B09918093017F0B3F8064610BB94F8F6
:109700002B5094F82430B9699D4228BF1D462A4643
:109710001031684617F0B2F8C5F1100231460DEB72
:10972000050017F0D3F8012384F84430204694F85C
:109730003D50FEF7F1FD6A4601462846FDF7E6FA80
:1097400005B0F0BD0B238DF8033094F8423094F847
:109750003D00ADF80000013384F84230FEF726FBEF
:10976000074B1A6894F84230D279694693420CBF8D
:109770000D231D2320468DF80230FEF77BF9DFE72D
:1097800064630020024B034AC3F88021FFF764BBE7
:109790003440012040570700054B064AC3F880219A
:1097A000054AC3F88821054AC3F88C21704700BFD9
:1097B00034400120A4590700057B0500097C050001
:1097C00038B50D460446FDF724FF0A20FEF798FD44
:1097D000014640B10B2303722B7943722046BDE84A
:1097E0003840FEF749BD38BD036B37B504460D461A
:1097F00073B9402000F0F0FB206348B940F6030342
:10980000294620466B8003B0BDE83040FEF732B9F0
:109810000122114694F83D00FBF79AFF6B689A68A5
:1098200022629A89A2849A7B84F826209A7A8DF8FB
:109830000520DA7A8DF804205A7B9B7B8DF807305F
:1098400094F83D30ADF80030684631238DF806209D
:109850008DF80230FDF796F803B030BD73B50223E2
:1098600080F82730234B244E1B681A7980F8282073
:109870000A7980F829204A7980F82A209B7980F893
:109880002B308B7980F82C30CB7980F82D300D4639
:10989000D6F888310DF107020DF10601044698470C
:1098A00030B36A7994F82330134013F0080F14BFD3
:1098B0000C23032384F83F302046FDF7AAFE0F2037
:1098C000FEF71EFD014658B1D4F827308360B4F886
:1098D0002B30838194F82D3083732046FEF7CCFC27
:1098E000D6F88C319DF807209DF806102046984741
:1098F00002B070BD646300203440012010B54B6895
:10990000026B03F109012032193351F8044B42F87C
:10991000044B9942F9D1002380F83F3010BD10B5B7
:10992000FFF7ECFF0446006B10213030F7F7CCF85E
:10993000216B204601F13002BDE81040FEF740BB2C
:1099400070B5066B0D4604461022686806F12001CA
:1099500016F086FFD0B194F8423094F83D00013300
:1099600084F84230FEF722FA0423EB700C4B1A689D
:1099700094F84230D27993420CBF0D230323AB708D
:1099800029462046BDE87040FEF774B806F1100382
:1099900006F1300231462046BDE87040FEF714BCA7
:1099A0006463002038B590F82B5090F82430496853
:1099B0009D420446006B28BF1D462A46203016F003
:1099C0005DFF206B20300021C5F11002284416F005
:1099D0007DFF012384F844302046FDF71AFE19204C
:1099E000FEF78EFC014688B104230372236B093015
:1099F00003F13002403352F8045B40F8045B9A42B2
:109A0000F9D12046BDE83840FEF736BC38BD00002D
:109A100070B590F83F6090F82D300D46044690F8F0
:109A20002610C6B91940FDF7ABFEA0B194F8253059
:109A300094F82C2084F83F601340D8070ED50E4AC6
:109A400092F8902142B1A26C12782AB199070BD5F5
:109A5000082384F83F3070BD0623FAE79A07F7D44D
:109A60005B0701D50A23F4E70E23AB702946204695
:109A7000BDE87040FDF7FEBF3440012013B5002360
:109A8000044680F83F300191FDF7C3FD236B94F845
:109A90003D201A8094F84020019912F0040F14BF61
:109AA00002220122DA7794F8240094F82B208242D3
:109AB00028BF0246204683F8202002B0BDE81040AF
:109AC000FFF7A6BF38B590F8252090F82C300D464A
:109AD00013404A68016B0446FDF712FF38B10E23AC
:109AE000AB7029462046BDE83840FDF7C3BF38BDFE
:109AF00037B5836C5A78032A04460D461ED158693F
:109B00000F49203000F05BFCA36C0D4958693030E0
:109B100000F055FC2A7D032A10D8A36C5869291D32
:109B20002D30019100F07AFCA36C2A7D58690199CF
:109B30003D3003B0BDE8304000F070BC03B030BD34
:109B4000135F070038B504460D46FEF772FE29463E
:109B50002046BDE83840FFF7B1B9000038B5836C46
:109B6000044658690D4610210844F6F7ADFFA36C72
:109B700009495869203000F022FCA36C0649586955
:109B8000303000F01CFC042384F83F302946204686
:109B9000BDE83840FEF797BE135F07004A68FFF73D
:109BA0000DBA38B5836C0D464968044609315869C9
:109BB000102200F033FC29462046BDE83840FEF76D
:109BC00097BE38B50D2380F83F30836C5A69044640
:109BD0000D461032FFF7CAF929462046BDE8384045
:109BE000FEF7B4BE836C49685869102209315030C1
:109BF00000F014BC30B5836C044658690D46102142
:109C000085B00844F6F760FF042384F83F30A36C66
:109C10002046DA689B6803920293FFF7F7F9A16C7C
:109C200049691031CDE90001DDE9023229462046BB
:109C3000FFF7E0F805B030BD38B504460D46FFF734
:109C4000D1FF29462046BDE83840FFF7D3BF38B5DD
:109C500004460D46FFF74CFF29462046BDE8384034
:109C6000FFF7C8BFFFF79ABF30B5836C0D46496850
:109C7000044685B058690931102200F0CFFBA36C6F
:109C800020469A68DB6803920293FFF7BFF9A16C44
:109C90004969DDE90232CDE9000129462046FFF796
:109CA000A9F805B030BDF7B5866C776904460D4656
:109CB0001022496807F1500016F0D2FD28B1204665
:109CC00003B0BDE8F040FFF70DBAF3780133DBB223
:109CD000132BF3700CD91B238DF8063094F83D300C
:109CE000ADF8043001A92046FDF7C4FE03B0F0BD75
:109CF000032384F83F3007F110021A232946204637
:109D00008DF80630FFF732F9E8E7042380F83F309A
:109D10007047000030B5836C0D464968044687B033
:109D200058691022093100F079FB94F82230012B98
:109D300005D0A36C14495869303000F040FBA36C87
:109D400094F829205869012A00F120000AD19B6863
:109D500001900022009229461A462046FFF74AF851
:109D600007B030BD084900F02AFB94F83D30ADF84B
:109D70000C301C238DF80E3003A9002320460593D8
:109D8000FDF778FEECE700BF135F070070B5836C4A
:109D90005E6990F82930012B04460D460BD14968C5
:109DA000102206F1500016F05BFD20B12046BDE800
:109DB0007040FFF797B90D231021701884F83F30D9
:109DC000F6F782FEA36C5A69294620461032BDE898
:109DD0007040FFF7CBB80F23496880F83F30836CA1
:109DE000586910220931503000F018BB0D22836CE5
:109DF00080F83F205A78032A03D15A691032FFF7BE
:109E0000B5B8704738B590F83F300D2B04460D4675
:109E100007D1836C4968586910220931503000F02D
:109E2000FDFA29462046BDE83840FEF7EFBD0000A8
:109E3000836C73B5044658690D461030496800F0CC
:109E4000BEFAA66C7169102201F1500016F008FDEF
:109E50000146D0B994F82B3094F82420B06993428D
:109E600028BF13461030C3F11002184416F02EFD1F
:109E7000012384F84430A36C5A69294610322046E5
:109E800002B0BDE87040FFF749B80B238DF80730EA
:109E900094F8423094F83D00ADF80400013384F8A2
:109EA0004230FDF783FF084B1A6894F84230D279AC
:109EB00001A993420CBF0D231D2320468DF80630C7
:109EC000FDF7D8FD02B070BD64630020024B034A69
:109ED000C3F87C21FEF7C0BF34400120685B070057
:109EE000054B064AC3F87C21054AC3F88821054A78
:109EF000C3F88C21704700BF34400120085E070082
:109F0000057B0500097C05002DE9F84F06460F4644
:109F100000F0A6F8DFF8BC802C4BC8F8000006EB78
:109F2000460400EB84041E70043700F10C0AD8F8D4
:109F3000005000F09BF820F007000544AC4202D925
:109F40000020BDE8F88FD6B337F8043C072B25D99D
:109F50005A0703D023F0070308339BB22AF80C3CBE
:109F600017F8029C0AF80A9C4AE90244DB08DD0063
:109F7000B9F1010FD8F800B012D800F077F820F04E
:109F8000070083445C4507F104070AF10C0AD7D89F
:109F9000013E00232360F6B22C44C8E70823DDE726
:109FA00000F064F820F0070058448442C8D86319D0
:109FB00009F1FF3223605FFA82F91C46D8E7D8F82E
:109FC0000000034B201A1860BBE700BF5C42012071
:109FD0005842012054420120F8B50E4B1E680E4B2A
:109FE0001C7807460CB925460CE03388BB420DD3DC
:109FF00004F08AF8B5683DB12B68B36000236B604C
:10A0000004F084F82846F8BD04F080F8013CE4B27E
:10A010000C36E7E7544201205C42012038B50D4A76
:10A020000D4B14781B680C22054602FB04340C3CD3
:10A03000A34200D938BD6268AA42F8D804F064F897
:10A04000064B6B60A3682B60A560BDE8384004F048
:10A050005DB800BF5C420120544201200DD0ABFA34
:10A06000014B1868704700BFA0420120014B1868DF
:10A07000704700BF9C420120083008B580B2FFF74E
:10A08000ABFF00B1083008BD084480B2FFF7F4BF51
:10A090000838FFF7C3BF02F8041CA2F1080100F062
:10A0A0001FB813B50446019104F068F82146019ADF
:10A0B000FFF7F1FF0121204602B0BDE8104004F097
:10A0C0004BB810B50C4600F01DF810B103792370A1
:10A0D000083010BD006810B103790B70083070476C
:10A0E00038B5002304460B600D4604F00DF82368D4
:10A0F0002BB925606560BDE8384004F007B8636897
:10A100001D60F7E738B5044603F0FEFF25681DB172
:10A110002B68236003B9636003F0F8FF284638BD5D
:10A1200038B504460D4603F0EFFF23682B6003B9F2
:10A1300065602560BDE8384003F0E8BF70B50646AD
:10A140000D46144603F0E0FF336813B17368A34271
:10A1500007D129463046FFF7C3FFBDE8704003F042
:10A16000D5BF24B929463046FFF7DAFFF5E7236863
:10A170002B602560F1E770B504460D46164603F0E6
:10A18000C3FF2368AB4209D12B6823606368AB42ED
:10A1900008BF6660BDE8704003F0B8BF002EF5D080
:10A1A0002B683360F2E713B5044603F0ADFF236874
:10A1B000002290B201322BB9019003F0A7FF019861
:10A1C00002B010BD1B68F4E710B5044603F09CFF15
:10A1D0002468B4FA84F4640903F098FF204610BDA3
:10A1E000D0E90020131A584258417047084B10B567
:10A1F0001C68002204B910BD844202D022462468A3
:10A20000F8E703482146FFF7B6FF00236373F2E740
:10A210006842012038B504460D4603F07DFF637B9C
:10A2200013B12046FFF7E2FF01236373094BA560DA
:10A230001B68002213B19968A94207D92146054835
:10A24000FFF77CFFBDE8384003F068BF1A461B6883
:10A25000F0E700BF6842012010B5044603F05CFF40
:10A26000064A13682BB923701C4603F057FF20469B
:10A2700010BD0123237013689C68F6E76842012033
:10A28000044A0023C2E90033034A1360034A1360FF
:10A29000704700BF684201206042012064420120F3
:10A2A0004FF47A7359430131FFF7B4BF0131FFF71F
:10A2B000B1BF07B5019003F02FFF0198FFF796FF9C
:10A2C00003B05DF804EB03F029BF000070B505464C
:10A2D00003F022FF0A4B1C6800261CB9BDE8704041
:10A2E00003F01CBFA368AB4203D95B1BA3602468C7
:10A2F000F3E7207BA660022103F02EFFF7E700BF03
:10A300006842012038B503F007FF0948046854B1DA
:10A31000A56845B92A462146FFF72DFF657303F06E
:10A32000FDFE204638BD03F0F9FE0024F9E700BF2A
:10A33000684201200B6803608B888380704708B5F2
:10A34000062216F08DFAB0FA80F0400908BD00230D
:10A35000036083800630704707B5002306226946F4
:10A360000093ADF8043016F07BFAB0FA80F04009A3
:10A3700003B05DF804FB0346006859687047110A92
:10A3800002704170110C120EC2701A0A03714271F0
:10A390001A0C1B0E81708271C37170470379417969
:10A3A000006843EA01217047110A0270417003718D
:10A3B000110C1B0A120E8170C2704371704701F1BB
:10A3C000100351F8042B40F8042B9942F9D170473F
:10A3D0000B6803604B684360704710B500F11002D2
:10A3E00010F8013B11F8014B824283EA040300F8A4
:10A3F000013CF5D110BD000010B5074C11448A4254
:10A4000001D1C04310BD12F8013B4340DBB254F808
:10A41000233083EA1020F2E7245F070070B50024A0
:10A42000551E23B2934204F1010400DB70BDCE5CE3
:10A43000EB1AC654F5E710B5431800EB51018842FA
:10A4400000D110BD13F8012D04781C7000F8012B09
:10A45000F5E703680BB108461847704700680368C2
:10A460009B691847006803689B6A1847006803687F
:10A47000DB6A184713B504460BF0ECFE237E23B1CC
:10A4800002B0BDE810400BF0FBBE012323760BF0B9
:10A49000F7FE6368201D1BB12369019401A9984749
:10A4A00002B010BD10B50446002244F8041B4260FF
:10A4B000C4E90122024942610161027610BD00BF78
:10A4C00053A4050037B5174C174D2368BFF35B8FB6
:10A4D00013F0010F09D120460CF00EFA28B100F05C
:10A4E000B1FD286020460CF029FA2B682BB90F49E2
:10A4F0000F4800931A460CF027F80E4C2368BFF360
:10A500005B8FDB070AD420460CF0F6F930B12968DE
:10A510000948FFF7C7FF20460CF010FA064803B0C1
:10A5200030BD00BF74420120944201202463070023
:10A53000430118807042012078420120006804F035
:10A5400093BC006803F0C1BF006805F061BA014622
:10A55000006801F04FBB006806F0BCBB006805F066
:10A5600039BE006806F0C4BA002070477047022068
:10A570007047F4F713BD0000064BD3F8C0309A06BD
:10A5800005D5054B1B689B0601D5F4F735BBF4F7E1
:10A590008DBB00BF50360120F8620020024A0260E5
:10A5A0000022C0E904217047C463070010B50446C7
:10A5B000406903689B689847236820461B6ABDE88A
:10A5C00010401847036810B504465B6A98476069F5
:10A5D0000368BDE81040DB681847000007B501912B
:10A5E000FFF770FFFFF73AFF0199FFF7AAFF20B1CD
:10A5F000034904486D220BF083FD03B05DF804FBB2
:10A60000476307009363070030B50B780E2B85B0C6
:10A6100005460C461DD10A79CB7803EB022399B28B
:10A6200042F20F03994204F106025CD8B1F5005FD3
:10A6300011D840F66343994200F0A88032D840F622
:10A640000143994200F0968040F60343994200F09E
:10A65000888005B030BDA1F50053013B0E2BF8D822
:10A6600001A252F823F000BF81A70500A7A70500AB
:10A67000DBA7050053A605009DA7050053A605000E
:10A6800053A6050053A6050053A6050053A60500D2
:10A6900053A6050053A6050053A6050053A60500C2
:10A6A000C9A7050041F2010399424BD041F20903C9
:10A6B0009942CED16E4811466C46FFF73BFE00230F
:10A6C0000093A3802B6821465B69284698470028A1
:10A6D00061D094E803000290ADF80C10284602A95E
:10A6E000FFF77CFFB5E742F22403994200F0A18016
:10A6F00012D842F21803994200F0AD8042F21C03D6
:10A700009942A6D1D4F8060051685A4B03C305B04C
:10A71000BDE83040F4F7FABA42F22F03994279D0FB
:10A7200008D842F22A03994293D1534BA27983F875
:10A73000C9206AE042F23B0399420DD842F2390344
:10A74000994286D94C4BD3F8D830002B81D0104693
:10A7500005B0BDE83040184742F24A039942F1D0B3
:10A7600077E7464B464800221A7005B0BDE83040F6
:10A77000F4F726BC434805B0BDE83040F4F74CBBC5
:10A78000414805B0BDE83040F4F72DBC05B0BDE848
:10A790003040F4F7DABBF4F795FA5AE705B0BDE8B4
:10A7A0003040F4F78FBAE179A279334B02EB012202
:10A7B000A3F8B620227A83F8BB2083F8BA2005B02C
:10A7C000BDE83040F4F796BAA2792B4B83F8BC2051
:10A7D00005B0BDE83040F4F781BAE279A37903EB24
:10A7E0000223254A0021C2F8C4105906C2F8C0301D
:10A7F00008D5264B1B685B0604D505B0BDE8304084
:10A80000F4F769BC002382F8C93005B0BDE83040D8
:10A81000FFF7B2BE627A237AA07903EB0223E279D2
:10A8200000EB022099B280B205B0BDE83040F4F7E9
:10A83000ACB9114BD3F8D82022B105B0BDE83040F7
:10A84000F4F78FBBA3F8CA20A3F8CC2005B0BDE86D
:10A850003040F4F72BBA094A1378022B02D801339F
:10A860001370F3E705B0BDE8304003F031BC00BF22
:10A87000F0360120E83601205036012098420120B0
:10A8800013510700235107001B510700F8620020F5
:10A89000406910B404682469A4465DF8044B60471D
:10A8A000036913B504462BB9084909484FF49B7254
:10A8B0000BF026FC04301B68019098470198D4F7F0
:10A8C00081F80023236102B010BD00BF4763070079
:10A8D000A9630700F8B5084F05460C4604B9F8BD52
:10A8E000FF2C264628BFFF2628463B68F1B2A41B52
:10A8F0009847A4B23544F1E7D863002008B520B9E1
:10A900000349044830220BF0FBFB034B186008BDE1
:10A91000EC630700B3630700D863002070477047FB
:10A92000704770477047704770477047704770476F
:10A930007047704770470079831E584258417047EE
:10A940000048704754660700FEE703680BB10846ED
:10A950001847704708B5FFF7B5FDBDE80840FFF799
:10A9600089BD38B50446406808B9204638BD056938
:10A9700014210CF0E9F92846F6E70000094B10B560
:10A9800003F1800203609033044642608360C06A32
:10A9900010B103685B68984704F10C00FFF7E1FF12
:10A9A000204610BDD06D070010B50446FFF7D9FF53
:10A9B00020460C210CF0C8F9204610BD38B50446DD
:10A9C000406808B9204638BD056914210CF0BCF96F
:10A9D0002846F6E710B50446FFF7F0FF20460C21A5
:10A9E0000CF0B2F9204610BD38B50446406808B9ED
:10A9F000204638BD056914210CF0A6F92846F6E773
:10AA000010B50446FFF7F0FF20460C210CF09CF92E
:10AA1000204610BD38B50446406808B9204638BD08
:10AA2000056914210CF090F92846F6E710B50446A4
:10AA3000FFF7F0FF20460C210CF086F9204610BDF0
:10AA400038B50446406808B9204638BD0569142168
:10AA50000CF07AF92846F6E70B4B10B50360143377
:10AA6000044643603030FFF7EBFF04F12400FFF7AA
:10AA7000D1FF04F11800FFF7B7FF04F10C00FFF756
:10AA80009DFF204610BD00BF146D070010B50446A1
:10AA9000FFF7D6FF20460C210CF056F9204610BDDA
:10AAA00038B50A4C00F0A8FF2368BFF35B8FDB07C3
:10AAB000054608D420460BF01FFF20B1044B20466A
:10AAC0001D600BF03BFF024838BD00BFAC420120C7
:10AAD0002C440120FFF7E4BF034600789B78272B26
:10AAE00002D0282B03D070470021F7F7DBB9F7F726
:10AAF00019BA0022026082807047CB68C3600BB134
:10AB00005B681847704738B50446A06800B938BD7F
:10AB10000569D3F757FFA068FFF780FAA560F4E74F
:10AB200010B5074B044640F8183B08F063FE20467A
:10AB3000044B40F8083FFFF7E6FF204610BD00BF7A
:10AB40000C660700FC65070010B50446FFF7E8FF38
:10AB5000204638210CF0F8F8204610BD30B50546E7
:10AB600087B040680191E8B11420FFF735FA0199E8
:10AB7000044620B90F4910484E220BF0C1FA02A832
:10AB8000FFF7BBFF02A92046FFF7B7FF00232361B1
:10AB900002A8D3F717FFAB6833B9AC60284601F0C1
:10ABA00045FD012007B030BD1A461B69002BFBD1C3
:10ABB0001461F3E7416407008D64070010B5064B8C
:10ABC000044640F8183BD3F7FDFE04F10800D3F724
:10ABD000F9FE204610BD00BF8C6E070010B5034B78
:10ABE00003600446D4F774F9204610BD9071070045
:10ABF00037B50D460446019206F0A0FB019B2A469C
:10AC0000214603B0BDE83040FFF742BE10B506F064
:10AC100095FB0368BDE81040DB68184707B5019055
:10AC200006F08CFB036801991B6903B05DF804EB27
:10AC3000184708B5D2F71EFE08BD000010B50D4C30
:10AC40002368BFF35B8FDB0711D420460BF054FE63
:10AC500068B101F085FA0146074806F011FA074A83
:10AC6000074905480BF035FE20460BF067FE024809
:10AC700010BD00BFB8420120A844012000600020A0
:10AC8000BDAB050038B50E4C2368BFF35B8FDB0707
:10AC9000054612D420460BF02FFE70B12846FFF770
:10ACA000CDFF0146074804F0D3FD074A0749054890
:10ACB0000BF00FFE20460BF041FE024838BD00BFEE
:10ACC000BC420120D44401200060002059AA0500A4
:10ACD00038B50A4CFFF7D6FF2368BFF35B8FDB075D
:10ACE000054608D420460BF007FE20B1044B204651
:10ACF0001D600BF023FE024838BD00BFA8420120B2
:10AD00002844012038B50F4C2368BFF35B8FDB0765
:10AD1000054615D420460BF0EFFD88B102F032FD58
:10AD20004FF46173014605F10802074804F0F4FE90
:10AD3000064A074904480BF0CCFD20460BF0FEFD07
:10AD4000014838BDC842012028460120006000208B
:10AD5000A1FB050030B5124D2B68BFF35B8FDB07FD
:10AD600085B0044619D428460BF0C6FDA8B101F001
:10AD700087FF03902046FFF7C5FF0A4B039A009018
:10AD800004F10801084803F0A5FE084A08490648EE
:10AD90000BF09FFD28460BF0D1FD034805B030BDF8
:10ADA000A4420120DC630020E84201200060002072
:10ADB00019EE050038B50A4CFFF7CCFF2368BFF346
:10ADC0005B8FDB07054608D420460BF095FD20B1CC
:10ADD000044B20461D600BF0B1FD024838BD00BF9A
:10ADE000CC420120A846012038B50379022B044645
:10ADF00019D1FFF755FEFFF7AAFB2046FFF768FFC2
:10AE0000FFF7A2FB2046FFF7D5FFFFF797FB04F102
:10AE10000800FFF778FE054B002518682571FFF73D
:10AE2000D1FB284638BD0920FCE700BFD0420120F5
:10AE3000FFF7C0BF70B54E4B196888B029B94D49AE
:10AE40004D4840F2F9120BF05BF90B684B4E9B68D2
:10AE50004B4D04A89847049B059C06999DF81C003F
:10AE600033602C60FFF750F883B223B9414945485D
:10AE700040F20D22E7E7336882B213FA80F02B68C4
:10AE800030609B1A94422B6006D900233E493F480C
:10AE90000093A21A0BF050FBFFF7F2F9F5F7F6FD5D
:10AEA000F5F706FEF5F75CFCF5F73CFDF5F78CFDD4
:10AEB000374803F067F9FCF791F9364803F062F977
:10AEC0000390F9F77FFFFBF719FDFAF7B7FAFAF7E6
:10AED00067FDFAF76DFEFBF701FEFBF75DF8FBF788
:10AEE0000DFFFBF7A3F90398FAF79AFF2A4803F03E
:10AEF00049F9FCF77DFBFCF7F7F9FCF71DFBFCF7C4
:10AF00004FFA264803F03EF9F5F7F2FEF7F746FB55
:10AF1000F7F7C4F92248F7F76FFBF8F739FCF6F7B3
:10AF2000EDF9F6F7ABFE1F4803F02CF9FDF73EFAFA
:10AF3000FEF7D6FFFEF7CAFFFEF72EFCFEF722FC57
:10AF4000194803F01FF9194B18704620F3F750FC0D
:10AF50001748FAF733FF16490320FAF793FA154812
:10AF6000F5F71EFF144808B0BDE87040F5F7FEBEC7
:10AF7000D0420120A2640700F2640700A042012031
:10AF80009C420120053C0700096507000501188067
:10AF9000F1710500395E050001760500350D0500EB
:10AFA00041BE0500F983050075B00500AC460120DF
:10AFB0002DB40500D9AA050061C2050038B50C4AB8
:10AFC0000C4B036000230446C0E9022303710361B4
:10AFD00018300D4608F09DFC00220023C4E90C2324
:10AFE000054B20461D60FFF725FF204638BD00BFFA
:10AFF000FC6507000C660700D042012010B50D4C1F
:10B000002368BFF35B8FDB0711D420460BF074FC81
:10B0100068B106F093F901460748FFF7CFFF074AEA
:10B02000074905480BF055FC20460BF087FC024809
:10B0300010BD00BFB4420120704401200060002018
:10B0400021AB0500FFF7DABF07B50191FFF7D6FF87
:10B05000FFF718FE036801991B689847FFF7CEFFBA
:10B0600000F0CAFC036801991B6803B05DF804EBAB
:10B070001847000013B50C46A9B302F0A1FD204605
:10B0800002F0BEFD78BB02F07DFB204602F07EFBA5
:10B0900048BBA378202B07D07A2B26D0204602B0BD
:10B0A000BDE8104002F0EEB8CDE90000FFF70AFA63
:10B0B0000090F4F7DFFBC30407D5F9F715FDFBF7A4
:10B0C0003FFBFAF71FFCFAF731FDFFF797FF00F09F
:10B0D00093FC00F051FBFFF791FF022303710F482F
:10B0E0006946C368984702B010BDE378002BFAD1D7
:10B0F000228842F21F039A42F5D1A379627921791D
:10B1000002EB0322064BB1FA81F1186892B24909A9
:10B1100002B0BDE81040FFF7C3BB00BFD44201201E
:10B12000D042012008B5044B1868FFF73FFABDE88C
:10B130000840FAF7D3BD00BFD042012073B50479AF
:10B14000012C05460E461BD0022C1BD0E4B918304A
:10B15000019008F0B0FB019808F056FB0B4BED6036
:10B160009E421EBF96E8070083E80700F268284663
:10B1700018BFC3E90324FFF7D5FF204602B070BD16
:10B180000924FAE70024F8E70B24F6E7D44201206B
:10B1900070B5044688B02569002D65D104F1180505
:10B1A0002946684608F063FBD4E90C31009A9B18E5
:10B1B000019A42EB0102C4E90C32284608F07BFBFD
:10B1C000D4E90C014FF47A72002314F031FD0E46DD
:10B1D000054670B1FFF77AF84FF47A72A5FB025377
:10B1E00002FB0631D4E90C325B1B62EB0102C4E9BD
:10B1F0000C322B4C02F0DCFF2368BFF35B8FDB07C4
:10B200000ED420460BF078FB50B1264808F0E2FA45
:10B21000254A264923480BF05CFB20460BF08EFBA9
:10B2200003A80AF0BFFA02F0B9FFC0B10DF10F0098
:10B23000FFF712F89DF80F3053B31D4B07931D4BCA
:10B2400004930023CDE905334FF47A73A0FB032365
:10B2500004A9144808F065FA04A8D3F7B3FB03A8BF
:10B260000AF0A8FA08B070BD2B692361EB682BB90E
:10B27000114912484FF4FD720AF042FF1B6828463C
:10B2800098472846D3F79EFB2846FEF7C7FE82E77D
:10B290000AF09AFA0A4B186803689B699847DEE738
:10B2A000B04201203044012000600020DDAB0500E9
:10B2B000AC3B070033AC05006C6507009B650700DD
:10B2C000D0420120FFF764BF10B5102204460021D0
:10B2D00015F0FCFA204610BDF8B50446364805685E
:10B2E000BFF35B8F15F0010564D10BF005FB00285F
:10B2F00060D002F065FC07462046FFF72BFD0646AE
:10B300002046FFF7FFFC2D4C2D4B236003F18002FC
:10B310009033A3602B4B6260C4E903352A4B206352
:10B32000C4E90737294BA5610436C4E90A356662CA
:10B3300004F13400FFF7DDFB04F13A00FFF7D9FB1D
:10B3400004F14000FFF7C0FF04F15000FFF7BCFF1D
:10B3500004F16000FFF7B8FF04F17000FFF7C9FBCC
:10B3600004F17600FFF7B0FF4FF47063A4F8863065
:10B370004FF48073A4F8883084F88A5004F18C0666
:10B380007019143504F031FD642DF9D1206A104D87
:10B390000368A5619B6FA5F11C01984701230D4A25
:10B3A0000D4984F86030A5F11C000BF092FA0248B8
:10B3B0000BF0C4FA0148F8BDC44201203845012011
:10B3C000D06D0700EC650700B0650700E063002062
:10B3D00054450120006000207DA9050038B50A4CC5
:10B3E0002368BFF35B8FDB0705460BD420460BF0C9
:10B3F00083FA38B12846FFF76FFF044B18602046E8
:10B400000BF09CFA014838BDC042012034450120B0
:10B41000044B0022C3E900229A601A61024ADA60F2
:10B42000704700BFD44201204BA9050070B5438886
:10B43000412B04460DD101F023FC01F019F980B134
:10B440000368E2885D6821886389AC46BDE8704086
:10B450006047FFF7D3FD21460020BDE87040FFF7AD
:10B4600009BE70BD8167704703680BB10846184775
:10B470007047814210B503460C4606D007C983E8E1
:10B480000700E268DA6000221A6110BD38B5044690
:10B490000D46002100F8011B102215F017FA6582F5
:10B4A000204638BDB1F8E9210280B1F8EB21428095
:10B4B000B1F8ED218280B1F8EF21C28070470B888E
:10B4C000A0F8E9314B88A0F8EB318B88A0F8ED317A
:10B4D000CB88A0F8EF317047B0F858220346F3B498
:10B4E0000021C0F85011501CA3F860014748C3F870
:10B4F00058014748C3F85C0103F5B270C3F8540122
:10B500004448C3F864014448444DC3F8680103F556
:10B51000B870C3F86C01571DD01CA3F8D501A3F86F
:10B52000DD7128883E4FA3F8D70103F5EA70B7F81C
:10B5300000C0C3F87801C3F8845103F5C07003F567
:10B54000ED75C3E96215C3F87C01A3F8DFC1354886
:10B55000354D364C364EC3F8905103F5EE7C02253E
:10B56000C3F898C103F5D07CC3E967C0C3F8706124
:10B57000C3F87441C3F88001A3F8DA11C3F8944109
:10B58000A3F8E21183F8DC5103F5D871C3F8A47174
:10B59000C3F8B061274EC3F8AC1103F5F171C3F8DD
:10B5A000A8113188A3F8E71103F5F271C3F8B811B7
:10B5B00003F5E071C3E96F101F49C3F8B44108688F
:10B5C000496883F8E4516C4603C46C4603CC03F22B
:10B5D000E917C3F8ED1103F5E871C3E97271073299
:10B5E0001649C3F8E90192B203F5A870A3F85822EE
:10B5F000A3F8E521C3F8C461C3F8D01183F8D4518E
:10B60000A3F8622102B0F0BCF6F7FCBF45BB050011
:10B6100039BA0500B0520700A8520700A652070029
:10B62000A052070005000001F8000801A25207001F
:10B6300002000001AE5207004C670700080000013D
:10B64000B0F85812394A4B1C70B5A0F80432384B88
:10B65000C0F8FC31374BC0F8003200F50273C0F877
:10B66000F831354BC0F80832344BC0F80C3200F5D5
:10B670000573C0F81032324BC0F81432CB1C0446AC
:10B6800000259BB2C0F8F451A0F85832A0F8493216
:10B690001088A4F84B022B48C4F8180204F5127065
:10B6A000C4F81C0204F50970C4F820022648C4F846
:10B6B0003452C4E9890204F50D72C4E98B52234A5D
:10B6C000C4F8382294F8442102F17A0004EB4000D7
:10B6D000C4F83C0204F51170C4F840021C48C4F8D8
:10B6E0004402202084F84802062000FB0240022683
:10B6F000A0F87C30A0F87E6080F8805004EB420017
:10B7000031440132A0F81C1184F8442104F5FA7088
:10B71000A4F80632F6F776FF94F844010D4A04F1D6
:10B720007C01BDE87040F6F7ADBB00BFB252070028
:10B7300045BB050039BA0500B0520700AC520700FE
:10B7400002000001A252070005000001A4520700F8
:10B7500002002011CDBD050090F85A3210B5044604
:10B760004BB9012380F85A32FFF7B6FE2046BDE8F8
:10B770001040FFF765BF10BD10B504460348F6F74B
:10B780003BFF2046BDE81040FFF7E6BF41BE050085
:10B79000D0F8480100B97047838D8B42FBD0806A96
:10B7A000F8E730B500230625137090F844419C4219
:10B7B00001D8002030BD05FB0304B4F87C408C4266
:10B7C00002D00133DBB2EFE70120F3E737B51546CE
:10B7D0000DF107020446FFF7E4FF30B19DF8073092
:10B7E00004EB4304B4F81C312B8003B030BD38B5F2
:10B7F000044640680D4610B103689B689847E069AD
:10B80000206200B938BDC36829469847236A002BD7
:10B81000F5D01869F4E738B5044640680D4610B114
:10B820000368DB689847A06AE06200B938BDC36866
:10B8300029469847E36A002BF5D01869F4E738B534
:10B840000446406808B9606038BD056914210BF0F2
:10B850007BFA2846F6E7000010B5034B0360044668
:10B86000FFF7EDFF204610BD4467070010B5044602
:10B87000FFF7F2FF20460C210BF066FA204610BDC0
:10B8800038B50446406808B9606038BD05691421C0
:10B890000BF05AFA2846F6E710B5034B036004464E
:10B8A000FFF7EEFF204610BD1467070010B50446F1
:10B8B000FFF7F2FF20460C210BF046FA204610BDA0
:10B8C00038B50446406808B9606038BD0569142180
:10B8D0000BF03AFA2846F6E738B50446406808B94E
:10B8E000606038BD056914210BF02EFA2846F6E792
:10B8F00010B50A4B044640F8303BFFF7ADFF04F1AA
:10B900002400FFF75BF804F11800FFF76DF804F16D
:10B910000C00FFF7C1FF204610BD00BF5C670700A9
:10B920000022C0E901220261014A0160C260704741
:10B9300069B405002B4B70B503602B4B0025C0E9A3
:10B9400003352A4B4560C0E90635294B0581C0E91E
:10B950000935284B0446C0E90C3529463C30FFF731
:10B96000DFFF294604F15000FFF7DAFF294604F112
:10B970006400FFF7D5FFA56704F1820304F1FA0222
:10B9800023F8065C23F8045C03F8025C06339A4251
:10B990004FF00006F4D12822002104F1F40014F045
:10B9A00095FF2822002104F58E7014F08FFF84F893
:10B9B0004451C4F8485184F84C61A422002104F594
:10B9C000A87014F083FF5C22002104F5FA7014F0D3
:10B9D0007DFFC4E99455A4F8585284F85A62204671
:10B9E00070BD00BF5C67070014670700246707008D
:10B9F000346707004467070010B50B4C2368BFF39A
:10BA00005B8FDB070ED420460AF076FF50B1074863
:10BA1000FFF790FF064A074904480AF05AFF2046FC
:10BA20000AF08CFF014810BDB0460120C846012035
:10BA300000600020F1B805002DE9F04F87B00F46F7
:10BA40001D46DDE9119ABDF8408006461446FFF711
:10BA5000D3FF3946FFF79CFE0346A8B15A6914305C
:10BA600092B1002203921B6A05920196ADF808700C
:10BA7000ADF80A50ADF80C80CDF8109001A99847A8
:10BA80009DF8140000283BD1BAF80C3008EB050BE8
:10BA90009B4505DD29492A4840F2CB420AF030FB9C
:10BAA000162C2CD002F038FBDAF804004246494646
:10BAB000284414F0E3FE9AF80E301A0744BFDAF86F
:10BAC0000830A3F800B002F029FB522C30D01AD86D
:10BAD000182C2FD030D8A4F112035A425A410196A3
:10BAE000ADF808708DF80A20ADF80C50ADF80E8056
:10BAF000CDF81090FFF780FF01A9FFF778FE002036
:10BB000007B0BDE8F08FD22C16D1FFF775FF836F19
:10BB100063B1FFF771FF846F23683046D3F800A04C
:10BB2000F7F75EFE314602462046D0470322D6E7AD
:10BB30000222D4E70622D2E70022D0E7636607009C
:10BB4000AE6607002DE9F04186B00E46DDF8308084
:10BB500007461D46FFF750FF3146FFF719FE002844
:10BB600046D0046834B3B8F80C3001970024CDE90E
:10BB700003440594ADF80C30ADF80860C368ADF827
:10BB80000A5001A998479DF814405CBB0499D8F865
:10BB9000040079B1BDF80C20B8F80C30934225D3DD
:10BBA00014F06CFEBDF80C30D8F80820AB4238BF5A
:10BBB00007241380D8F80830ADF80860ADF80A50B3
:10BBC0001B88ADF80C30002CD8F8043004930CBF5F
:10BBD0000023032301978DF81430FFF70DFF01A90F
:10BBE000FFF719FE204606B0BDE8F0810E24E1E71C
:10BBF0000446DFE7F0B50446406887B00E4610B152
:10BC000003681B69984704F13007656BA563002D35
:10BC10004FD13846FFF713FE04F10C00258184F85C
:10BC20005A52FFF72DFE04F11800FFF749FE04F108
:10BC30002400FFF751FE294601A8FFF771FE01A974
:10BC400004F13C00FFF715FC294601A8FFF768FE48
:10BC500001A904F15000FFF70CFC294601A8FFF7E9
:10BC60005FFE01A904F16400FFF703FCD4F8505211
:10BC700045BBD4F8545285BBB4F86001F6F7E2FC3A
:10BC8000B4F80402F6F7DEFCD4F8880114F08EFD57
:10BC90002846154AA4F8585284F8445184F84C5167
:10BCA000C4F8485104F17C01F6F7ECF8284607B0D7
:10BCB000F0BDEB68314628469847A36B002BA4D013
:10BCC0001D69A3E76B69288AC4F85032F6F7BAFCFD
:10BCD000182128460BF038F8C8E72B68C4F854320E
:10BCE000284614F063FDC4E7CDBD050038B5044611
:10BCF0000D466068A06000B938BDC3682946984702
:10BD0000A368002BF5D01869F4E7000003297FB57C
:10BD1000044616461D4613D0042935D001290DD1FD
:10BD2000406830B1ADF80C30036802925B6802A93C
:10BD30009847012104F10C00FFF7D8FF04B070BD53
:10BD40000DF106021946FFF741FD28B940F2DF6206
:10BD50001C491D480AF0D4F9606850B1BDF806309E
:10BD6000ADF80E30036802965B69ADF80C5002A97D
:10BD70009847E36B04F13C00002BDFD0A36C29460D
:10BD800004B0BDE8704018470DF106021946FFF7F0
:10BD90001DFD10B94FF4DE62DAE7606850B1BDF8FE
:10BDA0000630ADF80E30036802969B69ADF80C5072
:10BDB00002A99847236D04F15000002BBED0E36D1B
:10BDC000DDE700BF63660700CC66070013B5C388D4
:10BDD00013F0030F044614BF032104210191FFF760
:10BDE0000BFEA3882288019902B0BDE81040FFF73E
:10BDF0008DBF10B54388162B04460AD1FFF7FCFD12
:10BE0000406888B10368E28921881B68BDE810405A
:10BE10001847122B08D1FFF7EFFD63892288012113
:10BE2000BDE81040FFF772BF10BD000008B542F634
:10BE300002110248FFF72AFB08BD00BFB4460120EB
:10BE40001FB50190FFF7DAF8FFF7C8FA0023019950
:10BE50008DF80C3003AAFEF781FB38B99DF80C3041
:10BE6000042B18BF052005B05DF804FB0520FAE798
:10BE7000D0E90320B2FBF0F07047C068800870473B
:10BE8000836803EB810233F82130002063F30F0055
:10BE9000538882B063F31F4002B07047037CC068D0
:10BEA00090FBF3F07047037CC06890FBF3F07047A1
:10BEB00000207047704770477047704708B5044BC3
:10BEC0001B680846C0B29988F5F779FC002008BDC8
:10BED0006063002010B5C8B21446F4F767FF2080F5
:10BEE000002010BD07B50846114601920023120C30
:10BEF00089B2C0B2F5F710FC002003B05DF804FB76
:10BF000070B586B000240A9D02942E680196AD8813
:10BF10000592084611460095120C89B2C0B2F5F799
:10BF2000D4FC204606B070BD30B51C7885B0C8B2D0
:10BF3000039291B2120C54B903F1120402230025AA
:10BF4000CDE90045F5F7F2FC284605B030BD5C1C94
:10BF50001023F4E708B50846C0B21146F5F7F4FB24
:10BF6000002008BD08B50846C0B211461A46002395
:10BF7000F5F70AFD002008BD08B51346084612680B
:10BF80001979C0B2F5F71AFD002008BD30B51C784C
:10BF900085B0C8B2039291B2120C54B903F11204E5
:10BFA00002230025CDE90045F5F733FD284605B00D
:10BFB00030BD5C1C1023F4E708B5084611461A464C
:10BFC000C0B21B689288F5F7D7FB002008BD08B502
:10BFD000084611461A46C0B21B689288F5F776FEED
:10BFE000002008BD13B50446084611461A680092A1
:10BFF0009B886268C0B2F5F7FDFD636800200133DD
:10C00000636002B010BD30B5002485B0CDE90144B5
:10C01000084611461A46089B1D6800959B88C0B2C9
:10C02000F5F777FE204605B030BD08B50846C0B22A
:10C030001146F5F7B0FE002008BD10B514210446E6
:10C040000AF082FE204610BD10B5102104460AF009
:10C050007BFE204610BD10B5142104460AF074FE84
:10C06000204610BD10B5142104460AF06DFE20468E
:10C0700010BD70B50B698D6804465A430020A0704E
:10C08000A082AB18AA5A22804A79012A86B01BD115
:10C090005D888DF80400014610220DF1050014F0B2
:10C0A00015FC05AEADF81650A31C01AD2A4603CA17
:10C0B000B24218605960154603F10803F6D12868AA
:10C0C0001860204606B070BD01228DF80420991C2E
:10C0D0000DF10502123351F8040B42F8040B99429A
:10C0E000F9D1BDF81130ADF8163001ADA31C05AE85
:10C0F0002A4603CAB24218605960154603F1080384
:10C10000F6D1DCE710B5064B044640F8183BD2F7F1
:10C1100059FC04F10800D2F755FC204610BD00BFC1
:10C120001868070013B5183088420C4606D00190F5
:10C13000D2F748FC01982146FEF7DFFC02B010BDA3
:10C1400013B5083088420C4606D00190D2F73AFC6D
:10C1500001982146FEF7D1FC02B010BD4160704746
:10C1600038B50D4D2C68BFF35B8F14F0010410D16E
:10C1700028460AF0C1FB60B10848094B094A0A4940
:10C180004461C0E9003444620AF0A3FB28460AF087
:10C19000D5FB024838BD00BF2449012028490120B1
:10C1A000186807000060002005C10500436913B14D
:10C1B0001B6808301847704737B50546C07898B1F6
:10C1C000FFF7CEFFAB786989EA78ADF802105B0023
:10C1D00001248DF8042029888DF800406A468DF8E6
:10C1E0000130FFF7E3FF204603B030BD13B54388AD
:10C1F000092B04460BD1FFF7B3FF132321888DF8D9
:10C20000043001AAFFF7D2FF012002B010BD0020C8
:10C21000FBE713B543880C2B04460BD1FFF7A0FFB7
:10C22000192321888DF8043001AAFFF7BFFF0120F0
:10C2300002B010BD0020FBE7436A13B11B68183041
:10C240001847704710B5C378712B044606D1FFF725
:10C2500087FF2188FFF7F0FF012010BD0020FCE7D9
:10C2600070B54388162B044611D1FEF7C7FEFEF7C2
:10C27000E5FC03685B6D984720B10368E2891B68A1
:10C28000218898472046BDE87040FFF7B2BD83780B
:10C290000A2B0FD1FEF7B2FEFEF7D0FC03685B6DF0
:10C2A00098470028EED0036862895D682188E378AA
:10C2B000A847E7E7054E0E2556F8043B2046984769
:10C2C00010B9013DF8D1DDE770BD00BF606807001F
:10C2D000002A08B5C0E9001205DA0749074840F20C
:10C2E000752209F00DFF29B922B10349044840F233
:10C2F0007622F6E708BD00BF606707008B6707007E
:10C300009667070038B50B7C044688685A43811845
:10C31000825A4D88228004311A1F201D6580FFF744
:10C32000D7FF204638BD10B50B7C04465A438868B9
:10C330008118825A2046023120F8042B9A1EFFF7FA
:10C34000C7FF204610BDF0B543880D2B87B00446CB
:10C350001AD1FFF705FF228961682688678905469B
:10C3600001A8FFF7B5FF1B238DF80C30019B049348
:10C370002846029BADF80E7003AA31460593FFF7DD
:10C3800015FF012007B0F0BD0020FBE7F0B54388A2
:10C390000E2B87B004461AD1FFF7E2FE22896168AE
:10C3A00026886789054601A8FFF792FF1D238DF8AF
:10C3B0000C30019B04932846029BADF80E7003AA33
:10C3C00031460593FFF7F2FE012007B0F0BD0020D3
:10C3D000FBE7F0B543880B2B87B004461DD1FFF770
:10C3E000BFFE228961682688678905466846FFF78F
:10C3F0006FFF17238DF808300023ADF80C30009B39
:10C4000004932846019BADF80A7002AA31460593B1
:10C41000FFF7CCFE012007B0F0BD0020FBE70000D5
:10C42000F0B54388082B89B004461ED1FFF798FE6B
:10C430006168228911F8017B26880546013A01A826
:10C44000FFF746FF11238DF81030094B0393019B32
:10C4500005932846029B069304AA31468DF81C706A
:10C46000FFF7A4FE012009B0F0BD0020FBE700BFEC
:10C470000068070070B54388072B86B0044617D1C3
:10C48000FFF76EFE228961682688054601A8FFF73E
:10C490001FFF0F238DF80C30019B04932846029B4D
:10C4A000059303AA3146FFF781FE012006B070BD57
:10C4B0000020FBE770B54388062B86B0044617D1F1
:10C4C000FFF74EFE228961682688054601A8FFF71E
:10C4D000FFFE0D238DF80C30019B04932846029B30
:10C4E000059303AA3146FFF761FE012006B070BD37
:10C4F0000020FBE770B54388052B86B0044617D1B2
:10C50000FFF72EFE228961682688054601A8FFF7FD
:10C51000DFFE0B238DF80C30019B04932846029B11
:10C52000059303AA3146FFF741FE012006B070BD16
:10C530000020FBE7F0B54388042B89B004461ED1E8
:10C54000FFF70EFE6168228911F8017B26880546F7
:10C55000013A01A8FFF7BCFE09238DF81030094B02
:10C560000393019B05932846029B069304AA314638
:10C570008DF81C70FFF71AFE012009B0F0BD0020F5
:10C58000FBE700BFE867070070B54388032B86B060
:10C59000044619D1FFF7E4FD228961682688054623
:10C5A0006846FFF795FE07238DF80C30074B029382
:10C5B000009B04932846019B059303AA3146FFF78D
:10C5C000F5FD012006B070BD0020FBE7D067070035
:10C5D000F0B54388022B89B0044623D1FFF7C0FD94
:10C5E0006168228911F8016B27880546013A01A884
:10C5F000FFF76EFE05238DF810300B4B0393019B64
:10C600000593012E029B069328460CBF0423122398
:10C6100004AA39468DF811600793FFF7C7FD012082
:10C6200009B0F0BD0020FBE7B86707004068036869
:10C630005B6818470120704770B501F10804064691
:10C6400005460FCC0FC523682B60304670BD002017
:10C65000704703468A89886818609A801846704730
:10C66000BF207047FB207047022070474160704731
:10C6700040687047704710B50C46F3F7FBF8E4B21A
:10C680000123A340184001EAE371084314BF0120CD
:10C69000002010BD08B50346086898608A889A8112
:10C6A0000846F9F72DFB002008BD07B500920022CF
:10C6B0000B4610460321F7F7E5FA002003B05DF8BA
:10C6C00004FB07B50B460092032101220020F7F777
:10C6D000D9FA002003B05DF804FB000038B5094D1D
:10C6E0000124AB7DE1B233B16B7D012B03D100227C
:10C6F0000320F8F7D7FE0134062C05F13005F0D100
:10C70000002038BD443D012008B5D2B2C9B2032093
:10C71000F8F7C8FE002008BD37B59DF818509DF801
:10C720001C40ADF80620817301AA0DF1060101201D
:10C73000ADF80430F9F7BAFE2846F9F7E9FE2146CC
:10C740000120F9F717FB002003B030BD13B50446F4
:10C75000A9B1BDF8101001910A214B434FF6FF71AA
:10C760008B4228BF0B469BB200930021D3B200F14D
:10C770000F02807CF9F752FE002002B010BDF9F7DD
:10C7800083FE012384F84430F6E77FB51C469DF80C
:10C7900028609DF8205008461146F8F7C3FEE1B224
:10C7A0000220F9F7E7FA3046F9F748F8BDF82C30DF
:10C7B000ADF80430BDF83030ADF80630BDF8343097
:10C7C000ADF80830BDF83830ADF80A30BDF83C306F
:10C7D000ADF80C3001A8BDF84030ADF80E30F8F7D8
:10C7E000E9FE099B2A4601210320F9F719F80028E0
:10C7F0000CBF0C20002004B070BDF3F72FB808B5B3
:10C80000F9F790FA002008BD07B50846C0B269469E
:10C8100081E80C00F9F782FA002003B05DF804FB10
:10C8200007B50846C0B2694681E80C00F9F778FA06
:10C83000002003B05DF804FBF0B5CDB285B028460A
:10C8400017461E46F8F7A0FF0446D0B9BDF82830B9
:10C85000ADF80830BDF82C30ADF80A30BDF83030F6
:10C86000ADF80C302846BDF83430ADF8047001A99D
:10C87000ADF80660ADF80E30F8F72CFE204605B096
:10C88000F0BD0620FBE71FB5ADF80630BDF8183047
:10C89000ADF80830BDF81C30ADF80A300846BDF8D8
:10C8A0002030ADF80C3001A9BDF82430ADF80420DB
:10C8B000C0B2ADF80E30F8F7A1FE002005B05DF86B
:10C8C00004FB08B50846C0B2D1B2F8F7B3FE0020A9
:10C8D00008BD38B50D464FF008010446FFF7CBFE02
:10C8E00020B1E8B2F9F726FB002038BD4FF00B016C
:10C8F0002046FFF7C0FE0028F3D10220F5E713B56C
:10C9000012781B789DF81040C8B2B2FA82F149093A
:10C910000BB941F002010094F9F721FB002002B0AD
:10C9200010BD10B51C2104460AF00EFA204610BDB9
:10C9300008B508461146F7F73DFA002008BD13B5C3
:10C94000084614469DF8101001930090F8F7BCF8C3
:10C95000019A00982146F8F7A3F80098F7F7DAFF54
:10C96000002002B010BD1FB50846194614460390BA
:10C97000F8F786F8079B0398009300229DF818307B
:10C98000E1B2F7F77FF9002004B010BD1FB50846EB
:10C99000194614460390F8F773F8079B0398009321
:10C9A00001229DF81830E1B2F7F76CF9002004B0CD
:10C9B00010BD08B508461146C9B21A46029BF7F7E2
:10C9C000BDFF002008BD08B5104619B1F7F7D8FF24
:10C9D000002008BDF7F7E8FFFAE7F2F767BF08B5F0
:10C9E000F2F76AFF032828BF0320C0B208BD08B5CC
:10C9F0000846F7F7B9F9002008BD08B5F7F7C8F9F8
:10CA0000002008BD37B5144600200A4603211D4604
:10CA1000F9F7B5F9BDF820300093069ABDF81C303F
:10CA2000E9B22046FAF76EFB20B1034B18800020D4
:10CA300003B030BD0C20FBE75449012008B5C8B253
:10CA4000FAF7A0FB002008BD08B50846C0B21146A1
:10CA50001A46FAF7ABFB002008BD08B50846C0B27D
:10CA600011461A46FAF7A4FB002008BD08B5FAF7EC
:10CA7000A1FB002008BDF2F725BF1FB5134671B119
:10CA8000827B8DF80F200021CDE900110DF10F02FE
:10CA90000120F9F7C3FC002005B05DF804FBF9F7AD
:10CAA000F3FCF8E708B509781278B1FA81F040098B
:10CAB0000AB940F00200F9F750FA002008BD000062
:10CAC00010B5044B044640F8483BD1F77BFF2046A5
:10CAD00010BD00BFB868070037B50546483088422A
:10CAE0000C460CD00190D1F76DFFE3686B6533B154
:10CAF0005B680198214603B0BDE83040184703B099
:10CB000030BD2DE9FF4100F1140600F15404002767
:10CB10000DF108081036A64203D1002004B0BDE88C
:10CB2000F0816846FDF7E5FF8DF806708DF80D7011
:10CB30006A46A6F11003154603CD454518605960B5
:10CB40002A4603F10803F6D128681860AA889A805B
:10CB5000E0E70022026082800A6802608A888280A0
:10CB6000704710B50446F2F775FE01462046FFF700
:10CB7000F0FF204610BD0378C3F38002C3F34000EA
:10CB8000104403F001031844704773B50446C8B25B
:10CB900015468DF80430069EF9F7BAFC01A8FFF798
:10CBA000EAFF04F10F02002383420DD39DF8040035
:10CBB000A074DDE90712F9F779FCE9B20120F9F771
:10CBC000D9F8002002B070BDF15C02F8011B0133FE
:10CBD000EAE72DE9F04F8BB00DF150080F4618F839
:10CBE000044FDDF874B016462046DDE916121D46E6
:10CBF000DDE91B9AF8F7ACFCF9B20220F9F7BAF8B4
:10CC0000F0B2F8F71BFE4046FFF7B5FF01AA00237C
:10CC10001146834202F10C020FD32046F8F7CEFCF6
:10CC2000149BEAB221460320F8F7FAFD00280CBF56
:10CC30000C2000200BB0BDE8F08F189E36F8136072
:10CC400022F80C6C199E36F8136022F80A6C1A9EB2
:10CC500036F8136022F8086C39F8136022F8066C75
:10CC60003AF8136022F8046C3BF8136022F8026C67
:10CC70000133CEE7436D13B11B6848301847704746
:10CC8000F8B516480568BFF35B8F15F0010523D191
:10CC900009F032FE00B3124C124B04F10800C4E953
:10CCA000003504F11407FDF724FF0326A573A574CE
:10CCB0003846FDF71EFF013EBD717D7307F1100779
:10CCC000F6D1094A0949064884F84460666509F0C6
:10CCD00000FE024809F032FE0148F8BD504901202B
:10CCE00058490120B868070000600020C1CA05004B
:10CCF0002DE9F04F8378272B93B0044647D1FFF7F7
:10CD0000BFFF2388019304F10A01054607A894F8A0
:10CD100004B0B4F808A003AEFFF71BFF04F117013D
:10CD200005A8B4F81090B4F81280A78AFFF711FF95
:10CD300004F11D013046FFF70CFF019B07980A9391
:10CD4000BDF82030CDF82E00ADF832300598BDF892
:10CD500018308DF825B001248DF82440ADF82CA0B2
:10CD6000ADF83490ADF83680ADF83870CDF83A00B3
:10CD7000ADF83E3096E803001090ADF84410284618
:10CD800009A9FFF777FF204613B0BDE8F08F002018
:10CD9000FAE71FB58378282B044612D1FFF770FFFE
:10CDA00021792288237A8DF80510052401A98DF8B0
:10CDB000044002928DF80C30FFF75CFF012004B0B4
:10CDC00010BD0020FBE77FB58378292B044618D1DE
:10CDD000FFF756FF2189267925886289A389ADF856
:10CDE0000810032469468DF800408DF80160019514
:10CDF000ADF80A20ADF80C30FFF73CFF012004B07D
:10CE000070BD0020FBE77FB58378402B044618D126
:10CE1000FFF736FF21892688E5886289A389ADF866
:10CE20000A10042469468DF800400196ADF80850B8
:10CE3000ADF80C20ADF80E30FFF71CFF012004B058
:10CE400070BD0020FBE770B50246002392F8216018
:10CE5000D57E022E1C4603F1010305D1A94203D160
:10CE6000143000EB041070BD032B02F11002EDD161
:10CE70000020F8E710B50246002392F82140022C6A
:10CE800006D1D469A14203D1143000EB031010BDC8
:10CE90000133032B02F11002EFD10020F7E770B548
:10CEA0000246002392F82160D57E012E1C4603F134
:10CEB000010305D1A94203D1143000EB041070BD69
:10CEC000032B02F11002EDD10020F8E730B50D463A
:10CED00089B051B30021FFF7E2FF0446B8B1037BEC
:10CEE0000290827901928B4214BF0B464FF4A063EB
:10CEF000009114BF0422012203200D46F8F7CAFD59
:10CF0000A06020B302236373284609B030BD8DF8BA
:10CF10001400ADF81C008DF8180006AB07AA05A98F
:10CF20000120F6F7D7FE2046EFE7FFF78CFF044617
:10CF300030B1017A16220320F8F7B4FA6573E3E7FB
:10CF40008DF81C0007A90120F6F7F0FEEBE70C2096
:10CF5000DBE72DE9F04F032A8BB0824691469B46D2
:10CF600070D8002951D10C460D460F46A14552D824
:10CF700008A92846F6F7DAFE32E0149B1BF80410E5
:10CF800033F814307343BB4228BF3B4650460593E9
:10CF9000FFF785FF059B054620B3027B0290002A20
:10CFA0008279019208BF4FF4A0634FF00002009213
:10CFB0009BB20CBF012204220320F8F76BFDA8608E
:10CFC00018B90C200BB0BDE8F08F02236B7301344D
:10CFD000A145D2D807AB08AA06A94046F6F77AFEC3
:10CFE0000020EFE708F128026A4402F8101C1599A6
:10CFF000095D02F80C1C0AAA02EB480208F10108BC
:10D0000022F8083C5FFA88F8E1E70024A0460A26E7
:10D010004FF6FF77DCE71BF804105046FFF713FFCD
:10D02000064638B1017A16220320F8F73BFA7773E7
:10D0300001349BE705F128036B44013503F8081C14
:10D04000EDB2F5E70420BDE790F8213033B190F858
:10D0500031303BB190F8413033B90223143000EB4A
:10D06000031070470123F9E70020704782B070B5C4
:10D07000064614460593FFF7E6FE9DF81C50014650
:10D0800020BB3046FFF70BFF034698B1012C01D0BF
:10D09000042C09D19D71DDE90501221F5442544140
:10D0A000186099801C7300E041730020BDE8704057
:10D0B00002B07047012C01D0042CF6D13046FFF7A6
:10D0C000C3FF034620B101224273E3E70620EDE7E8
:10D0D0000C20EBE72DE9F0479DF820A09DF82C905F
:10D0E0000A9E9DF824709DF8308005460020DCB231
:10D0F000F6F77CFE5046F6F79BFE49460020F6F711
:10D1000089FE41460020F8F735FE33463A4621466F
:10D110000020F6F797FD8DF82470B388ADF8203025
:10D120003368224628460021BDE8F047FFF79EBF3E
:10D130002DE9F04F2DED068B83B09E469DF96030B2
:10D14000DDF848C09DF84CA09DF850B09DF8547093
:10D15000169E9DF85C9009EE103A9DF8643090465A
:10D1600008EE900A9DF87420C8F3800009EE903A0A
:10D170009DF86830019018F0100FC8F300100AEE07
:10D18000103A0AEE902A08EE100A0C469DF86C3010
:10D19000019808F00102C8F34001C8F3C00513D09C
:10D1A00048B915B9002A62D0C1B9042003B0BDEC5A
:10D1B000068BBDE8F08F0029F7D1002AF5D0002DAD
:10D1C0000CBF0425012509E0002854D1002DECD125
:10D1D000002A4CD0002914BF002505251FFA8CF227
:10D1E0001FFA8EF120460193F6F700FE5846F6F737
:10D1F0001FFE51462046F6F70DFE4A460021204606
:10D20000F8F7BDFD1AEE901A2046F7F729FC019BAE
:10D210001AEE102A19EE901A2046F7F70BFC19EEB9
:10D22000102AC8F380112046F7F7F2FB18EE101A07
:10D230002046F7F7CDFBC8F340112046F7F7D8FB9F
:10D2400033463A4629462046F6F7FCFC8DF84C70EA
:10D25000B388ADF84830336818EE900A2A46214664
:10D2600003B0BDEC068BBDE8F04FFFF7FFBEC1F188
:10D270000301CDB2B2E712B10029A0D095E78D1D10
:10D28000ACE700002DE9F04F044697B0002854D0D9
:10D2900002880B92FFF7F4FCA37845680B9A213BB8
:10D2A000352B41D8DFE813F0910098004000E100F1
:10D2B000DA0040008001570140004000400040007B
:10D2C000400040004000400040004000400040005E
:10D2D000400040004000400040004000400040004E
:10D2E000400040004000480140004000400036003F
:10D2F00040004C00AE00BB009D00E100ED000101CC
:10D3000040004000510040008900400040004000C3
:10D310004000760045B12B681E68637A8DF80030B6
:10D32000237AE1782846B0479D4E062556F8043BFF
:10D330002046984708B9013DF8D117B0BDE8F08FF5
:10D34000002DF1D02B689E68E7E7002DECD02B680C
:10D3500094F804801F69934B94F809901A88237AF3
:10D360000C9214AE04F10A0130460B93FFF7F1FB67
:10D37000217C608A94F814C08DF810C003908DF859
:10D380000810DDE90B3201968DF8009041462846E1
:10D39000B847C9E7002DC7D02B68E2685E69637A99
:10D3A0000292A27A01928DF8003094F9073094F934
:10D3B0000620A1882846B047B6E7002DB4D02B68D8
:10D3C000A1889B6928469847AEE7002DACD02B6812
:10D3D0009B6A28469847A7E7002DA5D02B68DB6AF3
:10D3E000F7E7002DA0D02B68277994F805809E6B75
:10D3F000A11D14A8FFF7ADFB14AB424639462846E1
:10D40000B04791E7002D8FD02B6822791E6B611DEC
:10D4100014A8FEF75DFF14A92846B04784E7FFF77C
:10D420002FFC6179FFF70FFD08B100234373002D36
:10D430003FF47AAF217969B9E2884FF6FF739A42D7
:10D440000AD023882A68566B227A0092627928468D
:10D45000B04769E70023F5E70B46F3E7002D3FF4FB
:10D4600063AF2B68E1781B6A05E0002D3FF45CAFE9
:10D470002B68E178DB69B1FA81F1490928469847C0
:10D4800052E725B9FFF7FCFB80F844504CE7FFF763
:10D49000F7FB90F844302BB1FFF7F2FB002380F844
:10D4A0004430DEE72B685B6A93E7002D3FF43CAF26
:10D4B000A379A67B8DF840308DF844602A6894F8F3
:10D4C0000490D2680B92FF2B04F1070112A80CBF45
:10D4D000002710AFFFF73DFB94F80DA006B111AE89
:10D4E000E37B0C930DF1500894F9113094F910205E
:10D4F0000D9304F11501638A94F814B00F9240461D
:10D500000E93FFF726FB216A0E9B0991217F05935D
:10D510000D9B04930C9B0F9A0392CDE90781CDE9F3
:10D52000016328468DF818B00B9D8DF800A012AB52
:10D530003A464946A847F7E6002D3FF4F5AEA289E2
:10D540002B680192628900921E6CE28823892188EF
:10D550002846B047E8E623793C2B7FF4E5AEFFF799
:10D560008FFB2188FFF786FC064600283FF4DCAEDF
:10D5700000274773002D3FF4D7AEFFF781FB4FF034
:10D580000C01FFF778F82B6800283FF428AFD3F898
:10D590003480F279009721793B462846C047C3E69C
:10D5A0008869070054490120FFF76AFB2188FFF7CB
:10D5B00061FC00283FF4B8AE00234373B4E600BF1B
:10D5C00070B58378262B8CB0044628D1FFF758FB22
:10D5D000A37A8DF8003004F10C01E37A8DF8013064
:10D5E00006460DF10200FFF7B4FA227A616802A83C
:10D5F000FEF76EFE637A8DF8103002238DF8183036
:10D600006D46084B05930FCD07AC0FC42B68236004
:10D61000304606A9FFF72EFB01200CB070BD00209C
:10D62000FBE700BFA068070013B50C46FEF7E4F95E
:10D6300001466846FDF736FF009B2360019B63604F
:10D64000002002B010BD07B50191FEF7D5F9019990
:10D65000FDF735FF002003B05DF804FB00207047A4
:10D660004160704708B5F8F7E1FD002008BD38B506
:10D67000054608462C7A34B92146F8F7A3FE012363
:10D680002B72204638BD0620FCE7034610B55C7AB5
:10D690000846114624B92246F8F7DAFD204610BDA7
:10D6A0000620FCE708B5F2F7F7F8003818BF0120AC
:10D6B00008BD08B50846F8F74FFE002008BD10B5B4
:10D6C0000C46F2F7E9F820B1A0B2F8F75BFE0020B3
:10D6D00010BD0220FCE7F2F7D9B830B585B0CDB265
:10D6E00003920293F2F7D8F888B1DDE90221002411
:10D6F000089B02912846CDE90044F8F7CBFD284667
:10D7000002990122F8F740FE204605B030BD022004
:10D71000FBE737B50C4601921D46F2F7BDF838B16C
:10D72000E0B20199EAB2F8F72FFE002003B030BD55
:10D730000220FBE713B50C460192F2F7ADF838B1C1
:10D74000E0B201990022F8F7D7FD002002B010BD29
:10D750000220FBE708B5F2F79FF818B1F8F7EAFDE9
:10D76000002008BD0220FCE710B50446FDF7C1F912
:10D7700020460621F3F7A8F9637903F03F036371AC
:10D78000204610BD00487047E463002037B50346CB
:10D7900020B916491648CE2208F0B2FC8278154905
:10D7A000382A4C6806D03A3A022A1DD8BCB9012062
:10D7B00003B030BD00220A72002CF8D02268156830
:10D7C000C27842B940681B890090ADF804306946C0
:10D7D0002046A847EBE76846FDF78BF9F7E7236893
:10D7E00020465B689847E2E70020E1E7B069070060
:10D7F0000C6A0700E463002070470020087070473F
:10D80000022070470220704721B101230372C160DA
:10D81000002070470172FBE7024B1B680020197162
:10D82000704700BF64630020CB1F092B07D89142CB
:10D8300005D8044B1B68002059719A717047042069
:10D84000704700BF646300204160704740687047C4
:10D8500010B500240472C4600474142221465430AC
:10D8600013F034F8204610BD08B50846C0B2114682
:10D87000F7F7F6FE002008BD08B50846C0B2D1B2E1
:10D88000F9F7BDFA002008BDF0B589B0002301AC5E
:10D89000CDE90533ADF81C3002F1100713460E46F2
:10D8A000224618685968254603C50833BB422C46F2
:10D8B000F7D1F0B20321F9F75FFA002009B0F0BD0B
:10D8C000F0B589B001AD144602F1100C0F462A469E
:10D8D000206861682E4603C6083464453546F7D192
:10D8E000186859680E9B05AC03C49DF83C101B8852
:10D8F000ADF81C300131F8B2C9B2F9F73DFA002099
:10D9000009B0F0BD08B5084600231A461946C0B252
:10D91000F9F786FA002008BD10B508469DF80810F2
:10D9200049B95C1CE4B2134601212246C0B2F9F7A2
:10D9300077FA002010BD0324F5E710B500F131039C
:10D9400001F11002184651F8044B43F8044B914280
:10D95000F9D1F9F7E1F8002010BD08B5084682F0CA
:10D960000101F9F7E5F8002008BD37B50B4600F1D5
:10D9700041041146204603F1100253F8045B44F8B9
:10D98000045B9342F9D10191F9F7BAF8FEF7E8FB8D
:10D990000199FEF7E3FB002003B030BDF7B5144654
:10D9A0001A464B1E042B0E462CD800EB81073D6D0A
:10D9B0009DB104F1100354F8041B45F8041B9C426C
:10D9C000F9D1F0B2396D0190F5F7F8FE0198089998
:10D9D000F5F7FEFE002003B0F0BD0B4901921020C8
:10D9E00009F0AEF9019A40B1034604F1100154F870
:10D9F000045B43F8045B8C42F9D138650028E0D120
:10DA00000720E8E70420E6E7A088070038B54B1EAA
:10DA1000042B0D460FD800EB8104206D20B110219E
:10DA200009F092F9002323650022E8B21146F5F7C8
:10DA3000C5FE002038BD0420FCE707B508461146A6
:10DA40001A469DF814300093D2B29DF81030C0B23F
:10DA5000F9F772F9002003B05DF804FB07B508463A
:10DA600011461A469DF814300093D2B29DF810303A
:10DA7000C0B2F9F7A5F9002003B05DF804FB08B5C2
:10DA80000846C0B2D1B2F8F7FFFF002008BD08B5C4
:10DA900008460821F3F718F8002008BD07B5084626
:10DAA0000192032101AAC0B2F8F7FEFF002003B0E3
:10DAB0005DF804FB08B50846C0B21021F8F7F4FF82
:10DAC000002008BD08B50846C0B21146F9F7ECF8C9
:10DAD000002008BD08B50846C0B21146F9F784F821
:10DAE000002008BD1FB5044610216846F2F7ECFF80
:10DAF000684604F11101F9F789F8002004B010BD5F
:10DB0000F0B593B015460E461022002106A81C461B
:10DB100012F0DCFE02AB2A4605F1100C1F4610681D
:10DB200051681D4603C5083262452B46F7D123468E
:10DB300003F110050AAC18685968224603C208337D
:10DB4000AB421446F7D1189B0EAC03F110051868D0
:10DB50005968224603C20833AB421446F7D1F0B2EB
:10DB600039460190F9F750F8002201981146F8F76C
:10DB70009BFF002013B0F0BD38B500250F4B0360AC
:10DB8000044645600572C56005742946202211309F
:10DB900012F09CFE2946102204F1310012F096FE8C
:10DBA0002946102204F1410012F090FE1422294669
:10DBB00004F1540012F08AFE204638BDAC6A07001A
:10DBC00010B50B4C2368BFF35B8FDB070ED42046E8
:10DBD00008F092FE50B10748FFF7CEFF064A07490A
:10DBE000044808F076FE204608F0A8FE014810BD63
:10DBF000B0490120B449012000600020F9D7050098
:10DC00002DE9F0438FB00446FFF7DAFF456806467A
:10DC1000002D00F090812CB9A149A24840F2572272
:10DC200008F06EFAA3782A3B0C2B00F28481DFE81F
:10DC300013F00D00110028002E0033006F00FB00D0
:10DC4000210132013D015B016C017B012B68DB6826
:10DC5000218813E0E27821882B68501E0D2804D813
:10DC60005B6828469847012435E0E02A03D15B68C9
:10DC70004FF00802F5E7E12AF9D19B68284698475A
:10DC8000F1E72B689B694FF002022188E9E72B68D6
:10DC90004FF000029B69F8E7237926881BB12B68B7
:10DCA0005B6B3146EAE763797BB3FFF789FF047A60
:10DCB000F7B2A4B12B68D3F82080FFF781FF31467B
:10DCC000C2682846C047FFF77BFF032100F10C0222
:10DCD0003846F8F7E9FE20460FB0BDE8F0830AA801
:10DCE0000421F2F7F1FE0A9A6F4BB2FBF3F103FB4A
:10DCF00011222B680A92314628461B6A98470AAAC5
:10DD000003213846F8F7D0FEADE72B689B6AC8E7D9
:10DD1000A37F2688013B072BA5D801A252F823F048
:10DD200041DD05008FDD050067DC0500C3DD050072
:10DD300067DC050067DC050067DC050001DE050027
:10DD40002B680DF1280CD3F84880271D04F114022C
:10DD5000634638687968E646AEE8030008379742BC
:10DD6000F446F6D11A4631462846C0472A68D2F80A
:10DD70004C8060697968A28BADF818200AAB9C468C
:10DD8000ACE8030006AA31462846C0476BE72B687B
:10DD90000DF1280CD3F84080271D04F114026346CE
:10DDA00038687968E646AEE8030008379742F446DB
:10DDB000F6D11A4631462846C0472A68D2F8448030
:10DDC000D7E72B6860695F6D238BA27E0A90ADF860
:10DDD0002C3031460AAB2846B8472B681F6D04F13A
:10DDE00014080AAA043420686168134603C308347F
:10DDF00044451A46F7D10AAA31462846B84732E7C1
:10DE00002B680AAFD3F858803A46231D143418689B
:10DE10005968BC46ACE803000833A3426746F6D114
:10DE200031462846C0471EE70023CDE90633264683
:10DE3000B4F80E80D5F8009036F8067BB8F1000FE4
:10DE400009D1082206A9304612F00AFD18B1D9F806
:10DE50006030394612E7D4F806007168D9F85C9052
:10DE6000ADF814800AAB03C305AA0AAB39462846AD
:10DE7000C847F8E62B6862791E68E179A3798DF8C6
:10DE800000308DF80410003A2379218818BF012250
:10DE90002846B047E7E62B6822795B69F5E600BFC4
:10DEA000506A07000C6A070040420F002B6806AA60
:10DEB0009F6B04F1140304F124089E4694461868ED
:10DEC0005968164603C6083343453246F7D10AABB4
:10DED00004341A46206861681E4603C60834744537
:10DEE0003346F7D1614688E7251D2846F8F7CEFE70
:10DEF00024342B4606F1110253F8041B42F8041B8C
:10DF0000A342F9D101243474E5E620462B6830F8A9
:10DF1000041B1E6A0391F8F7DFFE039902462846A8
:10DF2000B0472B685B6A93E62B682279DB6A21880D
:10DF30002846984797E60024CDE600BF70B500F16B
:10DF4000540500F168040026A54200D170BD286880
:10DF500018B1102108F0F8FE2E600435F4E708B57A
:10DF6000FFF7ECFF002008BD10B50446FFF7E6FF01
:10DF70002046FFF76DFC002010BD0A46C978937853
:10DF8000043303EB012189B20220FCF731BE817812
:10DF9000024603310120FCF72BBE00002DE9F047BB
:10DFA000424EDFF8208105464718BD4201D1BDE849
:10DFB000F087337815F8011B33B93D4A11703D4A9B
:10DFC000138001233370F0E7012B59D1DFF8E4A06F
:10DFD000394BBAF80000195435490978421C481EDB
:10DFE000C0B203289CBF354C245C92B288BF002489
:10DFF000A242AAF80020A0B2D7D102290AD004294F
:10E0000033D001294FD193F80290484480B2FCF7F5
:10E0100033F80BE0D978987800EB01201FFA80F9EB
:10E0200012FA80F0002180B2FCF72EF8C8F8000048
:10E03000002834D0224ADFF880C010600346044430
:10E0400000219C4214D101B11460AAF80090B9F1EA
:10E05000000F13D103233370D8F8001019B1144BFB
:10E060001878F1F7B1FB0023ACE793F80190CCE707
:10E070001CF8011B03F8011B0121E2E70223A1E7C1
:10E08000022B0CD10E4A1368581C1060094A1970F3
:10E090001388013B9BB21380002BDBD085E73378DC
:10E0A000032BD9D081E74FF00009AEE72D4A0120BC
:10E0B0002C4A0120204A01201C4A01202C6B070019
:10E0C000244A0120284A0120FCF7A0BDFCF7A6BD88
:10E0D00007B5074A002382F82130ADF804308DF8E7
:10E0E000063001A89368984703B05DF804FB00BFB1
:10E0F000743F012012207047024B0022C3F8D82041
:10E10000704700BF5036012000F002B800F002B89E
:10E1100008F0A0B808F0B4B8FFF7F6BFFFF7F6BFF5
:10E1200038B500F00F040D46FFF7EEFF094B04F180
:10E13000140033F81020154393F8442023F81050AE
:10E1400042F0040283F84420FFF7E0FFBDE83840C6
:10E15000CFF790BB304A012010B50C46FFF7D4FF33
:10E16000054B93F84420144383F84440FFF7CEFF57
:10E17000BDE81040CFF77EBB304A01200048704711
:10E180006C4A0120044A92F84530591C42F8230099
:10E1900082F8451018467047304A0120034B93F827
:10E1A0004400B0FA80F04009704700BF304A0120B7
:10E1B000F0B5284C85B0FFF7A7FF94F84460002322
:10E1C00084F84430FFF7A2FFF10708D504F13C07BB
:10E1D0000DF10F013846FBF774FF054628B9B20769
:10E1E00014D4730718D405B0F0BD9DF80F3029463C
:10E1F00054F82330002098472846FBF749FFE7E70B
:10E20000037B011D54F82330002098470020FCF7C1
:10E2100079F80028F4D1E4E70F4D0A24A5F1280687
:10E22000002735F8023B73B1336863B1FFF76CFF29
:10E2300035F8020C25F8027C0190FFF767FF336880
:10E24000019800219847013C14F0FF0406F10406F0
:10E25000E7D1C8E7304A0120584A012070B5421E74
:10E2600000234D1E9D420BD8435D03F03F033F2B1F
:10E2700013D1014411F8020CFF3818BF012070BD02
:10E2800012F8016F741EE4B2FD2C0CD91BB112F808
:10E29000014CB44207D10133E4E723B9014411F83A
:10E2A000020C0038E9E70120E9E7437903F0C003F5
:10E2B000C02B02D10621FFF7D1BF00207047437960
:10E2C00003F0C003402B03D103210844FFF7C6BF6E
:10E2D0000020704730B4C9B280699DF80850002909
:10E2E00018BF0B2130B104688DF80850646BA44648
:10E2F00030BC604730BC7047806910B428B10468F6
:10E30000A46BA4465DF8044B60475DF8044B70476E
:10E31000F0B5806987B09DF830709DF838609DF841
:10E320004050C8B1C9B204688DF8083000290D9B6F
:10E33000039318BF0C21BDF83C308DF804106469BC
:10E34000ADF806208DF809708DF81060ADF8123028
:10E350008DF8145001A9A04707B0F0BD07B580693A
:10E3600028B10368ADF80410DB6901A9984703B030
:10E370005DF804FB13B5806940B1046824688DF82A
:10E3800000108DF8012001936946A04702B010BD2E
:10E3900010B50446FCF796F8FCF768F82168BDE86C
:10E3A0001040FCF7DEB810B50446FCF78BF8FCF71C
:10E3B0005DF821680322BDE81040FCF7CCB890F866
:10E3C000443007B553B1002380F8443080F84C3016
:10E3D000806918B1036801A91B69984703B05DF80B
:10E3E00004FB07B590F8153143F0010380F81531AF
:10E3F00090F81D3123F0010380F81D3190F823318E
:10E4000013F0010206D023F0010380F8233103B09A
:10E410005DF804FB80690028F9D00368ADF804209A
:10E420005B6801A99847F2E710B4D0E901320168AE
:10E43000541001EB6200D20748BF0A595DF8044B43
:10E4400048BFD358184730B4D0E90132046855109A
:10E4500004EB6200D20748BF625930BC48BFD358B2
:10E46000184700001FB5C36908491A68126803916C
:10E470000749019100210090029118466946904792
:10E480006846D0F79FFA05B05DF804FBF06B070013
:10E4900015F305001FB503680849D86902681268BA
:10E4A00000930023CDE90133039169469047684604
:10E4B000D0F788FA05B05DF804FB00BFC86C070010
:10E4C000006A0368D3F8B430184737B505460868C2
:10E4D0008B88009068460C46ADF80430FFF7E5FEE7
:10E4E000B0B195F838305BB1012385F82C30236842
:10E4F000C5F83E30A388A5F84230002003B030BDF7
:10E50000286A036821461B6998470028ECD0F5E784
:10E510000420F3E737B54B7805460C468BB94068C5
:10E5200020B103680A7A5B6849689847A86940B1D6
:10E5300003686168227A0091DB6A8DF804206946DD
:10E54000984703B030BD2DE9F041436888B00546D7
:10E550000C4623B30B7813BB06AE3046FCF7C9FA62
:10E56000296A95F82C200B68E2B99B6830469847D9
:10E570006F68A27B3B6896E80300D3F8008095F8AB
:10E580002C3003908DF80830A068A389ADF81010E6
:10E590000090ADF804306168E37B3846C04708B0AE
:10E5A000BDE8F081DB68E1E77FB58B7B012B04469A
:10E5B0000E4603D00125284604B070BDCB7B012B4D
:10E5C000F8D101F10800FFF77AFE05460028F1D0E6
:10E5D00094F83B307668022B12D0032B1FD0012B0E
:10E5E000E9D1A06A01F0CEFA0028E3D0206A0368DE
:10E5F0004FF00502D3F8B030314698470025DAE7EE
:10E60000E06903681A68084B03930023CDE90133DE
:10E610000096694690476846D0F7D4F9CBE7E069A1
:10E6200003681A68014BEFE7BC6C0700B06C070089
:10E6300070B505460C46FFF7B7FF50B12146284696
:10E64000FFF781FFA869036821461B6ABDE8704097
:10E65000184770BD70B50546806A0C4601F092FA05
:10E6600048B195F83D30022B05D1E3791BB1204626
:10E67000FFF725FE30B9A86903682146DB68BDE8CD
:10E680007040184770BD4FF00C01FFF719BF73B50C
:10E6900090F81051044605BB90F8443080F84C5077
:10E6A000012B0FD1FFF7EFFF0246206A036882B10A
:10E6B0009E6E00952B462A462946B04738B903235B
:10E6C00084F8443004F1900004F0FEFF002002B012
:10E6D00070BD5B6E11469847F0E70520F7E7000034
:10E6E00090F84420022A08B505D00A490A4840F2A9
:10E6F000FE4207F005FD49B190F84C30012280F848
:10E7000044202BB9BDE80840FFF7C1BF80F8441092
:10E7100008BD00BF306B07006E6B070090F84430F7
:10E7200013B504463BB1FFF7B2FFA06918B1036807
:10E7300001A91B69984702B010BD0068FFF7EEBF42
:10E7400010B50446FFF79FFF38B1206A03681B6DC0
:10E7500098470F2828BF0F2010BD0120FCE7B1F516
:10E76000486F28BF4FF44861062938BF0621018051
:10E770007047B1F5486F28BF4FF448610A2938BF88
:10E780000A210180704700002DE9F04190F83A31EC
:10E790008AB00C46002B34D085695DB32B68D1F864
:10E7A000048009895F6A04A8FFF7D9FF618905A879
:10E7B000FFF7D5FFA689E18940F2F3139E4206A830
:10E7C00028BF1E46FFF7D5FFBDF81030ADF820304A
:10E7D000BDF81430ADF82230BDF81830CDF81C80EB
:10E7E000ADF82460ADF8263007A92846B8470AB02E
:10E7F000BDE8F0810A490B4800952B462A4607F0F0
:10E80000A3FE006A0268CDE90233CB8901938B89AC
:10E810000093D2F8A8504B890A894968A847E6E7CF
:10E82000956B0700480118802DE9F043866987B091
:10E830000C463EB34D783368D1F804900989D3F87B
:10E840002880002D684618BF0B25FFF788FF6789D1
:10E85000A18940F2F3139F4201A828BF1F46FFF78A
:10E8600088FFBDF80030ADF81030BDF804308DF8E9
:10E870000850CDF80C90ADF81270ADF8143002A924
:10E880003046C04707B0BDE8F083F0B585690C4657
:10E8900087B01646194625B32B68E4B2002C6846AB
:10E8A00018BF0B249F6AFFF75AFFBDF8341001A868
:10E8B000FFF75FFFBDF80030ADF81030BDF8303025
:10E8C0008DF8084040F2F312934228BF1346ADF88A
:10E8D0001230BDF804300396ADF8143002A9284672
:10E8E000B84707B0F0BD00002DE9F04790F83A4175
:10E8F0008AB00D46BDF84880BDF84C901E468CB3DA
:10E90000846944B32368114604A8D3F824A0FFF710
:10E9100026FF314605A8FFF722FF494606A8FFF764
:10E9200028FFBDF81030ADF82030BDF81430ADF838
:10E93000223040F2F313434528BF4346ADF824305C
:10E94000BDF818300795ADF8263007A92046D04706
:10E950000AB0BDE8F08708490848009423462246DB
:10E9600007F0F2FD006A0568CDE90244CDE90089AF
:10E97000D5F8A840A047EBE7956B07004801188041
:10E980002DE9F0410B7A90B005460C460BB980F8A2
:10E9900010316378002B36D0AC698CB3236801AF9B
:10E9A00003AE3846D3F8208005ADFCF7A2F8304618
:10E9B000FCF79FF82846FCF79CF80D238DF81C30D7
:10E9C000FF23089397E803000990ADF8281096E814
:10E9D00003000B90ADF8301095E803004FF47F432F
:10E9E000ADF82A3000224FF448630D90ADF838108E
:10E9F000ADF83230ADF83A200F9307A92046C04752
:10EA000010B0BDE8F0812846FFF73DFE40B9237AFB
:10EA1000012B11D195F8153123F0010385F815313B
:10EA2000237A012B08D105F1500004F04DFE286A2D
:10EA3000036800219B6B9847218AD4F8048003A8BF
:10EA4000FFF78DFE668AA18A40F2F3139E4205A865
:10EA500028BF1E46FFF78DFED4F80A000990E08912
:10EA6000ADF82800607A8DF82B000023D4F816004A
:10EA7000BDF80C108DF81C300B90ADF83E30608B5B
:10EA8000AB69277ABDF81420ADF83000ADF832102C
:10EA9000E069218C0D90ADF83810CDF820808DF80C
:10EAA0002A70ADF83A60ADF83C2007A9284613B1AA
:10EAB000FFF7BEFDA4E7FFF746FDA1E708B5062274
:10EAC00011F0CEFEB0FA80F0400908BD00220270BD
:10EAD0004270704770B5044686B0002545604A48CC
:10EAE00063620A9B256300F108065C30C4E90A35BD
:10EAF000A0604FF0007345482660A36304F13E0612
:10EB00004FF48073C4E90712A387C4E90305A586FF
:10EB10003046FBF7EEFF84F84450A4F8465084F8E2
:10EB20004850A4F84A5084F84C5004F1500004F0C6
:10EB300051FE04F1900004F04DFE04F1D00004F009
:10EB40000FFE84F8105104F21110FFF7BFFF04F21A
:10EB50001310FFF7BBFF04F21510FFF7B7FF04F225
:10EB60001710FFF7B3FF04F21910FFF7AFFF04F21D
:10EB70001B10FFF7ABFF04F21D10FFF7A7FF04F215
:10EB80001F10FFF7A3FF04F22110FFF79FFF04F20D
:10EB90002310FFF79BFF206A84F836510368A4F81E
:10EBA00026511B68A4F82851A4F82A51A4F82C5126
:10EBB000C4F838519847206A154A03680592154AE7
:10EBC000D3F8C4300294CDE9032502A9984702A8DE
:10EBD000CFF7F8FE216A0B686846DB689847009B10
:10EBE000C4F83E30206ABDF80430A4F8423003680F
:10EBF0002146D3F8C8309847A06A04F1080100F014
:10EC0000BBFF204606B070BD106C0700E86B070024
:10EC1000FC6B0700DDF60500CB0801F00701C05CC6
:10EC2000084100F00100704790F838302DE9F74FA7
:10EC30000546884693462BB900F13E04204603B0B2
:10EC4000BDE8F08F806A00F093FF0446A86A00F0E8
:10EC500091FF95F8103195F83CA095F83A90074649
:10EC6000002B3DD195F8443003B3BAF1000F14BF27
:10EC700006462646B8F1010F34D0B8F1020F06D08F
:10EC8000B8F1000F3AD1BAF1000F18BF3C46684600
:10EC9000FBF72FFF69462046FFF710FF80BB002ED1
:10ECA000CCD0B4420CBF34460024C7E7594605F225
:10ECB0001510FFF7B1FF38B9594605F21D10FFF7DF
:10ECC000ABFF06460028D5D0594605F21B10FFF7CA
:10ECD000A3FF28B9B9F1000F0CBF26463E46C9E78D
:10ECE0002646C7E7594605F21B10FFF795FF002897
:10ECF000CDD1B9F1000F18BF3C46C8E70024C6E7E4
:10ED000000249BE730B5002289B011460446FFF786
:10ED10008BFF0390002858D02046FFF7B4FC0399DE
:10ED2000B0B194F844301BB9206A03681B69984756
:10ED3000206AB4F84A20036800929D6E94F8482037
:10ED4000B4F846300121A847002839D009B030BDB9
:10ED5000B4F84A30002B3AD194F844305BB994F8B7
:10ED60001531DA0707D494F81D31DB0703D4206A84
:10ED700003681B699847206A94F848200368003AA2
:10ED80005B6E18BF01220121984705460028DDD19E
:10ED900004F19000039004F097FCB4F84630039817
:10EDA00073B10C4A079242F21072A3FB022304A92A
:10EDB000CDE90445069504F0B4FC04A8CFF702FEA3
:10EDC000022384F844300020C0E70620BEE7042078
:10EDD000BCE700BF746C070038B50446406808B94A
:10EDE000606038BD0569142107F0AEFF2846F6E7DC
:10EDF00010B5034B03600446FFF7EEFF204610BD3D
:10EE0000E86B070010B50446FFF7F2FF20460C211F
:10EE100007F09AFF204610BD38B50E4B0E4D03F19A
:10EE200008025C3383600D4B0260044640F8D03F1B
:10EE3000D0F74EF8204640F8905FD0F749F82046CA
:10EE400040F8505FD0F744F804F10C00FFF7D0FF12
:10EE5000204638BD106C070090710700DC6B07007E
:10EE6000002303704370704738B5044600250C300A
:10EE7000FFF7B2FF04F19000A56184F8105184F807
:10EE8000395084F8445084F84C5084F83B5104F0D5
:10EE90001BFC206A03689B6D984704F2111084F8EC
:10EEA0003651A4F83851FFF7DBFF04F21310FFF7D7
:10EEB000D7FF04F21710FFF7D3FF04F21510FFF786
:10EEC000CFFF04F21D10FFF7CBFF04F21F10FFF776
:10EED000C7FF04F22110FFF7C3FF04F21910FFF778
:10EEE000BFFF04F21B10FFF7BBFF04F1500004F05A
:10EEF000EBFB284638BD10B5CC080122035D01F0BC
:10EF000007018A4023EA0203035510BDCA08012302
:10EF100001F007018B40815C0B43835470472DE95E
:10EF2000FF4190F836710025044680F83851002FD3
:10EF30003ED000F21D1829464046FFF76DFEB8BBD3
:10EF400001350F2DF7D1206A04F5997203680192FB
:10EF500004F593760096DD6B3A4604F5977301212C
:10EF6000A8470746C8B9254604F2211794F8362168
:10EF70002B1B9A4219D936F8023B95F82E113846C8
:10EF80005BBB95F8323143BBFFF7C0FF95F82E11FC
:10EF90004046FFF7BBFF0135E8E7A3692BB12546E3
:10EFA00094F836212B1B9A4205D8002384F8363179
:10EFB00004B0BDE8F08195F82E114046FFF79BFFA5
:10EFC000A06995F82E2103688DF80C205B688DF8F8
:10EFD0000D7003A998470135E2E7FFF78CFFD5E7ED
:10EFE0002DE9F041044686B000F21D100D4616468C
:10EFF0009846FFF711FE002840F0AF80294604F242
:10F000001F10FFF709FE002840F0A7802046FFF7F9
:10F0100097FBA84204D80425284606B0BDE8F08135
:10F02000294604F21110FFF7F7FD0028F3D0294616
:10F0300004F21910FFF7F0FD38B1294604F21B1055
:10F04000FFF7EAFD08B10625E6E72A46012120463A
:10F05000FFF7EAFD07460028F5D02046FFF713FB2F
:10F0600000283FD0294604F21510FFF7D5FD50B90E
:10F07000206A036839461B699847206A03683A4644
:10F080005B692946984794F83631042B21D094F8CF
:10F090003621A31804EB420183F82E51A1F8266112
:10F0A00083F8328194F83851013284F83621002DEA
:10F0B00055D1E0692B4A036802A91B680592CDE986
:10F0C00002450495984784F8380102A8CFF77AFCE6
:10F0D000A2E72046FFF723FF94F83631002BD6D065
:10F0E000072599E7002D96D194F8443043B994F858
:10F0F0001531DB0704D4206A036839461B69984739
:10F10000206A036801219B6B98470546002883D13C
:10F1100004F15000019004F0D7FAB3B201987BB12A
:10F12000114A0592114A0294CDE9032542F2107268
:10F13000A3FB022302A904F0F4FA02A8CFF742FCD1
:10F1400094F8213143F0010384F8213194F81D3102
:10F1500043F0010384F81D315EE705255CE70025D7
:10F160005AE700BF8C6C0700F06B070065E40500F0
:10F1700010B5044699B1002380F84430FFF783FAB4
:10F1800020BB94F81F2194F8153112F0010103F00F
:10F19000010305D02BB194F81D31DB0716D510BD46
:10F1A000A3B994F81D3113F001030FD171B122F00E
:10F1B000010284F81F2119461A462046FFF710FF66
:10F1C00094F8233143F0010384F8233194F84C3050
:10F1D000002BE4D02046BDE81040FFF793BD1FB5DB
:10F1E00090F8153190F81F2123F0010380F81531B4
:10F1F00090F81D3123F0010380F81D31D307044638
:10F2000019D590F84430B3B922F0010280F81F21DB
:10F2100019461A46FFF7E4FE94F8233143F0010340
:10F2200084F8233194F84C303BB1204604B0BDE85B
:10F230001040FFF767BDA06908B904B010BD0368AE
:10F240009A680023CDE901334FF48033039301A979
:10F250009047F2E70068FFF762BE0068FFF75FBE05
:10F2600030B587B004460191FFF76AFA01998842E8
:10F2700003D80425284607B030BD04F211100191CF
:10F28000FFF7CAFC0028F4D0019904F21D10FFF723
:10F29000C3FC00283AD1019904F21510FFF7BCFC19
:10F2A000019908B90025E5E720460191FFF7EBF940
:10F2B0000199B8B104F21310FFF728FE94F8395100
:10F2C000002DEFD1E069124A036802A91B6805927C
:10F2D000CDE902450495984784F8390102A8CFF793
:10F2E00071FBC7E70029C4D1206A03689B6B98476C
:10F2F00005460028BED104F1500004F0E5F994F869
:10F300001D3143F0010384F81D31B3E70525B1E752
:10F31000806C070090F81531DB0702D50021FFF75C
:10F320009FBF70472DE9F04300248BB00746264667
:10F3300000F2131521462846FFF76EFC50B106F186
:10F3400028036B44013603F8104C21462846F6B2D8
:10F35000FFF7D1FD01340F2CECD116B3386A00242D
:10F360000368CDE900440DF11808DD6B32464346D1
:10F370002146A8470546D0B1A146B86918F804202F
:10F3800003688DF80C209B68CDF81090ADF81490B0
:10F390008DF816908DF8175003A901349847A642AE
:10F3A000EBD8002387F839310BB0BDE8F08307F2C2
:10F3B0001D1418F8011B20460135FFF7A7FDAE42CA
:10F3C000F7D8EEE70068FFF7ADBF0068FFF7AABF08
:10F3D0002DE9FF47D1E9005604462E4400F21518E6
:10F3E00000F21D1900F22317B54214D194F83831F8
:10F3F00073B9E0691949026812680391CDE90043C5
:10F4000002936946904784F838016846CFF7DAFAE4
:10F4100004B0BDE8F08729784046FFF777FD15F87E
:10F42000011B4846FFF767FD15F801AC3846514609
:10F43000FFF7F2FB20B151463846FFF75CFDD3E7FA
:10F44000A369002BD0D01A68694652688DF8010074
:10F450008DF800A018469047C6E700BF986C0700DB
:10F460002DE9F04390F8383085B004460E46002B65
:10F470005ED090F83930E3B1806A00F079FB054640
:10F480006846FBF736FB69462846FFF717FB80B94D
:10F49000A06A00F06FFB054602A8FBF72AFB02A951
:10F4A0002846FFF70BFB20B984F83900A069002833
:10F4B00041D1002504F21D1704F2151804F21B199E
:10F4C00029463846FFF7A8FBD0B929464046FFF742
:10F4D000A3FBA8B129464846FFF79EFB86420FD101
:10F4E000294604F22110FFF797FB48B1E9B2204604
:10F4F000FFF7B6FE20B9294604F21F10FFF706FDFC
:10F5000001350F2DDCD194F83C3083F001039E428D
:10F510000ED194F84450012D0AD1B4F846303BB9CD
:10F52000B4F84A3023B92046FFF7B1F884F84C50BC
:10F5300005B0BDE8F0830368DB6B9847B9E70121AC
:10F54000FFF78EBFA0F10800FFF7F9BF0021FFF71A
:10F5500087BFA0F10800FFF7F9BF00002DE9F043D5
:10F56000CDB285B0044616461F4645BBB3F1000830
:10F5700018BF4FF00108314604F21510FFF7BBFC2D
:10F5800004F21F19314604F21D10FFF7B4FC314696
:10F590004846FFF741FBE8B1E7B931464846FFF777
:10F5A000AAFC31463B463A462046FFF719FD314654
:10F5B00004F22310FFF7AAFC05B0BDE8F0833C2D50
:10F5C0004FF0000803D0432D03D10F25D3E70E25BC
:10F5D000D1E70B2594F8393173B9E0691149026814
:10F5E00012680391CDE9004302936946904784F87D
:10F5F00039016846CFF7E6F9A0690028DCD0036836
:10F600009DF830209B688DF8082000228DF800605E
:10F6100001978DF809808DF80A208DF80B50694606
:10F620009847C9E7A46C07002DE9F04F064693B050
:10F630000C460025236820469B689847A84202D8BC
:10F6400013B0BDE8F08F2368EAB2DB68214605A855
:10F650009847B2699DF815A0002A39D09DF814206A
:10F660009DF924B0042A98BF1A4B0DF1040803AF8A
:10F67000404694BF13F802904FF00009FBF739FAA7
:10F68000DDE907123846FCF723FE134B0C930023E9
:10F69000DDF81600ADF83430BDF81A200A90FF23CB
:10F6A0008DF83730ADF82C208DF82E908DF82FA0E6
:10F6B0008DF836B098E803000E90ADF83C1097E84E
:10F6C000030012AB03E903000AA93046FEF7C2FFAC
:10F6D0000135AFE7086C07000100FF7F0B78013BA5
:10F6E000042B0FD8DFE803F00603080C0A000439E6
:10F6F000FFF79ABFFFF744B9FFF796B8FEF70ABFC6
:10F70000FFF742B870472DE9F04F88468BB081690A
:10F710009DF850A0159C1E4605469DF868300029AE
:10F720003CD0002A3DD092F800B004B124789DF876
:10F7300070201D996F4638465FFA83F9FCF7C8FDC3
:10F740001B9B3068B28802901868ADF80C200690B8
:10F750009DF858209B888DF8122097E803009DF9AA
:10F760005C208DF81320ADF81C30BDF86420ADF896
:10F7700014200AAB03E903009DF960208DF80E8088
:10F7800002A928468DF80FB08DF810A08DF8114011
:10F790008DF816208DF81790FEF75CFF0BB0BDE8D2
:10F7A000F08F4FF0FF0BC0E72DE9F047846986B07A
:10F7B00088469DF838A017461E46CCB1236810999C
:10F7C0009DF83C20D3F818906D462846FCF780FD44
:10F7D00095E8030006AB03E90300ADF808808DF857
:10F7E0000A708DF80B608DF80CA002A92046C8475E
:10F7F00006B0BDE8F08741657047806810B10368C6
:10F800001B6818477047A0F10400FFF7F6BF0368B4
:10F810000BB108461847704730B4D0E9013204688C
:10F82000551004EB6200D20748BF625930BC48BF94
:10F83000D358184770B4D0E901340568661005EB59
:10F840006400E40744BFAC59E35870BC184700009B
:10F85000224B30B5044603F108021C336360204B91
:10F8600022600025C4E903351E4BA564C4E90635B2
:10F870001D4B1E4AE163C4E91055C4E909351C4B10
:10F88000A560C4E90C351B4BE36485B00B682565A6
:10F890009B6C0392184A84F85C50CDE90125084618
:10F8A000C4E915556946009498476846CFF78AF829
:10F8B000E06B124A0368DB6C0392114A0094CDE9B5
:10F8C0000125694698476846CFF77CF8E06B0368E6
:10F8D000211D1B6D9847204605B030BD0C6D0700FB
:10F8E0003467070024670700DC6C0700006D070021
:10F8F000EC6C07000FF80500ADF90500F46C07008B
:10F900002DF90500806D10B183688B4200D17047DE
:10F91000C068F8E710B50446FFF7F4FF28B10368A4
:10F9200021469B68BDE81040184710BD10B502463F
:10F93000FFF7E8FF28B10368BDE81040DB68114617
:10F94000184710BD38B50446806A0D4630B938BD39
:10F95000C36829469847E36A23B9A06AE062002891
:10F96000F6D1F4E71869F9E71FB50023CDE90133B3
:10F97000137800911B2B04D01D2B11D005B05DF81E
:10F9800004FB5388ADF8043001238DF806309368EA
:10F99000ADF80830694653680393FFF7D3FFEDE7EE
:10F9A0005388ADF804300223EFE7000010B4147858
:10F9B0001D2C0FD80123A340084C1C4034B913F070
:10F9C000205F07D05DF8044BFFF7CEBF5DF8044B16
:10F9D000FFF7A0BF5DF8044B704700BFAAAA8A02D8
:10F9E00038B50446406808B9606038BD056914211F
:10F9F00007F0AAF92846F6E738B50446406808B982
:10FA0000606038BD0569142107F09EF92846F6E7C5
:10FA100070B5044600F13006FAF754FDFAF722FDFE
:10FA20000546606BA063B0B93046FFF7D9FF04F11B
:10FA30000C00FBF751FF04F11800FBF741FF04F144
:10FA40002400FFF7D9FF012384F85C30A06D50B982
:10FA500084F85C0070BDC36829469847A36B002BEF
:10FA6000DFD01869DEE7036821461B699847EDE798
:10FA700038B504460D466068A06000B938BDC3685B
:10FA800029469847A368002BF5D01869F4E71FB5FD
:10FA90000024CDE901440394009102246946183002
:10FAA0008DF80640ADF80420ADF80A30FFF7E0FF0E
:10FAB00004B010BDA0F10400FFF7E9BF0A460346F9
:10FAC00000F1680110689866186A9288A3F86C20A3
:10FAD00010B103681B681847704773B54D6801F192
:10FAE0000F022B6800920C465E6A017A00F10F0348
:10FAF00000F109022846B04794F87930002001331C
:10FB000084F8793002B070BD704710B520210446EA
:10FB100007F01AF9204610BD38B504461348A381F2
:10FB2000C4E9000100250021A26004F10F001022A9
:10FB300010F0CCFE256204F1280003F011FE04F160
:10FB40006800FAF7D6FF04F16E00FAF7D2FF60689A
:10FB5000A4F87850036865671B6898476068036875
:10FB600021465B6B9847204638BD00BF4C6D0700AF
:10FB7000683070476E3070470162704740680368B4
:10FB80005B69184790F87900704738B50446606F94
:10FB900000B938BDD0E900355B6898476567F6E77E
:10FBA00038B504460B4B0360FFF7EFFF606803684E
:10FBB0005B68984704F12805074BA362284603F0C9
:10FBC00083FD04F15000CEF7FDFE284603F0D6FE7B
:10FBD000204638BD4C6D07007871070090F87830EA
:10FBE00070B504460BB109B970BD31B1606F20B179
:10FBF000D0E900355B6898476567656F1DB984F883
:10FC00007850F1E735462B6821469B68284698478F
:10FC100040B1D5E9003628465B689847002EF1D1FF
:10FC20006667E1E7012384F878302E46F8E7012182
:10FC3000FFF7D4BF436F1BB941670021FFF7CEBF69
:10FC40001A465B68002BFBD15160F6E7F8B5064613
:10FC50000F462020114915461C4607F071F8014651
:10FC6000D0B1002343600E4B03602B68C0F809300D
:10FC7000AB88A0F80D30077200F10F02234604F1A3
:10FC8000100053F8044B42F8044B8342F9D130463C
:10FC9000FFF7D0FF0020F8BD0720FCE7A088070091
:10FCA000386D0700F0B585B004460D4616460021B4
:10FCB000102268461F4610F009FE1022694604F122
:10FCC0000F0010F0CDFD60B12046FFF757FF58B18F
:10FCD0003B4632462946204605B0BDE8F040FFF7D6
:10FCE000B5BF062005B0F0BD0220FBE77047806974
:10FCF00003684FF000021B69184770B5054680691C
:10FD0000134602680C46D66A0A4605F13401B0472C
:10FD1000603522461034106851682B4603C3083200
:10FD2000A2421D46F7D170BD70B5C46A2CB908490E
:10FD3000084840F2927206F0E3F9236820465D6DB0
:10FD4000DB6C98472B46411C2046BDE870401847A5
:10FD5000546D07009E6D0700A0F10800FFF7E4BF97
:10FD600013463AB1917D006BC943063301F001019E
:10FD7000FFF798BF704770B4D0E90134056866108A
:10FD800005EB6400E40744BFAC59E35870BC184766
:10FD900070B4D0E901340568661005EB6400E4072F
:10FDA00044BFAC59E35870BC184770B4D0E9013473
:10FDB0000568661005EB6400E40744BFAC59E358DE
:10FDC00070BC1847037819B143F0040303707047FF
:10FDD00003F0FB03FAE7C36A2BB1006A03684FF034
:10FDE00008025B6918470920704738B504460025AA
:10FDF000C0E900550830FAF77CFEE573257420460B
:10FE000038BD10B500F18C03F030834201D10023DE
:10FE100007E0DC7B2246E40705D442F00102DA73F6
:10FE20001960184610BD1433EFE710B58C23F02B82
:10FE300000EB030202D10022104610BDD47BE40780
:10FE400002D5C4588C42F7D01433F0E7C36A70B5BA
:10FE500004468BB1FFF7E9FF80B1037C206A94F878
:10FE60008620DB070368BDE87040DB6A4CBF42F0C8
:10FE7000040202F0FB021847092070BD0420FCE7D1
:10FE800010B51446FFF7D1FF40B1037C64F3410382
:10FE900003741CB9DBB264F34513037410BD10B5D1
:10FEA00004460022FFF7ECFFA0690368BDE810409C
:10FEB0005B68012218470000F7B514460122064688
:10FEC000FFF7DEFF0C4A0D4605230A20B4FBF2F1D2
:10FED00001F130070DF80370013B02FB1144591C7E
:10FEE00092FBF0F2F2D1B06920B103686A465B6917
:10FEF0002946984703B0F0BDA086010010B504461E
:10FF00000122FFF7BDFFA06920B10368BDE81040E2
:10FF1000DB69184710BD70B5054614460122FFF78E
:10FF2000AFFFA86928B1036822461B6ABDE870408C
:10FF3000184770BD10B504460122FFF7A1FFA06964
:10FF400020B10368BDE810409B69184710BD000050
:10FF500013B5C46A2CB90A490A4840F2617206F026
:10FF6000CFF80192FFF761FF40B1236841685B6CF5
:10FF7000019A204602B0BDE81040184702B010BDFB
:10FF8000546D07009E6D0700A0F10800FFF7E0BF69
:10FF90002DE9F041C76A054616462FB9154916489E
:10FFA00040F69A0206F0ACF8FFF73FFF0446F0B1C6
:10FFB0003B6841689B6838469847C0B1237CC2794A
:10FFC000C3F340039B0102F03F0263F07F0313433E
:10FFD000C371E86A6168036832469B6A9847E86AB9
:10FFE0006168036832469B69BDE8F0411847BDE887
:10FFF000F08100BF546D07009E6D07002DE9F041B0
:0200000260009C
:10000000C76A054616462FB91049114840F6B60290
:1000100006F076F8FFF709FF0446A0B13B68416897
:100020009B683846984770B1237CC279C3F340037C
:1000300063F38612C271E86A6168036832469B6A9C
:10004000BDE8F0411847BDE8F08100BF546D0700DE
:100050009E6D070037B5C46A2CB90C490C484FF4A3
:100060000D6206F04DF8CDE90023FFF7DEFE50B13A
:100070002168DDE90023CD6A4168AC46204603B023
:10008000BDE83040604703B030BD00BF546D07008D
:100090009E6D07002DE9F041C76A054616462FB947
:1000A0000C490D4840F6E10206F02AF8FFF7BDFEC4
:1000B000044668B13B6841689B683846984738B148
:1000C000E86A6168036832469B69BDE8F0411847F9
:1000D000BDE8F081546D07009E6D070037B5C46A16
:1000E0002CB90C490C4840F6F90206F009F8CDE9A4
:1000F0000023FFF79AFE50B12168DDE90023CD69A6
:100100004168AC46204603B0BDE83040604703B0CC
:1001100030BD00BF546D07009E6D07002DE9F04112
:10012000C76A054616462FB90C490D4840F60B1212
:1001300005F0E6FFFFF779FE044668B13B684168C9
:100140009B683846984738B1E86A61680368324668
:100150001B6BBDE8F0411847BDE8F081546D070006
:100160009E6D07002DE9F041C46A06468846174691
:100170002CB91649164840F63A1205F0C1FFFFF7B0
:1001800054FE0546F8B1236841689B6820469847AD
:100190000446C0B12B7CC279C3F3400363F345121C
:1001A000C271F06A696803683A461B6C9847B06987
:1001B000E3790268146B41463A46A446C3F3401300
:1001C000BDE8F0416047BDE8F08100BF546D070015
:1001D0009E6D070070B5C66A14464EB3FFF725FE44
:1001E000054608B9042070BD336841689B683046F5
:1001F00098470028F6D0EB7B13F0200211D0C3798A
:100200005A0603D4287C10F0020007D01B0603D541
:10021000042323700020E6E70323FAE70223237078
:10022000E1E713F0080001D00123F2E72070DAE7DC
:100230000920D8E737B5C56A14462DB90C490D48D1
:1002400040F6251205F05CFF0193FFF7EEFD68B163
:100250002968019BE2B24C6B4168B2FA82F2520902
:100260002846A44603B0BDE83040604703B030BD27
:10027000546D07009E6D070070B5044615460022B8
:10028000FFF7FEFDA0690E4628B1036865F07F0206
:100290005B68D2B2984731462046FFF7C6FD68B189
:1002A000C37B03F01803182B08D1A06930B1036891
:1002B000BDE870401B694FF00002184770BD000098
:1002C0007FB5C66A04460D462EB9114911484FF450
:1002D000E86205F015FFFFF7A8FD78B10E4A336814
:1002E00003920E4A01920022029242689B6B009494
:1002F0003046694698476846CEF764FBA0690368B4
:100300005B680022294604B0BDE87040184700BF72
:10031000546D07009E6D0700A46D070061FD050088
:1003200000F18C03F030834202D10023184670475D
:10033000DA7BD20702D55A688A42F7D01433F2E743
:10034000F7B5C76A064614462FB91549154840F255
:10035000B95205F0D5FEFFF7E3FF0546F0B13B6863
:1003600041689B6838469847C0B1BCB1C779306ACC
:10037000296802683D06C7F3801306D5556B2246EF
:10038000AC4603B0BDE8F0406047019304F11003B0
:100390000093156B04F112032246A84703B0F0BD89
:1003A000546D07009E6D0700F7B5C76A06461546EF
:1003B0002FB9124912484FF4BB6205F0A1FEFFF7B6
:1003C000AFFF044690B13B6841689B683846984748
:1003D000034658B1306A216802684DB1DB79DC0907
:1003E0000094D46BC3F380132A46A04703B0F0BD3A
:1003F000136C03B0BDE8F040184700BF546D070010
:100400009E6D070073B506461546FFF789FF044643
:1004100090B18DB1F06A616803689B6898470346A4
:1004200050B1306ADB79026829690091166D216844
:10043000C3F340132A46B04702B070BD2DE9F04126
:10044000C76A064615462FB9104911484FF4C362D2
:1004500005F056FEFFF764FF0446A0B19DB13B686E
:1004600041689B6838469847034660B1B06950B10F
:100470000268DB79166B21682A46B446C3F3401341
:10048000BDE8F0416047BDE8F08100BF546D070052
:100490009E6D070030B587B00C4601A8FFF7A5FC9C
:1004A00005AD01AA2346144603CCAC42186059603E
:1004B000224603F10803F6D122781A7007B030BD46
:1004C00038B5C36A04462BB90D490E484FF4D462BF
:1004D00005F016FEFFF7A9FC054678B1206A03680F
:1004E0005B6D9847E06A6968036801225B6F984713
:1004F00029462046BDE83840FFF7CCBF38BD00BFD5
:10050000546D07009E6D0700A0F10400FFF7D8BFEF
:1005100073B5C66A05462EB91A491B484FF4C7621F
:1005200005F0EEFDFFF781FC044688B133684168B1
:100530009B683046984758B195F886301B0709D517
:1005400005F13A01FEF7BAFA237C60F30413237431
:1005500002B070BD237CC3F3800262F304132374E2
:1005600005F170010191FEF7A9FA30B9019904F182
:100570000800FEF7A3FA0028EAD0237C43F010031A
:10058000E5E700BF546D07009E6D07002DE9F043BD
:10059000C36A85B004460E46002B54D0FFF745FCD5
:1005A0000546002851D094F889301BB994F886305C
:1005B0001B074CD5314600222046FFF761FC204640
:1005C000FFF7A6FF95F8108094F8872095F80F9014
:1005D00094F8867095F90F5018F0010FC2F3C0031C
:1005E00018BF47F00407002D43F00203ACBFC2F36D
:1005F0008001C9F3801102A88DF80830FFF7E2FBF3
:1006000094F88A2094F887300AB18DF80830002DCC
:100610008DF80C3004DAC9F3801103A8FFF7D2FB80
:10062000206A0368DC689DF80C308DF804309DF872
:1006300008308DF80030C8F300123B463146A04721
:1006400005B0BDE8F0830920FAE70420F8E70620AA
:10065000F6E738B504460D46FFF7E7FB28B390F9F7
:100660000F30C17B002B17DA11F0400F1DD0037C37
:1006700040330374DAB203F0C003C02B15D1134624
:100680006FF3871311F0040F03742946204608D036
:10069000BDE83840FFF77ABF94F8873013F0040FB5
:1006A000E4E7BDE83840FFF7D1BB38BDA0F1080052
:1006B000FFF7CFBF2DE9F04105461746FFF7B5FB21
:1006C0000E46044640B3FBB2022B0DD1C37B23F090
:1006D000380343F02003E373A86903683A463146C0
:1006E0001B69BDE8F0411847DA1E012A05D8C37B13
:1006F00023F03A0343F02203EDE7002BECD1C37B58
:1007000003F01803082BE7D101682846FFF73EFFE6
:10071000E37B43F01003E373BDE8F0812DE9F04380
:10072000C36A85B006460F46002B54D0FFF77DFB09
:100730000446002851D03046FFF7EAFE94F81080B6
:10074000A37B96F8869096F88A1096F8875018F052
:10075000010F03F00F0218BF49F0040903F004036E
:10076000002935D02A408DF808205BB194F90F306C
:10077000002BB6BFE17BC5F38001C1F3801102A855
:10078000FFF720FBA37B05EA13138DF80C305B0702
:100790000BD594F90F30002BB6BFE57BC5F3800174
:1007A000C5F3801103A8FFF70DFB306A03681C69CD
:1007B0009DF80C308DF804309DF808308DF800302D
:1007C000C8F300124B463946A04705B0BDE8F08398
:1007D00002F00A02C7E70920F7E70420F5E72DE950
:1007E000F04190F889709DF818509DF81C600446FF
:1007F0000A462FB91B0703D4BDE8F041FFF7EBBA57
:1008000011462046FFF711FBB8B1037C05F00F0538
:100810006FF3410345EA06158573037494F8883035
:1008200033B1A06948B10368BDE8F0411B681847BF
:100830002046BDE8F041FFF771BFBDE8F081000040
:100840002DE9F041C76A04460E462FB920492148D8
:1008500040F62C0205F054FCFFF7E7FA054648B3D2
:100860003B6841689B6838469847804610B304F15E
:1008700070073946FEF722F928B9394605F1080014
:10088000FEF71CF998B1314601222046FFF7F8FA2D
:10089000206A036804F176029B6E98473946404609
:1008A000FEF70CF930B100232367BB8002E02B7CFC
:1008B0009A0601D5BDE8F08143F020032B74A069AE
:1008C0000028F7D0036831465B6ABDE8F04118475D
:1008D000546D07009E6D0700F7B504460122FFF72F
:1008E000CFFA20460D46FFF7A0FAE8B1E36A416867
:1008F0001A68184692689047B0B104F13A0631463A
:10090000FEF7DCF80246206A03687AB104F150026F
:1009100000925F6E04F1600204F140032946B8477B
:100920000023C4F83A30E38703B0F0BD5B694FF0B1
:100930000202294603B0BDE8F040184710B586B062
:100940000446684680E80C0006A800E90C00039104
:1009500010E90700034BE36084E80700204606B077
:1009600010BD00BFBC6D0700F0B51F46C36A87B05D
:10097000064615462BB92B492B4840F2716205F00B
:10098000BFFBFFF73EFA0446002844D0EAB2DDE997
:100990000F01E37BA181B2FA82F2520962F3820372
:1009A000A060E373F06A03680CAA9B6E394698470F
:1009B00060600146F06A03689B68984702460C989D
:1009C0001060BDF83430938017F0FD0FD3790CBF61
:1009D0000121002161F30003D37194F90F30002B42
:1009E0001BDAE37B13F0400F15D0D3799B0712D5A8
:1009F000F56A0E4A2B681F6A0C4B009331460023A0
:100A000002A80193FFF79AFF2846626802A9B84737
:100A100002A8CDF7D7FF07B0F0BD96F8873013F0E6
:100A2000040FE1E7546D07009E6D07000504060002
:100A3000A0F10400FFF798BF10B586B004466846E1
:100A400080E80C0006A800E90C00039110E90700FB
:100A5000034BE36084E80700204606B010BD00BFEA
:100A6000B06D07002DE9F041C76A86B004460D4617
:100A7000002F39D0FFF7D9F9064618B9042006B07F
:100A8000BDE8F0813B6841689B683846984700287C
:100A9000F4D0F37B5A0720D5C3795B0716D5E76AF4
:100AA000124A3B680025D3F82480104B009321465E
:100AB0002B4602A80195FFF7BFFF726802A93846CE
:100AC000C04702A8CDF77EFF2846D8E72946204632
:100AD00006B0BDE8F041FFF759BD2946204606B0F3
:100AE000BDE8F041FFF7B2B90920C8E741030600AD
:100AF000F8B5C76A05460E465FB3FFF796F9044698
:100B000008B90420F8BD3B6841689B68384698479F
:100B10000028F6D0C279E37B51060AD59A071AD489
:100B200043F00803E37331462846BDE8F840FFF779
:100B300099BF227C5B0742F00102227431462846AD
:100B400003D5BDE8F840FFF721BDBDE8F840FFF749
:100B50007DB90920D6E70020D4E700002DE9F04157
:100B6000D0F82C8086B004460D461746B8F1000F29
:100B700043D0FFF75AF9064618B9042006B0BDE87D
:100B8000F081D8F8003041689B68404698470028BB
:100B9000F3D0C379990719D59A0600D4BFB9E76A8B
:100BA000174A3B680025D3F82080154B0093214657
:100BB0002B4602A80195FFF7C1FE726802A93846CC
:100BC000C04702A8CDF7FEFE2846D7E737B1294631
:100BD000204606B0BDE8F041FFF78ABFF37B5B0714
:100BE0002946204604D506B0BDE8F041FFF7CEBC4B
:100BF00006B0BDE8F041FFF729B90920BEE700BF04
:100C00003D0406002DE9F743C76A05460E469046A7
:100C1000002F5BD0FFF709F9044618B9042003B090
:100C2000BDE8F0833B6841689B68384698470746B3
:100C30000028F3D001AA4FF00009314628468DF86C
:100C40000490FFF7C7FA9DF80420012A40D05FFA0C
:100C500088F3934230D0042BE0D801A252F823F05D
:100C6000D10C06001D0C0600750C06008B0C06004E
:100C7000990C0600E37B43F0080331462846E373F2
:100C800003B0BDE8F043FFF7EDBEFB79590608D588
:100C9000E37B9A0605D4EEE7FB7903F0C003C02B93
:100CA000F6D0E37B314643F008032846E37303B0F4
:100CB000BDE8F043FFF71CBFA8690028AFD0036868
:100CC00042461B69314698474846A8E70920A6E7EF
:100CD0000820A4E7C36A70B504460D46164623B340
:100CE000FFF7A3F828B3C37B1B0720D4721E042A86
:100CF0001FD8DFE802F0030B0E1118004FF00002BE
:100D000029462046BDE87040FFF77CBF4FF0020245
:100D1000F6E74FF00302F3E7002229462046BDE83C
:100D20007040FFF71BBF0122F7E7092070BD0820C4
:100D3000FCE70420FAE700002DE9F041D0F82C8010
:100D400005460F46D6B2B8F1000F05D11B491C4825
:100D50004FF4F46205F0D4F9FFF767F8044658B38E
:100D6000D8F8003041689B684046984720B316F099
:100D7000080308D090F90730002BAABF95F88630F9
:100D80000023C3F3C003710702D5C279520609D507
:100D900063B9E37B1B070FD439462846BDE8F04111
:100DA000FFF760BE237C43F00103237439462846D5
:100DB000BDE8F041FFF7EABBBDE8F081546D0700E4
:100DC0009E6D07002DE9F043D0F82C8089B00546D0
:100DD00016461F46B8F1000F05D11649164840F6D1
:100DE0005A1205F08DF9FFF720F80446F0B1D8F853
:100DF000003041689B6840469847B8B1D5F82C80D0
:100E00000E4AD8F80030D3F810900C4B02932946C4
:100E1000002304A80393FFF70FFE404600973346D4
:100E2000221D04A9C84704A8CDF7CCFD09B0BDE830
:100E3000F08300BF546D07009E6D0700A9030600F4
:100E4000F0B5C66A87B005462EB90F490F4840F67F
:100E50008A1205F055F9FEF7E8FF044688B13368B9
:100E60000B4A5F690A4B00932946002302A80193AD
:100E7000FFF7E2FD3046626802A9B84702A8CDF745
:100E8000A1FD07B0F0BD00BF546D07009E6D0700C7
:100E9000A90306004160704740687047806A036894
:100EA0009B681847806A0368DB681847806A036894
:100EB00082B01B69019202B01847806A0368DB693F
:100EC000184717B4806A01920468A469A44603B065
:100ED0005DF8044B6047806A10B40468246AA44635
:100EE0005DF8044B6047806A03685B6A1847806A54
:100EF00010B40468246BA4465DF8044B6047806A14
:100F000010B40468646BA4465DF8044B6047806AC3
:100F100010B40468E46AA4465DF8044B604730B43A
:100F2000806A1D460468BDF808300295A46BA4468B
:100F300030BC6047806A0368DB6B1847806A0368CF
:100F40001B68184710B586B0806AADF80C204FF6C4
:100F5000FF720468ADF80E201A7864695AB912332A
:100F60000222CDE9043204AB0093039A4FF42053DC
:100F7000A04706B010BD01331022F2E7436A13B157
:100F80001B6818301847704730B4D0E90132046844
:100F9000551004EB6200D20748BF625930BC48BF0D
:100FA000D358184770B4D0E901340568661005EBD2
:100FB0006400E40744BFAC59E35870BC1847436968
:100FC00013B11B6808301847704713B518308842B2
:100FD0000C4606D00190CDF7F5FC01982146F9F7B3
:100FE0008CFD02B010BD13B5083088420C4606D007
:100FF0000190CDF7E7FC01982146F9F77EFD02B09C
:1010000010BD70B5856A2B6886B09E6AADF8002069
:101010000C464FF6FF734FF4205101A8ADF8023093
:10102000FAF734FA009A01AB21462846B04706B0D9
:1010300070BD70B5856A88B02B6801920C4603A814
:1010400042F602019E69FAF721FA019A03AB2146A2
:101050002846B04708B070BD70B5856A88B02B6867
:1010600001920C4603A842F603019E69FAF70EFAB4
:10107000019A03AB21462846B04708B070BD000076
:1010800030B504460025C4E909516561114B236060
:1010900085B00B68104A1B6C0392104A6560CDE95D
:1010A000012508460094694698476846CDF78AFCB2
:1010B000A06A0B4A03685B6C03920A4A0094CDE96C
:1010C0000125694698476846CDF77CFC204605B067
:1010D00030BD00BF8C6E0700786E0700BF0F0600A2
:1010E0006C6E07007D0F0600C36810B52BB905496B
:1010F00005484FF4FD7205F003F8BDE810401B6889
:10110000184700BF6C6507009B650700044A026032
:1011100041F224324260034A82600522C260704775
:10112000A04A0120FC6F0700704707B50190F3F754
:10113000DBFC019803B05DF804EBF9F71ABA000084
:1011400010B50C460622002001F0E8F9637903F09F
:10115000C003C02B05D00449044840F2551204F0E6
:10116000CFFF012010BD00BFE46E07005A6F0700DB
:10117000F0B5017E89B0002969D1364B0393364B17
:101180000493364B059343F6B8630793C3690693FC
:101190004FF0804301220276C3F800111A60D3F8A1
:1011A0000021002AFBD00222C3F818250022C3F830
:1011B000042101229A604FF08043D3F80421002AD1
:1011C000FBD0274A27490024C3F804410123536078
:1011D0009360C2F808451360A2F520420820C2F8C7
:1011E000FC4FC2F8FC3F09F07DF81F490A2009F0C6
:1011F00079F81E4A40211319013493F800033F285F
:1012000098BF83F80013202CF5D103A8D4F72FFB47
:101210004FF0805301A9D3F8A470D3F8A860084612
:101220000023C3F12005A3F1200427FA03F206FAF4
:1012300005F52A4326FA04F408332243302B01F83B
:10124000012BEED1E7F7D4FC01A8E9F769FE09B05C
:10125000F0BD00BF8C6F070004040400986F070006
:1012600000B00040C1140600152B060000E100E0AC
:10127000194B70B50360194B02210446C3F8801066
:10128000BFF34F8FBFF36F8F4FF48072C3F880208E
:10129000BFF34F8FBFF36F8F11480025C0F8FC5F7D
:1012A00000F5E04001264660C660E069C3F88011A1
:1012B000C3F8802120B90B490B48CE2204F020FF4F
:1012C0000FF074FA094B23602369E56113B19B6841
:1012D000201D9847204670BDD46F070000E100E054
:1012E00000100040E46E0700766F0700C46307003B
:1012F00010B50446FFF7BCFF2046202105F024FD71
:10130000204610BD10B50446F9F748F9084B236094
:101310000023237643F6B8600FF040FAE06120B96D
:1013200004490548BA2204F0EBFE204610BD00BF78
:10133000D46F0700E46E0700766F070010B5154CF8
:101340002368BFF35B8FDA070BD4204605F0D4FA8D
:1013500038B1114A1149124805F0BBFA204605F090
:10136000EDFA104C2368BFF35B8FDB070FD42046E8
:1013700005F0C2FA58B10A490B48FFF7C3FF064A05
:101380000A49094805F0A5FA204605F0D7FA0648AB
:1013900010BD00BF7C4A012000600020B113060090
:1013A000F0630020784A0120804A01207112060073
:1013B0007047704710B50421044605F0C5FC20466F
:1013C00010BD0020EDF746B837B514461D468DF820
:1013D00007100DF107000121F9F77CFA2846214694
:1013E000F9F778FA204603B030BD000010B50A4B7B
:1013F0000A4800241C700A4B0122C3F8FC4F214606
:10140000C3F8FC2F14220FF061FA21460548BDE80D
:10141000104014220FF05ABAC85D0120E05D01208F
:1014200000100040CC5D0120024A13780133137094
:10143000704700BFC85D0120024A13780BB1013B21
:1014400013707047C85D0120044B187820B1044B1D
:101450000122DA64D3F84C05704700BFC85D012053
:1014600000800040054B1B7833B1012320B1044AB2
:10147000D364D2F84C25026018467047C85D01203D
:1014800000800040034B43F82020034B43F820101A
:10149000704700BFCC5D0120E05D0120014B18705A
:1014A000704700BFF4630020034B1A78034B53F8D6
:1014B000223003B118477047F4630020CC5D01204F
:1014C000034B1A78034B53F8223003B11847704787
:1014D000F4630020E05D0120464B4178027B10B5AB
:1014E0001970454B1A70454B427B1A70444B827BF6
:1014F0001A70444BC27B1A700A291DD84B1CDBB2F0
:101500000133414ADBB25B0041F04001C2F80835CB
:10151000C2F854154368190E1B02C2F82415C2F80C
:101520001C358368C2F83C3590F90230072B14DD76
:101530000823C2F80C351BE0242901D88B1CDEE7F8
:10154000252906D0262906D027290CBF27230023CA
:10155000D6E70023D4E70C23D2E7991E052913D838
:10156000DFE801F0100E0C0A08030721C2F80C1581
:10157000837010BD0621F9E70521F7E70421F5E79F
:101580000321F3E70221F1E7002B01DB0023D0E781
:10159000191D05DBFC23C2F80C356FF00303E7E7E8
:1015A00013F1080F184A05DBF823C2F80C356FF069
:1015B0000703DDE713F10C0F05DBF423C2F80C354C
:1015C0006FF00B03D4E713F1100F05DBF023C2F823
:1015D0000C356FF00F03CBE71433ABBFEC23D823EC
:1015E000C2F80C35C2F80C35ACBF6FF013036FF0C6
:1015F0002703BDE7F85D01205E6101204461012001
:101600005F6101206B6201200010004010B5054CA5
:10161000206830B1044B05491A780FF02FF90023E8
:10162000236010BD54610120506101204C610120F4
:1016300002280A4B07D0032809D003220128C3F847
:1016400010250AD170470422C3F8102570470129DC
:1016500001D10622F8E70522F6E7704700100040A6
:1016600038B5224B1B78032B04460ED1204AD2F802
:101670003C3743F00043C2F83C37D2F83C3723F004
:10168000FF0343F05C03C2F83C371A4B187801287B
:1016900022D0022825D00328174A4FF040751ABFE0
:1016A0004FF4847200234FF400032B431343104A7A
:1016B000C2F81435114B1B78023941EA436141F4F9
:1016C00040310F4BC2F81815C2F804451978FFF7DE
:1016D000AFFF0C4B1C6038BD4FF484720025002313
:1016E000E3E74FF484724FF08075F8E75E61012004
:1016F0000010004044610120080100603C610120AD
:101700005F61012064610120F8B54E490B78032B1D
:101710000ED14D4AD2F83C3743F00043C2F83C3773
:10172000D2F83C3723F0FF0343F05C03C2F83C37A8
:101730000D78012D25D0022D14BF4FF040714FF0D0
:101740008071424B404A1B78414EE3B9032D414C16
:101750001ABF00234FF484744FF4000323430B4358
:10176000C2F8143533785B0643F44033C2F81835B9
:10177000394BC2F8040519782846BDE8F840FFF750
:1017800057BF0021DDE7032D324C344F1ABF4FF411
:10179000847400234FF4000323430B4343F480136A
:1017A000C2F8143533782E4E5B0643F44033C2F84A
:1017B0001835C2F804652B4B42781A800146002484
:1017C00011F8023B3B70F81C7A70BC700FF056F8B1
:1017D000254B0222C3F80045C3F80025234AC3F86D
:1017E0000825022D224AC3F81425C3F80C75C3F846
:1017F000106524D0032D07D1174B1B78012B0CBF8C
:101800004FF440344FF40034174B002244F08074FE
:10181000C3F80445C3F80421C3F80021C3F8082124
:10182000144A127832B1FF227270D3F800210122DB
:10183000C3F804230122C3F800221A60F8BD4FF454
:101840008034E1E75E610120001000402B6101203F
:101850003C610120080100605F6101202B600120D4
:101860001A5E01205C61012000F00040F95D01205A
:101870001E5F01202C6101200129F8B54368044650
:1018800028D00288022A1BD1C2681B8822F8023C99
:101890000229A2F1020511D90389C668077C0E4806
:1018A0001E443A4631460EF0E9FF0C4B61691F7049
:1018B0000B4B3A461E6030460EF0E0FF2846F8BD5E
:1018C000084D194628460EF0D9FF20882289E16884
:1018D0002844F1E71D46F1E74C61012050610120E9
:1018E000546101206861012030B51A4C0221C4F80E
:1018F0008010BFF34F8FBFF36F8F174B174A012034
:101900004FF4804558601861C2F80855144D002204
:101910002A70144D2970D3F83C5725F00045C3F8C0
:101920003C57C3F80021D3F80051C3F80821D3F87D
:101930000851C3F80C21D3F80C51C3F81021D3F887
:101940001031094B9860C3F80803C4F88011216076
:1019500030BD00BF00E100E00010004000F0014099
:101960006A6201206962012000F00040A44BD3F8B4
:1019700004232DE9F341D60743D5D3F80021002AEB
:101980003FD00022C3F80021D3F800219D4A4FF434
:101990008041C2F808159C4A1178012903D1D3F877
:1019A00050350A2B07D01378022B09D1944BD3F86A
:1019B0005035022B04D102B0BDE8F041FFF794BFCF
:1019C000924B1978032918BF11781B78042B02D089
:1019D0001378022B10D18A4B0021C3F80411D3F8DD
:1019E00004318B4B4FF40031C3F80413D3F8441186
:1019F00011B10121C3F844110023137002B0BDE8F6
:101A0000F081D3F80423550740F12981D3F8082148
:101A1000002A00F024810022C3F808217C48D3F872
:101A200008114FF40031C0F808137A494FF480745C
:101A3000C1F8804102257849C3F800520C78012C86
:101A400040F0A58071490878032855D1734B1B7865
:101A5000AB4249D0032B49D1714B1B78012B15BFE9
:101A600018220622C02330236E49097802293FD06C
:101A7000032915BF04206E2020244FF4807414BF66
:101A8000082550256249D1F848651344334403F1D1
:101A90006A029D33C1F840252B445A4A624EC2F86F
:101AA0008465234403444FF48046C2F80465C1F8BA
:101AB00044350023C1F84431D1F84431524B02225D
:101AC0001A70534A0123D364D2F84035D2F84C251A
:101AD0009B1A002B92DA4B4B4FF48042C3F8082537
:101AE000494B00221A7089E70C23BDE71823BBE796
:101AF000142010240825C5E709780429E1D1D3F87A
:101B000050014A49012804BF0870C3F85021454BD1
:101B100018BF0D701A78022A2FD0032A30D10B7803
:101B2000012B0BBF062018206FF030026FF0B302BC
:101B30000CBF3024C024394B1978022925D0032941
:101B40004FF0FF3118BF0021314E394BD6F84855C0
:101B500093F9003065352B442344034413440B446C
:101B6000C6F84035274B264AC3F884254FF48042F7
:101B7000C3F80425244B0122A2E700200C24DAE755
:101B800000206FF001021824D5E70121DCE7022CC8
:101B900097D11E4A1478042C4CD1224B1B78022B6F
:101BA0002AD0032B15BF04206E2020244FF480740C
:101BB00014BF082550254B68154A1B4E333BC2F80D
:101BC0004035104BC3F884654FF48046C3F8046574
:101BD000D2F8403551332B4423440344C2F84435F2
:101BE00088680023C2F84431D2F8443100283FF419
:101BF00065AFFFF771FC61E7142010240825DAE7D0
:101C00000010004000F001406A620120696201207A
:101C10000080004000E100E0306101205E610120B1
:101C20005F610120446101200410004045610120F2
:101C3000606101201278032A7FF443AF4A68283A92
:101C4000C0F84025444A8868C2F884354FF4804380
:101C5000C2F8043500288DD0FFF73EFC8AE73F4BE1
:101C6000D3F8042314077FF5C9AED3F80C21002A5A
:101C70003FF4C4AE3A4D0024C3F80C41D3F80C3104
:101C80002B78032B0AD102232B70FFF7BFFC354BB7
:101C90001B68204602B0BDE8F04118472B78042BA2
:101CA0007FF4ACAE304A31491278314B0968D3F831
:101CB00048354C782F4E022A09D0032A31D0012A08
:101CC00004F1070445D10B3BA3EBC40403E0063B3E
:101CD0000834A3EB8404DFF88480D8F8487500F05A
:101CE0001BFB254A02232B701278337807F07F07FD
:101CF0000744002A14BF10461846204A1070D8F82E
:101D000000241F4812F0010FC7F100010568D8F840
:101D10000C24009349B223460CBF04200020A8479E
:101D20006CE632786FF4C070012A14BFA021142130
:101D3000034404F1020414BF40221022A3EB010368
:101D400002FB14330CBF6FF01C046FF013041C442F
:101D5000C1E7093BB8E700BF00F0014000100040B8
:101D60006962012058610120446101206461012001
:101D700000800040456101206B6201205F6101200D
:101D8000406101200B4B37B54FF40032C3F80823F4
:101D9000A3F5E043D3F804414CB9FFF7A5FD064B8A
:101DA00000941D682246234621460320A84703B01D
:101DB00030BD00BF0080004040610120704700003E
:101DC000194A08B500231360184A1360184A1360B3
:101DD000184A012040F20331C2F85006C2F8341507
:101DE00040F25B61C2F83815C2F82C35C2F83005F4
:101DF000114A12491376124A1070124A1370124A8D
:101E00001370124A1070124A1370124A1370124A59
:101E10001370124AFFF736FBBDE808400F4A074926
:101E20000220FFF72FBB00BF586101204061012055
:101E30004861012000100040F95D0120851D060069
:101E40003C610120606101202B6101206962012059
:101E50005F610120456101206B6201206D19060060
:101E6000294B2A4AF0B400210120032482F80113EF
:101E7000274D82F808135860D860C3F80415C3F8DA
:101E80000845244C0426C3F810651860C4F8805532
:101E9000A5F5E045383DC4F8885505F5DE454035E3
:101EA000C4F88C554FF40045C4F804554FF0FF3486
:101EB000C3F808434FF48073C2F880311360164BA7
:101EC0000227C3F80843C2F880711760134FC7F8A0
:101ED0000843C2F880511560C3F80011D3F80021FF
:101EE000C3F80403C3F80811D3F80821C3F8046346
:101EF000C3F81011C3F80C11D3F80C210822F0BC60
:101F0000C3F80423FFF7F0BC0080004000E100E0CC
:101F10004081004000F001400010004000F000400F
:101F200010B5FFF7E1FC1A4B4FF48042C3F80825C7
:101F30004FF40042C3F80825164B4FF48070C3F8E5
:101F40008000BFF34F8FBFF36F8F134C4FF0FF3103
:101F5000C4F80813C3F880010220C3F88000BFF35F
:101F60004F8FBFF36F8FA4F5E044C4F80813C3F894
:101F70008001C3F88020BFF34F8FBFF36F8F0748F6
:101F8000C0F80813C3F88021054B01221A7010BD58
:101F900000F0014000E100E00080004000F000405F
:101FA00069620120064B02681A60064B42681A609B
:101FB000054B82681A60054BC2681A60704700BF03
:101FC0005861012040610120F45D01204861012039
:101FD00007C8024B83E80700704700BF306101204B
:101FE00007B50190FFF780FC019803B05DF804EBA2
:101FF000FFF772BA034B08B91870704701221A70C4
:10200000704700BF3C61012038B50A4C0A4D68B1E9
:10201000FFF76AFC0323C4F810354FF40073C4F8CB
:1020200050360123236005232B7038BDC4F85006B9
:102030000223F9E700100040696201207FB52B4DB3
:10204000FFF71AFCD5F8503513BB294B294D1C68F6
:10205000264E283C0023C5F84045C5F84031D5F848
:102060004031FFF751FB0323C6F8003203A8FFF706
:10207000F9F9039BE41A002C25DAFFF7C7FA1E4B87
:1020800001201B68984704B070BD0A2A0ED0DCE717
:1020900003240190FFF728FC01980023D5F8501580
:1020A000DAB20029F1D001330B2BF7D1013C14F047
:1020B000FF04EED1FFF7AAFA0F4B1B68012004B012
:1020C000BDE8704018470D4B4FF48042C3F884655B
:1020D000C3F80425D5F840311BB1D6F85035002B94
:1020E000CBD0074B03221A70CDE700BF0010004091
:1020F000F45D0120008000405861012000F00140A3
:102100006962012007B5FFF7B7FBFFF7FDFA134B34
:102110001B78012BD8B21AD1114B0322C3F800222D
:10212000D3F800216AB1D3F850350B2B09D00190B8
:10213000FFF76CFA0B4B01981B6803B05DF804EBDA
:102140001847094B03221A7003B05DF804FBFFF730
:102150005DFA044B01201B68EFE700BF6A620120B3
:10216000001000405861012069620120074B1B7874
:102170005BB1074B0122C3F80823064B5A78FF2AAC
:1021800000D1FEE7044A12885A7070472C61012082
:1021900000F000401A5E01205C610120F0B587B0BC
:1021A000CDE90210FFF7A0FB2E4B2F4C1D6800223B
:1021B000333DC4F84055C4F84021D4F840312B4B8E
:1021C0001B78022BDDE9021032D0032B0BBF6422F7
:1021D00020264FF48076082708BF5027DFF8A4C0D8
:1021E000D4F84035DCF800C0634433333B44334417
:1021F00013440026C4F844351D4FC4F84461D4F894
:102200004431FFF72DFA40F21313C7F8003205A846
:10221000FFF728F9059BED1AB5420CDA154B00962D
:102220001C6833461A4619460120A04707B0F0BD86
:1022300010260827D2E7104B104AC3F884254FF424
:102240008042C3F80425D4F8403133B1D7F8503573
:102250001BB9084A00931468E4E7094B04221A707A
:10226000E4E700BFF45D01200080004044610120EC
:10227000001000404061012000F0014004100040C7
:10228000696201204861012013B5FFF7E9F90F4B9E
:102290001B78022B0BD10E4B40F21312C3F8002215
:1022A000D3F8002162B1D3F85035032B08D00023B6
:1022B000084A0093146819461A460120A04702E014
:1022C000054B04221A7002B010BD00BF6A620120E3
:1022D00000100040406101206962012008B5FFF74D
:1022E00003FBBDE80840FFF791B9000008B5084BB3
:1022F0004FF40032C3F80823064B4FF48072C3F842
:102300008021FFF7F1FABDE80840FFF77FB900BF71
:102310000080004000E100E0054B1888054B00F507
:10232000A06080B2A0FB0303800D803840B27047EC
:10233000F863002067660600024A00231380024A01
:1023400013807047F8630020F6630020D8230370E1
:1023500009230B7070470000044BB3F90030038071
:10236000034BB3F900300B80704700BFF8630020C7
:10237000F6630020024B1880024B01201980704741
:10238000F8630020F6630020082808B502461EDC2A
:10239000831EDBB2062B13D900281ADA031D1ADAC2
:1023A00010F1080F1ADA10F10C0F1ADA10F1100FF1
:1023B0001ADA10F1150FCCBF6FF013026FF027027D
:1023C00019B1FFF7A9FF104442B2104608BD092217
:1023D000F6E70022F4E76FF00302F1E76FF007027F
:1023E000EEE76FF00B02EBE76FF00F02E8E740F665
:1023F000060340F27261038004234180837281816D
:102400004FF4007341F204014382C1810383082128
:10241000FB230022017443834FF4016140F2026305
:10242000C280C1828383C283038470474FF080538C
:10243000F0B51F6E5E6E451E0023C3F12004A3F1AC
:10244000200127FA03F206FA04F4224326FA01F1E6
:1024500008330A43302B05F8012FEED1437963F09E
:102460003F034371F0BD4FF0805370B501381E6ECD
:102470005D6E0023C3F12004A3F1200126FA03F2CC
:1024800005FA04F4224325FA01F108330A43402BEC
:1024900000F8012FEED170BD4FF0805310B51A6EC9
:1024A00002701A6E120A42701A6E120C82701A6E44
:1024B000120EC2705A6E02715A6E120A42715A6E30
:1024C000120C82715A6E120EC271D3F80011017291
:1024D000D3F80041240A4472D3F80041240C8472DA
:1024E000D3F80041240EC472D3F804410473D3F826
:1024F0000441240A4473D3F80441240C8473D3F8B0
:1025000004311B0EC37302F00F0201F03F0342F0CF
:10251000400263F07F03C271037210BD042816D815
:10252000DFE800F003060C0F12000846FFF77EBF3D
:1025300001230B704B708B70CB7070470846FFF710
:1025400056BF0846FFF78FBF0846FFF7A5BF704785
:10255000094B0022C3F800210121C3F804211960AE
:10256000D3F8002102B17047D3F804010028F7D056
:10257000C3F80421F3E700BF00E000402DE9F0417B
:10258000254C1F4603682361436863610E468368D8
:10259000A361C368E36105469046FFF7D9FF33782E
:1025A00094F820205340337094F8212073785340DE
:1025B000737094F82220B3785340B37094F82320BA
:1025C000F3785340F3702B6823616B686361AB68E9
:1025D000A3610026EB68E3613546B74201D8BDE848
:1025E000F081E37F0133E377FFF7B2FF05F11003DA
:1025F0000A489BB22A4610F8011B18F802C00135A0
:10260000ADB281EA0C01AF4208F8021001D09D4240
:10261000F0D11036E1E700BF2C6401204C640120AA
:1026200083784278417910B5C47801321B029B1837
:102630004FEA04442CBF012200221B1904794FEAFF
:10264000046442F100021B1901F07F0442EB040212
:102650001C0A437084701C0C1B0E037121F07F0157
:1026600002F07F030B43C470437110BD2DE9F843A2
:10267000089EBDF8248017461D46002838D0012842
:1026800014BF4FF03C094FF05C092C4C0B682361E0
:102690004B6863618B68A361CB68E36184F81F803A
:1026A000FFF756FF4FF4807323822B78226A23EAC8
:1026B00009030025A374E574236953402361636A09
:1026C0006361A36AA361E36AE361FFF741FF2946FF
:1026D000884510D894F820303B7094F821307B70F6
:1026E00094F82230BB7094F82330FB70BDE8F88377
:1026F0004FF01C09C9E701F11009C84534BFA8EB28
:102700000102102231440E48C4E90455C4E90655BB
:102710000EF0B4F82369226A53402361626A636948
:1027200053406361A26AA3695340A361E26AE3690B
:102730005340E361FFF70CFF4946C9E72C640120D1
:102740003C640120C3681ABA074B1A60826812BA47
:102750005A60426812BA9A60026812BADA60034A92
:10276000C2F80435704700BF2C64012000E000402F
:10277000F0B5044699B00E4615460CF053FC2346BE
:1027800003F110076C4618685968224603C20833E3
:10279000BB421446F7D1039B1BBA0493029B1BBA9E
:1027A0000593019B1BBA0693009B04A81BBA0793D1
:1027B00008AC0CF085FC2A46103510685168234699
:1027C00003C30832AA421C46F7D10B9B1BBA0C93D9
:1027D0000A9B1BBA0D93099B1BBA0E93089B1BBA4D
:1027E0000F930CA910A80CF037FC0028F9D0139B0C
:1027F0001BBA1493129B1BBA1593119B1BBA169309
:10280000109B1BBA179314AC334618AD224603CA6B
:10281000AA4218605960144603F10803F6D119B0B2
:10282000F0BD00000A4B012210B501441A600022DD
:10283000884202D101225A6010BDC3F80021D3F8AA
:102840000041002CFBD0D3F8084500F8014BEFE71E
:1028500000D000400E29F8B50546164630D8194F6D
:1028600007EB41134C012022002118460EF02EF8F0
:102870004FF0010CF10107F804C0C9B241712A6997
:10288000C0F8062010346A69C0F80A2007F804C0AE
:1028900095F82920624598BFB6FA86F2034698BF9C
:1028A000520907EB040098BFD10141712A69C0F8B1
:1028B00006206A69C0F80A20C5E90B3005F1100E40
:1028C000F8BD00BF6C6201202DE9F3410546007E92
:1028D00017461E4690B34B78AA7EEC6A98460AB11A
:1028E00004334B70EB7E012B2BD1EB6963B118885D
:1028F0000023013080B2E370237163796070000AB5
:10290000A07023F07F0363712846FFF71BFFAB7EA7
:1029100043B10B46CDE9007895F8290032462146AF
:10292000FFF7A4FE43463A4631462046FFF726FE0F
:10293000EB7E13B92046FFF773FEA87E02B0BDE818
:10294000F081022BE0D12B6A002BDDD0D3E90023EC
:10295000100A6270120CE2706279A070DBB223710F
:1029600022F07F0203F07F031343CCE72DE9F0430D
:10297000437E85B005460E461BB9012005B0BDE873
:10298000F08300230393827E4B78046B1F4601F192
:1029900002092AB1042BF0D91F1F043BBFB24B70B0
:1029A000EB7E012B09EB070848D1EB6983B116F8E0
:1029B000012C16F8023C03EB02239BB263701B0A46
:1029C000A3700023E3702371637923F07F036371A5
:1029D0002846FFF7B7FE41463B464A462046FFF7EA
:1029E000CDFDAB7E43B1CDE9009795F82900334684
:1029F00003AA2146FFF73AFEEB7E13B92046FFF704
:102A00000FFEAB7E002BB8D09DF80C2098F800305C
:102A10009A4211D19DF80D2098F801309A420BD1BD
:102A20009DF80E2098F802309A4205D19DF80F20AB
:102A300098F803309A42A0D000209FE7022BC7D11C
:102A40006B6A002BC4D0D3E90023110A6270120C08
:102A5000E2706279A170DBB2237122F07F0203F091
:102A60007F031343B3E7000070B5134C00214FF40C
:102A7000806584F80A13C4F88050BFF34F8FBFF30A
:102A80006F8F0E4B012203265A60DA60C3F80415DB
:102A9000C3F808650426C3F810654FF0FF361A60C6
:102AA000C3F80863C3F84011C4F880512560044B93
:102AB0001A70C3E9011070BD00E100E000A0004001
:102AC0005C6401200A490B4B0A781AB101225A644E
:102AD000D3F8442510440022C3F840214FF480323B
:102AE000C3F84005C3F80423022348600B70704705
:102AF0005C64012000A00040044B4FF48032C3F816
:102B00000823034B01221A70704700BF00A0004049
:102B10005C640120074B4FF48032C3F80823002285
:102B2000C3F84021044B01221A709B6803B1184777
:102B3000704700BF00A000405C640120F8B5054666
:102B4000064655F8044B8CB90D4F386818B14FF054
:102B5000FF31CFF76FF8346824B9284604F0AEFA95
:102B60002C463560386808B1CFF77CF8AC4204D009
:102B7000044905488B2203F0C3FA2046F8BD00BF84
:102B8000400701202C7007005F70070070B50E4DE4
:102B90002C68BFF35B8F14F0010412D1284603F0B8
:102BA000ABFE70B1094E24222146B01834620DF0FC
:102BB0008DFE074A0749304603F08BFE284603F096
:102BC000BDFE024870BD00BF686401206C64012036
:102BD000006000205D850600036801221B6900215A
:102BE0001847036800221B691146184707B5019072
:102BF00003F030FB0198012107F06CFF03B05DF892
:102C000004EB03F03DBB07B5019003F023FB0198F3
:102C1000002107F05FFF03B05DF804EB03F030BB69
:102C200007B5CDE9001003F015FBDDE9001007F052
:102C30002FFF03B05DF804EB03F022BB07F0CCBD1F
:102C400007F0BABD07F0CABD07F0AEBD07F0C8BDBA
:102C500038B505460C48FFF771FF04F037FA2846EF
:102C600007F028FD044660B9284607F0B5FD04F0DA
:102C700053F868600448FFF761FF04F045FA204606
:102C800038BD4FF0FF34F5E7B464012038B5054690
:102C90000B48FFF753FF04F019FA284607F028FD08
:102CA000041E686818BF0124644208B104F04EF89D
:102CB0000348FFF743FF04F027FA204638BD00BF62
:102CC000B464012073B50C4E04463046CDE90032A1
:102CD0000D46FFF733FF04F0F9F9009B01992A46EE
:102CE000204602F09BFA04463046FFF727FF04F027
:102CF0000BFA204602B070BDB46401202DE9F74FF5
:102D000015460F460646994607F066FD04463046CE
:102D100007F04AFD8346304607F060FD00903046DC
:102D200007F05EFDB5FBF4F104FB11588246B8F1E3
:102D3000000F5FD1002F5DD0009A09EB05030BEB6C
:102D40000200834256D82D48FFF7F8FE04F0BEF982
:102D50004146B9F1000F02D061B14FF0FF31274871
:102D60000091FFF7EBFE04F0CFF90099084603B09D
:102D7000BDE8F08F2946304607F01EFDB5FBF0F3A5
:102D800000FB1353C31A4B4528BF4B46BA0701D16A
:102D90009C4229D9A34228BF2346984670681A4608
:102DA00039460DF06BFDA04506D27068A4EB080211
:102DB000514640440DF08AFD726823464FF0100BD7
:102DC00029463046CDE9002307F0B6FC014630B174
:102DD000BBF1010BDDE90023F2D14FF0FF31A9EB8C
:102DE000080945444744B4E7B3FBF4F3634398460A
:102DF0003A46E3E74FF0FF31B8E700BFB464012083
:102E00002DE9F0410D461746064607F0CDFC044675
:102E1000304607F0E3FC2044EC19A04204D24FF006
:102E2000FF342046BDE8F0810FD81748FFF786FE33
:102E300004F04CF9002417B194B14FF0FF3412485C
:102E4000FFF77CFE04F060F9EBE72146304607F01F
:102E5000B3FCB4FBF0F303FB1044002CDFD1E4E738
:102E60004FF010082946304607F044FC044620B1D4
:102E7000B8F10108F6D14FF0FF342946304607F08B
:102E80009BFC3F1A0544D6E7B4640120416830B486
:102E9000034671B1D0E9032000F0010402B944B146
:102EA000451001EB60000CB149598A58996830BC53
:102EB000104730BC7047000008B5431C04D10E49D0
:102EC0000E48212203F01CF9012351B11F2886BFAF
:102ED0000B4A00F01F004FF0A0428340C2F80835B3
:102EE00008BD1F2886BF064A00F01F004FF0A04211
:102EF0008340C2F80C35F3E782700700C141070038
:102F000000030050064B10B504460360806A08B108
:102F100002F040FC201DCBF755FD204610BD00BF40
:102F2000C870070010B50446FFF7ECFF2046A82143
:102F300003F00AFF204610BD036870B504460D4635
:102F40001B68984704F13000A567294607F0D2FEB8
:102F5000236820465B68BDE8704018477FB5064689
:102F60001D4656F8303BCDE902211B6804469847C0
:102F70009DF8203083F00103DDE902210093304603
:102F80002B4607F013FF236806465B6820469847E8
:102F9000A81B18BF012004B070BD7FB506461D46B2
:102FA00056F8303BCDE902211B68044698479DF84E
:102FB000203083F00103DDE90221009330462B46E7
:102FC00007F0D8FE236806465B6820469847A81B92
:102FD00018BF012004B070BD7FB50024012615463E
:102FE0002346224602A800968DF8084002F072F9A6
:102FF00003A800962346224629468DF80C4002F08D
:1030000069F903A807F016FD002853D002A807F0BD
:1030100011FDB04202D1002004B070BD214603A8CA
:10302000FFF7FEFD03A8FFF7E1FD0A24002103A836
:10303000FFF7F6FD00219DF90C00FFF73DFF05208D
:1030400003F0B8FF032103A8FFF7EAFD9DF90C0088
:103050000121FFF731FF052003F0ACFF013CE5D172
:1030600002A8FFF7C3FD21469DF90800FFF724FFE2
:10307000052003F09FFF01219DF90C00FFF71CFFC5
:10308000052003F097FF01219DF90800FFF714FFC9
:10309000052003F08FFF02A8FFF7B5FD03A8FFF797
:1030A000B2FD03A807F0C6FC20B102A807F0C2FCDD
:1030B0000028B0D16FF00100AEE710B50021044642
:1030C000242240F8041B0DF001FC204610BD08B579
:1030D0007C30FFF733FDBDE8084003F0F7BF08B5CB
:1030E0007C30FFF72BFDBDE8084004F00DB8000070
:1030F000F8B5194B03600D46184B4361002100F1F0
:1031000030070446C0E90711C0E909110161818552
:1031100016468061482238460DF0D8FB104BA36755
:1031200004F17C00FFF7C9FF2046FFF7D0FF3246CD
:10313000294684F8A45084F8A5602046FFF74CFF88
:1031400094F9A52094F9A410384607F08DFD204687
:10315000FFF7C5FF2046F8BDC87007008D2E06009A
:10316000A086010070B504460D461646002148228F
:103170000DF0ACFB32462946204607F075FD20468F
:10318000044907F0B7FD2046012107F031FE204633
:1031900070BD00BFA086010007F0ACBDCAB200231D
:1031A00042F00102194607F087BE07F033BE07F070
:1031B00043BE10B5144607F05FFE001B18BF012088
:1031C00010BD07F0AFBD7047416830B4034671B120
:1031D000D0E9032000F0010402B944B1451001EB2D
:1031E00060000CB149598A58996830BC104730BC0E
:1031F0007047000070B500F14C0690F9DF2090F99F
:10320000DE100446304608F0CBF9D4E939530DB945
:10321000DA070ED55A1004EB6300DB0748BFA3584A
:1032200094F8EC1048BF5D5994F9ED2094F9EE3014
:10323000A847D4F8D810304608F0C8FA22463046DD
:103240000249BDE8704008F09FBB00BF2135060071
:103250002DE9F0411F46D0F8E03004460D461646F1
:103260002BB11749174840F22B1202F049FF164ABA
:10327000C0E9392303681B68984784F8EC5084F848
:10328000ED6084F8EE70032D0BD8DFE805F0150231
:1032900010154FF0FF333246012104F14C0008F0C5
:1032A0004DFB236820465B68BDE8F0411847334674
:1032B0004FF0FF320221F0E73B4632462946ECE769
:1032C0001871070040710700513206002DE9F041E6
:1032D00098461D4B03601D4B436000251C4B8560C9
:1032E0000446C0E90555C0E907550F461646C360B8
:1032F000858445634564A0F848506C2229460061E6
:103300004C300DF0E3FA40F20113A4F8DC304FF436
:103310007F43A4F8EC30FF232046C4E93558C4E9C4
:103320003855C4E93C55C4F8C45084F8DE7084F8BC
:10333000DF60C4F8E85084F8EE30C4F8F850FFF7C6
:1033400059FF2046BDE8F08160710700F5310600A5
:10335000C931060070B50646044656F84C3B0D468A
:103360001B6898473046294608F030FA2368C4F8AD
:10337000D85020465B68BDE8704018477FB50546C9
:10338000044655F84C6B0193CDE902213668B047ED
:10339000DDE901322846039908F098FA23685B6852
:1033A000204604B0BDE87040184738B505460446CD
:1033B00055F84C3B1B689847284608F099FB236852
:1033C00005465B6820469847284638BD38B505460F
:1033D000044655F84C3B1B689847284608F0A8FB64
:1033E000236805465B6820469847284638BD036831
:1033F0002DE9F34105461B6816460F46984795F898
:10340000DC30340103B1B6B195F8DD300BB1012EDB
:1034100011D0B8342819B84206D00190CBF7D2FAAF
:1034200001983946F7F769FB2B685B68284602B0BC
:10343000BDE8F0411847B83402F00CFF2C44FA689C
:10344000E36805F14C089AB10BB903F041F9A742C2
:1034500006D02046CBF7B6FA39462046F7F74DFBA3
:1034600001223146404608F09FFA02F009FFDBE7EF
:103470000BB103F043F92046CBF7A4FA0022E26037
:10348000EFE7000030B51B4B036085B000252A46EE
:10349000694604460395FFF7AAFF6846CBF792FA00
:1034A0000122694620460395FFF7A1FF6846CBF746
:1034B00089FA94F8DC3013B994F8DD301BB104F1CB
:1034C0004C0008F04DF904F1C800CBF77BFA04F189
:1034D000B800CBF777FA04F13800CBF773FA04F1B0
:1034E0002800CBF76FFA206A08B102F053F92046A2
:1034F00005B030BD6071070010B50446FFF7C2FF8C
:103500002046FC2103F020FC204610BD4C3008F082
:1035100077BA10B54C300C4608F0B4FA204610BD0E
:1035200000EB0110B83008B5C3680BB1FDF7DCFD46
:1035300008BD036870B504461B680D46984794F8AB
:10354000DC30AB422BD065B194F8DD304BB9A268CA
:103550006368511004EB6200D20744BF6258D3582D
:10356000984702F077FE05B3D4F8C4305BB104F19C
:10357000B800FDF7B9FD03F0ABF80122002104F11A
:103580004C0008F011FA02F07BFE84F8DC5035B9EB
:1035900094F8DD301BB904F14C0008F0E1F8236821
:1035A00020465B68BDE8704018472A46294604F16A
:1035B0004C0008F0F9F9D4F8C430002BE3D003F044
:1035C0009DF8E0E7036870B504461B680D46984710
:1035D00094F8DD30AB422BD065B194F8DC304BB9B8
:1035E000A2686368511004EB6200D20744BF6258BE
:1035F000D358984702F02EFE05B3D4F8D4305BB10F
:1036000004F1C800FDF770FD03F062F801221146D5
:1036100004F14C0008F0C8F902F032FE84F8DD50E5
:1036200035B994F8DC301BB904F14C0008F098F877
:10363000236820465B68BDE8704018472A46012190
:1036400004F14C0008F0B0F9D4F8D430002BE3D0EA
:1036500003F054F8E0E770B5D0E90213D0E908258B
:103660000446521845EB030300F078F9636B2BB165
:1036700004F128001B68BDE87040184770BD8842FF
:1036800070B504460D460AD0CBF79CF9EB68E360B1
:103690002BB1294620465B68BDE87040184770BDD5
:1036A00038B50446154600F043F9064B2360002266
:1036B0000023C4E908230023636384F838502046BC
:1036C00038BD00BF7871070013B5044601A802F0A9
:1036D00069F8204600F04CF9636B23B194F8383058
:1036E0000BB103F00BF804F12800CBF76BF90023C2
:1036F000636301A802F05EF802B010BD70B5054624
:1037000014461E4600F034F9C5E90846A86902F0DF
:1037100003F8221846EB01032846BDE8704000F08C
:103720001DB9F7B5044601A81D460F46164602F01E
:1037300039F8636B23B994F838300BB102F0C8FF45
:10374000394604F12800FFF79AFF32462B462046FF
:10375000FFF7D4FF01A802F02DF803B0F0BD000080
:1037600010B5044601F0D2FD002201462046FFF7C5
:1037700097FF024B2360204610BD00BFDC6B0700A3
:1037800030B5436B85B00446F3B100F128050393CF
:103790005B682946684698472846CBF713F900230B
:1037A000636394F838300BB102F0A8FF039B2BB988
:1037B000064907484FF4FD7202F0A2FC68461B68F8
:1037C00098476846CBF7FEF805B030BD6C6507003A
:1037D0009B65070010B5044601F098FD00220146E4
:1037E0002046FFF75DFF024B2360204610BD00BF5F
:1037F00084710700437D10B504461BB1037D0BB1F6
:1038000002F07CFF204610BD13B5044601A801F06C
:10381000C9FF637D53B9237D0BB102F059FF2069C5
:1038200001F07AFFC4E900010123637501A801F0EA
:10383000C1FF02B010BD37B504460D4601A801F026
:10384000B1FF00230022C4E900236B7D4BB128693E
:1038500001F062FFD5E90032C01A61EB0201C4E950
:10386000000101A801F0A6FF204603B030BD30B52D
:1038700085B004460D4603A801F094FF294668462A
:10388000FFF7D9FFD5E90221009B9B18019A42EB73
:103890000102C4E9003203A801F08CFF204605B004
:1038A00030BD07B501466846FFF7E1FFDDE90001DD
:1038B00003B05DF804FB13B5044601A801F072FFE4
:1038C000206901F029FF00220023C4E90001C4E9B6
:1038D000022301A801F06EFF02B010BDD0B5002395
:1038E00000260027C0E90067C0E9026704460161BD
:1038F00002754375FFF7DFFF2046D0BD10B50446C3
:1039000001F034FF012201462046FFF7E7FF204681
:1039100010BD10B5044601F0F9FC00220146204616
:10392000FFF7DCFF204610BD03681B681847000046
:1039300010B50446074B236000220023C4E902238C
:1039400000230846A161C4E90433034901F074FE71
:10395000204610BD9C7107002939060007B500906C
:1039600000F10801806901F0A4FE03B05DF804FBDA
:1039700000F10801806901F0B4BE000010B5034BEE
:1039800003600446FFF7F4FF204610BD9C7107005A
:10399000002070476FF01C0070476FF01C007047EC
:1039A0006FF0150070476FF01500704701207047E9
:1039B00001207047002070470020704770B511F05B
:1039C000010405468EB204D0FFF7EFFC041E18BFB9
:1039D0000124F30605D52846FFF7F8FC08B144F0AA
:1039E0001004204670BDA0F1FC00FFF7E7BF08B54A
:1039F000FFF79FFD002008BDA0F1FC00FFF7F7BF17
:103A000008B5FFF7DFFD002008BDA0F1FC00FFF7BF
:103A1000F7BF000010B5034B03600446FFF732FD0B
:103A2000204610BDA8710700A0F1FC00F2E700BF1E
:103A300010B50446FFF7EEFF20464FF4807103F007
:103A400083F9204610BDA0F1FC00F1E72DE9F0411B
:103A500006460D461746C2B102F0F9FB80F001039D
:103A600013F0FF0403D0336830461B68984705EB1A
:103A7000070815F8011B3046FFF74BFDA845F8D1A4
:103A80001CB1336830465B6898473846BDE8F08122
:103A9000A0F1FC00FFF7DABF38B504460D4662B16D
:103AA00003681B6898472046FFF730FD287023689D
:103AB00020465B689847012038BD1046FCE7A0F11E
:103AC000FC00FFF7E9BF000010B50446FFF7FEFB5E
:103AD000044B03F1080244332260C4F8FC30204652
:103AE00010BD00BFA071070030B5056885B0044661
:103AF000CDE9022101932D68A847DDE90132204676
:103B00000399FFF7A5FB23685B68204605B0BDE875
:103B10003040184730B5044685B004F1080502F07E
:103B200099FB29466846F6F7E8FF2846CAF74AFF98
:103B3000E0690023C4E9053308B103F047FB02F054
:103B40009FFB039B13B11B68684698476846CAF7FA
:103B500039FF05B030BD0000002204494260C0E9D1
:103B600005220160C2610284704700BF7C720700B9
:103B7000074B10B503608369044623B10549064825
:103B8000262202F0BDFA0830CAF71CFF204610BDFD
:103B90007C7207002C7207005572070070B504464E
:103BA0000E4602F057FBA56965B104F10800CAF79B
:103BB00009FF00230122636184F82020E36184F877
:103BC0002160A36102F05CFB2DB121462846BDE8CF
:103BD000704000F02EB970BD08B103F077BA02F062
:103BE00039BB08B103F090BA02F04ABB2DE9F041AD
:103BF000044686B00E46174602F02CFBA56902F07B
:103C00003FFB35B301AD0021284603F0B9FA02F0BD
:103C100021FBD4E9068323B10F491048392202F071
:103C20006FFAE56102F02CFBB8F1000F0ED03946B7
:103C3000284603F0ADFA48B93046FFF7CDFF2046DD
:103C40000121FFF7ABFF3046FFF7CBFF284603F01B
:103C5000C0FA06B0BDE8F0812C720700637207005D
:103C60000022C0E9012201220160027370477047FF
:103C7000037B33B1D0E90023126893428CBF002349
:103C80000123184670472DE9F0410468012606FA21
:103C900001F10023271D82EA060E17F813400C429B
:103CA00004D004F030043AB1102C07D10233202B99
:103CB000F3D14FF0FF300DE0002CF7D0D0F808C062
:103CC00042EA030506FA05F818EA0C0FEED1202C9B
:103CD00002D02846BDE8F0814EEA030406FA04F457
:103CE00014EA0C0FF5D0E1E770B50D4611462A46EF
:103CF00004461E46FFF7C7FF002802DA00202073A3
:103D000070BD25686368420805EB8205E98819449F
:103D10006B7906FB031363600121A36881400B43A9
:103D200042EAC010A360C0B2EAE713460A46012186
:103D3000FFF7DABF13460A460021FFF7D5BF13B5D8
:103D40000A46019100210446FFF7EFFF019A002186
:103D5000204602B0BDE81040FFF7ECBF0022C0E9EA
:103D60000022704770470068704700230B6043686B
:103D700013B90160416070471960FBE703682BB11C
:103D80001A6802B94260026000221A601846704741
:103D900010B50468002223468B420ED10AB10B688D
:103DA00013608C4204BF0B68036043688B424FF082
:103DB000000308BF42600B6010BD002BFCD01A4608
:103DC0001B68E9E710B50446FFF7C8FF204610BDA1
:103DD00008B5FFF7C8FFB0FA80F0400908BD70B51C
:103DE00005462846FFF7BFFF044678B150F8043C6B
:103DF000061F9B683046984740B12846FFF7BEFF34
:103E000054F8043C3046DB689847EAE770BD70B56B
:103E100004460D46FFF7A7FFAC610646291D204664
:103E2000FFF7A3FF26B92046BDE87040FFF7D7BFD4
:103E300070BD70B505460C46FFF795FF064604B108
:103E4000043421462846FFF7A3FFA64204D12846A2
:103E5000BDE87040FFF7C3BF70BD10B504462046F3
:103E6000FFF781FF28B150F8043C0438DB6898471D
:103E7000F5E710BD10B50446FFF7EFFF2046FFF74A
:103E800071FF204610BD7047704703689B6D18474F
:103E900070B586B0154B01930023ADF808308DF84E
:103EA0000A3040F20123ADF8123040F2031390F8CB
:103EB000204341680289ADF8143000F10A038DF8FF
:103EC0000B400391ADF8102001AC05AE1D46224613
:103ED00003CAB24218605960144603F10803F6D1D0
:103EE00012881A80284606B070BD00BF1201000279
:103EF0000048704764750700004870479C750700CC
:103F0000004870476875070000487047AE750700A5
:103F10000048704794750700004870477E75070099
:103F2000036810B504465B6F9847D4F8EC02036849
:103F30001B6F9847236820469B6FBDE810401847C9
:103F400038B5D0F83433012B044610D10025D4E91C
:103F5000C93000F0010203B94AB14110C4E9C955A2
:103F600004EB60000AB16258D3589847EFE7D4F8E1
:103F700034332BB90649074840F2C66202F0C0F854
:103F8000013BC4F83433BDE8384002F079B900BFD2
:103F90008C720700B772070008B5D0F834332BB91C
:103FA0000349044840F2CD6202F0AAF808BD00BF00
:103FB0008C720700B772070010B5044602F04AF988
:103FC000D4F834330133C4F834332BB903490448EB
:103FD0004FF4D76202F094F810BD00BF8C72070056
:103FE000B7720700036837B5DB6F0D460446984784
:103FF00015F0700F01D12B0706D10023104911488D
:1040000000931A4602F0A0FA6B0003F01E0343EA85
:10401000D5118B1E182000FB034393F831206AB1A1
:10402000013900FB0140013A043083F83120C368B4
:1040300023B11B6803B0BDE83040184703B030BD62
:10404000C372070004011580036873B50446DB6F73
:104050009847B4F8F8120B0A022B25D0032B56D040
:10406000012B04D1236820461B6B984708B9002018
:1040700018E0236820461B6B98470678122EF6D16D
:10408000236820461B6B98474578012DEFD12368A4
:10409000C4F804631B6B2046984784F80853C4F89F
:1040A0000003284602B070BD2368C9B25B6B019162
:1040B000204698470028DAD0236801995B6B204698
:1040C000984703780199092BD1D1236820465B6B6F
:1040D000984743780199022BC9D1236820465B6B2E
:1040E0009847236885785B6B019920469847C37889
:1040F000019945EA03252368C4F804535B6B204605
:104100009847C4F80003012084F80803CAE7C9B23D
:104110000529ACD8DFE801F0030F19232D372368F8
:1041200020469B6B98470378C4F8043323689B6B45
:1041300020469847E5E723682046DB6B98470378DD
:10414000C4F804332368DB6BF2E7236820461B6C5A
:1041500098470378C4F8043323681B6CE8E72368A6
:1041600020465B6C98470378C4F8043323685B6C83
:10417000DEE7236820469B6C98470378C4F8043335
:1041800023689B6CD4E723682046DB6C9847037850
:10419000C4F804332368DB6CCAE70B78DB091370BF
:1041A0000B78C3F3411353700B7803F01F03937024
:1041B0004B78D3704B8893808B88D380CB881381C6
:1041C00070470000036870B504465B6F0D46984762
:1041D00094F80C33022B05D009490A4840F23D12ED
:1041E00001F08EFF084BC4F824330023C4F82833B1
:1041F000236884F8105320469B6FBDE87040184731
:104200008C720700E2720700ED46060038B50368BD
:104210000446DB6F984794F8083313B1002528460D
:1042200038BDD4F8EC0203685B6C9847D4F80423DB
:104230009042F3D8D4F80013121A0144C4F80013C2
:10424000C4F80423A2B994F80A53022384F80C3367
:1042500045B1236884F80A239B6E04F53D7120461E
:104260009847DCE701212046FFF7ACFF0125D6E7A0
:10427000D4F8EC02D4F820430368A2421B6C28BF98
:1042800022469847F2E70000036813B50446DB6F47
:10429000984794F81C33012B06D800230F4900934C
:1042A0001A460F4802F050F994F80C3323B100235A
:1042B0000C4900931A46F4E794F80B33032B0BD008
:1042C0002046FFF7A3FF38B9D4F8EC020368DB6C93
:1042D00002B0BDE81040184702B010BD0D730700D2
:1042E0000E0115803573070038B503680446DB6F8F
:1042F000984794F80833012B3BD1D4F8045335B9CF
:1043000094F809330BB901252CE084F80953D4F84B
:104310002033D4F8EC02D4F800139D4228BF1D4688
:1043200003682A469B6C9847D4F800332B44C4F8A2
:104330000033D4F804335B1BC4F80433002BE2D100
:1043400094F80923002ADED194F80A53022384F852
:104350000C334DB1236884F80A239B6E04F53D713C
:1043600020469847284638BD01212046FFF72AFFFE
:10437000C9E70025F6E70000036813B50446DB6FC4
:10438000984794F81C33012B06D800230B490C489E
:1043900000931A4602F0D8F894F80B33032B0BD095
:1043A0002046FFF7A1FF38B9D4F8EC020368DB6CB4
:1043B00002B0BDE81040184702B010BD0D730700F1
:1043C0000E011580036870B504465B6F0D46984773
:1043D00094F80C33032B05D009490A484FF4C372F3
:1043E00001F08EFE084BC4F824330023C4F82833B0
:1043F000236884F8105320469B6FBDE8704018472F
:104400008C7207007F730700AB51060010B503687C
:104410000446DB6F9847012004F21D33C4F80033D3
:10442000C4F8040384F8080310BD036810B50446FB
:10443000DB6F984794F81C33042B01BFB4F82E337C
:10444000A4F8FA32012004F54C7303BFC4F800331A
:10445000C4F8040384F80803002010BD036810B5F5
:10446000DB6F04469847042384F80C33236894F8E0
:10447000F8221B6FB4F8FA1220469847012010BDAD
:10448000036870B504465B6F0D46984794F80C338B
:10449000042B05D009490A484FF4EB7201F030FEB5
:1044A000084BC4F824330023C4F82833236884F865
:1044B000105320469B6FBDE8704018478C72070070
:1044C000AB7307007D470600036810B50446DB6F39
:1044D000984794F81C33042B02D0B4F8FA3233B95D
:1044E00094F8F632012B25D0022B02D023B3002002
:1044F0001FE0B4F8FA2222F08F03002BF7D112F05C
:104500000F030CD0530003F01E0343EAD213023B07
:10451000182202FB034393F83030C3F34003074AE9
:10452000C4F80023138001200223C4F8043384F864
:10453000080310BD0023F2E70123F0E7DC6401204B
:1045400010B50368044690B0DB6F9847D4F8EC02CE
:10455000D4F8202303686946DB6B984704F53D7265
:1045600069462046FFF719FE0023C4F80833C4E962
:10457000C033012384F80C33236811465B6E9847DF
:1045800010B010BD036813B50446DB6F984794F86C
:104590001C33012B06D800230A490B4800931A4606
:1045A00001F0D2FF94F80C23012384F82C332AB9AC
:1045B000204602B0BDE81040FFF7C2BF84F82D339B
:1045C00002B010BD0D7307000E0115802DE9F041FA
:1045D0001D46036804465B6F0F461646984794F8DD
:1045E0000C33012B05D00B490B4840F2BA2201F0E5
:1045F00087FD0A4BC4F824330023C4F8283323680A
:1046000084F81073C4E9C56520469B6FBDE8F0418E
:10461000184700BF8C720700D37307001F500600B5
:10462000036870B50446DB6F9847B4F8FC2292B378
:1046300094F8F41294F80833012925D1012B06D0FF
:10464000D4F8EC020368DB6CBDE870401847D4F87E
:104650000433934201D9C4F804230129D4F8043364
:1046600026D1934208D2D4F82023B3FBF2F002FB08
:1046700010330BB984F80913022384F80B33204656
:10468000BDE87040FFF730BE002BD9D1D4F8043319
:104690009342E2D0D4E7D4F8EC02D4F804230368C0
:1046A000002AD0D1032184F80B139B6C11460EE035
:1046B000D4F8EC020122016884F80B23D4F82023FB
:1046C0000D6CD4F800139A4228BF1A462B46BDE859
:1046D0007040184710B503680446DB6F9847002305
:1046E00084F82D33032384F80B3310BD036810B511
:1046F000DB6F04469847002284F80C2394F82D239E
:1047000094F8103322B12046BDE81040FFF7E2BF15
:1047100033B9D4F8EC020368BDE81040DB6C1847ED
:1047200094F80B33012B0AD1D4F8EC02032384F85C
:104730000B3303689B6CBDE8104011461847022BF1
:1047400007D1D4F8EC02032384F80B3303681B6C05
:10475000F1E710BD036810B5DB6F044698470023EE
:1047600084F82C3394F80C3323B92046BDE810406C
:10477000FFF7B0BF012384F82D3310BD036810B5D7
:10478000DB6F04469847002284F80C2394F82D230D
:1047900094F8103322B12046BDE81040FFF79ABFCD
:1047A00063B1B4F8FA32A4F82E33B4F8F83284F8CE
:1047B00030332046BDE81040FFF732BFD4F8EC029A
:1047C0000368BDE81040DB6C1847036810B5044669
:1047D0005B6F984794F8F03283B9D4F8EC02036821
:1047E00021469B689847D4F8EC02036840219B6BF4
:1047F00098470123C4F8200384F8F0322368204648
:104800009B6FBDE81040184738B5036804465B6FDE
:10481000984794F81C53236820469B6FEDB2984745
:104820002B1F5842584138BD036810B55B6F0446D2
:1048300098472046FFF7C9FF94F8F1323BB9D4F806
:10484000EC0203685B699847012384F8F13223681E
:1048500020469B6FBDE81040184700002DE9F04F3F
:10486000904685B002680391526F0293DDF838904C
:1048700005469047039911F0700F03D111F00F0F07
:10488000029B06D100232B492B4800931A4601F0C6
:104890005BFE95F8F2723FB92B6828469B6F9847EC
:1048A000384605B0BDE8F08F4C0004F01E0444EA21
:1048B000D114A61E4FF0180B0BFB065A9AF83020A5
:1048C000D20705D51D491E484FF48E6201F018FC31
:1048D000B8F5806F04D919491A4840F27142F5E7DA
:1048E000D5F8EC020268176D4246B8470746002823
:1048F000D2D0601E0BFB0050043048450BD0029014
:10490000CAF760F8D9F80C30CAF828301BB15B68D8
:10491000029849469847182303FB065696F830300C
:10492000A6F82C8043F0010386F83030002386F887
:104930003130B1E7C3720700040115808C720700A3
:10494000F673070018740700D0F8EC0203685B6B7D
:1049500018470000F8B50F461949044640F81C1BDB
:104960000025064604F53B71F5601836B142FBD1CF
:10497000E380BDF818302381A28000214FF4347207
:104980000BF0A4FF2822002104F53D700BF09EFFE0
:104990000123C4E9C855C4E9CA55C4F8EC72A4F8A7
:1049A000F05284F8F252C4F8345384F8305384F847
:1049B0001C3384F81D5384F81E532046F8BD00BFF5
:1049C000E474070038B503685B6F0D4604469847EA
:1049D0002B071FBF6B0003F01E0343EAD5118B1E8C
:1049E0001BBF182202FB0343D4F820539D8D23687C
:1049F00020469B6F9847284638BD00000368F7B5EE
:104A00005B6F0E460546984736F08F0701D1320797
:104A100006D100231749184800931A4601F094FD67
:104A2000740004F01E0444EAD6141823023C03FB6D
:104A3000045494F83030DB0709D42846FFF7E4FE2D
:104A400080B10E490E4840F28C5201F059FB94F8A7
:104A500031303BB1D5F8EC0203683146DB6E984744
:104A600084F831702B689B6F284603B0BDE8F04096
:104A7000184700BFC3720700040115808C7207003D
:104A800030740700036873B55B6F0E4604469847A1
:104A900016F0700F01D1310706D100231A491B48C7
:104AA00000931A4601F050FD750005F01E0545EA19
:104AB000D6151823023D03FB054595F83030DA077B
:104AC00009D42046FFF7A0FEB0B11149114840F2C9
:104AD000CC4201F015FB43F0020385F83030D4F8E6
:104AE000EC02036831469B6D984795F831301BB155
:104AF00031462046FFF782FF23689B6F204602B0B5
:104B0000BDE87040184700BFC3720700040115805C
:104B10008C72070030740700036810B50446DB6F21
:104B2000984794F81C33042B02D0B4F8FA32A3B996
:104B300094F8F632022B10D1B4F8FA1231F08F004B
:104B40000BD111F00F030AD0B4F8F83223B9204684
:104B5000C9B2FFF797FF012010BD0020FCE71846FF
:104B6000FAE700000368F7B55B6F0E460446984706
:104B700016F0700F01D1310706D100231C491D48E2
:104B800000931A4601F0E0FC750005F01E0545EAA9
:104B9000D615023D182707FB054393F83020D207AE
:104BA00009D42046FFF730FED0B11349134840F234
:104BB000F14201F0A5FA93F831301BB1314620469D
:104BC000FFF71CFF07FB0545314695F8303023F011
:104BD000020385F83030D4F8EC020368DB6D9847A7
:104BE00023689B6F204603B0BDE8F040184700BF24
:104BF000C3720700040115808C720700307407002F
:104C0000036810B50446DB6F984794F81C33042BF7
:104C100002D0B4F8FA32A3B994F8F632022B10D1CC
:104C2000B4F8FA1231F08F000BD111F00F030AD053
:104C3000B4F8F83223B92046C9B2FFF793FF012038
:104C400010BD0020FCE71846FAE700002DE9FF41FF
:104C50009846036803920E465B6F0746984736F006
:104C60008F0403D116F00F0F039A06D100232049B9
:104C7000204800931A4601F067FC750005F01E05F8
:104C800045EAD6151823023D03FB057595F830302B
:104C9000DB070AD43846FFF7B7FD044688B116494A
:104CA000164840F2AF5201F02BFAAB8D434505D9BF
:104CB00013491448009423462246DCE795F8311046
:104CC00039B13B6838469B6F9847204604B0BDE831
:104CD000F081D7F8EC0201680C6E3146A04704461B
:104CE0000028EED095F83130013385F83130E8E70F
:104CF000C3720700040115808C720700307407002E
:104D00003E74070005011580036837B55B6F0D46DB
:104D10000446984715F0700F01D12A0706D10023E9
:104D20001549164800931A4601F00EFC6B0003F07B
:104D30001E0343EAD513023B182202FB034393F8F8
:104D40003030DB070AD42046FFF75EFD054660B130
:104D50000B490C4840F2E95201F0D2F9D4F8EC02C8
:104D6000036829465B6E98470546236820469B6F7B
:104D70009847284603B030BDC37207000401158070
:104D80008C720700307407002DE9FF4198460368D4
:104D900003920E465B6F0746984736F08F0503D1A6
:104DA00016F00F0F039A06D10023224922480093E0
:104DB0001A4601F0C9FB740004F01E0444EAD6143C
:104DC0001823023C03FB047494F83030DB070AD448
:104DD0003846FFF719FD054688B11849184840F2D2
:104DE0000A6201F08DF9A38D434505D21549164895
:104DF00000952B462A46DCE794F831303BB13B68FE
:104E000038469B6F9847284604B0BDE8F081D7F834
:104E1000EC02036831469D6E4346A847054638B10B
:104E200094F83130A4F82E80013384F83130E6E76D
:104E3000E085E4E78F740700040115808C72070099
:104E400030740700AD74070005011580036837B59D
:104E50005B6F0D460446984715F0700F01D1290786
:104E600006D100231249134800931A4601F06CFB47
:104E70006B0003F01E0343EAD51118228B1E02FBC0
:104E8000034393F83020D2070AD42046FFF7BCFC36
:104E9000054630B10849094840F2496201F030F94D
:104EA000DD8D236820469B6F9847284603B030BDB0
:104EB000C3720700040115808C720700307407006C
:104EC000036870B50446DB6F0D46984794F81C23C1
:104ED00084F81C53AA42D3B226D0032B09D9032D40
:104EE0008CBF00260126012B05D9012D03D88EB1D8
:104EF00003E00026F7E786B100264FF43472002164
:104F000004F11C000BF0E2FC002384F81D3384F84C
:104F1000F23216B12046FFF71DFC236829462046D1
:104F20001B6EBDE87040184770BD036810B504469D
:104F3000DB6F9847D4F8EC0294F8F8120368DB6A48
:104F40009847B4F8F8322BB902212046FFF7B8FF92
:104F5000012010BD0321F8E7036810B50446DB6F9C
:104F6000984794F8F81284F81D1351B9D4F8EC025C
:104F700003681B6A984703212046FFF7A1FF012021
:104F800010BD012384F8F232032384F80C33236824
:104F90002046DB6E9847F2E7036810B50446DB6FE6
:104FA000984794F8F532C3BB94F8F7320B2B34D8FA
:104FB000DFE803F0060B331033151A331F24292EB4
:104FC0002046BDE81040FFF77FBA2046BDE81040FC
:104FD000FFF716BE2046BDE81040FFF79DBD2046F6
:104FE000BDE81040FFF7A1BF2046BDE81040FFF725
:104FF0002BB82046BDE81040FFF708BA2046BDE8B0
:105000001040FFF7A9BF2046BDE81040FFF70DBADA
:105010002046BDE81040FFF721BA002010BD03680C
:1050200010B5DB6F04469847002084F80C0394F811
:105030002D0394F81033D4E9C52190B1012B0BD87E
:10504000022384F80C33236804F53D7120469B6EDF
:10505000BDE81040012218472046BDE81040FFF788
:1050600039BB042B12D12046FFF796FF30B9D4F894
:10507000EC020368BDE81040DB6C184794F80C3371
:1050800073B92046BDE81040FFF7CABA032BEED033
:105090000120C4E9C02184F80A0384F80833F0E74A
:1050A00010BD036810B5DB6F044698472046022107
:1050B000FFF706FF002384F81E332046FFF74AFB64
:1050C00023682046DB6DBDE810401847036810B523
:1050D00004465B6F984794F8F1323BB1D4F8EC0288
:1050E00003689B699847002384F8F13294F81C33D5
:1050F000012B03D901212046FFF7E2FE002384F8AB
:105100001D3384F81E33236820469B6FBDE8104092
:105110001847036810B504465B6F984794F8F0325F
:1051200053B12046FFF7D2FFD4F8EC020368DB68E6
:105130009847002384F8F032236820469B6FBDE82F
:10514000104018470D4B70B5036090F8F0320446DC
:105150002BB10B490B4840F2625200F0D1FFFFF730
:10516000D8FF04F53B7504F11C06B54204D0183D88
:105170002846C9F727FCF8E7204670BDE47407000D
:105180008C720700CE74070038B503680D46DB6FDC
:105190000446984745B994F81C332BB1294620465C
:1051A000BDE83840FFF78CBE38BD036870B50446D3
:1051B000DB6F984794F82D3394F8106303B97EB9E8
:1051C0002046FFF721FB054650B901464FF43472E3
:1051D00004F11C000BF07AFB84F81D5384F8F252A2
:1051E000002384F80C3394F82D3323B12046BDE816
:1051F0007040FFF76FBAD4F8EC02036856B1DB6970
:10520000984720460421FFF75BFE2046BDE870402A
:10521000FFF706BABDE87040DB6C184708B51046CA
:105220001A460BF02BFB002008BD70B50E46044655
:10523000154605F0DBFB013609D02046002105F0BC
:1052400049FC29462046BDE8704005F021BC70BDF0
:1052500008B5431C04D10E490E48212200F050FF2E
:10526000012351B11F2886BF0B4A00F01F004FF0E9
:10527000A0428340C2F8083508BD1F2886BF064AF1
:1052800000F01F004FF0A0428340C2F80C35F3E756
:1052900082700700C141070000030050F8B50F46B7
:1052A000044615461E4605F0A1FB01370ED094F9C1
:1052B00000003146FFF7CCFF2046012105F00AFC33
:1052C00029462046BDE8F84005F0E2BBF8BD0322C0
:1052D000FFF7ABBF73B5164604461A460D46069B4C
:1052E0006EB90193FFF7A1FF01350DD0019B94F931
:1052F0000000194602B0BDE87040FFF7A9BF02B038
:10530000BDE87040FFF7CABF02B070BD00487047EB
:10531000B4750700024B1B680BB102481847704771
:10532000FC630020B4750700F8B5446894F8326057
:105330008EBB03685B689847226A82422BD0236940
:105340002062821A1A40A368A2FB03C194F9342098
:10535000CAB1606A10EB0C0541F10001002A1BDBA9
:10536000C2F12000A2F1200325FA02FC01FA00F0AC
:1053700021FA03F34CEA000C4CEA030CD1400CFA7E
:1053800002F2AA1A6262D4E90A3213EB0C0341EB6F
:105390000201C4E90A31F8BDE76833463A462846B7
:1053A0000AF046FC844607FB10506062EBE782423D
:1053B00006D98A420BD9884294BF00200120704749
:1053C000884206D98A428CBF002001207047012004
:1053D00070470020704700002DE9F74347683B6B9A
:1053E00023F07F4929F0FF090646B9F1000F5ED18D
:1053F000FFF79AFF7B68002B5CD0D3E90040D7E928
:105400000A23A242834105D333685B6903B0BDE838
:10541000F04318477568D5E90A23A41AD5E905822F
:1054200060EB0300EB69A24283411ED3EB68A3FB50
:10543000044103FB001195F933309BB1AA68501E5B
:10544000001941F10001002B1DDBC3F1200CA3F179
:10545000200220FA03F401FA0CFC44EA0C0421FABD
:1054600002F21443A04528BFA0462B6A08EB0302B2
:105470002B691A403B6A93420AD11449144840F2FE
:10548000C91200F03DFE4B460AF0D2FB0446E9E7A4
:105490003368019210461B69984733685B689847E8
:1054A000019A0146386AFFF782FF0028ACD103B0A9
:1054B000BDE8F0837B69386A3A69184433681B6930
:1054C000104003B0BDE8F043184700BFE075070087
:1054D000077607004368F7B593F830200546002AA1
:1054E0007AD193F83230002B76D103681B68984745
:1054F0002B68DB69984703682BB938493848009313
:105500001A4601F021F8374A1F461446B7FBF2F25B
:1055100004FB12722746002AF7D16E683149B1FBAD
:10552000F4F11F22B1600127013A03D307FA02FC0C
:105530006145F9D186F83320B3FBF4F21F23F26002
:10554000012404FA03F7BA4201D0013BF9D286F8EC
:1055500034304068071F1C2F05D9002322492348F7
:1055600000931A46CDE720281CBF012383404FF04B
:10557000070404FA07F414BF03F1FF334FF0FF33BD
:1055800033617461E017A4FB0143002701FB003184
:10559000531E47F1FF3CE01841EB0C013B460AF07B
:1055A00047FB2B68C6E90601C6E900775B689847A8
:1055B0006B683062002101220020C3E90A015F62AA
:1055C00028461A8683F83270FFF7AEFE284603B0ED
:1055D000BDE8F040FFF700BF03B0F0BD2B76070039
:1055E0000E01048040420F0044760700050104804C
:1055F000F3B44568069C8C60C1E900236C68002701
:1056000034B9CC607FB9696002B0F0BCFFF7E4BE8A
:10561000666801962668B242019E73EB0606F0D3D7
:105620002746E468ECE7F960D5E90A4194429941DC
:10563000EAD202B0F0BC704738B505460C46FFF719
:1056400049FF00F007FE6B681C60BDE8384000F0C1
:1056500017BE70B5054600F0FDFDD5E90034DB68E6
:10566000984794F832301BB1BDE8704000F008BE96
:10567000012384F831306368A3B12846FFF754FE54
:105680006368D4E90A62D3E9000186428A4109D3FA
:105690006A68DB68526863602368002BEBD090680F
:1056A0009847E8E7002384F831302846FFF794FE56
:1056B000DAE710B586B0CDE904210393089C029087
:1056C00000F0C8FD0298FFF72FFEDDE903320599CF
:1056D00002980094FFF78CFF06B0BDE8104000F080
:1056E000CFBD38B505460C4600F0B4FD6A68536876
:1056F000A34209D1DB6853602846FFF76DFEBDE881
:10570000384000F0BDBD1346002BF8D0DA68A24245
:10571000F9D1E268DA60F2E713B50446FFF7DAFE82
:1057200000F098FD2046FFF7FFFD6368D3E90A010A
:10573000CDE9000100F0A4FDDDE9000102B010BDDB
:1057400008B5FFF7E9FF08BD024B00221A7006F00A
:10575000E3BA00BF1865012008B506F04BFA024B0A
:1057600001221A7008BD00BF18650120004870476B
:1057700080760700024B1B680BB102481847704740
:10578000006400208076070091F90C2091F9041044
:1057900005F006BF024B1B6803B11847704700BFF6
:1057A0005865012007B5019000F054FD019803B041
:1057B0005DF804FB07B5019000F062FD019803B0AD
:1057C0005DF804FB00F046BD00F05ABD007B704759
:1057D00038B50D4B03600023C0E901310273044664
:1057E0000A480D46FDF7AAF901F070FC55B1084BC7
:1057F0001A6862601C600548FDF7A0F901F084FC9E
:10580000204638BD6560F6E7BC760700606501207C
:105810005C650120144B10B5036004461348FDF786
:105820008DF901F053FCA3682BB1114962680B6834
:10583000A34212D10A600F4B0C481A68A24204BF5F
:1058400000221A60FDF77AF901F05EFC237B13B9A0
:10585000201F01F07DFA204610BD19465B68A34267
:10586000FBD14A60E7E700BFBC7607006065012016
:105870005C6501208865012010B50446FFF7CAFF6A
:105880002046102101F060FA204610BDF8B506460A
:1058900017480D46FDF752F901F018FC154B1C682E
:1058A00084B9072D1BD114482A4631460AF0D8FF87
:1058B000A8B90F48FDF742F901F026FC0F4B1C6810
:1058C0002046F8BDA76887B138460BF0D4FEA84241
:1058D0000BD12A46314638460AF0C2FF28B904489F
:1058E000FDF72CF901F010FCEAE76468D8E700BF87
:1058F000606501205C650120AC76070088650120A9
:1059000000207047036870B51B690122002104461E
:105910009847051E0DDB236802221B6900212046E3
:1059200098472368064629461B6900222046984767
:105930003546284670BD000070B50E460025C0E90A
:1059400000550E49044630460BF0C9FE304403466C
:1059500029461A782F2A07D10133236049B908490B
:1059600008482A2200F0CCFB002AF6D0013101338E
:10597000EFE7FFF78BFF6060204670BD14770700EC
:10598000167707003D77070000687047406808B544
:1059900020B1FFF71BFF431E5842584108BD10B508
:1059A0000446FFF7F3FF10B1606800B1043810BD82
:1059B000406808B520B1FFF709FFB0FA80F0400950
:1059C00008BD10B50446FFF7F3FF10B1606800B1E1
:1059D000043810BD4068003818BF0120704700200F
:1059E0007047F8B503681B6D0D4604468F1898473D
:1059F0002E46BE42236806D09B6C16F8011B20463B
:105A000098470130F5D1236820465B6D9847701B9D
:105A1000F8BDF8B503681B6D0E4604468F1898470D
:105A20003546BD42236805D1236820465B6D984703
:105A3000A81BF8BDDB6C20469847431CF4D005F842
:105A4000010BEEE700207047704700000F4B13B5C5
:105A50000022044640F8043BFFF7BAFE0C4B2360DB
:105A600060336360002363610A49204601F0CEF988
:105A70000346606128B9009002460749074800F0D4
:105A800063FD00F02DFF204602B010BDCC7607006C
:105A9000C47707004677070049770700190101809E
:105AA0000A4B03F10802683310B5044602604360F4
:105AB00040690AF019FB064B23602046503340F83A
:105AC000043FFFF7A7FE204610BD00BFBC770700CC
:105AD0006477070008B5024902488E2200F010FBE7
:105AE0002C7807005378070010B504460846FFF7E6
:105AF00013FEC4E90001204610BD000010B50446A5
:105B0000FDF716FF20460A4B40F8203BA169FFF73E
:105B1000EBFFD4E90823C4E90A2300220023C4E9E7
:105B20000C230023C4E90E3384F84030204610BD16
:105B3000847807004FF0FF30704738B590F83F5039
:105B400004460DB1FFF7C6FFFDF712FF94F8403091
:105B5000A5872BB184F84050BDE8384000F0CEBD99
:105B600038BD10B5044601F1300000F001FBC4E976
:105B70000001204610BDD0E90C32013342F1000291
:105B8000C0E90C32D0E90A3213F57A7342F100020F
:105B9000C0E90A327047D0E90A2312F57A7243F15C
:105BA0000003FDF7DBBE37B50D460446896968463C
:105BB000FFF79AFFD5E90A3200980199C01A61EB04
:105BC0000201B0F57A7F71F1000306D200220023B2
:105BD000C4E90023204603B030BDB0F5FA6F71F17F
:105BE000000301D20122F2E700294FF47A724FF04C
:105BF0000003D8BF00210AF01BF8C4E90001E9E75F
:105C000091F83F30F7B505460C4613B991F83C6062
:105C100026B112491248E52200F072FA6846FFF7F1
:105C2000C2FFDDE900304FF47A71A3FB017201FB82
:105C30000022A663D4E90A16C91942EB0602C4E998
:105C40000A12D4E90C125B1842EB00022846C4E9A0
:105C50000C32C5E9003203B0F0BD00BF2C7807005C
:105C60005D780700F0B51E4690F83F3085B00446D9
:105C7000174623B11F492048582200F041FA90F8F6
:105C80003C305BB9014602A8FFF7BAFF029BBB425A
:105C9000039BB34104D3012384F83D3005B0F0BD2C
:105CA000214602A8FFF75DFF4FF47A73A7FB03219B
:105CB00003FB0613D4E90810521843EB000394F8D1
:105CC00040000121A18760B9A069006890F8200018
:105CD00038B984F84010CDE9002300F0F9FCDDE983
:105CE00000230021204684F83E1005B0BDE8F040B6
:105CF000FDF734BE2C78070053780700024B4FF0B5
:105D000080625A60704700BF00ED00E008B50121D5
:105D1000383000F01BFA08B1FFF7F0FF08BD01238F
:105D200010B580F83F30836B04460BB1FFF7E6FFF8
:105D30002046FFF730FF10BD90F83C3010B5044608
:105D40004BB1002380F83C3090F83E3013B901236A
:105D500080F83D3010BD90F83F30002BFAD0836BB7
:105D600001338363FFF7CAFF2046FFF704FF204695
:105D7000FFF711FFEEE70000024B4FF000725A6090
:105D8000704700BF00ED00E010B50446FDF7F0FDE0
:105D9000002384F83F30FFF7EFFF10BD102300F021
:105DA00007B8202300F004B8302300F001B84023E6
:105DB0009C46F0B404AE7546E80801D3EFF30986BB
:105DC0000E4F0FCE0FC70FBC0FC740464946524675
:105DD0005B460FC71DCE3100A60A00D304316E0901
:105DE00000D248311FC7EFF309806946EFF31486EC
:105DF00063C76046014900F079F800BF8C65012057
:105E0000F0B52C4E2C4F85B000243546214656F86F
:105E1000042B3846013400F001FA0D2CF6D1AB6C9E
:105E200002936B6C01932B6C244C0093D5E90E23E9
:105E3000696B234800F0F2F92168224800F0EEF97E
:105E4000E16AA26AA36AA06A266BE76B000CCDE93F
:105E500001670090C3F307231B48D2B200F0DEF9BC
:105E6000A36A1E0603D5616B184800F0D7F9A36A30
:105E7000180403D5A16B164800F0D0F9EB6C190794
:105E800012D5144800F0CAF92B6DDA070FD5124865
:105E900000F0C4F9EB6C5B074CBF1048104805B02C
:105EA000BDE8F04000F0BAB90E4800F0B7F90E486E
:105EB000EEE700BF8C6501208878070000ED00E068
:105EC00096780700E5780700F37807004279070025
:105ED000507907005E7907006D7907009D7907000A
:105EE000A97907008D7907007A79070007B504467C
:105EF0000D461A48012100F032F968BB184800F03D
:105F00008DF9302C19D0402C1CD0202C1FD11548D5
:105F1000154C00F083F9154800F080F9FFF770FF89
:105F2000134800F07BF90D4B00221A700023114931
:105F300000932A46204600F007FB0F480F4C00F064
:105F40006DF9E8E70E480F4C00F068F9E3E70E48FA
:105F50000E4C00F063F9DEE70024E7E79C660120C1
:105F6000B5790700DE7907003E01FF800B7A070054
:105F7000167A0700357A0700ED7907003F01FF80A8
:105F8000F67907004001FF80017A07003D01FF809C
:105F9000F8B515460C4699B151F8087C95B12846DC
:105FA0000AF0FCFB064648B1AF423A46214628BFFC
:105FB0002A460AF063FC20460AF0F8FB3046F8BD9A
:105FC0000F46EBE72E46F9E713B54A431046019218
:105FD0000AF0E4FB044618B1019A00210AF076FCAD
:105FE000204602B010BD000070B506461D481E4C8C
:105FF0000D46FCF7A3FD01F069F815F1090F2CD847
:1060000005F1080130460AF0B7FC30B3A268174B1F
:1060100005602A444360A26022692368013222613C
:1060200062682B44934250F8042C88BF636023605D
:10603000002AA0F10403B8BF9B18A2691B68521B79
:1060400023F00103134400F10806A3610548FCF79F
:1060500075FD01F059F8304670BD63690133636125
:106060000026F3E7FC650120E0650120EFBEADDE10
:1060700000B572465DF804EBFFF7B6BF38B50546CC
:1060800019480C46FCF75AFD01F020F81CB354F8EF
:10609000042C164B9A4225D154F80C1C54F8082CA9
:1060A000A4F10C030029B8BF5B181968002344F859
:1060B000043C0F4B1868801A186018690138186181
:1060C000986921F001010244521A9A61A4F1080171
:1060D00028460AF003FC0448FCF730FDBDE83840D0
:1060E00001F012B82146F3E7FC650120EFBEADDEFA
:1060F000E065012000B572465DF804EBFFF7BEBF16
:1061000007B50B46009201460022014800F01CFA38
:106110004401FF8003460122D3E84F0FC3E8412F1B
:10612000C0B20029F8D17047D0E85F3F5B18C0E8E3
:10613000523F002AF8D198B27047D0E85F3F5B1A0F
:10614000C0E8523F002AF8D198B27047034653E89E
:10615000000F401A43E80002002AF8D170470346B6
:10616000D3E84F0FC3E8421FC0B2002AF8D17047EE
:1061700013B5044600F06EF8D4E90001CDE9000142
:1061800000F07EF8DDE9000102B010BD08B500F0B6
:1061900061F8FEE773B5002201460446022000F0D4
:1061A00049FC0D2600F056F80022254614F8013B64
:1061B00023B902B0BDE8704000F062B80A2B09D1E3
:1061C0000D2A07D001220DF1070102208DF807608A
:1061D00000F030FC01222946022000F02BFC14F8CC
:1061E000012CE2E700B5A3B002460B4601A88421CA
:1061F0000BF052FB832806D9074B1A681B79CDF8A0
:1062000083208DF88730002802DD01A8FFF7C2FF48
:1062100023B05DF804FB00BF457A07000FB407B553
:1062200004A951F8040B0191FFF7DCFF03B05DF8FE
:1062300004EB04B07047EFF31080C04300F001009E
:106240007047EFF30580003818BF0120704704F055
:1062500029BA000008B504F015FA064A1368591C5B
:1062600004D1054905483F22FFF74AFF0133136077
:1062700008BD00BF246601204A7A0700747A07002F
:10628000044A136823B1013B13600BB904F002BA4E
:10629000704700BF2466012008B50B48FFF73AFF9E
:1062A00028B1FFF7D7FFBFF34F8F20BFFDE7FFF700
:1062B000C8FF08B1FFF76AFFFFF7BDFF0028F9D05C
:1062C000012000F008FB00BF646601202DE9B04307
:1062D0004B4C0F462168C1F34173032B0CBF4D4259
:1062E0008DB2C1F3074398B08146904645482A468F
:1062F000FFF794FF6FF498731D44132D0FD8DFE858
:1063000005F00A6265686B716E740E0E0E0E0E0E4D
:106310000E0E0E0E0E77A1683B48FFF77FFF484632
:10632000FFF738FF61683948FFF778FF4FB1384809
:10633000FFF730FF3846FFF72DFF36484146FFF79D
:106340006DFFA1683448FFF769FF2368334A1A4498
:10635000012A05D9324A934202D0033A93424BD1E3
:10636000A06820B1C06C80F00800C0F3C000E368F2
:10637000002B43D059682B4A002908BF1146E26917
:106380000392A26902926269019222690092264DEB
:10639000264A002818BF2A462548FFF73FFF04A8D1
:1063A00000F0DEFD079B01939DF8183021680093F3
:1063B0002048DDE90423FFF731FF1F48FFF72EFFD8
:1063C00018B0BDE8B083A1681C48A6E7A1681C48C6
:1063D000A3E7A1681B48A0E7A1681B489DE7A16847
:1063E0001A489AE7A1681A4897E7A168194894E7FC
:1063F0001948FFF713FF92E70020B8E70949BEE705
:1064000068660120BA7A07000B7B0700B37B0700A0
:10641000C47B0700CC7B0700D07B0700C2FE007F57
:106420004001FF80A57A0700AF7A0700347A0700A1
:10643000E47B07003D7C0700B77C0700217B070059
:10644000317B0700407B0700537B0700677B070019
:106450007B7B07008A7B0700A07B0700704700005A
:1064600070B5294C8EB034EA200428BF04460D468E
:1064700016460021302202A80AF028FA234B019484
:106480002344012B039505D9214B9C4202D0033BA9
:106490009C4233D1EB6B02936B6B08931D4B5B6992
:1064A0000493DA6B05925A6B1B6B06920793FFF706
:1064B000D1FE194A13680133012B136009D101ADD4
:1064C0000FCD164C0FC40FCD0FC40FCD0FC42B68CA
:1064D000236001AC0FCC124D0FC50FCC0FC50FCCF4
:1064E0000FC523682B600F4B1B68A5F1300043B12B
:1064F0009847FFF7C5FE00200EB070BD029601ABB5
:10650000CBE7FFF7ABFFF4E70101FF80C2FE007F9E
:106510004001FF802C6200202866012030660120A7
:10652000686601202C66012000207047014B187816
:10653000C0B270479C66012000B5114672465DF8F6
:1065400004EBFFF78DBF000080B506460C460A48F5
:106550000121F04617461D46FFF701FE48B94246A5
:1065600039463046FFF77CFF029A29462046FFF75E
:10657000ADFEFFF791FE00BF9C66012038B5064CCA
:1065800023683BB9FEF7C2FE044D01462846FFF7DB
:10659000B5FA2560206838BDE8660120A0660120B4
:1065A00008B5836823B9054B1B6893F83D0008BD07
:1065B000C06898470028F6D0F9E700BFE8660120D8
:1065C000F7B5194F04464FF0FF356FF000462046EF
:1065D000FFF7E6FF30BBD4E90023B34208BFAA426D
:1065E00002D03868FFF73EFB01A8FFF7DBF8204632
:1065F000FFF7D6FF98B9D4E90023B34208BFAA42F7
:1066000007D100F09FF801A8FFF7D4F8BFF36F8F10
:10661000DDE73B6893F83C30002BF2D1F3E701A8AB
:10662000FFF7C8F803B0F0BDE866012030B587B0C9
:10663000CDE902230A9B0C4D04930B9B0593044662
:10664000FFF79CFF02A8FFF7BBFF2868FFF775FA6A
:1066500068462968FFF7D4FADDE900232046C4E93B
:10666000002307B030BD00BFE86601202DE9F041EE
:10667000DFF83C8086B005460E4604A8D8F8001026
:106680001746FFF76EFAD8F80020DDE90443926B55
:10669000A41A63EBE2732A1943F1000302A8CDE9BF
:1066A0000067FFF7C3FF0298001B06B0BDE8F0814A
:1066B000E866012010B5054C236813B9FEF726FEE5
:1066C00020602068BDE81040FFF726B8F86601207A
:1066D00013B5074C01212046FFF726FD034628B9D4
:1066E0000090228803490448FFF72EFF02B010BD36
:1066F000EC660120D17C07002301048013B5094C0E
:1067000001212046FFF719FD4FF6FF73984206D18D
:1067100000232288044905480093FFF715FF02B0C3
:1067200010BD00BFEC660120F37C0700240104804B
:10673000034B188880B2B0FA80F04009704700BF60
:10674000EC660120F8B5FFF785FDFFF7B3FF0746BC
:10675000FFF7EEFF0E460546A8B105F031FAFFF748
:10676000A9FF04460A468DB10E4DD5E90031DB1B69
:1067700061EB06011B1942EB0101C5E90031BDE8DF
:10678000F840FFF77DBD05F0F7F9E8E70649D1E9E4
:106790000030DB1B60EB06051B1942EB0502C1E96B
:1067A0000032ECE7F0660120006701206FF01C006A
:1067B00070476FF015007047012070470020704748
:1067C00070470000034B186818B14FF0FF31CBF74A
:1067D00031BA704740070120024B186808B1CBF767
:1067E00041BA704740070120F8B5074F15460C46DF
:1067F0008E18B44201D12846F8BD14F8011B384662
:1068000005F040F9F5E700BFEC6B012038B511F059
:1068100001048DB205D0084805F06AF9041E18BFBE
:106820000124EB0605D5044805F082F908B144F0CF
:106830001004204638BD00BFEC6B012010B50446A3
:1068400009F0B4FF204610BD10B50C462AB104482B
:1068500005F0D6F82070012010BD1046FCE700BFFF
:10686000EC6B012038B5084B0360084B1B680446ED
:10687000154633B90648FEF787FF0548294604F058
:10688000A5FF204638BD00BF507E0700586C012090
:10689000EC6B01200020704700207047074A084930
:1068A00013681844884289BF064B10600C224FF0D1
:1068B000FF308CBF1A601846704700BF0465002087
:1068C00000FC0320D870012008B508B1FFF75EFC7A
:1068D000FEE70120704708B5FFF7F6FF012070477B
:1068E00000210AF01BBD08B5CCF7FAF808BD08B5C1
:1068F000CCF7FEF808BD000010B50446037803F09D
:106900000303012B08D0FFF75DFF237803F0030298
:10691000012A03D1FFF760FF00200AE02AB10549F0
:1069200005484FF4D462FFF7EBFB43F002032370FA
:10693000012010BD117D07003D7D070008B50378DB
:1069400003F00302022A05D00749084840F2A96271
:10695000FFF7D6FB23F0030343F001030370BDE808
:106960000840FFF739BF00BF117D07005B7D0700BE
:106970003F2870B504462EDC184E56F820305A1CBD
:1069800013D1022811DCFFF787FF034658B92046D0
:10699000FFF780FF034630B9114D2B68BFF35B8FC3
:1069A000DB0704D50F4B46F82430184670BD284647
:1069B000FFF7A2FF0028F5D00B490A484FF4E13257
:1069C000FFF750FF094A0A490648FFF782FF2846A9
:1069D000FFF7B4FFE6E70023E7E700BF0464002009
:1069E00008670120B4670120987E0700006000203E
:1069F000C167060038B50546FFF7BAFF0B4B002408
:106A000043F8254030B909F0FDFA092303604FF03F
:106A1000FF3038BD03685B699847051E04DA09F04A
:106A2000F1FA6D420560F2E72046F2E704640020C7
:106A3000FFF7E0BF13B5CDE90021FFF799FFDDE9CE
:106A4000002140B909F0DEFA092303604FF0FF345A
:106A5000204602B010BD0368DB689847041EF7DAD1
:106A600009F0D0FA64420460F0E713B5CDE90021E3
:106A7000FFF77EFFDDE9002140B909F0C3FA0923E1
:106A800003604FF0FF34204602B010BD03689B68DE
:106A90009847041EF7DA09F0B5FA64420460F0E79B
:106AA00010B5FFF765FF044628B909F0ABFA0923D2
:106AB0000360204610BD0368DB699847041EF8DABE
:106AC00009F0A0FA644204600024F2E737B54023DD
:106AD000CDF80100054668468DF8003009F0F8FC55
:106AE000044630B12846FFF7DBFF10B12046FFF720
:106AF000F7FE204603B030BD2DE9F74F06460F469E
:106B00009046FFF79EFB054630B100232D492E48E5
:106B100000933246FFF718FDFFF78DFB0028F4D0F5
:106B2000B8F1000F09DA09F06DFA162303604FF08F
:106B3000FF34204603B0BDE8F08F3046FFF7B0FFCA
:106B4000044640B1DFF884B0DFF884A01BF806905B
:106B50002C46A84511DCA045EBDDA8EB0402391951
:106B60003046FFF767FF0028E1DB24181FBF3F19FD
:106B7000164B17F8012C9A55DBE77A5D0A2A1CD1CF
:106B8000B9F10D0F19D0AC420BDA2A1B3919304676
:106B9000FFF750FF0028CADB0444A542C9DC0BF80C
:106BA0000690012251463046FFF744FF0028BEDB25
:106BB000BFD04FF00D030BF8063017F805900135E4
:106BC000C7E700BF927D07002F0101804C670120BD
:106BD000CC7D0700FFF764BF7FB504460D4616461F
:106BE000FFF72FFB30B100231F49204800932246B6
:106BF000FFF7AAFCFFF71FFB0028F4D0002E07DAEE
:106C000009F000FA162303604FF0FF3004B070BDA6
:106C10002046FFF745FFF8B1154E01220DF10F0197
:106C20002046FFF722FF0028EEDBEFD09DF80F3063
:106C30000D2B08D1325D0A2A0AD01A460A23325592
:106C40002B700120E2E70A2B04D1325D0D2AF3E715
:106C50003355E2E71A46F2E732462946204604B0A9
:106C6000BDE87040FFF701BFCE7D07002F01018016
:106C70000C67012013B5CDE90021FFF779FEDDE9AE
:106C8000002140B909F0BEF9092303604FF0FF3439
:106C9000204602B010BD03681B699847041EF7DA4E
:106CA00009F0B0F964420460F0E7FFF7E3BF38B5DC
:106CB0000D46FFF75DFE044630B909F0A3F909233C
:106CC00003604FF0FF3038BD0368DB699847002848
:106CD00014BF4FF400534FF400436B602368204609
:106CE0009B6A984728610020EDE7FFF7E0BF0000AE
:106CF0001FB5039009F052FD039A034620B9009096
:106D000003490448FFF720FC05B05DF804FB00BF11
:106D10000A7E07001F0101801FB5039009F03EFDA8
:106D2000039A034620B9009003490448FFF70CFC7E
:106D300005B05DF804FB00BF277E07001F0101803E
:106D400009F02CBD09F02ABD09F030BD09F02EBDB7
:106D500010B504460B48FBF7F1FE00F0B7F90A4AFC
:106D60004023002152F8040BA04208BF42F8041C43
:106D7000013BF7D10348FBF7E1FEBDE8104000F00E
:106D8000C3B900BF8C6701200464002010B512480D
:106D9000FBF7D4FE00F09AF9104B032453F824209B
:106DA0007AB10134402CF9D109F02CF91823036091
:106DB0000948FBF7C3FE00F0A7F94FF0FF34204667
:106DC00010BD4FF0FF3243F824200348FBF7B6FE16
:106DD00000F09AF9F3E700BF8C67012004640020FB
:106DE00010B50446FFF7D2FF002807DB044B054A25
:106DF00043F8204000231354034A135410BD00BF2E
:106E0000046400200C6701204C67012073B506461E
:106E10000191FFF7E5FF051E13DB0199FFF756FE11
:106E2000044630B9084B53F82520964204D143F864
:106E30002500204602B070BD09F0E4F80923036084
:106E4000F7E70024F5E700BF046400200EB42DE945
:106E5000F04187B00190FFF799FF041E13DB002378
:106E60000199039304A8FEF767FD04A8FEF7B2FD9D
:106E70001E4E054668B909F0C5F81323036046F8AD
:106E800024504FF0FF34204607B0BDE8F04103B076
:106E9000704704A8FEF78CFD074604A85FB1FEF713
:106EA00090FD0390039B124A46F8243000231355AB
:106EB000104A1355E7E7FEF772FD05460028DAD0C1
:106EC000036804A8D3F80880FEF75EFD0D9B024618
:106ED00003A92846C04705460028E3D009F092F8E8
:106EE0006D42056046F82470CBE700BF04640020C3
:106EF0000C6701204C67012070B50E461549054608
:106F00000AF0A7FB044618B9FFF732FD204670BD12
:106F1000114928460AF09DFB20B90120FFF728FD02
:106F20000124F3E70D4928460AF093FB20B902201B
:106F3000FFF71EFD0224E9E72B78402B02D1D5F89C
:106F40000140E3E726F480312846BDE87040FFF7B2
:106F50007DBF00BFB87E0700BF7E0700B07E070080
:106F600010B5044620B90F490F489022FFF7C8F822
:106F70004C220021043009F0A9FC4FF23C032360AD
:106F80004FF0005323614FF4802323624FF48013AA
:106F90002364064B1B68636002232372044BE36087
:106FA00010BD00BFC77E0700EE7E070000ED00E0C9
:106FB00078AE010070B50446FEF7D8FB0646FEF732
:106FC000BFFB05463046FEF7BBFB431BA342F9D38C
:106FD00070BD00001FB50023CDE90013031D04465A
:106FE0000293684610230393C9F79EFE206020B9E0
:106FF000034904483522FFF783F804B010BD00BFF1
:10700000FC7E0700217F070010B503490446FFF707
:10701000E1FF204610BD00BF257F07000068C9F7CB
:107020009BBE10B504460068C9F7F4FE204610BDAB
:1070300010B49DF804400CB942F0020200685DF8FB
:10704000044BC9F7B9BE07B5009313460122FFF7F9
:10705000EFFF03B05DF804FBFFF7F5BF07B5009342
:1070600013460022FFF7E4FF03B05DF804FBFFF7CF
:10707000F5BF00001FB5002303620D4B002918BFA8
:107080000B460093031D02931C230446039368469A
:107090000B230193CAF7B6FD206038B9FFF746FA13
:1070A00020B9044904483D22FFF72AF804B010BD76
:1070B000457F07005F7F07007F7F070010B5002135
:1070C0000446FFF7D7FF204610BD000037B5044641
:1070D0004FF0FF310068CAF7ADFD054620B9236ABD
:1070E0000133236203B030BDFFF720FA03460028C6
:1070F000F8D10349034800932A46FFF725FA00BF59
:10710000A37F070015010280036A013B13B50362E8
:107110000068CAF7A7FD044648B1FFF707FA03461F
:1071200028B90090034904482246FFF70DFA02B03F
:1071300010BD00BFB57F07001701028010B50446DF
:107140000068CAF7A7FD204610BD00001FB5044621
:107150000023CDE90033231D104602936A46102315
:107160000393CAF7C3FE206020B9034903483722BE
:10717000FEF7C6FF04B010BDC97F0700ED7F070012
:1071800010B54FF6FF720446FFF7E0FF204610BD32
:1071900013B500680C46CAF7C1FE024670B1C11CA7
:1071A0004FF0000006D15CB100900649064800236C
:1071B000FFF7CAF9931CF7D102B010BD0120FBE71D
:1071C0002046F9E7FC7F0700140102800068CAF737
:1071D000CDBE10B504460068CAF7F6FE204610BDC5
:1071E00008B538B1C9F74EFC20B103490348E32282
:1071F000FEF786FF08BD00BF15800700BF800700AF
:10720000FFF7EEBFCBF776BB036910B504462BB989
:107210000B490C484FF4FD72FEF772FF1B680430F7
:10722000984704F15400FFF751FF002363610123E5
:1072300084F83D3004F14000BDE81040FFF7C6BFC0
:107240006C6507009B6507002DE9F047DDE90857ED
:1072500099466B07044618BF25F0070688469246F4
:107260004FF000014FF0440200F1780014BF0836DF
:107270002E4609F02BFBB5FA85F300215B0984F853
:107280003C30616184F83D10202204F11C0009F0BB
:107290001DFB05EB09039D1B074BC4F830A025F02F
:1072A0000705002F08BF1F46E562A761A662C4F864
:1072B0003480BDE8F08700BFCE80070013B5049C82
:1072C000CDE9003413460A460021FFF7BDFF02B0A6
:1072D00010BD000073B5044600F1540528460E4663
:1072E000FFF7F4FE636913B994F83D3033B12846D3
:1072F000FFF70AFF6FF0030002B070BDD4E90A3057
:10730000002B32D027490023E26AB3EB920F3FD320
:107310004423201D6362B04204F17803236209D044
:107320000190C7F74FFBF36823611BB15B680198BD
:10733000314698471C4804F118022146CBF7AEFAB3
:10734000606150BB94F83C302BB1A06A08B1FFF7E4
:10735000FDFC0023A3622846FFF7D6FE04F140009F
:10736000FFF734FF6FF00200C6E7104B1049984258
:1073700094BF20F003004FF0FF30FFF7E3FCA06262
:107380000028BFD12846FFF7BFFE6FF00400B3E727
:10739000A26A42F823100133B6E72846FFF7B4FE8D
:1073A0000020A9E7A52E5AE209720600FBFFFF7F25
:1073B000A088070070B500F1540504462846FFF781
:1073C00085FE04F140006669FFF700FF002363615A
:1073D00094F83D302BB100242846FFF795FE204657
:1073E00070BD012384F83D30002EF4D03046CBF739
:1073F00097FA0446F0E7000010B50D4B0360044611
:10740000FFF7D8FF94F83C302BB1A06A08B1FFF722
:107410009DFC0023A36204F15400FFF78FFE04F1EA
:107420004000FFF7D6FE201DC7F7CCFA204610BD5E
:10743000F480070010B50446FFF7DEFF2046BC21AC
:10744000FFF782FC204610BD13B50446543001906E
:10745000FFF73CFE6469019814B1A26B246B141B06
:10746000FFF752FE204602B010BD002070470020FA
:107470007047012000217047D0E9060170470000E5
:1074800000487047FC8007002DE9F74F0546D0E91A
:107490000446994604300C9BDDF834B0009317463F
:1074A000FBF7D0FB009B2A68019017EB0308926B57
:1074B000284649EB0B0A9047404571EB0A0103D27D
:1074C000002003B0BDE8F08F019B2A68E419116B1E
:1074D00046EB09063A46E41A28464B4666F1000692
:1074E000884702460B462046314608F0A1FB13436D
:1074F000E6D1009BE4182B6846EB0B0618F1FF322F
:10750000196B28466AF10003884702460B4620465D
:10751000314608F08DFB13430CBF01200020D0E75B
:10752000F0B590F8207085B0DDE90A6C054603914E
:1075300014467FB10768CDE9006CFF6BB84748B1CE
:107540002B690399E218281D334605B0BDE8F040C9
:10755000FBF7B8BB6FF47A6005B0F0BDF0B590F8FA
:10756000207085B0DDE90A6C0546039114467FB1B1
:107570000768CDE9006C3F6CB84748B12B690399A7
:10758000E218281D334605B0BDE8F040FBF7B6BB56
:107590006FF47A6005B0F0BDF7B590F82010DDE922
:1075A00008670546144671B10168CDE90067496C6A
:1075B000884740B12B693246E118281D03B0BDE869
:1075C000F040FBF71DBC6FF47A6003B0F0BD08B566
:1075D00090F8203023B10430FBF730FB002108BDC8
:1075E0001846FBE708B590F820301BB10430FBF7D4
:1075F0002DFB08BD4FF0FF30FBE72DE9F0411E46A3
:1076000003689B6A1446DDE90678054698470246FA
:107610000B462046314608F00BFB134302D00020F6
:10762000BDE8F0812B6828469B6A984702460B46C6
:107630003846414608F0FCFA1343F0D12B68E419B0
:107640009B6B284646EB08069847A042B1412CBFE9
:1076500001200020E4E708B590F820302BB1016943
:107660000430FBF7EDFA002108BD1846FBE708B52A
:1076700090F8203033B1016904301144FBF7E0FA8F
:10768000002108BD1846FBE72DE9F0411E460368BE
:107690005B6A1446DDE906780546984702460B46C4
:1076A0002046314608F0C4FA134302D00020BDE85A
:1076B000F0812B6828465B6A984702460B4638469D
:1076C000414608F0B5FA1343F0D12B68E4199B6BDF
:1076D000284646EB08069847A042B1412CBF01203E
:1076E0000020E4E790F820302DE9F347044603B981
:1076F000436204F1240656E8001F013146E80015F4
:10770000002DF8D101290AD1271D38460191FBF738
:107710009FFA0199054630B13046FEF717FD28461D
:1077200002B0BDE8F087D4E906322069019113EB7D
:1077300000096369384642EB030AFBF785FA804685
:107740003846FBF77FFA4044484575EB0A02019939
:1077500005D23046FEF7FAFC6FF47A65DFE738466B
:10776000D4E904980191FBF76DFA814578F100089E
:107770000199EED3D4E90432134304D13846FBF720
:1077800061FAC4E90405D4E90632134311D138463D
:10779000FBF75AFA06463846FBF754FAD4E90421B7
:1077A00030184FF000035B41821A63EB0103C4E918
:1077B0000623012384F82030B1E790F8203010B57B
:1077C000044613B94362002010BD01212430FEF7A6
:1077D000BDFC0028F7D184F82000201DBDE8104032
:1077E000FBF754BA10B5034B03600446FFF7E5FFFF
:1077F000204610BD8081070010B50446FFF7F2FF58
:1078000020462821FFF7A0FA204610BD13B50C4CE6
:1078100004600024C0E904140131C0E90144C0E956
:10782000062480F82040446200D032B90023054984
:10783000054800941A46FEF787FE02B010BD00BF4F
:1078400080810700058107000101FF802DE9F041DB
:107850000168096B14461D46DDE90678064688472F
:1078600002460B462046294608F0E2F9134302D0AF
:107870000020BDE8F0813368E41945EB0805621E7D
:10788000196B304665F10003884702460B462046D7
:10789000294608F0CDF91343EAD1336830469B6B93
:1078A0009847A042A9412CBF01200020E1E7012018
:1078B0000021704790F838301BB1406803685B6B5B
:1078C00018476FF47A60704790F8383013B1D0E9F8
:1078D00006017047002000217047406803689B6CD8
:1078E000184700002DE9F04F2DED028B08EE101A1D
:1078F00090F8381089B0DDE9148B054616469A4693
:1079000039B96FF47A67384609B0BDEC028BBDE82F
:10791000F08FC16A09B1016B21B96A496A488F22A7
:10792000FEF7EEFB0168CDE9008BC96B88470028A4
:10793000E7D068680368CDE9008B3246D96B5346BF
:107940008847002800F0A280D5E9083216EB08002D
:107950004AEB0B01834272EB010109D2D5E9020126
:107960001B1842EB0102B34272EB0A0280F08E80D8
:1079700068680368CDE9148B5C6918EE101A32460A
:107980005346A44609B0BDEC028BBDE8F04F6047FA
:1079900095F828306BB1D5E908329E427AEB0201A6
:1079A00046D29F1B62EB0A03B84502937BEB0303AD
:1079B00002D24746CDF808B02B690393039A6B694E
:1079C00004933046514608F033F968680590006822
:1079D0000692406907901946134305D1039B04980A
:1079E0009F42029B834157D2039B05989C1A049B9C
:1079F00063EB0109029BA74273EB0903039B38BFAA
:107A0000DDF80890009338BF3C46049B079F019324
:107A1000B21A6AEB0103296BB847296B069B07462C
:107A2000224618EE100A194408F028FF0FB36AE73F
:107A3000D5E902471B1942EB07029E427AEB02028C
:107A4000B7D222463B463046514608F0F1F8A41A18
:107A500067EB0309A0457BEB0903EB6A114638BFCE
:107A6000444618EE100A2246194438BFD94608F099
:107A700005FF18EE103A3619234449EB0A0A08EEBE
:107A8000103AB8EB0404A0466BEB090B58EA0B0361
:107A90007FF47EAF002736E7DDE9032302993846FD
:107AA00008F0C6F8039C079F44434FF0000918EE06
:107AB000101A05980094CDF8049032465346B84702
:107AC0000746B3E7CC8107000982070090F83830F9
:107AD0001BB140680368DB6A18470020002170472B
:107AE00090F8381019B140680168096B0847002008
:107AF0000021704790F8383070B504460BB900206B
:107B000070BD03681B6998470028F9D104F134035C
:107B100053E8002F013A43E800210029F8D1002A58
:107B2000EDD1E06A08B1FFF711F9206B0025E5629D
:107B300008B1FFF70BF960682563036884F83850D3
:107B4000DB68BDE87040184710B5034B036004467E
:107B5000FFF7D0FF204610BD3C82070010B5044659
:107B6000FFF7F2FF20464021FFF7EEF8204610BD58
:107B70000E4A38B500240025C0E900210022C0E9E2
:107B80000245C0E90445C0E90645C0E90845C0E929
:107B90000B2280F82820426380F8382021B904495C
:107BA00004482322FEF7ACFA38BD00BF3C82070030
:107BB000CC81070023820700D0E90623C0E908230F
:107BC000002380F82830704738B5044600F13403AC
:107BD00053E8002F013243E80025002DF8D1012A97
:107BE00029D1606803689B689847054618BB6068A0
:107BF00003685B6A9847C4E90401606803689B6A8C
:107C00009847C4E90201606803689B6B9847E36A80
:107C1000C4E906011BB9A068FFF77EF8E062236B98
:107C20001BB92069FFF778F820632046FFF7C4FFEF
:107C3000012384F83830284638BD0000F7B5C16A02
:107C4000044621B9104911486622FEF759FA90F806
:107C50003830A3B190F82830A3B1D4E90267406866
:107C60000368CDE900679D69D4E90823A847014668
:107C700010B92046FFF7A0FF084603B0F0BD6FF42F
:107C80007A61F9E71946F7E7CC81070027820700F8
:107C900090F8383010B504467BB1C36A23B908495F
:107CA00008488122FEF72CFAFFF7C8FF38B9606850
:107CB0000368BDE810401B6918476FF47A6010BD77
:107CC000CC810700278207002DE9F34190F8381096
:107CD000DDE90878044615461E46F9B10168CDE98C
:107CE0000078496C8847C8B1D4E90813A94273EBFE
:107CF000060208D3E81946EB080288429A4102D3EB
:107D00002046FFF759FF60680368CDE90878D96914
:107D10002A46334602B0BDE8F04108476FF47A6066
:107D200002B0BDE8F0812DE9F34190F83810DDE9AB
:107D30000878044615461E46F9B10168CDE9007879
:107D4000496C8847C8B1D4E90813A94273EB06020D
:107D500008D3E81946EB080288429A4102D320462C
:107D6000FFF72AFF60680368CDE90878196A2A4698
:107D7000334602B0BDE8F04108476FF47A6002B0C4
:107D8000BDE8F0812DE9F04F89B0CDE9032390F8EB
:107D900038300591DDE912780446002B00F0BA80F6
:107DA000C36A23B95D495E48CC22FEF7A9F985680C
:107DB000C3682A46DDE9030107F03AFFD4E9082346
:107DC0006843002B08BF82427BD02046FFF736FF76
:107DD000002876D009B0BDE8F08FD4E902ABDDE928
:107DE000030152465B4607F023FF00236362039BB7
:107DF00000FB0AF9B3EB09030693049BC4F8209037
:107E000063F100030793DDE9063213435ED0039B61
:107E1000BAEB0305049B6BEB030615EB090546F172
:107E20000006AF4278EB060301D23D464646554573
:107E300076EB0B0366D294F82830E16A002B56D01B
:107E4000DDE90513E06A2A46184408F017FDD4F866
:107E50002CB0069B0799D4E902A9581946EB0101F9
:107E600052464B4607F0E4FE13434ED1AA454B461B
:107E7000606879EB060952463CBF33462A460168E2
:107E8000CDE90023D4E90823D1F818905946C84712
:107E900000289FD12046FFF78FFE606803681B69AA
:107EA0009847002896D1059B2B440593039B5B19AB
:107EB0000393049B46EB03037D1B04932F4668EB5F
:107EC000060857EA080388D1002083E7574578EB76
:107ED0000B0309D352465B463846414607F0A8FEDD
:107EE000002600FB0AF5A2E73D464646A3E7606888
:107EF0000268CDE900ABD2F814A04A46D04700286A
:107F00009ED067E7DDF814B0A3E74FF0010384F8D3
:107F10002830C8E76FF47A605CE700BFCC810700C7
:107F20002782070010B50C4671B1087858B1084691
:107F300009F0A1FB802807D80449204609F0B5FBC9
:107F4000B0FA80F0400910BD0020FCE788820700ED
:107F5000036870B59B6B0446984723680646DB6A46
:107F600020460D46984702460B463046294607F004
:107F70005FFE022871F1000134BF4FF0FF30002096
:107F800070BD00002DE9F04F85B00023804602A8A7
:107F9000CDE902338A46FAF75BFE064600285CD13B
:107FA00002A8FAF74FFE054602A8FAF74DFE05446F
:107FB000691E02A80191FAF743FE0199044602A83E
:107FC000FAF73EFE241802A846EB060BFAF736FE37
:107FD0000E235843A04276EB0B0321D22F1B6BEBF1
:107FE0004B09CAE9004B1E4B1E4C1C441E4BE41AA5
:107FF000214602A8FAF724FE00230546601E43F13D
:10800000FF312A4607F014FE00FB0550874279F144
:10801000000319D21549164840F22442FEF770F8C1
:108020002C1A214602A869EB0909FAF709FE470054
:108030003A4620464946334607F0FAFD4743EC1BD3
:10804000B1466BEB0B0BCCE7C8E9007902A8FAF755
:108050001DFE304605B0BDE8F08F064EF9E700BFC3
:10806000748B070070670020006000209482070076
:10807000CD8207001D01FF802DE9F04F002385B060
:10808000CDE902330F460646002800F0A6800029FD
:1080900000F0A38002A8FAF7DBFD0446002840F0B8
:1080A0009E80504B504D1D44504BED1A294602A85E
:1080B000FAF7C6FD814602A8FAF7C4FD804602A879
:1080C000FAF7C2FDD6E9001B10EB080844EB040ADE
:1080D00051EA0B032DD1D7E90032134304D102A892
:1080E000FAF7B2FDC7E90004D7E90013B8EB0101C4
:1080F0006AEB030AC6E9001A02A80191FAF7A0FD8B
:1081000001994FF00008024607464346084651468B
:1081100007F08EFDD6E900237843434508BF82422D
:1081200047D002A8FAF7B2FD314C204605B0BDE8B1
:10813000F08F02A80191FAF783FD0199814602466A
:1081400023460846594607F073FDD6E9005600FB62
:1081500009F0A64208BF8542E3D1D7E9003253EACD
:10816000020109D1B8EB05056AEB0606C7E900561E
:1081700002A8FAF78BFDD8E7ED1846EB0207A845F1
:108180007AEB070ACDD305F1FF38414602A8FAF78A
:1081900057FD6B1E0646024667F100012346404626
:1081A00007F046FD00FB0660A74208BF8542DFD00E
:1081B000B7E702A8FAF76AFD681E4A4648F1FF31A0
:1081C000434607F035FDD6E9002300FB09994A45EF
:1081D00073F10003A9D2074CA7E7074CA5E7074CAA
:1081E000A3E700BF748B07007067002000600020C9
:1081F0000501FF800B01FF800101FF801D01FF8051
:108200001FB5CDE90201694602A8CDE90023FFF7B9
:1082100033FFD8B90E4C2368BFF35B8FDB0702D561
:108220000C4804B010BD2046FEF766FB0028F7D0CE
:10823000009A02990748FFF7E9FA074A07490548F3
:10824000FEF747FB2046FEF779FBE9E70020E8E769
:10825000C4670120F068012000600020E577060077
:1082600073B50D460699CDE900230A4307990B43E0
:108270001A4304460AD0DDE90023DDE90601FFF7D1
:10828000BFFF206048B91B4802B070BD694606A810
:10829000FFF778FE0028EED0F5E703689B68984763
:1082A0000028F0D12068FFF753FE00BB2068036868
:1082B000DB6898470028E6D10F4E3368BFF35B8F29
:1082C000DB070FD43046FEF717FB58B121680B4887
:1082D00000F0D8FA0A4A0B490848FEF7FAFA304685
:1082E000FEF72CFB0548286001F078FBCCE7064838
:1082F000CAE700BF0F01FF80C0670120106801209E
:1083000000600020398706000101FF8037B5104C5E
:1083100000220023CDE90023211D04F10C00FFF70A
:108320009FFF90B9636823606FF00A03A361FAF7B7
:108330002DFC054600F098F838B906492246284633
:1083400003B0BDE8304000F0A9B803B030BD00BFB5
:10835000C8670120F282070038B50D480D4DFAF7C5
:10836000EDFBFEF7B3FE297881B91C220A4808F01C
:10837000ADFAFFF7CBFF044608B901232B70044880
:10838000FAF7DCFBFEF7C0FE204638BD0024F6E716
:10839000E8670120E4670120C86701204B6810B539
:1083A0000C46EBB1986810B10368DB6898476368C6
:1083B000586910B103689B6A98476368586810B1A0
:1083C0000368DB6898476368186810B10368DB6866
:1083D0009847206808B1FEF7B9FC0023C4E90033D0
:1083E00010BD00002DE9F0471E46C36981460F46C7
:1083F000904693B361B1002333600B782F2B02BFFB
:108400000137012333602F21384609F015F960B98F
:10841000D9F80430C8F800304FF0FF343268013228
:10842000224432600020BDE8F087D9F818A0C41BB0
:108430000025AA4502DCF1D10948F4E759F83510C6
:108440002246384609F01FF908B10135F1E709EB7A
:10845000C5004368C8F80030E0E70248E3E700BF22
:108460000701FF800E01FF8038B500F120050446AA
:108470002846FAF763FBFEF729FEE16931B9A161ED
:108480001822204608F022FA0123E3612846FAF771
:1084900055FBFEF739FE002038BD00002DE9F843FA
:1084A00000F12009044648460E461746FAF746FBF7
:1084B000FEF70CFEE369E3B1A569022D1BDC304633
:1084C00009F0D9F80130FEF727FC3146804609F063
:1084D000CAF804EBC50344F8358001355F60A56137
:1084E00000244846FAF72AFBFEF70EFE2046BDE8B8
:1084F000F883024CF5E7024CF3E700BF0E01FF8062
:108500001F01FF802DE9F04100F12008044640469C
:10851000FAF714FBFEF7DAFDE369D3B1264600272C
:10852000A369BB420ADC00250023A3614046FAF799
:1085300005FBFEF7E9FD2846BDE8F08173681D687C
:10854000002DF1D031462046FFF728FF01370836CD
:10855000E6E7014DE8E700BF0E01FF8010B50446D5
:10856000FFF7D0FF204610BDF0B500F1200685B022
:10857000044630460191154600930A9FFAF7DEFA49
:10858000FEF7A4FD2046009B019903AAFFF72AFFEE
:10859000044628B9039B1A682A600FB19B693B60A7
:1085A0003046FAF7CBFAFEF7AFFD204605B0F0BD36
:1085B0002DE9F04186B006460F4690461D46FFF76E
:1085C000CBFE0446C8B9FAF7E1FA04AB009303AA5C
:1085D00005AB3146CDE903440594FFF7C5FF0446DA
:1085E00058B9049A039805990368154000955C6989
:1085F0003A4643463144A0470446204606B0BDE80B
:10860000F0812DE9FF4105460E4617469846FFF7D3
:10861000A3FE0446B0B9FAF7B9FA009403AB02AA74
:108620002946CDE90244FFF79FFF044650B902985E
:1086300003990368CDE9008432469C6929443B468E
:10864000A0470446204604B0BDE8F08130B585B0AF
:108650000546FFF781FE044690B9FAF797FA0094B1
:1086600003AB02AA2946CDE90244FFF77DFF044689
:1086700030B902980399036829441B6A9847044655
:10868000204605B030BD000070B5044686B01546E2
:1086900002B9C3B922680A980090566A03930A4641
:1086A000204605A9B04760B92268039B966A0599E0
:1086B0002A462046B04720B923680599DB6A204640
:1086C000984706B070BD0148FBE700BF0101FF807D
:1086D00013B503684FF0004200925C6900231A460C
:1086E000A04702B010BD70B50446061D3046FEF727
:1086F000EDFC94F86C30B3B1E06D0368DB6898472B
:10870000E06D10B103685B689847E06C08B1FEF754
:108710001DFBD4F8900008B1FEF718FBD4F89800C0
:1087200008B1FEF713FB0025304684F86C50FEF7C5
:10873000EBFC284670BD000038B50546064B45F8F1
:10874000283B0446FFF7CFFF2846FEF7F7FC201D25
:10875000FEF7F4FC204638BD7C84070010B50446C3
:10876000FFF7EAFF2046E021FEF7EEFA204610BDB3
:10877000F8B590F86C3006460D46ABB1071D38468B
:10878000FEF7A4FCA86808B1FEF7E0FA2B682833CE
:10879000002446F823400C212846FEF7D5FA384637
:1087A000FEF7B2FC2046F8BD0048FCE70E01FF8052
:1087B0002DE9F84390F86C3080460E46154663B3B9
:1087C00069B3071D3846FEF781FC4FF0000908F138
:1087D000A00353F8042B22B309F10109B9F1100FDA
:1087E000F7D1154C3846FEF78FFC2046BDE8F883DC
:1087F0002B78EBB1284608F03EFF0130FEF78CFAEB
:108800002946A06008F02FFF0023C4E9009309F176
:10881000280948F829401C46E4E7084CE5E7084CDD
:10882000E3E70C20FEF764FA04463060002DDFD148
:108830000023A360E8E700BF2001FF800E01FF8056
:108840000101FF8030B590FAA0F00D4D11448A422D
:1088500002D190FAA0F030BD12F8013B83EA000487
:1088600004F00F0455F8244084EA101080EA131332
:1088700003F00F0355F8233083EA1010E7E700BF39
:10888000D870070038B5154B044640F8043B0D4638
:10889000FEF714FC04F12800FEF710FC0021C4E9E7
:1088A0001311C4E91515C4E91711C4E91911C4E974
:1088B0002311C4E92511C4E91F11C4E9211184F869
:1088C0006C102167A4F87410A167C4F89C104022B2
:1088D00004F1A00007F0FAFF204638BD7C840700B1
:1088E00037B5846FD518A5420ED800EBC101C46D11
:1088F000C86F25680021CDE9003102440B466D693F
:1089000006992046A84700B1014803B030BD00BF1A
:108910001B01FF8037B500EBC101C46DC86F25682E
:108920000021CDE9003102440B46AD69069920468D
:10893000A847034B002818BF184603B030BD00BF3E
:108940001C01FF802DE9F34700EBC1010446CF6F06
:10895000C06D1D46002317440268CDE90053D1695C
:108960003A4688470646C8B9E06D03685B6B98478E
:10897000013013D1D4F8900020B916491648BB2213
:10898000FDF7BEFBD4F894201AB912491348BC2253
:10899000F6E7FF2107F09AFFB1461DB9304602B055
:1089A000BDE8F087D4F89430E06DD4F89010AB4275
:1089B00028BF2B4698460368CDE900893A46D3F88C
:1089C00018A00023D04718B9A5EB08054744E4E7F1
:1089D0000646E3E7F58207002C8307004183070082
:1089E0002DE9F8430446806D03689B6B984710227D
:1089F0000D460646002104F17C0007F067FF4FF0AA
:108A000000420023B242A84673EB050537463CBF3F
:108A1000174698467F0847EAC87700254FEA580866
:108A2000A06D03682A46196B00238847281841F176
:108A30000001874278EB010101D30546F0E70026EB
:108A4000B146A06D0368AA19196B00238847301836
:108A500041F10001874278EB010101D30646F0E7BE
:108A6000B542C4E91F95C4E9215604D0034904481E
:108A7000F122FDF745FBBDE8F88300BFF582070052
:108A8000558307002DE9F04F2DED028B91B09946EB
:108A90009DF8803006939DF8843005939DF88830CA
:108AA00007939DF88C300893269BDDF87C801A6034
:108AB0000AAB0093182308EE101A07461446FFF776
:108AC0000FFF034620B9684A0A99914206D0674BC6
:108AD000184611B0BDEC028BBDE8F08F2599BDF8AA
:108AE0003460D7F88C500C980860711E17227E29CC
:108AF000B2FBF5F202FB055525440E9AE7D8B118F2
:108B00000391E4D2B86F29448142E0D2904500F24B
:108B1000A6801D99A2EB08028A4228BF0A461E9928
:108B20000A60059921B11AB11C99002900F09980B9
:108B3000B8F1000F20D10AAA14214FF0FF30099399
:108B4000FFF780FE099B0490C34624994FF0FF3243
:108B50000A60039ACAB9B8F1000F03D10F9A0499B9
:108B60008A42B4D1D7F88C202699013DB5FBF2F5A5
:108B700005FB02220A60ABE7464403924FF0FF3246
:108B80003544C34600260492DFE7002E47D0069BFB
:108B9000002B3ED04FF0000309F806303446CA4699
:108BA000234618EE101ACDF800A02A463846FFF7E3
:108BB00097FE034600288BD1B8F1000F07D109902A
:108BC000524604982146FFF73DFE099B0490002E73
:108BD00043D0079A42B122465146484607F040FE2C
:108BE000234A031E18BF1346089A4AB10993249BCF
:108BF000524618682146FFF725FE249B1860099B02
:108C0000361BA14400D14544039A121B039225440C
:108C10009FE7D7E924A4B44228BF3446C0E7C34540
:108C200009D2D7F89420A8EB0B04944228BF14462D
:108C3000D7F890A0B4E7059B2BB11E9B1C6804EBF2
:108C400008035B4506D8D7F89440039B9C4228BF95
:108C50001C46EDE7DDF870A0A2E7A344D4E7054B7E
:108C600036E7054B34E700BF836668540201FF8096
:108C70000701FF800501FF800101FF802DE9F04F12
:108C800093B09946C36C0D9390F86C3004460D4632
:108C90001646002B4CD000F104084046FEF716FAA9
:108CA000DFF890B06A68636D9A4201D3214F34E0D7
:108CB0000D9B03EB021211AB0A9310AB09930FABA0
:108CC000089301210023CDE903310EA9CDE901313B
:108CD000CDE90633059300939268D4F8983094F860
:108CE00070102046FFF7CEFE0746B0B9A968D4F849
:108CF00098A021B1504608F002FD824514D150469B
:108D000008F0B9FC484511D25146304608F0ABFC9A
:108D10006A6801326A60002FC4D14046FEF7F4F958
:108D2000384613B0BDE8F08F5F46F1E7024FF4E735
:108D3000024FF5E70701FF800501FF800E01FF806C
:108D40002DE9F04FC76CDFF890B091B004461046A3
:108D50001E46154608F08FFC2A4601464FF0FF30AC
:108D6000FFF770FDDDF86C800023C8F800000DF1FE
:108D70003C090DF1340A1A9A1360626D9A420ED9B9
:108D8000180107EB03139A683260D8F800103B58BB
:108D9000994203D21A9B1B680133ECE703D90E48B2
:108DA00011B0BDE8F08F0EAB089301210023CDE98F
:108DB00006130CA9CDE90131CDE9043303930093E7
:108DC000CDE909A994F870102B462046FFF75AFE0A
:108DD0005845DFD0E4E700BF0701FF802DE9F04FE1
:108DE00093B00546DDF870900E4692469B46FFF71D
:108DF00099F8002837D005F104084046FEF766F9D7
:108E000010AF11AB009395F8701001970DAB32467F
:108E10002846FFF795FF0446F0B90EAB0A930FAB57
:108E2000CDE908730123CDE904031D9B03930CAB2B
:108E3000CDE90600CDE901B30D9A95F87010CDF893
:108E400000A033462846FFF71DFE0446B9F1000F87
:108E500002D00C9BC9F800304046FEF755F9204679
:108E600013B0BDE8F08F014CF9E700BF0101FF80AE
:108E70002DE9F04393B0054689461646FFF752F8B0
:108E8000002836D005F104084046FEF71FF90FAF61
:108E900010AB009395F8701001970CAB4A4628462A
:108EA000FFF74EFF0446E8B90DAB0A930EABCDE9D0
:108EB000087311AB02934FF0FF33CDE90003CDE906
:108EC0000600CDE9040003900C9A95F870104B460B
:108ED0002846FFF7D7FD044620B91EB10E9B7360EC
:108EE000119B33604046FEF70FF9204613B0BDE8F2
:108EF000F083014CF9E700BF0101FF8038B5D0F8DD
:108F00008C500846144608F0B6FB013C1723B3FB0F
:108F1000F5F302332044B0FBF5F01844684338BD44
:108F200030B585B00024ADF808200122ADF80A2044
:108F3000D0E919252A441A600368009403945C69F7
:108F4000034908230DEB0302A04705B030BD00BF65
:108F5000828307002DE9F843D0E913950135B5F177
:108F6000006F4FEA0518044634BF40464FF0FF300B
:108F70000E46FDF7D1FE42460746002107F0A6FC4B
:108F8000A8F110024946384607F078FCC4E9137589
:108F90004846FDF7DBFE0EB1E36C33600020BDE810
:108FA000F88300002DE9F04395B0C36C0D93456E36
:108FB0003A4F002304460E9343650DF138080DF136
:108FC0004409226E05F11803934205D300200E9B3D
:108FD000236615B0BDE8F08300230122CDE90632F7
:108FE000CDE9042310AE12AACDE901320393009318
:108FF000CDE90998D4F8983094F8701008962A466C
:109000002046FFF73FFD0028E1D113AB0093D4F8D1
:10901000982094F8701001960FAB2046FFF790FE51
:1090200008B1B842D3D1B8420E9E119A24D1002A79
:1090300032DBD4E914329A4203D30DA92046FFF75C
:1090400089FF1399626D0D984B1C1B01521AA3F1F5
:10905000100101441201184407F01EFC636D013336
:109060006365139B0D9A1098190102EB031350507E
:1090700000229D60DA600FE0002A0D98139BF0DA61
:10908000626D013A6265591CD21A00EB011112019E
:1090900000EB031007F000FC354692E70701FF8064
:1090A00030B500F1A005E03055F8044B2CB16368F1
:1090B000934202D921B1013363608542F4D130BDBE
:1090C000013BF9E72DE9F04F97B006460F460292B3
:1090D00098464FF0000904AD5FFA89F10095082326
:1090E000402230460391FFF7FBFB044680BBBDF8EE
:1090F0001030082B33D1BDF81230402B2FD80DF192
:10910000180B02460399CDF800B03046FFF7E8FB94
:109110000446E8B9BDF812A05A4651464FF0FF3058
:10912000FFF790FB059A824219D13FB1029B9A4505
:109130001AD852465946384607F0A0FBB8F1000F3E
:1091400001D0C8F800A0209B13B103CD186059606E
:10915000204617B0BDE8F08F4FF00109BCE7B9F128
:10916000000FF9D0014CF3E7014CF1E70701FF8054
:109170000501FF8030B5051D87B004462846CDE9BE
:1091800004210393FDF7A2FF0020DDE903320599D6
:1091900000902046FFF796FF04462846FDF7B4FFEF
:1091A000204607B030BD00EBC101C06D38B5CC6FB3
:1091B0001D4603681444196B224600238847B4FBFC
:1091C000F0F300FB1344049B2C60001B186038BDB7
:1091D0002DE9F04786B014469DF838901D460026CC
:1091E0000DF1100A25B91EBB002006B0BDE8F087BE
:1091F00005AB2246CDF800A0CDE90201FFF7D3FF71
:10920000049ADDF814C0AA421346DDE9020128BF22
:109210002B46BCF1000F02D0B9F1000F05D00EB9FA
:10922000A4EB0C0704EB020801261C44ED1AD9E755
:10923000A8EB07033A46FFF785FB0028D4D0014886
:10924000D3E700BF1C01FF8090F86C30F7B50446EF
:10925000002B3CD0061D3046FDF738FFD4E919231A
:109260001344D4F88C2001271344002200971146A0
:109270002046FFF7ADFF054618BBD4E91932134469
:10928000D4F88C2000971344394602462046FFF755
:109290009FFF0546A8B9226D636E20670146606591
:1092A00023661201E06CA4F8747007F00FFBB4F8A9
:1092B000742094F8701004F160032046FFF730FE2C
:1092C00005463046FDF720FF284603B0F0BD014DAE
:1092D000FAE700BF0E01FF802DE9F04F8BB00DF1D2
:1092E00010081E46CDF80080182305468A460392D2
:1092F000FFF7F6FA0446002857D1089BD5F88C20D2
:109300005F1EBDF81C304FF0170B1F44BBFBF2F380
:10931000B7FBF2F71F440237AB6F5743BA199A42B3
:1093200066D8CAF101095FFA89F900903B463246D6
:1093300049462846FFF74CFF0446B0BBD5F88C30B1
:10934000BBFBF3FB0BFB03331FFA83FB5A460146BF
:10935000D5F8900007F0BAFAD5F890200AAC434649
:1093600003CBA34210605160984602F10802F6D187
:10937000D5F89030009332465B4649462846FFF7C1
:10938000C9FA044688B9039B5B445E449846A7EB40
:109390000B0BBBF1000F0CD1D5F88C30149A013EA9
:1093A000B6FBF3F606FB0333136020460BB0BDE8B3
:1093B000F08FD5F89470D5F8903000935F4528BFB2
:1093C0005F46BFB23B46424651462846FFF788FA01
:1093D00080B9D5F89030009332463B46494628463E
:1093E000FFF798FA30B9B8443E44ABEB070BD0E72F
:1093F000014CDAE70446D8E70B01FF80F0B595B0E1
:1094000012AB02AF04460D460093482200233946B2
:10941000FFF758FED4E919321344D4F88C20012107
:10942000064600911344294600222046FFF7D0FE4D
:1094300038B936B902460097482329462046FFF737
:1094400069FA15B0F0BD2DE9FF41016FC56CC1F19E
:109450000101C9B20446FFF7D1FFE0B9D4E91932DE
:109460001344CDE9023306460DF10C08636D216FFC
:10947000B34213D8B4F87420039B02930132C1F1B4
:10948000010192B223662167A4F8742002ABC9B22D
:109490002046FFF745FD04B0BDE8F081029FCDF8FE
:1094A0000080AA683B46C9B22046FFF715FF103579
:1094B0000028F0D1039B029345E902700136D5E7FD
:1094C0002DE9F3411D46D0F89C308B4207460C46EF
:1094D00016463ED10AB9002D3BD107F12808404677
:1094E000FDF7F4FD236883B3A36A22692B449342FA
:1094F0002DD8606932462946FFF7A4F900966061CD
:10950000226A97F870102B463846FFF703FA064692
:1095100050B1D4E906137A6E002B08BF91420DD0EA
:109520003846FFF790FF09E0D4E908325B1942F1B1
:109530000002C4E90832A36A2B44A3624046FDF747
:10954000E3FD304602B0BDE8F081034EF6E7034E7E
:10955000F4E7014EF5E700BF0101FF800501FF8040
:109560002DE9F047402A86B005460F4616464ED8EC
:1095700000F104094846FDF7A9FD002300931A46AF
:1095800019462846FFF79EFD002838D008233A46A2
:1095900031464FF0FF30ADF81030ADF81260FFF7F4
:1095A00051F9296F0590C1F10101C9B22846FFF7B1
:1095B00025FF044620BB80460DF1100A5FFA88F1B2
:1095C00000973346002228460391FFF7A3F904468B
:1095D000B0B90399CDF800A0082340222846FFF730
:1095E00099F9044660B9E86D03681B699847044619
:1095F00030B9B8F1000F03D14FF00108DEE7054C98
:109600004846FDF781FD204606B0BDE8F087024CD4
:10961000F9E700BF1C01FF800501FF802DE9F04F35
:10962000D0F89C30D0F84CA08B4291B004468846CC
:1096300040F0D4800B68002B00F0D08000F1280BA4
:109640005846FDF743FDD8F82820D8F810309A4244
:1096500040F0BA80D8F8182094F87010CDF8008047
:1096600018232046FFF756F98146002840F0B480C1
:10967000E06D03681B6998470346002840F0A88006
:10968000D8E90621606E994208BF82421AD14FF094
:1096900000094D460026C8F800605846FDF734FD25
:1096A000D8E90613626EB34208BF914206D015B1E5
:1096B0002046FFF7C8FE201DFDF726FD484611B0E5
:1096C000BDE8F08F0CA902910FAF4FF0FF310EAE45
:1096D0000DADCDE90031CDE90735CDE90533CDE953
:1096E000033394F870100A9709962046FFF7CAF9D9
:1096F0008146002870D1D8F80820D8F82C30002AEC
:109700003BDA626D013A9A42626508D9180100F1AC
:109710001001D21A12015144504407F0BDF8D8F894
:109720002C2000212046FFF7BBFCD4F88C20D8F871
:10973000203008950CA9013BB3FBF2F303FB022296
:109740000023CDE90131CDE90967CDE90633CDE943
:10975000043394F870102266039300932046FFF7B9
:1097600091F98146002892D10090226E94F87010F1
:1097700018232046FFF72CFD8BE798F83420AAB178
:10978000626D9A4209D9581C0001A0F11001D21A49
:1097900012015144504407F07FF8636DD8F82C2033
:1097A0000133636501212046FFF77AFCD8F82C309D
:1097B000D8F830101A010AEB03134AF80210D8E95E
:1097C0000601C3E90201B0E7DFF81890012561E75F
:1097D000DFF8149001255DE701255BE7DFF80C90C9
:1097E0006CE700BF0501FF801C01FF800101FF80C5
:1097F0002DE9F04F89B08846994611460023CDE9FE
:109800000533054617460793FEF78CFB06460028EE
:1098100000F0D380129B23F0004323F00B03002BB6
:1098200040F0CB80D5F89C406549C8F800403846E8
:1098300007F00FFFDFF894B100284CD16B6E84F86D
:109840003400C4E90630D5F88C30C4F800B01722D3
:10985000B2FBF3F202FB0338D4E9062318EB02084B
:1098600043F10003C4E90883069B2363079BE3627B
:10987000544B63600026129BA360A662384607F033
:10988000FAFE22468246A0811421E681C4F8109097
:109890004FF0FF30FEF7D6FF1FFA8AF319463A461B
:1098A00060610393FEF7CEFF039B606195F8701033
:1098B000009742462846FFF72DF8824600286AD0D6
:1098C000D4E90602696EB24208BF88424ED02846EB
:1098D000FFF7B9FD4AE0281DFDF7F8FB23685B455B
:1098E0003ED04A4639462846FFF708FB2B6EAA6F42
:1098F0000344934280460AD92846FFF7A4FD8246D6
:10990000002833D12B6EAA6F434493424FD806AB45
:10991000019307AB009395F8701005AB3A462846C3
:10992000FFF70EFA824638BB059A95F8701000943E
:1099300018232846FEF7D4FF8246B8B9A66816F069
:10994000010637D12A6E84F834600023C4E9062367
:1099500095F87010009328464346FFF739FC72E7EC
:109960002846FFF770FD82460028BAD00022226008
:10997000281DFDF7C9FB16E0134A9042F6D1129B51
:10998000002BF3DBD5E914329A42DBD300212846C1
:10999000FFF7E0FAD6E7D4E90821A089121841F1CF
:1099A0000001C4E90821504609B0BDE8F08FDFF896
:1099B00020A0DBE7DFF81CA0D8E7DFF81CA0F2E767
:1099C00082830700180001000701FF808366685446
:1099D0000B01FF801201FF800101FF802DE9F04F94
:1099E000044600F1040895B04046FDF76FFB94F87B
:1099F0006C5055B1012384F86C304046FDF784FB70
:109A00000025284615B0BDE8F08F102323654FF4DC
:109A10008070FDF781F94FF480722946814606F087
:109A200055FF4FF0FF33A3676565C4F84C904020A5
:109A3000FDF75EF9A16D0546FEF79AF8E565284643
:109A4000FEF7C2F80546002840F0D780A06D0368F5
:109A50009B6A984740280646C4F88C0038BF4020CF
:109A6000C4F89400FDF758F9C4F890008020FDF781
:109A700053F9C4F898003820FDF73AF938222946FE
:109A8000C4F89C0006F022FF4022294604F1A00001
:109A900006F01CFF4FF0470ABAFBF6F303FB06661D
:109AA0000822674966662046FFF728FAA066204626
:109AB000FEF796FFA06D03689B6B9847D4F88C3037
:109AC000BAFBF3FA83460F4608225D4920460AFB9B
:109AD000033AFFF713FA5044834577F1000705D2A4
:109AE0005849594840F22B42FCF70AFB544BDFF827
:109AF00064B10DF1440A2E462F4604F18002A16F95
:109B000052F83620914294BFA167A2670DAA2AF8A5
:109B1000027B0A920EAA09920FAACDE907720122CE
:109B2000CDE9052210AA02920822019212AA0092FF
:109B30003146CDE90377626E2046FEF7A3FF404B26
:109B40000CA960B3584507D00023404900971A4636
:109B5000FCF7FAFC0126D0E702228A55002EF9D044
:109B60009DF83030022B24D19DF83130022B37D1B3
:109B7000002100252046FFF741FC2567A4F874600A
:109B800004F16003324629462046FFF7C9F9002850
:109B90003FF430AF2E4900952B462A46D8E7BDF852
:109BA00048202AF8022C032088552667A4F8742040
:109BB000D4E7032B14D19DF83130032B10D1BDF81D
:109BC0004430BDF846209A4202D31D1E18BF01251D
:109BD00014AB256703EB450535F80C3CA4F874304D
:109BE000A36F23662046FFF7DDF9054600283FF402
:109BF00001AF184B98423FF4FDAE4846FDF7A6F87A
:109C0000E06D10B103685B689847D4F8900008B124
:109C1000FDF79CF8D4F8980008B1FDF797F8D4F850
:109C20009C0010B13821FDF78FF80023C4E92633DA
:109C3000E364E365C4F890304046FDF765FAE0E67A
:109C400082830700F5820700878307001A840700D4
:109C5000428407000201FF804FF08043D3F838347C
:109C600013F0010004D013F0020F14BF02200120F2
:109C70007047704708B5FFF7EFFF012804D0FFF7E2
:109C8000EBFF831E5842584108BD70470123037201
:109C90007047002303727047704700000048704708
:109CA000C085070010B5F4210446FDF74DF82046A5
:109CB00010BD08B50023437203F056FA08B103F053
:109CC000C9FD03F047FA18B1BDE8084003F0E4BD50
:109CD00008BD03F0B1BA70B54C00E4B2054604EB20
:109CE000D11408460C214C4304F11C06A919002686
:109CF00025444E608E60C5E9072303F0B3FAB0FA3D
:109D000080F0400970BD70B54C00E4B2054604EB2C
:109D1000D11408460C214C4304F11C0129440026AF
:109D20002C444E608E60C4E907231BB9636A43F07C
:109D30000103636203F096FAB0FA80F0400970BD47
:109D4000002003F003BB084603F000BB03F099BBFF
:109D500013B514460846019103F0EAFD0198A1B23B
:109D600003F010FA019802B0BDE8104003F054BAB5
:109D700001F07F03082B07B5084603D0019103F0DB
:109D80000BFB019803B05DF804EB03F09FBD0846A0
:109D900003F0F4BA10B508460C4603F0FBFA10B114
:109DA000204603F019FE204603F0F6FA204603F0A1
:109DB0008DFD2046BDE8104003F0BABD084603F013
:109DC00015BC0000036810B59B690446984703F072
:109DD000DBF820B1074908488422FCF791F904F028
:109DE00093F963680BB1FCF789FC044A00236360B4
:109DF000136010BDD0840700308507002069012062
:109E000008B501234372FFF727FF012810D103F0A3
:109E1000A1F908B903F0C8F8FFF71EFF022807D11F
:109E200003F0A2F920B9BDE80840012003F066B9AB
:109E300008BD000038B51E4B802204460D46C3F80D
:109E40008420BFF34F8FBFF36F8F43680BB9FCF7CC
:109E50003FFC6560002004F033F920B15822154919
:109E60001548FCF74DF9154804F06AF9144803F059
:109E70008FF9054608B16422F1E7402103F082F929
:109E80004021802003F07EF90E4B0F4A1C600F4BDF
:109E90000F491D70D2F8303543F00103C2F8303558
:109EA000272000F01FFABDE8384004F04FB900BF8A
:109EB00000E100E0D0840700308507000486070039
:109EC0000DA2060020690120007002401C690120DB
:109ED00071A2060013B50B46F9B9F2B990F9121048
:109EE00000291ADA802003F033FA164B70B1D3F848
:109EF000002242F00402C3F80022134B01221A7020
:109F0000124B8022C3F8042102B010BD01221A6551
:109F1000BFF36F8FBFF34F8FEFE7002400F11C01F9
:109F2000C0E907324462019103F068FA01992046C2
:109F300003F098F90028E7D00549064840F243129B
:109F4000FCF7DEF8007002401C69012000E100E02F
:109F5000D08407003085070010B50B4601BBFAB965
:109F6000018B19B190F91210002919DB002003F0C0
:109F7000EFF9164B68B1D3F8002242F00402C3F89F
:109F80000022134B01221A70124B8022C3F80421C5
:109F900010BD01221A65BFF36F8FBFF34F8FF0E73B
:109FA0000024C0E90A3200F1280104631AB9036BE6
:109FB00043F001030363802003F054F90028E7D045
:109FC0000549064840F27112FCF79AF80070024009
:109FD0001C69012000E100E0D08407003085070003
:109FE000044A0260002242600281827201220274ED
:109FF000704700BF4C85070010B50B4C2368BFF3BA
:10A000005B8FDB070ED42046FCF776FC50B1074887
:10A010000749FFF7E5FF074A0448FCF75AFC2046CA
:10A02000FCF78CFC014810BD18690120246901204F
:10A03000739C06000060002010B5044603F0FCF895
:10A0400003F01CFA064A00238021A372C2F884118F
:10A05000044AC2F8FF3FBFF36F8FBFF34F8F10BDAD
:10A0600000E100E000600340034B8022C3F884213C
:10A070005A6004F06BB800BF00E100E0837A012B66
:10A0800010B504464FD1037B062B1DD8DFE803F043
:10A09000150E04091C3D220040680368DB6901219C
:10A0A0002CE040680368DB69002127E0FFF7C4FF6C
:10A0B000606803689B68984706E0037A23B14068AC
:10A0C000E18903681B6A98470023A372BDE810402A
:10A0D000FFF7CABFC37B002BF6D1807B03F05AF990
:10A0E0000028F1D194F90E206068A17B0368002A52
:10A0F00006DA4A0601D15B69DDE79B6A9847E3E728
:10A1000009B91B69D7E75B6AF8E7802003F064FCB4
:10A11000002003F061FC04F1120003F04DF96068C7
:10A120000368DB68C7E7022B1ED1037C012B0FD02D
:10A13000022B11D0002BC7D1437A002BC4D003F0DF
:10A1400009F808B902F030FF606803689B69A6E768
:10A15000406803689B69A7E703F006F80028B3D1BD
:10A16000012002F0CBFFAFE7032BADD194F9122011
:10A170004068002A0368BEDAC3E70000044B80226F
:10A18000C3F88420BFF34F8FBFF36F8F03F0E5BF99
:10A1900000E100E013B50C46FFF7F0FF402C28BFAC
:10A1A0004024A1B20020019102F0ECFF019980202F
:10A1B00002F0E8FFFFF758FF204602B010BD37B5A8
:10A1C000154604460191FFF7D9FF082D2A4601984C
:10A1D00028BF082204F1120106F050FB03B0BDE8CD
:10A1E0003040FFF741BF000010B50446FFF7C6FF3F
:10A1F000054B22681B685868DA6001229A7203686E
:10A20000BDE81040DB6A184720690120024B1B683B
:10A210000BB1FFF7E9BF70472069012010B5044674
:10A22000FFF7ACFF054B1B6858681C7402229A723A
:10A230000368BDE81040DB6A184700BF20690120B1
:10A24000024B1B680BB1FFF7E9BF70472069012083
:10A2500010B5FFF793FF054B1B68586803229A72ED
:10A260000368BDE81040DB6A184700BF2069012081
:10A2700010B5074C237833B1064B1B680BB1FFF7C1
:10A28000E7FF00232370BDE8104003F0EDB900BFE5
:10A290001C690120206901200749084A084B9B1AC4
:10A2A00003DD043BC858D050FBDC06488047064815
:10A2B0008047064800470000748B070000600020BC
:10A2C0007067002021A3060035B00600417102002E
:10A2D000FEE7FEE7FEE7FEE7FEE7FEE7FEE7FEE756
:10A2E000FEE7FEE7024B103043F82010704700BF36
:10A2F00000000020024B103053F82000704700BFD0
:10A30000000000204FF08053D3F83021082A03BF0B
:10A31000D3F83401B0FA80F0400900207047000003
:10A3200008B5FFF7EFFF40B14FF080430022C3F8BC
:10A330000C21C3F81021C3F83825FFF7E3FF0028EC
:10A3400046D04FF08052674BD2F80414C3F8201562
:10A35000D2F80814C3F82415D2F80C14C3F8281541
:10A36000D2F81014C3F82C15D2F81414C3F8301511
:10A37000D2F81814C3F83415D2F81C14C3F84015D9
:10A38000D2F82014C3F84415D2F82414C3F84815A1
:10A39000D2F82814C3F84C15D2F82C14C3F8501571
:10A3A000D2F83014C3F85415D2F83414C3F8601539
:10A3B000D2F83814C3F86415D2F83C14C3F8681501
:10A3C000D2F84014C3F86C15D2F84424C3F87025B1
:10A3D000FFF798FF18B1444B444AC3F88C26FFF7A7
:10A3E00091FF18B1424BFB22C3F81825FFF78AFFF3
:10A3F00070B14FF080414FF08053D1F8E42ED3F884
:10A40000583222F00F0203F00F031343C1F8E43E69
:10A41000FFF778FF20B1374B4FF40072C3F84026A6
:10A42000FFF770FF48B14FF08043D3F80024D20704
:10A4300044BF6FF00102C3F800242F4AD2F88830DD
:10A4400043F47003C2F88830BFF34F8FBFF36F8FB0
:10A450004FF01023D3F80022002A03DBD3F8043294
:10A46000002B2EDA254B0122C3F80425D3F8002453
:10A47000002AFBD04FF010221221C2F80012D3F8AC
:10A480000024002AFBD04FF010231222C3F804222C
:10A490001A4BD3F80024002AFBD00022C3F804256D
:10A4A000D3F80024002AFBD0BFF34F8F1249144B7E
:10A4B000CA6802F4E0621343CB60BFF34F8F00BF62
:10A4C000FDE7104B104A1A604FF080430122002133
:10A4D000C3F81825C3F804119A60D3F80421002AA0
:10A4E000FBD008BD00C00040005000404881030080
:10A4F00000F000400090024000ED00E000E001406C
:10A500000400FA05086500200090D0030F4BD3F833
:10A51000042182B052B10022C3F80421D3F80421EF
:10A520000B490192019A0A6801320A60D3F844216A
:10A53000084B0AB91A7832B11A780AB100221A7097
:10A5400002B0FAF7E7BE02B0704700BF001001404A
:10A550001C6A0120186A0120F0B5244F3A7885B0B2
:10A560006AB1234B0022C3F84421D3F8442101925D
:10A57000019A4FF40032C3F8082305B0F0BD4FF044
:10A580008043C3F8042101229A60D3F80421002AF1
:10A59000FBD0174C17490025012665601120666025
:10A5A000FFF7A0FEC4F80855C4F84451D4F844316C
:10A5B0000393039BC4F80451D4F804310293029B23
:10A5C0004FF00213C4F848330223C4F804330A4B93
:10A5D0004FF400324021C4F8082383F81113C3F864
:10A5E00080211A6026603E70C7E700BF196A01200B
:10A5F000001001400DA5060000E100E0084A01231B
:10A6000053604FF40033C2F80833064AC2F8803072
:10A61000BFF34F8FBFF36F8F034B00221A70704749
:10A620000010014000E100E0196A012073B5044602
:10A630000E461546FBF70EFE114B24F07F40D3F873
:10A640000445A04204D0013424F07F44844202D166
:10A65000023020F07F4006F5A87643F82600D3F8B4
:10A6600004232A4007D1C3F84421D3F8442101929E
:10A67000019AC3F8045302B0BDE87040FBF700BE76
:10A6800000100140024803780BB101F0DDBB7047B8
:10A690000C650020024B012200201A7001F0E2BB81
:10A6A0000C650020024B1878B0FA80F04009704722
:10A6B0000C65002008B50B4B1878002288B10A48B9
:10A6C0001A704FF08051C2604B6909694B430749CA
:10A6D0000361C0E9012202F072F8003818BF0120BE
:10A6E000404208BD0D65002048670020B88707007C
:10A6F000002070472DE9F0410E4604F037FDDFF8E9
:10A7000034800B4F0546002301223146404602F0BB
:10A7100092F8044604F02AFD401BB84201D8042CEC
:10A72000F1D0201E18BF01204042BDE8F08100BFDB
:10A730003F0D0300486700202DE9FF470E465AB33E
:10A7400023F00303DFF85890DFF858A0171F5D18B7
:10A750000E24AE4206D1201E18BF0120404204B094
:10A76000BDE8F08757F8043F039304F0FFFC8046F0
:10A770000023009303AA04233146484602F02DF833
:10A78000044604F0F3FCA0EB0800504501D8042C6B
:10A79000EED00436002CDCD04FF0FF30DFE700BFF6
:10A7A000486700203F0D0300024BD3E90330C01A75
:10A7B000704700BF48670020064BDA688A4205D818
:10A7C0001A698A4202D95B68186870474FF0FF30F7
:10A7D000704700BF48670020042070470020704782
:10A7E000FF2070471F288BBF00F01F0303461A4A43
:10A7F0004FF0A04203F5E07330B452F82330174A0B
:10A80000C3F30143032BD2E90035C0F12004A0F1CA
:10A81000200223FA00F305FA04F443EA040325FABC
:10A8200002F243EA02030CBF01210221DB0710D52B
:10A830000B4B01291B5C09D113F0400F09D0094BC8
:10A84000094A1B6852F8200030BC184713F0200F4B
:10A85000F4E730BC704700BF00030050186B0120C4
:10A86000E06A0120206B0120206A0120114930B4E8
:10A87000D1E90025C0F1200405FA04F4A0F120017B
:10A88000C240224325FA01F10A43D40703460ED5FC
:10A89000094A115CC1F30012890703D51AB930BC0B
:10A8A00003F09EB91AB130BC184603F0EBBA30BCC5
:10A8B000704700BF106B0120E06A01202DE9F347CB
:10A8C000DFF82481444F18F8003004460126A4F133
:10A8D0002005C4F1200106FA05F526FA01F1C3F3BB
:10A8E000001013F0010F024645EA010506FA04F6CE
:10A8F000A4F1200AC4F1200901D1002865D018F87C
:10A9000004309B07214601D5002A44D00023ADF82E
:10A91000053003238DF8043018F80430C3F38100A8
:10A92000012801D0032801D18DF8050022B32B4A5C
:10A9300001A9204603F0BAF9294AD2E9003202FA05
:10A9400009F9E34043EA090322FA0AF21343D9075B
:10A9500009D518F804305A0601D49B0603D5012105
:10A96000204603F023FAD7E9002316431D43C7E925
:10A97000006502B0BDE8F0871F2C9DF8053086BF4A
:10A98000184A04F01F014FF0A04201F5E0719B004E
:10A9900042F82130E7E71F2C88BF124BADF80420A6
:10A9A00094BF4FF0A04304F01F02D3F804358DF894
:10A9B000060098BF2246D34003F0010301A92046B8
:10A9C0008DF8053003F0A2F8CDE7D7E9002322EA9D
:10A9D000060623EA0505CAE7106B0120E5A7060075
:10A9E000186B012000030050E06A01204B1C10B5D9
:10A9F0000446017014D0C9B22F2904D909490A4864
:10AA00005422FBF77DFB09490620FFF76BFC03F09E
:10AA10003DF8074994F900208B5C43F001038B5407
:10AA200010BD00BF088607004D860700F9DE06004E
:10AA3000E06A012008B590F90030591C04D1104992
:10AA400010485F22FBF75CFB0F4AD25C92070CD5E3
:10AA50001F2B8ABF0D4A4FF0A04203F01F03D2F80C
:10AA60000405D84000F0010008BD1F2B8ABF074A2B
:10AA70004FF0A04203F01F03D2F81005F1E700BF2A
:10AA800008860700C1410700E06A0120000300506A
:10AA900038B5044690F90000431C0D4604D10A491C
:10AAA0000A48AC22FBF72CFBC0B2FFF7DFFE94F99B
:10AAB0000000074B1A5C65F383021A54BDE8384066
:10AAC000C0B2FFF7FBBE00BF08860700C141070008
:10AAD000E06A012038B5044690F90000431C0D4699
:10AAE00004D10A490A48B722FBF70AFBC0B2FFF7B4
:10AAF000BDFE94F90000074B1A5C65F341021A543D
:10AB0000BDE83840C0B2FFF7D9BE00BF08860700D5
:10AB1000C1410700E06A012000280CDB4309064917
:10AB200000F01F0020330122824041F82320BFF3B0
:10AB30004F8FBFF36F8F704700E100E00023435059
:10AB400082B043580193019B02B070470378012BF8
:10AB500010D0022B10D0002B14BF02230823CA6987
:10AB60000B6213420AD08B6943B100228A61012231
:10AB70000A7518470423F2E71023F0E77047000036
:10AB8000F0B50668044689B0304600F0A3F9844267
:10AB900005D12369022B02D1237D002B3BD02E4D02
:10ABA0002146304600F08EF90223236155F83630F5
:10ABB000D3F80035F70053B194F824306BB327482D
:10ABC0003844019004F03AF9019804F0CFF8244B8E
:10ABD00053F8260040F30730FFF79EFF94F8253026
:10ABE00094F9050094F90410FBB194F826301B4C3D
:10ABF000069100225B083C44CDE90420039303A99D
:10AC000007232046ADF81C208DF81E3004F026F8EE
:10AC1000204604F0DFF809B0F0BDE819019003F018
:10AC2000F1FD019803F008FED1E7A368059307231F
:10AC3000ADF81830A369CDE903013D444BB1094A91
:10AC4000234603A9284603F045FD284603F0CAFD24
:10AC5000E1E71A46F5E700BFD4860700EC86070057
:10AC6000E48607004DAB060070B50E461546044657
:10AC700004F074FA184B0268B3FBF2F3174A294642
:10AC80003046136000F030F9012804DD14491548FE
:10AC90007E22FBF735FA00234FF0CC72C4E9022381
:10ACA00001222275104A206011782671C4E906330A
:10ACB000657123612362A38484F8263051B10B4966
:10ACC00013700320FFF70EFBBDE870400849042015
:10ACD000FFF708BB70BD00BF40420F0010650020A9
:10ACE0006C860700B08607000E650020CDEF0600D9
:10ACF000D9EF060090F8253063B9084B99420ADD78
:10AD0000074B9942D4BF4FF080614FF0CD610123D2
:10AD10008160037570474FF0CC71F8E78FD0030066
:10AD20007F1A06000268114B2DE9F04153F82250BA
:10AD30000F4F4FF4827104462846FFF7FFFE0123B0
:10AD40006B6104F013FA3B6842F20F7803FB00F6E4
:10AD5000D5F8043133B904F009FA3B6843439B1B2F
:10AD60004345F5D90020E060BDE8F081E4860700A6
:10AD700010650020F7B51C46012303750768019292
:10AD80000E46FFF7FDFE0848019A2346C6F3470129
:10AD900000EBC70003F01AFE00280CBF20464FF05E
:10ADA000FF3003B0F0BD00BFD4860700F0B51D46EC
:10ADB00085B001230375076803920E46FFF7E0FE96
:10ADC0000A9C0A48039AB4FA84F4640900942B4656
:10ADD000C6F3470100EBC70003F0E0FD00280CBFFD
:10ADE00028464FF0FF3005B0F0BD00BFD486070005
:10ADF000C368003918BF01214BB190F8253080F8A5
:10AE00002430012380F825100375FFF7B9BE0B46E7
:10AE1000F5E7000010B50368064C04EBC3042046B8
:10AE200004F078F818B9204604F064F810BD032047
:10AE3000FCE700BFEC86070073B506680D4D05EB17
:10AE4000C6042046CDE9001204F064F8DDE90012E2
:10AE50000028F6D0204604F029F8204604F07AF8BD
:10AE60000028FAD155F83630D3F83C05C0B202B00C
:10AE700070BD00BFEC86070073B506680D4D05EB8D
:10AE8000C6042046CDE9001204F034F8DDE90012D2
:10AE90000028F6D0204603F0E5FF204604F04AF8EB
:10AEA0000028FAD155F83630D3F84C05C0B202B0BC
:10AEB00070BD00BFEC8607000121017580F82620D7
:10AEC000FFF75EBE0228DCBF014B43F8201070473D
:10AED000246B01200228DABF024B53F820004FF008
:10AEE000FF307047246B01202A4B70B500220446C6
:10AEF000184693F900506E1C03D193F90160013696
:10AF000012D0A5422BD193F901508D4227D100EBED
:10AF1000C200214D406800EB4002AB18AC54FF2248
:10AF200059709A70431C19D11B4A92F9000084424F
:10AF300007D192F901308B4203D192F902300133EB
:10AF400026D092F903309C420CD192F904508D42E4
:10AF500008D192F90550013504D1012070BD0132AC
:10AF60000833C6E75578284095782840FF280DD04B
:10AF70001079034050790340FF2B09D1012303EBE3
:10AF800043001518145469701846E7E70023F6E7E4
:10AF90000020E3E7C084070014650020234B70B550
:10AFA00000220446184693F90060751C13D093F9EB
:10AFB0000150B5F1FF3F0ED0A6421FD18D421DD1E9
:10AFC00000EBC2001A4B406803F8104003EB40034B
:10AFD000461C597016D1164A92F90000844203D1DA
:10AFE00092F901308B420CD092F902309C420AD186
:10AFF00092F903508D4206D1012003E0013208335B
:10B00000D1E7002070BD55782840FF280BD0D078BC
:10B010000340FF2BF0D1012302F8134002EB43025F
:10B0200018465170EEE70023F6E700BFC88407001A
:10B030001D65002008B5054B05494FF48072184680
:10B0400005F01CFC034A906008BD00BF0000002012
:10B050000070020000ED00E000F0C6BD0023435088
:10B0600082B043580193019B02B070472822074BDE
:10B0700050431A181B58002151741A6A22B1586A99
:10B08000800701D5D8691047704700BF986B012031
:10B09000074B282250431A18002151731B581A6A73
:10B0A0002AB1596AC90702D5D869012110477047EA
:10B0B000986B0120084B282250431A180021D173A5
:10B0C00051731B581A6B2AB1596B490702D50421D9
:10B0D00099631047704700BF986B012008B5174B64
:10B0E0001A7832B100201870154BDB7BF3B1FFF7F3
:10B0F000E1FF144B1A781AB100201870FFF7B6FF61
:10B10000114B1A7842B100221A700D4B93F8373068
:10B1100001207BB1FFF7CEFF0C4B1A786AB10022F9
:10B120001A70BDE808400120FFF7A0BF1846FFF7DE
:10B13000AFFFDEE7FFF7ACFFEEE708BDEA6B0120EB
:10B14000986B0120E86B0120EB6B0120E96B01207B
:10B1500008B5114B024653F82000104BC0F80833D5
:10B160004FF4A671FFF77AFF4FF48871FFF776FF6F
:10B17000D0F8003223F02003C0F80032084B282119
:10B1800001FB023301221A74002283F824201023C9
:10B19000C0F8043308BD00BF9C87070010000800FA
:10B1A000986B0120184B2DE9F04153F82080174E81
:10B1B000174FC8F80873282303FB00F4351904342B
:10B1C000686900F098FE2023AB614FF4A6714046F9
:10B1D000FFF744FF4FF48871FFF740FFD8F80032C3
:10B1E00043F02003C8F80032002326440122AB7448
:10B1F000C8F834652B74C8F8382585F82430C8F8A9
:10B200000473BDE8F08100BF9C870700986B0120A4
:10B210001000080040B9074B01221A70064B4FF48A
:10B220008012C3F8002170470128FCD1034B18702D
:10B23000F4E700BFEA6B012000E100E0EB6B0120C6
:10B240002DE9F74FDFF84481044658F82000D0F884
:10B250001031EBB14FF48871FFF700FFDFF81CA14C
:10B26000282363430AEB030B9BF81060002E43D0A6
:10B2700000228BF810208BF80E205AF80330D3E907
:10B280000F212AB1C80503D54FF480715964904746
:10B2900058F82450D5F84C31FBB1D5F81031E3B94A
:10B2A0004FF4A6712846FFF7D9FE344A282363439A
:10B2B000191D1344987C80F001000144186A0A4467
:10B2C000C5F83425411C4FF00102C5F8382504D0DB
:10B2D000996903294CD902F0D9FCD5F82031002B0B
:10B2E00049D028464FF49071FFF7B8FE204603B0CE
:10B2F000BDE8F04FFFF78EBF9BF81250D0F83C9599
:10B3000085F001028BF81220B9F1000FC0D01D4466
:10B3100003F11807043557445544DBF8140001A91C
:10B3200000F00BFE88B115F8013B0370DBF8140048
:10B3300001A900F02CFE57E8002F013A47E800234E
:10B34000002BF8D10136B145E7D1282303FB04A334
:10B350005A7C002A9CD101225A744FF48011084B68
:10B3600024B908480270C3F8001191E70648F9E7CC
:10B3700083F82420B1E703B0BDE8F08F986B01207B
:10B3800000E100E0E86B0120E96B01209C870700E9
:10B390000120FFF755BF0020FFF752BF2DE9F34111
:10B3A000044628B95749584840F24222FAF7A8FE05
:10B3B00041684D1C10D01F2987BF544A01F01F035C
:10B3C0000B464FF0A0420120984003F5E073C2F80D
:10B3D0000805032042F82300A268501C0CD01F2A45
:10B3E0008BBF02F01F03134648484FF0A04003F5FF
:10B3F000E073002540F823502368454E56F823009B
:10B40000C0F80C15C0F81425227D012A15D1E26878
:10B41000511C0CD01F2A8BBF02F01F0111463B4D5F
:10B420004FF0A04501F5E071002745F821704FF07D
:10B43000FF31C0F80815C0F81025364D21692827BE
:10B4400007FB03531A6A91424ED0187F02F040FF67
:10B4500020B140F26F222B492F48A7E7236807FB52
:10B4600003531B6A013302D0206902F0B9FB206943
:10B47000431C33D0294902F049FB082806D1206932
:10B4800002F0AEFB2549206902F040FB10B140F20A
:10B490008622E0E72368206956F82310282707FB57
:10B4A000035201F5887192F81C80019102F0E0FBD3
:10B4B00001990246404602F0D5FE10B14FF42372C6
:10B4C000C9E7236807FB0353187F02F0EBFE10B1B6
:10B4D00040F28F22BFE7206902F0B8FB23682822E0
:10B4E00002FB035523692B622368217D56F8232034
:10B4F000637D0B43C2F86C35A369C2F8243502B0F2
:10B50000BDE8F081FC860700438707000003005078
:10B510009C870700986B01203085070096870700FD
:10B5200070B5044628B91A491A484FF43C72FAF724
:10B53000E7FD0568184E28236B43F218F358834241
:10B5400002D193F82C1081B12046FFF727FF282362
:10B550006B432846F450002384F82C3094F82D30A7
:10B560004BB1BDE87040FFF7F3BD93F82D30127C6E
:10B570004BB93AB12846FFF715FE084B53F8253072
:10B5800001221A6070BD002AFCD12846E9E700BFFD
:10B59000FC86070043870700986B01209C87070003
:10B5A0002DE9F84F88461746044628B957495848A8
:10B5B00040F23732FAF7A4FD564B574D1A78002A5D
:10B5C0005ED000221A7002F097FA08B902F05EFA13
:10B5D000524E53491420FEF785FEE02386F81433BB
:10B5E0004FF48013C6F880313360DFF86C914D4919
:10B5F00001232122484600F06BFC0023C5F814907B
:10B6000049482B6002F000FE814620B14FF456728B
:10B610003E494648CEE7464B46494FF0FF3AC5F80B
:10B6200020A00220C3F808A3FEF75CFE042386F8DE
:10B630000293C6F880313360DFF820B13E49012320
:10B640002122584600F044FCC5F828903B48C5F834
:10B650003CB002F0D9FD814610B140F26E32D7E71E
:10B66000374BC5F848A03749C3F808A32820FEF790
:10B6700039FE4FF4807386F82893C6F884317360DE
:10B6800039464046FFF78AFC28234343EA182060E6
:10B6900096680136012E96601ED12B4A52F8200082
:10B6A0000822C0F800250C334FF0FF32C0F80C25FB
:10B6B0001D44C0F814254FF08052C0F824254FF4E3
:10B6C0009071C0F84455C0F84865FFF7C7FC866024
:10B6D000D0F81C31002BFBD01C4BA3614FF0FF3383
:10B6E000C4E903330023A3822362194B9C4208BFA1
:10B6F000184A4FF00103C4E9018708BF136084F8BA
:10B700002C302046BDE8F84FFFF70ABFFC86070043
:10B710004387070021650020986B012000E100E0CD
:10B72000DDB00600306B0120B46B012030850700CE
:10B730000020004097B30600646B0120DC6B012001
:10B740000080024091B306009C870700005027004C
:10B75000EC6B0120586C0120546B0120886B012098
:10B7600008B528B9134914484FF47572FAF7C8FCA4
:10B7700002681249282303FB02118B6883B1013B45
:10B780008B606BB90E4951F82210C1F800350121C8
:10B790003AB90C4BC3F8FC2FD3F8FC2FC3F8FC1FAD
:10B7A00008BD094AC2F8FC3FD2F8FC3FC2F8FC1FB2
:10B7B000F6E700BFFC86070043870700986B01206F
:10B7C0009C870700002000400080024008B528B98F
:10B7D0003449354840F20242FAF792FCB1F5166F4F
:10B7E00039DBB1F5965F39DBB1F5165F39DBB1F5C1
:10B7F000615F38DBB1F5964F37DBB1F5E14F36DBF2
:10B8000047F61123994234DDB1F5164F33DBB1F51C
:10B81000614F33DBB1F5963F33DBB1F5E13F33DB0D
:10B82000B1F5613F32DB214B994232DDB1F5E12FB9
:10B8300032DBB1F5612F32DB1D4B9942D4BF4FF0A3
:10B8400070614FF0805183698B421EBF012381617B
:10B8500080F82C3008BD4FF49E21F4E74FF41D21F1
:10B86000F1E71449EFE71449EDE71449EBE7144910
:10B87000E9E71449E7E74FF40001E4E74FF41D015D
:10B88000E1E74FF46B01DEE70F49DCE74FF0EB71C6
:10B89000D9E74FF06C71D6E74FF08061D3E74FF0F6
:10B8A000E861D0E7FC860700438707008FD00300DC
:10B8B0003F420F0000B013000050270000F03A0094
:10B8C00000A04E0000C0750000903A0108B528B9EC
:10B8D0001549164840F24242FAF712FC082904D0F2
:10B8E0001149134840F24742F6E712F0FD0F04D029
:10B8F0000D4910484FF48962EEE7012B04D00A4944
:10B900000D4840F24942E7E7417D31B11AB942752D
:10B9100080F82C3008BD0E29FCD0022AFAD10E2363
:10B9200043750123F4E700BFFC8607004387070047
:10B9300047870700568707008787070008B528B99B
:10B940000F49104840F26A42FAF7DAFBB3F1FF3FC1
:10B9500003D0012908BF4FF0FF33C360531C03D04D
:10B96000022908BF4FF0FF32003918BF012101231F
:10B97000017580F82C300261BDE80840FFF7D0BDAA
:10B98000FC8607004387070008B528B90449054825
:10B9900040F2D642FAF7B4FBC0E9072108BD00BF68
:10B9A000FC86070043870700F8B50E4628B9114901
:10B9B000114840F2EB42FAF7A3FB01290768446AF9
:10B9C0000CBF0125022582B125434562FFF7A8FD82
:10B9D000012E0DD1094B53F82730D3F81C313BB160
:10B9E0003846BDE8F840FFF715BC24EA0504446278
:10B9F000F8BD00BFFC860700438707009C8707004F
:10BA0000F7B528B91C491D4840F21452FAF778FBE3
:10BA1000002207681A4C80F82D20FFF781FD2823AB
:10BA200003FB07435D696A89EB8892B29BB29A4235
:10BA3000F9D001A9284600F0BAFA01A9064628461D
:10BA400000F0E0FA282303FB0743183353E8001FF4
:10BA5000013143E80012002AF8D1282303FB0744F0
:10BA600094F8243023B1206A84F8242002F00EF9DF
:10BA7000307803B0F0BD00BFFC86070043870700A5
:10BA8000986B012038B50D4628B91549154840F284
:10BA90004552FAF735FB0468FFF742FD124B53F8A5
:10BAA0002400D0F81C31002BFBD04FF48E71FFF72F
:10BAB000D5FA28220D4B54431A190C34234415731C
:10BAC0000122C0F844354FF49071C0F84825FFF7C3
:10BAD000C5FA4FF48073C0F80433826038BD00BFEC
:10BAE000FC860700438707009C870700986B0120AE
:10BAF00010B528B90B490C4840F26D52FAF700FB1B
:10BB0000002280F82D200468FFF70AFD074B282249
:10BB100002FB04335B695889DB88C01A18BF012017
:10BB200010BD00BFFC86070043870700986B01200B
:10BB300008B528B90C490D4840F28A52FAF7E0FAE4
:10BB400002680B4B282101FB02335B7BDBB243B95C
:10BB5000084B53F82230D3F81C01003818BF0120DD
:10BB600008BD0020FCE700BFFC86070043870700F4
:10BB7000986B01209C8707000E4B1A6942F0100257
:10BB80001A61F1EE102A22F09F02E1EE102AF1EE86
:10BB9000102A094A4021C2F884114FF08042012145
:10BBA000D16740BF20BF5A68044B134003B920BF80
:10BBB000704700BF00ED00E000E100E03FF0439E71
:10BBC000074808B5037813B1064B01225A60FFF706
:10BBD000D3FF037813B1034B01221A6008BD00BFE5
:10BBE0005C6C0120009000407047000000487047E6
:10BBF000A487070073B5224E224C327862B100232D
:10BC0000C4F84031D4F840310093009B4FF48033A6
:10BC1000C4F8083302B070BD01254FF4803365606D
:10BC2000C4F80833D4F80435174923F00303C4F8E3
:10BC30000435D4F8103523F00F0343F00403C4F89F
:10BC40001035D4F8083543F00303C4F80835C4F8B8
:10BC50004025C4F84021D4F8403101930920019BCC
:10BC6000FEF740FB094B402283F809234FF4007292
:10BC7000C3F880211A60256065643570CAE700BF8B
:10BC80005C6C0120009000407557060000E100E068
:10BC9000024B01225A64D3F84405704700900040DB
:10BCA00013B50446FAF7D6FA0B4BC3F84045D3F860
:10BCB000042312F4803209D1C3F84021D3F8402183
:10BCC0000192019A4FF48032C3F8042302B0BDE818
:10BCD0001040FAF7D5BA00BF00900040024B4FF475
:10BCE0000072C3F80021704700E100E0024B4FF4FE
:10BCF0008032C3F80823704700900040054B0022B3
:10BD000082B0C3F84021D3F840310193019B02B0C7
:10BD1000704700BF009000400A4B01225A601A6130
:10BD20004FF48032C3F80823074B4FF40072C3F876
:10BD30008020BFF34F8FBFF36F8F044B00221A7028
:10BD4000704700BF0090004000E100E05C6C012003
:10BD5000014B436000207047AC87070008467047DE
:10BD600000207047024B1868003818BF0120704748
:10BD7000606C012008B5024800F0A7F8002008BD5B
:10BD8000606C012008B510461A4604F077FD0020CB
:10BD900008BD0000F0B589B00746124801920E4672
:10BDA0001D4600F08FF80446D0B90199AA08304624
:10BDB00003F0B4F90B4800F088F8BF686FB11022A7
:10BDC000214602A804F082FD01238DF808300E9B65
:10BDD00004960695079302A8B847204609B0F0BD1F
:10BDE0001124FAE7606C01202DE9F043814687B009
:10BDF00014480E461546984600F064F80446F8B913
:10BE00000746BD4216D10F4800F05FF8D9F8087018
:10BE100067B110220021684604F058FD0223CDE9E5
:10BE200004588DF8003002966846B847204607B09F
:10BE3000BDE8F08306EB073003F058F90137E0E77F
:10BE40001124F3E7606C012072B6054A1378191EBD
:10BE500018BF01210133017013700020704700BF2B
:10BE6000646C0120044B1A7818B1013A1A70002052
:10BE70007047187062B6FAE7646C012010B503468B
:10BE800053E8000F40EA010243E8002494F0000F59
:10BE9000F6D110BD10B5034653E8002F02EA0100A9
:10BEA00043E8000494F0000FF6D110BD10B503462E
:10BEB00053E8002FA2EB010043E8000494F0000FC8
:10BEC000F6D110BD0121FFF7D9BF0021FFF7E2BF76
:10BED00010B561B1B2FBF3F403FB1424A4B244B96E
:10BEE000C0E9001484608281C381204610BD0E2009
:10BEF000FCE70920FAE782B050E8022FC188B2EBD4
:10BF0000324F4FF0000317BF92B241EA014142EABB
:10BF1000014104E04268B2EB324F08BF012340E820
:10BF20000212002AE8D18DF807309DF80730002B67
:10BF30000CBF1120002002B0704737B550E8013F18
:10BF40009DB2C48925448489A54228BF2D1B04893C
:10BF5000A54202BFBFF32F8F002207E0C5EA030509
:10BF600040E80154002CE9D14FF001028DF8032084
:10BF70000193019A0A609DF8031001F0FF0321B1BB
:10BF8000006810FA82F003B030BD1846FBE70A885B
:10BF90004B889A4209D150E8012FC2EA024240E898
:10BFA0000123002BF7D1012070470020704737B5DF
:10BFB00050E8023F1FFAA3F5C488A54202BFBFF3B1
:10BFC0002F8F00220DE0C48925448489A54228BF13
:10BFD0002D1BC3EA054540E80254002CE8D14FF080
:10BFE00001028DF803200193019A0A609DF8031065
:10BFF00001F0FF0321B1006800EB124003B030BD37
:10C000001846FBE70A884B889A4209D150E8022F6C
:10C01000C2EA224240E80223002BF7D101207047F8
:10C020000020704770B5064D0646002455F8043BC5
:10C030000BB1304698470134042CF7D170BD00BFD6
:10C04000746C01204388033300EB8303994209D3C6
:10C0500082884FF6FF739A4206D00088B0FA80F0CB
:10C060004009704702207047012070470B4A0C4975
:10C070005388142000FB0311CB6833B904204968AE
:10C0800010700122074800F0D6BB07490523137042
:10C0900002238B80012209680023F3E78C6C0120C6
:10C0A000A46C01205C670020E06C012007B5002330
:10C0B00005490093054A09680548082300F08DFBEF
:10C0C00003B05DF804FB00BFE06C0120E4870700CB
:10C0D0005C67002007B5002301460093034A04482B
:10C0E000082300F07AFB03B05DF804FBDC8707004F
:10C0F0005C67002013B500230C4600930146084AF4
:10C100000848042300F069FB38B90749142202FBF0
:10C11000041101230B7402B010BD0E20FBE700BF19
:10C12000D88707005C670020A46C012037B50A4857
:10C130000A4B42689C8819685388032503330570AD
:10C140009BB2002000909B0001EB8401044800F0AA
:10C1500044FB03B030BD00BF8C6C0120E06C0120BB
:10C160005C67002038B5144B14220D4602FB0030EA
:10C170002B68446804F58051A3B15C88033403EB59
:10C1800084048C4215D22368013312D02046FFF775
:10C1900059FF012808D002280BD00028F1D12C60CB
:10C1A000012038BD0834ECE76388033304EB8304D3
:10C1B000E7E70020F5E700BFA46C01204368F7B56E
:10C1C00005460E46002B43D0234AD1688B423FD30D
:10C1D000126993423CD813F0030439D11F4A0189F4
:10C1E0001289914235D101689A68914231D11C4936
:10C1F0004A68934203D902F5805293420DD38A696B
:10C2000093420CD902F58052934208D20123338025
:10C21000B4FA84F0400903B0F0BD2346F7E70A24DE
:10C22000F6E7019701A92046FFF79CFF30B90134DA
:10C23000A4B2022C3480F4D10020ECE7019B2A68E0
:10C2400099689142EED16B60044B1B892B81E2E728
:10C2500000240027EDE700BF5C6700208C6C012004
:10C26000A46C01202DE9F0471C461D4B1B780746A6
:10C27000884616467BB382B37CB3DFF86C904FF0F0
:10C28000140AA588012D01D90A2022E00AFB05F332
:10C2900019F803302BB921462846FFF763FF18B978
:10C2A00020600135A580ECE723681FB199883A88A2
:10C2B0009142F0D1B8F1000F04D01988B8F80020ED
:10C2C0009142E8D19A68C6E90023064B1B89338165
:10C2D0000020BDE8F0870220FBE70520F9E700BF5A
:10C2E000846C01208C6C0120A46C012008B5074BE4
:10C2F0005888191DFFF736FF18B1BDE80840FFF751
:10C3000015BFBDE80840FFF7B1BE00BF8C6C01202F
:10C310002DE9F0479E4FDFF89C8288B006463B68C7
:10C3200023B99C484146FFF742FE38603D682978B2
:10C330004B1E052B07D8DFE813F01F0077007700AE
:10C340000501050159010F241422002103A804F05E
:10C35000BDFA41F61D539C4208BF00243B6804947B
:10C360001A78023A042A00F2F781DFE812F0D801C5
:10C37000E40106020E02150226B1874B00225A6024
:10C380000124E1E72B79032B1CD8DFE803F014022A
:10C390002934824A1378022B19D0137D022B4FF0D7
:10C3A000010316D114214B43D1180020D054486802
:10C3B000FFF790FE03E001232B71FFF777FE0028C3
:10C3C00000F0BB80744B00225A600E24BCE70023AF
:10C3D000E8E7714A13700023536041F61D54B3E738
:10C3E0006F497048002302222B718A80096801225C
:10C3F00000F021FAE3E76A4C00262E712068FFF76F
:10C4000069FE694BDFF894C15B88256814225343A9
:10C410000CEB03020CF8036051685560A588158188
:10C4200002222160A280CAE7B5F814A0AA7DDFF835
:10C430006C919EB1022AEB8806D9142101FB0A9166
:10C44000DA1C088902440A81142202FB0A92C3F50D
:10C450007F435189FD330B44538191E7142303FB40
:10C460000A9318895C6804EB8004062A68D8DFE820
:10C4700002F0274D35431D59040041F61D54AA7D95
:10C48000EB88022A06D9142101FB0A91DA1C0889DB
:10C4900002440A81142202FB0A99C3F57F43B9F8CA
:10C4A0000A20FD331344A9F80A304DE73F484049BC
:10C4B00000234360AB690360FFF780FE002859D07A
:10C4C0000223AB75002300930423EA182146354864
:10C4D00000F083F9002830D00E24D0E72B69002B20
:10C4E00014BF03230123AB750023009305F10C0255
:10C4F000042304F10801EAE70123AB750022EB886D
:10C5000000922A699B0004F10C01E0E703290CBFAB
:10C5100005230623AB7500230093042305F10802CD
:10C52000E118D4E70623AB75214B19881F4B5868D7
:10C53000FFF7E0FD04460028A1D108B0BDE8F08770
:10C540000F249CE7002E7FF41BAF2B79012B33D0F7
:10C55000022B3FF442AF002B7FF4F5AE02232B7188
:10C560000DF10A01EB68039303A8CDE90466FFF718
:10C5700025FE08B90A24E7E60498BDF80A10838866
:10C58000EB8003882B81FFF7B5FD044627E000BF51
:10C59000A06C0120CC6C0120846C0120A46C0120D3
:10C5A000E06C01205C6700208C6C0120686C01202D
:10C5B000E86C01209C6C0120DFF8F89103AA4B463F
:10C5C0003146A81DFFF74EFE044660B9B9F80410C5
:10C5D0000498FFF78FFD04460A2C3FF4FEAE002CB2
:10C5E0007FF4B2AEA9E7C9E90066F5E7002E7FF453
:10C5F000C7AE6B4B197B1A78B1B11E731A78013A2A
:10C60000062A3FF6A0AE01A151F822F0B3C60600FB
:10C61000D9C60600F7C60600FDC6060047C30600D9
:10C6200003C7060015C70600072AE7D801A151F87D
:10C6300022F000BF55C60600FDC50600FDC5060078
:10C640007BC606008FC60600AFC60600AFC6060052
:10C6500077C606001A89534901321A8100225A808E
:10C660001A730A78B2FA82F252099A720A7DB2FA01
:10C6700082F25209DA72012207E04B4958688A882F
:10C680004088033202448A8002221A70B6E75C882E
:10C69000444A4549142505FB042208685468506043
:10C6A0008888108102228A800C600622EDE707222A
:10C6B000EBE79A7A32B9DA7A8AB900221A705A808C
:10C6C0005A608AE6374900229A72CA68002AF2D173
:10C6D000097C0029EFD05A80FFF708FE55E70022B9
:10C6E000DA72304A116A0029E7D192F82420002A30
:10C6F000E3D00122EFE7FFF719FD46E7FFF7B6FCAD
:10C7000043E75A88274B142101FB02335868FFF78F
:10C71000E1FC3AE700225A60FFF7C8FC35E7012246
:10C720008DF80C201A89ADF818209A88DB68ADF8CE
:10C730001A20059310E002228DF80C201A89ADF81A
:10C7400018209A88ADF81A20DA689B7D05929A1F06
:10C75000534253418DF81C3003A8FFF763FC0026B9
:10C76000414612483E60FFF74DFC11480121FFF79A
:10C770009DFB00287FF4D3ADDFE603228DF80C206B
:10C78000DA88ADF818201A89D0E704228DF80C2039
:10C79000DB88ADF81830DFE705238DF80C30DBE7D8
:10C7A0008C6C0120A46C0120E06C0120CC6C012079
:10C7B000DC6C0120EC6C01204068FFF7A9BD0B4642
:10C7C00010B4114628B123B103605DF8044B1B6817
:10C7D00018470E205DF8044B70472DE9F04308B36D
:10C7E00002B3D0F800E0BEF1000F1ED0FBB14768E5
:10C7F000D7F80490B3FBF9F709FB1737BFB942EA42
:10C80000010C1CF0030F14D1C768B94211D305699C
:10C810004C1E1C44AC420CD8DEF80C40A446BDE8CB
:10C82000F04360470E20BDE8F0830820FBE70920B5
:10C83000F9E71020F7E7F0B5D8B1D0F800C0BCF1A7
:10C84000000F18D0CAB14768D7F800E00EF1FF37E3
:10C850000F4214D1C768B94211D305694C1E0EFBB3
:10C860000244AC420BD8DCF81040A446BDE8F040CE
:10C8700060470E20F0BD0820FCE70920FAE71020F1
:10C88000F8E7F9F7E7BCF9F7FBBC00F1804000F5E9
:10C890001C3001230360BFF36F8FBFF34F8F7047CE
:10C8A000020713D400F00F0310F0800F084A0BBFEB
:10C8B00003F5887303F5847302EB830252F82300B7
:10C8C00008BF5068431E58425841704700207047C7
:10C8D0000070024010F0080F074B06D0D3F8C004D8
:10C8E00010F4803F18BF0020704700F00F0000F5E3
:10C8F000947053F820007047007002404FF080534E
:10C90000D3F83021082A05D1D3F83401003818BFF4
:10C91000012070470020704730B5D1E900549C4297
:10C9200029BFC0E900530021E41AED1832BFC0E965
:10C9300000514C600D60934203D1201E18BF0120AE
:10C9400030BD0020FCE74B6810B59A420C6828BF48
:10C950001A46C0E90042981A0B6848601344003830
:10C960000B6018BF012010BD30B54C680B68A242A7
:10C9700028BF2246002A14BF1D460025A4EB02044E
:10C980001344C0E900524C600B6014BF012000202A
:10C9900030BD0000054B10F0800FA3F1900208BFDE
:10C9A000134600F00F0003EB00107047686E012083
:10C9B000C343C3F3C01300F00F0000EB0310704734
:10C9C000034A0023C2F81C3C024A1370704700BFA0
:10C9D00000700240F56C012007B5074A0023137070
:10C9E000064A137001230193054B01A81B68984761
:10C9F00003B05DF804FB00BFF46C0120FC6E012065
:10CA0000F86E012013B5124C0122236802FA01F1DD
:10CA10000B4323600F4B1B68194003060DD551B91A
:10CA200006238DF804308DF806008DF807100A4BA8
:10CA300001A81B68984702B010BD0029FBD106234E
:10CA40008DF804308DF806008DF80720EFE700BF61
:10CA5000D46D0120646D0120F86E012008B5054BEE
:10CA60001A781046FFF7A4FFBDE8084001461046BB
:10CA7000FFF7C8BFFC6E01201C4B13B5D3F8004470
:10CA8000C3F80044BFF36F8FBFF34F8FBFF36F8FB7
:10CA9000BFF34F8FE10508D5154B01221A70022311
:10CAA0000193144B01A81B689847A20508D5104BA9
:10CAB00000221A70032301930E4B01A81B689847AC
:10CAC000630511D50A4B1A7872B100221A70074B10
:10CAD0000122C3F808255820FFF7D7FE042301934D
:10CAE000044B01A81B68984702B010BD00700240BB
:10CAF000F46C0120F86E01204B689A4228BF1A4658
:10CB00000A4B70B50C46064609681846154603F0F0
:10CB1000B5FEC6E9000560682368401B60602B44D1
:10CB20000038236018BF012070BD00BF046F0120D2
:10CB30004B689A4228BF1A4670B506460D46144601
:10CB400082B10968084803F099FE074BC6E9003432
:10CB50006B681B1B6B602B68201E23442B6018BF67
:10CB6000012070BD1346F1E7046F012008B5FFF7FF
:10CB700027FF084B93F89E20032A06D1BDE8084002
:10CB800005486FF00101FFF785B9D3F89030002B0D
:10CB9000F4D008BDD86D0120646D01200A4AD2F896
:10CBA0006834C2F86834BFF36F8FBFF34F8F012131
:10CBB00003B9704793FAA3F2B2FA82F201FA02F2D1
:10CBC00023EA0203F4E700BF0070024008B5FFF754
:10CBD000F7FE0146FFF7DEFE837B032B0AD10846F2
:10CBE000FFF7E6FE01218140BDE808400348C94344
:10CBF000FFF750B90368002BF1D008BD646D012028
:10CC00008720FFF7E3BF8620FFF7E0BF8520FFF70F
:10CC1000DDBF8420FFF7DABF8320FFF7D7BF822074
:10CC2000FFF7D4BF8120FFF7D1BF00002DE9F04FFF
:10CC3000DFF8648198F8003085B0002B5BD1504D4F
:10CC4000504B19682B68194055D091FAA1F1002971
:10CC500054D0B1FA81F30F2B194651DDA1F1100424
:10CC6000E4B22046FFF796FE4FFA84FA4FF0010B2C
:10CC70000BFA01FBBAF1000F81466FEA0B0B42DAA7
:10CC800003688289416802A8984708B9C9F800007A
:10CC90003D4BD9F808108222C3F81C2C012288F8D9
:10CCA00000202A6802EA0B022A60039ABAF1000FF8
:10CCB0001144C9F8081004F00800029904F00F04A8
:10CCC0004FDA002845D0C3F8A016C3F8A4260420E4
:10CCD00000EB8400FFF7D9FD2C4A2D4B13EA2A0301
:10CCE00038BF134633F8143003F1804303F51C3387
:10CCF0001A68002AFCD005B0BDE8F08F2021ADE70E
:10CD000043F08004ADE72046FFF7E4FDB9F80C20BE
:10CD1000D9F80410D9F800600346074602A8B047C6
:10CD2000029A002AB1D0039A9742AED9022789F815
:10CD30000E7059461348FFF7ADF806238DF80430FE
:10CD4000144B8DF806401B688DF8077001A89847B2
:10CD500076E7142000FB0433C3F80016C3F804265A
:10CD6000B5E728B1C3F8A017C3F8A4272820AFE778
:10CD7000142000FB0433C3F80017C3F80427F5E7B9
:10CD8000D46D0120646D01200070024012880700FC
:10CD9000F6870700F86E0120F56C012037B5FFF724
:10CDA0000FFE0446FFF7F6FD837B032B0DD12046D3
:10CDB000FFF7FEFD01218140C9431048FFF76AF8E3
:10CDC00003B0BDE83040FFF731BF0568002DF7D153
:10CDD0002046FFF7EDFD01218140C9430748FFF7D9
:10CDE00059F806238DF80430054B8DF806401B6872
:10CDF0008DF8075001A89847E2E700BF646D012055
:10CE0000F86E01200720FFF7C9BF0620FFF7C6BF55
:10CE10000520FFF7C3BF0420FFF7C0BF0320FFF7C3
:10CE2000BDBF0220FFF7BABF0120FFF7B7BF000068
:10CE300007B500238DF804300B4BD3F82025ADF84F
:10CE40000620D3F8C034094A002B13680CBF4FF4F6
:10CE500080714FF001210B431360054B01A81B6843
:10CE6000984703B05DF804FB00700240D46D0120C8
:10CE7000F86E012007B5FFF7A3FD0D4B93F88E2048
:10CE8000032A11D0D3F8803073B90A486FF080714B
:10CE9000FFF700F806238DF804300823ADF80630BC
:10CEA000054B01A81B68984703B05DF804FB00BF61
:10CEB000D86D0120646D0120F86E012007B5FFF7E1
:10CEC0007FFD114B93F81E21032A07D10F486FF401
:10CED000807103B05DF804EBFEF7DCBFD3F81031CE
:10CEE00073B90A486FF48071FEF7D4FF06238DF8FA
:10CEF00004308823ADF80630054B01A81B6898471D
:10CF000003B05DF804FB00BFD86D0120646D012003
:10CF1000F86E012038B51A4BD3F86C44C3F86C4452
:10CF2000BFF36F8FBFF34F8FBFF36F8FBFF34F8F81
:10CF3000FFF7E4FC38B9134A136823F0011103F03A
:10CF400001130C43136001251CB9BDE83840FFF7FD
:10CF50006DBE94FAA4F171B1B1FA81F30F2B1946A9
:10CF60000BDDA1F11000C0B205FA01F324EA0304BD
:10CF7000FFF748FDE8E72021F3E743F08000F3E7FF
:10CF800000700240006F0120054B1A78012A01BF92
:10CF9000044A00201060187018BF0820704700BFB6
:10CFA000F66C0120F86E01204E4B4FF4006210B574
:10CFB000C3F80024BFF36F8FBFF34F8FFFF79EFCC2
:10CFC00098B10020FFF75DFC474BD3F8001C03220B
:10CFD000002979D149F27531C3F8001CC3F8142D2A
:10CFE000C3F8001C0020FFF74EFC0020FFF749FCAF
:10CFF0003D4BD3F8001CC022002968D149F275319D
:10D00000C3F8001CC3F8142CC3F8001C0020FFF761
:10D010003AFC344B0122C3F80025BFF36F8FBFF3F6
:10D020004F8FD3F800241205FBD54FF40062C3F8EC
:10D030000024BFF36F8FBFF34F8F0020FFF721FC59
:10D04000294BD3F8001C002944D149F27532C3F8AA
:10D05000002CC3F8141CC3F8002C0020FFF713FCAD
:10D06000204B40F2E372C3F800284022C3F80428A2
:10D07000BFF36F8FBFF34F8F8022C3F81C251B4B6C
:10D0800040F2FF121A601A4B00241C60FFF798FC54
:10D09000184B1C70184B02221A70FFF72FFC00B3BC
:10D0A0002046FFF7EEFB104BD3F8001CB1B949F254
:10D0B0007532C3F8002CC3F8141DC3F8002CBDE86A
:10D0C00010400020FFF7DFBBC3F8142D8AE7C3F838
:10D0D000142C9BE70022C3F8142CBEE7C3F8144DB0
:10D0E000EDE710BD0070024000E00640D46D012065
:10D0F000646D0120FC6E0120F66C012008B5104B18
:10D1000000221A70C8B9FFF7F9FB0E4B0E4A00282F
:10D1100018BF13460D4AC2F804330D4BE02183F8C3
:10D1200027138021C3F8841159600123C2F8043504
:10D13000BFF36F8FBFF34F8F08BD024BEAE700BF0D
:10D14000F46C01200714E0010714C00100700240D4
:10D1500000E100E0034B1878012894BF0020012073
:10D16000704700BFF66C0120044B1B78012B83BF76
:10D17000034B5868C0F3C01000207047F66C0120C4
:10D1800000E100E008B5FFF705FC818108BD000063
:10D1900073B5002837D01E4B1C78002C35D11D4AA2
:10D1A000106001221A702546264615F0080F65F01A
:10D1B0007F00C0B20CBF40214FF400710190FFF717
:10D1C000E1FF0198FFF7E6FB0135092D8673066044
:10D1D0008660EAD1402100252046FFF7D3FF204694
:10D1E000FFF7D8FB0134E4B2092C85730560856034
:10D1F00002D1002002B070BD14F0080F14BF4FF42C
:10D2000000714021E8E70720F4E70820F2E700BFBB
:10D21000F66C0120F86E0120064A10F0800F00F035
:10D220000F0314BFD2F81005D2F81405D84000F04F
:10D230000100704700700240084B094AC3F80823F8
:10D2400041F20402C3F804230122C3F81025C3F8F5
:10D250001425BFF36F8FBFF34F8F704700700240EC
:10D26000F8EB1F002DE9F047804600208A46FFF7C3
:10D2700008FB18F00F0503D1294B1B7843454AD111
:10D28000284B294F1C683E684046FFF791FBE4435A
:10D29000A4B24FF00109344309FA00F914EA090471
:10D2A0003BD14046FFF776FB0C2218F0800F034677
:10D2B00002FB05F52BD01D4ADAF80010154401F0E9
:10D2C0006041DAF80820B1F1005F02F0010219D1E3
:10D2D000B2B9174A1A609AE8070085E807000022E9
:10D2E0009A609A735D60134B46EA090680223E609D
:10D2F000C3F804210020FFF7C6FA2046BDE8F087F6
:10D300000D4AE7E70AB90D4AE4E70D4AE2E70D4A9C
:10D3100015440D4ADEE71024ECE71124EAE700BFCC
:10D32000FC6E0120D46D0120646D0120686D012028
:10D3300047C9060000E100E069C90600F9CA060015
:10D3400031CB0600F86C012019C90600FFF7C2BAFC
:10D3500008B5084B1A68084BD2431B6892B21A43AF
:10D36000FFF726FB012303FA00F0104214BF184612
:10D37000002008BDD46D0120646D0120044B40F4F1
:10D380008070C3F81805BFF36F8FBFF34F8F7047DE
:10D3900000700240FFF784BA064BC3F80C05BFF3D8
:10D3A0004F8F40F48070C3F80C05BFF36F8FBFF34D
:10D3B0004F8F7047007002400023036043600E4BA4
:10D3C000D3F880240270D3F884244270D3F88824E0
:10D3D000D3F88C1442EA01224280D3F89024D3F887
:10D3E000941442EA01228280D3F89824D3F89C3422
:10D3F00042EA0323C38070470070024008B5FFF77C
:10D400007DFA58B9EFF3108272B64C20FFF73DFA5F
:10D410004C20FFF73AFA82F3108808BDBDE80840B7
:10D420004C20FFF732BA000013B5FFF7C9FA104BD2
:10D430009A7B032A09D10F486FF48031FEF72AFD49
:10D4400002B0BDE81040FFF7D9BF1C68002CF7D12F
:10D450006FF480310748FEF71DFD06238DF8043078
:10D46000054BADF806401B6801A8984702B010BDF7
:10D47000D86D0120646D0120F86E01205020FFF767
:10D4800004BA5420FFF701BAF8B50446FFF736FA9C
:10D4900006462046FFF78CFA01258540174FED43DD
:10D4A000B6B93046FFF7EDF93B6804F00F042B40A6
:10D4B0003B606400124B04F2C574C3F80048C3F823
:10D4C0000468D3F80438BDE8F8400020FFF7DBB962
:10D4D0000020FFF7D6F93B6814F0080203EA0503C1
:10D4E0003B60F0D104F00F04054B04F5947443F84D
:10D4F0002420BFF36F8FBFF34F8FE4E7D46D01207B
:10D5000000700240F7B504460020FFF7BAF9204644
:10D51000FFF740FA05462046FFF74AFA012214F0C9
:10D52000800F02FA00F22D4818D1036832EA030195
:10D530000AD02046FFF7A8FF0323AB73002003B0F7
:10D54000BDE8F040FFF79FB92960254923EA0203AF
:10D5500003600B6823EA02030B60EDE7230715D491
:10D56000802C204B2ED004F00F0101F2DA3149005B
:10D57000C3F80018D3F80418D3F80468C9B241F00E
:10D5800002013143C3F80418D3F80438144E01687B
:10D59000336861EA03071742D0D0134321EA02013E
:10D5A0003360002301602B600323AB738DF80730D9
:10D5B0000D4B8DF8064006221B688DF8042001A84B
:10D5C0009847BBE740F2B471C3F80018D3F80418C9
:10D5D000D3F80468C9B241F00401D2E7646D0120B8
:10D5E000D46D012000700240F86E0120FFF78ABF61
:10D5F000184BD3F8002273B522F00402164CC3F87E
:10D600000022D3F880542368144EDA43144B317847
:10D610001B6892B208461A43FFF7CAF9012303FABE
:10D6200000F0104202D00846FFF76CFF6FF00111C6
:10D6300005F080050A483570FEF72CFC236843F09E
:10D640000103236005230193064B01A81B6898473B
:10D6500002B070BD00700240D46D0120FC6E01204C
:10D66000646D0120F86E01205F4B2DE9F041D3F885
:10D6700004430021224601250E46002A40F09180F5
:10D68000FFF73CF900287DD1584B1B78002B79D14E
:10D690008D0277D5544B544F40F2A972C3F800283D
:10D6A000D3F8040810F0FF001CBFD3F80428104082
:10D6B00040F2AA72C3F80028D3F8042812F0FF023F
:10D6C0001CBFD3F804381A4040F2AB73C7F80038D7
:10D6D000D7F8043813F0FF031CBFD7F804582B40C9
:10D6E00040F2AC75C7F80058D7F804582840404DB0
:10D6F0000AD02E6806432E6040F2A976C7F800686B
:10D70000C7F80408D7F80408374840F2AD76C0F8E7
:10D710000068D0F8046832400BD02E6846EA024612
:10D720002E6040F2AA76C0F80068C0F80428D0F84D
:10D7300004282D4A40F2AE70C2F80008D2F804283E
:10D74000134010D0D80748BF41F40001DA06264A3A
:10D7500040F2AB70C2F80008C2F80438D2F80438BE
:10D7600048BF41F001012B6833F001121CBF04F0E7
:10D770008070014313F0011F04D0630544BF2A6089
:10D7800041F480611B4F01F4000621F400044FF0C6
:10D790000108D4B9FFF74AFA1EB3BDE8F041FFF71C
:10D7A00027BF154892FAA2F3B3FA83F39F003844D7
:10D7B00005FA03F307682FB10660BFF36F8FBFF35D
:10D7C0004F8F194322EA030257E794FAA4F5B5FAFA
:10D7D00085F557F8253008FA05F5984724EA050439
:10D7E000D7E7BDE8F08100BF00700240F56C012072
:10D7F000006F01202488070000710240F8B5134E25
:10D80000134B34681B68240C24041C4301271CB9E7
:10D8100040F2FF133360F8BD94FAA4F585B1B5FA70
:10D8200085F30F2B1D460DDDA5F11000C0B20307D7
:10D8300001D4FFF767FE07FA05F524EA0504E6E7D9
:10D840002025F1E743F08000F1E700BFD46D01200F
:10D85000646D012038B50E4C8025C4F8845163688E
:10D860001B0613D5FFF7CAFF0A4B0022C3F8042595
:10D87000BFF36F8FBFF34F8FC4F88450BFF34F8F48
:10D88000BFF36F8F4FF0FF32C3F8082338BD00BFDE
:10D8900000E100E00070024008B5FFF7DBFF094B34
:10D8A000D3F80423C3F808230022C3F80025BFF3EC
:10D8B0006F8FBFF34F8FFFF783F8034B01221A706E
:10D8C00008BD00BF00700240F66C012010B5044690
:10D8D000FFF718FE134A04F00F0064B2002C4FF05B
:10D8E0000103B4BFD2F81015D2F8141503FA00F3EF
:10D8F0006FEA0303B5BF0B400B40C2F81035C2F806
:10D900001435BFF36F8FBFF34F8F074A074B13EAEE
:10D91000240338BF13461A5C01239340014AC2F81E
:10D92000083310BD0070024008880700EC8707002C
:10D9300038B5254A254B45B2002DA8BF134600F047
:10D940000F010446585C224A4FF0010303FA00F02D
:10D95000C2F804032ADAD2F81005C840C00731D44F
:10D96000D2F810058B400343C2F81035BFF36F8F18
:10D97000BFF34F8F31B3002D24DB14F0080521D104
:10D980002846FEF77EFF2046FFF77EFD2046FFF784
:10D990000FF8104A012303FA00F0136823EA00038A
:10D9A00013602846BDE83840FEF76DBFD2F8140575
:10D9B000C840C00706D4D2F814058B400343C2F810
:10D9C0001435D3E738BD00BF08880700EC8707008F
:10D9D00000700240646D0120030610B5044605D4B2
:10D9E000FEF75EFF10B12046FFF74EFD034BC3F874
:10D9F0001845BFF36F8FBFF34F8F10BD007002400B
:10DA000000F1804000F5C040002382B0036003684D
:10DA10000193019B02B0704703681F2B83BF03F083
:10DA20001F03036001484FF0A040704700030050FF
:10DA300007B5019001A8FFF7EFFF019B00EB830002
:10DA4000D0F8003723F44033C0F80037D0F800375F
:10DA500043EA0141C0F8001703B05DF804FBC208B7
:10DA6000012300F007008340885C03438B54704718
:10DA7000054B4FF0FF32072843F8202084BF1B18C6
:10DA800083F86820704700BF446F012038B5164DF9
:10DA900095F87E402CBB3022FF2105F1400002F0BA
:10DAA00015FFE0B20134FFF7E3FF102CF9D10F4B63
:10DAB0000022AA679A800E4BE02183F806134021CA
:10DAC000C3F8801119604FF4BE70FFF799FF094B3E
:10DAD0004FF00041C3F80413012385F87E3010464F
:10DAE00038BD0820FCE700BF446F0120BC6F012057
:10DAF00000E100E000600040034B93F87E00003836
:10DB000018BF0120704700BF446F012037B5324B6A
:10DB10001A18044692F9400001305AD1887800283A
:10DB20004BD01846002250F8045B01353FD118193C
:10DB300080F84020002043F82200920002F1804249
:10DB400002F5C0420B78D2F81055487825F49915A3
:10DB50001B04000525F4F85500F4801003F440334D
:10DB6000C2F8105503432002D2F8105500F47C503F
:10DB700003432B43C2F810354A780194012A01A8C7
:10DB80001FD1FFF749FF019B9A40C0F8082501A863
:10DB90000194FFF741FF019B104903F5E073032255
:10DBA00040F823202046FFF75AFF002003E001320F
:10DBB000082AB8D1042003B030BDFE2382F84030DB
:10DBC000DAE7FFF729FF019A01239340C0F80C35EB
:10DBD000DDE70820EFE700BF446F0120BC6F0120A4
:10DBE00037B5174C2518014695F84000072809D885
:10DBF000FFF73EFF95F94030124A03F5A27300206B
:10DC000042F823000C44FF2384F840300E4DCC082A
:10DC100001F0070301229A402B5D13420DD001A8A9
:10DC20000191FFF7F9FE019B03F5E073022140F833
:10DC300023102B5D23EA02032B5503B030BD00BF38
:10DC4000446F012000600040BC6F0120074B184466
:10DC500090F940309B0003F1804303F5C043D3F8B3
:10DC6000102542F00302C3F810257047446F0120CD
:10DC7000054B184490F940008000C0B200F180408C
:10DC800000F5C040704700BF446F0120064B1844A8
:10DC9000012290F9403018339B00DBB203F180433E
:10DCA00003F5C0431A607047446F01202DE9F3412A
:10DCB000DFF8F48008EB0003054693F94030002BB1
:10DCC0000F466CDA8B78C3F34003002B0BBF08249C
:10DCD0000024102108218C4203D1042002B0BDE8A9
:10DCE000F08158F82400013041D108EB050166B2FB
:10DCF00048F8242081F840601BB908EB040383F83E
:10DD00006850BB785A0712D4D90732D501A80195BB
:10DD1000FFF782FE019B00EB8300D0F8003723F071
:10DD20000203C0F800371F492846FFF798FEBB786A
:10DD30003A7813F0020328D0A40004F1804404F5DB
:10DD4000C0442D02D4F8103523F44F3323F440732C
:10DD5000C4F810351204D4F8103505F47C5502F4DB
:10DD6000403215431D43C4F810550020B6E7013476
:10DD7000B1E701A87A780195FFF74EFE019B03F504
:10DD8000E073920040F82320CDE7083E48FA86F67B
:10DD900096F8701041EA821286F87020E5E70820B4
:10DDA0009CE700BFBC6F0120446F012037B5224DB6
:10DDB0002B18044693F94020072A1DDD083A45FA3E
:10DDC00082F292F870309B09032B10D1019001A8C8
:10DDD000FFF722FE019BD0F81015D94001F0010198
:10DDE0000231204603B0BDE83040FFF721BE012BD1
:10DDF0000CBF02210321F4E7D3B2072B1AD89300FA
:10DE000003F1804303F5C043D3F8100540F001004F
:10DE1000C3F8100502F1400040B2800080B2FFF765
:10DE2000EFFD39B155F8223023B101239340034A65
:10DE3000C2F8043303B030BD446F012000600040DD
:10DE40000E4B034493F94020072A02DD0021FFF71F
:10DE5000EFBDD3B2072B0FD8930003F1804303F536
:10DE6000C043D3F8101521F00101C3F810150123A8
:10DE70009340034AC2F80833704700BF446F012043
:10DE800000600040F7B50446FFF7DAFF174A184E66
:10DE90001119E50891F9403091F8401007299FBF0A
:10DEA000144903F5A273002041F8230004F007038E
:10DEB00001219940735D0B420DD001A80194FFF739
:10DEC000ABFD019B03F5E073022740F82370735DFF
:10DED00023EA01037355144494F84000FFF7C8FD8A
:10DEE000FF2384F8403003B0F0BD00BF446F012031
:10DEF000BC6F0120006000402DE9F04F00248BB082
:10DF0000CDE90444654D4FF48072012102F1804354
:10DF100003F5C04390B21B68012B06D1D5F804333A
:10DF20000B4202D0FFF76CFD0C430432B2F5907F38
:10DF30004FEA4101EAD1594BD3F87C31012B0ED184
:10DF40004FF4BE70FFF75CFD4FF0A04344F0004477
:10DF5000D3F810350493524BD3F810350593E3B240
:10DF6000D3B1504F01260025344210D0AB0003F14D
:10DF7000804303F5C043D3F81005D3F8101557F8C4
:10DF8000253023B1C1F30141C0F305209847013585
:10DF9000082D4FEA4606E7D1002C7BDA0023CDE9B5
:10DFA00006334FF0FF33CDE90833DFF8F8A03E4BDE
:10DFB000019300252F46019B13F9014B0193631C2C
:10DFC0004FD0C4F3C2060122E3B204F03F0B04F0C9
:10DFD000070402FA04F406F128020DEB020616F813
:10DFE000081C21423DD00AEB0B014FEA931991F92D
:10DFF00040105AF82180B8F1000F07D1B9F1030F92
:10E000002FD106A95846FFF72AFD02E0B9F1030F08
:10E01000F7D003A8CDF80CB0FFF7FEFC039901F58B
:10E02000E07150F8211016F8180C2042C1F301419C
:10E0300006D0022915D1B9F1030F0CD1494605E0EC
:10E0400003290ED1B9F1030F05D102215846FFF77C
:10E05000EFFC0135EDB2B8F1000F02D04946584649
:10E06000C0470137082FA6D1A5B14FF0A0430499AE
:10E07000D3F8102503F540739142D3F8103502D13F
:10E080000599994206D004920593069A079B089237
:10E0900009938CE70BB0BDE8F08F00BF0060004033
:10E0A00000030050446F0120B46F012000F1804351
:10E0B0001A68002A1BBF0022012000201A60704746
:10E0C0000F4A1378D3B903784FF08041C3F340036C
:10E0D000C1F88035037803F00103C1F87835094BA6
:10E0E0001968C90706D4E02183F800130121C3F899
:10E0F000801119600123137000207047852070473C
:10E10000D06F012000E100E0084B0122C3F880201D
:10E11000BFF34F8FBFF36F8F054A00231360054A8B
:10E120001360054A1360054A1370704700E100E070
:10E13000C46F0120C86F0120CC6F0120D06F012077
:10E14000014B02681A607047CC6F01204FF080438A
:10E150004FF46072C3F8042370474FF080434FF4CC
:10E160006072C3F8082370474FF0804310B5D3F8AE
:10E170000443620707D54FF48470FFF797FF10B18F
:10E180001E4B1B689847A30608D54FF48A70FFF70B
:10E190008DFF18B11A4B00201B689847600608D500
:10E1A0004FF48C70FFF782FF18B1154B01201B68EC
:10E1B0009847210608D54FF48E70FFF777FF18B106
:10E1C000104B00201B689847E20508D54FF490706B
:10E1D000FFF76CFF18B10B4B01201B689847A30594
:10E1E0000AD54FF49270FFF761FF28B1054BBDE8E7
:10E1F00010401B680220184710BD00BFC46F0120EB
:10E20000C86F0120CC6F01202DE9F84F134DDFF8C6
:10E21000508007464FF0000A04264FF001095FFACC
:10E220008AFB002009FA0BF4FEF72BFB2C420AD0E4
:10E23000D8F8003014EA030201BF2343C8F80030C5
:10E2400087F800B016460020FEF71DFB1EB1A5435F
:10E250000AF1010AE3D13046BDE8F88FFFFF0F0055
:10E26000D46F012010B5A1B19AB101238340C3F34B
:10E27000130484B10A4C246823420ED0C00000F17C
:10E28000804000F5F830C0F81015C0F814250020C3
:10E2900010BD0E20FCE70720FAE70820F8E700BFD2
:10E2A000D46F0120012303FA00F0C0F313031BB164
:10E2B000054B1B68184204D0044BC3F8040500202A
:10E2C00070470820704700BFD46F012000F0014064
:10E2D000012303FA00F0C0F313031BB1054B1B68C5
:10E2E000184204D0044BC3F80805002070470820EA
:10E2F000704700BFD46F012000F00140074B00229F
:10E30000C3F8002182B0D3F800210192019AD3F81A
:10E310000805034B1B68C0B202B0184700D000408C
:10E32000D86F01200023435082B043580193019BD2
:10E3300002B070472DE9F0470F78DDF820809DF896
:10E3400024A004460E469946002F58D1D0F8243117
:10E3500015683BB14FF49271FFF7E4FF012363614D
:10E36000337012E0D0F81C312BB34FF48E71FFF7ED
:10E37000D9FFD0F82431002BECD1454511D219F842
:10E380000530C0F81C356B1C1360454535D1D4F8F9
:10E39000043193B34FF482712046FFF7C3FF002787
:10E3A00004E00123BAF1000F03D0C3613846BDE891
:10E3B000F0874361E9E7D0F80831002BE5D04FF44E
:10E3C0008471FFF7AFFFD0F82431002BC2D145454F
:10E3D000DBD2D0F8183509F8053013680133136023
:10E3E00008F1FF32934205D10223C0F80032012325
:10E3F0002362CAE79845FAD1C7E70127D6E74FF469
:10E400009271FFF78FFF4FF48E71FFF78BFF4FF480
:10E410008471FFF787FFBAE72DE9FF470C460546F1
:10E420004FF4827120461F46384B03939DF830808D
:10E43000FFF778FF4FF49271FFF774FF4FF48E717E
:10E44000FFF770FF4FF48471FFF76CFF0023012189
:10E45000C4F8003216466B6385F82E302162A16045
:10E46000DFB11378C4F81C3569632B68E3B905F193
:10E47000340A05F12E09039B002B1FDC95F82E3082
:10E4800053BB0020039B002B15DC0023C4F8003590
:10E490000523C4F8003503200DE0B8F1000F01D0CA
:10E4A000E161E2E76161E0E740F28623AB60AB68DF
:10E4B000C4F80433002004B0BDE8F087CDE900784B
:10E4C0003346524649462046FFF734FF0028D5D050
:10E4D000039B013B0393CEE7D4F8C434C4F8C4349F
:10E4E000002BCED013F0010F14BF4FF402400320D5
:10E4F00048F2012213F0020F18BF104613F0040F68
:10E5000048F2022318BF1846BCE700BFA0860100EE
:10E510002DE9FF470C4605461E462046364B039321
:10E520004FF48271FFF7FEFE4FF49271FFF7FAFE8F
:10E530004FF48E71FFF7F6FE4FF48471FFF7F2FE91
:10E540000023012ED5F800806B6385F82E30174626
:10E550004FF0010306BF0222C4F80022C4F80032C3
:10E5600023622360B8F1000F15D105F1340A05F1DB
:10E570002E09039B002B18DC95F82E301BBB0020C6
:10E58000039B002B0EDC0023C4F800350523C4F8E0
:10E590000035032006E040F28623AB60AB68C4F888
:10E5A0000433002004B0BDE8F087CDE900683B46A5
:10E5B000524649462046FFF7BDFE0028DCD0039BAB
:10E5C000013B0393D5E7D4F8C434C4F8C434002B1A
:10E5D000D5D013F0010F14BF4FF40240032048F2CE
:10E5E000012213F0020F18BF104613F0040F48F277
:10E5F000022318BF1846C3E7A0860100F0B589B012
:10E6000091F82C3001938B6A00934B6A0C4601F110
:10E6100034022E310746FFF78DFEE8B994F82EE05C
:10E62000D4F820C0BEF1000F1FD1207B831E012B28
:10E630001BD8626AA3699A4217D1E2696369626270
:10E64000CCF340110328A36284F82C1006D100916A
:10E6500020463946FFF7E0FE09B0F0BD39462046B6
:10E6600009B0BDE8F040FFF753BF04F10C060FCE30
:10E6700003AD0FC533682B60BEF1000F17D0D7F87C
:10E68000C434C7F8C4349A070DD501238DF8083077
:10E6900000231CF0040F84F82F30DDD1D4E90031C1
:10E6A00002A89847D8E75B07F2D50223EEE78DF87A
:10E6B00008E0EDE701490248FFF7A0BFDC6F012049
:10E6C0000030004002494FF04020FFF797BF00BFE5
:10E6D000187001202DE9F84F05793E4C4FF03C0AA7
:10E6E0000AFB05FA04EB0A079B4697F82D30804693
:10E6F0000E469146002B68D1374B006853F8251021
:10E7000000F070FC002862D13168737B87F83830E4
:10E710001F298CBF01F01F030B4603F5E07388BF70
:10E720002E4AB86098BF4FF0A04240F20C6C87F8B8
:10E730002F0042F823C07268C7F804B01F2A8CBFAC
:10E7400002F01F03134687F8300003F5E07388BF1B
:10E75000224F44F80A9098BF4FF0A04747F823C0D3
:10E76000D8F80030C3F80815C3F80C25B268C3F810
:10E770002425B9F1000F1BD0317B43F30732490147
:10E78000002AC3F30733C9B21ADB02F1604606F56B
:10E79000614603F01F0386F80013012199405309D5
:10E7A0009B0003F1604303F56143C3F880111960D6
:10E7B0003C2303FB0544012384F82D30BDE8F88F8A
:10E7C000074A03F00F03D154F2E70820F6E71120BF
:10E7D000F4E700BFDC6F01208888070000030050C9
:10E7E00014ED00E0036802790521C3F80015044B1D
:10E7F0003C2101FB0233022283F82D20704700BF29
:10E80000DC6F012003680A4A0179C3F80823D3F8B2
:10E81000002222F00302C3F800220022C3F80025E0
:10E82000044B3C2202FB0133012283F82D20704768
:10E8300086420400DC6F012070B50679234D3C232D
:10E8400073430446EB5893B10368190B43F3073342
:10E85000002B0CDB01F01F015B0901228A402033F1
:10E860001B4941F82320BFF34F8FBFF36F8F204622
:10E87000FFF7C8FF206800F0CCFB3C2303FB0653E6
:10E8800093F83830DBB92268D2F808351F2B86BFE1
:10E8900003F01F030F484FF0A04003F5E07302217F
:10E8A00040F82310D2F80C351F2B86BF03F01F034E
:10E8B000084A4FF0A04203F5E07342F823103C23CE
:10E8C00003FB0655002385F82D3070BDDC6F012059
:10E8D00000E100E0000300502DE9F74F2D4F0679CD
:10E8E000D0F800902C4BC9F808333C2505FB067581
:10E8F000C6EB061C95F82F308E46144607EB8C0CA1
:10E9000003F0FF0B33B1AB68C9F80433112003B037
:10E91000BDE8F08F82F00403C3F3800385F82F3045
:10E920002A628A46BAE80F0005F10C08A8E80F0031
:10E93000DAF80030C8F80030DEF80430AB62DEF8F8
:10E940000C206A629EF80110C9F888159EF8001024
:10E95000012917D0A1B9C4F340143C2101FB067171
:10E96000604681F82C4000944946FFF755FD3C2352
:10E970005E43BA19BB59002BC9D182F82F30C6E7C4
:10E980000124EAE785F82CB049466046FFF7C0FD50
:10E99000EDE700BFDC6F012086420400F0B587B0D0
:10E9A00004460F4615460021142201A81E4601F018
:10E9B0008DFF9DF830208DF80570520101A9204689
:10E9C00002960495FFF788FF07B0F0BDF0B587B059
:10E9D00004460F4615460021142201A81E4601F0E8
:10E9E00075FF0123002201A920468DF804308DF81F
:10E9F000057002960495FFF76FFF07B0F0BD0000A9
:10EA000000280CDB4309064900F01F0020330122D7
:10EA1000824041F82320BFF34F8FBFF36F8F7047C1
:10EA200000E100E00023435082B043580193019B72
:10EA300002B070474358002B10B50A4614BF01249A
:10EA4000002401D0FFF7EEFFA2F58070800804FAE1
:10EA500000F010BD03680BB108461847704707B5B2
:10EA6000002A8DF80010416808BF4FF480720192AF
:10EA70000A4342606946FFF7EDFF03B05DF804FB0F
:10EA80008B7A2DE9F74307460E46002B65D101230B
:10EA90008B724D7ADFF83881DFF838914FF482714C
:10EAA000FFF7C8FF4FF4927104463846FFF7C2FFE4
:10EAB0004FF4A67104433846FFF7BCFF4FF4A8712A
:10EAC00004433846FFF7B6FF4FF4B27104433846AB
:10EAD000FFF7B0FF4FF4B47104433846FFF7AAFFC5
:10EAE000EDB20443002C35D0042D56D8DFE805F0F4
:10EAF000033845575E0014F0020302D024F00204EC
:10EB0000F0E7610110D5E20258BF01258DF8003011
:10EB10004CBF02252B46694630468DF8043024F060
:10EB2000C364FFF797FFDDE7A3010BD503238DF83F
:10EB3000003004F40023002B0BBF01230023032526
:10EB40000425E8E7D7F8D024C7F8D02406213046BA
:10EB5000FFF785FF00237572B37203B0BDE8F08341
:10EB60001A4D254003D024F480140225BAE7D7F8C3
:10EB7000D024C7F8D0240221E9E714EA0805F6D02A
:10EB800001238DF80030D7F84C35DBB269463046AA
:10EB90000193FFF75FFF24F002040025A2E714EAC7
:10EBA00009050CD024F4002404259BE714EA080589
:10EBB00005D004238DF80030D7F83C35E5E7D7F8C9
:10EBC000D024C7F8D0240521C1E700BF02001006F9
:10EBD0000200000602000806037906490C225A4387
:10EBE0008A5832B903EB4303006801EB8301FFF756
:10EBF00047BF70475470012001490248FFF740BFEA
:10EC0000547001200030004002494FF04020FFF7CF
:10EC100037BF00BF607001201F2886BF00F01F00B3
:10EC2000054A4FF0A04240F2026300F5E07043EA6B
:10EC3000810142F820107047000300501F2886BF52
:10EC400000F01F00044B4FF0A04300F5E0700222DB
:10EC500043F82020704700BF000300502DE9F84F13
:10EC6000DFF804A190F804900C2303FB09A30C46E1
:10EC70001B7A9046002B6FD10668394B304653F80B
:10EC8000291000F0AFF90746002867D14FF0FF3395
:10EC900046F30735C6F80005C6F808352846C6F815
:10ECA0000C35FFF7ADFE4FF0FF33C6F80833217C7B
:10ECB000A068FFF7B1FF617CE068FFF7ADFFD4E922
:10ECC000002352EA03014FEA163B3ED0003A18BF38
:10ECD00001220BB142F00202A17C002D4FEA41114A
:10ECE0005FFA8BF3C9B232DB05F160406D0900F5C4
:10ECF0006140AD0005F1604580F8001305F5614500
:10ED0000012103F01F0301FA03F3C5F880312B60E2
:10ED1000D4E90231C6F808352378C6F80C15C6F8D0
:10ED200088352379C6F88C350C2303FB09F90AEBE7
:10ED30000903C6F8942500229A724AF809805A728B
:10ED400001221A723846BDE8F88F0122C4E705484F
:10ED500003F00F03C154DBE70827F3E71127F1E7BE
:10ED60009088070014ED00E05470012073B504682A
:10ED70000579D4F80C15D4F8080502AB03E90300B3
:10ED80004FF0FF360023C4F8003544F30730C4F8D1
:10ED90000865C4F80C65FFF733FEC4F80863009BF0
:10EDA000002B02DB0098FFF749FF019B002B02DBE1
:10EDB0000198FFF743FF204600F02BF904490C238C
:10EDC0006B43C8180022CA50027202B070BD00BF67
:10EDD0005470012010B5026804794FF48271104616
:10EDE000FFF720FE4FF49271FFF71CFE4FF4A6715F
:10EDF000FFF718FE4FF4A871FFF714FE4FF4B2713D
:10EE0000FFF710FE4FF4B471FFF70CFE0C21094B15
:10EE10006143595811B10849C2F804130921C2F8D5
:10EE200000150C2202FB0433022100225A601972E1
:10EE30005A7210BD54700120020218060368074977
:10EE40000279C3F808130021C3F80015044B0C2104
:10EE500001FB023301221A72704700BF020218063A
:10EE60005470012030B5104B04790C2505FB043398
:10EE70001B7A022B11D101F06043B3F1005F0ED178
:10EE800093B293420DD10268DBB2C2F84415C2F8C6
:10EE9000483501235363002030BD0820FCE71020D3
:10EEA000FAE70920F8E700BF5470012030B5104B95
:10EEB00004790C2505FB04331B7A022B11D101F0D8
:10EEC0006043B3F1005F0ED193B293420DD102685B
:10EED000DBB2C2F83415C2F83835012313630020C1
:10EEE00030BD0820FCE71020FAE70920F8E700BF52
:10EEF0005470012010B50446FFF76EFE2279044BD2
:10EF00000C2101FB0233587A431E5842584110BD70
:10EF10005470012010B50446FFF75EFE2279044BC1
:10EF20000C2101FB0233587AC31E5842584110BDD0
:10EF30005470012010B50446FFF74EFE2279044BB1
:10EF40000C2101FB0233587A831E5842584110BDF0
:10EF50005470012010B50446FFF73EFE2279044BA1
:10EF60000C2101FB0233587A031F5842584110BD4F
:10EF7000547001200E4B984211D0B0F1402F10D0A8
:10EF800003F5003398420ED0A3F5803398420CD09D
:10EF9000084A094B904218BF002318467047074B98
:10EFA000FBE7074BF9E7074BF7E7074BF5E700BF30
:10EFB00000300040002000408C7001206C70012067
:10EFC000747001207C70012084700120014B1B684B
:10EFD000184700BF6C700120014B1B68184700BF29
:10EFE0007470012070B5FFF7C5FF0D46044608B9DF
:10EFF000002070BD0020FDF744FC267916B90123DE
:10F00000256023710020FDF73EFC002EF0D011207A
:10F01000EFE708B5FFF7AEFF10B1002303600371FF
:10F0200008BD0000074A084B1360084A03F11001AD
:10F030001160074A03F120011160064A0120C2F85D
:10F0400004357047CC7001209C700120987001201D
:10F050009470012000E00040164B1B688B4210B5F5
:10F0600007D001F1100251F8044B43F8044B9142D0
:10F07000F9D1114A0023C2F80031012313604FF087
:10F080008073D2F8001181B10023C2F800310B4B1C
:10F090001B68834207D003F1100253F8041B40F8A9
:10F0A000041B9342F9D1012002E0013BE9D118464B
:10F0B00010BD00BF9870012000E000409470012056
:10F0C000054B1B6800F1100250F8041B43F8041BA9
:10F0D0009042F9D1704700BFCC700120024AD2F8AB
:10F0E0000034002BFBD0704700E001400A4908B50E
:10F0F0000223C1F80435BFF36F8FBFF34F8FC1F800
:10F100000805FFF7EBFF0023C1F80435BFF36F8F4D
:10F11000BFF34F8F08BD00BF00E0014070B50E4E39
:10F1200001231546C6F80435BFF36F8FBFF34F8F29
:10F130000024AC4207D10023C6F80435BFF36F8F1B
:10F14000BFF34F8F70BD51F8243040F82430FFF7E3
:10F15000C5FF0134EDE700BF00E001400048704703
:10F1600098880700FBF7F8B9FBF748BA014BD3F8CA
:10F1700004057047001001404FF400320121FBF7F5
:10F1800055BA000008B5F7F765F8064B01221A706A
:10F19000054B4FF40032C3F80021BDE80840F7F7F3
:10F1A0006FB800BF186A012000E100E0024B4FF485
:10F1B0000032C3F80823704700100140054B0022BD
:10F1C00082B0C3F84421D3F844310193019B02B0CB
:10F1D000704700BF0010014081F0004102E000BF15
:10F1E00083F0004330B54FEA41044FEA430594EA07
:10F1F000050F08BF90EA020F1FBF54EA000C55EA42
:10F20000020C7FEA645C7FEA655C00F0E2804FEA12
:10F210005454D4EB5555B8BF6D420CDD2C4480EAF4
:10F22000020281EA030382EA000083EA010180EA24
:10F23000020281EA0303362D88BF30BD11F0004F72
:10F240004FEA01314FF4801C4CEA113102D04042A8
:10F2500061EB410113F0004F4FEA03334CEA1333E3
:10F2600002D0524263EB430394EA050F00F0A780FB
:10F27000A4F10104D5F1200E0DDB02FA0EFC22FAF6
:10F2800005F2801841F1000103FA0EF2801843FAEA
:10F2900005F359410EE0A5F120050EF1200E012ADB
:10F2A00003FA0EFC28BF4CF0020C43FA05F3C01819
:10F2B00051EBE37101F0004507D54FF0000EDCF192
:10F2C000000C7EEB00006EEB0101B1F5801F1BD33B
:10F2D000B1F5001F0CD349085FEA30004FEA3C0C3F
:10F2E00004F101044FEA445212F5800F80F09A8035
:10F2F000BCF1004F08BF5FEA500C50F1000041EB39
:10F30000045141EA050130BD5FEA4C0C404141EB3C
:10F31000010111F4801FA4F10104E9D191F0000F63
:10F3200004BF01460020B1FA81F308BF2033A3F1E6
:10F330000B03B3F120020CDA0C3208DD02F1140CDD
:10F34000C2F10C0201FA0CF021FA02F10CE002F118
:10F350001402D8BFC2F1200C01FA02F120FA0CFC11
:10F36000DCBF41EA0C019040E41AA2BF01EB04515A
:10F37000294330BD6FEA04041F3C1CDA0C340EDC58
:10F3800004F11404C4F1200220FA04F001FA02F39B
:10F3900040EA030021FA04F345EA030130BDC4F159
:10F3A0000C04C4F1200220FA02F001FA04F340EA4E
:10F3B0000300294630BD21FA04F0294630BD94F0FF
:10F3C000000F83F4801306BF81F480110134013DE6
:10F3D0004EE77FEA645C18BF7FEA655C29D094EA57
:10F3E000050F08BF90EA020F05D054EA000C04BFD5
:10F3F0001946104630BD91EA030F1EBF00210020C0
:10F4000030BD5FEA545C05D14000494128BF41F05E
:10F41000004130BD14F580043CBF01F5801130BDC2
:10F4200001F0004545F0FE4141F470014FF000004D
:10F4300030BD7FEA645C1ABF194610467FEA655CFE
:10F440001CBF0B46024650EA013406BF52EA0335A0
:10F4500091EA030F41F4002130BD00BF90F0000F8E
:10F4600004BF0021704730B54FF4806404F13204CA
:10F470004FF000054FF0000150E700BF90F0000F83
:10F4800004BF0021704730B54FF4806404F13204AA
:10F4900010F0004548BF40424FF000013EE700BF7A
:10F4A00042004FEAE2014FEA31014FEA02701FBF0A
:10F4B00012F07F4393F07F4F81F06051704732F03C
:10F4C0007F4208BF704793F07F4F04BF41F4002193
:10F4D000704730B54FF4607401F0004521F00041F1
:10F4E0001CE700BF50EA010208BF704730B54FF07B
:10F4F00000050AE050EA010208BF704730B511F07C
:10F50000004502D5404261EB41014FF4806404F1B3
:10F5100032045FEA915C3FF4D8AE4FF003025FEA39
:10F52000DC0C18BF03325FEADC0C18BF033202EBBD
:10F53000DC02C2F1200300FA03FC20FA02F001FA17
:10F5400003FE40EA0E0021FA02F11444BDE600BFBA
:10F5500070B54FF0FF0C4CF4E06C1CEA11541DBF69
:10F560001CEA135594EA0C0F95EA0C0F00F0DEF834
:10F570002C4481EA030621EA4C5123EA4C5350EA19
:10F58000013518BF52EA033541F4801143F480136A
:10F5900038D0A0FB02CE4FF00005E1FB02E506F0FB
:10F5A0000042E0FB03E54FF00006E1FB03569CF050
:10F5B000000F18BF4EF0010EA4F1FF04B6F5007F56
:10F5C00064F5407404D25FEA4E0E6D4146EB0606C8
:10F5D00042EAC62141EA55514FEAC52040EA5E5051
:10F5E0004FEACE2EB4F1FD0C88BFBCF5E06F1ED8FB
:10F5F000BEF1004F08BF5FEA500E50F1000041EB32
:10F60000045170BD06F0004646EA010140EA0200DE
:10F6100081EA0301B4EB5C04C2BFD4EB0C0541EA00
:10F62000045170BD41F480114FF0000E013C00F315
:10F63000AB8014F1360FDEBF002001F0004170BD39
:10F64000C4F10004203C35DA0C341BDC04F1140452
:10F65000C4F1200500FA05F320FA04F001FA05F2DE
:10F6600040EA020001F0004221F0004110EBD370AB
:10F6700021FA04F642EB06015EEA430E08BF20EAD7
:10F68000D37070BDC4F10C04C4F1200500FA04F37A
:10F6900020FA05F001FA04F240EA020001F000410C
:10F6A00010EBD37041F100015EEA430E08BF20EA7F
:10F6B000D37070BDC4F1200500FA05F24EEA020EC7
:10F6C00020FA04F301FA05F243EA020321FA04F0F6
:10F6D00001F0004121FA04F220EA020000EBD370AD
:10F6E0005EEA430E08BF20EAD37070BD94F0000FAD
:10F6F0000FD101F00046400041EB010111F4801FE1
:10F7000008BF013CF7D041EA060195F0000F18BF91
:10F71000704703F00046520043EB030313F4801FCD
:10F7200008BF013DF7D043EA0603704794EA0C0F87
:10F730000CEA135518BF95EA0C0F0CD050EA41069D
:10F7400018BF52EA4306D1D181EA030101F000411A
:10F750004FF0000070BD50EA410606BF1046194642
:10F7600052EA430619D094EA0C0F02D150EA01364E
:10F7700013D195EA0C0F05D152EA03361CBF10468F
:10F7800019460AD181EA030101F0004141F0FE412E
:10F7900041F470014FF0000070BD41F0FE4141F4B2
:10F7A000780170BD70B54FF0FF0C4CF4E06C1CEAB2
:10F7B00011541DBF1CEA135594EA0C0F95EA0C0F67
:10F7C00000F0A7F8A4EB050481EA030E52EA033522
:10F7D0004FEA013100F088804FEA03334FF0805543
:10F7E00045EA131343EA12634FEA022245EA111570
:10F7F00045EA10654FEA00260EF000419D4208BF21
:10F80000964244F1FD0404F5407402D25B084FEACD
:10F810003202B61A65EB03055B084FEA32024FF479
:10F8200080104FF4002CB6EB020E75EB030E22BFD6
:10F83000B61A754640EA0C005B084FEA3202B6EB96
:10F84000020E75EB030E22BFB61A754640EA5C0045
:10F850005B084FEA3202B6EB020E75EB030E22BFD5
:10F86000B61A754640EA9C005B084FEA3202B6EBD6
:10F87000020E75EB030E22BFB61A754640EADC0095
:10F8800055EA060E18D04FEA051545EA16754FEAF7
:10F8900006164FEAC30343EA52734FEAC2025FEA15
:10F8A0001C1CC0D111F4801F0BD141EA00014FF0A4
:10F8B00000004FF0004CB6E711F4801F04BF014375
:10F8C0000020B4F1FD0C88BFBCF5E06F3FF6AFAE91
:10F8D000B5EB030C04BFB6EB020C5FEA500C50F121
:10F8E000000041EB045170BD0EF0004E4EEA1131A4
:10F8F00014EB5C04C2BFD4EB0C0541EA045170BDAB
:10F9000041F480114FF0000E013C90E645EA060EEE
:10F910008DE60CEA135594EA0C0F08BF95EA0C0F1C
:10F920003FF43BAF94EA0C0F0AD150EA01347FF464
:10F9300034AF95EA0C0F7FF425AF104619462CE73B
:10F9400095EA0C0F06D152EA03353FF4FDAE10469E
:10F95000194622E750EA410618BF52EA43067FF4EF
:10F96000C5AE50EA41047FF40DAF52EA43057FF47F
:10F97000EBAE12E74FF0FF3C06E000BF4FF0010C8A
:10F9800002E000BF4FF0010C4DF804CD4FEA410CEE
:10F990007FEA6C5C4FEA430C18BF7FEA6C5C1BD0BB
:10F9A00001B050EA410C0CBF52EA430C91EA030F3C
:10F9B00002BF90EA020F0020704710F1000F91EA99
:10F9C000030F58BF994208BF90422CBFD8176FEA67
:10F9D000E37040F0010070474FEA410C7FEA6C5C35
:10F9E00002D150EA013C07D14FEA430C7FEA6C5C3C
:10F9F000D6D152EA033CD3D05DF8040B704700BF68
:10FA00008446104662468C461946634600E000BFB5
:10FA100001B5FFF7B7FF002848BF10F1000F01BD87
:10FA20004DF808EDFFF7F4FF0CBF012000205DF852
:10FA300008FB00BF4DF808EDFFF7EAFF34BF0120D7
:10FA400000205DF808FB00BF4DF808EDFFF7E0FF70
:10FA500094BF012000205DF808FB00BF4DF808EDC1
:10FA6000FFF7CEFF94BF012000205DF808FB00BF28
:10FA70004DF808EDFFF7C4FF34BF012000205DF80A
:10FA800008FB00BF4FEA410C7FEA6C5C02D150EAF0
:10FA9000013C0AD14FEA430C7FEA6C5C02D152EA86
:10FAA000033C02D14FF0000070474FF00100704757
:10FAB0004A0011D212F5001211D20DD56FF47873ED
:10FAC000B3EB62520ED44FEAC12343F0004343EA42
:10FAD000505323FA02F070474FF00000704750EA8D
:10FAE000013002D14FF0FF3070474FF000007047F7
:10FAF0004FEA4102B2F1E04324BFB3F5001CDCF150
:10FB0000FE5C0DD901F0004C4FEAC0024CEA507087
:10FB1000B2F1004F40EB830008BF20F001007047B6
:10FB200011F0804F21D113F13872BCBF01F00040B9
:10FB3000704741F480114FEA5252C2F11802C2F1EB
:10FB4000200C10FA0CF320FA02F018BF40F001006C
:10FB50004FEAC1234FEAD32303FA0CFC40EA0C001E
:10FB600023FA02F34FEA4303CCE77FEA625307D15B
:10FB700050EA01331EBF4FF0FE4040F44000704792
:10FB800001F0004040F0FE4040F40000704700BF2C
:10FB90007BB972B90029BEBF00204FF0004106E0DA
:10FBA00008BF00281CBF6FF000414FF0FF3000F08D
:10FBB000BFB9ADF1080C6DE904CE002909DB002BBB
:10FBC0001ADB00F04DF8DDF804E0DDE9022304B0B3
:10FBD0007047404261EB4101002B1BDB00F040F815
:10FBE000DDF804E0DDE9022304B0404261EB4101AD
:10FBF000524263EB43037047524263EB430300F00E
:10FC00002FF8DDF804E0DDE9022304B0404261EBA7
:10FC100041017047524263EB430300F021F8DDF8E5
:10FC200004E0DDE9022304B0524263EB4303704772
:10FC300053B94AB9002908BF00281CBF4FF0FF3153
:10FC40004FF0FF3000F074B9ADF1080C6DE904CE4F
:10FC500000F006F8DDF804E0DDE9022304B07047A7
:10FC60002DE9F047089E04468846002B40F0858029
:10FC70008A42154648D9B2FA82F24AB1C2F1200747
:10FC800001FA02F320FA07F7954047EA0308944087
:10FC90004FEA154E230CB8FBFEF71FFA85FC0EFB4E
:10FCA000178843EA084307FB0CF1994209D9EB187E
:10FCB00007F1FF3080F0E380994240F2E080023F9C
:10FCC0002B445B1AA4B2B3FBFEF00EFB103344EAE4
:10FCD000034400FB0CFCA44509D92C1900F1FF33A7
:10FCE00080F0CB80A44540F2C88002382C4440EA22
:10FCF0000740A4EB0C0400271EB1D4400023C6E942
:10FD000000433946BDE8F087002A53D0B2FA82F2A8
:10FD1000002A40F0B680491B4FEA154E1FFA85F8BD
:10FD20000127B1FBFEFC230C0EFB1C1143EA01432F
:10FD300008FB0CF1994207D9EB180CF1FF3002D205
:10FD4000994200F2EC808446591AA3B2B1FBFEF04E
:10FD50000EFB101443EA044408FB00F8A04507D941
:10FD60002C1900F1FF3302D2A04500F2DC801846C6
:10FD7000A4EB080440EA0C40BEE78B4208D9002EF1
:10FD800078D00027C6E9000138463946BDE8F0873B
:10FD9000B3FA83F77FB98B4202D3824200F2BD806F
:10FDA000841A61EB030301209846002EA9D0C6E90E
:10FDB0000048A6E7FFDEC7F12005BB4022FA05FC9C
:10FDC0004CEA030C01FA07F420FA05F821FA05F3CE
:10FDD0004FEA1C4E48EA0404B3FBFEF9210C0EFB6B
:10FDE00019331FFA8CF841EA034309FB08FA9A45D4
:10FDF00002FA07F200FA07F10BD91CEB030309F131
:10FE0000FF3080F088809A4540F28580A9F1020990
:10FE10006344A3EB0A03A4B2B3FBFEF00EFB103362
:10FE200044EA034400FB08F8A04508D91CEB04048D
:10FE300000F1FF336BD2A04569D90238644440EA2F
:10FE40000940A4EB0804A0FB02894C45C6464B467A
:10FE500054D351D0002E69D0B1EB0E0264EB0304F1
:10FE600004FA05F522FA07F3FC401D43C6E90054E5
:10FE7000002746E73746304643E7184637E7074648
:10FE80001FE7C2F1200320FA03F7954001FA02F0C0
:10FE900021FA03F34FEA154E3843010CB3FBFEF78A
:10FEA0001FFA85F80EFB173341EA034107FB08F3FD
:10FEB0008B4204FA02F407D9691807F1FF3C28D2F3
:10FEC0008B4226D9023F2944CB1A81B2B3FBFEF004
:10FED0000EFB103341EA034100FB08F38B4207D9C4
:10FEE000691800F1FF3C10D28B420ED90238294428
:10FEF000C91A40EA074714E74145ABD2B8EB020EF6
:10FF000069EB0C0201381346A4E76046F0E7184697
:10FF100095E76746D8E781467BE7384645E7ACF189
:10FF2000020C2B4410E702382C4421E73746E8E660
:10FF3000704700BF10B52DED028B8AB008EE100A95
:10FF400000F04EF8244B93F90040631C09D0B4EE46
:10FF5000488AF1EE10FA04D6B5EEC08AF1EE10FA36
:10FF600003D40AB0BDEC028B10BD01231B4A0093E1
:10FF700018EE100A002301920893FFF791FA00226D
:10FF8000CDE90401CDE902010023ACB110461946C8
:10FF9000FFF708FC022CCDE906010FD100F032F882
:10FFA00021230360089B8BB9DDE90601FFF7A0FD63
:10FFB0000AB0BDEC028B10BDCDE90623684600F007
:10FFC00017F80028EAD0089B002BEDD000F01AF8B3
:10FFD000089B0360E8E700BF22650020A4880700B3
:10FFE00007EE900AF1EEE77A17EE900A704700BF2D
:10FFF0000020704708B5062001F082FA0120F6F7CC
:0200000270008C
:1000000063FC0000014B1868704700BF24650020A6
:1000100070B505460C4611B90026304670BD18B1C2
:1000200083690BB900F082F92C4B9C4214D16C68A7
:10003000636ED80705D4A389990502D4A06D00F09A
:1000400047FBB4F90C308BB9666E16F00106E3D1AC
:10005000A06D00F03EFBE0E7214B9C4201D1AC6873
:10006000E6E7204B9C4208BFEC68E1E721462846C2
:1000700000F042F8236B064633B1216A28469847C0
:100080000028B8BF4FF0FF36A3891A0603D52169AF
:100090002846F6F72FF8616B41B104F14403994209
:1000A00002D02846F6F726F800236363A16C21B13D
:1000B0002846F6F71FF80023A36400F01FF9002379
:1000C000A381636EDB0702D4A06D00F002FBA06D7C
:1000D00000F0FDFA00F018F99FE700BFD089070093
:1000E000F0890700B0890700024B01461868FFF746
:1000F0008FBF00BF246500208A892DE9F0410546A5
:1001000010070C4658D44B68002B05DC0B6C002BF9
:1001100002DC0020BDE8F081E66A002EF9D0002361
:1001200012F480522F682B6032D0606DA3895A0779
:1001300005D56368C01A636B0BB1236CC01A00232A
:100140000246E66A216A2846B047431CA38906D1C5
:1001500029681D2949D82A4ACA40D60745D5002210
:100160006260D9042269226004D5421C01D12B6847
:1001700003B96065616B2F600029CAD004F14403A4
:10018000994202D02846F5F7B5FF00206063C1E729
:10019000216A01232846B047411CC7D12B68002B98
:1001A000C4D01D2B01D0162B01D12F60B1E7A3893C
:1001B00043F04003A381ADE70F69002FA9D0930757
:1001C0000E6808BF4B690F6018BF0023A6EB070835
:1001D0008B60B8F1000F9CDD43463A46216AA66A5F
:1001E0002846B047002806DCA38943F04003A381DA
:1001F0004FF0FF308EE70744A8EB0008E9E700BFA7
:100200000100402038B50B6905460C4613B900259E
:10021000284638BD18B183690BB900F087F8144B34
:100220009C421BD16C68B4F90C30002BEFD0626E8D
:10023000D00704D4990502D4A06D00F049FA2846ED
:100240002146FFF759FF636EDA070546E0D4A3891C
:100250009B05DDD4A06D00F03CFAD9E7054B9C422C
:1002600001D1AC68DFE7044B9C4208BFEC68DAE7D9
:10027000D0890700F0890700B0890700002310B576
:100280000446C0E90033836081814366C281C0E9CE
:1002900004338361194608225C3000F017FB054BDC
:1002A0006362054BA362054BE362054B2462236343
:1002B00010BD00BF791507009B150700D315070077
:1002C000F7150700014900F0BFB900BF050207009C
:1002D00070B54A1E682555430E4605F17401F5F7C1
:1002E000C7FE044640B10021C0E900160C30A060F2
:1002F00005F1680200F0EAFA204670BD014800F0FE
:10030000E7B900BFE3700120014800F0E2B900BF87
:10031000E3700120014800F0DBB900BFE07001206C
:10032000014800F0D6B900BFE070012010B50446C6
:10033000FFF7F0FFA3691BB1BDE81040FFF7F0BF66
:10034000C4E912332365134B134A1B68A262A3420C
:1003500004BF0123A361204600F020F8606020461E
:1003600000F01CF8A060204600F018F80022E060C1
:1003700004216068FFF782FF01220921A068FFF7CE
:100380007DFF02221221E068FFF778FF0123A361BD
:10039000D2E700BF108A0700C5020700F8B507467C
:1003A000FFF7ACFF1E4B1E68B36913B93046FFF769
:1003B000BDFF4836D6E90134013B03D533680BB3A2
:1003C0003668F7E7B4F90C50D5B9164BE36004F181
:1003D0005800656600F07AF9FFF796FF2560C4E9DA
:1003E0000155C4E90455A5610822294604F15C00C1
:1003F00000F06CFAC4E90D55C4E912552046F8BD69
:100400006834D9E704213846FFF762FF04463060BC
:100410000028D5D1FFF778FF0C233B60EEE700BF43
:10042000108A07000100FFFFF7B50F46114601AA29
:10043000054602F0A3F8064618B90024204603B08A
:10044000F0BD2846FFF7AAFF04460028F5D039463C
:100450004FF4DB73019A284600F036FF071E09DAD5
:100460000025FFF74BFFA06DA58100F030F9FFF7E5
:100470004BFFE2E7636EDB0705D4A389980502D43E
:10048000A06D00F025F90E4B63620E4BA3620E4B7C
:10049000E362F1050D4BE781A6812462236305D554
:1004A000022300222146284600F01AF8636EDA077C
:1004B000C4D4A3899B05C1D4A06D00F00AF9BDE79F
:1004C000791507009B150700D3150700F7150700DE
:1004D000024B0A4601461868FFF7A6BF24650020B4
:1004E00000F000B82DE9F0410C4690461D46064646
:1004F00018B183690BB9FFF719FF504B9C421FD10C
:100500007468636ED90705D4A3899A0502D4A06DD7
:1005100000F0DEF8A38903F48473B3F5847F03D17C
:1005200021463046FFF76EFEE76A9FB91D23336010
:10053000636ED90779D54FF0FF352846BDE8F081C5
:100540003F4B9C4201D1B468DBE73E4B9C4208BF65
:10055000F468D6E7012D37D0022D01D0002D62D1ED
:1005600023691BB92146304600F0D8F821463046B1
:10057000FFF748FE0028DBD12B464246216A304671
:10058000B8470130D4D0616B41B104F144039942C2
:1005900002D03046F5F7AEFD002363632369236084
:1005A000A389002623F402636660A38108223146F2
:1005B00004F15C0000F08AF9656E15F001053BD18D
:1005C000A3899B05B9D421E021463046FFF71AFEE6
:1005D000A28912F480520CD0656DA3895A0719D5EF
:1005E0006368ED1A636B0BB1236CED1AA844002508
:1005F000B6E72B46216A3046B847431C0546ECD186
:10060000636ED80797D4A389990594D4A06D00F0A0
:1006100060F892E71807E9D523682269002BE5D036
:100620009B1A1D44E2E7162381E7A3899A0582D429
:10063000A06D00F04EF87EE735467EE7D0890700D2
:10064000F0890700B08907002DE9F8438046894604
:1006500000F14804002614B93046BDE8F883D4E917
:100660000175013F01D52468F5E7AB89012B07D956
:10067000B5F90E30013303D029464046C84706433A
:100680006835EEE770B50D4D0D4C641BA4100026C7
:10069000A64209D10B4D0C4C02F072FC641BA41055
:1006A0000026A64205D170BD55F8043B9847013697
:1006B000EEE755F8043B98470136F2E7F86600206C
:1006C000F8660020F86600203C67002070477047FD
:1006D0007047704770B50E46B1F90E10002996B0FC
:1006E00014461D4607DA00232B60B3891A0610D47E
:1006F0004FF480630EE06A4601F076FF0028F2DBDB
:10070000019A02F47042A2F500535A425A412A60FB
:10071000EEE740230020236016B070BD8B8973B5CF
:100720009D0706460C4607D504F147032360236165
:100730000123636102B070BD01AB6A46FFF7CAFFD7
:10074000009905463046F5F793FC48B9B4F90C30EA
:100750009A05EFD423F0030343F00203A381E3E7F8
:100760000D4BB362A389206043F08003A381009BFB
:100770006361019B20615BB1B4F90E10304601F05A
:1007800045FF28B1A38923F0030343F00103A381AC
:10079000A3891D43A581CDE7C5020700024B014691
:1007A0001868F5F765BC00BF24650020024B0146C0
:1007B0001868F5F79FBC00BF24650020000000000A
:1007C00001F0FF01102A2BDB10F0070F08D010F802
:1007D000013B013A8B422DD010F0070F42B3F6D106
:1007E000F0B441EA012141EA014122F007047FF01F
:1007F00000070023F0E80256083C85EA010586EA76
:10080000010685FA47F5A3FA87F586FA47F6A5FAB1
:1008100087F68EB9EED1F0BC01F0FF0102F00702BD
:1008200032B110F8013B013A83EA010313B1F8D168
:100830000020704701387047002D06BF3546033849
:10084000073815F0010F07D1013015F4807F02BF82
:10085000013015F4C03F0130F0BC0138704700BFD3
:1008600030B501390024A24201D1002005E0035D2A
:1008700001340D5DAB42F6D0581B30BD0A449142A5
:1008800000F1FF3300D1704710B511F8014B03F8A8
:10089000014F9142F9D110BD884210B501EB02031E
:1008A00002D983421C4607D8421E994208D011F84B
:1008B000014B02F8014FF8E783189A1A9A4200D1C7
:1008C00010BD14F8011D03F8011DF7E702440346AB
:1008D000934200D1704703F8011BF9E738B505468C
:1008E000002945D051F8043C0C1F002BB8BFE41878
:1008F000F5F7F9FF1F4A1368104633B963601460B7
:100900002846BDE83840F5F7F2BFA3420CD921686C
:100910006218934204BF1A685B68636004BF521890
:1009200022600460ECE713465A680AB1A242FAD981
:1009300019685818A0420BD1206801445818824207
:100940001960DDD1106852685A6001441960D7E718
:1009500002D90C232B60D3E7206821188A4204BFF8
:1009600011685268626004BF091821605C60C7E7C3
:1009700038BD00BFD0700120F8B5CD1C25F00305AF
:1009800008350C2D38BF0C25002D064601DBA94289
:1009900003D90C2333600020F8BDF5F7A4FF2149EB
:1009A0000A6814469CB9204F3B6823B9214630465B
:1009B00000F0A4FC38602946304600F09FFC431C40
:1009C00023D10C2333603046F5F791FFE3E723682A
:1009D0005B1B17D40B2B03D923601C44256004E058
:1009E0006368A2420CBF0B6053603046F5F77FFF8F
:1009F00004F10B00231D20F00700C21ACCD01B1AF3
:100A0000A350C9E722466468CCE7C41C24F0030461
:100A1000A042E3D0211A304600F070FC0130DDD155
:100A2000CFE700BFD0700120D47001202DE9F0473E
:100A300088B0002B149F109EDDF84CA01D46144674
:100A4000BCBF03F10043144627F02007129AB6BF3B
:100A50001D4600232D23462F137004D0452F00D1AF
:100A60000136022300E0032307AA049206AACDE977
:100A700002A2CDE9003622462B4600F0C9FF472FDF
:100A8000804602D1119BDB0722D5462F08EB0609D1
:100A900011D198F80030302B0AD1002200232046D3
:100AA0002946FEF7BDFF18B9C6F10106CAF8006075
:100AB000DAF8003099440022002320462946FEF748
:100AC000AFFF08B1CDF81C903022079B4B4508D3EF
:100AD000079B159AA3EB08034046136008B0BDE8D6
:100AE000F087591C07911A70EFE7F7B50029BABFD4
:100AF00049422D232B2309290270437021DD0DF17A
:100B000007031F460A2691FBF6F206FB1214303447
:100B1000632903F1FF3503F8014C0ADC303205F894
:100B2000012C023B821CBB42144605D3201A03B0A1
:100B3000F0BD2B461146E6E713F8011B02F8011B36
:100B4000F1E7302319448370041DC170EEE7000003
:100B50002DE9F04F91B00C46DDF8688016461F462F
:100B6000054601F063FD03680A93184600F083FD13
:100B700000230E93D8F800300B90073323F00703BF
:100B800003F1080294F818A0D4F800B0C8F80020C7
:100B9000D3E90023C4E9122394ED127B8DED087B89
:100BA000DDE9088323F000494FF0FF32AA4B4046AD
:100BB0004946FEF767FF70BB4FF0FF32A64B404639
:100BC0004946FEF741FF30BB00220023DDE9080162
:100BD000FEF730FF10B12D2384F843309F4AA04B1D
:100BE000BAF1470F94BF90469846032323612BF038
:100BF000040323604FF00009009733460FAA2146F3
:100C0000284600F0D7F9013040F093804FF0FF30D4
:100C100011B0BDE8F08FDDE9082310461946FEF754
:100C200031FF60B100220023DDE90801FEF702FF79
:100C300010B12D2384F843308A4A8B4BD0E7636888
:100C40005A1C0AF0DF0941D1062363600022069294
:100C50000EAACDE904A20DAA4BF4806303920DF114
:100C60003302CDE901322360636800932846DDE951
:100C70000823FFF7DBFEB9F1470F80460D9908D135
:100C8000C81C02DB6368994241DDAAF1020A5FFADF
:100C90008AFABAF1650F20D80139524604F15000A2
:100CA0000D91FFF722FF0E9A1318012A8146236146
:100CB00002DC2268D20701D5013323619DF833306D
:100CC000002B99D02D2384F8433095E7B9F1470FD5
:100CD000BCD1002BBAD10123B7E7BAF1660F18D106
:100CE000002963680BDD216113B92268D00702D5A2
:100CF00001330B442361A1654FF00009DEE713B90E
:100D00002268D20701D50233F4E70123F2E74FF05E
:100D1000670A0E9B994205DB23682161D807EAD553
:100D20004B1CE7E70029D4BFC1F1020201221344A2
:100D3000E0E723685A0507D423694246314628462E
:100D4000B84701302BD161E7BAF1650F40F2DD8081
:100D500000220023D4E91201FEF762FE002833D0FE
:100D60000123424A31462846B84701303FF44EAF8E
:100D7000DDE90D239A4202DB2368D8070FD5DDE9B0
:100D80000A2331462846B84701303FF43FAF4FF0C1
:100D9000000804F11A090E9B013B434509DC236856
:100DA0009B0700F10281E0680F9B9842B8BF18468C
:100DB0002EE701234A4631462846B84701303FF422
:100DC00025AF08F10108E6E70D9B002B2BDC012382
:100DD000264A31462846B84701303FF417AFDDE9CF
:100DE0000D23134302D12368D907D8D5DDE90A239F
:100DF00031462846B84701303FF408AF4FF00009AC
:100E000004F11A0A0D9B5B424B4501DC0E9B94E7F3
:100E10000123524631462846B84701303FF4F6AE2A
:100E200009F10109EEE70E9AA36D9A42A8BF1A468E
:100E3000002A914607DD1346314642462846B84708
:100E400001303FF4E3AE04F11A034FF0000B29EA3E
:100E5000E979089316E000BFFFFFEF7F148A0700CF
:100E600030410700188A07002C410700133C070097
:100E70000123089A31462846B84701303FF4C6AEF0
:100E80000BF1010BD4F858A0AAEB09035B45EFDC8A
:100E9000DDE90D239A421BDB2368DA0718D4DDE96C
:100EA0000D2392451CDBA3EB0A09B9F1000F08DD05
:100EB0004B4608EB0A0231462846B84701303FF45A
:100EC000A5AE4FF0000829EAE97904F11A0A14E006
:100ED000DDE90A2331462846B8470130DFD195E6DF
:100EE000A3EB0209E1E70123524631462846B84701
:100EF00001303FF48BAE08F10108DDE90D239B1AA8
:100F0000A3EB09034345EEDC49E70E9A012A01DC15
:100F1000DB0737D50123424631462846B847013022
:100F20003FF474AEDDE90A2331462846B847013064
:100F30003FF46CAE00220023D4E91201FEF770FDED
:100F4000D8B90E9B08F10102013B31462846B8474B
:100F500001300ED15AE60123524631462846B847A1
:100F600001303FF453AE08F101080E9B013B4345AD
:100F7000F1DC4B4604F15002E0E64FF0000804F1CA
:100F80001A0AF2E701234246DFE701234A463146C7
:100F90002846B84701303FF439AE08F10108E3684C
:100FA0000F9A9B1A4345F0DCFDE64FF0000804F170
:100FB0001909F4E72DE9F04791461F468A680B6945
:100FC000DDF820809342B8BF1346C9F8003091F88D
:100FD000432006460C4612B10133C9F8003023689D
:100FE000990642BFD9F800300233C9F800302568AD
:100FF00015F0060507D104F1190AE368D9F80020B5
:101000009B1AAB4228DC94F843302268003318BFA7
:10101000012392062DD404F1430239463046C047DD
:10102000013020D02368E568D9F8002003F00603DA
:10103000042B08BFAD1AA36822690CBF25EAE57529
:1010400000259342C4BF9B1AED184FF000091A34D3
:101050004D451AD1002008E001235246394630465A
:10106000C047013003D14FF0FF30BDE8F0870135B4
:10107000C3E7E1185A1C302081F84300224494F859
:10108000451082F843100233C5E701232246394652
:101090003046C0470130E6D009F10109D8E7000029
:1010A0002DE9F04306460C4601F14300097E85B068
:1010B0006E29984617460C9B00F0BA8024D8632905
:1010C00039D00AD8002900F0C380582900F0918057
:1010D00004F1420584F8421035E0642901D0692901
:1010E000F6D125681A6815F0800F02F104012CD0A2
:1010F00012681960002A03DA2D23524284F8433023
:10110000DFF8BCC10A233FE0732900F0A58008D8AE
:101110006F2921D07029DBD1226842F020022260A1
:1011200003E0752918D07829D2D1782284F8452097
:10113000DFF890C161E01A68111D1960136884F826
:10114000423004F14205012393E01268196015F062
:10115000400F18BF12B2CDE7D4F800C01A681CF0D7
:10116000800F02F104051D6001D0126803E01CF03D
:10117000400FFAD01288DFF848C16F290CBF08234E
:101180000A23002184F843106568A560002DA2BFE2
:10119000216821F0040121600AB9002D46D00546DE
:1011A000B2FBF3F103FB112E93421CF80EE005F89D
:1011B00001ED39D9082B0BD12368DA0708D523694B
:1011C00062689A42DEBF302305F8013C05F1FF3525
:1011D000401B2061CDF800803B4603AA21463046E3
:1011E000FFF7E8FE013049D14FF0FF3005B0BDE810
:1011F000F083DFF8CCC084F845101D68216855F8ED
:10120000042B1D600D060BD5CD0744BF41F0200116
:1012100021601AB9236823F0200323601023B0E76C
:101220004B0648BF92B2EFE70A46B9E70546C1E769
:101230001A68D4F800C06169151D1D601CF0800F8C
:10124000136801D0196003E01CF0400FFAD0198038
:10125000002323610546BDE71A68111D1960156852
:10126000626800212846FFF7ABFA08B1401B6060B6
:1012700063682361002384F84330ABE723692A467F
:1012800039463046C0470130AED023689B0713D49F
:10129000E068039B9842B8BF1846A7E701234A4677
:1012A00039463046C04701309ED00135E368039A85
:1012B0009B1AAB42F2DCEBE7002504F11909F5E7D4
:1012C0001C8A07002D8A070038B5074C05460846DA
:1012D0001146002222601A46F5F70EFE431C02D189
:1012E000236803B12B6038BDD8700120024B0A4639
:1012F00001461868F4F74CBE2465002038B5064C4A
:101300000023054608462360F5F7C8FA431C02D1BE
:10131000236803B12B6038BDD870012000294FF439
:1013200080630CBF0222002200F000B82DE9F743D1
:101330001E465B4B1D6804460F46904625B1AB69BF
:1013400013B92846FEF7F2FF564B9C4266D16C68F3
:10135000B8F1020F06D0B8F1010F00F29D80002E07
:10136000C0F29A80636EDA0705D4A3899B0502D484
:10137000A06DFFF7ADF921462846FEF743FF616BEC
:1013800041B104F14403994202D02846F4F7B2FE79
:10139000002363630023A3616360A389180603D558
:1013A00021692846F4F7A6FEA38923F44A6323F0B3
:1013B0000303B8F1020FA3816AD001AB6A4621464C
:1013C0002846FFF787F9A3891843A081002E2FD163
:1013D000009E3046FFF7E2F90746002853D1DDF8BA
:1013E0000090B14548D14FF0FF350022A26004F1D2
:1013F0004702226022610122B4F90C306261626E00
:1014000043F00203D107A38104D49B0502D4A06D4D
:10141000FFF75FF9284603B0BDE8F083224B9C42FA
:1014200001D1AC6894E7214B9C4208BFEC688FE780
:10143000002FCED0AB6913B92846FEF777FFB8F17D
:10144000010F08BFA389276004BF43F00103A381F4
:10145000A38913F00802C4E904761BD0DA0741BF60
:1014600000227642A260A66158BFA660656E15F0A4
:101470000105CAD00025CDE74846FFF78FF907469A
:101480000028B0D04E46A38943F08003A381D1E762
:101490000025AAE7A260E9E74FF0FF35BAE700BFF1
:1014A00024650020D0890700F0890700B089070073
:1014B0001F2938B504460D4604D9162303604FF0A2
:1014C000FF3038BD426C12B152F821304BB9204682
:1014D00000F030F82A4601462046BDE8384000F0CA
:1014E00017B8012B0AD0591C03D116230360012021
:1014F000E7E7002442F82540284698470020E0E727
:10150000024B01461868FFF7D3BF00BF24650020D7
:1015100038B5074C0023054608461146236001F004
:1015200027FD431C02D1236803B12B6038BD00BFE7
:10153000D870012001F014BD0EB400B59CB01DABF5
:10154000029006906FF00041094807910491094903
:1015500053F8042B05910068019302A901F0C0FB28
:10156000029B00221A701CB05DF804EB03B07047B8
:10157000246500200802FFFF10B50C46B1F90E10DB
:1015800001F0A6FC0028ABBF636DA3891B1823F4F0
:101590008053ACBF6365A38110BD2DE9F0411F46A8
:1015A0008B89DB0505460C46164605D5022300222D
:1015B000B1F90E1001F03EF8A389B4F90E1023F42E
:1015C0008053A38132463B462846BDE8F04100F0F7
:1015D00071B910B50C46B1F90E1001F02BF8431C8F
:1015E000A38915BF606523F4805343F48053A3811E
:1015F00018BFA38110BDB1F90E1000F06DB9000045
:1016000070B50C4D2E4610F8013B5A5D02F00302F6
:10161000012A11F8012BB45C04F0030408BF203345
:10162000012C08BF20329B1A01D1002AEBD11846A9
:1016300070BD00BFAD880700C9B2034610F8012B8A
:101640001AB18A42F9D118467047002918BF002301
:10165000F9E710F8012B11F8013B012A28BF9A4243
:10166000F7D0D01A7047034611F8012B03F8012B6D
:10167000002AF9D17047034613F8012B002AFBD149
:10168000181A0138704710B56AB10139841810F87A
:10169000013B11F8012F934203D1A04201D0002B4E
:1016A000F5D1981A10BD1046FCE770B50378A3B1C8
:1016B00003460C46184613F8015B4DB10A4601E09B
:1016C000AE4209D0144612F8016B002EF8D1F1E7B2
:1016D0002378002B08BF002070BD1846FCE770B5CA
:1016E00003461E4613F8014B3CB14A1E01E0A542D9
:1016F000F7D012F8015F002DF9D1301A70BDF0B5A6
:101700000C7864B103461A7818465E1C0AB9104674
:1017100005E0944208D10D4615F8012F02B9F0BD3D
:1017200013F8017F9742F7D03346ECE72DE9F043F9
:10173000384F86460846054615F8014BE65D16F01B
:10174000080631D12D2C31D12C784FF00108851CA1
:10175000002B5AD0102B09D1302C07D1287800F05B
:10176000DF0058284CD16C78102302354FF0FF3C35
:101770000026BCFBF3FC03FB0CF96FEA09093046B9
:10178000A4F13007092F18D83C46A34224DD002ECF
:101790001FDB84451DD301D1A1451ADB00FB0340AB
:1017A000012615F8014BEBE72846C4E72B2C08BFB0
:1017B0002C78B04608BF851CCAE7A4F14107192F51
:1017C00001D8373CE1E7A4F16107192F04D8573C51
:1017D000DBE74FF0FF36E4E7002E07DA2223CEF8EE
:1017E00000304FF0FF3042B9BDE8F083B8F1000F90
:1017F00000D04042002AF7D006B1691E1160F3E71D
:101800003024002BB2D10823B0E7302CA6D00A2315
:10181000ACE700BFAD88070013460A460146024800
:101820000068FFF783BF00BF24650020034BC35C43
:1018300003F00303012B08BF20307047AD88070079
:1018400030B5141E05469BB0184605DA8B232B6075
:101850004FF0FF301BB030BD4FF40273ADF80C30C9
:1018600014BF04F1FF332346029305934FF6FF7331
:1018700000910491ADF80E3002461E9B6946284641
:1018800001F02EFA431CBCBF8B232B60002CE1D04F
:10189000009B00221A70DDE707B5009313460A4645
:1018A000014603480068FFF7CBFF03B05DF804FB77
:1018B0002465002038B5074C05460846114600222D
:1018C00022601A46F5F718F9431C02D1236803B1C8
:1018D0002B6038BDD870012038B5064C0023054672
:1018E00008462360F5F7A4F8431C02D1236803B12E
:1018F0002B6038BDD87001202DE9F74F03690C69C2
:10190000A34280467FDB013C01F11407A00008F1EF
:1019100014052B18019357F8243055F8242001336F
:101920009A4207EB0009B2FBF3F631D34FF0000AFD
:10193000BC46AE46D3465CF8042B93B206FB03A329
:101940004FEA134A9BB2ABEB0303120CDEF800B074
:1019500006FB02A213FA8BF34FEA124A1FFA82FB2C
:10196000DEF80020CBEB124202EB23429BB243EAAB
:101970000243E1454FEA224B4EF8043BDBD22B58A1
:1019800033B9019B043B9D421A4630D3C8F810403E
:10199000404601F084F8002825DB013628464FF048
:1019A000000C57F8042BD0F800E093B2ACEB030323
:1019B000120C13FA8EF3C2EB1E4202EB23429BB2CF
:1019C00043EA0243B9454FEA224C40F8043BE8D2CF
:1019D00055F8242005EB84032AB9043B9D421A469E
:1019E0000BD3C8F81040304603B0BDE8F08F126842
:1019F000043B002ACAD1013CC5E71268043B002A17
:101A0000EFD1013CEAE70020EEE700000000000013
:101A10002DE9F04F476A97B014461D468346239E32
:101A2000CDE9024547B91020FEF7B8FEC0E90177BD
:101A3000CBF824000760C760DBF82430196859B17F
:101A40005A684A60012393408B60584600F04AFE72
:101A5000DBF8243000221A602B1EB9BF23F00043AC
:101A6000039300233360039CAF4BBCBF0122326061
:101A7000A3431AD1229A42F20F731360029AC4F35D
:101A80001303134300F05185249B53B9A74B23E064
:101A9000A74B06930833249A1360069817B0BDE845
:101AA000F08FA24B06930333F5E79DED027B0022F6
:101AB000002351EC170B8DED0C7BFDF7B1FF0746B2
:101AC00060B1229A01231360249B002B00F02A8529
:101AD000984B249A1360013B0693DEE714AB019305
:101AE00015AB00935846DDE90C2301F04FF8C4F321
:101AF0000A568046002E7FD00D9B1397C3F3130325
:101B0000DDE90C4543F07F5545F44015A6F2FF365C
:101B10000022894B20462946FDF762FB7CA3D3E9CE
:101B20000023FDF715FD7CA3D3E90023FDF75AFB45
:101B3000044630460D46FDF7A1FC79A3D3E9002306
:101B4000FDF706FD02460B4620462946FDF74AFBF7
:101B500004460D4601F0DCF90022824600232046AF
:101B60002946FDF767FF48B15046FDF787FC22463E
:101B70002B46FDF755FF08B90AF1FF3ABAF1160FE7
:101B800059D86E4B03EBCA03D3E90023DDE90C01FE
:101B9000FDF750FF002850D00AF1FF3A00231293BE
:101BA000149B9E1B731E089345BFC6F10103079348
:101BB000002300234CBF08930793BAF1000F3EDBCC
:101BC000089BCDF83CA05344089300230993209B25
:101BD000092B00F28F80052BC4BF043B2093209B70
:101BE000A3F10203CCBF00240124032B00F28D805B
:101BF000DFE803F02F3C3A7EDDE914631E4406F271
:101C00003240202811DDC0F14000029B844006F2E2
:101C1000124023FA00F02043FDF720FC0123044684
:101C2000A1F1F875013E139372E7029BC0F1200009
:101C300003FA00F0F0E70123B1E71290B0E7079B49
:101C4000A3EB0A030793CAF10003099300230F9340
:101C5000BDE700230E93219B002B73DC012304932B
:101C600099461A4621920CE00123F3E700230E93D4
:101C7000219B534403F1010904934B46012BB8BF48
:101C80000123DBF8245000226A60042202F11400D0
:101C9000984269685AD9584600F0F0FCDBF82430C5
:101CA00028601B680693B9F10E0F00F2D480002C57
:101CB00000F0D180BAF1000F66DD204A0AF00F0370
:101CC00002EBC30393ED007B4FEA2A14E2068DED8D
:101CD0000A7B57D51A4BDDE90C01D3E90823FDF740
:101CE00061FDCDE9020104F00F040326144D3EE02E
:101CF0000123BCE70124002320930E944FF0FF330F
:101D00000493994600221223ACE701230E93F5E7D2
:101D100061436F63A787D23FB3C8608B288AC63FF1
:101D2000FB799F501344D33F0000F07F478A0700A0
:101D30003E8A0700143C07000000F83F808A070035
:101D4000588A0700219B049399469AE701316960FC
:101D500052009BE7E30708D5DDE90A01D5E9002336
:101D6000FDF7F6FBCDE90A01013664100835002CB9
:101D7000F0D1DDE90A23DDE90201FDF713FDCDE92C
:101D800002011AE00226B1E700F09F80CAF10004C8
:101D90009F4BA04D04F00F0203EBC203D3E90023D5
:101DA000DDE90C01FDF7D4FBCDE90201241100238C
:101DB0000226002C7ED1002BE1D1129B002B00F0DB
:101DC0008680DDE902450022934B20462946FDF737
:101DD00031FE00287BD0B9F1000F78D0049B002B96
:101DE00035DD0AF1FF330A93204600228B4B29464A
:101DF000FDF7AEFBCDE90201049C01363046FDF74C
:101E00003DFBDDE90223FDF7A3FB0022844BFDF738
:101E1000E9F90646A1F15077002C5CD10022814BF4
:101E2000DDE90201FDF7DCF932463B46CDE902016E
:101E3000FDF71EFE002840F08C82324607F1004379
:101E4000DDE90201FDF7F6FD002840F08082DDE9C2
:101E50000C34CDE90234159B002BC0F24F81BAF14E
:101E60000E0F00F34B816A4B03EBCA0393ED007B2B
:101E7000219B002B8DED047B80F2D880B9F1000FFF
:101E800000F3D48040F062820022664B51EC170BC5
:101E9000FDF75EFBDDE90223FDF7E0FD4C464E4613
:101EA000002840F03B82069D312305F8013B0AF1F2
:101EB000010A37E2E70705D5D5E90023FDF748FB1E
:101EC000013601236410083573E7022675E7CDF863
:101ED00028A04C4692E74E4B03EBC40353E90201A2
:101EE000069B1C440E9B002B46D002460B4600204E
:101EF0004D49FDF757FC32463B46FDF771F9069D0B
:101F000006460F46DDE9020101F002F81090FDF7E8
:101F1000B5FA02460B46DDE90201FDF761F9109BB7
:101F2000303305F8013B32463B46CDE90201FDF76F
:101F300081FD002860D1DDE9022300203649FDF74C
:101F40004FF932463B46FDF775FD002840F0B4805E
:101F5000A5423FF47CAF0022304B30463946FDF7B6
:101F6000F7FA002206460F462C4BDDE90201FDF789
:101F7000EFFACDE90201C5E732463B46FDF7E8FA44
:101F8000CDE91001069E2546DDE9020100F0C0FF03
:101F90000746FDF773FA303702460B46DDE90201CA
:101FA000FDF71EF906F8017BA642CDE902014FF0CC
:101FB000000226D11C4BDDE91001FDF713F90246A2
:101FC0000B46DDE90201FDF753FD002874D1DDE980
:101FD000102300201449FDF703F902460B46DDE902
:101FE0000201FDF727FD00283FF431AF15F8013C51
:101FF000302B05F1FF3202D0DDF828A04AE015466B
:10200000F4E7064BFDF7A4FACDE90201BCE700BFF7
:10201000808A0700588A07000000F03F0000244033
:1020200000001C40000014400000E03FDDE90267B2
:10203000069DDDE9042330463946FDF7B3FB00F089
:1020400067FF0446FDF71AFADDE90423FDF780FA7D
:1020500002460B463046394604F13006FDF7C0F81B
:1020600005F8016B069EAE1BB14502460B4638D102
:10207000FDF7B8F8DDE9042306460F46FDF7F8FC46
:10208000C0B9DDE9042330463946FDF7C9FC08B183
:10209000E1070FD44146584600F024FB0023229A62
:1020A0002B700AF101031360249B002B3FF4F5AC65
:1020B0001D60F2E4CDF828A015F8012C392A05F1AD
:1020C000FF3308D1069A9A4209D10A9A0699013239
:1020D0000A9230220A701A7801321A708CE71D4673
:1020E000EAE700229D4BFDF733FA00220023064663
:1020F0000F46FDF795FC00289BD0CBE70E9A002AEF
:1021000000F0CB80209A012A00F3AE80139A002AB7
:1021100000F0A68003F23343099C079D079A1A44F6
:102120000792089A01211A445846089200F07CFB55
:102130000646002D0CDD089B002B09DDAB42079AFB
:10214000A8BF2B46D21A0792089AED1AD31A089301
:10215000099BF3B10E9B002B00F0A380002C10DD37
:1021600031462246584600F0F9FB424601460646F3
:10217000584600F062FB41460746584600F0B2FA66
:10218000B846099B1A1B04D04146584600F0E6FBAE
:1021900080460121584600F047FB0F9B002B044668
:1021A00040F381801A460146584600F0D7FB209B39
:1021B000012B04467ADD0027236904EB83031869A9
:1021C00000F0E2FAC0F12000089B184410F01F0054
:1021D00000F08B80C0F12003042B40F38480C0F119
:1021E0001C00079B03440793089B03440544089382
:1021F000079B002B05DD41461A46584600F0FCFBC4
:102200008046089B002B05DD21461A46584600F003
:10221000F3FB0446129B002B69D02146404600F098
:102220003EFC002863DA002341460A22584600F0AB
:1022300070FA0E9B0AF1FF3A8046002B00F07C8179
:10224000002331460A22584600F063FA049B002B13
:10225000064600F38B80209B022B40F387804EE0E4
:10226000149BC3F1360357E7099B09F1FF34A342DE
:10227000BFBF099B0994E21A0F9BBBBF9B180F932A
:102280001C1B0024B9F1000FB5BF079B079DA3EBF2
:1022900009054B46B8BF002340E7099C079D0E9EE9
:1022A00047E7099A70E7209B012B18DC029BB3B922
:1022B000039BC3F31303A3B9039B23F000473F0D14
:1022C0003F0537B1079B01330793089B0133089300
:1022D00001270F9B002B7FF46FAF012074E70027CD
:1022E000F7E7029FF5E783D018461C3079E7B9F18C
:1022F000000F35DC209B022B32DDCDF81090049BC3
:1023000063B921460522584600F003FA0146044607
:10231000404600F0C4FB00283FF7C5AD219B069D59
:102320006FEA030A00272146584600F0DBF9002E29
:102330003FF4B0AE2FB1B74203D03946584600F053
:10234000D1F93146584600F0CDF9A3E600242646DF
:10235000E4E7DDF828A02646A5E500BF00002440FC
:102360000E9BCDF81090002B00F0ED80002D05DDC8
:1023700031462A46584600F03FFB0646002F56D00D
:102380007168584600F07AF93269023205469200C7
:1023900006F10C010C30FEF771FA0122294658466D
:1023A00000F02AFB069B069A03F10109049B1344E3
:1023B0000993029B03F0010337460893064609F18F
:1023C000FF33214640460293FFF796FA0346303327
:1023D0000490394640460A9300F061FB324607906C
:1023E0002146584600F075FBC2680A9B054602BBB1
:1023F0000146404600F053FB0A9B024629465846D8
:102400000E920A9300F06EF9209B0E9A43EA0201A5
:10241000089B0B434D460A9B0DD1392B27D0079AB9
:10242000002A01DD049B3133029A13707BE73046AA
:10243000B8E70122E2E70799002904DB209801436D
:10244000089801431ED1002AEEDD4146012258467C
:10245000079300F0D1FA2146804600F020FB0028C7
:10246000079B02DCE0D1DA07DED5392BDAD1029AFC
:102470003923137015F8013C392B05F1FF3247D091
:102480000133D2E7002A03DD392BF0D00133CBE74B
:10249000099A09F8013C914521D0414600230A22BE
:1024A000584600F036F9B74280464FF000034FF02F
:1024B0000A023946584606D100F02BF9074606466F
:1024C00009F101097BE700F024F9314607460023B2
:1024D0000A22584600F01DF90646F1E7002741465A
:1024E00001225846029300F087FA2146804600F008
:1024F000D6FA0028BEDC02D1029BDB07BAD415F85D
:10250000013C302B05F1FF327FF40DAF1546F6E7A5
:10251000069B934204D10AF1010A3123069A84E70B
:102520001546A7E7134BFFF7D7BA249B002B7FF480
:10253000AFAA114BFFF7D0BA049B002B03DC209B02
:10254000022B3FF7DCAE069D21464046FFF7D4F94B
:1025500000F1300305F8013B069A0499AA1A91424A
:10256000BCDD414600230A22584600F0D2F88046DE
:10257000EAE700BF133C07003E8A07000B78722B86
:1025800030B522D0772B24D0612B27D016230360BF
:10259000002030BD622D12D0782D13D02B2D07D105
:1025A00020F01C0023F0030340F0100043F002036E
:1025B00011F8015F002DEDD123431360E9E743F4E7
:1025C0008033F5E743F40063F2E700242346042058
:1025D000EEE74FF4C06401230820E9E74FF40274EA
:1025E00001234FF48470E3E738B5074C0023054618
:1025F000084611462360F4F778FB431C02D1236898
:1026000003B12B6038BD00BFD870012038B5064C2F
:102610000023054608462360F4F7DCFA431C02D188
:10262000236803B12B6038BDD87001200048704783
:102630007866002038B5074C05460846114600224A
:1026400022601A46F4F731FB431C02D1236803B120
:102650002B6038BDD870012082B001B901A942B108
:102660004BB113780B601278101C18BF012002B018
:1026700070471046FBE76FF00100F8E770B5456A58
:1026800004460E463DB91020FEF788F8C0E9015512
:1026900060620560C560656AEB6883B1636ADB6888
:1026A00053F82600B8B9012101FA06F56A1D920017
:1026B0002046F3F789FC60B1C0E901650EE02122F4
:1026C00004212046F3F780FC636AE860DB68002B96
:1026D000E4D1002070BD026843F826200023C0E941
:1026E0000333F7E770B5446A06460D463CB910203F
:1026F000FEF754F8C0E9014470620460C4603DB163
:10270000736A6A68DB6853F82210296043F8225024
:1027100070BD2DE9F0410D691F4606460C4601F1DA
:10272000140C0023DCF8000081B202FB01710F0CD5
:10273000000C02FB007089B2013301EB00419D42A5
:102740004FEA10474CF8041BECDCD7B1A368AB424E
:1027500012DC616830460131FFF790FF22690232D6
:1027600004F10C01804692000C30FEF787F82146F8
:102770003046FFF7B7FF444604EB850301355F6140
:1027800025612046BDE8F081020C12040346CAB957
:102790000304102013F07F4F04BF1B02083013F016
:1027A000704F04BF1B01043013F0404F04BF9B0067
:1027B0000230002B05DB13F0804F00F1010008BF51
:1027C000202070470020E5E7036813F00702014668
:1027D0000BD0DA0724D4980749BF5B089B08012077
:1027E0000B605CBF0B600220704798B2B0B91B0C45
:1027F000102013F0FF0F04BF1B0A08301A0704BF94
:102800001B0904309A0704BF9B080230DA0703D47F
:102810005B0800F1010005D00B6070471046E8E747
:10282000002070472020704710B50C460121FFF7AB
:1028300025FF01224461026110BD2DE9F74F90464A
:102840000A69D8F810309A42B8BF0B460C46BCBF94
:10285000444698462769D8F81090A368616807EB4A
:102860000906B342B8BF0131FFF708FF00F11405B4
:1028700005EB860E2B460022734516D304F1140394
:1028800008F1140203EB870702EB89030093009B16
:10289000019293420CD8002E03DD5EF8043D002B1C
:1028A00059D0066103B0BDE8F08F43F8042BE3E78D
:1028B000B2F800A0BAF1000F23D004F11409AC461D
:1028C0004FF0000859F8041BDCF800B08BB21FFA77
:1028D0008BFB0AFB03B34FEA114BDCF800104344B7
:1028E0004FEA11480AFB0B8101EB13419BB243EA0B
:1028F00001434F454FEA11484CF8043BE2D8CCF86D
:102900000080019BB3F802900432B9F1000F20D08F
:102910002B6804F11408AC464FF0000AB8F8001018
:10292000BCF802B009FB01B18A449BB243EA0A43F6
:102930004CF8043B58F8043BBCF800101B0C09FB96
:10294000031303EB1A4347454FEA134AE6D8CCF882
:10295000003004359BE7013E9DE700002DE9F84378
:10296000154612F0030206460F4607D0013A214CE5
:10297000002354F82220FFF7CCFE0746AD1035D0D7
:10298000746A3CB91020FDF709FFC0E90144706288
:102990000460C460D6F82480D8F808404CB940F2EE
:1029A00071213046FFF740FF0023C8F808000446B5
:1029B00003604FF00008EB070AD53946224630463F
:1029C000FFF73BFF394681463046FFF78BFE4F4607
:1029D0006D100BD0206838B9224621463046FFF7EB
:1029E0002CFF2060C0F800800446E4E73846BDE8CC
:1029F000F88300BF488B07002DE9F0470C464FEAEB
:102A0000621A236949680AEB0309A3680746164658
:102A100009F10105AB4233DB3846FFF72FFE0023F7
:102A2000804600F1140100F11002184653452ADBDC
:102A300020692AEAEA7A04F1140316F01F0201EB76
:102A40008A0103EB800C22D0C2F1200E00201E6808
:102A50009640304341F8040B53F8040B9C4520FA90
:102A60000EF0F4D8086008B109F10205013D3846BE
:102A7000C8F810502146FFF735FE4046BDE8F08704
:102A800001315B00C6E742F8040F0133CEE7043999
:102A900053F8042B41F8042F9C45F9D8E6E7036965
:102AA0000A699B1A30B50CD1920014301431841885
:102AB000114454F8045D51F8042D954203D005D318
:102AC0000123184630BDA042F3D3FAE74FF0FF339D
:102AD000F7E72DE9F0470D4607461146284614460C
:102AE000FFF7DDFF061E08D131463846FFF7C6FD69
:102AF0000123C0E90436BDE8F087A4BF23462C4675
:102B000038466168A6BF1D4600260126FFF7B6FDC0
:102B10002B69C660266905F1140904F1140202EB61
:102B2000860709EB830800F114054FF0000E52F8F8
:102B300004AB59F8044B1EFA8AF1A3B2C91A230C4C
:102B4000C3EB1A4303EB214389B24FEA234EC84536
:102B500041EA0343944645F8043BE8D8BC4504D316
:102B600055F8043D83B10661C5E75CF8041B1EFA05
:102B700081F31A1402EB11429BB243EA02434FEA7B
:102B8000224E45F8043BE9E7013EE9E72DE9F7432A
:102B9000012199469046DDE90A65FFF76FFDC9F30B
:102BA0000A540746C9F313032CBBB8F10002019382
:102BB00026D068460092FFF707FE0099F0B1019A0F
:102BC000C0F1200302FA03F30B43C2407B61019280
:102BD000019BBB61002B14BF022101213961C4B1EB
:102BE000A4F2334404443460C0F135002860384610
:102BF00003B0BDE8F08343F48013D6E77961E7E7DB
:102C000001A8FFF7E1FD019B7B61012139612030C3
:102C1000E5E707EB8103A0F2324030601869FFF767
:102C2000B3FDC0EB4110E1E72DE9F0478E689E420D
:102C300082460C469146984638D8B1F80CC01CF430
:102C4000906F31D062692568096902EB42026F1A00
:102C500002EBD272013355103B449D4238BF1D46F2
:102C60001CF4806F30D02946F3F702FA064650B9BB
:102C70000C23CAF80030A38943F04003A3814FF02E
:102C8000FF30BDE8F0873A462169FDF7F7FDA389DB
:102C900023F4906343F08003A381266165613E4481
:102CA000ED1B2660A5604646464500D9464632469D
:102CB00049462068FDF7F0FDA3689B1BA3602368CD
:102CC0001E4426600020DCE72A46F3F761F9064639
:102CD0000028E2D121695046F3F70CFAC8E700005A
:102CE0002DE9F04F1E468B891B069DB007460D4609
:102CF00014460ED50B6963B94021F3F7B9F9286082
:102D0000286120B90C233B604FF0FF30C9E040231D
:102D10006B610023099320238DF82930DFF89C9103
:102D2000039630238DF82A304FF0010A23461E46C1
:102D300013F8012B0AB1252AF9D1B6EB040B0BD0FD
:102D40005B46224629463846FFF76EFF013000F009
:102D5000A380099B5B4409933378002B00F09C808F
:102D600000234FF0FF32CDE905230136049307938A
:102D70008DF853301A933446052214F8011B4F483E
:102D8000FDF71EFD049BC0B9D90644BF20228DF873
:102D900053201A0744BF2B228DF8532032782A2A59
:102DA00013D0079A344600200A26214611F8013B29
:102DB000303B092B4BD970B914E0A0EB09000AFA9B
:102DC00000F0184304902646D5E7039A111D1268B7
:102DD0000391002A01DB079204E0524243F0020310
:102DE0000792049323782E2B0CD163782A2B33D1AE
:102DF000039B1A1D1B680392002BB8BF4FF0FF33D3
:102E0000023405932E4E217803223046FDF7D8FC7C
:102E100038B14023801B03FA00F0049B03430134C4
:102E2000049314F8011B27488DF828100622FDF79B
:102E3000C7FC002838D0244B13BB039B073323F077
:102E4000070308330393099B434409936EE706FB8A
:102E5000023201200C46A8E70023013405931946ED
:102E60000A26204610F8012B303A092A03D9002BF4
:102E7000C8D00591C6E706FB012101230446F0E70F
:102E800003AB00932A46114B04A93846FDF760FEB8
:102E9000B0F1FF3F8046D6D1AB895B063FF534AF3A
:102EA00009981DB0BDE8F08F03AB00932A46074B8D
:102EB00004A93846FEF7F4F8EAE700BF548B070090
:102EC0005A8B07005E8B0700510B0700292C070067
:102ED00038B5074C054608461146002222601A46BE
:102EE000F3F77AFE431C02D1236803B12B6038BD8F
:102EF000D870012049B1FF2A85BF8A2303600A7078
:102F00004FF0FF3098BF012070470846704700001F
:102F10004FEA410212F5001215D211D56FF4787301
:102F2000B3EB625212D94FEAC12343F0004343EAA4
:102F3000505311F0004F23FA02F018BF404270477F
:102F40004FF00000704750EA013005D111F0004009
:102F500008BF6FF0004070474FF00000704700BF9F
:102F6000024B58221A604FF0FF307047D870012092
:102F7000024B58221A604FF0FF307047D870012082
:102F8000F8B500BFF8BC08BC9E467047F8B500BF56
:102F9000F8BC08BC9E46704700000000000000001E
:102FA000B5710200DD7102000000000000000000A9
:102FB000C9710200F17102003139423130303030D4
:102FC0002D453846322D353337452D344636432D81
:102FD00044313034373638413132313400313942BE
:102FE00031303030312D453846322D353337452D8F
:102FF000344636432D44313034373638413132315E
:10300000340031394231303030322D453846322D9E
:10301000353337452D344636432D44313034373639
:10302000384131323134004352414E4B5F53454EAB
:103030005345004352414E4B5F524547554C415218
:1030400000496E697469616C697A696E6720424CE7
:10305000452042726F61646361737465722E2E2E17
:10306000007374617274696E6720426C7565746F69
:103070006F7468C2AE204C6F7720456E65726779B9
:10308000206661696C65642100424C452042726F84
:10309000616463617374657220496E697469616CFF
:1030A000697A656420262041647665727469736963
:1030B0006E6720617320006A6B5B494D555D206728
:1030C000783D002067793D0020677A3D00206470DC
:1030D00073207C2072617752504D3D00207C206629
:1030E000696C746572656452504D3D005B494D5585
:1030F0005D204779726F2072656164206661696C3A
:1031000065642E00496E697469616C697A696E67DD
:1031100020494D5520286469726563742049324303
:10312000206D6F6465292E2E2E005769726531005F
:103130005769726500494D55204572726F723A2089
:103140004661696C656420746F20636F6E666967A1
:10315000757265206779726F2E00494D5520496E52
:10316000697469616C697A6564205375636365731A
:103170007366756C6C792100494D55204572726FEC
:10318000723A20446576696365206E6F7420666FBD
:10319000756E64206F6E20576972652F576972656E
:1031A0003120617420307836412F307836422E003D
:1031B000494D552073656C65637465642061646472
:1031C0007265737320307800494D552070726F62BC
:1031D0006520002061646472203078006E6F207278
:1031E0006573706F6E73650057484F5F414D5F495F
:1031F00020307800496E697469616C697A696E671C
:10320000204858373131204C6F61642043656C6C25
:103210002E2E2E0057616974696E6720666F7220CA
:10322000485837313120746F2073746162696C695A
:103230007A652E2E2E0044697363617264696E672D
:1032400020737461727475702072656164696E6751
:10325000732E2E2E002F6B762F6C6F61645F63656B
:103260006C6C5F63616C5F666163746F72004C6F5E
:10327000616465642073617665642063616C696272
:10328000726174696F6E20666163746F723A2000B8
:103290005573696E672064656661756C742063613F
:1032A0006C6962726174696F6E20666163746F72BB
:1032B0003A20007374617274757000537461727493
:1032C0007570207A65726F20736B69707065642EFB
:1032D0002053656E6420277427207768656E2074FC
:1032E000686520706564616C20697320756E6C6F11
:1032F000616465642E004C6F61642043656C6C20D2
:10330000696E697469616C697A6174696F6E206352
:103310006F6D706C6574652E003E3E3E2053656E89
:10332000642027742720746F20666F726365207A8B
:1033300065726F207C20277A2720666F7220737455
:1033400061626C65207A65726F207C20276327207C
:10335000666F722063616C6962726174696F6E205E
:103360007C2027732720746F207361766520666147
:1033700063746F72203C3C3C000A3D3D3D2043415C
:103380004C4942524154494F4E204D4F4445204FE5
:103390004E203D3D3D0A506C6163652061206B6E9F
:1033A0006F776E20776569676874206F6E20746828
:1033B000652073656E736F722E0A2020272B272FCE
:1033C000272D27203D20636F617273652061646A39
:1033D0007573742028C2B1313030290A2020276645
:1033E000272F276727203D2066696E652061646A64
:1033F0007573742028C2B13130290A202027732721
:10340000203D207361766520666163746F7220745D
:103410006F20666C6173680A2020277027203D208A
:103420007072696E742063757272656E7420666165
:1034300063746F720A53656E642027632720746F6C
:1034400020657869742063616C6962726174696F68
:103450006E206D6F64652E0A000A3D3D3D2043419C
:103460004C4942524154494F4E204D4F4445204F04
:103470004646203D3D3D0A00466F7263696E6720F7
:10348000006D616E75616C00207A65726F2E204B45
:103490006565702074686520706564616C20756E68
:1034A0006C6F616465642E2E2E005A65726F2073F6
:1034B0006B69707065643A204858373131206E6FFF
:1034C000742072656164792E006D616E75616C2087
:1034D000737461626C650053617665642063616C2E
:1034E0006962726174696F6E20666163746F723AAB
:1034F000200043616C6962726174696F6E20736150
:103500007665206661696C65642C206572726F72E5
:103510003A200055736520746865207072696E7476
:10352000656420666163746F7220746F20757064C7
:10353000617465206C6F61645F63656C6C2E637091
:1035400070206D616E75616C6C79206966206E65A6
:10355000656465642E0053617665642063616C69FF
:1035600062726174696F6E20666163746F7220634A
:103570006C65617265642E00436C656172207361D5
:103580007665642063616C6962726174696F6E2034
:103590006661696C65642C206572726F723A2000F6
:1035A000436865636B696E67206C6F616420636557
:1035B0006C6C2073746162696C69747920666F72D7
:1035C0002000207A65726F2E2E2E005A65726F20B1
:1035D000736B69707065643A2048583731312064E4
:1035E0006964206E6F742070726F766964652065FF
:1035F0006E6F7567682073616D706C65732E005A0D
:1036000065726F20736B69707065643A206D6561D7
:103610006E3D00206C62732C2072616E67653D0008
:10362000206C62732E20556E6C6F6164207065642F
:10363000616C20616E642074727920616761696ECB
:103640002E005A65726F20636F6D706C6574652E05
:10365000204F66667365743A200043616C6962723C
:103660006174696F6E20466163746F723A20004620
:103670006F72636520286C6273293A2000207C20D9
:1036800052504D3A20005374617274696E6720582D
:1036900049414F204372616E6B2053656E736F72A8
:1036A000204E6F6465202853454E5345292E2E2EFB
:1036B000000000000000000000000000017F020088
:1036C000037F020000000000000000008F80020065
:1036D00091800200000000000000000061840200F0
:1036E00099840200253032783A253032783A2530F4
:1036F00032783A253032783A253032783A253032ED
:103700007800000000000000000000004785020073
:10371000BD850200498502005985020041860200EC
:1037200069850200CD8502008585020001860200C0
:1037300021860200758602000000000000000000E3
:10374000518802008988020000000000000000008B
:103750004189020047890200438902003239303230
:10376000000000000000000000000000DD8B0200EF
:10377000398C020097890200000000000000000060
:10378000158D0200298D02000F8D0200EC670020CC
:10379000000000000000000081920200A1920200DF
:1037A000958F020049900200758D0200858D020000
:1037B000958D0200DD8D02007D900200B592020021
:1037C000D5900200DB900200F5900200FB90020011
:1037D0000191020007910200139102000D91020075
:1037E000F58D0200058E0200158E02003591020053
:1037F000258E0200358E02008D910200B9910200E3
:10380000E5910200458E0200558E02007D8E020079
:10381000A58E0200B58E0200C58E0200D58E020074
:1038200011920200E58E0200758F0200858F020062
:10383000F58E0200058F0200B98D0200458F02004F
:10384000158F0200358F0200258F0200558F020070
:10385000658F0200ED8D0200F18D02000000000076
:1038600000000000BD93020011940200E9920200E2
:103870000000000000000000259402003D940200BA
:103880000000000000000000ED95020045960200D7
:103890000000000000000000F596020019970200E9
:1038A000000000000000000015980200359802009A
:1038B0000000000000000000F99802005599020085
:1038C0005483637CC51EF7EC32DDAD51894B9E07F6
:1038D000B06800200000000000000000A19C020071
:1038E000BD9C0200699902006F990200D59C0200FC
:1038F000559D0200399E0200B19F02007599020099
:1039000089B7020059A002009BA00200B99A0200E8
:10391000D79A0200ED9A02001D9B0200A9AE020098
:10392000379B0200A9B80200DBA002004DA10200F3
:10393000EDA10200359C0200439C0200179F02008B
:10394000519F020041AF020001B10200619C0200E0
:10395000D3B002008B9F02002FB1020071B10200B0
:1039600069AF0200D1AE02005D9B02009BAF020076
:10397000C1A202007B9B0200E9AF020039A4020051
:1039800095A60200CB9B020081B00200C9B10200E3
:1039900051B0020055A502009F9B02001DB002001D
:1039A00081B40200B3B0020071A90200A5A8020010
:1039B000EDAA0200F79B0200019C020023A1020075
:1039C000CDAB0200BDAC020091AD0200B19D020082
:1039D000346A00200000000000000000B5BD0200B5
:1039E000E5BD0200EDBA0200F1BA020091BB02008F
:1039F000A5BB020009BC02003DBC020079BC02006C
:103A0000F9BD02007DBE0200F9BB0200FDBB020051
:103A100001BC020017C00200B5BC0200746A00209D
:103A200031383030003261303000326130310031B5
:103A300038303100326130350041726475696E6F23
:103A4000000000000000000000000000F9C30200B8
:103A50001DC4020079C0020065C10200EDC1020070
:103A6000F3C102000BC2020059C002005DC0020097
:103A700027C20200D1C2020031C40200A46A0020A1
:103A80004843492041434C44415441205458202D3F
:103A90003E200048434920434F4D4D414E44205461
:103AA00058202D3E20005F7265637642756666651C
:103AB00072206F766572666C6F77004843492041CB
:103AC000434C44415441205258203C2D200048434F
:103AD00049204556454E54205258203C2D20000088
:103AE0000000000000000000B9C40200ADC80200E0
:103AF000BDC40200D1C40200E1C40200BDC802007E
:103B0000E9C402009FCD0200ABCE0200DFCD02006F
:103B100001C5020037C5020051C5020009CE0200EE
:103B20006BC5020083C5020005CB020041CB020039
:103B3000D3C50200EFC5020021C602003FC6020045
:103B4000C9C60200B1C602004DCE0200D1CE0200AD
:103B50004DCD020097C8020007C7020021C702002E
:103B6000C9CC0200EDCC020087C70200B5C7020035
:103B7000C9C702000DCD0200FDD302007DCB0200BB
:103B8000FFC702001FC8020025C8020029CC02009E
:103B900043C802007BC802005FC8020029CA0200B5
:103BA0002DC80200F9CE0200F5D402002BD7020086
:103BB000A1D6020095D50200C46D00202E70696F59
:103BC0002F6C6962646570732F7869616F626C65D0
:103BD0005F73656E73652F41726475696E6F424CD9
:103BE000452F7372632F7574696C6974792F48431C
:103BF00049436F7264696F5472616E73706F72744F
:103C00002E6370700062797465735F7573656420EC
:103C1000213D2030000000000000000000000000F6
:103C2000C9D7020031D70200B1D6020099D50200EF
:103C30009FD50200B5D50200E9D60200EDD60200FC
:103C4000F1D6020097D50200E3D50200050B000073
:103C5000F46E0020000000000000000061D90200A6
:103C60007FD902008DDE0200F9DE02008DD902004C
:103C700063D9020065D902006BD902006FD9020036
:103C800073D9020021DD02002DDF02007DD9020080
:103C9000EC0234A357C8AD05341010A60A397D9B39
:103CA0000DFBAA6C888391AAF5A53860370BDB5A07
:103CB0006083BE62746C6520B003D2F297BE2C5E46
:103CC0002C83A7E9F9A5B9EFF49111ACF4FDDBCC95
:103CD0000301480E359DE655188B3D32F6BB9A9090
:103CE0000AFCFBEED4E72A59CB9AC2F19D7CFB6B10
:103CF0004FDD49F47FC5FDD5CB8454D177733EFFAA
:103D0000FFB2EC712BAEABA6E8E7CC25A75F6E2126
:103D10006583F7FF3DC4CF00C7E60200A1D60200CD
:103D200095D50200493243536C617665000000006E
:103D30000000000000000000FBE40200D1010300CD
:103D4000CBE402001FE5020019E502002DE50200A8
:103D500063E5020095E50200B1E502005FE60200BE
:103D600041E60200D7E402008FE60200E3E402002D
:103D7000A9E70200EBE4020021E5020027E50200CA
:103D8000CFE4020011E6020000C001400010024032
:103D90000020024000D0024009EB0200A1D6020040
:103DA00095D50200000000000000000079EB020041
:103DB000F9EB0200CBE402001BEA020029ED02004D
:103DC0000DEE020085ED020069EA0200CFE9020073
:103DD00033EA020029EB0200536565656420584907
:103DE000414F206E524635323834302053656E7361
:103DF00065000000000000000000000035EF020038
:103E000051EF0200A35006008545060089420600D6
:103E10007943060089510600893E06008B3E060064
:103E2000E53F0600E53F0600213F06002DF00200B9
:103E300059F10200F13E06002DEF020009F10200E7
:103E400035F10200093F0600CFF00200F5EE020056
:103E5000F9EE0200FBEE0200FDEE020013EF02009D
:103E600067EF0200A7EF0200DBEF020003F00200A1
:103E7000FDF2020001F3020005F30200100341000D
:103E800072006400750069006E006F0000000000A1
:103E900000000000E9F40200FDF402005BFA0200F9
:103EA000153B0600000000000000000011F50200B4
:103EB00025F5020095FB0200153B060000000000FE
:103EC00000000000C1F40200D5F402000FF302006C
:103ED000153B0600D9F60200A1D6020095D50200D6
:103EE0008025000000000800FFFFFFFF5F72785F81
:103EF00073697A65203D3D2030005F74785F6C699E
:103F000073742E656D7074792829005F72785F6C08
:103F10006973742E656D7074792829002F55736547
:103F200072732F6C6D61696E7669656C6C652F2E8E
:103F3000706C6174666F726D696F2F7061636B6115
:103F40006765732F6672616D65776F726B2D617235
:103F50006475696E6F2D6D6265642D73656565644A
:103F60002F636F7265732F61726475696E6F2F5561
:103F700053422F5553424344432E63707000726581
:103F8000736F6C7665722E76616C69642829000007
:103F9000000000000000000029F302008DF802007C
:103FA000A1F80200BDF80200B5F50200F9F6020022
:103FB000BBF4020039F5020017F302001DF3020002
:103FC00071F40200A5F4020021F3020009F30200DB
:103FD0000BF302000DF302001603430044004300FC
:103FE0002000440045005600490043004500000001
:103FF00049FD0200A1D6020095D502005553426545
:1040000076740000000000000000000029F30200A8
:104010008DF80200A1F80200BDF80200B5F502001B
:10402000F9F60200BBF4020039F5020017F30200B2
:104030001DF3020069FD0200C5FD020021F302002C
:10404000D9FC02000BFD02000DF3020089FC020006
:10405000ADFC0200A9FE02001FFC02002BFC0200C6
:1040600007ED020051ED0200C1ED02002FFC02003D
:1040700055EB0200BDEB020033FC0200D8FEFFFF4F
:1040800000000000B5FD0200E3FD0200135A060027
:10409000E3590600455A0600DF590600DF590600BD
:1040A000DF590600DF590600495A0600DF590600AD
:1040B000F3FB0200F9FB020005FC020009FC020010
:1040C0000FFC020015FC020019FC0200A5FC020016
:1040D000D1FC02001BFC02001DFC0200D4FEFFFF0D
:1040E00000000000BDFD0200DBFD0200C0FEFFFF7E
:1040F0000000000071EB0200F3EB0200CBE40200D1
:1041000031FC020023ED020005EE02007FED02000B
:1041100091FF020025FC02002DFC020043FC02007E
:104120000000000000000000FBFF02006E616E0056
:10413000696E66006F7666002F55736572732F6C1B
:104140006D61696E7669656C6C652F2E706C61743B
:10415000666F726D696F2F7061636B616765732F36
:104160006672616D65776F726B2D61726475696ED1
:104170006F2D6D6265642D73656565642F636F7265
:1041800065732F61726475696E6F2F6D6265642F40
:10419000746172676574732F5441524745545F4E82
:1041A0004F524449432F5441524745545F4E524663
:1041B00035782F6770696F5F6F626A6563742E6808
:1041C000006F626A2D3E70696E20213D2028506983
:1041D0006E4E616D65294E43005254582056352E5F
:1041E000352E33007274785F74696D657200727475
:1041F000785F69646C65000000000000000000004A
:1042000000000000000000000000000000000000AE
:10421000000000000000000000000000000000009E
:10422000000000000000000000000000000000008E
:1042300005000000E80300000500000020800020C9
:10424000100000000000000000000000000000005E
:10425000000000000000000000000000000000005E
:10426000000000000000000000000000000000004E
:10427000000000000000000000000000000000003E
:104280000000000000100000A4420700E042070008
:10429000192A0300F9290300C8420700040000009E
:1042A00000000000EE41070000000000288100200F
:1042B00044000000708100200002000001000000A6
:1042C00001000000000000000000000000000000ED
:1042D0006080002034000000948000205000000026
:1042E000E441070000000000E480002044000000DA
:1042F000708300200003000028000000010000007F
:10430000000000006D616C6C6F635F6D75746578A3
:1043100000656E765F6D75746578006D61696E001D
:10432000507265206D61696E2074687265616420E9
:104330006E6F742063726561746564004661696CB8
:10434000656420746F2073746172742052544F53EB
:104350000073696E676C65746F6E5F6D75746578F8
:1043600000000000514307000B000000440701203B
:104370001C000000434D5349532D52544F532065A8
:1043800072726F723A20537461636B206F7665723C
:10439000666C6F7700434D5349532D52544F532051
:1043A0006572726F723A2049535220517565756576
:1043B000206F766572666C6F7700434D5349532DBD
:1043C00052544F53206572726F723A205573657262
:1043D0002054696D65722043616C6C6261636B206F
:1043E0005175657565206F766572666C6F770043F1
:1043F0004D5349532D52544F53206572726F723A88
:104400002053544420432F432B2B206C696272614C
:104410007279206C69627370616365206E6F7420BD
:10442000617661696C61626C6500434D5349532D3F
:1044300052544F53206572726F723A205354442085
:10444000432F432B2B206C696272617279206D754A
:1044500074657820696E697469616C697A617469E0
:104460006F6E206661696C656400434D5349532D3E
:1044700052544F53206572726F723A20556E6B6EB4
:104480006F776E004E6F7420616C6C6F776564207F
:10449000696E2049535220636F6E746578740053BF
:1044A000797374656D206973206F7574206F662051
:1044B0006D656D6F727900506172616D65746572C2
:1044C000206572726F72005265736F75726365203A
:1044D0006E6F7420617661696C61626C65004F700B
:1044E00065726174696F6E206E6F7420636F6D709A
:1044F0006C657465642077697468696E207468659A
:104500002074696D656F757420706572696F6400E1
:10451000556E7370656369666965642052544F53C4
:10452000206572726F720000844407009F44070088
:10453000B7440700C7440700DE44070010450700E2
:104540002E2F6D6265642D6F732F636D7369732FEA
:104550006465766963652F72746F732F736F7572FC
:1045600063652F6D6265645F7274785F69646C6502
:104570002E637070007469636B735F736C65707425
:10458000203C2072746F733A3A4B65726E656C3AD8
:104590003A776169745F666F725F7533325F6D6120
:1045A000780066726571203D3D2031303030006802
:1045B000616E646C6572203D3D202849525148610E
:1045C0006E646C65725F74294E5649435F4765742B
:1045D000566563746F7228697271290002000000C9
:1045E000980B0120081014182030343840444C5CDB
:1045F00058607078F4ECE8E4DCCCC8C4BCB8B0A077
:10460000A49C8C8410001000000000000901000B25
:10461000FFFF0203FFFF040D05060700F401FA0087
:10462000960064004B0032001E001400BD1A3CCD01
:10463000A6B8995899B740EB7B60FF4A503F10D21B
:10464000E3B3C974385FC5A3D4F6493F00E69D358E
:104650000E480103CCDBFDF4AC1191F4EFB9A5F9E0
:10466000E9A7832C5E2CBE97F2D203B0208BD289AF
:1046700015D08E1C742430ED8FC24563765C1552C4
:104680005ABF9A32636DEB2A65499C80DC000000BA
:1046900000000000F95803008159030000000000E9
:1046A000C559030061590300DD5903006159030036
:1046B0008D5903000000000000000000875903002E
:1046C00087590300A5590300C559030000000000E5
:1046D0008759030087590300C1590300C5590300D6
:1046E00000010000000301020001030202000203B6
:1046F0000303000300000000195C03000000000039
:10470000000000000000000000000000A95C0300A1
:1047100000000000A95C0300D15C0300955C03006D
:104720000000000000000000000000000000000089
:1047300000000000000000001D5D030000000000FC
:104740000000000000000000000000000000000069
:104750001D5D0300000100000000030102020001D2
:104760000202020202000303030300000000000033
:10477000E15A0300A55B030000000000595B030041
:10478000515B0300595B03000000000000000000C3
:10479000ED5B0300AD5B0300FD5B03000000000068
:1047A000D95B0300D95B0300FD5B0300000100003F
:1047B00003010200030202000303030000000000E3
:1047C000B95E0300000000000000000000000000CF
:1047D000FD5E030000000000FD5E0300000000001D
:1047E0000D5F03000000000000000000000000005A
:1047F000075F030000000000000000000000000050
:1048000000000000075F030000000000000100003E
:10481000000301020102030202000203030300037A
:1048200000000000655D03000000000000000000C3
:1048300000000000000000008D5E0300000000008A
:10484000000000006D5E0300695E030000000000D0
:104850000000000000000000000000000000000058
:1048600000000000A15E0300000000000000000046
:10487000000000000000000000000000A15E030036
:1048800000000000BD5F030041600300F15F030012
:1048900000000000F9610300216003004160030093
:1048A00021600300000000004D60030000000000D4
:1048B00000000000476003004760030000000000A4
:1048C000C9610300F96103000000000047600300B4
:1048D0004760030000000000E3610300F96103008A
:1048E00000010001000003010201000103020202B5
:1048F000000203030303000301680300556803007B
:10490000356803004168030001000100CD67030022
:1049100089620300BB63030005630300000000001D
:1049200000000000AD67030065630300A16303009E
:1049300000000000CD6303004B6603000000000090
:10494000C3630300C3630300000000001966030093
:104950000000000000000000C3630300C363030005
:1049600000000000336603000000000000010001A9
:10497000000003010201000103020202000203031E
:104980000303000300000000916603000000000024
:1049900000000000000000004D6703005D67030099
:1049A0000000000000000000556703005567030089
:1049B000ED67030000000000556703005567030022
:1049C00000000000000100000301020003020200D9
:1049D0000303030000000000658003004983030017
:1049E00000000000898103003183030089810300F6
:1049F000A9810300000000003183030000000000D3
:104A0000A5820300000000003183030049830300F6
:104A1000FD82030000010000030102000302020006
:104A200003030300000000000000000019840300DD
:104A30000000000065830300018403006583030018
:104A4000E575030000000000018403000000000081
:104A50007D8303000000000001840300198403002B
:104A60007D83030000010000030102000302020035
:104A7000030303000403FFFFFFFF070405FFFF0319
:104A80000704FFFF07FFFF0405FFFFFF03FFFF030E
:104A900004050000956D03000D6D0300816D03009A
:104AA0000000000000000000196B03002D6B0300E4
:104AB000896B0300000000000000000000000000FF
:104AC000C96B0300556C03000D6C0300556C0300AB
:104AD0000000000095720300996C030095720300BA
:104AE000996C0300796F0300A16F03000570030048
:104AF000A76F0300057003000000000001710300B0
:104B0000457103000000000000000000B9730300BD
:104B1000C9730300D9730300000000000000000007
:104B20006D7103007D710300BD710300B571030059
:104B3000BD7103001B4B04000000000000000000DA
:104B4000914A040000000000000000000000000086
:104B500000000000E74A0400854A0400000000004D
:104B60001B4B04005F4A0400D14D0400000000000C
:104B70000000000000000000000000000000000035
:104B8000000000000000000000000000214A0400B6
:104B90000000000000000000274A0400414A040011
:104BA0006D4E0400000000002F4A040000000000C9
:104BB0000000000000000000214A04000000000086
:104BC00000000000274A0400274A040000000000FB
:104BD000F94D04000000000000000000000000008B
:104BE000AB4A0400020000010000000002010001C5
:104BF000030001010101010101010202020203009F
:104C00000003020202030303030303000303030080
:104C1000C94E04004F4E04000000000000000000D8
:104C20003D4E040000000000000000009D4E040006
:104C30001D4E0400C94D0400234E0400D14D040054
:104C4000C94D0400114E0400000000009D4E0400F8
:104C50001D4E0400694E040000000000000000002A
:104C60003D4E04006D4E04000000000000000000F6
:104C70001D4E0400C94D04000000000000000000AB
:104C8000C94D040000000000F94D040000000000C0
:104C90000201000003000000010102000101010106
:104CA00002010202030000020303030303030003E3
:104CB0007D520400A17D0300A17D0300A17D0300BE
:104CC000A17D03000000000000000000F15204007C
:104CD000A17D0300A17D0300A17D0300A17D030050
:104CE00037520400BD520400F15204001553040071
:104CF000A17D0300A17D0300A17D03000000000051
:104D0000BD520400F1520400A17D0300F7520400DB
:104D1000A17D0300A17D030000000000BD5204003E
:104D2000F1520400A17D0300A17D03008F52040015
:104D3000A17D030000000000BD5204006752040082
:104D4000A17D0300A17D0300A17D0300A17D0300DF
:104D50000000000000000000F1520400A17D0300EB
:104D6000A17D0300A17D0300A17D03005552040035
:104D700000000000F1520400A17D0300A17D0300AA
:104D8000A17D03000D52040000000000000000009F
:104D90000100000000000001010101010200020306
:104DA00002020202000303040303030004040405D7
:104DB00004040006050505050505060606060607A2
:104DC000000707070702070755550400A17D0300E8
:104DD000A17D0300A17D0300000000000000000091
:104DE00000000000A17D0300A17D0300A17D030060
:104DF000A17D030000000000000000001556040023
:104E0000A17D0300A17D0300A17D0300A17D03001E
:104E1000E9550400A755040000000000A17D03002F
:104E20006D550400A17D0300A17D0300000000007A
:104E30000000000000000000A17D0300A17D030030
:104E400033550400A17D03000000000000000000B5
:104E500000000000A17D0300A17D0300A17D0300EF
:104E6000A17D0300000000000000000021550400A7
:104E7000A17D0300A17D0300A17D0300857C0300CB
:104E80000000000000000000000000000100000021
:104E900000000001010101010102020202020300FF
:104EA00002030403030303030404050404040405C8
:104EB00005050505050606060600060606000000AF
:104EC00039590400000000002759040000000000C8
:104ED00000000000495D0400495D0400000000007E
:104EE00021590400000000001959040000000000CE
:104EF000000000000000000000000000C55E04008B
:104F000021590400415A040019590400B95D0400F4
:104F10005D5C0400000000000000000000000000D4
:104F2000215904000000000019590400000000008D
:104F3000000000000000000000000000F75904001D
:104F4000215904000000000019590400000000006D
:104F50005D5C040000000000000000000000000094
:104F60000100030000010300010101010101010230
:104F7000020402000002020203030303030303040A
:104F800004040400000404049B5D0400000000000D
:104F9000855D04000000000000000000495D040081
:104FA00000000000555C040000000000975D040054
:104FB000000000000000000000000000C55E0400CA
:104FC000555C04005D5D0400975D0400B95D04005C
:104FD000F95D04000000000000000000555C0400C2
:104FE0000000000000000000B95D040000000000A7
:104FF00000000000535F0400555C04005D5D040088
:1050000000000000B95D0400000000000000000086
:1050100000000000555C04000000000000000000DB
:10502000000000005D5C04000000000000000000C3
:10503000010003000001000101030101010202055A
:105040000300000202030303030303040405040432
:105050000404040505050500050510001000000006
:1050600000003200190011000D000A0005000000C8
:1050700096C298D84539A1F4A033EB2D817D0377F2
:10508000F240A463E5E6BCF847422CE1F2D1176B8D
:10509000F551BF376840B6CBCE5E316B5733CE2B60
:1050A000169E0F7C4AEBE78E9B7F1AFEE242E34F8F
:1050B0004B60D2273E3CCE3BF6B053CCB0061D65CC
:1050C000BC86987655BDEBB3E7933AAAD835C65A55
:1050D000512563FCC2CAB9F3849E17A7ADFAE6BC9A
:1050E000FFFFFFFFFFFFFFFF00000000FFFFFFFFCC
:1050F000FFFFFFFFFFFFFFFFFFFFFFFF00000000BC
:10510000000000000000000001000000FFFFFFFFA2
:10511000020405908800020080002000008000004A
:10512000000000FFFFEFFF030000000424240A0E2C
:10513000061C0A0E080E100808080A1006080606C3
:105140000606060C0C06160E08080A06080E0E0EB9
:10515000462608060A060A24040A0C161006080445
:1051600004040404041A08081C08080808080A00B3
:10517000000000004BFD0400E3FC0400D1F8040033
:10518000EDF8040023F90400000000002BF90400EE
:10519000F9FB040047F9040059F90400D5FB0400A9
:1051A00089F90400A1F90400A5F90400A9F9040093
:1051B000A7FB0400ADF90400B9F90400A1FB040049
:1051C000D1F90400BDFD0400C5FD0400CDFD0400BF
:1051D000C9FC0400DFFC0400D5FD040083FB0400CF
:1051E00067FB0400D7F90400EFF90400F3F90400A9
:1051F000ADFD040011FA040015FA040047FA04009A
:1052000081FA040049FB04002BFB040085FA04002A
:1052100089FA040099FA0400B5FD0400B9FA040003
:1052200000000000BDFA0400BFFA0400AFFC040057
:105230006FFC040000000000DDFD0400E3FA040040
:10524000DDFA0400DDFA0400DDFA0400DDFA0400F2
:10525000DDFA0400DDFA04001BFC0400F7FA040088
:10526000FBFA040000000000FFFA040003FB040046
:1052700007FB04000BFB04000FFB040013FB0400FE
:10528000990B0500950B0500950B0500970B050084
:10529000290C0500290C0500950B0500970B05004E
:1052A000012A03280229002A00182A2B0118042A9F
:1052B0000028052A990E05004D0F0500F91005007C
:1052C0001512050000000000F90E05007910050018
:1052D0007910050079100500D50D0500791005003D
:1052E000D50D050079100500D50D0500730F0500DB
:1052F000C90F0500D50D05000000000000000000EA
:1053000000000000D50D05005D13050055140500D3
:105310008913050033180500891305004B14050097
:10532000A51805004B140500891305004D14050050
:1053300000000000B31C05004D1405000000000033
:105340000000000000000000A1140500A91A0500DB
:10535000711A0500990B0500192205006920050046
:10536000A5210500DD240500D5220500352705000F
:10537000452305000003050705030505050303058F
:1053800002000001000F000000131D1210150100A3
:1053900000010100314005008D450500B1430500C5
:1053A00009440500794405002D4505002940050004
:1053B000693F0500D93F0500D14705006D3F050055
:1053C000DD42050005430500114305003D4305008E
:1053D000953F0500BD440500813F05009D4B05003C
:1053E0004D4B0500FD4B0500254C0500354B0500D8
:1053F0000F4D05000D4D0500114D0500614B0500D9
:105400004D4C0500394B0500AD5D0500B94E05005A
:1054100079510500F54D05000D4E05003952050086
:10542000D15205000D530500F94D0500C15005008E
:105430003D50050061510500180028000000D0070C
:1054400000000000494E050010201121AD5D05004F
:10545000AF5D05001D540500C1570500C957050083
:1054600055580500E557050031590500E557050079
:10547000115A0500F9590500BD5A0500DF5A05000B
:10548000F95A0500135B0500595B0500695B0500CF
:10549000815B0500995B05000110000002200000FF
:1054A00003220000000000000100041101000003BD
:1054B000030200030100010002000021020000239A
:1054C0000322002302000200030004010300030082
:1054D00003000004030503000400040004000004AA
:1054E0000401000404000400AD5D05001D5C05001E
:1054F0008D5C0500AD5D0500AF5D0500AF5D05008D
:10550000070303030303020404040404050505055B
:10551000050707070706060606060605050404072D
:105520000704070404050504040909090202000030
:105530000B0B0B07020002000A010B0C0C0D0D0DEA
:105540000D0D0D0D10101004111114141414141459
:105550001212131313130700AD5D0500B55E0500AD
:10556000AF5D05002D600500D1600500F16005000C
:105570000561050009610500196105002561050047
:1055800095600500FD5F0500AD5D0500AF5D0500A0
:10559000E95F0500D55F05008D610500C15F05006D
:1055A0007566050021670500296505004D66050043
:1055B000416505002D650500796705002568050032
:1055C00041680500F167050045680500656705004D
:1055D00081690500B56905001D690500AD5D05001F
:1055E000AF5D0500916B0500796E0500B96E050091
:1055F000E16E0500FB6E0500016F05007D6E050084
:10560000916E0500356F0500A56E0500B5700500AB
:1056100015700500DD7005000101000000000000AC
:105620000000000802070100030300050204000552
:105630000008020702000002020002000006020049
:105640000200030003000005030200060008030235
:10565000000707111102110B110811024111026C10
:10566000888391AAF5A53860370BDB5A6083BE00AA
:1056700062746C651F760500F387050005880500D8
:105680001B880500E5760500077705000F77050004
:10569000597705007D770500CD790500F179050082
:1056A000117A0500F9790500057A0500417A0500AF
:1056B000059105007591050089910500B5910500DA
:1056C0001D92050075920500D992050029930500E9
:1056D000B1930500E39305001594050011940500AE
:1056E000219405005594050081940500A3940500BC
:1056F0004D8905009588050091890500CB89050035
:10570000D19405004D9505008F95050095950500F0
:1057100099950500E99505005196050099960500B3
:105720000D8A0500998A0500118B0500818B050003
:10573000F18B0500658C0500BB960500E59605001C
:105740004C570700745607003B580700685807007D
:10575000E0580700BC580700B65807000A59070070
:10576000FC570700925807008C5807007D58070027
:10577000835807009858070031590700E65807007A
:10578000F2580700F8580700EC580700FE580700C9
:10579000C5580700CB580700085807001A580700DB
:1057A000145807000E5807004A58070050580700C1
:1057B0002B590700B0580700235807002958070045
:1057C000D4580700DA5807002F580700355807004B
:1057D0002259070056580700A1580700E457070050
:1057E0001059070010000B0F250206240A01010CB6
:1057F0000A000103000107240000000013061B1427
:105800000B2015112800000019142C0000001C1793
:105810002F0000001C162E0000001C152D0D240961
:105820000000000B1C050000000B1D060000000B13
:1058300020080000000B21140000000A00020700ED
:10584000020300030F25020000001C1830000000B6
:105850001C19310000000823160900020322001D54
:1058600000030D240900000001010F0A00010300DC
:10587000100600110700000F00000000001C091EA8
:105880000000001C0A1F0D240900000006081D006E
:10589000000006071C00000016132B0D2409000051
:1058A000000623170C23180E000E0323000000002F
:1058B000041B04000000040419000000110300127E
:1058C0001A000000001C122900000006132A0D24F3
:1058D00009000000061E13000000061F070000005C
:1058E0000602120000001C0D250000001C102700FD
:1058F0000000060E26000000060F240000001A0C0F
:10590000231B132B0D240900000006051A000000BC
:105910000A00010725000325000F250001250D00C1
:1059200000000B22150D24090000000622320000A1
:1059300000060B21170B22040C23000000000000BE
:105940001F7605005B76050081760500A5760500CB
:10595000E5760500077705000F7705005977050004
:105960007D770500CD790500F1790500117A0500F4
:10597000F9790500057A0500417A050005910500D1
:105980007591050089910500B59105001D920500EE
:1059900075920500D992050029930500B193050081
:1059A000E3930500B059070040590700185A070053
:1059B000335A0700635A0700695A0700005A070064
:1059C000065A0700575A07005D5A07000C5A07008D
:1059D000125A0700815A0700275A0700485A070041
:1059E000E85907006F5A070010000B0F0D02060C54
:1059F0000A01010C0A0001030001070C000000006D
:105A00000B04050000000B05060000000B08080051
:105A100000000B09140000000A0002070002030046
:105A2000030F0D02000000080B16090002030A0014
:105A300000000001010F0A00010300100600110719
:105A400000000F0000000000060B170C0B180E00E2
:105A50000E030B00000000060613000000060707F7
:105A60000000000602120000000403040000000A07
:105A70000001070D00030D000F0D00010D0D0000CA
:105A8000000B0A150D0C0900000000001F76050030
:105A9000F387050005880500D57A05001B880500F9
:105AA000459B0500BD760500F19A0500E5760500E9
:105AB000077705000F770500597705007D7705000A
:105AC000CD790500417A0500117A0500F9790500C4
:105AD000057A0500F1790500C1970500E9970500F1
:105AE0005D980500FD9805005D9B05009D9B0500E8
:105AF000A39B0500C39B05009588050091890500BF
:105B0000CB890500E59B0500399C05004F9C0500ED
:105B1000F59B0500659C0500699C0500A79C050098
:105B20000B9D0500159D05008D9D0500D79D050069
:105B3000ED9D0500059E0500998A0500118B050065
:105B4000818B0500F18B0500658C0500319E0500F9
:105B50001F99050041990500A59905007D9A05004A
:105B6000C59A0500119A0500745B07008C5A07005E
:105B7000745C0700A15C0700145C07002F5C070041
:105B8000F25C0700405D0700EC5C07004D5C07001D
:105B9000BC5C0700C25C0700B65C0700C85C07007D
:105BA000D45C0700075D0700165D07003A5D07003B
:105BB0001C5D0700285D0700225D07002E5D0700C1
:105BC000FB5C0700015D0700615D0700595C070091
:105BD0006B5C0700655C07005F5C0700835C070087
:105BE000895C0700885D0700915D07006A5D07001A
:105BF000705D0700825D0700765D07007C5D070031
:105C0000585D07008F5C0700DD5C0700355C07000E
:105C1000465D07000A0001060214070002030001A6
:105C20000800010900010F01031F0001000000022C
:105C3000031500000010000F0F27020626120500B2
:105C4000100A0001030001072600000000130717D7
:105C5000140C1B15142500000019172B0000001C44
:105C60001A2E0000001C192D0000001C182C0D26F7
:105C70000D0000000A00020700020300040F2702C3
:105C80000000001C1B2F0000001C24300000000836
:105C900025340900020324001D00040D260D000018
:105CA000000501130A0001060214070000030001A9
:105CB0000F00000000001C0A1A0000001C08180059
:105CC0000000060919000000161529060B280D26EC
:105CD0000D00000016162A0D260D000000062535C1
:105CE0000C25360E000E03250000000004040700FA
:105CF0000000110500121C000000001C1527000008
:105D000000061326000000060C1C1E0D1E170C1D9D
:105D1000040E07000000040F200000001C102200E9
:105D200000001C12240000000611230000001A0EBF
:105D3000001B15290D260D000000060F1F00000096
:105D40000606050000000A00010727000327000FD0
:105D500027000527110000000B24330D260D00003D
:105D60000006162A0D260D0000000B1F090000007A
:105D70000B200A0000000B220C0000000B23320055
:105D8000000006210B000000041D06061D16000081
:105D900000041E08061E3100000000001F760500EA
:105DA0005B76050081760500D57A0500A5760500AD
:105DB000BD760500E5760500077705000F7705003D
:105DC000597705007D770500CD790500F17905004B
:105DD000117A0500F9790500057A0500417A050078
:105DE000C1970500E99705005D980500FD9805003D
:105DF0001F99050041990500A59905007D9A0500A8
:105E0000119A0500C59A0500145E07009C5D070005
:105E1000A15E0700BC5E0700505E07006B5E0700D6
:105E2000E65E0700EF5E0700895E07008F5E0700F1
:105E3000E05E0700955E07009B5E07000A5F0700B3
:105E4000B05E0700D15E0700715E0700F85E0700D4
:105E50000A000106021207000203000108000109FE
:105E600000010F01031F00010000000203130000E6
:105E70000010000D0F0E02060D0C05000E0A0001A9
:105E8000030001070D000000000B06070000000BD7
:105E900007080000000B090A0000000B0A160000AA
:105EA000000A00020700020300040F0E02000000B7
:105EB000080C18090002030B000000000501110A7C
:105EC00000010602120700000300010F000000009D
:105ED000000C0C19060C1A0E0010030C0000000038
:105EE000060809000000040405060414000000046C
:105EF00005060605150000000A0001070E00030E46
:105F0000000F0E00050E0F0000000B0B170D0D0B00
:105F10000000000000000000000000000000000081
:105F20000000000000000000963007772C610EEEA4
:105F3000BA51099919C46D078FF46A7035A563E9E0
:105F4000A395649E3288DB0EA4B8DC791EE9D5E007
:105F500088D9D2972B4CB609BD7CB17E072DB8E706
:105F6000911DBF906410B71DF220B06A4871B9F35B
:105F7000DE41BE847DD4DA1AEBE4DD6D51B5D4F494
:105F8000C785D38356986C13C0A86B647AF962FDF9
:105F9000ECC9658A4F5C0114D96C0663633D0FFA46
:105FA000F50D088DC8206E3B5E10694CE44160D54C
:105FB000727167A2D1E4033C47D4044BFD850DD236
:105FC0006BB50AA5FAA8B5356C98B242D6C9BBDB49
:105FD00040F9BCACE36CD832755CDF45CF0DD6DC44
:105FE000593DD1ABAC30D9263A00DE518051D7C8EB
:105FF0001661D0BFB5F4B42123C4B3569995BACF76
:106000000FA5BDB89EB802280888055FB2D90CC696
:1060100024E90BB1877C6F2F114C6858AB1D61C10F
:106020003D2D66B69041DC760671DB01BC20D2982E
:106030002A10D5EF8985B1711FB5B606A5E4BF9FBB
:1060400033D4B8E8A2C9077834F9000F8EA80996AE
:1060500018980EE1BB0D6A7F2D3D6D08976C649119
:10606000015C63E6F4516B6B62616C1CD830658532
:106070004E0062F2ED95066C7BA5011BC1F408820F
:1060800057C40FF5C6D9B06550E9B712EAB8BE8B50
:106090007C88B9FCDF1DDD62492DDA15F37CD38CD9
:1060A000654CD4FB5861B24DCE51B53A7400BCA3D7
:1060B000E230BBD441A5DF4AD795D83D6DC4D1A409
:1060C000FBF4D6D36AE96943FCD96E34468867ADE0
:1060D000D0B860DA732D0444E51D03335F4C0AAA7F
:1060E000C97C0DDD3C710550AA41022710100BBE82
:1060F00086200CC925B56857B3856F2009D466B9C9
:106100009FE461CE0EF9DE5E98C9D9292298D0B0FD
:10611000B4A8D7C7173DB359810DB42E3B5CBDB7AA
:10612000AD6CBAC02083B8EDB6B3BF9A0CE2B6032B
:106130009AD2B1743947D5EAAF77D29D1526DB04E0
:106140008316DC73120B63E3843B64943E6A6D0D2B
:10615000A85A6A7A0BCF0EE49DFF099327AE000A76
:10616000B19E077D44930FF0D2A3088768F2011E09
:10617000FEC206695D5762F7CB67658071366C19A0
:10618000E7066B6E761BD4FEE02BD3895A7ADA10C1
:10619000CC4ADD676FDFB9F9F9EFBE8E43BEB717A2
:1061A000D58EB060E8A3D6D67E93D1A1C4C2D8382C
:1061B00052F2DF4FF167BBD16757BCA6DD06B53F92
:1061C0004B36B248DA2B0DD84C1B0AAFF64A0336D1
:1061D000607A0441C3EF60DF55DF67A8EF8E6E3150
:1061E00079BE69468CB361CB1A8366BCA0D26F2599
:1061F00036E2685295770CCC03470BBBB9160222E6
:106200002F260555BE3BBAC5280BBDB2925AB42BFA
:10621000046AB35CA7FFD7C231CFD0B58B9ED92C0F
:106220001DAEDE5BB0C2649B26F263EC9CA36A7574
:106230000A936D02A906099C3F360EEB856707722B
:1062400013570005824ABF95147AB8E2AE2BB17B92
:10625000381BB60C9B8ED2920DBED5E5B7EFDC7C19
:1062600021DFDB0BD4D2D38642E2D4F1F8B3DD6870
:106270006E83DA1FCD16BE815B26B9F6E177B06F6B
:106280007747B718E65A0888706A0FFFCA3B066658
:106290005C0B0111FF9E658F69AE62F8D3FF6B61E5
:1062A00045CF6C1678E20AA0EED20DD75483044E87
:1062B000C2B30339612667A7F71660D04D47694915
:1062C000DB776E3E4A6AD1AEDC5AD6D9660BDF4028
:1062D000F03BD83753AEBCA9C59EBBDE7FCFB247DB
:1062E000E9FFB5301CF2BDBD8AC2BACA3093B353C0
:1062F000A6A3B4240536D0BA9306D7CD2957DE54C9
:10630000BF67D9232E7A66B3B84A61C4021B685DA1
:10631000942B6F2A37BE0BB4A18E0CC31BDF055A1A
:106320008DEF022D6261642068616E646C6520747B
:106330006F20756E6465726C79696E672074726126
:106340006E73706F7274002E2F6D6265642D6F73A3
:106350002F636F6E6E65637469766974792F464535
:1063600041545552455F424C452F736F75726365BA
:106370002F636F7264696F2F6472697665722F4341
:106380006F7264696F4843494472697665722E631F
:10639000707000657272203D3D20424C455F455251
:1063A000524F525F4E4F4E45005F746573745F6588
:1063B0006E645F68616E646C6572000000000000CE
:1063C000000000000000000000000000F5FF0200D7
:1063D00073A5050009A6050069A505006DA50500C2
:1063E0006FA50500F5FF0200F5FF02002E2F6D627C
:1063F00065642D6F732F636F6E6E65637469766964
:1064000074792F464541545552455F424C452F7390
:106410006F757263652F636F7264696F2F64726941
:106420007665722F436F7264696F48434954726195
:106430006E73706F72744472697665722E637070D9
:10644000002E2F6D6265642D6F732F636F6E6E6506
:10645000637469766974792F464541545552455F96
:10646000424C452F736F757263652F636F72646959
:106470006F2F736F757263652F50616C4576656E13
:10648000745175657565496D706C2E68006576652B
:106490006E745F62756620213D206E756C6C707441
:1064A00072002E2F6D6265642D6F732F636F6E6E99
:1064B00065637469766974792F4645415455524530
:1064C0005F424C452F736F757263652F636F726403
:1064D000696F2F736F757263652F424C45496E73F8
:1064E00074616E636542617365496D706C2E637093
:1064F00070005F6863695F64726976657220213D30
:10650000206E756C6C70747200546F6F206D7563C3
:1065100068206D656D6F727920616C6C6F6361745A
:10652000656420666F7220436F7264696F206D65C9
:106530006D6F727920706F6F6C2C2072656475635B
:1065400065206275665F706F6F6C5F646573632E44
:106550006275666665725F73697A65206279207616
:10656000616C75652062656C6F772E002E2F6D62F1
:1065700065642D6F732F706C6174666F726D2F6917
:106580006E636C7564652F706C6174666F726D2FCD
:1065900043616C6C6261636B2E6800626F6F6C2884
:1065A0002A746869732900000000000000000000E0
:1065B0001DA905001FA9050021A9050023A90500A3
:1065C00025A9050027A9050029A905002BA9050073
:1065D0002DA905002FA9050031A9050033A9050043
:1065E00035A90500000000000000000063A90500B7
:1065F000A9A9050000000000000000005DAB050037
:1066000007AB05000000000000000000C5B2050057
:1066100055A905003DB1050037A90500E9AD050004
:1066200041A90500B5AD050031AE0500A1AA0500E0
:10663000D5AA0500D1AC0500DDB3050049A90500C8
:1066400021AB050049AB0500000000000000000080
:1066500049B0050067656E657269632D636F72648A
:10666000696F002E2F6D6265642D6F732F636F6EDF
:106670006E65637469766974792F46454154555245
:10668000455F424C452F736F757263652F636F7260
:1066900064696F2F736F757263652F4761747453EC
:1066A0006572766572496D706C2E637070006C65F2
:1066B0006E202B206F6666736574203C3D20704110
:1066C0007474722D3E6D61784C656E006765745F01
:1066D00076616C75655F68616E646C655F62795F39
:1066E000636363645F68616E646C6528617474726F
:1066F000696275746548616E646C652C20636861BD
:106700007248616E646C65290000000000000000A2
:106710000000000099B80500ADB8050000000000B9
:1067200000000000E9A9050001AA05000000000022
:1067300000000000BDA90500D5A90500000000006B
:106740000000000059B805006DB80500FFFFFFFF0D
:106750000000FFFF000000000000000065B405001D
:106760002E2F6D6265642D6F732F706C6174666F70
:10677000726D2F696E636C7564652F706C617466E1
:106780006F726D2F5370616E2E6800636F756E743B
:10679000203E3D20300070747220213D204E554C2B
:1067A0004C207C7C20636F756E74203D3D20300052
:1067B0000000000000000000BBBE05003BC005005B
:1067C00071BE050073C0050000000000000000005D
:1067D000B9BE050049C005007BBE050081BE0500AD
:1067E0000000000000000000B7BE050057C0050013
:1067F0009DBE050027C3050000000000000000004A
:10680000B5BE050065C00500A7BE050005C30500AF
:106810000000000000000000B1BE0500B1BE050090
:10682000BDBE0500D5BE0500E5BE050001BF0500E3
:1068300029BF050055BF050065BF050079BF0500EC
:106840008DBF0500B9BF0500CFBF0500E5BF05003E
:1068500007C005002BC0050041C1050025C105008A
:1068600045C20500B9C10500D1C5050089C50500AF
:1068700035C50500F5C40500B5C4050075C405009F
:1068800021C40500EDC10500D3C3050013C20500F6
:106890008DC3050047C30500000000000000000094
:1068A00075C6050023C9050035C6050039C60500B3
:1068B000000000000000000003CB050003CB050032
:1068C00063CB050053C6050095C6050031C9050018
:1068D000D5D0050031D105003FC90500ABC6050084
:1068E00067C90500B3C90500C3C605008DC9050009
:1068F000CDCE050053CF0500C7C90500DBC9050093
:1069000061C6050065C60500DFC90500EFC90500C1
:10691000FBC9050019C705008BCB05007BCA050024
:106920004DC7050005CA050069C605003DCA05003A
:1069300049CA05005BCA05006DCA050077CA050093
:106940008BC70500D3CB0500DDC60500FBC70500DE
:10695000FFC7050009C8050021C8050039C80500A2
:1069600087C80500C3C8050009C7050077C605002C
:10697000D3C80500A5CA0500FFC80500D9CA05008F
:106980006DC6050071C60500C1D50500F1CC050036
:1069900093CD0500C7CD050007CE05004FC6050005
:1069A000000000000000000029D6050047D60500C1
:1069B0002E2F6D6265642D6F732F636F6E6E65632E
:1069C0007469766974792F464541545552455F4242
:1069D0004C452F736F757263652F636F7264696FB7
:1069E0002F736F757263652F50616C507269766199
:1069F000746541646472657373436F6E74726F6C17
:106A00006C6572496D706C2E637070006D736700F9
:106A1000000000000000000065D605005DD60500FE
:106A20006FD6050069D705008BD60500A5D60500F1
:106A3000B3D60500BFD60500D7D60500DBD60500C6
:106A400035D7050055D7050013D7050061D60500D9
:106A50002E2F6D6265642D6F732F636F6E6E65638D
:106A60007469766974792F464541545552455F42A1
:106A70004C452F736F757263652F636F7264696F16
:106A80002F736F757263652F50616C5365637572F8
:106A90006974794D616E61676572496D706C2E63C2
:106AA00070700000000000000000000051D80500D8
:106AB0005FDF050069DF05003BDA05005DDA0500F0
:106AC0007FDA0500FBD7050019D8050069D8050055
:106AD00001D8050029D8050079D80500C1D80500DE
:106AE00089D8050005D8050019D9050005D9050084
:106AF0003BD905005BD905006BD905009DD9050080
:106B00000DDA05008FDA050009D805009DDA0500C9
:106B100001DB0500B5DA0500C5DA0500D5DA0500A8
:106B2000E5DA050049D805004DD805000304000248
:106B30002E2F6D6265642D6F732F636F6E6E6563AC
:106B40007469766974792F464541545552455F42C0
:106B50004C452F736F757263652F67656E6572693B
:106B6000632F476170496D706C2E637070005F73A6
:106B700063616E5F7374617465203D3D2053636192
:106B80006E53746174653A3A70656E64696E675FDE
:106B90007363616E004576656E742068616E646C27
:106BA000657220726571756972656420696620631B
:106BB0006F6E6E656374696F6E20706172616D7364
:106BC0002061726520757365722068616E646C6502
:106BD00064000000000000000000000057360600BE
:106BE0000000000000000000F1ED050005EE0500CA
:106BF00029E40500A1D6020095D5020047E405006E
:106C0000A1D6020095D50200131512101B0000003A
:106C10000000000000000000D5E20500F9E20500D8
:106C2000D5E2050007F7050011E30500A9F7050007
:106C30005DE30500E1E6050071F10500BFE3050035
:106C4000E3E30500DFF10500D1F305005DF5050084
:106C500075E305008BE80500E9E805003FF5050050
:106C60004DF50500F8FFFFFF0000000045F50500A9
:106C700053F5050095E40500A1D6020095D5020064
:106C8000CBF30500A1D6020095D502005BF205000A
:106C9000A1D6020095D5020055F20500A1D602004A
:106CA00095D50200C5F30500A1D6020095D50200D6
:106CB000A7E30500A1D6020095D5020091E30500E7
:106CC000A1D6020095D502003BE70500A1D602003F
:106CD00095D50200000000000000000015AA050084
:106CE0002DAA0500000000000000000041AA0500D8
:106CF0008DAA050019F80500A1D6020095D502005D
:106D000035F80500A1D6020095D50200000000006C
:106D100000000000F7F70500FBF705008FFA0500FB
:106D2000FCFFFFFF0000000007F80500B5FA0500B2
:106D3000000000000000000009FB05000BFB05003F
:106D4000DBFA05000000000000000000BDFA0500AD
:106D50002FFC05002E2F6D6265642D6F732F636FFE
:106D60006E6E65637469766974792F464541545532
:106D700052455F424C452F736F757263652F67658F
:106D80006E657269632F53656375726974794D61BD
:106D90006E61676572496D706C2E637070005F6420
:106DA0006200000077FD0500A1D6020095D5020023
:106DB00091FD0500A1D6020095D50200ABFD0500AE
:106DC000A1D6020095D502000000000000000000DE
:106DD000DF070600790206009FFE0500C1020600DB
:106DE000EDFC0500390D0600B5060600EFFC0500B8
:106DF000B9FE050035FF0500FDFE050017FF050083
:106E0000D908060041080600FBFC050091FF0500BB
:106E1000FDFF05005500060095000600DD00060098
:106E20001D0106003502060065010600C50D0600BD
:106E3000410E060051FF05005306060029FD05001E
:106E400069090600C1040600FCFFFFFF0000000006
:106E5000310A060009050600F8FFFFFF00000000E8
:106E600089FF0500AD06060059FD0500890F0600E3
:106E7000A1D6020095D50200A50F0600A1D60200FA
:106E800095D5020000000000000000003D0F060044
:106E90003D0F06009D0E0600A50E0600031006001D
:106EA000450F06003310060059100600AD0E06000F
:106EB000BB0E0600C30E0600D70E0600E70E060046
:106EC000EF0E0600FF0E06000F0F06001F0F060054
:106ED000350F0600E70F0600CB0F0600950E0600E3
:106EE000990E06002E2F6D6265642D6F732F636FF0
:106EF0006E6E65637469766974792F6472697665FC
:106F000072732F626C652F464541545552455F425E
:106F10004C452F5441524745545F4E4F52444943CC
:106F20002F5441524745545F4E4F524449435F43AB
:106F30004F5244494F2F5441524745545F4E524699
:106F400035782F4E5246436F7264696F4843494407
:106F500072697665722E6370700028616464726570
:106F600073735B355D2026203078433029203D3D0A
:106F70002030784330005F737461636B5F627566C5
:106F800066657220213D204E554C4C001400960041
:106F9000E803F401FFFFFFFF5F0003230900000087
:106FA0000000000003040002400000000000040094
:106FB00000020504040000010000000000000000C1
:106FC0000000000000001027010101010000000086
:106FD0000000000071120600F11206000D110600FB
:106FE0002B11060009A60500411106006DA505003C
:106FF0006FA5050071110600291106001000180088
:10700000200014004000080080000800140108005F
:107010000000000000000000B1130600B5130600D8
:10702000B3130600B3130600C31306002E2F6D62C0
:1070300065642D6F732F706C6174666F726D2F694C
:107040006E636C7564652F706C6174666F726D2F02
:1070500053696E676C65746F6E5074722E68007041
:10706000203D3D207265696E746572707265745F53
:10707000636173743C54202A3E28265F6461746106
:1070800029002E2F6D6265642D6F732F74617267F6
:107090006574732F5441524745545F4E4F524449D3
:1070A000432F5441524745545F4E524635782F671F
:1070B00070696F5F6F626A6563742E68000000001C
:1070C0000000000000000000CF300600DF300600A6
:1070D000052F0600252F0600000000006410B71DD4
:1070E000C8206E3BAC30D9269041DC76F4516B6BF6
:1070F0005861B24D3C7105502083B8ED44930FF0B8
:10710000E8A3D6D68CB361CBB0C2649BD4D2D3866D
:1071100078E20AA01CF2BDBD2E2F6D6265642D6F52
:10712000732F647269766572732F736F75726365FE
:107130002F53657269616C426173652E63707000D4
:107140005F7374617469635F70696E6D6170203D17
:107150003D204E554C4C0000000000000000000097
:10716000C7310600C731060085340600F934060031
:10717000000000000000000057360600000000007C
:107180000000000081370600000000000000000041
:10719000813706000000000000000000F5FF02003B
:1071A0000000000000000000C7310600C7310600E3
:1071B000153A0600313A06004D3A0600993A0600A3
:1071C00095390600A1390600AD390600B53906002B
:1071D000EF390600013A0600BD39060004FFFFFF43
:1071E00000000000293A0600473A0600BF3A0600B0
:1071F000913A06009B390600B9390600913906001C
:10720000B1390600D92B0600E32B0600A73906008A
:10721000F3FB0200F9FB020005FC0200F93906004D
:107220000B3A0600E739060019FC02002E2F6D62AA
:1072300065642D6F732F647269766572732F757331
:10724000622F736F757263652F4173796E634F7030
:107250002E637070005F6C697374203D3D204E5545
:107260004C4C005F77616974203D3D204E554C4C7D
:10727000000000000000000000000000000000000E
:1072800000000000F5FF0200153B06002E2F6D6286
:1072900065642D6F732F647269766572732F7573D1
:1072A000622F736F757263652F555342446576691B
:1072B00063652E637070005F6C6F636B6564203E66
:1072C00020300054686520656E64706F696E7420AC
:1072D0006973206E6F7420696E64657861626C6595
:1072E0002E005F7472616E736665722E75736572BF
:1072F0005F63616C6C6261636B203D3D2052657120
:107300007565737458666572446F6E650044657682
:107310006963652073746174652069732022506FFE
:10732000776572656422206F722022446574616300
:10733000686564220054686520737461636B20691A
:10734000732077616974696E67206F6E20612075A4
:107350007365722063616C6C6261636B20666F722F
:10736000207468652062756666657220746F206699
:10737000696C6C206F72207374617475732E005F7A
:107380007472616E736665722E757365725F636188
:107390006C6C6261636B203D3D20536574436F6E7E
:1073A00066696775726174696F6E005F7472616E91
:1073B000736665722E757365725F63616C6C626172
:1073C000636B203D3D20536574496E746572666140
:1073D0006365005F7472616E736665722E757365A6
:1073E000725F63616C6C6261636B203D3D2052652E
:1073F0007175657374002128696E666F2D3E666C29
:10740000616773202620454E44504F494E545F45D6
:107410004E41424C454429006D61785F7061636B59
:1074200065745F73697A65203C3D203130323400E9
:1074300021636F6E666967757265642829005468F8
:10744000652073697A65206F6620746865206461C1
:10745000746120746F2072656164206973206C65AB
:107460007373207468616E20746865206D61782084
:107470007061636B65742073697A6520666F722032
:107480007468697320656E64706F696E742E005441
:10749000686520656E64706F696E74206973206E14
:1074A0006F7420696E64657861626C650053697AF7
:1074B00065206265696E67207772697474656E20F5
:1074C000697320746F6F206C617267652E00215F95
:1074D000696E697469616C697A6564000000000016
:1074E000000000000000000000000000A3500600A3
:1074F0008545060089420600794306008951060049
:10750000893E06008B3E0600E53F0600E53F06008B
:10751000213F0600913E0600F5FF0200F13E060005
:10752000F93E0600193F0600013F0600093F06002C
:10753000113F0600F5EE0200F9EE0200FBEE02003C
:10754000873E0600F5FF0200F5FF0200F5FF02008E
:10755000F5FF0200F5FF0200B93F0600413F0600BB
:10756000993F06000403090416033000310032007D
:107570003300340035003600370038003900160378
:1075800055005300420020004400450056004900C9
:1075900043004500080355005300420012036D00EC
:1075A0006200650064002E006F0072006700060331
:1075B00030003100BC750700E064012065F1060071
:1075C0006DF10600ADF10600BDF1060079F106008F
:1075D00085F1060069F106005DF10600010000007A
:1075E0002E2F6D6265642D6F732F68616C2F736F22
:1075F000757263652F6D6265645F7469636B657234
:107600005F6170692E63006D617463685F746963A4
:107610006B20213D2071756575652D3E7469636B26
:107620005F6C6173745F72656164005469636B655C
:1076300072206672657175656E6379206973207A50
:1076400065726F005469636B6572206E756D62655B
:1076500072206F66206269742069732067726561A9
:10766000746572207468616E203332206F72206CF2
:10767000657373207468616E2034206269747300CE
:1076800088760700206501205957060091BC060046
:10769000EDBC0600FDBC0600A1BC0600DDBC06007A
:1076A00049570600EDBB06000000000064656661F6
:1076B000756C740000000000000000001558060002
:1076C00079580600000000000000000000000000E3
:1076D00000000000F5FF0200F5FF0200F5FF0200C8
:1076E000F5FF02009139060001590600D92B06006A
:1076F000E32B060005590600F3FB0200F9FB02002C
:1077000005FC020009FC02000FFC020015FC02004F
:1077100019FC02002F002E2F6D6265642D6F732FF0
:10772000706C6174666F726D2F736F757263652F05
:1077300046696C65506174682E637070006C656E8C
:1077400020213D203000772B0053747265616D203D
:107750006F626A206661696C7572650000000000E6
:10776000000000000000000000000000F5FF020023
:10777000F5FF0200F5FF0200F5FF02009139060057
:1077800001590600D92B0600E32B06000559060017
:10779000F3FB0200F9FB020005FC020009FC0200F9
:1077A0000FFC020015FC020019FC0200FCFFFFFFA9
:1077B00000000000000000000000000000000000C9
:1077C000000000000000000000000000135A060046
:1077D000E3590600455A0600DF590600DF59060046
:1077E000DF590600DF590600495A0600DF59060036
:1077F000F3FB0200F9FB020005FC020009FC020099
:107800000FFC020015FC020019FC0200F5FF02004B
:10781000F5FF02001BFC02001DFC0200FCFFFFFF45
:107820000000000000000000000000002E2F6D622C
:1078300065642D6F732F706C6174666F726D2F733A
:107840006F757263652F53797354696D65722E631A
:10785000707000215F7469636B696E6700215F74EB
:1078600069636B696E6720262620215F77616B65EF
:107870005F74696D655F736574000000000000004F
:1078800000000000395D06000A52252D34643A20BC
:107890002530386C58000A53502020203A202530DB
:1078A000386C580A4C522020203A202530386C5829
:1078B0000A50432020203A202530386C580A78504E
:1078C0005352203A202530386C580A50535020200B
:1078D0003A202530386C580A4D535020203A202544
:1078E00030386C58000A43505549443A2025303806
:1078F0006C58000A48465352203A202530386C58BC
:107900000A4D4D4653523A202530386C580A4246AB
:107910005352203A202530386C580A55465352208D
:107920003A202530386C580A44465352203A2025D4
:1079300030386C580A41465352203A202530386C72
:1079400058000A4D4D4641523A202530386C5800B7
:107950000A42464152203A202530386C58000A4DE0
:107960006F6465203A20546872656164000A507241
:107970006976203A2055736572000A507269762044
:107980003A2050726976696C65676564000A4D6FCC
:107990006465203A2048616E646C6572000A537415
:1079A00061636B3A20505350000A537461636B3A21
:1079B000204D5350000A2B2B204D6265644F5320FD
:1079C0004661756C742048616E646C6572202B2B67
:1079D0000A0A4661756C74547970653A20004D65E9
:1079E0006D4D616E6167654661756C7400427573BB
:1079F0004661756C740055736167654661756C749A
:107A000000486172644661756C74000A0A436F6EC7
:107A1000746578743A000A0A2D2D204D6265644F12
:107A200053204661756C742048616E646C657220E9
:107A30002D2D0A0A004661756C74206578636570A7
:107A400074696F6E002E2E2E0A002E2F6D626564F3
:107A50002D6F732F706C6174666F726D2F736F75FD
:107A60007263652F6D6265645F63726974696361D7
:107A70006C2E6300637269746963616C5F73656324
:107A800074696F6E5F7265656E7472616E63795F43
:107A9000636F756E746572203C2055494E543332C5
:107AA0005F4D4158003C756E6E616D65643E00200F
:107AB0003C68616E646C65723E000A0A2B2B204D97
:107AC0006265644F53204572726F7220496E666F13
:107AD000202B2B0A4572726F722053746174757378
:107AE0003A203078255820436F64653A2025642079
:107AF0004D6F64756C653A2025640A4572726F7229
:107B0000204D6573736167653A20004B65726E6541
:107B10006C204572726F723A203078256C582C2098
:107B2000005468726561643A203078256C582C20C6
:107B3000004D757465783A203078256C582C2000FB
:107B400053656D6170686F72653A203078256C58A6
:107B50002C20004D656D6F7279506F6F6C3A20303C
:107B600078256C582C20004576656E74466C6167EC
:107B7000733A203078256C582C200054696D65725A
:107B80003A203078256C582C20004D65737361675E
:107B90006551756575653A203078256C582C200044
:107BA000417373657274696F6E206661696C656498
:107BB0003A20000A4C6F636174696F6E3A20307826
:107BC000256C58000A46696C653A20002B25640034
:107BD0000A4572726F722056616C75653A20307872
:107BE000256C58000A43757272656E742054687271
:107BF0006561643A20257325732049643A20307802
:107C0000256C5820456E7472793A203078256C586E
:107C100020537461636B53697A653A203078256C20
:107C20005820537461636B4D656D3A203078256C34
:107C3000582053503A203078256C5820000A466F5F
:107C400072206D6F726520696E666F2C2076697385
:107C500069743A2068747470733A2F2F6D6265648A
:107C60002E636F6D2F732F6572726F723F65727224
:107C70006F723D307825303858266F737665723DC7
:107C8000256C6426636F72653D30782530386C58FA
:107C900026636F6D703D2564267665723D256C7593
:107CA000267467743D41524455494E4F5F4E414ED4
:107CB0004F3333424C45000A2D2D204D6265644FF1
:107CC00053204572726F7220496E666F202D2D0A07
:107CD0000044656570536C6565704C6F636B206F15
:107CE000766572666C6F7720283E2030784646466F
:107CF00046290044656570536C6565704C6F636B15
:107D000020756E646572666C6F7720283C20302980
:107D1000002E2F6D6265642D6F732F706C61746619
:107D20006F726D2F736F757263652F6D6265645F1F
:107D300072657461726765742E6370700028677570
:107D40006172642026204358415F47554152445F89
:107D50004D41534B29203D3D20300028677561720D
:107D6000642026204358415F47554152445F4D41AE
:107D7000534B29203D3D204358415F4755415244D4
:107D80005F494E49545F494E5F50524F47524553E9
:107D900053004572726F72202D2077726974696E7C
:107DA0006720746F20612066696C6520696E2061B0
:107DB0006E20495352206F72206372697469636147
:107DC0006C2073656374696F6E0D0A000D00457257
:107DD000726F72202D2072656164696E6720667211
:107DE0006F6D20612066696C6520696E20616E2070
:107DF000495352206F7220637269746963616C2009
:107E000073656374696F6E0D0A004F7065726174FB
:107E10006F72206E6577206F7574206F66206D65B8
:107E20006D6F72790D0A004F70657261746F722008
:107E30006E65775B5D206F7574206F66206D656D74
:107E40006F72790D0A0000000000000000000000C1
:107E5000C16706003D68060049680600E96706003C
:107E6000AD670600BD67060091390600B9670600D8
:107E7000D92B0600E32B0600B3670600F3FB0200D4
:107E8000F9FB020005FC020009FC02000FFC0200E5
:107E90000D68060019FC020000000000230000002D
:107EA000000000002A0000000000000001000000A7
:107EB0002F737464657272002F737464696E002F7F
:107EC0007374646F7574002E2F6D6265642D6F730B
:107ED0002F706C6174666F726D2F736F757263654E
:107EE0002F6D6265645F73746174732E63007374C5
:107EF00061747320213D204E554C4C002E2F6D6235
:107F000065642D6F732F72746F732F736F75726347
:107F1000652F4576656E74466C6167732E6370706D
:107F2000005F6964006170706C69636174696F6E91
:107F30005F756E6E616D65645F6576656E745F66B4
:107F40006C616773006170706C69636174696F6EF6
:107F50005F756E6E616D65645F6D75746578002E1A
:107F60002F6D6265642D6F732F72746F732F736F33
:107F7000757263652F4D757465782E637070005F40
:107F80006964207C7C206D6265645F6765745F65F1
:107F900072726F725F696E5F70726F677265737312
:107FA0002829004D75746578206C6F636B206661BD
:107FB000696C6564004D7574657820756E6C6F63CF
:107FC0006B206661696C6564002E2F6D6265642D9F
:107FD0006F732F72746F732F736F757263652F5386
:107FE000656D6170686F72652E637070005F6964A3
:107FF00020213D206E756C6C7074720053656D614C
:1080000070686F7265206163717569726520666161
:10801000696C6564002E2F6D6265642D6F732F721D
:10802000746F732F736F757263652F54686973541F
:1080300068726561642E6370700028666C61677396
:10804000203D3D206F73466C6167734572726F729D
:1080500054696D656F75742026262072656C5F7497
:10806000696D6520213D20776169745F666F725F7D
:108070007533325F666F726576657229207C7C206D
:1080800028666C616773203D3D206F73466C6167A5
:10809000734572726F725265736F757263652026D5
:1080A000262072656C5F74696D65203D3D207265A8
:1080B0006C5F74696D652E7A65726F28292900736B
:1080C0007461747573203D3D206F734F4B00617078
:1080D000706C69636174696F6E5F756E6E616D65FA
:1080E000645F746872656164000000000000000055
:1080F00000000000F973060035740600464C415339
:10810000484941500042617365206164647265733F
:108110007320616E642073697A65206E65656420E2
:10812000746F2062652073657420696E20666C61CF
:1081300073686961702D626C6F636B2D646576691D
:10814000636520636F6E66696775726174696F6ECF
:1081500020696E206F7264657220746F207573657C
:108160002064656661756C7420636F6E73747275DC
:1081700063746F7200000000000000000000000047
:10818000E5770600F9770600E5760600BB7706007E
:108190006B740600217506005D7506009975060072
:1081A0006F74060073740600CF75060057760600DC
:1081B0006F760600E575060079740600897606007C
:1081C000FB75060089740600817406002E2F6D620F
:1081D00065642D6F732F73746F726167652F626CA6
:1081E0006F636B6465766963652F736F7572636522
:1081F0002F4275666665726564426C6F636B446599
:10820000766963652E637070005F77726974655F6D
:108210006361636865202626205F726561645F6222
:108220007566005F6264005F77726974655F6361A1
:10823000636865000000000000000000497B060044
:108240005D7B0600C97B0600F57A0600917C06007E
:10825000E5780600857D0600C97C0600277D0600BE
:10826000AF780600AF780600CD7A0600E17A060006
:10827000B5780600C978060089760600FB75060009
:108280004D780600DB780600202A2F3F3A3B227CFF
:108290003C3E5C002E2F6D6265642D6F732F7374EE
:1082A0006F726167652F6B7673746F72652F6B7673
:1082B0005F636F6E6669672F736F757263652F6B8F
:1082C000765F636F6E6669672E63707000637572A8
:1082D000725F61646472203E3D2066697273745FF0
:1082E000777274626C5F736563746F725F616464EC
:1082F00072006B76002E2F6D6265642D6F732F7385
:10830000746F726167652F6B7673746F72652F740B
:10831000646273746F72652F736F757263652F5427
:10832000444253746F72652E637070005F776F7292
:108330006B5F62756620213D206E756C6C70747287
:10834000005F776F726B5F6275665F73697A652035
:10835000213D2030005F617265615F706172616D07
:10836000735B305D2E73697A65203D3D205F6172DD
:1083700065615F706172616D735B315D2E73697AE7
:10838000650054444253005F62642D3E73697A6510
:108390002829203E3D2028616C69676E5F75702832
:1083A00052455345525645445F415245415F5349FA
:1083B0005A45202B2073697A656F6628726573654C
:1083C000727665645F747261696C65725F74292C82
:1083D000205F70726F675F73697A6529202B207246
:1083E00065636F72645F73697A65286D6173746524
:1083F000725F7265635F6B65792C2073697A656F54
:1084000066286D61737465725F7265636F72645F15
:10841000646174615F742929290054444253544FA4
:1084200052453A20556E61626C6520746F2072650A
:108430006164207265636F726420617420696E6983
:10844000740054444253544F52453A20556E616271
:108450006C6520746F207772697465206D61737428
:108460006572207265636F726420617420696E6941
:1084700074000000000000000000000039870600C2
:108480005D870600DD990600E78606004992060032
:1084900089860600DD8D0600718E0600D1860600F5
:1084A000F1970600C19406001D960600B1870600EC
:1084B0007D8C0600718706006195060075910600A7
:1084C000FFFF0000FFFFFFFFFFFF0000FFFFFFFFB8
:1084D0002E2F6D6265642D6F732F746172676574E2
:1084E000732F5441524745545F4E4F524449432FD6
:1084F0005441524745545F4E524635782F544152AD
:108500004745545F4E524635322F544152474554E9
:108510005F4D43555F4E524635323834302F5553F8
:10852000425068795F4E6F726469632E63707000A9
:10853000726574203D3D204E52465F53554343457E
:10854000535300000000000000000000739C060070
:10855000A59C0600359E0600C59D0600759C06007C
:10856000019E0600B39C06008B9C0600D39C06006F
:108570008D9C0600939C0600999C06008B9C06002F
:108580009D9C060095A10600BFA10600D59E060091
:10859000419D0600599F06004D9D0600519D060015
:1085A000719D06008F9D0600959D0600D79C0600D4
:1085B000479D0600079D0600BD9D06007DA00600A4
:1085C00000060000310000003C0000003C000000FC
:1085D0003C0000003C0000003C0000003C000000AB
:1085E0003C000000320000003000000030000000BD
:1085F00030000000300000003000000030000000BB
:108600003000000041A206002E2F6D6265642D6FC0
:10861000732F746172676574732F544152474554C8
:108620005F4E4F524449432F5441524745545F4E89
:10863000524635782F5441524745545F4E52463585
:10864000322F6770696F5F6170692E6300287569EA
:108650006E7433325F742970696E203C2047504934
:108660004F5F50494E5F434F554E54002E2F6D6261
:1086700065642D6F732F746172676574732F544135
:10868000524745545F4E4F524449432F544152473D
:1086900045545F4E524635782F5441524745545FFA
:1086A0004E524635322F6932635F6170692E630026
:1086B000696E7374616E6365203C204E5246585F4C
:1086C0005457495F454E41424C45445F434F554ED8
:1086D0005400000000300040000000000040004056
:1086E0000100000000300040004000400030004029
:1086F0000000000000400040010000002E2F6D62CD
:1087000065642D6F732F746172676574732F5441A4
:10871000524745545F4E4F524449432F54415247AC
:1087200045545F4E524635782F5441524745545F69
:108730004E524635322F73657269616C5F617069A4
:108740002E63006F626A00646174615F62697473B2
:10875000203D3D20380028706172697479203D3DCC
:10876000205061726974794E6F6E6529207C7C207F
:1087700028706172697479203D3D2050617269747E
:10878000794576656E290073746F705F62697473E2
:10879000203D3D203100010101000000002000408B
:1087A0000080024040420F00200000000010000046
:1087B000040000000100000051BD060075BD060068
:1087C00085BD060095BD0600E9BD06005DBD06003D
:1087D00061BD060065BD06000000FFFFDEC0ADDE26
:1087E000FE011EF1DEC0ADDEFF011EF10203040535
:1087F000060708090B0008010C01100114011801FB
:108800001C01200124012C010C0D0E0F101112135C
:1088100014003001340138013C0140014401480199
:108820004C015001D9C906009DCB06006DCB060056
:1088300025CC06001FCC060019CC060013CC060080
:108840000DCC060007CC060001CC06005DCA060070
:10885000BDCE060029D4060029CE060023CE060090
:108860001DCE060017CE060011CE06000BCE060068
:1088700005CE060075CE060031CE060079CA060088
:10888000F1D5060015CF0600B5E60600C5E60600E0
:10889000F9EB060009EC060000800000180000005B
:1088A0000000000073717274660000000020202038
:1088B0002020202020202828282828202020202090
:1088C0002020202020202020202020202088101060
:1088D00010101010101010101010101010040404BC
:1088E000040404040404041010101010101041417A
:1088F0004141414101010101010101010101010168
:10890000010101010101010110101010101042427B
:108910004242424202020202020202020202020237
:1089200002020202020202021010101020000000D7
:108930000000000000000000000000000000000037
:108940000000000000000000000000000000000027
:108950000000000000000000000000000000000017
:108960000000000000000000000000000000000007
:1089700000000000000000000000000000000000F7
:1089800000000000000000000000000000000000E7
:1089900000000000000000000000000000000000D7
:1089A00000000000000000000000000000000000C7
:1089B00000000000000000000000000000000000B7
:1089C00000000000000000000000000000000000A7
:1089D0000000000000000000000000000000000097
:1089E0000000000000000000000000000000000087
:1089F0000000000000000000000000000000000077
:108A00000000000000000000000000000000000066
:108A100028650020494E46004E414E003031323329
:108A200034353637383941424344454600303132D7
:108A30003334353637383961626364656600496EB0
:108A400066696E697479004E614E00504F53495803
:108A500000000000000000000080E03779C34143BF
:108A6000176E05B5B5B89346F5F93FE9034F384D94
:108A7000321D30F94877825A3CBF737FDD4F157540
:108A8000000000000000F03F000000000000244053
:108A900000000000000059400000000000408F402E
:108AA000000000000088C34000000000006AF84099
:108AB0000000000080842E4100000000D0126341BD
:108AC0000000000084D797410000000065CDCD4133
:108AD000000000205FA00242000000E87648374214
:108AE000000000A2941A6D42000040E59C30A242B2
:108AF0000000901EC4BCD64200003426F56B0C4327
:108B00000080E03779C3414300A0D88557347643CD
:108B100000C84E676DC1AB43003D9160E458E1432E
:108B2000408CB5781DAF154450EFE2D6E41A4B44A3
:108B300092D54D06CFF08044F64AE1C7022DB544E8
:108B4000B49DD9794378EA4405000000190000007B
:108B50007D000000232D302B2000686C4C006566E2
:0C8B6000674546470000000000000000D0
:088B6C00D4E5FA7F01000000CE
:108B7400000000006A00000000800E4500000000B4
:108B84000000000000000000000000870200000058
:108B940000000000000000000000000003000000CE
:108BA4000000000000000000000000001C000000A5
:108BB4000000000000000000000000001D00000094
:108BC400000000000000000000000000040000009D
:108BD400000000000000000000000000050000008C
:108BE4000000000000000000000000002B00000056
:108BF4000000000000000000000000002C00000045
:108C04000000000000000000000000002D00000033
:108C14000000000000000000000000002E00000022
:108C24000000000000000000000000002F00000011
:108C34000000000000000000000000001A00000016
:108C44000000000000000000000000001E00000002
:108C5400000000000000000000000000060000000A
:108C640000000000000000000000000028000000D8
:108C74000000000000000000000000001B000000D5
:108C840000000000000000000000000007000000D9
:108C94000000000000000000000000000B000000C5
:108CA4000000000000000000000000002A00000096
:108CB4000000000000000000000000002000000090
:108CC4000000000000000000000000001000000090
:108CD4000000000000000000000000000D00000083
:108CE400000000000000000000000000110000006F
:108CF400000000000000000000000000150000005B
:108D04000000000000000000000000001900000046
:108D1400000000000000000000000000140000003B
:108D24000000000000000000000000001800000027
:108D34000000000000000000000000001600000019
:108D44000000000000000000000000001700000008
:108D54000000000000000000000000000900000006
:108D64000000000000000000000000000A000000F5
:108D74000000000000000000000000000E000000E1
:108D84000000000000000000000000001F000000C0
:108D9400000000000000000000000000D9410700AE
:108DA400D3B3FB020000000000000000000000003C
:108DB40000000000000000000000000000000000AF
:108DC400000000000000000000000000000000009F
:108DD400000000000000000000000000000000008F
:108DE400000000000000000000000000000000007F
:108DF400000000000000000000000000000000006F
:108E0400000000000000000000000000000000005E
:108E1400000000000000000000000000000000004E
:108E2400000000000000000000000000000000003E
:108E3400000000000000000000000000000000002E
:108E4400FD2C03009012012000000000980E012068
:108E54003313490515CD5B07E5559A15B53B121F2C
:108E6400B9CF040000000000FF060000000000006D
:108E7400FB349B5F800000800010000000000000B5
:108E840000000000A92805003D290500A52E0500C5
:108E9400E52F0500652A0500A92D05003D320500D2
:108EA40061330500F1370500F1370500FD38050091
:108EB400553A0500000000000000000039220500BA
:108EC400452B0500000000000F00000017001E04E1
:108ED4005863002068630020F401000003071001B8
:108EE4000000000000FA000000FA00000200000088
:108EF400F4540700F4540700F4540700F454070032
:108F0400F4540700F4540700F4540700E85407002D
:108F1400F4540700F4540700F4540700F454070011
:108F2400F4540700F4540700F4540700F454070001
:108F3400F4540700F4540700F4540700F4540700F1
:108F4400F4540700010000009DDF0500A869070034
:108F540050660700186A07000000000000000000C7
:108F640018700700010000FB00FB000053560600C8
:108F740053560600FFFFFFFFFFFFFFFFFFFFFFFF4A
:108F840000000000000000000000000000000000DD
:108F940000000000000000000000000000000000CD
:108FA40000000000000000000000000000000000BD
:108FB40000000000000000000000000000000000AD
:108FC400000000000000000000000000000000009D
:108FD400000000000000000000000000000000008D
:108FE400000000000000000000000000000000007D
:108FF400000000000000000000000000000000006D
:10900400000000000000000000000000000000005C
:10901400000000000000000000000000000000004C
:10902400000000000000000000000000000000003C
:10903400000000000000000000000000000000002C
:10904400000000000000000000000000000000001C
:10905400000000000000000000000000000000000C
:1090640000000000000000000000000000000000FC
:1090740000000000E87001200090D003010101000D
:1090840001000000FFFFFFFFFFFFFFFFFFFFFFFFE7
:10909400FF0101002865002000000000D0890700BE
:1090A400F0890700B08907000000000000000000FC
:1090B40000000000000000000000000000000000AC
:1090C400000000000000000000000000000000009C
:1090D400000000000000000000000000000000008C
:1090E400000000000000000000000000000000007C
:1090F4000000000000000000430000000000000029
:10910400000000000000000000000000000000005B
:109114000000000000000000430000000000000008
:10912400000000000000000000000000000000003B
:1091340000000000000000004300000000000000E8
:10914400000000000000000000000000000000001B
:1091540000000000000000004300000000000000C8
:1091640000000000000000000000000000000000FB
:1091740000000000000000004300000000000000A8
:1091840000000000000000000000000000000000DB
:109194000000000000000000430000000000000088
:1091A40000000000000000000000000000000000BB
:1091B4000000000000000000430000000000000068
:1091C400000000000000000000000000000000009B
:1091D4000000000000000000F52E070059260700DB
:1091E40000000000AC880700AF360700347A07009F
:1091F400347A0700347A0700347A0700347A070097
:10920400347A0700347A0700347A0700347A070086
:10921400FFFFFFFFFFFFFFFFFFFFFFFFFFFF000058
:1092240001004153434949000000000000000000D0
:10923400000000000000000000000000000000002A
:1092440000004153434949000000000000000000B1
:10925400000000000000000000000000000000000A
:10926400000000000000000025710200FD720200F1
:109274006D7B02005D920200E9B9020035C0020074
:1092840095C4020071D5020021D90200C9DF020091
:109294007DE8020061EE0200A1FF0200A9010300C3
:1092A4007D07030011B405002DBE05000000000079
:1092B4000171020000000000000000000000000036
:1092C400000000000000000000000000000000009A
:1092D40000000000B9C70600000000000000000004
:040000036000A2995E
:00000001FF
