:020000022000DC
:1070000000000420899D0600C19D06008D580600E1
:10701000C59D0600995806009F5806000000000014
:107020000000000000000000000000007D040300DC
:10703000CD9D060000000000170503002705030092
:1070400059DC0600990F0600D39D0600D39D06006B
:10705000D39D0600D39D0600D39D0600D39D060058
:10706000D39D0600D39D0600D39D0600D39D060048
:10707000D39D0600EDDD0600D39D06005D1C0600D5
:10708000D39D0600D39D0600D39D0600D39D060028
:10709000D39D0600D39D0600D39D0600D39D060018
:1070A000D39D0600D39D0600D39D0600D39D060008
:1070B000D39D0600D39D06000000000000000000E4
:1070C000D39D0600D39D0600D39D0600D39D0600E8
:1070D000D39D0600D39D0600D39D0600D39D0600D8
:1070E000D39D0600D39D0600D39D0600000000003E
:1070F00000000000D39D060000000000D39D0600A4
:1071000010B5054C237833B9044B13B10448AFF3E1
:1071100000800123237010BD68670020000000007C
:107120004884070008B5034B1BB103490348AFF37C
:10713000008008BD000000006C6700204884070044
:10714000154B002B08BF134B9D46A3F5803A002139
:107150008B460F461348144A121A49F0CFF80F4BCA
:10716000002B00D098470E4B002B00D098470020F2
:10717000002104000D000D48002802D00C483FF00B
:1071800025F948F097FF200029000BF01FFA3FF087
:107190001AF900BF000008000000042000000000F1
:1071A0002925030068670020C8700120CD63060010
:1071B0000000000010B5034B0360044600F0C8FE59
:1071C000204610BDD029070010B5034B03600446CC
:1071D000FFF7F0FF204610BDE029070010B5044678
:1071E000FFF7E8FF20460C213FF026FB204610BDAC
:1071F00010B50446FFF7E8FF20460C213FF01CFBCA
:10720000204610BD07B50422019101230DEB0201B8
:1072100000F0FEFE03B05DF804FB000038B52B4D16
:107220002B4928702B4808F07BFD2B4B1C682368EA
:1072300020469B68984720B92849264808F070FDE9
:10724000FEE723682A78DB6B002A37D024492046E2
:107250009847236822499B6C204698472368214918
:10726000DB6A2046984720491E4801F0BDF82B787C
:107270003BB11E491B4801F0B7F800211B48FFF73E
:10728000C1FF236817491B6D204698470021164807
:10729000FFF7B8FF236820465B6D984714490D48F7
:1072A00008F02FFD2978134B0D4A0A48002914BF16
:1072B00011461946BDE8384008F032BD0D49204658
:1072C000984723680B499B6CC6E700BF8467002082
:1072D000712A07000876002078300700912A0700FD
:1072E000572A07008867002094670020A0670020C5
:1072F000B92A0700632A070070B5124D124C1349D2
:10730000134E284601F052F82846124D12492246E3
:107310003FF057F812221149284601F06DF828462F
:107320000F4D224631463FF04CF812220D492846B7
:1073300001F062F8224631462846BDE870403FF031
:1073400040B800BF8867002000600020E8290700DF
:10735000C971020094670020418302000D2A0700D2
:10736000A0670020322A070070B5114B1C68236803
:1073700094B01B69064620460D469847236801A82D
:107380001B6F2146984701A800F0B2FE50B131466C
:107390000848FFF737FF084B1B781BB12946074801
:1073A000FFF730FF01A800F046FE14B070BD00BF2B
:1073B000783007009467002084670020A0670020D1
:1073C00013B5094C0949204608F09BFC084B186886
:1073D00047F0DEFD0323009302460B46204608F0EB
:1073E000D1FD02B010BD00BF087600204D2F070070
:1073F0000460002070B52DED048B044682B04F4927
:107400004F489FED508A504E08F07BFC21464C4877
:1074100008F077FC4D494A4808F082FCB0EE489AE3
:10742000F0EE488A0024F0EE489A0022FA21304615
:1074300000F057FB054640B94549414808F070FC4B
:10744000284602B0BDEC048B70BD0121304600F02F
:107450007AFB07EE900A002C4FD0F4EE497AF1EE59
:1074600010FAB4EE678A48BFB0EE679AF1EE10FAF0
:1074700048BFB0EE678A01341420E4B278EEA78AE0
:1074800008F0E2FE082CD0D1F4EE007A68EEA78A6C
:10749000F7EE007AB0EEE87AB4EEE77AF1EE10FAA1
:1074A00038EE498A06DCF6EE007AB4EEE78AF1EEB1
:1074B00010FA27DD2749224808F023FC18EE900A2D
:1074C00047F066FD022402460B4600941C4808F073
:1074D00057FD21491A4808F014FC18EE100A47F02D
:1074E00057FD009402460B46154808F049FD1B491C
:1074F000134808F015FC0025A2E708EE100AB0EECC
:10750000679AB8E71921104800F02FFB144BC3ED20
:10751000009A144B00221A7008F084FE124B134993
:107520001860074808F0EDFB074800F026FB0A2228
:107530000146034808F048FC82E700BF932E07008D
:107540000876002000000000BC670020B52E070070
:10755000BE2E0700F22E0700062F0700132F07008C
:10756000B0670020B4670020B8670020352F0700FF
:1075700030B53C493C483D4D85B008F0D1FB8023F7
:1075800003220221394800F05AFA3949364808F0F6
:10759000C7FB40F6B83008F057FE3649324808F0CD
:1075A000BFFB0A240022FA21284600F09AFA10B103
:1075B000284600F063FA1420013C08F045FE14F060
:1075C000FF04EFD100230293042203AB02A92A484F
:1075D000039440F08EFD294C002841D1039B042BDD
:1075E0003ED19DED027ADFED266AF0EEC77AF4EE29
:1075F000667AF1EE10FA33D8F7EE006AF4EEE67A26
:10760000F1EE10FA2CDBDFED1F6AF4EEE67AF1EE14
:1076100010FA25D81C4984ED007A134808F071FB54
:10762000206847F0B5FC0323024600930E480B4642
:1076300008F0A8FC0D48216800F09DFA1348FFF7F8
:10764000D9FE18B91249084808F06AFB11490648E2
:1076500008F066FB1049044808F062FB05B030BD35
:107660000E49DAE7E72A070008760020BC67002009
:10767000072B0700292B0700482B07000460002078
:10768000FFFF7F7F00247449612B0700A62B0700B2
:10769000AE2B0700E92B07000C2C0700832B0700FB
:1076A00010B5054C204600F0ABF92046034A0449CA
:1076B000BDE810403EF085BEBC67002000600020A1
:1076C000F17902002DE9F7438C4C8D4E8D4F204609
:1076D00007F0A2F80546002800F0B880204607F021
:1076E0000DF9C5B205F0DF03432B0CD13378864981
:1076F000864A83F001033370002B08BF11462046F1
:1077000008F00EFB2FE0542B49D18149204608F0A8
:10771000F8FA8049204608F0F4FA7F49204608F03C
:10772000FFFA0022FA217D4800F0DBF908B97C4914
:10773000E5E71921794800F018FA7A4B00221A601F
:10774000794B00221A7008F06DFD784B784918606B
:10775000204608F0D6FA714800F00FFA0A220146D6
:10776000204608F031FB3378002BB0D02B2D5BD1B5
:10777000704B9FED717AD3ED007A77EE877AC3ED87
:10778000007A6C4B6548196800F0F5F9654B0022EA
:107790001A60654B00221A70FFF712FE96E75A2B0B
:1077A00003D16648FFF726FEDDE7502B02D1FFF735
:1077B00007FED8E7532B24D1DFF878910023042269
:1077C0004946384640F06CFC804678B95C49204612
:1077D00008F097FAD9F8000047F0DAFB032300938A
:1077E00002460B46204608F0CDFBBCE75549204633
:1077F00008F087FA41460A22204608F0DBFA52498F
:107800007DE7522BAFD1384640F098FC804608B94E
:107810004E4974E74E49204608F073FA0A22414661
:10782000204608F0C7FA9EE72D2D07D1414B9FED6A
:10783000427AD3ED007A77EEC77AA0E7662D54D16D
:107840003C4BB2EE047AD3ED007A96E708F0EAFCFE
:107850002A46064602213148324C334D00F041F9A8
:1078600070B301212D4800F06EF92B7807EE100A55
:10787000CBB9012320602B702C4B1E60204BD4ED24
:10788000007A1B7853B9DFED336AB0EEE77AB4EED5
:10789000E67AF1EE10FA22D8DFED2F7A17EE900A91
:1078A00003B0BDE8F083D4ED007AF6EE086A67EE27
:1078B000A67AF5EE006AE7EE267AC4ED007ADBE7F9
:1078C0002B782BB1194B1B68F61AB6F5AF7FD5D9BB
:1078D000DFED217A0023C4ED007A2B70DEE7F5EEB0
:1078E000C07AF1EE10FAD9DCD6E7672D7FF4EEAE60
:1078F000104BB2EE047AD3ED007A9CE708760020B4
:10790000AC670020482B07006C2C07004C2D0700AB
:107910006B2D0700742D07007B2D0700BC6700202E
:107920009D2D0700B0670020B4670020B8670020D5
:10793000352F0700046000200000C842BC2D07005E
:10794000CA2D0700E52D0700062E0700492E070067
:107950006B2E07009A99993E0000000037B5FFF79B
:10796000B1FE134D044608F05DFC2B68C01A632875
:1079700013D908F057FC0F4928600F4808F0C1F9E7
:10798000204647F005FB0223009302460B460A48B7
:1079900008F0F6FA084808F0BBF920460021FFF786
:1079A000E3FC142003B0BDE8304008F04DBC00BF3C
:1079B000CC670020622F07000876002010B50A4C23
:1079C0004FF4E131204606F0C7FD4FF47A7008F01D
:1079D0003BFC0649204608F0A3F9FFF7C9FD00204B
:1079E000BDE81040FFF71ABC08760020702F070092
:1079F000704710B5102104463EF01EFF204610BD12
:107A0000034A0260002282604FF07E52C2607047DB
:107A1000A82F070008B5407908F0E0FCB0FA80F024
:107A2000400908BD402908D0802903D0202903D16E
:107A3000022300E00123837170470323FBE738B57D
:107A4000044602714171104601211D4608F056FCA2
:107A50006079002108F052FC29462046BDE83840F4
:107A6000FFF7E0BF38B505460C462846FFF7D2FFC2
:107A700018B9204608F0E8FBF7E738BD2DE9F041DA
:107A800000210446FFF7EEFF72B6012221796079EA
:107A900008F0CEFC012221790646607908F0C8FC86
:107AA000012205462179607908F0C2FC0027804652
:107AB000A379BB4209D90121207908F05FFC00219C
:107AC000207908F05BFC0137F2E762B6280240EA51
:107AD000064040EA080046F3C01640EA0660BDE8EA
:107AE000F081F8B506460F46144608F09BFB0546A4
:107AF00008F098FB401BB84207D23046FFF78AFFD8
:107B000020B9204608F0A0FBF2E70020F8BDF8B548
:107B1000002406460F462546BC4208D03046FFF7F3
:107B2000ADFF0544002008F08FFB0134F4E795FB1E
:107B3000F4F0F8BD10B50446FFF7E9FFA368C01ADA
:107B400047F014FA10BD70B50646FFF7F3FF044680
:107B5000F0680D4647F01CFA02460B4620462946BF
:107B600047F098FB47F03CFD70BD10B50446FFF7A9
:107B7000CEFFA06010BDC16070478068704770473D
:107B800010B55C2104463EF057FE204610BD0000B3
:107B90000A4A02601F210022C0E90921C0E90B2224
:107BA0008286C0E90E220264A0F8442080F84620B4
:107BB000C0E91222C0E91522704700BFB82F0700A4
:107BC00000231F22C0E90A23036380F83530C0E98F
:107BD0000E33036480F84630C0E91233C0E9153330
:107BE00070478B6A8362CB6AC3620B6B036391F845
:107BF000343080F8343091F8353080F835308B6B84
:107C00008363CB6BC3630B6C0364B1F84430A0F89F
:107C1000443091F8463080F846308B6C8364CB6CEE
:107C2000C364B1F85030A0F850304B6D43658B6D94
:107C30008365704708B5FFF7D4FF08BD70B50546EA
:107C400086B068460E4603F059FCEC6C6846002C82
:107C5000CCBF0234002403F090FC0230241AA86A3E
:107C6000241808D4AC62AE64684603F086FCE8646D
:107C7000012006B070BD0020FBE710B5036C1BB1FE
:107C800090F8464084B90233941C1B1B846A1B196C
:107C900058BFC0E90F124FF000045BBF80F84640A8
:107CA00083622046012010BD0433EDE730B5046C3B
:107CB0001CB190F846508DB902341D1D641B856AB5
:107CC00064195FBFC0E90F230123A0F8441080F8B6
:107CD000463056BF84620020184630BD0434ECE7BD
:107CE00030B5846D002CCCBF043400241D1D641BF2
:107CF000856A64195DBFC0E91523A0F8501084623D
:107D0000002058BF012030BD70B50546806B0E467F
:107D100088B1047814B149F0C6F9841C304649F0A2
:107D2000C2F90230241AA86A24185DBFAC62AE639F
:107D30000120002070BD0446F0E790F83530826ADB
:107D4000002B0CBF6FF0020300239B185FBF836200
:107D5000012380F8353080F8341054BF18460020D5
:107D6000704704307047406A704790F8350070479C
:107D700038B50446406AC0F11F039342154608DB3C
:107D80000430204448F092FA626A2A446262012078
:107D900038BD0020FCE770B50446406A0E461D461B
:107DA00011460233C0F11F029A420FDB23186A1CEE
:107DB0001A71821C0630626220445E712A4648F0C5
:107DC00075FA636A2B446362012070BD0020FCE7F2
:107DD00070B586B00546684603F090FB684603F030
:107DE000CCFB022804466846CCBF0626022603F0D8
:107DF000C2FB2346024631462846FFF7CCFF06B0B9
:107E000070BD13460A46FF21FFF7C5BF30B589B0E4
:107E1000054610461C46ADF800101A4601460DF105
:107E2000020048F043FAA31C6A46FF212846FFF7E8
:107E3000B2FF09B030BD30B589B0054610461C46CA
:107E4000ADF800101A4601460DF1020048F02EFA76
:107E5000A31C6A4616212846FFF79DFF09B030BDD6
:107E600007B501238DF807100DF107021946FFF73A
:107E700092FF03B05DF804FB70B5054610460E4650
:107E8000144649F010F92246034631462846BDE81B
:107E90007040FFF780BF70B5054608460C4649F0B4
:107EA00002F91D2807D9224628461D230821BDE8CE
:107EB0007040FFF770BF224628460921BDE8704098
:107EC000FFF7DABF38B5C16A00230546436229B11E
:107ED000026B1AB1BDE83840FFF74ABF95F835305C
:107EE0007BB395F834102846FFF7BAFF0446A96C17
:107EF00021B12846FFF76CFF0440E4B2E96B61B1A1
:107F00002B6C53B195F84620EAB10A462846B5F8DD
:107F10004410FFF77BFF0440E4B26A6D42B1AB6DE1
:107F200033B1B5F850102846FFF785FF0440E4B29E
:107F3000A96B21B12846FFF7AEFF0440E4B220460A
:107F400038BD0124D3E71A462846FFF75AFFE2E777
:107F50000C4B10B504460360406838B100F08EFA4F
:107F600020B9606810B103685B689847A06838B1B1
:107F700001F001F820B9A06810B103685B68984768
:107F8000204610BDC82F070010B50446FFF7E0FFDC
:107F900020460C213EF050FC204610BD064B10B58B
:107FA000C0E9003100230446836011B1084600F0A7
:107FB00060FA204610BD00BFC82F0700064B10B561
:107FC000036000230446C0E9013111B1084600F006
:107FD000CDFF204610BD00BFC82F07002DE9F3419B
:107FE0000446542098460E4617463EF0F9FB9DF88D
:107FF00020300093054643463A46314600F012FBD6
:1080000029462046FFF7CAFF204602B0BDE8F081AE
:1080100010B4446824B120465DF8044B00F042BA25
:10802000806818B15DF8044B00F0CABF5DF8044BDE
:108030007047406870477047024B186803681B69B7
:10804000184700BF68330700024B186803685B6974
:10805000184700BF6833070010B4054B01791B684F
:108060001A685469421D184623465DF8044B1847A8
:10807000BC31070010B50B4B044618682179036822
:10808000621D9B6A98474FF6FF739842014606D0DF
:10809000054B18680268BDE81040926A104794F9D1
:1080A0004B0010BDBC3107006833070010B54C21F0
:1080B00004463EF0C1FB204610BD000010B58AB05A
:1080C0004B7903938B790293CB7901930B7A0093CD
:1080D00004464B7A8A7A054905A848F045FF05A968
:1080E000204607F0A7FF20460AB010BDD02F07009A
:1080F00007B500230622694605300093ADF8043029
:1081000048F0C6F8003018BF012003B05DF804FB4A
:1081100008B502790B799A4208D10622053105305B
:1081200048F0B6F8B0FA80F0400908BD0020FCE73E
:1081300010B50A4B0446186803681B699847236802
:1081400020461B6A984740B1054B2179186803689F
:10815000621D5B6BBDE81040184710BD6833070017
:10816000BC31070008B502790B799A4208D1062282
:108170000531053048F08CF8003018BF012008BDEB
:108180000120FCE7064A02607F210022C2720273CE
:1081900080F84B10C0F80520A0F80920704700BFF8
:1081A000F82F070010B501710021C1720173064C50
:1081B00004607F2180F84B101168C0F80510928888
:1081C000A0F8092010BD00BFF82F0700F8B50F4632
:1081D0001249064607F02EFF397B0024A1421ADD22
:1081E0003B19A21C5D7B9B7B083B012B05F1FF35F6
:1081F0000FD82946304607F0F1FE0F343C440027E3
:10820000BD4208DD14F8011B304607F070FF01374E
:10821000F6E7AC18E2E73046F8BD00BF2073070070
:108220002DE9F04F85B0884622490192834607F038
:1082300001FF0024A14698F80C30A34235D908EB81
:108240000403671CFFB25E7B08EB07035B7B9A1E8F
:10825000012A25D9063B012B24D8102505FB05F35F
:108260000234009358FA84F44FF0000A731EEAB205
:10827000534517DD019989450CD1114604F10D00D4
:108280000393029203F07CF90146584607F0FDFE85
:10829000DDE90223009909F10109AA440C44E7E74A
:1082A0000225DBE73E44F4B2C5E7584605B0BDE819
:1082B000F08F00BF2073070010B500220446FFF7BF
:1082C000AFFF204610BD08B5134602798A4208D197
:1082D00006221946053047F0DBFFB0FA80F040096E
:1082E00008BD0020FCE710B50446012000FA01F1AA
:1082F000E1722273194604F10D0047F0D7FF9DF992
:10830000083084F84B3010BD70B50D461146C27A66
:1083100042F010020446C272007B0D302A4620440F
:108320001E4647F0C3FF237B84F84B601D44257332
:1083300070BDC37A13F0180F14BF012000207047DE
:108340000C4B10B504460360406838B100F096F855
:1083500020B9606810B103685B689847A06838B1BD
:1083600000F009FE20B9A06810B103685B68984767
:10837000204610BD2C30070010B50446FFF7E0FF83
:1083800020460C213EF058FA204610BD064B10B591
:10839000C0E9003100230446836011B1084600F0B3
:1083A00068F8204610BD00BF2C30070070B50446A9
:1083B00030200E463EF014FA3146054600F010FD1E
:1083C00029462046FFF7E2FF204670BD034640687D
:1083D00008B100F045B8986808B100F0C5BD014883
:1083E000704700BF20730700406808B100F036BD39
:1083F000704740687047000030B585B001250446DD
:108400000095042392B2FFF7E9FD074B2360002398
:10841000039304222B4603A92046FFF7F9FD034BE3
:108420002360204605B030BDD0290700E0290700B1
:1084300070470020704710B5202104463EF0FCF93B
:10844000204610BD10B5054B044640F8043B03F030
:1084500055F80023E361204610BD00BF3C30070003
:10846000043003F086B8043003F085B8043003F01C
:1084700084B8C3690133C36118467047C369013BBF
:10848000C3611846704742F60300704790F8200019
:10849000704790F821007047406A7047806A7047C3
:1084A000808D70472DE9F041436A9A42A8BF1A4671
:1084B0000446828592B2806A0F4647F0F7FE94F830
:1084C0002E300BB1636AA38594F8203098060FD53F
:1084D000A28E91070CD51F4B218E186803685D6D25
:1084E0000131A38DA26AAC4689B2BDE8F041604774
:1084F000DA0609D5A38EDB0706D5164B218E186840
:10850000036801311D6DECE794F83230F3B1124B82
:108510001868036821465B6A9847104B1D682B68F2
:1085200001461E6BA38D3A462846B047094B186892
:1085300003681B6B984748B9094B186803689B6828
:10854000984718B12B6828465B6D9847A08DBDE809
:10855000F08100BFBC310700083307007830070006
:10856000BC32070038B5054608460C4648F09BFD6E
:10857000214602462846BDE83840FFF793BF0186F2
:108580007047008E7047008E013080B27047806B5C
:108590007047836B994208D2C36B0022914202D08C
:1085A0005B680132FAE718687047002070470000E6
:1085B00030B5114B03600B7903710B4601F149048F
:1085C00053F8052FC0F805209B88A0F80930CB7A16
:1085D000C3720B7B037300F10D0201F10D0353F81D
:1085E000045B42F8045BA342F9D11B88138091F924
:1085F0004B3080F84B3030BDF82F070038B50446BB
:1086000008200D463EF0ECF80023C0E900536368F3
:108610002BB960602368A0600133236038BDA36874
:108620005860F7E770B504461D461646FFF70AFF87
:10863000B5F5007F194B23602B46A8BF4FF400739C
:10864000002163629DF810302684A18584F82E30C5
:108650002163A186C4E90E112164102204F14400B3
:1086600047F04CFE16F0300F11D02C203EF0B8F839
:108670000B490646022304F1340200F0D7F83046D5
:10868000FFF7F7FE314604F13800FFF7B7FF284641
:1086900047F09CFDA062204670BD00BF5830070027
:1086A0004830070070B50446406800252368AB4297
:1086B00006D9466808213EF0BFF801353046F5E797
:1086C0000023C4E90033A36070BD0000154B70B5F2
:1086D000044603600025A36B9D4212D2E36B002287
:1086E000954202D05B680132FAE71E683046FFF718
:1086F000C5FE20B91EB1336830465B689847013526
:10870000E9E704F138052846FFF7CCFFA06A08B175
:1087100047F064FD2846FFF7C5FF2046FFF788FEB7
:10872000204670BD5830070010B50446FFF7CEFF55
:10873000204654213EF080F8204610BDF0B5C56CAF
:1087400097B0044617461E467DB103A8FFF730FFD9
:1087500021466846FFF722FC694603A8A8476846F9
:10876000FFF7F6FB03A8FFF766FCA16A1C9A3944E1
:10877000304647F09BFD17B0F0BD70B504460E467D
:108780001146012280F8332096B01A46FFF78AFE80
:10879000256D85B1314603A8FFF70AFF21466846DB
:1087A000FFF7FCFB694603A8A8476846FFF7D0FB24
:1087B00003A8FFF740FC16B070BD30B5838E02F001
:1087C0000302934297B0044617D08286002A0CBF5A
:1087D00044224022024455687DB103A8FFF7E8FE19
:1087E00021466846FFF7DAFB694603A8A8476846B2
:1087F000FFF7AEFB03A8FFF71EFC17B030BD4FF428
:108800002450704710B5034B03600446FFF710FE79
:10881000204610BD6C30070010B50446FFF7F2FF8C
:1088200020462C213EF008F8204610BD70B50446C5
:108830001D461646FFF706FE064B2360B5F5007F82
:10884000A8BF4FF400750023266265622385204689
:1088500070BD00BF6C300700406A7047006A704707
:1088600001857047024B186803681B69184700BFF1
:1088700068330700024B186803685B69184700BF3C
:108880006833070010B5064B186803681B699847E2
:10889000044B18680368BDE810401B6B184700BF05
:1088A00068330700BC31070010B5064B1868036831
:1088B0001B699847044B18680368BDE81040DB6BE0
:1088C000184700BF68330700BC310700024B186827
:1088D00003689B6C184700BFBC3107000C30704721
:1088E00068307047024B186803681B69184700BF5F
:1088F00008330700024B186803685B69184700BF1C
:1089000008330700024B186803689B69184700BFCB
:1089100008330700024B186803681B69184700BF3B
:10892000BC320700024B186803685B69184700BF38
:10893000BC320700024B186803685B6A184700BF27
:10894000BC32070010B5074B0446186803681B6962
:108950009847054B19680B682046DB6C9847204602
:1089600010BD00BF68330700BC31070010B5074BCE
:108970000446186803681B699847054B19680B681B
:1089800020469B6A9847204610BD00BF6833070009
:10899000BC320700024B18680368DB6A184700BF47
:1089A000BC320700024B186803689B69184700BF78
:1089B0003C350700024B18680368DB69184700BFA5
:1089C0003C350700024B186803681B6B184700BF53
:1089D000BC320700024B18680368DB68184700BF09
:1089E000BC310700024B186803681B6A184700BFB8
:1089F0003C350700024B186803685B6A184700BFE4
:108A00003C350700024B1B68C3F8F010704700BFED
:108A100068330700024B1B68C3F8F810704700BFAB
:108A200068330700024B1B68C3F8F410704700BF9F
:108A300068330700024B1B68C3F8EC10704700BF97
:108A400068330700024B1B68C3F8FC10704700BF77
:108A500068330700024B1B68C3F80011704700BF62
:108A600068330700024B18680368D3F89C30184736
:108A700068330700024B18680368D3F8A030184722
:108A800068330700F0B52A4B1D682B6887B0044691
:108A90009B6828469847064620B923682046DB682D
:108AA00098470DE0642007F0CFFB2B6828469B69B0
:108AB0009847064638B123682046DB689847002669
:108AC000304607B0F0BD05AA2B6801920DF11202E5
:108AD0000092DF6904AA0DF10E030DF10D01284685
:108AE000B8470028D9D12B684FF0FF32D96A284601
:108AF0006FF0404388470028CFD12B6840F2FF3207
:108B0000196B28460023884706460028D3D12B68D6
:108B10000DF10F025B6B0DF11601284698470028F6
:108B2000BBD1044B186803689B6898470126C7E7C8
:108B300068330700083307000A4B10B5044618686D
:108B40000368DB689847084B18680368DB68984738
:108B500004F10C00FFF734F804F16800BDE81040A0
:108B6000FFF72EB8083307006833070010B58CB044
:108B700000230593ADF81830104B044618680368BD
:108B800005A91B6A98479DF8143003939DF815308A
:108B900002939DF8163001939DF8173000939DF8CD
:108BA00019209DF81830064907A848F0DDF907A9F3
:108BB000204607F03FFA20460CB010BD683307008E
:108BC000D02F07000C30FFF739B870B503680446A2
:108BD00008469D6AFFF7FAFB2B4601462046BDE892
:108BE000704018470C30FFF77BB80C30FFF745B8E2
:108BF0000C30FFF75BB86830FFF786B86830FFF7D6
:108C000019B810B500F10C042046FFF713F8204600
:108C1000FFF7ABF828B920460621BDE81040FFF762
:108C20008CB810BD2DE9F74300F10C0504466834FB
:108C30002846FFF747F92046FFF744F90E4B1E6818
:108C400033682846DF68FFF78CF880462846FFF730
:108C50008AF805462046FFF784F881462046FFF74C
:108C600082F8C0B200904B46EAB241463046B8475F
:108C700003B0BDE8F08300BFBC3207007FB5094BED
:108C80001C682368164601A89D6907F0F4F932466E
:108C900001A92046A847044601A807F080F920460C
:108CA00004B070BDBC3207007FB5094B1C68236857
:108CB000164601A8DD6907F0DEF9324601A9204613
:108CC000A847044601A807F06AF9204604B070BD21
:108CD000BC3207007FB5094B1C682368164601A803
:108CE0001D6A07F0C8F9324601A92046A847044684
:108CF00001A807F054F9204604B070BDBC3207004B
:108D000002290BBF044B054B186818680BBF03689A
:108D100003685B6B9B6D1847BC320700BC310700D2
:108D200038B50446084B44F80C3B05462046FEF790
:108D30002FFF05F16800FEF72BFF06212046FEF706
:108D4000FCFF284638BD00BF8430070010B5054C35
:108D50002046FFF7E5FF2046034A0449BDE81040DE
:108D60003DF02FBBD067002000600020718D020015
:108D700010B5064B044640F8683BFEF700FF04F1CF
:108D80000C00FEF7FCFE204610BD00BF843007003B
:108D900010B50446FFF7ECFF2046C4213DF04CFD22
:108DA000204610BD10B50B4B19680B6894B001A894
:108DB000DB6C984701A8FFF79BF948B101A8FFF7C2
:108DC00059F9044601A8FFF736F9204614B010BD42
:108DD0007F24F7E7BC3107004FF4205070470000B4
:108DE00010B50446FFF72EFB044B23600023C4E9B3
:108DF0000833C4E90A33204610BD00BF50310700D4
:108E0000018442847047008C7047408C7047406AF0
:108E10007047436A994208D2836A0022914202D085
:108E20005B680132FAE7186870470020704738B570
:108E3000044608460D46FFF71CFB08203DF0D0FC19
:108E40000023C0E90053A36A2BB9A062636AE06201
:108E50000133636238BDE36A5860F7E710B5044632
:108E60000846FFF7E6F8014620B12046BDE810406D
:108E7000FFF7DDBF10BD70B50446406800252368CC
:108E8000AB4206D9466808213DF0D6FC0135304694
:108E9000F5E70023C4E90033A36070BD10B50446B4
:108EA0002430FFF7E8FF0023236210BD134B70B599
:108EB000044603600025636A9D4212D2A36A002221
:108EC000954202D05B680132FAE71E683046FFF730
:108ED000D5FA20B91EB1336830465B689847013532
:108EE000E9E72046FFF7DAFF04F12400FFF7C3FFAC
:108EF0002046FFF79DFA204670BD00BF50310700A5
:108F000010B50446FFF7D2FF204630213DF094FC17
:108F1000204610BD10B5044B044640F8043B07F052
:108F20003EF8204610BD00BF6431070010B504466E
:108F3000FFF7F0FF204614213DF07EFC204610BDD7
:108F400038B504462546074B45F8043B084611460C
:108F500002F016FB0146284607F06CF80023236157
:108F6000204638BD6431070040687047036901330B
:108F70000361184670470369013B03611846704757
:108F800038B504461D46FFF7DBFF0C4B2360BDF8E8
:108F90001030E382BDF814302383BDF818306383AA
:108FA0004FF480720023A582C4E90733A284C4E988
:108FB0000A33C4E90C33204638BD00BF74310700C2
:108FC0002DE9F0439846274B1E68336885B0044668
:108FD0000F469B6B818A30469146984718B900200E
:108FE00005B0BDE8F0833368A18A5B6C30469847D2
:108FF000033885B24D45A8BF4D462946E06947F084
:109000008DFEE0610028EAD0237E1A071CD5B8F156
:10901000000F19D003AA33680192EAB20092D3F884
:109020006080628BA18A3B463046C0470028D7D07B
:109030009DF80C30012BD2D02A463946E06947F022
:1090400035F925620120CBE75B07C8D53368A18AD3
:10905000EAB20092D3F86480628B3B463046C04748
:10906000EAE700BFBC310700408B704738B50446C3
:1090700008460D46FFF77AFF08203DF0B1FB0023BC
:10908000C0E90053E36A2BB9E062A36A20630133AD
:10909000A36238BD236B5860F7E770B5044640689B
:1090A00000252368AB4206D9466808213DF0C4FB81
:1090B00001353046F5E70023C4E90033A36070BDF5
:1090C00003688B4208D9436800228A4202D05B6859
:1090D0000132FAE71868704700207047F8B5054676
:1090E000134B45F8283B04460026A36A9E420ED245
:1090F00031462846FFF7E4FF0746FFF73CFF20B95B
:109100001FB13B6838465B6898470136EDE7284653
:10911000FFF7C3FFE06918B147F060F80023E3618F
:109120002846FFF7BAFF2046FFF7F4FE2046F8BDB9
:109130007431070010B50446FFF7D0FF20463821F0
:109140003DF07AFB204610BD70B50446036296B030
:109150000D46C0691946164647F0E0FDE06110B9BA
:10916000206216B070BD01233146A384226A47F005
:109170009DF8666B002EF4D0194B03932B798DF874
:1091800010302B4605F1490153F8052FCDF8112079
:109190009B88ADF81530EB7A8DF817302B7B8DF866
:1091A00018300DF1190205F10D0353F8040B42F8C4
:1091B000040B8B42F9D11B88138095F84B308DF846
:1091C000573021466846FEF7F9FE694603A8B047C6
:1091D0006846FEF7BDFE03A8FEF72DFFC1E700BFFE
:1091E000F82F0700074B10B504460360806918B1DB
:1091F00046F0F4FF0023A3612046FFF78BFE2046D4
:1092000010BD00BF8431070010B50446FFF7EAFF28
:10921000204620213DF010FB204610BD38B5044605
:109220001D46FFF78DFE054B2360BDF81030E3822D
:109230000023A582C4E90633204638BD84310700E7
:10924000034A02600022C0E90122C260704700BFE9
:109250009431070038B5044608460D46FFF786FEF0
:1092600008203DF0BDFA0023C0E90053A3682BB9E4
:10927000A0606368E0600133636038BDE3685860F4
:10928000F7E7406870474368994208D28368002234
:10929000914202D05B680132FAE7186870470020FB
:1092A000704770B50446406800252368AB4206D974
:1092B000466808213DF0C0FA01353046F5E7002345
:1092C000C4E90033A36070BD70B50646002473681E
:1092D0009C4212D2B3680022944202D05B680132F1
:1092E000FAE71D682846FFF746FE20B91DB12B6836
:1092F00028465B6898470134E9E7301DFFF7D1FF46
:1093000070BD000038B50446054B44F8043B0546E3
:10931000FFF7DAFF2046FFF7C4FF284638BD00BF3D
:109320009431070010B50446FFF7ECFF20461021EA
:109330003DF082FA204610BD38B504461D46FFF7C1
:10934000FFFD084B2360BDF81030E382A58206497B
:1093500004F1180006F06EFE0023C4E90933E3624D
:10936000204638BDA431070020730700808A70476B
:10937000C08A7047406A7047436A994208D2836A3C
:109380000022914202D05B680132FAE71868704708
:109390000020704738B5044608460D46FFF7E6FD45
:1093A00008203DF01DFA0023C0E90053A36A2BB941
:1093B000A062636AE0620133636238BDE36A5860A9
:1093C000F7E770B50446406800252368AB4206D92C
:1093D000466808213DF030FA01353046F5E70023B4
:1093E000C4E90033A36070BD154B70B5044603603B
:1093F0000025636A9D4212D2A36A0022954202D0E0
:109400005B680132FAE71E683046FFF7B4FD20B909
:109410001EB1336830465B6898470135E9E704F1CF
:1094200024052846FFF7CDFF2846FFF7CAFF04F1C1
:10943000180006F0B4FD2046FFF76CFD204670BD15
:10944000A431070010B50446FFF7CEFF20463021B7
:109450003DF0F2F9204610BDA0F8A8107047C0F802
:10946000AC1070472DE9FF41013A13F8014BD6B219
:109470000268CDE90233526C05460F4690470C2C2A
:1094800002462968029B79D02FD8052C69D01AD8BA
:10949000022C60D00BD8012C53D006230093D1F8B6
:1094A000DC600023224639462846B0476EE0032C94
:1094B00054D0042CF1D10093D1F89440334639466E
:1094C0002846A04762E0092C52D007D8062C4BD082
:1094D000082CE2D10093D1F8A440EFE70A2C4DD03C
:1094E0000B2CDAD1D1F8B4402DE0162C51D00FD886
:1094F000112C40D005D8102CCFD10093D1F8B84012
:10950000DCE7122C18D0132CC7D1D1F8C8401AE0D0
:109510001D2C04D00CD8182C3FD01B2CBDD100938F
:10952000D1F8D4803346224639462846C0472DE03C
:109530001E2C36D0522CB0D1CDE90063D1F8C460D6
:1095400020E0D1F88440324639462846A44604B08B
:10955000BDE8F0416047D1F88840F4E7D1F8904089
:10956000F1E7D1F89C40EEE70093D1F8A040A5E7E1
:10957000D1F8AC40E7E7D1F8C040E4E7CDE90063BB
:10958000D1F8B060234639462846B04704B0BDE85C
:10959000F0810093D1F8CC4090E70093D1F8D0400F
:1095A0008CE7D1F8D840CEE700F18C034FF6FF727C
:1095B000B0F8B010914204D11C309842F8D100208C
:1095C00070470120704708B503689B6A98474FF6BB
:1095D000FF73C01A18BF012008BD000038B50A4B40
:1095E0000446186803681B690D469847204604F135
:1095F0008C03B0F8B020AA4204D01C309842F8D1B5
:10960000002038BD0120FCE76833070000F18C031F
:1096100090F9C820002A04DB1C309842F8D10020C1
:1096200070470120704770B5002300F1B0041C257D
:1096300005FB03F2A65A8E4203D11044B0F8C000D5
:1096400070BD0133052BF3D11720F9E71FB5ADF835
:109650000D200268009302248DF80C400323D2F8F9
:10966000F04003AAA04704B010BD1FB5ADF8092013
:10967000ADF80B30069A0368009204248DF8084078
:1096800002AAD3F8F0400523A04704B010BD1FB5CF
:10969000ADF80B30BDF81830ADF80920ADF80D303D
:1096A000079A0368009210248DF8084002AAD3F8A4
:1096B000F0400723A04704B010BD1FB5ADF80B3034
:1096C000BDF81830ADF80920ADF80D30079A0368E1
:1096D000009208248DF8084002AAD3F8F04007232E
:1096E000A04704B010BD012380F83C317047000052
:1096F0001FB5ADF80A309DF818308DF80C30084BC6
:109700008DF8092001208DF80800186802AA036866
:109710000092D3F8944004220523A04704B010BD62
:109720006833070001299CBF00EB8100C0F8542179
:1097300070471FB5ADF80D20026800930A248DF81C
:109740000C400323D2F8F04003AAA04704B010BD98
:10975000F0B500231C2500F1B00605FB03F4375BD0
:109760008F4204D00133052BF7D100200FE0B43431
:109770000444911D14F8015B01F801599142F9D19B
:109780001C2202FB0303012093F8B3300B70F0BDE1
:1097900010B5054B03600446D0F8400108B146F00F
:1097A0001DFD204610BD00BFC831070010B504469E
:1097B000FFF7EEFF20464FF4AE713DF03DF8204636
:1097C00010BD00002DE9F0431D4B1D688BB0062332
:1097D0000F460421002490462A680097CDE907131C
:1097E000C821CDE905410C21CDE90331CDE9018442
:1097F0000646D2F854902346302260212846C847B6
:10980000D8B906F00FFD044606F00CFDD6F8AC30D2
:10981000001B98422B680DD21B6928469847336875
:1098200042465B6B3946304698470028ECD00BB077
:10983000BDE8F083DB6D284698470020F7E700BFBE
:1098400068330700F8B503689B6A044698474FF6EB
:10985000FF73984206461ED0104B1D682B680146C8
:10986000D3F898302846984706F0DCFC074606F007
:10987000D9FCD4F8AC30C01B98420CD22B682846D7
:109880001B699847236831469B6B20469847002800
:10989000EDD10120F8BD0020FCE700BF68330700D0
:1098A0002DE9F3410546089CA5F848111078C5F844
:1098B0004C41013085F84A01002085F850011948D3
:1098C000066830680092D0F89480DBB204223046FB
:1098D0000F46C04724B306F0A5FC044606F0A2FCE0
:1098E000D5F8AC30001B984214D2336830461B695F
:1098F00098472B6839469B6B2846984750B195F896
:1099000050010028EAD04FF6FF73A5F8483102B0A5
:10991000BDE8F0814FF6FF73A5F848310020F6E767
:109920002046F4E7683307002DE9F04799460368BD
:109930009B6A044698474FF6FF739842064604D147
:109940004FF000084046BDE8F08723680146D3F891
:10995000E0302046984780460028F1D0002504F1E9
:10996000B0031C2202FB05F7D95BB14234D1274476
:10997000D7F8C4303BB910203CF032FF8246FFF7E5
:109980005FFCC7F8C4A01C2303FB0545D5F8C450F1
:10999000002DD5D02846B9F1000F21D1FFF794FC56
:1099A00023682A46D3F8E47031464B462046B84730
:1099B0000028C5D023682A46D3F8E830314620462F
:1099C00098470028BCD023682A4631462046D3F861
:1099D000EC30BDE8F04718470135052DC2D1AFE79F
:1099E000FFF74FFC002782465745D9DA394628460B
:1099F000FFF749FCFFF7B8FA494647F019FB002882
:109A0000A0D00137F0E7F0B5C5B004469DF8285165
:109A1000ADF80D200F4612218DF80C102A4619467C
:109A20000DF10F0046F042FC23684B9A0092D3F8E8
:109A3000F06003AAEB1C39462046B04745B0F0BDA4
:109A4000F0B5C5B004469DF82851ADF80D200F467D
:109A500052218DF80C102A4619460DF10F0046F0E0
:109A600025FC236800220092D3F8F06003AAEB1CC7
:109A700039462046B04745B0F0BD10B500F1C903E6
:109A800000F2551033F8194C8C4201BF1C88148029
:109A90009C7894701C338342F4D1002010BD0000E8
:109AA0002DE9F04196B004461C9E1F4600201C2361
:109AB00004F1B00C4FF6FF7E03FB00F53CF8058087
:109AC000F04505D001300528F6D116B0BDE8F0818B
:109AD0006019172380F8B220A0F8C030A0F8B010A9
:109AE00080F8B37005F1B4033168E150E218B3882F
:109AF00093800DF10901721E731D12F8010F01F818
:109B000001099A42F9D10F4B1868BA35036804EB82
:109B10000508D3F89030424601A9984710B9605122
:109B2000A8F80400D4F85441002CCED0324639466F
:109B300003A8FEF737FB03A8A04703A8FEF77BFAAC
:109B4000C3E700BF683307002DE9F04106460F4622
:109B5000904600F1B405002415F8013CBB420CD13D
:109B600006224146284646F093FB30B91C2303FBEE
:109B70000464B4F8B000BDE8F0810134052C05F1AF
:109B80001C05E9D14FF6FF70F5E72DE9F0410646D7
:109B90000F46904600F1B405002415F8013CBB4285
:109BA0000CD106224146284646F072FB30B91C23F0
:109BB00003FB0464D4F8C400BDE8F0810134052C33
:109BC00005F11C05E9D10020F6E738B54FF6FF7224
:109BD00004460B460020B3F8B050954203D093F8EA
:109BE000B250012D08D00130052803F11C03F2D139
:109BF0002046FEF7C7FA0AE01C23434303F1B402F0
:109C00000B440A44204693F8B310FEF7CBFA2046E3
:109C100038BD98B5B0F8A820D31DEC46DB08ACEBF6
:109C2000C30300AF9D460368D3F88C406B46A04742
:109C3000003018BF0120BD4698BD00002DE9F04F4F
:109C400087B002AF9146DFF890A0B96000F18C02B6
:109C50000546FA601C460026B5F8B080C7F804D067
:109C60004FF6FF7398452BD0B5F8C030DA1D694622
:109C7000D208A1EBC202033B95469BB2A4B29C4220
:109C80004FF01B0228BF1C468DF80820BA68ADF8BB
:109C90000920494622460DF10B0046F007FBDAF891
:109CA00000000DF1080B0268CDF800B0E31CD2F8FB
:109CB00094B0DBB204224146D847D7F804D001362D
:109CC000FB681C359D42C7D1002E14BF20460020E2
:109CD0001437BD46BDE8F08F683307002DE9F04F1B
:109CE00087B002AFC7E9002100F5A072064600F177
:109CF000B405BA601C464FF0000935F804ACC7F84B
:109D00000CD04FF6FF739A4542D0AB89DA1D6946F5
:109D1000D208A1EBC202033B95469BB2A4B29C427F
:109D20004FF01D0228BF1C468DF808207A68ADF858
:109D30000920396822460DF10B0046F0B7FA0023DE
:109D400086F83C31194BD3F800800DF1080BD8F898
:109D50000020CDF800B0E31CD2F894B0DBB20422AE
:109D600051464046D84796F83C316BB9D8F8003098
:109D700040461B699847336815F8011C5B6B2A46FF
:109D8000304698470028EED1D7F80CD009F10109E8
:109D9000BB681C35AB42B0D1B9F1000F14BF2046EF
:109DA00000201437BD46BDE8F08F00BF68330700C0
:109DB0002DE9F04F89B002AF042BFA603A6CC7F876
:109DC00008D0C7E9041014880AD00368042200925E
:109DD000D3F8DC502346A8471C37BD46BDE8F08FBA
:109DE000FB6807336A46DB08A2EBC3039D460DF10F
:109DF000080805238DF80830002388F80130484B07
:109E0000013CD3F800A0A4B20225DAF80030504695
:109E1000DB699847844258D23B6C5B88A34254D993
:109E2000DAF8003021461B6A5046984703689B6861
:109E30008346984742F6030301349842A4B255D1B1
:109E40005846FEF7A0FB231A59425941DBF800306F
:109E500079609B68584698477968024611B9B0F511
:109E6000245F45D15846C7E90012FEF7FFFAD7E94B
:109E70000012022806460CBF0123022398F80100B5
:109E800008B988F8013098F8010098421DD105F111
:109E900002091FFA89F928F8054008EB090311B9EE
:109EA000B2F5245F27D158467B60FEF7DCFA7B6869
:109EB00001463246184646F0F9F909EB0605ADB2FF
:109EC0000236FB682E44B3429FDA022D1CD17A6918
:109ED0003B6C12681B880A210091D2F8DC40D7E95C
:109EE00004100422A047D7F808D075E70021ADE799
:109EF00002260123C2E7DBF8003058469B689847EA
:109F0000043528F80900DAE7064B18680368CDF82D
:109F10000080D3F894403969EBB20422A047E2E70D
:109F200008330700683307002DE9F04F89B002AF0E
:109F3000052B3E6CC7F808D08346C7E90321348857
:109F40000BD8036804220092D3F8DC500622234683
:109F5000A8471C37BD46BDE8F08FFA68073269464E
:109F6000D208A1EBC202954607228DF80820B288DC
:109F7000B2F5205F0DF1080A0DD0DBF80020338820
:109F80000A210091D2F8DC40396906225846A047E0
:109F9000D7F808D0DDE7063B9BB27B61274B013C3D
:109FA000D3F80090B31DA4B201257B60D9F800302E
:109FB0004846DB699847844232D27388A3422FD93E
:109FC000D9F8003021461B6A4846984703689B68C9
:109FD00080469847B38883421BD14046FEF746FA35
:109FE0007B69984215D14046FEF73DFA7A69796857
:109FF00046F04EF968B94046FEF705FF2AF805001D
:10A000004046FEF702FFAB1C9BB204352AF8030062
:10A01000ADB2FA68EB1C9A4202DD0134A4B2C5E786
:10A02000012DAAD0064B18680368CDF800A0D3F81C
:10A0300094403969EBB20422A047A9E7083307002E
:10A04000683307002DE9F04F89B002AF062BBA60E4
:10A050003A6CC7F80CD081468B46158804D193889A
:10A06000A3F52053012B0FD9D9F80030102200920C
:10A07000D3F8DC402B4659464846A047D7F80CD0C9
:10A080001C37BD46BDE8F08FBB6807336A46DB0866
:10A09000A2EBC3039D4602AE11238DF808300023C6
:10A0A0007370364B013DD3F800A0ADB20224DAF84C
:10A0B00000305046DB699847854247D23B6C5B884D
:10A0C000AB4243D9DAF8003029461B6A504698471C
:10A0D0003B6C02689B887B619268804690477B69F5
:10A0E000834230D14046FEF7C1F9022803460CBF37
:10A0F000062314233B61737878610BB93B69737055
:10A1000073783A69934221D14046FEF77CFE305382
:10A110004046FEF77AFEA31C9BB20434A4B2F05270
:10A12000331940467B60FEF79EF97B687A690146E9
:10A13000184646F0BBF87B69BA681C443B69A4B278
:10A1400023449A4202DB0135ADB2B0E7022C09D1BB
:10A150003B6CD9F800201B880A210091D2F8DC4022
:10A16000102288E7064B186803680096D3F89450CD
:10A170000422E3B25946A84780E700BF083307002E
:10A18000683307002DE9F04F89B002AF91463A6C71
:10A19000C7F808D0062BC7E9031015880BD0036851
:10A1A00004220092D3F8DC4008222B46A0471C373B
:10A1B000BD46BDE8F08F09F107036A46DB08A2EB54
:10A1C000C3039D460DF1080809238DF808300023CC
:10A1D00088F801306D4B1B687B613B6C013D04339B
:10A1E000ADB202247B607B6978691B68DB699847A4
:10A1F000854280F083803B6C5B88AB427ED97B6973
:10A2000078691B6829461B6A984703689B6806465D
:10A2100098473B6C9B888342336805F1010A1FFA1B
:10A220008AFA9B6830467AD1984742F603039842EF
:10A230003DD13046FEF7A7F9824535D03046FEF7CE
:10A2400015F998F80120022803460CBF4FF0070BC0
:10A250004FF0150B0AB988F801B098F801203B605F
:10A260005A454BD128F804A03046FEF70FF9A21C3E
:10A2700092B2023508F80200E21C92B2304628F889
:10A280000250FEF7F0F805343B68A4B208EB040571
:10A290001A460146284646F009F83B681C44A4B219
:10A2A000A344D9452ADB55460135ADB29BE7336857
:10A2B00030469B68984742F602139842F4D128F83A
:10A2C00004A03046FEF7C8FA0234A4B2A9EB040990
:10A2D00080B21FFA89F9814528BF8146304608EBD4
:10A2E0000405FEF7BBFA4A4601464C44284609F1EC
:10A2F000020945F0DBFFA4B288F80190022C38D1A6
:10A300003A693B6C12681B880A210091D2F8DC4044
:10A31000D7E903100822A047D7F808D047E79847A5
:10A3200042F603039842BFD13046FEF79FF8022859
:10A330008346B9D13046FEF796F85A46014678680A
:10A3400045F0A6FF0028AFD128F804A03046FEF75C
:10A35000A7F80234A4B2A9EB04091FFA89F980B264
:10A36000814528BF8146304608EB0405FEF796F884
:10A37000B9E7074B18680368CDF80080D3F894500C
:10A38000F968E3B20422A847C6E700BF0833070014
:10A39000683307002DE9F043012B97B0044602AF64
:10A3A0000E461546E8460BD0036804220092D3F807
:10A3B000DC4018220023A0475437BD46BDE8F08397
:10A3C000B0F83E1141B33B6F1B78DB0724D5224B1D
:10A3D0001868036801391B6A9847002281461C21CE
:10A3E00004F1B00001FB02F330F803C0B4452ED1F4
:10A3F00003F1B4022344224493F8B310381DFDF74F
:10A40000D1FE4846B4F84431D4F84021391DFEF756
:10A41000B4F9381DFDF70FFE00230735A4F83E31CF
:10A42000A4F84431ED086B46A3EBC5039D46192300
:10A430008DF80830094B186802AA03680092D3F817
:10A440009440042201233146A047C546B4E70132B7
:10A45000052AC7D1E0E700BF0833070068330700CB
:10A460002DE9F04F87B002AF032B04460D467A600A
:10A470001E46C7F80CD00DD8036804220092D3F80A
:10A48000DC4016220023A047D7F80CD01437BD4675
:10A49000BDE8F08FBB6B1B883B811FFA83F8BB6B59
:10A4A000B3F802B04B4BD3F80090D9F800304846CF
:10A4B000DB69984708F1FF318BB2834206D92368E4
:10A4C0000A220092D3F8DC60434620E0D9F800303D
:10A4D00048461B6A984703689B688146984742F63E
:10A4E0000303984202D023680B22EAE74846FEF7AE
:10A4F0004AF840458246F6D14846FDF7C7FF0307B4
:10A500000AD4236803210091D3F8DC605346162255
:10A5100029462046B047B7E7B4F83E31E3B948468C
:10A520003B60FDF7B9FF01468246D4F8400146F092
:10A53000F5FB3B683A89A4F83E21C4F84001A4F831
:10A5400044315246194645F0D9FEB4F844315B45D2
:10A5500007D023680722B4E75345F6D023680E21BD
:10A56000D1E7331F5FFA83FA0BEB0A024846BA6061
:10A57000FDF792FFBA6880B28242EADCBB6BD4F886
:10A5800040015246191D584445F090FEB4F844214C
:10A59000B96B0AEB0203A4F844317B6807336A46BF
:10A5A000DB08A2EBC3039D4617238DF80830324623
:10A5B0000DF1090045F07AFE074B186802AC0268FD
:10A5C0000094731CD2F89440DBB204222946A047C1
:10A5D0005AE700BF08330700683307002DE9F04F42
:10A5E0009BB0012B8A46039263D9249A023B1688BA
:10A5F000059300F18C0204460292B4F8B030534542
:10A6000042D1D4F8C450002D42D02846FEF739FE7E
:10A610004FF000098046C14536DA49462846FEF724
:10A6200032FE0746FEF7A2FEB0422AD23846FEF7B7
:10A630009FFEB04225D33846FEF79CFE249B023392
:10A64000804604F1B4090025049345451CDA2946E7
:10A650003846FEF791FE8346FEF706FDB0420ED166
:10A660004A4694F8B31007A8FDF79CFD5846DDE96B
:10A67000042307A9FEF768FD07A8FDF7DCFC0135F8
:10A68000E3E709F10109C6E7029B1C349C42B4D1FF
:10A69000039B1D2B0DD11E238DF81C30064B186813
:10A6A00007AA03680092D3F894400422012351467C
:10A6B000A0471BB0BDE8F08F683307002DE9F04FCD
:10A6C0008FB002AFC7E90021FB60B0F8A830F9688D
:10A6D00007336A46DB08A2EBC30307F118059D4662
:10A6E0008346284600F00AFF0DF108090124BD60E9
:10A6F000DBF80030CDF804904FF420520092D3F8EC
:10A70000BC5079684FF6FF7322465846A847054665
:10A7100020B199F80030112B04D001203437BD4608
:10A72000BDE8F08F99F801307B61A3F104080223A2
:10A730005FFA88F809F102063B614FF6FF7A3B6940
:10A74000AB4204DB4FF6FF739A45D1D0E5E7FB68D7
:10A75000E3B930203CF044F83146728831F8043BCC
:10A76000009204464246FEF7E7FD21463868FEF7B0
:10A7700071FD7488D7E904320134A4B2002C13446B
:10A7800008BF4FF0000A3B611644D8E7B86800F0F4
:10A79000F4FE4045EDD1B86800F0EDFE42460146BA
:10A7A000301D45F075FD0028D3D0E2E72DE9F04FCC
:10A7B0008DB0B0F8A83004AFC7E9042107336A466A
:10A7C000DB08A2EBC3039D4682463869FEF759FDBC
:10A7D0000DF11009F8604FF00008FB6898454ADA5F
:10A7E00041463869FEF74FFDB861FEF7BFFD0646EA
:10A7F000B869FEF7BDFDB860DAF80030CDF8049016
:10A8000042F603020092D3F8A8407969BB68324649
:10A810005046A047054678B399F80030092B27D158
:10A8200099F80130FB61053BDBB27B6009F1020462
:10A830004FF0020BAB45DFDA38203BF0D1FFB4F824
:10A8400003300293A37801932388009306467B6923
:10A850007A68611DFEF794FB3146B869FEF79AFDF0
:10A86000B4F80360FB690136B6B29B441C44E1E7CF
:10A8700008F10108B1E701202437BD46BDE8F08F9B
:10A880002DE9F04F8FB0B0F8A83002AF0733C7E919
:10A890000421DB086A46A2EBC3039D4602AB824655
:10A8A0003869FB62FEF7EDFC4FF0000BF860FB68C7
:10A8B0009B456CDA59463869FEF7E5FC7862FEF78D
:10A8C00057FDB860786AFEF755FD431E38620026D2
:10A8D0007B603B6A9E4257DA3146786AFEF74CFD50
:10A8E0007B68F8619E4248D0711C786AFEF744FD8F
:10A8F0000546F869FEF7B8FB013084B2002D3ED062
:10A900002846FEF7B1FBB862BB6AA3423AD3DAF835
:10A910000030FA6A0092D3F898507969BB6A2246EF
:10A920005046A847054698B3FB6A1B78052B29D1EA
:10A93000FB6A93F801904FEA8903BB61FB6A4FF011
:10A94000020903F10208A945E1DA20203BF048FFA3
:10A950004146044631F8023B00937B690222FEF730
:10A960005DFC2146F869FEF781FBB8F80040BB6941
:10A970000134A4B299449844E5E70025B9E7BB68DF
:10A98000BB62C1E70136A4E70BF1010B8FE70120A1
:10A990003437BD46BDE8F08F70B5002300F1B00438
:10A9A0001C2505FB03F2A65A8E4204D00133052B69
:10A9B000F7D1002003E0104490F8C800C00970BD32
:10A9C000F0B5022A85B004460D4609D0036804227A
:10A9D0000092D3F8DC4002220023A04705B0F0BD6E
:10A9E0001B88B0F8A8209A4228BF1A46B03000232E
:10A9F0001C2606FB03F1475AAF4212D10C44A4F8BF
:10AA0000C020ADF80D20094A032310688DF80C30E2
:10AA1000026803A90091D2F8944029460422A04775
:10AA2000DCE70133052BE4D1EBE700BF6833070017
:10AA3000F0B5002300F1B0051C2606FB03F42F5BE4
:10AA40008F4204D00133052BF7D1002003E02044CE
:10AA500080F8C8200120F0BD042A15D1B0F84821A3
:10AA60008A4211D190F84A211978013A8A420BD1D1
:10AA7000D0F84C2101211170D0F84C211B68C2F88C
:10AA80000130052380F850317047022AF0B51ED1FD
:10AA9000002200F1B0051C2606FB02F42F5B8F425A
:10AAA00016D104441A88A4F8C020B0F848218A427C
:10AAB0000DD190F84A21032A09D1D0F84C110A701F
:10AAC000D0F84C111B88A1F8013080F85021F0BD5E
:10AAD0000132052AE0D1E8E7012A38B504461546D7
:10AAE00013D9B0F8480188420FD194F84A010528DB
:10AAF0000BD1D4F84C110870D4F84C011946013030
:10AB0000013545F0D3FB84F8505138BD012A38B5E2
:10AB10000446154613D9B0F8480188420FD194F87D
:10AB20004A0111280BD1D4F84C110870D4F84C010B
:10AB300019460130013545F0B9FB84F8505138BD54
:10AB400038B50446B0F84801884215460FD194F84C
:10AB50004A110B290BD1D4F84C010170D4F84C01E7
:10AB600019460130013545F0A1FB84F8505138BD3C
:10AB700038B5044615469AB1B0F8480188420FD15D
:10AB800094F84A0109280BD1D4F84C110870D4F874
:10AB90004C0119460130013545F088FB84F85051CD
:10ABA00038BD6AB9B0F848318B4209D190F84A31C2
:10ABB000132B01BFD0F84C211370012380F85031C2
:10ABC0007047F0B500241C2500F1B00605FB04F326
:10ABD000F75A8F4204D00134052CF7D1002006E04B
:10ABE000C9331488C452C11893788B700120F0BD0A
:10ABF000F0B500241C2500F1B00605FB04F3F75A5C
:10AC00008F4204D00134052CF7D1002006E0B43384
:10AC1000184403681360838893800120F0BDF0B569
:10AC200000241C2500F1B00605FB04F3F75A8F42FF
:10AC300004D00134052CF7D1002009E0BA330344D5
:10AC40001C46002114F8010B18B901310629F9D16D
:10AC5000F0BD196811609B8893800120F8E700001F
:10AC600070B5054690F8850094B0F8B1104B114CC2
:10AC70001868B4F84410036801391B6A984704F156
:10AC80004702064694F8461001A8FDF78BFA94F89F
:10AC90004D3004F14E0201A93046FDF76EFD01A8CA
:10ACA000FDF7C9F9002385F88530012014B070BD87
:10ACB00008330700946800202DE9F04F9DB09846B6
:10ACC00002AFB8F10A0F92460446796197F89020D6
:10ACD000D7F89430C7F80CD00FD1022A17D00368E8
:10ACE00004220092D3F8DC4042460023A047D7F864
:10ACF0000CD06C37BD46BDE8F08F042A07D003683E
:10AD000004220092D3F8DC400C220023EEE7B8F1D5
:10AD10000A0FB3F8009018BFB3F802B0924B1D6849
:10AD20002B682846DB6908BF4FF0000B984709F1F4
:10AD3000FF318BB2834207D923680A220092D3F8ED
:10AD4000DC5042464B4624E00AF107036A46DB0822
:10AD5000A2EBC3039D46B8F10A0F6A460CBF0B2352
:10AD60000D2302F8083F2B683A611B6A2846984772
:10AD700003689B6805469847B0F5205F2BD1BBF16F
:10AD8000000F0AD0236804220092D3F8DC500B2273
:10AD90004B4679692046A847A9E72846FDF766FB98
:10ADA00080462846FDF75FFB424601460DF109004B
:10ADB00045F07CFA08F101081FFA88F86B4B3A69F4
:10ADC000186803680092D3F8944079695FFA88F3B1
:10ADD0000422A0478BE742F6030398420AF1FF3AA8
:10ADE00040F09F802846FDF7CCFB48451ED1BBF1C3
:10ADF000000F02D023680B22A0E72846FDF746FB90
:10AE00003B6958702846FDF7BEFB3B6958802846D1
:10AE1000FDF72CFB80462846FDF725FB4246014600
:10AE200003A845F043FA08F10408C5E72846FDF7F2
:10AE30002DFB830702D4236802227FE72846FDF713
:10AE400028FB10F0020022D0002204F1B0011C20E7
:10AE500000FB02F37E6931F803C0B44510D0013223
:10AE6000052AF5D123680F220092D3F8DC307969E6
:10AE70001E4642464B462046B04701231E4607E089
:10AE8000234493F9C830002BECDA0023F6E706469A
:10AE90002846FDF705FB83B29B4502D323680722B2
:10AEA0004CE780B2A0EB0B008245A8BF82461FFA98
:10AEB0008AF3BB6004F18C03A1467B604FF001086C
:10AEC0001FFA8AFAB9F8B0307A69934219D109F1B8
:10AED000B40299F8B31007F11C00FDF763F9CDF83F
:10AEE00000A03B695A46434407F11C012846FDF780
:10AEF00025FC07F11C00FDF79EF8BB6898441FFA7B
:10AF000088F87B6809F11C099945DBD1002E3FF4D4
:10AF100055AF42463969201D45F0C8F984F8848050
:10AF2000E5E6B0F5245F1BD12846FDF795FC83B21A
:10AF30009B45B3D280B2A0EB0B08C2452846A8BF00
:10AF4000C246FDF78BFC1FFA8AF200EB0B010AF1F7
:10AF5000010A0DF1090045F0A9F91FFA8AF82DE759
:10AF60004FF001082AE700BF0833070068330700E5
:10AF70002DE9F04F99B002AF1D4697F880303A6046
:10AF8000012B04460E467B600DD8122D07D10368B5
:10AF900004220092D3F8DC402A460023A0475C3705
:10AFA000BD46BDE8F08FD7F88430B3F800808E4BF3
:10AFB000D3F800A0DAF800305046DB69984708F172
:10AFC000FF318BB283420CD9122DE8D123680A22BB
:10AFD0000092D3F8DC902A46434631462046C847C3
:10AFE000DDE7DAF8003050461B6A984703689B6833
:10AFF0008146984742F6030B584540F0A0804846EA
:10B00000FDF7C1FA4045484601D1122D6FD1FDF739
:10B010003DFA020771D54846FDF73BFA10F0020AE7
:10B0200004F1B00B16D000221C2101FB02F33BF807
:10B030000300B04267D00132052AF6D123680F22FF
:10B040000092D3F8DCA01222434631462046D04776
:10B050004FF0010A00231C2101FB03F23BF8020020
:10B06000B04268D17B68023B5FFA83FBD7F884303B
:10B07000A1180233B4327B6091F8B3102244BAF1C4
:10B08000000F48D0032084F88500A4F8448084F899
:10B0900046101168C4F847109288A4F84B200A2281
:10B0A00084F8852019465A4684F84DB004F14E00C4
:10B0B00045F0FCF894F885200BEB020384F885300A
:10B0C000122D7FF46CAF3B6807336D46DB08A5EBB0
:10B0D000C3039D46132302AA8DF80830BAF1000F6E
:10B0E00076D02371012384F88430AD4657E7FDF70D
:10B0F000CDF943077FF553AF8DE7122D7FF44FAFA6
:10B100002368032264E7234493F9C830002B95DABF
:10B110004FF0000A9EE707F10C00FDF743F84846A0
:10B120005B467A6807F10C01FDF727FB07F10C007D
:10B13000FCF781FFC4E70133052B8DD1C0E7D9F8B7
:10B14000003048469B689847B0F5245FD5D1484603
:10B15000FDF78CF90228D0D14846FDF784F9028822
:10B1600042F602139A42C8D1DAF80030A8F102017F
:10B170001B6A5046984703689B6881469847584524
:10B18000BBD100221C2104F1B00001FB02F330F816
:10B1900003C0B44518D103F1B4022344224493F808
:10B1A000B31007F10C00FCF7FDFFD7F884304846D8
:10B1B0005A8807F10C01FDF700FB07F10C00FCF7C2
:10B1C0003AFF4FF0000A7BE70132052ADDD1F8E7AC
:10B1D000064B186803680092D3F8944004220123B8
:10B1E0003146A04781E700BF0833070068330700F6
:10B1F0001F4B70B5044640F8863B02F0C0FE04F1D8
:10B20000870002F0BCFE1B4B04F1980503F1100609
:10B21000186859682A4603C20833B3421546F7D165
:10B2200041F288331721C4F8AC300023A4F8A810E9
:10B23000A4F83E31C4F84031A4F8443104F1B4021A
:10B2400004F5A0704FF6FF7522F8045C02F8023C8A
:10B2500002F8013C136093809181136113751C32D5
:10B260008242F1D1C4F85431C4F85831204670BD3F
:10B27000C8310700AC3107002DE9F04F0023044628
:10B28000A7B098464FF0FF35B0301C264FF6FF7739
:10B2900006FB03F2825A8A4208BF1D46BA4203F1F6
:10B2A000010318BF08F10108052BF1D16B1C6ED00A
:10B2B0001C236B4303F1B4072344E619324693F889
:10B2C000B3106846FCF76EFFB8F1010F2FD1314B78
:10B2D000D3F800804FF0000942F6030BD8F8003095
:10B2E0004046DB6998471FFA89FA82451AD2D8F896
:10B2F000003051461B6A4046984703689B68824667
:10B30000984758450BD1694613A8FDF751F95046A7
:10B31000002213A9FDF751FA13A8FCF78CFE09F1DE
:10B320000109DBE70023A4F83E31A4F84431D4F846
:10B330005881B8F1000F08D0694613A8FDF738F915
:10B3400013A8C04713A8FCF776FE1C2303FB054394
:10B350004FF6FF72C3F8B0200022E251B280D3F85A
:10B36000C400A3F8C8201721A3F8C01083F8CA208E
:10B3700083F8CB2010B103685B6898471C2303FB5C
:10B3800005440023C4F8C4306846FCF754FE27B0D7
:10B39000BDE8F08F083307002DE9F04FA9B000F1A8
:10B3A0008C030646044601934FF000084FF6FF7ADF
:10B3B000B4F8B010514559D0324B18680368D3F82F
:10B3C000983098470546002850D104F1B4094A4600
:10B3D00094F8B31002A8FCF7E5FE2B4B1F6808F1A8
:10B3E00001083B683846DB6998471FFA85FB5845DA
:10B3F0001AD93B6859461B6A3846984702689268D2
:10B400008346904742F6030398420BD102A915A840
:10B41000FDF7CEF85846002215A9FDF7CEF915A87C
:10B42000FCF709FE0135DCE70023A6F83E31A6F85B
:10B43000443184F8B23084F8B330A4F8B0A0C9F82D
:10B440000030A9F80430D4F8C400C4F8BA30A4F825
:10B45000BE301723A4F8C03010B103685B6898476A
:10B460000023C4F8C43002A8FCF7E5FD019B1C349E
:10B470009C429DD1B8F1000FD4BF0020012029B01B
:10B48000BDE8F08F683307000833070030B50023AC
:10B4900000F1C8011C2404FB03F28D5CAD0703D549
:10B4A0001044B0F8B00030BD0133052BF3D10620B5
:10B4B000F9E770B5002300F1B0041C2505FB03F289
:10B4C000A65A8E4204D00133052BF7D1002002E0AA
:10B4D000104490F8C80070BD10B5054C2046FFF729
:10B4E00087FE2046034A0449BDE810403AF069BF90
:10B4F00094680020006000209197020073B5002539
:10B5000004460E4640F8041B10222946ADF80450AC
:10B510008DF8065044F0F2FE25752EB3304645F006
:10B52000C2FD451E002D237D19DB0F2B1FD8735D37
:10B530002D2B02D10135023DF4E77219002112F8DA
:10B54000012C8DF8042001A810228DF8053045F05B
:10B550007BFE237DE218013310712375EBE7032B8B
:10B5600034BF022310232375204602B070BD102380
:10B57000F9E70068704704307047007D70470000AD
:10B580002DE9F047144C80464D1E4FF4AA594FF058
:10B590002D0A6A1C1AD018F80570102221463809A5
:10B5A00004F016FE1022611C07F00F0004F010FEDC
:10B5B0000C2D04F1020606DC29FA05F3DB0744BF73
:10B5C000E61C84F802A0013D3446E2E70023237024
:10B5D0000148BDE8F08700BFF0690020007970479E
:10B5E0002DE9F04F89B090460DF1180B027A9DF8C5
:10B5F00048601F460023054689460693ABF8043091
:10B60000FAB99E4214BF4FF0020A4FF0030A2B68AA
:10B6100028461B699847194BEA881C6800210720B7
:10B6200023680091CDE90301CDE9011B2046D3F841
:10B630003CB011465346D84728B1002009B0BDE8B8
:10B64000F08F9A46E3E723684A461B6C4146204642
:10B6500098470028F1D123683A465B6C3146204672
:10B6600098470028E9D1236801219B6C2046984720
:10B670000028E2D101202871E0E700BF683307000D
:10B68000034B00210171186803689B6C184700BFC9
:10B69000683307002DE9F341124B1D682B68012226
:10B6A0001B6D07460E4628460021002498472B684C
:10B6B000CDE90044D3F84C8020231A4601212846C6
:10B6C000C04768B9012179712B6886EA01021B6DB8
:10B6D00028469847B0FA80F0400902B0BDE8F081F2
:10B6E0002046FAE768330700C1807047017270474F
:10B6F000022908BFC260704770B50B4D04461C306C
:10B70000164604F0A9FC294604F1280004F0BDFC0B
:10B71000294604F1340004F0B8FC23683146204681
:10B720005B69BDE870401847207307002DE9F041C0
:10B730000C4D04460F461C302946164604F0A5FC65
:10B74000394604F1280004F087FC294604F134004E
:10B7500004F09BFC2368314620465B69BDE8F0415C
:10B76000184700BF207307002DE9F0410C4D044637
:10B770000F461C302946164604F087FC294604F182
:10B78000280004F082FC394604F1340004F064FC23
:10B790002368314620465B69BDE8F041184700BF89
:10B7A000207307007FB5C36B04460D468BB10B6851
:10B7B00001A89B69984701A904F1340004F0C4FC76
:10B7C000064601A804F0EBFB1EB90024204604B095
:10B7D00070BD636A73B1294601A8FCF7F7FC01A9A3
:10B7E00004F11C0004F0A3FC064601A804F0D7FBFA
:10B7F000002EEAD0236B6BB1294601A8FCF75CFD53
:10B8000001A904F1280004F09FFC044601A804F0FB
:10B81000C6FBDBE70124D9E738B50F4B03604FF4D3
:10B8200020030E4D43600123037200230446C0E948
:10B830000333C0E9053329461C3004F0FBFB2946DD
:10B8400004F1280004F0F6FB294604F1340004F06A
:10B85000F1FB204638BD00BFC83207002073070047
:10B8600003688B4208D9436800228A4202D05B6891
:10B870000132FAE7186870470020704770B5044637
:10B88000406800252368AB4206D9466808213AF093
:10B89000D3FF01353046F5E70023C4E90033A36048
:10B8A00070BD000010B50A4B044640F8343B04F06C
:10B8B00076FB04F1280004F072FB04F11C0004F094
:10B8C0006EFB04F11000FFF7D9FF204610BD00BF4A
:10B8D000C832070010B50446FFF7E4FF20464021B8
:10B8E0003AF0AAFF204610BD70B50E4B0546186809
:10B8F000036800221B6D11460024984705F11006CD
:10B900006C712B699C4209D221463046FFF7A8FF93
:10B9100010B103685B6898470134F2E73046FFF7DF
:10B92000ADFF70BD6833070003688B4270B50446F5
:10B930001AD90022406813468A42456803D003465C
:10B9400001322846F8E7066863B96560A26882425A
:10B9500008BFA36008213AF06FFF2368013B236012
:10B96000304670BD5D60F1E70026F9E72DE9F04152
:10B97000074694B00D46002401F110082B699C4243
:10B980002AD221464046FFF76BFF0646FCF7D1FC62
:10B9900000B3314601A8FCF70BFE21464046FFF7F5
:10B9A000C3FF1EB1336830465B6898472B6801A916
:10B9B000DB6B2846984750B101A93846FCF7F8FDE3
:10B9C00001A8FCF738FB384614B0BDE8F08101A8A7
:10B9D000FCF731FB0134D1E73846FCF7D3FBF2E743
:10B9E0002DE9F04FC568ABB004460F4692469B4622
:10B9F0009DF8D0809DF9D8902DB3032922D11A4605
:10BA0000514604A8FCF7CEFBCDF80090359B42468A
:10BA1000394604A8FCF767FC236804A9DB6B2046C1
:10BA2000984748B104A917A8E468FCF7C1FD17A816
:10BA3000A04717A8FCF7FFFA04A8FCF7FCFA2BB004
:10BA4000BDE8F08F002504F110032269AA420DD948
:10BA5000184629460393FFF703FF5A465146064608
:10BA6000FCF731FC039B002841D006BB23691F2B48
:10BA700008D9002104F11000FFF756FF10B1036848
:10BA80005B6898474C203AF0ABFE5A465146064652
:10BA9000FCF788FB08203AF0A3FE0023C0E900630E
:10BAA000636933BB60612569A0616B1C2361042F4E
:10BAB00022D0CDF80090359B424639463046FCF7FF
:10BAC00012FC3046FCF735FC0028B8D0E368002BA8
:10BAD000B5D0314604A8FCF76BFD294604F11000EF
:10BAE000FFF722FF336830465B68984794E70135DB
:10BAF000ABE7A3695860D6E74B46359A41463046D6
:10BB0000FCF702FCDDE770B446799DF80C409DF926
:10BB1000145026B10595039470BCFFF761BF70BC4B
:10BB20007047000010B5054C2046FFF775FE204613
:10BB3000034A0449BDE810403AF043BC186A0020AB
:10BB400000600020A5B80200406870474368994231
:10BB500008D283680022914202D05B680132FAE782
:10BB6000186870470020704773B5044630203AF0DB
:10BB700037FE32490546FDF733F9E56154203AF0C6
:10BB80002FFE00250646142302222D490095FCF7BE
:10BB900049FD266254203AF023FE02231A46064647
:10BBA00028490095FCF73EFD666230203AF018FE09
:10BBB00025490646FDF714F9A66254203AF010FE16
:10BBC00020220423214900950646FCF72BFDE6625E
:10BBD000E069FCF74EFC206AFCF74BFC606AFCF75E
:10BBE00048FCA06AFCF745FCE06AFCF742FCD4E99B
:10BBF0000701FDF71CF9616AE069FDF718F9D4E95E
:10BC00000A01FDF714F9236811491B69204698477A
:10BC10002368294620465B69984723682046DB6AEB
:10BC200098472368E1699B6A204698472368A16A80
:10BC30009B6A204602B0BDE8704018470C330700ED
:10BC400011330700163307001B33070020330700AA
:10BC50002533070010B50446C06948B1FCF70EFC57
:10BC600030B9E06910B103685B6898470023E3616D
:10BC7000206A48B1FCF702FC30B9206A10B10368B1
:10BC80005B68984700232362606A48B1FCF7F6FBC3
:10BC900030B9606A10B103685B689847002363623B
:10BCA000A06A48B1FCF7EAFB30B9A06A10B103689A
:10BCB0005B6898470023A362E06A48B1FCF7DEFBAB
:10BCC00030B9E06A10B103685B6898470023E3620B
:10BCD00023682046DB6ABDE810401847006AFCF77D
:10BCE00041BC07B50222ADF80610406A0DF106010D
:10BCF000FCF7D8FB03B05DF804FB10B5044608461A
:10BD0000FCF777FB014628B1236820469B6ABDE813
:10BD10001040184710BD2DE9F04100250746884620
:10BD20002C463B683846DB699847A84211D93B68E6
:10BD300029461B6A3846984703689B680646984719
:10BD4000B0F5205F02D0464503D026460135344683
:10BD5000E7E720463CB1FCF789FB0228204604D1E6
:10BD6000FCF781FB0088BDE8F081FCF77CFB408993
:10BD7000F9E70000074A02600022C0E90122C0E999
:10BD80000322C0E90522C0E90722C0E90922C262F4
:10BD9000704700BF3833070038B5044608200D4609
:10BDA0003AF01EFD0023C0E9005363682BB96060C0
:10BDB0002368A0600133236038BDA3685860F7E7AB
:10BDC0002DE9F84F04460D46084604F10408FCF737
:10BDD00050FB29464046FFF7DFFF08203AF000FD00
:10BDE0000023C0E900536369002B47D160612369D8
:10BDF000A0610133236123682046DB69984700274F
:10BE00001FFA80FB2846FDF702F8B8423BD93946B5
:10BE10002846FCF7FEFF0646FCF72BFB3146404662
:10BE2000FFF7BAFF23682046DB69984781B23046A6
:10BE3000FCF7A5FB3046FCF71CFB31464046FFF7FC
:10BE4000ABFF4FF000093046FCF7A1FB484518D97D
:10BE500049463046FCF79DFB8246FCF70AFB5146FB
:10BE60004046FFF799FF23682046DB69984781B277
:10BE70005046FCF7F5FC09F10109E4E7A3695860B5
:10BE8000B5E70137BEE723682046DB699847594686
:10BE900082B22846BDE8F84FFCF7B2BF70B5044641
:10BEA000406800252368AB4206D9466808213AF06D
:10BEB000C3FC01353046F5E70023C4E90033A36035
:10BEC00070BD70B50446406800252368AB4206D9B2
:10BED000466808213AF0B0FC01353046F5E700230A
:10BEE000C4E90033A36070BD38B50546064B45F87C
:10BEF000103B0446FFF7AEFE2846FFF7E2FF201D89
:10BF0000FFF7CCFF204638BD3833070010B5044694
:10BF1000FFF7EAFF204630213AF08EFC204610BDA4
:10BF200070B50446002523682046DB699847A8427F
:10BF30000FD9236829461B6A204698470646FCF716
:10BF40009DFA20B91EB1336830465B6898470135C9
:10BF5000E9E7201DFFF7A2FF002523699D420BD2D0
:10BF600063690022954202D05B680132FAE71868E3
:10BF7000FCF794FF0135F0E704F11000FFF7A1FF93
:10BF800070BD000008B5054B1846FFF7F3FE044AE4
:10BF900004491846BDE808403AF013BA586A002030
:10BFA00000600020E9BE0200704700000023C0F8D6
:10BFB0000831024B186803681B681847A43407004F
:10BFC000024B186803685B68184700BFA434070079
:10BFD000036800215B69184710B40368D3F8A440D4
:10BFE0000023A4461A4640F603415DF8044B60471F
:10BFF00037B50368ADF80610D3F8A45002220DF14E
:10C00000060341F205410446A84750B9D4F8183256
:10C01000BDF806201988914203D193F9020003B0BC
:10C0200030BD7F20FBE713B5CDE90023036808226C
:10C03000D3F8A44040F601416B46A04702B010BDC2
:10C0400013B5CDE9002303680822D3F8A44042F2D7
:10C0500001016B46A04702B010BD10B40368D3F8CD
:10C06000A44006220B46A44642F205015DF8044BAB
:10C0700060471FB5089C8DF804309DF818308DF886
:10C0800005309DF81C308DF806302368CDF8073058
:10C09000A388ADF80B309DF824308DF80D309DF855
:10C0A00028308DF80E300368ADF80010ADF802208E
:10C0B000D3F8A4400F226B4642F20601A04704B019
:10C0C00010BD13B503688DF80710D3F8A440012202
:10C0D0000DF1070342F20A01A04702B010BD13B5EB
:10C0E000ADF803309DF810308DF805309DF8143010
:10C0F0008DF8063003688DF80010ADF80120D3F8F4
:10C10000A44007226B4642F20B01A04702B010BDCB
:10C1100013B503688DF804108DF80520D3F8A440FA
:10C12000022201AB42F20C01A04702B010BD10B5D3
:10C1300088B00B9C8DF808309DF828308DF80930B8
:10C140002368CDF80A30A388ADF80E309DF8303062
:10C150008DF81030BDF83430ADF81130BDF83830FE
:10C16000ADF81330BDF83C30ADF81530BDF84030B7
:10C17000ADF81730BDF84430ADF81930BDF848308F
:10C18000ADF81B300368ADF80410ADF80620D3F805
:10C19000A440192201AB42F20D01A04708B010BD26
:10C1A00010B40368D3F8A4400023A4461A4642F210
:10C1B0000E015DF8044B60471FB5ADF80430BDF8C3
:10C1C0001830ADF80630BDF81C30ADF80830042347
:10C1D000ADF80A300623ADF80C300368ADF8001056
:10C1E000ADF80220D3F8A4400E226B4642F21301B0
:10C1F000A04704B010BD10B4D0F8EC402CB11946E3
:10C20000104623465DF8044B18475DF8044B704711
:10C21000F0B51D4603688BB016460F469B6F04466B
:10C220009847731E8DF800700DF10602053613F85D
:10C23000011F02F80119B342F9D1109B6A1E0DF1DA
:10C240001601013B0F3512F8010F01F80109AA424E
:10C2500013F8010F4874F6D123682722D3F8A450AD
:10C2600042F227016B462046A84723682046DB6F31
:10C2700098470BB0F0BD13B5531E8DF80010053272
:10C280000DF1060113F8014F01F801499342F9D16C
:10C2900003680722D3F8A44042F22B016B46A04763
:10C2A00002B010BD07B503680122D3F88830694693
:10C2B000984703B05DF804FB37B5002300930DF1F8
:10C2C0000504CDF803304B1E053113F8015F04F867
:10C2D00001598B42F9D103688DF80620D3F8A440A8
:10C2E00007226B4640F60D41A04703B030BD13B5A1
:10C2F00013238DF806300368ADF80410D3F8A4407A
:10C30000032201AB40F20641A04702B010BDC0F8C5
:10C31000041170470023C0F80431704732B190F81F
:10C320001D329342C6BF9A1AD2B2002280F81D2253
:10C33000704710B4D0F8F8300C4623B120461146AF
:10C340005DF8044B184718465DF8044B704710B46D
:10C35000D0F8EC300C4623B1204611465DF8044B72
:10C36000184718465DF8044B704710B4D0F8F43005
:10C370000C4623B1204611465DF8044B1847184679
:10C380005DF8044B7047D0F8FC302BB1D0F80001B9
:10C39000003018BF012070470320704710B54FF4DC
:10C3A000487104463AF048FA204610BD564B2DE934
:10C3B000F04704461D6819B12B6828469B689847CA
:10C3C0002B68524E9B69524FDFF8488128469847A8
:10C3D0002B682846DB6898472B68002800F08F8080
:10C3E0005B6928469847D4F80831B3F5817F5FFA36
:10C3F00080F912DB0023C4F80831D4F8043163B1AA
:10C400002B682846DB6998473146D4F8040103F0CD
:10C4100087FC2B6828469B699847D4F80821531C51
:10C420002244C4F8083182F80C9194F80C21022AB5
:10C430002ED1052BCCDD94F8101194F80F2102EBCE
:10C44000012204329342C3DD2B682846DB699847FA
:10C45000D4F804314BB1236894F80821D3F8C09084
:10C46000414604F586732046C8470023D4F80811D6
:10C47000C4F808312368D3F8B430013904F20D123E
:10C48000C9B2204698472B6828469B6998479FE782
:10C49000042A21D1032B9BDD94F80E210232934212
:10C4A00096DD2B682846DB699847D4F804314BB1F8
:10C4B000236894F80821D3F8C090394604F58673B0
:10C4C0002046C8470023D4F80811C4F8083123686F
:10C4D0000139D3F8BC30D1E70023C4F80831D4F8CF
:10C4E0000431002B3FF474AF2B682846DB69984772
:10C4F00010224946D4F8040103F07FFCC3E7284624
:10C50000DB69BDE8F0471847A43407009233070001
:10C51000BA330700A73307001346F0B533F8046BAE
:10C52000C6F30137022F87B00546144611D154884F
:10C53000E4B21988221F8A4220D0022F07D1224656
:10C54000194605F21E2043F0B1FE85F81D4307B0E1
:10C55000F0BD012FFBD190F81D03528800F21E2080
:10C560001946284443F0A2FE638895F81D431C44F5
:10C57000E4B285F81D4305F21E23DAE75C88A0B219
:10C580000428C6F30B010AD1184800680468246A1D
:10C590000433D2B2A047002385F81D33D7E705281E
:10C5A00004D1134800680468E468F1E7062804D160
:10C5B0000F48006804682469EAE700220392ADF896
:10C5C000142001228DF80C200622ADF80E20022244
:10C5D00003ABADF810202A680093ADF812400A238F
:10C5E000D2F8944028460522A047D4E7BC31070082
:10C5F0003C350700F0B5202589B004460E461746A5
:10C6000000212A46684643F079FE324639460DF14C
:10C6100001008DF8006043F049FE23682A46D3F8F4
:10C62000A46042F208016B462046B04709B0F0BD55
:10C63000F0B5202589B004460E46174600212A464B
:10C64000684643F05BFE324639460DF101008DF835
:10C65000006043F02BFE23682A46D3F8A46042F220
:10C6600009016B462046B04709B0F0BD2DE9F047FF
:10C6700084B0044600AF8A4691461D4694F81D22B8
:10C6800094F81C329A4204D3236820461B699847C9
:10C69000F4E705F1100303F4FC73ADEB030D022383
:10C6A0003B712B1DDBB2A7F80730A7F80B90A7F85A
:10C6B00005A0A7F809503B1D03CB2A461B78009024
:10C6C00001910DF10900396B8DF8083043F0EEFD52
:10C6D000D4F8043105F10906E8463BB123680C495A
:10C6E000D3F8C050F2B26B462046A84794F81D32EA
:10C6F000013384F81D32074B1868036832461B6A01
:10C700004146984700201037BD46BDE8F08700BF7E
:10C710006C330700A43407002DE9F0430D461146A1
:10C7200083B00B3101F4FC7100AF0446ADEB010D99
:10C7300001203871A7F80550FA716846796840F809
:10C74000041B1946161D43F0B1FDD4F80431E84628
:10C750003BB123681649D3F8C090F2B26B4620462D
:10C76000C847144B1868036832461B6A414698470D
:10C770004FF6FF73A4F80E324FF0FF33C4F81032B7
:10C7800003F050FD00F57A76B4F80E32AB4208D0D3
:10C7900003F048FDB04204D2236820461B69984745
:10C7A000F2E7D4F810020C37BD46BDE8F08300BFB5
:10C7B0007F330700A434070007B500238DF8073046
:10C7C00001220DF1070342F22D010348FFF7A4FFF8
:10C7D00003B05DF804FB00BF886A002007B50122A2
:10C7E0000DF1070342F22D0103488DF80720FFF7F2
:10C7F00093FF03B05DF804FB886A00207FB5012336
:10C800008DF800300B68CDF801308B88ADF805301D
:10C810000DF11601531E0F3213F8010F01F8010933
:10C820009342F9D16B46172240F611410248FFF7B7
:10C8300073FF07B05DF804FB886A002013B5044657
:10C84000684601F04BF9D4F8EC3063B1D4F8F43019
:10C850004BB1D4F8F83033B1D4F8F0301BB101212A
:10C86000684601F03EF96846012101F04CF968463E
:10C87000012101F03FF96846012101F04DF92D2118
:10C8800001A801F02CF99DF8040002B010BD2DE9BB
:10C89000F0411D460368D3F8A48000230F461646D6
:10C8A00041F201011A460446C04770B9D4F8183263
:10C8B0001A783A70B3F801203280DA782A70069A32
:10C8C00099881180DA88079B1A80BDE8F08113B53A
:10C8D000036869461B6A0446984750B9D4F8183271
:10C8E000D9345A1E053312F8011F04F801199A426F
:10C8F000F9D102B010BD0000F8B50368D3F8A45018
:10C9000000230E46174642F202011A460446A84783
:10C91000054678B9D4F818321A8832809B783B7073
:10C9200084F81C32044B31881868036809399B6805
:10C9300089B298472846F8BDBC31070070B588B069
:10C940000C461546002120220646684643F0D6FCD8
:10C95000631E0DF10F016A1E0F3413F8010F01F869
:10C960000109A34212F8010F4874F6D1336820225E
:10C97000D3F8A44042F217016B463046A04750B9A5
:10C980000C9B1033D6F81822125C03F8012D0130ED
:10C990001028F7D1012008B070BD70B50368D3F836
:10C9A000A46000230C461A4641F209010546B0472F
:10C9B00028B9D5F818321A6822609B88A38070BD08
:10C9C00070B50368D3F8A46000230C461A4642F2FF
:10C9D00018010546B04728B9D5F818221368236016
:10C9E0005368636070BD00002DE9F0411678052E94
:10C9F000B2B0054614461DD19F4B52791868B4F861
:10CA0000031003685B6A98479C4BB4F803101868DE
:10CA100062790368C9B25B699847994B18680368E3
:10CA20009B68984718B101219648FFF74AFB32B03E
:10CA3000BDE8F081082E69D18F4BB2F8031052790E
:10CA40001D68002A5DD02846FEF733FDC10739D5A1
:10CA500005F18707384601F097FA384601F098FA51
:10CA600050B38DF8846005F1980325AA05F1A8015B
:10CA700013F8010B02F801098B42F9D121AE00969F
:10CA800011230622B4F803107E48FFF7EFFD0923B7
:10CA90007D49ADF884300DF18B02062311F8010BAE
:10CAA00002F80109013BF9D1009608230622B4F8E7
:10CAB00003107448FFF7DAFD384601F06DFA384686
:10CAC00001F06EFA2B68B4F803109B6E80222846A2
:10CAD000984795F8853023B12B682846D3F88030E5
:10CAE000984795F88430002BA1D02A1D0092B4F805
:10CAF000031064480422FFF7B9FD002385F8843051
:10CB000095E72B6828469B6E984790E70E2E0ED12E
:10CB1000B2F80330A0F80E325379C0F810325378CF
:10CB20000634043B80F81432C0F818427FE70F2E19
:10CB300009D19388A0F80E329378C0F81032002300
:10CB400080F8143273E7132E10D1967802EB860624
:10CB5000B4423FF46CAF2B68B4F80520B4F803106E
:10CB6000D3F8B830284698470434F1E73E2E7FF4D6
:10CB70005EAF9378013B092B3FF659AF01A252F803
:10CB800023F000BF03CC020047CC02002FCA0200F2
:10CB90002FCA02008DCC02002BCD02002FCA02004A
:10CBA00057CD020073CE0200ADCB0200E378002B1C
:10CBB0007FF43DAF304B94F820201868036804924E
:10CBC000E28B0392A28B0292628B04F10805CDE9FD
:10CBD0000052DE69A279E379A188B047274B94F827
:10CBE0002020186803680492E28B0392A28B0292C1
:10CBF000628BCDE900529D68A279E379A188A847AC
:10CC000015E7E378002B7FF412AF1B4B227D1868E9
:10CC100003680492628A0392228A0292E28904F1F2
:10CC20000805CDE90052DE69A279E379A188B04711
:10CC3000124B227D186803680492628A0392228A4A
:10CC40000292E289D5E7237B1F2B3FF6F0AEE27814
:10CC5000012A7FF4ECAE0A4AE118106891F90D1030
:10CC60000268029104F10D01CDE90031A31D956B1D
:10CC700021796279A847DAE6BC3107003C35070024
:10CC8000BC320700886A00205C6B0020904BB4F82F
:10CC900003101E68336810AA1B6F30469847B4F81B
:10CCA00003103046FEF705FCC2071FD510220021F5
:10CCB0000DF1860043F022FB2279E378854943EAAF
:10CCC0000223ADF884300DF19502102311F8010B09
:10CCD00002F80109013BF9D12B681222D3F8A440D4
:10CCE00042F21A0121AB2846A047A0E63368B4F807
:10CCF0000310DB6F0BAA304698472B68754AD3F8B0
:10CD0000A83078B10BA928469847C0B20028CDD1E9
:10CD10002B680222D3F8A46042F21B01E31C2846D0
:10CD2000B04784E60DF14101EDE754F8030F616867
:10CD3000228921AB03C31A800F23ADF88E3040F651
:10CD4000FF73ADF890302B680E22D3F8A44042F266
:10CD5000200121ABC7E7E378002B7FF468AE0C23FA
:10CD60008DF840300DF14102231D04F1440153F8C8
:10CD7000040B42F8040B8B42F9D1231D05F1440248
:10CD8000443453F8041B42F8041BA342F9D1504B1E
:10CD90001C682046FEF77AFB052806463FF647AE9C
:10CDA0000DF14008412306220146CDF800804A4893
:10CDB000FFF75CFC31462046FEF77BFB236840F022
:10CDC00004029B6ED2B23146204605F1A407984773
:10CDD00039464148FFF7F4FD05F1AC013E48FFF745
:10CDE000EFFD4122002121A843F088FA3B490DF1D3
:10CDF000A302012318F8030002F80109013311F816
:10CE0000010B82F82100212BF4D10BAD112200215E
:10CE1000284643F073FA0DF12D0403238DF82C30CE
:10CE200021AA4123394600942D4800F04BFF2146AA
:10CE30000F2307AA11F8010B985413F1FF33F9D20D
:10CE40002346144603CCAC4218605960224603F1D5
:10CE50000803F6D131460095112306221E48FFF73C
:10CE600005FC1E4B402242F22601181FFFF754FC1E
:10CE7000DDE5E378002B7FF4DAAD154B1F6838460B
:10CE8000FEF704FB052806463FF6D1ADE31C05F18D
:10CE9000D300233413F8012F00F80129A342F9D15C
:10CEA00031463846FEF705FB3B6840F00802044671
:10CEB0009B6ED2B2314638469847E3067FF5B7AD50
:10CEC000084B094A1868036831469B6A9847AEE5E3
:10CED000BC310700626B0020886A00208C6A002049
:10CEE000E46E00203C3507000C6B00202DE9F74F65
:10CEF0003A4CD4F8F000884693460025002869D0C3
:10CF000004208DF8035039F06BFC8146042039F081
:10CF100067FC0746042039F063FCD4F8F040034670
:10CF200006463A4649460DF10300A0472C469DF8B7
:10CF30000330AB4234DD4FEA850A1CBB3168284818
:10CF400051F8251001AB424600F03CFE98F8032052
:10CF50009DF804309A4215D19DF8052098F80430C8
:10CF60009A420FD19DF8062098F805309A4209D1CF
:10CF70003B6853F80A301A68CBF800209B88ABF85E
:10CF8000043001243B6853F80A0008B139F056FC1C
:10CF9000336853F80A0008B139F050FC0135C6E790
:10CFA000D9F8000008B139F049FC4846042139F0AD
:10CFB00043FC386808B139F041FC3846042139F0A7
:10CFC0003BFC306808B139F039FC3046042139F0B7
:10CFD00033FC204603B0BDE8F08F00BF886A002014
:10CFE000E46E00202DE9F0410546D0F80401164614
:10CFF0001C46F8B102F085FEDFF83C802644A642CC
:10D00000D5F804010DD014F8017B0F2F02D841464A
:10D0100002F077FE10223946D5F8040102F0EBFE4B
:10D02000EDE702F075FED5F804010368BDE8F041B4
:10D03000DB681847BDE8F08101350700074A026048
:10D040000022C0E93B22C0E93D22C0E93F22C0E9FD
:10D05000412280F81D2280F81D237047D433070039
:10D0600008B5054B1846FFF7E9FF044A044918467E
:10D07000BDE8084039F0A5B9886A002000600020AA
:10D08000A9BF020070477047D0F810017047D0F870
:10D09000103123B1D0F80C311844007A70474FF0AA
:10D0A000FF307047D0F8103183B1D0F80C31034411
:10D0B0001A7AD0F80C310133DBB2C0F80C31D0F859
:10D0C0001031013BC0F81031104670474FF0FF306F
:10D0D000704710B54FF48A71044639F0ADFB204615
:10D0E00010BD2DE9F04F8BB004A836F08AF904A8E2
:10D0F00036F002F9002425464FF47A7AA34640F22E
:10D10000E7384FF0000904A836F043F9241841EB42
:10D11000050504A836F047F94FF47A72002320463B
:10D12000294642F0FDFA50B12CF048FE204629462F
:10D130004FF47A72002342F0F3FA14461D4630F0A1
:10D14000AFFD03A838F0A6F830F0A0FD019003A8C9
:10D1500038F0A8F804A836F01CF9019B002BD2D0B7
:10D16000894508BF8045CED3BAEB00066BEB0107BB
:10D17000002F08BFB6F57A7F03D1012039F0B8FD42
:10D18000C1E756EA0703BED0304639F08BFCBAE758
:10D190000B6803604B6843608B68836070470000D6
:10D1A00037B5044601A80D4638F074F823682046C8
:10D1B000DB68984720B101A838F074F803B030BD9F
:10D1C00001A838F06FF801232A461946014839F0C2
:10D1D000BBFCF3E7BC6E002038F06CB838F06CB8DC
:10D1E000F8B50079C0B1013AD4B20D46102C2046F2
:10D1F000B8BF102015F8016B2CF0B6FC294622466A
:10D20000074643F053F833F011FE406903682246A5
:10D210001D6931463B46A847F8BD03681847000022
:10D2200038B50C4C0546206840B139F03BFE20680B
:10D2300010B103685B6898470023236033F0F6FD64
:10D2400005482DF0D3F833F0F1FD2CF033FF002327
:10D250002B7138BDD06E00208DDA050038B5114B2A
:10D260001A78EAB90122104D1A70104C03682B602D
:10D2700081684368007B23602CF0BEFB83B223B936
:10D2800065220B490B4838F0B3FC2B6880B203448D
:10D290002B602368181A2060BDE838402CF068BD68
:10D2A00038BD00BFD46E0020804201207C420120A6
:10D2B000A8340700F3340700F0B500238BB0C0F8A2
:10D2C0000831C0F80C31C0F81031064633F0AEFD1D
:10D2D00003681F4F9B68014602A8984702A8FFF702
:10D2E000BDFF33F0A3FD2CF0D9FE3D6835BBBC205B
:10D2F00039F076FA174B0360044629460561403041
:10D3000039F0B6FC04F1540039F050FC2B464FF4D0
:10D31000805218212046009539F048FD0E4B0993A4
:10D320000E4B3C6006A92046CDE90635089539F03C
:10D3300049FD099B13B19B6806A8984733F076FD19
:10D3400007482DF053F8012030710BB0F0BD00BF3D
:10D35000D06E0020E079070098340700E3D0020087
:10D3600001D402007047000038B504460025084B80
:10D37000036005714FF480722946083042F0BEFF09
:10D38000C4F808512046C4F80C51C4F8105138BDF7
:10D390000C35070073B5044601A816460D4637F054
:10D3A00079FFD4F81031C3F580739E4204DD01A8E3
:10D3B00037F078FF02B070BD0020864216DDD4F849
:10D3C0001031B3F5807F0FD0D4F808312A5C2344A4
:10D3D0001A72D4F808310133DBB2C4F80831D4F83A
:10D3E00010310133C4F810310130E6E701A837F0FD
:10D3F00059FF0121014839F089FBDBE7BC6E0020B1
:10D400000A4601460148FFF7C5BF00BFA86D0020CE
:10D4100038B50A4C0A4D204639F06EFB2046094CBF
:10D4200009492A4638F0CDFF2046FFF79DFF2A46DE
:10D4300020460649BDE8384038F0C3BFBC6E002026
:10D4400000600020A86D0020136B060087D002004A
:10D45000704770478180C280704701817047817238
:10D460007047807A003018BF01207047704710B5B0
:10D470000C21044639F0E0F9204610BD2DE9F043B7
:10D480001C461B78012BA3B080460D4640F08680D9
:10D4900003685B6A9847BD4B1E68BD4B81461F6899
:10D4A00012AB002866D098F80A20012A84BF002217
:10D4B00088F80A2003A800F062FD012103A800F00B
:10D4C00073FD9DF80C2086F886209DF80C2086F8C8
:10D4D0008720E17804A800F002FBE2788DF828208C
:10D4E000A2788DF8292062788DF82A2032682946A2
:10D4F000546F30460AAAA047326829463046946ED7
:10D50000FDF7D7FF40F001022946D2B23046A047CE
:10D5100000221292CDF84B2002228DF848201022D2
:10D520008DF84C203A683846D26E90478DF8490005
:10D530003A683846926E90478DF8140005A800F0BE
:10D54000F4FA8DF84B0003A800F01CFD8DF84D0097
:10D5500003A800F017FD8DF84E003A6812AB009357
:10D56000D2F894400723062229463846A04723B024
:10D57000BDE8F08340F20552ADF848203A680093C8
:10D58000D2F894400223062229463846A047336841
:10D590009B6E4A46294630469847E8E7042B78D1E7
:10D5A0007B4B1E6804F1100206F1A30314F8011F5F
:10D5B00003F80119A242F9D105AC1122002120463D
:10D5C00042F09CFE04238DF8143006F1A40309AA4E
:10D5D00006F1B4011F4613F8010B02F80109994244
:10D5E000F9D133680094D3F89440062211232946D8
:10D5F0003046A047331D0DF147010DF1670206F1DA
:10D60000240013F8014B01F80149834293F83F408D
:10D6100002F80149F5D104ABCDE9007312AA06F175
:10D6200094030AA95B4800F073FCD6F8FC209AB179
:10D630009DF810309DF8110057491B0603EB00437D
:10D640009DF8130003449DF8120003EB0023B3FB85
:10D65000F1F001FB10309047D6F80031002B86D056
:10D6600098470446002882D140F60543ADF80C30B7
:10D67000336803AA0092D3F8947006220223294645
:10D680003046B847414B1868036822469B6E2946CE
:10D6900082E7022B3FF46BAF052B05D13B4B18689B
:10D6A000036800229B6E77E7082B0BD1374B1B6872
:10D6B00004F11002973314F8011F03F80119944282
:10D6C000F9D154E7092B21D1631C0DF14D02E11D65
:10D6D00013F8010F02F801098B42F9D12C4B1D6898
:10D6E0002A4B2A681B6803F198010091166F617834
:10D6F000883312AA2846B047D5F8F430002B3FF4FF
:10D7000036AF05F1DA0112A8984730E70C2B45D166
:10D7100012AA631C04F1210C1646186859681746B2
:10D7200003C7083363453A46F7D11AAF4134186846
:10D7300059683A4603C20833A3421746F7D1134B40
:10D740001C682368294620469F6EFDF7B2FE40F014
:10D750000202D2B229462046B8470D4B1D68324618
:10D760002C1D22AE134603CBB342206061601A46E3
:10D7700004F10804F6D12B68D3F8A44000231A461C
:10D7800042F225012846A047F1E600BFBC31070060
:10D7900068330700E46E002040420F000D2B7FF439
:10D7A000E6AE0DF1570304F1100214F8011F03F85F
:10D7B00001199442F9D1144B1C6829462046FDF703
:10D7C00078FE236840F0100206469B6ED2B22946CE
:10D7D0002046984733070ED40C4B1B6812AC843399
:10D7E00016AD224603CAAA4218605960144603F1D6
:10D7F0000803F6D1BBE6D8F8003012AA9B6A294686
:10D8000040469847B3E600BFBC31070068330700C5
:10D810002DE9F04F554B1E68A5B0336807920DAF48
:10D820003A461B6F304688469847514B1D682B6817
:10D8300028465B6A98472B4605F1940953F8D42F84
:10D84000CDF82D209B88ADF8313005F1DA03039334
:10D8500005F1A40B0BAB0DF13C0A4A4605F1B401EE
:10D860000024CDE90073CDF808A05B4641488DF84F
:10D870002C4000F08BFAADF828408DF82A402B6838
:10D8800028469B6E98478DF87C001FA800F04DF944
:10D890008DF828002B682846DB6E98478DF82A0003
:10D8A000336809AA9B6F4146304698471BAB224616
:10D8B0000134102C03F8012BFAD113AB04930BABFA
:10D8C00003930DAB02931BAF09AB01934A465B4632
:10D8D00051460097274800F0CBFA17AB04930DABE5
:10D8E00003930BAB02930AABCDE900735A464B4648
:10D8F0005146204800F0BCFA2246079913A842F08E
:10D90000C7FC1FAB08BB0D228DF87C200DF15C0914
:10D9100019F8012B1A55013CFAD12A680093D2F864
:10D9200094401123062241462846A04741463046EE
:10D93000FDF7BFFD336840F020029B6ED2B2414636
:10D940003046984725B0BDE8F08F0B4A1288ADF8F5
:10D950007C202A680093D2F8944002230622414694
:10D960002846A047336800229B6EE8E7BC310700D9
:10D9700068330700E46E00203835070070B586B0C4
:10D98000012ABDF82C30BDF8346024D185882DB132
:10D99000C4881CB1AB4220D3A3421ED81C4600222F
:10D9A000008908B1864201D1AAB13046ADF81030E5
:10D9B0000B4BADF816000022ADF814201868094A88
:10D9C0000392ADF81240036803AA0092D3F8944082
:10D9D00005220C23A04706B070BD2B46E0E700BF30
:10D9E0006833070012010800032AF7B50ED95D88D5
:10D9F0002C1DA2420AD11F785A78122F03F1040479
:10DA000006D103680094DC6AEBB2A04703B0F0BD16
:10DA1000132FFBD1036800941C6BF5E7F0B585B0BC
:10DA2000072B0E460A9C39D90023ADF80C308DF82F
:10DA30000920132382888DF808300223ADF80A30BC
:10DA400052B1C38843B12188914202D362889A427D
:10DA500002D90123ADF80C3003892BB1E2889A4238
:10DA60001CBF0123ADF80C300D4B1D6802AA2B68BA
:10DA70000092D3F894700522062331462846B84711
:10DA8000BDF80C3053B9E2882B680192A28800924D
:10DA90009F6D2288638831462846B84705B0F0BD9F
:10DAA00068330700034A02600022426002810122BB
:10DAB000827270474835070008B5054B1846FFF7D6
:10DAC000F1FF044A04491846BDE8084038F079BC23
:10DAD000D86E00200060002051D402007047017011
:10DAE0007047037819B143F001030370704703F0E6
:10DAF000FE03FAE7037819B143F00403037070479B
:10DB000003F0FB03FAE7037819B143F0080303704D
:10DB1000704703F0F703FAE7037819B143F02003E5
:10DB20000370704703F0DF03FAE7007870470020C6
:10DB300070B504468025834205DD0E5C1654013025
:10DB40001028F8D170BD0CBFD5541454F7E700006D
:10DB50002DE9FF479946194BDFF864A01E680024A1
:10DB60000F4690468DF80F403368CDF800901D6E3B
:10DB700042460DF10F0339463046A847012814D01C
:10DB80001E2C19D0DAF800502B682846DB6898471D
:10DB9000C82002F059FB2B6828469B68984701343F
:10DBA0006420604302F050FBDEE7B4F11E0018BFB2
:10DBB000012004B0BDE8F0870020FAE768330700D1
:10DBC00078300700F0B589B01C466D4600232E461C
:10DBD0001F460133102B05F8017BFAD113788DF81D
:10DBE0000D3053788DF80E3093788DF80F30324623
:10DBF00004ABFFF7ADFF9DF81D3023709DF81E307C
:10DC000063709DF81F30A370012009B0F0BD10B5FE
:10DC100001F110001032002310F8014D43EA4403D3
:10DC200002F8013D037888424FEAD313F4D110BDC6
:10DC300030B500200C5C155C6C401C540130102881
:10DC4000F8D130BDF0B58DB004461E4604A80023BF
:10DC500015461F4602460133102B00F8017BFAD10E
:10DC60006B462046FFF774FF9DF90030002B0FDB59
:10DC70002A4669462046FFF7CAFF95F90030002B77
:10DC800012DB324629462046FFF7C1FF0DB0F0BD3A
:10DC900008AA69462046FFF7BAFF2B46084A08A99A
:10DCA0002046FFF7C5FFE8E708AA29462046FFF708
:10DCB000AEFF3346024A08A92046FFF7B9FFE5E761
:10DCC000086000202DE9F04798B01D46904614AB3F
:10DCD00010AA06468946209FFFF7B4FF15F10F04EE
:10DCE00048BF05F11E04241105F00F0326D033BBF5
:10DCF000611E08AB10AA08EB01113046FFF798FF30
:10DD00006D4600232A4619460133102B02F8011BE9
:10DD1000FAD14FF0000A013C544504AB20DD08EB7A
:10DD20000A1269463046FFF783FF6B4604AA49464C
:10DD30003046FFF70DFF0AF1010AEDE701246D42BD
:10DD400005F00F0504F1FF3158BF6B420CAA08EB38
:10DD500001113046FFF7EBFE08AB14AA0CA9CCE783
:10DD600008AA29463046FFF763FF2B4604AA494616
:10DD70003046FFF7EDFE7B1E0F3715F8012B03F839
:10DD8000012FBB42F9D118B0BDE8F0872DE9F0476B
:10DD90009AB0354CDDE9229804AD07468E4604F171
:10DDA000100AAC46206861682E4603C60834544504
:10DDB0003546F7D12D490120D1F82310ADF80C00DC
:10DDC00000208DF83000CDF8311002F110000DF177
:10DDD000350152F8044B41F8044B8242F9D10DF160
:10DDE000450203F1100153F8040B42F8040B8B4277
:10DDF000F9D1D9F80030CDF85530B9F80430ADF884
:10DE0000593099F806308DF85B3098F80630D8F81C
:10DE10000000B8F804208DF8623008ACBDF80C3072
:10DE200017906146ADF86020ADF863307246384611
:10DE300000942023FFF746FF249B00930CAA214661
:10DE400038463523FFF73EFF259B009301253846D2
:10DE500035230CAA21468DF83050FFF733FF2846B2
:10DE60001AB0BDE8F08700BF8F3507007C3507008A
:10DE70002DE9F04794B0DDE91D7603AC1F9D844683
:10DE80008E4602F1100AA04610685168A146A9E822
:10DE90000300083252454C46F6D107AC03F1100995
:10DEA00018685968224603C208334B451446F7D117
:10DEB0001C9B0BAA03F1100918685968144603C487
:10DEC00008334B452246F7D1BB788DF83E30336896
:10DED000CDF83F30B388ADF84330B3798DF8453095
:10DEE0002B68CDF84630AB88ADF84A30AB793A882C
:10DEF0008DF84C30209BADF83C20009360464123C8
:10DF000042467146FFF7DEFE012014B0BDE8F087FF
:10DF1000F0B59BB006AC1F4606460B4601F1200E3D
:10DF2000A44618685968254603C5083373452C462E
:10DF3000F7D1134603F120050EAA18685968144654
:10DF400003C40833AB422246F7D1209B16AA03F143
:10DF5000100518685968144603C40833AB422246BA
:10DF6000F7D102AB00936246304650233946FFF7A3
:10DF7000A9FE219B059A1A6001201BB0F0BD00226A
:10DF80000270704700787047007800F00100704719
:10DF90000078C0F3400070470078C0F380007047FD
:10DFA0000078C0F3C0007047037819B143F0020352
:10DFB0000370704703F0FD03FAE700207047036821
:10DFC000C9B21B68184749000023C161C0F82C3250
:10DFD0007047036801211B6B184710B403689C6BE2
:10DFE0000123A4465DF8044B6047D0F82C32B3F50A
:10DFF000807F1FBF5A1CC0F82C22C01880F82C113B
:10E0000014BF012000207047D0F8280170477047E6
:10E01000C0F830127047C0F8341270470346D0F889
:10E020002801A8B1D3F8282182B1D3F824211A44B9
:10E0300092F82000D3F824210132D2B2C3F824216F
:10E04000D3F82821013AC3F8282170474FF0FF3058
:10E050007047D0F828312BB1D0F82431184490F80B
:10E06000200070474FF0FF307047000010B5044BA0
:10E070000360044600F50E7038F036FF204610BDF0
:10E080002436070038B50446A82038F0A9FB94F9D7
:10E09000192094F91810054634F0A2FD656138BDC9
:10E0A00070B5054688B048200E4638F099FB95F9C2
:10E0B000192095F91810044634F0CCFD20462C6147
:10E0C000710034F0E3FD0C4B07930C4B02930023DB
:10E0D0000393019501AB93E8070004AC84E80700C3
:10E0E000214605F50E7038F06DFE079B13B19B6855
:10E0F0002046984708B070BD04360700D3E20200FE
:10E1000038B5D0F82C3214461A44B2F5807F88BF57
:10E11000C3F58074054600F596702246184442F017
:10E12000C5F8D5F82C322344C5F82C32204638BD2A
:10E1300038B5044640690D4608B134F075FC2069D5
:10E1400020B12946BDE8384034F09EBD38BD38B511
:10E150000446406910B10368DB68984723696BB1D6
:10E1600004F50E75284638F09DFE284638F0E4FE8A
:10E1700020694821BDE8384038F05EBB38BD1FB586
:10E180000246D0F82C32D469406981F00101009137
:10E190003BB9012303AA214634F077FCC0B204B096
:10E1A00010BD02F59672214634F050FC002814BFD1
:10E1B00002200020F3E710B4D0E9013401686210B6
:10E1C000E40701EB020048BF8A585DF8044B48BFE2
:10E1D000D358184710B5044600F00DF984423BBFF0
:10E1E0002401024B4FF0FF30185710BD186000207B
:10E1F00073B54FF47A730025C0E90153194B0360DE
:10E200000446C0E904550176427629464FF48072EF
:10E21000203042F073F8144BC4F82051C4F838325F
:10E220002946C4F82451C4E98B55C4F82851C4F8D0
:10E230003452C4F8485204F51E7038F019FD04F544
:10E24000237038F0B3FC04F50E76084B009330468B
:10E250002B464FF40062182138F0A8FD204602B08A
:10E2600070BD00BF24360700E079070010360700B4
:10E27000D0F80831B3F5807F0DD0D0F80031C1540B
:10E28000D0F800310133DBB2C0F80031D0F80831EA
:10E290000133C0F808317047F0B5C3B083F0010313
:10E2A0000093064615461346490002AA406934F019
:10E2B000ECFB50B902AC67192036BC4206D014F80A
:10E2C000011B3046FFF7D4FFF7E70025284643B08F
:10E2D000F0BD2DE9F0410446BCB000F12007002557
:10E2E000206934F0DAFC0328FAD8DFE800F03B02BA
:10E2F0001414D4F8343203B19847D4F82C2232B134
:10E3000004F59671206934F0CCFCC4F82C522069D5
:10E3100034F0CFFCE4E7C4F82051F022C4F82451D3
:10E320006946C4F82851206934F0B9FC00268046BB
:10E3300046450BDAD4F82831B3F5807F06D01DF8B6
:10E3400006103846FFF794FF0136F1E7D4F828317C
:10E35000002BC5DDD4F83032002BC1D0D4F8280111
:10E360009847BDE701F080FFBAE70000F8B5042048
:10E37000FFF730FF05460520FFF72CFF104C114E2C
:10E380002946114D02462046FFF732FF3246294604
:10E39000204638F016F81020FFF71CFF07460F2024
:10E3A000FFF718FF094C024639462046FFF720FFC9
:10E3B000324629462046BDE8F84038F002B800BF92
:10E3C000E86E0020006000206DE00200DC7100209B
:10E3D00030B5A1F11004002500F00F02D3B2092AD4
:10E3E000CCBF373330338B73CD7302398C424FEA55
:10E3F0001010F1D130BD21207047000030B501214F
:10E4000085B00B2001F07AFF01210B2001F0B6FF4F
:10E410004FF080430024C3F85C4503F588334FF484
:10E420008032C3F84823C3F80823A3F570436D4630
:10E43000C3F80045C3F80045084B0FCB85E80F0033
:10E4400021464FF0FF3255F8043B0134042CC3F849
:10E450000015C3F86025F6D105B030BD743607004D
:10E4600038B54FF0805504462146D5F8A800FFF78F
:10E47000AFFFD5F8A40004F11001FFF7A9FF202099
:10E4800038BD000072B64FF080434E22C3F81C2501
:10E49000BFF34F8F0549064BCA6802F4E06213438D
:10E4A000CB60BFF34F8F00BFFDE700BF00ED00E082
:10E4B0000400FA05C3680BB19B681847704770B534
:10E4C00090F8343105461446F3B90368DB69984780
:10E4D00004F47063B3F5407F04F0F0030CBF072130
:10E4E000082104F00F02302B0CBF02230123012A64
:10E4F00008D0901E42424241A869BDE870400068C1
:10E5000034F0B4BC0222F7E770BD10B590F8343196
:10E5100004462BB9A369186834F0D0FC0028F9D060
:10E5200010BD38B590F834510446A5B983695BB184
:10E53000186848B10368DB689847A3691D60042127
:10E54000A06938F079F9A5610023C4F82431C4F832
:10E550002831C4F82C3138BD70B590F8343188B00A
:10E5600004460D46002B3DD1866926B9042038F0BB
:10E5700037F9A0610660A3691868002834D14FF408
:10E58000807038F02DF92B4694F9212094F9201051
:10E59000064635F011F8A3691E6094F92220531C39
:10E5A00006D0A06994F923300068032135F014F8EF
:10E5B000A3691D68B5B10E4B079300260D4B01945E
:10E5C0000293039601AB93E8070004AC84E80700CC
:10E5D00032462146284634F082FC079B13B19B68E3
:10E5E0002046984708B070BD294634F02BFCD4E78C
:10E5F0008436070055E7020010B4D0E90134016801
:10E600006210E40701EB020048BF8A585DF8044B32
:10E6100048BFD3581847000008B590F834313BB1D3
:10E62000012001F011FE0648BDE8084001F02CBAB7
:10E6300082691AB11368003318BF0123184608BD58
:10E64000D47C002070B504460D4601F01DFA30B1AF
:10E650002368294620461B6CBDE87040184770BDF2
:10E66000A0F5A070EEE7000013B590F834318DF8F6
:10E67000071004462BB1C9B20B48FFF7E3FF02B005
:10E6800010BDA369186834F019FC0028F9D0A369FB
:10E690001868036801221B690DF1070198470130D2
:10E6A00018BF0120EBE700BFD47C00202DE9F0412A
:10E6B00007468846164601F0E7F970B10024A642E5
:10E6C0000CD9351B402D28BF402508EB04012A46F4
:10E6D000384600F0C5FE2C44F1E704462046BDE86C
:10E6E000F081A0F5A070E1E770B590F834310546EF
:10E6F0000E4614462BB10F48FFF7D8FF04462046BC
:10E7000070BDAB69186834F0D9FB0028F9D0AB694B
:10E710001868D0F8FC3001211B6BFC309847AB69BE
:10E720001868036822461B6931469847013008BFC4
:10E730000024E4E7D47C002008B54FF48072002167
:10E7400041F0DCFD0022C0F80021C0F80421C0F82F
:10E75000082108BD37B590F834310446EBB900F113
:10E760002405A369186834F098FBB0B137F0EAFAD1
:10E77000A3691868036801225B690DF107019847D6
:10E78000D4F82C31B3F5807F04D09DF807102846CB
:10E79000FFF76EFD37F0ECFAE3E703B030BDF0B5FC
:10E7A0000546C3B001F0E4F8D5F85832C3F58073DC
:10E7B00098420446C8BFD5F8584202AEC8BFC4F557
:10E7C000807401AB22463146284600F033FF05F540
:10E7D000A877D5F85832B3F5807F0AD0019B43B1B2
:10E7E000E31A3846F15CFFF743FD019B013B0193BF
:10E7F000EFE743B0F0BD38B5044600F0DFFA20463D
:10E80000FFF7CDFFD4F85852204600F0DFFA284633
:10E8100038BDA0F5A070EEE710B590F8343104468D
:10E820002BB10648FFF7E7FF0446204610BD37F03E
:10E8300089FAD4F82C4137F09BFAF6E7D47C002013
:10E8400038B5044600F0BAFA2046FFF7A8FFD4F81E
:10E8500058324BB1D4F85432234493F850512046E7
:10E8600000F0B4FA284638BD4FF0FF35F7E7A0F5C1
:10E87000A070E5E710B590F8343104462BB10B4891
:10E88000FFF7DEFF0446204610BD37F05BFAD4F8F0
:10E890002C313BB1D4F82801044494F8244037F0DB
:10E8A00067FAF0E74FF0FF34F9E700BFD47C0020AF
:10E8B00038B5044600F082FA2046FFF770FFD4F81E
:10E8C0005832A3B1D4F85432234493F85051D4F8B9
:10E8D00054320133DBB2C4F85432D4F85832013B1D
:10E8E000C4F85832204600F071FA284638BD4FF07F
:10E8F000FF35F7E7A0F5A070DAE7000010B590F853
:10E90000343104462BB11148FFF7D2FF04462046AC
:10E9100010BD37F017FAD4F82C319BB1D4F8283158
:10E92000234493F82400D4F828310133DBB2C4F82F
:10E930002831D4F82C31013BC4F82C31044637F08F
:10E9400017FAE4E74FF0FF34F9E700BFD47C00206A
:10E950002DE9F843174C184F276000254FF47A78BB
:10E96000C4E90158202604F12400C4E90565E561E5
:10E97000FFF7E2FE0123062084F83431FFF72AFC7A
:10E9800081460720FFF726FC0C4C4FF6FF7384F8F6
:10E990002100C4E90158638404F124002760C4E91C
:10E9A0000565E56184F82090FFF7C6FE84F83451D0
:10E9B000BDE8F8830876002098360700D074002060
:10E9C00038B50546064B45F8283B044634F0F4FBC1
:10E9D0002846FFF76FFD204634F048FD204638BD3D
:10E9E000646A0700002070477047704710B5D0F880
:10E9F0008C452CB1236820465B689847A468F8E7EB
:10EA000010BD38B5D0F88C450D4634B1236820468A
:10EA10009B6829469847A468F7E738BD00487047C7
:10EA20006837070010B5054B0360044636F0E9F877
:10EA3000204636F0FFF8204610BD00BFE83607003C
:10EA400010B50446FFF7EEFF20464FF4B26137F0F1
:10EA5000F3FE204610BDF7B5D0F88C4505460E46AE
:10EA60000023A4B123683146DF680DF1030201AB36
:10EA70002046B8479DF803100429034605D0019AA3
:10EA8000284635F01BFB03B0F0BDA468E9E7019A06
:10EA90009DF80310F4E770B505460E4622B100213B
:10EAA000BDE8704035F006B9D0F88C455CB12368FC
:10EAB00000221B6931462046984710B101212846A3
:10EAC000EEE7A468F2E72146F9E770B5D0F88C4587
:10EAD0000E46054600213CB12368314620465B695D
:10EAE0009847A4680146F6E72846BDE8704035F02F
:10EAF000E1B9F8B5D0F88C4505460E4617463CB14D
:10EB0000236820469B693A4631469847A468F6E751
:10EB100028460121BDE8F84035F02ABA70B5002139
:10EB200086B0044635F0C6FC0023ADF806304FF43D
:10EB300089712389ADF80410ADF81030022140F23C
:10EB400001238DF80710ADF8123040F2EF2140F2AA
:10EB500003136268ADF80810ADF81430012104F118
:10EB60000A038DF80A108DF80B00039201AD05AE73
:10EB70001C462A4603CAB24218605960154603F182
:10EB80000803F6D112881A80204606B070BD2DE920
:10EB9000F041002406460D464F1CA046304642F088
:10EBA00082FAA04206D9335D05F8143007F81480C4
:10EBB0000134F3E7400000F0FE00BDE8F08138B515
:10EBC000D0F88C55044635B12B6828461B6A984707
:10EBD00010B9AD68F7E7284640F20233A4F848358B
:10EBE00004F24A51FFF7D3FF94F84835184484F8EB
:10EBF000480504F5A96038BD40F2023310B500F2B3
:10EC00000A510446A0F808350548FFF7C0FF94F8FC
:10EC10000835184484F8080504F5A16010BD00BF4C
:10EC2000C436070040F2023310B50446A0F8C834D9
:10EC300000F2CA40FFF714FC94F8C834184484F872
:10EC4000C80404F5996010BD2DE9FF4100238DF83B
:10EC50000A3090F888351A4A8DF80830012301925D
:10EC60008DF809303222C0238DF80B308DF80C203E
:10EC700001AB044600F54E7803CBC4F83803C8F85E
:10EC8000041088F80820D4F88C5509268DB12B681B
:10EC900000211B6828469847478806F54E73093FB0
:10ECA00000F109013A46E01841F000FB3E44AD682E
:10ECB000ECE74046A4F83A6304B0BDE8F08100BF39
:10ECC0000902FFFF73B504460D4616463AF00CFFE5
:10ECD0004FF480730093014633462A46204635F0B0
:10ECE000B1FB024B2360204602B070BDE83607003E
:10ECF00010B5D0F88C35044693B9C0F88C1594F84B
:10ED000088354A790B71134484F888350B680846B6
:10ED10005B6A9847238918442081012010BD13465F
:10ED20009A68002AFBD19960E9E71FB5044635F0DF
:10ED300083FB0146684634F00BFD4021684634F001
:10ED400076FDD4F88C4534B123682046DB696946EA
:10ED50009847A468F7E7684634F001FD04B010BD99
:10ED600010B50446FFF7E1FF2046BDE8104035F03E
:10ED7000D3BA000010B50D4C2378BFF35B8FDB07CF
:10ED800012D4204637F030FB70B148F2450242F60B
:10ED900086010748FFF796FF204637F047FB054AF4
:10EDA0000549034837F00DFB014810BD40770020AE
:10EDB000447700200060002025EA020010B5FFF72C
:10EDC000D9FF0368BDE810405B6F184710B5FFF727
:10EDD000D1FF0368BDE810409B6F184710B5FFF7DF
:10EDE000C9FF0368BDE81040DB6F184734F05CBE14
:10EDF00034F01EBE34F048BE704770477047436A17
:10EE000093F878007047D0F82401704701207047CC
:10EE100000487047C43807002DE9F041044694B01B
:10EE20000D464B22002101A841F068FAD4F82431A4
:10EE3000002B14BF4FF005084FF00008002D40F0E4
:10EE4000898009254FF481708DF8155004252179AA
:10EE5000ADF808008DF81650802001258DF80B00C4
:10EE60008DF8195040F632008DF81C508DF81D8039
:10EE700042F2054540F2015894F80EE0ADF80C005E
:10EE800040F202264B1C40F209220B20ADF81E5026
:10EE9000ADF82280ADF82C50DFF8BC80ADF804202E
:10EEA0000625DBB24B228DF80E008DF80F100220E4
:10EEB000ADF810608DF81710ADF81A60CDF8248009
:10EEC00010268DF82E508DF82F10072505218DF86E
:10EED00033E0DFF8888094F80CC0677B8DF806205B
:10EEE00044F2030E8DF812008DF821608DF8303059
:10EEF0008DF83210CDF828808DF83150ADF834E01F
:10EF00008DF83A3040F60223ADF83C3044F202036B
:10EF1000ADF844301D3440F207538DF837608DF85A
:10EF20004210ADF848308DF84B00402340F20946BE
:10EF300001A92046ADF838608DF841508DF843C0E6
:10EF40008DF84A708DF84C3041F0B0F9204614B07D
:10EF5000BDE8F0810020FAE7240103010424020641
:10EF600038B505460A4B45F8D03B0446FFF702FF8B
:10EF700035F047FE284634F0F5FC04F17C0034F00F
:10EF8000F1FC04F1700034F0EDFC204638BD00BF08
:10EF90008438070010B50446FFF7E2FF20464FF41F
:10EFA000947137F049FC204610BDFFF717BF0000F1
:10EFB00010B5034B0360044634F052FB204610BDED
:10EFC000B037070010B50446FFF7F2FF20462821AE
:10EFD00037F032FC204610BD10B5034B03600446E9
:10EFE00034F03EFB204610BD8037070010B50446C4
:10EFF000FFF7F2FF2046342137F01EFC204610BDFB
:10F0000010B5034B0360044634F02AFB204610BDC4
:10F010009837070010B50446FFF7F2FF2046382165
:10F0200037F00AFC204610BD38B51B4B0D46196859
:10F03000C0F80F1099889B7943750446A0F8131007
:10F0400040220221284634F0E8FB402220730221AE
:10F05000284634F0E7FB402260730321284634F051
:10F06000DCFBA073284634F07BFB20B9AF220B49B0
:10F070000B4836F0BDFD002304F18502C4E93223BC
:10F0800004F1D90284F8783084F8843084F8D830D8
:10F09000C4E9472338BD00BFCC3707000838070054
:10F0A0006A3807002DE9F34104460E461546FFF77E
:10F0B00095FEF28823799A4237D1002D35D17778A1
:10F0C000012F2ED1F378202B27D13289072A24D182
:10F0D00004F10F0804F116052946404641F0D8F81E
:10F0E000D0B1D4F81630C4F80F30638BA4F81330C5
:10F0F000237F6375E17B237CA07CE27C009201EBA3
:10F100000321637C627D01EB0341236801EB006115
:10F110005D6B237D2046A8473D46F378212B08BF31
:10F120000125284602B0BDE8F0810025F9E710B5B9
:10F130000446FFF753FEFFF71DFE217B35F0FEFB73
:10F1400004F18503C4F8C8300023C4F8CC3084F837
:10F15000843004F17C0034F0BAFB94F884302BB98D
:10F1600023682046DB6BBDE81040184710BD000047
:10F1700070B50446FFF732FED4F820512DB140F2AD
:10F18000DD120F490F4836F033FD04F1D903C4F8FE
:10F190001C31FFF7EFFD617B35F02EFB84F8D85072
:10F1A000C4F8200104F1D00034F091FB94F8D83079
:10F1B0002BB9236820469B6BBDE87040184770BD93
:10F1C00008380700D837070010B4D0E901340168C7
:10F1D0006210E40701EB020048BF8A585DF8044B57
:10F1E00048BFD35818470000F0B505468DB008ACAD
:10F1F000FFF7F4FD0026FFF7BDFDA97B0094032374
:10F2000040220B9635F0A2F82046FFF753F9FFF79E
:10F21000B1FD1D4B0595CDE9063605AB844693E857
:10F2200007001A4F0B97022384E80700297B0094FC
:10F230004022604635F08AF82046FFF73BF9FFF799
:10F2400099FD134B0295CDE9033602AB844693E852
:10F2500007000B97022384E80700697B009460464F
:10F26000402235F073F82046FFF724F9FFF782FDBE
:10F270004023D5F81C21697B35F060FA012085F820
:10F28000D8000DB0F0BD00BF2FF10200C03707005D
:10F2900071F1020038B502234371002383600C4BE7
:10F2A000044640F8703B154634F004FB04F17C0042
:10F2B00034F000FB04F1D00034F0FCFAC4F824511F
:10F2C000FFF758FD2146FFF713FD204638BD00BF6C
:10F2D0008438070070B504460D46FFF77FFD84F8BB
:10F2E0007850002D3ED194F8843033B1FFF742FDC1
:10F2F000217B35F0FBF884F8845004F1850304F198
:10F300007C0600253046C4F8C830C4F8CC5034F030
:10F31000DEFA304634F0D4FA28B9154915484FF4CE
:10F32000A27236F065FC94F8D83033B1FFF722FDB5
:10F33000217B35F0DBF884F8D85004F1D903C4F808
:10F340001C3104F1D00500232846C4F8203134F0E4
:10F35000BEFA284634F0B4FA20B94FF4A772044933
:10F360000548DEE704F17000BDE8704034F0AFBA44
:10F3700008380700E6370700F737070010B50446DE
:10F38000FFF72CFD20460021BDE81040FFF7A2BF8B
:10F3900038B50D460446FFF721FD042D05D0204663
:10F3A0000021BDE83840FFF795BF38BDF8B51646D7
:10F3B00004460D461F46FFF711FD04233370EA880B
:10F3C00023799A4225D16978012922D1EA78212A24
:10F3D00008D0222A0BD0202A4FF000001BD1307019
:10F3E000163401E031700F343C600720F8BDAB8863
:10F3F00013F0010308BF19462046FFF76BFFAB88E7
:10F4000003F00103E366AB8803F00203A366022363
:10F4100033700020EAE703233370E7E710B58AB0C2
:10F420000446FFF7CBFC684634F00EF90A4B009314
:10F43000694604F17000099434F061FA2046FFF740
:10F44000C5FC064B00211A68684634F047F9684647
:10F45000FFF7AEFD0AB010BDB0370700D437070084
:10F4600070B58EB0154604460E46FFF7A7FC01A8FE
:10F4700034F0EAF80E4B0C9501A9002504F17C004C
:10F480000193CDE90A468DF8345034F038FA20461D
:10F49000FFF79CFC074B29461A6801A834F01EF9B7
:10F4A00001A89DF83440FFF797FD20460EB070BDCF
:10F4B00080370700D437070010B50446FFF78EFCED
:10F4C00094F884307BB9D4F8CC3063B1FFF752FCA8
:10F4D000D4F8CC30217B04F1850235F0CDF910B1A0
:10F4E000012384F8843010BD2DE9F8431E460446FC
:10F4F000894690469DF82070FFF760FC002333603A
:10F5000094F87830E3B194F88430CBB9D4F8CC5087
:10F51000C5F14005454528BF4546B8F1000F05D067
:10F520002A464946D4F8C80040F0C0FED4F8CC3092
:10F530002B44C4F8CC30356017B12046FFF7BCFF30
:10F540002046BDE8F843FFF741BCF0B50446406AE9
:10F5500090F8785085B001262DB984F830503546A2
:10F56000284605B0F0BDD4E90A1203AB0027009687
:10F570000397FFF7B9FF0399E36AA26A5B1A0A448B
:10F58000E362A26213B984F83060E9E7606AFFF7CA
:10F5900093FF3D46E4E700002DE9F0431C4691B09F
:10F5A000904606468946FFF709FC002C08BF01ACCF
:10F5B0004FF00005256002A80CBF0127002734F09A
:10F5C00043F8104B029302A906F1D000CDE90D8457
:10F5D000CDE90B698DF83C708DF83D5034F08FF912
:10F5E0003046FFF7F3FB084B29461A6802A834F0AF
:10F5F00075F802A89DF83D40FFF702FD204611B0C6
:10F60000BDE8F08398370700D437070010B5D0F86D
:10F61000203104466BB990F8D83053B9FFF7AAFBF4
:10F62000402304F1D902617B35F088F8012384F886
:10F63000D83010BD70B51E4604460023336094F8E0
:10F6400078300846EBB194F8D830D3B9D4F82051CB
:10F65000D4F81C11954228BF15462A4640F026FED4
:10F660003560D4F81C31D4F820212B44551BC4F844
:10F670001C31C4F8205125B92046BDE87040FFF781
:10F68000C5BF70BD37B50446406A90F878502DB9B3
:10F6900084F835500125284603B030BD0023D4E955
:10F6A0000A12019301ABFFF7C5FF0199A26A0A4450
:10F6B000A262226B13680B441360E36A019A9B1ADF
:10F6C00094F83420E36212B9226B126802B91BB9B4
:10F6D000012384F83530DEE7606AFFF797FF0025E5
:10F6E000D9E76FF01500704700290CBF6FF01800C4
:10F6F00000207047012070476FF0150070476FF0D1
:10F7000015007047112070477047704770470368B5
:10F710009B6C1847A0F5A070F9E7704770477047D9
:10F72000704710B50446012000F08EFD94F8780073
:10F7300010BDA0F5A070F4E738B54FF0FF320123FB
:10F74000FF210B480B4D37F00AFA00F06BFD044621
:10F7500095F878301BB1012000F076FDF8E700F055
:10F7600061FD001BC728F6D9BDE83840FEF78ABE08
:10F770008C7F0020D47C002007B50122019101A9D3
:10F78000FFF76EFE18B1019803B05DF804FB4FF06F
:10F79000FF30F9E7A0F59470FFF7EEBF07B500233F
:10F7A00001220DF107018DF80730FFF7F5FE20B1BA
:10F7B0009DF8070003B05DF804FB4FF0FF30F9E758
:10F7C000A0F59470FFF7EABF2DE9F8430446884698
:10F7D00017461E46089DFFF701FBD4F87092B9F159
:10F7E000000F04D02B46324639464046C847C4E98C
:10F7F0009887C4E99A65BDE8F88370B50646FFF7B7
:10F80000EDFA06F51D740025D6F8B432AB4208D9DE
:10F810002046103454F8043C1BB11B68984701354E
:10F82000F2E770BDB0F5966F03D10121014837F0C2
:10F830006DB970478C7F002010B4D0E901340168A5
:10F840006210E40701EB020048BF8A585DF8044BE0
:10F8500048BFD35818470000114B03F1780270B528
:10F860000360C0F8282103F1D802E8330446C0F849
:10F870002C21C0F8403100F52D7500F51D76B542FC
:10F8800004D0103D2846FEF715FEF8E704F5947005
:10F8900035F07EFE2046FFF763FB204670BD00BFBB
:10F8A000F8380700A0F59470FFF7D6BFA0F5967062
:10F8B000FFF7D2BF10B50446FFF7CEFF20464FF446
:10F8C0002E7136F0B9FF204610BDA0F59670FFF7F7
:10F8D000F1BFA0F59470FFF7EDBF0000F7B5044647
:10F8E00015461F460E463AF0FFF8BDF82430019346
:10F8F000BDF8203000932A463B4601462046FFF7DC
:10F90000C9FC002104F5947035F018FE00254FF471
:10F910007A73C4E95153154B236003F17802C4F89C
:10F92000282103F1D802E833C4F82C21C4F840316F
:10F930004FF48072294604F5A87040F0DFFCC4F84B
:10F940005052C4F88052C4F85452C4F89052C4F8CB
:10F950005852C4F8A052C4E9AC55C4F8705216B15C
:10F960002046FFF75BFD204603B0F0BDF8380700E6
:10F9700038B50546FFF722FA95F8D8304BB9D5F8D7
:10F980002041402C28BF40242846FFF71FFA20467C
:10F9900038BD0024F8E70000F0B504468BB0FFF74F
:10F9A0000DFA304BC4F870322046FFF70FFA2E4B99
:10F9B00009932E4B049300230593039403AB93E820
:10F9C000070006AD85E80700FFF7F8F9D4F8B46240
:10F9D000032E13D804EB0617731C07F51D77C4F824
:10F9E000B4323846FEF766FD04EB0616099BC6F8EE
:10F9F00080321BB15B682946384698472046FFF79E
:10FA0000E5F92846FEF756FDBC2036F0E9FE002752
:10FA1000174B0360064639460761403037F028F936
:10FA200006F1540037F0C2F8124B00934FF4807285
:10FA30003B463046182137F0B9F90F4B09930F4B6D
:10FA4000C4F85C6229463046CDE90637089737F09E
:10FA5000B9F92846FEF72EFD2046FEF7A0FE0BB0B2
:10FA6000F0BD00BF25F80200DC3807009FE7020068
:10FA7000E0790700E83807009834070039F70200FA
:10FA8000A0F5A070FFF788BF90F8780070470000DD
:10FA900037B50F4C0F4D204637F02EF82A460E4949
:10FAA000204636F08EFC0D4C42F212030122CDE9C5
:10FAB0000032002211464FF4F8532046FFF70EFFA4
:10FAC00007492A46204603B0BDE8304036F079BCED
:10FAD0008C7F002000600020136B0600D47C002087
:10FAE00059F8020008B53FF09DFF2DE9F04F027D67
:10FAF000012A85B005460E4640F0908000214FF067
:10FB0000FF3B04460B465F4694F804C048B2BCF184
:10FB1000000F75D194F805C0BCF1000F70D1B7F19A
:10FB2000FF3F1BBF01335BB201233846934201DD27
:10FB30001A4683460131082904F102045ED10024EB
:10FB400002EB0B03A1460293CB4502DC029B4B4523
:10FB500059DC95F8058095F804A04FEA28170AF0BB
:10FB60000F03FAB25FEA2A1A019208F00F0870D068
:10FB70005FFA8AF1BAF1090FD4BF303157313046FC
:10FB8000039300F0C2F8039B0444092B94BF03F1D4
:10FB9000300103F157013046039300F0B6F8039BA0
:10FBA0000444BAF1000F01D103B94FB1092F019FED
:10FBB000D4BF30375737F9B2304600F0A6F80444C6
:10FBC000B8F1090F94BF08F1300108F15701304630
:10FBD00000F09BF8B9F1070F044404D03A213046F5
:10FBE00000F093F8044409F10109B9F1080F05F197
:10FBF0000205A9D1204605B0BDE8F08F074683E78E
:10FC00004FF0FF3096E7CB45EDD1BBF1000FE5D1CA
:10FC10003A21304600F079F80444DFE700F110079C
:10FC200000F11309002417F8011B0A22304600F0E6
:10FC3000E2F82E218046304600F067F8B94540448E
:10FC40000444F0D10A22E97C304600F0D4F80444A0
:10FC5000D0E7002B99D1A8E710B5054B0360044607
:10FC6000017510220021043040F048FB204610BDF1
:10FC7000143A070070B5074D0560837400259DF8A0
:10FC80001030057545608560C56001744274C374A9
:10FC900070BD00BF143A070007B501210648FFF701
:10FCA000DBFF002300931A4619460448FFF7E2FFE2
:10FCB00003B05DF804FB00BFA07F0020B87F0020E8
:10FCC000F8B505460E4617460024BC4207D02B68FF
:10FCD000315D1B682846984708B10134F5E7204696
:10FCE000F8BD70B505460C46084649B141F0DBF950
:10FCF0002B680246214628465B68BDE870401847DD
:10FD000070BD08B5FFF7EDFF08BD03681B68184715
:10FD100008B50249FFF7E5FF08BD00BFF37607000D
:10FD200038B50546FFF7DDFF04462846FFF7F0FF2C
:10FD3000204438BD70B58AB000238DF82430012AE4
:10FD400098BF0A2209ACB1FBF2F502FB1516F3B21B
:10FD5000092E94BF30333733DBB28A4204F8013DB9
:10FD600004D92146FFF7BDFF0AB070BD2946EAE776
:10FD70002DE9F04107460E4615462AB90368C9B277
:10FD80001B68BDE8F04118470A2A05D1002905DBA8
:10FD9000BDE8F041FFF7CEBFD2B2F9E72D21FFF762
:10FDA000B4FF2A46044671423846FFF7C3FF204499
:10FDB000BDE8F08138B50546FFF7DAFF044628466E
:10FDC000FFF7A6FF204438BD38B50546FFF7D0FF42
:10FDD00004462846FFF79CFF204438BD10B42AB9DA
:10FDE00003685DF8044B1B68C9B21847D2B25DF8CE
:10FDF000044BFFF79FBFFFF7F1BF38B50546FFF78C
:10FE0000EDFF04462846FFF783FF204438BD00007D
:10FE10002DE9F84F0A9E0746002E10461946B8BF36
:10FE2000022614461D463FF0A5FB38B14B49384623
:10FE3000FFF757FF82465046BDE8F88F25F000498E
:10FE40004FF0FF32464B204649463FF093FB48B9FE
:10FE50004FF0FF32424B204649463FF06DFB08B958
:10FE60004049E4E74FF060423F4B204629463FF0CF
:10FE700077FB08B13D49DAE74FF060423C4B204642
:10FE800029463FF04FFB0028F4D1002200232046F2
:10FE900029463FF047FBD0B12D213846FFF735FF0B
:10FEA00005F1004382461D463249DFF8D0904FF0FD
:10FEB000000B00204FF000085FFA8BF3B3420BF108
:10FEC000010B06DA42464B463FF0E4F9F4E782467E
:10FED000EAE702460B46204629463EF0FBFE0D4669
:10FEE00004463FF05DFB80463FF030F802460B468B
:10FEF000204629463EF0ECFE0A2204460D463846CE
:10FF00004146FFF717FF824426B11B493846FFF7E9
:10FF1000E8FE8244DFF864904FF0000816F1FF36E7
:10FF200089D34B464246204629463FF089F80D4684
:10FF300004463FF035FB0A22014683463846FFF768
:10FF4000F9FE824458463FF001F802460B4620462F
:10FF500029463EF0BDFE04460D46DFE7183A07008D
:10FF6000FFFFEF7F1C3A0700FFFFEF41203A070039
:10FF7000FFFFEFC10000E03F9B2F0700000024407F
:10FF8000FFF746BF37B5069900910546FFF740FFDA
:10FF900004462846FFF7BCFE204403B030BD10B530
:10FFA0000446006808B140F019F9204610BD10B5AC
:10FFB0000446006808B140F011F900232360C4E949
:10FFC000013310BD38B504460D460068013140F0DC
:10FFD000A5FE10B1C4E90005012038BD036810B5C5
:10FFE000044623B143688B4201D3012010BD204653
:10FFF000FFF7E8FF0028F9D0A368002BF5D12268AD
:020000023000CC
:100000001370F3E770B50E46114604461546FFF728
:10001000E5FF20B92046FFF7CAFF204670BD2A46FB
:100020003146A560206840F041F92268A3680021AC
:10003000D154F2E738B500230446C0E900338360A9
:100040000D4639B1084641F02EF8294602462046B1
:10005000FFF7D8FF204638BD884210B50B4604464E
:1000600004D0096821B19A68FFF7CCFF204610BD83
:10007000FFF79DFFFAE710B500230446C0E90033FF
:100080008360FFF7E9FF204610BD38B505460C46F2
:1000900049B1084641F007F8214602462846FFF7D5
:1000A000B1FF284638BDFFF782FFFAE72DE9F0419E
:1000B00005461746884619B900263046BDE8F08146
:1000C0009AB1846814442146FFF788FF0646002849
:1000D000F2D0AB6828683A461844414640F0E6F84A
:1000E0002B68AC6000221A55E7E70126E5E707B563
:1000F00001228DF807100DF10701FFF7D7FF03B0BC
:100100005DF804FB02680B686AB143B9806868B1A6
:1001100010787047886848B118784042704719468F
:10012000104640F0AEBF002BF4D11846704708B51A
:1001300082688B689A4205D1FFF7E4FFB0FA80F03D
:10014000400908BD0020FCE7884270B515D08368DF
:100150008A6893420FD183B104680D68013C14F89A
:10016000010F50B141F07AF8064615F8010B41F045
:1001700075F88642F3D0002070BD0120FCE770B511
:100180008AB069B1931E222B20D801AC25462346A4
:1001900048B9AC4207D00A46AB4212D800231370CC
:1001A00008460AB070BDB0FBF2F302FB1306092E3D
:1001B0001846F3B294BF30335733DBB204F8013B37
:1001C000E5E713F8010D02F8010BE5E70021E7E789
:1001D000FFF7D5BF10B500F039F8FEF70FF9FEF7BD
:1001E000C9FDFEF7BDFD4FF4E1310648064CFFF7AF
:1001F000D3FBF7F7E3FBF7F7B1FB002CFBD0AFF332
:100200000080F8E7D47C00200000000010B5044610
:1002100033F068F8204610BD10B5044633F062F89C
:10022000204610BD07B50749684633F098F84FF4EB
:100230007A720023DDE900013FF022FA03B05DF895
:1002400004FB00BFD07F002036F042BD08B5044853
:1002500033F052F80348BDE8084033F04DB800BF12
:10026000E87F0020D07F002036F044BD38B50A4C2E
:100270000A4D204633F0BAF82046094C09492A466F
:1002800036F09FF8204633F0BCF82A46204606494F
:10029000BDE8384036F095B8E87F002000600020C7
:1002A000D07F0020190203000D02030008B5431C93
:1002B00004D121220E490F4835F09AFC012359B18F
:1002C0001F2886BF00F01F000B4A4FF0A04203FA20
:1002D00000F0C2F8080508BD1F2886BF00F01F0007
:1002E000054A4FF0A04203FA00F0C2F80C05F2E70D
:1002F000243A0700AD3A0700000300502DE9F04111
:100300001D4D0701EB190446D8680E4610B10121B6
:1003100036F092FAFEF76FF884424FF0010034BFD6
:1003200015F907804FF0FF3836F05AFA00230370B2
:1003300041463D44044634F042FD012EEC6011D0AC
:1003400075B235B1022E12D0204632F0D4F9012117
:1003500003E0204632F0CFF929462046BDE8F041BF
:1003600032F0D6B92046BDE8F04132F0B7B92046A8
:1003700032F0C1F90321F0E7186000202DE9F341C4
:1003800007468846FEF737F8874222D2124C3E01D4
:10039000A319DD68ADB9FEF72EF887424FF00100D2
:1003A00034BFA7574FF0FF3736F01AFA3444002312
:1003B000054603700122CDF80080394634F002FD75
:1003C000E56095F90000414602B0BDE8F041FFF755
:1003D0006DBF02B0BDE8F08118600020F7B5074698
:1003E000FEF709F887421FD2104C3E01A319DD68C1
:1003F000A5B9FEF700F887424FF0010034BFA757B8
:100400004FF0FF3736F0ECF9344400230546037013
:100410001A460093394634F0D5FCE56028463AF098
:1004200081F8C0B203B0F0BD0020FBE718600020E7
:100430002DE9F041002507460E4690462C463046F1
:100440000121FFF79BFF64B23846B8F1000F0ED1CF
:10045000FFF7C4FFA8400443002130460135FFF7F1
:100460008DFF082DE4B2EAD12046BDE8F081FFF708
:10047000B5FFC5F107039840EDE700001EF0040F3B
:100480000CBFEFF30880EFF30980816911F8021CBB
:10049000002932D101B590E80F10E047BDE80050C7
:1004A0008CE80300244B93E80600914208BF704794
:1004B0001A6041B91EF0100F10D1204B186820F0BF
:1004C000010018600AE02CE9F00F1EF0100F08BFC1
:1004D0002CED108A81F822E0C1F838C0906B92F8B8
:1004E000221061F0FF0E1EF0100F08BFB0EC108A52
:1004F000B0E8F00F80F309887047114A13689942F9
:10050000FAD801B552F821C00FC8E047BDE8005045
:10051000CCF80000704701B501F030FBBDE80140A8
:10052000EFF3098CBEE701B501F0ECFABDE801403C
:10053000EFF3098CB6E700003C62002034EF00E0E6
:100540008C3B070008B5014630B96FF0030000F09E
:10055000F2F96FF0030008BD132001F0B1FE30B9CD
:100560004FF0FF3000F0E7F94FF0FF30F3E70020E5
:10057000F1E7000008B5EFF305832BB9EFF3108323
:1005800013B9EFF3118333B16FF0050000F0D3F925
:100590006FF0050008BDDFF808C000DFFAE700BF14
:1005A00045050300EFF310832BB9EFF311800038FA
:1005B00018BF0120704701207047000038B538B3DC
:1005C000846805686CB114F0030302D1C2680F2A75
:1005D00013D86FF00801002002F0D0F80024204664
:1005E00038BDC368002BF4D1104BD3F8900088B10C
:1005F00000F0FCFB0446A0B10123A3700023C4E972
:100600000233F322094B2270094A65605A66E6E715
:100610000546E9E7D3F880000122102100F072FBC3
:10062000E8E76FF0040102F0A9F8D8E7286200209B
:100630000D07030070B5054610B10378F32B07D002
:1006400028466FF0030102F099F86FF0030070BDC7
:10065000836863B1284601F0EDFB00226FF00201D0
:1006600001F086FDA8680028F4D101F06BFCAB789E
:10067000002613F001032E700FD0094BD3F89040E1
:10068000294624B1204600F0CBFB3046DFE7D3F803
:10069000800000F06CFB2046D9E71846D7E700BF82
:1006A00028620020930710B502F0010422D400F163
:1006B0000C0384B153E8000F00EA01028A4203D020
:1006C000BFF32F8F002005E020EA010243E8002459
:1006D00004B1EFE710BD53E8000F084203D1BFF3A8
:1006E0002F8F002005E020EA010243E8002404B136
:1006F000F1E7EFE7C06801EA00031CB18B4218BFC5
:100700000020E7E7002B08BF0020E3E7F8B5846886
:10071000054604B9F8BD94F82320616AA768284605
:10072000FFF7C0FF064638B1204601F08CFB0022DF
:100730003146204601F01CFD3C46EAE7F8B50D467F
:1007400017461E46044620B10378F32B01D1002939
:1007500007DA20466FF0030102F010F86FF0030093
:10076000F8BDFFF79FFF0028FAD186B1314643203C
:1007700001F0A6FD40B1074B5E692046314601F00D
:1007800047FB756286F823706FF00100E8E76FF0B1
:100790000200E5E7286200202DE9F041064620B17D
:1007A0000378F32B01D1002909DA6FF003013046F9
:1007B00001F0E4FF6FF003052846BDE8F08100F189
:1007C0000C0353E8002F42EA010543E8005000B152
:1007D000F7E7B4681CB9204601F0B4FBECE794F8E5
:1007E0002320616AD4F808803046FFF75BFF074694
:1007F00078B194F823309B0756BF656A054620EA16
:100800000505204601F01FFB00223946204601F075
:10081000AFFC4446DEE7000008B50246EFF305836F
:1008200033B100206FF0050101F0A8FF002008BDE2
:10083000FFF7B8FE0028F4D1DFF808C0104600DF4B
:10084000F5E700BFBD05030038B502460D46EFF3DE
:1008500005834BB192B96FF00301104601F08EFF92
:100860006FF00304204638BDFFF79CFE0028F1D14D
:10087000DFF830C0104600DF0446F3E71378F32BAF
:10088000E9D1002DE7DB02F10C0353E8001F41EA38
:10089000050443E8004000B1F7E7104601F0B6F95F
:1008A000E0E700BF99070300F8B504460E46174677
:1008B0001D46EFF3058343B18CB920466FF0030169
:1008C00001F05CFF6FF00300F8BDFFF76BFE00283E
:1008D000F2D1DFF82CC020462B4600DFF4E7237866
:1008E000F32BEAD1002DE8D1002EE6DB3A46314663
:1008F0002046FFF7D7FE002808BF6FF00200E3E7AD
:100900003D07030008B50246EFF305833BB11046EF
:100910006FF0050101F032FF6FF0050008BDFFF731
:1009200041FE0028F3D1DFF808C0104600DFF5E7EC
:100930003506030070477047EFF310832BB9EFF3D0
:100940001180003818BF0120704701207047000057
:10095000064BDA6A3AB1D0695B6C1BB11B699842ED
:1009600028BF184670474FF0FF30F5E72862002097
:1009700070B5464C237A012B00F0858033B14FF0DF
:10098000FF3001F0EFFE4FF0FF3070BD404DD5E974
:100990000B61EB68E3652B8AA4F854303046AB68F2
:1009A000236400F097F908B1C4F88060D5E90561C7
:1009B000304600F08FF908B9D4F880606667D5E951
:1009C0000761304600F086F908B9D4F88060A66760
:1009D000D5E90961304600F07DF908B9D4F88060A6
:1009E000E6676E6B3EB1D6E902233168304600F00F
:1009F000DCF9C4F88460AE6B3EB1D6E902233168FD
:100A0000304600F0D2F9C4F88860EE6B3EB1D6E90A
:100A100002233168304600F0C8F9C4F88C602E6CAF
:100A20003EB1D6E902233168304600F0BEF9C4F881
:100A300090606E6C3EB1D6E902233168304600F01A
:100A4000B4F9C4F89460AE6C3EB1D6E902233168C3
:100A5000304600F0AAF9C4F89860EE6C3EB1D6E9D1
:100A600002233168304600F0A0F9C4F89C602D6D77
:100A70003DB1D5E902232968284600F096F9C4F86B
:100A8000A0500123237200207FE700BF28620020CE
:100A90001C3B070070B5254D2B7A012B07D06FF05A
:100AA000060001F05FFE4FF0FF34204670BD01F0FC
:100AB0004BFC10B94FF0FF30F3E71D4A1D4E1E49A5
:100AC0007068FF2382F8223092F82230D26863F0F7
:100AD000FF03DB4314BFB3FA83F32023C3F12003E6
:100AE000C2F30222934298BF531CFE2202FA03F380
:100AF0000F4ADBB2D37701F091FE04460028D9D12A
:100B000001F0E0FE286101F0C9FE0C4801F092F905
:100B100001F010FA3368DB074CBF0223032383F391
:100B20001488BFF36F8F02232B72BEE72862002068
:100B300000ED00E01C3B0700270503004462002095
:100B400010B50F4C237A022B13D101F0AFFE012315
:100B50006372BFF34F8F0B4A5168C90042BF4FF019
:100B600000615160A37204232372BDE81040FFF7B7
:100B7000EFBE6FF0070001F0F5FD002010BD00BFD3
:100B80002862002000ED00E038B51E4C237A042BCB
:100B9000054635D1FFF7DCFEE26A854203462CBFED
:100BA00000F1FF332B4612B1D069C01AD061626CDC
:100BB00012B11069C01A1061E26813441544E36071
:100BC000E3689D4213D102230020237201F0BAF999
:100BD00000236372BFF34F8FA27A22B1A3720A4B34
:100BE0004FF080525A60BDE8384001F057BE0133E3
:100BF000E36001F065F9236D002BE1D09847DFE752
:100C000038BD00BF2862002000ED00E0704738B515
:100C100004460D46FFF78EFE29462046BDE83840C3
:100C200001F062BD08B5FFF7F1FFEFF3058333B1C3
:100C30006FF0050001F096FD6FF0050008BDFFF7AD
:100C40007BFE0028F4D1DFF808C000DFF6E700BF24
:100C50007109030008B5EFF3058333B16FF00500A8
:100C600001F080FD6FF0050008BDFFF765FE00286C
:100C7000F4D1DFF808C000DFF6E700BF950A0300F3
:100C800008B5EFF305832BB16FF0050001F06AFDA5
:100C9000002008BDFFF750FE0028F5D1DFF804C0A2
:100CA00000DFF6E7410B030008B50246EFF30583CA
:100CB0002BB1BDE808406FF0050001F053BDFFF710
:100CC0003BFE0028F5D1DFF808C0104600DF08BD64
:100CD000890B030010B598B140EA010313F0070334
:100CE0000ED117290AD90160083910220C18846026
:100CF0004260435081684A60C3600123184610BDBA
:100D00000023FBE770B580B399B132F003032CD117
:100D10000F3121F0070600F10804234624685D68BE
:100D2000E11A25F00305491B8E4204D921680029E8
:100D3000F3D1084670BD01684568014435444560FB
:100D400051F8040C0839854288BF4D605868324319
:100D500018B95A6003F10801EBE720F003001918F5
:100D60001C504A6019600831E3E70021E1E710B543
:100D700080B1C1B1A1F1080400F108030022A3422F
:100D800009D1596821F003044168091B41603AB94F
:100D90005A60012010BD19681A4621B10B46EEE7D2
:100DA0001B681360F5E70846F4E730B5C0B189B1B8
:100DB000C2B1CBB10024C0E9014202FB01F41D190C
:100DC0000160C360436105611846013904D1A41A6A
:100DD00019510121084630BD851805602846F4E701
:100DE0000146F7E71146F5E71946F3E710B5034664
:100DF000A8B100F1140252E8000F10B9BFF32F8F11
:100E000004E0016842E8001404B1F4E738B10433A7
:100E100053E8002F511C43E8001404B1F8E710BD5B
:100E200030B5F0B1C3688B421BD803698B4218D927
:100E300000F114031A680A60BFF35F8F53E8002FB4
:100E40000C689442F6D143E8001505B1F2E704308E
:100E500050E8003F5A1E40E8002101B1F8E70020A9
:100E600030BD6FF00300FBE7EFF310832BB9EFF316
:100E70001180003818BF0120704701207047D1E968
:100E8000013223B19A608A681AB153607047C26216
:100E9000F9E70363704700002DE9F84F88460746DD
:100EA00038B131B1B0FA80F1B8FA88F30B441F2B96
:100EB00006DC6FF00301002001F076FC002470E0F6
:100EC00008F1030626F003060C3606FB00F9F2B122
:100ED0009468D2F800A0D2E904513CB1A30702D132
:100EE000D368332B05D86FF00801E4E7D368002BF3
:100EF000F9D13DB115F0030301D1894556D96FF001
:100F00000901D8E70029FAD11CB18B460DE09246C1
:100F10001546284BD3F8A000E0B1FFF767FF044661
:100F2000A8B1002D40D14FF0010B224B0022D86F09
:100F30004946FFF7E7FE0546C0B9BBF1000F06D0F2
:100F40001C4BD3F8A000214658B1FFF769FF6FF0A2
:100F50000401B0E7D3F8800001223421FFF7D2FE6C
:100F6000DDE7D3F88000FFF702FFF0E74A460021F3
:100F70003FF0C4F94BF00203FA22A3700023C4E946
:100F80000983C4E90B332270A36032462B46C4F8B0
:100F900004A0394604F10C00FFF707FF054B064A91
:100FA0001A672046BDE8F88F0123E5E7002CE3D15E
:100FB000AFE700BF286200204910030010B500F120
:100FC000280353E8002F12B9BFF32F8F04E0511EFE
:100FD00043E8001404B1F4E70AB9002010BDC06A68
:100FE00001220028F9D0811CD1E84F3FC1E8442FED
:100FF00004B1F9E7DBB2002BF0D08068F1E7036BB6
:1010000030B5E3B1CD780024DA78AA420FD31A467E
:10101000C1E901248AB19160A4B16160283050E82F
:10102000003F5A1C40E8002101B1F8E730BD5A6882
:101030001C46002AECD01346E6E7C162ECE7C1E9A2
:101040000133C1620163E9E7F8B5877804468FB3DD
:10105000C568014600272846FFF711FF277005F1F4
:101060000C042046FFF7DCFEAB68002B48D020467E
:10107000FFF7BCFE0446002842D0284600F0DAFE06
:101080003A460646394601F073F8304600F048FF0C
:101090006A6A8168064604F10C003FF007F9F923FB
:1010A0002370A770F368E37021462846BDE8F84036
:1010B000FFF7A5BF8568AB68002BF5D05B78832B65
:1010C000F2D1284600F0B6FE3A460646394601F00F
:1010D0004FF8304600F024FF06466A6A806804F143
:1010E0000C013FF0E3F8F3680BB1E2781A700023CB
:1010F0002370214605F10C00BDE8F840FFF790BED3
:10110000F8BD00002DE9F0410C461746984605460B
:1011100018B10378FA2B00D141B928466FF00301CA
:1011200001F042FB6FF00300BDE8F0818368C3B1BA
:101130005B78832B15D100F07DFE0122064600214D
:1011400001F016F8304600F0EBFE06466A6A806849
:1011500021463FF0ABF8F0680028E5D0077000208A
:10116000E2E705F10C00FFF741FE064670B12146AB
:101170006A6A0C303FF09AF80024F9233370B47097
:10118000F77031462846FFF73AFFE8E7B8F1000F5D
:1011900010D04146932001F093F840B1074B284608
:1011A000596900F035FEEFF30983C3E902476FF098
:1011B0000100B9E76FF00200B6E700BF2862002027
:1011C0002DE9F0410F4615469846044618B10378BC
:1011D000FA2B00D141B920466FF0030101F0E4FA87
:1011E0006FF00300BDE8F081FFF7E8FE0646002837
:1011F0003AD001462046FFF742FE626A06F10C0132
:1012000038463FF053F80DB1F3782B70002504F108
:101210000C07357031463846FFF702FEA3680BB95C
:101220000020DFE73846FFF7E1FD06460028F7D04B
:10123000204600F0FFFD29460746012200F098FFF6
:10124000384600F06DFE626A8168074606F10C00C0
:101250003FF02CF8F9233370B570FB68F37031461A
:101260002046FFF7CCFEDBE7B8F1000F10D0414677
:10127000832001F025F840B1074B2046596900F062
:10128000C7FDEFF30983C3E902756FF00100A9E719
:101290006FF00200A6E700BF2862002008B5064BE9
:1012A00008219A6ED86EFFF7F7FD044BD864B0FAA8
:1012B00080F04009404208BD1C3B07002862002026
:1012C0002DE9F04106460F4690461C46EFF3058394
:1012D0004BB196B930466FF0030101F065FA6FF03B
:1012E0000300BDE8F081FFF7BFFD0028F1D1DFF872
:1012F0004CC03046234600DFF3E73378FA2BE9D1C0
:10130000002FE7D0002CE5D106F10C00FFF76EFDB1
:10131000054680B1726A39460C303EF0C7FFF923AA
:101320002846C5E901762B70AC7085F8038000F083
:101330006DFC2046D5E76FF00200D2E705110300EF
:10134000F8B504460F4616461D46EFF3058343B134
:101350008CB920466FF0030101F026FA6FF003000C
:10136000F8BDFFF781FD0028F2D1DFF848C0204624
:101370002B4600DFF4E72378FA2BEAD1002FE8D0E0
:10138000002DE6D12046FFF719FE054670B100F1A9
:101390000C01626A38463EF089FF0EB1EB7833707B
:1013A0002846EC6000F032FC0020D9E76FF0020024
:1013B000D6E700BFC1110300EFF310832BB9EFF3A1
:1013C0001180003818BF01207047012070470000CD
:1013D00070B5A8B38468D0E900566CB114F003036B
:1013E00002D1C2681B2A1AD86FF00801002001F050
:1013F000CBF90024204670BDC368002BF4D1124BFA
:10140000D3F8940030B9D3F8800001221C21FFF7F3
:1014100079FC01E0FFF7EAFC044660B10123F52204
:10142000A3700023C4E90233C4E904332270E670D8
:1014300065602376DEE76FF0040101F0A5F9D9E7D6
:1014400005460646DBE700BF28620020284B70B542
:101450005D6904460E4635B96FF0070101F094F955
:101460004FF0FF3070BD10B10378F52B07D0204648
:101470006FF0030101F088F96FF00300F2E7037EDB
:1014800053B9C0E90353EB6A436103B11861EC62DD
:10149000012323760020E5E7C278D1070DD5C16886
:1014A000A9420AD1FF2B06D16FF00F0101F06CF9B0
:1014B0006FF00200D6E70133EBE7002EF8D0930778
:1014C0000AD5E06895F9203090F920209A4203DA95
:1014D00080F8203000F0C0FC3146532000F0F0FED0
:1014E00018B12946204600F093FC6FF00100B9E7DF
:1014F000286200202E4B5A6970B5044632B96FF04D
:10150000070101F041F94FF0FF3070BD10B10378D1
:10151000F52B07D020466FF0030101F035F96FF08D
:101520000300F2E7037E33B96FF00E0101F02CF9EE
:101530006FF00200E9E7C168914202D06FF00D013F
:10154000F4E7013BDBB2037613BB43690BB10169DE
:1015500019612169F1B14B6192F92130D56ADDB988
:1015600082F82030A36883B1204600F063FC064671
:101570002A46294600F0FCFDF36A6361C4E903656D
:1015800003B11C610123F4622376002000F0DAFC31
:101590000020BAE7D362DFE7E978890706D5A968B2
:1015A00021B191F920108B42B8BF0B466D69D6E787
:1015B0002862002070B5044610B10378F52B07D0DF
:1015C00020466FF0030101F0DFF86FF0030070BDFB
:1015D000037EBBB16369C0680BB122691A612269DD
:1015E00002B3536190F92120C36AEBB990F920301E
:1015F000934203D080F8202000F02EFCA068F8B9B8
:1016000000F0A0FCA078002610F001002670DED0CB
:10161000134BD3F894502146DDB12846FFF700FC68
:101620003046D4E7C362DDE7D978890706D59968E3
:1016300021B191F920108A42B8BF0A465B69D4E70C
:10164000204600F0F7FB00226FF0020100F090FD51
:10165000D4E7D3F88000FFF78AFB2846B7E700BF3E
:10166000286200202DE9F0410446002601270CB92C
:10167000BDE8F081E378D4F814801B0712D5A36885
:1016800026767BB1204600F0D5FB002205461146A8
:1016900000F06EFDEB6A6361C4E9035603B11C619F
:1016A000EC6227764446E2E710B4C3789B071DD569
:1016B000C06890F92120C36ADC78A40709D59C682A
:1016C0008C4208BF8C6824B194F92040A242B8BF74
:1016D00022465B69002BEFD190F92030934205D070
:1016E00080F820205DF8044B00F0B6BB5DF8044B99
:1016F0007047000008B50246EFF3058333B10020C0
:101700006FF0050101F040F8002008BDFFF754FE1E
:101710000028F4D1DFF808C0104600DFF5E700BF6D
:10172000D113030008B50246EFF305833BB1104621
:101730006FF0050101F028F86FF0050008BDFFF714
:101740003BFE0028F3D1DFF808C0104600DFF5E7C4
:101750004D14030008B50246EFF305833BB1104674
:101760006FF0050101F010F86FF0050008BDFFF7FC
:1017700023FE0028F3D1DFF808C0104600DFF5E7AC
:10178000F514030008B50246EFF305833BB110469C
:101790006FF0050100F0F8FF6FF0050008BDFFF7DE
:1017A0000BFE0028F3D1DFF808C0104600DFF5E794
:1017B000B5150300EFF310832BB9EFF31180003858
:1017C00018BF01207047012070470C30D0E85F3F00
:1017D00013B9BFF32F8F04E05A1EC0E8512F01B197
:1017E000F4E798B2003818BF0120704730B500F117
:1017F0000C02C189D2E85F3F994202D8BFF32F8F14
:1018000004E05C1CC2E8554F05B1F3E7C0899BB208
:10181000984294BF0020012030BD0000F8B50E466C
:101820004FF6FE73411E9942054601D8B04207D2D9
:101830006FF00301002000F0ADFF00242046F8BD4A
:101840001AB39468176844B114F0030302D1D26844
:101850000F2A0ED86FF00801ECE7D368002BF9D1FE
:10186000114BD3F8980090B1FFF7C0FA0446A8B125
:101870000123A3700023F622A3600B4B22700B4AB6
:101880006760A681E5819A66D8E71746E8E7D3F84E
:10189000800001221021FFF735FAE7E76FF004011D
:1018A00000F078FFCAE700BF28620020211903007A
:1018B00070B5054610B10378F62B07D028466FF0B7
:1018C000030100F067FF6FF0030070BD836863B130
:1018D000284600F0AFFA00226FF0020100F048FC49
:1018E000A8680028F4D100F02DFBAB78002613F097
:1018F00001032E700FD0094BD3F89840294624B12C
:101900002046FFF78DFA3046DFE7D3F88000FFF777
:101910002EFA2046D9E71846D7E700BF28620020F4
:10192000836810B504465BB1FFF74FFF40B1204616
:1019300000F080FA0022BDE81040114600F018BC0B
:1019400010BD38B5054610B10378F62B07D02846F0
:101950006FF0030100F01EFF6FF0030038BD8468D4
:101960003CB100F067FA0122002100F001FC0020E8
:10197000F4E7FFF73BFF38B928466FF0100100F09D
:1019800009FF6FF00200E9E72046E7E738B50D46AA
:10199000044610B10378F62B07D020466FF0030100
:1019A00000F0F8FE6FF0030038BDFFF70EFF68B9D6
:1019B00075B12946632000F083FC20B1064B204618
:1019C000596900F025FA6FF00100EDE70020EBE720
:1019D0006FF00200E8E700BF2862002010B504465F
:1019E000EFF3058333B100206FF0050100F0D2FE64
:1019F000002010BDFFF7DEFE0028F4D1DFF808C09C
:101A0000204600DFF5E700BF1D18030010B50246B1
:101A10000C46EFF3058343B182B910466FF0030122
:101A200000F0B8FE6FF0030010BDFFF7C3FE002802
:101A3000F2D1DFF824C0104600DFF5E71378F62B6B
:101A4000EBD1002CE9D11046FFF7BFFE002814BFF0
:101A500000206FF00200E7E78D19030010B504467F
:101A6000EFF3058343B184B920466FF0030100F022
:101A700091FE6FF0030010BDFFF79CFE0028F2D12D
:101A8000DFF830C0204600DFF5E72378F62BEBD1F6
:101A90002046FFF7ABFE20B1204600F0B7F800204B
:101AA000E9E720466FF0100100F074FE6FF00200CD
:101AB000E1E700BF4319030008B50246EFF30583D1
:101AC0003BB110466FF0050100F064FE6FF00500B9
:101AD00008BDFFF76FFE0028F3D1DFF808C01046FD
:101AE00000DFF5E7B118030010B5D0E85F3F5A1CDE
:101AF000914200D80022C0E8542F04B1F5E798B213
:101B000010BD000038B51C4C00F0D6FEE368013370
:101B1000E36000F0D5F9002000F014FA236D03B162
:101B20009847226C32B3A369E06BD969984202D01E
:101B3000E36301B9DA61DA69C2B9237A022B19D1F8
:101B4000656ABDB1E36B95F9202093F920309A4284
:101B500010D1284600F077F9E06B00F08FF92846A5
:101B600000F0E8F9236CE563EB6103E0013ADA6128
:101B7000002AE2D038BD00BF2862002070B5224C98
:101B800004F1560504F15A06B4F85410D5E85F3F45
:101B900013B9BFF32F8F04E05A1EC5E8502F00B1D0
:101BA000F4E79BB25BB33046FFF79EFFE36D53F85B
:101BB000200020B30378F13B082BE5D801A252F8AE
:101BC00023F000BFE91B0300891B0300EF1B030088
:101BD000891B0300891B0300F31B0300F71B030091
:101BE000891B0300FB1B0300236E9847CCE7636E41
:101BF000FBE7A36EF9E7E36EF7E7236FF5E7BDE8D0
:101C00007040002000F09EB92862002070B5164C8C
:101C10000546B4F8541004F15602D2E85F3F9942E9
:101C200002D8BFF32F8F04E0581CC2E8560F06B14C
:101C3000F3E79BB2994205D829460220BDE87040DF
:101C4000FEF7E5BF04F15800FFF74EFFE36D43F8E0
:101C50002050637A23B9054B4FF080525A6070BD13
:101C60000123A372FBE700BF2862002000ED00E023
:101C7000EFF310832BB9EFF31180003818BF012068
:101C80007047012070470378F12B00D07047C0687F
:101C9000F9E7000010B5C469621CD0E904310CD129
:101CA00003B1596142691AB113610023436101E034
:101CB000074A13630023C36110BD1BB1DA69596180
:101CC0002244DA614269002AEED1014AD362F1E787
:101CD0002862002010B50A4A90F9201001234370B1
:101CE000536A1C321BB193F920408C4205DCC0E9D9
:101CF0000232906003B1D86010BD1A469B68F1E7CC
:101D000028620020014B5869704700BF28620020FC
:101D100010B50023038083789A07044608D513F092
:101D2000100F016B0E4B0FD0D3F88400FFF778F83B
:101D3000A378DB0712D50A4BD3F88800214638B1C7
:101D4000BDE81040FFF76CB8586FFFF710F8EFE7E9
:101D5000BDE81040D3F88000FFF709B810BD00BF00
:101D60002862002008B500F025FDDFF810C000DF74
:101D70004FF0FF31002000F0FBFCFEE7D92103000B
:101D8000C278D207034601D4FFF7C2BF0422054937
:101D900042700022C2604A6B826002B1D0604B6325
:101DA000704700BF28620020930710B502F00104BD
:101DB00022D400F1280384B153E8000F00EA0102A5
:101DC0008A4203D0BFF32F8F002005E020EA0102F2
:101DD00043E8002404B1EFE710BD53E8000F0842C8
:101DE00003D1BFF32F8F002005E020EA010243E872
:101DF000002404B1F1E7EFE7806A01EA00031CB1B7
:101E00008B4218BF0020E7E7002B08BF0020E3E764
:101E100010B591F9202083681BB193F920409442BA
:101E200005DAC1E90230816003B1D96010BD1846FE
:101E30009B68F1E783689A68826002B1D0600022F3
:101E4000DA6018467047C2682AB18368936003B1AC
:101E5000DA600023C360704710B5044664B123788C
:101E6000F12B07D0FFF7EFFF01462046BDE81040F9
:101E7000FFF7CEBFE468F1E710BD00000123014683
:101E800043700148FFF7C4BF4462002070B50B4D9A
:101E90002E7A022E10D16C6A74B1696994F92020EF
:101EA00091F920309A4207D12046FFF7CCFF08462F
:101EB000FFF7E4FF6670AC61002070BD286200206F
:101EC00038B5164DEC6A44B3E369013BE36123BBCB
:101ED0006378732B06D009D8532B0BD003F0DF03A4
:101EE000432B0DD12046FFF7CEFE09E003F0EF03B0
:101EF000832BF6E72046FFF7C6FE2146FFF7D4FB0B
:101F00002046FFF7A0FFFFF7B9FF246924B1E3697A
:101F1000002BDDD000236361EC6238BD2862002015
:101F200090F82230826B13F0100F0CBF602020203D
:101F30001044704702234370014B9861704700BF03
:101F40002862002070B5124D04462E7A696990B956
:101F5000022E0FD16C6A6CB194F9202091F92030D7
:101F60009A4207DD2046FFF76EFF0846FFF7B2FEF4
:101F70006670AC6170BD022E05D190F9202091F9F8
:101F800020309A42F1DC2046BDE87040FFF776BF72
:101F9000286200202DE9F04F85B08046029128B9D3
:101FA0006FF0030100F0E4FB0024ABE0002A48D00E
:101FB000D2E900A3946896690193D2E904B544B1CB
:101FC000A10702D1D268432A06D86FF00801002089
:101FD000E8E7D268002AF8D1BBF1000F08D01BF067
:101FE000070F02D1002D40F0A9806FF00A01EEE743
:101FF0002EB1721E372A03D96FF00B01E7E71826BE
:10200000002D40F09F804CBB534CD4F88800F0B1B9
:10201000FEF7ECFE0446002800F08D800127DFF873
:102020003891BBF1000F32D1D5B94C4AD9F88400B0
:10203000556DA8B1FEF7DAFED0B147F01007834620
:1020400021E092469346182615460192DCE7D4F823
:10205000800001224421FEF755FEDBE70027DEE782
:10206000D9F874005A462946FEF74CFE0028E6D1FE
:10207000002F55D0D9F88820002A47D02146104695
:10208000FEF7CEFE002447F00207002C53D040F2AA
:10209000F11222800022C4E90222C4E90422C4E928
:1020A0000622C4E90922C4E90B2BA5F140025A44D7
:1020B000C4E90E28019B2A4AE37076B2FD21A7707D
:1020C000C4F804A084F8206084F82160618465630A
:1020D000CBF80020214A1268530723D4A36B342283
:1020E000184600213EF00AF91E4A1F4BC0E90D2890
:1020F0004FF08072C263029A02622046C9F86030D3
:10210000FFF720FF204605B0BDE8F08F2146D9F843
:1021100080000392FEF72BFE039A14469346B2E723
:102120003C46B0E725F00302443ACC210BF1040011
:102130003EF0E4F8D2E76FF0040148E7002E7FF4A8
:1021400058AF18266A077FF450AF084AA5F1480136
:1021500091427FF658AF48E7286200201C3B0700F9
:10216000A52E5AE2651D030095210300B7FFFF7FEE
:1021700038B505461446FFF7D3FE01602846FFF741
:1021800089FD1CB1BDE83840FFF7DCBEBDE8384032
:10219000FFF774BE10B54378332B04460CD1416A67
:1021A00090F82320FFF700FE014628B120460022C8
:1021B000BDE81040FFF7DCBF10BD10B504468069D4
:1021C00018B100221146FFF7D3FF6378232B02BF1B
:1021D000A36800229A6110BD70B50F4C267A022EBA
:1021E00018D1636AB3B16569E86AFFF73BFA28461C
:1021F000FFF7E3FF04F11C00FFF71CFE4670A0612F
:10220000EFF30983AB63002363612846BDE87040A8
:10221000FFF7B6BD70BD00BF2862002010B50446B0
:1022200010B10378F12B07D020466FF0030100F0C6
:102230009FFA6FF0030010BD437803F00F03022BE9
:102240001ED0032B2BD0012B2ED1FFF7FCFDE06A13
:10225000FFF708FA2046FFF7B0FF6178022926D180
:102260001548FFF7E7FD154B41709861EFF30982C0
:10227000A26300225A612046FFF782FD0020DAE7C0
:102280000E4B1A7A022A02D15B6A002BDFD16FF063
:102290000201204600F06CFA6FF00200CBE7FFF776
:1022A000D2FDFFF7F7FCD2E76FF00201F2E7002062
:1022B000FFF748FEDFE700BF4462002028620020ED
:1022C00038B51F4C237A022B35D1636A002B34D0EA
:1022D00063694A1C587016D1226B002172B94FF005
:1022E000FF30C3E90421D86159B10B611548FFF7EC
:1022F000A1FD02234370A061012038BD114612697F
:10230000ECE72363F2E7E26A002012B1D569A94243
:102310000BD2C3E90420D96158B10361002AE5D08A
:10232000D0695361401AD061E0E71046491B126939
:10233000EBE7E362F2E70020DFE71846DDE700BFE6
:10234000286200204462002038B50D4C0D48A26D73
:102350000D4D0021FFF71EFE636EA8625BB198472A
:1023600058B9E26DE96C206EFFF714FEA8640038DE
:1023700018BF012038BD0120FCE70020FAE700BFAC
:102380001C3B0700E12603002862002010B504462C
:10239000EFF3058333B100206FF0050100F0E8F999
:1023A000002010BDFFF764FC0028F4D1DFF808C05E
:1023B000204600DFF5E700BF951F030008B5EFF3E7
:1023C000058313B1054B586908BDFFF751FC002880
:1023D000F8D1DFF80CC000DFF6E700BF286200206C
:1023E000051D030008B5EFF305833BB100206FF036
:1023F000050100F0BDF96FF0050008BDFFF738FCDE
:102400000028F3D1DFF804C000DFF6E78D1E0300DB
:1024100010B5044600F0DAF9EFF305833BB120462E
:102420006FF0050100F0A4F96FF0050010BDFFF793
:102430001FFC0028F3D1DFF808C0204600DFF5E7D5
:102440001D22030030B50C4D6B6C002213B11C69CA
:102450008C420AD9C0E9022301611BB11C69986052
:10246000641A1C612AB1D06030BD1A46091BDB68B2
:10247000ECE76864F8E700BF286200202DE9F0412E
:10248000184D6C6C54B323696E69013B23610127BD
:10249000236913BBE3680BB1A2689A606B640023E5
:1024A000E86C1A4604F11801FEF70AFF58B1D5E9A5
:1024B0000583214603206B61FEF7A9FB6B6913B905
:1024C000B04508BF0026E378012B09D16169204699
:1024D000FFF7B8FF6C6C002CDAD16E61BDE8F081BB
:1024E0006770F7E72862002008B5FEF7D7FE18B935
:1024F000034B044A1A6508BD4FF0FF30FBE700BFED
:10250000286200207D24030007B504464FF0FF3306
:10251000002269462046FEF713FF0028F6D1DDE9C8
:1025200000309847F2E7000008B5094B094A1A60E5
:10253000094B9B1A094A1360094B0A4A1A600A4B55
:102540009B1A0A4A136000F051F800F069F800BFC6
:10255000B486002000FC032000000420B086002088
:102560009C670120C870012000FC032098670120AF
:102570000E4838B50E4B03600B250E4B45601C24EE
:10258000C4608360FFF7B6F80B4B18600B480C4B28
:10259000C460C0E900350B4B8360FFF7ABF80A4B12
:1025A0001860BDE838403DF085BD00BF8086002042
:1025B000F03B070094860020908600205086002083
:1025C000FD3B07006486002060860020FDF702BE08
:1025D000024B4FF0FF311868FFF7A4B89086002037
:1025E000014B1868FFF7B6B89086002008B538F0A0
:1025F000ABFABDE8084000F011B87047704708B565
:1026000000F042F8FFF7F9FFFFF7B2FFFFF7F6FF20
:1026100033F002FDBDE80840FFF7D8BFFEF702BB6C
:10262000114C124B23614FF4004363614423E36078
:102630000F4BA360182307B5A3610E480E4B236010
:1026400022460021FFF7A2FE034628B90B4900905D
:1026500022460B4833F0F0FCFEF7FCFA0023094950
:1026600000931A46F5E700BFB8060120B88600209F
:10267000DC060120FF250300073C07000C3C070097
:102680001D010180283C07001FB5064B0FCB6C468F
:1026900084E80F002046FFF72DF8034B186004B0C4
:1026A00010BD00BF503C07002007012073B506464F
:1026B0000C46154633F0B2FC58B906342ABF064B17
:1026C000064953F82410002300933246284633F07D
:1026D000B3FC02B070BD00BF143E0700683D0700A8
:1026E00008B500F0F3F8000007B50023411E009381
:1026F00002460023042919D8DFE801F003080C1072
:1027000014000C490C48012233F096FC0B490C488C
:102710000222F9E70B490C480322F5E70B490C4864
:102720000422F1E70B490C480522EDE70B490C4860
:10273000EAE700BF603C070025010280813C0700FA
:1027400026010280A63C070027010280DB3C07002F
:1027500028010280163D07002A010280563D07002D
:1027600000010280014A0146FFF7A0BF310101804C
:10277000014AFFF79BBF00BF32010180014AFFF70A
:1027800095BF00BF37010180014AFFF78FBF00BF2F
:102790003301018011F1110F02D0024AFFF786BF09
:1027A000704700BF34010180014AFFF77FBF00BFBF
:1027B0003801018010B5FFF701FE034B1B6813B110
:1027C000BDE81040184710BD40070120024B1B68B0
:1027D00003B11847704700BF40070120024B987AA9
:1027E000003818BF012070472862002008B5FEF7A6
:1027F00047FA0749002233F0B1FCC31C04D905494C
:1028000005488B2233F0F4F9BDE80840FEF74CBAD6
:10281000DD2703002C3E0700613E0700B0F57A7FFC
:1028200038B50D4604D018491848322233F0E0F983
:1028300032F0F8FE041E13DB04F1604303F561433C
:10284000E02283F800232946204637F0C3FA2046C9
:1028500037F0C8FA85420AD00B490D483F22E5E718
:102860000C4B04F00F021344E0221A76EBE7002C25
:1028700007DB094A6109012304F01F04A34042F861
:102880002130002038BD00BF2C3E07008E3E0700DF
:102890009B3E0700FCEC00E000E100E008B533F0EF
:1028A000E5FBBDE8084032F0B2BF0000014B1868FC
:1028B00032F0E2BFC8660120014B186832F09EBFBB
:1028C000C866012008B532F0ADFE08BD08B5024C5F
:1028D00023689847FCE700BFCC6200202FF07EBA47
:1028E0002DE9F341D0F8288001921D460E46074697
:1028F00019F06AFB98F80D300199022B05440ED0AF
:10290000032B0ED0012B00D12835F36A3C695A19EC
:10291000A24209D9F462002002B0BDE8F081183566
:10292000F3E705F5A875F0E7E41A7B685BB19868F2
:1029300019F06AFB844228BF0446A54203D9F36A12
:102940002344F362E7E7054B1B6898884FF47A73DA
:10295000641B5843A04228BF2046DDE730340120E5
:102960001FB501238DF8043001A80023CDE90233FF
:102970002FF0A6F805B05DF804FB1FB5002301A8F1
:10298000CDE9013303932FF09BF805B05DF804FB0C
:102990002DE9F341866AF36E8846044606F160012C
:1029A00013B1019198470199A26800232046FFF7CF
:1029B00097FF074620B902B0BDE8F04119F0D2BA3E
:1029C000134DA3686B6740462FF082F8114BAB673D
:1029D000A068114BEB67C5F8847019F0FBFAC5F8D5
:1029E0008000A06005F178002FF054F8002385F8EE
:1029F0007030736E43B1FFF7B3FF306E272102B022
:102A0000BDE8F0412FF042B9FFF7B7FFF5E700BF8F
:102A10004C0A0120752C03009D2A03002DE9F0418A
:102A200080460C4619F0A8FA064618B10126304631
:102A3000BDE8F0812EF080FA174D696F074619F056
:102A4000E3FAE36A1844E0626F6719F0BDFA3A46A8
:102A5000034621464046FFF743FF07460028E5D0DE
:102A6000D5F8748019F0B0FA404419F0B3FAC5E90A
:102A7000200705F178002FF00DF885F87060636885
:102A800033B1FFF76DFF206827212FF0FFF8CEE765
:102A9000FFF773FFF7E700BF4C0A01202DE9F04F65
:102AA00085B0934601919A4607462EF045FADFF825
:102AB000C0916D4CC9F8000019F04EFA19F04CFAAB
:102AC0006A4B866A93F8705001996A1C804683F8B5
:102AD000702085B1022D00F08480A58C2EF02CFA98
:102AE000D9F80030C01A854240F2AE80A08CA08494
:102AF00005B0BDE8F08F07B3FB1E012B40F2AD809F
:102B0000042F64D06BD82B460125032F59D02A46B9
:102B10001D46E3690133E3612B46154643B117F0C7
:102B2000FB0F42D006F160014046FFF777FF0546F4
:102B3000002DD2D019F026FACFE79DF8383086F86C
:102B4000821086F88330C6E921BA306E06F1900310
:102B50003A4606F1480101F03FFD00282FD0336FBF
:102B6000316E40469847002875D0658C2EF0E4F908
:102B7000D9F80030C01A85421AD9608C96F8803096
:102B8000ADF80830736E60840393FFF7E9FE01210E
:102B900002A82FF02FF8736F13B1316E404698479B
:102BA000236801332360002F97D02FF00FF9B9E786
:102BB0002EF0C2F9D9F80030C01A80B2DEE7012742
:102BC000EEE7A2680132A260002BABD1B0E72B4642
:102BD0000125626801326260002BE6D1A8E701227C
:102BE00097E76FB1FB1E012B1BD9042F4FF0000399
:102BF0004FF0010524D01DD9E2690132E2618DE771
:102C0000B06E06F190033A4606F1480101F0E4FC8B
:102C100018B1F36FB16E40469847236901332361C1
:102C2000C3E7F36F00219847042F4FF001034FF0E3
:102C3000000505D0032FDFD1A2690132A261C3E7ED
:102C4000626901326261C7E72EF076F9D9F8003087
:102C5000C01A80B24BE701279DE7042F4FF0010314
:102C60007FF453AFB5E700BF440701204C0A0120B1
:102C7000EC0901202DE9F84381462EF05DF9284D3D
:102C8000284C286019F068F919F066F9264B876A14
:102C900093F87060721C012E804683F8702024D156
:102CA000B9F1000F38D1BB6F796E984778B1268C97
:102CB0002EF042F92B68C01A864221D9238C238436
:102CC000FFF75BFEB86E27212FF056F80026E36869
:102CD0000133E3604EB12FF079F807F1600140460F
:102CE000FFF79CFE08B119F04DF9E68C2EF024F99F
:102CF0002B68C01A864209D9E08CE084BDE8F883CD
:102D00002EF01AF92B68C31A9BB2D8E72EF014F9EB
:102D10002B68C01A80B2F0E7E3690133E361E2E7B0
:102D2000EC090120440701204C0A012008B5064A9D
:102D30000649022001F086FBBDE80840044828222D
:102D400000213DF0DBBA00BFDD280300912903001C
:102D5000440701201FB5002301A8CDE901330393E7
:102D60002EF0AEFE05B05DF804FB00007FB5174CF9
:102D7000866A054608462EF0ABFE154BA367154B39
:102D8000E367A868B36FC4F8843019F023F9C4F876
:102D90008000A86004F178002EF07CFE002384F807
:102DA0007030326E7AB1012201A8CDE902338DF87C
:102DB00004202EF085FE084840F2011104B0BDE861
:102DC00070402EF063BFFFF7C5FFF4E74C0A012007
:102DD000DD2D03002D3103006C07012070B5064680
:102DE0002EF0AAF81E4D1F4C286019F0B5F81E4AA7
:102DF00092F87030591C012B82F8701013D146BB29
:102E0000A68D2EF099F82B68C01A864215D9A08D90
:102E1000A085FFF79FFF154840F201112EF0ACFF8F
:102E2000E3680133E360668E2EF086F82B68C01AE3
:102E3000864208D9608E608670BD2EF07DF82B68C2
:102E4000C01A80B2E4E72EF077F82B68C01A80B27F
:102E5000F1E7A36A0133A36219F094F8E3E700BF36
:102E6000EC090120700801204C0A01206C070120A8
:102E700070B5104C866A054608462EF029FE0E4BAA
:102E8000E367A868B36EC4F8843019F0A3F8C4F8F7
:102E90008000A86004F178002EF0FCFD002384F887
:102EA0007030FFF757FFBDE87040044840F2011151
:102EB0002EF0ECBE4C0A0120C12E0300A408012014
:102EC0002DE9F74F0E469DF8301001929A46009179
:102ED00005462EF031F8DFF84C82DFF84C92C8F846
:102EE000000019F039F819F037F899F87030D0F877
:102EF00028B0894CDDE90012074683B1032B00F0AE
:102F00008980258C2EF018F8D8F80030C01A854238
:102F100040F2F480208C208403B0BDE8F08FDDB156
:102F2000EA1E012A40F2F180042D67D070D81A46BB
:102F30000123032D5CD019461346A2690132A26118
:102F40001A460B46002A60D015F0FB0F01D12EF077
:102F50003DFF19F017F8D4E7032389F870308BF898
:102F60006D600126CBE91C2A8BF86E102A46DBF82F
:102F700060306A498BF878609847054690B35846A8
:102F80002EF0A6FD0AEB050019F024F8C9F8800020
:102F900009F178002EF07EFDA58B2DF0CDFFD8F83D
:102FA0000030C01A854216D9A08BA083FFF7D2FE4D
:102FB0005A4840F201112EF069FEDBF8643058499E
:102FC00038469847B0FA80F67609236801332360C3
:102FD000002E96D0BBE72DF0AFFFD8F80030C01A16
:102FE00080B2E2E7DBF864304C4938469847ECE7BA
:102FF000A1680131A160002AABD106E01A46012385
:10300000616801316160002AA1D1002BA1D178E76C
:10301000012192E7DBF86030ADB1EA1E012A55D9F3
:103020002A4600219847DBF864300021384698474B
:10303000042D4FF000024FF001035BD054D9A16979
:103040000131A1617EE78BF878508BF86E102A462B
:1030500032498BF86D609847054680B358462EF08C
:1030600037FD05EB0A0018F0B5FFC9F8800009F13B
:1030700078002EF00FFDA58B2DF05EFFD8F8003004
:10308000C01A854214D9A08BA083FFF763FE2348A2
:1030900040F201112EF0FAFDDBF864302049384689
:1030A0009847B0FA80F67609E3680133E3608FE76A
:1030B0002DF042FFD8F80030C01A80B2E4E7DBF808
:1030C00064301649384698470126EDE72A46002124
:1030D0009847DBF86430002138469847042D4FF0BC
:1030E00001024FF0000305D0032DA8D16169013121
:1030F000616180E721690131216184E72DF01CFFC6
:10310000D8F80030C01A80B205E7042D4FF0010254
:103110007FF40FAF74E700BFA8090120A4080120C5
:103120006C070120EC0901204C0A01202DE9F04F29
:103130008BB09B469DF850300193CDE902210646A5
:103140002DF0FAFEDFF8C882DFF8C8A2C8F8000048
:1031500018F002FF18F000FF9AF87070856AAA4C08
:103160000399022FDDE90132814600F0C380032F6D
:1031700000F03081002F52D1FEB1F31E012B40F23E
:103180009E81042E00F0A88000F2B2803B46012709
:10319000032E00F09A803A461F46A36A0133A362C9
:1031A0003B461746002B00F09F8016F0FB0F01D125
:1031B0002EF00CFE18F0E6FE31E085F87D1085F863
:1031C0007E30C5E9202B6B6E9049984700283BD094
:1031D0002B6EFBB10123E78D8AF870302DF0ACFE29
:1031E000D8F80030C01A874227D9E08D95F874309E
:1031F000ADF814302B6EE08506930125002307A857
:10320000CDE908338DF81C502EF05AFC294605A84C
:103210002EF0F0FC236801332360002EC8D1258EE8
:103220002DF08AFED8F80030C01A854240F2408165
:10323000208E20860BB0BDE8F08F2DF07DFED8F8F3
:103240000030C01A80B2D1E7EB6E002B36D06F4948
:1032500048469847064688B303238AF870302EF014
:10326000B5FD28462EF034FC0BEB060018F0B2FE3C
:10327000CAF880000AF178002EF00CFCA68D2DF023
:103280005BFED8F80030C01A864210D9A08DA08508
:10329000FFF760FD5D4840F201112EF0F7FC2B6F47
:1032A0005A4948469847B0FA80F67609B2E72DF0B9
:1032B00043FED8F80030C01A80B2E8E72B6F13B194
:1032C0005249484698470126A4E7A2680132A26005
:1032D000002B7FF46FAF07E03B46012762680132A5
:1032E0006260002B7FF464AF002F7FF463AF96E73A
:1032F000012252E703278AF870706EB1F31E012B8A
:1033000055D9042E4FF000034FF001075ED057D976
:10331000A26A0132A26245E785F87D1085F87E3009
:10332000C5E9202BAB6E39499847EB6E002B37D09F
:10333000364948469847064690B328462EF0C8FBC3
:103340000BEB060018F046FECAF880000AF1780080
:103350002EF0A0FBA68D2DF0EFFDD8F80030C01A9E
:10336000864216D9A08DA085FFF7F4FC274840F2CD
:1033700001112EF08BFC2B6F244948469847B0FA78
:1033800080F0400923690133236100283FF447AFEF
:103390000EE72DF0D1FDD8F80030C01A80B2E2E778
:1033A0002B6F13B11949484698470120EAE7AB6EE5
:1033B00000219847042E4FF001034FF0000705D07D
:1033C000032EA5D1A2690132A26181E762690132AF
:1033D000626186E7EB6EFEB1F21E012A57D9002129
:1033E00098472B6F13B1002148469847042E4FF0A1
:1033F00000034FF0010757D08AD8032E88D1626AA4
:103400000132626264E700BF700801206C0701208E
:10341000EC0901204C0A01202C499847064678B354
:1034200028462EF055FB06EB0B0018F0D3FDCAF82A
:1034300080000AF178002EF02DFBA68D2DF07CFD8A
:10344000D8F80030C01A864213D9A08DA085FFF7A6
:1034500081FC1E4840F201112EF018FC2B6F1B4915
:1034600048469847B0FA80F04009E3690133E361C8
:103470008BE72DF061FDD8F80030C01A80B2E5E787
:103480002B6F13B11149484698470120EDE7002101
:1034900098472B6F13B1002148469847042E4FF0F0
:1034A00001034FF00007A8D1226A0132226218E717
:1034B0002DF042FDD8F80030C01A80B2B9E6042ED3
:1034C0004FF001037FF464AE08E700BF6C070120F2
:1034D00008B506490022062000F0B4FFBDE8084008
:1034E0000348342200213CF009BF00BF6D2D0300CA
:1034F0007008012008B506490022092000F0A2FF4B
:10350000BDE808400348242200213CF0F7BE00BF7C
:10351000712E0300A80901202EF060BC1FB5002306
:1035200001A8CDE9013303932EF0CAFA05B05DF886
:1035300004FB00002DE9FF4707460D4692469946D9
:1035400018F01AFD0646002879D1D7F828803D4C9E
:1035500094F87230032B72D094F87110022984BF52
:103560000339C9B201F12502013388F8012084F83A
:103570007230EB7E0B414A1CDB0784F87120E7D5E3
:10358000B9F1000F04D11AF0FB0F01D12EF01EFC8F
:1035900040462EF09DFAB9F1000F2FD0B86818F010
:1035A00019FDC4F88000B860002384F87030D5F8A5
:1035B0000C80B8F1000F06D0D4F8800018F00AFD96
:1035C00001463846C04720482EF064FA6B689BB32A
:1035D00001238DF8043001A80023CDE902332EF039
:1035E0006FFA2B7EADF8043001212B68029301A8FD
:1035F0002EF09CFA304604B0BDE8F0876B6853B1FA
:103600002DF09AFC804618F0DFFC404418F0E2FCF4
:10361000C4F88000C8E798F80E102A7E98F80C00CD
:1036200017F04DFC804618F0CFFC404417F0AEFC7C
:10363000D4F880301844E9E7FFF770FFD1E701269E
:10364000D8E700BF4C0A0120C40A012010B50E4B78
:103650000E4A816A9A670E4ADA670422C3F8842008
:1036600091F87A4083F87140002283F8702083F843
:10367000722060310123FFF75DFF18B1BDE81040F3
:1036800018F070BC10BD00BF4C0A0120CD370300FC
:10369000953603002DE9F347994605462DF04CFC7D
:1036A000DFF82481464CC8F8000018F055FC18F0EB
:1036B00053FC444A866A92F87030591C012B074625
:1036C00082F8701062D106F1600A002D45D1C6F86B
:1036D0007C90706E06F180032A4606F1480100F0E6
:1036E0007BFF814640B3336F716E3846984718B3FD
:1036F000B4F81A902DF020FCD8F80030C01A81459B
:1037000013D9608B6083FFF709FF96F87930ADF825
:1037100000300121B36E019368462EF06BFA736F8F
:10372000A3B1716E3846984710E02DF005FCD8F82B
:103730000030C01A80B2E5E700231A4651463846E9
:10374000FFF7F8FE0546B9F1000FE8D163680133D1
:103750006360DDB12EF03AFB10E000232A465146AB
:10376000FFF7E8FE042D1ED001D8032D09D06369B0
:103770000133636150B115F0FB0FEBD018F002FC80
:1037800004E0E3680133E3600028F7D1A58B2DF056
:10379000D3FBD8F80030C01A85420AD9A08BA08389
:1037A00002B0BDE8F087A3680133A3600028D1D13F
:1037B000ECE72DF0C1FBD8F80030C01A80B2EEE77C
:1037C000CC0901204C0A0120EC0901202DE9FF4120
:1037D00007462DF0B1FB324E324C306018F0BCFB86
:1037E00018F0BAFBD0F828802FB163690133636108
:1037F00018F0C8FB0AE02C4B93F870506A1C08F1D3
:10380000600183F870206DB1022D39D0E58B2DF069
:1038100093FB3368C01A85423BD9E08BE08304B048
:10382000BDE8F081D8F8643023B3278B2DF084FBFA
:103830003368C01A874217D9208B208301238DF863
:10384000043001A80023CDE902332EF039F9D8F86D
:10385000640024212EF090FA236801332360002DA8
:10386000D4D02EF0B3FAC3E72DF066FB3368C01A4C
:1038700080B2E2E72B462A46FFF75CFE0546EBE7FF
:103880003B463A46FFF756FE23690133054623615E
:10389000E5E72DF051FB3368C01A80B2BEE700BFE8
:1038A000EC090120CC0901204C0A012008B5064A88
:1038B0000649032000F0C6FDBDE808400448202268
:1038C00000213CF01BBD00BF193503004D3603003D
:1038D000CC0901201FB5002301A8CDE901330393D2
:1038E0002EF0EEF805B05DF804FB00002DE9F0477E
:1038F0009A4605462DF020FB354F364C386018F0BF
:103900002BFB18F029FB344B866A93F8709009F171
:103910000102B9F1010F804683F8702043D175BBD5
:103920009DF8203086F8A130316FD6F89430C6F873
:10393000A4A0984780B3B4F81E902DF0FDFA3B6820
:10394000C01A814515D9E38BE383FFF7C3FF02213A
:1039500006F174002EF04EF9D6F8983013B1316F9D
:1039600040469847636801336360E5B12EF02EFA54
:1039700017E02DF0E1FA3B68C31A9BB2E4E7042D8F
:103980001CD001D8032D09D0A36915F0FB0F03F15A
:103990000103A36105D1E9E74D46E3E7E36801339D
:1039A000E36018F0EFFA258C2DF0C6FA3B68C01AD8
:1039B000854207D9208C2084BDE8F087A3680133B5
:1039C000A360D3E72DF0B8FA3B68C01A80B2F2E7E3
:1039D000EC090120F00901204C0A0120F8B5CB6B5D
:1039E00006460C460BB90120F8BD01219847054653
:1039F0000028F8D0B06A144E2EF06AF8D6F880008D
:103A0000284418F0E7FA114DC6F8800006F1780056
:103A10000F4E2EF03FF8AF8B2DF08EFA3368C01AA0
:103A200087420AD9A88BA883FFF754FF04F124002A
:103A300002212EF07BF80020D6E72DF07DFA3368C6
:103A4000C01A80B2EFE700BF4C0A0120F009012044
:103A5000EC0901202DE9FF4705462DF06DFA404F96
:103A6000404C386018F078FA18F076FA866A814689
:103A70002DB1A3690133A36118F084FA18E0DFF8CF
:103A8000E88098F87050022D06F1600A3DD0032DB1
:103A900055D06DB9336FBBB90323514688F87030E8
:103AA000FFF79CFF0546236801332360002D54D1A6
:103AB000658C2DF041FA3B68C01A854247D9608C6D
:103AC000608404B0BDE8F087012388F87030B4F852
:103AD0001C802DF031FA3B68C01A80450FD9A08BAD
:103AE000A08301238DF8043001A80023CDE902331F
:103AF0002DF0E6FF306F24212EF03EF9D3E72DF0B4
:103B00001BFA3B68C01A80B2EAE7032388F87030DA
:103B100096F8A110707BD6F8A4500E2217F0CFF9BA
:103B20009635284418F056FA5146C8F880004846A1
:103B3000FFF754FF2369013305462361B6E7514679
:103B4000FFF74CFF6369013305466361AEE72DF073
:103B5000F3F93B68C01A80B2B2E72EF037F98BE771
:103B6000EC090120F00901204C0A0120F0B51F4C9E
:103B70001F4B866AA3671F4BE3670423C4F8843096
:103B800085B000230F460546A4F8703018F0F4F90C
:103B9000014640BBD6F89C300BB1284698473846C2
:103BA0002DF096FFA86818F015FAC4F88000A860F8
:103BB0001148002584F870502DF06CFF336F7BB1F5
:103BC000012301A8CDE902558DF804302DF078FFCE
:103BD000022106F1600005B0BDE8F0402DF0A6BF5F
:103BE000FFF778FEF4E705B0F0BD00BF4C0A0120F6
:103BF000553A0300ED380300C40A0120FFF7B6BFB1
:103C000008B508490022072000F01CFC06490022E4
:103C1000082000F017FCBDE80840044824220021D9
:103C20003CF06CBB6D3B0300FD3B0300F009012041
:103C30001FB501238DF8043001A80023CDE902331C
:103C40002DF03EFF05B05DF804FB00002DE9F041CA
:103C500004460D4618F080F9836A1B78042B0BD1BB
:103C6000124B93F870303BB9FFF7E2FF294620462C
:103C7000BDE8F0412DF05ABF0D4E0E4FB6F816803C
:103C80002DF05AF93B68C01A804509D9F38AF382AE
:103C9000FFF7CEFF29462046BDE8F0412DF0AABF30
:103CA0002DF04AF93B68C31A9BB2F0E74C0A012099
:103CB000140A0120EC09012070B50C4E04460D4693
:103CC000C6F88C00A6F8881018F046F9836A1B78AD
:103CD000052B0AD196F870303BB9FFF7A9FF2946AA
:103CE0002046BDE870402DF0D1BF70BD4C0A0120C8
:103CF00013B50C4601902EF071F8084B0198D3F8DB
:103D00008C1031B10022C3F88C20E36E0222984758
:103D10000198636E02B0BDE8104018474C0A0120BC
:103D200070B50F4C054608460E462DF0D1FE0D4BE2
:103D3000A367A8680C4BE36718F04CF90423C4F898
:103D40008000A86004F17800C4F884302DF0A2FE51
:103D5000002384F87030336E2846BDE87040184761
:103D60004C0A0120193E03006D3D030070B50C465E
:103D700005462DF0E1F8254E306018F0EDF818F00A
:103D8000EBF8826A9DF8103082F87130204B82F88F
:103D9000704093F8701011B9012183F8701000245D
:103DA000D3F88C10C3F88C40D36E2A46984718F08D
:103DB000E3F830B115F0FB0F01D12EF007F818F041
:103DC000E1F8032D134C0FD0042D11D0A5B92368B1
:103DD00001332360258B2DF0AFF83368C01A85427C
:103DE0000ED9208B208370BDA3680133A360F1E757
:103DF000636801336360EDE7236901332361E9E719
:103E00002DF09AF83368C01A80B2EBE7EC09012074
:103E10004C0A0120140A01202DE9F04385B0054623
:103E20002DF08AF82D4EDFF8BC80306018F094F841
:103E300018F092F8D0F82890294CD9F86830294623
:103E400007469847D8F88C1000293CD065BBA58A56
:103E50002DF072F83368C01A85421FD9A08AA0825B
:103E600001238DF8043001A80023CDE902332DF0A1
:103E700027FEB8F88810D8F88C002DF07DFFE36895
:103E80000133E360658B2DF057F83368C01A854223
:103E900013D9608B608305B0BDE8F0832DF04CF83A
:103EA0003368C01A80B2DAE70023C8F88C300222E7
:103EB000D9F86C303846984708E02DF03DF8336863
:103EC000C01A80B2E6E70DB92DF080FF18F05AF85D
:103ED000002DD4D0236901332361D3E7EC090120FD
:103EE000140A01204C0A012008B5064A064904209C
:103EF00000F0A8FABDE8084004481C2200213CF06C
:103F0000FDB900BFF13C0300213D0300140A01206C
:103F100013B50C4601902DF061FF084B0198D3F8C2
:103F20008C1031B10022C3F88C20236F02229847F5
:103F30000198A36E02B0BDE8104018474C0A01205A
:103F40002DE9F0410F4D876A044608460E462DF0D4
:103F5000BFFD0D4BAB67A0680C4BEB6718F03AF850
:103F60003B6EC5F88000A06005F17800C5F884308C
:103F70002DF090FD002385F87030736E2046BDE86B
:103F8000F04118474C0A012041400300913F0300D3
:103F9000F8B50C461F4605462CF0CEFF254E306086
:103FA00017F0DAFF17F0D8FF826A9DF8183082F810
:103FB0007840214C82F8793094F870301BB9012395
:103FC00084F8703057670023D4F88C10C4F88C3014
:103FD000136F2A46984717F0CFFF30B115F0FB0F4B
:103FE00001D12DF0F3FE17F0CDFF032D134C0FD0B0
:103FF000042D11D0A5B9236801332360258B2CF043
:104000009BFF3368C01A85420ED9208B2083F8BDF0
:10401000A3680133A360F1E7636801336360EDE7F0
:10402000236901332361E9E72CF086FF3368C01A66
:1040300080B2EBE7EC0901204C0A0120140A0120B0
:104040002DE9F04385B080462CF076FF2E4D2F4EA3
:10405000286017F081FF17F07FFFD0F828902C4CD4
:10406000D9F86C30414607469847B8F1000F29D17E
:10407000D6F88C300BB3A78A2CF05EFF2B68C01AE1
:10408000874214D9A08AA08201238DF8043001A8A8
:104090000023CDE902332DF013FDB6F88810D6F8D1
:1040A0008C002DF069FEE3680133E3601AE02CF028
:1040B00043FF2B68C01A80B2E5E72DF087FE17F0AA
:1040C00061FFF0E7D6F88C1039B10023C6F88C30C8
:1040D0000222D9F870303846984717F053FF236909
:1040E00001332361668B2CF027FF2B68C01A8642B0
:1040F00004D9608B608305B0BDE8F0832CF01CFF11
:104100002B68C01A80B2F5E7EC0901204C0A0120A7
:10411000140A012008B5064A0649052000F092F964
:10412000BDE8084004481C2200213CF0E7B800BF6D
:10413000113F0300413F0300140A01201FB5002373
:1041400001A8CDE9013303932DF0BAFC05B05DF869
:1041500004FB000070B5104D104BAB670646104BCA
:104160008068EB670C4617F035FF236EC5F88000BA
:10417000B0602046C5F884302DF0AAFC05F1780027
:104180002DF088FCFFF7DAFFB4F86C10A06EBDE8E4
:1041900070402DF07BBD00BF4C0A01203D42030062
:1041A000A541030070B5044617F0D6FE17F0D4FE03
:1041B000856A14F0FB0F6B6E214620D19847F8B149
:1041C0002DF004FE1A4B1B689E782CF0B5FE30448F
:1041D00017F000FF174E2B6EC6F880002846C6F871
:1041E00084302DF075FC06F178002DF053FCFFF7BC
:1041F000A5FFB5F86C10A86E2DF048FD02E09847B9
:1042000017F0C0FE032C0C4B06D0042C08D05CB970
:104210001A6801321A6070BD9A6801329A60FAE732
:104220005A6801325A60F6E71A6901321A61F2E7F8
:10423000303401204C0A0120300A0120F7B5054630
:1042400017F08AFE17F088FE1B4E846A074625BBCE
:104250002DF0BCFD236E29463846984700B3174D14
:10426000B4F86A00D5F88030184417F0B3FEC5F8EA
:10427000800020462DF02CFC05F178002DF00AFC82
:10428000FFF75CFFB4F86830ADF800300121636ED1
:10429000019368462DF04AFC05E0236E29469847B5
:1042A00017F070FE25B9F3680133F36003B0F0BD79
:1042B000336901333361F9E7300A01204C0A0120E8
:1042C00073B5114D114BAB670646114B8068EB6718
:1042D0000C4617F07FFEC5F88000B06020462DF038
:1042E000F7FB05F178002DF0D5FBFFF727FFB4F8B9
:1042F0006830ADF800300121636E019368462DF0FF
:1043000015FC02B070BD00BF4C0A01203D42030005
:10431000A541030008B52DF061FDBDE8084017F088
:1043200031BE000008B5084A0849002000F08AF8AC
:10433000054A0749012000F085F8BDE80840054816
:104340001C2200213BF0DABF15430300C1420300E9
:1043500055410300300A0120816A034B0A7853F863
:10436000323003B1184770474C0A0120816A044B70
:104370000A7803EBC2035B6803B11847704700BFBC
:104380004C0A01202DF092BA2DF042BB08B52DF059
:104390003FFBBDE8084000202DF0AEBB08B52DF076
:1043A000D7FA00202DF09EFBBDE8084001202DF03B
:1043B000A3BB08B52DF0CCFABDE8084000202DF0D5
:1043C00091BB08B52DF0C4FABDE8084001202DF0DE
:1043D00089BB000013B5124C2DF06AFA114A12493C
:1043E000124B0094012017F02FFE114B0D4A0E497D
:1043F0000094022017F028FE0E4B0A4A0093002179
:104400000D4B032017F020FE0C49012017F02AFE67
:104410000B489822002102B0BDE810403BF06EBF6F
:10442000894303006D43030059430300C343030062
:10443000B34303008D4303009D4303008543030002
:104440004C0A0120034B43F8301003EBC0004260DC
:10445000704700BF4C0A0120F0B504468C4617781F
:10446000D3E9000185B016461D46002C36D0CFB1E9
:104470004FEA112E0EF0C00EBEF1400F12D1BCF16A
:10448000000F04D000F0F6FC204605B0F0BD00F0AF
:1044900067FC044608B10124F6E71F4AD38B0133B9
:1044A000D383F1E702460B46384600F067FD023839
:1044B000C0B20128EFD80DF10F0300933078D5E991
:1044C000002300F0FFFB18B19DF80F30002BDBD16B
:1044D000114A138B013313830224D5E727B10B0A4A
:1044E00003F0C003402BD6D002460B46384600F0FE
:1044F00045FD02380128CED80DF10F030093307826
:10450000D5E9002300F0DEFB0028E1D09DF80F3054
:10451000002BC0D1DCE700BFE40A01202DE9F04107
:10452000884617461E46044658B152EA06030E4D09
:104530000AD100F02BFE012806D1EB880133EB8075
:1045400004462046BDE8F0813A463346404600F036
:104550009BFD20B9AB880133AB800224F1E7EB88E7
:104560000133EB80EDE700BFE40A01201FB50B46E5
:10457000DDE9064110B9002004B010BDCAB10A0A35
:1045800002F0C002402A14D133B10AAB08AA204677
:10459000039100F0C3FC0399DDE90A232046CDE92D
:1045A00000239DF8202000F019FC003818BF0120DE
:1045B000E2E7DDE90A239DF8200000F0F0FC023874
:1045C000C0B20128D7D8034A538B0133538302204A
:1045D000D2E700BFE40A01202DE9F04F90F800B0C7
:1045E0000D88704E0BF00F0B45FA0BF515F0010519
:1045F0001C4687B0437880460F46914606D13388E3
:1046000001333380284607B0BDE8F08F72884FF43D
:10461000C07A4AFA0BFA01321AF0010A728001D00C
:104620000125EFE703F03F03637484F810B010F83E
:10463000025B25F02BFCC5F38015E574A574C4E975
:104640000201C4E90001786804F1080304F11302CF
:104650004946C0F38010FFF7FFFE0128054602D04F
:10466000022838D05546D7F804C094F813E01CF05F
:10467000040AD4E902230ED0D7E90410834208BF0C
:104680008A4203D1CCF3C00CE64526D030890130F4
:1046900030814FF0020A788840FA0BF0714600F042
:1046A0000100FFF73BFF5045E17C21D27B6813F00E
:1046B000040FD4E902E0D7E904C217D0904208BF42
:1046C000E64503D1C3F3C00399420CD033890133CB
:1046D0003381012D19D1002594E770890130708153
:1046E0004FF0010AD7E773890133738101250CE08C
:1046F000788840FA0BF0D4E9022300F00100FFF7BC
:104700000DFF0128F2D90228E3D02A2323FA0BF364
:1047100025754FF0010ADD0784F815A080D54046C5
:1047200010F8085B25F0B2FBD4E9022383467868D1
:10473000CDE90423ED09E37C0293CDE900B188467D
:104740002A464946C0F30010FFF710FF01283FF446
:1047500067AF0228BFD0D7E90131D807FA687FF5E3
:104760005FAF424508BF594503D1C3F34002AA4297
:1047700013D0B2890132B281002DACD04FEA182893
:1047800008F0C008B8F14008A5D19B06A3D5338C2A
:104790000133338484F8158034E7F3890133F381DE
:1047A0003EE700BFE40A01202DE9F04F07461C4612
:1047B00008883B7C634D184110F0010087B00E461D
:1047C000904605D12B8801332B8007B0BDE8F08FD0
:1047D0006B8801336B80D7E90023C4E90223C4E965
:1047E0000023BB7CE374A374486804F1080304F15C
:1047F00013024146C0F38010FFF72EFE01288146C8
:1048000003D002283CD04FF00009D6F804C094F839
:1048100013E01CF0040AD4E902230ED0D6E90410F8
:10482000834208BF8A4203D1CCF3C000864529D019
:104830002889013028814FF0020A708897F810C04B
:1048400040FA0CF0714600F00100FFF767FE50459A
:10485000E17C23D2736813F0040FD4E902E0D6E9B7
:1048600004C218D0904208BFE64503D1C3F3C00389
:1048700099420DD02B8901332B81B9F1010F1AD147
:104880000020A2E76889013068814FF0010AD4E76F
:104890006B8901336B814FF001090CE03B7C708820
:1048A000184100F00100D4E90223FFF737FE012888
:1048B000F1D90228E1D084F814904FF0010984F86E
:1048C00015907B7C9B0701D401207EE7D4E902236D
:1048D00097F813B07068D7E902A7CDE90423E37C09
:1048E0000293CDE900A75A464146C0F30010FFF7F6
:1048F0003DFE01283FF469AF0228C1D0D6E901315D
:10490000D807F268E0D5BA4208BF514503D1C3F3D6
:1049100040025A4511D0AA890132AA81BBF1000F89
:10492000AED03F0A07F0C007403FA9D19B06A7D5EC
:104930002B8C01332B846775C6E7EB890133EB8140
:10494000C2E700BFE40A012030B50B4C0B4D002339
:1049500023700B4C23708B0716BF21F003030B460B
:1049600004332B6003EB0013591A914296BF207059
:10497000002088B230BD00BF0A0B01200C0B0120C3
:104980000B0B0120F0B50E499DF814C00D780D49B0
:1049900009680024A54201D80020F0BD0E7A8642A5
:1049A00008D1D1E900769E4208BF974202D14E7AE3
:1049B000664502D001341031ECE70120EDE700BF7D
:1049C0000A0B01200C0B0120014B1878704700BF27
:1049D0000B0B0120014B00221A7070470A0B0120BB
:1049E00030B50B490B4D09782C78A1420DD90A49F5
:1049F000096801EB0411C1E9002301349DF80C3072
:104A000008724B722C70012030BD0020FCE700BF03
:104A10000B0B01200A0B01200C0B01202DE9F041AA
:104A20001B4CDFF870E027689DF818809EF8001096
:104A300084463C460025EEB2B14201D8002021E078
:104A4000267A664520D1D4E900069E4208BF9042EE
:104A50001AD1667A464517D1012901F1FF330ED0EC
:104A60009D420CD001F18051013907EB01110A7A06
:104A70002272D1E90067C4E900674A7A62728EF84F
:104A800000300120BDE8F08101351034D3E700BFCC
:104A90000C0B01200A0B0120F0B50C490D780C49D4
:104AA00043EA00430C680021C8B2854201D80020C7
:104AB0000AE02046D0E908769E4208BF974201F1FD
:104AC000010104F14804EFD1F0BD00BF140B012037
:104AD000180B012030B585B005460C461022002188
:104AE00068463BF00BFC6A46ADF80040114628468C
:104AF000240C8DF802402DF0B3FB9DF802309DF898
:104B000001209DF800001B0443EA0223184305B06E
:104B100030BD13B5042104460DEB01002DF0FAFB66
:104B20000199C1F3150141F4800120460191FFF77D
:104B3000D1FF019940EA0160090A02B010BD0000EE
:104B400030B50C4C0C4D002323700C4C23708B079C
:104B500016BF21F003030B4604332B6000EBC005A6
:104B600003EBC503591A914296BF2070002088B20A
:104B700030BD00BF140B0120180B0120150B0120C4
:104B8000014B1860704700BF100B0120014B1878D3
:104B9000704700BF150B0120014B00221A707047AF
:104BA000140B0120F8B507461D46FFF775FF1646A2
:104BB000044688B92E4A2F4B11781B788B4201D8B6
:104BC0000020F8BD2C48046801EBC10314EBC304BA
:104BD00001F101011170F3D045EA0745069BC4E9D4
:104BE0000865224603F1100153F8040B42F8040B48
:104BF0008B42F9D1012384F8403004F10F02631E87
:104C000013F8011F71B3002384F84030079B04F1AF
:104C10001000024603F1100153F8045B42F8045BF4
:104C20008B42F9D1012384F8413004F1200203467C
:104C300013F8011BC9B1002384F84130002300227E
:104C4000C4E90A23C4E90C23C4E90E230023A4F811
:104C5000423094F841301BB9FFF75BFFC4E90C0107
:104C60000120AEE79A42CBD1D0E79A42E0D1E5E706
:104C7000140B0120150B0120180B012038B5FFF78C
:104C80000BFF80B1084D2C78012C09D90749482227
:104C900009686FF0470312FB043319443BF006FB2D
:104CA000013C2C70012038BD140B0120180B012091
:104CB00008B5FFF7F1FE20B19DF8083080F84330C9
:104CC000012008BD08B5FFF7E7FE20B1029B90F870
:104CD00043201A70012008BD10B5029CFFF7DCFECE
:104CE00040B1D0E90A2352EA03011ABFC4E9002304
:104CF0000120002010BD10B5029CFFF7CDFE40B191
:104D0000D0E90C2352EA03011ABFC4E900230120B1
:104D1000002010BD08B5FFF7BFFE28B1029BD3E904
:104D20000023C0E90C23012008BD10B5FFF7B4FE35
:104D3000044698B190F8403083B990F8423033B9C6
:104D4000FFF7E7FEC4E90A01012384F84230D4E901
:104D50000A01029BC3E90001012010BD0020FCE70D
:104D6000F7B51A4C94F800C0194C00262568344653
:104D7000F7B2BC4510D80CB3164C2468F4B1164EEB
:104D8000758C01357584D3E90067CDE90067137828
:104D90000122A047002411E095F8407097B9D5E9A9
:104DA0000A748C4208BF87420BD1E98C01F00101E3
:104DB0001170296AAA8CC3E900120124204603B0AD
:104DC000F0BD012401364835D2E700BF140B0120A5
:104DD000180B0120100B0120E40A01202DE9F347F4
:104DE000DDE90A679146804632463B4648460D4615
:104DF000FFF752FEE8B190F84140D4B9D0E90E2354
:104E0000AB4208BF424516D00C4BD3F800A0BAF114
:104E1000000F0AD00A4A938C013393844046CDE9AF
:104E200000674B4622462946D047204602B0BDE8DF
:104E3000F0870024F9E70124F7E700BF100B0120F9
:104E4000E40A012038B505461046DDE904230C4686
:104E5000FFF722FE50B190F8413043B9D0E90E235C
:104E6000A34208BFAA420CBF0120002038BD002089
:104E7000FCE700002DE9F74F0E46010E41EA06213E
:104E8000DFF894A0009205461F4621F07F414FF0C5
:104E900000084FF0480B1E4B1B785FFA88F4A342C2
:104EA00005D81C4A138A01331382002029E0DAF85E
:104EB00000300BFB043494F84090B9F1000F23D17B
:104EC000D4E90A23B34208BFAA4210D02046019178
:104ED000FFF700FE25F07F438342019914D10D4A6C
:104EE00084F84290538AC4E90A5601335382E38C12
:104EF000009A03F001031370226AA38CC7E9002310
:104F0000012003B0BDE8F08F08F10108C3E700BF3E
:104F1000140B0120E40A0120180B012070B50E4685
:104F200011460546D3E900230878FFF7B5FD04468E
:104F3000E0B190F84130CBB9D0E90E23B34208BFBD
:104F4000AA4211D0290E41EA062121F07F411030FA
:104F5000FFF7C0FD25F07F43834207D1064AD38A7D
:104F6000C4E90E560133D382012004E0024A938A39
:104F700001339382002070BDE40A012008B5FFF7D9
:104F80008BFD48B1D0E90A32134306D190F8403086
:104F9000002B14BF0120022008BD0320FCE708B548
:104FA000FFF77AFD48B1D0E90C32134306D190F8EF
:104FB0004130002B14BF0120022008BD0320FCE774
:104FC0002DE9F041134E144F00254FF04808337877
:104FD000ECB2A34201D8BDE8F0813B6808FB043481
:104FE00094F841302BB904F11000FFF792FDC4E9A9
:104FF0000C0194F840303BB994F8423023B120467C
:10500000FFF787FDC4E90A01012384F844301D44F9
:10501000DDE700BF140B0120180B012008B5FFF7D6
:105020003BFD30B1002290F8443080F8442018460F
:1050300008BD0346FBE708B5FFF72EFD003818BF93
:10504000012008BD30B50C4C0C4D002323700C4CD6
:105050002B7023708B0718BF21F00303094D0CBF81
:105060000B4604332B6003EBC003591A914296BFE1
:105070002070002088B230BD1D0B01201C0B0120C8
:105080001E0B0120200B012030B543EA00400A4BE3
:1050900019680A4B1C7801EBC404A14201D100201D
:1050A00030BDD1E90053834208BF954201F10801A8
:1050B000F3D10120F4E700BF200B01201D0B0120DC
:1050C000014B1878704700BF1E0B0120024A0023D5
:1050D0001370024A137070471D0B01201C0B012036
:1050E000F8B5064615461C46FFF7CEFF80B9094BBA
:1050F000094A197812788A420BD9084A126802EBD9
:10510000C10742F8315044EA064401317C6019700D
:105110000120F8BD1D0B01201E0B0120200B0120DA
:10512000DFF84CC043EA0040104B9CF80010F0B58B
:105130001C68254604EBC10E754501D1002014E022
:105140002B46D3E90076864208BF974205F1080551
:10515000F2D101291EBF04EBC10454E90245C3E9A1
:10516000004501398CF800100120F0BD200B012012
:105170001D0B0120014B01221A7070471C0B0120EE
:10518000014B00221A7070471C0B0120014B18784C
:10519000704700BF1C0B012008B516F053FEFFF747
:1051A00019F9FDF7C3FDFEF79FFEFEF77FFBFEF743
:1051B000B1FFFEF78DF9FEF79DF9FEF721FD2CF00A
:1051C00033FEBDE80840FFF7ADB8000008B503485E
:1051D00028F050FDBDE8084017F092BB09CA040052
:1051E00008B513F025FA13F063FA13F053FA13F02D
:1051F00035FA13F056FA13F063FA13F068FA13F065
:1052000020FA13F057FA13F057FA13F030FA13F0AC
:1052100065FA13F035FA13F051FA034828F02AFD25
:10522000BDE8084013F07AB9A18504002DE9F041EA
:10523000DDE906570C469846164616F0FDFD3A463F
:1052400029462046FFF7FEFE05443F1A3A46294606
:1052500004464046FFF778FB04443A1A29183046C2
:10526000FFF76EFC2044BDE8F08170B516460D4690
:1052700013F04EF93146284613F004FA361A054465
:1052800031460446284613F0DAF90444311A28441A
:1052900013F0EBF9204470BD30B585B0036901937C
:1052A000C368009304468379427901790068FFF767
:1052B000BDFFE16822690144121AE16022610546DE
:1052C000A068FFF7D2FFE3680344E36023691B1A79
:1052D000236128440390FFF75FFFFFF777FFFFF795
:1052E0007FFF039805B030BD08B5034828F0C2FC25
:1052F000BDE8084012F04ABD2980040013B50446F9
:105300000548019128F0B6FC019A214602B0BDE89B
:10531000104016F0D3BE00BFE9C0040008B512F07B
:1053200061FD12F02BFE12F0D9FD12F08BFD12F090
:1053300035FE12F0A9FD12F077FD12F00FFE12F00B
:1053400063FE12F05FFD12F0E9FD12F08BFD12F02A
:10535000BDFD12F049FEBDE8084012F031BE38B57F
:105360000546FFF799FFAB680446998CD88BFFF789
:10537000C5FFFFF7D3FFFFF7B7FF12F0ADFF2046E1
:1053800038BD000037B5044615F004FC144B9C42B0
:10539000144B4FF000020CBFDA701A7194F84230CF
:1053A00003F0FD03012B01D115F004FC204607F0AA
:1053B00085F804F128050DF10701284624F0F9FBD2
:1053C00040B930340DF10701204624F0F2FB20B93A
:1053D00003B030BD24F0D4FBEDE724F0D1FBF1E7BE
:1053E000580C0120A0300120154A38B5154C164B39
:1053F000106851681D6804F13C0303C304F14800C0
:105400002979124D07F082F9012016F02DFD15F0D3
:10541000B9FB0123EB7094F8423003F0FD03012B3C
:1054200001D115F0BFFB07F06BF800200123687174
:1054300084F89031A4F88E31BDE8384015F061BB96
:105440003C310120580C0120500C0120A0300120DB
:10545000054BDB7833B10548012380F899309C3047
:1054600017F082B9704700BFA0300120580C01200E
:10547000002015F046BB0C2015F043BB08B50120F9
:1054800016F008FDBDE808400148FFF77BBF00BFEC
:10549000580C012008B5012016F0FCFC0348FFF76A
:1054A00071FFBDE80840002015F02BBB580C01200F
:1054B000FFF7E4BF034B044A19684B6813608B681D
:1054C00053607047500C01203C31012008B5084B57
:1054D00008481B68197990F888308B4202D0483010
:1054E00007F014F9BDE80840002015F00ABB00BF22
:1054F000500C0120580C012010B50446012016F074
:10550000C9FCA37B03F0FD03012B01D115F052FB75
:10551000D4F8980220B124F033FB0023C4F8983269
:10552000D4F8A00220B124F02BFB0023C4F8A03251
:10553000034AD378013BD370BDE8104015F02ABB75
:10554000A030012038B505460C4C012016F0A2FC15
:105550002C1B0B4AEB68A41154430BB1A0B2984723
:105560000434E0B216F0BCFA95F810320BB115F025
:1055700031FB15F00FFB00232B7038BD681601209E
:10558000A38B2EBA38B50C4605460E2200212046C4
:105590003AF0B4FE204695F8703200F8023BD5E9A7
:1055A0009E2324F079FC95F87132637095F8B83237
:1055B0002372D5F81C31054AA3FB0232DB0F43EA04
:1055C0004203638195F82031237338BDE3361A0016
:1055D00038B50446012016F047FCA37B03F0FD0319
:1055E000012B01D115F0DEFA00236370A370A4F83B
:1055F000083284F83C30204607F07CFB054620B991
:10560000204607F07BFC054640B1284615F036FBE6
:1056100020460321BDE8384007F042BE074AD37850
:105620000133D37015F0AEFA012384F86830A4F882
:1056300066302846BDE8384015F020BBA030012078
:10564000002015F01BBB000070B4017C104C8A1EBA
:10565000514266785141B6EB410F4FF001024FEADB
:10566000410582700AD190F8082222B900F5037032
:1056700070BC17F079B800F53E70F9E72378AA40BE
:1056800023EA02032370032170BC07F009BE00BFA8
:10569000F00D0120002015F0F1BA000010B5094C02
:1056A0006378012B04D9BDE810400C2015F0E6BA50
:1056B00004F1600024F075FB04F17000BDE81040B7
:1056C00024F06FBBF80D0120034B5B7813B10C2065
:1056D00015F0D4BA704700BFF80D0120024B58787E
:1056E00000B10C2015F0CABAF80D012008B5FFF77B
:1056F00003FF044B5B7823B1BDE80840002015F0A0
:10570000BDBA08BDF80D012038B51C4B1C6801203E
:1057100016F0AAFB23790BB115F054FA184D237932
:105720002B72D4E90223C5E90423E379AB72A37990
:105730006B7208F0F5F8D0B1A861237980F81032C7
:10574000A37980F81132E37980F81232D4E9022388
:10575000C0E98623238AA0F80832638A03EB830317
:105760005B00A0F80A320B23037263798371A86986
:1057700007F066FEBDE8384015F004BADC1E0120D3
:10578000A81E0120034B5A78012A04BF00225A7038
:10579000704700BFA81E012010B5084C6378012B8C
:1057A00004D1A069C370283016F0DEFFA069012380
:1057B0000371BDE81040052107F08CBDA81E012033
:1057C00030B50F4C6378012B85B007D1A069002557
:1057D000C3700571283016F0C7FF6570A06969466F
:1057E000FFF7D0FEA169074BC91A074B891159432E
:1057F0006A4689B23E2015F075FA05B030BD00BF8B
:10580000A81E012068160120A38B2EBA1FB50E4CCE
:10581000A069C378012B04BF0023C370FFF792FE79
:10582000A469237973B10E22002168463AF066FD1F
:105830000649074B611A891159436A4689B24420C7
:1058400015F050FA04B010BDA81E01206816012002
:10585000A38B2EBA2DE9F0433C4B85B01D6808F0B0
:105860005FF8044600286ED0012016F0FDFA0023F0
:1058700084F8103295F8203084F8113295F82130F0
:1058800084F81232D5E90A23C4E9862395F8233037
:105890002F4F84F8B8322F4E4FF07A73C4F8083285
:1058A0000C233461A91D237238460CF0F9FBBB8828
:1058B00040F2E2425343C4F81C3195F8203084F89A
:1058C000703295F8213084F87132D5E90A01DB078E
:1058D000C4E99E011CD50B0A03F0C003403B17D15D
:1058E0004FF000084FF000098DF807300DF1070266
:1058F00002ABCDE90289FFF7BDFA48B19DF8073048
:1059000043F0020384F87132DDE90223C4E99E23E7
:10591000306907F095FD15F035F9AB88B3806B8BD6
:10592000F380AB8B33812B8E738195F82230288BDB
:105930003373EB8B7080F38107F074FE05B0BDE824
:10594000F04304F04DB805B0BDE8F083DC1E012043
:10595000E01E0120C81E01207047000010B5064C53
:1059600020690123C370283016F0FEFE21693E2015
:10597000BDE8104008F010B8C81E0120034B18699C
:105980000123C370283016F0EFBE00BFC81E0120EF
:10599000044B1869C378012B04BF0023C370FFF7C1
:1059A000D1BD00BFC81E01201FB5037A0B2B0446D2
:1059B0000ED16946FFF7E6FD0A490B4B611A8911C2
:1059C00059436A4689B2002015F08CF904B010BD25
:1059D0000C2BFBD10146002004B0BDE8104007F0BD
:1059E000DBBF00BF68160120A38B2EBA0123837092
:1059F000283016F0B9BEFFF7A5BD0000012310B591
:105A000004468370283016F0AFFE04F5187024F0B9
:105A1000C8F90548054B201A80115843BDE81040CD
:105A200080B215F086B900BF68160120A38B2EBA8C
:105A3000F8B50579C38815B1012D18D0F8BD4FF41C
:105A400030720F49068840885343CC18B4F8482177
:105A5000921B8242F2DCD4E9506703F50A73C4E971
:105A60008A67C81815F0EEF884F83851E6E7044A5A
:105A70004FF4307101FB0323002283F8A021DDE7FE
:105A80006816012008B515F085F8064B00225A70FB
:105A9000054B93F821301BB1BDE8084015F08AB8DA
:105AA00008BD00BFA03001207831012008B50120D9
:105AB00016F0DAF915F066F8074B01225A70074B19
:105AC00093F821300BB115F06DF808F063F8BDE8DC
:105AD0000840002015F006B8A030012078310120E0
:105AE00008B5012016F0C0F915F04CF8064B01225C
:105AF0005A70064B93F821300BB115F053F8BDE8FE
:105B0000084008F047B800BFA030012078310120DC
:105B1000054B5B7833B10548012380F829302C30E0
:105B200016F022BE704700BFA0300120281F0120C0
:105B3000002014F0D7BF0C2014F0D4BF2DE9F041A1
:105B4000594B5B788AB0002B00F0AA80574C94F830
:105B50002860BEB3D4F8BC80B8F1000F2DD004F19A
:105B6000D803012204F1A0014046FEF735FD0646A8
:105B7000602023F0F9FF0546002800F08D8000F139
:105B8000080708F1020138460CF055FC38460CF0C5
:105B9000AAFC002837D1284623F0F2FF042023F086
:105BA000E3FF014630B14FF441734380404B187B13
:105BB00023F0EFFF012016F06DF90AB0BDE8F041C7
:105BC000FFF760BF3B4C08F01DF9257C012DF1D19A
:105BD0003146242201A83AF091FB43F60543ADF883
:105BE00006303C238DF80830A37C8DF80D300DF184
:105BF0000E00D4E906238DF80C5024F04DF901A8CD
:105C000014F068FFD6E7002EC5D00023AB70D4F89F
:105C10001831AB6394F8EB3085F83C3094F8EA2007
:105C20009A4207D1D4E93861D4E93602914208BFDB
:105C3000864203D043F0020385F83C30D4E9382390
:105C4000C5E9122300220023C5E9142394F8EB20B0
:105C500094F8EA309A4207D1D4E93802D4E93613ED
:105C60009A4208BF884203D0D4E93623C5E91423F9
:105C7000104BD3E91C23C5E9162394F82A3085F884
:105C80003D300123EB87002385F84130084B29463E
:105C9000187B23F07EFF90E7002E3FF47FAF8CE768
:105CA0000AB0BDE8F08100BFA0300120281F01200C
:105CB000E03001207831012008B5012016F0EAF823
:105CC000FFF7E0FE08F09EF8BDE80840002014F061
:105CD00009BF08B5012016F0DDF8FFF7D3FEBDE8D7
:105CE000084008F08FB80000054B30B51C68054D22
:105CF00008340FCC0FC594E80F0085E80F0030BDC5
:105D0000500C01208031012010B50446012016F00E
:105D1000C1F8074B1868074B201AC01058430430CD
:105D2000C0B215F02DFEBDE8104014F033BF00BF27
:105D3000B4200120DF3A82D210B50446D0F888089A
:105D400028B1043823F01CFF0023C4F88838D4F8A5
:105D50008C0728B1043823F013FF0023C4F88C37D4
:105D600094F83B300BB114F025FF024A9378013BC5
:105D7000937010BDA030012038B51C4D04460120A1
:105D800016F072F82A68137A84F88032002384F8B7
:105D9000813284F8823284F8F836A4F8FA365168F1
:105DA000C4F88432204609F0E3F9014640B1607836
:105DB00014F0CCFF20460421BDE8384009F094B827
:105DC0000B4A93780133937094F83B300BB114F085
:105DD000E9FE2B68596819B104F51C7023F0DEFF49
:105DE00060780021BDE8384014F0B0BFB820012031
:105DF000A030012038B5164D0446012016F034F8C5
:105E00002A68137A84F88032002384F8813284F877
:105E1000823284F8F836A4F8FA365168C4F884322D
:105E2000204609F0A5F9014640B1607814F08EFFD4
:105E300020460421BDE8384009F056B82B6859685F
:105E400029B104F51C70BDE8384023F0A7BF38BD68
:105E5000B820012037B50D4D044600F51C700190A7
:105E600023F09FFF2B680198596809B123F096FF32
:105E70002B6860781B7A84F88032002184F88112C4
:105E800003B0BDE8304014F061BF00BFB82001206E
:105E900010B5044600F51C7023F083FF002384F83E
:105EA0008232012384F8FA3610BD4078002114F0C4
:105EB0004DBF40780C2114F049BF0000F0B590F8B8
:105EC000F8569DB0044665BB00F51C7023F069FFD1
:105ED0002046FFF731FF012015F0DCFF94F88132F6
:105EE00094F8821260782A4614F01BFE238C03F08B
:105EF0001D031D2B13D13C23002206930023CDE963
:105F00000423CDE90223D4E90C2360780795CDE979
:105F10000023012194F83A302A4600F0D1FA1DB04E
:105F2000F0BDD0F88C67764F002E76D000F5F56383
:105F300000F5EE6101223046FEF74EFB002800F02E
:105F4000CB80602023F010FE0546002800F0C480BE
:105F50006378038000238370314610A80CF042FA66
:105F6000311805F108000CF066FAD4F88C37002BD4
:105F70007DD094F8BBC785F83CC094F8BA37634528
:105F800004F5F66308D153E90202D4F8B067596802
:105F9000914208BF864203D04CF0020C85F83CC009
:105FA000D3E90001C5E9120100210020C5E914016F
:105FB00094F8BB1794F8BA27914208D153E902022A
:105FC000D4F8B0675968914208BF864203D053E9BC
:105FD0000223C5E91423012385F83E30D4F8F436B2
:105FE000AB63484B387BD3E91C23C5E9162394F8EF
:105FF000F93685F83D30012385F83F3094F8813239
:1060000085F8403094F8F03685F84130294623F081
:10601000C0FD2046FFF790FE81E7D0F88868002E8B
:106020008FD0314608A80CF0DDF9311810A80CF01B
:1060300002FA00230F939DF820308DF838300323A7
:106040008DF83930DDE91023CDE90A23DDE912238B
:10605000CDE90C23BDF82230ADF83A30012204F529
:106060000C6304F5EE610AA8FEF79EFB66E794F860
:10607000D3C885F83CC094F8D238634504F50C6366
:1060800008D1D3E90261D4F8C0085A68914208BF28
:10609000864203D04CF0020C85F83CC0D3E90201E3
:1060A000C5E9120100210020C5E9140194F8D318B4
:1060B00094F8D228914208D1D3E90261D4F8C008FB
:1060C0005A68914208BF864203D0D3E90023C5E94C
:1060D000142394F825387FE7637826F8043C0823D6
:1060E00006F8023C032306F8013C387B311F23F0FD
:1060F00050FD01201DB0BDE8F04015F0CBBE00BF43
:10610000E03001207831012010B50446FFF714FE7D
:10611000012015F0BFFE60780021BDE8104014F0AA
:1061200015BE10B50446FFF707FE012015F0B2FEBC
:106130002046BDE8104008F007B83C2380F88232C2
:10614000012380F8FA367047F0B5D0E900760022D6
:106150001346C3F12005A3F1200427FA03F106FA40
:1061600005F5294326FA04F42143C90742BF8118E3
:1061700001320B720133252BEBD180F82D20F0BDBD
:1061800073B504460025012015F06EFE84F81E52FA
:1061900006F0EEF8284BA4F82851D3E90C23254645
:1061A000C4F82401E5E98C23284614F04BFDD4F80B
:1061B0002431B4F8281183EA13430126A4F860328D
:1061C000284684F85E6208F0C5F884F81D0220466F
:1061D00009F01AF9054650B12046032109F0DCF810
:1061E0006078294602B0BDE8704014F0E6BDA3789F
:1061F00084F82161012B15D194F8DD280AB984F8BF
:106200002A31D4F8C423B4F8C0130192009114F0D9
:1062100019FCDDE9001223F067FE0123A4F8D00386
:1062200084F8DE386078002114F0C7FD02B0BDE8C4
:10623000704014F0A7BC00BFA030012040780021BE
:1062400014F0BBBD40780C2114F0B7BD37B583788E
:10625000012B044613D190F82151012D0FD1D0F814
:10626000C423B0F8C0130192009114F0EBFBDDE9F8
:10627000001223F039FE84F8DE58A4F8D00301237D
:1062800084F81E3204F59670002384F8213184F8D6
:106290002A3103B0BDE8304016F066BA10B590F868
:1062A0002031012B044604D1FFF7D0FF2046FFF731
:1062B0002BFD2046BDE81040FFF7EABD10B590F871
:1062C0002031012B044604D1FFF7C0FF2046FFF721
:1062D0001BFD2046BDE8104007F036BF10B5044650
:1062E000FFF712FD60780021BDE8104014F065BD95
:1062F00090F85030012B12D0094B1B68D3E90223D0
:10630000C0E99A23C0E91623B0F828310633A0F873
:106310006030082380F85230012380F850307047F5
:10632000B0200120D0F8E8380BB14078184770470A
:10633000D0F8EC380BB1407818477047682200213C
:1063400039F0DCBF5030FFF7F9BF2DE9E8410646D0
:106350001820884615461F460AF052F878B380F890
:1063600000802B8843702B881B0A83706B88C37056
:106370006B881B0A0371AB884371AB881B0A83715E
:10638000EB88C371EB8847721B0A0372B6F81631AB
:106390008372B6F816311B0AC37200F11A0100F1BC
:1063A0000E03FF2203F8022C03F8012C023399425A
:1063B000F8D101463046BDE8E84109F0FFBFBDE82D
:1063C000E88138B5044609200D460AF019F800287E
:1063D00042D0057094F81412B4F82A22B4F82E3280
:1063E00019B1D4F81812090523D4B2F5056F28BFE6
:1063F0004FF40562B3F5056F28BF4FF40563B4F899
:1064000028124170B4F82812C270090A120A817069
:106410000271B4F82C224271B4F82C22C371120A12
:106420001B0A8271037201462046BDE8384009F01C
:10643000C5BF94F84510032904D1B2F5296F38BFC0
:106440004FF4296294F844100329D8D1B3F5296F89
:1064500038BF4FF42963D2E738BD70B50546022036
:106460000E4609F0CDFF044648B3067015F0A0FDB6
:106470001428034617D91E2817D9322817D94B28B4
:1064800017D9642817D9962817D9FA288CBF002362
:10649000012395F8CA221344637021462846BDE8BB
:1064A000704009F08BBF0723F3E70623F1E70523CC
:1064B000EFE70423EDE70323EBE70223E9E770BDF1
:1064C0002DE9F0418CB00446884615460021202273
:1064D00004A89DF860601F4639F010FF0523ADF851
:1064E0000C408DF80E308DF80F608DF81060ADF80F
:1064F00012408DF814808DF8157045B1AB8C2A6A66
:10650000ADF8203095F82B3007928DF82230DDE978
:1065100012230DF1160023F0BFFCDDE914230DF169
:10652000290023F0B9FC0DF12300DDE9162323F047
:10653000B3FC03A814F0CEFA8EB90A4B1B6A5B04B5
:106540000DD52123ADF8063001A89DF86430ADF8D3
:106550000440ADF808408DF80A3014F0BBFA0CB0D6
:10656000BDE8F081A0300120044B1A68043200F528
:106570001B7307CA83E80700704700BF442101204E
:106580000A4BB0F816215B8A9B1A9BB247F6FE7243
:10659000934210B5044602D9492109F00FFB044A81
:1065A00007CA04F51E7383E8070010BDD020012040
:1065B000D82001201FB5124B124A1B688DF803101A
:1065C000C31A1B1153430022CDE901229BB2ADF83F
:1065D0000C200722ADF800308DF802208DF8041051
:1065E000ADF8063031B9B0F88032D0F87C22029292
:1065F000ADF80C30684614F06DFA05B05DF804FB98
:1066000048210120CF467D67034B1B68D3E9022355
:10661000C0E9A823704700BF4421012010B50446FB
:10662000082009F0EDFE014628B3B4F81631B4F89D
:10663000142113440733A4F8A83201230370D4F8BB
:10664000A0324370D4F8A0321B0A8370B4F8A2328F
:10665000C37094F8A3320371D4F8A4324371B4F830
:10666000A8328371B4F8A8321B0AC3712046BDE872
:10667000104009F0A3BE10BD0E4B30B4044600F527
:1066800028750FCB85E80F00B4F81621B4F8A832AE
:106690009B1A9BB247F6FE72934204D8D4F8A42208
:1066A0000346134304D12046492130BC09F086BA81
:1066B00030BC7047D820012038B50546092009F0C4
:1066C0009FFE0446A8B1AB780A4A002B0CBF0823F2
:1066D0000E2300F8013B084BD3E908130A4003F0EE
:1066E0000F0323F0C4FB21462846BDE8384009F0DB
:1066F00065BE38BD2FCF87F7A030012038B50546DD
:10670000092009F07DFE0446B0B1092300F8013BE1
:106710000A4BB5F81812D3E90823120C12041143DE
:10672000074A03F00F030A4023F0A1FB2146284645
:10673000BDE8384009F042BE38BD00BFA03001209E
:106740002FCF87F70D4A0E49D2E9023210B5D1E9B1
:1067500008410A400B491C4002F00F022140C0E9E9
:106760008612012280F81422C3F34022C3F380234F
:1067700080F8482080F8493010BD00BFD0200120AB
:10678000A03001202FCF87F790F80D2203464AB999
:10679000012280F80D22044A90689289C3F80E0203
:1067A000A3F81222704700BFD02001201FB5114B63
:1067B000114A1B68C31A1B1153439BB2ADF800303A
:1067C000ADF8063090F80E328DF808300922B0F896
:1067D0001032ADF80220ADF80A300022B0F81232C3
:1067E0008DF804206846ADF80C3014F073F905B04C
:1067F0005DF804FB48210120CF467D6710B50446B3
:10680000022009F0FDFD014640B102230370237A06
:1068100043702046BDE8104009F0D0BD10BD000017
:106820001FB5027AFF2A1BD00F4B10491B68C31AF1
:106830001B114B439BB2ADF80430ADF80A30D0F8D1
:106840006032062113F0010FADF8061018BF1622B2
:10685000002101A88DF808108DF80C2014F03AF9E9
:1068600005B05DF804FB00BF48210120CF467D67DD
:10687000034B1B7A0372012380F85832704700BF24
:10688000D0200120024B1B681B790372704700BFA8
:10689000442101203E230372704722230372704774
:1068A000FF23037270472823037270473D2303724E
:1068B0007047000030B5054D00F521740FCD0FC4B1
:1068C00095E8030084E8030030BD00BFD820012014
:1068D0002DE9FF41264FBB680193FB68029300231B
:1068E00003934368DA06044638D40DF104084046A1
:1068F00008F094FE90BB07F108060FCE04F5217551
:106900000FC596E8030063689B0685E8030028D45A
:106910003B89B4F86C229A4205D8B4F86E229A42A8
:1069200028BFA4F86C327B89B4F86C229A4205D84F
:10693000B4F86E229A4228BFA4F86E32BB89B4F82C
:106940007022934228BF1346A4F87032B4F8722222
:10695000FB89934238BF1346A4F8723204B0BDE8F5
:10696000F08198E8070004F51B7484E80700F5E758
:10697000D0200120FFF7F8BDB0F86E32072B8CBF96
:106980000823042300F51B720F21FFF7DEBC000073
:10699000034B1A68102101230432FFF7D6BC00BF55
:1069A0004421012070B52E4BD0F884121D682D4B68
:1069B000B0F88622451B88B02D115D43B0F88432B3
:1069C0000191D0F88812029193424FF000010446E1
:1069D000ADB203910AD090F88C322BB91E21284613
:1069E00012F0F6FD08B070BD9A42F7D301A808F086
:1069F00015FE0028F2D1B4F88432B4F81821B4F8A6
:106A00008662B4F88802B4F88A1293420BD19E428F
:106A100009D1B4F81421824205D1B4F886410A2282
:106A20004A43A24216D01022ADF81A000DEB020024
:106A3000ADF81050ADF81220ADF81450ADF8163086
:106A4000ADF81860ADF81C1014F044F80028C9D156
:106A50001A21C4E701A9284612F084FDC2E700BF4D
:106A600048210120CF467D67084B1B6810B59A88E6
:106A7000DB88A0F82C22A0F82E3200F50A7104461B
:106A800009F0B9FBA4F8380210BD00BF4421012071
:106A90001421FFF796BC1521FFF793BC1FB5134BCC
:106AA000134A1B688DF80310C31A1B1153439BB282
:106AB000ADF80030ADF80430B0F83432ADF806303F
:106AC000B0F83632ADF80830B0F83032ADF80A30F0
:106AD0001222B0F832328DF802206846ADF80C3040
:106AE00013F0F8FF05B05DF804FB00BF482101205A
:106AF000CF467D673D4B2DE9F047B3F80C90B9F1D7
:106B00001A0F04466FD9B3F808A0BAF11A0F6AD960
:106B1000DA89B2F5A47F66D35B89B3F5A47F62D32B
:106B200090F81412B0F83072B0F83252B0F834C2A3
:106B3000B0F83662B0F82AE2B0F82E8219B1D0F877
:106B40001812090509D4BEF5056F28BF4FF4056E6C
:106B5000B8F5056F28BF4FF40568B4F82C02B4F8F7
:106B60002812504528BF5046494528BF494643454D
:106B700028BF4346724528BF724694F845E0A4F802
:106B80003402BEF1030FA4F83012A4F83632A4F890
:106B9000322206D1B2F5296F38BF4FF42962A4F82A
:106BA000322294F84420032A06D1B3F5296F38BF66
:106BB0004FF42963A4F83632604509D1B94207D1B0
:106BC000B4F83632B34203D1B4F83232AB4203D018
:106BD00000212046FFF762FF04F50C71204609F002
:106BE0000AFBA4F83A02BDE8F08700BFD0200120DC
:106BF00010B50446032009F003FC014658B11923DF
:106C000003700B4B1A68127942701B685B798370B2
:106C1000204609F0D3FBD4F8603223F02003C4F8F7
:106C2000603220463921BDE8104008F0C7BF00BFE0
:106C300044210120084B1A7A5B7AD10748BF80F8BB
:106C40004032910748BF80F84132520748BF80F870
:106C50004232392108F0B2BFD0200120024B1B681C
:106C60001B7980F8C83270474421012090F8C8325F
:106C700023B1012B0CD01D21FFF7EFBB084B90F97E
:106C8000CA2293F938309A42F5DA80F8CA32F2E72C
:106C9000034B90F9CA2293F938309A42EBDDF4E7BE
:106CA000A03001201E21FFF7D8BB0000064B10B515
:106CB0000446187AA37884F82002012B03D109F046
:106CC000B5FFA4F8F80010BDD02001201FB50D4B72
:106CD0000D4A1B68C31A1B1153439BB22D22ADF8FA
:106CE0000430ADF80620ADF80A30002290F82032CA
:106CF0008DF8082001A88DF80C3013F0EBFE05B0DC
:106D00005DF804FB48210120CF467D6710B504469D
:106D1000022009F075FB014648B107230370044BBC
:106D20005B7943702046BDE8104009F047BB10BDB9
:106D3000D020012038B504460D4662B9D0F818328B
:106D40005B0702D590F814322BB9022009F058FBEA
:106D5000014688B938BD032009F052FB01460028DE
:106D6000F8D011230370064B5B7943708570204681
:106D7000BDE8384009F022BB0D2303704570F6E7EB
:106D8000D020012010B590F80C320446FBB9012345
:106D900080F80C32062009F033FB0146E8B10C23E1
:106DA00003700E4B1A68127942701A68128882704A
:106DB0001A681288120AC2701B685A8802715B88AE
:106DC0001B0A43712046BDE8104009F0F7BABDE840
:106DD000104000222421FFF7ADBF10BD6830012014
:106DE0004268D10203460CD5D3F86022D20700F5E1
:106DF0002E7003D5B3F8861122F0D0BF282122F0DF
:106E0000C7BF70474368DB0203D500F52E7022F040
:106E1000C8BF70473A2108F0D1BE012380F89B31EA
:106E20007047000070B5002300F5B47686B00446C4
:106E300080F89B31304622F03FFF78B9204609F0B8
:106E4000EEF905460DF10F01304622F0B2FE034681
:106E500030B9094B0221187B26F0DAFE06B070BD6E
:106E6000194604A801930CF05BF9019B04AA29467A
:106E7000204609F007FAE5E7E030012010B50446A6
:106E800000F5B87022F018FF28B120462A21BDE88D
:106E9000104008F093BE10BD012380F89A3170476E
:106EA000002380F89A317047024B1B6803B11847E2
:106EB000704700BF40210120024B1B6803B11847F7
:106EC000704700BF30210120024B1B6803B11847F7
:106ED000704700BF24210120F0B5B0F87032A0F84F
:106EE0007E320126B0F87232B0F86C12B0F86E2221
:106EF000B0F83A72A0F88032044680F8786290F8D0
:106F00008C0287B040F2E24359435A4358430391FD
:106F1000029214F0CFFC0346104805681048651B28
:106F20002D11454305A8CDE90070DDE90221E8B245
:106F300014F002FD28B93C21204608F03FFE07B0BE
:106F4000F0BD059B074A84F8F860A3FB0232DB0F13
:106F500043EA4203A4F87C32F1E700BF4821012054
:106F6000CF467D67E3361A000C3015F049BC0000AF
:106F70002DE9F04788B004460E4690461F4608F0BB
:106F800099FB0546002861D0DFF800A1DFF80091E9
:106F9000DAF80010E38BB4F81CC0401A38490291AB
:106FA00007A900110191B5F83A12009140F2E242AE
:106FB00009FB00F05343002102FB0CF2C0B214F0B5
:106FC0008BFC88B9284608F03BFC0D253146284645
:106FD00042463B4605F07BFB022120460AF086FC38
:106FE000284608B0BDE8F087DAF80030254AED1AE7
:106FF000079BA3FB0232DB0F43EA4203A4F8623093
:1070000000236370A370A4F808322D119DF840305E
:1070100084F86A3009FB05F59DF84430A4F8605007
:1070200004F11C0184F86B300120059114F01CFF61
:107030000599009642463B4620460AF0DBF9059941
:10704000054628B1012014F025FFBFE70925BDE75B
:10705000009642463B4620460AF052FB0546002871
:10706000F0D194F86A3003F0FD03012B01D113F045
:1070700099FD054A13790133137113F083FDAFE7CE
:1070800011FF0300E3361A00A0300120482101203F
:10709000CF467D6710B50446012014F0FBFE94F83E
:1070A0006A3003F0FD03012B01D113F083FDD4F806
:1070B000980220B122F064FD0023C4F89832044AFB
:1070C0001379013B1371BDE8104013F063BD00BF9D
:1070D000A0300120F8B50446602022F045FD0746A7
:1070E000002851D0B4F860304FF43C7253433E4A0C
:1070F00012681A44002191703C4A1B1153430380CB
:1071000042F60133438004F1280600F108050FCE52
:107110000FC50FCE0FC596E80F0085E80F0094F855
:107120006830012B3FD194F8DB2294F8DA128A42BE
:10713000D4E9B45305D1D4E9B260834208BFB54263
:107140002FD042F002068A4205D1D4E9B2129A4207
:1071500008BFA94244D0D4E9B20187F83C60C7E92E
:107160001253D4E91623C7E9162394F8693087F837
:107170003D3094F86C3087F83E301D4BC7E9140160
:10718000187B394622F005FD2046FFF783FF194B97
:10719000194AE41A194BE4105C430123A3405372CB
:1071A000F8BD1646CFE794F8C32394F8C2138A4279
:1071B000D4E9EE5305D1D4E9EC60834208BFB5426F
:1071C0000CD042F002068A4205D1D4E9EC129A4270
:1071D00008BFA94204D0D4E9EC01BEE71646F2E7A5
:1071E00000200021B9E700BF48210120CF467D677C
:1071F000E030012008230120F8220120D578E9267B
:107200002DE9F74FB0F848820646232009F0F8F838
:107210000446002800F0F380B6F81411B6F81631D1
:10722000784F07314FF4307B0BFB087B1FFA81F955
:1072300013FA81F189B23046DBF83051BBF834A142
:1072400008F07CFEB6F83A1200900144019114F067
:10725000BBFE0199431818462946019314F0D4FE49
:10726000019B002800F0A8802946184614F0CCFEA7
:10727000DBF81C11B0FBF1F301339BB201FB0350AF
:1072800053441FFA83FA009914F0BEFE5E4B9842F5
:1072900000F2A2805D4A0023A0FB0202C2F34F026B
:1072A00018461C212170B6F8461261709B03B6F88F
:1072B0004612E27043EA403313434FF4307505FB46
:1072C0000875090A1B12A1702371D5F81C21504BB7
:1072D000A2FB0321D20F42EA41026271D5F81C21C0
:1072E000A2FB0323C3F3D713A371D5E98A3295F820
:1072F0002011E37142EA4112190A2172190C1B0E86
:107300006172E272A372EB6D2373EB6D1B0A637300
:10731000B5F85E30A37395F85F30E3732B6E23747A
:107320002B6E1B0A6374B5F86230A37484F813A043
:107330004FEA1A2A84F814A0B6F816314B44637544
:10734000B6F816314B441B12A375B5F83431E3750A
:10735000B5F834311B0A237695F8723295F870929D
:1073600049EA031908F09AFD4FFA89F949EA4010F1
:10737000607695F8B832022B04F11B0003D0032B82
:1073800014BF01230423A3764FF4307303FB087763
:10739000D7E9A02322F080FDB6F8163184F8213019
:1073A000B6F8163121461B0A304684F8223003B065
:1073B000BDE8F04F09F002B81946284614F024FE43
:1073C000DBF81C11B0FBF1F398B2AAEB030A01FB46
:1073D00010501FFA8AFA56E7B0F5161F0D4A28BF5B
:1073E000A0F51610A0FB02124FF0030101FB0022D2
:1073F0002CBF01230023C2F38F22012051E703B0E9
:10740000BDE8F08F68160120E1BF030012111111D1
:10741000E3361A009E36D0692DE9F84F064690F8FB
:10742000480206F095FE0546232008F0E9FF0446D1
:10743000002800F0FA80B6F81411B6F81631D5F825
:1074400034A1B5F8288107318FB213FA81F189B2DE
:10745000304608F073FDB6F83AB28146834414F022
:10746000B3FD83445146584614F0CEFD002800F089
:10747000B7805146584614F0C7FDD5F82022B0FB1E
:10748000F2F301339BB202FB03A043441FFA83F8DB
:10749000494614F0B9FD664B984200F2B180654A46
:1074A0000023A0FB0202C2F34F0218461C212170E8
:1074B000B6F8461261709B03B6F84612E27043EAD2
:1074C00040331343090A1B12A1702371D5F82022FF
:1074D000594BA2FB0321D20F42EA41026271D5F857
:1074E0002022A2FB0323C3F3D713A371D5E98C9AFF
:1074F00008F0D4FC4FEA192384F8079023724AEA73
:1075000040104FEA19434FEA1969637284F80A90F0
:10751000E072D5F85C312373D5F85C311B0A6373D4
:10752000B5F85E31A37395F85F31E373D5F8603138
:107530002374D5F860311B0A6374B5F8623184F89E
:1075400013804FEA1828A37484F81480B6F8163113
:107550003B446375B6F816313B441B12A375B5F86E
:107560002831E375B5F828311B0A237695F83930B0
:10757000DA0702D52F79012F09D0022B53D16F6979
:107580003F0A07F0C007A7F140035F425F4195F84B
:10759000428008F083FC400140EA071048EA0008F6
:1075A00084F8198095F86431022B04F11B0003D094
:1075B000032B14BF01230423A376D5E9042322F06F
:1075C0006BFCB6F8163184F82130B6F816311B0A78
:1075D00084F8223021463046BDE8F84F08F0EEBE70
:1075E0005946504614F010FDD5F82022B0FBF2F3B6
:1075F00099B2A8EB030802FB11A01FFA88F847E72D
:10760000B0F5161F0D4A28BFA0F51610A0FB0212F8
:107610004FF0030101FB0020C0F38F222CBF012398
:107620000023012042E70027B1E7BDE8F88F00BF43
:10763000E1BF030012111111E3361A009E36D06922
:10764000054B1B689A8880F844221A89DB88A0F8C9
:107650004622A0F8483270474421012090F8432286
:107660005AB9012280F84322D0F8602222F0400269
:10767000C0F86022392108F0A1BA704770B52E4CCD
:107680000546D4E90A2394F8211094F8200005F067
:107690005BFE00284FD195F84A32002B45D03820A8
:1076A00022F062FA014600283FD04FF486734380EF
:1076B00023898380821D04F10A0304F11A0053F820
:1076C000046B42F8046B8342F9D11B8813801B4B77
:1076D0001B4A1B68EB1A1B1153430B83A38B4B8371
:1076E000B5F816318B83E38BCB8394F8203081F887
:1076F000203094F8213081F8213094F8223081F83C
:10770000223094F82330022B03D0042B14BF012322
:10771000032381F82330D4E90A23C1E90A23238E05
:107720000B86084B187B22F034FA28463921BDE835
:10773000704008F043BA70BDD020012048210120DC
:10774000CF467D67E030012090F80A325BB190F8B7
:107750000932B0F80822A0F86620012B0CBF00F512
:107760008B7300238366002380F80A32012380F89C
:1077700064307047002380F86430704790F80A3214
:107780005BB190F80932B0F80822A0F86620012B0E
:107790000CBF00F58B7300238366002380F80A3248
:1077A000012380F865307047002380F8653070470A
:1077B00010B5124B044603F1080203CA1A8AA4F852
:1077C000CC21D3F81220C4F8AC21D3F81620D3F87A
:1077D0001A30C4F8C401C4F8C81104F5E070C4F844
:1077E000B021C4F8BC3104212AF094FD04F5DA700C
:1077F0000821BDE810402AF08DBD00BFD020012037
:10780000064B1B6800F5CE701A1D143352F8041B8A
:1078100040F8041B9A42F9D1704700BF442101206F
:10782000062303727047000070B5044600F14C0552
:1078300000F5D672294600F5CE702AF011FDD4F875
:10784000BC31E365D4F8C0312366002384F8753079
:107850000C4BA27800200021C4E97401C4E9760130
:107860001968094B611A09115943B2FA82F2074BA0
:10787000520984F8742028461B68BDE87040C9B2DC
:10788000184700BF48210120CF467D671021012005
:10789000482108F093B910B504460D2008F0B0FD5A
:1078A000014698B10346042203F8012BD4F8B42111
:1078B000C0F80120D4F8B8215A60D4F8C031C0F81B
:1078C00009302046BDE8104008F078BD10BD10B565
:1078D0000446012008F094FD014630B105230370F1
:1078E0002046BDE8104008F069BD10BD10B5044643
:1078F000012008F085FD014630B1062303702046C3
:10790000BDE8104008F05ABD10BD10B50446012076
:1079100008F076FD014630B10A2303702046BDE829
:10792000104008F04BBD10BD10B50446012008F012
:1079300067FD014630B10B2303702046BDE81040BF
:1079400008F03CBD10BD10B50446012008F058FDFC
:10795000014630B1122303702046BDE8104008F004
:107960002DBD10BD10B50446012008F049FD0146AB
:1079700030B1132303702046BDE8104008F01EBD4F
:1079800010BD00001FB5104B104A1B68C31A1B1115
:1079900053439BB2ADF80030ADF80430B0F8CC31B1
:1079A000ADF80E30D0F8C431CDF806300D22D0F845
:1079B000C831ADF802206846CDF80A3013F08AF8D5
:1079C00005B05DF804FB00BF48210120CF467D676C
:1079D0001FB50E4B0E4A1B688DF80710C31A1B11FA
:1079E00053439BB2ADF804300B22ADF80A3090F847
:1079F00065308DF8062001A88DF808108DF80C3040
:107A000013F068F805B05DF804FB00BF48210120C1
:107A1000CF467D670B4B07B51B680B4AC31A1B117A
:107A200053430C229BB2ADF8022068460022ADF809
:107A300000308DF80420ADF8063013F04BF803B099
:107A40005DF804FB48210120CF467D670A4B07B54E
:107A50001B680A4AC31A1B1153439BB21122684682
:107A6000ADF80030ADF80220ADF8043013F032F874
:107A700003B05DF804FB00BF48210120CF467D67BD
:107A8000D0F8F41100F5FC7022F088B938B5124B2B
:107A90001B68044600F5CE7103F10E0203F11E00CF
:107AA00052F8045B41F8045B8242F9D15A68C4F889
:107AB000C4219A68C4F8C8219B89A4F8CC3104F584
:107AC000DE7004212AF026FC04F5D6700821BDE8FA
:107AD00038402AF01FBC00BF4421012010B5064CDD
:107AE00004F10802034603CA2269C3F8B401C3F8CB
:107AF000B811C3F8C02110BDD020012010B5044634
:107B0000172008F07DFC014610B30346032203F85A
:107B1000012BD4F8C421C0F80120D4F8C8215A6040
:107B2000B4F8CC314372B4F8CC311B0A8372D4F868
:107B3000AC31C0F80B30D4F8B031C0F80F30D4F805
:107B4000BC31C0F813302046BDE8104008F036BC08
:107B500010BD00002DE9F0413E4B86B01C6807F0D7
:107B6000A9FD0546A8B9D4E9062394F820100920F8
:107B700004F0ADFD042021F0F7FF014630B140F2E2
:107B800003334380344B187B22F003F806B0BDE882
:107B9000F081DFF8DC80314ED8F80000A188E3885E
:107BA0002F4F0296281A05AE0011019640F2E242CC
:107BB000B5F83A62009678435343C0B24A43002175
:107BC00013F08AFE40B9284607F03AFED4E90623AE
:107BD00094F820100D20CBE7D8F80030214E224A2F
:107BE000DFF89080EB1A1B117B43A6F88030059BD1
:107BF000A3FB0232D4E90401DB0F43EA4203A6F8F7
:107C0000823006F13C0383E80300012014F02CF9D4
:107C100012F0B8FF96F84230012703F0FD03BB4293
:107C200088F8047001D112F0BDFF86F89071A6F8B3
:107C30008E71D4E9062394F82010201D09F0AEFAC5
:107C40000A49284608F010FE09F088FB88F80570FC
:107C50009CE700BF500C0120E030012011FF030021
:107C6000CF467D6760210120E3361A00A82101205C
:107C700048210120A0300120054B1B7933B1054874
:107C8000012380F899309C3014F06EBD704700BF1E
:107C9000A030012060210120F8B5394B1B79002B61
:107CA00069D0602021F060FF074600285BD0354C8A
:107CB000B4F880304FF43C725343334A12681A448C
:107CC00000219170314A1B115343038042F6013366
:107CD000438004F1480600F108050FCE0FC50FCE12
:107CE0000FC596E80F0085E80F0094F86B3187F810
:107CF0003C3094F86A219A4207D1D4E95851D4E92A
:107D00005602914208BF854203D043F0020387F830
:107D10003C30D4E95823C7E9122300220023C7E9E5
:107D2000142394F86B2194F86A319A4207D1D4E96C
:107D30005802D4E956139A4208BF884203D0D4E9C6
:107D40005623C7E91423D4E91E23C7E9162394F860
:107D5000853087F83D30012387F83E300C4B39469B
:107D6000187B21F016FF012014F094F8BDE8F840CC
:107D70000448FDF707BBBDE8F840FFF77DBF00BF33
:107D8000A03001206021012048210120CF467D67DD
:107D9000E030012013B5134B134C1B68B4F880205E
:107DA0004FF43C7000FB02304C2107F007FF01202C
:107DB00014F070F82046FDF7E5FA00230093ADF8C3
:107DC0000430684608238DF8023012F083FED4F8A0
:107DD0001411D4E94823C1F3C001022004F077FC58
:107DE00002B010BD482101206021012010B50A4BCE
:107DF0000A4C1B68B4F880204FF43C7000FB023042
:107E00004B2107F0DBFE012014F044F82046BDE8CA
:107E10001040FDF7B7BA00BF4821012060210120C2
:107E2000044B19680C20D1E9062391F8201004F0C6
:107E30004EBC00BF500C012007B5054B00936846AF
:107E40000C23ADF8043012F045FE03B05DF804FBDE
:107E50000000080C0123837090F808321BB900F56C
:107E6000037014F081BC00F53E70FAE72DE9F34190
:107E70001C4F1D4DDFF8748006460024AB7A234169
:107E8000DA0711D56B7A2341DB070DD4B7F86030E0
:107E90004FF43C725343D8F80020D018D35C012B28
:107EA00002D14C2107F08AFE0134032C07F57A77C2
:107EB000E4D13046FFF7EEF83378032B0FD00023E0
:107EC0000093ADF80430684608238DF8023012F0B4
:107ED00001FED5E90023297A022004F0F8FB02B064
:107EE000BDE8F08108230120F8220120482101206B
:107EF000044B19680C20D1E9062391F8201004F0F6
:107F0000E6BB00BF500C012007B5054B0093684647
:107F10000C23ADF8043012F0DDFD03B05DF804FB76
:107F20000000080C074B1B681A7980F83C225A792C
:107F300080F83D229A7980F83E221B8980F84730EC
:107F4000704700BF44210120024B1B89A0F8B032CA
:107F5000704700BFD02001200D490B8910B40246A4
:107F600023B939215DF8044B07F028BEB0F816415B
:107F70004B891B1B9BB247F6FE74A34201D94921D2
:107F8000F0E788685DF8044BC2F8B202704700BFA2
:107F9000D020012070B580F8B01280F8B1220446DC
:107FA00003200E46154608F02BFA014640B1162371
:107FB0000370467085702046BDE8704008F0FEB939
:107FC00070BD70B5044603200E46154608F018FA39
:107FD000014640B117230370467085702046BDE806
:107FE000704008F0EBB970BDF8B5044605200F46A7
:107FF000164608F005FA054630B357EA0602B4F80B
:10800000143184F8B27284F8B36216D0B4F8162131
:1080100013440733A4F8B43218232B706F70AE707A
:10802000B4F8B432EB70B4F8B4321B0A2B712946A1
:108030002046BDE8F84008F0C1B9A4F8B4223921BF
:10804000204607F0BBFDE7E7F8BD00001FB50F4B6A
:108050000F4A1B688DF80710C31A1B1153439BB2BC
:1080600000228DF80920ADF804301622ADF80A3050
:10807000B0F844308DF8062001A88DF80810ADF84E
:108080000C3012F027FD05B05DF804FB48210120FB
:10809000CF467D67F8B5046AB4F8982005469AB1D2
:1080A000042021F061FD014600284ED0304B9C4257
:1080B00014BF0323022383700323C3702D4B187B4B
:1080C000BDE8F84021F065BD2B4E337C7BB194F8C0
:1080D0004130D9070BD59B07327404D4D6E9062367
:1080E000A01C21F0D9FED6E90623C4E94623A36BE0
:1080F000E28FAB60A38F934213D040F271235A43B7
:10810000D4F85411EB680B4493420AD2284614F079
:108110002FFA30B1A16BA86813F076FFC4F85401B0
:1081200013E0002394F8491194F8C900C4F85431BD
:1081300004F0BEFAA68FE28F84F8C900964205D1FA
:10814000284614F01BF9AB68A363F8BD40F2712315
:108150005E4303FB0267AB683344A3633A46314690
:10816000284614F005FA0028D4D1A36BAB60F2E7DF
:10817000580C0120E0300120A03001207FB5846A36
:10818000606E002845D094F8A0300BB1062B44D186
:1081900094F8A40000283CD0D4E92423214D22489F
:1081A00021F07AFE94F8A23085F88B31D4E92423AB
:1081B000C5E9242395F841309A0716D5D4E914234C
:1081C000CDE9022302ABE66C94F8A3000093D4E956
:1081D0002623FCF790FDF0B9C6F34006DDE9022343
:1081E000124821F059FE85F88A611149A1F5C47041
:1081F0000AF06CF80F4B5B699B0310D595F8903132
:1082000013B1013B85F8903195F89001B0FA80F0F8
:10821000400904B070BD0126E0E70020F9E7012025
:10822000F7E700BF580C0120600C01205A0C012018
:10823000E00D0120A030012070B5846A94F8A030D0
:10824000022B01D9062B49D1284B294A1B68527AA7
:108250005B7B9A4242D22D2021F086FC0546002805
:108260003CD0236E94F8822083F8272094F8A32032
:1082700094F8A2309A4232D1D4E92631D4E92402CA
:10828000914208BF834214BF01230023226E194E7E
:1082900082F82830236ED4F8842083F82920D4F87B
:1082A0008430226E1B0A82F82A30236EB4F88620AE
:1082B00083F82B20236E94F8872083F82C2094F8E1
:1082C000A510226E69B100210B4821F05CFC402111
:1082D000307B25F09DFC04F031FB256670BD012349
:1082E000D4E7064821F04FFC8021F1E768300120F7
:1082F0003C310120E0300120800C0120880C01205D
:10830000836A986E003818BF0120704770B5846A80
:10831000484D002974D094F8A030042B4FD1D5E9F2
:108320002402D4E924139A4208BF884247D1424B21
:10833000424A1B68527A5B7B9A4240D22D2021F040
:1083400013FC064600283AD0A36E94F8822083F8E6
:108350002720D4E9261294F8A20000239A4208BFED
:10836000814207D0D4E92430904208BF8B4214BF29
:1083700001230023A26E324882F82830236ED4F8FD
:10838000842083F82920D4F88430226E1B0A82F8D6
:108390002A30236EB4F8862083F82B20236E94F8BD
:1083A000872083F82C20A26E002121F0ECFB254BC6
:1083B0004021187B25F02CFC04F0C0FAA66695F845
:1083C00091310133DBB2012B85F891310AD9B5F82F
:1083D0008E315B08012B38BF0123A5F88E310023B5
:1083E00085F89131002385F8923112F02BFBB5F816
:1083F0008E31013B1840013085F89001002070BD9E
:1084000095F892310133DBB2012B85F892310CD90A
:10841000B5F88E3185F892115B009BB2B3F5807F81
:1084200028BF4FF48073A5F88E31002385F8913171
:10843000DBE700BF580C0120683001203C310120EF
:10844000800C0120E030012090F86A300133DBB26B
:10845000012B10B5044680F86A300DD9B0F86630AB
:108460005B009BB2B3F5807F28BF4FF48073A0F808
:108470006630002380F86A30002384F8693012F0F7
:10848000E1FAB4F86630013B1840013084F8680026
:1084900010BD00002DE9F047057C4368C0F8143298
:1084A000AF1E04467D427D41D0F8348200F503764C
:1084B00013F08AFD6789238900F2CC40BB4208F1A2
:1084C00060094FEA4505C4F818021BD0D8F88CA003
:1084D00040F271235F435044B84213D213F074FD4D
:1084E00000F2CC403A1A92450CD85146304614F06E
:1084F0003FF838B1D4F8143262689B1AC8F88C304F
:10850000BDE8F087E378EBB92B4A117803230135F6
:10851000EDB2032D08BF002541FA05F0C00721D5B3
:10852000264B557053F82540D4F8348204F5037671
:1085300008F1600999F8211098F8010004F0B8F8E2
:1085400088F80100228963894FF000089342C9F836
:108550002C800CD1304613F011FFB3686360002308
:10856000E370CDE7013B13F0FF03D0D1E2E7124FF8
:10857000BB782B41DB070AD4304613F0FFFEB3680B
:1085800063600122BB78AA401343BB70E7E7B3687E
:1085900040F2712101FB0233B360636013F00EFD02
:1085A0004008421C4146304613F0E2FFB36862685F
:1085B0009B1AC9F82C30D2E7F00D0120D0620020C0
:1085C000084B5B699B030BD590F8683013B1013BF6
:1085D00080F8683090F86800B0FA80F04009704781
:1085E00001207047A03001202DE9F3411C461B0AF1
:1085F00003F0C003402BDDE908860746154621D16C
:10860000DDE90A23CDE900239DF83020284602F059
:10861000FD022146FCF716FC68B17B7B032B04D1DD
:1086200033700B4BD3E9065407E002233370094B38
:10863000D3E90C5401E0FE233370C8E9005402B0C2
:10864000BDE8F081437B012BEAD00023EEE700BFB9
:10865000A0300120E03001202DE9F0410578012D06
:1086600086B006460C4617461CD1C81D91F80680F8
:1086700021F00CFC0B46B6F8C0110291E17B019190
:10868000217900910246414604A804F057F8DDE93B
:108690000423054804F06CF820B93D70284606B064
:1086A000BDE8F0810025F9E7080E0120F0B5137848
:1086B000012B87B006460C46154622D18B885B06F7
:1086C00015D4C81D8F7921F0E1FB0B46B6F8C01117
:1086D0000291E17B0191217900910246394604A87B
:1086E00004F02CF8DDE90423074804F09EF8022387
:1086F0002B70064B187B402107B0BDE8F04025F0F9
:1087000087BA07B0F0BD00BF080E0120E03001209D
:10871000F8B583788588002B04460CBF1E234FF4E0
:1087200096730F465D43164613F042FC6378012BA7
:10873000A3780CBF32214FF4FA71002B0CBF1E231B
:108740004FF496730144E81803F0F4FD2D1A3D60D0
:10875000A378002B0CBF1E234FF4967303EB40034A
:108760003360F8BDC37CF0B51370847C9C4207D1A4
:10877000D0E90275D0E90064A54208BFB74202D033
:1087800043F002031370D0E90223C1E90023F0BDD6
:108790002DE9F04F0D468DB090F83C109DF860909B
:1087A0001B9CDDE916678346904621B100210846EF
:1087B0000DB0BDE8F08F24222046079137F09EFDD2
:1087C0009DF964306374FF23E3737F23A5802374D2
:1087D0009BF810300799002B56D0022B57D098F8F1
:1087E0000030DA1F012A59D89BF8AA31DB0750D58F
:1087F00084F8069032463B46E01D21F04DFBDBF845
:10880000A03123620023A3839BF8AA219BF8A931FE
:10881000510001F0040103F003030B43A1880B4353
:10882000A3809BF8E431012B36D0022B14BF012327
:108830000323A373150744BF9BF8C231E3735006AB
:1088400044BF9BF8C3312374910644BFBBF8EC319D
:108850006382930716D50DF1270301930AAB0093AA
:108860005846DBE96E23CDE90267CDF81090FFF79B
:10887000BBFEDDE90A2304F1150021F00DFB9DF894
:1088800027302375012192E701236373A7E70323B0
:10889000FBE7FF23A371B2E70223CAE798F804A01D
:1088A000AAF1060A5FFA8AFABAF11F0F3FF67EAF05
:1088B0001A9A02F1080845F01002A280062B3FF632
:1088C00076AF01A252F823F0E5880300ED8803009B
:1088D0002B890300AF87030049890300AF8703009A
:1088E0004389030045F01305A5801EE045F01505FA
:1088F000A580404621F0CAFA0B460DF127010191EF
:108900000AA9024600915846CDE90267CDF81090B9
:10891000FFF76AFEDDE90A2304F1150021F0BCFA35
:108920009DF8273023754FF0000A84F806903246F0
:108930003B46E01D21F0B0FAC4F82080A4F81CA04A
:10894000A0E745F01205CFE7044B1B78002B08BFCA
:1089500045F0010545F01A05C6E700BF280B0120C8
:1089600090F869300133DBB2012B10B5044680F872
:1089700069300AD9B0F866305B08012B38BF012393
:10898000A0F86630002380F86930002384F86A304C
:1089900012F058F8B4F86630013B1840013084F802
:1089A000680010BD2DE9F04F95B0046A856AA94EA4
:1089B00007460AA8894609F015FD9DF828304FF0B2
:1089C0000008072B86F8018004F5D47040F034814C
:1089D00084F8AA8109F102020DF1260109F0F4FAE6
:1089E00094F8A90150BB9DF8263013F0100203F053
:1089F000010140F0B38021B90123737015B0BDE8C7
:108A0000F08F9DF828308DF8483094F8AA318DF811
:108A10004930D4E96C01CDE90E01D4E96E01CDE90C
:108A20001001B96ABDF82A30ADF84A30483105F175
:108A300090030EA8FBF7B8FE0028DDD0864EDFF8C5
:108A40001CA232780123012A8AF800309DF82630D2
:108A500053D103F00903092B4FD100220023CDE9A4
:108A60000C239DF828308DF8483094F8AA318DF801
:108A70004930D4E96C01CDE90E01D4E96E01CDE9AC
:108A80001001B96ABDF82A30ADF84A3005F19008F6
:108A9000434648310EA88DF82720FBF785FE0DF1DF
:108AA00027020CA94046FFF75DFE337A012B94F8AC
:108AB000C23177D19DF82700009300F00100DDE975
:108AC0000C23FBF75FFF002898D0DDE90C010023A1
:108AD0008AF80030B3699DF8272083F87122C3E932
:108AE0009E0194F8C22183F87022D4E96C01C3E995
:108AF000A0019DF82A2083F872229DF8268018F0A4
:108B0000100865D00023FB6004F5EF77D4F8CC1192
:108B1000384609F0AFFA95F8A12095F88310687BE4
:108B2000D5F88880023212F0CAF9D5F8882008EB0F
:108B300000033946204604F06FFA94F80832002BFF
:108B400040F085803378012B7FF458AF9AF80020ED
:108B5000002A7FF453AF8AF800304FE74FF0000A45
:108B60004FF0000BC6E906ABC6E908ABB06251B1E5
:108B7000D4E96C010122C6E9060186F828209DF897
:108B80002A2086F829209B077FF558AF012386F815
:108B90002A30D4E96E23C6E908239DF82B3086F8E5
:108BA0002B304BE7727A9A427FF428AF9DF827303A
:108BB000B27A03F001039A427FF420AFD6E90402AF
:108BC000DDE90C139A4208BF88427FF417AF7CE7B7
:108BD00000220023CDE90E238DF830800CAA0EA9C7
:108BE00005F1900004F11806FFF7BCFDCDE90496ED
:108BF00095F9823003939DF830300293DDE90E231E
:108C00004146CDE9002320460AAAFFF7C1FD00280E
:108C10003FF4F4AE04F13C0284F82680314620464D
:108C20000792FFF719FD079A00283FF4E7AE314697
:108C30002046FFF73BFDE1E600220023CDE90E23AD
:108C4000414630228DF8308037F058FBC6E713F0EC
:108C500089F9D3E6280B0120A81E0120580B01201A
:108C60002DE9F043B14D046A866A8DB0074605F1DF
:108C70000C00884609F0B6FB05F10A0108EB00027A
:108C800004F5D47009F0A0F92A7BE8720123072AC1
:108C90006B7240F0498194F8A921002A40F0DE80EF
:108CA00095F828205AB9AA7AD20708D585F828302D
:108CB000D4E96C23C5E90623AB7B85F8293095F808
:108CC0002A3063B9AB7A980709D5012385F82A3091
:108CD000D4E96E23C5E90823EB7B85F82B3095F8A2
:108CE0002830012B02BF94F8AA3143F0010384F825
:108CF000AA31D5E90623C4E96C2395F82930AB7372
:108D000095F82A30012B02BF94F8AA3143F00203F0
:108D100084F8AA31D5E90823C4E96E2395F82B30ED
:108D2000EB7307238DF8283094F8AA318DF8293099
:108D3000D4E96C23CDE90623D4E96E23B96ACDE9E1
:108D4000082306F18808EB89ADF82A300022434653
:108D5000483106A8FBF728FD08B901236B700022F3
:108D60000023734FCDE9042304A900230DF10F0262
:108D700040468DF80F30FFF7F5FC97F80090B9F1F9
:108D8000010F75D04FF0000994F8AA319B0605D564
:108D9000D4F8D01104F5F47009F082F93A78012A78
:108DA00061D1DFF8908198F80030002B5BD194F806
:108DB000AA31980657D57B78002B54D1BB69B4F8FB
:108DC0000412A3F81811A3F83611B4F8EC1140F20C
:108DD000E2404143C3F81C1194F8F80183F82001E4
:108DE00094F8E401012800F09180022808BF0322D2
:108DF00083F8B822B3F80822B9F1010F01FB02F29F
:108E0000C3F8242112D1DDE90401C3E99E019DF8D4
:108E10000F2083F8712294F8C22183F87022D4E9DC
:108E20006C01C3E9A001AA7B83F8722296F8742032
:108E300096F87E10707BD6F8847012F040F83844B3
:108E40000090D6F8843004F5F47204F5EF712046F2
:108E500004F022FB002388F8013004E0AA7AD1074D
:108E60003FF55FAF6B706B78012B51D10027B4E0F9
:108E7000DFF8C08098F80030002B40F0C6807A7A86
:108E800094F8C2319A420FD19DF80F30BA7A03F0AC
:108E900001039A4208D1D7E90402DDE904139A429A
:108EA00008BF88423FF46EAF012388F80030AB7AE8
:108EB0001A077FF567AF13F0210F3FF463AF3A7ADB
:108EC00094F8C231012A0ED19DF80F00009300F0F2
:108ED0000100DDE90423FBF755FD0028C3D0002382
:108EE00088F8003050E77A7A9A42BCD19DF80F306A
:108EF000BA7A03F001039A42B5D1D7E90402DDE959
:108F000004139A4208BF8842ADD1E8E702226FE716
:108F100094F8A97117F002074ED0376E002F4BD08E
:108F200096F89C3043B901236B709FE7280B012012
:108F3000A81E0120580B012094F8AA31D907F2D5B8
:108F40002046FFF73DFB0128074635D1D6E922230D
:108F500004F1800020F0A0FF96F89A3084F8DB310D
:108F6000D6E92223C4E91C23637B9A071ED594F813
:108F7000AA319B0735D5D4E96E23CDE906231B0A18
:108F800003F0C003402B95F80F8007D106AB96F88D
:108F90009B000093D6E92423FBF7BCFEDDE9062302
:108FA00004F17A0020F078FF84F8DA8104F5EC719E
:108FB00004F1780009F08AF994F8A93185F82C3089
:108FC0000023EB8594F8AA315B0003F00403A4F8B6
:108FD000443096F97D3084F8513038460DB0BDE804
:108FE000F083D6E91423D6F84C80CDE9062306ABEE
:108FF00096F89B000093D6E92423FBF77CFE10B97A
:10900000C8F34008CAE7B846C8E7012B7FF4BAAEF8
:109010004DE700BF2DE9F041046AD0F828800646EC
:1090200086B00F46204629B9FFF70EFA002006B099
:10903000BDE8F0811F4DFFF793FC394605F10C00A8
:1090400009F0D0F905F10A013A1804F5D47008F0D6
:10905000BBFF01236B722B7B8DF8103094F8AA3183
:109060008DF81130D4E96C23CDE90023D4E96E23C7
:10907000B16AE872CDE90223EB89ADF81230002223
:1090800008F1880348316846FBF78EFB10B90123CD
:109090006B70CBE794F8A9319B07F8D1D4E91C0297
:1090A000D8E922139A4208BF8842F0D10823EB8501
:1090B000BCE700BF280B0120F0B5234C866A62781C
:1090C00085B00D4612B1002005B0F0BD0029FAD0E0
:1090D000637A076A012B22D1E37A97F8A8116272AA
:1090E00002331D44237C6560013B5B1A2372237BA2
:1090F000072BE8D100230193A37ADB060DD5D7F81F
:10910000CC1102A808F0B6FF9DF80830737006F184
:10911000780201A902A8FFF7FBFA0198D4E704F14D
:109120000C0009F05FF905442A4604F10A0107F52D
:10913000D47008F049FF237C97F8A821013B05442F
:109140009B1A65602372D2E7280B01202DE9F043BA
:10915000524F7E788DB0002E40F09E80D0F828804F
:10916000046A21B9A38B43F04003A38333E094F84E
:109170003C50022D00F08C80002D68D197F82C9087
:1091800084F8A99100220023CDE90A230AA90DF150
:10919000270208F188008DF82750FFF7E3FA19F04D
:1091A000020F36D004F14009B4F84410CDE9045957
:1091B00094F9513003939DF827300293DDE90A2397
:1091C0002046CDE9002307F10C02FFF7E1FA50B980
:1091D00084F86400002604F13C0204F118012046E2
:1091E000FFF764FA54E0B4F84430A4F85C6023F06C
:1091F000080304F16402A4F8443026664946204678
:109200000792FFF729FA079A18B149462046FFF757
:109210004DFA002304F118050595049398F97D3063
:1092200003939DF827300293DDE90A23F98DCDE9F8
:10923000002320461A4AFFF7ABFA0028CAD004F1EF
:109240003C0229462046FFF707FA0028C2D0154BFA
:10925000A08E1B6898F97D901D8B97F80880D4F834
:10926000A03179682D1AADB2454528BF454618444E
:109270002A4637F01BF8A38EA8452B44A3863FF659
:1092800071AFBB7A84F82990DB064FF00106A2D5B6
:1092900030460DB0BDE8F0830026F9E7280B012029
:1092A000340B0120683001207FB5846A636E002B87
:1092B0003FD094F8A0300BB1062B3AD194F8A430EB
:1092C000BBB3056AD4E9242305F1800020F0E4FD56
:1092D00094F8A23085F8DB31D4E92423C5E91C23B6
:1092E0006B7B9B0717D5D4E91423CDE9022302AB8E
:1092F000E66C94F8A3000093D4E92623FBF7FBFC6B
:10930000A8B9C6F34006DDE9022305F17A0020F092
:10931000C3FD85F8DA6105F5EC7105F1780008F018
:10932000D5FF284604B0BDE87040FFF749B90126D3
:10933000E9E7002004B070BD37B5044668460D4625
:1093400009F050F89DF80030054A072B137005D03E
:1093500029462046FFF7A8FF03B030BD0020FBE7F9
:10936000280B0120FEF7CCBF2DE9F041856A046A85
:109370008EB00E46002947D00AA809F033F895F8B8
:10938000A030042B39D1D4E91C02D5E924139A4228
:1093900008BF884231D100230022CDE90C234FF0D1
:1093A00000080DF127020CA905F1900004F118073F
:1093B0008DF82780FFF7D6F9CDE9046795F982305B
:1093C00003939DF827300293DDE90C234146CDE954
:1093D000002320460AAAFFF7DBF970B104F13C0232
:1093E00084F82680394620460792FFF735F9079A18
:1093F00018B139462046FFF759F92046FFF7B0FA71
:1094000000200EB0BDE8F0812046FFF71DF8F7E719
:10941000006A0368027C90F8081223F07F4323F06F
:10942000FF03C3B190F809320133DBB280F809328F
:1094300011B1012B01D8704783B1023A5342084958
:1094400053415B0001229A400B7823EA02030B7020
:10945000032103F025BF09B9FFF71CB8704700BF0F
:10946000F00D0120036A0122DA70FFF7D1BF00007E
:10947000006A0368027C23F07F4323F0FF036BB193
:10948000023A5342074953415B0001229A400B784C
:1094900023EA02030B70032103F002BF80F80832B5
:1094A000FEF7F8BFF00D01202DE9F74F046AE378CD
:1094B000074633B10521204603B0BDE8F04F03F065
:1094C00009BFA2785AB12046A370032103F016FF0A
:1094D00004F5187003B0BDE8F04F20F062BC63796A
:1094E000A3B9E379B4F83611002B14BF0722062282
:1094F000B4F81831062AA3EB01030CBF052206229B
:10950000934203D10321204603F0E4FE414BB4F81B
:10951000181158780022E271002860D14FF001083C
:10952000B4F83431B4F818513B4EDFF8F490ED1A2A
:10953000A61B3A4BB6115E43ADB2B6B24FF0000A6D
:10954000B4F81831ADF8003094F83831ADF8028035
:10955000ADF8066023B168468DF804A0FCF768FA00
:1095600094F8A0312BB1012368468DF80430FCF744
:109570005FFAB4F81831D4F81C0145444344ADB245
:10958000A4F8183100FB05FB94F8200107F04EFB0E
:109590000146584602F0CEFED4F81C21D4F83031F2
:1095A000B4F8181102FB05331B1ABB60D4F828313C
:1095B0000344FB60D4F82C3103EB4003C4F8C03003
:1095C00004F50A7004F0C6FE494684F8590038468E
:1095D00012F022FF0028B3D003B0BDE8F08F586826
:1095E000C4F83001A4F8341104F51870B4F80A1264
:1095F0005A7020F0D3FBD4F82421002A8ED0B4F87E
:109600000A324FF47A714B439A4287D2B4F80882F7
:1096100086E700BF580B012068160120A38B2EBAE5
:109620006DCA0300036A0122DA71FFF73DBF000033
:109630002DE9F04F90468FB0002900F02881046A90
:10964000DFF868924E78876A8D1C2A4609F10A0174
:1096500004F5227008F0B8FC94F88832013E2844E2
:10966000F61AC9F8040089F808606379894DABB926
:1096700001260421204666712E7003F02BFE314630
:10968000204603F03BFE844B1B78B34201BFD4F865
:109690001C31B4F808225343C4F824316B784BB919
:1096A00097F87830012B05D1B8F1000F02D17A6F0D
:1096B0006A606B70794B7A4AD4F8A85294F8A48205
:1096C000E31A9B1153431FFA83FB023504F5D0794B
:1096D000B8F1000F3AD194F8A031012B1ED194F8C3
:1096E000AA117B6FB4F8A82100290CBF1E214FF4EA
:1096F000967101FB0233C4F8A431702020F034FAD3
:10970000054658B1674B40F8083B4946682236F099
:10971000CDFD654B2946187B20F03BFA00230693CC
:10972000624B9B7ADB060DD5D4F8AC1207A808F083
:10973000A1FC9DF81C307B7007F1680206A907A800
:10974000FEF7E6FF06980FB0BDE8F08F15F8013C74
:1097500015F8026C282B08D02C2B18D0A8EB060685
:10976000013E06F0FF080235B2E784F8393194F87B
:10977000383184F83A61002BF0D14FF0010384F8BE
:109780003831294604F59C7008F0CFFCE6E784F8F0
:10979000A13194F8A03184F8A261002BDED13246C9
:1097A0002946484608F0DDFC94F8AEA10AF1FF33E3
:1097B0001E2B68D8D4F8C8313D4A0193A3F58073B5
:1097C000934260D8B4F8AC310293043B9BB240F6AC
:1097D0007C42934257D894F8AFE10EF1FF331E2B31
:1097E00051D8B4F8CC310393B3F5805F4BD2B4F8C1
:1097F000C2310493013BFA2B45D894F8D821032AAF
:1098000041D894F8E8310593012B3CD894F8B0C1C5
:109810000CF1FF31062936D894F8C011481E0E28E5
:1098200031D894F8B8010F282DD84FF0010384F8EF
:10983000A0314FF03103ADF81E30029BADF824305B
:10984000049BADF82A30019B0B93039BADF830309D
:10985000059B8DF82700ADF81CB0ADF820B08DF851
:1098600022A08DF823E08DF826C08DF828108DF801
:1098700032208DF8333094F8E9318DF8343007A870
:1098800011F028F96AE7002384F8A03166E708465A
:1098900059E700BF580B0120C81E0120681601209F
:1098A000A38B2EBA00001103E0300120280B012009
:1098B000FFFE0F002DE9F047046AD0F82880637896
:1098C000012B07460E4605D1B4F80A1204F51870AC
:1098D00020F064FA94F8205006BB012D1CD1637867
:1098E000012B19D110223146A0183D6A36F006FD31
:1098F000364BED1A364BAD115D4347F67F73E3826D
:1099000040F2FF232383022384F82030314BA582C9
:10991000187B402124F07CF9002553E0022DFBD078
:109920002D4E0DBB1022A0182946D7F8289096F886
:109930000AA03F6A36F0E2FC244B254AFB1A9B1131
:1099400053431AF0400FA3821CBF97F8A332A375AC
:1099500099F86D30E375FF2323767B6AE3616378C2
:10996000012B1BD184F820301C4B608B1B68377A8D
:109970001D8B636A716898F96D802D1AADB2BD4276
:1099800028BF3D4618442A4636F090FC638BAF4210
:109990002B4463830FD902236376002594F820308B
:1099A000012B0FD1022384F820300A4B4021187B71
:1099B00024F02EF906E0B37A84F81780DB064FF026
:1099C0000105EBD52846BDE8F08700BF68160120E9
:1099D000A38B2EBAE0300120280B01206830012033
:1099E000014B00225A707047580B0120836A986E11
:1099F00018B1A1F10C035842584170470C4B5B68F9
:109A000070B515467BB122290DD10A4C012684F888
:109A1000286012F0A7FA23789A0605D52B789B06C2
:109A200002D584F82A6070BD002384F82A30FAE752
:109A3000BC0B0120281F012010B5846A94F89030D7
:109A4000032B0A4694F8911003D0052B09D000206F
:109A500010BD94F89430002BF9D0BDE81040FFF70A
:109A6000C5BFFFF7CBFFE36F024A03F5B073C2F83F
:109A70001831ECE7281F012010B5846A94F8903063
:109A800094F89110032B28D194F894302BB3FFF75E
:109A9000ADFF10B3114B93F87830F3B1202020F0D4
:109AA00063F80246C8B1D4E92201C2E9060194F87C
:109AB00093301374D4E92001C2E9020194F8923082
:109AC00007481370002120F05EF8064BBDE81040F7
:109AD000187B4FF4807124F09BB810BD78310120C1
:109AE0006C200120E030012008B510F0ABFFC0F37E
:109AF000001300F00F00184408BD00002DE9F04FDE
:109B0000DFF8C8B1D0F828A0BBF8282085B00546FA
:109B100082B1042020F028F80146002800F08A8055
:109B200040F204434B80614B187B05B0BDE8F04F19
:109B300020F02FB85E4F5F4CF97B94F86A30002913
:109B40007BD0012B79D1D7E90689FA735A4E4B465F
:109B50004246304620F0A0F93368C6F81C31B3887D
:109B6000A6F82031CAE91489237C042B01D0012BEB
:109B700012D1DAF84C3003F04403442B0CD102AB81
:109B80000093A07CD4E90623FBF7A6F820B1DDE919
:109B900002234A4820F080F9237C042B14D0012BA7
:109BA00012D094F848307BB194F847204449434898
:109BB000002384F8483002F108038AF87830931DB6
:109BC0008BF8013036F072FB94F869307BB194F871
:109BD00068203C493C48002384F8693002F10803BE
:109BE0008AF87930931D8BF81D3136F05FFB002128
:109BF000284611F0EBF9237C012B36D002D9023B29
:109C0000022B17D840F271267B69DB0305D5FFF7DD
:109C10006BFFAB6806FB0030A860D4E902129142EA
:109C200019D1AB680B44AB600021284612F0F4FB5D
:109C30000028E9D005B0BDE8F08F9A0794D502ABB3
:109C40000093A07CD4E90623FBF755F800288BD0BD
:109C5000DDE902897AE7284612F08AFC0028E9D17A
:109C6000AB68E2681344AB60CEE7D5F8088027689C
:109C70002368002B3FF44DAFD4E90212284612F0BE
:109C8000F7FC064618B9AB68E2681344AB60A868F5
:109C9000414612F0B9F9E2680244BA42034634BFC1
:109CA0003B1A00232360002EE2D0C3E7E0300120FE
:109CB000A0300120783101202A1F0120301F01200F
:109CC000A0310120C13101204C200120281F01209A
:109CD00070B5046AD4F88432D3B194F8DD38BBB1DE
:109CE000D4F8F00712F090F9D4F8243794F8361726
:109CF00093F878200546187B11F0E1F8D4F8843207
:109D000094F8DC2829462046BDE8704008F01CBDC8
:109D100070BD000073B5046A0129D4F8D8680D46F7
:109D200000D11EB3224B1B689B8A1E4494F8DC387A
:109D300084F8193804F2F92104F57072CDB920467F
:109D4000A4F8CA53CDE9001204F0ACFA2B46DDE9C1
:109D50000012204608F0F4FFD4F8C433C4F8843865
:109D6000B4F8CA33A4F87808A4F88038304602B0B2
:109D700070BDB4F8CA53B4F8C033AB4206D920461C
:109D8000CDE9001204F08EFADDE90012002320462E
:109D900009F076F8D4F8C433A4F89C082B44C4F82E
:109DA000A838B4F8CA335B1BA4F8A438DEE700BFB8
:109DB00068300120F7B5046A94F81D3284F85931EF
:109DC0000B46D4F81852064604F5BC6204F27D3105
:109DD000002B4BD1A4F8EA352046CDE9002104F050
:109DE0008DFA94F8B830012BDDE9002122D1D4F8A6
:109DF000BC30B0681B1AB3F5167F0ED2B4F8C4009D
:109E000094F8C77040F2E24606FB0033D4E93E0600
:109E1000C01946F10006C4E93E06234883421AD819
:109E2000002084F8C200A0F1EE30A3FB00035B0821
:109E3000A4F8C0300123204609F00FF9D4F8E43526
:109E4000C4F8C431B4F8EA35A4F8B801A4F8C031B4
:109E5000284603B0F0BD012084F8C2001348A3FBDC
:109E60000060032606FB03039B0AE1E7B4F8EA65FA
:109E7000B4F8E035B34206D92046CDE9002104F01C
:109E80003DFADDE900210123204608F0F9FFD4F86E
:109E9000E435A4F8DC013344C4F8E831B4F8EA3519
:109EA0009B1BA4F8E431D3E7C37F07009E36D0693B
:109EB00073B5046A0129D4F8D8680D4600D1FEB103
:109EC000204B1B689B8A1E4494F8DC3884F81938B0
:109ED00004F23B31BDB92046A4F8DA54019104F0F4
:109EE000E1F901992A46204608F094FFD4F8D434C9
:109EF000C4F89838B4F8DA34A4F88C08A4F8943884
:109F0000304602B070BDB4F8DA54B4F8D034AB4285
:109F100004D92046019104F0C5F90199002304F504
:109F20009A62204608F0ACFFD4F8D434A4F89C0818
:109F30002B44C4F8A838B4F8DA345B1BA4F8A4386E
:109F4000DEE700BF683001202DE9F0431C4CD0F85B
:109F5000289087B0054620460F4608F043FA94F84B
:109F60000080B8F1030F29D123790C2B26D1154E8F
:109F7000B91C304608F050FAD6E90001CDE90001DD
:109F8000D6E9020123788DF81030CDE90201A378DB
:109F9000A96A8DF81230E3788DF81330002209F1A8
:109FA000A8034831684605928DF81180FAF7FCFB4A
:109FB000003818BF012007B0BDE8F0830020FAE7A1
:109FC000600B0120680B012030B4046A94F8433020
:109FD000A3B1806A90F8BB1090F8BA508D42D0E9D6
:109FE0002C2305D1D0E92A50984208BF954201D0D0
:109FF00041F00201607830BC10F0C8BE30BC704740
:10A0000030B4046A94F84330A3B1806A90F8931096
:10A0100090F892508D42D0E9222305D1D0E920500A
:10A02000984208BF954201D041F00201607830BCEF
:10A0300010F0ACBE30BC7047F0B5464D046A97B026
:10A04000074628460E4608F0CDF931180AA808F050
:10A05000F2F92B78052B02D0002017B0F0BD3E4B53
:10A060005B68002BF8D02B79222BF5D10AA808F0D9
:10A070003AFA0028F0D0DDE90A01CDE90401DDE972
:10A080000C012B788DF820300323CDE906018DF8E3
:10A090002130B96AAB788DF82230EB788DF8233017
:10A0A000002204F50C63483104A80992FAF77CFBFE
:10A0B0000028D2D004F50867D7E9102304F2453010
:10A0C0001FF0EAFE94F8D23884F8E33806F108006D
:10A0D000ED781FF0DBFE94F839309B07CDE90201E3
:10A0E00032D50B0A03F0C003402B0AD11B4BC3E946
:10A0F0001C0102AB94F8D3080093D7E91223FAF7B6
:10A1000009FEDDE9022304F23F301FF0C5FE84F8AA
:10A11000E25804F50E6104F23B3008F0D7F801254F
:10A1200040F2011394F8B91894F8250884F8F05611
:10A13000A4F8F8362422D4F8BC6810F0C0FE3044ED
:10A14000C4F8F406284688E7044B00200021C3E940
:10A150001C01D6E7600B0120BC0B012078310120E7
:10A1600038B5836A056A93F89020032A03D0052A3C
:10A170000BD0002038BD93F89420002AF9D093F832
:10A180009110BDE83840FFF731BC0B4C204608F079
:10A1900029F92378052BECD1084B5B68002BE8D01C
:10A1A0002379222BE5D1012385F8F836002385F8A1
:10A1B000F03611F0D7FEDCE7600B0120BC0B01206C
:10A1C00010B4846A026A94F89030032B04D0052BF3
:10A1D0000AD05DF8044B704794F89430002BF8D007
:10A1E0005DF8044BFFF70CBF92F8903213F0200398
:10A1F00004D0064B5B78003B18BF012382F8F93688
:10A20000E36F03F5B073C2F8F436E2E7600B0120A8
:10A210002DE9F8430446002500F15006682700F5B3
:10A220000C7807FB05F316F80390B9F1010F21D163
:10A2300015BBB4F86020B4F828319A4218D1D4E99B
:10A2400016234046C4E98C2310F0FCFC4946204606
:10A2500009F078FBD4E98C03D4E99A12934208BF41
:10A260008842C4E9200303D02946204609F06AFB4E
:10A270000125D6E7002DFBD0BDE8F8832DE9F0439A
:10A28000046A866AD4F8F83694F8DD2813F0FF1FC4
:10A2900085B005460ED102BB94F88012E9B194F85E
:10A2A00081320133DBB2994284F8813215D84323DD
:10A2B00084F88232012384F8FA36002A7BD094F89D
:10A2C000FB365A1C84F8FB26002B74D104F5FD6084
:10A2D00005B0BDE8F04312F047BAF37B13B9A24BC7
:10A2E00093F87930B373228C12F010026AD104F51E
:10A2F0002471204608F088FC86F8780094F8CE3364
:10A300000BB394F8DD38F3B984F8CE3394F8CF2347
:10A31000D4F8C40304F2D23135F0C8FF94F8CF3337
:10A32000A4F8C033B4F8D033A4F8403094F8CD3456
:10A3300084F8CC33D4F884322BB1204604F0BEF834
:10A34000012384F8DD3894F82A61012E0FD194F8A6
:10A35000213163B1D4F884324BB194F8DD3833B98C
:10A3600084F82A31204604F0A9F884F8DD68D4F88E
:10A37000DC3823F07F4323F0FF03B3F5803F06D1A1
:10A38000B4F8D033A4F84030002384F8DE3800213C
:10A39000284610F01BFE238C03F01D031D2B40F0FC
:10A3A000B480D5F80880E76AE36A002B40F090801B
:10A3B0003C2384F882320421204605B0BDE8F043F6
:10A3C00004F092BD684FE27897F86A30002A6CD0AA
:10A3D000012B6AD1D4E90289C4E904890023E3701E
:10A3E00004F292274B46424638461FF055FDD4F8FA
:10A3F0009232C4F8D432B4F89632A4F8D832C6E90E
:10A400001489238C590717D5F36C03F04403442BAC
:10A4100012D102AB94F83A000093D4E90C23FAF776
:10A420005BFC48B1DDE9022304F526701FF034FD22
:10A43000DDE90223C4E9062394F8CE33DBB100231F
:10A44000316E84F8CE330A78452302F00F02D340F0
:10A45000DA0710D594F8CF33083386F8783094F8BB
:10A46000CF3306334B70306E94F8CF2304F57471FC
:10A47000083035F01BFF94F8DE34002B87D0002322
:10A4800084F8DE3494F8DF34B26E083386F879301D
:10A4900094F8DF3406335370B06E94F8DF2404F57B
:10A4A0009C61083035F002FF71E79807A9D502AB2F
:10A4B00094F83A000093D4E90C23FAF71CFC002826
:10A4C0009FD0DDE90289C4E90489C7E91C8987E7CF
:10A4D000D4E90912284612F0CBF8064618B9AB6841
:10A4E000A26A1344AB60A868414611F08DFDA26AD0
:10A4F0000244BA42034634BF3B1A0023E362002EF3
:10A500003FF452AF05B0BDE8F083184BEE685B69CD
:10A51000DB0307D5FFF7E8FAAB6840F2712202FBD4
:10A520000030A86094F8DD3813B1D4F8F4371E4435
:10A5300094F8DF38676A6BB1002684F8DF6811F0A1
:10A540003DFD4008421C3146284605B0BDE8F043B9
:10A5500012F00EB811F032FD71004008B94200F15E
:10A56000010238BF3946EFE778310120A0300120E1
:10A57000036A012283F8DF28FFF780BEF8B5046A7A
:10A58000866AD4F8F83613F0FF1F05460DD194F80B
:10A59000802212B394F881320133DBB29A4284F8FC
:10A5A00081321AD8432384F88232012384F8FA36A0
:10A5B000002384F8DD3894F8FB365A1C84F8FB2617
:10A5C0002BB904F2FC60BDE8F84012F0CDB820468B
:10A5D0000421BDE8F84004F087BCF37B13B9384B85
:10A5E00093F87930B37394F8CE3323B3002794F8FB
:10A5F000CF23D4F8C40384F8CE7304F2D23135F0FB
:10A6000055FE94F8CF33A4F8C033B4F8D033A4F88F
:10A61000403094F8CD3484F8CC333A4604F52471B4
:10A62000204608F0F1FAD4F8843284F8A00713B970
:10A6300084F8DD38F8BD94F8DE34B3B1002384F833
:10A64000DE3494F8DF24D4F8D40404F2E24135F087
:10A650002DFE94F8DF34A4F8D034B4F8E034A4F834
:10A66000403094F8DD3584F8DC3494F8DE3894F822
:10A670003A00012B01BFB4F8D033A4F840300023D6
:10A6800084F8DE38D4E90C23FAF7C8FC90B1002333
:10A69000A4F8CA3304F5707204F2F921204608F0D8
:10A6A0004FFBD4F8C433F366B4F8C033A6F86000A7
:10A6B000A6F8683029462046BDE8F84003F084BE7D
:10A6C0007831012070B5046A826A94F81E3205461A
:10A6D0002BB120460321BDE8704004F05DBED37B62
:10A6E00013B9194B93F87930937394F8EE3573B12D
:10A6F000002384F8EE3594F8EF25D4F8E40504F24D
:10A70000F25135F0D3FD94F8EF35A4F8E03504F5B7
:10A710000C76AB68D4F820221344AB60B4F828312F
:10A720000133A4F828312046FFF772FDB4F8281150
:10A73000304603F00FFE002184F81D02284611F078
:10A740006BFE0028E5D070BD78310120FFF7BABF5D
:10A7500070B590F861110446B9B92A4B1B680BB962
:10A76000002070BD1B69002BFAD0274A1068274AC9
:10A77000201A0011504380B298470028F0D1B4F855
:10A780002802BDE8704005F01FBF90F85D2190F8E9
:10A790006331534013F00103E2D190F86551B0F8F2
:10A7A0002802061DB54203DD013284F85D21D7E79A
:10A7B00035B301390229F7D8154D6B78002BCFD06E
:10A7C00005F002FF0028CBD06B78013B6B7094F84A
:10A7D0005D31013384F85D310E4B1B68002BC0D016
:10A7E00094F86430002BBCD094F86730002BB8D1BB
:10A7F000D4E97632013342F10002C4E97632B0E79F
:10A800002846E4E74C21012048210120CF467D67FE
:10A81000203101203C210120002310B580F8603157
:10A82000044605F053FE78B1084B1B6863B194F8F9
:10A8300064304BB194F8673033B9D4E974320133E2
:10A8400042F10002C4E9743210BD00BF3C21012076
:10A8500010B590F85E1190F862214A4012F00104A0
:10A8600007D090F86021013180F85E111AB1FFF72E
:10A87000D3FF204610BD80F88221FAE705F04EBED6
:10A8800070B504468AB00E4639B990F8643123B9E0
:10A8900090F85F3152EA03004BD0FF2384F85C311B
:10A8A0000DF1070204A9204605F0BCFD94F88231A1
:10A8B0000546002B63D1002861D09DF80730002B9E
:10A8C00039D1636813F0020303D0A3785A1E5342B0
:10A8D0005341DBB2059984F85F318DF807304B782E
:10A8E00084F860310B7803F0030384F85C3123BBF8
:10A8F000424B1B680BB39B68FBB1414A1068414A4D
:10A90000201A0011504380B298473F4B196849B153
:10A9100094F8643033B194F8673004F14C0033B3E9
:10A92000012B28D004A82946F9F790F9059B5878FF
:10A9300002300AB070BD0123CBE70B7803F0E303CC
:10A940000B7094F85D21920002F0040213430B7027
:10A9500094F85E21D20002F0080213430B7094F8C1
:10A960005F21120102F0100213430B70CDE7D4E90E
:10A9700074238847D6E7B4F816210023F9E72EB3ED
:10A98000003D18BF0125002384F85F51012584F89C
:10A99000603104F5AE711D4884F85C5108F087FB06
:10A9A0001B4A92E8030002AB83E8030018462946DD
:10A9B000F9F74CF994F88231BDF8080084F8825117
:10A9C000B3FA83F35B0984F88331B2E794F8613119
:10A9D000002BD5D1094B1B68002BD1D0DB68002B95
:10A9E000CED0074A1068074A201A0011504380B29F
:10A9F00098470028C4D130469BE700BF4C21012076
:10AA000048210120CF467D673C210120780B0120A1
:10AA1000C83E0700F8B504460D461F46164692B1DB
:10AA20001A4B19681A4B411A091159438AB2B0F8E6
:10AA30001611284605F0D4FD35462FB92846BDE845
:10AA4000F84005F0C9BDEBB1124B196849B194F853
:10AA5000653033B194F8673004F14C0053B1012BE9
:10AA60000CD0B4F828120631284689B2BDE8F84067
:10AA7000F9F722B9D4E976238847F2E7B4F816212A
:10AA80000023F9E70029D9D1F8BD00BF48210120F2
:10AA9000CF467D67382101202DE9F34143680191BC
:10AAA0005B070646144626D426F046FA804611F087
:10AAB0008BFAB6F81851019940F2E2435D433369CD
:10AAC00007465BB1986811F09FFAA842019905D832
:10AAD0003369986811F098FA01990546404611F0DB
:10AAE00093FA96343C440444AC4294BF00200120C5
:10AAF00002B0BDE8F0810020FAE74378032B11D1C2
:10AB000090F858322BB190F85902003818BF012044
:10AB1000704790F850323BB1D0F87001B0FA80F035
:10AB200040097047002070470120704770B5046AE3
:10AB30002046FFF7E2FF18B1BDE8704011F012BAED
:10AB4000214B1B684BB19B693BB1204A1068204ADE
:10AB5000201A0011504380B2984700211D4BA4F8E1
:10AB60006411012284F86121204619705970FFF7A1
:10AB700087FE11F001FA064620BBB4F8280205F062
:10AB800023FD05460028D7D0134B196849B194F826
:10AB9000653033B194F8673004F14C0053B1012BA8
:10ABA0000CD0B4F828120631284689B2BDE87040AE
:10ABB000F9F782B8D4E976238847F2E7B4F816218A
:10ABC0003346F9E770BD00BF4C2101204821012028
:10ABD000CF467D677C0B012038210120036A93F862
:10ABE00082212AB193F8832112B1002283F88221B5
:10ABF000704700002DE9F04F046AA14A94F89811BB
:10AC0000866A537885B0054600293ED112781343F1
:10AC10000DD0237AB4F886113E2B04BF082323728B
:10AC200004F5C4701FF0BAF8012384F8983196F83F
:10AC3000703084F81A3194F8D232012B0AD194F88A
:10AC40001B313BB994F8D1228E4B53F822300BB113
:10AC500020469847D4F8E0323BB18B4A10688B4AC3
:10AC6000201A0011504380B298472046FFF745FF55
:10AC7000804698B120464B2104F0A0FF04F5C47033
:10AC800005B0BDE8F04F1FF08CB8002BCFD0B4F862
:10AC9000861104F5C4701FF081F8C8E794F8F83005
:10ACA00053B30C2005F0ACFB074628B3B4F81621CB
:10ACB000B4F8143184F8F88013440733A4F88232CE
:10ACC000714B724A1B68E31A1B115343D9B2AA682D
:10ACD000404610F063FE6E4BA0FB0332DB0F43EAED
:10ACE000420304F51E71A4F87A32384608F0F9F9E7
:10ACF0003946204605F062FB94F8433263B10023E5
:10AD000084F8433294F84432002B40F09980614B30
:10AD10001B680BB120469847AB680293F37B0BB9D5
:10AD200096F87130B373337B032B0AD1F3685A4919
:10AD300003F0FF138B420CBF2246621E92F85B3178
:10AD4000B370DFF868B1DFF844910027B4F816312A
:10AD5000B4F8188102980137BFB2013308FB07F13C
:10AD600040F2E2429BB202FB0101A4F81631A96055
:10AD700094F85EA2BAF1090F64D1B4F88212994234
:10AD80004CD1B4F87C12A4F81811B4F87E12B4F8BF
:10AD90001431A4F81411B4F88012B4F886A1039306
:10ADA00001EB81014900A4F8861137490868201A8F
:10ADB000001109FB00F0C0B210F0E0FDB4F87A0217
:10ADC000616940F2E24202FB00116161B4F81811BE
:10ADD0004A4318F0030118BF0121E26108EB980211
:10ADE0000A44B4F8861104F5C47011441EF0D6FF6D
:10ADF000B4F81821039B424507D1B4F814219A42B4
:10AE000003D1B4F88631534505D0D4F8603243F409
:10AE10000073C4F86032012384F8573294F84D214E
:10AE20001E4B002153F82230204698471C49707071
:10AE3000284611F0F1FA002888D005B0BDE8F08F5F
:10AE4000184B65E7BAF1010F32D1B4F8A8229A4243
:10AE5000E4D1D4E9A8232046C4E9482304F08EFDB8
:10AE6000114B84F857A21B68002BD7D0064A1068F4
:10AE7000201A001109FB00F080B29847CEE700BF0E
:10AE80007C0B01201421012048210120CF467D6741
:10AE9000E3361A002C21012003000100C02001200C
:10AEA000FBFD0300282101207830012068300120BB
:10AEB000BAF10D0FB2D1B4F8B4229A42AED194F8DF
:10AEC0004430022B03D0032B14BF0123042394F836
:10AED0004580B8F1020F06D0B8F1030F14BF4FF050
:10AEE00001084FF0040894F8B212A9B3994233D084
:10AEF00002294FF001035DD0042952D084F8443078
:10AF00001946CB1A23440A4693F95801D4F8603203
:10AF100084F83A0043F400537E28C4F860321BD111
:10AF2000DBF80030224493F9203084F83A3082F87C
:10AF30005731D4F81C22032908BF84F85B3152072B
:10AF40000AD51E4AD2F800A0BAF1000F04D001229F
:10AF5000009220460022D04794F8B3327BB143459B
:10AF60000DD0022B03D0042B14BF0123032384F83C
:10AF70004530D4F8603243F40053C4F86032012302
:10AF800084F8573204F50C71204605F034F904F5C5
:10AF90000A71A4F83A02204605F02DF9A4F8380207
:10AFA0003CE794F846300321013B84F8441018BF75
:10AFB0000123A6E784F84410A3E700BF3421012051
:10AFC000036A93F882212AB193F8832112B10022F7
:10AFD00083F882215B780BB1FFF70CBE704719B97B
:10AFE000036A012283F85922704700002DE9F047D7
:10AFF000046A94F8573284F81B2181460E4617469E
:10B0000033B1002384F857323921204604F0D6FDAD
:10B01000022F04D13046BDE8F04705F0DDBA2046E6
:10B02000FFF76BFD054600283BD1042F09D8DFE868
:10B0300007F0033808383100294B01225A700022EA
:10B040001A70314604F2611008F07BF82046FFF7D1
:10B050007FFB80462046FFF7FBFBB4F83A22D9F885
:10B06000081082462046FFF717FDE8B110F07AFF7E
:10B070002046FFF703FC94F86131032B04BF002343
:10B0800084F8593242462B4631462046BDE8F04707
:10B09000FFF7C0BC124A13780133DBB2012B1370E7
:10B0A00018D910F05FFFB5E7BAF1000F15D163684A
:10B0B00083F00802C2F3C00282F001023946204642
:10B0C000FFF7DEFB0028D1D010F056FFB0FA80F574
:10B0D0006D09CDE74FF00008E9E70122ECE700BF7A
:10B0E0007C0B0120B0F816212DE9F8430132B0F8AD
:10B0F000FA50B0F81891B0F81481B0F8867192B295
:10B10000531B04469BB240F2E24009FB03F3434366
:10B11000D4F80001A4F8FA201844C4F80001B4F8E7
:10B120008202A84218BFC4F80431B4F87C32A4F8F3
:10B130001831B4F87E32A4F81431B4F8803203EB3D
:10B1400083035B00A4F8863111BBB4F87A6294F8EB
:10B150007852B4F8F81040F2E2435D435E43701950
:10B1600001F0E8F8D4F80031C4F8FC503344C4F8D6
:10B17000003163691E44A3692B440344A361D4F8DE
:10B1800098301D44361A05EB40006661C4F89800FB
:10B1900019F0030218BF0122B4F8861109EB9903D4
:10B1A0001344194404F5C4701EF0F8FDB4F81831C6
:10B1B0004B4507D1B4F81431434503D1B4F8863177
:10B1C000BB4205D0D4F8603243F40073C4F8603257
:10B1D000012384F85732002384F80831BDE8F8834E
:10B1E0004378032B11D190F858322BB190F85902C3
:10B1F000003818BF0120704790F850323BB1D0F8AA
:10B200007001B0FA80F040097047002070470120BB
:10B210007047000070B5046A2046FFF7E1FF18B1DF
:10B22000BDE8704010F09EBE1C4B1B684BB19B6983
:10B230003BB11B4A10681B4A201A0011504380B2D0
:10B2400098470026B4F82802A4F80A6184F80C6133
:10B25000C4F8106105F0B8F905460028E0D0124B9B
:10B26000196849B194F8653033B194F8673004F146
:10B270004C0053B1012B0CD0B4F8281206312846EB
:10B2800089B2BDE87040F8F717BDD4E97623884746
:10B29000F2E7B4F816213346F9E700BF4C2101204C
:10B2A00048210120CF467D673821012070470000EA
:10B2B0002DE9F04F046AD0F8288094F8093185B060
:10B2C000064693B325F038FE01460390B068B4F803
:10B2D000185110F099FE039920B340F2E243B06890
:10B2E0005D4310F091FE854203991BD2B06810F0C7
:10B2F0008BFE29460FF0EBFBB4F816311B1AA4F8AD
:10B30000163194F84D316BB994F81D1194F81C3135
:10B3100000FB01F2934210FB01F0C0B25DD31B1A97
:10B3200084F81C31002384F8093198F8783084F8C7
:10B330001A3194F8D232012B0AD194F81B313BB95F
:10B3400094F8D122AE4B53F822300BB120469847E7
:10B3500094F80B317BB1D4F81031C4F80031B4F853
:10B3600016310133A4F8FA30002384F89931C4F877
:10B37000FC30C4F8043194F8982194F80C31002A78
:10B380003FD113B994F80A316BB1237AB4F886111E
:10B390003E2B04BF0823237204F5C4701EF0FEFC8C
:10B3A000012384F89831D4F8E0323BB1954A106813
:10B3B000954A201A0011504380B298472046FFF763
:10B3C0000FFF38B320464B2104F0F8FB04F5C4709E
:10B3D00005B0BDE8F04F1EF0E4BCD21A252A82BFAA
:10B3E0004DF668514A43520D03F12503A3EB0003C8
:10B3F00088BF02EBC201DBB284BF02EB81029B1863
:10B400008EE7002BCFD0B4F8861104F5C4701EF07F
:10B41000C5FCC8E77D4B1B684BB1DB693BB1794A82
:10B420001068794A201A0011504380B2984794F866
:10B430005C32012B08D194F85B222AB984F85B3284
:10B440002C21204604F0BAFB94F8433263B1002368
:10B4500084F8433294F84432002B40F0CF806C4B98
:10B460001B680BB12046984794F85E32092B0DD12A
:10B47000204609F03DFC48B1B4F81621B4F88232F8
:10B480009A4203D101212046FFF72CFEB4F8165151
:10B49000B4F8FA300135ED1A94F80931ADB25BBB5E
:10B4A0006368190328D5B4F814312BB394F8083124
:10B4B00013B394F80C31FBB104F5B8701EF0FCFB2B
:10B4C000D0B16378032B17D094F85E32FF2B40F095
:10B4D000A980B4F8141179B1B4F8163194F84D215B
:10B4E0000B44A4F816314B4B0D44013953F822306C
:10B4F00089B22046ADB29847DFF82491B4F81631EE
:10B50000D4F80401B4F8F8100133A4F81631013569
:10B51000B4F81831ADB26B4340F2E24B0BFB0300C1
:10B5200000F008FFB4F81871824610F04DFD6F432B
:10B530000BFB07F795284FEA570B40F2A68010F057
:10B5400043FDABEB000BD3457FF63CAFD4F80021B5
:10B55000D4F8FC101744B4F83A220A44A7EB0A07BF
:10B56000524401EB4A01B760F260C8F8601094F8E9
:10B570005E72092F40F01381B4F81621B4F88232BC
:10B58000511C994202D1022184F899119A4203D1A7
:10B5900000212046FFF7A6FD94F84D211D4B002108
:10B5A00053F822302046984788F8010094F89931E2
:10B5B000022B1AD0B4F81621B4F8FA300132D21A9C
:10B5C000B4F886314FF47A714B43B4F81811D2B203
:10B5D00040F2E2404143B3FBF1F3511CDBB299422C
:10B5E00040F0D880012384F899310B49304610F09F
:10B5F00013FF002882D005B0BDE8F08F074B2FE77E
:10B600001421012048210120CF467D674C210120D3
:10B610002C210120C0200120FBFD03002821012056
:10B6200068300120092B15D1204609F061FB88B153
:10B63000B4F88222B4F81631D21AB4F8141193B2C5
:10B64000481C83423FF747AF012A7FF755AF023BC3
:10B6500099B240E794F85E32B4F81611012B07D185
:10B6600094F85532012B03D1B4F8A822521AE4E71A
:10B67000D4F85C325A4A23F07F4323F0FF0393420D
:10B680007FF43AAFB4F8B422F0E7962059E70D2FD3
:10B6900082D1B4F81621B4F8B4329A427FF47CAF68
:10B6A00094F84430022B03D0032B14BF012304234E
:10B6B00094F84570022F03D0032F14BF01270427ED
:10B6C00094F8B312A9B3994233D002294FF0010381
:10B6D0005DD0042952D084F844301946CB1A234453
:10B6E0000A4693F95801D4F8603284F83A0043F4DA
:10B6F00000537E28C4F860321BD1D9F800302244B0
:10B7000093F9203084F83A3082F85731D4F81C226B
:10B71000032908BF84F85B3152070AD5314AD2F8B1
:10B7200000B0BBF1000F04D001220092204600229D
:10B73000D84794F8B2327BB1BB420DD0022B03D074
:10B74000042B14BF0123032384F84530D4F860325E
:10B7500043F40053C4F86032012384F8573204F5EF
:10B760000C71204604F047FD04F50A71A4F83A0272
:10B77000204604F040FDA4F838020DE794F8463066
:10B780000321013B84F8441018BF0123A6E784F885
:10B790004410A3E79A42FFF428AF022323E7012FC6
:10B7A0007FF475AFB4F81621B4F8A8329A427FF44A
:10B7B000F3AED4E9A8232046C4E9482304F0DEF818
:10B7C000094B84F857721B68002B3FF4E5AE074A1B
:10B7D0001068074A201A0011504380B29847DBE6F0
:10B7E00000010D0034210120783001204821012082
:10B7F000CF467D67036A0022A3F80A2183F80C2153
:10B80000C3F81021FFF754BD19B9036A012283F868
:10B81000592270472DE9F047046A94F8573284F8AA
:10B820001B210F46164633B1002384F857323921C5
:10B83000204604F0C3F9022E04D13846BDE8F04793
:10B8400004F0CABE2046FFF7CBFC054618B906F047
:10B85000FD03012B02D110F085FBEEE794F80B31CC
:10B8600063B926B1636898022FD4042E0CD1D4F8A2
:10B87000AC30C4F81031012384F80B312EBB012306
:10B8800084F80C3184F80A61394604F2611007F03B
:10B8900058FC94F85B324BB994F86131032B05D016
:10B8A0006368990544BF012384F85C322046FEF7A3
:10B8B0004FFF80462046FEF7CBFF94F8083183B94E
:10B8C00078B1012384F808310BE0042EDCD194F820
:10B8D0000A310133DBB2012B84F80A31BBD84FF0B7
:10B8E0000008012231462046FEF7CAFF814698B97A
:10B8F00010F038FB2046FEF7C1FF94F86131032BAE
:10B9000004BF002384F8593242462B46394620466C
:10B91000BDE8F047FFF77EB894F85B3263B994F85E
:10B920005C22012A08D16268920505D594F85C2151
:10B93000032A08BF84F85C3210F01EFB0028D9D11E
:10B94000042E05D094F8643113B994F85F3183B1B3
:10B95000494694F84400D4F8AC500FF09DFAB4F87E
:10B960003A22294602442046FFF796F8B0FA80F3BF
:10B970005B09DDB2BEE700002DE9F84F174E96F8DF
:10B98000983005461BB3164AB6F880301468DFF8C5
:10B9900054B04FF43C7202FB034404F10C0AD4F897
:10B9A0001480002740F2E2495946504610F034FD19
:10B9B000013760B9B4F81631B4F818210133A4F88E
:10B9C0001631BBB2534309FB03836361ECE72E627C
:10B9D0002846BDE8F84FFCF75DBB00BF60210120A1
:10B9E00048210120FBFD03002DE9F04F846A94F803
:10B9F000A40087B00F46002874D0606E002871D074
:10BA00004C4DD4F88830DFF83C8103930830D4E9FA
:10BA10002423D8F800A0B5F880B094F8A1901EF0C7
:10BA20003BFA94F8A23085F88B3195F841309A07AB
:10BA300076D594F8A030012B57D1384610F8086B12
:10BA40001EF024FA0B0A03F0C003402BCDE90401D9
:10BA50004FEAD6165FD104ABC5E91E0194F8A300E6
:10BA60000093D4E92623F9F755F9606EDDE9042344
:10BA700002301EF011FA85F88A612F49606E06F0D7
:10BA800025FC4FF43C76039BD8F8001006FB0BA670
:10BA900003EBC909711A294B09115943B6F818313A
:10BAA00009F5E56940F2E2404A46C9B258430FF051
:10BAB00075FF234BA0FB0332DB0F43EA4203626EA8
:10BAC0009375626E4844C3F30721D175A5F87030B1
:10BAD000706195F88901012827D13B789B0624D510
:10BAE00085F8850007B0BDE8F08FD4E91423CDE9CF
:10BAF000042304ABE66C94F8A3000093D4E9262356
:10BB0000F9F7F9F828B1DDE904230126C5E91E2378
:10BB1000ABE7C6F3400600220023C5E91E23A4E7D5
:10BB200000220023C5E91E23A7E7002385F88530FE
:10BB30000120D7E760210120E8220120CF467D6760
:10BB4000E3361A004821012008B5044B012283F88E
:10BB5000982010F007FA002008BD00BF60210120E6
:10BB60002DE9F0410446D0F8345200F5037710F087
:10BB70002BFA636E628BC4F81432238B00F2CC4034
:10BB80009342C4F8180213D0D5F88C1040F27123F8
:10BB90005A43084490420BD2384610F0E9FC38B1C1
:10BBA000616ED4F8140210F02FFAC5F88C0012E080
:10BBB000002395F881106878C5F88C3000F078FD86
:10BBC0006870268B628B964207D1384610F0D6FB00
:10BBD000D4F814326366BDE8F08140F271235E430D
:10BBE00003FB0268D4F8143233446366424631469C
:10BBF000384610F0BDFC0028D2D1636EC4F8143270
:10BC0000F0E7006A036890F8082223F07F4323F0EE
:10BC1000FF036BB190F809320133DBB280F80932CF
:10BC200012B1012B01D870472BB1032105F05EBE84
:10BC30000AB9FFF795BF7047006A036823F07F4396
:10BC400023F0FF0313B1032105F050BE80F8083242
:10BC5000FFF786BF2DE9F047036A5A78064622B3FC
:10BC600093F808520DBB134AB3F860301468DFF83C
:10BC700048A04FF43C7202FB034404F10C096769CD
:10BC800040F2E2485146484610F0C6FB013560B923
:10BC9000B4F81631B4F818210133A4F81631ABB258
:10BCA000534308FB03736361ECE73046BDE8F0479C
:10BCB000FFF7A7BF48210120FBFD03002DE9F04756
:10BCC000036A5A78054612B3134AB3F86030146811
:10BCD000DFF848A04FF43C7202FB034404F10C0966
:10BCE0006769002640F2E2485146484610F094FB4E
:10BCF000013660B9B4F81631B4F818210133A4F84C
:10BD00001631B3B2534308FB03736361ECE7284673
:10BD1000BDE8F047FFF790BF48210120FBFD03007D
:10BD200008B5036A01225A7010F01CF9002008BD02
:10BD30002DE9F04F846ADFF8749194F8A120056A28
:10BD4000D9F80030607BB5F860B0D4F8886087B06F
:10BD50008846023294F8831003930FF0B0F88246BD
:10BD600094F8A400002877D0606E002874D0D4E93D
:10BD7000242308301EF090F894F8A23085F8DB31C7
:10BD800095F86B309B0740F1858094F8A030012B2B
:10BD900065D1404610F8087B1EF078F8CDE9040123
:10BDA000C5E91601090A01F0C00140294FEAD71779
:10BDB00007D104AB94F8A3000093D4E92623F8F745
:10BDC000A9FF606EDDE9042302301EF065F885F8F6
:10BDD000DA71039B4FF43C7707FB0B37304B1B6A40
:10BDE000C3F3803385F8D93105F5EC71606E06F048
:10BDF0006DFAD9F800102B4B791A0911594306F541
:10BE0000DB66B5F86230564440F2E2403246C9B2D1
:10BE100058430FF0C3FD244BA0FB0332DB0F43EA72
:10BE20004203626E9375626EC3F307210644D175B7
:10BE3000A5F850307E6195F8D931012B0ABF98F8EA
:10BE400000300023C3F3401385F86930237B85F865
:10BE50006C30012085F8680007B0BDE8F08FD4E9A8
:10BE60001423CDE9042304ABE76C94F8A3000093FA
:10BE7000D4E92623F8F73FFF28B1DDE904230127A1
:10BE8000C5E916239DE700220023C5E91623C7F361
:10BE9000400796E700220023C5E9162399E700BF73
:10BEA000A0300120CF467D67E3361A0048210120EB
:10BEB00037B5044668460D4606F094FA9DF8003002
:10BEC000072B05D029462046FFF732FF03B030BDCF
:10BED0000020FBE7F0B587B0846A056A064602A831
:10BEE0000F4606F07FFA9DF80830072B36D1002365
:10BEF00085F8AA31BA1C0DF1070105F5D47006F0DA
:10BF000063F89DF80730DB0628D5D5F8CC1104A8D6
:10BF100006F0B0F89DF81630012B1AD0022B1FD076
:10BF20000023F36094F8A12094F88310607BD4F888
:10BF3000886002320EF0C3FFD4F88820331804A9B9
:10BF4000284601F069F895F808323BB110F00AF87C
:10BF500004E0064B1B6A13F4807FE1D107B0F0BD0B
:10BF6000024B1B6A13F4006FF7E700BFA0300120FB
:10BF70002DE9F0478EB0046A856A064604A80F468C
:10BF800006F030FA0DF10F013A1804F5D47006F0FE
:10BF90001BF894F8A931D90704D4002738460EB00D
:10BFA000BDE8F0879DF80F7017F00107F5D09DF8F8
:10BFB00010308DF8303094F8AA318DF83130D4E952
:10BFC0006C23CDE90823D4E96E23B16ACDE90A23B5
:10BFD000BDF81230ADF83230002205F18803483147
:10BFE00008A8F8F7E1FB0028D7D095F89C30002B83
:10BFF000D3D02B6E002BD0D0DFF848A1B4F860204E
:10C00000DAF80030687BD5F884904FF43C7101FB7E
:10C0100002389DF8142095F87E1002320EF04FFF82
:10C02000E97B064609F19609287B09B995F87E1047
:10C0300024220EF044FF4E440644286ED5E9222304
:10C0400008301DF029FF95F89A3084F8DB3194F818
:10C050006B309A076DD59DF80F309B074DD5D4E90D
:10C060006E131A0A02F0C002402ACDE906139DF8A9
:10C07000139009D1C4E9161306AB95F89B00009301
:10C08000D5E92423F8F746FE286EDDE906230230C1
:10C090001DF002FF84F8DA9104F5EC7104F17800E8
:10C0A00006F014F96B7BDAF80010B8F81801032BCE
:10C0B00008BF032240F2E24318BF022203FB0266DC
:10C0C000A8EB01011D4A0911514358433246C9B238
:10C0D0000FF064FC1A4BA0FB0332DB0F43EA420370
:10C0E0000644A4F88E30C8F814602B7B84F86C30BA
:10C0F0004FF48073A4F8683050E7D5E91423CDE9F4
:10C10000062306ABD5F84C9095F89B000093D5E933
:10C110002423F8F7F0FD28B1DDE90623B946C4E988
:10C120001623B1E700220023C4E91623C9F340090E
:10C13000AAE700220023C4E91623ADE7CF467D67B6
:10C14000E3361A0048210120F0B505468BB00E46B3
:10C1500059B3046A876A02A806F044F90DF1070191
:10C16000321804F5D47005F02FFF9DF808308DF8D3
:10C17000203094F8AA318DF82130D4E96C23CDE930
:10C180000423D4E96E23A96ACDE90623BDF80A3059
:10C19000ADF82230012207F18803483104A8F8F7EE
:10C1A00003FB012363700FF0DDFE00200BB0F0BD38
:10C1B0002F4B18692DE97043D3E902465D682D4B7A
:10C1C00068B94FF000084FF00009C3E90E8924B1A7
:10C1D0009A6BF5B942F030029A63BDE87083002C87
:10C1E0003CD00FF28409D9E90089C3E90E89002DFA
:10C1F000EDD0D3E90E2142F0005242F08C029A6356
:10C200001D4A1268927E012A84BF41F4E071D9630D
:10C21000DDE742F0706141F07001996316490968E9
:10C220008C7E012C82BF42F0F85242F070029A6379
:10C230001EB19A6B42F440029A630028CDD0D3E934
:10C240000E21012C42F47F1242F44062C4D941F421
:10C250000F7141F00301C3E90E21BEE74FF003085F
:10C260004FF00009C1E700BF033300C00000000029
:10C27000BC0B0120E03001206830012073B58378C9
:10C280001B4A1C4E1060FF2B044622D056F8233068
:10C2900003B19847184D2B78CBB1184B5B7AB3B9E3
:10C2A000F8F714FFF8F778FC0EF050FC144E012458
:10C2B00056F8243003B198470134122CF8D10023EA
:10C2C0002B7001A84FF4803301930EF003FC02B0F1
:10C2D00070BDC37813B9084B01221A70012556F8B6
:10C2E00025300BB1204698470135122DF7D1D1E703
:10C2F000500C0120BC0B0120040C0120A0300120B7
:10C30000080C0120024B53F8203003B11847704746
:10C31000900B012007B500238DF803008DF8040071
:10C320006846ADF800308DF802300EF0D3FB03B054
:10C330005DF804FB0C4A0346506910F4802012D0CB
:10C34000A3FB013141F2C700A3FB003200FB012235
:10C3500046F6F9615B1842F10103044A126892F84B
:10C360002100103018447047A030012068300120AF
:10C3700008B50EF067FB074A20F07C43C00E125C44
:10C38000054843EA026323F4010323F401731843CD
:10C3900008BD00BFD03E070031080402034A1378ED
:10C3A000591C1170024A42F8230070477E0B01208D
:10C3B000800B01202DE9F8430F4BDFF84080DFF8B8
:10C3C0004090C3E90C01002705460E463C4699F80B
:10C3D0000030BB4202D82046BDE8F883D8F80030D0
:10C3E000284631462CB998470446013708F104081D
:10C3F000EDE79847F9E700BFA0300120800B01204E
:10C400007E0B0120C07807F0CDB9000070B588B070
:10C4100005460C4601466846164605F0E3FF9DF8C2
:10C420000430063BDBB21F2B01D900203EE09DF813
:10C43000001005F108020629F7D801A050F821F0F4
:10C440005FC40300B5C403005DC403002BC4030034
:10C450005FC403002BC40300B1C403000321A17215
:10C460006260237295F827306372134902AB012290
:10C470002846F8F7B1F80028D7D09DF81B109DF892
:10C480001A008842DDE9042305D1DDE90250984213
:10C4900008BF954201D041F0020104F10C00E172A5
:10C4A0001DF0FAFC9DF81D303370012008B070BDFE
:10C4B0000221D4E70023D2E7680D012038B50446F5
:10C4C000D0F828010025C4F8285108B11DF058FB08
:10C4D000D4F83001C4F8305118B1BDE838401DF02F
:10C4E0004FBB38BDC20707D4830707D410F0040F31
:10C4F0000CBF252027207047252070472620704735
:10C5000030B55E4C5E4D85B02822002104F19C00C0
:10C5100033F0F4FE04F1C803C0220021184633F0C2
:10C52000EDFE584BC4F8C400C4E92D33022384F84F
:10C53000C830554BC4F8BC40197A40F20312084683
:10C54000A4F8B020FFF7CEFF95F82830DFF85CC1E3
:10C5500084F8CA304D4B84F8C900C4E933C340F2B3
:10C560000113A4F8D43094F8423084F84911D80764
:10C570004FF0570248BFA4F81221980744BF202368
:10C58000C4F81431424BC4F83831424BC4F83C3142
:10C59000414BC4F840312D20404BC4F84431A4F83D
:10C5A00010211DF0E1FA94F84030C4F82801012B65
:10C5B00004D12D201DF0D8FAC4F8300194F84120A0
:10C5C000D4F81431D20759BF354BD3E90C2343F0CB
:10C5D0000203C4F8143158BFC4E94623D4F8143117
:10C5E00048BFD5E9060143F00102C4F8142195F8CB
:10C5F000292048BFC4E946011AB143F05103C4F8E9
:10C60000143194F84030012B4FF0000333D1CDE9C1
:10C610000233032384F888310C2384F88C31D4F856
:10C6200014312048C3F3400384F88A31D4E9462307
:10C630006946CDE9002305F077FE0E23C4F82C41AE
:10C6400084F84831002584F889510FF0BDFCE38F50
:10C65000A4F8985040F2712200F2CC405343C4F841
:10C66000A8001148C4F8AC300FF088FED4F8A4300C
:10C67000A36305B030BDC4F82C31E3E7580C0120AA
:10C68000A0300120958003003C3101205555550014
:10C690007D81030039820300018303000D830300C1
:10C6A000E03001205A0C0120F40C0120D6BE898E06
:10C6B00059B10130C0B2282828BF2520A0F1250398
:10C6C00041FA03F3DB07F4D570472520704770B5B6
:10C6D0008CB004460E4615460021242203A801937F
:10C6E00033F00CFE0522019B8DF80E200DF1160093
:10C6F0002A468DF80F408DF810408DF815601DF01A
:10C70000CBFB03A80EF0E6F90CB070BD38B50446BB
:10C710000D464822002133F0F1FD84F8405038BD29
:10C7200010B59DF8084004F0070443EA844301F083
:10C73000030143EA0143C0E9002310BD10B5BDF871
:10C740001040C3F3080343EA04539DF80C4004F07F
:10C750000F0443EA04439DF8084004F01F0443EA31
:10C76000C42301F0030143EA4123C0E9002310BDC3
:10C770002DE9F047014690F84000A8B391F842A097
:10C780004E6C0C4600204FF0010C0CFA00F73742BB
:10C790005FFA80FE3DD0D4E90057BB4208BFAA42F1
:10C7A00037D1F2453FD0072814BF441C002401278D
:10C7B000544507D007FA04FC1CEA060F16D187403F
:10C7C00026EA0706BAF1000F21D00AF1FF34E4B2DD
:10C7D000012000FA04F535434D6401EBC40581F8EE
:10C7E000424041F834206B60BDE8F08701EBC40C97
:10C7F000DCE90089072C01EBC00014BF04F1010C37
:10C800004FF0000CC0E9008920466446D0E70724B9
:10C81000DEE70130082804F10804B6D1012381F8CD
:10C8200041300020E0E70120DEE790F8401030B50D
:10C8300091B190F84210456C79B10139C9B2012427
:10C840008C4080F842102C4300EBC1014464C1E9E4
:10C850000023002380F8413030BD0721EFE70000BE
:10C86000F0B5044685B0C57A0C301DF00FFB0B46C1
:10C87000A17A00910246294602A8FFF751FFDDE99F
:10C8800002670E4D32463B4605F14800FFF770FF48
:10C8900088B93B4605F14800FFF7C7FF95F82430FB
:10C8A000012B08D14FF400332046236005B0BDE8CA
:10C8B000F0400EF00FB905B0F0BD00BF580C0120DC
:10C8C00002484FF4CC72002133F018BD580C0120FF
:10C8D00008B50C4B0C4A9A600C4B0D4A9A600D4BF4
:10C8E0000D4A9A610D4ADA61FFF7EAFF0C4B1B68AB
:10C8F0001B79072B81BF0B4A136A43F08003136235
:10C9000008BD00BF080C012029C90300BC0B012091
:10C9100005C40300900B012075C90300B5C90300CD
:10C9200068300120E030012008B5F6F7FFF9FFF785
:10C93000C7FFBDE808400EF06FBA000008B521F04F
:10C940005BF9044A537A01335372BDE8084021F081
:10C9500055B900BF3C31012008B521F04DF9044A1A
:10C96000537A013B5372BDE8084021F047B900BF3C
:10C970003C31012030B50E4D89B00DF10201284641
:10C980001DF017F9044608B909B030BD0DF10302D6
:10C9900001A9FFF73BFD28B1FF2301A88DF8163050
:10C9A000FFF75EFF20461DF0EBF8FFF7D5FFE4E749
:10C9B000800C012030B5154D89B00DF102012846DB
:10C9C0001DF0F7F8044608B909B030BD0DF10302B7
:10C9D00001A9FFF71BFD98B101238DF81630A3685C
:10C9E000CDF81730A389ADF81B309DF80330002B2C
:10C9F00014BFFF23012301A88DF81630FFF730FF85
:10CA000020461DF0BDF8FFF7A7FFD6E7880C0120F0
:10CA1000034B93F82400003818BF0120704700BF73
:10CA2000580C01204FF430730438064A5843131849
:10CA3000105C30B193F85820092A01D1186B704767
:10CA40000020704768160120034B53F820301878F7
:10CA5000003818BF01207047D0620020024B1878C0
:10CA6000431E584258417047A81E012030B58B6ABA
:10CA70001B78092B25D10A6AD2F81C31D2F868221A
:10CA80004FF47A756A43B2EB430F1AD3046AD4F8B1
:10CA90001C21D4F868426C43B4EB420F13D30B4C07
:10CAA000A3FB0435A2FB0424DB0FD20F43EA4503AA
:10CAB00042EA4402B2EB930F03D3B3EB920F38BFB9
:10CAC0000146084630BD0146FBE700BFE3361A00C9
:10CAD0002DE9F041C67883783E4C022E054621D1DF
:10CAE000627801326270721E012A23D9A3F1FF001D
:10CAF000434243412A882178FF2A1DD0E3B941FAF5
:10CB000002F3D90705D5344B314653F8220006F01D
:10CB100067FEEB78013B052B5AD8DFE803F01D3C9C
:10CB20004459594C052E03D0062E08BF0126DAE7DA
:10CB30000226D8E70123DDE7DFF89C800027237871
:10CB40003B41DB0704D558F82700314606F048FE84
:10CB50000137032FF3D1DCE7297961720023C91A69
:10CB600018BF01211D486370FFF7D0FD1C481DF060
:10CB700018F91C481DF015F9A968EB68A165E36573
:10CB800031B317481DF00AF9E16D09B3BDE8F04172
:10CB900014481DF003B912481DF003F9BDE8F04137
:10CBA00010481DF0FEB8637893B9E36D83B9BDE812
:10CBB000F0410EF083B8637A022B03D107480121BC
:10CBC000FFF7A4FDA16D06481DF0E8F8E16DDDE773
:10CBD000BDE8F081F80D0120D0620020080E012090
:10CBE000580E0120680E0120024B1860C07806F034
:10CBF0000DBE00BFDC1E0120024B1860C07806F09D
:10CC00001FBE00BFDC1E0120F6F774BC2DE9F04109
:10CC10000EF00CF800283FD00024214FDFF8888068
:10CC200026463B782341DB0715D558F8245095F864
:10CC30006430022B05D105F140000EF049F885F86B
:10CC4000646095F83C30022B05D105F118000EF018
:10CC50003FF885F83C600134032CE2D1114D0024EB
:10CC6000A5F110064FF4307707FB046393F82030EA
:10CC7000022B0AD115F80A3C13B928460EF02DF8FC
:10CC800007FB0463002283F820200134032C05F500
:10CC90003075E9D1BDE8F081BDE8F041FFF76ABE2B
:10CCA000F00D012078160120D06200200D4BC178D4
:10CCB00010B518608378FF2B044609D002880A4B10
:10CCC0004FF4307000FB0230BDE8104006F0D2BDDA
:10CCD000054806F0CFFDE178044806F0CBFDE17889
:10CCE0000348F1E7DC1E0120681601202819012005
:10CCF000E81B0120F0B500F50377044685B000F588
:10CD00000E752C220021384633F0F8FA0021C0229B
:10CD1000284633F0F3FA40F20313A4F820326B4BA9
:10CD2000C4F824326A4B6B4EC4F83452C4E98A34D6
:10CD3000022384F83832307A674DFFF7D3FB95F839
:10CD4000283084F8390284F83A326448644BC4E9E4
:10CD50008F03237C022B0CBF0323012384F845326D
:10CD600084F84432A37BD722D90748BFA4F8822293
:10CD7000990748BFD4F88432A4F8802244BF43F016
:10CD80002003C4F88432337A84F8B932554BC4F89E
:10CD9000A832554BC4F8AC3242201CF0E5FEC4F872
:10CDA000980200285AD0627B504BC4F8B032D207A8
:10CDB000D4F8843259BF4E4BD3E90C2343F002031D
:10CDC000C4F8843258BFC4E9A223D4F8843248BFDF
:10CDD000D5E9060143F00102C4F8842295F8292020
:10CDE00048BFC4E9A2011AB143F05103C4F8843228
:10CDF000237B012B4FF0000332D1CDE90233032313
:10CE000084F8D8310C2384F8DC31D4F88432C3F3AD
:10CE1000400384F8DA31D4E9A223694604F17A00A8
:10CE2000CDE9002305F080FA04F17803C4F89C32C0
:10CE30000E2384F8B8322F4BC4F8B432237B012B75
:10CE400011D127201CF090FE0546C4F8A00250B96D
:10CE5000D4F898021CF094FEC4F898521F202CE0DD
:10CE6000C4F89C32E7E70FF0AFF86389257C224EC7
:10CE700040F271225343C4F81C3200236370A37044
:10CE8000AB1E5D425D41337800F2CC40C4F818021D
:10CE90006D00A3B938460FF071FAD4F8143263600C
:10CEA0000122B3787570AA401343DBB2B37001223C
:10CEB0003378AA4013433370002005B0F0BDB37837
:10CEC0000122AA4023EA0203F0E700BF1194030005
:10CED000659403003C310120A0300120D6BE898E2C
:10CEE0005555550039930300A58903006593030048
:10CEF000E030012069930300F00D012038B52C22A9
:10CF0000044600F54A75002100F53E7033F0F6F94D
:10CF1000C0220021284633F0F1F94FF48173A4F8C0
:10CF20000C33344B344AC4F82053C4E9C4330623C9
:10CF300084F8283392F82830304D84F82A33304B67
:10CF4000C4F81843C4E9CB53A37B8021D80748BF5A
:10CF5000A4F87213980748BFD4F87433A4F8701378
:10CF600048BF43F02003617B48BFC4F874330023FB
:10CF700084F8A433234BC4F88C33C907D4F8743332
:10CF800053BF214B43F00203D2E90601D3E90C0160
:10CF900048BFC4F87433D4F8743392F829204CBFD6
:10CFA000C4E9DE01C4E9DE0143F00101C4F87413F1
:10CFB0001AB143F05103C4F87433237B012B05BF2E
:10CFC00004F17803C4F88833002324230CBF84F8C9
:10CFD0009C33C4F888330D4BC4F890330C4BC4F821
:10CFE000943300200B4BC4F898336070A07084F821
:10CFF000080238BD71940300A0300120D6BE898E8E
:10D0000055555500618C0300E03001201590030058
:10D01000B99003004D9103002DE9F0410B7880F8A1
:10D02000293390F8AA315B0644BF90F8C33180F8E9
:10D030002A338B79012B04460D46164600F53E78BF
:10D040003DD0022B14BF0123032384F8353384F829
:10D050003433AB78AF88002B0CBF1E234FF496738C
:10D060005F430EF0A5FF6B78012BAB780CBF32212C
:10D070004FF4FA71002B0CBF1E234FF4967301443A
:10D08000F818FFF757F9AB78002B0CBF1E234FF4AD
:10D0900096733E4403EB4003301AC4F800030021AA
:10D0A0004046C4F8A0330DF091FF002140460FF038
:10D0B000B3F910B1012384F80832BDE8F0810223EE
:10D0C000C3E70000F8B51C481C4D1D4F802200210D
:10D0D00033F014F900242E4655F8040B58B14FF4E0
:10D0E0007A72002133F00AF955F8043C57F82420ED
:10D0F0001C74C3F8A0210134032CEDD1114B12494B
:10D1000001221A73336808684968083303C30A4B5D
:10D110001A700E4A127B83F86C2083F87C2040F250
:10D12000075140F20762A3F87620A3F86610084B77
:10D1300000221A70F8BD00BFF80D0120D062002057
:10D1400060120120A0300120F03E0700E0300120F5
:10D15000F00D012008B5094B094ADA61094B0A4A6A
:10D16000DA610A4B0A4A9A610A4B0B4A1A60FFF7C6
:10D17000A9FF0A4B4FF47A725A8208BD080C0120AD
:10D18000A1D10300BC0B0120D1CA0300900B0120E8
:10D190000DCC03007030012049CA0300E0300120AB
:10D1A00008B5F5F7C3FDF6F793F9BDE80840FFF7BA
:10D1B00089BF0000154B1B6830B5154D1C8B002234
:10D1C000034613F0030F18BF23F0030302F101021B
:10D1D00018BF0433032A45F8043B2344F1D10D4D15
:10D1E000002213F0030F18BF23F0030302F1010222
:10D1F00018BF0433032A45F8043B2344F1D1181A1D
:10D20000884288BF002080B230BD00BF6830012056
:10D21000601201205816012070B50B4B5C7C44B99C
:10D220000A4E0B4D33782341DB0704D40134032C21
:10D23000F8D1012006E055F82430587B0DF0D2FCDF
:10D240000028F3D170BD00BFA0300120F80D0120EF
:10D25000D0620020034A012303FA00F01378184338
:10D2600010707047F80D0120044A012303FA00F002
:10D27000137823EA00001070704700BFF80D0120FA
:10D2800010B5064C54F820001C8804815C88448149
:10D290001B7903734173827310BD00BFD0620020FD
:10D2A00038B5044604200D461CF05EFC014668B10A
:10D2B00054B1237C0B8007238B70054BCD70187BFA
:10D2C000BDE838401CF065BCFF23F3E738BD00BF64
:10D2D000E030012038B5054604200C461CF044FC23
:10D2E000014640B12B7A8370034BC470187BBDE8B4
:10D2F00038401CF04EBC38BDE030012038B5044643
:10D3000004200D461CF030FC014670B1074BC5707F
:10D31000E41A074BA4115C430D238370054B048072
:10D32000187BBDE838401CF034BC38BD68160120BD
:10D33000A38B2EBAE0300120024B1878B0FA80F0AF
:10D3400040097047A81E0120F0B50D4C0025267835
:10D350006EB194F87062864209D194F871628E427F
:10D3600005D1D4E99E769E4208BF974206D001358A
:10D37000032D04F53074EAD10020F0BD0120FCE754
:10D3800068160120094B0022DA62094B094ADA6269
:10D39000094B0A4A1A600A4B1B681B79082B81BF8C
:10D3A000084A136A43F4005313627047080C0120C3
:10D3B000BC0B0120E9CB03009C3001205DCA0300B7
:10D3C00068300120E0300120084B00221A63084B2E
:10D3D000084A1A63084B1B681B79092B81BF074A4F
:10D3E000136A43F000731362704700BF080C0120FA
:10D3F000BC0B0120F9CB030068300120E030012094
:10D40000094B0A4A5A630A4B0A4A5A630A4B1B6879
:10D410001B79082B094B82BF1A6A42F400521A6228
:10D420004FF43072DA827047080C012009CC0300F7
:10D43000BC0B0120ADCC030068300120E03001209E
:10D4400038B52C22044600F158050021283032F06E
:10D4500055FFC0220021284632F050FF40F2011350
:10D46000A387094B2364094B2565C4E911340923BB
:10D4700084F85830064BC4F8B8300020054BC4F887
:10D48000BC30A07038BD00BFA994030025960300EE
:10D4900031960300B59803002DE9F74F5C4F154610
:10D4A0009B46D2E90223BC69C4E98A2304F50A79C0
:10D4B0000123064684F85632484688460DF0C2FBE2
:10D4C0006B69B4F8181183EA1343A4F8583248463C
:10D4D00000F040FF84F8590096F8AA315B0644BF7B
:10D4E00096F8C33184F85A306B69E365AB692366FB
:10D4F00098F80630012B74D0022B14BF01230323AC
:10D5000084F8653084F86430AA78EE782B88002A95
:10D510004FF416110CBF1E224FF496724E4302FBBD
:10D52000036606EB0B03C4F83031B4F81831A4F8E5
:10D530003431287C03F07AFBAB78002B80460CBF9B
:10D540001E204FF4967030444146FEF7F3FEAB7850
:10D55000002BA6EB00060CBF1E234FF4967303EBC3
:10D560004000B6F5967FC4F8C000C4F82C014CD337
:10D570005E44266394F86500DFF8A4B00822002119
:10D580000DF09DFC04F1280A6063C4F82801002610
:10D59000594650460EF040FF013620BBB4F8181132
:10D5A000013189B2A4F81811484600F0D3FED4F82E
:10D5B0001C3184F85900B5B25D4328464146FEF758
:10D5C000B9FED4F830311D44D4F8283103446363E4
:10D5D000D4F82C312D1A03EB40002563C4F8C000A9
:10D5E000D6E702238CE70B480B4B201A80115843D7
:10D5F0000A4B009304300023D4F82821D4F81C11DE
:10D60000C0B20EF05DFA01237B7003B0BDE8F08F6D
:10D61000A81E012068160120A38B2EBA25CA03007C
:10D620006DCA03002DE9F04FA64BDFF8A0B21E68CB
:10D63000DBF81040DFF898A22DED028B4FF43C731D
:10D6400003FB006604F1280308EE103A96F84A320C
:10D65000012B08BFA371B6F84E329AF81020DAE910
:10D66000020103EB83035B00A4F80A3204F50A7994
:10D67000B6F84C3284F82021012287B0A4F8083291
:10D68000C4E98A0184F856224846F8F75DFDDAF8C5
:10D690001420E26582EA1241DAF81820226694F832
:10D6A000B82284F8652084F864209AF802209AF859
:10D6B0000370A4F85812002ABBF80610BAF80050FC
:10D6C0004FF4161230460CBF4FF01E084FF49678F8
:10D6D000574302F033FCB6F816110744304602F007
:10D6E0002DFCB16908FB0577014480463846BAF83D
:10D6F0001C500EF089FCB269002800F0BB8008EBDA
:10D70000020138460EF080FCD4F81C21B0FBF2F088
:10D710002D1A80B2ADB2414602FB10700EF074FCBF
:10D7200029460290A4F81851484600F013FE9AF8D2
:10D730001020654B84F85900062A98BF33F8127000
:10D740009BF80C2088BFDF89062A94BF33F812307B
:10D75000DB8905930EF02CFCBBF80E106D1A024607
:10D76000A9B2D4F81C01049247F6FE75A94288BFFD
:10D77000002100FB01F307EB020B594618469A46BD
:10D78000FEF7D8FD0390514801894089091ADDE967
:10D790000423B6F8180189B2A94288BF0021484382
:10D7A00040F2E245D1186843FEF7C4FD059B049A98
:10D7B00001371F4405460398174439462844FEF7AD
:10D7C000B9FD434BB4F818219B78A4F83421002B01
:10D7D00000F110000CBF1E234FF4967303EB4003BF
:10D7E000C4F8C030C4F82C31029BA4F8362143445D
:10D7F000C4F830311B1A236318EE100A00210DF013
:10D80000E5FBDFF8DC80636BC4F82831002618EEF6
:10D81000100A41460EF000FE013600283CD1B4F853
:10D820001811013189B2A4F81811484600F092FD90
:10D83000D4F81C2184F85900B3B253435246D0188F
:10D8400059460293FEF776FD39462844FEF772FDED
:10D85000D4F83021029B103013441B1A2363D4F8F0
:10D86000283103446363D4F82C3103EB4003C4F83C
:10D87000C030CCE7394608EB02000EF0C5FBD4F807
:10D880001C31B0FBF3F0421C90B215FA82F5ADB238
:10D89000414603FB007041E70E480F4B201A8011F0
:10D8A00058430E4B00930430D4F82821D4F81C11AF
:10D8B0000023C0B20EF004F907B0BDEC028BBDE846
:10D8C000F08F00BF48210120083F0700C81E01203B
:10D8D000E01E012068160120A38B2EBA25CA030082
:10D8E0006DCA0300074B187893F8C022003818BFA0
:10D8F000012002B1013093F880350BB10130C0B284
:10D90000704700BF6816012002289FBF4FF4307394
:10D910005843024B185C88BF0020704768160120EE
:10D9200070B5194E347834B196F8C03243B396F8D6
:10D9300080353BBB02244FF4307202FB04F57319AF
:10D940000021184632F0DAFC012272550F4A52F8D3
:10D95000242042620E4A05F51975127B80F86C226C
:10D96000721940F20D417453518040F20112A0F837
:10D970006420084A927D80F8B8220346184670BD9C
:10D980000124D8E70023F9E7681601205816012082
:10D99000E03001202031012030B589B00C46054629
:10D9A00000211A2201A832F0A9FC25238DF80630A7
:10D9B000184B8DF808505A889B88ADF80C30164BE0
:10D9C000ADF80A20E31A154A9B115343ADF80E3007
:10D9D000B4F87032ADF8103094F8B8328DF81830D1
:10D9E0000F4AD4F81C31A3FB0232DB0F43EA420397
:10D9F000ADF81A3094F820318DF81C300DF112007A
:10DA0000D4E99E231CF048FA01A80DF063F809B090
:10DA100030BD00BFC81E012068160120A38B2EBA9E
:10DA2000E3361A00044B4FF4307202FB0030B1FAB7
:10DA300081F1490981717047681601202DE9704311
:10DA4000184E88B04FF000084FF000090DF10701A3
:10DA500030461CF0AEF8044610B908B0BDE870833B
:10DA6000D4E90650D4E902124FF4A813029390426D
:10DA700008BF8D42237C8DF80C30CDE90450CDE9F0
:10DA8000068902D12078984205D0CDE9061243F0EC
:10DA900002038DF80C3002A80DF01CF820461CF093
:10DAA0006FF8D3E76C200120C07805F0FBBE0000C2
:10DAB0002DE9F04FDFF8A8B085B0164602F0FD0260
:10DAC00004460D4600200021012ADDE90E89CBE93C
:10DAD0001C01DDF840A08BF86A201F4634D11E4B94
:10DAE000597C89B3AA70D3E906010022CAE9000172
:10DAF000DA73B30711D502AB009342464B46384662
:10DB0000F7F7F9F848B10123AB70DDE90223CAE960
:10DB10000023CBE91C238BF86A60DAE90023C4E90F
:10DB20001423AB781BB1E36C43F00203E364E26CB3
:10DB300042F00103C4E91689E36417B142F0090217
:10DB4000E26405B0BDE8F08F0023AB70034BD3E96E
:10DB50000C23CAE90023CCE7A0300120E0300120EB
:10DB60007831012013B50A4B93F82930044610464A
:10DB70005BB18B0705D5069B0093DDE90423F7F71E
:10DB8000D4F8E36C43F04003E36402B010BD00BF7F
:10DB9000A03001202DE9F0418A4F8B4D8AB000233F
:10DBA00004938DF814303B6A2E7C5C0406D5042E59
:10DBB00001D0012E02D801238DF81130834C282288
:10DBC000002104F12C0032F099FB04F15803C0222B
:10DBD0001846002132F092FB7D4B6065C4E9113399
:10DBE000032384F8583097F828307A4884F85A305C
:10DBF000794B4FF48172C4E91703012E40F20113EF
:10DC0000A4F84020A4F8643010D0042E0ED095F86B
:10DC10002130D90744BF0822A4F8A2209A0742BFA6
:10DC2000B4F8A23043F02003A4F8A23095F82030D5
:10DC300084F8D3307B695B0409D50CF003FF032320
:10DC4000B0FBF3F303EB4303C01A84F8D2002B7C40
:10DC5000042B77D8DFE803F00379878C8200002358
:10DC60008DF810302823A4F8A03006AB0293D5E934
:10DC700006235A485A4ECDE9002304A9AB7C6A7C9E
:10DC8000FFF716FF00220023CDE9082308AB02931B
:10DC9000D5E90623697C5148CDE90023AA7CFFF72A
:10DCA00061FF2B7C012B67D0042B65D04D4B00937B
:10DCB0003046DDE9062304F01DFB00238DF8140037
:10DCC000064485F84830414804A904F0FFFA2B7C4B
:10DCD000C4F8B840361B022B84F8D06001D9042B5D
:10DCE00069D1414AC4F8BC20404AC4F8C82013F0A6
:10DCF000FD083F4AC4F8CC2060D104233D4F8DF885
:10DD0000103095F8683004A9063338468DF8143081
:10DD100004F0DCFA384B00933E18DDE90623304668
:10DD200004F010FB3044C01B85F86980C4F8C07053
:10DD300084F8D1003148002121850DF047F92F48A2
:10DD40000EF01CFB0AB0BDE8F081002340F6A6628D
:10DD5000C5E902322A4A2A6084F8D23001238DF8BC
:10DD6000103020237FE706238DF8103008237AE750
:10DD700002238DF8103078E7DDE90870D5E9062335
:10DD800057EA000C1CBF03463A46A97C1448CDE96B
:10DD9000002318BF0121DDE906238DF8131004F0DC
:10DDA000B8FAD4F8A4308DF8140043F00403064404
:10DDB000C4F8A43087E70023C4F8BC300023C4F8BB
:10DDC000C030B7E7A030012078310120281F0120A2
:10DDD000FD9A0300D6BE898E55555500801F01203F
:10DDE0002A1F0120A0310120041F0120399A0300BD
:10DDF000799A030044200120C1310120541F0120E1
:10DE000000881300024B0022C3F8BC20704700BFFB
:10DE1000281F012002484FF4A872002132F06EBA88
:10DE2000281F0120054B064A1A61064B064A1A6153
:10DE3000064B074A1A62FFF7EDBF00BF080C01202E
:10DE400055DE0300BC0B0120A9DA0300900B012072
:10DE50003DDA030008B5F5F729FDFFF7DBFFBDE864
:10DE600008400CF0FDBF020202F00F3200F0F0306B
:10DE70000243130103F0333302F0CC321343980012
:10DE800000F0553003F0AA331843C0097047000072
:10DE900040F6F8035843094BA0F50F501B68203893
:10DEA000034493F82021012A06D1D3F8340121B18B
:10DEB000D3F838310B60704700207047B420012040
:10DEC0002DE9F047144FDFF85480DFF854900546F1
:10DED0000E4600243B681B7B5FFA84FA534502D848
:10DEE0000020BDE8F087D8F8003050469847012858
:10DEF0000ED110201BF038FE014658B1C0E9025681
:10DF00000E23A0F800A0438099F80C001BF041FEFE
:10DF10000134DFE70C20E4E7683001207430012091
:10DF2000E030012013B5094C0DF1030120461BF030
:10DF300040FE019018B9FFF781FD02B010BD01A8A5
:10DF40000CF0C8FD01981BF01BFEEDE7A820012096
:10DF500007B5CDE900100CF075FDDDE900121BF0EE
:10DF6000C3FF80B203B05DF804FB00002DE9F04769
:10DF7000DDF824809DF8206005460C469946042A69
:10DF800019D8DFE802F00312031A84000B7A93B960
:10DF90006A4809880068C0893144814205DD2380D0
:10DFA000237207273846BDE8F087AF78002F40F08E
:10DFB000C380002E75D11227F4E78378012B40F03F
:10DFC000AA8005F2FC671FF017FE38460EF02AFC07
:10DFD0001FFA86FA98B91FF011FE32464146E673E1
:10DFE00004F1120032F062F951464046FFF7B0FFEB
:10DFF0000123208284F80D91A3730027D2E795F8BE
:10E00000DD38002B3CD10023C5F81837C5F804389B
:10E0100038460EF0A9FB95F8DD381BB105F5FD601B
:10E020000EF0A2FB1FF0EAFD32464146D5F8C403CC
:10E03000A5F8C0A332F03AF951464046FFF788FFF1
:10E040000022A5F8400005F5247185F8CC932846F8
:10E0500004F0DAFD3A4B85F8A007C5F818373846C2
:10E0600000210EF0D9F995F8DD78002F9AD0354BC4
:10E07000C5F80438002105F5FD600EF0CDF9BCE7C8
:10E0800005F5FD600EF0CEFB0028BCD1A3E7837838
:10E09000002B90D0002E8ED10B88002B8BD03146D8
:10E0A00040E0013A1FFA86FA032A0BD801A353F87D
:10E0B00022F000BFDFE00300EFE0030017E1030000
:10E0C0009FE003006368208832461844414632F0DE
:10E0D000EDF82388534423800023237262E76068AD
:10E0E0003246414632F0E2F8A4F800A0F4E7636853
:10E0F000208832464146184432F0D8F823885344E9
:10E10000238051464046FFF723FF0123A5F8400036
:10E1100084F80C90E1E741466068324632F0C6F878
:10E12000B1B221804046FFF713FF0123A5F840005C
:10E1300084F80C90237260E70C2733E768300120E5
:10E1400071A503007DA50300002303700CF022BD20
:10E1500030B50B4B1B681C7B0A4B1B68002294429A
:10E1600002D80021084630BD5D788542194602D1AB
:10E170001D78002DF6D1013203F6F803EFE700BF5A
:10E1800068300120B420012038B58378FF2B044685
:10E1900019D00078FFF7DCFFA0B10C4BE1781C60D0
:10E1A000BDE8384005F0CEBBE0B2FFF7D1FF20B1AB
:10E1B000D0220021503032F0A1F801342B681B7BB3
:10E1C0009C42F1D338BD024D0024F7E7B020012076
:10E1D00068300120134B2DE9F04118608378FF2B44
:10E1E000044618D00078FFF7B3FF90B1E178BDE89E
:10E1F000F04105F075BB3A6808FB05F3D018D35C15
:10E2000013B1E17805F06CFB013533681B7BAB4241
:10E21000F1D8BDE8F081044E044F002540F6F8081F
:10E22000F3E700BFB820012068300120B4200120AE
:10E2300008B5FFF78DFF30B1B0F8200140F20113AF
:10E24000C31A5842584108BD134B2DE9F0411860DC
:10E250008378FF2B044618D00078FFF779FF90B140
:10E26000E178BDE8F04105F053BB3A6808FB05F3DF
:10E27000D018D35C13B1E17805F04AFB013533685F
:10E280001B7BAB42F1D8BDE8F081044E044F002562
:10E2900040F6F808F3E700BFBC20012068300120F9
:10E2A000B4200120F8B5144D04464DF6685602F02E
:10E2B0000DFC94F8DC2884F888020346134406FB1E
:10E2C00003F2520D02EBC20102EB81029B1AD5E967
:10E2D0000C27DBB2C3F12000A3F1200184F8DC3865
:10E2E00007FA00F022FA03F3034327FA01F10B4384
:10E2F000DB07DCD5F8BD00BFA0300120F8B5144D18
:10E3000004464DF6685602F0E1FB94F81D2284F8AD
:10E310001C020346134406FB03F2520D02EBC2013A
:10E3200002EB81029B1AD5E90C27DBB2C3F1200076
:10E33000A3F1200184F81D3207FA00F022FA03F35A
:10E34000034327FA01F10B43DB07DCD5F8BD00BF1F
:10E35000A030012070B5048E054684EA0100FFF765
:10E3600082FD00EB0010204480B2FFF77CFD00EB43
:10E370000010204480B2FFF776FD00EB001020442F
:10E380004440A4B24DF6685363435B0D03EBC302F4
:10E3900003EB8203E31AD5E900269BB2C3F1200008
:10E3A00006FA00F0A3F12001DA40024326FA01F157
:10E3B0000A43D2075DBF95F82D30634305EB134048
:10E3C000D8B258BF007A70BDF8B5D0F808670446D7
:10E3D0000D460DF0F9FDB0F5967F2ED90DF0F4FD48
:10E3E0001F4F3B685A8AA36C9A422CBFB618F61886
:10E3F0003044B0F5161F28BF4FF416100CF0C6FDC0
:10E4000094F8CC330646DBB994F84C1028460CF04F
:10E41000DDFD3B68D4F804279B8A13443344AB608A
:10E42000D4F88C3273B9002128460DF0F5FFB0B94D
:10E43000AB68A26A1344AB60F5E74FF49670CFE780
:10E440000021E3E7D4F88C22002128460EF010F9D1
:10E4500028B9AB68D4F88C221344AB60F2E7F8BD5E
:10E460006830012038B590F8CC3304460D460BBB1C
:10E4700090F84C1028460CF0A9FD94F83E1099B184
:10E48000626A02F59C52083242F2107301FB0233B9
:10E49000094A934228BF1346D4F808279A422CBF52
:10E4A000C4F88C22C4F88C3229462046BDE8384096
:10E4B000FFF78ABF0021DDE7D4FE4A0070B500F502
:10E4C000FD65044600F618062C220021284631F08E
:10E4D00015FFC0220021304631F010FF40F2011339
:10E4E000A4F8FC37224BC4F80038C4F8043804F50B
:10E4F0007073C4F80C38072384F8183894F8DC38A3
:10E5000084F8193894F93C30C4F810687F2B08BFA0
:10E51000184BC4F8084808BF93F9283084F81A3813
:10E52000154BC4F81C38154BC4F8203894F83F300C
:10E5300084F8243884F82538114B93F8793084F81E
:10E540002638104BC4F8B43804F2F9220023A4F89A
:10E55000CA33C4F87C28C4F88838C4F8AC38C4F886
:10E56000A02829462046BDE87040FFF77BBF00BFCA
:10E570007DA50300A0300120D6BE898E55555500DB
:10E5800078310120159D0300054B1B681B7B40F66D
:10E59000F8025A43034B0021186831F0AFBE00BFA8
:10E5A00068300120B420012008B50E4B0E4A1A62D3
:10E5B0000E4B0F4A1A620F4A0F4911620F4A9A63B3
:10E5C0000F48FDF7EBFE0F4B1B681B79082B81BF33
:10E5D0000D4A136A43F480531362BDE80840FFF705
:10E5E000D3BF00BF080C01200DE60300BC0B0120C7
:10E5F000D5E10300900B012025DF030089E1030032
:10E60000C1DE030068300120E030012008B5F5F7D5
:10E610004DF9F5F7F5FABDE80840FFF7B5BF000082
:10E62000830718BF20F003031B4AF0B514BF04335F
:10E6300003461360194A1A4E15682C7B40F6F802FF
:10E6400002FB0433002294420ED8164E002294425C
:10E6500016D8181A88429FBF134B40F6F8021A8248
:10E6600080B288BF0020F0BD9F0718BF23F00303CE
:10E67000EF8918BF043346F8043B01323B44E2E71C
:10E680009F0718BF23F00303EF8918BF043346F830
:10E69000043B01323B44DAE7B4200120683001201A
:10E6A0007820012090200120E030012010B50C4698
:10E6B00078B10878FFF74CFD60B1038C03F01D03BF
:10E6C0001D2B09D16388013B9BB2802B34BF0020F6
:10E6D000122010BD4220FCE70020FAE708B5FFF742
:10E6E00037FD38B390F8C83333B390F8D8341BB340
:10E6F000038C03F01202022A02D1B0F8D024DAB15E
:10E7000090F8392002F0FD02012A01D10279AAB164
:10E7100003F01102112A03D1B0F8C0231F2A0DD82B
:10E7200013F001030CD0B0F8C033C02B34BF00206D
:10E73000122008BD4220FCE70C20FAE71220F8E77F
:10E740001846F6E710B5C0B20C46FFF701FD38B128
:10E7500090F93C00002123F08FFB2070002010BDB9
:10E760004220FCE7F0B500230B4D0C4E1A4640F654
:10E77000F8072968097B994201D8D0B2F0BD346806
:10E7800007FB03F104EB010C615C19B19CF801106B
:10E79000815401320133ECE768300120B4200120BC
:10E7A00070B50D46FFF7D4FC0446D8B1038CDA07E8
:10E7B00001D58378C3B928461BF068FB01F44043B8
:10E7C000B3F5404F06460D4601D00B040ED41FF0A2
:10E7D00013FA0123C4E902652371E3701FF00EFAF6
:10E7E000002070BD4220FCE70C20FAE71220F8E779
:10E7F000F0B5144692F83920284F02F0FD03064682
:10E800000D4600200021012BC7E91C0185B087F8C7
:10E810006A303AD12179002937D0B370D4E90201A6
:10E82000C4E904010023E370930714D502AB0093FD
:10E8300094F83A00D4E90C23F6F75DFA58B10123B5
:10E84000B370DDE9022394F83910C4E90423C7E961
:10E850001C2387F86A10D4E90423C5E91423B3788C
:10E860001BB1EB6C43F00203EB64D4E90C01EB6CDD
:10E87000C5E9160143F00102EA6494F83A2012B1A6
:10E8800043F00903EB6405B0F0BD0023B370044B03
:10E89000D3E90C01C4E90401C6E700BF78310120C7
:10E8A000E03001202DE9F043064692F83A00F0707E
:10E8B0001446D2E90C23C4E906230D46154991F804
:10E8C000291085B011B394F8391089071AD502AF11
:10E8D0004FF000084FF000090097CDE90289F6F7E4
:10E8E000FBF930B9D4E90C2394F83A000097F6F715
:10E8F0001CFADDE9022352EA03011EBF0121F17077
:10E90000C4E90623EB6C43F04003EB6405B0BDE8BB
:10E91000F08300BFA03001202DE9F84380460D466A
:10E92000FFF716FC0446002868D1DFF8A091D9F85B
:10E9300000301A7B614B1B680646964203D30726BC
:10E940003046BDE8F8831C4603F6F8032778002F0D
:10E9500052D140F6F8023946204631F0CFFC01236F
:10E96000237084F80180D9F80020127C84F8C83321
:10E970009A4238BF1A4684F84C20514A84F8D83459
:10E9800052F8262084F8E8354E4BC4F8C423C4F866
:10E99000D4244D4A1B7B52F8262084F87C324FF455
:10E9A000A163C4F8E425A4F87482A4F876320CF0CC
:10E9B000E9F8A678002E7ED1B7B1238CDB0613D5FB
:10E9C00094F8CF23A4F8C02304F57471D4F8C403D9
:10E9D00031F06CFC94F8DF24D4F8D404A4F8D024EB
:10E9E00004F59C6131F062FC2B88D8060FD4D9075E
:10E9F00006D5B4F8D03407E001369EE70127D8E702
:10EA00009A07F6D5B4F8C03303B3122698E7B4F8E2
:10EA1000C023002F48D0238CDB0645D41F2AF4D80E
:10EA2000B4F8D0341F2BF0D8D4F8C41384F8CF2313
:10EA300004F5747031F03AFCB4F8D024D4F8D4144E
:10EA400084F8DF2404F59C6031F030FC2B882384AB
:10EA50006B6840F2712253436362AB685343A36215
:10EA60002B7B84F838306B7B84F83930AB7B84F8AF
:10EA70003A3028691BF00AFAC4E90C012B7D84F8AE
:10EA80003B306B7D84F83C30AB7D84F83D30EB7DD2
:10EA900084F83E302B7E84F83F306B7E84F8423021
:10EAA000AB7E84F843304BE71F2AAED8B4F8D0349D
:10EAB0001F2BCBD9A9E70C2642E700BFB4200120C9
:10EAC00078200120E03001209020012068300120D2
:10EAD0002DE9F3410E4617461D46FFF739FBDDF8D9
:10EAE0002080044660B3038CDA0611D49B072BD434
:10EAF00015B1B0F8D0342BBBCDE900583B463246B7
:10EB000004F570712046FFF731FA02B0BDE8F081DC
:10EB1000032E19D11F2D17D880F8CF532A4641460E
:10EB200000F5747031F0C2FBA378012B08BF84F8A4
:10EB3000C833012384F8CE3384F8CC330020E4E7D3
:10EB40004220E2E70C20E0E71220DEE773B50D4635
:10EB5000FFF7FEFA044658B390F82131012B29D073
:10EB6000174A816C1268B0F8E035528A90F83F007D
:10EB70008A4238BF0A4601260221CDE9006192B2DD
:10EB800000210CF0B3F96B8840F2E2414B43834221
:10EB900012D3208C10F0200010D12A884A43C4E9F7
:10EBA0008923AB88A4F82C3284F82E6202B070BDA1
:10EBB0004220FBE70C20F9E74520F7E71220F5E7B4
:10EBC000683001202DE9F3470E4615461F46FFF732
:10EBD000BFFA0446002800F0BE8090F82E321BB920
:10EBE0000C2002B0BDE8F08790F82131012B2DD127
:10EBF000032EF5D1DFF86891A16CD9F80020528A74
:10EC00008A4238BF0A4692B21BB3D4F820A294F8C5
:10EC10003F0016F0FD011FFA85F84FF0020C1BD1E2
:10EC2000B4F8E035CDF804C043444FF0010CCDF802
:10EC300000C09BB20CF05AF9504500F28E80042EB1
:10EC400027D8DFE806F0102110283B00002DCFD098
:10EC5000D0E7D4F828A2DAE701230093CDF804C066
:10EC600043460021E6E794F8E83593B9D9F8001057
:10EC7000B4F8E025C9892A448A4205DDA4F8E035C4
:10EC800084F8E8350720ACE794F82031002BA7D1B1
:10EC900005BB1220A5E794F82061012E52D184F81B
:10ECA000EF552A46394604F2F25031F0FFFA84F863
:10ECB000EE65012384F8EC35002092E794F82031CA
:10ECC000002BE6D0002DE4D1B4F8E035002BE0D0E5
:10ECD00001231CE0013E032E0AD801A353F826F0BD
:10ECE00015ED030027ED030045ED0300D1EC030013
:10ECF000B4F8E035D4F8E4052A461844394631F032
:10ED0000D5FAB4F8E0354344A4F8E035002384F89C
:10ED1000E835CEE7D4F8E4052A46394631F0C6FA9C
:10ED2000A4F8E085F2E7B4F8E035D4F8E4052A4623
:10ED30001844394631F0BAFAB4F8E0354344A4F83F
:10ED4000E035C5E7D4F8E4052A46394631F0AEFA95
:10ED5000A4F8E085BCE7422043E7452041E700BF37
:10ED60006830012038B504460D46FFF7F1F928B99F
:10ED700042212046BDE838400CF01FB890F82E32F2
:10ED800043B1012D02D190F8E8351BB1038C03F09B
:10ED90002B030BB10C21ECE704201AF0E5FE014631
:10EDA00068B10A23002D837014BF01230223C370AE
:10EDB000034B0480187BBDE838401AF0EABE38BD2A
:10EDC000E03001202DE9F3410E4617461D46FFF7BE
:10EDD000BFF9DDF820800446B0B3042E05D0038CC3
:10EDE000DA0619D49B0702D415B1122011E01DB91F
:10EDF000032E05D00C200CE0B0F8C033002BF9D165
:10EE0000CDE900583B46324604F59A612046FFF7AB
:10EE1000ADF802B0BDE8F081032EE6D11F2DE4D895
:10EE200080F8DF542A46414600F59C6031F03EFAF6
:10EE3000A378012B08BF84F8D834012384F8DE348A
:10EE400084F8DC340020E4E74220E2E770B50646AF
:10EE5000FFF77EF9044680B1857885B990F82131B5
:10EE6000012B0CD0D0F8F0380BB130469847002376
:10EE700023700BF08FFE284670BD4225FBE70C2562
:10EE8000F9E700002DE9F041154D164E2B68197B6E
:10EE90003368002291420AD8002440F6F807A046C1
:10EEA0002B681B7BA3420DD80020BDE8F081987829
:10EEB00098B903F6F803A3F2D770007801280CD0B4
:10EEC0000132E7E7326807FB04F3D15C19B102F8BD
:10EED00003800BF05FFE0134E2E70C20E5E700BFA2
:10EEE00068300120B420012038B5054604200C46C6
:10EEF0001AF03AFE014650B16B7803800823837004
:10EF0000034BC470187BBDE838401AF042BE38BDD0
:10EF1000E030012070B500F5FD65044600F61806E6
:10EF20002C220021284631F0E9F9C0220021304688
:10EF300031F0E4F94FF48173A4F8FC373A4BC4F88C
:10EF40000038C4F8043804F59A63C4F80C38072371
:10EF500084F8183894F8DC3884F8193894F93C307F
:10EF6000228CC4F810687F2B08BF304BC4F80848C7
:10EF700008BF93F9283084F81A382D4BC4F81C3890
:10EF80002C4BC4F8203894F83F3084F8243884F8A7
:10EF90002538294B93F8793084F8263850074FF0FC
:10EFA0000803C4F8603807D4910705D594F83B20CE
:10EFB000D20748BFA4F86238002304F2F921A4F86C
:10EFC000CA33C4F87C181A46204603F0B9FEA4F8E8
:10EFD000780812201AF0C8FDF0B1184BC4F8AC380C
:10EFE0000430174BC4F88808C4F8B0380023A4F8DC
:10EFF000DA3404F23B33C4F89038C4F8A038114A2C
:10F0000094F8DC38C4F8B42884F819382946204626
:10F01000BDE87040FFF726BA1F2384F8823204212E
:10F020002046FFF761FFE1E77DA50300A030012046
:10F03000D6BE898E5555550078310120499F030071
:10F04000C99F0300B19E030070B500F5FD6504463D
:10F0500000F618062C220021284631F04FF9C02274
:10F060000021304631F04AF94FF48173A4F8FC379F
:10F07000394BC4F80038C4F80438072384F818382A
:10F0800094F8DC3884F8193894F93C30218CC4F8B1
:10F0900010687F2B08BF314BC4F8084808BF93F9AC
:10F0A000283084F81A382E4BC4F81C382D4BC4F87D
:10F0B000203894F83F3084F8243884F825382A4BD7
:10F0C00093F8793084F8263804F5707220234E07BF
:10F0D000C4F80C28C4F8603807D4C80705D594F8DC
:10F0E0003B10890748BFA4F86238002304F2F921D5
:10F0F000A4F8CA33C4F87C18204603F021FED4F8E3
:10F10000C433C4F88438B4F8C033A4F87808A4F839
:10F11000803828201AF028FDA8B1144BC4F8AC3868
:10F120000430C4F8880804F23B31C4F89018204633
:10F13000002203F0C4FE2946A4F88C082046BDE84E
:10F140007040FFF78FB91F2384F8823204212046D4
:10F15000FFF7CAFEE7E700BF7DA50300A03001204E
:10F16000D6BE898E555555007831012039A003004F
:10F17000F8B500F2FC65044600F5E5672C220E4662
:10F180002846002131F0BAF8C0223846002131F07B
:10F19000B5F840F20313A4F81037744BC4F81437D1
:10F1A000734BC4F81837032384F8283794F93C309C
:10F1B000704AC4F824777F2B08BF92F9283084F86E
:10F1C0002A376D4BC4F82C376C4BC4F8303794F8A1
:10F1D0003D3084F8343784F83537694BC4F81C4720
:10F1E00093F8793084F836372823C4F87037238CA5
:10F1F0005F0700F18380980706D594F83B10C90794
:10F2000044BF0821A4F87217DF0709D594F83B30F2
:10F21000980705D5B4F8723743F02003A4F8723785
:10F22000506994F8383084F8A33710F48040554B77
:10F23000C4F8943703D00BF005FC00F00300238CD6
:10F2400084F8A20713F0100204F524775DD003F0D0
:10F250001D031D2B0DD1002384F8A237636240F6F5
:10F26000A663A362484B1B685B684FF47A725343F2
:10F27000E3623946204603F047FE238C84F8A0075A
:10F28000D906C4F888771CD59A071AD028201AF016
:10F290006BFC002867D03D4BC4F898373C4BC4F852
:10F2A0009C37238C04309B07C4F88C0709D504F2E3
:10F2B000D2273946204603F099FEC4F8907784F8A7
:10F2C000A1072046FEF7EEFF002128460BF07EFE48
:10F2D0002D4B1B685B68EBB121F02EFE07460CF04E
:10F2E00073FE4FF47A723844C4F804077243002165
:10F2F00028460DF03DF980B9122026E0D4F8743785
:10F3000043F00403C4F874378AE73946204603F013
:10F310007BFCB2E728460DF031F8D4F88402A0B1A6
:10F32000238C03F00303012B14D0022B0ED0002BEF
:10F33000E2D12046FFF7C2F801232846D4F804178B
:10F3400084F8DD38FAF7C4FC0020F8BD2046FFF74A
:10F35000E1FDF1E70F4B1B689B7E002BCCD02046D4
:10F36000FFF772FEE8E71F20EFE700BF7DA2030072
:10F3700071A50300A0300120D6BE898E55555500D9
:10F3800078310120D19C0300B820012061A1030045
:10F39000C1A103006830012038B5054604200C46A1
:10F3A0001AF0E2FB014650B16B7803800A238370A8
:10F3B000034BC470187BBDE838401AF0EABB38BD77
:10F3C000E0300120094B00229A62094B094A9A62F7
:10F3D000094B0A4A1A600A4B1B681B79082B81BF2C
:10F3E000084A136A43F4005313627047080C012063
:10F3F000BC0B012049E203007430012031E203001C
:10F4000068300120E03001202DE9F04F00F59676BC
:10F41000044689B000F5AC752C220021304630F04E
:10F420006DFFC0220021284630F068FF40F2011332
:10F43000A4F84031554BC4F84431554BC4F85451ED
:10F44000C4E9523404F5BC63C4F8503101F03EFB0A
:10F45000082384F8583194F81D3284F8593194F90E
:10F460003C3084F81C027F2B04BF4A4B93F92830B0
:10F4700084F85A31D4F82431C4F85C3101F020FB0F
:10F4800094F83F3084F8643184F86531424BC4F815
:10F49000600193F8793084F86631404BC4F8F43158
:10F4A000002504F27D33C4F8BC31C4F8E0312946AC
:10F4B0003046A4F8EA550BF089FDD4F838310593AD
:10F4C000374B94F83F001B685A8AA36C9A4238BFA6
:10F4D0001A464FF001090223CDE9009392B2B4F825
:10F4E000E0352946D4E989BA0BF000FD824544D3C2
:10F4F000DFF8B8802B4FD8F80030A4EB030C4FEAAC
:10F50000EC0C294B029307FB0CFC07AB83450CF179
:10F51000040C0193059B00935A46534638BF02469C
:10F5200049465FFA8CF00CF0D7F950B3079BC4F84A
:10F53000203221F001FDD8F80010611AC91079437A
:10F54000043181460246C9B2D4F820020CF026FAF2
:10F5500081444B46C4F83431002130460CF05CFF46
:10F56000013580B9B4F82831D4F820220133A4F849
:10F570002831ABB202FB0393ECE7452009B0BDE8AC
:10F58000F08F4320FAE70020F8E700BFC5A603008C
:10F590004DA70300A030012078310120B59D030064
:10F5A00068300120DF3A82D291DE0300B4200120CE
:10F5B00010B504461EF020FB034B5A7814445C70CF
:10F5C000BDE810401EF01ABB20310120830770B542
:10F5D0000F4B1ABF20F00304043404461C600D4B8B
:10F5E0001B689B7E4FF43C7606FB0344231A8B4238
:10F5F000054601D9002070BDC91A204600F0BAFDA9
:10F600000028F7D0044B0444601BDE8180B2F2E78F
:10F610004821012068300120E03001200388428821
:10F62000934210B522D8911F89B240F67A44A14284
:10F630001CD8063B9BB2A34218D88388B3F5FA7F47
:10F6400014D201339BB25343C08840F6C4125343D3
:10F6500042F210724243934208D20A3880B240F616
:10F66000764398428CBF1220002010BD1220FCE788
:10F670000E4B15391B68C9B24FF43C720E2902FBC0
:10F68000003311D80A4A525CFF2A0DD093F85E125B
:10F6900091424FF0010008D0D3F8643290401842F4
:10F6A00014BF01200020704700207047482101202E
:10F6B000F83E07002DE9F047DFF87CA1584FDAF853
:10F6C0000030987E3B684FF000084546A3F53C7635
:10F6D000A84201D800209DE008F53C7203EB080425
:10F6E000B15C002940F098804FF43C72204630F025
:10F6F00005FEDFF848914B4E01232370D9F81430F2
:10F700006360D9E90823C4E98623474B1B7B84F84F
:10F71000943184F8C43284F8F03184F8043244F22D
:10F72000017245F20143A4F88E21A4F8FE3145F29E
:10F7300001127388A4F8BE22A4F82C3245F20132DB
:10F74000DAF80030A4F8EA21DB8BB288A4F82E2284
:10F75000FB2B28BFFB23A4F828329B0103F574730D
:10F76000A4F82A32314BADB2C4E98C3340F2011314
:10F77000A4F8443004F50C71A4F88C51A4F8BC52E0
:10F78000A4F8E851A4F8FC51204600F034FD04F53B
:10F790000A71A4F83A02204600F02DFDB37D84F8EA
:10F7A0003E3299F8383084F8CA32F37D84F84A3210
:10F7B000B369C4F84C3240F20223A4F84032022369
:10F7C00084F842321A4BB28A1B68A4F83802A4F8B3
:10F7D0003C221BB11B680BB128469847D4F81C3259
:10F7E0009B070BD5002384F8D132012384F8D23251
:10F7F000104BC4F8D432052384F8D8320BF0C2F988
:10F8000099F800300120013389F800300CF02CFB0E
:10F8100038684044BDE8F0870135904658E700BF9E
:10F820004821012020310120E03001201B00480147
:10F830004C210120E2BF0F0068300120A0300120E0
:10F840002DE9F341044600F02CFFFFF7B1FE2046FE
:10F8500000F094FE264F064604F5B4780DF107013A
:10F8600040461AF0A6F9054680BB224B1D68224B84
:10F87000651B2D115D43214BADB25B6831462846B7
:10F88000984704F5C4701AF08CFA04F52E701AF03B
:10F8900088FA04F5F2701AF084FA04F5FC701AF094
:10F8A00080FA174B1B681BB15B680BB12846984761
:10F8B000002323700BF06EF9124A13780120013BEC
:10F8C00013700CF0E7FA02B0BDE8F0819DF8073044
:10F8D000FF2B08D01EF090F93B7801333B701EF0EF
:10F8E0008DF90136F6B228461AF04AF9B6E700BF9C
:10F8F0002031012048210120CF467D67E0300120E2
:10F900004C210120A030012070B590F81D3190F8F5
:10F910001C21013113FB01F313449BB2242B044639
:10F9200009D94DF668525A43520D02EBC20102EB5F
:10F9300081029A1A93B2D4E94826C3F12005A3F1B3
:10F940002001DA4006FA05F52A4326FA01F10A43B6
:10F95000D8B2D20784F81C010AD494F81E219A4226
:10F9600003D8122A07D9831AD8B2204490F8280164
:10F9700070BD831AD8B28242FBD9F6E7F0B5D0E960
:10F98000487600221346C3F12005A3F1200427FA8C
:10F9900003F106FA05F5294326FA04F42143C907C1
:10F9A00042BF8118013281F828310133252BEAD179
:10F9B00080F81E21F0BD000037B5014604466846B8
:10F9C00003F0AEFB2F4ABDF8003011688A7E9A42E0
:10F9D00009D820461AF0D4F82B4BBDF800005B681C
:10F9E000012198470AE04FF43C725343274A1268BA
:10F9F000D518D35C23B920461AF0C2F803B030BD45
:10FA00006B78032BE5D0224A9DF8023012680AB9C0
:10FA1000032BDED0032BBDF8042000D072B3C98BBA
:10FA2000914207D2002BD4D1002AD2D1012385F8EC
:10FA30008431CEE71EF0E0F8164A1378013B1370CC
:10FA40001EF0DCF895F89B3105F5B47083B91AF017
:10FA500033F9284600F0E3FB234601466A46284670
:10FA600000F010FC084B0221187B1EF0D1F8C5E70E
:10FA70009DF8001022461AF086F8BFE7002BD5D07B
:10FA8000A7E700BF68300120E030012048210120B5
:10FA90004C2101202031012070B50C4B0C4D1B680E
:10FAA0009C7E4FF43C76013C2A6806FB04F3D01898
:10FAB000D35C2BB9631E0CB9204670BD1C46F3E71E
:10FAC00000F0CEFD0028F5D0F7E700BF6830012038
:10FAD00048210120FFF76CBD034B4FF43C721B68BB
:10FAE0005043185C704700BF48210120024B1B683F
:10FAF00003B1184718467047C8200120034B1B6804
:10FB00004FF43C7202FB003080787047482101209E
:10FB1000044B1B684FF43C7202FB003090F91A0151
:10FB2000704700BF48210120044B1B684FF43C7212
:10FB300002FB003090F93A00704700BF48210120D5
:10FB4000044B1B684FF43C7202FB0030D0E94801C3
:10FB5000704700BF48210120044B1B684FF43C72E2
:10FB600002FB0030D0E98601704700BF4821012028
:10FB7000044B1B684FF43C7202FB003090F84400C9
:10FB8000704700BF48210120044B1B684FF43C72B2
:10FB900002FB003090F84500704700BF482101206B
:10FBA000054B1B684FF43C7202FB0030437A19424C
:10FBB00014BF0120002070474821012038B50446B9
:10FBC00004200D4619F0D0FF014678B1084B1B68A0
:10FBD000C570E41A074B24115C4301238370064B64
:10FBE0000480187BBDE8384019F0D3BF38BD00BF92
:10FBF00048210120CF467D67E03001202DE9F74301
:10FC0000224F234E3B684FF000089C7ECDF80480C5
:10FC10001DF0F2FF4FF43C73651E5C433368A4F59E
:10FC20003C74234401AA197821B193F88011A95496
:10FC300083F88081013D691CA3F53C73F3D11DF06D
:10FC4000DDFF3B68DFF84C909C7E01AF013C4FF438
:10FC50003C78E15D21B1D9F804300BB1A0B29847EE
:10FC6000356808FB045595F89B3143B105F5B8702C
:10FC70001AF022F818B12A212846FFF79FFF631EC9
:10FC800014B903B0BDE8F0831C46E2E768300120F8
:10FC900048210120E03001202DE9FF410023454E9D
:10FCA000454FDFF82481ADF806300DF1060000F075
:10FCB000AFFC044620BB414F3B689D7E1DF09CFF7E
:10FCC0003368013D4FF43C7003F2811302AE00FB38
:10FCD00005F2995CA955013D9C54F8D21DF08EFFA8
:10FCE0003B68374D9C7E013C315D19B1AB680BB16F
:10FCF000A0B29847631E002C59D104B0BDE8F08132
:10FD0000BDF806304FF43C7253433268D518D35CCB
:10FD10002BB900F061FC0120FFF74AFCC5E7214642
:10FD200002A803F00EFA3B689BB1214605F14C0096
:10FD30009847B0B195F865305BB1D5F8F41105F589
:10FD4000FC701AF02BF8D5F8E01105F5F2701AF0F6
:10FD500025F89DF80830022B0ED8E3B195F89A31BA
:10FD6000A3B1204600F038FC0120FFF721FC482118
:10FD70002846FFF723FF98E7032B0CD1114B1B6894
:10FD800013B12146284698472046C2E72146284617
:10FD900000F04EFC89E7D8F80030002BF4D05B6906
:10FDA000002BF1D0BDF80600214698477DE71C46A0
:10FDB0009AE700BF482101201C2101206830012062
:10FDC000E0300120CC2001204C210120B0F814317A
:10FDD000B0F818210433534303EBA30213F00303D9
:10FDE00018BF012313448B4205D2012903D0C91A3D
:10FDF000012938BF012108467047F8B54B7D046AD8
:10FE00000E6A012B07460D4607D18B6A1B78043B0F
:10FE1000012B02D8637813B92F463846F8BD94F801
:10FE200099C196F899316345F6D8D6F89031B6F86D
:10FE300018214FF47A7040F2E24143434A43B3EB56
:10FE4000420FE9D3BCF1000FE7D1D4F89031B4F8F8
:10FE5000182143434A43B3EB420FDED396F85E3298
:10FE6000FF2BD9D194F85E32FF2BD6D106F5B870AE
:10FE700019F022FF0028CFD004F5B87019F01CFF4C
:10FE80000028CAD0B6F81831B4F81821B2EB930F95
:10FE9000C2D3B3EB920FBFD2BFE7000008B50CF09E
:10FEA00087F8142813D91E2813D9322813D94B28C0
:10FEB00013D9642813D9962813D9FA288CBF0020A7
:10FEC0000120094B93F838301844C0B208BD072010
:10FED000F7E70620F5E70520F3E70420F1E7032024
:10FEE000EFE70220EDE700BFA030012010B5044687
:10FEF000FFF7D4FF40B220B9012C14BF00204320EB
:10FF000010BD072801D1002CF7E70020F8E700001A
:10FF10004FF43C735843084B1A681318105C48B1EF
:10FF200093F83820042A04D1586919B19B690B60F1
:10FF300070470020704700BF4821012030B583780A
:10FF4000B0F81841A3B9B0F816314069CA1A92B294
:10FF500047F6FE75AA4284BF591A8BB240F2E245B9
:10FF600095BF6243634305FB020005FB130030BDF0
:10FF7000B0F8FA30D0F800014A1CD21A92B247F613
:10FF8000FE75AA4205D8624340F2E24303FB020039
:10FF9000EDE75B1A013B9BB2634340F2E24202FB96
:10FFA0001300E4E7054B1B684FF43C7202FB00337F
:10FFB000D3F8E43203B118471846704748210120AE
:10FFC000104B1A6AD1054CBF03230123120548BF09
:10FFD00043F004035A0002F0080230B5134300F561
:10FFE000AC7100F5AE740122134214BF7E257F254B
:10FFF00001F8015B52008C42D2B2F5D17F2380F828
:020000024000BC
:10000000213230BDA0300120020202F00F3200F098
:10001000F0300243130103F0333302F0CC321343C8
:10002000980000F0553003F0AA331843C009704718
:10003000F8B50146B0F84E41B0F816016040FFF740
:10004000E3FF00EB0010204480B2FFF7DDFF00EB80
:100050000010204480B2FFF7D7FF00EB00102044CF
:100060004440A4B24DF6685363435B0D03EBC302F7
:1000700003EB8203E31A9EB2D8B2D1E94837C6F146
:100080002005A6F12002F34007FA05F52B4327FAD5
:1000900002F21343DB0758BF91F81E3181F81C01AF
:1000A0005EBF634301EB134191F82801F8BD0000E6
:1000B000064B074A5A60074B1B681B79082B81BF08
:1000C000054A136A43F4804313627047C02001203D
:1000D0003100040068300120E030012008B51DF037
:1000E0008BFD044A137801331370BDE808401DF0FE
:1000F00085BD00BF20310120022809D003280AD085
:1001000001F10E00C0008242A8BF024690B27047C3
:100110000F318800F7E7B2F5296F4FEA811000F53B
:10012000747038BF4FF429629042A8BF104680B265
:10013000704738B583780446DBB143685B0518D552
:10014000B0F81431ABB120F0F7FEB4F81851014605
:1001500040F2E24360695D430BF056FF854208D2EE
:10016000012384F8093104F10C00BDE838400CF09B
:10017000FBBA38BD2DE9F047174A184FDFF86490F5
:10018000002313603A68D48B154A1A345443640D23
:10019000C9E90033E4000E4605461034014698468E
:1001A0003B68DB7E434503D8481B80B2BDE8F0873F
:1001B0008B071CBF21F00303191D01EB040AAAEBF6
:1001C0000503B34206D8484619F002FD08F10108BC
:1001D0005146E5E70020E9E75C2101206830012075
:1001E000692F01005021012080F83F127047002341
:1001F00080F83F32704738B5CA880C460546898872
:1002000090F84400FFF778FF62882188034695F84C
:100210004500FFF771FF1844963080B238BD90F862
:100220003F1290F84420B0F8363251B1012A06D07E
:10023000022A08D101F00102C2F10202D2B249073A
:1002400017D4022A10D0032A13D06F2B18D9503B91
:10025000DB10043B9BB2B0F834021B2B38BF1B23CE
:10026000984228BF184670473B2B09D92C3B9B105E
:10027000EFE7B3F5747F03D3A3F534739B11E8E77D
:100280000023E8E72DE9F04F89B007461C464848AF
:10029000938802938846154619F0ACFC064600B3D5
:1002A00000F108030193AB8883819845424628BF3B
:1002B0001A464FF0000803928273221D80F80F80C7
:1002C0008260C346029B9B451BD307F5B870019A19
:1002D000297819F058FC384609B0BDE8F04FFFF70F
:1002E00028BF204619F04CFC324B28885B6801215E
:1002F0009847FFF7F3FE072009B0BDE8F04FFCF781
:1003000009B8029B0399A3EB0B039BB28B4228BF56
:100310000B465FFA88F90093AB8009F1010301995C
:10032000DB0003F1020A8A44A9780020069069B331
:10033000012931D0CDE9042306A9009B8DF81C309A
:10034000504602F0B4FE1C4B049A1C6806EBC90927
:10035000022189F8101064B1059B019904330B4404
:1003600007F14C005146A047041E18BF0124049A0F
:10037000A400012389F81140AB70009B5B441FFA75
:1003800083FB009B08F101081A449BE702208DF8CB
:10039000180087F88411CDE78DF8181097F88411AC
:1003A0000129C7D102218DF818104FF00001F0E7A4
:1003B00050210120E0300120202101200E4B70B59A
:1003C0001E6804460A468D1E2EB111F8013C4C30C1
:1003D0000B442946B0472A4604F5B870FF2119F0AE
:1003E000D2FB064B0221187B1DF012FC2046BDE813
:1003F0007040FFF79EBE00BF20210120E0300120A9
:1004000037B50546063019F0AFFB044638B1032373
:10041000694600938DF8045002F049FE04442046DA
:1004200003B030BDF7B500F5B8770E4638460DF18C
:100430000701154619F0C6FB0446002843D038468C
:1004400019F046FC9DF80720FF2A034632D0E079D8
:10045000A779A18800FB07FC04EBC00E3A460130E7
:1004600067448F424FEAC0009EF80870378000F161
:1004700002072744776027686744C8BFA1EB0C02D6
:10048000F7609EF80970C8BF92B2328177B104302C
:10049000204470613782032053B162449142D4BF3B
:1004A00000230123DBB22B7003B0F0BD0220F3E781
:1004B0000123F7E762787460B0FA80F302325B09D7
:1004C00032800120EFE70346EDE7000037B500F585
:1004D000B8740DF10701204619F074FBB8B19DF80E
:1004E0000720FF2A07D0C17983794D1C01FB033314
:1004F00081888B4209DB074B1860074B0DF1070120
:1005000020461A7019F055FB00E0C571012003B0B8
:1005100030BD00BF5C2101205821012070B5134E71
:100520000546306800B3124B1B78FF2B19D00446E8
:1005300054F80809043819F023FB0E48214619F035
:1005400047FBFFF7CBFD95F88031013385F880310B
:1005500000233360084BBDE87040187B04211DF078
:1005600057BB19F00DFBF3E770BD00BF5C21012004
:100570005821012050210120E0300120F7B5114F12
:10058000002500F5B8760DF10701304619F011FB92
:10059000044610B9284603B0F0BD9DF80730FF2B84
:1005A0000DD054F80809043819F0EAFA013521464B
:1005B000384619F00DFBEDB2FFF790FDE3E719F0B7
:1005C000DFFAE0E7502101200C3008B580B219F0C5
:1005D000CBFA00B1023008BD023819F0D1BA0000E0
:1005E00008B5134600F8021C090A00F8011C821E17
:1005F000D9B2054819F0C7FA044B0121187BBDE8B0
:1006000008401DF005BB00BF28310120E03001206B
:1006100013B504460DF10701044819F0CAFA18B1E0
:100620009DF807302380023002B010BD2831012030
:10063000094B0A4A1B68C31A1B11534310B50446E1
:100640008A1E00F5BC70D9B219F09DFA94F8813178
:10065000013384F8813110BD48210120CF467D67E8
:100660001FB500F5BC700DF1070119F0A2FA0446A0
:10067000A0B183789DF80720ADF8082003F00303AC
:10068000012BC27802D0022B18BF032302A92046F7
:10069000ADF80C208DF80A3002F0FAFC204604B0C8
:1006A00010BD73B5002400F5BC750DF10701284697
:1006B00019F07FFAE6B2013410B9304602B070BDCD
:1006C00019F05EFAF1E700002DE9F84F0025DFF898
:1006D0007880DFF87890DFF878A006460F462C4641
:1006E000D8F800309B7E1FFA85FB5B4502D8204678
:1006F000BDE8F88F5846FFF7EFF900B35846FFF70B
:10070000FDF9E0B9D9F800300BB1584698471621E9
:100710005846FEF7ADFF01284FF0100008BF0C242B
:1007200019F022FA014660B1C0E9026741F20163A3
:10073000A0F800B043809AF80C0019F02AFA0135AD
:10074000CEE70C24D3E700BF6830012078300120C9
:10075000E030012002884FF43C714A4307490968A0
:10076000034688188A5C42B1054AD97813608378B9
:100770000BB903F013B903F0E1B970474821012028
:10078000442101202DE9F0410E4E0F4F00244FF47B
:100790003C7833689B7EA34201D8BDE8F0813A687B
:1007A00008FB04F3D518D35C53B105F5B87019F004
:1007B00083FA28B9AB781BB92921284603F0EEF853
:1007C0000134E6E7683001204821012008B5F3F73D
:1007D000A1FCF3F789FB0BF065F80BF069F900F069
:1007E0005FFBBDE808400AF0FBBA000010B50378D3
:1007F0000446B3B182780B4802F04AFEA37818B1E0
:100800001E2808D00D2100E00C2120462BB9BDE8A0
:10081000104003F0C3B80E21F7E7BDE8104003F025
:100820008DB910BDD02001208378FF2B70B5044610
:1008300012D00B4BBDE870401860FFF78BBF20460D
:100840003460FFF787FF238801339BB22A68238037
:10085000927E9A42F3D870BD024D014E0023F5E717
:100860004421012068300120F8B52C2204460D46B1
:1008700000F1380600210C302FF040FDC02200218D
:1008800030462FF03BFD002384F81C31A4F81631CC
:10089000D5E90623C4E9482395F82A3084F81D31A8
:1008A0002B8CA4F818316B8CA4F81431AB8C03EBAF
:1008B000830347F230515B00C4F8F411A4F8863189
:1008C000FF272046FFF782FA84F85E726B69C4F84E
:1008D00050312B69C4F8E001C4F854312046FFF7C9
:1008E0004DF82B6983EA1342A4F84E21042284F8C0
:1008F0003820214A126892F8202084F83A20E363D5
:100900006B69236440F20115022384F846302046C7
:10091000A4F84450FFF754FB012384F8663004F533
:100920000C7184F85C712046FFF765FC04F50A71D0
:10093000A4F83A022046FFF75EFCB4F83A32A3610D
:10094000B4F81831A4F8380240F2E2425343E361AC
:100950000A4B63620A4B2584C4E90A34094BC4F884
:100960009830094BC4F89C30084BC4F8A030084BB1
:100970006663C4F8A430F8BD68300120F5AB03000D
:10098000C1AF03002DAB0300DDAB0300DFAF0300FD
:10099000EDAF030038B5184D2A68138E92F82E106B
:1009A000128D013311FA83F3062101FB023303EBAD
:1009B000930113F0030318BF01230446194400F503
:1009C000C47019F0EBF92A6892F83D3084F84D3183
:1009D00092F83E2084F8452084F84420074A2046B7
:1009E00052F823300021984784F8390004F10C00B4
:1009F000BDE838400BF004BF44210120C020012095
:100A000008B51C4B1C4A5A601C4B1D4A5A601D4BB2
:100A10001D4A1A601D4A5A601D4A9A601D4B1E4AA3
:100A20009A601E4ADA611E4B1E4A1A601E4B1F4A0C
:100A30001A601F48FBF7B2FC00F032FA1D4B1B682E
:100A40001979062906D91C4A0729136A03D143F0EC
:100A50000E03136208BD082902D143F02E03F8E704
:100A6000092902D143F48033F7E71449194311628D
:100A7000F0E700BF080C0120CD070400BC0B0120EB
:100A800029080400900B012099FC0300850704004D
:100A9000FDFB0300D02E012029460400A13F0400E5
:100AA000CC200120ED070400C020012009F903003B
:100AB000C906040068300120E03001202E00010545
:100AC00008B509F0BFFF20F07F4008BD08B509F068
:100AD000B9FF00F00702C0F3012305321344C0F34D
:100AE0000040184408BD00004FF43C735843064BC7
:100AF0001A681318105C30B193F83820052A01D118
:100B000058697047002070474821012002884FF43F
:100B10003C714A4305490968034688188A5C22B13A
:100B2000034AD978136003F009B8704748210120BF
:100B30004421012030B589B00546FEF7BBFD0446CF
:100B4000E0B11B4B1D60012383700B2102F0F6FF07
:100B500001200BF09FF995F83F3033B3154B2878FF
:100B60001A68154BA21A12115A4395F8403092B2E6
:100B7000002109B0BDE8304009F0D3BF0923069336
:100B8000D5E91623CDE90423D5E91423CDE90223C1
:100B9000D5E912230790CDE90023012195F83C30D7
:100BA00005F10802F5F78CFCD2E709B030BD00BFB3
:100BB0004421012048210120CF467D6710B50378EC
:100BC000044683B18278084802F062FC18B11E28FE
:100BD00007D00D2100E00C212046BDE8104002F0B6
:100BE000ADBF0E21F8E710BDD02001208378FF2B88
:100BF00070B5044612D00B4BBDE870401860FFF78B
:100C000085BF20463460FFF781FF238801339BB204
:100C10002A682380927E9A42F3D870BD024D014E1D
:100C20000023F5E7442101206830012010B5044677
:100C30000BF0BEF9072C28BF0724034B33F8143000
:100C4000184480B210BD00BF083F07002DE9F74FE0
:100C5000864F00F10C083D6800F138092C22002174
:100C6000044640462FF04AFBC022002148462FF0A0
:100C700045FB95F84130002B00F0E18095F83E30BF
:100C8000032B14BF022603262B8E1E4495F83D30FD
:100C900084F84D31D5E90823C4E948234FF0010B0E
:100CA000A4F8FAB095F8323084F81D312B8DA4F8F1
:100CB000183195F83300FFF7B9FF6B8DA4F81431A4
:100CC000AB8DA4F8F80003EB830303FA0BF347F2B0
:100CD0003051A4F88631C4F8F4112046FFF776F8B5
:100CE0004FF0FF0A84F85EA2EB69C4F8E001C4F893
:100CF000503195F82E302A8DB6B23344062101FBCF
:100D0000023303EB930113F0030318BF5B4619444E
:100D100004F5C47019F042F82046FEF72FFEAB69C7
:100D200083EA1342A4F84E21052284F83820504A61
:100D3000126892F8202084F83A20E363EB69236478
:100D40003B6893F83E3084F8453084F844302046C0
:100D5000FFF736F984F85CA104F50C7184F866B0ED
:100D60002046FFF748FA04F50A71A4F83A02204633
:100D7000FFF741FAA4F8380295F82E50B4F8F810AD
:100D8000DFF814A140F2E2435D435E437019FBF7C4
:100D9000D1FA3B68B4F83A729B6BC4F834901E44A5
:100DA00040F201132384334B6362334BDFF8EC9042
:100DB000C4E90A34314BC4F89C30C4E93F56304B87
:100DC000C4F8A030361A2F4B66612F4405EB0B0692
:100DD00007EB400706EB4006C4F8A4302A4BA76196
:100DE000C4F89860C4F8A83094F84D31002159F83F
:100DF000233020469847514684F8390040460BF08E
:100E00000BFBB4F81811E0B9B4F816510135ADB2C6
:100E100040F2E243A4F816514D435D432846B4F82E
:100E2000F810FBF787FAD4F800311D442D1A3B184F
:100E300006EB40006561A361C4F89800D4E7012681
:100E400022E7124B1868124B201A00115843114B1D
:100E50000093B4F83A2240F2E24401236143C0B265
:100E60000AF02EFE03B0BDE8F08F00BF4421012040
:100E700068300120B1B20300F5B7030015B20300DA
:100E8000ADB2030009B8030015B8030048210120E2
:100E9000CF467D67E90A0400FBFD0300C020012066
:100EA000054B1B689B7E4FF43C725A43034B002159
:100EB00018682FF023BA00BF6830012048210120B4
:100EC00008B51C4B1C4A5A601C4B1D4A1A605A68D4
:100ED0000AB91C4A5A601C4B1C4A1A601C4A9A6088
:100EE0001C4B1D4A9A601D4ADA611D4B1A680AB9EB
:100EF0001C4A1A601C4B1D4A1A60FFF7D1FF1C4B9D
:100F00001B681979062906D91A4A0729136A03D1D9
:100F100043F00E03136208BD082902D143F02E03EB
:100F2000F8E7092902D143F48033F7E7124919435E
:100F30001162F0E7080C01207D0F0400BC0B0120BA
:100F4000350B0400ED0B0400900B012099FC03000D
:100F5000FDFB0300F02E0120D9490400A13F04004D
:100F6000CC200120BD0B0400C020012009F90300A2
:100F700068300120E03001202E00010508B5F3F7AC
:100F8000C9F80AF08FFC0AF093FDFFF789FFBDE86E
:100F9000084009F025BF000070B5037804460E46EE
:100FA00033B38278134802F073FA054638B9A37850
:100FB000B3B10C212046BDE8704002F0BFBDA2785D
:100FC0000C48314602F09CFB0028F0D01E2DA3787F
:100FD00001D01E280AD10E212046002BEBD101E0C2
:100FE0000C212046BDE8704002F0D8BC0D21F3E78B
:100FF00070BD00BFD020012008B5FFF701FD0F4BE9
:101000000F4A1A600F4A5A600F4B104A1A60104B71
:10101000104A1A60104B114A1A60114B114A1A609B
:10102000114A136A43F001011162104909680979F4
:10103000062984BF43F01103136208BDD02E01209E
:10104000614E040009530400CC200120990F0400D4
:10105000102101204523060020210120B92306008C
:101060001C2101205D240600E030012068300120B1
:1010700070B5037804460E46D3B182780D4802F06D
:1010800007FA054628B90C212046BDE8704002F059
:1010900055BDA2780748314602F032FB0028F2D055
:1010A0001E2D01D01E2801D10E21EDE70D21EBE709
:1010B00070BD00BFD0200120104B114A1A60114AA8
:1010C0005A60114B1A680AB9104A1A60104B114A3B
:1010D0001A60114B114A1A60114B124A1A60124AD7
:1010E000136A43F001011162104909680979062960
:1010F00084BF43F011031362FFF7E2BEF02E01201C
:10110000B151040009530400CC20012071100400E7
:10111000102101204523060020210120B9230600CB
:101120001C2101205D240600E030012068300120F0
:10113000044B1B684FF43C7202FB0030D0F8F40102
:10114000704700BF4821012038B5114B1C684FF48F
:101150003C7303FB004420460D46FEF737FE8542F4
:1011600013D094F86530C4F8F451C4F8E00153B1D9
:10117000294604F5FC7018F011FED4F8E01104F5CE
:10118000F27018F00BFE012000E0002038BD00BF17
:1011900048210120C07802F00FBE00002DE9F04781
:1011A000634CDFF8B4A1634D81460E4690460021A2
:1011B000282204F19C001F462FF0A0F804F1C80378
:1011C000C022002118462FF099F85B4BC4F8C400E8
:1011D0004FF48172C4E92D339AF80800A4F8B020C6
:1011E000022384F8C830FBF77DF995F82830534A7C
:1011F00084F8CA30524B84F8C900C4E9332340F262
:10120000011394F84220A4F8D4300323A4F8103139
:101210000AB1A4F812319AF8083084F849312D2027
:10122000484BC4F8383118F09FFC474BC4F84031A4
:10123000C4F82801FBF79CF8A065FFF741FC0123E7
:1012400084F86E30B4F88230A4F86830B9F804300D
:10125000A4F86A30B9F80630A4F86C30D5E90C234C
:10126000E065C4E91823FFF731FC84F87200FEF74B
:1012700015FE052384F88831222384F88C312B6AEB
:1012800084F87300C3F3803384F8893194F84130D3
:10129000DB0749BFD5E906232C4BC4E94623D4F824
:1012A000143153BFD3E90C2343F00203C4F81431C3
:1012B000C4E94623D4F8143143F00102C4F81421E0
:1012C00095F829201AB143F05103C4F81431D4F829
:1012D0001401C0F3400384F88A31D4E94623C4E9F9
:1012E000122394F8423093B906F00106C4E914873A
:1012F000C4E9488784F88B611EB140F00800C4F847
:101300001401D4F8143143F00403C4F81431104923
:10131000A1F5C47000F0DAFF0E49204401F022F874
:101320002423C4F82C4184F84831BDE8F08700BF7D
:1013300060210120A030012079B90300D6BE898E3A
:1013400055555500E9B9030049BB0300E0300120C1
:10135000E8220120A82101203C31012010B50C4CCD
:101360000AF032FEE38F40F27122534300F2CC4088
:10137000C4F8A800C4F8AC3004F19C000023A4F821
:1013800098300AF0FBFFD4F8A430A36310BD00BF6F
:101390006021012002484FF4CC7200212EF0AEBF34
:1013A00060210120034B044ADA60044B044ADA60EE
:1013B000FFF7F0BF080C0120C5130400BC0B01208F
:1013C00095110400FFF7E6BF034B93F824000038A3
:1013D00018BF0120704700BF602101204FF47A73CD
:1013E0005843034B185C003818BF0120704700BFFA
:1013F000082301202DE9F843044600F50E778946BD
:10140000164600212C2200F503701D462EF076FFB3
:10141000C022002138462EF071FF40F20313A4F8D9
:101420002032614BC4F83472604FDFF8A081387A03
:10143000C4F82C42C4E98933022384F83832FBF71C
:1014400051F898F928205A4984F83A22594A5A4BB7
:1014500084F83902C4E98F1294F86A209C420CBFC8
:101460000323012384F84532D00784F844324FF037
:101470008303A4F8803248BFA4F882323B7A84F810
:10148000B9324E4BC4F8A8324D4BC4F8AC324220AE
:1014900018F06AFBC4F89802002800F08280494BDB
:1014A000C4F8B032FAF764FFA063FFF709FB012329
:1014B00084F84E30B4F86230A4F84830B9F80430FB
:1014C000A4F84A30B9F80630A4F84C30D8E90C2317
:1014D000E063C4E91023FFF7F9FA84F85200FEF73D
:1014E000DDFC052384F8D831222384F8DC3194F81C
:1014F0006B3084F85300DB0749BFD8E90623324B31
:10150000C4E9A223D4F8843253BFD3E90C2343F0B7
:101510000203C4F88432C4E9A223D4F8843243F02D
:101520000102C4F8842298F8292004F128071AB18E
:1015300043F05103C4F88432D4F88412C1F3400359
:1015400084F8DA31D4E9A223C4E90A2394F86A3092
:10155000A3B99DF8200000F00100C4E90C65C4E9BE
:10156000A46584F8DB0118B141F00801C4F88412C5
:10157000D4F8843243F00403C4F8843204F17805CB
:1015800004F5EC71284600F0A1FE3946284400F02D
:10159000E9FE2423C4F89C5284F8B8320020BDE848
:1015A000F8831F20FBE700BF55BC03003C3101203E
:1015B000D6BE898E55555500D82A0120B1BE0300EC
:1015C000D5BE030021BD0300E0300120A030012082
:1015D00010B504460AF0F8FC638B40F271225343C5
:1015E00000F2CC40C4F81C320023C4F81802637027
:1015F000A37004F503700AF0C1FED4F814326366D8
:1016000010BD00002DE9FF4DC17883784A1E012AE4
:1016100004464CD9A3F1FF077B427B412288344D1D
:10162000FF2AA87A45D0002B43D140FA02F3DE0707
:1016300006D5304B4FF47A7000FB023002F0D8FB35
:10164000E378012B51D12C4B2A4F1E68B846002459
:10165000AB7AB1792341DA07D6E902AB3AD4013447
:10166000032C08F57A78F3D100246C72D6E90223B2
:10167000C5E90023DFF88480B3792B724FF43C7600
:10168000AB7A2341DB070CD5B7F86000D8F80030FF
:1016900007F1280106FB0030FFF7E6F83846FFF7B0
:1016A00097FF0134032C07F57A77E9D11DE0012378
:1016B000B4E7104F0026AB7A3341D80704D538463B
:1016C000039102F095FB03990136032E07F57A7713
:1016D000F1D1B5E7737901933379009352465B46B4
:1016E0004046F5F745FC0028B9D004B0BDE8F08DC0
:1016F000F822012008230120500C0120482101205C
:101700002DE9F8430021044600F54A77164600F516
:101710003E702C221D462EF0F1FDC02200213846DD
:101720002EF0ECFD4FF48173A4F80C33344B3548A4
:10173000C4F82073C4E9C433062384F82833324B39
:1017400094F86B1093F8282084F82A232F4AC4F8C1
:101750001843C4E9CB0294F86A004FF4C072C7077B
:1017600048BFA4F87223A4F87023012284F8A423AC
:10177000274AC4F88C23D4F87423C90751BF254ADB
:1017800042F00202C4F87423D3E9068958BFD2E9B3
:101790000C89D4F8741393F8293041F001024CBF3E
:1017A000C4E9DE89C4E9DE89C4F874231BB141F0C1
:1017B0005101C4F8741388B99DF82030DB0742BF8B
:1017C000D4F8743343F00803C4F87433D4F8743392
:1017D000C4E9E06543F00403C4F8743304F178030A
:1017E000C4F888332423002084F89C330A4BC4F8BF
:1017F00090336070A07084F80802BDE8F88300BFE1
:10180000BDBC0300D6BE898EA030012055555500C1
:1018100071BF0300E030012049C1030008B540F664
:10182000B832002106482EF069FD064B1022002137
:1018300018462EF063FD044901220A73827208BD26
:1018400008230120F8220120A030012008B5084B10
:10185000084ADA60084B094A5A62094B094A1A6079
:10186000FFF7DCFF084B4FF47A729A8208BD00BF85
:10187000080C01208D180400BC0B01200516040083
:101880006C300120DD130400E0300120FFF7C6BFFB
:10189000034A012303FA00F0937A184390727047C9
:1018A000F8220120044A012303FA00F0937A23EA84
:1018B00000009072704700BFF822012030B50A4B3B
:1018C000044629B14FF47A7505FB00350868A86114
:1018D0004FF47A7101FB043000F11C035168106869
:1018E00003C39068186030BD0823012038B5044652
:1018F00004200D4618F038F9014690B17CB1094B2F
:10190000E41A094BE4105C43A4B209238B70074B23
:101910000C80CD70187BBDE8384018F03AB9FF2430
:10192000F3E738BD08230120D578E926E03001200F
:10193000014B024ADA607047D02E0120595504004D
:10194000B2F5706FF8B505460E46144633D2022A3A
:1019500033D84FF430731C4A6343D118D35C63B35C
:101960004B78012B29D1194B1B689B7E834226D9CA
:10197000174A4FF43C7311684343CA18CB5CF3B168
:10198000D2F818329B014FF000071AD592F81432A2
:10199000BBB10A2018F0E8F860B142F2012343809D
:1019A0000C4B05808780C48006810146187B18F0A7
:1019B000F0F83846F8BD1220FCE74220FAE7022092
:1019C000F8E71A20F6E700BF68160120683001200A
:1019D00048210120E0300120F8B51D4B1B689B7E9B
:1019E000834204460E46154601D80220F8BD104633
:1019F000FCF7AEFB30B390F82171012F24D1154ACA
:101A00004FF43C7311686343CA18CB5C002BECD0D5
:101A1000D2F818329B0119D592F81432B3B10A20CA
:101A200018F0A2F80028E1D042F2012343800A4BCB
:101A300004808780C58006810146187B18F0A9F8CC
:101A40000020D3E74220D1E70C20CFE71A20CDE7D2
:101A50006830012048210120E030012030B50B4CD6
:101A60002468A47E84420FD94FF43C746043084C30
:101A700025682C18285C38B184F84A12A4F84C2246
:101A8000A4F84E32002030BD0220FCE7683001206F
:101A900048210120074B084A1A60084B084A1A607F
:101AA000084B094A1A60094B094A1A60094B0A4A4D
:101AB0001A6070472C2101200172030028210120A7
:101AC00019740300402101204176030030210120D8
:101AD0005D760300242101207D760300034B04483A
:101AE0001B7B0373034B196818F052B9E0300120D7
:101AF000C02E0120483101202DE9F84F164C8046B8
:101B00000F4616461D46DDE90AAB1CF075F894F841
:101B100004901CF073F8B9F1030F1AD8182018F0CC
:101B200023F80146A8B1C0E902AB40F20623438086
:101B30000A4B06714571C0E90487187B18F029F833
:101B40001CF05AF8237901332371BDE8F84F1CF0DB
:101B500055B8BDE8F88F00BF48310120E0300120C2
:101B600038B5C378012B02D0022B06D038BDF3F76D
:101B700027FABDE83840FFF7B1BFD0E90445017945
:101B8000421D00F10803204661B12946F3F772F9BE
:101B90001CF032F8054A1379013B1371BDE8384057
:101BA0001CF02CB82946F3F7B9F9F1E748310120C8
:101BB000014B1860FFF792BF4831012008B50D4B6B
:101BC0000D4A9A61002110220C482EF097FB0C4B15
:101BD0000C481B681B79072B81BF0B4A136A43F023
:101BE00040031362F2F7CCFF044B4FF48372DA80A8
:101BF00008BD00BFBC0B0120611B0400C02E0120EA
:101C000068300120F91A0400E030012008B5C9B29B
:101C100020F080FB012008BD10B58AB004462622C2
:101C2000002168462EF06AFB14238DF802300C4B1D
:101C300093F82230002B14BF002312238DF80430B8
:101C400020460DF1050304F1200250F8041B43F86F
:101C5000041B9042F9D1684608F03CFF0AB010BD61
:101C600050310120024B4FF40071187B1BF0D0BFA4
:101C7000E030012010B500F11F0300F10F029A427D
:101C800000D110BD01781C7800F8014B03F8011950
:101C9000F5E701F1200301388B4200D1704713F8BA
:101CA000012D00F8012FF7E700B589B02021684623
:101CB00020F030FB05480CF005F868460CF008F8F9
:101CC000FFF7D0FF09B05DF804FB00BF0D1C040056
:101CD00000B589B001466846FFF7DBFF05480BF009
:101CE000F1FF68460BF0F4FFFFF7BCFF09B05DF8A9
:101CF00004FB00BF0D1C040010B50BF0FBFF0446F5
:101D000018B9FFF7AFFF204610BD0120FCE738B53A
:101D100004460D460CF04AF82046FFF7ABFF04F1ED
:101D20002000FFF7A7FF2846BDE83840FFF7A2BF15
:101D300070B5A2B0FFF7E0FF58B31749684610AE80
:101D4000FFF7E5FF4622002130462EF0D7FA132395
:101D50008DF842306A460DF1450508AB144603CCB8
:101D60009C4228606960224605F10805F6D10DF114
:101D700065041A4603CAB24220606160134604F14A
:101D80000804F6D1304608F0A5FE034B002283F884
:101D9000202022B070BD00BF5031012030B599B075
:101DA00004460D46014608A8FFF773FF04F1200121
:101DB00010A8FFF76EFF29466846FFF76AFF07483D
:101DC0000BF080FF694608A80CF050F8044B4FF464
:101DD0008061187B1BF01CFF19B030BD0D1C040086
:101DE000E030012010B50CF08DF8044638B9054BF1
:101DF0004FF48061187B1BF00BFF204610BD0120C3
:101E0000FCE700BFE030012010B504460CF094F868
:101E10002046BDE81040FFF72DBF000010B50E4C66
:101E200094F8223088B04BB92022FF2168462EF06A
:101E300065FA6846FFF7F0FE08B010BDFFF7D2FF65
:101E40000028F9D06846FFF7DFFF6846FFF7E4FE99
:101E5000002384F82030EFE75031012030B591B0F5
:101E600004460D4601466846FFF713FF04F12001C2
:101E700008A8FFF70EFF68460BF0AEFF10F0FF0456
:101E800006D12DB1044B4FF48061187B1BF0C0FECE
:101E9000204611B030BD00BFE030012038B50A48FF
:101EA00090F820506DB990F82140012380F820303F
:101EB00024B1FFF70DFF2C46204638BDFFF7F4FE96
:101EC000FAE70C24F8E700BF503101202DE9F0417A
:101ED000114D95F8208006460F46B8F1000F18D135
:101EE00095F82340B4FA84F14909FFF7B7FF85F864
:101EF000220028B9002C18BF12242046BDE8F0812A
:101F000001233946304685F820304446FFF746FF26
:101F1000F3E70C24F1E700BF50310120F0B5164B78
:101F200099B06A4603F120051646186859681446A8
:101F300003C40833AB422246F7D1104B08AA03F181
:101F40004007154618685968144603C40833BB4255
:101F50002246F7D10A4B93F820405CB90122314662
:101F6000284683F8222083F82020FFF717FF204619
:101F700019B0F0BD0C24FAE7183F0700393F0700FD
:101F800050310120074B084A5A62084A9A62084AAF
:101F9000136A43F000631362064B002283F8232088
:101FA000704700BF900B0120311D04001D1E04006E
:101FB000E030012050310120014B024ADA607047C5
:101FC000F02E0120A15A0400F8B500230B701378FD
:101FD000164603F03F029B0905460270437092B912
:101FE000741C2B78A21B9342A5BF01339B1A0022BD
:101FF0002246A6BF54FA83F4D9B21146A01B2A6226
:102000002977C0B2F8BD77780F708378F90743EA73
:10201000070306F10204837006D5204617F036FF49
:10202000C5E9020106F10804BA0705D5204617F0F4
:102030002DFFC5E9040106347B0748BF013438078A
:102040000AD5627814F8023B03EB0223C3F30B02B8
:10205000C3F303332A83AB76F90644BF6C620334BF
:10206000BA0644BFAC6212347B0644BF14F8013B8D
:10207000EB76B6E70B7803F03F0303700B78C3F3FE
:10208000801343700B78DB0983708A784B7803EBFD
:102090000223C3F30C02C3F342338280837170477F
:1020A0004A780B7803EB0223C3F30C020280C3F3DC
:1020B0004032C3F380338270C370CA788B7803EBED
:1020C000022383804B798A791B0212049B180A79B8
:1020D00010B52CBF012400249B18CA794FEA026274
:1020E00044F100049B180A7A42EB040202F01F0438
:1020F000C0E9023452090274CB7A8A7A1B0403EBDA
:1021000002234A7A13440A7B03EB026343618A7B0E
:102110004B7B03EB0223CA7B03EB024383614A7CC4
:102120000B7C03EB0223838310BD4B788A781B0260
:1021300012049B180A7810B52CBF012400249B18A8
:10214000CA784FEA026244F100049B180A7942EB14
:102150000402C0E902328A794B7903EB022303823D
:1021600010BDF0B58B784C781B0403EB04230C787E
:102170002344CC78C3F30D0503EB0464C3F380332D
:102180008372C4F3CB33E40E0581838184738B792E
:102190004C791B0403EB04230C792344CC7903F022
:1021A0001F0503EB0464C3F342130374C4F3132346
:1021B000240FC573436104768B7A4C7A1B0403EBBE
:1021C00004230C7A2344CC7AC3F3130503EB046491
:1021D000C3F3035380F82030230EC5614384CB7BC7
:1021E0008C7B1B0403EB04234C7B23440C7C03EB10
:1021F00004634362CB7C8C7C1B0403EB04234C7C88
:1022000023440C7D03EB0464C3F313038362230DA7
:1022100083858C7D4B7D03EB0423C3850B7E4D7E34
:10222000CE7D2D041B0200245B192CBF0125254601
:102230009B198E7E4FEA066645F100059B19CE7EFE
:1022400045F1000535441B1905F01F06C0E90C36A1
:102250006D0980F838504B7F8E7F0F7F36041B024C
:102260009B192CBF01262646DB19CF7F4FEA076753
:1022700046F10006DB1991F8207046F100063E4455
:102280001B1906F07F070135F609222AC0E910372D
:1022900080F8486080F8385015D9012380F849301B
:1022A000D1F82130C0F84A30D1F82530C0F84E308E
:1022B00001F129035230393153F8042B40F8042B33
:1022C0008B42F9D1F0BD80F84940FBE78A784B7822
:1022D000920142EA43120B781343CA7843EAC213CD
:1022E0000A7943EA02231BB20370C3F30723437046
:1022F0000220704770B5049EF47F0546063417F03F
:10230000CBFDE4B2F27F3146A81D2DF0CFFF204671
:1023100070BD10B5044617F0BFFDA01DDDE9022316
:1023200017F0BAFD0C2010BD38B5D1E900230C46DA
:10233000054617F0B1FDA81DD4E9022317F0ACFD46
:102340000C2038BDFFF7D6BF38B5D1E900230C46C5
:10235000054617F0A1FDA81DD4E9022317F09CFD46
:102360000C2038BD38B50C460546FFF7EDFF216956
:10237000228C295421692B18090A5970618A997095
:10238000E17CD970616919716169090A5971E18A41
:10239000997194F82610D971218D1972218D9A7234
:1023A000090A120A5972DA72628C1A73628C120A62
:1023B0005A73A28C9A73A28C120ADA73A2691A74E5
:1023C000A269120A5A74628B9A74E27EDA74E26924
:1023D0001A7594F82B1094F82A2042EA41125A7583
:1023E000222038BD0B784A7803F00F010170C3F347
:1023F00040114170C3F38011DB09C3701346054AD5
:10240000817012681279082A98BF03F03F030371A4
:10241000022070476830012038B5044608460D4652
:1024200017F034FDC4E90001A81D17F02FFDC4E921
:1024300002010C2038BD38B5054608460C4617F099
:1024400025FDC5E90001A01D17F020FDC5E9020129
:10245000A37B627B1B0403EB0223227B1344E27BFE
:1024600003EB02632B61627C237C03EB0223A27CDF
:1024700003EB02436B61E37C85F82630627D237DAC
:1024800003EB02232B85E27DA37D03EB02232B8448
:10249000627E237E03EB02236B84E27EA37E03EB4A
:1024A0000223AB84637FA27F1B0212049B18227F4E
:1024B0002CBF012100219B18E27F4FEA026241F10B
:1024C00000019B1894F8202042EB0102C5E9063276
:1024D00094F8213003F01F025B0985F82A2022209E
:1024E00085F82B3038BD10B590F82630028C082BBB
:1024F00022D8931F9BB240F67A418B428CBF0023B7
:102500000123018D914288BF0023828C0A3A92B246
:1025100040F676418A4288BF0023D0E9061212F0C5
:10252000E0040BD111430BD090F82A20053A0B2A76
:1025300094BF1846002010BD0023E2E70023F3E714
:102540002346F1E708230B7028234B70836D8B70B3
:10255000836D1B0ACB70B0F85A300B7190F85B306A
:102560004B71C36D8B71B0F86030CB71B0F86030D7
:102570001B0A0B720920704770B590F8BA20034609
:10258000901C013293F8F0400A702C224A70B3F884
:10259000C0208A70B3F8C020B3F8C450C2F30D0253
:1025A00042EAC53293F8C65042EAC56293F8C25077
:1025B000AD0305F480452A431212CA70B3F8C42053
:1025C000C2F347020A71B3F8C020B3F8C450C2F393
:1025D0000D0242EAC53293F8C65042EAC562C2F320
:1025E00007624A7193F8C85093F8C72042EA45122F
:1025F0008A7193F8D020D3F8CC5093F8C8601207B2
:1026000042EA052293F8C75045EA46152A43120AC2
:10261000CA7193F8CD200A7293F8D020D3F8CC5029
:10262000120742EA0522120E4A72D3F8D4208A72A7
:1026300093F8D520CA72B3F8DA2093F8D85012066E
:1026400042EA0552D3F8D4502A43120C0A73B3F865
:10265000DA2093F8D850120642EA0552D3F8D45043
:102660002A43120E4A7300228A73D3F8DC20CA73FD
:10267000D3F8DC20120A0A74B3F8DE204A7493F807
:10268000DF208A74D3F8E020CA7493F8E1200A7539
:10269000B3F8E450D3F8E02042EA0552120C4A7530
:1026A000B3F8E450D3F8E02042EA0552120E8A75DE
:1026B000B3F8E620CA75B3F8E62012120A76D3F80A
:1026C000E8204A76D3F8E820120A8A76B3F8EA209E
:1026D000CA7693F8EB200A77D3F8EC20013CE4B2F9
:1026E00042EA44124A77D3F8F8208A77D3F8F820E0
:1026F000120ACA77B3F8FA2081F8202093F8FB2059
:1027000081F82120D3F8FC2093F8004102F07F02E9
:1027100042EAC41281F8222093F80121C0B292B19A
:10272000D3F80221C1F82320D3F80621C1F82720CD
:1027300003F585722B3103F58D7352F8044B41F884
:10274000044B9A42F9D170BD2DE9F0410D461E4669
:102750008046174609F02CFC164B32288CBF00200F
:1027600001209D4219D8144BA5FB0331C1F34F0141
:10277000002347EA801747EAC317377098F83F20CD
:10278000022A14D0D31E5A425A415200717041EAB3
:1027900042310912B170BDE8F081084BA5FB03344A
:1027A000032303FB0541C1F38F210123E1E701224C
:1027B000ECE700BFE1BF0300121111119E36D06992
:1027C0002DE9F04F87B09146DDF848A09DF84CB058
:1027D000109A049300231371BBF1040F0AF1030351
:1027E00004460F4602930AF1040507D19DF85030C4
:1027F000002B14BF4FF0030B4FF0010B238C9906F5
:1028000000F1B28017F0010307D119F001060CD0D6
:1028100094F88322D20700F1A9802846D4E9042342
:1028200017F03AFB0AF10A050126BB0706D419F096
:10283000020F0CD094F88332980708D42846D4E9C4
:10284000062317F029FB46F00206F6B206353907D3
:1028500006D419F0080F16D094F883321A0712D450
:102860002A46B4F8403002F8023BB4F8403094F8FD
:102870004210C3F30B0343EA013346F008061B1270
:102880006B70F6B21546A5EB0A02C2F5807819F016
:10289000200308F1010807D094F883329B065ABF41
:1028A000C2F1EF080123002319F0400203920CD07B
:1028B000BBF1030F0CBFB4F82C22228C12F04002A3
:1028C0001CBF012208F1FF380392119A002A4FD051
:1028D000119912884989521A92B219F0100F019277
:1028E00007D0119A127B22B994F84C20904528BF4A
:1028F000904617F0100705D119F010093BD0019A46
:10290000424504D946F010062F46F6B20335002B97
:1029100000F08B8046F02006D4F83491F6B2D4F85B
:10292000F0170593484609F06FFBB0F5967F059BBD
:1029300023D9D4F8F017484609F066FBAD4A904217
:102940001FD9B0F5161FAC49059B28BFA0F516107E
:10295000A0FB01C14FF0030C0CFB00112CBF1A4669
:102960000022C1F38F2113E000265EE71E465CE7DC
:10297000119A0192BDE74F46C9E7D4F8202291444D
:10298000CDE79E4BA0FB03310023C1F34F011A4654
:10299000920342EA43320A43121229706A70D4F851
:1029A0002022974BA2FB0321D20F42EA4102AA70D8
:1029B000D4F82022A2FB0323C3F3D713EB70D4E98E
:1029C0008C9000F01F030593FDF768FA059B85F8CE
:1029D000049043EA40104FEA19236B714FEA194300
:1029E0004FEA1969AB7185F807902872D4F85C3109
:1029F0006B72D4F85C311B0AAB72B4F85E31EB72C7
:102A000094F85F312B73D4F860316B73D4F8603174
:102A10001B0AAB73B4F86231EB73B4F828312B7432
:102A2000B4F828311B0A6B741235039B002B3DD080
:102A300094F92A0701211FF01FFA46F04006BBF166
:102A4000030F05F8010BF6B234D0019BA5EB0A0980
:102A5000002B62D0434528BF43469846119AC9F5DA
:102A6000807301335289984528BF98465FFA88F3EE
:102A700052FA88F8119AA2F80A80029AAD1A6A1CD2
:102A80001344109A504613711146FFF71FFC049B24
:102A90008AF8036045EA83158AF80250BBF1050FF6
:102AA00044D8DFE80BF03C4871814371BBF1030F60
:102AB00040F09B8094F85020012A24D1029B94F886
:102AC0005210EB1A0231C3F14003C9B2DBB2994292
:102AD00019D829462046FFF735FD054494F8B8304B
:102AE000012B12D1029B94F8BA10EB1A0231C3F1F8
:102AF0004003C9B2DBB2994207D829462046FFF706
:102B00003BFD0544A1E70022E8E73243029BD2B235
:102B1000002A04BF00261D4697E7019BADE700236E
:102B2000C4F8D83884F88362C4F884725FFA89F0F4
:102B300007B0BDE8F08F0023C4F8D838002FF5D0D7
:102B4000109B94F826181A7994F82408023208F099
:102B500017FA2C4B1B685A8AA36C9A422CBF801818
:102B6000C018B0F5161F28BF4FF41610C4F8D808C7
:102B700008F00CFA94F8DC28C4F8D80801463B4663
:102B80002046FFF7E1FDD1E70023C4F8D838002F35
:102B9000CCD094F8271894F8240809B994F8B918F7
:102BA000109B1A790232D2E70023C4F81832002FA2
:102BB000BCD0109B94F826181A7994F82408023295
:102BC00008F0DEF90F4B1B685A8AA36C9A422CBF9F
:102BD0008118C118B1F5161F28BF4FF4161194F8CB
:102BE0001D22C4F818123B46CAE7029B002E08BFFC
:102BF0001D462AE7E1BF03009E36D069121111116C
:102C0000E3361A00683001202DE9F0438BB0002331
:102C1000CDF8213007238DF82030038C03F0070313
:102C20000F460646904600F5E561062B00F28380CC
:102C3000DFE803F0047979814D797900B0F8C03389
:102C400090F83D40002B04F1FF3C0BBF1A460822D0
:102C50001D461025DCF1000444EB0C041543002B49
:102C600014BF224644F0010290F82131012B44EABE
:102C7000821404D190F8DE38002B08BF1825E8062E
:102C80004AD445F001050DF12009EB0632464846CD
:102C900048BF04F0BF040791FBF7AAFD079932462D
:102CA0004846FBF7FFFD338CCDF800900022CDE9BC
:102CB0000328CDE9012786F8832203F00303224687
:102CC00029463046FFF77CFD0BB0BDE8F083B0F835
:102CD000C03390F83D40002B0BBF1A4608221D461A
:102CE00010251543621E54425441A20142EA440297
:102CF000B3FA83F35B09144344EA831490F8213157
:102D0000012B04D190F8DE38002B08BF1825EB0604
:102D100002D445F00305B6E7084B5B699804B2D5C9
:102D200004F0FE04AFE790F83D40621E5442544167
:102D3000A4011825A7E700242546A4E7A030012018
:102D40002DE9F0478AB099460023CDF821300723BA
:102D50008DF82030038C03F007038846054617469C
:102D600000F61801062B4FD8DFE803F00751514E4B
:102D700019044C0040240B2626E090F8834290F87A
:102D8000213104F00104C4F15104012BE4B204D157
:102D900090F8DE380BB944F02004082614E090F8CF
:102DA000834290F8213114F0020F04F001040CBFAB
:102DB0000A260826C4F15104012BE4B204D190F88C
:102DC000DE380BB944F020040DF1200A2A465046A3
:102DD0000791FBF70DFD07992A465046FBF762FD68
:102DE0002B8CCDF810900122CDE90282CDE900A70D
:102DF00003F00303224631462846FFF7E1FC0AB000
:102E0000BDE8F0874824B6E700242646DCE74024E6
:102E10000926D9E72DE9F0438BB007238DF8203040
:102E2000164B5B6908AD13F4006F04460E46174657
:102E300000F618014FF000080246284614BF4FF074
:102E400009094FF001090791CDF82180FBF7D0FC6B
:102E5000079922462846FBF725FD0223CDE90263A8
:102E600004F59A63CDE9005304974346502249463E
:102E70002046FFF7A5FC0BB0BDE8F083A030012091
:102E800030B589B00D4600240721CDF819408DF8E2
:102E9000181093B9048C84F00204C4F34004E100D8
:102EA00004930423CDE9025306AB01920093102250
:102EB0000023FFF785FC09B030BD2146F0E7F0B5EF
:102EC000082389B000F50E65044680F8E0380E4608
:102ED000174600F61801024628460791FBF788FCC2
:102EE000079922462846FBF7DDFC0523CDE902635E
:102EF0000023CDE9005304971A4603212046FFF72B
:102F00005FFC09B0F0BD00002DE9F04385B0064636
:102F1000024600240D468F1C00F5E56102A80191D0
:102F200002948DF80C40FBF763FC0199324602A82D
:102F3000FBF7B8FC338C03F00703032B05D0052BFC
:102F40004ED0022B14BF02240624D6E904233846AF
:102F50008DF8084016F0A0FF9DF80830012B05F110
:102F600008080CD1D6F8743743F00403C6F8743758
:102F70004046D6E9062316F08FFF05F10E089DF8AE
:102F80000890B9F1060F2DD8452424FA09F414F05D
:102F900001040BD096F8CF4344B11F2C224606F50E
:102FA000747128BF1F2240462DF080F90E4B1B6A1A
:102FB0005B0405D5B9F1010F9CBF01238DF80930E1
:102FC000A8EB0700044402A928468DF80C40FFF73F
:102FD0007DF99DF80C000230C0B205B0BDE8F08369
:102FE0000124B2E70024E1E7A030012037B5042333
:102FF000009390F83930022B04460D4625D003F09B
:10300000FD03012B01D18DF8023094F8DF346946BD
:10301000063328468DF80430FFF758F90544D4E903
:103020000423284616F038FF94F8DF243AB11F2A0B
:1030300028BF1F2204F59C61A81D2DF037F99DF8CB
:1030400004000230C0B203B030BD43691B0A03F074
:10305000C003402BD9D10123D5E730B589B007246F
:103060008DF81840B0F82C4204930323CDE90213E5
:10307000002506AB04F040040192009344F01002D6
:103080002B462946CDF81950FFF79AFB09B030BD01
:103090008A780B8843EA02339BB203701B0A4370A1
:1030A0008B8883708B881B0AC370042070470A7951
:1030B0000B7843EA02234A78920002F00402134399
:1030C0008A78D20002F008021343CA78120102F093
:1030D000100213431BB20370C3F307234370022093
:1030E0007047002303700B7843704B8883704B88C4
:1030F0001B0AC3708B8803718B881B0A4371CB88B2
:103100008371CB881B0AC3710B8903720B891B0A5D
:1031100043724B8983724B891B0AC3720C20704720
:103120004A780B7803EB0223C3F30B02C3F301339A
:1031300002808370CA788B7803EB0223838004209B
:1031400070470B784A78027103F003010170C3F3F2
:1031500080014170C3F3C001C3F300138170C370D9
:10316000022070474B780370CA788B7803EB0223F8
:1031700043804A790B7903EB02238380CA798B79E8
:1031800003EB0223C3804A7A0B7A03EB0223038109
:10319000CA7A8B7A03EB022343810C2070478B7829
:1031A000CA781B0212049B184A7810B52CBF012460
:1031B00000249B180A794FEA026244F100049B182C
:1031C0004A7942EB0402C0E90032CA798B7903EBF9
:1031D00002230381082010BD10B50446481C16F0D8
:1031E00042FEC4E90001092010BD4B780370CA7883
:1031F0008B7803EB022343804A790B7903EB02239C
:103200008380062070478A784B7803EB0223038083
:103210000A79CB7803EB022343808A794B7903EB5D
:10322000022383800A7ACB7903EB0223C38009202F
:10323000704710B58A784B7803EB022303800A7934
:10324000CB7803EB022343808A794B7903EB02238B
:1032500083800A7ACB7903EB0223C3804B7A037213
:10326000CA7A8B7A03EB0223438101F10E030C30FF
:103270001A3113F8014C13F8022C023302EB04222A
:103280008B4220F8022BF4D1182010BD4B7803702C
:103290008A7803F00703037002F0070343700320EA
:1032A000704710B54A7802708B7843700C79C978F2
:1032B00002F0070203F0070301EB042102704370E0
:1032C0004180052010BD38B58B784A7802EB032287
:1032D00003460C4623F8022B0546CA1C153112F88A
:1032E000010B03F8010B8A42F9D1A27D637D03EB48
:1032F0000223AB82227EE37D03EB0223EB82637E1B
:1033000003F00F022A76C3F300125B096A76AB76EC
:10331000A37EEB7604F11B0016F0B8FDC5E90801A9
:1033200094F8222094F8213003EB02232B852320EC
:1033300038BD4B7803708B784370CB7883700B79F2
:10334000C3708A794B7903EB0223C3F30B03D209D1
:103350000271C3800A7ACB7903EB0223C3F30B0318
:1033600003818A7A4B7A03EB0223CA7A03EB024386
:10337000C3F31303C3604A7B0B7B03EB02238A7BFB
:1033800003EB0243C3F3130303610A7CCB7B03EB20
:10339000022383828A7C4B7C03EB0223C382CB7C97
:1033A00003764A7D0B7D03EB02238A7D03EB024308
:1033B000C361CB7D1A0903F00F0380F8212080F848
:1033C00020300B7E80F822304B7E80F82330CA7E7E
:1033D0008B7E03EB022383844A7F0B7F03EB022364
:1033E0008A7F03EB0243836291F82020CB7F03EBBB
:1033F000022391F8212003EB0243C36291F82320BA
:1034000091F8223003EB02230386242070478A7848
:103410004B7803EB0223CA7803EB024303604A793B
:103420000B7903EB02238A7903EB024343600A7AA8
:10343000CB7903EB0223038109207047CB788A788C
:103440001B0403EB02234A7813440A7903EB02635B
:1034500003608A794B7903EB0223CA7903EB0243B9
:1034600043604A7A0B7A03EB02238A7A03EB024326
:1034700083600A7BCB7A03EB02234A7B03EB024394
:10348000C360CA7B8B7B03EB02230382102070474F
:1034900070B50D4604461646FFF753FE29182D5CFD
:1034A0006571252D00F28C80DFE815F0260067009D
:1034B000E1008A008A008A008A00E1007E007F0025
:1034C0008A008A008C00910084005A0058009800FD
:1034D0008A008A0079007900A500A300AF00BB0034
:1034E0008A008A00D400DD00DD00E400ED00F60073
:1034F000FF001E0123010D01002E61D004F1080020
:10350000FFF730FE237983425AD1A3899A1F92B2E2
:1035100040F67A418A4201D91E251DE0217A002910
:10352000FAD0092B94BF03F1FF3208229142F3DC59
:1035300062899A42F0D8218AA1F10A0292B240F639
:1035400076408242E8D8E28902FB0333B3EB810F75
:10355000E2DAB2F5FA7FDFD2284670BD012E2FD015
:10356000664B1B6A9D072BD504F10800FFF761FE2F
:103570002379834224D10025EEE70EB304F108003D
:10358000FFF70DFE237983421AD1D4E9020131F00D
:103590001F03C1D107F072FA0128ECD8BCE704F18F
:1035A0000800FFF730FEE3E756B104F10800FFF72B
:1035B00013FEDDE7012E03D0504B1B6A1807F4D42D
:1035C0001925C9E704F10800FFF70FFED0E7FF2334
:1035D00023724B7863722379022BCBE7474B1B6A2C
:1035E0005A07EDD54B7823728B7863722379032BBE
:1035F000C0E7012EE4D0414B1B6A13F4106FDFD0FB
:1036000004F10800FFF742FEB2E7002ED8D03B4B92
:103610001B6A13F4106FD3D004F10800FFF741FECA
:10362000A6E7012ECCD0354B1B6ADB03C8D54B78FF
:1036300023728A782179627203F0070303292372C7
:10364000BED1002B3FF468AF023A232A8CBF1E255F
:10365000002581E7294B1B6A9E01B1D504F10800C2
:10366000FFF731FE84E7254B1B6A5D01A8D54B7837
:103670002372B0E7214B1B6A9800A1D504F1080022
:10368000FFF757FE74E71D4B1B6ADA0098D504F16B
:103690000800FFF7BCFE6BE7184B1B6A9B008FD539
:1036A00004F10800FFF7CAFE62E7144B1B6A13F02F
:1036B000405F85D04B7823728B786372CB78A3728E
:1036C0002379042B56E70D4B5B6A13F0040F3FF48C
:1036D00077AF4B7823728B786372CB78A3720B79B8
:1036E000E3722379052B45E7044B5B6A13F0020F65
:1036F000DFE7024B5B6A13F0020FE8E7A03001201E
:1037000070B50E4604461546FFF71BFD325C62712C
:10371000033A3318102A3CD8DFE802F00926343681
:103720003B3B3B39363B3B3B3B3B3B3D3D0085B365
:10373000D3F80120A260D3F80520E260997A5A7A82
:1037400002EB01222282D3F80B20C4F81220D3F816
:103750000F20C4F81620D3F81330C4F81A30237998
:10376000172B16D1002070BD012D12D0D3F80120E7
:10377000A260D3F80520E260D3F809202379226102
:103780000D2BEEE7012D04D02379012BE9E7002D65
:10379000FAD11920E7E7024B1B6ADB06F4D4F8E7FD
:1037A000A030012038B50B4D0B4A95F8243003EBBF
:1037B00083030344044652F8233003B1984795F835
:1037C0002430064A03EB830313441B5D85F8243041
:1037D00038BD00BF580C01207C3F0700CC3F0700DC
:1037E00038B50378074A01EB8303044652F82330C7
:1037F0000D4603B198472278034B03EB82035B5DD0
:10380000237038BD584007009840070038B5094D6F
:103810002B78062202FB0303074A52F823300446A2
:1038200003B198472A78054B062101FB02331B5D43
:103830002B7038BDA81E0120E03F07004040070064
:1038400038B5094D2B78062202FB0303074A52F8CC
:103850002330044603B198472A78054B062101FB23
:1038600002331B5D2B7038BDC81E01200C410700C0
:103870004040070038B54378084A03EB83030B4404
:10388000044652F823300D4603B198476378044A42
:1038900003EB830313445B5D637038BDA8400700EE
:1038A000F840070038B50B4D95F82730062202FB8B
:1038B0000303094A52F82330044603B1984795F8A8
:1038C0002720064B062101FB02331B5D85F82730BC
:1038D00038BD00BF281F01206C410700CC41070004
:1038E0008378094A70B5062606FB0313044652F88E
:1038F00023300D4603B19847A278044B06FB0233F0
:103900005B5DA37070BD00BFF8410700584207001F
:1039100038B590F82031094A01EB8303044652F888
:1039200023300D4603B1984794F82021044B03EB54
:1039300082035B5D84F8203138BD00BF7042070010
:10394000B0420700012970B5044609D98B1E012B2E
:103950001CD80126032919D8DFE801F0041904193D
:103960000026F7E700250B4B05EB460253F8223003
:103970000BB120469847682303FB0644064B94F896
:10398000502003EB42035B5D84F8503070BD01258D
:10399000E9E700BFE4410700F4410700F0B54378D0
:1039A000022B89B004460D464AD0032B72D0002B5F
:1039B0004FD12B294DD1FCF7EDFF2046F2F76AFFDE
:1039C0006368D90703D53421204600F0E9FA63681B
:1039D000DA0503D53521204600F0E2FA63685B067C
:1039E0000CD5B4F82C321B2B04D8B4F82E32B3F516
:1039F000A47F03D93621204600F0D2FA2E492F4B5E
:103A000008682F491A68201A0011484394F84D118C
:103A100092F83C30079100210691D2E91667CDE972
:103A20000467D2E91467CDE90267D2E9126780B270
:103A3000CDE900670832F2F743FD022363701FE00F
:103A40002B291DD018D8292921D02946204600F03D
:103A5000C1FE4B2D2CD04C2D12D1174B1868184B92
:103A6000201A00115843C0B207F08AFF204609B05F
:103A7000BDE8F040FBF7E4BEA1F14703012BE4D819
:103A80002946204609B0BDE8F04000F029B8F3F718
:103A90006BFAF5E75129DCD1D0F8603223F001034D
:103AA000C0F86032F2F7F9FE002384F85032E7E7FD
:103AB0002046F2F7B5FED0E748210120442101203D
:103AC000CF467D67437803224270022B4FF00002FD
:103AD00080F8502202D10C3008F046BE704700003A
:103AE000482910B504461AD003D8F9B1472919D08E
:103AF00010BD4B29FCD18378012B08D10D4B1868E0
:103B00000D4B201A00115843C0B207F0E9FF2046C0
:103B1000F2F786FE2046BDE81040FBF791BEF2F7B3
:103B2000C5FE2046BDE81040FFF7CCBFF2F7B8FE57
:103B3000F7E700BF48210120CF467D67F0B5437805
:103B400089B004460D46032B0FD8DFE813F01500AB
:103B5000830004001F01292907D0A5F14703012B89
:103B600003D92946204601F05FF82946204609B0CE
:103B7000BDE8F040FFF7B4BF0B29F6D1FDF766F8BA
:103B80002046F2F787FE636813F4007F03F001021A
:103B900042D02AB1D4F8642242F00802C4F8642268
:103BA000D80542BFD4F8642242F00402C4F864226B
:103BB00059060ED5B4F82C321B2B04D8B4F82E328B
:103BC000B3F5A47F05D9D4F8643243F01003C4F8E8
:103BD00064320123754963700868754B75491A682A
:103BE000201A0011484394F84D1192F83C30079187
:103BF00000210691D2E91667CDE90467D2E914677E
:103C0000CDE90267D2E912670121CDE900670832E8
:103C100080B2F2F755FCA8E71AB13421204600F033
:103C2000BFF96368DA0503D53521204600F0B8F9FD
:103C300063685B060CD5B4F82C321B2B04D8B4F89F
:103C40002E32B3F5A47F03D93621204600F0A8F91F
:103C50000223BFE72C2980D8142982D9A1F11503AA
:103C6000172B3FF67EAF01A252F823F0D93C040097
:103C7000633B0400633B0400633B0400633B0400BC
:103C8000633B0400F33C0400093D0400633B040073
:103C9000633B04001F3D04004B3D0400613D0400F4
:103CA000773D0400353D0400633B0400633B0400A2
:103CB000633B0400633B0400633B04006B3B040074
:103CC000633B0400633B0400CD3C040002234370CB
:103CD0003A21FBF773FF48E7D0F8643243F40073EE
:103CE000C0F86432D0F8603243F40073C4F8603234
:103CF0003BE7D0F8643243F00403C0F86432D0F8F4
:103D0000603243F00403F1E7D0F8643243F0080373
:103D1000C0F86432D0F8603243F00803E6E7D0F828
:103D2000643243F01003C0F86432D0F8603243F0DC
:103D30001003DBE7D0F8643243F08003C0F864324C
:103D4000D0F8603243F08003D0E7D0F8643243F417
:103D50000053C0F86432D0F8603243F40053C5E732
:103D6000D0F8643243F02003C0F86432D0F86032F7
:103D700043F02003BAE7D0F8643243F04003C0F8C0
:103D80006432D0F8603243F04003AFE751297FF44A
:103D9000ECAED0F8603223F00103C0F86032F2F7E5
:103DA0007CFD002384F85032DFE600BF482101206B
:103DB00044210120CF467D6738B50A4D0A4A95F85F
:103DC000243000EB8303044652F8233003B19847B4
:103DD00095F82420054B03EB82031B5D85F8243006
:103DE00038BD00BF60210120C0420700004307002A
:103DF00038B50378074A01EB8303044652F82330B1
:103E00000D4603B198472278034B03EB82035B5DB9
:103E1000237038BD104307005043070001EB8101B8
:103E2000034B114453F8213003B11847704700BFCA
:103E3000804307000139062940D8DFE801F01E0F52
:103E4000041927323800022A0CBF90F80C3290F87F
:103E50000D32B3FA83F35B09184670478378012B60
:103E60002CD1002AF8D1D0F81832C3F3C003F3E7FD
:103E7000D0F81832C3F34013EEE78378012B03D157
:103E8000131E18BF0123E7E7131FFAE78378002BFF
:103E9000F6D0042A10D08AB9B0F81A3203F0010320
:103EA000DAE7002AF0D1064B93F82330F6E7D0F892
:103EB0001832C3F38063CFE70023CDE70123CBE7BC
:103EC000A03001201FB5104B104A1B688DF803105D
:103ED000C31A1B1153430022CDE901229BB2039266
:103EE0000A22ADF800308DF80220ADF80630D0E996
:103EF000862302A88DF8041015F0B9FF684606F075
:103F0000E9FD05B05DF804FB48210120CF467D673F
:103F1000D0F8603201228A401A421CD023EA020300
:103F20000D4AC0F8603253790D2B05D0112B03D008
:103F3000072B07D01A2300E0537A02290BD1194628
:103F4000FFF7C0BF0429F5D1D0F8183223F02003C1
:103F5000C0F8183270477047D020012010B4D0F854
:103F6000602201248C40144216D022EA0402032964
:103F7000C0F8602208D007290AD002290CD15DF8C8
:103F8000044B0021FFF79EBF5DF8044BF2F70EBC17
:103F90005DF8044BF2F79ABE5DF8044B70470000E1
:103FA0002329F8B504465DD80B2901D8002051E13A
:103FB0000C39CA48CAB20123934018407CD113F08F
:103FC0000103F3D0C64B5B79013BDBB21D2B00F242
:103FD0004181C44AD65CFF2E00F03C81C04B5D7924
:103FE0006A1E1D2AE2D801A151F822F0FF41040007
:103FF00027410400AD3F0400AD3F0400AD3F040085
:10400000AD3F0400694104006F4204006F420400A8
:10401000AD3F0400AD3F040059420400CD4104000F
:104020006F420400AD3F0400AD3F0400CD410400E9
:10403000AD3F0400AD3F04004F4104004F41040078
:10404000AD3F0400AD3F0400AD3F040069420400F1
:10405000AD3F0400AD3F0400634204007F42040012
:104060007F4204003439CBB2062B9FD806299DD855
:1040700001A353F821F000BF2B4104002B410400A1
:104080002B410400AD3F04002B41040057410400C4
:1040900095400400D4F868326278002B0CBF0126EA
:1040A0000226032A82D013F0010500F0928023F04B
:1040B0000103C4F8683236E017293FF677AF01A351
:1040C00053F821F065410400AD3F0400AD3F04000A
:1040D000AD3F0400AD3F0400AD3F0400AD3F040020
:1040E000AD3F0400AD3F0400AD3F04007742040043
:1040F00025410400AD3F0400AD3F0400AD3F040086
:104100006D42040057420400AD3F0400AD3F04007F
:104110004D410400AD3F04006742040061420400C9
:104120007D4204000026002569E004293FF63EAFE9
:1041300001A353F821F000BF5D4204007342040064
:1041400053410400AD3F04008342040000260425CF
:1041500055E00126FBE794F85E520626FF2D3FF45A
:1041600025AF4CE0002639E71D7A6B1E142B3FF675
:104170001DAF01A252F823F0FF41040027410400C3
:10418000AD3F0400AD3F0400AD3F0400AD3F04006F
:10419000AD3F04006F4204006F420400AD3F0400D5
:1041A000AD3F040059420400AD3F04006F420400DB
:1041B000AD3F0400AD3F0400AD3F0400AD3F04003F
:1041C000AD3F04004F4104004F41040094F85E529B
:1041D000C4E7D4F8642212F001000CD14FF0010CB6
:1041E0000CFA00F717EA0301C5B213D023EA07035C
:1041F000C4F8683203E022F00102C4F8642294F8A3
:104200005032002B3FD0012B00F09280002D00F0A7
:10421000D880C3E001300828E2D1012707FA01F372
:1042200013EA0200CDB212D022EA030294F85A3205
:10423000C4F86422012BE2D1002284F85A2294F8B7
:1042400055220AB184F8503284F85E52D7E7013122
:104250000829E3D1F8BD00260325D0E70126FBE7B6
:1042600000260625CBE700260525C8E700260225FF
:10427000C5E70126FBE700260125C0E70026072544
:10428000BDE701264FE7012E0ED02DD8002EBDD15F
:10429000D4F860320122AA401343C4F86032324697
:1042A00029462046FFF7BAFD324629462046FFF749
:1042B000C1FD002800F08C80012229462046FFF72E
:1042C000ADFD2046F2F78CFD84F85E52012384F8A0
:1042D000553284F85032002D77D05FE0008CE90031
:1042E000D020012060430700B31E022B8ED8324637
:1042F00029462046FFF79EFDA0B1022E04D00222DF
:1043000029462046FFF78AFD6F4B142202FB053336
:10431000DB6813B12046984778E784F85E5284F84A
:104320005732D3E700221A212046F2F703FD6DE74A
:10433000072E3FF66BAF01A353F826F05D43040050
:104340005D4304000D420400DB4304008944040083
:104350000D4404001F4404001F4404003246294653
:104360002046FFF767FD98B336B9D4F860320122D2
:10437000AA401343C4F8603294F85E32AB4206D0D0
:10438000D4F864320122AA401343C4F8643226B937
:10439000324629462046FFF741FD0DB1012059E77D
:1043A000D4F8643223F00103C4F86432D4F86832DC
:1043B00043F00103C4F86832012229462046FFF782
:1043C0002DFD94F85E32002B79D103236370E5E76D
:1043D00029462046FFF79CFD18E794F85E32AB4271
:1043E00014D0032229462046FFF724FD00283FF47D
:1043F0000DAF022229462046FFF710FDD4F868329F
:104400000122AA401343C4F86832FFE694F85E32F2
:10441000AB4219D1042229462046FFF7FFFC072EA4
:10442000294620462DD1FFF773FD2046F2F7EAFC1E
:10443000FF2384F85E32002384F8553284F850322A
:104440002046F2F7E7FCE1E6D4F864320122AA4004
:104450001A423FF4DBAE23EA0203C4F8643294F854
:104460005A32012B08BF00232946204608BF84F892
:104470005A320422FFF7D2FC29462046FFF76EFD90
:10448000C4E6FFF76BFDD0E7022229462046FFF77E
:10449000C5FC94F85E320B2BB0D00B4B142202FB00
:1044A0000533DE68002EA9D0042229462046FFF7F6
:1044B000C1FC00283FF436AF2046B047A6E6D4F84A
:1044C0006832DB0781D469E78043070090F85E0219
:1044D000023802288CBF00200120704790F8533228
:1044E000094A70B50B2606FB0313044652F8233025
:1044F0000D4603B1984794F85322044B06FB023350
:104500005B5D84F8533270BD20440700D04407003F
:104510000C21F2F74FB801222321F2F70BBC10B5A2
:104520000446F2F76FFC2046BDE81040F2F7D4BC19
:1045300010B50123044680F85632F2F763FC20469A
:10454000F2F7C6F92046BDE81040F2F7C5BC10B539
:10455000012380F85632437A23F001030446437264
:10456000F2F750FC2046F2F705FA2046BDE810406D
:10457000F2F7B2BC427A42F001024272F2F712BA8A
:1045800010B5437A43F0010304464372F2F792F9FF
:104590002046BDE81040F2F705BAD0F8603213F4B7
:1045A000007310B504460ED1C0F8603294F856324C
:1045B00083B1002384F8563220460122BDE8104022
:1045C0003B21F2F7B7BB0023C0F860323B21F1F783
:1045D000F1FFEBE710BD10B504461822002100F5ED
:1045E00021702BF08BFED4F818329B0707D520469C
:1045F000F2F7C2F92046BDE81040F2F7F1BB2046C1
:104600003B21BDE81040FBF7D9BA10B5D0F86032B5
:1046100043F400730446C0F86032F1F7A5FF20466A
:10462000BDE81040FFF7D7BF3C2970B5044608D855
:10463000382908D81D2963D00CD80C290ED015298B
:1046400060D000252FE03A39022941D8DFE801F097
:1046500046375C001E29F4D102211EE05C4B5979DB
:10466000CA1F0A2AEDD801A050F822F0AB46040078
:104670004346040043460400434604004346040006
:1046800043460400BF460400434604009946040024
:104690000D470400CB460400032194F85052BDB3EB
:1046A000012D45D00125284670BD1B7A0F2BC8D19E
:1046B000D4F8183223F00203C4F81832EDE794F866
:1046C0005E32092BBDD10721E7E71B7A0F2BF9E7F3
:1046D00090F85E32092BB4D10621DEE7D0F86432BF
:1046E000B3F5007F4FF0000503D1C0F864520821F4
:1046F000D3E7B3F5806FD6D1C0F864520921CCE777
:104700000121CAE70021C8E70A21C6E70421C4E75E
:104710002046FFF7E3FE94F85332002BC2D001236A
:10472000092284F8503284F85E2284F85752B9E79F
:10473000032915D194F85E32042B0FD8012B0FD921
:10474000D4F86422012000FA03F31A430923C4F8C1
:10475000642284F85E3284F85A0201E0072BEFD01D
:1047600094F85E32092B16D12046FFF7B7FE94F875
:104770005362002E96D12046F2F744FB637A84F808
:10478000506223F001036372FF2384F85E322046F7
:10479000F2F740FB87E799B1032983D10B2B09D1AD
:1047A0002046F2F787F8D4F8643243F48063C4F803
:1047B000643278E701222A212046F2F7BBFA72E739
:1047C0002046F1F7D1FED4F8643243F40073EEE7EB
:1047D000D02001201C2970B504460D4606D190F862
:1047E0000D321BB1BDE87040F1F7E0BF244E3368D5
:1047F000ABB97368CBB9B368EBB9F3680BBB33697A
:104800002BBB73694BBBB369002B2CD1F369002B15
:104810002FD129462046BDE8704000F0DBB929467B
:10482000204698470028E4D070BD29462046984786
:104830000028E0D0F8E72946204698470028DCD039
:10484000F2E72946204698470028D8D0ECE72946C9
:10485000204698470028D4D0E6E7294620469847C6
:104860000028D0D0E0E72946204698470028CDD040
:10487000DAE72946204698470028CAD0D4E700BF87
:10488000D02E012038B590F85332094A01EBC3030A
:10489000044652F823300D4603B1984794F853224A
:1048A000044B03EBC2035B5D84F8533238BD00BF99
:1048B000FC4407007C45070001222321F2F73ABAA5
:1048C00010B5437A23F001034372064B1B6804467C
:1048D00019790122F2F72EFA2046BDE81040F2F7CE
:1048E00091BA00BF44210120D0F86022910506D57D
:1048F00022F40072C0F860220021F1F75BBE70471D
:10490000014B597AF1F756BED02001200C21F1F766
:1049100051BE10B5437A23F0010304464372F2F707
:1049200037F82046BDE81040F2F75ABA10B50446F1
:10493000F2F768FA2046BDE81040F1F721BE10B545
:104940000446F1F7B7FF637A43F001036372204630
:10495000BDE81040F2F726B8FFF7F1BFD0F86022AB
:10496000094922F40072C0F860224A790D2A0346F0
:1049700005D0112A03D0072A05D11A2101E0497A6E
:104980001846F1F717BE7047D0200120D0F8183232
:104990009B0710B5044606D5F1F7EEFF2046BDE8AB
:1049A0001040F2F71DBA1A21F1F704FE2046392112
:1049B000BDE81040FBF702B910B5D0F8603243F4FF
:1049C00000730446C0F86032F1F7CEFD2046BDE822
:1049D0001040FFF7DBBF00001E2970B504465DD014
:1049E00007D815295CD01D295CD00C2909D00025D9
:1049F00005E039293DD03A294FF000053FD028463F
:104A000070BD734A5379002B4ED0073BD9B20A29A7
:104A1000EDD80A2BEBD801A151F823F0494A040044
:104A2000EF490400EF490400EF490400EF49040096
:104A3000EF4904005F4A0400EF490400AD4A040056
:104A4000EF490400694A0400137A0F2BCFD1D0F844
:104A5000183223F00203C0F81832052617E090F848
:104A60005E32092BC3D1F8E7137A0F3B012BBED876
:104A7000F3E790F85E32092BB9D1062607E0D0F8AB
:104A80006432B3F5007FBAD1C0F86452072694F8B7
:104A900050526DB1012D1CD00125B0E70326F6E779
:104AA0000026F4E70226F2E70426F0E70126EEE707
:104AB00031462046FFF7E6FE94F85332002BEBD048
:104AC0000123092284F8503284F85E2284F8575278
:104AD000E2E76FF012033341DB0717D494F85E323C
:104AE000072B03D010D89A1E022A0FD8D4F86422BC
:104AF000012101FA03F31A430923C4F8642284F85C
:104B00005E3284F85A1201E00D2B1BD094F85E320D
:104B1000092B21D131462046FFF7B4FE94F85362A9
:104B2000002EB9D12046F2F76DF9637A84F850620D
:104B300023F001036372FF2384F85E322046F2F70C
:104B400069F95CE7D4F8643243F40053C4F8643282
:104B5000092384F85E32D9E7052E9DD801A353F8C6
:104B600026F000BF974B0400894B0400994A0400CB
:104B7000994A04007D4B0400AB4B040000222A211B
:104B80002046F2F7D7F83AE701222A212046F2F729
:104B9000D1F8354633E72046F1F7E6FCD4F8643225
:104BA00043F40073C4F8643229E7D4F8643223F480
:104BB0000073C4F8643294F8533213B1002384F8BC
:104BC0005332034B2046597AF1F7F4FC17E700BF44
:104BD000D0200120492910B5044614D004D80D294D
:104BE00007D00E2909D010BD5129FCD1F1F755FE8F
:104BF0000BE0BDE81040F2F789B8BDE81040002294
:104C00001E21F2F797B8F1F74EFE63780322627027
:104C1000022B4FF0000284F85022E4D104F10C0082
:104C2000BDE8104007F0A0BD1C2970B504460D4634
:104C300006D190F80D321BB1BDE87040F1F7B6BD5A
:104C4000244E3368ABB97368CBB9B368EBB9F3687A
:104C50000BBB33692BBB73694BBBB369002B2CD1E6
:104C6000F369002B2FD129462046BDE87040FFF79D
:104C7000B1BF2946204698470028E4D070BD294698
:104C8000204698470028E0D0F8E729462046984774
:104C90000028DCD0F2E72946204698470028D8D0E3
:104CA000ECE72946204698470028D4D0E6E7294675
:104CB000204698470028D0D0E0E72946204698476C
:104CC0000028CDD0DAE72946204698470028CAD0E8
:104CD000D4E700BFF02E012090F85E32092B05D1F9
:104CE00090F85302831E5842584170470020704785
:104CF00090F85302C31E58425841704710B50446FD
:104D0000F2F738FD2046F2F74FFD2046F2F7C4F8DF
:104D10002046F2F709FE2046F2F7F0FE2046BDE8F5
:104D20001040F2F75DB810B50446F2F723FD2046B7
:104D3000F2F73AFD2046F2F7E1FE2046BDE81040CA
:104D4000F2F74EB810B50446F2F7DFFD2046BDE895
:104D50001040F2F745B810B50446F2F75EF8204669
:104D6000F2F78CF8012384F80B3210BD10B504461D
:104D7000F2F753F82046BDE81040F2F77FB810B5BF
:104D80000446F2F73FF82046F2F74CF82046F2F7D7
:104D900087F894F80B12204629B1F2F73BFE002366
:104DA00084F80B3210BDF2F713FEF8E710B5044695
:104DB000F2F728F82046F2F735F82046F2F770F8B7
:104DC000064B5A79072A14BF597A1A212046F2F75E
:104DD000FFFD002384F80B3210BD00BFD02001205E
:104DE0000C21F2F7F5BD10B50446F2F7ADFC2046F4
:104DF000F2F7C4FC2046F2F779FD2046BDE81040EA
:104E0000F1F7EEBF10B50446F1F7FCFF2046F2F7CC
:104E100065FE2046F2F708FD2046F2F73DF82046F1
:104E2000BDE81040F1F7DCBF38B590F851320A4ABE
:104E3000C3EBC3030B44044652F823300D4603B1C1
:104E4000984794F85132054AC3EBC30313445B5DA2
:104E500084F8513238BD00BF9C4507007C460700EE
:104E600070B590F89A41012C05460E4616D10C29D2
:104E700007D0A1F10D03012B10D8F2F709FD204650
:104E800070BD524B5A79112A03D8514BD340DB07DE
:104E900004D42846F2F7FCFC0024F0E795F85032E1
:104EA0002BB1012B08D195F85E320B2B04D0182EB4
:104EB00002D12846F2F7EAFD464B1C6A14F00104C1
:104EC000DDD02A2E47D005D80C2E0FD0182EE3D1D6
:104ED000002130E03A2EDFD1D5F8643213F40064BB
:104EE000CDD023F40063C5F86432F1E7374A537933
:104EF000043B0D2BD0D801A151F823F0674F0400DB
:104F0000634F0400354F0400514F0400994E0400D4
:104F1000994E0400994E04006B4F0400994E040012
:104F2000454F0400994E0400994E0400994E040028
:104F3000514F0400032195F85042C4B1012C26D0F2
:104F400001249CE795F85E320B2BA5D10621F2E7F0
:104F5000137A032BF9E795F85E320B2B9CD10521D0
:104F6000E9E70221E7E70121E5E70421E3E7284635
:104F7000FFF75AFF95F85132002BE1D0052BDFD017
:104F80000B23012485F85E3285F8504277E795F8C7
:104F90005E320B2B06D0D5F8643243F40063C5F8BB
:104FA00064326CE72846FFF73FFF95F85132052B36
:104FB00001D0002BC4D1FF2385F85E32002385F891
:104FC00050322846F1F726FF59E700BFD0200120D4
:104FD000F4280200A030012038B590F851320A4A76
:104FE000C3EBC3030B44044652F823300D4603B110
:104FF000984794F85132054AC3EBC30313445B5DF1
:1050000084F8513238BD00BFB44607007847070026
:1050100010B50446F2F788FC2046BDE81040F1F7D1
:10502000DFBE10B50446F2F7BFFB2046F1F7F5FEF0
:105030002046F1F731FF2046F1F720FF012384F8E5
:105040000B3210BD10B50446F1F7E7FE2046F1F72C
:1050500023FF2046BDE81040F1F710BF10B504460D
:10506000F1F7D0FE2046F2F76FFB2046F2F73EFC48
:105070002046F1F7D7FE2046F1F712FF94F80B1205
:10508000204629B1F2F7C6FC002384F80B3210BD8C
:10509000F2F79EFCF8E710B5437A044623F00203CA
:1050A0004372F1F7AFFE94F80B226AB9062120464D
:1050B000F1F740FE2046F1F7B5FE2046F1F7F0FE8D
:1050C000002384F80B3210BD2046F2F7A9FB3821EB
:1050D0002046FEF765FFEDE710B5437A23F00203A3
:1050E00004464372F2F78CFB2046F2F79DFB204604
:1050F000F2F744FB2046F2F7EAFB2046BDE81040F9
:10510000F1F76EBE10B50446F2F734FB2046F2F715
:105110004BFB2046F2F74CFB2046F2F7BCFB204647
:10512000F1F75EFE637A43F0020363722046BDE846
:105130001040F2F727BC000010B590F85232044638
:1051400013B1012B20D010BD0429FCD801A353F8C2
:1051500021F000BF6951040095510400475104003B
:10516000695104007B510400F2F7EDFB2046F1F792
:1051700037FE012384F85232E5E7F2F767FC204658
:10518000BDE81040F2F77CBC022908D004290AD0FF
:105190000129D8D12046BDE81040F2F7E3BBF1F772
:1051A00031FE0023E6E7BDE81040F2F74FBC00BF38
:1051B00070B590F89A51012D044616D10C2907D0EC
:1051C000A1F10D03012B10D8F2F762FB284670BD48
:1051D0004A4B5A79112A03D8494BD340DB0704D4F0
:1051E0002046F2F755FB0025F0E7464B1D6A15F007
:1051F0000105EBD01A2935D005D80C290BD0192977
:10520000F1D1042623E02A29EDD194F85E320B2B4C
:10521000E9D106261BE0394B5B79033B082BE2D82A
:1052200001A252F823F000BF61520400E7510400CC
:10523000E75104005D520400E7510400E751040007
:10524000E75104004D52040069520400022694F80C
:1052500050525DB1012D19D00125B7E70126F6E7BF
:105260000026F4E70526F2E70326F0E7314620465C
:10527000FFF7B2FE94F8513213F0FB0FECD00B2382
:10528000012584F85E3284F850529FE756BB2046D1
:10529000FFF722FD08B394F85E3201229A40D4F859
:1052A00064321343C4F864320B2384F85E3231460F
:1052B0002046FFF791FE94F8513213F0FB03CBD157
:1052C000627A84F8503222F002026272FF2284F87D
:1052D0005E222046F1F79EFD78E72046FFF7F6F8BC
:1052E0000028D8D194F85E320B2BE0D0D4F8643289
:1052F00043F40063C4F8643268E700BFD0200120A3
:105300004C2C0200A030012038B5304B1B6A03F052
:105310001004DB06054629D5532929D005D80C29C8
:1053200007D03A2912D0002420E05429FBD10421CF
:1053300016E0274A5379122B1CD0132B04D0072BCD
:10534000F1D1137A122BEED1022109E0D0F86432A8
:1053500013F480540AD023F48053C0F8643200213F
:1053600095F8504244B1012C14D00124204638BD98
:105370000321F5E70121F3E72846FFF7DDFE95F865
:105380005232002BF1D00C23012485F85E3285F8CF
:105390005042EBE795F85E320C2B06D0D5F864321C
:1053A00043F48053C5F86432E0E72846FFF7C4FEB3
:1053B00095F85232002BD8D1FF2285F85E2285F86D
:1053C00050322846F1F726FDD0E700BFA03001207B
:1053D000D020012038B590F85432094A01EBC303BC
:1053E000044652F823300D4603B1984794F85422EE
:1053F000044B03EBC2035B5D84F8543238BD00BF3D
:10540000AC4707004C48070001222321F1F792BC6A
:105410000C21F2F71BBE10B50446F2F795FD2046AD
:10542000BDE8104000F008BA10B5D0F8603243F47F
:1054300000530446C0F86032F2F774FD2046BDE820
:10544000104000F0F9B92DE9F0419DF818800446AC
:1054500048EA03001E4601EA080502EA030700F0D5
:105460005CFA864204D1B04502D1B8F1000F02D1F6
:1054700063681B0601D53D402F46284600F04DFAD3
:105480000546384600F049FA94F84430022B0646A7
:1054900003D0032B14BF012304239D4208BF002522
:1054A00094F84530022B03D0032B14BF01230423AF
:1054B0009E4208BF0026324629462046F2F794FD58
:1054C00065B91EB939212046FAF778FB2046FAF76C
:1054D0008EFE2046BDE8F041F1F7A4BC29462046E7
:1054E000FAF782FEF5E773B590F83C3290F83D523A
:1054F00090F83E62DA07044602D500F019FA054634
:1055000094F83C329B0702D500F012FA064694F854
:10551000B1320093204694F8B03232462946FFF764
:1055200092FF204602B0BDE87040F1F76BBC00006E
:1055300013B5084B5A7A009290F8B12290F8B01245
:105540001B7A0446FFF77FFF204602B0BDE81040FB
:10555000F1F758BCD02001202A2970B5044649D063
:1055600005D80C2911D0202959D0002537E0392938
:1055700046D03A29F9D1D0F864329A0446D523F4BA
:105580000053C0F86432052123E0594A5379072BB0
:105590002DD00D3BD9B20A29E7D80A2BE5D801A1B5
:1055A00051F823F0E35504006B5504006B550400DB
:1055B0006B550400EF5504006B5504006B55040057
:1055C0006B5504006B550400D155040023560400AC
:1055D000022194F8505235B3012D34D001252846CC
:1055E00070BD90F85E320D2BBFD10321F1E7137A25
:1055F000162BF9E790F85E320D2BB6D10721E8E7BC
:1056000090F85E320D2BB0D10421E2E713F480450F
:10561000E5D023F48043C0F864320621D9E70021A5
:10562000D7E70121D5E72046FFF7D4FE94F854329E
:10563000002BD3D001230D2284F8503284F85E224F
:1056400084F85752CAE7022915D194F85E32042B28
:105650000FD8012B0FD9D4F86422012000FA03F3EC
:105660001A430D23C4F8642284F85E3284F85A0287
:1056700001E0072BEFD094F85E320D2B12D12046BB
:10568000FFF7A8FE94F85462002EA7D12046F1F748
:10569000B9FBFF2384F8506284F85E322046F1F7AC
:1056A000B9FB9CE7B1B1022998D1012B02D0093B8B
:1056B000012B05D801222A212046F1F73BFB8EE77A
:1056C0002046F2F741FCD4F8643243F48043C4F836
:1056D000643284E72046F2F725FCD4F8603243F4C4
:1056E0000053C4F86032D4F8643243F40053EEE758
:1056F000D0200120022803D0032814BF0120042059
:105700007047000038B590F854320C4AC3EBC3031D
:105710000B44044652F823300D4603B1984794F8E1
:105720005432074AC3EBC30313445B5D84F854321D
:105730005A1F5342534184F85D3238BD7448070004
:105740001C4907000C21F2F781BC000070B504462B
:10575000FAF74DFDD4F860329E046AD523F4005365
:10576000C4F8603200212046F2F770FC94F84450EF
:10577000B4F83032B4F83212B4F83422B4F8360245
:10578000022D1DD0032D1ED0012D20D10E32D200AE
:105790008242A8BF024692B294F84560022E18D009
:1057A000032E19D0012E42D10E33DB008B42A8BF4D
:1057B0000B469BB2B3F5A47F38BF4FF4A47317E038
:1057C0000F329200E4E7920102F57472E0E70022E2
:1057D000E2E70F339B00E9E79B0103F574738B420B
:1057E000A8BF0B469BB2B3F5296F38BF4FF42963AE
:1057F000032DA4F8323214D1B2F5296F38BF4FF41B
:1058000029620C4DA4F836222D6AAD0611D59042BE
:1058100001D199420DD020460021BDE87040F1F73A
:105820003DB9B2F5A47F38BF4FF4A472E9E7002375
:10583000C0E770BDA030012010B50446F1F7EDFAC5
:105840002046BDE81040F1F719BB000010B5044632
:10585000F1F7D8FA064B1B892BB920463921BDE850
:105860001040FAF7ABB92046BDE81040F2F774BB20
:10587000D020012010B50446F2F766FB2046BDE8B3
:105880001040FFF7D9BFFFF7F5BF10B5D0F8603271
:1058900043F400530446C0F86032F2F743FB20465D
:1058A000BDE81040FFF7C8BF10B50446F1F7AAFAEB
:1058B000D4F860329A0413D50A4A23F40053C4F88A
:1058C000603253790D2B05D0112B03D0072B07D154
:1058D0001A2100E0517A2046BDE81040F2F7B6BB2D
:1058E00010BD00BFD020012010B50446FAF77FFCA0
:1058F000D4F860329A040FD523F40053C4F8603210
:1059000094F8983143B16378032B05D020460021E9
:10591000BDE81040F2F79ABB10BD830706D410F023
:10592000010301D100F00403184670470223FBE78E
:10593000054B1B6ADA054CBF032001201B0548BF3D
:1059400040F00400704700BFA03001202DE9F8436B
:105950000546C8079DF82090147893F800801746F4
:105960001E4602D5FFF7E4FF04468A0702D5FFF77B
:10597000DFFF80466B681B060ED504EA080414F0AE
:10598000FF040ED195F84400FFF7B4FE044695F8E5
:105990004500FFF7AFFE80463C7086F80080BDE80A
:1059A000F88314EA090008BF2046FFF7B6FF044653
:1059B0008046F1E710B590F83C1201F00303032B89
:1059C00086B0044608D1F1F72DFA3921204606B0F9
:1059D000BDE81040FAF7F2B890F83D328DF8163075
:1059E00090F83E328DF81730002300930DF1160227
:1059F0000DF11703FFF7AAFF94F84400FFF77AFEB2
:105A00009DF81610884209D194F84500FFF772FE00
:105A10009DF81730834201D12046D4E720460391F8
:105A2000FAF7E2FB2046F1F7FDF920469DF8172032
:105A30000399F2F7AFFA204606B0BDE81040F1F73F
:105A4000CFB910B586B090F83D328DF8163090F889
:105A50003E3290F8B1228DF8173090F8B0321340F2
:105A6000009304460DF117030DF1160290F83C1255
:105A7000FFF76CFF9DF8161003912046FAF7B4FB70
:105A80002046F1F7CFF920469DF817200399F2F749
:105A900098FA204606B0BDE81040F1F7A1B9000021
:105AA0002A2970B5044644D005D80C290BD02029EA
:105AB00054D0002505E0392941D03A294FF000059E
:105AC00043D0284670BD644A5379072B2ED00D3B36
:105AD000D9B20B29EDD80B2BEBD801A151F823F04B
:105AE000215B0400B35A0400B35A0400B35A040003
:105AF0002D5B0400B35A0400B35A0400B35A0400E7
:105B0000B35A0400115B0400B35A0400615B040043
:105B1000022194F850522DB3012D33D00125D0E746
:105B200090F85E320D2BC4D10321F2E7137A162BC5
:105B3000F9E790F85E320D2BBBD10621E9E790F82A
:105B40005E320D2BB5D10421E3E7D0F86432B3F512
:105B5000005FB6D1C0F864520521DAE70021D8E72A
:105B60000121D6E72046FFF7CDFD94F85432002BF3
:105B7000D4D001230D2284F8503284F85E2284F8B8
:105B80005752CBE7022917D194F85E32072B03D086
:105B900010D89A1E022A0FD8D4F86422012000FAE5
:105BA00003F31A430D23C4F8642284F85E3284F8A8
:105BB0005A0201E0092B16D094F85E320D2B1CD14D
:105BC0002046FFF79FFD94F85462002EA6D1204690
:105BD000F1F718F9FF2384F8506284F85E3220460A
:105BE000F1F718F96DE7D4F8643243F40073C4F8A0
:105BF00064320D2384F85E32DEE7022913D00329D4
:105C000017D000298AD12046F2F78CF9D4F86032F7
:105C100043F40053C4F86032D4F8643243F40053C0
:105C2000C4F864324DE701222A212046F1F782F8B8
:105C300047E7D4F8643223F40053C4F8643294F88C
:105C4000543213B1002384F85432034B2046597A5E
:105C5000F2F7FCF935E700BFD020012038B5054642
:105C60000C460F20042101F0D1F958B12B88837024
:105C700001221B0A04704270C370BDE8384002382C
:105C800001F0B0B938BD00007FB5064642F21F03EF
:105C900034889C42084600F28580B4F5005F15D830
:105CA00040F663439C4200F0DA805AD840F6014344
:105CB0009C4200F0CD8040F603439C4200F0E88017
:105CC000002C00F09280002004B070BDA4F50054B8
:105CD000013C1E2CF7D801A353F824F06B5E04009E
:105CE000CB5E0400E15D0400C75C0400E55D0400D8
:105CF000C75C0400C75C0400C75C0400C75C040008
:105D0000C75C0400C75C0400C75C0400C75C0400F7
:105D1000C75C0400595D0400375E04003D5E04006A
:105D2000475E0400C75C0400C75C0400C75C040055
:105D3000C75C0400C75C0400E15D0400C75C0400AC
:105D4000C75C0400C75C0400E15D0400AB5E0400B6
:105D5000B55E0400D35E04000220002446E041202A
:105D6000FBE704F56F43FF339BB2082BABD8A4F5D8
:105D70008054013C082CA6D801A353F824F000BF9E
:105D8000E15D04005F5D0400E15D0400C75C0400A8
:105D9000C75C0400C75C0400C75C0400C75C040067
:105DA000CF5E040042F24D039C4264D00AD842F216
:105DB0004B039C4200F08D8042F24C039C4282D106
:105DC0000520CAE742F25F039C427AD042F2740394
:105DD0009C427FF478AF4978007802F065FD03E0DB
:105DE0000920BAE702F08EFC04460120318801F058
:105DF0004DF90546002856D0338842F21F029342DF
:105E000000F2BC80B3F5005F65D841F2090293420D
:105E100000F2BD80B3F5805F00F2A48040F601423D
:105E2000934206D040F66342934202D0002B40F0EA
:105E3000AE802C70ABE002F0D7FCD5E711F8010B77
:105E400002F0DEFCD0E711F8010B02F003FDCBE716
:105E500014F009F8974BC3E9000101207DE714F025
:105E600002F8944BC3E90201F7E713F0FCFF914BF2
:105E7000C3E90401F1E7CB78897801EB032143788A
:105E8000007800EB032009B200B202F023FDABE77B
:105E900002F0B6FB874B00200021C3E90001C3E9F3
:105EA0000201C3E9040101200EE70021007804F09B
:105EB000BDF899E78A7800784978002304F012F851
:105EC00092E7087803F09EFC8EE7042045E7072060
:105ED00043E7032041E7A3F50053013B1E2B56D8AF
:105EE00001A252F823F000BF335E04003B600400BF
:105EF000516004008F5F0400335E04008F5F040074
:105F00008F5F04008F5F04008F5F04008F5F0400C9
:105F10008F5F04008F5F04008F5F04008F5F0400B9
:105F2000C15F0400335E0400335E0400335E04008E
:105F30008F5F04008F5F04008F5F04008F5F040099
:105F40008F5F0400B55F04008F5F04008F5F040063
:105F50008F5F04005B600400335E0400335E040066
:105F600097600400A3F58053013B082B0FD8DFE8AE
:105F700003F02C47580E0E0E0E0E5F0042F24C023C
:105F8000934276D007D842F24B0293426AD0681F00
:105F900001F028F887E742F25F0293423FF449AFED
:105FA00042F2740293423FF444AF42F24D029342F4
:105FB000EDD13EE700F8014B08211CF0ABF9E6E714
:105FC000047002F00FFC6870E1E702AA0DF1050110
:105FD0000DF1060002F0E8FB2C709DF805206A70B8
:105FE000BDF808309DF80810A9701B0AEB702A71E3
:105FF000BDF806206A71120AAA71E9712B72C6E710
:10600000412200212AF07AF92A462B4B02F8014B53
:1060100003F1400153F8040B42F8040B8B42F9D111
:10602000B5E700F8014B0022602313F020FFAEE734
:1060300000F8014B02F05EFBA9E703F09FFB064668
:1060400003F0A2FB6E70360A2C70AE70E8709EE70B
:1060500000F8014B02F0BEFB99E700F8014B02F09B
:10606000B1FB94E70146013001F8024B02F02EFC2F
:106070008DE702A90DF1060002F02AFC2C70BDF894
:1060800006306B709DF90730AB70BDF90830EB70CE
:106090001B122B717BE7002302A8CDE9023303F02A
:1060A000CBFF2870BDF80A306B70BDF80A301B0AB0
:1060B000AB706CE7102F01201930012073B50688F2
:1060C00042F20B02964204460B4606D042F20C0204
:1060D000964229D0002002B070BD0A788DF80420C5
:1060E00089785A7802EB0122ADF800201979DA7824
:1060F00002EB0122ADF8022068465A799B798DF8AF
:1061000005208DF8063002F015FC21880546012097
:1061100000F0BCFF30B12288B24208BF05700538DC
:1061200000F060FF0120D6E74978187802F054FCAF
:10613000F8E700002DE9F0410388A3F50153013B86
:1061400086B005460C46092B00F2C880DFE803F054
:106150000550C660888B93A0ADB00878A2784978C6
:106160008DF80000E31C00248DF801108DF802204A
:1061700026464FF0060E42FA06F7FF0718D506AF7F
:106180000EFB047793F800C093F8028007F810CC58
:1061900093F801C00CEB082C27F814CC93F804807A
:1061A00093F803C00CEB082C27F812CC053301340C
:1061B0000136082E01D0032CDDD101AB02F038FCF2
:1061C00004460120298800F061FF0646F0B12B88C3
:1061D00042F2490293426ED842F24402934205D8F9
:1061E00003F55F43BF339BB2012B68D8347066E080
:1061F0004A790B79C978207803EB0223A27802EB65
:1062000001229BB2617892B202F092FC012066E01A
:106210004B788DF801308B788DF80230CB1C0A78E2
:106220000193897A637A8DF8002003EB0123ADF89E
:106230000830217BE37A920703EB0123ADF80A30A3
:1062400004D5284B93F84D309B0607D5684602F0DD
:10625000BDFC01462846FFF701FDD7E73E21F9E7DF
:1062600002F012FDACE74B78087800EB032080B217
:1062700002F026FDA4E70B46684613F8012B0193B4
:10628000CB798DF800208DF8083002F043FD97E7B8
:106290000B46684613F8012B0193CB798DF800204B
:1062A0008DF8083002F06CFD8AE702F093FD87E775
:1062B0000220002486E742F24A02934203D0701F74
:1062C00000F090FEA2E7002368468DF8003002F04F
:1062D00097FD30709DF800307370F0E7002006B035
:1062E000BDE8F081F42F0120038873B50A4642F21D
:1062F0002E018B4206460ED842F226018B420ED961
:10630000A3F50053273B072B09D8DFE803F00B2741
:106310002D430808303442F24E018B4233D0002026
:1063200002B070BD114602F1170311F8010B0732DC
:1063300004F0DEF904460120318800F0A7FE05468E
:10634000B0B3338842F22A02934238D025D8A3F55D
:106350000053273B022B28D82C7026E0114611F859
:10636000010B04F0FBF9E5E704F022FAE2E710780C
:1063700004F086FADEE75378107800EB032080B251
:1063800004F09EFAD6E71146D27911F8010B04F019
:10639000A5FACFE702200024CEE742F22E02934274
:1063A00008D842F22C029342D6D8681F00F01AFE99
:1063B0000120B5E742F24E029342CDD0F5E700242A
:1063C0000DF107008DF8074004F010FA9DF8073032
:1063D0006B702870AC70E8E7F0B50388A3F5005344
:1063E000063B89B00646042B6CD8DFE803F0225642
:1063F000031D510011F8010B02F08EFD044601202F
:10640000318800F043FE0546002844D0338842F22C
:10641000070293424BD043D842F20602934244D043
:10642000681F00F0DFFD36E011F8010B02F096FD69
:10643000E4E74B780878D1F807708C78CDF81770BE
:1064400000EB0320CB78B1F80B700A798D79ADF8A9
:106450001B7004EB03244F7B4B79897B8DF81E1056
:10646000A4B2CDE902710DF11701CDE9005180B25E
:106470002146ADF81000ADF812408DF814208DF8CB
:1064800015308DF816508DF81D7002F0D7FCB5E769
:10649000087802F085FD012015E002200024AFE716
:1064A000A3F50053083B012BBAD82C70B8E70023A2
:1064B00004A88DF8103002F0AFFC28709DF8103061
:1064C0006B70ADE7002009B0F0BDF0B50388A3F50F
:1064D0000053353B8DB006460C460B2B00F2FF8077
:1064E000DFE813F0100018006C0078008200D5007F
:1064F0000C00AA00AE00B100C900D000FF270220A6
:10650000002546E011F8017B384602F095FD05466E
:1065100001203EE08A784B780F7803EB0223ADF838
:106520000C300A79CB7803EB02234A7903EB024360
:106530000493CA798B7903EB02230A7A03EB0243B3
:1065400005934B7A8DF818308B7A8DF81930CB7A09
:106550008DF81A3001F10C0307938B7C8DF82030F5
:10656000CB7C8DF821300B7D8DF822304B7D8DF862
:1065700023308B7D8DF82430CB7D8DF82530384647
:106580000B7E8DF8263003A902F058FD0546607693
:106590000220318800F07AFD0446002838D0338884
:1065A000A3F50053353B0B2B00F28B80DFE803F0A3
:1065B00095729595957B8D95959595950B4613F8C8
:1065C000040B0093CB788A78497802F09FFD05464A
:1065D000FF279DE70B4613F8040B0093CB788A78CE
:1065E000497802F0AAFDF2E70878497803AB06295A
:1065F0000F4604F102044FF000051A4628BF062793
:10660000AF4204F1040403F1060303D802F0ACFD29
:10661000012065E014F8046C14F802CC03F8066C51
:1066200014F8036C06EB0C2623F8046C14F8016CC8
:1066300003F8026C0135E3E7087802F049FEC6E78B
:1066400002F052FEC3E78A784B780F7803EB0223FF
:10665000ADF80C300A79CB7803EB0223ADF80E309D
:106660008A794B79384603EB022303A9ADF8103041
:1066700002F044FE4BE78A782078CB1C497802F080
:1066800057FEA4E74978207802F06EFEC0E7FF27A6
:10669000032035E703A9384602F034FD25709DF844
:1066A0000C3063700DE01F2303A8ADF80C3002F02E
:1066B000EBFD2070BDF80C306370BDF80C301B0A88
:1066C000A370601F00F08EFCA2E7012303A88DF8E1
:1066D0000C3002F0EDFD2070E1E70570F1E70020DD
:1066E0000DB0F0BD4A780B7803EB02230380CA7823
:1066F0008B7803EB022343804A790B7903EB022367
:106700008380CA798B7903EB0223C3804A7A0B7AA0
:1067100003EB02230381CA7A8B7A03EB02234381C2
:106720000C2070472DE9F34107460E460188BDF85D
:1067300020501046984600F0A9FC0446002800F0BE
:106740008C803A8842F222039A4215D842F21F0303
:106750009A422CD841F205439A4272D042F2150374
:106760009A4274D040F62D439A4258D0601F02B02E
:10677000BDE8F04100F036BC42F22F039A422ED021
:1067800007D842F223039A4216D042F224039A42D7
:1067900007E042F25C039A4206D842F259039A4259
:1067A00005D8E3D12670E1E742F25D03EFE72670FA
:1067B00065702D0AA570D9E70DF1060101A802F058
:1067C0009DFF2670BDF804306370BDF804301B0ACD
:1067D000A370BDF80630E3701B0A2371C6E70DF104
:1067E000060301AA0DF10201684602F0B5FF26700A
:1067F000BDF800306370BDF800301B0AA370BDF80F
:106800000230E3701B0A2371BDF8043063711B0A68
:10681000A371BDF80630E3711B0A2372A6E70023BB
:1068200098F800108DF806300DF10602284602F0A7
:10683000CFFD9DF9063065702D0A2070A570E370BC
:1068400094E70DF10601284602F0A4FDF1E7C11C12
:10685000284602F0E5FD2070AAE702B0BDE8F0810D
:1068600030B5038842F22402934287B005464CD8E3
:1068700042F21202934211D840F62D42934200F0A8
:10688000A38037D840F2064293424FD040F21D42D7
:10689000934200F0C380002007B030BDA3F5005341
:1068A000133B112BF7D801A252F823F047690400DB
:1068B000976804000D6A0400FD69040097680400ED
:1068C00097680400976804009768040097680400BC
:1068D00097680400976804009768040097680400AC
:1068E000636904008F690400A36904002D6A040031
:1068F000DD69040041F205429342CCD14B780C781B
:1069000004EB0324A4B2002365E042F22F02934279
:1069100000F0918042F26D029342BCD14B7808782E
:1069200000EB032080B202F043FF07E04B780878C9
:10693000897800EB032080B202F096FD01462846DC
:10694000FFF78CF921E04B7811F8024B04EB03249C
:10695000A4B203A8FFF7C6FE03A9204602F0C0FDBB
:10696000ECE74B7811F8024B04EB0324A4B203A824
:10697000FFF7B8FE03A9204602F0F4FD002303222E
:10698000014600942846FFF7CDFE012084E74B78AE
:106990000C78897804EB0324A4B2204602F018FE98
:1069A000ECE74B780C780A7904EB03244B7902EB83
:1069B0000322CB788978A4B201EB032192B289B289
:1069C000204602F059FED9E70B464A7813F8024BED
:1069D00004EB0224A4B204220020D1E7CA788B7809
:1069E000087803EB02234A7800EB022099B280B2C8
:1069F000002402F08BFE23460122C1E74B78087881
:106A000000EB032080B203F087F897E74B780C780F
:106A100004EB0324A4B200230822DDE74B780878B6
:106A200000EB032080B202F0FDFD87E7002423463F
:106A300005222046A4E7002423460922F9E700BFE7
:106A40002DE9F047174E96F8283080460F46154638
:106A500093B9012386F82830C0F303294FEA112A9D
:106A60003DB140F2031013F07FF8013DEDB2044652
:106A700020B9002386F82830BDE8F08780F8008030
:106A800080F80190877080F803A096F829103A46A4
:106A90004B1C043086F8293029F030FC204602F0E7
:106AA00079FEDDE7102F012070B5058842F20E0255
:106AB000954286B004460B462ED042F2140295420F
:106AC0002DD042F20D0295423BD149781A7802EB63
:106AD0000122ADF80020D9789A7802EB0122ADF8B6
:106AE00002201A798DF804205A798DF806209A1D13
:106AF00003F10D01029203A81A7B8DF80520FFF720
:106B0000F1FD03A9684602F0BFFE01462046FFF7EB
:106B1000A5F8012006B070BD02F010FFF9E70846A5
:106B200001F0E0FE21880646012000F0AFFA0028BF
:106B3000EFD02388AB4208BF0670053800F052FA48
:106B4000E7E706B0BDE87040FFF78ABE2DE9F043E5
:106B5000028842F243039A428DB005460C4649D161
:106B600018220DEB0200002129F0C8FB23788DF8D4
:106B70000C3063788DF80D30A3788DF80E30E31C5F
:106B8000627A049304F10A0300248DF81420264647
:106B900001AF4FF00C089DF814203241D20717D5F1
:106BA00058781A7802EB002227F82420D8789A78AF
:106BB00007EB840102EB002203F1040906AB08FB9A
:106BC00004304A804946FFF78DFD013409EB00038C
:106BD0000136082E01D0022CDDD106AA01A903A896
:106BE00002F0C8FE01462846FFF738F801200DB034
:106BF000BDE8F0830DB0BDE8F043FFF755BF73B5B6
:106C000000220092ADF80420028842F22B04A24236
:106C1000054607D042F22C04A2421FD0FFF764FBC6
:106C200002B070BD11F8010B6A4603F0E6FD298839
:106C30000446072000F02AFA064668B12B88A3F51F
:106C400000532B3B012B04D800F8014B694613F08D
:106C5000E9F8701F00F0C6F90120E1E711F8010B17
:106C60006A4603F0EBFDE2E7028838B542F2190309
:106C70009A42054603D0BDE8384000F015B8CB7AFB
:106C80008A7A087802EB03224B7800EB032092B259
:106C900001F10C0380B2023103F0E4FA0146284608
:106CA000FEF7DCFF012038BD2DE9F341064642F234
:106CB00017023388934208461DD00BD840F67B421A
:106CC000934246D040F67C4293424CD0002002B022
:106CD000BDE8F08142F21A0293422CD042F21B022C
:106CE0009342F3D14B780C7804EB0324A4B22046F2
:106CF00003F042FB28E001F110084146002403F0B4
:106D0000FBFA27461120318800F0C0F9054680B112
:106D1000338842F2170293423DD032D840F67B428C
:106D2000934245D040F67C4293422FD0681F00F03A
:106D300059F90120CBE74B7811F8024B04EB0324FF
:106D4000A4B2204603F0DEFA07464FF00008032005
:106D5000D9E74B780C784FF0000804EB0324A4B279
:106D600005204746CFE74B780C7804EB0324CB781B
:106D70008978A4B201EB032189B2204603F048FBD5
:106D8000E2E7A3F500531A3B012BCFD86C70240A1D
:106D90002F70AC70CAE70346414603F8017B08F147
:106DA000100251F8040B43F8040B9142F9D1BDE7EE
:106DB000002320460DF10601ADF8063003F00AFB72
:106DC000BDF80630EB706C701B0A240A2870AC709A
:106DD0002B71ABE70388A3F50153193B73B5064646
:106DE0000C46042B5FD8DFE803F0030E2A394F006E
:106DF0004B780878897800EB032080B203F026FBFB
:106E00000122002512E04B780D780A7905EB032565
:106E10004B7902EB0322CB788978ADB201EB0321E9
:106E200092B289B2284603F02AFB0322014600955C
:106E300030460023FFF776FC012002B070BD4B788E
:106E40000D78227905EB0325CB788978ADB201EB7B
:106E5000032189B2284603F024FBE6E74B780D783E
:106E60008A7905EB03254B79097903EB0223E27854
:106E7000ADB202EB0122E17900919BB2A17892B20E
:106E8000284603F020FBD0E70B79CA78207802EB84
:106E900003228B78497801EB032192B2637989B29E
:106EA00003F038FBACE70020C7E7F0B50388A3F593
:106EB0000053303B85B007460C46042B6BD8DFE807
:106EC00003F0031D263C43004B780C7804EB0324AD
:106ED000A4B205200026398800F0D8F8054650B342
:106EE0003B8842F2310293423CD036D842F2300223
:106EF000934239D0681F00F075F81CE08A7820783A
:106F0000497803F085FB064600240120E3E74B782F
:106F100008788A7900EB03204B7903EB02239BB2BC
:106F200000930B79CA78897880B203F093FB01460D
:106F30003846FEF793FE01202EE08A7820784978C3
:106F4000002302F0D7FFDEE700250095CB788A7892
:106F50002078497802F0E2FED5E7A3F50053333BF1
:106F6000012BC7D82E70C5E700230DF10F02204674
:106F70000DF10E018DF80E308DF80F3003F012FB7D
:106F80009DF80E209DF80F306C70240A2870AC70AC
:106F9000EA702B71AEE7002005B0F0BD10B50446D5
:106FA00042F226022388934208460FD042F25E0244
:106FB00093420FD042F22502934211D103F0C0FC5C
:106FC00001462046FEF74AFE012010BD203103F0A5
:106FD000B9FCF5E791F84020203103F0E3FCEFE73E
:106FE0000020F2E708B5024618B10648002112F069
:106FF000CAFD054B93F8240018B9BDE8084005F018
:10700000C1B808BD08300120F42F012038B505466D
:10701000881C0C4612F0A8FD10B1057044700230B7
:1070200038BD000070B5184E0446002556F8043BE4
:107030007BB90135152DF9D1A578DDB1012D06D12A
:1070400001F034F904210E20FFF7E0FF38B90020E9
:1070500004E0204698470028EBD0012070BD0323B0
:1070600043700C2305708370E378C3700238FFF718
:10707000B9FFF2E701211020FFF7C8FF0028E6D092
:10708000237900F8013BF1E79C2F012038B5054634
:1070900005300C4612F068FD48B10E230370C47031
:1070A00003350123240A457083700471053038BD0F
:1070B000F8B58778022F054603D0042F68D000204A
:1070C000F8BD827C3A4EFF2A336934D0580501D48A
:1070D0000120F5E773689900FAD5364B96F834200D
:1070E0001B685B7B9A42F3D212213E20FFF78EFF92
:1070F00004460028ECD00B23037001234370AB7AC5
:107100008370EB7AC37005F10C01043012F08AFE33
:10711000AB7CA37205F1130104F10B0012F082FEA7
:107120006B7A637496F83430013386F83430A01EDD
:10713000FFF758FFCCE79A07C1D573689B00BED50F
:107140001C4B96F834201B685B7B9A42B7D2017ABD
:107150000C31C9B23E20FFF759FF04460028AED0DB
:10716000012307704370AB7A8370EB7AC37005F12B
:107170000C01043012F056FE2A7AA27204F10B03BD
:107180006968184629F092F82A7A697A8154C9E721
:1071900039460E20FFF73AFF044600288FD001231E
:1071A00003700C23437020238370EB78C370BEE719
:1071B000102F0120683001200238FFF713BF0000B4
:1071C0002DE9F04F83782DED028B173B83B00446F9
:1071D0000E2B16D8DFE813F00F00B000C200150028
:1071E000150015001500D800A701060115001500AF
:1071F00015001500BF01DFF8CC83D8F81030DF048C
:1072000001D400268EE0D8F804309E00F9D5878B93
:10721000DFF8B4A3D0F82090E522B7FBF2F302FB2D
:107220001372002A18BF013398F8342052FA83F3FE
:10723000DAF80020527B9342E3DCDAF8003098F869
:1072400034205B7B9A42DCD2E52FBB4628BF4FF04F
:10725000E50B5FFA8BF3E72003F11A06009312F0B7
:1072600083FCF6B205460028CBD04FF03E030370F6
:10727000467098F834100131831CC9B2DAF8000066
:1072800088F83410407B884208EE103AA7EB0B07D1
:1072900050D1002F4ED0A188002741F04001A1809D
:1072A0003E46206AB4F81CC0A18809EB0B03181AEB
:1072B00060451CBF01F01F0141F0200129710193BD
:1072C0000D204FF00103090AEB70A8706971A179D4
:1072D000A971E81DE11D12F0A5FD617B6973A17B19
:1072E000A973E17BE973217C2974617C6974618AEB
:1072F000A97494F91310E974217D297505F115001D
:1073000004F1150112F08EFD009BEB765A464946BA
:1073100005F11C0028F0CAFF18EE100AFFF74CFF19
:10732000019B2FB9304603B0BDEC028BBDE8F08F56
:10733000994682E70126B4E704210E20FFF766FE96
:1073400000283FF45EAF42224270012620220670E0
:107350008270E278C270FFF72FFFE3E7994B1A695A
:10736000D5037FF54EAF5B689C007FF54AAF0121E6
:107370003E20FFF74BFE00283FF443AF112202707E
:10738000FFF71AFF0126CDE78E4B1A6990047FF5AF
:1073900038AF5B6899007FF534AF10213E20FFF7CE
:1073A00035FE054600283FF42CAF0E2303702379E9
:1073B0004370E3888370E3881B0AC370237A0371E8
:1073C000637A437104F10A01063012F02BFD237C2D
:1073D0002B73638A6B73638A1B0AAB73237DEB7316
:1073E0002846CDE7774D2B695A047FF50AAF6B68C5
:1073F0009B007FF506AF4789DFF8CCA1C168F72273
:10740000B7FBF2F302FB1372002A18BF013395F8A1
:10741000342052FA83F3DAF80020527B93423FF78C
:10742000F0AEDAF8003095F834205B7B01919A4297
:10743000BFF4E7AEF72FB94628BF4FF0F7095FFA60
:1074400089F202F10806F9200092F6B212F08CFBE4
:1074500000283FF4D6AE3E230370467095F834C042
:10746000DAF800600CF1010C5FFA8CFC85F834C08E
:10747000767B831C6645DDE9002107EE903AA7EB99
:1074800009084BD1B8F1000F48D002264FF0000890
:1074900066724646E368B4F80AE001EB090BABEB11
:1074A000030CF4453CD194F809C0ACF1020EDEF1B6
:1074B000000C4CEB0E0C4FEA4C0C4FF00F0E80F80A
:1074C00002E0B4F804E080F803E0B4F804E04FEA26
:1074D0001E2E80F804E094F806E080F805E094F8A9
:1074E00007E080F806E094F808E080F807E080F80C
:1074F00008C042723FB14A460A30CDED007A28F00A
:10750000D5FEDDED007A17EE900AFFF755FEB8F1D3
:10751000000F3FF407AF4746594682E70126B9E717
:107520004FF0010CC9E7274B1A6910047FF569AECB
:107530005B6899007FF565AE03213E20FFF766FD8D
:1075400000283FF45EAE10220270A2884270A2882A
:10755000120A827014E71B4B1A6912027FF551AEB2
:107560005B689B007FF54DAE14213E20FFF74EFD7A
:10757000054600283FF445AE182303702379437075
:10758000E3888370E3881B0AC3702389037123890E
:107590001B0A43716389837163891B0AC371237B4F
:1075A0000372637B437204F10E010A3012F03AFC5D
:1075B000237D2B74E38A6B74E38A1B0AAB74237EEE
:1075C000EB740DE7102F01206830012038B5837867
:1075D000032B054601D0002038BD04210E20FFF703
:1075E00015FD0028F7D00A234370012420230470DE
:1075F0008370EB78C3700238FFF7F4FC2046EBE7AA
:1076000083781A3B70B50546032B0AD8DFE803F0F0
:10761000022A3A562F4B304E1B68327F9B7D9A428E
:1076200001D3002070BD33695803FAD573689900FF
:10763000F7D509213E20FFF7E9FC04460028F0D0E9
:10764000132303702B7943706B798370A91D03306A
:1076500012F0E8FB337F01333377A01EFFF7C2FC43
:107660000120DFE704210E20FFF7D0FC04460028AC
:10767000D7D001230370392363702023A3702B79A3
:10768000E370EAE7144B1A699203CAD55B689B0062
:10769000C7D506213E20FFF7B9FC04460028C0D01C
:1076A000122303702B7943706B798370EB88C3705E
:1076B000EB881B0A03712B7A4371CEE704210E205D
:1076C000FFF7A4FC04460028ABD00123037040233D
:1076D000D2E700BF68300120102F012008B5C27822
:1076E000837803EB0223074A116A01311162516A60
:1076F00011FA83F3536212F043FA012002F056F8B4
:10770000012008BD102F0120114B70B55D8D04467E
:107710000E4685B905211320FFF778FCB8B14470F7
:107720000123240A03708470C6700571BDE870409F
:107730000238FFF757BCDA6A0132DA621A6B2A4460
:107740001A630A462946BDE87040FFF779B970BD53
:10775000102F012010B502F027F8044610B90024BC
:10776000204610BD044B9B7F002BF9D0FFF7B6FFDE
:107770000028F4D1F4E700BF102F012010B5094C08
:10778000A37F43B102F010F828B1A37F43B1BDE855
:107790001040FFF7A3BFBDE81040002004F0F2BC8A
:1077A00010BD00BF102F012038B58378122B05467D
:1077B00014D8042B1BD9053B0D2B18D8DFE813F088
:1077C000190057006C001700DF00C00017001700F9
:1077D0001700170017009300170000012E2B00F070
:1077E0001B812F2B00F03D812D2B00F0F880002015
:1077F00038BDAA4B1A69D207F9D55B689B00F6D54C
:1078000013213E20FFF702FC04460028EFD001229E
:1078100002702B794370EB888370EB881B0AC3706E
:107820002B7A03716B7A991E914288BF637100F1C4
:1078300006008EBF05F10A01627105F11D0112F00B
:10784000F1FA2B8A23732B8A1B0A63736B8AA37347
:107850006B8A1B0AE373AB8A2374AB8A1B0A6374BB
:10786000AB7DA374A01EFFF7BDFB0120C0E78B4BCF
:107870001B68DC06BBD504210520FFF7C7FB0446C7
:107880000028B4D02B790370EB884370EB881B0A77
:1078900083702B7AC370E5E7804B1A695007A6D531
:1078A0005B689900A3D50A213E20FFF7AFFB044691
:1078B00000289CD0032303702B794370EB888370DE
:1078C000EB881B0AC3702B8903712B891B0A437138
:1078D0006B8983716B891B0AC371AB890372AB8996
:1078E0001B0A4372BEE76D4B1A6992067FF57FAFA4
:1078F0005B689C007FF57BAF0B213E20FFF786FB8A
:10790000044600283FF473AF06232370AB886370EE
:10791000AB881B0AA370EB88E370EB881B0A23710A
:107920002B8963712B891B0AA3716B89E3716B89A6
:107930001B0A2372AB896372AB891B0AA37291E79E
:10794000564B1A6910077FF552AF5B6899007FF5B7
:107950004EAF0C213E20FFF759FB044600283FF4B0
:1079600046AF042303702B794370EB888370EB8858
:107970001B0AC370AB684360EB68836072E7474BD8
:107980001B681A057FF533AF08210C20FFF73EFB7B
:10799000044600283FF42BAF2B790370EB8843702B
:1079A000EB881B0A83702B7AC3706B8903716B8918
:1079B0001B0A4371AB898371AB891B0AC37151E701
:1079C000364B1B695B067FF512AF0B213E20FFF79C
:1079D0001DFB044600283FF40AAF072395E72F4B11
:1079E0001A6954007FF503AF5B6898007FF5FFAE1E
:1079F00005213E20FFF70AFB044600283FF4F7AEBE
:107A00001F2303702B794370EB888370EB881B0A6C
:107A1000C3702B7A237125E7204B5A69D1077FF574
:107A2000E6AE5B689A007FF5E2AE09213E20FFF7E3
:107A3000EDFA044600283FF4DAAE212303702B79D7
:107A40004370EB888370EB881B0AC3702B7A037139
:107A50006B7A4371AB7A8371EB7AC3712B7B0372C0
:107A600000E70E4B1A69002ABFF6C1AE5B689B00A7
:107A70007FF5BDAE05213E20FFF7C8FA0446002879
:107A80003FF4B5AE20230370AB884370AB881B0A6C
:107A90008370AB79C370EB79BCE700BF102F012076
:107AA0008378212B10B5044601D0002010BD0D4B6A
:107AB0001A691203F9D55B689B00F6D504213E20B4
:107AC000FFF7A4FA0028F0D014230370A3884370B2
:107AD000A3881B0A8370A379C3700238FFF782FA68
:107AE0000120E3E7102F012038B58378082B0446E6
:107AF00011D104210E20FFF789FA58B10E234370EB
:107B000001252023057083702379C3700238FFF7A5
:107B100069FA284638BDBDE83840FFF745BE000089
:107B200038B58378052B054601D0002038BD214BA0
:107B30001A699205F9D55B689B00F6D51F213E2096
:107B4000FFF764FA04460028EFD00A2303702B796C
:107B50004370EB888370EB881B0AC3702B7A037128
:107B60006B7A437105F10A01063012F05BF905F1F9
:107B7000170104F10C0012F055F905F11D0104F193
:107B8000120012F04FF92B8A23762B8A1B0A637698
:107B90006B8AA3766B8A1B0AE376AB8A2377AB8A60
:107BA0001B0A6377AB7DA377A01EFFF71BFA0120AA
:107BB000BCE700BF102F012000F000B883780B3B1A
:107BC00010B50446062B09D8DFE803F0041E300880
:107BD00008085500304B1B681B0601D4002010BD5F
:107BE00004210820FFF712FA0028F7D02379037048
:107BF000E3884370E3881B0A8370237AC3700238DA
:107C0000FFF7F0F90120EAE7234B5B681804E5D59C
:107C100003213020FFF7FAF90028DFD02379037021
:107C2000E3884370E3881B0A8370E8E71A4B1A69FC
:107C3000D1061CD55B689A0019D50D213E20FFF7AF
:107C4000E5F9A0B105230370A3884370A3881B0A3C
:107C50008370D4F80630C0F80330D4F80A30C0F886
:107C60000730E389C372E3891B0A0373C7E7A0885F
:107C700002F082FBB2E7084B9B681B02AED50221E3
:107C80005720FFF7C3F90028A8D0A3880370A38862
:107C90001B0A4370B3E700BF102F01208378162B17
:107CA00010B5044601D0002010BD0F4B1A69120513
:107CB000F9D55B689B00F6D506213E20FFF7A6F9B3
:107CC0000028F0D00C23037023794370E38883707D
:107CD000E3881B0AC370237A0371637A4371023805
:107CE000FFF780F90120DFE7102F012038B58378F6
:107CF000132B04464FF0000503D0142B29D000208D
:107D000038BD214B1A691006F9D55B689900F6D584
:107D100042213E20FFF77AF90028F0D008230370B3
:107D20004570631D821C04F1250153F8045B42F881
:107D3000045B8B42F9D100F12202453453F8041B55
:107D400042F8041BA342F9D10238FFF74BF9012096
:107D5000D6E70D4B1A69D205D1D55B689B00CED50D
:107D600022213E20FFF752F90028C8D009230370D2
:107D700023794370821C631D253453F8041B42F899
:107D8000041BA342F9D1DFE7102F012010B50E4BE1
:107D90000E4A0F490446002004F0E0F90D4804F0B3
:107DA000EBF90D4B68221846002128F0A7FA38227B
:107DB00004700021094828F0A1FA094800F032FCBB
:107DC000BDE8104000F072BA09820400A1810400ED
:107DD0004981040095820400F42F0120102F012016
:107DE00025700400034B044A1A61044B044A1A61CB
:107DF000704700BF482F0120BD6004009C2F012068
:107E0000B17004000449054B0548064A48615A61AF
:107E100088619A61704700BF482F01209C2F012084
:107E200035610400C1710400034A13681BB903499A
:107E30001160034A13607047482F0120E962040073
:107E40009C2F0120034B044ADA61044B044ADA6197
:107E5000704700BF482F0120D96304009C2F0120E8
:107E6000CD7504000449054B0548064A08621A62AC
:107E700048625A62704700BF482F01209C2F0120A2
:107E8000CB6404000176040008B50849084800F0F6
:107E9000FBFB084B5A6822B9074A5A60074B084A4D
:107EA0005A60084B084A1A6008BD00BF7D7704007D
:107EB00009770400482F0120616804009C2F0120ED
:107EC000A97704005C30012055770400014B024A79
:107ED0009A6070479C2F0120A17A040008B50749D9
:107EE000074800F0D1FB074B074A5A60074B084A86
:107EF0005A60084B084A1A6008BD00BF7D7704002D
:107F000009770400482F0120A96A04009C2F012052
:107F1000E97A04005C3001205577040008B5074970
:107F2000074800F0B1FB074B074A5A60074B084A65
:107F30005A60084B084A1A6008BD00BF7D770400EC
:107F400009770400482F01204D6B04009C2F01206D
:107F5000E97A04005C30012055770400034B044AA1
:107F60001A60044B044A1A60704700BF482F012072
:107F7000FF6B04009C2F0120217B0400034B044A6B
:107F8000DA60044B044ADA60704700BF482F0120D2
:107F9000696C04009C2F0120B97B0400044BDA6853
:107FA00022B9044ADA60044B044ADA60704700BF21
:107FB000482F0120A96C04009C2F0120BD7B0400E8
:107FC000054B1B681B79092B05D9044B044A1A631E
:107FD000044B00221A63704768300120482F0120AB
:107FE000D56D04009C2F0120034B044ADA62044B38
:107FF000044ADA62704700BF482F0120AB6E0400CC
:108000009C2F01209D7C0400034B044A9A62044B80
:10801000044A9A62704700BF482F01209D6F0400F8
:108020009C2F0120ED7C04002DE9F74F80460020B5
:1080300018F090FF054610B118F07EFF064618F0C4
:10804000010F06D03A4C01A9204611F0B2FD0028DC
:1080500038D118F0020F08D0DFF8E4900DF10301D9
:10806000484611F0A6FD044678BB18F0040F09D06D
:10807000304B002083F8240004F084F82E4B9B69D9
:1080800003B1984718F0080F0AD001211020FEF71D
:10809000BDFF28B1284A527F00F80229FEF7A2FF4F
:1080A0006DB1002018F056FF48B118F045FF314679
:1080B00003F0AAFF214B1A88824200D2188003B035
:1080C000BDE8F08F01F066FBBDE76278237803EB33
:1080D0000223ADF8043004F1030AA3788DF80630CA
:1080E000514601A8FDF7D0FDF0B9DFF858B00746BA
:1080F0005BF8043B9BB90137152FF9D104210F2000
:10810000FEF784FF80B1BDF8042082700121120ABD
:1081100001704170C2700238FEF764FF04E05146FE
:1081200001A898470028E6D0204611F029FD95E7E0
:10813000F82F0120F42F0120102F0120F02F012013
:1081400000300120482F0120012838B50A46044696
:1081500016D0032808D0D8B9104D014605F10C00FF
:1081600011F011FD022111E00C4C002104F11C0062
:1081700011F009FD20781021BDE8384015F048BD08
:10818000064D0021281D11F0FEFC21462878F3E75A
:10819000BDE83840084611F0F3BC00BFF42F0120C1
:1081A00010B50446012C084623D0022C1AD10B78B6
:1081B0003E2B15D18B78132B12D801229A404AF608
:1081C00004010A4206D1132B0AD10D4A137F013B49
:1081D000137705E00A4A92F83430013B82F83430D4
:1081E00011F0CEFC074BBDE810401878042115F0C3
:1081F0000FBD11F0C5FC204601F0D8FAF2E700BF30
:10820000102F0120F42F01202DE9F3411E4F97F884
:10821000248006460D461446B8F1000F30D10DF10A
:10822000070107F1140011F0C4FC68B14378022281
:1082300002334FF0010887F8248032702B802060D1
:10824000404602B0BDE8F081104B1B684BB1984727
:1082500038B18378C278043303EB02239BB2032244
:10826000E7E70B4B1B68002BEAD098470028E7D0C4
:108270008378C278043303EB02239BB20122D8E750
:108280004FF00008DCE700BFF42F01206030012030
:108290005C300120034B5877034B0821187815F008
:1082A000B7BC00BF102F0120F42F012010B5094CDE
:1082B0003022002104F1080028F020F84FF0FF32AE
:1082C00041F6FF73C4E900231F220023C4E90423FD
:1082D00010BD00BF102F01208B4BC02230B583F89A
:1082E0002A20282283F83320022283F8342083F8BE
:1082F0005120012283F85220844A042183F83B1044
:1083000050684CF21701D98747F68301A3F8401053
:1083100018B393F82510B3F8464041F0200183F8D4
:10832000251093F8271061F07F0183F8271093F848
:108330002F1041F0040183F82F10222183F834100C
:10834000B72183F8401093F8481044F4F87441F0D2
:108350000801A3F8464083F84810116929B10028A4
:1083600040F0C480CC2183F83F10D16941B1F7219E
:1083700083F83E1093F83F1041F0030183F83F105B
:10838000D16879B170B193F8401041F0400183F8A1
:1083900040107F2183F8411093F8451041F03001DF
:1083A00083F845101168D1B193F8474044F0780143
:1083B00083F8471093F8481041F0060583F84850B9
:1083C00093F84C5045F0040583F84C5038B164F0F4
:1083D000070441F0070183F8474083F84810916A89
:1083E00029B193F8471041F0060183F84710D16A8C
:1083F00029B1B3F8481041F4F871A3F84810116A94
:1084000089B193F8491061F0010183F8491093F89C
:108410004A1041F0030183F84A1093F84C1041F0E0
:10842000030183F84C10516939B193F84A100028C0
:1084300066D141F0600183F84A10516A29B193F87E
:108440004A1041F01C0183F84A109169002914BFB9
:10845000FF21802183F84B10116B59B193F84D1017
:1084600061F01F0183F84D1093F84E1041F00301A5
:1084700083F84E10516B29B1B3F84E1041F4F061FE
:10848000A3F84E10916B29B193F84F1041F01801E9
:1084900083F84F10D16B29B193F8501041F00301CC
:1084A00083F85010116C29B193F84F1061F01F013F
:1084B00083F84F10516C81B193F84E1041F0600178
:1084C00083F84E1093F8501061F01F0183F850109C
:1084D0001F2183F8511083F85210926C2AB193F83F
:1084E000512042F00F0283F8512030BDFC2183F867
:1084F0003F1093F8401041F0080183F8401034E732
:1085000061F01F0197E700BFF42F0120482F0120E1
:10851000014B1860704700BF6830012038B51C4C13
:108520002073F3F745FE1B4B1B481A6813881D0A7E
:108530001B061843C4E90C05184B002183F83810BA
:10854000196019719971197292F8311092F83030DE
:10855000003918BF0121003B18BF01231B0243EA69
:10856000C123216A0B4392F8321092F8332000396C
:1085700018BF0121003A43EA412318BF012243EA10
:108580008223236202F0E2FABDE8384001F054BED3
:10859000E03001206830012056341200A030012064
:1085A0002DE9F041074600200E4618F0D3FC0546A1
:1085B00010B118F0C1FC804657B1002447FA04F30B
:1085C000DB0702D5E0B2F3F79DFE01340B2CF5D1A9
:1085D00016B13046F3F752FE6DB1002018F0BAFC28
:1085E00048B118F0A9FC414603F00EFD034B1A8870
:1085F000824238BF1880BDE8F08100BF643001209E
:1086000008B5042011F0B0FA014640B1FF234380C1
:108610000380034B187BBDE8084011F0BABA08BDCF
:10862000E0300120014B1860704700BFE0300120AE
:1086300008B502F0F1FBBDE80840F4F749B9F4F7DA
:10864000B9BD08B502F0E8FBF4F784FDF4F79AFE33
:10865000F4F7BAFEBDE80840F4F7D2BE08B502F060
:10866000FFFBBDE80840F5F7DDBBF5F7D9BF08B55E
:1086700002F0F6FBF5F798FFBDE80840F6F7A2BE5A
:10868000F7F716BDF6F7A2BF014BC3E9010170472A
:10869000E030012008B502F0A3FBBDE80840F8F780
:1086A000ABBC08B502F09CFBBDE80840F8F704BD80
:1086B000F8F778BEF9F7CAB8F9F73AB9F9F7EAB9AD
:1086C00008B502F0B7FBBDE80840F9F777BA08B57E
:1086D00002F0BAFBBDE80840F9F754BCF9F76CBCEE
:1086E00008B511F0D3FB024BC3E90C0108BD00BF74
:1086F000E0300120024BD3E90C2311F0CDBB00BFC9
:10870000E0300120F8B5244D6B7806462BB1234BA1
:108710005B7CDA0701D50C20F8BDEB787BB1F4F770
:1087200077F904460028F6D11D4F3B683BB13B6802
:10873000E0B298470028EED10134032CF7D12B7911
:108740007BB1F8F741FE04460028E4D1154F3B68A1
:108750003BB13B68E0B298470028DCD10134032CE0
:10876000F7D1304611F092FB01F44043B3F5404F8E
:1087700006460C4601D00B040CD415F03DFA01233B
:10878000EB7340F20113C5E906642B8215F036FA4B
:108790000020C1E71220BFE7A0300120783101207E
:1087A000703001206C300120054B30B51C682588E5
:1087B0000580207908701B685B88138030BD00BF7E
:1087C00068300120024BD3E90E2311F050BB00BFEB
:1087D000E0300120024BD3E9082311F048BB00BF71
:1087E000A0300120ECF76CBC10B5044B9C791CB98F
:1087F000ECF76CFC204610BD0C24FBE7A0300120F8
:1088000038B5124B1B681B79082B0546084603D860
:10881000012D05D912240AE0AB1EDBB2FC2BF9D9DD
:108820000B4B9C7984B9FF2D03D1ECF7A3FC2046B8
:1088300038BD11F02BFB02460B462846ECF750FCE6
:10884000002808BF0724F2E70C24F0E76830012075
:10885000A030012038B5124B1B681B79082B044649
:10886000084603D8012C05D912250AE0A31EDBB265
:10887000FC2BF9D90B4B9D797DB9FF2C03D1ECF77B
:108880007FFC284638BD11F001FB02460B4620460E
:10889000ECF746FC0028F4D1E6E70C25F1E700BF31
:1088A00068300120A0300120202808D1064A107825
:1088B00038B9536A23F001031943516270471120FC
:1088C00070470C20704700BFA030012019F0B6BAE5
:1088D00019F0BABA08B519F0C5FA00280CBF122071
:1088E000002008BD37B543788278017912041B0255
:1088F0009B1802782CBF012500259B18C2784FEAEF
:10890000026245F100059C1841EB050120460191EA
:1089100002F0B4F8012809D9019911F4787F05D142
:10892000204603B0BDE83040F3F744BD122003B049
:1089300030BD00002DE9F041254D2B6A1A0654BFC9
:10894000012603265B0654BF01270327804602F059
:1089500061F9C0B3EC782B791C4334D1B8F800200E
:10896000B2F5804F31D8B8F802309A422DD3032B9C
:108970002BD998F80430012B27D898F80530BB4242
:1089800023D898F80630B3421FD80C2011F0ECF829
:108990000146A8B140F202434380B8F8003083801A
:1089A000B8F80230C38098F80430037298F80530A4
:1089B000437298F806308372064B187B11F0E9F881
:1089C0002046BDE8F0810C24FAE71224F8E700BF46
:1089D000A0300120E030012038B504460D4602F0F9
:1089E00019F920B90C20BDE8384002F08AB8012CF2
:1089F00006D10D4B587902F0F5F808B91220F2E7CC
:108A0000062011F0B1F8014660B10223002C8370FA
:108A100018BF0123C370054B0571187BBDE83840B2
:108A200011F0B7B838BD00BF3C310120E030012063
:108A30002DE9F84FDFF8F4901E46D9F8203088462B
:108A4000190654BF4FF0010A4FF0030A15465A06A3
:108A500054BF4FF0010B4FF0030B074602F0E6F84E
:108A600048B399F8034099F804301C4323D1BB451F
:108A700017D3C24515D315F0FA0F12D115F0040A19
:108A800003D0D9F820301B0517D515F0010548D0C3
:108A9000738832889A4204D3032B02D93379012B8D
:108AA0000DD912243AE00020F4F7DEFB002522E085
:108AB000F4F7DAFB30E00C2430E011242EE0BAF1B8
:108AC000000F0ED0012306225343F218F35A5188A7
:108AD0008B42E6D30329E4D91379012BE1D8002D89
:108AE000E1D00020F4F7B6FB334642463946002079
:108AF000F4F7C6FB01250220BAF1000FD8D0F4F735
:108B0000A9FB062303FB0563424639460220F4F71E
:108B1000B7FB05F1010A554689F80C502046BDE81F
:108B2000F88FBAF1000FBED02B46CCE7A030012061
:108B30002DE9F041234E0F460A2101FB02F54FF4C7
:108B4000A06202FB03F4337B737300238046B3738C
:108B500002F06CF830B9012373730C20BDE8F041CA
:108B600002F08CB8B8F1010F10D1022F03D9012304
:108B700073731220F2E706D1002CF8D0002DF6D046
:108B8000A54203D3F3E70CB1002DF9D1F4F744FB70
:108B90000028ECD0102010F0E7FF014680B1072339
:108BA000B8F1000F8370C0E9025414BF01230223FF
:108BB000C370054B0771BDE8F041187B10F0E9BFA9
:108BC000BDE8F081A0300120E030012070B50446FE
:108BD00002F02CF810B90C25284670BDA378012BA3
:108BE00049D863780F2B46D82389B3F5FA7F42D250
:108BF000237813F0FC0F3ED163890A3B9BB243F606
:108C0000F672934237D8F4F797FB0028E3D06068F8
:108C10006578A67811F03AF902460B4628463146A7
:108C2000F4F792FB054640BBF4F75CFE022826D819
:108C3000182010F099FF06460028CDD040F20B1303
:108C40004380606811F022F9C6E90201A378F3714C
:108C50006378B371237803F00102C3F340033271E8
:108C600073712389338263897382064B3146187B83
:108C700010F08FFFB0E71225AEE70B25ACE7072514
:108C8000AAE700BFE030012008B501F0CFFF08B926
:108C90000C2008BDF3F7E2FE0028F9D0382010F0D0
:108CA00063FF0028F5D040F20B234380034B0146BD
:108CB000187B10F06EFF0020EBE700BFE0300120D2
:108CC00038B5054601F0B2FF10B90C24204638BD76
:108CD000B5F5706F17D22846F4F716FEA8B1F3F772
:108CE000BDFE04460028F0D1382010F03DFF0146BB
:108CF0000028EBD040F20D234380054B0580187B04
:108D000010F047FFE2E71224E0E74224DEE700BF6D
:108D1000E030012030B585B0044601F087FF18B976
:108D20000C25284605B030BD144BDB79002BF7D15C
:108D30002378012B01D91225F3E7237A0F2BFAD8D8
:108D4000F3F78CFE0028EBD1606811F09FF80B461A
:108D5000217A009102462078CDE90232EBF712FE2B
:108D600005460028E7D1217A20780091DDE902321A
:108D7000EBF736FE002808BF0725D2E7A030012018
:108D800037B5054601F052FF18B90C24204603B050
:108D900030BD0F4BDB79002BF7D12B78012B15D889
:108DA0002B7A0F2B12D8F3F759FE04460028ECD18A
:108DB000686811F06BF80B46297A00910246287812
:108DC000EBF72CFE002808BF4224DFE71224DDE782
:108DD000A030012010B501F029FF10B90C24204665
:108DE00010BD064BDB79002BF8D1F3F737FE0446B4
:108DF0000028F3D1EBF7EEFDF1E700BFA030012032
:108E000010B5044601F012FF20B1EBF7DDFD207034
:108E1000002010BD0C20FCE710B5044601F0FAFE5E
:108E200040B1054B002193F9280019F025F8207076
:108E3000002010BD0C20FCE7A03001202DE9F74FE9
:108E4000334C9DF838909DF83CB098469DF83030F2
:108E50000193236A5B0654BF0125032507468A4612
:108E6000164601F0D7FE70B1647864B9012E0CD0BB
:108E70001F2F06D9574504D8BAF5804F01D8042EC4
:108E800006D9122440E00C243EE04545F9D306E023
:108E90004545F6D3042E02D018F0020F05D00D9BE5
:108EA000002BEED0019B012BEBD819F0F80FE8D185
:108EB000B9F1000FE5D0012E04D0042E02D0BBF191
:108EC000030FDED8282010F04FFE0546E0B140F237
:108ED0000453438040F271235F4303FB0AF3C360F2
:108EE000019B83748760067480F8118080F820905D
:108EF00080F821B00D9810F0C9FF064BC5E90601B6
:108F0000187B294610F045FE204603B0BDE8F08FDF
:108F1000A0300120E030012038B504460D4601F0B4
:108F200079FE90B11F2C12D814F066FE2246294615
:108F3000084827F0BBF9084B012283F8474083F823
:108F4000482014F05BFE002038BD0C20FCE7122006
:108F5000FAE700BFA03101207831012038B504467E
:108F60000D4601F057FE90B11F2C12D814F044FEAC
:108F700022462946084827F099F9084B012283F830
:108F8000684083F8692014F039FE002038BD0C20B9
:108F9000FCE71220FAE700BFC1310120783101203F
:108FA00038B5054601F036FE20B90C20BDE8384042
:108FB00001F098BD1C4C237C012B01D9042B06D158
:108FC0001A4B1B4A1B6812789B7E9A42EDD0012DEA
:108FD0001CD1607C01F006FEC0B9237C032B13D1A9
:108FE000D4E90623A07CECF726F868B1042010F041
:108FF000BBFD014640B14FF4827343800D4B187B9B
:10900000BDE8384010F0C5BD1220CFE7042010F0B5
:10901000ABFD014638B10423002D837014BF01233A
:109020000223C370EAE738BD78310120683001209F
:10903000A0300120E0300120F5F7B2BBF8B50646BC
:109040000D4602F0BBFF044601F0F0FD00284ED0B3
:10905000EF2E4ED8D5E90170B84227D32A881D2AB1
:1090600016D01F2F22D91F2820D924496308013385
:10907000A3FB01319B0F43EA8103BB4227D3834209
:1090800025D322F07F038BB902F01303032B0DD0FD
:1090900012F0100102D012F0600F07D1940601D532
:1090A000900703D1AB7D19B1012B09D012201FE02D
:1090B00003F0FD02012AF9D12A7E013A022AF5D8ED
:1090C0002A7E022A05D10E4A126AD20513D4112033
:1090D0000EE0032B01D0032A03D1094B1B6A1B05A9
:1090E000F5D529463046BDE8F840F5F715BC0C200B
:1090F000F8BD3020FCE7032BEEE700BFE3361A0093
:10910000A030012081230B70F5F71CBB30B585B072
:10911000CDE90221089D0193044601F087FD48B185
:10912000DDE9013203990895204605B0BDE83040DD
:10913000F5F7CEBC0C2005B030BD30B585B0CDE91B
:109140000221089D0193044601F070FD48B1DDE95C
:10915000013203990895204605B0BDE83040F5F787
:1091600031BE0C2005B030BD2DE9F347444EB37A33
:1091700007460C4615461BB10C21002001F0E6FD08
:109180000023F37201F052FD38B90123B3720C21B0
:1091900002B0BDE8F04701F0D9BD062C33D804B9C0
:1091A0008FBBA9464FF0000A544531D8002C45D05A
:1091B000002FDFF8D0A014BF4FF001084FF00208D5
:1091C00000274FF008090C2010F0CEFC014690B1AA
:1091D0002B78038080F8029080F803806B880A2245
:1091E000534343602B790372B37A9AF80C0001332E
:1091F000B37210F0CEFC0137BC4205F10605E2D88F
:1092000002B0BDE8F0870123B37212210020BFE74E
:1092100099F80000C846F5F761FA30B94946384672
:10922000F5F744FA09F1060928B10123B3720146A2
:1092300098F80000ACE70AF1010AB5E76846009427
:10924000ADF80440F5F78EFADFF8388005464FF4A4
:109250000277A542D4D90C2010F086FC014668B1F3
:109260001DF8043003800023478043600372B37A03
:1092700098F80C000133B37210F08BFC0134E8E76E
:10928000A0300120E030012010B5044601F0CEFCF2
:1092900050B1064B1B68DB8940F27262934228BFD3
:1092A00013462380002010BD0C20FCE7683001200D
:1092B00010B5044601F0BAFC28B1044B1B681B7BB7
:1092C0002370002010BD0C20FCE700BF6830012097
:1092D00010B5044601F0AAFC20B12046BDE81040BC
:1092E000F5F7B4BD0C2010BD08B501F09FFC18B116
:1092F000BDE80840F5F7C6BD0C2008BD38B50546E9
:109300000C4601F093FC68B1EF2D0DD823886288DC
:109310009A420BD3052B09D921462846BDE838408F
:10932000F5F714BC0C2038BD3020FCE71220FAE71A
:1093300037B50446CDE900320D4601F077FC60B147
:10934000EF2C0DD8032D0DD8DDE90032294620463B
:1093500003B0BDE83040F5F735BC0C2003B030BD9C
:109360003020FBE71220F9E738B505460C4601F03E
:109370005DFC28B90C212046BDE8384001F01DBD38
:10938000EF2C01D93021F6E729462046BDE83840C8
:10939000F5F7E8BC38B504460D4614F02DFC0B4B30
:1093A0001B689B7EA34206D87F200224287014F0FD
:1093B00025FC204638BD2046F6F78EFB0028F3D06A
:1093C0002046F6F7A5FB0024F0E700BF6830012037
:1093D00070B505460C46164614F00EFC0F4B1B6884
:1093E0009B7EAB4207D86FF01D000224307014F052
:1093F00005FC204670BD2846F6F76EFB0028F2D02B
:10940000012C04D83CB92846F6F78EFBEEE76FF046
:109410001D001224EAE714200024E7E76830012049
:1094200038B505460C4614F0E7FB0E4B1B689B7ED7
:10943000AB4204D8022414F0E1FB204638BD284694
:10944000F6F74AFB0028F5D02846F6F779FB030A21
:1094500020706370030C000EA370E0702171002473
:10946000E9E700BF6830012070B51B4E33689A7E73
:1094700093F829301344984204460D4601DB02203C
:1094800070BD824218D9F6F727FB0028F7D0336861
:109490009B7EA34210D9062010F066FB014608B956
:1094A0000020EDE7048041F201734B800B4B0D71FE
:1094B000187B10F06EFBF3E72046F6F717FB48B178
:1094C000062010F051FB01460028E9D0048041F24B
:1094D0000F73EAE70C20D3E768300120E030012069
:1094E00070B51D4B1B689B7E834206460D4602D815
:1094F0000224204670BDF6F7EFFA0028F8D01521B7
:109500003046F6F7B5F8012801D10C24F1E73046D2
:10951000F6F7F4FA012803D1104B1B6A9B07F4D528
:109520002846F6F77BF804460028E2D1102010F018
:109530001BFB01460028DCD041F2015343802B681D
:1095400043606B688360AB68C360054B0680187B23
:1095500010F01FFBCDE700BF68300120A0300120D4
:10956000E030012070B5184B1B689B7E8342064695
:109570000D4602D80224204670BDF6F7ADFA002849
:10958000F8D001213046F6F70BFBD0B12846F6F7AC
:1095900045F804460028EED1102010F0E5FA014607
:1095A0000028E8D041F6015343802B6843606B6884
:1095B0008360AB68C360054B0680187B10F0E9FA46
:1095C000D9E70C24D7E700BF68300120E030012044
:1095D00038B5124B1B689B7E834204460D4601D86A
:1095E000022038BDF6F778FA0028F9D0012120468C
:1095F000F6F7D6FA80B1062010F0B6FA0028F0D0BF
:1096000041F601634380064B048005710146187BD7
:1096100010F0BFFA0020E4E70C20E2E768300120F8
:10962000E030012010B5124B1B689B7E834204463C
:1096300001D8022010BDF6F74FFA0028F9D01C21FE
:109640002046F6F715F801280FD0042010F08CFA08
:1096500001460028EED041F601434380054B0480CB
:10966000187B10F096FA0020E4E70C20E2E700BF38
:1096700068300120E0300120F8B51E4F3B689B7E2A
:10968000834205460E46144601D80220F8BDF6F77F
:1096900023FA0028F9D01F212846F5F7E9FF012811
:1096A00023D0A6F11B03E02B21D8B4F5A47F1ED351
:1096B0003B681B79082B14D8B4F5056F17D8082020
:1096C00010F052FA0028E1D041F6017343800A4BB2
:1096D00005808680C4800146187B10F05AFA00206D
:1096E000D4E744F290239C42E8E70C20CEE7122016
:1096F000CCE700BF68300120E0300120024B5A88DF
:1097000002809B880B80704720310120A0F11B0351
:10971000E02B19D8B1F5A47F16D30D4B1B681A792D
:10972000082A0DD8B1F5056F0ED8DB8BFB2B28BFAF
:10973000FB2383420AD3074B58809980002070474F
:1097400044F290229142EFE7302070471120704799
:10975000683001202031012010B5074C2468E48BCB
:10976000FB2C28BFFB2404800E34E4000C8000880E
:1097700010800A881A8010BD68300120014B1B68D8
:10978000D88B704768300120014B1B68D87E70472A
:1097900068300120034B1B780BB910F0F1B9F6F7D4
:1097A0000BB900BF20310120F6F776B9F6F792B970
:1097B00010B5124B1B689B7E8342044601D80220E1
:1097C00010BDF6F789F90028F9D02046F6F7C4F95C
:1097D000430111D5062010F0C7F901460028EFD04B
:1097E00042F20133438002230371054B0480187B4E
:1097F00010F0CFF90020E3E71A20E1E768300120FC
:10980000E030012001282DE9F843054634D8F6F769
:109810006DFB044638B9194A012D92F8383010D042
:10982000013382F83830DFF85880DFF8589000278D
:10983000D8F800309B7EBEB2B34204D82046BDE8C3
:10984000F883013BEDE73046F6F746F990B1304634
:10985000F6F782F943010DD5062010F085F901468F
:1098600040B142F2013306804380057199F80C0043
:1098700010F08FF90137DBE71224DFE7A030012079
:1098800068300120E0300120F8B52A4B1B6A5B06E6
:1098900054BF0125032504460F4601F0BBF90028FB
:1098A00045D02288B2F5804F02D912263046F8BD45
:1098B00063889A42F9D3032BF7D92379012BF4D883
:1098C00013B9A379AB42F0D86379AB42EDD83846EF
:1098D000F5F7A4FE06460028E7D1607901F082F989
:1098E0000028E2D0282010F03FF905460028DDD0FE
:1098F00040F2031343807968031D386803C3B868D6
:10990000186023882B8263886B8263796B75237957
:10991000AB75A37985F82030A06810F0B7FA064B34
:10992000C5E90601187B294610F033F9BEE70C267D
:10993000BCE700BFA0300120E030012008B50420C2
:1099400010F012F9014678B1084B93F82B30002B38
:1099500014BF0923032383700223C370044B187BB5
:10996000BDE8084010F015B908BD00BFA0300120C7
:10997000E03001202DE9F74F04468946007ADFF8F0
:1099800094810021164601F079F8D8F820A0054608
:1099900001F04CF9002800F0B78098F80470002F0F
:1099A00040F0B280227A12F0F80F04D01227384625
:1099B00003B0BDE8F08F002AF8D04FEADA134FEA7F
:1099C0005A2A03F002030AF0040A43EA0A0343F0A6
:1099D00001039A4340F09A80D8F8203060785B0603
:1099E00054BF012303239842E0D8A2789A42DDD8DD
:1099F0002378012BDAD801F0F5F80028D6D009F148
:109A0000020B4FF0000A55454FF00C0251D84FF0B1
:109A1000000A88F80CA0257A15F001055FD05046A1
:109A2000F7F736FF98F80C30324601334946504676
:109A300088F80C30F7F742FF0125217A11F0020176
:109A400056D00C2202FB056200210120F7F736FFF9
:109A50000135217A11F004014FD00220F7F718FFE9
:109A600098F80C300C22013388F80C3002FB0562A8
:109A700009EB85010220F7F721FF182010F074F898
:109A80000546002893D040F20913438023780371E0
:109A900063784371A3788371606810F0F7F9C5E9C2
:109AA0000201237A2B741A4B2946187B10F071F8A7
:109AB0007DE702FB0A60F5F7B1FD00287FF476AF81
:109AC000BBF800303BF8021C9942FFF46FAF032B48
:109AD0000BF1040B7FF66AAF0AF1010A93E72846FF
:109AE000F7F7E0FE324629462846F7F7E7FEA4E7F7
:109AF00032460120F7F7E2FEABE702200191F7F7CB
:109B0000D1FE01993246B5E70C2750E711274EE701
:109B1000E0300120A030012010B51B210446F5F7EC
:109B2000A7FD01281BD00F4B1B689B7EA34201D8C9
:109B3000022010BD2046F5F7CFFF0028F8D0042002
:109B400010F012F801460028F3D041F601334380AB
:109B5000054B0480187B10F01CF80020E9E70C206E
:109B6000E7E700BF68300120E0300120022916D06D
:109B7000032917D10530012A0BBF0001800100F530
:109B8000BF7000F5C870094B00F26930A0FB0303F9
:109B9000800F40EA830040F27123584370470B3036
:109BA0008000F0E70A30C000EDE700BFE3361A009E
:109BB000194B806A9A8870B501325C8892B29A809B
:109BC0000CB1A24225D221BB1C78012C1FD19D7B58
:109BD000427895421BD1426E5E7B1578AE4216D11B
:109BE0001D7B5278954212D1DD7B027B95420ED1CE
:109BF000DA69996904FA02F5013202F01F02DA61AA
:109C0000064A074B0D4218BF13468360214608469B
:109C100070BD0021FBE700BF7C3001205555550089
:109C2000AAAAAA000F4B29B1042914D05A890132DB
:109C30005A8102E0DA880132DA80598831B1188914
:109C4000DA88024458890244914208D91878831E60
:109C50005842584170471A8901321A81EDE70020B5
:109C6000704700BF7C3001200346104610B400F856
:109C7000021B5370072923D8DFE801F02D040A22C4
:109C80000D1013161A460F215DF8044B26F036BB53
:109C90001A465521F8E71A46FF21F5E71A46002132
:109CA000F2E71A46F021EFE71A46AA21ECE700F89E
:109CB000012B0924013C06D1013BDBB2FF2BF6D17D
:109CC0005DF8044B704782EA1211090201F48071B9
:109CD00041EA5202EEE740F2FF12EDE708B5054B0C
:109CE00020220021184626F009FB4FF0FF32826146
:109CF00008BD00BF7C30012050B10B2802D80138CC
:109D0000C0B270470C2805D0262805D80238F7E7DE
:109D10002520704726207047272070472DE9F74FF0
:109D2000694C019117462278012A82461D460FD8B8
:109D3000DFF8AC81D8F8003053B998F804603EB928
:109D4000012A09D1032F637B04D1032B00F0B980D2
:109D50000C2627E0032BFBD0BAF1270F00F2AF80CF
:109D6000072F00F2AC806B1E032B00F2A880022D9F
:109D70001CD0EB1E012B05D8D8F8203013F4006F4F
:109D800000F09B8012B9514B62605A60032F12D1D0
:109D9000012538462570677302F066F888F8085088
:109DA00000F0F0FE304603B0BDE8F08FD8F8203068
:109DB00013F4807FE4E713F01FFF5046FFF79CFF8A
:109DC000032D05D0042D24D0022D25D1002300E041
:109DD0000223019A23824FF0000A4FF0FF33C4E9B7
:109DE000063A22736773A073E57313F007FF2378B5
:109DF000012BD7D02C200FF067FE814638B1C02050
:109E00000FF062FE054648B948460FF07FFE1F2658
:109E1000C8E703250123DCE70125D7E751462C22BB
:109E2000484626F06BFA5146C022284626F066FACC
:109E3000BDF8302062804FF0020B254AC9F8182087
:109E4000C9F8285089F815B085F800A0A27B6A707F
:109E5000204B214A21482866C5E9013298F828207C
:109E6000AA70E17B6973227C297340F2011AAA73FC
:109E7000207BA5F868A0FFF779FEA5F86A00504698
:109E80000FF022FE0246686618B928460FF03EFE23
:109E9000BAE701983946FFF7E7FEB5F86A20626134
:109EA0000122227088F8082000F06CFE584601F06C
:109EB000DBFF484602F062FA74E7112672E73026AB
:109EC00070E727284DE700BF7C300120803001205B
:109ED00091A004002941767155555500B19B0400AD
:109EE000A030012007B500930123FFF717FF03B04F
:109EF0005DF804FB2DE9F84FDFF828819B46D8F880
:109F0000003082460E46002B7CD1DFF81C9198F879
:109F1000043099F800501D4374D1272874D84B1E83
:109F2000022B71D8012A6FD8022910D0032915D02D
:109F30002C200FF0C9FD074638B1C0200FF0C4FD3A
:109F4000044680B938460FF0E1FD1F2557E0D8F8E8
:109F5000203013F4807FEBD1112550E0D8F8203069
:109F600013F4006FF7E72C220021384626F0C6F9DB
:109F7000C0220021204626F0C1F95046FFF7BCFE62
:109F8000022E02D0032E18BF0126204BBB61204AAF
:109F9000204BBC624FF0020A87F815A0A9F802B066
:109FA000C4E901234FF0010B1B4B607084F800B033
:109FB0001B6866732673DB8D4FF47A7253432366F6
:109FC00040F20110154BA4F86C0063660FF07CFDA5
:109FD000A06618B920460FF099FDB3E789F800A0F4
:109FE00088F808B000F0CEFD0D4A0023C9F804300F
:109FF0005046536001F038FF384602F0BFF928465A
:10A00000BDE8F88F0C25FAE73025F8E771A10400C8
:10A01000294176715555550068300120259C040072
:10A0200080300120A03001207C3001200B4600222E
:10A030000121FFF75FBF000038B5124D2B78012BCF
:10A0400004460CD1687B03280DD101F023FF0E4B91
:10A0500000242C701C7200F09DFD204638BD022BA0
:10A060000DD101F069FF0323084A2B701CB1134680
:10A0700003CB20606160002068605060EEE70C2038
:10A08000ECE700BF7C300120A030012080300120AF
:10A090002DE9F843334D846AAB886A8801339BB25B
:10A0A0000646AB8022B1934202D30020FFF7C4FFE3
:10A0B0002B78676E012B2FD1AB7B607895F80D90D4
:10A0C00095F80C80E97B2A8A98420BD1387848456C
:10A0D00008D17878404505D1207B884202D1A07B09
:10A0E000904214D063700023D2B2E37308F10203EC
:10A0F00061732173A273A4F868304046FFF736FD00
:10A100003A46A4F86A0049464046FFF7ADFD30469E
:10A11000BDE8F84302F032B938460FF0F7FC2046AC
:10A120000FF0F4FC30460FF0F1FC022001F0B2FE1B
:10A13000287804280CD10FF017FD014680B140F2B9
:10A1400005134380084B187BBDE8F8430FF021BD91
:10A15000064A002313722B70BDE8F84300F01ABDC5
:10A16000BDE8F8837C300120E0300120A0300120E0
:10A1700070B51E4C866A628805464AB12189E3881B
:10A180000B4461890B449A4202D80020FFF754FF28
:10A190002378022B04D12846BDE8704002F0EEB8C7
:10A1A000B06E0FF0B3FC30460FF0B0FC28460FF055
:10A1B000ADFC022001F06EFE207804280CD10FF0D7
:10A1C000D3FC014680B140F205134380084BBDE843
:10A1D0007040187B0FF0DDBC064A00231372237019
:10A1E000BDE8704000F0D6BC70BD00BF7C300120DF
:10A1F000E0300120A030012008B5C07810B101285E
:10A200000DD008BD0A4B1B7A002BFAD0FFF714FFC4
:10A21000084B1A78032AF4D104221A70F1E7054A90
:10A2200000231370024A1372BDE8084000F0B2BC6C
:10A23000A03001207C30012008B5FFF74FFD054B11
:10A24000054A5A61054B064A5A61BDE80840EAF7DB
:10A2500069B800BF080C0120DD9C0400BC0B012084
:10A26000F9A104002DE9F0410F461821044690465B
:10A270001D46F5F7FDF9012803D10C263046BDE84F
:10A28000F0812046F5F78EFE0128F6D0184B1B68AA
:10A290009B7EA34201D80226F0E72046F5F71CFC7E
:10A2A0000028F8D02046F5F729FC06460028E4D11E
:10A2B0001E200FF059FC01460028DFD041F60103B3
:10A2C000048043803B6843607B688360A0F80C8017
:10A2D00000F10E022B4605F1100053F8044B42F832
:10A2E000044B8342F9D1034B187B0FF052FCC5E7B6
:10A2F00068300120E030012008B50A4617F0B0FFB1
:10A30000002008BD38B51A4B1B689B7E834205466A
:10A310000C4601D8022038BDF5F7DEFB0028F9D045
:10A320002846F5F7EBFB012801D00C20F3E70221CA
:10A330002846F5F735FC0028F7D014200FF014FC60
:10A340000028E8D041F60113438005802146031D13
:10A3500004F1100251F8044B43F8044B9142F9D137
:10A36000044B0146187B0FF014FC0020D3E700BF1C
:10A3700068300120E030012010B5144B1B689B7E33
:10A380008342044601D8022010BDF5F7A5FB002842
:10A39000F9D02046F5F7B2FB012801D00C20F3E7F5
:10A3A00002212046F5F7FCFB0028F7D004200FF02F
:10A3B000DBFB01460028E7D041F601234380044B34
:10A3C0000480187B0FF0E5FB0020DDE768300120FA
:10A3D000E030012038B50C4B1B689B7E834204465D
:10A3E0000D4601D8022038BDF5F776FB0028F9D0DC
:10A3F0002046F6F79DFE054AA0FB0202830D43EAC4
:10A4000082232B800020EEE768300120676606007B
:10A4100038B50D4B1B689B7E834204460D4601D820
:10A42000022038BDF5F758FB0028F9D04DB10A21BC
:10A4300069432046F6F788FE002814BF00201E203E
:10A44000EFE71220EDE700BF6830012038B5044681
:10A450000D4600F0EBFB60B1B4F5706F0BD22046F7
:10A46000F3F752FA48B120462946F3F7DBFA002009
:10A4700038BD0C20FCE71220FAE74220F8E713B5BC
:10A480000446CDE9002100F0D1FB38B1DDE900211F
:10A49000204602B0BDE81040F7F752BA0C2002B0D7
:10A4A00010BD13B50446CDE9002100F0BFFB38B163
:10A4B000DDE90021204602B0BDE81040F7F78CBA74
:10A4C0000C2002B010BD2DE9F04107469DF8188020
:10A4D0000C4615461E4600F0A9FBA8B1022C16D862
:10A4E000B5F5FA7F13D2A6F10A039BB243F6F672D2
:10A4F00093420CD8CDF8188033462A462146384678
:10A50000BDE8F041F7F7AABA0C20BDE8F0811220AF
:10A51000FBE7000070B506460D46144600F086FBCA
:10A5200088B1022E11D8B5F5FA7F0ED2A4F10A0334
:10A530009BB243F6F672934207D8054B0020DE75B6
:10A540001D835C8370BD0C20FCE71220FAE700BF7E
:10A550002031012030B541EA020424F0070420F044
:10A5600003052C4308D1022B06D80D4B5B691C0652
:10A5700004D518B991420ED0112009E000F0010372
:10A580000B430AD0830704D4002A14BF00201220F2
:10A5900030BD0020FCE70029F6D11220F8E700BF0B
:10A5A000A030012070B50C4B1B689B7E8342044693
:10A5B0000E46154601D8022070BDF5F78DFA002829
:10A5C000F9D02046F5F7D4FA30702046F5F7DCFADA
:10A5D00028700020F0E700BF683001200B4B1A6A9A
:10A5E00010B5D40502F4807303D440EA0104A40733
:10A5F00007D4130507D4014381F00401C1F380009F
:10A6000010BD1846FCE70120FAE700BFA03001208A
:10A6100070B50D460646114628461446FFF7DEFF84
:10A6200098B10023224629463046FFF793FF58B9D8
:10A6300016F0010F064B18BF002516F0020F18BFC9
:10A6400000241E755D759C7570BD1120FCE700BF70
:10A65000203101202DE9F8431D46234BBDF8209001
:10A660001B689B7E834280460F46164603D8022411
:10A670002046BDE8F883F5F72FFA0028F7D020210F
:10A680004046F4F7F5FF01282AD029463046FFF767
:10A69000A5FF38B34B462A4631463846FFF75AFFE6
:10A6A00004460028E4D117F0010F18BF00260A2045
:10A6B00017F0020F18BF00250FF056FA01460028C8
:10A6C000D6D042F201034380084BA0F80080077106
:10A6D00046718571A0F80890187B0FF05AFAC7E709
:10A6E0000C24C5E71124C3E768300120E0300120C5
:10A6F00001282DE9F34104460D4616461F4627D88A
:10A70000DFF85480D8F8003033F0FF0304D098F815
:10A71000293043B10C2014E098F80430002BF6D116
:10A720000C4B1B6883B928460FF0B0FBCDE90067DE
:10A7300002460B462046EAF735FA002814BF0020EF
:10A74000072002B0BDE8F08198470028DFD1EAE792
:10A750001220F6E79C300120A0300120012870B5BE
:10A7600004460D4618D8104E336833F0FF0304D06A
:10A7700096F829303BB10C200FE03379002BF7D14C
:10A780000A4B1B6853B928460FF080FB02460B4664
:10A790002046EAF773FA28B9122070BD98470028BE
:10A7A000E6D1F0E70020F8E7A03001209C3001203E
:10A7B00010B50C4C236833F0FF0304D094F8293013
:10A7C0003BB10C2008E02379002BF7D1064B1B6826
:10A7D0001BB9EAF7E1F9002010BD98470028EDD138
:10A7E000F7E700BFA03001209C30012010B50446DF
:10A7F000EAF7CCF92070002010BD30B50446012CDA
:10A8000085B00846154615D80FF040FB02460B46AA
:10A8100000200021CDE9020102A900912046EAF7BB
:10A820005BFA48B12846DDE902230FF035FB002032
:10A8300005B030BD1220FBE70220F9E730B5044631
:10A84000012C85B00846154615D80FF01FFB0246AF
:10A850000B4600200021CDE9020102A9009120460B
:10A86000EAF749FA48B12846DDE902230FF014FB64
:10A87000002005B030BD1220FBE70220F9E7000000
:10A88000012870B5054614D80B4E336833F0FF032A
:10A8900002D00C24204670BD3479002CF9D1074B2E
:10A8A0001B6813B986F82950F4E798470028F9D0B7
:10A8B000EFE71224EEE700BFA03001209C3001201A
:10A8C00008B5431E9BB24AF2B712934203D8F7F77A
:10A8D0006FF9002008BD1220FCE7000040EA0203E7
:10A8E000012BF7B504460E46154622D8124F3B6899
:10A8F00033F0FF0304D097F829303BB10C2012E06D
:10A900003B79002BF7D10D4B1B6873B930460FF024
:10A91000BDFA009502460B462046EAF7C9F9B0FA9F
:10A9200080F04009400003B0F0BD98470028E2D114
:10A93000ECE71220F7E700BFA03001209C30012097
:10A94000F7F7ACBA70B598B00B46024608AD00F107
:10A950002006106851682C4603C40832B2422546CE
:10A96000F7D110AC03F1200518685968224603C2DC
:10A970000833AB421446F7D1094B6A4603F120066F
:10A98000154618685968144603C40833B342224672
:10A99000F7D1294608A8F7F799FA18B070BD00BF9B
:10A9A0005031012070B5012A98B00B4604D118B07F
:10A9B000BDE87040F7F7B2BA024608AD00F12006D4
:10A9C000106851682C4603C40832B2422546F7D1BC
:10A9D00010AC03F1200518685968224603C20833F9
:10A9E000AB421446F7D1094B6A4603F120061546DF
:10A9F00018685968144603C40833B3422246F7D195
:10AA0000294608A8F7F762FA18B070BD5031012046
:10AA1000084903680A685A400A6007490A685A40A8
:10AA20000A6006490A685A400A6005490A685A409D
:10AA30000A607047DC620020E0620020E4620020CF
:10AA4000E8620020094B0A4918680A68086009484A
:10AA50000168196008490B68036082EAC22283EA30
:10AA6000D340504080EA122008607047E462002022
:10AA7000E0620020E8620020DC62002043084A080F
:10AA800003F05533C01A02F0553261EB020100F0B9
:10AA90003333800801F0333200F03330890818185E
:10AAA00001F0333142EB0102030943EA02731B1840
:10AAB00042EB12124FF0013103F00F3302F00F326C
:10AAC0001A44A3FB013002FB0100000E7047B0FBEB
:10AAD000F1F07047024B1B6803B1184718467047E6
:10AAE000E030012007B50023ADF804308DF80700F1
:10AAF000032301A88DF80630FFF7ECFF03B05DF8E3
:10AB000004FB07B50023ADF8043004238DF80700DB
:10AB10000DEB03008DF80630FFF7DCFF03B05DF8A6
:10AB200004FB1FB51C24ADF804008DF8090001A832
:10AB30008DF806408DF807108DF80810ADF80A2042
:10AB40008DF80C30FFF7C6FF04B010BD08B50A4BF6
:10AB500040220021184625F0D1FB084A0346D2E9DD
:10AB60000801074A5A61C3E908014FF0FF301F216D
:10AB7000C3E90C0108BD00BFA0300120E030012076
:10AB8000405C1F00024A537A01335372704700BF82
:10AB9000A0300120024A537A013B5372704700BF34
:10ABA000A0300120024A937901339371704700BFAE
:10ABB000A0300120024A9379013B9371704700BF96
:10ABC000A0300120024AD3790133D371704700BF0E
:10ABD000A0300120024AD379013BD371704700BFF6
:10ABE000A0300120032806D8013802280ED8DFE85B
:10ABF00000F0070D0700A0F1FF03584258417047CD
:10AC0000034B587C003818BF012070470120704763
:10AC1000A0300120044B93F82B201AB9012083F8AF
:10AC20002A00704700207047A0300120044B93F8A1
:10AC30002A201AB9012083F82B00704700207047A2
:10AC4000A0300120F0B5D0E9007600221346C3F110
:10AC50002005A3F1200427FA03F106FA05F529439C
:10AC600026FA04F42143C90742BF811801320B724E
:10AC70000133252BEBD180F82D20F0BD07B50E4A0E
:10AC8000937B0BB900B19073537B8BB1013BDBB26B
:10AC900053736BB90093ADF8043018238DF802306C
:10ACA0006846937B8DF803308DF80430FFF712FF70
:10ACB00003B05DF804FB00BFA030012007B54FF4DE
:10ACC000C81301A80193FFF705FF03B05DF804FB6B
:10ACD0004FF4B8130360FFF7FDBE4FF40013036099
:10ACE000FFF7F8BE70B586B01446064616220D462C
:10ACF0006846002125F002FB1E238DF802302388D0
:10AD0000ADF80830237A8DF810306389ADF8123031
:10AD1000A11C237B8DF814300DF10A008DF804601E
:10AD2000ADF806500FF07EF86846FFF7D3FE06B088
:10AD300070BD07B54FF4F813ADF8040068460093F2
:10AD4000FFF7C8FE03B05DF804FB000007B50E4A2C
:10AD5000D37A0BB901B1D172937A013BDBB2937212
:10AD600073B91B23ADF800008DF802308DF8050093
:10AD7000D37A8DF8033068468DF80430FFF7AAFEC9
:10AD800003B05DF804FB00BFA03001201FB5002414
:10AD9000CDE901440394ADF804008DF808001A24AD
:10ADA0000DF10A008DF809108DF806400FF074F8C7
:10ADB00001A8FFF78FFE04B010BD07B51D23ADF845
:10ADC00000008DF8050068468DF802308DF80310FC
:10ADD0008DF80410FFF77EFE03B05DF804FB000061
:10ADE00008B50B4B1C220021184625F087FA094AAA
:10ADF0001268D17E127F42701B2242804FF4A472EF
:10AE000082800322027501700A22428308BD00BFBE
:10AE100020310120683001200449054B0A681A607E
:10AE20004A685A6007221A81704700BF46490700E6
:10AE30003C310120034B4FF461721A6000221A71F9
:10AE4000704700BF48310120044B002283F82020C6
:10AE500083F8212083F82220704700BF5031012061
:10AE600010B50B4C80220021204625F047FA022322
:10AE70001822002104F1100084F8793025F03EFA00
:10AE8000044BC4E90233072384F8203010BD00BF0F
:10AE90007831012000881300022807D0032808D049
:10AEA00001280AD1C80000F5837070478800D230AD
:10AEB0007047880100F2664070479620704702286C
:10AEC00005D0032807D002F10800C000704702F146
:10AED00009008000704701294FEAC2000CBF02231D
:10AEE00008231B30584300F5BC7070472DE9F84328
:10AEF00016469DF82020012A074608BF4FF0420859
:10AF0000084608BFC4469DF824101CBF4FF0050832
:10AF10004FF00A0C80B940F20114A4EB0802A4EB34
:10AF20000C0492B2A4B29A4209D343449AB238466E
:10AF3000BDE8F843FFF7C3BF82B21446F3E7B3FBA3
:10AF4000F4F904FB193364449DB2A2B23846FFF70A
:10AF5000B6FF002D08BFA9F101091FFA89F906F50E
:10AF6000967609FB06F600FB096635B105EB08028B
:10AF700092B23846FFF7A3FF06443046BDE8F88397
:10AF800008B5FFF79CFF00F5967008BD0C4B984282
:10AF900002460AD80B4BA0FB03135B081E2101FBE2
:10AFA00003F0824288BF40187047074BA0FB031391
:10AFB000032101FB0033C3F38F234FF49671EEE7B7
:10AFC000E1BF0300121111119E36D0692DE9F74F30
:10AFD000876A3B78023B05468846072B00F21681BC
:10AFE000DFE813F008002500140114015B00AB003A
:10AFF000F70009017E7B7B6E032E14BF4FF4BC74F7
:10B000004FF441647BB197F88020387B0021FFF733
:10B0100056FFBB6E963404442BB1032E14BF04F2CA
:10B020000E2404F6A644EC6003B0BDE8F08F97F858
:10B030007820B97B387BFFF742FF97F87B3003F02D
:10B040000102C3F34006C3F380031E4404461644C2
:10B0500000F0BAFF2044FFF799FF731E00FB034482
:10B060007B6E002BDFD07A7B9623032A06FB03F34B
:10B0700014BF4FF4BC724FF441621C4402FB0644FF
:10B08000BA6E002ACFD097F88020387B00211C446C
:10B09000FFF715FF06FB0044C5E797F87C207E7B91
:10B0A0003B6E4ABB022E1AD0032E1BD144F29022D3
:10B0B00002614FF46D64002BB5D0F97B97F87420D2
:10B0C000387B002908BF0221FFF7F9FE9634022ED3
:10B0D00004440AD0032E0BD004F6DE04A3E74FF499
:10B0E0008564E8E740F64804E5E704F2BE449AE7E1
:10B0F00004F58644263496E7022E1BD044F29024B1
:10B1000040F64802032E18BF1446002B8BD0F97B63
:10B11000387B00294FF0240208BF0221FFF7CFFE41
:10B1200004F596740444102202213046FFF7C7FE4E
:10B13000044478E74FF48564E7E729BB4FF0F4094E
:10B140004FF0F1083C6F3E7BB97B5CB10D2230467D
:10B15000FFF7B5FE7B7B022B18D0032B19D000F62E
:10B16000DE0496346A6AC2B1B2F800A01FFA89F907
:10B17000D14514D3B7F860300D2B2CBF9A440AF197
:10B180000D0A1FFA8AF2D0E78946DBE700F2BE44D7
:10B19000E7E700F586442634E3E79246EAE708F15C
:10B1A00010023046FFF78BFEBAFBF8F71FFA88F95A
:10B1B0001FFA87FB4FF4967309FB17A203FB0B449E
:10B1C00092B200FB0B44002A3FF42DAF0D3292B235
:10B1D000ABE7436A6BB11B88402B38BF4023BA7B77
:10B1E000387B0192002200921146FFF77FFE044651
:10B1F00019E74023F3E77B7B022B09D0032B0AD10D
:10B2000044F2902303614FF46D640CE700240AE7D5
:10B210004FF4856407E740F6480404E7F7B50023D8
:10B22000DFF888C01F4F0093ADF804301E469842E7
:10B2300016BF0CEB83020A46D26892B1013AA2FB18
:10B240000724A208052A28BF052202F108046C443D
:10B25000964214F8085C05F1010504F8085C38BF53
:10B26000164601330E2BE2D100230F4F6D461846D0
:10B270001946741C15F8012B2AB901339C42F9D8E0
:10B28000012003B0F0BD58B937F81360314489B2DA
:10B29000013A632992B2EFD9002AF2D10120ECE7FA
:10B2A0000020EEE7E3361A004E490700F83101208E
:10B2B0002DE9F04F2DED028B444C08EE102A83B09F
:10B2C000A278D4F804B001901E46A3680F4623FA72
:10B2D00002F80125464516D2012D81BF0123934076
:10B2E0000BFA03F34BEA030B0123BB4000934FF02F
:10B2F000000AA2780123D21B5FFA8AF9934099458C
:10B300001FDB00205DE00135EDB2A6EB0806E1E7AA
:10B3100003EB000E2BFA0EFE1EF0010F1CBF0131D5
:10B32000C9B201305FFA80FEAE45F1D30CF1010CD9
:10B3300000985FFA8CF3834207DA93404B44002075
:10B34000F0E74FF0000C6146F2E701BB607804EBD8
:10B3500000131B6D7BB9A67860680021F61B4FF0C7
:10B36000010C0F46009ACBB29A421FDDB34003EBAB
:10B370000902002314E098475FFA8AF318EE101AC6
:10B38000324608FB030000F0B3FB0028E3D00AF1CB
:10B39000010AAEE7D7180CFA07F738430133012743
:10B3A0005FFA83FE7545F5D80131DBE70FB1074B36
:10B3B0005860019B043304EB0313012083F80690CB
:10B3C000587103B0BDEC028BBDE8F08FF83101205D
:10B3D000002340F6C412904206D940080133884247
:10B3E000DBB202D0042BF6D10023184670470000D0
:10B3F0002DE9F74F2D4CA678D4F80890064429FA89
:10B4000006FA40F6C3139A4507464FF000054AD99D
:10B41000F6B26560A670A8464FF0010B94F845306F
:10B42000B3B3D4E91213894523D048460093FFF7FC
:10B43000CFFF009B012203E00132D2B2A3EB0A034B
:10B440005345F9D294F84630BB4084F84630311A5F
:10B45000DBB20BFA00FE4FF0000C009101935FFA93
:10B460008CF3734514DA00998B4001990B44002149
:10B4700008E00020DEE7C8180BFA00F048EA0008F0
:10B4800001310125C8B28242F5D80CF1010CE6E782
:10B49000074B10349C42C1D10DB143F8DC8C012024
:10B4A00003B0BDE8F08F2846FAE700BFF83101206D
:10B4B000D83201202DE9F74F5A4CA76805460E46B1
:10B4C0009046A7B9031D04EB03130122A160678016
:10B4D00062609F715A7160702B1D04EB031304EBC3
:10B4E00005141D719E60C4F84C80012711E08F4245
:10B4F0001AD14FF004094346324600212846FFF78F
:10B50000D7FE0028E8D109F1FF3919F0FF0904D16D
:10B510000027384603B0BDE8F08F0120FFF768FF31
:10B5200001280746E7D0F4E752D239463046FFF704
:10B530004FFF002848D063680093A3784FF0010EB6
:10B5400000210EFA03F287400192A76061600EFAB3
:10B5500000FB8A460A46019F5FFA81FCBC451CDB62
:10B56000BAF1000F01D02F494A601844A0704FF083
:10B5700004094346324600212846FFF799FE002879
:10B58000AAD109F1FF3919F0FF09C1D00120FFF755
:10B590002FFF01280746ECD0BBE7009F27FA0CF7E6
:10B5A000FF070FD54FF0000906E09F4067440EFAF1
:10B5B00007F73A434FF0010A5FFA89F75F4509F14F
:10B5C0000109F2DB0131C6E7E3780133E37083E779
:10B5D00082D93846FFF7FCFE81460028F4D0A078D7
:10B5E00048451DD2A9EB0000C0B2FFF701FF074696
:10B5F0004FF0040A012F8CD1434632464946284673
:10B60000FFF756FE00287FF467AF0AF1FF3A1AF001
:10B61000FF0A3FF47DAF3846FFF7EAFE0746E9E749
:10B620000127E5E7F83101202DE9F74F644C00F1DF
:10B63000040804EB0813A2685B79A5784FF00009B1
:10B64000002B00F0B68004EB001322FA05F1DB6C4E
:10B6500001278B420AD204EB081A6668DAF8081050
:10B660008A422BD100231A4601200CE00137FFB299
:10B670005B1AEEE79AF806201A4400FA02F226EA6C
:10B68000020601330122D9B28F42F3D842BB04EB48
:10B6900008180023012D616888F8053073D9013D31
:10B6A000EDB20120A8401E46DAB2824232DA5200E0
:10B6B00021FA02F2D2072AD40133F5E71046FFF748
:10B6C00087FE0028E3D04FF0010C00222B1A0CFA61
:10B6D00000FE11460193D3B2734513DB0029D6D087
:10B6E0006660D4E79AF80610014419440CFA01F197
:10B6F00026EA0106013301215FFA83FB5F45F1D899
:10B700000132E8E70198834018460023F4E7013648
:10B71000F6B2D1E7002E3DD000263246F3B2984271
:10B720000ADD5B00013321FA03F3DB0701D40136A4
:10B73000F4E70132D2B2FAE72ABB0023A5706360B6
:10B740009C461E464FF0010EDDB2854224DBBCF163
:10B75000000F00D066600023194A184692F8451081
:10B76000DDB241B192F846104908002982F846102E
:10B7700004BFA946012001330E2B02F11002EDD1C6
:10B7800008B184F8019063680BB9A360A37003B09B
:10B79000BDE8F08F0122D0E702EB450721FA07F759
:10B7A000FF0742BF0EFA05F52E434FF0010C01339F
:10B7B000CAE7E378002BEAD0013BE370E7E700BF7C
:10B7C000F8310120012970B511D903460122002466
:10B7D0001D6853F8046FB54238BF144602F10102E8
:10B7E00038BF43E901659142F2D1012C00D870BD08
:10B7F0002146EAE7F0B58FB0012B0E46274B9DF8A6
:10B80000501042F2107530D1AA42A6FB03744FEAE1
:10B81000940482BFA2FB0335AB08B4FBF3F454439A
:10B82000A04288BF344600231D481D4699420BD0D4
:10B8300000EB8302D2683AB10DF1380C6F1C0CEBAF
:10B84000850545F8382CFDB201330E2BEED1294683
:10B850006846FFF7B7FF0022954216D8B442234648
:10B8600028BF334618460FB0F0BDAA42A0FB0374B0
:10B870004FEA940482BFA2FB0335AB08B4FBF3F498
:10B880005443A04288BFA418CDE750F8043BA3421C
:10B8900001D3B342E6D90132DEE700BFE3361A0036
:10B8A000F831012002484FF49272002124F026BDA5
:10B8B000F8310120074BA0FB0332920842F21073CB
:10B8C0005A43824204D19A4238BF1A461046704702
:10B8D00018467047E3361A0073B50D4604461946FC
:10B8E00010462B4649F6404242F21075012B18BF14
:10B8F0002A460094079EFFF77DFF05460146204635
:10B90000FFF78CFC98B1069A29462046FFF7D2FD36
:10B9100001280CD1074B089903EB041203EB8404B4
:10B9200011651A78E56001321A7006B1356002B00F
:10B9300070BD00BFF831012037B5044600940846B9
:10B9400011461A460023FFF755FF054601462046DB
:10B95000FFF764FC70B1084B03EB84032046DD6005
:10B96000079B1D60FFF760FE069A29462046FFF7F9
:10B97000A1FD012003B030BDF83101207047000067
:10B98000054A831C02EB8303002159601378013BB5
:10B990001370FFF749BE00BFF83101202DE9F74FC2
:10B9A000424C1746A378A26822FA03F92378012BA8
:10B9B00088460BD804EB01131C46DB6CA26C0146D5
:10B9C000384603B0BDE8F04F00F0ECB8607804EB07
:10B9D00000131B6D63B3002198470646A3684BB361
:10B9E00008F1040204EB02125379012B22D193795E
:10B9F000494659430B4608BF9368F51808F10408F7
:10BA000004EB08163946284600F0FEFA002848D014
:10BA100004EB08143946284600F0F6FAA368984269
:10BA200042D83946284603B0BDE8F04F00F0ECBAE2
:10BA30003E46D3E7E578A27840F6A6630193013D40
:10BA40000123EDB293404FF0000AFDB9DFF85CB07E
:10BA50009BF8463053450FD19BF84530012B0BD155
:10BA6000DBF8503043B101A9E8B2984700F0ACFAD6
:10BA7000019B32300344019301350E2D0BF1100B65
:10BA8000E6D1019BF51809FB0A55B7E70AF1010A4F
:10BA90005FFA8AFA013DEDB29A45A8BF4FF0000A5D
:10BAA000D3E7B3681D44ADE7ED1AB3E7F8310120E1
:10BAB00002489022002124F021BC00BF1C33012049
:10BAC00070B5064C050104EB001001264370049B81
:10BAD0006655C0E90112C36070BD00BF1C33012070
:10BAE000024B000100221A54704700BF1C33012092
:10BAF0002DE9F84F00EB020B80460E4600F064FA89
:10BB0000274C83444FF0000994F800A0BAF1010FCC
:10BB10005FFA89F50BD009F10109B9F1090F04F1B8
:10BB20001004F1D14FF0000A5046BDE8F88FE368E9
:10BB3000002BF0D06168B14222D36068B04225D8B2
:10BB40002846E368984705464146284600F05CFAD7
:10BB500010BBA368EF1800F037FA5946074428468F
:10BB600000F052FA0028D6D13946404600F04CFA8F
:10BB70000028D9D063689E4294BFAD19ED18E8E75C
:10BB80003046FFF725FC0028D7D1C4E73146FFF740
:10BB90001FFC0028BFD0D3E76368ED1AD4E700BFCD
:10BBA0001C3301202DE9F04F2DED028BA1B0974DF4
:10BBB00007930023CDE909330690039116460193BC
:10BBC0008DF82C300DF1240B174698461C464FF08B
:10BBD00001092A78012A5FFA88FA40F09580EA681C
:10BBE000002A00F091806968B142C0F087806868DF
:10BBF000B04205D93146FFF7EBFB002800F0848006
:10BC00006A68974228BF174664B9EA685046904769
:10BC1000AA68029002440C900D928BF80090CDF827
:10BC200004A0012408F10108B8F1090F05F110057D
:10BC30000BF1010BCDD1002C00F0BC80029B3B44EA
:10BC400008EE103A631E20AA039302EBC3034FF0E1
:10BC5000000953F84C8C6D4B0593CB464FF0FF0A0F
:10BC60005FFA89F3049309AB13F80910E9B9059B4E
:10BC70000498D968884705460298294600F0C4F917
:10BC8000002844D118EE101A284600F0BDF900280B
:10BC90003FD1BAF1FF0F3ED05846294600F0B4F923
:10BCA000049B00281CBFAB469A46059B09F101097D
:10BCB0001033B9F1090F0593D2D1BAF1FF0F3ED07D
:10BCC0000AF180030DEB03014FF0010301F85C3C26
:10BCD0004E4B03EB0A1541465846D5F8089000F044
:10BCE00093F9E0B120AB03EBC401AB6841F850BC61
:10BCF0005B44013441F84C3CE4B2A3E73046FFF723
:10BD000067FB00287FF473AF8BF800908AE73D440F
:10BD1000B2E7ED1BB6E7DDF810A0AB46C5E709EBCF
:10BD20000B052846414600F06FF9039B20AA02EB61
:10BD3000C303002808BF454643F84C5C82E7CCB1FA
:10BD40000C9B019A07EB0309304B03EB021A4146A7
:10BD50004846DAF8085000F057F988B320AB03EBF7
:10BD6000C402DAF8083042F8509C4B44013442F8DF
:10BD70004C3CE4B200231D461A46013CD9B2A14214
:10BD80002DDB079B5C0820AB03EBC202C4EB550420
:10BD900052F84C3C1C440698214600F035F988BB0B
:10BDA000069B1E443146204600F02EF960BB069BE0
:10BDB000E31A0393039821B0BDEC028BBDE8F08F2A
:10BDC0004D442846414600F01FF9039B20AA02EB90
:10BDD000C303002808BF454643F84C5CCAE720A8C7
:10BDE0000DF1800C00EBC1000CEBC10C50F8480CBD
:10BDF0005CF84CCCA0EB0C0085423CBF05460A46E3
:10BE00000133BBE73C44C6E7E41BCBE71C3301200E
:10BE100038B5084D182303FB005304461B699847A7
:10BE2000012385F8813085F880402046BDE8384000
:10BE300015F0ACB8AC330120014B1860704700BF5F
:10BE40003034012008B515F049F8BDE80840024833
:10BE50008422002124F052BAAC330120014B5860F7
:10BE6000704700BFAC33012038B5094C94F88130DD
:10BE7000054623B915F050F82846FFF7C9FF1823E7
:10BE800005FB0330204443680133436038BD00BFE5
:10BE9000AC33012010B50D4B182400FB04411944AC
:10BEA0004A68013A4A6093F8811071B193F88010A2
:10BEB00081420AD14AB904FB013183F881204969E2
:10BEC0008847BDE8104015F02FB810BDAC330120F5
:10BED00038B5184C002384F8823094F88130206003
:10BEE000054683B194F880306A7D9A4214D01822B6
:10BEF00002FB034300225B6984F88120984794F891
:10BF000081304BB905E015F007F894F88130002B2B
:10BF1000E8D1687DFFF77CFF6B7D182202FB0343AD
:10BF20009B680BB12846984794F882300BB10023E8
:10BF3000236038BDAC33012010B5064C206840B1F9
:10BF4000437D182202FB0343DB6803B198470023BB
:10BF5000236010BDAC330120014B1868704700BF4F
:10BF6000AC330120034B1A6812B1012283F88220FE
:10BF7000704700BFAC330120014B93F8820070473B
:10BF8000AC33012010B5094C236833B15A7D182316
:10BF900002FB0333E35803B19847002323600123D6
:10BFA00084F882306368BDE810401847AC33012044
:10BFB000014B1B681888704730340120014B1B6807
:10BFC0009868704730340120014B1B68D88870474F
:10BFD000303401200B4B1B689B68834210B508D29C
:10BFE0006FEA530484424FEA530203F1010101D87E
:10BFF000084410BD0A44824224BFC01A00F1FF3039
:10C00000F7E700BF3034012038B50D46FFF7E2FFF7
:10C0100004462846FFF7DEFF0A4B1B689B688442F4
:10C020004FEA530202F1010204D9201A904228BFBC
:10C03000002038BD011B914223BF01331B19181A80
:10C040000020F6E73034012030B5054C182505FBFB
:10C050000040C0E902120361039B436130BD00BF91
:10C06000AC3301201823024A00FB0333D150704740
:10C07000AC33012020B9064A1369013313617047BC
:10C08000022801BF024A536901335361704700BF60
:10C090003434012010B5084C637A6168207A0C2290
:10C0A00002FB0343002262601B6A9847207801214B
:10C0B000BDE8104011F0ACBD34340120094B70B51F
:10C0C0000C461546064600216822184624F016F94B
:10C0D00006708481C58129462046BDE8704001F084
:10C0E00057BF00BF343401202DE9F3411A4D6F686A
:10C0F00057BB6C7A04264FF00C08022C9ABF01340F
:10C10000E4B2002408FB04538DF801705B6A0197C8
:10C11000ADF80270DBB101AA0DF102010DF10100D1
:10C120009847A0B101999DF80100696028726C726E
:10C13000FFF7A0FF0B46BDF802209DF80110204636
:10C1400001F014FFFFF7A6FF02B0BDE8F081013E49
:10C1500016F0FF06D1D1F7E734340120032830B5BB
:10C1600006D8044C0C2505FB0040C0E907124362C9
:10C1700030BD00BF34340120014B9861704700BFCF
:10C1800034340120034B596811B90120FFF7ACBFCB
:10C19000704700BF3434012010B5044608461146EC
:10C1A000FFF768FF032C08D8064B0C2202FB043370
:10C1B000DB6913B1BDE810401847BDE810400846E0
:10C1C0000DF0DEBC343401200B6803604160086070
:10C1D00003680BB158607047004BFBE79C340120AB
:10C1E0004B6843600160486043680BB1186070475A
:10C1F000014B9860704700BF9C340120074A0368D8
:10C200009168814206D1936013B100225A60704751
:10C210005360704742685A60136070479C34012035
:10C2200010B5044614F088FE0146A068FFF7ECFE46
:10C230000446FFF7C9FEA0428CBF0020012010BDBC
:10C2400010B5044614F078FE0146A068FFF7DCFE46
:10C25000B0F5967F2CBFA0F59670002010BD10B5EC
:10C26000044614F069FE0146A068FFF7CDFE0038D1
:10C2700018BF012010BD000038B50546FFF7E0FFEC
:10C280000D4B04465868A8420CD1C72C06D916F0AD
:10C29000ABF92046BDE8384016F08CB9BDE838400F
:10C2A00000F00ABB4268AA4205D11B78012B02D1DB
:10C2B000FFF7C6FFE9E738BD9C34012038B5057D9E
:10C2C0000B7D9D42044606D307D142B19047231A05
:10C2D0005842584138BD0120FCE70020FAE71046DB
:10C2E000F8E70000034B1A7812B95868FFF798BFB7
:10C2F000002070479C340120044A53685B685360F7
:10C3000013B100221A607047936070479C3401207B
:10C3100070B5194D6C68034694B1844212D12B78E4
:10C3200043BBFFF77DFF0128044609D116F05CF9F5
:10C33000FFF7E2FF6868D8B1FFF782FF16F03AF91D
:10C34000204670BD666886420FD12A78012A0CD13A
:10C35000FFF766FF01280446F2D116F045F9304692
:10C36000FFF74CFF6B685868E5E71846FFF746FF94
:10C370000124E5E70024E3E79C340120F8B50446F6
:10C3800014F0DAFD234D0646FFF71EFE6B680644E7
:10C39000A66043B9C5E90144C4E900332046BDE8BD
:10C3A000F840FFF769BFE768FFF70EFE6B683E4491
:10C3B00099683044FFF728FE90B9FFF793FF78B1F2
:10C3C00069682046FFF700FFE8E7D4E90267FFF756
:10C3D000FBFD6B683E4499683044FFF715FEA0B141
:10C3E0006D68D5E90267FFF7EFFD3E44A168304470
:10C3F000FFF70AFE30B1D5E90267FFF7E5FD3E44DD
:10C400000644A6606B68002BDFD129462046FFF763
:10C41000E7FEC3E79C3401202DE9F04788B00446CD
:10C420000F46FFF71CFF20B90026304608B0BDE8D4
:10C43000F087DFF83891D9F8045035B9C9E90144DB
:10C44000C4E90055012679E01D46D4E90268FFF7EA
:10C45000BBFD4644A9683044FFF7D6FD50B9D9F872
:10C460000430AB4201D1FFF73DFF29462046FFF7DC
:10C47000ABFEE7E7D5E90268FFF7A6FD4644A168F1
:10C480003044FFF7C1FD002867D02E467368BBB962
:10C4900031463A462046FFF711FF012806460CD1E7
:10C4A0002F464FF000087B684DF82870EBB93846EE
:10C4B000FFF72EFF012806462FD0002E3ED1B3E70E
:10C4C000D4E9028AFFF780FD7368D044996840443C
:10C4D000FFF79AFD0028DBD03A4631462046FFF7A9
:10C4E000EDFE0028A0D07668D0E7D4E9026AFFF715
:10C4F0006BFD7B68564499683044FFF785FD002842
:10C50000D5D03846FFF704FF00288DD008F1010888
:10C51000B8F1080F7F68C6D186E7796891B12046E7
:10C52000FFF752FE6D4608F10108002755F8040B8D
:10C53000C36903B1984701374745F7D12046FFF754
:10C540009BFE72E7296819B12046FFF749FEE9E72B
:10C55000C9E90144C4E90011E4E76B68002B7FF4EA
:10C5600073AF29462046FFF73BFE6BE79C34012062
:10C570002DE9F04786687318836004460F4690469D
:10C58000FFF76DFE054670B9FFF718FD4008013052
:10C59000404501D0A66011E014F0CEFC0546FFF73F
:10C5A00013FD2844A060314D6B6853B9C5E90144BF
:10C5B000C4E900332046FFF75FFE01252846BDE8A9
:10C5C000F087A1689868FFF71FFD90B1D4E9029A3F
:10C5D000FFF7FAFC6B68D14499684844FFF714FDF3
:10C5E00038B9FFF77FFE20B169682046FFF7ECFD00
:10C5F000E0E7AB68D3E9029AFFF7E6FCD144A16813
:10C600004844FFF701FD80B9A9682046FFF7E8FD1F
:10C61000D0E7D4F80CA0FFF7D7FC6B68D144996839
:10C620004844FFF7F1FC0028DED06D68002DB1D042
:10C63000D5E9029AFFF7C8FCD144A1684844FFF746
:10C64000E3FC30B1D5E9029AFFF7BEFCD14448447F
:10C65000A060D4F808906A68A9EB06039F42E4D86A
:10C660009845E2D3002AD4D12946CEE79C34012054
:10C670002DE9F0473B4D8668D5F80880B31804468D
:10C68000894617468360B8F1000F0CD1FFF7E7FD2C
:10C69000F0B1C5E90144C4E900882046FFF7ECFD8C
:10C6A0000120BDE8F087D8E902A8FFF78DFCC2445D
:10C6B000A1685044FFF7A8FC40B92046FFF7CFFD22
:10C6C00030B1A9682046FFF78BFDE6E7AD6815B9E4
:10C6D000A6600020E5E72B681BBBD5F80880D4F8DE
:10C6E0000CA0FFF771FCA8EB0A083146A8EB00008C
:10C6F000FFF78AFCB84228BF384631188145A1604F
:10C700002ED8A868FFF780FC50B32046FFF7A7FD9E
:10C7100030B3FFF7E7FD18B329462046FFF754FD75
:10C72000BBE7D3E9028AFFF74FFCD0444044A06046
:10C730002046FFF794FD0028CAD0A0683146FFF7D5
:10C7400063FC48450CD387420AD3D4E9028AFFF739
:10C750003BFCD044A9684044FFF756FC0028DBD0DE
:10C760002D68B4E79C34012070B5244E72680546EC
:10C77000134613B90024204670BD9D4221D05B684A
:10C78000F7E7FFF7EFFBF5E7FFF7ECFB002CF1D045
:10C790002DE05368AB4228460FD13378012B0CD1E2
:10C7A000FFF73EFD01280446F0D115F01DFF284695
:10C7B000FFF724FD7368586813E0FFF71FFD01249D
:10C7C00015E09542E5D13378002BDAD12846FFF702
:10C7D00027FD01280446D7D115F006FFFFF78CFD91
:10C7E00070680028EBD0FFF72BFD15F0E3FEEB6936
:10C7F000002BC0D028469847BDE700BF9C340120DD
:10C80000074B10B55C68844209D1FFF76BFD30B16E
:10C8100015F0EAFE2046BDE81040FFF72DBD10BD23
:10C820009C34012010B5044614F086FB0146A06834
:10C83000FFF7EAFB0446FFF7C7FB0F30A0428CBFAF
:10C840000020012010BD000010B5044C0221A0788A
:10C8500011F0DEF963780133637010BD9C34012060
:10C8600010B5044C0121A07811F0D2F9637801339E
:10C87000637010BD9C34012038B5054614F05CFB94
:10C880000146A868FFF7C0FB044670B1094C284672
:10C89000FFF71EFB00232382FFF76EFB38B164789D
:10C8A000003C18BF0124FFF747FB204638BD012498
:10C8B000FBE700BF9C340120024B0821987811F05F
:10C8C000A7B900BF9C340120034B0022C3E9012219
:10C8D0001A70DA605A6170479C34012008B518223A
:10C8E0000548002123F00AFDFFF7EEFF0348BDE8ED
:10C8F000084015F031BE00BF9C34012079C9040006
:10C9000010B50446FFF7EAFF034B04489C70BDE8EE
:10C910001040FFF7A3BA00BF9C34012061C8040097
:10C9200010B50C4C63685B680BB9012010BDFFF7B4
:10C9300003FBA078042111F06BF963780133637075
:10C940000123237063685868FFF796FF0028ECD135
:10C950002070EBE79C34012010B5064C606808B9E4
:10C96000012010BD01232370FFF786FF0028F7D1B7
:10C970002070F6E79C34012073B5224C637865681B
:10C9800083B1A078082111F043F96269238A01324A
:10C9900001336261E2899BB29A42238200D2E38131
:10C9A00002B070BD2378E3B9FFF7D6FF08B9FFF7EF
:10C9B0004BFF6C68002CF3D014F0BEFA0146A0685F
:10C9C000FFF722FBB0F5967F17D3B0F59670019074
:10C9D00013D015F009FE019802B0BDE8704015F0C3
:10C9E000E9BD6E682B7D327D9A42CAD2FFF798FF6F
:10C9F00008B9FFF729FF7468DCE702B0BDE87040B2
:10CA0000FFF75ABF9C3401202DE9F041044614F091
:10CA100093FA244D07464FF000084CB914F08CFAF5
:10CA20003946FFF7F1FAAB89834238BFA88102E0AB
:10CA30006E6816B92E80BDE8F081E0070ED585F846
:10CA40000080FFF759FCB3690BB1304698476B780B
:10CA5000013B6B7024F00104A4B2DEE7A1070BD503
:10CA6000FFF74AFCF3690BB1304698476B78013BFE
:10CA70006B7024F00204EFE762070BD5FFF73CFC74
:10CA8000B3690BB1304698476B78013B6B7024F06B
:10CA90000404E1E72307C0D5FFF76EFF24F0080484
:10CAA000DAE700BF9C3401200020704730B5002336
:10CAB00010C920CA641910C010C920CA6C4110C026
:10CAC00010C920CA6C4110C010C920CA6C4110C0E6
:10CAD00010C920CA6C4110C010C920CA6C4110C0D6
:10CAE00010C920CA6C4110C010C920CA6C4110C0C6
:10CAF0005B41184630BD30B5002310C920CA641B05
:10CB000010C010C920CAAC4110C010C920CAAC4125
:10CB100010C010C920CAAC4110C010C920CAAC4115
:10CB200010C010C920CAAC4110C010C920CAAC4105
:10CB300010C010C920CAAC4110C05B41B3FA83F0E9
:10CB4000400930BD2022002123F0D8BB031F1C3038
:10CB500053F8042F1AB98342FAD1012070470020FC
:10CB60007047002351F8232040F823200133082B7D
:10CB7000F8D1704710B500F12003203153F8044D6F
:10CB800051F8042D944204D805D38342F6D10020F5
:10CB900010BD0120FCE74FF0FF30F9E700F1200362
:10CBA0000022834200D1704753F8041D42EA51022B
:10CBB0001A60CA07F5E70000F0B589B0FFF7D1FFAA
:10CBC000CB6A03930B6B04934B6B05938B6B0693B0
:10CBD0000C4606460027CB6B07936A4669466846B3
:10CBE000CDE901770097FFF761FF6A4605463146B8
:10CBF0003046FFF75BFF236B0393636B0493A36BD8
:10CC00000593E36B05446A4669466846CDE90637F5
:10CC1000FFF74CFF6A46054431463046FFF746FFB2
:10CC2000236A0093636A0193A36A0293A36B06933A
:10CC30000544E36B07936A4631463046CDE90477F5
:10CC40000397FFF733FF636A0093A36AA26B019314
:10CC5000E36A02930492636BE26B0393CDE90523CD
:10CC60000544236A07936A4631463046FFF71EFFA4
:10CC7000E36A0093236B0193636B0293236A069329
:10CC80000544A36A07936A4631463046CDE90477E6
:10CC90000397FFF730FF236B0093636B0193A36B44
:10CCA0000293E36B0393636A06932D1AE36A079377
:10CCB0006A4631463046CDE90477FFF71CFF636BC7
:10CCC0000093A36B0193E36B0293236A0393636A5C
:10CCD0000493A36A2D1ACDE905376A46236B07939F
:10CCE00031463046FFF707FFA36B0093E36BCDE9B6
:10CCF0000137636A0393A36A0493E36A2D1ACDE9AB
:10CD000005376A46636B079331463046FFF7F3FEFB
:10CD10002D1A0C4C0DD42DB931462046FFF72AFFB1
:10CD200001280DD0224631463046FFF7E4FE2D1A89
:10CD3000F1E7224631463046FFF7B8FE2D18F8D409
:10CD400009B0F0BDDC4907002DE9F04F91B007EEC6
:10CD5000900A684600F1180002F1180218C9C0CA0A
:10CD6000A3FB06BC40F804BB4FF0000AA3FB07B9C5
:10CD70001CEB0B0C49F10009A4FB06BE1CEB0B0CD1
:10CD800059EB0E094AF1000A40F804CBA4FB07CE88
:10CD900019EB0C094AEB0E0AA0E80006A0F11C00F2
:10CDA000A2F11402B2E8C00120C9A3FB06BC40F8FE
:10CDB00004BB4FF0000AA3FB07B91CEB0B0C49F1B5
:10CDC0000009A4FB06BE1CEB0B0C59EB0E094AF143
:10CDD000000A40F804CB4FF0000BA3FB08CE19EB80
:10CDE0000C095AEB0E0A4BF1000BA4FB07CE19EB12
:10CDF0000C095AEB0E0A4BF1000BA5FB06CE19EB02
:10CE00000C095AEB0E0A4BF1000B40F8049B08C9C1
:10CE10004FF0000CA4FB08E91AEB0E0A5BEB090BC0
:10CE20004CF1000CA5FB07E91AEB0E0A5BEB090BB2
:10CE30004CF1000CA3FB06E91AEB0E0A5BEB090BA5
:10CE40004CF1000CD0F800E01AEB0E0A5BF1000B7D
:10CE50004CF1000C40F804AB10C94FF0000EA5FBDC
:10CE6000089A1BEB090B5CEB0A0C4EF1000EA3FBBE
:10CE7000079A1BEB090B5CEB0A0C4EF1000EA4FBAE
:10CE8000069A1BEB090B5CEB0A0C4EF1000ED0F876
:10CE900000901BEB090B5CF1000C4EF1000E40F80A
:10CEA00004BB40CA4FF00009A5FB06AB1CEB0A0C03
:10CEB0005EEB0B0E49F10009A3FB08AB1CEB0A0C5F
:10CEC0005EEB0B0E49F10009A4FB07AB1CEB0A0C4F
:10CED0005EEB0B0E49F10009D0F800A01CEB0A0C28
:10CEE0005EF1000E49F1000940F804CB80CA4FF012
:10CEF000000AA5FB07BC1EEB0B0E59EB0C094AF10F
:10CF0000000AA3FB06BC1EEB0B0E59EB0C094AF101
:10CF1000000AA4FB08BC1EEB0B0E59EB0C094AF1EE
:10CF2000000AD0F800B01EEB0B0E59F100094AF1CF
:10CF3000000A40F804EB4FF0000BA3FB07CE19EBFF
:10CF40000C095AEB0E0A4BF1000BA4FB06CE19EBB1
:10CF50000C095AEB0E0A4BF1000B40F8049BA4FBA2
:10CF600007E91AEB0E0A4BEB090BA0E8000CA0F145
:10CF70003400A1F11401A2F1200238C9B2E8C001C5
:10CF8000A3FB06BC40F804BB4FF0000AA3FB07B9A3
:10CF90001CEB0B0C49F10009A4FB06BE1CEB0B0CAF
:10CFA00059EB0E094AF1000A40F804CB4FF0000B90
:10CFB000A3FB08CE19EB0C095AEB0E0A4BF1000B40
:10CFC000A4FB07CE19EB0C095AEB0E0A4BF1000B30
:10CFD000A5FB06CE19EB0C095AEB0E0A4BF1000B20
:10CFE00040F8049B08C94FF0000CA4FB08E91AEBB9
:10CFF0000E0A5BEB090B4CF1000CA5FB07E91AEBE1
:10D000000E0A5BEB090B4CF1000CA3FB06E91AEBD3
:10D010000E0A5BEB090B4CF1000CD0F800E01AEBA8
:10D020000E0A5BF1000B4CF1000C40F804AB10C988
:10D030004FF0000EA5FB089A1BEB090B5CEB0A0CEA
:10D040004EF1000EA3FB079A1BEB090B5CEB0A0CDD
:10D050004EF1000EA4FB069A1BEB090B5CEB0A0CCD
:10D060004EF1000ED0F800901BEB090B5CF1000CA8
:10D070004EF1000E40F804BB20C94FF00009A3FB9D
:10D0800008AB1CEB0A0C5EEB0B0E49F10009A4FB8C
:10D0900007AB1CEB0A0C5EEB0B0E49F10009A5FB7C
:10D0A00006AB1CEB0A0C5EEB0B0E49F10009D0F845
:10D0B00000A01CEB0A0C5EF1000E49F1000940F8DB
:10D0C00004CB08C94FF0000AA4FB08BC1EEB0B0EF2
:10D0D00059EB0C094AF1000AA5FB07BC1EEB0B0E2D
:10D0E00059EB0C094AF1000AA3FB06BC1EEB0B0E20
:10D0F00059EB0C094AF1000AD0F800B01EEB0B0EF8
:10D1000059F100094AF1000A40F804EB10C94FF048
:10D11000000BA5FB08CE19EB0C095AEB0E0A4BF1DC
:10D12000000BA3FB07CE19EB0C095AEB0E0A4BF1CF
:10D13000000BA4FB06CE19EB0C095AEB0E0A4BF1BF
:10D14000000BD0F800C019EB0C095AF1000A4BF1A2
:10D15000000B40F8049B40CA4FF0000CA5FB06E909
:10D160001AEB0E0A5BEB090B4CF1000CA3FB08E970
:10D170001AEB0E0A5BEB090B4CF1000CA4FB07E960
:10D180001AEB0E0A5BEB090B4CF1000CD0F800E037
:10D190001AEB0E0A5BF1000B4CF1000C40F804ABEB
:10D1A00080CA4FF0000EA5FB079A1BEB090B5CEB46
:10D1B0000A0C4EF1000EA3FB069A1BEB090B5CEB6D
:10D1C0000A0C4EF1000EA4FB089A1BEB090B5CEB5A
:10D1D0000A0C4EF1000ED0F800901BEB090B5CF12D
:10D1E000000C4EF1000E40F804BB52F8048B4FF0D7
:10D1F0000009A5FB08AB1CEB0A0C5EEB0B0E49F11A
:10D200000009A3FB07AB1CEB0A0C5EEB0B0E49F10C
:10D210000009A4FB06AB1CEB0A0C5EEB0B0E49F1FC
:10D220000009D0F800A01CEB0A0C5EF1000E49F1D9
:10D23000000940F804CB40CA4FF0000AA5FB06BC29
:10D240001EEB0B0E59EB0C094AF1000AA3FB08BCBC
:10D250001EEB0B0E59EB0C094AF1000AA4FB07BCAC
:10D260001EEB0B0E59EB0C094AF1000AD0F800B086
:10D270001EEB0B0E59F100094AF1000A40F804EBCD
:10D2800080CA4FF0000BA5FB07CE19EB0C095AEB37
:10D290000E0A4BF1000BA3FB06CE19EB0C095AEB5F
:10D2A0000E0A4BF1000BA4FB08CE19EB0C095AEB4C
:10D2B0000E0A4BF1000BD0F800C019EB0C095AF123
:10D2C000000A4BF1000B40F8049B4FF0000CA3FB4D
:10D2D00007E91AEB0E0A5BEB090B4CF1000CA4FBFF
:10D2E00006E91AEB0E0A5BEB090B4CF1000C40F857
:10D2F00004ABA4FB079A1BEB090B4CEB0A0CA0E850
:10D30000001817EE900A6946FFF756FC11B0BDE809
:10D31000F08F2DE9F04F91B007EE900A68460CC9E6
:10D3200001F1100160C900F11800A2FB058940F865
:10D33000048BA2FB06CA19EB0C094AF1000A40F85B
:10D34000049BA3FB06891AEB080A49F1000BA0E82D
:10D35000000CA0F12800A1F12001FCC9A2FB02BC35
:10D3600040F804BB4FF00009A2FB03AB1CEB0A0C16
:10D370005BF1000849F100091CEB0A0C58EB0B08A3
:10D3800049F1000940F804CB4FF0000AA2FB04BCAD
:10D390001BEB0B0B5CEB0C0C4AF1000A18EB0B08B7
:10D3A00059EB0C094AF1000AA3FB03BC18EB0B086C
:10D3B00059EB0C094AF1000A40F8048B4FF0000CBD
:10D3C000A2FB058BDE46E3FB048BDE4588BF4CF1F8
:10D3D000000C18EB08085BEB0B0B4CEB0C0C18EB80
:10D3E00009085BEB0A0B4CF1000C40F8048B4FF082
:10D3F000000AA2FB0689CE46E3FB0589CE4588BF1D
:10D400004AF1000A18EB080859EB09094AEB0A0A25
:10D41000CE46E4FB0489CE4588BF4AF1000A18EBEA
:10D420000B0859EB0C094AF1000A40F8048B4FF045
:10D43000000CA2FB078BDE46E3FB068BDE4588BFB4
:10D440004CF1000CDE46E4FB058BDE4588BF4CF159
:10D45000000C18EB08085BEB0B0B4CEB0C0C18EBFF
:10D4600009085BEB0A0B4CF1000C40F8048B04C973
:10D470004FF0000AA3FB0789CE46E4FB0689CE45A0
:10D4800088BF4AF1000AD0F800E018EB0E0859F105
:10D4900000094AF1000A18EB080859EB09094AEBA0
:10D4A0000A0ACE46E5FB0589CE4588BF4AF1000A47
:10D4B00018EB0B0859EB0C094AF1000A40F8048BF1
:10D4C0004FF0000CA3FB028BDE46E4FB078BDE452E
:10D4D00088BF4CF1000CDE46E5FB068BDE4588BFBD
:10D4E0004CF1000CD0F800E018EB0E085BF1000BDB
:10D4F0004CF1000C18EB08085BEB0B0B4CEB0C0C25
:10D5000018EB09085BEB0A0B4CF1000C40F8048B9C
:10D5100008C94FF0000AA4FB0289CE46E5FB078943
:10D52000CE4588BF4AF1000AD0F800E018EB0E089B
:10D5300059F100094AF1000A18EB080859EB0909EA
:10D540004AEB0A0ACE46E6FB0689CE4588BF4AF179
:10D55000000A18EB0B0859EB0C094AF1000A40F8D5
:10D56000048B4FF0000CA4FB038BDE46E5FB028B23
:10D57000DE4588BF4CF1000CDE46E6FB078BDE453E
:10D5800088BF4CF1000CD0F800E018EB0E085BF1FE
:10D59000000B4CF1000C18EB08085BEB0B0B4CEB91
:10D5A0000C0C18EB09085BEB0A0B4CF1000C40F873
:10D5B000048B4FF0000AA5FB0389CE46E6FB0289E7
:10D5C000CE4588BF4AF1000A18EB080859EB090953
:10D5D0004AEB0A0ACE46E7FB0789CE4588BF4AF1E7
:10D5E000000A18EB0B0859EB0C094AF1000A40F845
:10D5F000048B4FF0000CA6FB038BDE46E7FB028B8F
:10D60000DE4588BF4CF1000C18EB08085BEB0B0BF8
:10D610004CEB0C0C18EB09085BEB0A0B4CF1000C03
:10D6200040F8048B4FF00008A7FB031A49185AEB87
:10D630000A0A48F100081BEB010B5CEB0A0C48F1ED
:10D640000008A2FB021A1BEB010B5CEB0A0C48F171
:10D65000000840F804BB4FF0000BA2FB031A491866
:10D660005AEB0A0A4BF1000B1CEB010C58EB0A08B1
:10D670004BF1000B40F804CBA3FB031A18EB010895
:10D680005BEB0A0BA0E8000917EE900A6946FFF76A
:10D6900093FA11B0BDE8F08F70B588B006460D461C
:10D6A000684611461446FFF734FE6A463146304656
:10D6B000FFF74AFB224669466846FFF745FB6A4684
:10D6C00029462846FFF740FB08B070BD0B1F1C31F0
:10D6D00053F8042F120E02775A8842771A68120AFA
:10D6E00082771A68C2778B42A0F10400F0D17047AC
:10D6F00001F11C0304381A688B4212BA40F8042F57
:10D70000A3F10403F7D1704708B50146FFF71EFAED
:10D7100030B101F12000FFF719FA003818BF0120DD
:10D7200008BD000010B50446FFF7E5F930B1214609
:10D730002046034ABDE81040FFF7B8B910BD00BF4E
:10D74000DC490700F0B5144689B006460F4602468C
:10D75000214668461D46FFF7E5FF69466846FFF724
:10D76000D8FD6A4631463046FFF7EEFA6A46214652
:10D770002046FFF7E9FA3A4629462846FFF7D2FF46
:10D7800029466846FFF7C5FD324669466846FFF7F9
:10D79000C9FF224669466846FFF7C4FF3246214664
:10D7A0002046FFF7BFFF224639463846FFF7CCFA3E
:10D7B0006A4631462046FFF7B5FF224629462846ED
:10D7C000FFF7C2FA3A4629462846FFF7ABFF6946FB
:10D7D0002046FFF7C6F909B0F0BD000010B50446B9
:10D7E000FFF764F928B907492046FFF7C3F9002875
:10D7F00006DB21462046034ABDE81040FFF77BB90F
:10D8000010BD00BFDC490700F0B5144699B00546CD
:10D810000F460246214668461E46FFF783FF6946CB
:10D820006846FFF776FD6A4629462846FFF78CFAD8
:10D830006A4621462046FFF787FA3A46314668464F
:10D84000FFF7CCFF3A4631463046FFF76BFF2A46DA
:10D85000214608A8FFF766FF08AA39463846FFF7B1
:10D8600073FA2246294608A8FFF7B8FF314620463A
:10D87000FFF74FFD08AA21462046FFF753FF224637
:10D88000294610A8FFF74EFF10AA31463046FFF791
:10D890005BFA3A4631463046FFF744FF694610A826
:10D8A000FFF737FD10A908AA0846FFF73BFF2A46F5
:10D8B00010A908A8FFF736FF08A96A460846FFF72F
:10D8C00043FA3A4608A93846FFF72CFF10A9284624
:10D8D000FFF747F919B0F0BD2DE9F04F9246ABB014
:10D8E0000278DDF8D08004460F46042A00F25E81FB
:10D8F000DFE812F00500B300D200F9000F0100F1DB
:10D9000024055146284604F16406FFF72AF90AF176
:10D9100020013046FFF725F9271D04F14409B8F12D
:10D92000000F00F09080414612A8FFF71AF929462F
:10D930003846FFF716F931464846FFF712F92846F0
:10D9400012AAFFF7A9FE12A8FFF700F900286CD170
:10D9500031461AA8FFF7DDFC1AAA294622A8FFF7CC
:10D96000F3F91AA90846FFF7D4FC12AA314630464B
:10D97000FFF7EAF912A90846FFF7CBFC12AA2946DD
:10D980002846FFF72BFF12AA11461046FFF726FF85
:10D9900012AA10462946FFF7C5FE12AA29462846B4
:10D9A000FFF7D2F92A46294612A8FFF717FF2946A2
:10D9B00012AA2846FFF712FF636AD90749D5C04A61
:10D9C00029462846FFF772F880462846FFF7E6F812
:10D9D000236C43EAC8732364294612A8FFF799FC15
:10D9E00012A9084622AAFFF79DFE12A9084622AAFC
:10D9F000FFF798FE22A9084612AAFFF793FE22AA73
:10DA000029462846FFF7A0F91AAA10462946FFF72B
:10DA100089FE12A92846FFF7A4F8314612A8FFF79D
:10DA2000A0F81AA93046FFF79CF812AA49463846D2
:10DA3000FFF732FEFF23C4F8843001232370002057
:10DA40002BB0BDE8F08F12A8FFF77CF801231293EA
:10DA50006DE72846FFF7A2F8BEE7D0F88420501102
:10DA6000012153F8203002F01F0201FA02F21A429B
:10DA70000CBF0A460022881A4001520102F14403F9
:10DA800000F1440104320430234422442144204460
:10DA9000FFF7BAFE0223D1E7D0F88420501101210C
:10DAA00053F8203002F01F0201FA02F21A420CBFB2
:10DAB0000A46002250018A1A520102F1440300F181
:10DAC0004401043204302344224421442044FFF71B
:10DAD00039FED4F88430013B002BC4F88430CCBF2D
:10DAE00001230323AAE71A6802F00100D24302F0DF
:10DAF00001024001520102F1440300F144010432E9
:10DB000004302344224421442044FFF77DFE0423B3
:10DB100094E71D68EE4305F00105023500F10409A4
:10DB20006D0100F124014A4602A805F10408FFF73F
:10DB3000F9FDA04402A908464246FFF705F902A9EB
:10DB400008465246FFF700F902A806F00106FEF764
:10DB5000FDFF68B302A8FEF7F5FF02A908460AF127
:10DB60002002FFF7F1F83C3D02A962190846760150
:10DB70000192FFF7E9F806F1440104364346019AA1
:10DB80002144A01904F14405FFF7DCFD02AA29464F
:10DB90004846FFF781FD49463846FEF7E2FF294631
:10DBA00007F12000FEF7DDFF05232370012047E782
:10DBB00002A90AA8FEF7D5FF4149DFF804B112A86F
:10DBC000FEF7CFFF1AA8FEF7BDFF012322A81A9384
:10DBD000FEF7B8FF12A90AA8FEF7CCFF20B91AA9D0
:10DBE00002A8FEF7BEFFB8E70A9BDA0718D40AA816
:10DBF000FEF7D4FF1A9810F0010305D01AA95A466F
:10DC00000846FEF753FF03461AA80193FEF7C6FF26
:10DC1000019B002BDED0219B43F000432193D9E7E9
:10DC2000129BDB0718D412A8FEF7B8FF229810F059
:10DC3000010305D022A95A460846FEF737FF0346DE
:10DC400022A80193FEF7AAFF019B002BC2D0299BBB
:10DC500043F000432993BDE7002818DD0AA912AA62
:10DC60000846FEF748FF0AA8FEF798FF22A91AA85F
:10DC7000FEF780FF002804DA1AA95A460846FEF784
:10DC800015FF1AA922AA0846FEF735FFB2E712A926
:10DC90000AAA0846FEF72FFF12A8FEF77FFF1AA96F
:10DCA00022A8FEF767FF002804DA22A95A46084690
:10DCB000FEF7FCFE22A91AAA0846FEF71CFFB5E7EC
:10DCC000DC490700014B1860704700BFEC62002080
:10DCD000074B10B5002104464FF4BC72184622F0E1
:10DCE0000DFB21460430BDE81040FFF701BD00BF29
:10DCF000B43401202DE9F341294D2B78012B2BD091
:10DD0000022B40D0002B48D1281DFEF71FFF0446F0
:10DD100018B1002002B0BDE8F0812248291DFEF7AD
:10DD200029FF01280646F4D105F164071D4AC5F80C
:10DD3000A47005F18408291D3846C5F8A880FEF7AF
:10DD4000B5FE184AC5F8AC0039464046FEF7AEFEAF
:10DD500085F8B0402E70DCE7D5F8AC30124AB3FA43
:10DD600083F35B0905EB830300240094D3F8A4300C
:10DD700005F1240105F1B000FFF7AEFD0028C8D081
:10DD800002232B70C5E705F12400FFF7BDFC10B19D
:10DD900000202870BEE703232B700120BAE700BFE4
:10DDA000B4340120BC4907005C49070038B5094D6F
:10DDB00004460846291DFFF789FC05F12401204689
:10DDC000FFF784FC05F1440104F12000BDE8384070
:10DDD000FFF77CBCB434012010B5A8B0014618A8E8
:10DDE000FFF786FC203120A8FFF782FC18A8FFF778
:10DDF0008BFC0446002833D11A4818A9FEF7BAFE56
:10DE000001282AD1174820A9FEF7B4FE012824D101
:10DE100020A96846FFF77DFA1C22214611A822F0AE
:10DE20006DFA032318A908A81093FFF772FA08A93E
:10DE3000084610AAFFF776FC08A9084618AAFEF7BC
:10DE400083FF08A90846084AFFF7C8FC08A96846E6
:10DE5000FEF790FEB0FA80F46409204628B010BDA9
:10DE60000024FAE7DC4907009C4907002DE9F0414E
:10DE70004FF4BC7206460F461E481E4DDFF88080E8
:10DE8000002122F03BFA4024D8F800301948202124
:10DE9000984758B32846FEF759FE38BB2D62164CFA
:10DEA00039462046FFF724FC3146A4F18000FFF7F5
:10DEB0001FFC06F12001A4F16000FFF719FC04F13A
:10DEC00020060E4AC5F8E44021462046C5F8E86021
:10DED000FEF7ECFD094AC5F8EC0021463046FEF796
:10DEE000E5FD002385F8F030BDE8F081013CCBD1A1
:10DEF000D5E700BFB434012058350120BC490700E4
:10DF0000EC62002007B50B48D0F8EC30026A0092B2
:10DF1000B3FA83F35B0900EB830300F1240200F101
:10DF20006401D3F8E430F030FFF7D6FC03B05DF8BD
:10DF300004FB00BFB43401200149FFF7C7BB00BF99
:10DF400018350120022910B514461A4608D00529B3
:10DF500008D0012908D10021FEF71EF9204610BD86
:10DF60000121F9E70321F7E70020F8E70139C9B2F9
:10DF7000022910B405D8054C615C5DF8044B12F021
:10DF80009BBF00205DF8044B704700BFFC490700B1
:10DF900070470000064A0523118A814206D0013BE2
:10DFA00013F0FF0302F11C02F6D11A461046704727
:10DFB0003036012010B5094B05224FF6FF711C8A3F
:10DFC0008C4204D100221882DA751A8310BD013AFE
:10DFD00012F0FF0203F11C03F1D1F7E73036012004
:10DFE000427E013208B542760FF03FFD034A92F8B7
:10DFF000BA3013B1013B82F8BA3008BD3036012087
:10E0000038B5044600282FD11C4C05234FF6FF726B
:10E01000218A914201D0A17D31BB013B13F0FF0366
:10E0200004F11C04F4D1002038BD658A002DFAD01B
:10E03000638A228A5B1B638263681A70238A626820
:10E040001B0A43F01003537063689D7063682A0ACB
:10E05000DA7061682046FFF7C3FF638A13B1636813
:10E060002B4463600120DFE7658A01F075F9854282
:10E07000DBD301F071F90546D8E700BF3036012047
:10E0800070B50E460446154601F066F9B04217D247
:10E090002B18C4E90053361A01236682A375A870B1
:10E0A000000AE87029462046FFF79AFF074D95F8C9
:10E0B000BA3023B12046FFF7A3FF0028F7D170BD87
:10E0C00029462046BDE87040FFF78ABF3036012060
:10E0D0002DE9F3411B4D95F8BA3040B1184495F83D
:10E0E000BB30C0B2984228BF184685F8BA00164F18
:10E0F00095F8BA3013B902B0BDE8F0810020FFF7FF
:10E100007FFF0028F4D10DF1070138460BF051FDD7
:10E1100004460028EFD04378867890F80380007892
:10E1200000EB032080B2FFF735FF30B106EB08218A
:10E13000224689B2FFF7A4FFDAE720460BF020FD64
:10E14000D6E700BF30360120D836012038B5104C54
:10E150000523228A824214D1206818B10BF010FDE9
:10E1600000232360A0680025A57510B10BF008FD01
:10E17000A5604FF6FF73607E2382BDE83840FFF74D
:10E18000A7BF013B13F0FF0304F11C04E1D138BD2C
:10E19000303601202DE9F041437890F800808678F0
:10E1A00008EB032808F44057C378C8F30B0805466A
:10E1B000404606EB0326FFF7EDFEB6B2044638B93B
:10E1C000002628460BF0DCFC35462846BDE8F081E9
:10E1D000B7F5005F3DD1806818B10BF0D1FC00238A
:10E1E000A360032EECD96B792F79274A07EB03271D
:10E1F000B2F8B420BFB2FB1C9342E1DAB342E4DBD5
:10E2000007F10800002180B20BF0B6FCA0600028E6
:10E21000D6D0431CE36080F80080E3684FEA1828FA
:10E220005A1CE26083F80080E36804375A1CE260FD
:10E230001F70E3685A1CE2603A121A70E0683246B6
:10E24000291D22F033F8E368BF1B3344E360A78243
:10E25000B6E7B7F5805FB3D18368002BB0D0838A6F
:10E26000B342ADD3C0683246291D22F01FF8E368DF
:10E270003344E360A38A9B1B9BB2A382002B9FD1F4
:10E28000A668A3609DE700BF303601200F4B4FF614
:10E29000FF721A829A85A3F84820A3F86420A3F895
:10E2A00080204FF0FF32C3E92322C3F894201B22C1
:10E2B000A3F8B42040F205120021A3F8B820C3E966
:10E2C0002A11C3F8D81000F0B3BF00BF30360120C8
:10E2D000024B012283F821200FF06EBC543F012035
:10E2E000014BA3F8B40070473036012030B5074D1C
:10E2F000D5E9004322B120431943C5E9000130BDEF
:10E3000024EA000023EA0101F7E700BFF0620020E1
:10E310002DE9F041437806788478C77806EB032628
:10E32000B6B280463046FFF735FE054668B304EBCB
:10E330000724194F07F1A8000BF0BEFCA4B2424617
:10E34000F0B197F8BA30DBB121462846FFF798FEC6
:10E3500001F002F82A7E013C94FBF0F301331344F0
:10E36000DBB22B7697F8B8209A4213D8EB7D8BB9A5
:10E370000A4B0121E97530465B69BDE8F041184759
:10E38000074800210BF0FFFBE2E74046BDE8F04103
:10E390000BF0F6BBBDE8F08130360120543F012080
:10E3A000D836012038B50446C81C80B20D460BF0A3
:10E3B000DBFB18B10470240A4470857038BD00007E
:10E3C00037B5024618B1104800210BF0DCFB0F4DA9
:10E3D000AB7EB3B10DF1070105F110000BF0E9FBC5
:10E3E000044670B1AB7E013BAB76427803780221E4
:10E3F00003EB022328462B830BF0CAFC20460FF0C8
:10E400003EFB03B030BD00BF203701201037012094
:10E41000054B0022C3E9042201229A769A71034A2D
:10E4200092F820201A73704710370120543F0120C2
:10E430007047000010B5054C20460BF0B2FC0123DC
:10E44000A3760020BDE81040FFF7BABF10370120C7
:10E4500038B504460D4640F206400321FFF7A2FFFF
:10E4600038B1C470240A04714571BDE83840FFF723
:10E47000A7BF38BD70B506460D4642F21100072110
:10E48000FFF790FF044648B1C670294604300BF0F0
:10E49000C9FC2046BDE87040FFF792BF70BD08B5CB
:10E4A000002142F21000FFF77DFF18B1BDE80840DF
:10E4B000FFF786BF08BD38B505460C4642F213008B
:10E4C0000E21FFF76FFF20B3C5702D0A057122885A
:10E4D00042712288120A82716288C2716288120AAD
:10E4E0000272A2884272A288120A8272E288C27202
:10E4F000E288120A0273228942732289120A827305
:10E500006289C2736289120A0274BDE83840FFF75B
:10E5100057BF38BD2DE9F84F07460E4642F20D00B1
:10E520001921DDF828B09DF82C900C9D9246984654
:10E53000FFF738FF044690B3C77046713F0A360AAA
:10E540000771867180F807A080F808805946093065
:10E550000BF068FC84F80F902B8823742B881B0A1F
:10E5600063746B88A3746B881B0AE374AB88237590
:10E57000AB881B0A6375EB88A375EB881B0AE375F0
:10E580002B8923762B891B0A63766B89A3766B898B
:10E590001B0AE3762046BDE8F84FFFF711BFBDE840
:10E5A000F88F08B5002142F20E00FFF7FBFE18B10C
:10E5B000BDE80840FFF704BF08BD2DE9F84F064647
:10E5C000884642F220000E21BDF828B0BDF82CA0EC
:10E5D000BDF8309017461D46FFF7E4FE08B3C6703D
:10E5E00080F80580360A4FEA1828C77145723F0A3D
:10E5F0002D0A4FEA1B214FEA1A224FEA192306710E
:10E6000080F806800772857280F80BB0017380F87D
:10E610000DA0827380F80F900374BDE8F84FFFF7E8
:10E62000CFBEBDE8F88F38B504460D4642F2210052
:10E630000321FFF7B7FE38B1C470240A0471457195
:10E64000BDE83840FFF7BCBE38BD70B506460D4684
:10E6500042F2220006211446FFF7A4FE60B1C67004
:10E660004571360A2D0AC471240A06718571047237
:10E67000BDE87040FFF7A4BE70BD38B505460C4636
:10E6800042F224000421FFF78DFE48B1C5704471A9
:10E690002D0A240A05718471BDE83840FFF790BE49
:10E6A00038BD38B505460C4642F226004021FFF73A
:10E6B00079FEC0B12B46C21C05F1200153F8045B62
:10E6C00042F8045B8B42F9D1214600F1230304F1A7
:10E6D000200251F8044B43F8044B9142F9D1BDE8B4
:10E6E0003840FFF76DBE38BD08B5002142F22F005B
:10E6F000FFF758FE18B1BDE80840FFF761BE08BD3E
:10E7000038B505460C4642F217002021FFF74AFEB5
:10E71000C0B12B46C21C05F1100153F8045B42F84E
:10E72000045B8B42F9D1214600F1130304F110027E
:10E7300051F8044B43F8044B9142F9D1BDE83840FD
:10E74000FFF73EBE38BD10B50221044642F21B0061
:10E75000FFF728FE30B1C470240A0471BDE81040F0
:10E76000FFF72EBE10BD38B505460C4642F21A0022
:10E770001221FFF717FE80B1C5702D0A05712146E1
:10E78000431D04F1100251F8044B43F8044B91422D
:10E79000F9D1BDE83840FFF713BE38BD08B50021F8
:10E7A00042F21800FFF7FEFD18B1BDE80840FFF780
:10E7B00007BE08BD08B5002142F20200FFF7F2FDD6
:10E7C00018B1BDE80840FFF7FBBD08BD08B5002142
:10E7D00042F20300FFF7E6FD18B1BDE80840FFF77D
:10E7E000EFBD08BD08B5002142F21C00FFF7DAFDBD
:10E7F00018B1BDE80840FFF7E3BD08BD08B500212A
:10E8000042F20F00FFF7CEFD18B1BDE80840FFF758
:10E81000D7BD08BD70B506460D4642F2120007216D
:10E82000FFF7C0FD044648B1C670294604300BF01E
:10E83000F9FA2046BDE87040FFF7C2BD70BD10B5C3
:10E840000121044642F20A00FFF7ACFD20B1C4707A
:10E85000BDE81040FFF7B4BD10BD70B505460E46CB
:10E8600042F208002021FFF79DFD044688B1031DF8
:10E87000C5702A463146184621F018FDC5F11F0221
:10E880002844002121F03AFD2046BDE87040FFF702
:10E8900097BD70BD2DE9F74F06460D4699460F21ED
:10E8A0009DF83030DDF834B09DF838809DF83C702C
:10E8B000019342F206009246FFF774FD044600B34E
:10E8C000C6704571019B80F807A0360A2D0A0671B3
:10E8D000857180F808900A306372BBF1000F0DD08B
:10E8E00059460BF09FFA04F1100080F80080477041
:10E8F000204603B0BDE8F04FFFF762BD0BF09FFA72
:10E90000F3E703B0BDE8F08F10B50821044642F2EA
:10E910000100FFF747FD48B12268C0F80320626894
:10E92000C0F80720BDE81040FFF74ABD10BD38B55C
:10E930000621054642F20500FFF734FD044640B1CA
:10E94000294603300BF06EFA2046BDE83840FFF749
:10E9500037BD38BD38B505460C4642F20C000221E1
:10E96000FFF720FD28B1C5700471BDE83840FFF7FE
:10E9700027BD38BD2DE9F84380460E4642F20B0014
:10E9800007219DF8209015461F46FFF70BFD70B13B
:10E9900006718571360A2D0A80F803804671C571AB
:10E9A000077280F80990BDE8F843FFF709BDBDE89C
:10E9B000F88370B505460E4642F209002021FFF7A4
:10E9C000F1FC044688B1031DC5702A46314618463D
:10E9D00021F06CFCC5F11F022844002121F08EFCBF
:10E9E0002046BDE87040FFF7EBBC70BDF8B50646A9
:10E9F0000F4642F219001C2115461C46FFF7D2FCB7
:10EA0000D0B1C670360A06713B68C0F805307B6825
:10EA100045732D0AC0F809308573234600F10F02B3
:10EA200004F1100153F8044B42F8044B8B42F9D126
:10EA3000BDE8F840FFF7C4BCF8BD08B5002141F2BD
:10EA40000900FFF7AFFC18B1BDE80840FFF7B8BCFC
:10EA500008BD08B5002141F20100FFF7A3FC18B181
:10EA6000BDE80840FFF7ACBC08BD10B50221044664
:10EA700041F20540FFF796FC30B1C470240A0471DE
:10EA8000BDE81040FFF79CBC10BD000008B5074B67
:10EA90000122002140F603409A76FFF783FC18B16B
:10EAA000BDE80840FFF78CBC08BD00BF103701204F
:10EAB00010B50821044640F60140FFF773FC48B149
:10EAC0002268C0F803206268C0F80720BDE8104043
:10EAD000FFF776BC10BD10B50821044640F6634030
:10EAE000FFF760FC48B12268C0F803206268C0F8F4
:10EAF0000720BDE81040FFF763BC10BD38B50546E0
:10EB00000C4640F67C400421FFF74CFC48B1C57030
:10EB100044712D0A240A05718471BDE83840FFF75D
:10EB20004FBC38BD2DE9F04180460F4642F2270028
:10EB3000272115461E46FFF735FC044600B380F832
:10EB40000380394604300BF06DF92A4604F10A03BC
:10EB500005F1100152F8040B43F8040B8A42F9D175
:10EB6000334604F11A0206F1100153F8040B42F87F
:10EB7000040B8B42F9D12046BDE8F041FFF720BCE1
:10EB8000BDE8F08170B506460D4642F22800072127
:10EB9000FFF708FC044648B1C670294604300BF064
:10EBA00041F92046BDE87040FFF70ABC70BD08B5CA
:10EBB000002142F22900FFF7F5FB18B1BDE808403B
:10EBC000FFF7FEBB08BD08B5002142F22A00FFF79F
:10EBD000E9FB18B1BDE80840FFF7F2BB08BD10B56E
:10EBE0000121044642F22D00FFF7DCFB20B1C47086
:10EBF000BDE81040FFF7E4BB10BD10B5022104468C
:10EC000042F22E00FFF7CEFB30B1C470240A04712B
:10EC1000BDE81040FFF7D4BB10BDF8B507460E465F
:10EC200042F24E0008211546FFF7BCFB044650B1E6
:10EC3000C770314604300BF0F5F8A5722046BDE8E8
:10EC4000F840FFF7BDBBF8BD10B50221044642F203
:10EC50006D00FFF7A7FB30B1C470240A0471BDE852
:10EC60001040FFF7ADBB10BD70B506460D4642F231
:10EC700035000721FFF796FB044648B1C6702946C8
:10EC800004300BF0CFF82046BDE87040FFF798BB8A
:10EC900070BD70B506460D4642F236001921FFF7E9
:10ECA00081FB0446002830D0C6702B8803712B8866
:10ECB0001B0A43716B6883716B681B0AC371EB8815
:10ECC0000372AB684372AB681B0A83726B89C372B1
:10ECD0002B7B03736B7B4373AB7B837329690F308F
:10ECE0000BF0A0F82B7D63756B7DA375AB7DE37591
:10ECF000EB7D23762B7E63766B7EA376AB7EE3760D
:10ED00002046BDE87040FFF75BBB70BDFB2B2DE9D3
:10ED1000F84328BFFB230F46191D8046C9B242F2B3
:10ED20003700DDF8209016461D46FFF73BFB0446F2
:10ED300070B180F803800771467185712A46494693
:10ED4000073021F0B3FA2046BDE8F843FFF738BB9F
:10ED5000BDE8F883FB2B2DE9F84328BFFB230F46C2
:10ED6000191D8046C9B242F23800DDF820901646DF
:10ED70001D46FFF717FB044670B180F8038007714A
:10ED8000467185712A464946073021F08FFA2046A0
:10ED9000BDE8F843FFF714BBBDE8F88370B50D4636
:10EDA00089000646023142F239001446FFF7FAFAAA
:10EDB000E0B10571C6702246034600EB8505AB4203
:10EDC00002F1060203D1BDE87040FFF7F9BA12F86C
:10EDD000061C597132F8041C997132F8041C090A96
:10EDE000D97112F8021C19720433E8E770BD08B536
:10EDF000002142F23A00FFF7D5FA18B1BDE8084009
:10EE0000FFF7DEBA08BD08B5002142F23B00FFF76C
:10EE1000C9FA18B1BDE80840FFF7D2BA08BD10B56D
:10EE20000121044642F23C00FFF7BCFA20B1C47055
:10EE3000BDE81040FFF7C4BA10BD08B5002142F28A
:10EE40003D00FFF7AFFA18B1BDE80840FFF7B8BAC8
:10EE500008BD2DE9F04180460F4642F23E000721F1
:10EE600016461D46FFF79EFA70B1077186713F0A7C
:10EE7000360A05722D0A80F803804771C671457203
:10EE8000BDE8F041FFF79CBABDE8F081FC2A28BF3D
:10EE9000FC222DE9F0410F46D11C8046C9B242F256
:10EEA0003F001E461546FFF77DFA044668B180F81C
:10EEB0000380077145712A463146063021F0F6F984
:10EEC0002046BDE8F041FFF77BBABDE8F08138B5D8
:10EED00005460C464FF401500221FFF763FA28B1B2
:10EEE000C5700471BDE83840FFF76ABA38BD2DE936
:10EEF000F0411C46002380460F4616461D4646FA42
:10EF000003F2D20744BF0135EDB2072B03D0042D25
:10EF100003F10103F3D105EB8501033142F2410016
:10EF2000FFF740FA18B380F8038007714671234653
:10EF300002460021CCB2A54203F1060303D8BDE886
:10EF4000F041FFF73DBA13F8024C947133F8064CC8
:10EF5000D47133F8064C240A147233F8044C5472FA
:10EF600033F8044C240A947201310532E2E7BDE81B
:10EF7000F0812DE9F04180460F4642F24200062121
:10EF800016461D46FFF70EFA60B14671C571360A86
:10EF90002D0A80F80380077186710572BDE8F04183
:10EFA000FFF70EBABDE8F0812DE9F04100231746C6
:10EFB000027A054688461E4642FA03F1C90744BF55
:10EFC0000136F6B2072B03D0042E03F10103F3D16F
:10EFD00031010A3142F24300FFF7E4F90446002808
:10EFE00055D02B78C3706B780371AB784371696827
:10EFF00006300AF017FF2B7A2373414623463A4620
:10F0000004EB0616B34201F1040102F10C0204D133
:10F010002046BDE8F041FFF7D3B931F8040C58732E
:10F0200031F8040C000A987331F8020CD87331F8E7
:10F03000020C000A187432F80C0C587432F80C0CDC
:10F04000000A987432F80A0CD87432F80A0C000AD4
:10F05000187532F8080C587532F8080C000A9875C3
:10F0600032F8060CD87532F8060C000A187632F819
:10F07000040C587632F8040C000A987632F8020C28
:10F08000D87632F8020C000A18771033BAE7BDE8D8
:10F09000F0812DE9F84F8246894642F244000E2164
:10F0A000BDF82860BDF82C509DF8308093461F466F
:10F0B000FFF778F90446B0B180F803A080F8049017
:10F0C00080F805B0394606300AF0ACFE2673A57309
:10F0D000360A2D0A6673E57384F810802046BDE871
:10F0E000F84FFFF76DB9BDE8F88F08B5002142F27F
:10F0F0004500FFF757F918B1BDE80840FFF760B9C0
:10F1000008BD10B50221044642F24600FFF74AF955
:10F1100030B1C470240A0471BDE81040FFF750B943
:10F1200010BDF8B507460E4642F2470008211546C5
:10F13000FFF738F9044650B1C770314604300AF081
:10F1400071FEA5722046BDE8F840FFF739B9F8BD59
:10F15000F8B507460E4642F2480008211546FFF76B
:10F1600021F9044650B1C770314604300AF05AFE06
:10F17000A5722046BDE8F840FFF722B9F8BD08B5F2
:10F18000002142F24900FFF70DF918B1BDE808402F
:10F19000FFF716B908BD08B5002142F24A00FFF793
:10F1A00001F918B1BDE80840FFF70AB908BD10B56C
:10F1B0000221044642F23000FFF7F4F830B1C47087
:10F1C000240A0471BDE81040FFF7FAB810BD70B50D
:10F1D00006460D4642F2310003211446FFF7E2F8DD
:10F1E00030B1C67005714471BDE87040FFF7E8B8F2
:10F1F00070BD2DE9F8430546884642F232000721EA
:10F20000BDF8206091461F46FFF7CCF870B1C5707D
:10F2100006722D0A360A057180F8058080F806907E
:10F22000C7714672BDE8F843FFF7CAB8BDE8F88376
:10F23000FFF7EEB82DE9F84F04464FF0000A14F836
:10F24000059B1B4EDFF86C805746B9F1000F04D1C7
:10F250005046BDE8F84FFEF73BBF14F8033C14F8E6
:10F26000045C14F802BC05EB0325ADB22846FEF79A
:10F2700091FEB0B1427E5B46D21A4276027ED21A2D
:10F2800053445FFA83FAC37DD2B202764BB196F84B
:10F29000B930934205D3C775D8F814200021284609
:10F2A000904709F1FF395FFA89F90434CDE700BFCF
:10F2B00030360120543F012010B5064C0A46014665
:10F2C00020460AF060FC94F820000121BDE81040BF
:10F2D0000EF09EBC543F012037B541B18B78012B15
:10F2E0000FD1084603B0BDE83040FFF7A1B8C3070F
:10F2F00007D5134D12480DF107010AF05AFC0446D8
:10F3000008B903B030BD9DF80730042B0BD100F0D5
:10F3100087FC95F8213013B120460EF04FFC2046B3
:10F320000AF02EFCE6E7022B06D1FEF733FF002899
:10F33000E0D02B699847DDE7AB69002BFAD1EFE706
:10F34000543F012000487047D0360120014B93F80C
:10F35000BC00704730360120014BB3F8B60070474F
:10F3600030360120014BD3E930017047303601209F
:10F37000014BB3F8B400704730360120014B93F8CD
:10F38000C900704730360120034B93F8C90000389C
:10F3900018BF0120704700BF30360120014BB3F881
:10F3A000CA00704730360120014B93F8CC007047FB
:10F3B00030360120014B93F8CD00704730360120E4
:10F3C00010B50A7802718C784B7803EB04239BB25A
:10F3D000C380C97801720380C27010BD30B50C784B
:10F3E00004718A784B7803EB02239BB2C3800D79BA
:10F3F000CA7802EB052202818D794A7902EB052257
:10F4000042810D7ACA79038002EB05228281C470A1
:10F4100030BD0B780371C370704710B50A78027164
:10F420008C784B7803EB04239BB2C380C9780172BC
:10F430000380C27010BD0B7803714A784271C9789D
:10F4400081710280C370704730B50C7804718A787E
:10F450004B7803EB02239BB2C380CA7802724D79CA
:10F460000A7902EB05224281CD798A79038002EB89
:10F4700005228281C47030BD0A78027110B54B78C4
:10F480008C78C27003EB04239BB2C380038010BD51
:10F49000FFF7F2BFFFF7F0BFFFF792BF4A780B7894
:10F4A00003EB02238380704711F8012C11F8023C12
:10F4B00003EB022383800B78C3704B788371704712
:10F4C0000B78037170470A78027110B54B788C780D
:10F4D000C27003EB04239BB2C380038010BDFFF70F
:10F4E000F2BF0A7802714B7810B58C7803EB0423D5
:10F4F000C3800C79CB78C27003EB0423038110BD69
:10F50000FFF7E1BF0A7802714B7810B58C7803EBF6
:10F510000423C3800C79CB7803EB042303818C791B
:10F520004B7903EB042343810C7ACB79C27003EB54
:10F530000423838110BD4A780B7803EB02239BB22E
:10F5400083808A7810B5CC7802EB0422C2804C7993
:10F550000A7902EB04220281CC798A7902EB042237
:10F5600042814C7A0A7A038002EB0422828110BD28
:10F57000FFF7E1BFFFF7A7BF4A780B7803EB022341
:10F580009BB283800380704710B50A7802718C7833
:10F590004B7803EB04239BB2C380CC7804720979C7
:10F5A0004172C270038010BDFFF7EEBF704730B5E7
:10F5B0000C7804714A784271CD788B7803EB05237F
:10F5C000C3800B790372C470028030BD0B78C370A6
:10F5D00070474A780B7803EB02239BB283808A78CA
:10F5E000827103807047FFF747BFFFF745BFFFF702
:10F5F00043BFFFF768BFFFF766BFFFF764BFFFF7C2
:10F6000062BF0B7803714A7842718A788271CA7836
:10F61000C2710A790272C370704730B50B46441D3F
:10F6200013F8012B0271213153F8045B44F8045B99
:10F630008B42F9D1C27030BD30B50B46441D13F872
:10F64000012B0271413153F8045B44F8045B8B4297
:10F65000F9D1C27030BD10B50A4612F8014B0471E1
:10F66000D1F80130C0F805305368C0F80930C470D3
:10F6700010BD30B50B46441D13F8012B027111313A
:10F6800053F8045B44F8045B8B42F9D1C27030BD7F
:10F69000043020F00BBE10B50C464A7814F8023B3B
:10F6A00003EB02239BB28380D1F80220C0F806202E
:10F6B0006268C0F80A20CC7A8A7A038002EB0422BE
:10F6C000C28110BD10B50C7804718A784B7803EBB9
:10F6D00002239BB2C380D1F803208260D1F80720B7
:10F6E000C2600380C47010BD10B50A7802718C78B6
:10F6F0004B7803EB04239BB2C380D1F803408460B2
:10F70000C97901730380C27010BD38B50B780371DD
:10F710008A784B7803EB0223C3800A79CB7803EB1A
:10F72000022303818A794B7903EB02234381CB794E
:10F7300003730D460B7A4373044609310E300AF009
:10F7400071FBEB7B23756A7C2B7C03EB0223E3824A
:10F75000AB7C23762379E370E388238038BD38B50A
:10F760000B7803718A784B7803EB0223C380CB7844
:10F7700003720D460B794372044605310A300AF0D4
:10F7800051FBEB7A23746A7B2B7B03EB02236382AE
:10F79000AB7B23752379E370E388238038BD10B5F4
:10F7A0000B7803714B7843710446023106300AF03E
:10F7B00039FB2379238010BD10B511F8013B03718B
:10F7C000044605300AF02EFB2379E37010BDFFF7E5
:10F7D000F3BF38B50B7803718A784B7803EB0223BB
:10F7E000C380CB7803720B79437204460D460A300E
:10F7F00005310AF017FB05F10B0104F117000AF0BF
:10F8000011FB05F1110104F11D000AF00BFB2A7E2A
:10F81000EB7D03EB02232382AA7E6B7E03EB0223A4
:10F8200063822A7FEB7E03EB0223A3826B7FA375A7
:10F83000E38823802379E37038BD38B50B780371F2
:10F840008A784B7803EB0223C380CB7803720D4692
:10F850000B794372044605310A300AF0E3FA2A7B39
:10F86000EB7A03EB02232382AA7B6B7B03EB02235D
:10F8700063822A7CEB7B03EB0223A3826B7CA37560
:10F880000023C4F81730A4F81B30C4F81D30A4F8C6
:10F890002130E38823802379E37038BD0B7803712E
:10F8A000C37070470B780371C37070470B78037196
:10F8B000C37070470B780371C37070470B78037186
:10F8C000C37070470B780371C37070474A780B7828
:10F8D00003EB02239BB283800380704700B542F2A2
:10F8E000260399428BB003D042F25E0399420BD1BA
:10F8F000074BDB6843B126228DF804008DF8030026
:10F900008DF80220684698470BB05DF804FB00BFF5
:10F91000543F012010B5037844783BB1C278817818
:10F9200001EB022189B21846FFF7D8FF2046BDE857
:10F930001040FEF77FBD00002DE9F3418378457844
:10F94000B44A0778966805EB0325ADB242F25B0333
:10F950009D42884600F1030112D842F204039D4201
:10F9600023D840F67C439D4200F04B8141F2054391
:10F970009D4200F0488140F62D439D4200F04581B4
:10F98000AB0A3F2B00F01E8108F10200C0B20191CA
:10F990000AF09AF801990446002840F0218138467F
:10F9A00002B0BDE8F041FEF745BDA5F50053053BAB
:10F9B000562BE5D801A050F823F000BFA9FB0400A6
:10F9C00081F9040081F9040081F9040081F904003F
:10F9D00099FB040081F9040095FB040081F90400FF
:10F9E00019FB040081F9040081F9040081F9040085
:10F9F00081F9040081F9040081F9040071FB04001D
:10FA000081F9040049FB04006BFB040081F9040048
:10FA100063FB040067FB040081F9040081F9040022
:10FA200081F9040081F904000FFC04004FFB04007D
:10FA30005BFB040053FB040057FB040081F9040046
:10FA400081F9040075FB040079FB04007DFB0400D0
:10FA500081F9040081FB040085FB040089FB04009C
:10FA600081F904005FFB04008DFB040091FB04009E
:10FA700081F9040081F9040081F9040081F904008E
:10FA800081F9040081F9040081F90400A1FB04005C
:10FA900081F9040081F9040081F9040081F904006E
:10FAA00081F9040081F90400A5FB040081F9040038
:10FAB0009DFB040081F9040081F9040081F9040030
:10FAC00081F9040081F9040081F9040081F904003E
:10FAD00081F9040081F9040081F9040081F904002E
:10FAE00081F9040081F9040081F9040081F904001E
:10FAF00081F9040081F90400ADFB0400B1FB0400AE
:10FB0000B5FB0400B9FB0400BDFB040081F904004F
:10FB1000C1FB0400FFFB040005243F4B0191185D6D
:10FB200009F0D2FF054600283FF439AF00230380D7
:10FB3000C3703A4B019953F8243084704246984779
:10FB40002846B047284657E0D6681B24E5E71E2420
:10FB5000E3E71F24E1E72024DFE72124DDE7222477
:10FB6000DBE70C24D9E70D24D7E7D6681C24D4E7BB
:10FB70000824D2E71524D0E71624CEE71724CCE7D3
:10FB80001824CAE71924C8E71A24C6E72924C4E7B9
:10FB90002A24C2E73424C0E73524BEE73624BCE774
:10FBA0003724BAE73824B8E73924B6E73F24B4E766
:10FBB0004024B2E74124B0E74224AEE74324ACE757
:10FBC0003B24AAE74246284601910EF00BF8044672
:10FBD00000283FF4E4AE562801993FF4D5AE9CE7E7
:10FBE0005623A8F1030243800580D2B2043020F0EE
:10FBF0005DFB2046B047204609F088FFCFE63C2455
:10FC00008BE7272489E7072487E7092485E71D2454
:10FC100083E700BF543F0120174A07005C4A0700F2
:10FC20002DE9F74F0646AA4F16F8023BD7F8088091
:10FC300090F801901A2B04461CD8042B23D9053BBD
:10FC4000152B20D8DFE813F025021F001F002B0220
:10FC50001F001F001F0031021F0034002A00420253
:10FC60001F001F003F001F001F001F001F001F007C
:10FC70001F003D02572B00F02F8207D8302B00F0D9
:10FC80001A823E2B27D003B0BDE8F08FFF2BFAD1AC
:10FC9000904A938A0133938213255AE08D4A13893F
:10FCA00030460133138103B0BDE8F04FFFF732BE99
:10FCB000884AD388494601333046D38003B0BDE833
:10FCC000F04FFFF739BE3046FFF7B4FA814A938907
:10FCD00001339381D7E77F4A8578538A0133538272
:10FCE0006B1EC61C172BCED801A252F823F000BF02
:10FCF00095FD0400ABFD0400E500050051FD040086
:10FD0000E9000500B5FE0400B9FE0400BDFE0400D4
:10FD1000C5FE04003BFE040051FE0400CDFE0400BD
:10FD2000E1FE0400B3FF0400B7FF04000700050074
:10FD3000A7FF0400ABFF0400AFFF040087FC040032
:10FD400087FC04000F0005008F0005000B00050074
:10FD50000B25614B585D09F0B7FE044670B10023D6
:10FD60002380E3705D4BA57053F825304A46314639
:10FD700098472046C047204609F0C8FE032D82D18F
:10FD8000B378707800EB032080B203B0BDE8F04F89
:10FD9000FEF7DCB9C378002BDBD14379007900EBA7
:10FDA000032080B2FEF706F9D3E790F80380B8F19C
:10FDB0000F0F3FF668AF3B2009F086FE054600288E
:10FDC0003FF461AF043400F10C0B00F11C0A4FF05A
:10FDD000000908F1FF385FFA88F8B8F1FF0F0DD07D
:10FDE0002378AB726378EB72A11C58460AF01AF8BC
:10FDF000267A2E721F2E04F1090105D9284603B078
:10FE0000BDE8F04F09F082BEC5F804A03246504666
:10FE1000019120F04BFA01998B5D6B724FF4C02376
:10FE20002B608C19BB6885F81290C5F81390A5F863
:10FE30001790284601349847CBE7C37833B9437904
:10FE4000007900EB032080B2FEF7B4F8022580E7CA
:10FE5000C6780F2E3FF617AF1C2009F035FE054679
:10FE600000283FF410AF063400F10C0A00F113082B
:10FE70004FF4C029013EF6B2FF2EBFD014F8023C69
:10FE8000AB7214F8013CEB722146504609F0CAFFF0
:10FE9000A379AB74E11D404609F0C4FF637B6B722C
:10FEA0000023C5F800902B726B602846BB6898470A
:10FEB0001034DFE723254CE724254AE7D7F80C80E8
:10FEC000252546E7D7F80C80262542E72B2540E775
:10FED000543F01202C370120174A07005C4A0700D5
:10FEE000C3780F2B3FF6CFAE061D32460020013BF4
:10FEF000DBB2FF2B4ED1243009F0E6FD0546002889
:10FF00003FF4C1AEE47800F1070900F1150A00F1F1
:10FF10002408002C3FF472AF7278337803EB02238D
:10FF2000AB80B378AB71F11C484609F07BFF737A64
:10FF30006B73B37AAB73F37AEB73337B2B74737B92
:10FF40006B74F27BB37B03EB02236B82337C2B75E8
:10FF500006F11101504609F065FF96F817B0A5F8B3
:10FF60001CB05B46013CE52B06F11801E4B23FF6FC
:10FF700045AFC5F820805A464046019120F096F9D9
:10FF80004FF4301301992B60BB68284601EB0B0638
:10FF90009847BEE7D17D02F11805884205EB0102C2
:10FFA00038BF0846A3E72D25D3E62E25D1E62F2519
:10FFB000CFE63025CDE6407AF7283FF664AE103024
:10FFC00009F082FD054600283FF45DAE2379E6780E
:10FFD00006EB0326B6B2868063798371A379C37179
:10FFE000E3790372237A4372627A42811030E860C7
:10FFF00004F10A0120F05AF92E8031236B80BB688E
:020000025000AC
:1000000028469847FAE63225A3E63A25A1E6C07BC2
:10001000A0F10903492B3FF636AE0E30C0B24000C6
:1000200009F052FD054600283FF42DAE2279E37811
:1000300003EB0223838063798371A379C371227AEE
:10004000E37903EB02230381637A8372A37AC37299
:10005000E37A0373237B4373A27B637B03EB02236B
:10006000C38104F11006E47B047400F11C034361B6
:1000700022461846314620F019F92044A86122464C
:10008000311920F013F9AB882B803D23B6E73E25CC
:100090005FE6164A138801331380032559E6134A95
:1000A0005388013353800F2553E6104A9388013358
:1000B00093800A254DE60D4A138A013313820E25DB
:1000C00047E60A4AD3890133D381DCE5074A5389DD
:1000D0000133538114253CE6044AD38A0133D38289
:1000E000282536E6042534E6102532E62C37012093
:1000F000074BD3F8C020910405D5064A1268920434
:1001000001D5FFF748B8002283F8CD20FEF746BBA3
:1001100030360120F0620020074BD3F8C020D10414
:1001200005D5064A1268D20401D5FEF76CBE00223E
:1001300083F8CC20FFF7DCBF30360120F0620020CE
:1001400042F23B03994226D008D841F2010399427A
:1001500009D042F23A03994215D0704742F24A035D
:1001600099421ED07047124BD3F8C020D10405D558
:10017000104A1268D20401D5FEF739BE0022A3F856
:10018000CA20FFF7C9BF4278037803EB0223084A6D
:10019000A2F8CA30F5E7064B027883F8CC20FFF7C7
:1001A000A7BF034B027883F8CD20FEF7F7BA00BF54
:1001B00030360120F0620020024B034AC3F8D820F9
:1001C000704700BF303601204101050038B50446B4
:1001D000103015466060053109F069FE2146284659
:1001E000BDE8384009F0D5BC2DE9F7430746382073
:1001F00088460192994609F0B7FC044608B3124BB1
:10020000019993F83850FF2D1ABF6E1CF6B20126E3
:1002100083F838609DF82830837008BF00250023DC
:1002200080F834300246C570A0F80090074809F005
:10023000AAFC38464146FEF763FAE07803B0BDE811
:10024000F083FF20FAE700BF443701206437012024
:10025000014B024ADA63704744370120CD010500A3
:100260007FB5056BAB8CEC8C2968E41A24B2102C9A
:10027000064619442EDC2246684620F017F8102C5A
:100280000DD0C4F110020DEB0400002120F036F86F
:1002900004F110030DEB0304802304F8103C05F176
:1002A0001401684609F011FE022385F82930AB8C51
:1002B00023B106F11001684609F007FEAB8C10333C
:1002C000AB84324695F828306946281D00F09AF92B
:1002D00004B070BD684609F0EAFDE8E710B50346D2
:1002E00000780021C0090F2918BF5A781C7814BF64
:1002F000D2090022013142EA4402102903F8012BFD
:10030000F1D110BDF8B5056B0446002D3DD000F1CC
:1003100010060531304609F0CAFD95F82930012B49
:1003200023D0022B26D083BB256B05F1140738465A
:10033000314609F0BCFD3846FFF7D0FF28B195F8EB
:10034000233083F0870385F82330EB8C1B0709D01B
:100350003846FFF7C3FF28B195F8233083F08703B1
:1003600085F82330012385F829302046BDE8F84080
:10037000FFF776BF236B66601A68A26093F82800C7
:100380002146BDE8F84009F004BCF8BD2DE9F04372
:10039000064685B06420884615461F4609F0E4FBF2
:1003A000044688B31A4AA0F85E5000F138034FF0B3
:1003B0000109036380F8349092F8383080F8607057
:1003C00003EB090182F83810C370BDF830300380A8
:1003D00000259DF834308370C0F83880A0F85C5058
:1003E00080F8615031463C3009F061FD266B1022E7
:1003F000294668461FF082FF301D96F828302246B5
:10040000694600F0FFF8484605B0BDE8F08300BF3C
:1004100044370120014B024A1A64704744370120D7
:10042000050305008B78252B70B504460D4616464E
:1004300013D120220531043009F068FD202205F196
:10044000250104F1240009F061FD2B79E3702146B8
:100450003046BDE8704009F09CBB262B03D120221A
:1004600005310430EFE770BD70B592B004469C20B2
:10047000019116461D4609F077FB0199B8B1022398
:1004800080F834300246068085700A4809F07BFB0C
:100490002022214602A809F039FD2022A1180AA82D
:1004A00009F034FD02A80AA9FEF7FBF8012012B0FA
:1004B00070BD00BF74370120014B024A5A64704777
:1004C000443701202504050037B500238DF8073097
:1004D00083781B3B05460B2B1AD8DFE803F01B067D
:1004E00019191919191919193A43204AD0F8050090
:1004F00092F83930D5F8091002EBC30303C392F820
:100500003930022B9ABF0133DBB2002382F8393035
:1005100003B030BD16480DF1070109F04AFB04464F
:100520000028F5D090F83430DA1E012A01D9012BC9
:1005300003D11021681D09F0F6FC94F834200B4B10
:1005400003EB82032946DB6B9DF807202046984782
:10055000DEE708480DF1070109F02BFB04460028EF
:10056000EBD1D5E704480DF10701F5E74437012049
:10057000643701206C37012074370120064B07488F
:100580000022C3E90822C3E90A22C3E90C2283F846
:10059000382006F08FBB00BF44370120C904050096
:1005A00008B5FEF7FBF8FEF7F9F8FEF7F7F8BDE837
:1005B0000840FEF7F3B8000038B5114D95F83A3011
:1005C000CC1DDB00E410DBB20144884202D1E4B26E
:1005D0004CB938BD1F2BEA5C00F8012B1ABF013360
:1005E000DBB20023F1E7FEF7D9F895F83A30022B99
:1005F0009ABF0133DBB2002385F83A30013CE6E7CD
:100600004437012070B588B00E46154601461022C9
:1006100068461C4609F07AFC10220DEB02003146B8
:1006200009F074FC2A462146044809F0ACFA04A9F2
:100630006846FEF765F808B070BD00BF643701205A
:1006400070B504780E4E013C06EB04140546A37AFF
:1006500033B18278A378012A03D143F00203A37057
:1006600070BD23F00203A370736D5B689847A37895
:100670009B07F5D4336D28465B68BDE8704018478A
:1006800094370120704770477047000002788378E4
:1006900070B5272B02F1FF34184E05464FEA0414BB
:1006A0000AD13319C188198117219A723153002256
:1006B0009A7099809A71DA603444A37A93B1736D19
:1006C0002946DB6820469847336D2946DB6820467B
:1006D0009847AB78282B05D1E0680023A37208B1B6
:1006E00009F014FA736E0BB128469847336F1BB1AB
:1006F0002846BDE87040184770BD00BF9437012000
:10070000137A13F0010F034B14BF1B6D5B6D1B6855
:10071000184700BF943701207047000008B5064B0A
:1007200002781A7342785A73184610221FF0B0FDEF
:10073000B0FA80F0400908BDF86200201FB50C4CEB
:10074000E46E94B18DF803300023ADF808308DF8D5
:100750000C30BDF81830ADF800008DF80210ADF87F
:100760000A20ADF80E306846A04704B010BD00BFA7
:1007700094370120934228BF134607B530F8212053
:100780009A4208D020F8213000930023807A1A463C
:100790001621FFF7D3FF03B05DF804FB002109F039
:1007A000EBB9000030B421B9018930BC042006F057
:1007B0003FBB054DAD6E15B1AC4630BC604730BC9B
:1007C000184609F0DDB900BF9437012001EB400065
:1007D000704700F001034008137008707047000074
:1007E00008B50A4A0A4B0B4983F87400C3E914227E
:1007F000094A0420C3E91622084A06F00FFBBDE8A7
:1008000008400749002004F0B5BB00BF6C4B07004F
:1008100094370120010705007C4B070041060500C5
:100820008D0605000846B1B191F902308A78002B97
:10083000094B02DA1B6E73B118475F2A02D99B6D10
:100840009B68F9E73F2A01D9DB6DF9E71F2A8CBFC6
:100850005B6D1B6DF4E77047943701200A4B07B5B9
:10086000D866FEF785FD094B1B689B8803389842C4
:1008700006DC00220092022377211046FFF75EFF7C
:1008800003B05DF804FB00BF9437012058630020DB
:10089000014B1867704700BF94370120024B03EBF0
:1008A000001030F8100C7047943701201B2906D037
:1008B0001D2914BF00230B23C01A09F061B90B23B3
:1008C000FAE7000013B500228368826082790A2A61
:1008D000044609D014228277074A0193126818301F
:1008E000917909F055FA019B1A88A17B206802B022
:1008F000BDE81040FFF756BF58630020408D002828
:1009000018BF0120704700008279024B53F8223053
:10091000184700BFB04B070030B403460C46051D16
:1009200007C985E80700A27861680B2A08BF096833
:100930000A681A6103F110004A68426030BC184628
:10094000FFF7E2BF38B504460D4604F02BFC38B182
:100950005823013C5C4303482C2313FB0541084406
:1009600038BD00BF0C38012010B50C4604F006FC61
:1009700038B15823013858432C2313FB0401014894
:10098000084410BD0C38012037B50C4600210192F7
:10099000FFF7EAFF0546E0B1019A137A192B05D853
:1009A000214603B0BDE8304000F01ABB1B2B01D03C
:1009B0001D2B06D12146284603B0BDE8304000F08B
:1009C00083BB232B05D1214603B0BDE8304000F0A6
:1009D000E1BA03B030BD10B50446406818B109F063
:1009E000CFF80023636010BD10B50368827B03EB72
:1009F000820304469A78D10705D50430FFF7EBFF50
:100A00000023A37110BD42F00102BDE810409A70AE
:100A1000FFF758BF012913B503D000240094FFF756
:100A20008DFE02B010BD13464A8D10B50C4622B1A2
:100A30000A21FFF7EFFF0023638510BD38B50021C1
:100A400004460078FFF77EFF054648B1207800F0A5
:100A500045FC207829460022BDE83840FFF7E3BF77
:100A600038BD10B50446FFF72DFF2068A37B00EBCF
:100A700083039B7813F0020307D1A289807A0A21AD
:100A8000FFF7C8FF0023A37110BD638D002BF9D1C0
:100A9000A3896385F6E737B50C46054608460192FB
:100AA000FFF799FF019B2289A1782846FFF7B2FF43
:100AB0000023A37003B030BD70B5036890F8282000
:100AC000058A33F82230C279012A044645D1053B14
:100AD0009D42A8BF9DB205F10D0080B2FFF75EFEFA
:100AE0000646002831D0A368024603F10C0153F8F2
:100AF000040B42F8040B8B42F9D11B781370616927
:100B00002A4606F10D001FF0D1FB63692B44636197
:100B1000238A5B1B2382638AF372638A1B0A337303
:100B2000638A2B4463821423A3770E4B1B6804F162
:100B30001800997909F02CF96A1DA17B20683346C9
:100B400092B2BDE87040FFF72DBE94F82900211D38
:100B50007022BDE87040FFF79EBF00238668836067
:100B6000D9E700BF5863002070B5C3798568012BB1
:100B700004462CD12888083080B2FFF70FFE0546C6
:100B8000E8B1A1680A8808321FF090FBA279A37C23
:100B9000062A1FD1EB72638A1B0A2B731423A377D7
:100BA000104B1B6804F11800997909F0F1F82A88B4
:100BB000A17B20682B46BDE87040FFF7F3BD94F899
:100BC0002900211D7022BDE87040FFF764BF00239B
:100BD0008360DBE76B72638A1B0AAB72A38AEB72DA
:100BE000A38AD9E75863002070B58378113B012BA5
:100BF00005460AD8424BD3F8F431002B45D00146C4
:100C0000BDE870401B6800201847817A0078FFF724
:100C100099FEAB78044638B9013B102B35D82846ED
:100C2000BDE87040FFF7D7BE102B35D890F828608C
:100C30004EB990F82910324A01390C2000FB0122EC
:100C400092F8BA214AB9A279012A06D80A2B0CD106
:100C500029892046FFF752FE38B17222294694F8BE
:100C60002900BDE87040FFF716BF7EB9012A0DD1FB
:100C700094F82920224B013A0C2101FB023395E81C
:100C8000070003F5DC7383E8070070BD29462046A2
:100C9000BDE87040FFF740BE132B1CD18379012BB8
:100CA00005D9183009F07DF87422211DD7E790F896
:100CB000290094F82820431E002AE6D10C2210496E
:100CC0005343CA1892F8BA21002ADED003F5DC7328
:100CD00074221944C5E7142BD7D18379002BD4D0C3
:100CE0007122011D90F82900FFF7D5FEAA7A23682A
:100CF00003EB82039A7842F004029A70C5E700BFC2
:100D00000C3801202DE9F84F8B78272B05461AD196
:100D1000807A04F0C3FA00285FD1324C23689E88A1
:100D2000FEF726FB0438864208DA236899881729DB
:100D300053D0A87ABDE8F84F00F0B9BAFEF718FB17
:100D4000043881B2F3E7282B47D1CC7804B90C7A68
:100D5000A87A254F0C23411E59437B18203493F861
:100D6000BA31E4B22BB101F5DC7122463944FFF708
:100D700092FEA8464FF000094FF02C0BAB7A582298
:100D8000013B0BFB09F602FB036607EB060A9AF828
:100D900006205AB106F11800384409F002F8311D56
:100DA0009AF8290022463944FFF775FE98F8022088
:100DB00022F0120288F80220D7F8F4211AB1526802
:100DC000214650469047A87A22465146FFF72BFE0F
:100DD00008F10408B9F1000F01D0BDE8F88F4FF019
:100DE0000109CBE7586300200C380120F0B5144905
:100DF000144B91F8745001220026C3F8F46183F873
:100E0000F8210F469446D0B294B20132062A1960F6
:100E1000D96283F824509C8383F8286083F82900E2
:100E200083F85050A3F8484083F854C083F8550025
:100E300001F1100103F15803E5D1034B3B65F0BD0F
:100E4000943701200C380120A04B0700817999705C
:100E5000481F012808D901F0FD0109291FBFD07AD8
:100E6000917A01EB00215981127B002A08BF75227B
:100E7000DA7000221A8170472DE9F0438779547A9D
:100E80000831022F02EB010602F10A022AD1012CDD
:100E90000CBF02241024B0F812C04FF6FF7EB242FD
:100EA00010D25178157805EB0125ADB245B1BCF1F2
:100EB000000F05D0AC4503D8B0F81480A84517D270
:100EC0007322DA70DB785BB9C379012B08D1BCF1EE
:100ED000000F03D0838A01339C4529D10023C371BD
:100EE000BDE8F083042F0CBF023C043CE4B2D2E71F
:100EF000082F1AD192F80390917801EB092189B259
:100F000004320029DCD08D42DAD88C45D8D8884507
:100F1000D6D3714518BF0131224414BF1FFA81FC9A
:100F20004FF0000C9642BAD2CAE702322946F0E7E7
:100F3000A0F812C0A0F80CC0D2E7704700221A81B6
:100F4000704700002DE9F041937A547A0F4E0568FE
:100F500090F8287004EB0324A4B23368172CB3F87C
:100F6000048038BF1724FEF703FA0438804508DAF6
:100F700033689B88224639462846BDE8F041FFF792
:100F8000F9BBFEF7F5F9043883B2F3E758630020A4
:100F9000704700001FB5137A5B108DF802300368AC
:100FA0009B7AADF8003000238DF803308DF80C30BB
:100FB0000A4BDB6E0932013904460192ADF8081084
:100FC0000BB16846984794F82820236803EB820306
:100FD0009A7842F010029A7004B010BD9437012044
:100FE0002DE9FF410E46817904461546002946D079
:100FF000137A5A085B088DF8022001D091423ED145
:1010000004F1180008F0CDFE05F109030193731EE9
:10101000ADF80830A3899DF80220ADF80A30274BBF
:10102000002753F822808DF803706B462A4631461C
:101030002046C047E37913B19DF803301BB1A77177
:10104000201DFFF7C8FC9DF80230012B0AD01C4B75
:10105000DB6E3BB1E2798DF80C20A288ADF8002060
:101060006846984794F82860236803EB86039B78CA
:101070009B0704D4A3682BB12046FFF745FC04B0BE
:10108000BDE8F081002EFAD194F829100D4D0139F8
:101090000C2779436B1893F8BA31002BEFD001F588
:1010A000DC7129442046FFF737FC94F82930013BD6
:1010B00007FB035585F8BA61E1E700BFF44B070071
:1010C000943701200C3801201FB5137A5B100446B9
:1010D0008DF80230907A537A0B3203EB00239BB2E7
:1010E00001922268ADF80A30927AADF800200339F7
:1010F0000022ADF808108DF803208DF80C2023B1E4
:10110000134BDB6E0BB16846984794F82820236890
:10111000104903EB820391F8F8119A78A1B19DF878
:1011200002100E2910D193070CD40920FFF736FBCB
:10113000034638B11E220272216801220989042067
:1011400005F076FE04B010BD42F010029A70F9E787
:10115000943701200C3801202DE9F04706468846D7
:1011600017461D469DF820900CF04EFD002130469C
:10117000FFF7E8FB044630B303689C78B3F800A09F
:10118000C4F380040CF042FDBAF1000F36D07CBBF2
:1011900025B10B2F19D02B889A451ED30C2008F0AF
:1011A000E3FC014650B300238372164B068080F89F
:1011B000039087704560A0F8088093F87400BDE83C
:1011C000F04708F0E6BC8246DCE7B9F1000FE5D154
:1011D0002B681B8805339BB2DEE7772342463946EE
:1011E0003046FFF717FC2846BDE8F04708F0C8BCBA
:1011F0007123424639463046FFF70CFC002DF2D1F0
:10120000BDE8F08794370120F7B505460D201E464E
:101210000C461746FFF7C2FA034658B10522028072
:1012200004220272448087800222009621462846CA
:10123000FFF792FF03B0F0BD37B505460B200C4613
:10124000FFF7ACFA034668B1032202800A22027259
:10125000220A827200224472214600922846052208
:10126000FFF77AFF03B030BDF0B5074685B002F155
:101270000B0080B20D4616460393FFF78FFA044623
:1012800098B1F31C0380122303722B0A8372039913
:10129000457232460B301FF009F8002300930922F3
:1012A000234629463846FFF757FF05B0F0BD37B54E
:1012B00005460B200C46FFF771FA034660B1032286
:1012C000028044720222240A0021027284720122E6
:1012D00000912846FFF740FF03B030BD013810B53C
:1012E000002180B2FFF740FB0446C8B103689B7839
:1012F00003F01203102B13D10920FFF74FFA034616
:1013000070B121688A7822F010028A701E2202725F
:1013100021680122BDE810400989042005F088BD3C
:1013200010BDF0B50831448A02F109054FF6FF7788
:101330000A44954217D269782E7895F803C006EBD7
:101340000126A97801EB0C21B6B289B28E4205F1D3
:10135000040506D8B44204D8B0F814C0B44500D38C
:101360006CB97322DA70DB7843B9C379012B05D1EC
:1013700014B1838AA3420AD20023C371F0BDB942DB
:101380001ABF01318CB20024AA42D2D2E9E74482CA
:101390008481F3E7C279012A10B50DD1026890F873
:1013A000284032F824208A429BBF428A1B890023AE
:1013B0009B188CBFC371438210BD2DE9F347BDF864
:1013C00028809DF830A0074608F10F000E4680B235
:1013D0000B99019191461D46FFF7E0F90446D0B103
:1013E00008F107030380457306232D0A01994680FF
:1013F000A0F804900372857342460F301EF056FF2A
:101400002346032231463846CDF828A002B0BDE875
:10141000F047FFF7A1BE02B0BDE8F0872DE9F34722
:1014200007460E4603F10D000A999DF82CA0019184
:1014300090461D461FFA83F9FFF7B0F90446C0B184
:10144000082309F105090199A0F800904680A0F849
:10145000048003722A460D301EF028FF2346042222
:1014600031463846CDF828A002B0BDE8F047FFF776
:1014700073BE02B0BDE8F087F7B505460D201E46E5
:101480000C461746FFF78AF9034668B10522028029
:101490000C220272220A827247804472062200964F
:1014A00021462846FFF758FE03B0F0BDF7B54E00C1
:1014B000074606F109000D461446FFF76FF903468B
:1014C000A0B12246013606800E2032F802191872A9
:1014D00003F10904013DEDB2FF2D04F1020407D12F
:1014E0000022009238460722FFF736FE03B0F0BD17
:1014F00032F8020F04F8020C1088000A04F8010CFC
:10150000E8E72DE9F34707460E4603F10D000A9977
:101510009DF82CA0019190461D461FFA83F9FFF714
:101520003DF90446C0B1102309F105090199A0F85D
:1015300000904680A0F8048003722A460D301EF009
:10154000B5FE2346082231463846CDF828A002B021
:10155000BDE8F047FFF700BE02B0BDE8F08700002D
:1015600038B5044690F829000A4D431E0A4655F83E
:10157000233073B1997811B11946FFF78CFA2368BB
:101580009C7A013C55F8240008F0C0FA002345F885
:10159000243038BD083A01202DE9F0430C4687B0CD
:1015A00020780021FFF7CEF90546002855D0A37812
:1015B000112B5AD10A23A37090F82900464B411EE3
:1015C0000C2202FB013393F8BA315BB9AB79012BE2
:1015D00008D82778DFF80891013F59F82780B8F13B
:1015E000000F06D07222214607B0BDE8F043FFF796
:1015F00052BA104608F068FA49F82700064678B350
:1016000094E807000D88083DADB286E8070028463B
:1016100008F05AFA074600B3CDE90288CDE90488FC
:1016200005F010F81022014602A808F06FFC71685E
:101630002A460831384608F069FC122301932378C2
:101640000093264B2A4693F87430394602A8FEF7D9
:101650009DFE10B9384608F059FA07B0BDE8F0838E
:1016600095F8290075222146BEE7122BF5D1A06816
:101670001B4E08F04BFA2378013B56F82370002FDD
:10168000EBD07B68616818880822184408F03EFC9B
:10169000AB79012B03D02B689B789B0716D595F867
:1016A00029200D4B013A0C2101FB023397E807007A
:1016B00003F5DC7383E807002478013C56F8240026
:1016C00008F024FA002346F82430C6E739462846B5
:1016D000FFF722F9F0E700BF0C3801209437012012
:1016E000083A01202DE9F14FDDF828B080460F4679
:1016F00015461E4603F09AFD814640B15B463246D0
:101700003946404601B0BDE8F04F00F057B806F149
:10171000170080B2FFF742F8044618B306F10F0332
:101720000380D22300F10B0A03723B0A47728372D3
:101730003246594650461EF0B9FD0AEB06032A0A06
:101740000AF806505A702A0C2D0E9A70DD7011227C
:10175000234639464046CDF8289001B0BDE8F04F09
:10176000FFF7FABC01B0BDE8F08F0000024B034A5E
:10177000C3F8F421704700BF0C380120384C070033
:10178000830710B504461EBF20F003040434A4B23E
:1017900004F1080080B2FFF701F808B104440460C6
:1017A00010BDC279012A02D1028A02B9C2715A68F7
:1017B00004325A601A89043A1A817047F0B5074614
:1017C00085B002F10B0080B20D4616460393FEF77A
:1017D000E5FF044698B1F31C0380522303722B0AE1
:1017E00083720399457232460B301EF05FFD002371
:1017F00000930A22234629463846FFF7ADFC05B080
:10180000F0BD2DE9F74F9DF83880DDF830A0934604
:1018100007469DF834200D461E46B8F1000F00D053
:1018200062BB06F10D0398B20192FFF7A9FF0446CF
:1018300030B3D0F800901623A9F80060A9F802B0E0
:1018400003722B0A45728372B8F1000F01D0019A1E
:101850003AB904F10D035146324618461EF026FDF2
:10186000824623460B2229463846C9F804A0CDF803
:10187000308003B0BDE8F04FFFF76EBC0D20D3E71A
:1018800003B0BDE8F08F37B504460A200D46FEF7D9
:1018900085FF034650B10222028000211822027205
:1018A00045720C2200912046FFF756FC03B030BD74
:1018B000F0B52F4D05296C692F7F85B04FF00001E1
:1018C00043D0CEB2B74243D84BD05F781B7803EBFE
:1018D00007239BB2022B47D813B16488234243D01D
:1018E000441E55F82440002C40D034F8117024F8E0
:1018F0001130BB4227D01421ADF80400ADF80A30F6
:101900008DF80610AB698DF80C60ADF8082001A8C1
:10191000984718E001FB066E01F1010C34F80EE067
:10192000964505D061465FFA81FC6745F2D818D02C
:10193000013855F82020CAB132F81100187032F879
:101940001120120A5A7000200CE0063C0626EAE735
:10195000B4F800E0964501F1010CB6D006346146BA
:10196000AFE70A2005B0F0BD8020FBE71120F9E7C2
:101970001C3A0120044BC3E905121877034B044AB3
:10198000C3F8F421704700BF1C3A0120503A0120EF
:10199000B11805002DE9FF471D4C451E074654F8B8
:1019A00025300E462BB9207F400008F08DF844F812
:1019B000250054F82580B8F1000F20D0227F0EBBFF
:1019C00052003146404604B0BDE8F0471EF096BCD8
:1019D00036F8153028F8153063B1ADF80A308DF8B7
:1019E0000690A369ADF804708DF80C20ADF808A03E
:1019F00001A898470135237FEAB29342E8D804B0A2
:101A0000BDE8F08700254FF01409AA46F3E700BFB0
:101A10001C3A012038B5054D441E55F8240020B16C
:101A200008F074F8002345F8243038BD1C3A012032
:101A3000094B1A7C82420ED0187408B900F04ABAD9
:101A40000022012158780132022808BF5970052A66
:101A500003F10203F6D170473C3A0120014B187C98
:101A6000704700BF3C3A012002292DE9F0410C46A5
:101A7000174603D100252846BDE8F0811E29F9D07C
:101A8000184E431E06EB43024FEA430851780329E0
:101A90001CD1610618D416F813300121DB075170F0
:101AA00012D40025082CE6D1BA7B7B7B03EB022302
:101AB0009BB242F62A329342DDD1337C002BD9D03F
:101AC000464402237370D5E71225EBE70129E8D1DC
:101AD00014F04005F8D1F3685570002BE1D0294689
:101AE0009847DFE73C3A0120094B58B95A78013052
:101AF000022A14BF0A46012205285A7003F1020384
:101B0000F4D1704703EB400000F8011C704700BFA0
:101B10003C3A0120012A0346084605D80349013B07
:101B200001EB43011EF0C2BB704700BF3C3A0120ED
:101B3000024B03EB400010F8010C70473C3A0120C7
:101B400007B51346002200920A461221FEF7F6FD61
:101B500003B05DF804FB00002DE9FF418378212BE1
:101B6000054657D1017A007800F00EFA044628B9EC
:101B7000686804B0BDE8F04108F002B86B6893F8FB
:101B800008805E88B8F11D0F6CD1028D2AB12878CB
:101B900072223146FFF7D4FFEAE72F882D7A1A88A0
:101BA00020692946FEF7FEFDB8F11D0F13D122234F
:101BB00094F82510A37194F824002685E684FEF796
:101BC00005FE294BA0801B689979204604B0BDE82A
:101BD000F04108F0DDB8236903EB85039B7813F02F
:101BE000020312D1B8F1230FF8B207D100933246A5
:101BF0001321FEF7A3FD04B0BDE8F0811A4631467B
:101C000004B0BDE8F041FFF79BBF638D002BF2D11C
:101C10006685F0E7222BEED100880DF10F020DF161
:101C20000E01FEF7D6FD9DF80E009DF80F102880DE
:101C300000F0AAF904460028DDD0C38C002BDAD0CE
:101C40000026018DC68471229DF80E00FFF778FFF3
:101C500026852A7A236903EB82039A7842F00402EC
:101C60009A70C8E7428D91E75863002070B50C4622
:101C7000098D0546164619B1FFF762FF002323853B
:101C8000618D29B132462846FFF75AFF002363854C
:101C900070BD00008B78282BF7B5064630D1CC7884
:101CA00004B90C7AB57A174F5823013D03FB05752B
:101CB0002034EB8CE4B223B1284608F072F80023FC
:101CC000EB8422462946B07AFFF7D0FFB37A582238
:101CD000013B534303F12C0139441F44B7F8523000
:101CE0003BB10846019108F05CF800230199A7F880
:101CF0005230B07A224603B0BDE8F040FFF7B6BFDD
:101D000003B0F0BD503A012010B500210446007820
:101D100000F03AF9014628B120780022BDE81040D1
:101D2000FFF7A4BF10BD0000C38C37B504464BB30A
:101D300008F037F8E08C01A900F0CAFA80B1124926
:101D4000006802221EF0A4FA054648B994F824005F
:101D5000FFF7EEFE20B194F824002946FFF7C4FEF9
:101D60000023E38494F82520236903EB82039D7804
:101D700015F0020506D1218D94F824002A46FFF7BC
:101D8000DFFE258503B030BD9E4B070010B50A4B22
:101D900093F87400094B01221C4691B20132062AC5
:101DA0001873998083F83800198603F15803F4D129
:101DB000034BC4F8E83110BD94370120503A01209C
:101DC000404C0700024BD3F8E8315B68184700BF6E
:101DD000503A0120F7B505460D201C469DF82070AD
:101DE00001911646FEF7DAFC034670B184720122B7
:101DF000240A019902724672C472077305222846AA
:101E000003B0BDE8F040FEF7CDBC03B0F0BD00006C
:101E100038B5074D044694F82430363305EBC3003B
:101E200007F0E8FE00B938BD07F070FEF3E700BF29
:101E3000503A01208B78282B2DE9F047DFF84890A5
:101E400005460E4607D0D9F8E83131462846DB680A
:101E5000BDE8F047184700274FF05808AC7A013C1E
:101E600008FB047409EB0400FFF7D2FFA87A03F023
:101E700003FA430704D5143409EB040007F091FF7B
:101E80002C37582FEAD1DEE7503A012038B50F4DF4
:101E90002B681B680446BBB103690421987A0122B0
:101EA00003F0CEF90A4B93F8743084F820302023E5
:101EB000A37623699B7A23832B6804F114001968A5
:101EC000BDE8384007F064BF38BD00BF586300204C
:101ED000943701202DE9F04300272A4C85B0B846FD
:101EE0004FF01109E368002B32D02088083080B20F
:101EF000FEF754FC054600283CD009230372122348
:101F00004372E3685B888372E3685B881B0AC37271
:101F1000E36803A9588800F0DBF9064600B382683D
:101F20004168128805F10C0318461EF0BFF9B2682B
:101F30002189128805F108030244D21A92B22B4675
:101F4000042004F075FFE06807F0E0FDC4F80C80A1
:101F50000837282F04F11004C4D105B0BDE8F08380
:101F6000E3680A221B880092014608222046FFF7F8
:101F700031FFE8E7E36808221B88CDF800900146AE
:101F8000F4E700BF9437012038B504460D4603F04E
:101F900009F938B15823013C5C4303482C2313FB57
:101FA0000541084438BD00BF503A012010B50C4629
:101FB00003F0E4F838B15823013858432C2313FBBD
:101FC00004010148084410BD503A01202DE9D343D3
:101FD000894600211746FFF7E9FF064638B33C7AE9
:101FE000122C03D9A4F11603082B23D84FEA540866
:101FF00033699B781B0702D5B8F10F0F17D196F8FC
:1020000024003A462146FFF72FFD98B3BA7A7B7A2F
:1020100003EB02239BB2022C09D01E2C07D014F034
:10202000400104D1009030692246FFF7D3FE02B090
:10203000BDE8D083522C08D0202C09D0D22C0CBF64
:102040004FF011084FF00008D2E74FF00A08CFE731
:102050004FF01008CCE70B4A12F808204A4506D882
:102060003A464946304602B0BDE8D04318470346D9
:102070000420D0E7044B53F82830002BEBD1034663
:102080000620C8E7604C070008630020114B124986
:1020900030B50022C3F8E8111049C3F8EC11C3E9C8
:1020A00078220F491546084601240132D2B2052A8A
:1020B0001961D96383F8242083F8255083F85020D0
:1020C00083F8514001F1100103F15803EDD1054BA4
:1020D000436530BD503A01206C4B07008506050072
:1020E00094370120504C0700014BC3F8F0017047B2
:1020F000503A012010B504460BF086FD0B4BD3F887
:10210000E03100221BB1208A198A88420AD2214676
:10211000074807F08BFD0120FFF78AFCBDE810405F
:102120000BF074BD1A461B68ECE700BF503A012063
:10213000303C012010B504460BF066FD0A4BD3F885
:10214000E011002231B90120FFF772FCBDE8104018
:102150000BF05CBD0B8AA34202D00A460968F1E786
:10216000024807F080FDEEE7503A0120303C0120A4
:102170007FB50E46019014460BF046FD019803A969
:1021800000F0A6F8054698B18389B34212D32146E0
:10219000406832461EF08AF8AC7B14F0080402D086
:1021A000AB6800241E800BF031FD204604B070BDEA
:1021B0000A24F8E70D24F6E730B589B04FF4A813E8
:1021C0000446806804930025102306938DF81C5064
:1021D000ADF81E5010B107F099FCA56060681021A1
:1021E00007F0A1FE6368059303AB019302AB009374
:1021F00002220A4B4FF6FF71012000F0C5FA18B118
:10220000059A1021FFF7B4FF0020FFF711FC044BE3
:1022100004A8DB6E984709B030BD00BF964B07009D
:102220009437012010B48378202B06D100785DF814
:10223000044B0022042103F003B8222B06D80B4BD9
:10224000D3F8E8319B685DF8044B1847232B03D182
:10225000064BD3F8EC31F6E7242B03D15DF8044BA1
:10226000FFF7AABF5DF8044B704700BF503A01204A
:1022700010B504461346A27B0068D20709D4022990
:102280000CD10A4619461EF003F8B0FA80F0400956
:1022900010BD1029F5D00146184602E01029FAD1E8
:1022A0001946BDE81040FEF739BA022903460CD1A1
:1022B00000781178884206D158785378C31A58426A
:1022C0005841C0B270470020FBE71146FEF726BA1E
:1022D00010B5094BD3F8E03153B11A8A824209D8BC
:1022E0005C8A844206D30B605B68801A03EB0013A0
:1022F000184610BD1B68EFE7503A012030B50B4B74
:10230000D3F8E0310BB918460FE01C8A844204D997
:102310008C4201D91B68F5E720465D8A8542F9D3D6
:102320005B68041B03EB0413136030BD503A0120BB
:102330000B4273B506460D461C4605D101290CBF5C
:102340000220032002B070BD102908BF1C0914F040
:102350000E0F01D10020F5E7019202F067FF14F0A3
:10236000080F019A00D088B104F00A030A2B01D1AA
:1023700001280BD96307EDD5064BD3F8F0313BB1FB
:102380002946304602B0BDE8704018470520D9E71D
:102390000820D7E7503A0120F0B585B0044615462D
:1023A00090F8240001220DF10F01FFF7B3FB9DF817
:1023B0000F309B070AD50623009394F82510206957
:1023C00000230222FFF706FD05B0F0BDAB7A6E7A5E
:1023D000154D06EB0326B6B22B68172E9F8838BF23
:1023E0001726FCF7C5FF0438874218DA2B689D884A
:1023F0000B20FEF7D3F9034648B1290A03220272E3
:102400004572817294F825102069FEF7CBF994F893
:10241000251020692B463246FEF7ACF9D4E7FCF7CD
:10242000A7FF043885B2E3E7586300202DE9F04F99
:10243000937A92F8098008EB03281FFA88F885B090
:102440000646B8F1000F77D0137BD17A01EB032158
:102450008CB2A04570D8036990F8252033F822A0EB
:102460000AF1080A1FFA8AF0FEF798F905460028D3
:1024700064D0052303720123437200F10E09AA44BC
:1024800040464FF6FF7B03AA2146A9F10407FFF758
:1024900035FFD0B1039B9B7BDB072FD505F10A03EA
:1024A0009F4212D10223040A07F8013C38707C7065
:1024B000039B1B6805F10C0203F1100153F8040B98
:1024C00042F8040B8B42F9D1123705F10A039F42FF
:1024D00036D1284607F054FB0A243046FFF7D6FCD5
:1024E00096F8251074BB05F10803FA1A30692B46DB
:1024F00092B2FEF757F905B0BDE8F08FD1454A46D4
:10250000E3D8030A09F8040C09F8033C039B1B6891
:102510001B7809F8023C039B1B6858455B7809F857
:10252000013C07D0431C98B2844209F10409AAD2A5
:102530001746CAE74F46C8E70124CEE71124CCE787
:102540000024CAE73069009443460422FFF742FCA6
:10255000D1E700002DE9FF41D0F8108090F8253038
:10256000557A38F82370937A05EB0325ADB204460B
:1025700003A92846FFF7ACFE0646002855D0C37BCA
:1025800098F80A002A460121FFF7D2FE034680B9D7
:10259000B27B510716D50399D1F80880B8F1000F26
:1025A00010D022692946907A00960A22C047034635
:1025B00050B1009394F8251020692B460A22FFF7AA
:1025C00009FC11E0930612D4B368B3F80080013F10
:1025D000B845A8BFB8461FFA88F707F1090080B2CE
:1025E000FEF7DCF8054678B904B0BDE8F081104B81
:1025F000D3F8F481B8F1000FE6D020697368807ACF
:102600002A460521C047D2E70B23037271681FFADF
:1026100088F209301DF04AFE7A1C94F825102069D2
:102620002B4692B2FEF7BEF8DEE70123C1E700BFFA
:10263000503A01202DE9F04F0369174690F8252004
:1026400033F8223089B0044603F1080080B20D4609
:102650000593FEF7A3F8804600287CD0013DABB27D
:102660004FF0000B039300F1090A0B37D9465D4682
:10267000039B1BB9BBF1000F61D02DE017F8013CA3
:1026800017F8025C05EB0325039BADB2023B9BB23E
:1026900007A928460393FFF71BFE064600286ED0C5
:1026A0002069F37B807A2A460121FFF741FE0490DE
:1026B000002860D1B37B5A071CD5079AD2F808B01E
:1026C000BBF1000F16D023692022987A049B009654
:1026D0002946D847834678B140462121FEF7E6F8DF
:1026E00094F825102069CDF800B02B462022FFF782
:1026F00071FB30E09B0631D4059BA3EB0902B36864
:102700001B88093A9A42A8BF1A465346C2F30721CA
:1027100003F8022B1FFA82FB8AF801101846716831
:102720005A461DF0C3FD09F102031BFA83F31FFA99
:1027300083F9B3681B88DA465B4582441BD92123A1
:1027400088F8083009F1010294F825102069434601
:1027500092B2FEF727F809B0BDE8F08F094BD3F825
:10276000F4B1BBF1000FC7D020697368807A2A46A4
:102770000521D847AEE7DDF810B0023778E74FF013
:10278000010BA9E7503A01202DE9F0479A461A4B70
:10279000089FD3F8E0510E46904604464FF6FF7965
:1027A0000DB92C4625E0288AA0420FD9B0420CD999
:1027B0002D68F5E74C45FBD03B68103301343B6096
:1027C0006B8AA4B2A34209D2F2E704466B8AA34201
:1027D000EED36968201A01EB00113960B442E7D8E2
:1027E000386852464146FFF743FD0028E2D0099B76
:1027F0001D602046BDE8F087503A01202DE9F341E5
:102800004FF42053ADF8003042F60103ADF8043028
:102810004FF6FF739842074605D14FF6FF763046D4
:1028200002B0BDE8F0811B4B441CD3F8E081A4B298
:10283000B8F1000FF1D0B8F81030B8F812209C426F
:1028400038BF1C46A24221D3D8F80450E31A05EB46
:1028500003153E466A46022128462746FFF708FD33
:102860000028DCD101AA02212846FFF701FD00283B
:10287000D5D14FF6FF739C42CFD0B8F81230013457
:10288000A4B2A34205F110053E46E3D2D8F8008079
:10289000CEE700BF503A01202DE9F043036990F8DC
:1028A0002510567A33F82170937A92F80B8092F8BB
:1028B0000C9006EB032685B0B6B2044603A9304659
:1028C000FFF706FD054600285ED02069EB7B807A85
:1028D00032460121FFF72CFDC0B9AB6808EB09288F
:1028E0001B881FFA88F8434550D3AB7B5A0716D58F
:1028F000039AD2F80890B9F1000F10D023690C2286
:10290000987A009543463146C84750B1009094F8F4
:102910002510206933460C22FFF75CFA12E09B0673
:1029200013D4AB681A88013FA2EB08029742A8BFF4
:1029300017461FFA87F909F1090080B2FDF72EFF4B
:10294000064678B905B0BDE8F083114BD3F8F49191
:10295000B9F1000FE5D020696B68807A3246052115
:10296000C847D2E70D2303726968BAB241440930FF
:102970001DF09CFC09F1010294F8251020693346F2
:1029800092B2FDF70FFFDDE70120BFE70720BDE7AB
:10299000503A01202DE9F04F2DED028B937A92F8F9
:1029A000099009EB03291FFA89F987B080460F4681
:1029B0001646B9F1000F7FD0137B92F80BA00AEBFB
:1029C000032A1FFA8AFAD14576D8036990F82520A0
:1029D00033F8223003F1080B1FFA8BF0FDF7DEFE0F
:1029E000054600286AD006F10D0308EE103A06F1FC
:1029F0000F0308EE903A073F072205EB0B0300F1A7
:102A000009040272BFB24846039305AB019304ABBD
:102A10000093022218EE103A5146FFF7B5FE8346A6
:102A2000E0B905F109039C424AD1284607F0A8F80D
:102A30000A264046FFF72AFA98F82510002E41D1C1
:102A400005F10803E21AD8F810002B4692B2FDF700
:102A5000A9FE07B0BDEC028BBDE8F08F0499CA7BDC
:102A6000D30721D557B18A681288BA421CD1496868
:102A700018EE900A3A461DF00BFCA8B9727BCAB951
:102A8000B27B282A584601D1FFF7B8FE039B221DCE
:102A90009A42C6D84FEA1B236370030A84F800B039
:102AA000A070E37083461446D345BAD20BF10103FC
:102AB00098B2AAE75846E9E70126BAE71126B8E72F
:102AC0000026B6E7D8F8100000964B460622FFF71E
:102AD00081F9BEE72DE9F04F2DED028B0369547AA1
:102AE00092F80B90054690F82500053933F82060E0
:102AF000937A5FFA81FA04EB0324BAF1020F137B95
:102B000089B0A4B203D0BAF1100F40F00281002CBA
:102B100000F0018109EB03291FFA89F94C4500F205
:102B2000FA8002F10D0308EE103A07AB019306ABF1
:102B30000093204618EE103A52464946FFF724FE0D
:102B40000446002800F0E9802869069B807ADB7B38
:102B500022460121FFF7ECFB034670B9069A917BF0
:102B60004F0711D50798876877B12969887A00924D
:102B700021460822B847034640B1009395F8251036
:102B80002869234608227BE0880654D4654918EE5C
:102B9000100A02221DF07CFB002858D006F1080B19
:102BA0001FFA8BF0FDF7FAFD0746002800F0B7800A
:102BB00009230372069B9A68B2F800808472043E6F
:102BC000B04528BFB0465FFA88F808F102024272A9
:102BD0000492220AC27200F10C065968304642463D
:102BE0001DF064FB049B01341E4407EB0B03A0B2F1
:102BF0000593B31E039307AB019306AB00935246B4
:102C000018EE103A4946FFF7BFFD0446002842D0AF
:102C1000069B28699A7B510735D50799D1F808B0EA
:102C2000BBF1000F2FD0807A0093082200232146A9
:102C3000D84750B32FE03C4BD3F8F471002FA5D008
:102C400028695368807A22460521B84793E7FEF742
:102C500005FF0028A2D004202E6906F035FFF060A1
:102C60002869C36833B11C805C8009B0BDEC028B5D
:102C7000BDE8F08F112395F8251000930822234614
:102C8000FFF7A8F8F1E7920611D4069B28699A6825
:102C90001288424517D0039A95F82510286907F144
:102CA0000803D21A92B23B46FDF77CFDDDE71E4ACF
:102CB000D2F8F4B1BBF1000FE7D05B68807A22460E
:102CC0000521D847B5E7DB7B807A22460121FFF753
:102CD0002FFB0028DFD1059B08EB060B9B45DAD8BC
:102CE000230A06F8024C06F8013C069B4246596846
:102CF00030461DF0DBFA4FF6FF739C4206D00134DC
:102D0000049BA0B281451E44BFF473AFCDF80CB054
:102D1000C1E7042331E701232FE70A232DE711231D
:102D20002BE700BF964B0700503A01202DE9F04FEA
:102D30000369174690F8252033F822A00AF1080A03
:102D400087B004461FFA8AF00E46FDF727FD0546B8
:102D5000002866D00836BB1903930F23093700F10A
:102D600009090372039B9F420BD305F10803A9EBEA
:102D7000030294F8251020692B4692B2FDF712FD4C
:102D800059E07B7817F8026B06EB0326B6B205A96B
:102D90003046FFF79DFA804600284FD0206998F80A
:102DA0000F30807A32460121FFF7C2FA034600282D
:102DB00045D198F80E20510723D50599D1F808B0D0
:102DC000BBF1000F1DD022693146907ACDF800800A
:102DD0000E22D847034690BB05EB0A024A45C1D9EB
:102DE000A2EB090293B2D8F80820D8F8041016888C
:102DF0009E4228BF1E46484632461DF057FAB1444F
:102E0000B0E79306E8D5114BD3F8F4B1BBF1000F4E
:102E1000E2D02069D8F80430807A32460521D847BC
:102E2000D8E711230646009394F82510206933460D
:102E30000E22FEF7CFFF07B0BDE8F08F0123284632
:102E4000039306F09DFE039BEDE700BF503A01207F
:102E50002DE9F04F2DED028B8BB04FF4205392F8FB
:102E60000980ADF81C300539937A5FFA81FB08EBD5
:102E70000328BBF1020F81461FFA88F803D0BBF18B
:102E8000100F40F0B080B8F1000F00F0B080117B5F
:102E9000D37A03EB01239BB29845029300F2BE80E4
:102EA000D9F8103099F8251033F8216002F10D039C
:102EB0001A46594607A808EE103AFFF7F6F9002817
:102EC00000F0AE8009AB019308AB0093029918EEB5
:102ED000103A5A464046FFF757FC0446002800F0D7
:102EE000A180D9F81000089B807ADB7B2246012163
:102EF000FFF71EFA0746002840F0968006F1080307
:102F00000493BDF81000FDF749FC11230546002885
:102F100000F08C800372089B9B68B3F800A0847259
:102F2000063EB24528BFB2465FFA8AFA0AF10403A8
:102F300043720393230AC3722046FFF75FFC08998C
:102F40002873020A6A7305F10E0605904968304637
:102F500052461DF0ABF9039B1E44049B2B44049383
:102F6000059B4FF6FF729342A6F1040442D0013351
:102F700098B2029B83423DD309AB019308AB009307
:102F80005A4618EE103A0299FFF7FEFB024688B344
:102F9000089B9968098851452CD1D9F81000DB7B32
:102FA000807A05920121FFF7C3F918BB049A0AEB56
:102FB00006039A423DD3059A06F8042C130A06F834
:102FC000033C1046FFF71AFC020A06F8020C06F84A
:102FD000012C089905904968304652461DF066F963
:102FE000039B1E44BCE704270024254602E001277A
:102FF000444645464846FEF749FF99F82510D7B99B
:1030000005F10803E21AD9F810002B4692B2FDF739
:10301000C9FB0BB0BDEC028BBDE8F08F0127E3E7E5
:103020001027E1E70A27E0E7A046DDE704461F4650
:10303000E0E70746DEE7D9F8100000974346102284
:10304000FEF7C8FEE5E70000F0B5436887B0064626
:103050000C4643B34D890735ADB2284606F034FD22
:10306000B4600746F8B100237168102202A8CDE9C8
:103070000233CDE9043306F049FF2A4604F10D017D
:10308000384606F043FF23230193237B00930A4B2A
:103090002A4693F87430394602A8FDF777F940B90B
:1030A000384606F033FD204607B0BDE8F04006F094
:1030B0002DBD07B0F0BD00BF943701202DE9F347C7
:1030C000937A567A06EB0326B6B205468946304611
:1030D00001A99046FFF7FCF800283ED0817B4F06FF
:1030E0003BD52B69204F9B7A013B07EB03135A68B2
:1030F0009AB3C27B12F0900F2FD0940601D51B7BA0
:103100005BB3A9F10F0A0A0783891FFA8AFA22D44E
:103110009A4522D109F10F0080B206F0D5FC044691
:10312000D8B12B6943600681A0F80AA095F8243035
:10313000037308F108014A460D301DF0B7F895F801
:103140002430013B07EB03102146836843B1074855
:1031500006F03EFD01E09A45DCD902B0BDE8F087FB
:10316000FFF772FFF9E700BF483C0120983C0120BF
:103170002DE9F0478378232B88B0064657D10023EA
:10318000CDE9063303783B4D4168013B1F0105EB58
:10319000031308229C6806A806F0B8FEB4F80AA03B
:1031A00004F10D090AF107010822494406A81DF09F
:1031B0006FF8804650BB09EB0A035A79197912045B
:1031C00002EB0122D9789B790A4402EB0362EB59A6
:1031D0009A421BD30132EA51208905A9FFF778F8FA
:1031E000814698B1817B880704F1100322D5059AA6
:1031F000D2F80CA0BAF1000F1CD02189207BCDE9B8
:10320000013963890093D2224346D047204606F015
:103210007DFCB06806F07AFC174806F0EBFC01462E
:1032200020B3007B013805EB0010FFF70DFF08B05D
:10323000BDE8F0878A060AD5104AD2F8F481B8F1C1
:10324000000F04D02289207B0921C047DEE7628974
:10325000D9F8040019461DF029F899F80E301B071B
:1032600042BFD9F8083062891A80CFE73D44A86090
:10327000DDE700BF483C0120983C0120503A012086
:10328000054B0022C3E91422044B054AC3F8EC2184
:10329000044B054A5A647047483C0120503A0120CB
:1032A0007131050008630020BD300500034B013873
:1032B00003EB001359601A73704700BF483C0120AC
:1032C000024B03EB001040F8101C7047483C0120F3
:1032D000024B03EB001050F8100C7047483C0120E3
:1032E0002DE9F047937A92F8099092F808A009EB3B
:1032F000032986B01FFA89F905460E46484605A9F6
:103300009046FEF7E5FF074600284FD02869FB7B73
:10331000807A4A461021FFF70BF80446002854D162
:10332000BB89033EB6B2B3424DD3B97B880708F1DF
:103330000B0324D5059AD2F80C80B8F1000F1ED0EB
:103340002A694946907A0096CDE9013752462346CC
:10335000C0470446002838D1BAF1120F0CD1092019
:10336000FDF71CFA034638B11322027295F82510B6
:1033700028690122FDF716FA06B0BDE8F0878A0633
:1033800009D5194AD2F8F4412CB128694A460921D5
:10339000807AA047DDE71946786832461CF086FF40
:1033A000BB7B1B07D8D5BB681E80D5E70124BAF1CB
:1033B000120FE1D195F82510286900944B4612228E
:1033C000FEF708FDD8E70D24F1E7BAF1120FD3D1CB
:1033D0007A2C2B6995F82520ECD103EB82039A789F
:1033E00042F008029A70C7E7503A01202DE9F04FE9
:1033F000937A547A92F80B8092F80C9004EB0324A1
:1034000087B0A4B206468A46204605A91546FEF7AF
:103410005FFF0746002800F08780C37B96F82400F2
:1034200022461021FEF784FF00285DD108EB092811
:103430001FFA88FBBB7BBBF1000F01D0D90675D505
:10344000AAF105091A071FFA89F902D4BB894B456D
:103450006ED396F82400394B363003EBC00006F0EB
:103460001AFC374B1B68DB79834263D90AF10600EB
:1034700080B206F029FB804600285DD0BB7B9B070D
:1034800005F10D051ED44A462946A8F80490A8F86F
:103490000640A8F808B008F10A001CF007FF96F8EB
:1034A0002400264B363003EBC000414606F090FB6B
:1034B0000AF1080080B2FDF771F90746E8B907B0D4
:1034C000BDE8F08F059BDB689C46002BDBD0CDE987
:1034D000015796F82400CDF80090002316222146CB
:1034E0006746B8470028CED0009096F8251030697E
:1034F00023461622FEF76EFCE1E71723037244729F
:103500004FEA1B23240A847280F80BB003734A46E7
:1035100029460D301CF0CAFE96F8251030693B464E
:103520005246FDF73FF9CAE70120DDE70B20DBE754
:103530000D20D9E70920D7E71120D5E7503A01201F
:10354000586300202DE9F041537A86B0064683B9CE
:10355000FEF75EFC0920FDF721F90346002836D06E
:103560001922027296F8251030690122FDF71AF926
:103570002DE0012B7DD190F824303F4F363357F8A2
:1035800033405CB996F82400363007EBC00006F0F3
:1035900031FB054610BB002CDCD010E0E08804A90C
:1035A000FEF796FEC0B121898289914212D8A38884
:1035B0000B44934210DD0D243046FEF729FC96F8AB
:1035C00025103069009400231822FEF703FC06B092
:1035D000BDE8F0810724EFE72468D2E7E88805A971
:1035E000FEF776FE804620B90E243046FEF710FC2A
:1035F00019E0C37BD8063AD598F80E20910705F15B
:103600000A0314D50599CC688CB12A89E98896F803
:103610002400CDE90138AB88009313461822A04757
:1036200004460028E1D1284606F070FAAAE792067F
:1036300008D5D7F8F4412CB1EA8896F8240009217E
:10364000A047EDE72C89D8F80400AA882044194641
:103650001CF02CFE98F80E4014F00804E3D0AB8860
:103660002989D8F808200B4413800024DBE70324C1
:10367000BBE70424A3E700BF503A01200C4B1A1803
:10368000FF2110B5117700F108014FF4C86423F849
:10369000114003EB41034FF4F061D9800723D37746
:1036A000044B03440021597482F8231010BD00BF5D
:1036B000A03C0120743E012008B50020FFF7DEFF8A
:1036C0000120FFF7DBFF0220FFF7D8FF034B044A7E
:1036D000197B117300229A7308BD00BF743E01204C
:1036E000A03C012030B58BB004460D4624220021B9
:1036F00001A81CF003FE0E498DF8085002238DF836
:10370000063001238DF80C300B190DF10E0093F8E3
:103710003F308DF80D30062303FB04112D318DF859
:10372000075006F07FFB01A802F0BAF80BB030BDDD
:10373000A03C0120F7B506460E200F461546019322
:1037400006F012FA044680B10023837047710671B7
:1037500085710199073006F065FB054B187B214602
:1037600003B0BDE8F04006F014BA03B0F0BD00BFEE
:10377000743E01202DE9F34180460F4603F1080015
:103780000899019116461D4606F0EEF9044698B1D7
:1037900001230199837080F8048047718671C57197
:1037A0002A4608301CF082FD054B187B214602B0EA
:1037B000BDE8F04106F0EDB902B0BDE8F08100BF10
:1037C000743E01202DE9F041054612200E461746B1
:1037D000984606F0C9F90146D8B1022383700571F5
:1037E00001F1080305300024E2B2954205D80A4BE6
:1037F000BDE8F041187B06F0CCB9325D00F8012B32
:1038000037F8142023F8022B18F804200272013430
:10381000EAE7BDE8F08100BF743E012038B50546F7
:1038200008200C4606F0A0F9014690B103238370EE
:1038300005712346421D2544AB4205D1054B187B3B
:10384000BDE8384006F0A5B913F8010B02F8010BEA
:10385000F2E738BD743E012010B50446062006F09C
:1038600083F9014640B104238370044B0471BDE821
:103870001040187B06F08DB910BD00BF743E0120CA
:1038800008B5042006F070F9014638B105238370AD
:10389000034B187BBDE8084006F07BB908BD00BFAC
:1038A000743E012037B505460C20019106F05CF905
:1038B000044670B10623837005710199053006F046
:1038C000B1FA054B187B214603B0BDE8304006F045
:1038D00060B903B030BD00BF743E012070B504462E
:1038E0000E4615460AF090F904F10800044B23F83F
:1038F000106003EB4003DD80BDE870400AF086B93C
:10390000A03C012038B505460C460AF07DF9034875
:103910002844C477BDE838400AF078B9A03C0120BB
:1039200010B504460AF070F9024B9C73BDE81040D4
:103930000AF06CB9743E01200A4A0E23584313184A
:10394000FF211154002201217F2059709A70DA70F2
:10395000187159719A71D9711A725A729A725A738E
:10396000704700BFE43C0120064A06235843131861
:103970004FF4C86111524FF4F0625A8000229A80CD
:10398000704700BF0E3D012010B5084C4318994206
:1039900001D1002010BD11F8012B2244107F012815
:1039A000F8D00428F3D10120F4E700BFA03C0120A7
:1039B00010B50A490A4A002311F8014B012C01D025
:1039C000042C02D1547B844205D00133DBB2032B9B
:1039D00002F10E02F0D1184610BD00BFBC3C012020
:1039E000E43C012008B5FFF7E3FF02280BD8064BA3
:1039F0000344FF221A77002283F82320034B0E2171
:103A000001FB00335A7308BDA03C0120E43C0120B7
:103A1000064B93F8230093F8242093F825301043A5
:103A20001843012894BF002001207047A03C0120CA
:103A3000084B5A79012A08D8DA7A012A07D85B7C20
:103A4000012B8CBF0220032070470020704701200B
:103A5000704700BF0E3D0120704700008378034A85
:103A600003F0070352F82330184700BF804C0700CB
:103A70008378034A03F0070352F82330184700BF46
:103A8000AC4C0700F7B54E230D4D0E4FADF802308C
:103A900000246B7903F0FD03012BE6B206D1BB686D
:103AA0008DF80460ADF80040684698473046013410
:103AB000FFF75AFF032C05F10605EAD103B0F0BD6C
:103AC0000E3D0120743E0120F0B585B0482300244E
:103AD0000F4E104FADF806308DF8084016F8013B38
:103AE0001A1F012AE5B201D9012B06D1BB688DF856
:103AF0000950ADF8044001A8984728460134FFF763
:103B00001BFF032CEAD1FFF7D7FD05B0F0BD00BFC6
:103B1000C33C0120743E0120411D0079FBF7A4B88D
:103B20002DE9F04F8BB006798DF80B6082460DF1D0
:103B30000B010120FFF728FF0546002840F0A9806F
:103B40009AF80540DFF8E0819AF80690012C1BBF37
:103B50000E2303FB068327465F781C22002103A85F
:103B60000AF1070A1CF0CAFB002F00F09580042C14
:103B700098BF694B4FF0010798BF195D8DF822700F
:103B800088BF0021BC4241F0100103D0251F18BF9F
:103B9000012514B1A21E5742574111F0080F5F4B87
:103BA000ADF80C1008D106F1080233F81210049198
:103BB00003EB4202D2880592DFF864B133449BF8EC
:103BC0000E00DB7F8DF8183001F0C0FE0BEB060312
:103BD0008DF81A905B7C8DF820300E23734308EB30
:103BE00003098DF8190099F804208DF8212099F81F
:103BF0000A208DF8252099F80820CDF81CA08DF812
:103C000026207DB999F80B2062B118F80330FF2BFC
:103C100008D000952B462A4603213046FBF776F85C
:103C200089F80B508FB90E23734308EB03052A7BE9
:103C30005AB118F80330FF2B07D000973B463A469D
:103C400003213046FBF786F82F7303A93046FBF7B4
:103C500020F80E23734308F803409BF80E30012B25
:103C600009D19BF8053003F0C003C02B03D12C49C8
:103C70003046FAF7F9FF002C46D0013CE4B2042CA0
:103C800044D8284B1B57DBB2324602210E2001F0EC
:103C900077FD0BB0BDE8F08F94B3052C31D0012C2B
:103CA00036D0042C34D0022C01D0072C0AD10025A8
:103CB000012702216FF0D2032341DB0706D441F034
:103CC000040103E04FF001053946F3D90E2303FB4D
:103CD000068292780AB141F0200103FB0683DB786B
:103CE0000BB141F040010E2303FB06835A798DF896
:103CF00022209A79DB798DF823208DF824304CE747
:103D0000052401252946E1E70123BCE70023BAE7A2
:103D100001210D46D3E700BF754C0700A03C0120F0
:103D2000743E01207A4C0700E43C01202DE9F04369
:103D300087B001AE9DF838E0DFF844909446002546
:103D400032464FF00A08ECB2A04206D801460120E4
:103D5000FBF724F807B0BDE8F0835C5D34713CF8F4
:103D600015404F5D377024B1013CB4FBF8F40134C9
:103D7000A4B24F44748087F823E001350636E2E7A9
:103D8000A03C0120F0B5104E87B060B986F8232022
:103D900086F8242086F82520014601AA0020FAF79B
:103DA000FDFF07B0F0BD002301AC1F46CD5C2570C0
:103DB0003544013385F82320DDB2A842678027719E
:103DC00004F10604F2D8E7E7A03C012010B4007922
:103DD000074C062141436218615A13795DF8044B80
:103DE0005288003B18BF01239B01FBF732B800BF8C
:103DF0000E3D012082794179C31D0079FBF746B859
:103E000008B50146FFF714FE02280BD90979064BC5
:103E1000062202FB013302225A71BDE8084001204C
:103E2000FBF755B808BD00BF0E3D012008B501469F
:103E3000FFF7FEFD02280BD90979064B062202FB8B
:103E4000013303225A71BDE808400020FBF73FB858
:103E500008BD00BF0E3D0120012A10B518D1B8B928
:103E60000E4B93F82320012A08D193F82420012A2D
:103E700004D193F82500431E5842584110BD11F853
:103E8000013B234493F82330934203D00020F5E70D
:103E9000024C08448142F2D10120EFE7A03C01200E
:103EA00030B585B00446FFF7B3FD024600BB257967
:103EB000611D28460391FFF7CFFFC8B1039928463B
:103EC000FFF762FDA0B90B4A0399507F137F0340AF
:103ED000907F0340FF3B18BF012382F82C3003235F
:103EE000009304F1080204F10E032846FFF71EFFB9
:103EF00005B030BDA03C012073B5194B19491B8892
:103F0000ADF80430002305798DF8063005301C46E5
:103F1000DAB2954216D8FFF77BFD88B9012201A9D4
:103F20002046FFF799FF58B101A92046FFF72CFD65
:103F300030B905B124B1052201A92046FFF722FFBF
:103F400002B070BD10F8012B8E18367FFF2E05D001
:103F5000661C08346C4404F8042CF4B20133D7E72F
:103F6000724C0700A03C012013B5012204798DF8A2
:103F700007400DF107011046FFF76EFF50B1FFF744
:103F800047FD28B906220DF107010120FFF7FAFECF
:103F900002B010BD2046FAF742FF2046FFF76EFB45
:103FA000204602B0BDE81040FFF7C6BC00B58378DC
:103FB000382B9BB001460ED1FFF73AFD02280AD8F4
:103FC000144B0A680192062101FB0033597902293A
:103FD00004D0032912D01BB05DF804FB120E4FF081
:103FE0004D018DF808008DF806100CBF012200224B
:103FF0005A71094B01A89B689847ECE7120E4FF0E5
:104000004E018DF808008DF8061014BF0122002221
:10401000EEE700BF0E3D0120743E012008B5164BAF
:1040200093F82320012A10D193F82420012A0CD1DF
:1040300093F82530012B08D1FFF7EAFC0146D0B9EF
:10404000BDE808400722FFF79DBE0020FFF716FBE2
:104050000020FFF771FC0120FFF710FB0120FFF7A4
:104060006BFC0220FFF70AFB0220FFF765FCBDE8AE
:104070000840FAF7E2BE08BDA03C012073B5014636
:104080000079224B8E790E2242439C189A5C657807
:104090004C6804F0FF24DEB9B4F5407F04D095B13C
:1040A000012A0ED0042A0CD00E2404FB003401F1A6
:1040B00008030093CB79627A4979FAF727FE012346
:1040C000E37202B070BD12F0FD0FFAD0072AEAE7E2
:1040D000B4F5407F03D085B112F0FD0FF1D10E226F
:1040E00002FB003401F108030093CB79627A49792D
:1040F000FAF730FE01232373E3E7072AE1D885248A
:1041000024FA02F2D207DCD5E9E700BFE43C012043
:1041100008B50020FFF710FC0120FFF70DFC02207E
:10412000FFF70AFCBDE80840FFF7C6BA08B5002053
:10413000FFF71AFC0120FFF717FCBDE8084002203A
:10414000FFF712BC2DE9F04F5A4D5B4C0368DFF8C6
:104150006CB19BB026460193A84600274FF0FF0A9A
:1041600016F8013B043B012BFAB226D89DF8073024
:1041700016F8089CADF80AA08DF808308DF80920D3
:10418000002B4BD106F808AC06F8013C88F80D303E
:1041900048210D2001F0F4FAB9F1FF0F0DD0B9F16B
:1041A000010F0AD0B9F1040F07D04FF048038DF882
:1041B000063001A8DBF8083098470137032F08F1D3
:1041C0000E08CDD100268DF80860B0463746B146BE
:1041D00014F8013B032B5FFA86FA23D8012B24D96C
:1041E0009DF80830591C68336B448DF8081003F8AB
:1041F0005FAC9DF8073093BB524647210C2001F07D
:10420000BFFA2B7804F8083C012304F8013C2B7812
:10421000012B0AD0042B18BF472706E0012306F81C
:10422000013CB9E7063B012B1BD90136032E05F1F2
:104230000E05CDD1B8F1000F07D0FAF7FEFD00232F
:104240001A4604210E2001F09BFA2FB11B4B8DF86A
:1042500006709B6801A898471BB0BDE8F08F00234B
:10426000D3E79DF807B0BBF1000F1ED15046FFF712
:1042700005FA5046FFF760FB14F8011C062911D11E
:104280005046FAF7CCFD5B46524603210E2001F062
:1042900077FA4FF0FF3304F8083C04F8019C85F8E6
:1042A0000D90C2E74FF00108F3E74FF0010304F867
:1042B000013CBAE7E43C0120C33C0120743E0120EC
:1042C00083782E2B70B504462ED145791D491E4AA0
:1042D0002944FF230E7F0B77002381F823300E2122
:1042E00001FB05220D20537348212A4601F048FAAC
:1042F000FF2E26D0012E217910D0042E0ED0482377
:10430000A37029B9E08800F03DFB08B1037C23804D
:104310000E4B9B682046BDE87040184789B128467F
:10432000BDE87040FFF7DEB92F2B04D1492383701D
:10433000064B9B68EFE7372B03D1BDE87040FFF7D2
:1043400001BF70BDA03C0120E43C0120743E01206F
:104350007FB5154604468DF80F10ADF80C30FFF709
:1043600057FB024628BB0DF10F010120FFF774FD3A
:10437000F8B1012D0CBF0223032303AA00930DF112
:104380000F0108AB0120FFF7D1FC9DF80F500A4E3A
:104390000A992D23062010FB0530304405F042FD1C
:1043A0009DF8243086F83F30044B0E2202FB053383
:1043B0005C7304B070BD00BFA03C0120E43C012050
:1043C00007B50146FFF724FB90B90846FFF7F0FA5E
:1043D00002288DF807000BD8074B03440DF10701A5
:1043E0001B7F012B0CBF042205220120FFF7CAFC12
:1043F00003B05DF804FB00BFA03C0120FFF7F2BA58
:10440000FFF7F0BA10B50446062005F0ADFB0146F3
:1044100040B150238370044B0471BDE81040187BF9
:1044200005F0B7BB10BD00BF743E0120F7B50746CD
:1044300002F108000E461546019305F095FB04466F
:1044400088B15123019983700771467185712A469D
:1044500007301BF02BFF054B187B214603B0BDE84E
:10446000F04005F096BB03B0F0BD00BF743E0120E4
:1044700010B50446062005F077FB014640B15223F3
:104480008370044B0471BDE81040187B05F081BBBC
:1044900010BD00BF743E012010B50446062005F093
:1044A00063FB014640B153238370044B0471BDE8A4
:1044B0001040187B05F06DBB10BD00BF743E01209D
:1044C00038B505460C4609F09FFB04480E2202FB56
:1044D00005004470BDE8384009F098BBE43C012079
:1044E00038B505460C4609F08FFB04480E2202FB46
:1044F00005008470BDE8384009F088BBE43C012029
:1045000070B5064614460D4609F07EFB04480E229F
:1045100002FB0600C5700471BDE8704009F076BB6F
:10452000E43C01202DE9E84180461D460F46164631
:1045300009F06AFB05480E2303FB080047718671EA
:10454000C571BDE8E84109F061BB00BFE43C012052
:1045500038B505460C4609F057FB04480E2202FB0D
:1045600005000472BDE8384009F050BBE43C01206E
:1045700038B505460C4609F047FB04480E2202FBFD
:1045800005004472BDE8384009F040BBE43C01201E
:1045900070B5154604460E4609F036FB054B06225B
:1045A00002FB04F01A181E525580BDE8704009F055
:1045B0002DBB00BF0E3D012038B505460C4609F065
:1045C00023FB0448062202FB05000471BDE83840C5
:1045D00009F01CBB0E3D012008B509F015FB0C4B82
:1045E0000C4A1A600C4A9A62FFF792FDFFF79EFD93
:1045F0000A4B0B4A1A600020FBF7DEFD01224FF444
:1046000040500021F9F772FEBDE8084009F0FEBAFB
:1046100078630020A04C0700BC4C0700703E0120CE
:1046200069EC0400704700008378034A03F0070335
:1046300052F82330184700BFC84C0700034603F167
:1046400008019B79C0790BB9FAF707B9FAF7B1B944
:1046500007B50C4B93F82320052A04D0012A0CD16E
:104660001B7F012B09D0074805F09BFB2223ADF8E7
:104670000630054B01A89B689847FFF71DF803B06B
:104680005DF804FBA03C0120743E01202DE9F043BD
:10469000134D95F8233087B00446F3B92B7F012BD7
:1046A0001BD0042B19D00F4F467990F80690E98A59
:1046B000B87BB5F81080059101F048F97A7C039237
:1046C0000734EA7F02920346CDE900940599324609
:1046D0004046FAF7DFF8044B1E7007B0BDE8F083E0
:1046E000A03C0120743E0120203D0120084B93F89E
:1046F000232062B91A7F012A09D0042A07D0032295
:1047000083F823200289DA840120FAF798B87047E9
:10471000A03C0120084B93F82320012A0AD11A7FDC
:10472000012A07D0042A05D0052283F8232000207F
:10473000FAF785B8704700BFA03C01208378352B7D
:104740002DE9F04106462CD1294C94F82330032B57
:1047500024D8012B25D9C5782DBB032B254F0AD191
:10476000E18C21B107232046A37105F017FB3B78AC
:10477000042B18BF212500231A4621210C2000F00C
:10478000FFFF3B782377012384F823304DB11A4B88
:10479000B57030469B68BDE8F04118471A1F012AE2
:1047A00005D9BDE8F081002384F82330F9E7C57806
:1047B000E5B9052B08D1204605F0F3FA0D4B1B781F
:1047C000042B0CBF0225222500231A460D2022218E
:1047D00000F0D6FFFF230020022D237784F823006A
:1047E000D4D1BDE8F0413C21FEF77CBF0123DBE7DB
:1047F000A03C0120203D0120743E012070477047FD
:10480000054B93F82320012A05D1052283F82320A4
:104810000020FAF714B87047A03C0120F7B50E4C01
:104820000E46194694F82330074615468BB90120E9
:104830000191FAF704F8012F0CBF02230323019919
:1048400084F8233004F12D00E68405F0EBFA84F8B7
:104850003F5003B0F0BD00BFA03C0120084A92F8D1
:104860002330013B022B0AD8064B1B78012B0CBFCF
:104870000423052382F823300020F9F7E0BF7047B6
:10488000A03C0120203D012010B5084C204605F039
:1048900088FA00231A4622210D2000F071FFFF2321
:1048A0002377002384F8233010BD00BFA03C0120F3
:1048B000FFF7EABF08B509F0A7F9074B074A1A60E6
:1048C000FEF7FAFE064B0020186009F08DF9BDE8EE
:1048D000084009F09BB900BF78630020E84C07004E
:1048E000703E01207047000029238B70024B084660
:1048F000D3F8FC30184700BF243D01200979808996
:10490000F9F7A6BD13B50C46019009F07DF90198A1
:1049100001F03FF8074B61680C2202FB003320686E
:1049200003F5827303C3A068186002B0BDE81040AD
:1049300009F06CB9243D012070470000F8B5104C17
:1049400007460025A67D0135EDB29EB930223146DD
:1049500020461BF0D3FC3946204605F063FA4FF69B
:10496000FF73A381012325746674A37584F82C60FA
:104970002046F8BD052D04F13004E3D10024F7E70B
:10498000243D0120074B0522997D11B1998981426F
:1049900006D0013A12F0FF0203F13003F4D11346BE
:1049A00018467047243D01201FB504460088FFF7D4
:1049B000E9FF58B1A378282B1CD8222B08D80A2B42
:1049C00000F086800B2B64D0072B1BD004B010BDE9
:1049D000233B052BFAD801A252F823F02B4A0500FD
:1049E0004F4A0500CD490500CD4905005B4A050049
:1049F0007F4A0500472BE9D181892379227A007CFF
:104A0000682405E08189007C237994F90820392401
:104A10008DF80240ADF800008DF803308DF80430B9
:104A2000ADF806108DF8082023E0027C8389ADF8EC
:104A300000204022ADF80430ADF80220E288A389BE
:104A4000ADF80620A2680292ADF80C3011E0027CAD
:104A50008389ADF800204122ECE7017C2379E288CC
:104A6000ADF800104221ADF80210ADF806208DF827
:104A70000430214B6846D3F8FC309847A6E7027C07
:104A8000A388ADF800204322ADF80220ADF8043031
:104A9000EFE7A37A627A1B0403EB0223227A134422
:104AA000E27A03EB02638362012380F82C30037CFB
:104AB000ADF800305723ADF8023023798DF804307B
:104AC000A068E388E168ADF8063002AB03C3D0E725
:104AD000037CADF800305823ADF8023023798DF80F
:104AE0000430E388ADF80630237A8DF80830638906
:104AF000ADF80A30A389A7E7243D012070B50A4C20
:104B000006460525A37D43B9013D15F0FF0504F1D7
:104B10003004F7D12C46204670BD3146204605F0C2
:104B200086F90028F0D0F6E7243D012070B585789D
:104B30006B1E012B044631D800F10A052846FFF709
:104B4000DDFFD8B9194B05224FF6FF76997D39B1B3
:104B5000597D022920D0042902D19989B1421BD064
:104B6000013A12F0FF0203F13003EFD1E3782BB9E1
:104B7000237A012B02D12846FFF7E0FEE378002BD1
:104B800014BF1B251C25A57070B1037C2380214612
:104B9000BDE8704000F09ABD1846EFE700881A356E
:104BA000FFF7F0FEEDB2EEE770BD00BF243D01203F
:104BB000F0B585B00323ADF8063000238DF808303A
:104BC000174D16238DF80C300524AB7D3BB1AB8916
:104BD000ADF80A3001A8ADF80430FFF7A7FF013C9B
:104BE00014F0FF0405F13005EFD10E4A0E4C1068A9
:104BF00051689768A4F594750323302624F8026B56
:104C000005F58272A68003C2013B13F0FF03176013
:104C100005F10C05F2D1054A5375537305B0F0BD8B
:104C2000243D0120244D07004C3E0120743E01200C
:104C300001380649C3B2302202FB0312907D18B13D
:104C400003EB430301EB0310704700BF243D012039
:104C500010B504460078FFF7EBFF20B12146BDE810
:104C6000104000F033BD10BD1FB504460078FFF7BB
:104C7000DFFFD0B1A378213B052B16D8DFE803F086
:104C80000309171E262D808904B0BDE81040F9F7EE
:104C9000ECBEE38980890293A38901936389009321
:104CA000E2882389A188F9F788FC04B010BD217936
:104CB000808904B0BDE81040F9F7B5BCE288A1884E
:104CC000808904B0BDE81040F9F7BFBCA188808995
:104CD00004B0BDE81040F9F711BF808904B0BDE809
:104CE0001040F9F7B1BF0000064A05230020917D6E
:104CF00009B10130C0B2013B13F0FF0302F13002F1
:104D0000F5D17047243D012070B5064D06460524B7
:104D100055F8043B0BB130469847013C14F0FF04B2
:104D2000F6D170BD143E012073B50D4604460A311C
:104D300005F078F8EB88A381687A00F013FEE07440
:104D40002A7A1E4B6276AABB5B7B2375A61D9BBB92
:104D5000FAF7F8FA0146304605F064F805F1170154
:104D600004F11A0005F05EF805F11D0104F12000C0
:104D700005F058F80023E381637E7BB91A460121D0
:104D80000E20019300F0FCFCFFF7AEFF0128019B11
:104D900004D11A4627210C2000F0F2FC217C2720A8
:104DA00000F002FD27232846AB7002B0BDE870403A
:104DB000FFF7AABF9B7BC8E70049CCE7743E012000
:104DC00010B500238375437E0C466BB91A4601214A
:104DD0000E2000F0D5FCFFF787FF034620B90246FE
:104DE00028210D2000F0CCFC2823A370002323727F
:104DF000E3802046BDE81040FFF786BF38B5044683
:104E00000D46017C282000F0CFFC0023A375637EB3
:104E100043B9FFF769FF034620B9024628210D2058
:104E200000F0AEFC2823AB702846BDE83840FFF701
:104E30006BBF00002DE9F84F0D9F9DF838B0064676
:104E40008A469146984608F0DFFE3846FFF756FE40
:104E5000044618B93846FFF771FD044608F0D6FE3F
:104E6000ACB3242004F080FE054648B3237C0380C5
:104E7000BBF1000F0CBF18231A238370BDF8283034
:104E800003819DF82C30837280F804A080F805908F
:104E900080F8068039460B3004F0C4FF9DF83030AE
:104EA0006B740C4BAE74187B294604F072FE08F04C
:104EB000ABFE84F819B008F0A9FE207CBDE8F88F9D
:104EC00008F0A2FEA57508F0A1FE2846F6E72046E8
:104ED000F4E700BF743E01208B780A4A03F0070311
:104EE00010B4D35C084A1C0952F8242032B103F0F4
:104EF0000F035DF8044B52F8233018475DF8044B5C
:104F0000704700BF344D0700583E012010B50446DD
:104F10000078FFF78DFE38B1437D032B04D1214685
:104F2000BDE81040FFF7D8BF10BD000008B508F07D
:104F30006BFE084B084ADA60084A1A61084A9A630D
:104F4000084B094A1A60094B094A1A60BDE8084033
:104F500008F05CBE78630020184D0700F44C070091
:104F6000384D0700643E0120004D0700583E0120E7
:104F7000304D070038B504460D463C3408F044FE79
:104F8000034B43F82450BDE8384008F03FBE00BF53
:104F9000243D012070B5054624200E46144604F039
:104FA000E3FD014658B119238370054B0680047157
:104FB000C4704571BDE87040187B04F0EABD70BD57
:104FC000743E012038B5054624200C4604F0CCFD83
:104FD0000146C8B10D4B6A1E302000FB02330A4661
:104FE0005B7E002B0CBF702371238B7022F8045B57
:104FF00023684B6063685360A3689360044B187B1D
:10500000BDE8384004F0C5BD38BD00BF243D0120D7
:10501000743E012038B505460C4608F0F5FD012028
:1050200000F0B7FC054B00F1940223F8125003EB9B
:105030004203DC80BDE8384008F0E8BD243D012093
:105040002DE9F74F0025164E8046894692462C469C
:10505000012748FA05F3DB0718D539F814203AF888
:1050600014B0019208F0D0FD07FA05F0C0B200F0CC
:1050700090FC00F19403019A26F8132006EB4303F9
:105080000134A3F806B008F0C1FDE4B2072D03D047
:10509000032C05F10105DCD103B0BDE8F08F00BFA2
:1050A000243D012001460120FFF72CBC2DE9F041F1
:1050B000002506460F462C464FF0010846FA05F338
:1050C000DB070AD504EB440108FA05F007EB810180
:1050D000C0B2FFF717FC0134E4B2072D03D0032C54
:1050E00005F10105EAD1BDE8F081000038B50546BB
:1050F00010200C4604F038FD014680B10246222300
:10510000837022F8045B2368436063685360A3687C
:105110009360034B187BBDE8384004F03ABD38BDBE
:10512000743E012038B5054606200C4604F01CFDEF
:10513000014648B123238370044B05800471187B1A
:10514000BDE8384004F025BD38BD00BF743E0120E5
:1051500038B5054606200C4604F006FD014648B168
:1051600025238370044B05808480187BBDE838407C
:1051700004F00FBD38BD00BF743E0120084A05236E
:10518000917D29B19189814202D1137C18467047E3
:10519000013B13F0FF0302F13002F1D1F6E700BF4B
:1051A000243D0120034B0138302202FB0033987D5F
:1051B000704700BF243D0120034B0138302202FB21
:1051C0000033D87C704700BF243D0120024B3022C1
:1051D000013802FB00307047243D0120034B0138A9
:1051E000302202FB0033187D704700BF243D0120B0
:1051F000034B3022013802FB00300630704700BFFD
:10520000243D0120034B3022013802FB00302030C6
:10521000704700BF243D0120034B3022013802FBC0
:1052200000301A30704700BF243D0120034B013885
:10523000302202FB0033D87D704700BF243D01209F
:1052400070B5054616460C4608F0DEFC094B3022C8
:10525000013D02FB05339A7D22B1D98936B921EA95
:105260000401D981BDE8704008F0D0BC0C43DC815A
:10527000F8E700BF243D012013B5044608F0C4FC44
:10528000054B3022013C02FB0433D889019008F021
:10529000BDFC019802B010BD243D0120034B013834
:1052A000302202FB0033587E704700BF243D0120AE
:1052B00080890431F9F7FFB838B50D460446818975
:1052C000287A002201F0ECFD6968A089BDE8384029
:1052D000F9F7F1B810B5F9F764F90023BDE810400B
:1052E0001A4601210E2000F04BBA30B5044685B0B5
:1052F00008461546FFF746FB40B1722301A98DF819
:10530000063002958DF80C40FFF7E6FD05B030BD84
:1053100010B586B00024CDE90334CDE901420094F4
:1053200023462246FFF786FD06B010BD10B50446A1
:1053300008F06AFC024B5C73BDE8104008F066BCE4
:10534000743E01202DE9F043284B4D7C5A7D587B5B
:105350000F79274E91B00C468DF8042000F0F6FA34
:105360000B348DF80650002502948DF805008DF859
:105370000C702C464FF001094FF00C0847FA05F36A
:10538000DB071FD509FA05F0C0B200F002FB10AB35
:1053900003EB840200F1940308FB006036F813105D
:1053A00022F8301C06EB430300F58270DB8822F8FC
:1053B0002E3C07C810AB08FB0433243B83E80700EE
:1053C0000134E4B2072D03D0032C05F10105D5D13A
:1053D00007AA04A901A8F9F7E7FD00231A46194610
:1053E0000E2000F0CDF911B0BDE8F083743E01202D
:1053F000243D012008B508F007FC054B054A5A601A
:10540000054B064A5A60BDE8084008F0FFBB00BFE4
:10541000643E01204C4D0700583E0120444D0700DA
:105420002DE9F04188B04B7C079301200C4600F039
:10543000A7FADFF8588000F19402064638F8127097
:10544000114808EB42020C25D188427D407B069131
:10545000059200F07BFA4FF4827C15FB06C54544AB
:105460000B34DDE90521CDE90105079B00943846A1
:10547000F9F750F800231A4619460E2008B0BDE887
:10548000F04100F07DB900BF743E0120243D0120B1
:1054900008B508F0B9FB054B054A5A60054B064AAA
:1054A0005A60BDE8084008F0B1BB00BF643E01206F
:1054B000544D0700583E0120444D07001FB52923D5
:1054C0008DF80230074BADF80600D3F8FC30ADF88C
:1054D00000108DF803208DF804206846984705B029
:1054E0005DF804FB243D0120437C43B18A880023FE
:1054F000437422B1017C8089D2B2FFF7DFBF7047CD
:1055000038B5836A9A0704460D4609D5F9F72AFF8C
:10551000830705D5A089291DBDE83840F8F7CBBF22
:10552000637CA08933B901236374291DBDE8384029
:1055300001F08ABD217C0C22BDE83840FFF7BEBFD8
:1055400013B50C46FFF71EFA38B1732369468DF880
:105550000230ADF80440FFF7BFFC02B010BD000000
:1055600007B57623ADF80230054BADF80600D3F849
:10557000FC30ADF804106846984703B05DF804FBB2
:10558000243D012010B586B0012404940A9C0394A4
:105590009DF8244002949DF82040CDE90034134644
:1055A0000A460021FFF746FC06B010BD1FB501F109
:1055B0000B03007C02934B7C01938B7A00930B8945
:1055C0008A794979FEF7C4FE05B05DF804FB13B58E
:1055D0000446007C0191FEF7F3FE0199204602B0DB
:1055E000BDE81040FFF7ECBB13B50446007C019109
:1055F000FEF704FF0199204602B0BDE81040FFF716
:1056000093BB13B50446007C0191FEF7F9FE0199A6
:10561000204602B0BDE81040FFF7D2BB08B508F045
:10562000F3FA054B054A9A60054B064A9A60BDE8B5
:10563000084008F0EBBA00BF643E0120644D07004B
:10564000583E01205C4D070008464A7C807901F1F4
:105650000B030989FFF7E2B807B5CDE90010FFF7A2
:10566000FDF8DDE9001003B05DF804EBFFF7A8BB1F
:1056700007B5CDE90010FFF707F9DDE9001003B029
:105680005DF804EBFFF750BB07B5CDE90010FFF75D
:105690000FF9DDE9001003B05DF804EBFFF790BBF4
:1056A00008B508F0B1FA054B054A9A60054B064A61
:1056B0009A60BDE8084008F0A9BA00BF643E012026
:1056C000744D0700583E01205C4D07008B78427DE9
:1056D00030B403F007030B4D03EBC20305EB4302A9
:1056E00015F81330527843751409074B53F82430DA
:1056F0002BB102F00F0230BC53F82230184730BCF7
:10570000FFF7F0B8844D0700643E01208278142A28
:10571000034612D003D82AB1132A09D07047562A5B
:105720000DD0704707490A748B6820228270184791
:1057300079229A70034B9B68F9E77822F9E77A227D
:10574000F7E700BF743E012038B50A4B1A7C7AB9DE
:105750000122094D1A74152455F8043B013C1B68BD
:10576000984714F0FF04F7D1BDE83840F8F7B0BD12
:1057700038BD00BF743E012078630020FFF7E4BF0E
:1057800007B58DF80530074B8DF802005B68ADF862
:1057900000109B688DF804206846984703B05DF8B8
:1057A00004FB00BF7863002007B56F238DF8063037
:1057B000054B8DF807005B6BADF804109B6801A8E2
:1057C000984703B05DF804FB7863002008B5042017
:1057D00004F0CAF9014638B138238370034B187BB3
:1057E000BDE8084004F0D5B908BD00BF743E0120F3
:1057F00010B501460446044804F014FB2046BDE8F9
:105800001040F9F794B800BF743E0120F8F732BE9B
:10581000F9F700B8F8F743BE03291ED8DFE801F016
:1058200002090F14032A08D80D4B184442740121B1
:1058300003E0032A11D80A4B1A7508467047012A5B
:105840000BD8074B5A75F2E7012A06D804498B7D1D
:1058500023F001031A438A75E9E70021EDE700BF51
:10586000743E01200A4601460020FFF7D5BFFFF72E
:10587000D3BF0000064A8378127C02B133B9054ACF
:10588000D25C054B53F822305B681847704700BF65
:10589000743E0120EC4D070078630020704770478C
:1058A000014BDB685B6818477863002010B5094B33
:1058B000094C1A6A094BA0609A429AB008D0F9F7CD
:1058C00057FD442804D8064B019301A8A3689847C4
:1058D0001AB010BD78630020743E0120E04D07002F
:1058E0000000770130B521B1137873B18B429CB2BF
:1058F00002D30022104630BD55788542FAD0091BEC
:105900000139013389B21A44EDE71A46F2E7000083
:10591000034B002218730348DA751A7401F0C4B9F6
:10592000743E012075580500084649B1054B1B7CA3
:1059300033B98B78044ADB0852F823309B68184748
:10594000704700BF743E012078630020044BDB7D6C
:105950002BB118B1012808BF0320704702207047FF
:10596000743E0120054BDB7D33B1022803D00328B0
:1059700008BF012070470020704700BF743E01201F
:10598000012804D002280CBF01200220704700200B
:105990007047012804D002280CBF01200220704764
:1059A0000020704730B583782A2B85B0044610D18B
:1059B000452203798DF806200022ADF804208DF8E9
:1059C00007308DF80830164B01A8D3F8FC30984703
:1059D00008E00088FEF7D6FF20B1A378292B03D07A
:1059E0002B2B16D005B030BD8589007C2379217A18
:1059F000627A44248DF80640ADF804008DF8073033
:105A00008DF80830ADF80A508DF80C108DF80D2087
:105A1000D9E785892379217A627A007C4624E9E7EF
:105A2000243D012013B5019008F0EEF80198FFF72E
:105A3000FFF8044608F0EAF82CB1A08902B0BDE8EE
:105A40001040F9F7B4BB02B010BDF9F7C0BB30B5D8
:105A500085B0CDE90210CDE90032BDF8205008F044
:105A6000D3F80398FFF7E4F8044608F0CFF84CB1F8
:105A7000DDE90032A0890299089505B0BDE8304003
:105A8000F9F7B7BB05B030BD08B508F0BDF8064B57
:105A9000064A5A624FF4106001220021F8F726FCF2
:105AA000BDE8084008F0B2B878630020444E070013
:105AB0008378034A03F0070352F82330184700BFE6
:105AC000504E0700024A0023D370024AD375704734
:105AD0008C3E0120743E01208378034A03F00703C3
:105AE00052F82330184700BF6C4E07004268094B3C
:105AF0001188818092788271074A5189A0F8071035
:105B0000117B4172D17821F00201D170382242809C
:105B10009B681847743E01208C3E0120F0B5174E5B
:105B2000174FF57815F0010187B004461DD1838A1F
:105B3000B0F817203380837DB370ADF80820437E22
:105B40008DF80A300D220DF10B001AF0D7FB45F04D
:105B5000010520467823F570009330F8043B3A7B2A
:105B600002A9FAF741FB07B0F0BD40F2377343805A
:105B7000BB6807B0BDE8F040184700BF8C3E01206D
:105B8000743E0120416810B5032204460A481AF009
:105B90007FFB0028084A0CBF00230523E370D3785D
:105BA00023F00103D3703723A370044B20469B6876
:105BB000BDE81040184700BF8C3E0120743E012014
:105BC000064A90F82B301372034633F81B1B918062
:105BD00000F10B02411D0079F8F7A4BF8C3E0120B3
:105BE0000146034B31F8052BDA800079F8F7CABF7C
:105BF0008C3E0120F8F7DBBF024B00795872F8F7B2
:105C0000EEBF00BF8C3E0120C27A411D0079F9F73A
:105C100004B80000F7B5174E174FF17811F00204E1
:105C200005461FD106F10A000321FAF7C5FC337BB4
:105C30000D2203F03F0343F040032146B0183373B5
:105C40001AF05CFBF3783A7B43F00203F3702846CA
:105C50007923009330F8043B06F10A01FAF7C4FAFD
:105C600003B0F0BD4FF4E7634380BB6803B0BDE809
:105C7000F04018478C3E0120743E01208378153B8C
:105C800010B50446052B44D8DFE803F003141F2A9F
:105C90002D2F3A2383701F4B9A880280197AC2787D
:105CA00069B11D49C97D0A4309D101205872F8F72D
:105CB00096FF04E03B238370164BDB880380164B72
:105CC00020469B68BDE8104018473C238370C0788D
:105CD0000028F4D1104BDB7D002BF0D00D4BE5E715
:105CE0003D23A370EBE73E23FBE73F238370C3789C
:105CF000002BE4D1074A0849527ACA75002A18BF16
:105D000001211A460ABF00210D200C20FFF738FDA3
:105D1000D5E710BD8C3E0120743E012008B507F088
:105D200073FF044B044A9A61044ADA63BDE80840F1
:105D300007F06CBF78630020804E0700744E0700A8
:105D400073B505461A200191164603F00DFF04466F
:105D500098B130238370019920F8046B04F0A7F800
:105D6000294604F1140004F05DF8054B187B214628
:105D700002B0BDE8704003F00CBF02B070BD00BFC0
:105D8000743E01202DE9F74307462C209DF828801A
:105D9000BDF82C90019116461D4603F0E5FE044621
:105DA000E0B131238370A0F80090077101990530AC
:105DB00004F038F8314604F10B0004F078F8294675
:105DC00004F11B0004F073F8064B84F82B80187B59
:105DD000214603B0BDE8F04303F0DBBE03B0BDE8ED
:105DE000F08300BF743E012073B505460C2001917D
:105DF000164603F0B9FE044678B13223837006805C
:105E000005710199053004F00DF8054B187B21460A
:105E100002B0BDE8704003F0BCBE02B070BD00BF70
:105E2000743E012008B52C2003F09EFE014638B1D7
:105E300033238370034B187BBDE8084003F0A9BEF1
:105E400008BD00BF743E012010B504462C2003F0AD
:105E50008BFE014650B13423837000230380044B32
:105E60000471BDE81040187B03F093BE10BD00BF65
:105E7000743E0120F8F7C1BE73B506460C200191AF
:105E8000154603F071FE044678B135238370067120
:105E90000199053003F0C6FF054BE572187B2146DA
:105EA00002B0BDE8704003F074BE02B070BD00BF28
:105EB000743E012070B5054614200E4603F054FED2
:105EC000044668B136238370294620F8046B03F03A
:105ED000EEFF044B2146187BBDE8704003F059BE2D
:105EE00070BD00BF743E0120064A074B107B18733B
:105EF00000214FF03010C3E9040011759861197743
:105F0000D1737047743E0120A83E01202DE9F84F5F
:105F1000064610208846BDF828B0BDF82CA0914652
:105F20001F4603F021FE014608B3102300258370AD
:105F300006712C4646FA05F3DB0705D50B1919F84F
:105F400004205A710134E4B2072D03D0032C05F16B
:105F50000105EFD1074B81F80880A1F80AB0A1F83C
:105F60000CA08F73187BBDE8F84F03F012BEBDE89C
:105F7000F88F00BF743E012008B5042003F0F4FD43
:105F8000014638B111238370034B187BBDE80840EC
:105F900003F0FFBD08BD00BF743E01202DE9F74F9F
:105FA0000025164E8046894692462C46012748FA1F
:105FB00005F3DB0718D539F814203AF814B001922C
:105FC00007F022FE07FA05F0C0B2FFF7D9FC00F196
:105FD0000803019A26F8132006EB43030134A3F8C3
:105FE00006B007F013FEE4B2072D03D0032C05F131
:105FF0000105DCD103B0BDE8F08F00BFA83E012051
:1060000010B5044607F000FE024BDC73BDE81040FB
:1060100007F0FCBD743E0120704700008378034AFE
:1060200003F0070352F82330184700BF8C4E0700D7
:1060300083782C2B2DE9F041044643D13B4D2B7F37
:10604000022B2ED195F82130394EABB1394F3B7828
:1060500093B18388A3F11A02012A03D903F018032C
:10606000082B20D195F8203023B101233370002371
:1060700085F8203000233B7033782BB94C23A37074
:106080002D4B20469B68984795F821304BB1A3884B
:10609000C3F34113012B04D000233370254B01229D
:1060A0001A70BDE8F081026A818B0120FFF71AFCAB
:1060B00010B901233370DBE7827895F821301A425A
:1060C000F7D0D7E72D2B0FD1184A002313774B2198
:1060D0001A460D20FFF754FB4B23A370164B2046A6
:1060E0009B68BDE8F0411847362BDAD10F4A137F81
:1060F000012B0BD0032B12D0A17800234A291A467A
:106100000CBF0C200D20FFF73BFBE7E74A23837011
:10611000C378B3FA83F35B095B001377ECE74B2397
:106120008370C378003B18BF0123F5E7A83E012028
:10613000CC3E0120CC630020743E012007B5084B03
:106140001B7F023B012B05D82D2301A8ADF806309B
:10615000FFF76EFFFFF7C8FE03B05DF804FB00BF5A
:10616000A83E01202DE9F043274E347F87B0054635
:10617000002C45D127464FF001084FF006092B7936
:106180003B41DB0717D508FA07F0C0B2FFF7F8FB71
:106190002A1906AB09FB04330830527903F8102C96
:1061A00036F8102023F8142C06EB40000134C28886
:1061B00023F8122CE4B2072F03D0032C07F10107B8
:1061C000DDD1124CE07BFFF7C1FB01AB2A79217DC9
:1061D000F8F78DFE2B7A012B03D0022B14BF00237E
:1061E000032386F821300120002386F82030307701
:1061F0006989AB890A22B1FBF2F2A97BF8F7B9FEF3
:1062000007B0BDE8F08300BFA83E0120743E012026
:10621000064B1A7F022A07D103221A7700231A4657
:1062200019461846F8F7A5BE704700BFA83E0120E2
:1062300008B507F0E9FC054B054A9A60FFF754FEE4
:1062400000F0D0FCBDE8084007F0E0BC7863002017
:10625000984E07008378034A03F0070352F823306F
:10626000184700BFA44E0700F0B51B4C85B005468B
:106270000120FFF785FB227F03465ABB08332A180B
:1062800034F81310154E5779F07B039104EB430358
:10629000DA880292FFF75AFB0346307D0090DDE971
:1062A00002213846F8F766FB2B7A012B03D0022B2C
:1062B00014BF0023032384F82130002384F8203006
:1062C00001206B892077A97BE38305B0BDE8F0400E
:1062D000F8F740BB05B0F0BDA83E0120743E012098
:1062E00013B50A4C237F023B012B0BD8204603F049
:1062F00058FD2523ADF80630054B01A89B6898474B
:1063000000232377FFF7F0FD02B010BDA83E012067
:10631000743E0120054B1A7F022A05D10021032279
:1063200008461A77F8F716BB704700BFA83E012051
:10633000FFF7F0BF8378062B70B5044625D1294DB1
:106340002B7F022B0BD195F82130B3B1837A042B2C
:1063500006D195F8203083B1002385F8203070BD38
:106360004268017A0120FFF7BDFA08B90123F4E77A
:10637000827895F821301A42F8D02623A3701A4B60
:1063800020469B68BDE870401847342BE7D1154D77
:106390002B7F012B0BD0032B19D0A17800232429AC
:1063A0001A460CBF0C200D20FFF7EAF9E7E7C37887
:1063B0005BB9E98B21B112232846AB7103F0EEFCE7
:1063C00002232B772423A370E7E70023F9E7C6789D
:1063D0002EB9284603F0E5FC2E772523F3E70226A5
:1063E000FAE700BFA83E0120743E012008B507F07F
:1063F0000BFC044B044A9A60FFF776FDBDE80840A9
:1064000007F004BC78630020B04E070070B5054665
:106410000078FEF70DFC044620B1AB78282B02D0A3
:10642000292B12D070BD007C01220221FEF708FF4B
:10643000AB7F23760123A374AA8BA0892B1D05F1C2
:106440001401BDE87040F8F7D1BA2A7D3AB16B7DEE
:106450000376291D8089BDE87040F8F784B9007C77
:106460000221FEF7EDFEA089BDE87040F8F76BB998
:1064700001F0BEB983782A2B07B501D02C2B06D1A9
:10648000064BD3F8F03013B1019098470198044BB4
:106490009B6803B05DF804EB184700BF243D012062
:1064A000743E0120F7B505460088FEF76BFA0446F6
:1064B000C8B1AB78102B33D1EB89077CABB92C4931
:1064C0000822A81D19F0E4FE064670B96946384650
:1064D00001F0B8FC014698B19DF800302376A6740F
:1064E0002888F8F740F903B0F0BD384601F09EFC6B
:1064F000012805D1288803B0BDE8F040F8F723B99A
:10650000207C01220221FEF79BFE0123A374237C41
:106510002B803023AB70174B28469B689847E2E7E7
:106520000E3B012BDFD8007C00220221FEF788FE03
:10653000237CADF80030EB788DF80330A3B92C2321
:106540008DF80230237EE375A37C8DF80430684615
:10655000FFF790FF237CADF800306846EB788DF8AC
:10656000033001F0EDFCBEE72D238DF80230EEE79D
:10657000FF570700743E012038B5054604200C463D
:1065800003F0F2FA38B103228270C4700580BDE8CE
:10659000384001F031BC38BDF8B5074616200E462C
:1065A000154603F0E1FA044670B1042383700780B6
:1065B000067525B132462946184419F077FE204663
:1065C000BDE8F84001F018BCF8BD0000044B054AD6
:1065D0005A61054B054AC3E90022FF229A737047AE
:1065E00078630020BC4E0700D03E0120FF57070013
:1065F00010B5044607F008FB024B5C60BDE8104094
:1066000007F004BBD03E012010B5044607F0FCFAA9
:10661000024B1C60BDE8104007F0F8BAD03E0120E4
:1066200038B504460D4607F0EFFA05482146857354
:10663000083003F0F7FBBDE8384007F0E7BA00BFC9
:10664000D03E0120014B5868704700BFD03E01206A
:10665000014B1868704700BFD03E01200348837B80
:10666000FF2B01D1F8F76EBE08307047D03E0120F5
:10667000024B987BFF2808BF00207047D03E0120C6
:1066800010B58378412B8AB0044607D13423837038
:106690000F4B9B680AB0BDE810401847402B15D13E
:1066A000806803F033FA61680A4C332302A8ADF81E
:1066B000063003F0FCFB216806A803F0F8FB206815
:1066C00003F024FA024B01A89B6898470AB010BD5A
:1066D000743E0120E03E012038B5044606200D46F8
:1066E00003F042FA38B11722057182700480BDE8C8
:1066F000384001F081BB38BD02F012BAF0B5044653
:106700008DB010200D4603F0DFF91A4E1A4F30609D
:1067100008B3214603F0CBFB412003F0D5F9044632
:10672000B0B12022294602F033F92022294602F096
:106730002FF9002303704022CDE9003230683B7B03
:1067400041222146F9F722FE88B9204603F0DEF9FE
:10675000306803F0DBF92422002103A819F0CEFDF4
:1067600040F23373ADF80E3003A8BB6898470DB004
:10677000F0BD00BFE03E0120743E012008B5014697
:106780006022024819F092FD08BD00BFE43E0120DE
:1067900000487047E43E012070B5054616200E46BD
:1067A00003F0E2F9044670B1058036B11623837018
:1067B0002046BDE8704001F01FBB01460C22284670
:1067C00002F0EAF9F4E770BD437B827B1B0403EB24
:1067D0000223C27B1344027B03EB0263024AB3FB36
:1067E000F2F002FB1030704740420F00014B024AAA
:1067F0001A62704778630020C84E070013B50C4634
:106800000192FEF715FA50B1002204768274019BC2
:106810000449808902B0BDE81040F8F7E7B802B03B
:1068200010BD00BFFF5707002DE9F8438046082040
:106830009DF82060894617461D4603F095F980B102
:10684000012305F0070506F00706837080F8049021
:1068500047718571C671A0F80080BDE8F84301F06A
:10686000CBBABDE8F883000070B5064620200D467F
:10687000144603F079F90146B0B12823837003462A
:10688000224623F8046B04F1180052F8044B43F835
:10689000044B8242F9D112881A80044B8D77BDE8EF
:1068A0007040187B03F075B970BD00BF743E0120C5
:1068B0002DE9F843804608209DF820608946174658
:1068C0001D4603F051F980B1022305F0070506F0DB
:1068D0000706837080F8049047718571C671A0F82F
:1068E0000080BDE8F84301F087BABDE8F88338B509
:1068F000054606200C4603F037F938B105228270B0
:1069000004710580BDE8384001F076BA38BD00005A
:10691000F7B5074616200D461646019303F024F9F5
:10692000044688B12923019983700780057546754F
:1069300015B1043003F0BBFA044B187B214603B0B9
:10694000BDE8F04003F025B903B0F0BD743E01206E
:10695000044A537B23B1118981420CBF13460023A3
:1069600018467047443F01207047000000234373DE
:1069700050238B70014B08469B681847743E0120DA
:106980000023437351238B70014B08469B681847C3
:10699000743E01200023437353238B70014B084640
:1069A0009B681847743E01201FB50B7C0293CB896E
:1069B00001938B89054800934A79807D8B1D097965
:1069C000F8F767FB05B05DF804FB00BF743E0120DB
:1069D00013B5044600890191F8F793FB019920460D
:1069E00002B0BDE81040FFF7CBBFF8F77EBB000058
:1069F00070B50B7A0C4605460A3100F8013B03F0EE
:106A000011FA607AFEF7AEFFE871E3882B814F231D
:106A1000A370034B20469B68BDE87040184700BF39
:106A2000743E012070B50B7B0C4605460E3100F814
:106A3000013B03F0F7F9607BFEF794FFE87163898F
:106A40002B815223A370034B20469B68BDE8704006
:106A5000184700BF743E012070B50C4C0D46617B99
:106A6000064689B90E22204619F048FC20462946E0
:106A700000F8016B03F0D6F94FF6FF732381012371
:106A8000A3726373204670BD0020FCE7443F0120E1
:106A900010B5074C637B33B12378834203D1601C6C
:106AA00003F0C5F908B9002010BD2046FCE700BF7F
:106AB000443F012001380649C3B20E2202FB0312F3
:106AC000507B18B1C3EBC30301EB4300704700BF19
:106AD000443F012030B4037B8C78084D04F0070458
:106AE000C3EBC303234405EB430415F81330647868
:106AF0000373034B53F8243030BC1847044F07008E
:106B0000D44E070037B58478312C054607D156237B
:106B10008370224B9B6803B0BDE830401847302C8F
:106B200020D100F10A01007AFFF7B2FF58B91C4BDF
:106B30005A7B42B11A7B032A05D119894FF6FF729D
:106B4000914208BF1846EB78002B14BF5A245B24EF
:106B5000AC7000B3837A2B80294603B0BDE8304087
:106B6000FFF7B8BF3A2C10D100F10E01007B019164
:106B7000FFF78EFF019910B9287BFFF76DFFEB78C7
:106B8000002B14BF5D245E24E2E700882A34FFF75F
:106B9000DFFEE4B2DCE703B030BD00BF743E01208D
:106BA000443F012007B53223ADF80230064B5A7B33
:106BB0003AB11B89ADF804306846ADF80030FFF7F4
:106BC000A1FF03B05DF804FB443F012010B504466B
:106BD0000078FFF76FFF20B12146BDE81040FFF7B6
:106BE00079BF10BD014B024ADA627047786300201A
:106BF000F84E07002DE9F8431646074689469846A1
:106C000007F002F831463846FFF742FF044620B944
:106C100031463846FFF720FF044606F0F7FF2CB355
:106C2000122002F0A1FF0546C8B1A37A03805823C1
:106C30008370077180F805903146063003F0F2F852
:106C4000BDF82030EB8100232B74094BA5F80C8094
:106C5000187B294602F09DFFA07ABDE8F88306F074
:106C6000D3FF657306F0D2FF2846F6E72046F4E727
:106C7000743E012010B50446042002F075FF014661
:106C800040B159238370044B0480187BBDE8104049
:106C900002F07FBF10BD00BF743E0120F8F741BA7B
:106CA000F8F756BAF8F76BBA014B9860704700BF17
:106CB000543F0120014BD860704700BF543F012072
:106CC000014BC3E904017047543F0120034B0022EC
:106CD000C3E9002283F82000F7F7D8BA543F012017
:106CE000F8F7FABA704770477047000037B50C469E
:106CF000FEF744FA80B2ADF8040078B1084D8DF883
:106D00000640EB6801A898472B698DF8064001A85A
:106D100098476B698DF8064001A8984703B030BDCD
:106D2000783F012013B50446CDE90021FEF726FA8D
:106D300088B1FEF7B3FADDE9002138B9074B9B694A
:106D40004BB1204602B0BDE810401847012802D1DF
:106D5000024BDB69F4E702B010BD00BF783F0120B1
:106D600070B5C278837803EB02239BB2032B0446F1
:106D70001ED94279017901EB022189B20A1D9342A1
:106D800016D143780078A57900EB0320E37905EB71
:106D90000325ADB2052D0D4BC0F30B0005D0062D1C
:106DA0000BD0042D0BD11B6800E09B68224698474E
:106DB0002046BDE8704002F0E3BE5B68F6E71E6A5D
:106DC0000A4623462946B047F2E700BF783F012034
:106DD000002102F0D1BE0000094B0A4A0A490B48C3
:106DE000C3E900220A4A9A600A4A5A61C3E90322A7
:106DF000094A1A62012283F82420FFF761BF00BF0D
:106E0000783F0120E56C0500ED6C0500616D050023
:106E1000256D0500E96C0500E76C0500034B0428AF
:106E200007BF1960DA6059601A617047783F012026
:106E300010B41970D4B2090A5970211D9970111D2E
:106E40000912120A9871000A1C71D8715DF8044B7E
:106E5000D9705A711846F7F75BBA70B505460E201F
:106E60000E461446FFF7B4FF034680B101220272BA
:106E70000222827204730022240AC2724672447390
:106E800029460622BDE870400520FFF7D1BF70BD3E
:106E9000014B024A9A617047783F0120DB6E050082
:106EA00037B505460E2001911446FFF791FF0346C2
:106EB00088B1132202720222827204730022240A11
:106EC0000199C272457244730622052003B0BDE8E1
:106ED0003040FFF7ADBF03B030BDF0B5D57A937A3F
:106EE000147A03EB05239BB21D1DA942064685B00B
:106EF000507A3BD1122C39D1082B39D1537B117BDD
:106F0000947B157CD77C01EB0321D37B04EB03241A
:106F1000537C89B205EB0325937CADF80410002265
:106F200003928A1F03EB072392B240F67A47A4B27A
:106F3000ADB29BB2BA42ADF80640ADF80850ADF81C
:106F40000A300DD8A1420BD8B4F5486F08D8B5F572
:106F5000FA7F05D20A3B9BB240F6764293420FD9A4
:106F600001223146FFF79CFF05B0F0BD012CFBD09C
:106F700001460022304605B0BDE8F040FFF76DBF86
:106F800001AA3146FEF7B1F9EEE70000F8B5054673
:106F90000F461446FEF7F2F8002841D0617A002926
:106FA0003ED0431E1F48267AA27A94F80BC000EB0D
:106FB000030E9EF816E08E452AD102EB0C2292B207
:106FC00002F1040C674523D1132E19D1022A21D1D5
:106FD000184400238375477C637B247B114804EBB2
:106FE000032402F0DEFE122FA4B20BD1012E18BF33
:106FF0002146284608BF0121BDE8F840FEF7A0BAA7
:10700000012EE4E721462846BDE8F840FEF7A8BA7D
:10701000012E05D028460022BDE8F840FFF71DBF2D
:10702000F8BD00BFA03F0120044B054ADA61054BC3
:107030000022DA821A839A76704700BF783F0120D7
:107040008D6F0500A03F01202DE9F04106460C465A
:10705000FEF794F800283DD01F4F451E3D444FF0E9
:1070600012081E21384685F8118002F091FE142086
:10707000BE80FFF7ADFE034660B3184980F8088074
:1070800091F824204272FF2AAA751ABF0132D2B2A7
:10709000012281F82420082282720022C2722288F2
:1070A00002732288120A4273628882736288120A0B
:1070B000C273A2880274A288120A4274E28882749F
:1070C000E288120AC27431460C22BDE8F041052064
:1070D000FFF7AEBEBDE8F081A03F0120783F012060
:1070E000024B01229A71187318747047A03F012057
:1070F0000B4629B18978012902D11888FEF720BAF8
:1071000070474EF20F13C3801E2102F041BE70473C
:1071100010B50446006B18B102F0F8FC002323639D
:10712000204602F03EFE04F1100002F03AFE94F810
:107130003A2000239A4214BF0B22012284F83B30EC
:1071400084F83F2084F8433010BDFFF7E1BF38B525
:1071500004460A200D4600F04BFE014638B10523D7
:10716000037245722046BDE8384000F0FDBD38BDD1
:1071700038B505460C46FFF7CBFF95F83D000022D9
:107180000121FEF75DF82B23A3702046BDE83840AF
:10719000FFF770B938B505460C46C978FFF7D7FF39
:1071A00021462846BDE83840FFF7E2BF38B50C4617
:1071B0000A7D05460431006B19F078F8237D032B16
:1071C00007D1286B0D22BDE838400021033019F0AB
:1071D00095B838BD10B50446FFF7E8FF206B1021C5
:1071E0003030F9F7E9F9216B204601F13002BDE8B2
:1071F000104000F05DBC4A68016B00F0DDBC38B5A2
:1072000090F83A30002B14BF0323042380F83F305A
:1072100004460D46FFF775FF192000F0E9FD90B117
:10722000032303726B6800F1090203F1100153F8A4
:10723000045B42F8045B8B42F9D101462046BDE86D
:10724000384000F091BD38BD4B68016B03F1090275
:1072500030B410311446193354F8045B41F8045B20
:107260009C42F9D130BC016B00F022BCFFF7C3BFD8
:10727000F0B55E4F97F890318BB004460E465BB385
:10728000836C1B7843B390F843502DBB90F83D00BE
:10729000FEF704F800280CBF022301238DF82230EA
:1072A0002F238DF80630204694F83D30ADF8043099
:1072B00000F0AAFDCDE90655A36C8DF8230099696D
:1072C000ADF82050103102A802F0F1FD01A8FFF73F
:1072D000D1F8072384F84330002E00F08480012E7B
:1072E00094F8433004D1072B04D130460BB0F0BDE5
:1072F000032E01D8092B76D00A2B74D094F83C3099
:107300000BB10026F1E7192000F072FD05460028B8
:10731000F7D094F843306BB9F00738D5204600F029
:10732000F3FC06232B72216B043105F1090002F0F6
:10733000BEFD11E0062B2AD107230372236B9B8B22
:107340004372236B9B8B1B0A8372226B5369C0F8B9
:107350000B309369C0F80F302B7A84F843302946FC
:10736000204600F001FD94F83C60002EC9D10420B5
:1073700002F0FAFB01460028C3D00C23837094F876
:107380003D30038097F8840102F003FCADE7B107BC
:1073900008D50BB1072B05D108232B72FFF758F93D
:1073A0000146C2E7082B0CD109232B72FFF760F9C5
:1073B0006872FFF753F9014605F10A0002F032FD49
:1073C000CAE772070CD5092B0AD840F2812222FAAB
:1073D00003F3DB0704D50A232B72FFF733F9DFE74A
:1073E000284602F0CDFB01267FE700BF14400120B4
:1073F00070B50546107A06280C461E4602F10901B2
:1074000004D1201D02F053FD002123E0073803289A
:10741000FAD801A353F820F029740500037405007D
:10742000797405008D740500917A537A03EB01237A
:10743000A383D2F80B306361D2F80F30A36195F8C3
:10744000403013F0040F14BF02230123E37702231B
:10745000A377012195F83F20062A01D0082A1AD1E6
:10746000013285F83F20002521B12F23A37020464B
:10747000FFF700F8284670BD537AA37602F10A019F
:1074800004F1140002F0CEFC0423E1E7201D02F019
:107490000EFD0823DCE7B00705D5072A03D1082332
:1074A00085F83F30DFE7730705D5072A01D0092AA1
:1074B00001D10A23F4E70125D6E700BF10B5044641
:1074C000FFF768FE94F83D0000F0C8F9102301466C
:1074D000A375E01802F062FC002384F8423010BD6E
:1074E000012380F84230704740F62B1308464B804A
:1074F000FEF7C0BF4EF22B1308464B80FEF7BABF13
:1075000038B590F8423004460D4683B1002380F828
:1075100042300921FFF71BFE40F62B1328466B80F3
:10752000FEF7A8FF2046BDE83840FFF7F1BD38BDA3
:1075300013B50446FFF7ECFD94F83D00002201214D
:10754000FDF77EFE94F840308DF8043094F83D301D
:10755000ADF8003068462A238DF80230FEF78AFF26
:1075600002B010BD70B5044690F83D000D46FDF721
:1075700095FE134B94F83E10AE78D3E95F230128B3
:1075800018BF1A46136853F821100B461978B142F8
:107590000BD1597884F83E1099785368204653F8F7
:1075A00021302946BDE87040184713F8031F002911
:1075B000ECD1916801F10C008342E6D170BD00BFAF
:1075C0001440012013B5044690F83D000191FDF7E9
:1075D0002DFE019928B9204602B0BDE81040FFF702
:1075E000C7BD1F2320468B7002B0BDE81040FFF7D7
:1075F000B9BF000013B5002313700B7090F8223050
:10760000012B2AD190F82930012B26D10B7090F84C
:10761000233090F82A20134043F00403002180F81F
:10762000403090F83A30002B4FD090F82330314A58
:10763000126800294CD0117A0B405B0748D590F8AE
:107640003D30ADF8043040F2033301A9ADF8063007
:10765000FFF788FF002002B010BD90F823104B0701
:1076600003D490F82A305C070BD590F82140032C06
:1076700007D090F82830032B03D0012C08D8012B19
:1076800021D890F82A300B4003F0FB030121C6E714
:10769000042C16D1022B16D0191F4B424B41DBB2E2
:1076A000137090F82810022903D190F821100229B4
:1076B000ADD090F83A10002908BF83F00103137091
:1076C000A5E70023EBE70123E9E790F82A30AEE7CE
:1076D000537990F824209A4203D390F82B209A42B1
:1076E00006D290F83D30ADF8043040F20363ACE7C9
:1076F0000120B0E75C63002010B590F8403090F8AE
:107700003D4086B013F00403ADF800400BD02E23AB
:1077100068468DF802308DF804108DF80520FEF7CC
:10772000A9FE06B010BD0422ADF804308DF8063075
:10773000694603238DF802208DF81430FFF712FFFD
:10774000EFE7C37933B9C36823B90089003818BF9C
:107750000120704701207047F8B50446FDF72CFD65
:10776000FEF700F906462046FDF730FD174C0546AA
:1077700002272046FFF7E5FF28B9012F04F118047E
:107780000CD00127F5E7A379B342F6D1294620466C
:1077900002F04DFB0028F0D02046F8BD0B48FFF763
:1077A000D0FF78B10A48FFF7CCFF68B9084C18221F
:1077B0000021204618F0A2FDA6712946204602F0BD
:1077C00031FBE9E7014CF2E7024CE5E7D43F012049
:1077D000EC3F0120BC3F0120044890F8553023B90C
:1077E0004FF47A71483002F0D9BA7047BC3F01209B
:1077F00010B50B4C94F85530012B03D104F148001F
:1078000002F0CFFA06485822002118F077FD054B08
:1078100093F8843184F85430202384F84E3010BD1E
:10782000BC3F01201440012008B5FFF795FFC06858
:1078300008BD000010B50C46FFF78EFFC4711CB1E7
:10784000024B1B68DB68436110BD00BF5C63002016
:1078500008B5FFF781FFC07908BD000010B5FFF73C
:107860007BFF01890C4A0446A1B113689B8A13FB74
:1078700001F39BB211680A68C8685A43824298BFF4
:1078800023810B698CBFE060E2602361FFF7A4FFF6
:10789000E06810BD0123EDE75C63002008B5FFF749
:1078A0005BFF024B1B681B69036108BD5C63002022
:1078B000F8B51E4C1E4E03252046FFF742FF70B35D
:1078C0002269E368B2F57A7F38BF4FF47A72B3F574
:1078D0007A7F38BF4FF47A73A3F57A73E3606369F4
:1078E000B3F57A7F38BF4FF47A73A2F57A72A3F5B5
:1078F0007A732261636152B932682089918AB0FB40
:10790000F1F7884228BF1269278128BF226103B995
:10791000E3712046FFF715FF08B1FFF75DFF013D5A
:1079200015F0FF0504F11804C6D1F8BDBC3F0120D5
:107930005C630020F7B505460078AB783A4E272BFC
:1079400000F1FF344CD1FDF7A9FC4C2101FB04648C
:10795000002814BF01230B23287884F83F304FF010
:107960000007EB88238714BF0022012284F83A2005
:1079700084F83D0084F83B7084F83C70FFF768FFA2
:1079800084F8437084F8420084F83E7084F84470B0
:107990002C782046FFF748FF0546002842D096F88D
:1079A00090312046ABB1FDF779FC01280CBF2622AF
:1079B00024224C23013C5C433319294683F83E20A2
:1079C0001022144430199A7503B0BDE8F04002F05B
:1079D000E5B9FDF763FC01280CBF0D220C22E8E796
:1079E0004C2202FB046494F83D20DAB1282B19D113
:1079F00094F84210FFF71EFF2B88ADF804300A23DD
:107A00008DF806302B7A2046203301A98DF80730F7
:107A1000FFF7A8FD606B002584F83D5010B102F01F
:107A2000AFF8656303B0F0BD1440012008B5FDF761
:107A3000A5FB20B1024B01384C2202FB003008BDEF
:107A40001440012030B587B00D461446FFF7EEFF15
:107A5000D8B1237A5A1E0D2A17D8104AD25CAA42EE
:107A600013D190F83F209A4211D0052B0DD1072356
:107A70008DF80230637A8DF8033090F83D30ADF820
:107A8000003069460194FFF76DFD07B030BD052A4F
:107A9000EDD006238DF80230EFE700BF3C4F070022
:107AA000024B4C22013802FB003070471440012089
:107AB000F0B5044689B094F83A3090F83D000F468E
:107AC0001646002B5BD0FDF7A7FB02F0BDF900289E
:107AD00053D094F83D00FDF781FB054694F83D0036
:107AE000FDF790FB02F0B0F9002860D094F83D005B
:107AF000FDF762FB33460DF1120113F8022B5540DE
:107B000072788DF8105080EA02058DF8115004F15A
:107B1000200006F1090513F801CB10F8012BAB4248
:107B200082EA0C0201F8012BF5D104F1270010368E
:107B30000DF1190113F8015B10F8012BB34282EA31
:107B4000050201F8012BF5D10B231A4A009392F894
:107B5000842194F83D3004A93846F8F745FBFF2806
:107B600084F8410007D140F6030303A92046ADF88D
:107B70000E30FFF7F7FC09B0F0BD0125AEE7FDF7C9
:107B800041FB02F061F980B194F83D00FDF714FB70
:107B9000054694F83D00FDF73FFB02F055F930B182
:107BA00094F83D00FDF71AFBA4E70125F1E7012059
:107BB000A0E700BF144001202DE9F041044688B041
:107BC00094F83A3090F83D0088461746002B58D07C
:107BD000FDF722FB054602F037F920B194F83D008D
:107BE000FDF706FB054694F83D00FDF70BFB064646
:107BF00002F02AF920B194F83D00FDF7E7FA0646B5
:107C000004A8BB1D3A46014616F801CB12F801EB59
:107C10008CEA0E0C9A4200F801CBF5D107F10C0664
:107C20000DF1160015F8012B13F801CB82EA0C02B6
:107C3000B34200F8012BF5D13B7B8DF81C307B7BE8
:107C40008DF81D30BB7B8DF81E30FB7B8DF81F300F
:107C5000184A0B23009392F8842194F83D30404653
:107C6000F8F7C2FAFF2884F8410007D140F6030371
:107C700003A92046ADF80E30FFF774FC08B0BDE84C
:107C8000F081FDF7BFFA054602F0DEF820B194F866
:107C90003D00FDF79BFA054694F83D00FDF7BCFA60
:107CA000064602F0D1F80028AAD094F83D00FDF76E
:107CB0009FFAA4E71440012070B588B01646044628
:107CC0000D4604A8194602F0FBF8314606A802F05A
:107CD000F7F80B230B4A009392F8842194F83D3077
:107CE00004A92846F8F780FAFF2884F8410007D154
:107CF00040F6030303A92046ADF80E30FFF732FC2F
:107D000008B070BD1440012070B5046B261D94F8B6
:107D1000201005463046F8F74FFC94F8200000216B
:107D2000C0F11002304418F0E9FA94F8312094F8C8
:107D3000303003EB0223A383D4F832306361D4F8EC
:107D40003630A3610123A37795F8403013F0040F78
:107D500014BF02230123E3772F23A3702046BDE83D
:107D60007040FEF787BB000070B590F83C300446C9
:107D70000D462BB1406B08B101F002FF656370BD89
:107D80000A7A0B460349BDE870408A5C018F0620E1
:107D9000FFF74EB83C4F0700F8B50778134E013F88
:107DA0004C2404FB0764054694F83D30E3B1837826
:107DB000012B0CBF0123002384F83C3014D0616BED
:107DC00021B1002363632046FFF7CEFF4C2303FB62
:107DD000076696F83E303BB10C23AB70294620462F
:107DE000BDE8F840FFF7BEBBF8BD00BF144001205E
:107DF000002101F0C1BE0000024B014693F884014E
:107E000001F0C7BE1440012090F840305B070BD54D
:107E100090F8243090F82B20934228BF1346102B63
:107E20000CBF03200220704701207047044B01382B
:107E30004C2202FB0033986C00B10078704700BF01
:107E40001440012038B5144B421E4C2404FB02346C
:107E500094F8440070B193F8900160B1A06C05787B
:107E60004DB1806938B12046FFF7CEFF0870A36C92
:107E70009869103038BD4C2000FB0233186B002885
:107E8000F8D093F8402012F0040F14BF0222012210
:107E90000A70186B2030EDE71440012070B50E4CCD
:107EA000064684F88401FFF7A3FC01202346451C05
:107EB00098809882A8B206281E731E7703F14C039F
:107EC000F5D10649064AFEF7A9FFBDE8704005490D
:107ED0000120FDF74FB800BF14400120457A05008E
:107EE000997D05003579050010B50C4629B38B78CE
:107EF000202B03D1BDE81040FFF7DABC1C2B03D1C7
:107F0000886808B101F002FE23780C48013B4C223E
:107F100002FB030292F83D1079B1A1780B2904D13C
:107F200092F84110E278914207D14C22214602FB9F
:107F30000300BDE81040FFF715BB10BD1440012041
:107F4000C378002B0CBF082309230146837000204F
:107F5000FFF7CABFF7B5074690F83D000C46FCF79F
:107F600067FE0546B8B197F83A30661CB3B100F128
:107F70001A010846019101F067FF20B90123019918
:107F80002370062203E02B7D23700622A9183046B9
:107F900001F0BCFF0734204603B0F0BD00F1200122
:107FA0000846019101F050FF0028E7D0EB7C2370D8
:107FB00006222946EBE7F7B5074690F83D000C4648
:107FC000FCF736FE0546B8B197F83A30661CB3B1F7
:107FD00000F120010846019101F036FF20B901238C
:107FE00001992370062203E0EB7C237006222946C8
:107FF000304601F08BFF0734204603B0F0BD00F19E
:108000001A010846019101F01FFF0028E7D02B7DDF
:1080100023700622A918EBE7F7B5002313700B7045
:1080200090F8233090F8225013F0080F04463FD008
:1080300090F82A301B073BD5012D03D090F829304A
:10804000012B3CD101230B7000250B789BB994F8D0
:1080500023305F0703D494F82A305E070BD594F8D9
:108060002100032807D094F82830032B03D00128DF
:1080700027D8012B41D894F8237094F83DC03B07D2
:1080800040F1D08094F82A00060740F1CB807C4B69
:1080900093F890619EBB40F2033301A92046ADF8EE
:1080A00004C0ADF80630FFF75DFA304603B0F0BD0E
:1080B000012D04D194F82930012BC6D1C2E7012546
:1080C000C3E7042817D1022B17D0181F434243419E
:1080D000DBB2137094F82800022803D194F8210031
:1080E000022806D094F83A00002808BF83F0010364
:1080F00013700025BFE70023EAE70123E8E7A36C3C
:1081000040F201161E8012781A710978002957D0A2
:1081100002225A702046ADF804C000F054FB00283B
:108120007BD0A36CDE68FEF733FB334600F1200200
:1081300050F8041B43F8041B9042F9D1A36CDE688D
:10814000FEF726FB203600F120023346403052F87D
:10815000041B43F8041B8242F9D1A36C1E69FEF78D
:1081600017FB334600F14002603052F8041B43F81D
:10817000041B8242F9D1112301A920468DF8063053
:10818000FFF7F0F994F8231094F82A3003EA01027B
:10819000002D5FD142F0040284F8402094F83A2088
:1081A000002A18BF0B46374A1268002D55D0117AA5
:1081B0000B405B0751D594F83D30ADF8043039E001
:1081C00094F82820CDB90321042A597007D194F8D6
:1081D0002120012A01D0042A06D1042299E7012A8C
:1081E00002D194F82120F6E717F010070FD010F015
:1081F00010000ED001229A708CE7012A8AD194F8DF
:108200002100012807D104225A700D4682E73D461D
:1082100080E705467EE715467CE708238DF80730A2
:108220000323A9E7174B1B681B7A13F008030BD035
:10823000ADF804C040F2033301A92046ADF8063082
:108240000026FFF78FF930E7A26C1370ADF804C079
:10825000122391E702F0FB029EE7537994F8242061
:108260009A4203D394F82B209A4206D294F83D30D8
:10827000ADF8043040F20363DEE7012615E700BFE6
:10828000144001205C63002030B5846C90F83D30D0
:10829000257887B0A5B990F84040640713D4ADF8AD
:1082A000003004238DF802300023ADF804308DF83F
:1082B0000630694603238DF81430FFF753F90EE0BA
:1082C0006478022CEBD1ADF8003068462E238DF88F
:1082D00002308DF804108DF80520FEF7CBF807B0BA
:1082E00030BD10B50446FEF730FF2046BDE8104013
:1082F00000F09CBA38B504460D46FFF7F2FF294658
:108300002046BDE83840FEF733BF38B505460C4679
:10831000C978FEF71CFF21462846BDE83840FFF724
:10832000E9BF37B5836C4D6804462022986805F193
:10833000090101F0EBFDA36C9868202205F12901E9
:10834000104401F0E3FD94F83D30ADF80430A36C27
:108350005B78013B032B0ED8DFE803F002120B021F
:10836000132301A920468DF80630FFF7FBF803B070
:1083700030BD1423F5E708238DF807300323F0E719
:108380001523EEE77FB5836C0022DA70032180F8B5
:108390003F108DF8042090F83D101B79ADF80010C7
:1083A00068462E218DF802108DF80530FEF762F830
:1083B00007B05DF804FB37B5836C90F83A40D3E919
:1083C00002525B69103301933CB1002300931346C2
:1083D0002A4600F087FA03B030BD00942B46F8E738
:1083E00073B50A4604460E460146502000F06AFA6C
:1083F0000546C8B194F83A20A36CBAB1D9682022D6
:1084000000F0C6FAA36C9968202200F0C1FAA36CB0
:108410005969103100F0C3FAA06C009640692346F8
:108420005022294600F02EFA02B070BD9968202231
:1084300000F0AEFAA36C2022D968E6E710B5836C91
:108440005B78042B86B004460FD102A8496801F07E
:108450002EFD94F83D30ADF8043001A83523ADF879
:108460000630FEF707F806B010BD90F83D30ADF8C5
:10847000043001A91623ADF80630FFF773F8F2E7D0
:1084800037B54D682C7A0E2C0ED16B7A8DF80430EE
:1084900090F83D30ADF8003068463623ADF8023034
:1084A000FDF7E8FF03B030BD032CFBD11E224A804C
:1084B00003B0BDE83040FFF755B838B5836C9B7802
:1084C00004460D46C3B1FEF71CFE0A20FFF790FCE0
:1084D000014640B10E2303722B7943722046BDE85A
:1084E0003840FFF741BC40F603036B802946204625
:1084F000BDE83840FFF736B838BD0000F0B5D0F819
:1085000048C0DCF8103099B004460D4610AE03F1B7
:10851000200718685968324603C20833BB42164622
:10852000F7D1DCF808306A4603F1200E17461868C8
:108530005968164603C6083373453246F7D1DCF84E
:1085400008200DF1200C02F1200340321868596810
:10855000664603C608339342B446F7D1094994F8F6
:108560003D2091F8841119233846F7F77DFF30B983
:108570004EF203036B8029462046FEF7F3FF19B045
:10858000F0BD00BF14400120F0B5CB7887B00546A0
:108590000C4633BB0A460146202000F093F90646FC
:1085A000E8B1164B02AA03F1100E944618685968F8
:1085B000174603C7083373453A46F7D1231D3246A1
:1085C00004F1240153F8040B42F8040B8B42F9D157
:1085D00000942B4620223146604600F053F907B044
:1085E000F0BD90F83D000B2200F0D6FA2146284657
:1085F00007B0BDE8F040FEF7B5BF00BF4B4F070026
:10860000836CF7B5044698690E461030496801F04E
:108610004EFC32462146352000F054F9054618B389
:1086200000270422114900F8017B00F0B1F9A36C86
:10863000596900F0B4F9A36C5969103100F0AFF931
:1086400001462046FFF786FC01462046FFF7B3FCB3
:10865000012303704770A36C986900962346352266
:108660002946103000F00EF903B0F0BD5C4F070052
:10867000836CF7B504460E469869496801F017FC0B
:1086800032462146352000F01DF9054618B3012772
:108690000422124900F8017B00F07AF9A36C5969B1
:1086A00000F07DF9A36C5969103100F078F90146AA
:1086B0002046FFF74FFC01462046FFF77CFC0023D5
:1086C00007704370A36C98690096234635222946AB
:1086D000103000F0D7F803B0F0BD00BF5C4F0700CA
:1086E000836C73B504469869102210440D4649689E
:1086F00001F00CFC2A462146412000F0E3F8064632
:1087000030B3A36C596900F04AF9A36C5969103170
:1087100000F045F9A36C5969303100F040F994F844
:108720002330037094F82230437094F82130837022
:10873000C11C2046FFF70EFC01462046FFF73BFC1C
:10874000A06C0095806923464122314600F09AF8DA
:1087500002B070BD73B50A4604460D46014641207D
:1087600000F0B0F8064630B3A36C5969103100F040
:1087700016F9A36C596900F012F9A36C59692031FC
:1087800000F00DF994F82A30037094F82930437002
:1087900094F828308370C11C2046FFF70CFC01467A
:1087A0002046FFF7D7FBA06C009580692346412245
:1087B000314600F067F8A36C6968586902B0BDE8FB
:1087C000704001F074BB38B5856C6B6904461BB909
:1087D000602001F079F96861A56CAB681BB9402095
:1087E00001F072F9A860A56CAB691BB9202001F0FB
:1087F0006BF9A861A56CEB681BB9402001F064F926
:10880000E860A56C2B691BB9202001F05DF9286197
:10881000A36C586948B1986838B1986928B1D8688C
:1088200018B11869003818BF012038BD836C10B525
:108830000446586920B101F069F9A36C00225A611D
:10884000A36C986820B101F061F9A36C00229A60D2
:10885000A36C986920B101F059F9A36C00229A61C8
:10886000A36CD86820B101F051F9A36C0022DA6042
:10887000A36C186920B101F049F9A36C00221A61B8
:1088800010BD000073B51C461C23019394F83D30C5
:1088900000930B4B069E93F884310D46F7F776FD57
:1088A00060B9284601F032F940F60303314620460C
:1088B000738002B0BDE87040FEF754BE02B070BDD8
:1088C0001440012070B50E46154601F0FDF804462F
:1088D00030B940F603036B8029463046FEF742FE6E
:1088E000204670BD2DE9F04706460F4615460A465C
:1088F000014641209DF82090DDF824801C46FFF7BA
:10890000E1FFF8B12A46034605F1200152F8045B65
:1089100043F8045B8A42F9D1234600F1200204F1B6
:10892000200153F8044B42F8044B8B42F9D180F8F4
:10893000409033460897014641224046BDE8F04743
:10894000FFF7A0BFBDE8F0870D4A0E4B02F11C01F6
:10895000C3F8941002F138019A64C3F8E01002F1F0
:1089600054017032C3F87821074AC3F88821074AB6
:10897000C3F88C210122C3F82C1183F89021704791
:10898000A8410120144001201980050089820500BA
:1089900038B50546144617F089FC281938BD10B5BE
:1089A000044601F084FA04F1100010BD70B50122F4
:1089B00004460E4690F83D001146FCF741FC204667
:1089C000FEF79FFB4920FFF713FA0546A8B10C23D9
:1089D0000372A36C2022D968093001F097FAA36CC6
:1089E000D968202205F12900114401F08FFA2946A7
:1089F0002046BDE87040FFF7B7B940F60303738027
:108A000031462046BDE87040FEF7ACBDF8B51746CC
:108A1000012204460E4690F83D001146FCF710FC7A
:108A20002046FEF76EFB1920FFF7E2F9054660B11C
:108A30000D23037239460930102201F067FA2946E6
:108A40002046BDE8F840FFF78FB940F60303738076
:108A500031462046BDE8F840FEF784BDF8B517461C
:108A6000012204460E4690F83D001146FCF7E8FB53
:108A70002046FEF746FB1920FFF7BAF9054660B11C
:108A80000423037239460930102201F03FFA2946C7
:108A90002046BDE8F840FFF767B940F6030373804E
:108AA00031462046BDE8F840FEF75CBDF8B51746F4
:108AB000012204460E4690F83D001146FCF7C0FB2B
:108AC0002046FEF71EFB1920FFF792F9054660B11C
:108AD0000323037239460930102201F017FA2946A0
:108AE0002046BDE8F840FFF73FB940F60303738026
:108AF00031462046BDE8F840FEF734BD836CDA7895
:108B00005969D308C3F10F0351FA83F302F0070246
:108B100093F82000104100F0010040F08000704701
:108B2000F8B50D46FEF7BCFF826C90F83A3004466B
:108B300005F11001506905F1300705F12006B3B1C8
:108B4000503001F0B4F9A36C58692946203001F087
:108B5000AEF9A36C58693946403001F0A8F9A36C0E
:108B6000586931463030BDE8F84001F0A0B94030D6
:108B700001F09DF9A36C58692946303001F097F94E
:108B8000A36C58693946503001F091F9A36C5869CB
:108B900031462030E7E70000F8B50C461746064698
:108BA000FEF77EFF90F84230013380F842300546F0
:108BB0002680E7703046FEF771FE054B1A6895F87F
:108BC0004230D27993420CBF0D230323A370F8BD2A
:108BD0005C63002013B504220DEB0201044690F8FB
:108BE0003D00FFF7D9FF01A92046FEF7BBFC02B00C
:108BF00010BD000038B5012204460D4690F83D0036
:108C00001146FCF71DFB022384F83F302046FEF797
:108C100078FA402000F058FF20630F20FFF7E8F8B3
:108C20000146D8B1012303720D4B1B681A794272B9
:108C30002A7982726A79C2729B790373AB79437322
:108C4000EB798373836823628389A384837B84F8AD
:108C500026302046BDE83840FFF786B838BD00BF53
:108C60005C63002090F83B202AB1002280F83B2072
:108C7000C978FEF76CBA704707B5012380F83B301E
:108C80004B685B7A8DF8043090F83D30ADF80030D9
:108C9000684632238DF80230FDF7ECFB03B05DF837
:108CA00004FB000037B54B6890F825509A68C0F86F
:108CB00027209A89A0F82B209A7B80F82D205A7BB8
:108CC000AA43044604D190F826209B7B934308D006
:108CD00040F6032320464B8003B0BDE83040FEF74A
:108CE00041BC094D0DF10702D5F888310DF106019F
:108CF000984738B1D5F88C319DF807209DF80610BB
:108D00002046984703B030BD1440012038B5026BAF
:108D10004B68044603F109012032193351F8040B62
:108D200042F8040B9942F9D10425204684F83F50BB
:108D3000FEF7E7F91920FFF75BF8014680B10572ED
:108D4000236B093003F13002403352F8045B40F8E2
:108D5000045B9A42F9D12046BDE83840FFF704B8D9
:108D600038BD000070B5066B0D46044610226868D9
:108D700006F1200117F08CFAD0B10423EB7094F8BF
:108D8000423094F83D00013384F84230FEF786FD0E
:108D90000C4B1A6894F84230D27993420CBF0D23E1
:108DA0000323AB7029462046BDE87040FEF7DABBCE
:108DB00006F1300306F1100231462046BDE870404E
:108DC000FEF77ABF5C63002030B590F82B5090F826
:108DD000243049689D4285B028BF1D4604462A4676
:108DE000684617F063FA0021C5F110020DEB05008B
:108DF00017F084FA012384F8443094F8403094F852
:108E00003D0013F0040F6A4614BF02210121FDF753
:108E1000F5FC05B030BD000038B504460D46FEF740
:108E200070F9236B94F83D201A8094F8402012F0DA
:108E3000040F14BF02220122DA7794F82B2094F851
:108E400024108A4228BF0A4683F82020002394F881
:108E50002D2084F83F3094F826301340D80710D5E1
:108E60000E4A92F8902192B1A26C12787AB19907C9
:108E700011D40C23AB7029462046BDE83840FEF7DC
:108E800071BB9A0707D45B07F3D50A2300E00623DA
:108E900084F83F3038BD0823FAE700BF14400120B2
:108EA00038B590F8262090F82D300D4613404A68CA
:108EB000016B0446FEF79CFA50B1002384F83F3062
:108EC0000C23AB7029462046BDE83840FEF74ABB6C
:108ED00038BD38B590F83F2090F82C300D46044648
:108EE00090F825105AB91940FEF7C2F938B10E238F
:108EF000AB7029462046BDE83840FEF733BB38BD8D
:108F0000FFF70FBA0C2380F83F30FFF74FBD00008A
:108F1000836C10B5044610215869F7F74DFBA36C1C
:108F200007495869203000F0C2FFA36C0449586912
:108F3000303000F0BCFF032384F83F3010BD00BF89
:108F4000FF57070038B5836C04460D4658694968D9
:108F500010220931403000F0D9FF042384F83F305B
:108F6000A36C29465A692046BDE83840FFF776BD14
:108F700038B5836C04460D4658694968102209319A
:108F8000104400F0C3FF29462046BDE83840FFF7F3
:108F900012BA38B5836C044658690D4610224968E8
:108FA000403017F075F920B12046BDE83840FFF792
:108FB00011BE29462046BDE83840FFF711BA00002F
:108FC00030B5836C04465869DB7885B00D46D3B95B
:108FD0001949203000F06BFFA36C174958693030F5
:108FE00000F065FF2A7D032A0DD8A36C5869291D5E
:108FF0002D30029100F08AFFA36C2A7D58690299F6
:109000003D3000F083FFA36C10215869F7F7D4FAC4
:10901000A36C2046DA689B6803920293FFF76EFD0B
:10902000A16C4969DDE90232CDE9000129462046FB
:10903000FFF758FC05B030BDFF57070030B5836C13
:1090400004460D4658694968102285B0093110441C
:1090500000F05CFFA36C20469A68DB6803920293E1
:10906000FFF74CFDA16C49691031CDE90001DDE944
:10907000023229462046FFF735FC05B030BD4A686C
:10908000FFF714BDFFF75EBF37B5856C496804462E
:1090900068691022403017F0FBF828B1204603B071
:1090A000BDE83040FFF796BDEB780133DBB2132B00
:1090B000EB709BBF032384F83F301B231A238DF8EA
:1090C000063001A994F83D30ADF804302046FEF793
:1090D00049FA03B030BD000030B590F82930012BBB
:1090E00087B004460D4605D0836C1449586920307A
:1090F00000F0DDFEA36C94F822205869012A00F1EB
:1091000030000AD19B6801900022009229461A463D
:109110002046FFF7E7FB07B030BD084900F0C7FE67
:1091200094F83D30ADF80C301C238DF80E3003A9B7
:10913000002320460593FEF715FAECE7FF570700DA
:1091400070B5836C5E6990F82230012B04460D46A1
:109150000BD14968102206F1400017F099F820B1B0
:109160002046BDE87040FFF735BD042384F83F304A
:1091700030461021F7F720FAA36C294620465A6999
:10918000BDE87040FFF76ABC38B5836C04460D46F5
:109190005869496810220931104400F0B7FE294689
:1091A0002046BDE83840FFF7A9B938B5836C0446BE
:1091B000586910220D461044496800F0A7FE0D239F
:1091C00084F83F30A36C29465A692046BDE83840F0
:1091D000FFF71CBCF0B5876C04467B694868102219
:1091E00085B09918093017F053F8064610BB94F86B
:1091F0002B5094F82430B9699D4228BF1D462A4659
:109200001031684617F052F8C5F1100231460DEBE7
:10921000050017F073F8012384F84430204694F8D1
:109220003D50FEF7F1FD6A4601462846FDF7E6FA95
:1092300005B0F0BD0B238DF8033094F8423094F85C
:109240003D00ADF80000013384F84230FEF726FB04
:10925000074B1A6894F84230D279694693420CBFA2
:109260000D231D2320468DF80230FEF77BF9DFE742
:109270005C630020024B034AC3F88021FFF764BB04
:10928000144001202C500700054B064AC3F88021EA
:10929000054AC3F88821054AC3F88C21704700BFEE
:1092A0001440012090520700F5750500F97605007D
:1092B00038B50D460446FDF724FF0A20FEF798FD59
:1092C000014640B10B2303722B7943722046BDE85F
:1092D0003840FEF749BD38BD036B37B504460D462F
:1092E00073B9402000F0F0FB206348B940F6030357
:1092F000294620466B8003B0BDE83040FEF732B906
:109300000122114694F83D00FBF79AFF6B689A68BA
:1093100022629A89A2849A7B84F826209A7A8DF810
:109320000520DA7A8DF804205A7B9B7B8DF8073074
:1093300094F83D30ADF80030684631238DF80620B2
:109340008DF80230FDF796F803B030BD73B50223F7
:1093500080F82730234B244E1B681A7980F8282088
:109360000A7980F829204A7980F82A209B7980F8A8
:109370002B308B7980F82C30CB7980F82D300D464E
:10938000D6F888310DF107020DF106010446984721
:1093900030B36A7994F82330134013F0080F14BFE8
:1093A0000C23032384F83F302046FDF7AAFE0F204C
:1093B000FEF71EFD014658B1D4F827308360B4F89B
:1093C0002B30838194F82D3083732046FEF7CCFC3C
:1093D000D6F88C319DF807209DF806102046984756
:1093E00002B070BD5C6300201440012010B54B68D2
:1093F000026B03F109012032193351F8044B42F892
:10940000044B9942F9D1002380F83F3010BD10B5CC
:10941000FFF7ECFF0446006B10213030F7F7CCF873
:10942000216B204601F13002BDE81040FEF740BB41
:1094300070B5066B0D4604461022686806F12001DF
:1094400016F026FFD0B194F8423094F83D00013375
:1094500084F84230FEF722FA0423EB700C4B1A68B2
:1094600094F84230D27993420CBF0D230323AB70A2
:1094700029462046BDE87040FEF774B806F1100397
:1094800006F1300231462046BDE87040FEF714BCBC
:109490005C63002038B590F82B5090F82430496870
:1094A0009D420446006B28BF1D462A46203016F018
:1094B000FDFE206B20300021C5F11002284416F07B
:1094C0001DFF012384F844302046FDF71AFE1920C1
:1094D000FEF78EFC014688B104230372236B09302A
:1094E00003F13002403352F8045B40F8045B9A42C7
:1094F000F9D12046BDE83840FEF736BC38BD000043
:1095000070B590F83F6090F82D300D46044690F805
:109510002610C6B91940FDF7ABFEA0B194F825306E
:1095200094F82C2084F83F601340D8070ED50E4ADB
:1095300092F8902142B1A26C12782AB199070BD50A
:10954000082384F83F3070BD0623FAE79A07F7D462
:109550005B0701D50A23F4E70E23AB7029462046AA
:10956000BDE87040FDF7FEBF1440012013B5002395
:10957000044680F83F300191FDF7C3FD236B94F85A
:109580003D201A8094F84020019912F0040F14BF76
:1095900002220122DA7794F8240094F82B208242E8
:1095A00028BF0246204683F8202002B0BDE81040C4
:1095B000FFF7A6BF38B590F8252090F82C300D465F
:1095C00013404A68016B0446FDF712FF38B10E23C1
:1095D000AB7029462046BDE83840FDF7C3BF38BD13
:1095E00037B5836C5A78032A04460D461ED1586954
:1095F0000F49203000F05BFCA36C0D4958693030F6
:1096000000F055FC2A7D032A10D8A36C5869291D47
:109610002D30019100F07AFCA36C2A7D58690199E4
:109620003D3003B0BDE8304000F070BC03B030BD49
:10963000FF57070038B504460D46FEF772FE29466F
:109640002046BDE83840FFF7B1B9000038B5836C5B
:10965000044658690D4610210844F6F7ADFFA36C87
:1096600009495869203000F022FCA36C064958696A
:10967000303000F01CFC042384F83F30294620469B
:10968000BDE83840FEF797BEFF5707004A68FFF76E
:109690000DBA38B5836C0D464968044609315869DE
:1096A000102200F033FC29462046BDE83840FEF782
:1096B00097BE38B50D2380F83F30836C5A69044655
:1096C0000D461032FFF7CAF929462046BDE838405A
:1096D000FEF7B4BE836C49685869102209315030D6
:1096E00000F014BC30B5836C044658690D46102157
:1096F00085B00844F6F760FF042384F83F30A36C7C
:109700002046DA689B6803920293FFF7F7F9A16C91
:1097100049691031CDE90001DDE9023229462046D0
:10972000FFF7E0F805B030BD38B504460D46FFF749
:10973000D1FF29462046BDE83840FFF7D3BF38B5F2
:1097400004460D46FFF74CFF29462046BDE8384049
:10975000FFF7C8BFFFF79ABF30B5836C0D46496865
:10976000044685B058690931102200F0CFFBA36C84
:1097700020469A68DB6803920293FFF7BFF9A16C59
:109780004969DDE90232CDE9000129462046FFF7AB
:10979000A9F805B030BDF7B5866C776904460D466B
:1097A0001022496807F1500016F072FD28B12046DA
:1097B00003B0BDE8F040FFF70DBAF3780133DBB238
:1097C000132BF3700CD91B238DF8063094F83D3021
:1097D000ADF8043001A92046FDF7C4FE03B0F0BD8A
:1097E000032384F83F3007F110021A23294620464C
:1097F0008DF80630FFF732F9E8E7042380F83F30B0
:109800007047000030B5836C0D464968044687B048
:1098100058691022093100F079FB94F82230012BAD
:1098200005D0A36C14495869303000F040FBA36C9C
:1098300094F829205869012A00F120000AD19B6878
:1098400001900022009229461A462046FFF74AF866
:1098500007B030BD084900F02AFB94F83D30ADF860
:109860000C301C238DF80E3003A9002320460593ED
:10987000FDF778FEECE700BFFF57070070B5836C7B
:109880005E6990F82930012B04460D460BD14968DA
:10989000102206F1500016F0FBFC20B12046BDE876
:1098A0007040FFF797B90D231021701884F83F30EE
:1098B000F6F782FEA36C5A69294620461032BDE8AD
:1098C0007040FFF7CBB80F23496880F83F30836CB6
:1098D000586910220931503000F018BB0D22836CFA
:1098E00080F83F205A78032A03D15A691032FFF7D3
:1098F000B5B8704738B590F83F300D2B04460D468B
:1099000007D1836C4968586910220931503000F042
:10991000FDFA29462046BDE83840FEF7EFBD0000BD
:10992000836C73B5044658690D461030496800F0E1
:10993000BEFAA66C7169102201F1500016F0A8FC65
:109940000146D0B994F82B3094F82420B0699342A2
:1099500028BF13461030C3F11002184416F0CEFC95
:10996000012384F84430A36C5A69294610322046FA
:1099700002B0BDE87040FFF749B80B238DF80730FF
:1099800094F8423094F83D00ADF80400013384F8B7
:109990004230FDF783FF084B1A6894F84230D279C1
:1099A00001A993420CBF0D231D2320468DF80630DC
:1099B000FDF7D8FD02B070BD5C630020024B034A86
:1099C000C3F87C21FEF7C0BF1440012054540700A7
:1099D000054B064AC3F87C21054AC3F88821054A8D
:1099E000C3F88C21704700BF14400120F4560700D3
:1099F000F5750500F97605002DE9F84F06460F4686
:109A000000F0A6F8DFF8BC802C4BC8F8000006EB8D
:109A1000460400EB84041E70043700F10C0AD8F8E9
:109A2000005000F09BF820F007000544AC4202D93A
:109A30000020BDE8F88FD6B337F8043C072B25D9B2
:109A40005A0703D023F0070308339BB22AF80C3CD3
:109A500017F8029C0AF80A9C4AE90244DB08DD0078
:109A6000B9F1010FD8F800B012D800F077F820F063
:109A7000070083445C4507F104070AF10C0AD7D8B4
:109A8000013E00232360F6B22C44C8E70823DDE73B
:109A900000F064F820F0070058448442C8D86319E5
:109AA00009F1FF3223605FFA82F91C46D8E7D8F843
:109AB0000000034B201A1860BBE700BF3C420120A6
:109AC0003842012034420120F8B50E4B1E680E4B7F
:109AD0001C7807460CB925460CE03388BB420DD3F1
:109AE00004F08AF8B5683DB12B68B36000236B6061
:109AF00004F084F82846F8BD04F080F8013CE4B294
:109B00000C36E7E7344201203C42012038B50D4ACB
:109B10000D4B14781B680C22054602FB04340C3CE8
:109B2000A34200D938BD6268AA42F8D804F064F8AC
:109B3000064B6B60A3682B60A560BDE8384004F05D
:109B40005DB800BF3C420120344201200DD0ABFA89
:109B5000014B1868704700BF80420120014B186814
:109B6000704700BF7C420120083008B580B2FFF783
:109B7000ABFF00B1083008BD084480B2FFF7F4BF66
:109B80000838FFF7C3BF02F8041CA2F1080100F077
:109B90001FB813B50446019104F068F82146019AF4
:109BA000FFF7F1FF0121204602B0BDE8104004F0AC
:109BB0004BB810B50C4600F01DF810B103792370B6
:109BC000083010BD006810B103790B700830704781
:109BD00038B5002304460B600D4604F00DF82368E9
:109BE0002BB925606560BDE8384004F007B86368AC
:109BF0001D60F7E738B5044603F0FEFF25681DB188
:109C00002B68236003B9636003F0F8FF284638BD72
:109C100038B504460D4603F0EFFF23682B6003B907
:109C200065602560BDE8384003F0E8BF70B50646C2
:109C30000D46144603F0E0FF336813B17368A34286
:109C400007D129463046FFF7C3FFBDE8704003F057
:109C5000D5BF24B929463046FFF7DAFFF5E7236878
:109C60002B602560F1E770B504460D46164603F0FB
:109C7000C3FF2368AB4209D12B6823606368AB4202
:109C800008BF6660BDE8704003F0B8BF002EF5D095
:109C90002B683360F2E713B5044603F0ADFF236889
:109CA000002290B201322BB9019003F0A7FF019876
:109CB00002B010BD1B68F4E710B5044603F09CFF2A
:109CC0002468B4FA84F4640903F098FF204610BDB8
:109CD000D0E90020131A584258417047084B10B57C
:109CE0001C68002204B910BD844202D022462468B8
:109CF000F8E703482146FFF7B6FF00236373F2E756
:109D00004842012038B504460D4603F07DFF637BD1
:109D100013B12046FFF7E2FF01236373094BA560EF
:109D20001B68002213B19968A94207D9214605484A
:109D3000FFF77CFFBDE8384003F068BF1A461B6898
:109D4000F0E700BF4842012010B5044603F05CFF75
:109D5000064A13682BB923701C4603F057FF2046B0
:109D600010BD0123237013689C68F6E74842012068
:109D7000044A0023C2E90033034A1360034A136014
:109D8000704700BF48420120404201204442012068
:109D90004FF47A7359430131FFF7B4BF0131FFF734
:109DA000B1BF07B5019003F02FFF0198FFF796FFB1
:109DB00003B05DF804EB03F029BF000070B5054661
:109DC00003F022FF0A4B1C6800261CB9BDE8704056
:109DD00003F01CBFA368AB4203D95B1BA3602468DC
:109DE000F3E7207BA660022103F02EFFF7E700BF18
:109DF0004842012038B503F007FF0948046854B110
:109E0000A56845B92A462146FFF72DFF657303F083
:109E1000FDFE204638BD03F0F9FE0024F9E700BF3F
:109E2000484201200B6803608B888380704708B527
:109E3000062216F02DFAB0FA80F0400908BD002382
:109E4000036083800630704707B500230622694609
:109E50000093ADF8043016F01BFAB0FA80F0400918
:109E600003B05DF804FB0346006859687047110AA7
:109E700002704170110C120EC2701A0A0371427105
:109E80001A0C1B0E81708271C3717047037941797E
:109E9000006843EA01217047110A027041700371A2
:109EA000110C1B0A120E8170C2704371704701F1D0
:109EB000100351F8042B40F8042B9942F9D1704754
:109EC0000B6803604B684360704710B500F11002E7
:109ED00010F8013B11F8014B824283EA040300F8B9
:109EE000013CF5D110BD000010B5074C11448A4269
:109EF00001D1C04310BD12F8013B4340DBB254F81E
:109F0000233083EA1020F2E71058070070B50024D0
:109F1000551E23B2934204F1010400DB70BDCE5CF8
:109F2000EB1AC654F5E710B5431800EB510188420F
:109F300000D110BD13F8012D04781C7000F8012B1E
:109F4000F5E703680BB108461847704700680368D7
:109F50009B691847006803689B6A18470068036894
:109F6000DB6A184713B504460BF0ECFE237E23B1E1
:109F700002B0BDE810400BF0FBBE012323760BF0CE
:109F8000F7FE6368201D1BB12369019401A998475E
:109F900002B010BD10B50446002244F8041B426014
:109FA000C4E90122024942610161027610BD00BF8D
:109FB000439F050037B5174C174D2368BFF35B8FE0
:109FC00013F0010F09D120460CF00EFA28B100F071
:109FD000B1FD286020460CF029FA2B682BB90F49F7
:109FE0000F4800931A460CF027F80E4C2368BFF375
:109FF0005B8FDB070AD420460CF0F6F930B12968F4
:10A000000948FFF7C7FF20460CF010FA064803B0D6
:10A0100030BD00BF5442012074420120105C070093
:10A02000430118805042012058420120006804F08A
:10A0300093BC006803F0C1BF006805F061BA014637
:10A04000006801F04FBB006806F0BCBB006805F07B
:10A0500039BE006806F0C4BA00207047704702207D
:10A060007047F4F713BD0000064BD3F8C0309A06D2
:10A0700005D5054B1B689B0601D5F4F735BBF4F7F6
:10A080008DBB00BF30360120F0620020024A026022
:10A090000022C0E904217047B05C070010B50446F7
:10A0A000406903689B689847236820461B6ABDE89F
:10A0B00010401847036810B504465B6A984760690A
:10A0C0000368BDE81040DB681847000007B5019140
:10A0D000FFF770FFFFF73AFF0199FFF7AAFF20B1E2
:10A0E000034904486D220BF083FD03B05DF804FBC7
:10A0F000335C07007F5C070030B50B780E2B85B012
:10A1000005460C461DD10A79CB7803EB022399B2A0
:10A1100042F20F03994204F106025CD8B1F5005FE8
:10A1200011D840F66343994200F0A88032D840F637
:10A130000143994200F0968040F60343994200F0B3
:10A14000888005B030BDA1F50053013B0E2BF8D837
:10A1500001A252F823F000BF71A2050097A20500EA
:10A16000CBA2050043A105008DA2050043A1050077
:10A1700043A1050043A1050043A1050043A105003B
:10A1800043A1050043A1050043A1050043A105002B
:10A19000B9A2050041F2010399424BD041F20903F3
:10A1A0009942CED16E4811466C46FFF73BFE002324
:10A1B0000093A3802B6821465B69284698470028B6
:10A1C00061D094E803000290ADF80C10284602A973
:10A1D000FFF77CFFB5E742F22403994200F0A1802B
:10A1E00012D842F21803994200F0AD8042F21C03EB
:10A1F0009942A6D1D4F8060051685A4B03C305B062
:10A20000BDE83040F4F7FABA42F22F03994279D010
:10A2100008D842F22A03994293D1534BA27983F88A
:10A22000C9206AE042F23B0399420DD842F2390359
:10A23000994286D94C4BD3F8D830002B81D01046A8
:10A2400005B0BDE83040184742F24A039942F1D0C8
:10A2500077E7464B464800221A7005B0BDE830400B
:10A26000F4F726BC434805B0BDE83040F4F74CBBDA
:10A27000414805B0BDE83040F4F72DBC05B0BDE85D
:10A280003040F4F7DABBF4F795FA5AE705B0BDE8C9
:10A290003040F4F78FBAE179A279334B02EB012217
:10A2A000A3F8B620227A83F8BB2083F8BA2005B041
:10A2B000BDE83040F4F796BAA2792B4B83F8BC2066
:10A2C00005B0BDE83040F4F781BAE279A37903EB39
:10A2D0000223254A0021C2F8C4105906C2F8C03032
:10A2E00008D5264B1B685B0604D505B0BDE8304099
:10A2F000F4F769BC002382F8C93005B0BDE83040EE
:10A30000FFF7B2BE627A237AA07903EB0223E279E7
:10A3100000EB022099B280B205B0BDE83040F4F7FE
:10A32000ACB9114BD3F8D82022B105B0BDE830400C
:10A33000F4F78FBBA3F8CA20A3F8CC2005B0BDE882
:10A340003040F4F72BBA094A1378022B02D80133B4
:10A350001370F3E705B0BDE8304003F031BC00BF37
:10A36000D0360120C8360120303601207842012045
:10A37000FF4907000F4A0700074A0700F062002064
:10A38000406910B404682469A4465DF8044B604732
:10A39000036913B504462BB9084909484FF49B7269
:10A3A0000BF026FC04301B68019098470198D4F705
:10A3B00081F80023236102B010BD00BF335C0700A9
:10A3C000955C0700F8B5084F05460C4604B9F8BD82
:10A3D000FF2C264628BFFF2628463B68F1B2A41B67
:10A3E0009847A4B23544F1E7D063002008B520B9FE
:10A3F0000349044830220BF0FBFB034B186008BDF7
:10A40000D85C07009F5C0700D0630020704770474E
:10A410007047704770477047704770477047704784
:10A420007047704770470079831E58425841704703
:10A4300000487047405F0700FEE703680BB108461D
:10A440001847704708B5FFF7B5FDBDE80840FFF7AE
:10A4500089BD38B50446406808B9204638BD05694D
:10A4600014210CF0E9F92846F6E70000094B10B575
:10A4700003F1800203609033044642608360C06A47
:10A4800010B103685B68984704F10C00FFF7E1FF27
:10A49000204610BDBC66070010B50446FFF7D9FF83
:10A4A00020460C210CF0C8F9204610BD38B50446F2
:10A4B000406808B9204638BD056914210CF0BCF984
:10A4C0002846F6E710B50446FFF7F0FF20460C21BA
:10A4D0000CF0B2F9204610BD38B50446406808B902
:10A4E000204638BD056914210CF0A6F92846F6E788
:10A4F00010B50446FFF7F0FF20460C210CF09CF944
:10A50000204610BD38B50446406808B9204638BD1D
:10A51000056914210CF090F92846F6E710B50446B9
:10A52000FFF7F0FF20460C210CF086F9204610BD05
:10A5300038B50446406808B9204638BD056914217D
:10A540000CF07AF92846F6E70B4B10B5036014338C
:10A55000044643603030FFF7EBFF04F12400FFF7BF
:10A56000D1FF04F11800FFF7B7FF04F10C00FFF76B
:10A570009DFF204610BD00BF0066070010B50446D1
:10A58000FFF7D6FF20460C210CF056F9204610BDEF
:10A5900038B50A4C00F0A8FF2368BFF35B8FDB07D8
:10A5A000054608D420460BF01FFF20B1044B20467F
:10A5B0001D600BF03BFF024838BD00BF8C420120FC
:10A5C0000C440120FFF7E4BF034600789B78272B5B
:10A5D00002D0282B03D070470021F7F7DBB9F7F73B
:10A5E00019BA0022026082807047CB68C3600BB149
:10A5F0005B681847704738B50446A06800B938BD95
:10A600000569D3F757FFA068FFF780FAA560F4E764
:10A6100010B5074B044640F8183B08F063FE20468F
:10A62000044B40F8083FFFF7E6FF204610BD00BF8F
:10A63000F85E0700E85E070010B50446FFF7E8FF84
:10A64000204638210CF0F8F8204610BD30B50546FC
:10A6500087B040680191E8B11420FFF735FA0199FD
:10A66000044620B90F4910484E220BF0C1FA02A847
:10A67000FFF7BBFF02A92046FFF7B7FF00232361C6
:10A6800002A8D3F717FFAB6833B9AC60284601F0D6
:10A6900045FD012007B030BD1A461B69002BFBD1D8
:10A6A0001461F3E72D5D0700795D070010B5064BD7
:10A6B000044640F8183BD3F7FDFE04F10800D3F739
:10A6C000F9FE204610BD00BF7867070010B5034BA8
:10A6D00003600446D4F774F9204610BD7C6A070075
:10A6E00037B50D460446019206F0A0FB019B2A46B1
:10A6F000214603B0BDE83040FFF742BE10B506F07A
:10A7000095FB0368BDE81040DB68184707B501906A
:10A7100006F08CFB036801991B6903B05DF804EB3C
:10A72000184708B5D2F71EFE08BD000010B50D4C45
:10A730002368BFF35B8FDB0711D420460BF054FE78
:10A7400068B101F085FA0146074806F011FA074A98
:10A75000074905480BF035FE20460BF067FE02481E
:10A7600010BD00BF984201208844012000600020F5
:10A77000ADA6050038B50E4C2368BFF35B8FDB0731
:10A78000054612D420460BF02FFE70B12846FFF785
:10A79000CDFF0146074804F0D3FD074A07490548A5
:10A7A0000BF00FFE20460BF041FE024838BD00BF03
:10A7B0009C420120B44401200060002049A505000E
:10A7C00038B50A4CFFF7D6FF2368BFF35B8FDB0772
:10A7D000054608D420460BF007FE20B1044B204666
:10A7E0001D600BF023FE024838BD00BF88420120E7
:10A7F0000844012038B50F4C2368BFF35B8FDB079B
:10A80000054615D420460BF0EFFD88B102F032FD6D
:10A810004FF46173014605F10802074804F0F4FEA5
:10A82000064A074904480BF0CCFD20460BF0FEFD1C
:10A83000014838BDA84201200846012000600020E0
:10A8400091F6050030B5124D2B68BFF35B8FDB0727
:10A8500085B0044619D428460BF0C6FDA8B101F016
:10A8600087FF03902046FFF7C5FF0A4B039A00902D
:10A8700004F10801084803F0A5FE084A0849064803
:10A880000BF09FFD28460BF0D1FD034805B030BD0D
:10A8900084420120D4630020C842012000600020CF
:10A8A00009E9050038B50A4CFFF7CCFF2368BFF370
:10A8B0005B8FDB07054608D420460BF095FD20B1E1
:10A8C000044B20461D600BF0B1FD024838BD00BFAF
:10A8D000AC4201208846012038B50379022B04469A
:10A8E00019D1FFF755FEFFF7AAFB2046FFF768FFD7
:10A8F000FFF7A2FB2046FFF7D5FFFFF797FB04F118
:10A900000800FFF778FE054B002518682571FFF752
:10A91000D1FB284638BD0920FCE700BFB04201202A
:10A92000FFF7C0BF70B54E4B196888B029B94D49C3
:10A930004D4840F2F9120BF05BF90B684B4E9B68E7
:10A940004B4D04A89847049B059C06999DF81C0054
:10A9500033602C60FFF750F883B223B94149454872
:10A9600040F20D22E7E7336882B213FA80F02B68D9
:10A9700030609B1A94422B6006D900233E493F4821
:10A980000093A21A0BF050FBFFF7F2F9F5F7F6FD72
:10A99000F5F706FEF5F75CFCF5F73CFDF5F78CFDE9
:10A9A000374803F067F9FCF791F9364803F062F98C
:10A9B0000390F9F77FFFFBF719FDFAF7B7FAFAF7FB
:10A9C00067FDFAF76DFEFBF701FEFBF75DF8FBF79D
:10A9D0000DFFFBF7A3F90398FAF79AFF2A4803F053
:10A9E00049F9FCF77DFBFCF7F7F9FCF71DFBFCF7D9
:10A9F0004FFA264803F03EF9F5F7F2FEF7F746FB6B
:10AA0000F7F7C4F92248F7F76FFBF8F739FCF6F7C8
:10AA1000EDF9F6F7ABFE1F4803F02CF9FDF73EFA0F
:10AA2000FEF7D6FFFEF7CAFFFEF72EFCFEF722FC6C
:10AA3000194803F01FF9194B18704620F3F750FC22
:10AA40001748FAF733FF16490320FAF793FA154827
:10AA5000F5F71EFF144808B0BDE87040F5F7FEBEDC
:10AA6000B04201208E5D0700DE5D070080420120BC
:10AA70007C420120F3340700F55D070005011880D2
:10AA8000E16C050029590500F17005002508050055
:10AA900031B90500E97E050065AB05008C46012053
:10AAA0001DAF0500C9A5050051BD050038B50C4A0C
:10AAB0000C4B036000230446C0E9022303710361C9
:10AAC00018300D4608F09DFC00220023C4E90C2339
:10AAD000054B20461D60FFF725FF204638BD00BF0F
:10AAE000E85E0700F85E0700B042012010B50D4C8B
:10AAF0002368BFF35B8FDB0711D420460BF074FC97
:10AB000068B106F093F901460748FFF7CFFF074AFF
:10AB1000074905480BF055FC20460BF087FC02481E
:10AB200010BD00BF9442012050440120006000206D
:10AB300011A60500FFF7DABF07B50191FFF7D6FFB1
:10AB4000FFF718FE036801991B689847FFF7CEFFCF
:10AB500000F0CAFC036801991B6803B05DF804EBC0
:10AB60001847000013B50C46A9B302F0A1FD20461A
:10AB700002F0BEFD78BB02F07DFB204602F07EFBBA
:10AB800048BBA378202B07D07A2B26D0204602B0D2
:10AB9000BDE8104002F0EEB8CDE90000FFF70AFA78
:10ABA0000090F4F7DFFBC30407D5F9F715FDFBF7B9
:10ABB0003FFBFAF71FFCFAF731FDFFF797FF00F0B4
:10ABC00093FC00F051FBFFF791FF022303710F4844
:10ABD0006946C368984702B010BDE378002BFAD1EC
:10ABE000228842F21F039A42F5D1A3796279217932
:10ABF00002EB0322064BB1FA81F1186892B24909BF
:10AC000002B0BDE81040FFF7C3BB00BFB442012053
:10AC1000B042012008B5044B1868FFF73FFABDE8C1
:10AC20000840FAF7D3BD00BFB042012073B50479E4
:10AC3000012C05460E461BD0022C1BD0E4B918305F
:10AC4000019008F0B0FB019808F056FB0B4BED604B
:10AC50009E421EBF96E8070083E80700F268284678
:10AC600018BFC3E90324FFF7D5FF204602B070BD2B
:10AC70000924FAE70024F8E70B24F6E7B4420120A0
:10AC800070B5044688B02569002D65D104F118051A
:10AC90002946684608F063FBD4E90C31009A9B18FA
:10ACA000019A42EB0102C4E90C32284608F07BFB12
:10ACB000D4E90C014FF47A72002314F031FD0E46F2
:10ACC000054670B1FFF77AF84FF47A72A5FB02538C
:10ACD00002FB0631D4E90C325B1B62EB0102C4E9D2
:10ACE0000C322B4C02F0DCFF2368BFF35B8FDB07D9
:10ACF0000ED420460BF078FB50B1264808F0E2FA5B
:10AD0000254A264923480BF05CFB20460BF08EFBBE
:10AD100003A80AF0BFFA02F0B9FFC0B10DF10F00AD
:10AD2000FFF712F89DF80F3053B31D4B07931D4BDF
:10AD300004930023CDE905334FF47A73A0FB03237A
:10AD400004A9144808F065FA04A8D3F7B3FB03A8D4
:10AD50000AF0A8FA08B070BD2B692361EB682BB923
:10AD6000114912484FF4FD720AF042FF1B68284651
:10AD700098472846D3F79EFB2846FEF7C7FE82E792
:10AD80000AF09AFA0A4B186803689B699847DEE74D
:10AD9000904201201044012000600020CDA6050053
:10ADA0009834070023A70500585E0700875E070058
:10ADB000B0420120FFF764BF10B510220446002105
:10ADC00015F09CFA204610BDF8B5044636480568D3
:10ADD000BFF35B8F15F0010564D10BF005FB002874
:10ADE00060D002F065FC07462046FFF72BFD0646C3
:10ADF0002046FFF7FFFC2D4C2D4B236003F1800212
:10AE00009033A3602B4B6260C4E903352A4B206367
:10AE1000C4E90737294BA5610436C4E90A356662DF
:10AE200004F13400FFF7DDFB04F13A00FFF7D9FB32
:10AE300004F14000FFF7C0FF04F15000FFF7BCFF32
:10AE400004F16000FFF7B8FF04F17000FFF7C9FBE1
:10AE500004F17600FFF7B0FF4FF47063A4F886307A
:10AE60004FF48073A4F8883084F88A5004F18C067B
:10AE70007019143504F031FD642DF9D1206A104D9C
:10AE80000368A5619B6FA5F11C01984701230D4A3A
:10AE90000D4984F86030A5F11C000BF092FA0248CD
:10AEA0000BF0C4FA0148F8BDA44201201845012066
:10AEB000BC660700D85E07009C5E0700D8630020D0
:10AEC00034450120006000206DA4050038B50A4C0F
:10AED0002368BFF35B8FDB0705460BD420460BF0DE
:10AEE00083FA38B12846FFF76FFF044B18602046FD
:10AEF0000BF09CFA014838BDA04201201445012006
:10AF0000044B0022C3E900229A601A61024ADA6007
:10AF1000704700BFB44201203BA4050070B54388D0
:10AF2000412B04460DD101F023FC01F019F980B149
:10AF30000368E2885D6821886389AC46BDE870409B
:10AF40006047FFF7D3FD21460020BDE87040FFF7C2
:10AF500009BE70BD8167704703680BB1084618478A
:10AF60007047814210B503460C4606D007C983E8F6
:10AF70000700E268DA6000221A6110BD38B50446A5
:10AF80000D46002100F8011B102215F0B7F965826B
:10AF9000204638BDB1F8E9210280B1F8EB214280AA
:10AFA000B1F8ED218280B1F8EF21C28070470B88A3
:10AFB000A0F8E9314B88A0F8EB318B88A0F8ED318F
:10AFC000CB88A0F8EF317047B0F858220346F3B4AD
:10AFD0000021C0F85011501CA3F860014748C3F885
:10AFE00058014748C3F85C0103F5B270C3F8540137
:10AFF0004448C3F864014448444DC3F8680103F56C
:10B00000B870C3F86C01571DD01CA3F8D501A3F884
:10B01000DD7128883E4FA3F8D70103F5EA70B7F831
:10B0200000C0C3F87801C3F8845103F5C07003F57C
:10B03000ED75C3E96215C3F87C01A3F8DFC135489B
:10B04000354D364C364EC3F8905103F5EE7C022553
:10B05000C3F898C103F5D07CC3E967C0C3F8706139
:10B06000C3F87441C3F88001A3F8DA11C3F894411E
:10B07000A3F8E21183F8DC5103F5D871C3F8A47189
:10B08000C3F8B061274EC3F8AC1103F5F171C3F8F2
:10B09000A8113188A3F8E71103F5F271C3F8B811CC
:10B0A00003F5E071C3E96F101F49C3F8B4410868A4
:10B0B000496883F8E4516C4603C46C4603CC03F240
:10B0C000E917C3F8ED1103F5E871C3E972710732AE
:10B0D0001649C3F8E90192B203F5A870A3F8582203
:10B0E000A3F8E521C3F8C461C3F8D01183F8D451A3
:10B0F000A3F8622102B0F0BCF6F7FCBF35B605003C
:10B1000029B505009C4B0700944B0700924B0700A4
:10B110008C4B070005000001F80008018E4B07006A
:10B12000020000019A4B0700386007000800000188
:10B13000B0F85812394A4B1C70B5A0F80432384B9D
:10B14000C0F8FC31374BC0F8003200F50273C0F88C
:10B15000F831354BC0F80832344BC0F80C3200F5EA
:10B160000573C0F81032324BC0F81432CB1C0446C1
:10B1700000259BB2C0F8F451A0F85832A0F849322B
:10B180001088A4F84B022B48C4F8180204F512707A
:10B19000C4F81C0204F50970C4F820022648C4F85B
:10B1A0003452C4E9890204F50D72C4E98B52234A72
:10B1B000C4F8382294F8442102F17A0004EB4000EC
:10B1C000C4F83C0204F51170C4F840021C48C4F8ED
:10B1D0004402202084F84802062000FB0240022698
:10B1E000A0F87C30A0F87E6080F8805004EB42002C
:10B1F00031440132A0F81C1184F8442104F5FA709E
:10B20000A4F80632F6F776FF94F844010D4A04F1EB
:10B210007C01BDE87040F6F7ADBB00BF9E4B070058
:10B2200035B6050029B505009C4B0700984B070073
:10B23000020000018E4B070005000001904B070043
:10B2400002002011BDB8050090F85A3210B504462E
:10B250004BB9012380F85A32FFF7B6FE2046BDE80D
:10B260001040FFF765BF10BD10B504460348F6F760
:10B270003BFF2046BDE81040FFF7E6BF31B90500AF
:10B28000D0F8480100B97047838D8B42FBD0806AAB
:10B29000F8E730B500230625137090F844419C422E
:10B2A00001D8002030BD05FB0304B4F87C408C427B
:10B2B00002D00133DBB2EFE70120F3E737B51546E3
:10B2C0000DF107020446FFF7E4FF30B19DF80730A7
:10B2D00004EB4304B4F81C312B8003B030BD38B507
:10B2E000044640680D4610B103689B689847E069C2
:10B2F000206200B938BDC36829469847236A002BED
:10B30000F5D01869F4E738B5044640680D4610B129
:10B310000368DB689847A06AE06200B938BDC3687B
:10B3200029469847E36A002BF5D01869F4E738B549
:10B330000446406808B9606038BD056914210BF007
:10B340007BFA2846F6E7000010B5034B036004467D
:10B35000FFF7EDFF204610BD3060070010B5044632
:10B36000FFF7F2FF20460C210BF066FA204610BDD5
:10B3700038B50446406808B9606038BD05691421D5
:10B380000BF05AFA2846F6E710B5034B0360044663
:10B39000FFF7EEFF204610BD0060070010B5044621
:10B3A000FFF7F2FF20460C210BF046FA204610BDB5
:10B3B00038B50446406808B9606038BD0569142195
:10B3C0000BF03AFA2846F6E738B50446406808B963
:10B3D000606038BD056914210BF02EFA2846F6E7A7
:10B3E00010B50A4B044640F8303BFFF7ADFF04F1BF
:10B3F0002400FFF75BF804F11800FFF76DF804F183
:10B400000C00FFF7C1FF204610BD00BF48600700D9
:10B410000022C0E901220261014A0160C260704756
:10B4200059AF05002B4B70B503602B4B0025C0E9CD
:10B4300003352A4B4560C0E90635294B0581C0E933
:10B440000935284B0446C0E90C3529463C30FFF746
:10B45000DFFF294604F15000FFF7DAFF294604F127
:10B460006400FFF7D5FFA56704F1820304F1FA0237
:10B4700023F8065C23F8045C03F8025C06339A4266
:10B480004FF00006F4D12822002104F1F40014F05A
:10B4900035FF2822002104F58E7014F02FFF84F868
:10B4A0004451C4F8485184F84C61A422002104F5A9
:10B4B000A87014F023FF5C22002104F5FA7014F048
:10B4C0001DFFC4E99455A4F8585284F85A622046E6
:10B4D00070BD00BF486007000060070010600700F3
:10B4E000206007003060070010B50B4C2368BFF3E5
:10B4F0005B8FDB070ED420460AF076FF50B1074879
:10B50000FFF790FF064A074904480AF05AFF204611
:10B510000AF08CFF014810BD90460120A84601208A
:10B5200000600020E1B305002DE9F04F87B00F4621
:10B530001D46DDE9119ABDF8408006461446FFF726
:10B54000D3FF3946FFF79CFE0346A8B15A69143071
:10B5500092B1002203921B6A05920196ADF8087021
:10B56000ADF80A50ADF80C80CDF8109001A99847BD
:10B570009DF8140000283BD1BAF80C3008EB050BFD
:10B580009B4505DD29492A4840F2CB420AF030FBB1
:10B59000162C2CD002F038FBDAF80400424649465B
:10B5A000284414F083FE9AF80E301A0744BFDAF8E4
:10B5B0000830A3F800B002F029FB522C30D01AD882
:10B5C000182C2FD030D8A4F112035A425A410196B8
:10B5D000ADF808708DF80A20ADF80C50ADF80E806B
:10B5E000CDF81090FFF780FF01A9FFF778FE00204B
:10B5F00007B0BDE8F08FD22C16D1FFF775FF836F2F
:10B6000063B1FFF771FF846F23683046D3F800A061
:10B61000F7F75EFE314602462046D0470322D6E7C2
:10B620000222D4E70622D2E70022D0E74F5F0700CC
:10B630009A5F07002DE9F04186B00E46DDF83080B4
:10B6400007461D46FFF750FF3146FFF719FE002859
:10B6500046D0046834B3B8F80C3001970024CDE923
:10B6600003440594ADF80C30ADF80860C368ADF83C
:10B670000A5001A998479DF814405CBB0499D8F87A
:10B68000040079B1BDF80C20B8F80C30934225D3F2
:10B6900014F00CFEBDF80C30D8F80820AB4238BFCF
:10B6A00007241380D8F80830ADF80860ADF80A50C8
:10B6B0001B88ADF80C30002CD8F8043004930CBF74
:10B6C0000023032301978DF81430FFF70DFF01A924
:10B6D000FFF719FE204606B0BDE8F0810E24E1E731
:10B6E0000446DFE7F0B50446406887B00E4610B167
:10B6F00003681B69984704F13007656BA563002D4B
:10B700004FD13846FFF713FE04F10C00258184F871
:10B710005A52FFF72DFE04F11800FFF749FE04F11D
:10B720002400FFF751FE294601A8FFF771FE01A989
:10B7300004F13C00FFF715FC294601A8FFF768FE5D
:10B7400001A904F15000FFF70CFC294601A8FFF7FE
:10B750005FFE01A904F16400FFF703FCD4F8505226
:10B7600045BBD4F8545285BBB4F86001F6F7E2FC4F
:10B77000B4F80402F6F7DEFCD4F8880114F02EFDCC
:10B780002846154AA4F8585284F8445184F84C517C
:10B79000C4F8485104F17C01F6F7ECF8284607B0EC
:10B7A000F0BDEB68314628469847A36B002BA4D028
:10B7B0001D69A3E76B69288AC4F85032F6F7BAFC12
:10B7C000182128460BF038F8C8E72B68C4F8543223
:10B7D000284614F003FDC4E7BDB8050038B504469B
:10B7E0000D466068A06000B938BDC3682946984717
:10B7F000A368002BF5D01869F4E7000003297FB592
:10B80000044616461D4613D0042935D001290DD112
:10B81000406830B1ADF80C30036802925B6802A951
:10B820009847012104F10C00FFF7D8FF04B070BD68
:10B830000DF106021946FFF741FD28B940F2DF621B
:10B840001C491D480AF0D4F9606850B1BDF80630B3
:10B85000ADF80E30036802965B69ADF80C5002A992
:10B860009847E36B04F13C00002BDFD0A36C294622
:10B8700004B0BDE8704018470DF106021946FFF705
:10B880001DFD10B94FF4DE62DAE7606850B1BDF813
:10B890000630ADF80E30036802969B69ADF80C5087
:10B8A00002A99847236D04F15000002BBED0E36D30
:10B8B000DDE700BF4F5F0700B85F070013B5C3881F
:10B8C00013F0030F044614BF032104210191FFF775
:10B8D0000BFEA3882288019902B0BDE81040FFF753
:10B8E0008DBF10B54388162B04460AD1FFF7FCFD27
:10B8F000406888B10368E28921881B68BDE8104070
:10B900001847122B08D1FFF7EFFD63892288012128
:10B91000BDE81040FFF772BF10BD000008B542F649
:10B9200002110248FFF72AFB08BD00BF9446012020
:10B930001FB50190FFF7DAF8FFF7C8FA0023019965
:10B940008DF80C3003AAFEF781FB38B99DF80C3056
:10B95000042B18BF052005B05DF804FB0520FAE7AD
:10B96000D0E90320B2FBF0F07047C0688008704750
:10B97000836803EB810233F82130002063F30F006A
:10B98000538882B063F31F4002B07047037CC068E5
:10B9900090FBF3F07047037CC06890FBF3F07047B6
:10B9A00000207047704770477047704708B5044BD8
:10B9B0001B680846C0B29988F5F779FC002008BDDD
:10B9C0005863002010B5C8B21446F4F767FF208012
:10B9D000002010BD07B50846114601920023120C45
:10B9E00089B2C0B2F5F710FC002003B05DF804FB8B
:10B9F00070B586B000240A9D02942E680196AD8829
:10BA00000592084611460095120C89B2C0B2F5F7AE
:10BA1000D4FC204606B070BD30B51C7885B0C8B2E5
:10BA2000039291B2120C54B903F1120402230025BF
:10BA3000CDE90045F5F7F2FC284605B030BD5C1CA9
:10BA40001023F4E708B50846C0B21146F5F7F4FB39
:10BA5000002008BD08B50846C0B211461A460023AA
:10BA6000F5F70AFD002008BD08B513460846126820
:10BA70001979C0B2F5F71AFD002008BD30B51C7861
:10BA800085B0C8B2039291B2120C54B903F11204FA
:10BA900002230025CDE90045F5F733FD284605B022
:10BAA00030BD5C1C1023F4E708B5084611461A4661
:10BAB000C0B21B689288F5F7D7FB002008BD08B517
:10BAC000084611461A46C0B21B689288F5F776FE02
:10BAD000002008BD13B50446084611461A680092B6
:10BAE0009B886268C0B2F5F7FDFD636800200133F2
:10BAF000636002B010BD30B5002485B0CDE90144CB
:10BB0000084611461A46089B1D6800959B88C0B2DE
:10BB1000F5F777FE204605B030BD08B50846C0B23F
:10BB20001146F5F7B0FE002008BD10B514210446FB
:10BB30000AF082FE204610BD10B5102104460AF01E
:10BB40007BFE204610BD10B5142104460AF074FE99
:10BB5000204610BD10B5142104460AF06DFE2046A3
:10BB600010BD70B50B698D6804465A430020A07063
:10BB7000A082AB18AA5A22804A79012A86B01BD12A
:10BB80005D888DF80400014610220DF1050014F0C7
:10BB9000B5FB05AEADF81650A31C01AD2A4603CA8D
:10BBA000B24218605960154603F10803F6D12868BF
:10BBB0001860204606B070BD01228DF80420991C43
:10BBC0000DF10502123351F8040B42F8040B9942AF
:10BBD000F9D1BDF81130ADF8163001ADA31C05AE9A
:10BBE0002A4603CAB24218605960154603F1080399
:10BBF000F6D1DCE710B5064B044640F8183BD2F707
:10BC000059FC04F10800D2F755FC204610BD00BFD6
:10BC10000461070013B5183088420C4606D0019025
:10BC2000D2F748FC01982146FEF7DFFC02B010BDB8
:10BC300013B5083088420C4606D00190D2F73AFC82
:10BC400001982146FEF7D1FC02B010BD416070475B
:10BC500038B50D4D2C68BFF35B8F14F0010410D183
:10BC600028460AF0C1FB60B10848094B094A0A4955
:10BC70004461C0E9003444620AF0A3FB28460AF09C
:10BC8000D5FB024838BD00BF044901200849012006
:10BC90000461070000600020F5BB0500436913B193
:10BCA0001B6808301847704737B50546C07898B10B
:10BCB000FFF7CEFFAB786989EA78ADF802105B0038
:10BCC00001248DF8042029888DF800406A468DF8FB
:10BCD0000130FFF7E3FF204603B030BD13B54388C2
:10BCE000092B04460BD1FFF7B3FF132321888DF8EE
:10BCF000043001AAFFF7D2FF012002B010BD0020DE
:10BD0000FBE713B543880C2B04460BD1FFF7A0FFCC
:10BD1000192321888DF8043001AAFFF7BFFF012005
:10BD200002B010BD0020FBE7436A13B11B68183056
:10BD30001847704710B5C378712B044606D1FFF73A
:10BD400087FF2188FFF7F0FF012010BD0020FCE7EE
:10BD500070B54388162B044611D1FEF7C7FEFEF7D7
:10BD6000E5FC03685B6D984720B10368E2891B68B6
:10BD7000218898472046BDE87040FFF7B2BD837820
:10BD80000A2B0FD1FEF7B2FEFEF7D0FC03685B6D05
:10BD900098470028EED0036862895D682188E378BF
:10BDA000A847E7E7054E0E2556F8043B204698477E
:10BDB00010B9013DF8D1DDE770BD00BF4C6107004F
:10BDC000002A08B5C0E9001205DA0749074840F221
:10BDD000752209F00DFF29B922B10349044840F248
:10BDE0007622F6E708BD00BF4C60070077600700C9
:10BDF0008260070038B50B7C044688685A43811876
:10BE0000825A4D88228004311A1F201D6580FFF759
:10BE1000D7FF204638BD10B50B7C04465A438868CE
:10BE20008118825A2046023120F8042B9A1EFFF70F
:10BE3000C7FF204610BDF0B543880D2B87B00446E0
:10BE40001AD1FFF705FF22896168268867890546B0
:10BE500001A8FFF7B5FF1B238DF80C30019B04935D
:10BE60002846029BADF80E7003AA31460593FFF7F2
:10BE700015FF012007B0F0BD0020FBE7F0B54388B7
:10BE80000E2B87B004461AD1FFF7E2FE22896168C3
:10BE900026886789054601A8FFF792FF1D238DF8C4
:10BEA0000C30019B04932846029BADF80E7003AA48
:10BEB00031460593FFF7F2FE012007B0F0BD0020E8
:10BEC000FBE7F0B543880B2B87B004461DD1FFF785
:10BED000BFFE228961682688678905466846FFF7A4
:10BEE0006FFF17238DF808300023ADF80C30009B4E
:10BEF00004932846019BADF80A7002AA31460593C7
:10BF0000FFF7CCFE012007B0F0BD0020FBE70000EA
:10BF1000F0B54388082B89B004461ED1FFF798FE80
:10BF20006168228911F8017B26880546013A01A83B
:10BF3000FFF746FF11238DF81030094B0393019B47
:10BF400005932846029B069304AA31468DF81C707F
:10BF5000FFF7A4FE012009B0F0BD0020FBE700BF01
:10BF6000EC60070070B54388072B86B0044617D1F4
:10BF7000FFF76EFE228961682688054601A8FFF753
:10BF80001FFF0F238DF80C30019B04932846029B62
:10BF9000059303AA3146FFF781FE012006B070BD6C
:10BFA0000020FBE770B54388062B86B0044617D106
:10BFB000FFF74EFE228961682688054601A8FFF733
:10BFC000FFFE0D238DF80C30019B04932846029B45
:10BFD000059303AA3146FFF761FE012006B070BD4C
:10BFE0000020FBE770B54388052B86B0044617D1C7
:10BFF000FFF72EFE228961682688054601A8FFF713
:10C00000DFFE0B238DF80C30019B04932846029B26
:10C01000059303AA3146FFF741FE012006B070BD2B
:10C020000020FBE7F0B54388042B89B004461ED1FD
:10C03000FFF70EFE6168228911F8017B268805460C
:10C04000013A01A8FFF7BCFE09238DF81030094B17
:10C050000393019B05932846029B069304AA31464D
:10C060008DF81C70FFF71AFE012009B0F0BD00200A
:10C07000FBE700BFD460070070B54388032B86B090
:10C08000044619D1FFF7E4FD228961682688054638
:10C090006846FFF795FE07238DF80C30074B029397
:10C0A000009B04932846019B059303AA3146FFF7A2
:10C0B000F5FD012006B070BD0020FBE7BC60070065
:10C0C000F0B54388022B89B0044623D1FFF7C0FDA9
:10C0D0006168228911F8016B27880546013A01A899
:10C0E000FFF76EFE05238DF810300B4B0393019B79
:10C0F0000593012E029B069328460CBF04231223AE
:10C1000004AA39468DF811600793FFF7C7FD012097
:10C1100009B0F0BD0020FBE7A46007004068036899
:10C120005B6818470120704770B501F108040646A6
:10C1300005460FCC0FC523682B60304670BD00202C
:10C14000704703468A89886818609A801846704745
:10C15000BF207047FB207047022070474160704746
:10C1600040687047704710B50C46F3F7FBF8E4B22F
:10C170000123A340184001EAE371084314BF0120E2
:10C18000002010BD08B50346086898608A889A8127
:10C190000846F9F72DFB002008BD07B500920022E4
:10C1A0000B4610460321F7F7E5FA002003B05DF8CF
:10C1B00004FB07B50B460092032101220020F7F78C
:10C1C000D9FA002003B05DF804FB000038B5094D32
:10C1D0000124AB7DE1B233B16B7D012B03D1002291
:10C1E0000320F8F7D7FE0134062C05F13005F0D115
:10C1F000002038BD243D012008B5D2B2C9B20320C9
:10C20000F8F7C8FE002008BD37B59DF818509DF816
:10C210001C40ADF80620817301AA0DF10601012032
:10C22000ADF80430F9F7BAFE2846F9F7E9FE2146E1
:10C230000120F9F717FB002003B030BD13B5044609
:10C24000A9B1BDF8101001910A214B434FF6FF71BF
:10C250008B4228BF0B469BB200930021D3B200F162
:10C260000F02807CF9F752FE002002B010BDF9F7F2
:10C2700083FE012384F84430F6E77FB51C469DF821
:10C2800028609DF8205008461146F8F7C3FEE1B239
:10C290000220F9F7E7FA3046F9F748F8BDF82C30F4
:10C2A000ADF80430BDF83030ADF80630BDF83430AC
:10C2B000ADF80830BDF83830ADF80A30BDF83C3084
:10C2C000ADF80C3001A8BDF84030ADF80E30F8F7ED
:10C2D000E9FE099B2A4601210320F9F719F80028F5
:10C2E0000CBF0C20002004B070BDF3F72FB808B5C8
:10C2F000F9F790FA002008BD07B50846C0B26946B4
:10C3000081E80C00F9F782FA002003B05DF804FB25
:10C3100007B50846C0B2694681E80C00F9F778FA1B
:10C32000002003B05DF804FBF0B5CDB285B028461F
:10C3300017461E46F8F7A0FF0446D0B9BDF82830CE
:10C34000ADF80830BDF82C30ADF80A30BDF830300B
:10C35000ADF80C302846BDF83430ADF8047001A9B2
:10C36000ADF80660ADF80E30F8F72CFE204605B0AB
:10C37000F0BD0620FBE71FB5ADF80630BDF818305C
:10C38000ADF80830BDF81C30ADF80A300846BDF8ED
:10C390002030ADF80C3001A9BDF82430ADF80420F0
:10C3A000C0B2ADF80E30F8F7A1FE002005B05DF880
:10C3B00004FB08B50846C0B2D1B2F8F7B3FE0020BE
:10C3C00008BD38B50D464FF008010446FFF7CBFE17
:10C3D00020B1E8B2F9F726FB002038BD4FF00B0181
:10C3E0002046FFF7C0FE0028F3D10220F5E713B581
:10C3F00012781B789DF81040C8B2B2FA82F1490950
:10C400000BB941F002010094F9F721FB002002B0C2
:10C4100010BD10B51C2104460AF00EFA204610BDCE
:10C4200008B508461146F7F73DFA002008BD13B5D8
:10C43000084614469DF8101001930090F8F7BCF8D8
:10C44000019A00982146F8F7A3F80098F7F7DAFF69
:10C45000002002B010BD1FB50846194614460390CF
:10C46000F8F786F8079B0398009300229DF8183090
:10C47000E1B2F7F77FF9002004B010BD1FB5084600
:10C48000194614460390F8F773F8079B0398009336
:10C4900001229DF81830E1B2F7F76CF9002004B0E2
:10C4A00010BD08B508461146C9B21A46029BF7F7F7
:10C4B000BDFF002008BD08B5104619B1F7F7D8FF39
:10C4C000002008BDF7F7E8FFFAE7F2F767BF08B505
:10C4D000F2F76AFF032828BF0320C0B208BD08B5E1
:10C4E0000846F7F7B9F9002008BD08B5F7F7C8F90D
:10C4F000002008BD37B5144600200A4603211D461A
:10C50000F9F7B5F9BDF820300093069ABDF81C3054
:10C51000E9B22046FAF76EFB20B1034B18800020E9
:10C5200003B030BD0C20FBE73449012008B5C8B288
:10C53000FAF7A0FB002008BD08B50846C0B21146B6
:10C540001A46FAF7ABFB002008BD08B50846C0B292
:10C5500011461A46FAF7A4FB002008BD08B5FAF701
:10C56000A1FB002008BDF2F725BF1FB5134671B12E
:10C57000827B8DF80F200021CDE900110DF10F0213
:10C580000120F9F7C3FC002005B05DF804FBF9F7C2
:10C59000F3FCF8E708B509781278B1FA81F04009A0
:10C5A0000AB940F00200F9F750FA002008BD000077
:10C5B00010B5044B044640F8483BD1F77BFF2046BA
:10C5C00010BD00BFA461070037B50546483088425A
:10C5D0000C460CD00190D1F76DFFE3686B6533B169
:10C5E0005B680198214603B0BDE83040184703B0AE
:10C5F00030BD2DE9FF4100F1140600F1540400277D
:10C600000DF108081036A64203D1002004B0BDE8A1
:10C61000F0816846FDF7E5FF8DF806708DF80D7026
:10C620006A46A6F11003154603CD454518605960CA
:10C630002A4603F10803F6D128681860AA889A8070
:10C64000E0E70022026082800A6802608A888280B5
:10C65000704710B50446F2F775FE01462046FFF715
:10C66000F0FF204610BD0378C3F38002C3F34000FF
:10C67000104403F001031844704773B50446C8B270
:10C6800015468DF80430069EF9F7BAFC01A8FFF7AD
:10C69000EAFF04F10F02002383420DD39DF804004A
:10C6A000A074DDE90712F9F779FCE9B20120F9F786
:10C6B000D9F8002002B070BDF15C02F8011B013313
:10C6C000EAE72DE9F04F8BB00DF150080F4618F84E
:10C6D000044FDDF874B016462046DDE916121D46FB
:10C6E000DDE91B9AF8F7ACFCF9B20220F9F7BAF8C9
:10C6F000F0B2F8F71BFE4046FFF7B5FF01AA002392
:10C700001146834202F10C020FD32046F8F7CEFC0B
:10C71000149BEAB221460320F8F7FAFD00280CBF6B
:10C720000C2000200BB0BDE8F08F189E36F8136087
:10C7300022F80C6C199E36F8136022F80A6C1A9EC7
:10C7400036F8136022F8086C39F8136022F8066C8A
:10C750003AF8136022F8046C3BF8136022F8026C7C
:10C760000133CEE7436D13B11B684830184770475B
:10C77000F8B516480568BFF35B8F15F0010523D1A6
:10C7800009F032FE00B3124C124B04F10800C4E968
:10C79000003504F11407FDF724FF0326A573A574E3
:10C7A0003846FDF71EFF013EBD717D7307F110078E
:10C7B000F6D1094A0949064884F84460666509F0DB
:10C7C00000FE024809F032FE0148F8BD3049012060
:10C7D00038490120A461070000600020B1C50500B0
:10C7E0002DE9F04F8378272B93B0044647D1FFF70C
:10C7F000BFFF2388019304F10A01054607A894F8B6
:10C8000004B0B4F808A003AEFFF71BFF04F1170152
:10C8100005A8B4F81090B4F81280A78AFFF711FFAA
:10C8200004F11D013046FFF70CFF019B07980A93A6
:10C83000BDF82030CDF82E00ADF832300598BDF8A7
:10C8400018308DF825B001248DF82440ADF82CA0C7
:10C85000ADF83490ADF83680ADF83870CDF83A00C8
:10C86000ADF83E3096E803001090ADF8441028462D
:10C8700009A9FFF777FF204613B0BDE8F08F00202D
:10C88000FAE71FB58378282B044612D1FFF770FF13
:10C8900021792288237A8DF80510052401A98DF8C5
:10C8A000044002928DF80C30FFF75CFF012004B0C9
:10C8B00010BD0020FBE77FB58378292B044618D1F3
:10C8C000FFF756FF2189267925886289A389ADF86B
:10C8D0000810032469468DF800408DF80160019529
:10C8E000ADF80A20ADF80C30FFF73CFF012004B092
:10C8F00070BD0020FBE77FB58378402B044618D13C
:10C90000FFF736FF21892688E5886289A389ADF87B
:10C910000A10042469468DF800400196ADF80850CD
:10C92000ADF80C20ADF80E30FFF71CFF012004B06D
:10C9300070BD0020FBE770B50246002392F821602D
:10C94000D57E022E1C4603F1010305D1A94203D175
:10C95000143000EB041070BD032B02F11002EDD176
:10C960000020F8E710B50246002392F82140022C7F
:10C9700006D1D469A14203D1143000EB031010BDDD
:10C980000133032B02F11002EFD10020F7E770B55D
:10C990000246002392F82160D57E012E1C4603F149
:10C9A000010305D1A94203D1143000EB041070BD7E
:10C9B000032B02F11002EDD10020F8E730B50D464F
:10C9C00089B051B30021FFF7E2FF0446B8B1037B01
:10C9D0000290827901928B4214BF0B464FF4A06300
:10C9E000009114BF0422012203200D46F8F7CAFD6E
:10C9F000A06020B302236373284609B030BD8DF8D0
:10CA00001400ADF81C008DF8180006AB07AA05A9A4
:10CA10000120F6F7D7FE2046EFE7FFF78CFF04462C
:10CA200030B1017A16220320F8F7B4FA6573E3E710
:10CA30008DF81C0007A90120F6F7F0FEEBE70C20AB
:10CA4000DBE72DE9F04F032A8BB0824691469B46E7
:10CA500070D8002951D10C460D460F46A14552D839
:10CA600008A92846F6F7DAFE32E0149B1BF80410FA
:10CA700033F814307343BB4228BF3B4650460593FE
:10CA8000FFF785FF059B054620B3027B0290002A35
:10CA90008279019208BF4FF4A0634FF00002009228
:10CAA0009BB20CBF012204220320F8F76BFDA860A3
:10CAB00018B90C200BB0BDE8F08F02236B73013462
:10CAC000A145D2D807AB08AA06A94046F6F77AFED8
:10CAD0000020EFE708F128026A4402F8101C1599BB
:10CAE000095D02F80C1C0AAA02EB480208F10108D1
:10CAF00022F8083C5FFA88F8E1E70024A0460A26FD
:10CB00004FF6FF77DCE71BF804105046FFF713FFE2
:10CB1000064638B1017A16220320F8F73BFA7773FC
:10CB200001349BE705F128036B44013503F8081C29
:10CB3000EDB2F5E70420BDE790F8213033B190F86D
:10CB400031303BB190F8413033B90223143000EB5F
:10CB5000031070470123F9E70020704782B070B5D9
:10CB6000064614460593FFF7E6FE9DF81C50014665
:10CB700020BB3046FFF70BFF034698B1012C01D0D4
:10CB8000042C09D19D71DDE90501221F5442544155
:10CB9000186099801C7300E041730020BDE870406C
:10CBA00002B07047012C01D0042CF6D13046FFF7BB
:10CBB000C3FF034620B101224273E3E70620EDE7FD
:10CBC0000C20EBE72DE9F0479DF820A09DF82C9074
:10CBD0000A9E9DF824709DF8308005460020DCB246
:10CBE000F6F77CFE5046F6F79BFE49460020F6F726
:10CBF00089FE41460020F8F735FE33463A46214685
:10CC00000020F6F797FD8DF82470B388ADF820303A
:10CC10003368224628460021BDE8F047FFF79EBF53
:10CC20002DE9F04F2DED068B83B09E469DF96030C7
:10CC3000DDF848C09DF84CA09DF850B09DF85470A8
:10CC4000169E9DF85C9009EE103A9DF8643090466F
:10CC500008EE900A9DF87420C8F3800009EE903A1F
:10CC60009DF86830019018F0100FC8F300100AEE1C
:10CC7000103A0AEE902A08EE100A0C469DF86C3025
:10CC8000019808F00102C8F34001C8F3C00513D0B1
:10CC900048B915B9002A62D0C1B9042003B0BDEC6F
:10CCA000068BBDE8F08F0029F7D1002AF5D0002DC2
:10CCB0000CBF0425012509E0002854D1002DECD13A
:10CCC000002A4CD0002914BF002505251FFA8CF23C
:10CCD0001FFA8EF120460193F6F700FE5846F6F74C
:10CCE0001FFE51462046F6F70DFE4A46002120461B
:10CCF000F8F7BDFD1AEE901A2046F7F729FC019BC4
:10CD00001AEE102A19EE901A2046F7F70BFC19EECE
:10CD1000102AC8F380112046F7F7F2FB18EE101A1C
:10CD20002046F7F7CDFBC8F340112046F7F7D8FBB4
:10CD300033463A4629462046F6F7FCFC8DF84C70FF
:10CD4000B388ADF84830336818EE900A2A46214679
:10CD500003B0BDEC068BBDE8F04FFFF7FFBEC1F19D
:10CD60000301CDB2B2E712B10029A0D095E78D1D25
:10CD7000ACE700002DE9F04F044697B0002854D0EE
:10CD800002880B92FFF7F4FCA37845680B9A213BCD
:10CD9000352B41D8DFE813F0910098004000E10006
:10CDA000DA00400080015701400040004000400090
:10CDB0004000400040004000400040004000400073
:10CDC0004000400040004000400040004000400063
:10CDD0004000400040004801400040004000360054
:10CDE00040004C00AE00BB009D00E100ED000101E1
:10CDF00040004000510040008900400040004000D9
:10CE00004000760045B12B681E68637A8DF80030CB
:10CE1000237AE1782846B0479D4E062556F8043B14
:10CE20002046984708B9013DF8D117B0BDE8F08F0A
:10CE3000002DF1D02B689E68E7E7002DECD02B6821
:10CE400094F804801F69934B94F809901A88237A08
:10CE50000C9214AE04F10A0130460B93FFF7F1FB7C
:10CE6000217C608A94F814C08DF810C003908DF86E
:10CE70000810DDE90B3201968DF8009041462846F6
:10CE8000B847C9E7002DC7D02B68E2685E69637AAE
:10CE90000292A27A01928DF8003094F9073094F949
:10CEA0000620A1882846B047B6E7002DB4D02B68ED
:10CEB000A1889B6928469847AEE7002DACD02B6827
:10CEC0009B6A28469847A7E7002DA5D02B68DB6A08
:10CED000F7E7002DA0D02B68277994F805809E6B8A
:10CEE000A11D14A8FFF7ADFB14AB424639462846F6
:10CEF000B04791E7002D8FD02B6822791E6B611D02
:10CF000014A8FEF75DFF14A92846B04784E7FFF791
:10CF10002FFC6179FFF70FFD08B100234373002D4B
:10CF20003FF47AAF217969B9E2884FF6FF739A42EC
:10CF30000AD023882A68566B227A009262792846A2
:10CF4000B04769E70023F5E70B46F3E7002D3FF410
:10CF500063AF2B68E1781B6A05E0002D3FF45CAFFE
:10CF60002B68E178DB69B1FA81F1490928469847D5
:10CF700052E725B9FFF7FCFB80F844504CE7FFF778
:10CF8000F7FB90F844302BB1FFF7F2FB002380F859
:10CF90004430DEE72B685B6A93E7002D3FF43CAF3B
:10CFA000A379A67B8DF840308DF844602A6894F808
:10CFB0000490D2680B92FF2B04F1070112A80CBF5A
:10CFC000002710AFFFF73DFB94F80DA006B111AE9E
:10CFD000E37B0C930DF1500894F9113094F9102073
:10CFE0000D9304F11501638A94F814B00F92404632
:10CFF0000E93FFF726FB216A0E9B0991217F059373
:10D000000D9B04930C9B0F9A0392CDE90781CDE908
:10D01000016328468DF818B00B9D8DF800A012AB67
:10D020003A464946A847F7E6002D3FF4F5AEA289F7
:10D030002B680192628900921E6CE2882389218804
:10D040002846B047E8E623793C2B7FF4E5AEFFF7AE
:10D050008FFB2188FFF786FC064600283FF4DCAEF4
:10D0600000274773002D3FF4D7AEFFF781FB4FF049
:10D070000C01FFF778F82B6800283FF428AFD3F8AD
:10D080003480F279009721793B462846C047C3E6B1
:10D090007462070034490120FFF76AFB2188FFF71B
:10D0A00061FC00283FF4B8AE00234373B4E600BF30
:10D0B00070B58378262B8CB0044628D1FFF758FB37
:10D0C000A37A8DF8003004F10C01E37A8DF8013079
:10D0D00006460DF10200FFF7B4FA227A616802A851
:10D0E000FEF76EFE637A8DF8103002238DF818304B
:10D0F0006D46084B05930FCD07AC0FC42B6823601A
:10D10000304606A9FFF72EFB01200CB070BD0020B1
:10D11000FBE700BF8C61070013B50C46FEF7E4F98E
:10D1200001466846FDF736FF009B2360019B636064
:10D13000002002B010BD07B50191FEF7D5F90199A5
:10D14000FDF735FF002003B05DF804FB00207047B9
:10D150004160704708B5F8F7E1FD002008BD38B51B
:10D16000054608462C7A34B92146F8F7A3FE012378
:10D170002B72204638BD0620FCE7034610B55C7ACA
:10D180000846114624B92246F8F7DAFD204610BDBC
:10D190000620FCE708B5F2F7F7F8003818BF0120C1
:10D1A00008BD08B50846F8F74FFE002008BD10B5C9
:10D1B0000C46F2F7E9F820B1A0B2F8F75BFE0020C8
:10D1C00010BD0220FCE7F2F7D9B830B585B0CDB27A
:10D1D00003920293F2F7D8F888B1DDE90221002426
:10D1E000089B02912846CDE90044F8F7CBFD28467C
:10D1F00002990122F8F740FE204605B030BD02201A
:10D20000FBE737B50C4601921D46F2F7BDF838B181
:10D21000E0B20199EAB2F8F72FFE002003B030BD6A
:10D220000220FBE713B50C460192F2F7ADF838B1D6
:10D23000E0B201990022F8F7D7FD002002B010BD3E
:10D240000220FBE708B5F2F79FF818B1F8F7EAFDFE
:10D25000002008BD0220FCE710B50446FDF7C1F927
:10D2600020460621F3F7A8F9637903F03F036371C1
:10D27000204610BD00487047DC63002037B50346E8
:10D2800020B916491648CE2208F0B2FC827815491A
:10D29000382A4C6806D03A3A022A1DD8BCB9012077
:10D2A00003B030BD00220A72002CF8D02268156845
:10D2B000C27842B940681B890090ADF804306946D5
:10D2C0002046A847EBE76846FDF78BF9F7E72368A8
:10D2D00020465B689847E2E70020E1E79C62070090
:10D2E000F8620700DC630020704700200870704778
:10D2F000022070470220704721B101230372C160F0
:10D30000002070470172FBE7024B1B680020197177
:10D31000704700BF5C630020CB1F092B07D89142E8
:10D3200005D8044B1B68002059719A71704704207E
:10D33000704700BF5C6300204160704740687047E1
:10D3400010B500240472C4600474142221465430C1
:10D3500012F0D4FF204610BD08B50846C0B21146F1
:10D36000F7F7F6FE002008BD08B50846C0B2D1B2F6
:10D37000F9F7BDFA002008BDF0B589B0002301AC73
:10D38000CDE90533ADF81C3002F1100713460E4607
:10D39000224618685968254603C50833BB422C4607
:10D3A000F7D1F0B20321F9F75FFA002009B0F0BD20
:10D3B000F0B589B001AD144602F1100C0F462A46B3
:10D3C000206861682E4603C6083464453546F7D1A7
:10D3D000186859680E9B05AC03C49DF83C101B8867
:10D3E000ADF81C300131F8B2C9B2F9F73DFA0020AE
:10D3F00009B0F0BD08B5084600231A461946C0B268
:10D40000F9F786FA002008BD10B508469DF8081007
:10D4100049B95C1CE4B2134601212246C0B2F9F7B7
:10D4200077FA002010BD0324F5E710B500F13103B1
:10D4300001F11002184651F8044B43F8044B914295
:10D44000F9D1F9F7E1F8002010BD08B5084682F0DF
:10D450000101F9F7E5F8002008BD37B50B4600F1EA
:10D4600041041146204603F1100253F8045B44F8CE
:10D47000045B9342F9D10191F9F7BAF8FEF7E8FBA2
:10D480000199FEF7E3FB002003B030BDF7B5144669
:10D490001A464B1E042B0E462CD800EB81073D6D1F
:10D4A0009DB104F1100354F8041B45F8041B9C4281
:10D4B000F9D1F0B2396D0190F5F7F8FE01980899AD
:10D4C000F5F7FEFE002003B0F0BD0B4901921020DD
:10D4D00009F0AEF9019A40B1034604F1100154F885
:10D4E000045B43F8045B8C42F9D138650028E0D135
:10D4F0000720E8E70420E6E78C81070038B54B1EDB
:10D50000042B0D460FD800EB8104206D20B11021B3
:10D5100009F092F9002323650022E8B21146F5F7DD
:10D52000C5FE002038BD0420FCE707B508461146BB
:10D530001A469DF814300093D2B29DF81030C0B254
:10D54000F9F772F9002003B05DF804FB07B508464F
:10D5500011461A469DF814300093D2B29DF810304F
:10D56000C0B2F9F7A5F9002003B05DF804FB08B5D7
:10D570000846C0B2D1B2F8F7FFFF002008BD08B5D9
:10D5800008460821F3F718F8002008BD07B508463B
:10D590000192032101AAC0B2F8F7FEFF002003B0F8
:10D5A0005DF804FB08B50846C0B21021F8F7F4FF97
:10D5B000002008BD08B50846C0B21146F9F7ECF8DE
:10D5C000002008BD08B50846C0B21146F9F784F836
:10D5D000002008BD1FB5044610216846F2F7ECFF95
:10D5E000684604F11101F9F789F8002004B010BD74
:10D5F000F0B593B015460E461022002106A81C4631
:10D6000012F07CFE02AB2A4605F1100C1F46106892
:10D6100051681D4603C5083262452B46F7D12346A3
:10D6200003F110050AAC18685968224603C2083392
:10D63000AB421446F7D1189B0EAC03F110051868E5
:10D640005968224603C20833AB421446F7D1F0B200
:10D6500039460190F9F750F8002201981146F8F781
:10D660009BFF002013B0F0BD38B500250F4B0360C1
:10D67000044645600572C5600574294620221130B4
:10D6800012F03CFE2946102204F1310012F036FE61
:10D690002946102204F1410012F030FE14222946DE
:10D6A00004F1540012F02AFE204638BD98630700AA
:10D6B00010B50B4C2368BFF35B8FDB070ED42046FD
:10D6C00008F092FE50B10748FFF7CEFF064A07491F
:10D6D000044808F076FE204608F0A8FE014810BD78
:10D6E000904901209449012000600020E9D2050002
:10D6F0002DE9F0438FB00446FFF7DAFF4568064690
:10D70000002D00F090812CB9A149A24840F2572287
:10D7100008F06EFAA3782A3B0C2B00F28481DFE834
:10D7200013F00D00110028002E0033006F00FB00E5
:10D73000210132013D015B016C017B012B68DB683B
:10D74000218813E0E27821882B68501E0D2804D828
:10D750005B6828469847012435E0E02A03D15B68DE
:10D760004FF00802F5E7E12AF9D19B68284698476F
:10D77000F1E72B689B694FF002022188E9E72B68EB
:10D780004FF000029B69F8E7237926881BB12B68CC
:10D790005B6B3146EAE763797BB3FFF789FF047A75
:10D7A000F7B2A4B12B68D3F82080FFF781FF314690
:10D7B000C2682846C047FFF77BFF032100F10C0237
:10D7C0003846F8F7E9FE20460FB0BDE8F0830AA816
:10D7D0000421F2F7F1FE0A9A6F4BB2FBF3F103FB5F
:10D7E00011222B680A92314628461B6A98470AAADA
:10D7F00003213846F8F7D0FEADE72B689B6AC8E7EF
:10D80000A37F2688013B072BA5D801A252F823F05D
:10D8100031D805007FD8050057D70500B3D80500DB
:10D8200057D7050057D7050057D70500F1D8050091
:10D830002B680DF1280CD3F84880271D04F1140241
:10D84000634638687968E646AEE8030008379742D1
:10D85000F446F6D11A4631462846C0472A68D2F81F
:10D860004C8060697968A28BADF818200AAB9C46A1
:10D87000ACE8030006AA31462846C0476BE72B6890
:10D880000DF1280CD3F84080271D04F114026346E3
:10D8900038687968E646AEE8030008379742F446F0
:10D8A000F6D11A4631462846C0472A68D2F8448045
:10D8B000D7E72B6860695F6D238BA27E0A90ADF875
:10D8C0002C3031460AAB2846B8472B681F6D04F14F
:10D8D00014080AAA043420686168134603C3083494
:10D8E00044451A46F7D10AAA31462846B84732E7D6
:10D8F0002B680AAFD3F858803A46231D14341868B1
:10D900005968BC46ACE803000833A3426746F6D129
:10D9100031462846C0471EE70023CDE90633264698
:10D92000B4F80E80D5F8009036F8067BB8F1000FF9
:10D9300009D1082206A9304612F0AAFC18B1D9F87C
:10D940006030394612E7D4F806007168D9F85C9067
:10D95000ADF814800AAB03C305AA0AAB39462846C2
:10D96000C847F8E62B6862791E68E179A3798DF8DB
:10D9700000308DF80410003A2379218818BF012265
:10D980002846B047E7E62B6822795B69F5E600BFD9
:10D990003C630700F862070040420F002B6806AAAC
:10D9A0009F6B04F1140304F124089E469446186802
:10D9B0005968164603C6083343453246F7D10AABC9
:10D9C00004341A46206861681E4603C6083474454C
:10D9D0003346F7D1614688E7251D2846F8F7CEFE85
:10D9E00024342B4606F1110253F8041B42F8041BA1
:10D9F000A342F9D101243474E5E620462B6830F8BF
:10DA0000041B1E6A0391F8F7DFFE039902462846BD
:10DA1000B0472B685B6A93E62B682279DB6A218822
:10DA20002846984797E60024CDE600BF70B500F180
:10DA3000540500F168040026A54200D170BD286895
:10DA400018B1102108F0F8FE2E600435F4E708B58F
:10DA5000FFF7ECFF002008BD10B50446FFF7E6FF16
:10DA60002046FFF76DFC002010BD0A46C978937868
:10DA7000043303EB012189B20220FCF731BE817827
:10DA8000024603310120FCF72BBE00002DE9F047D0
:10DA9000424EDFF8208105464718BD4201D1BDE85E
:10DAA000F087337815F8011B33B93D4A11703D4AB0
:10DAB000138001233370F0E7012B59D1DFF8E4A084
:10DAC000394BBAF80000195435490978421C481EF0
:10DAD000C0B203289CBF354C245C92B288BF00249E
:10DAE000A242AAF80020A0B2D7D102290AD0042964
:10DAF00033D001294FD193F80290484480B2FCF70B
:10DB000033F80BE0D978987800EB01201FFA80F900
:10DB100012FA80F0002180B2FCF72EF8C8F800005D
:10DB2000002834D0224ADFF880C010600346044445
:10DB300000219C4214D101B11460AAF80090B9F1FF
:10DB4000000F13D103233370D8F8001019B1144B10
:10DB50001878F1F7B1FB0023ACE793F80190CCE71C
:10DB60001CF8011B03F8011B0121E2E70223A1E7D6
:10DB7000022B0CD10E4A1368581C1060094A197008
:10DB80001388013B9BB21380002BDBD085E73378F1
:10DB9000032BD9D081E74FF00009AEE70D4A0120F1
:10DBA0000C4A0120004A0120FC49012018640700AA
:10DBB000044A0120084A0120FCF7A0BDFCF7A6BDDD
:10DBC00007B5074A002382F82130ADF804308DF8FC
:10DBD000063001A89368984703B05DF804FB00BFC6
:10DBE000543F012012207047024B0022C3F8D82076
:10DBF000704700BF3036012000F002B800F002B8D4
:10DC000008F0A0B808F0B4B8FFF7F6BFFFF7F6BF0A
:10DC100038B500F00F040D46FFF7EEFF094B04F195
:10DC2000140033F81020154393F8442023F81050C3
:10DC300042F0040283F84420FFF7E0FFBDE83840DB
:10DC4000CFF790BB104A012010B50C46FFF7D4FF68
:10DC5000054B93F84420144383F84440FFF7CEFF6C
:10DC6000BDE81040CFF77EBB104A01200048704746
:10DC70004C4A0120044A92F84530591C42F82300CE
:10DC800082F8451018467047104A0120034B93F85C
:10DC90004400B0FA80F04009704700BF104A0120EC
:10DCA000F0B5284C85B0FFF7A7FF94F84460002337
:10DCB00084F84430FFF7A2FFF10708D504F13C07D0
:10DCC0000DF10F013846FBF774FF054628B9B2077E
:10DCD00014D4730718D405B0F0BD9DF80F30294651
:10DCE00054F82330002098472846FBF749FFE7E720
:10DCF000037B011D54F82330002098470020FCF7D7
:10DD000079F80028F4D1E4E70F4D0A24A5F128069C
:10DD1000002735F8023B73B1336863B1FFF76CFF3E
:10DD200035F8020C25F8027C0190FFF767FF336895
:10DD3000019800219847013C14F0FF0406F1040605
:10DD4000E7D1C8E7104A0120384A012070B5421EC9
:10DD500000234D1E9D420BD8435D03F03F033F2B34
:10DD600013D1014411F8020CFF3818BF012070BD17
:10DD700012F8016F741EE4B2FD2C0CD91BB112F81D
:10DD8000014CB44207D10133E4E723B9014411F84F
:10DD9000020C0038E9E70120E9E7437903F0C0030A
:10DDA000C02B02D10621FFF7D1BF00207047437975
:10DDB00003F0C003402B03D103210844FFF7C6BF83
:10DDC0000020704730B4C9B280699DF8085000291E
:10DDD00018BF0B2130B104688DF80850646BA4465D
:10DDE00030BC604730BC7047806910B428B104680B
:10DDF000A46BA4465DF8044B60475DF8044B704784
:10DE0000F0B5806987B09DF830709DF838609DF856
:10DE10004050C8B1C9B204688DF8083000290D9B84
:10DE2000039318BF0C21BDF83C308DF804106469D1
:10DE3000ADF806208DF809708DF81060ADF812303D
:10DE40008DF8145001A9A04707B0F0BD07B580694F
:10DE500028B10368ADF80410DB6901A9984703B045
:10DE60005DF804FB13B5806940B1046824688DF83F
:10DE700000108DF8012001936946A04702B010BD43
:10DE800010B50446FCF796F8FCF768F82168BDE881
:10DE90001040FCF7DEB810B50446FCF78BF8FCF731
:10DEA0005DF821680322BDE81040FCF7CCB890F87B
:10DEB000443007B553B1002380F8443080F84C302B
:10DEC000806918B1036801A91B69984703B05DF820
:10DED00004FB07B590F8153143F0010380F81531C4
:10DEE00090F81D3123F0010380F81D3190F82331A3
:10DEF00013F0010206D023F0010380F8233103B0B0
:10DF00005DF804FB80690028F9D00368ADF80420AF
:10DF10005B6801A99847F2E710B4D0E901320168C3
:10DF2000541001EB6200D20748BF0A595DF8044B58
:10DF300048BFD358184730B4D0E9013204685510AF
:10DF400004EB6200D20748BF625930BC48BFD358C7
:10DF5000184700001FB5C36908491A681268039181
:10DF600007490191002100900291184669469047A7
:10DF70006846D0F79FFA05B05DF804FBDC64070043
:10DF800005EE05001FB503680849D86902681268E4
:10DF900000930023CDE90133039169469047684619
:10DFA000D0F788FA05B05DF804FB00BFB465070040
:10DFB000006A0368D3F8B430184737B505460868D7
:10DFC0008B88009068460C46ADF80430FFF7E5FEFC
:10DFD000B0B195F838305BB1012385F82C30236857
:10DFE000C5F83E30A388A5F84230002003B030BD0C
:10DFF000286A036821461B6998470028ECD0F5E79A
:10E000000420F3E737B54B7805460C468BB94068DA
:10E0100020B103680A7A5B6849689847A86940B1EB
:10E0200003686168227A0091DB6A8DF804206946F2
:10E03000984703B030BD2DE9F041436888B00546EC
:10E040000C4623B30B7813BB06AE3046FCF7C9FA77
:10E05000296A95F82C200B68E2B99B6830469847EE
:10E060006F68A27B3B6896E80300D3F8008095F8C0
:10E070002C3003908DF80830A068A389ADF81010FB
:10E080000090ADF804306168E37B3846C04708B0C3
:10E09000BDE8F081DB68E1E77FB58B7B012B0446AF
:10E0A0000E4603D00125284604B070BDCB7B012B62
:10E0B000F8D101F10800FFF77AFE05460028F1D0FB
:10E0C00094F83B307668022B12D0032B1FD0012B23
:10E0D000E9D1A06A01F0CEFA0028E3D0206A0368F3
:10E0E0004FF00502D3F8B030314698470025DAE703
:10E0F000E06903681A68084B03930023CDE90133F4
:10E100000096694690476846D0F7D4F9CBE7E069B6
:10E1100003681A68014BEFE7A86507009C650700D4
:10E1200070B505460C46FFF7B7FF50B121462846AB
:10E13000FFF781FFA869036821461B6ABDE87040AC
:10E14000184770BD70B50546806A0C4601F092FA1A
:10E1500048B195F83D30022B05D1E3791BB120463B
:10E16000FFF725FE30B9A86903682146DB68BDE8E2
:10E170007040184770BD4FF00C01FFF719BF73B521
:10E1800090F81051044605BB90F8443080F84C508C
:10E19000012B0FD1FFF7EFFF0246206A036882B11F
:10E1A0009E6E00952B462A462946B04738B9032370
:10E1B00084F8443004F1900004F0FEFF002002B027
:10E1C00070BD5B6E11469847F0E70520F7E7000049
:10E1D00090F84420022A08B505D00A490A4840F2BE
:10E1E000FE4207F005FD49B190F84C30012280F85D
:10E1F00044202BB9BDE80840FFF7C1BF80F84410A8
:10E2000008BD00BF1C6407005A64070090F8443042
:10E2100013B504463BB1FFF7B2FFA06918B103681C
:10E2200001A91B69984702B010BD0068FFF7EEBF57
:10E2300010B50446FFF79FFF38B1206A03681B6DD5
:10E2400098470F2828BF0F2010BD0120FCE7B1F52B
:10E25000486F28BF4FF44861062938BF0621018066
:10E260007047B1F5486F28BF4FF448610A2938BF9D
:10E270000A210180704700002DE9F04190F83A3101
:10E280008AB00C46002B34D085695DB32B68D1F879
:10E29000048009895F6A04A8FFF7D9FF618905A88E
:10E2A000FFF7D5FFA689E18940F2F3139E4206A845
:10E2B00028BF1E46FFF7D5FFBDF81030ADF820305F
:10E2C000BDF81430ADF82230BDF81830CDF81C8000
:10E2D000ADF82460ADF8263007A92846B8470AB043
:10E2E000BDE8F0810A490B4800952B462A4607F005
:10E2F000A3FE006A0268CDE90233CB8901938B89C2
:10E300000093D2F8A8504B890A894968A847E6E7E4
:10E3100081640700480118802DE9F043866987B0C1
:10E320000C463EB34D783368D1F804900989D3F890
:10E330002880002D684618BF0B25FFF788FF6789E6
:10E34000A18940F2F3139F4201A828BF1F46FFF79F
:10E3500088FFBDF80030ADF81030BDF804308DF8FE
:10E360000850CDF80C90ADF81270ADF8143002A939
:10E370003046C04707B0BDE8F083F0B585690C466C
:10E3800087B01646194625B32B68E4B2002C6846C0
:10E3900018BF0B249F6AFFF75AFFBDF8341001A87D
:10E3A000FFF75FFFBDF80030ADF81030BDF830303A
:10E3B0008DF8084040F2F312934228BF1346ADF89F
:10E3C0001230BDF804300396ADF8143002A9284687
:10E3D000B84707B0F0BD00002DE9F04790F83A418A
:10E3E0008AB00D46BDF84880BDF84C901E468CB3EF
:10E3F000846944B32368114604A8D3F824A0FFF726
:10E4000026FF314605A8FFF722FF494606A8FFF779
:10E4100028FFBDF81030ADF82030BDF81430ADF84D
:10E42000223040F2F313434528BF4346ADF8243071
:10E43000BDF818300795ADF8263007A92046D0471B
:10E440000AB0BDE8F08708490848009423462246F0
:10E4500007F0F2FD006A0568CDE90244CDE90089C4
:10E46000D5F8A840A047EBE7816407004801188071
:10E470002DE9F0410B7A90B005460C460BB980F8B7
:10E4800010316378002B36D0AC698CB3236801AFB0
:10E4900003AE3846D3F8208005ADFCF7A2F830462D
:10E4A000FCF79FF82846FCF79CF80D238DF81C30EC
:10E4B000FF23089397E803000990ADF8281096E829
:10E4C00003000B90ADF8301095E803004FF47F4344
:10E4D000ADF82A3000224FF448630D90ADF83810A3
:10E4E000ADF83230ADF83A200F9307A92046C04767
:10E4F00010B0BDE8F0812846FFF73DFE40B9237A11
:10E50000012B11D195F8153123F0010385F8153150
:10E51000237A012B08D105F1500004F04DFE286A42
:10E52000036800219B6B9847218AD4F8048003A8D4
:10E53000FFF78DFE668AA18A40F2F3139E4205A87A
:10E5400028BF1E46FFF78DFED4F80A000990E08927
:10E55000ADF82800607A8DF82B000023D4F816005F
:10E56000BDF80C108DF81C300B90ADF83E30608B70
:10E57000AB69277ABDF81420ADF83000ADF8321041
:10E58000E069218C0D90ADF83810CDF820808DF821
:10E590002A70ADF83A60ADF83C2007A9284613B1BF
:10E5A000FFF7BEFDA4E7FFF746FDA1E708B5062289
:10E5B00011F06EFEB0FA80F0400908BD0022027032
:10E5C0004270704770B5044686B0002545604A48E1
:10E5D00063620A9B256300F108065C30C4E90A35D2
:10E5E000A0604FF0007345482660A36304F13E0627
:10E5F0004FF48073C4E90712A387C4E90305A58615
:10E600003046FBF7EEFF84F84450A4F8465084F8F7
:10E610004850A4F84A5084F84C5004F1500004F0DB
:10E6200051FE04F1900004F04DFE04F1D00004F01E
:10E630000FFE84F8105104F21110FFF7BFFF04F22F
:10E640001310FFF7BBFF04F21510FFF7B7FF04F23A
:10E650001710FFF7B3FF04F21910FFF7AFFF04F232
:10E660001B10FFF7ABFF04F21D10FFF7A7FF04F22A
:10E670001F10FFF7A3FF04F22110FFF79FFF04F222
:10E680002310FFF79BFF206A84F836510368A4F833
:10E6900026511B68A4F82851A4F82A51A4F82C513B
:10E6A000C4F838519847206A154A03680592154AFC
:10E6B000D3F8C4300294CDE9032502A9984702A8F3
:10E6C000CFF7F8FE216A0B686846DB689847009B25
:10E6D000C4F83E30206ABDF80430A4F84230036824
:10E6E0002146D3F8C8309847A06A04F1080100F029
:10E6F000BBFF204606B070BDFC640700D464070071
:10E70000E8640700CDF10500CB0801F00701C05C0B
:10E71000084100F00100704790F838302DE9F74FBC
:10E720000546884693462BB900F13E04204603B0C7
:10E73000BDE8F08F806A00F093FF0446A86A00F0FD
:10E7400091FF95F8103195F83CA095F83A9007465E
:10E75000002B3DD195F8443003B3BAF1000F14BF3C
:10E7600006462646B8F1010F34D0B8F1020F06D0A4
:10E77000B8F1000F3AD1BAF1000F18BF3C46684615
:10E78000FBF72FFF69462046FFF710FF80BB002EE6
:10E79000CCD0B4420CBF34460024C7E7594605F23A
:10E7A0001510FFF7B1FF38B9594605F21D10FFF7F4
:10E7B000ABFF06460028D5D0594605F21B10FFF7DF
:10E7C000A3FF28B9B9F1000F0CBF26463E46C9E7A2
:10E7D0002646C7E7594605F21B10FFF795FF0028AC
:10E7E000CDD1B9F1000F18BF3C46C8E70024C6E7F9
:10E7F00000249BE730B5002289B011460446FFF79C
:10E800008BFF0390002858D02046FFF7B4FC0399F3
:10E81000B0B194F844301BB9206A03681B6998476B
:10E82000206AB4F84A20036800929D6E94F848204C
:10E83000B4F846300121A847002839D009B030BDCE
:10E84000B4F84A30002B3AD194F844305BB994F8CC
:10E850001531DA0707D494F81D31DB0703D4206A99
:10E8600003681B699847206A94F848200368003AB7
:10E870005B6E18BF01220121984705460028DDD1B3
:10E8800004F19000039004F097FCB4F8463003982C
:10E8900073B10C4A079242F21072A3FB022304A93F
:10E8A000CDE90445069504F0B4FC04A8CFF702FEB8
:10E8B000022384F844300020C0E70620BEE704208D
:10E8C000BCE700BF6065070038B50446406808B97A
:10E8D000606038BD0569142107F0AEFF2846F6E7F1
:10E8E00010B5034B03600446FFF7EEFF204610BD52
:10E8F000D464070010B50446FFF7F2FF20460C2150
:10E9000007F09AFF204610BD38B50E4B0E4D03F1AF
:10E9100008025C3383600D4B0260044640F8D03F30
:10E92000D0F74EF8204640F8905FD0F749F82046DF
:10E9300040F8505FD0F744F804F10C00FFF7D0FF27
:10E94000204638BDFC6407007C6A0700C8640700E5
:10E95000002303704370704738B5044600250C301F
:10E96000FFF7B2FF04F19000A56184F8105184F81C
:10E97000395084F8445084F84C5084F83B5104F0EA
:10E980001BFC206A03689B6D984704F2111084F801
:10E990003651A4F83851FFF7DBFF04F21310FFF7EC
:10E9A000D7FF04F21710FFF7D3FF04F21510FFF79B
:10E9B000CFFF04F21D10FFF7CBFF04F21F10FFF78B
:10E9C000C7FF04F22110FFF7C3FF04F21910FFF78D
:10E9D000BFFF04F21B10FFF7BBFF04F1500004F06F
:10E9E000EBFB284638BD10B5CC080122035D01F0D1
:10E9F00007018A4023EA0203035510BDCA08012318
:10EA000001F007018B40815C0B43835470472DE973
:10EA1000FF4190F836710025044680F83851002FE8
:10EA20003ED000F21D1829464046FFF76DFEB8BBE8
:10EA300001350F2DF7D1206A04F599720368019210
:10EA400004F593760096DD6B3A4604F59773012141
:10EA5000A8470746C8B9254604F2211794F836217D
:10EA60002B1B9A4219D936F8023B95F82E113846DD
:10EA70005BBB95F8323143BBFFF7C0FF95F82E1111
:10EA80004046FFF7BBFF0135E8E7A3692BB12546F8
:10EA900094F836212B1B9A4205D8002384F836318E
:10EAA00004B0BDE8F08195F82E114046FFF79BFFBA
:10EAB000A06995F82E2103688DF80C205B688DF80D
:10EAC0000D7003A998470135E2E7FFF78CFFD5E702
:10EAD0002DE9F041044686B000F21D100D461646A1
:10EAE0009846FFF711FE002840F0AF80294604F257
:10EAF0001F10FFF709FE002840F0A7802046FFF70F
:10EB000097FBA84204D80425284606B0BDE8F0814A
:10EB1000294604F21110FFF7F7FD0028F3D029462B
:10EB200004F21910FFF7F0FD38B1294604F21B106A
:10EB3000FFF7EAFD08B10625E6E72A46012120464F
:10EB4000FFF7EAFD07460028F5D02046FFF713FB44
:10EB500000283FD0294604F21510FFF7D5FD50B923
:10EB6000206A036839461B699847206A03683A4659
:10EB70005B692946984794F83631042B21D094F8E4
:10EB80003621A31804EB420183F82E51A1F8266127
:10EB900083F8328194F83851013284F83621002DFF
:10EBA00055D1E0692B4A036802A91B680592CDE99B
:10EBB00002450495984784F8380102A8CFF77AFCFB
:10EBC000A2E72046FFF723FF94F83631002BD6D07A
:10EBD000072599E7002D96D194F8443043B994F86D
:10EBE0001531DB0704D4206A036839461B6998474E
:10EBF000206A036801219B6B98470546002883D152
:10EC000004F15000019004F0D7FAB3B201987BB13F
:10EC1000114A0592114A0294CDE9032542F210727D
:10EC2000A3FB022302A904F0F4FA02A8CFF742FCE6
:10EC300094F8213143F0010384F8213194F81D3117
:10EC400043F0010384F81D315EE705255CE70025EC
:10EC50005AE700BF78650700DC64070055DF050050
:10EC600010B5044699B1002380F84430FFF783FAC9
:10EC700020BB94F81F2194F8153112F0010103F024
:10EC8000010305D02BB194F81D31DB0716D510BD5B
:10EC9000A3B994F81D3113F001030FD171B122F023
:10ECA000010284F81F2119461A462046FFF710FF7B
:10ECB00094F8233143F0010384F8233194F84C3065
:10ECC000002BE4D02046BDE81040FFF793BD1FB5F0
:10ECD00090F8153190F81F2123F0010380F81531C9
:10ECE00090F81D3123F0010380F81D31D30704464D
:10ECF00019D590F84430B3B922F0010280F81F21F1
:10ED000019461A46FFF7E4FE94F8233143F0010355
:10ED100084F8233194F84C303BB1204604B0BDE870
:10ED20001040FFF767BDA06908B904B010BD0368C3
:10ED30009A680023CDE901334FF48033039301A98E
:10ED40009047F2E70068FFF762BE0068FFF75FBE1A
:10ED500030B587B004460191FFF76AFA01998842FD
:10ED600003D80425284607B030BD04F211100191E4
:10ED7000FFF7CAFC0028F4D0019904F21D10FFF738
:10ED8000C3FC00283AD1019904F21510FFF7BCFC2E
:10ED9000019908B90025E5E720460191FFF7EBF955
:10EDA0000199B8B104F21310FFF728FE94F8395115
:10EDB000002DEFD1E069124A036802A91B68059291
:10EDC000CDE902450495984784F8390102A8CFF7A8
:10EDD00071FBC7E70029C4D1206A03689B6B984781
:10EDE00005460028BED104F1500004F0E5F994F87E
:10EDF0001D3143F0010384F81D31B3E70525B1E768
:10EE00006C65070090F81531DB0702D50021FFF78C
:10EE10009FBF70472DE9F04300248BB0074626467C
:10EE200000F2131521462846FFF76EFC50B106F19B
:10EE300028036B44013603F8104C21462846F6B2ED
:10EE4000FFF7D1FD01340F2CECD116B3386A002442
:10EE50000368CDE900440DF11808DD6B32464346E6
:10EE60002146A8470546D0B1A146B86918F8042044
:10EE700003688DF80C209B68CDF81090ADF81490C5
:10EE80008DF816908DF8175003A901349847A642C3
:10EE9000EBD8002387F839310BB0BDE8F08307F2D7
:10EEA0001D1418F8011B20460135FFF7A7FDAE42DF
:10EEB000F7D8EEE70068FFF7ADBF0068FFF7AABF1D
:10EEC0002DE9FF47D1E9005604462E4400F21518FB
:10EED00000F21D1900F22317B54214D194F838310D
:10EEE00073B9E0691949026812680391CDE90043DA
:10EEF00002936946904784F838016846CFF7DAFAFA
:10EF000004B0BDE8F08729784046FFF777FD15F893
:10EF1000011B4846FFF767FD15F801AC384651461E
:10EF2000FFF7F2FB20B151463846FFF75CFDD3E70F
:10EF3000A369002BD0D01A68694652688DF8010089
:10EF40008DF800A018469047C6E700BF846507000B
:10EF50002DE9F04390F8383085B004460E46002B7A
:10EF60005ED090F83930E3B1806A00F079FB054655
:10EF70006846FBF736FB69462846FFF717FB80B962
:10EF8000A06A00F06FFB054602A8FBF72AFB02A966
:10EF90002846FFF70BFB20B984F83900A069002848
:10EFA00041D1002504F21D1704F2151804F21B19B3
:10EFB00029463846FFF7A8FBD0B929464046FFF757
:10EFC000A3FBA8B129464846FFF79EFB86420FD116
:10EFD000294604F22110FFF797FB48B1E9B2204619
:10EFE000FFF7B6FE20B9294604F21F10FFF706FD11
:10EFF00001350F2DDCD194F83C3083F001039E42A3
:10F000000ED194F84450012D0AD1B4F846303BB9E2
:10F01000B4F84A3023B92046FFF7B1F884F84C50D1
:10F0200005B0BDE8F0830368DB6B9847B9E70121C1
:10F03000FFF78EBFA0F10800FFF7F9BF0021FFF72F
:10F0400087BFA0F10800FFF7F9BF00002DE9F043EA
:10F05000CDB285B0044616461F4645BBB3F1000845
:10F0600018BF4FF00108314604F21510FFF7BBFC42
:10F0700004F21F19314604F21D10FFF7B4FC3146AB
:10F080004846FFF741FBE8B1E7B931464846FFF78C
:10F09000AAFC31463B463A462046FFF719FD314669
:10F0A00004F22310FFF7AAFC05B0BDE8F0833C2D65
:10F0B0004FF0000803D0432D03D10F25D3E70E25D1
:10F0C000D1E70B2594F8393173B9E0691149026829
:10F0D00012680391CDE9004302936946904784F892
:10F0E00039016846CFF7E6F9A0690028DCD003684B
:10F0F0009DF830209B688DF8082000228DF8006074
:10F1000001978DF809808DF80A208DF80B5069461B
:10F110009847C9E7906507002DE9F04F064693B080
:10F120000C460025236820469B689847A84202D8D1
:10F1300013B0BDE8F08F2368EAB2DB68214605A86A
:10F140009847B2699DF815A0002A39D09DF814207F
:10F150009DF924B0042A98BF1A4B0DF1040803AF9F
:10F16000404694BF13F802904FF00009FBF739FABC
:10F17000DDE907123846FCF723FE134B0C930023FE
:10F18000DDF81600ADF83430BDF81A200A90FF23E0
:10F190008DF83730ADF82C208DF82E908DF82FA0FB
:10F1A0008DF836B098E803000E90ADF83C1097E863
:10F1B000030012AB03E903000AA93046FEF7C2FFC1
:10F1C0000135AFE7F46407000100FF7F0B78013BD6
:10F1D000042B0FD8DFE803F00603080C0A000439FB
:10F1E000FFF79ABFFFF744B9FFF796B8FEF70ABFDB
:10F1F000FFF742B870472DE9F04F88468BB0816920
:10F200009DF850A0159C1E4605469DF868300029C3
:10F210003CD0002A3DD092F800B004B124789DF88B
:10F2200070201D996F4638465FFA83F9FCF7C8FDD8
:10F230001B9B3068B28802901868ADF80C200690CD
:10F240009DF858209B888DF8122097E803009DF9BF
:10F250005C208DF81320ADF81C30BDF86420ADF8AB
:10F2600014200AAB03E903009DF960208DF80E809D
:10F2700002A928468DF80FB08DF810A08DF8114026
:10F280008DF816208DF81790FEF75CFF0BB0BDE8E7
:10F29000F08F4FF0FF0BC0E72DE9F047846986B08F
:10F2A00088469DF838A017461E46CCB123681099B1
:10F2B0009DF83C20D3F818906D462846FCF780FD59
:10F2C00095E8030006AB03E90300ADF808808DF86C
:10F2D0000A708DF80B608DF80CA002A92046C84773
:10F2E00006B0BDE8F08741657047806810B10368DB
:10F2F0001B6818477047A0F10400FFF7F6BF0368CA
:10F300000BB108461847704730B4D0E901320468A1
:10F31000551004EB6200D20748BF625930BC48BFA9
:10F32000D358184770B4D0E901340568661005EB6E
:10F330006400E40744BFAC59E35870BC18470000B0
:10F34000224B30B5044603F108021C336360204BA6
:10F3500022600025C4E903351E4BA564C4E90635C7
:10F360001D4B1E4AE163C4E91055C4E909351C4B25
:10F37000A560C4E90C351B4BE36485B00B682565BB
:10F380009B6C0392184A84F85C50CDE9012508462D
:10F39000C4E915556946009498476846CFF78AF83E
:10F3A000E06B124A0368DB6C0392114A0094CDE9CA
:10F3B0000125694698476846CFF77CF8E06B0368FB
:10F3C000211D1B6D9847204605B030BDF86507002C
:10F3D0002060070010600700C8650700EC650700A3
:10F3E000D8650700FFF205009DF40500E065070001
:10F3F0001DF40500806D10B183688B4200D1704709
:10F40000C068F8E710B50446FFF7F4FF28B10368B9
:10F4100021469B68BDE81040184710BD10B5024654
:10F42000FFF7E8FF28B10368BDE81040DB6811462C
:10F43000184710BD38B50446806A0D4630B938BD4E
:10F44000C36829469847E36A23B9A06AE0620028A6
:10F45000F6D1F4E71869F9E71FB50023CDE90133C8
:10F46000137800911B2B04D01D2B11D005B05DF833
:10F4700004FB5388ADF8043001238DF806309368FF
:10F48000ADF80830694653680393FFF7D3FFEDE703
:10F490005388ADF804300223EFE7000010B414786D
:10F4A0001D2C0FD80123A340084C1C4034B913F085
:10F4B000205F07D05DF8044BFFF7CEBF5DF8044B2B
:10F4C000FFF7A0BF5DF8044B704700BFAAAA8A02ED
:10F4D00038B50446406808B9606038BD0569142134
:10F4E00007F0AAF92846F6E738B50446406808B997
:10F4F000606038BD0569142107F09EF92846F6E7DB
:10F5000070B5044600F13006FAF754FDFAF722FD13
:10F510000546606BA063B0B93046FFF7D9FF04F130
:10F520000C00FBF751FF04F11800FBF741FF04F159
:10F530002400FFF7D9FF012384F85C30A06D50B997
:10F5400084F85C0070BDC36829469847A36B002B04
:10F55000DFD01869DEE7036821461B699847EDE7AD
:10F5600038B504460D466068A06000B938BDC36870
:10F5700029469847A368002BF5D01869F4E71FB512
:10F580000024CDE901440394009102246946183017
:10F590008DF80640ADF80420ADF80A30FFF7E0FF23
:10F5A00004B010BDA0F10400FFF7E9BF0A4603460E
:10F5B00000F1680110689866186A9288A3F86C20B8
:10F5C00010B103681B681847704773B54D6801F1A7
:10F5D0000F022B6800920C465E6A017A00F10F035D
:10F5E00000F109022846B04794F879300020013331
:10F5F00084F8793002B070BD704710B52021044600
:10F6000007F01AF9204610BD38B504461348A38107
:10F61000C4E9000100250021A26004F10F001022BE
:10F6200010F06CFE256204F1280003F011FE04F1D5
:10F630006800FAF7D6FF04F16E00FAF7D2FF6068AF
:10F64000A4F87850036865671B689847606803688A
:10F6500021465B6B9847204638BD00BF38660700DF
:10F66000683070476E3070470162704740680368C9
:10F670005B69184790F87900704738B50446606FA9
:10F6800000B938BDD0E900355B6898476567F6E793
:10F6900038B504460B4B0360FFF7EFFF6068036863
:10F6A0005B68984704F12805074BA362284603F0DE
:10F6B00083FD04F15000CEF7FDFE284603F0D6FE90
:10F6C000204638BD38660700646A070090F8783035
:10F6D00070B504460BB109B970BD31B1606F20B18E
:10F6E000D0E900355B6898476567656F1DB984F898
:10F6F0007850F1E735462B6821469B6828469847A5
:10F7000040B1D5E9003628465B689847002EF1D114
:10F710006667E1E7012384F878302E46F8E7012197
:10F72000FFF7D4BF436F1BB941670021FFF7CEBF7E
:10F730001A465B68002BFBD15160F6E7F8B5064628
:10F740000F462020114915461C4607F071F8014666
:10F75000D0B1002343600E4B03602B68C0F8093022
:10F76000AB88A0F80D30077200F10F02234604F1B8
:10F77000100053F8044B42F8044B8342F9D1304651
:10F78000FFF7D0FF0020F8BD0720FCE78C810700C1
:10F7900024660700F0B585B004460D4616460021E4
:10F7A000102268461F4610F0A9FD1022694604F198
:10F7B0000F0010F06DFD60B12046FFF757FF58B104
:10F7C0003B4632462946204605B0BDE8F040FFF7EB
:10F7D000B5BF062005B0F0BD0220FBE77047806989
:10F7E00003684FF000021B69184770B50546806931
:10F7F000134602680C46D66A0A4605F13401B04742
:10F80000603522461034106851682B4603C3083215
:10F81000A2421D46F7D170BD70B5C46A2CB9084923
:10F82000084840F2927206F0E3F9236820465D6DC5
:10F83000DB6C98472B46411C2046BDE870401847BA
:10F84000406607008A660700A0F10800FFF7E4BFE2
:10F8500013463AB1917D006BC943063301F00101B3
:10F86000FFF798BF704770B4D0E90134056866109F
:10F8700005EB6400E40744BFAC59E35870BC18477B
:10F8800070B4D0E901340568661005EB6400E40744
:10F8900044BFAC59E35870BC184770B4D0E9013488
:10F8A0000568661005EB6400E40744BFAC59E358F3
:10F8B00070BC1847037819B143F004030370704714
:10F8C00003F0FB03FAE7C36A2BB1006A03684FF049
:10F8D00008025B6918470920704738B504460025BF
:10F8E000C0E900550830FAF77CFEE5732574204620
:10F8F00038BD10B500F18C03F030834201D10023F4
:10F9000007E0DC7B2246E40705D442F00102DA730B
:10F910001960184610BD1433EFE710B58C23F02B97
:10F9200000EB030202D10022104610BDD47BE40795
:10F9300002D5C4588C42F7D01433F0E7C36A70B5CF
:10F9400004468BB1FFF7E9FF80B1037C206A94F88D
:10F950008620DB070368BDE87040DB6A4CBF42F0DD
:10F96000040202F0FB021847092070BD0420FCE7E6
:10F9700010B51446FFF7D1FF40B1037C64F3410397
:10F9800003741CB9DBB264F34513037410BD10B5E6
:10F9900004460022FFF7ECFFA0690368BDE81040B1
:10F9A0005B68012218470000F7B51446012206469D
:10F9B000FFF7DEFF0C4A0D4605230A20B4FBF2F1E7
:10F9C00001F130070DF80370013B02FB1144591C93
:10F9D00092FBF0F2F2D1B06920B103686A465B692C
:10F9E0002946984703B0F0BDA086010010B5044633
:10F9F0000122FFF7BDFFA06920B10368BDE81040F8
:10FA0000DB69184710BD70B5054614460122FFF7A3
:10FA1000AFFFA86928B1036822461B6ABDE87040A1
:10FA2000184770BD10B504460122FFF7A1FFA06979
:10FA300020B10368BDE810409B69184710BD000065
:10FA400013B5C46A2CB90A490A4840F2617206F03B
:10FA5000CFF80192FFF761FF40B1236841685B6C0A
:10FA6000019A204602B0BDE81040184702B010BD10
:10FA7000406607008A660700A0F10800FFF7E0BFB4
:10FA80002DE9F041C76A054616462FB915491648B3
:10FA900040F69A0206F0ACF8FFF73FFF0446F0B1DB
:10FAA0003B6841689B6838469847C0B1237CC2795F
:10FAB000C3F340039B0102F03F0263F07F03134353
:10FAC000C371E86A6168036832469B6A9847E86ACE
:10FAD0006168036832469B69BDE8F0411847BDE89C
:10FAE000F08100BF406607008A6607002DE9F041FB
:10FAF000C76A054616462FB91049114840F6B602A6
:10FB000006F076F8FFF709FF0446A0B13B684168AC
:10FB10009B683846984770B1237CC279C3F3400391
:10FB200063F38612C271E86A6168036832469B6AB1
:10FB3000BDE8F0411847BDE8F08100BF406607000E
:10FB40008A66070037B5C46A2CB90C490C484FF4D3
:10FB50000D6206F04DF8CDE90023FFF7DEFE50B14F
:10FB60002168DDE90023CD6A4168AC46204603B038
:10FB7000BDE83040604703B030BD00BF40660700BD
:10FB80008A6607002DE9F041C76A054616462FB977
:10FB90000C490D4840F6E10206F02AF8FFF7BDFED9
:10FBA000044668B13B6841689B683846984738B15D
:10FBB000E86A6168036832469B69BDE8F04118470E
:10FBC000BDE8F081406607008A66070037B5C46A61
:10FBD0002CB90C490C4840F6F90206F009F8CDE9B9
:10FBE0000023FFF79AFE50B12168DDE90023CD69BB
:10FBF0004168AC46204603B0BDE83040604703B0E2
:10FC000030BD00BF406607008A6607002DE9F0415D
:10FC1000C76A054616462FB90C490D4840F60B1227
:10FC200005F0E6FFFFF779FE044668B13B684168DE
:10FC30009B683846984738B1E86A6168036832467D
:10FC40001B6BBDE8F0411847BDE8F0814066070036
:10FC50008A6607002DE9F041C46A064688461746C1
:10FC60002CB91649164840F63A1205F0C1FFFFF7C5
:10FC700054FE0546F8B1236841689B6820469847C2
:10FC80000446C0B12B7CC279C3F3400363F3451231
:10FC9000C271F06A696803683A461B6C9847B0699C
:10FCA000E3790268146B41463A46A446C3F3401315
:10FCB000BDE8F0416047BDE8F08100BF4066070045
:10FCC0008A66070070B5C66A14464EB3FFF725FE74
:10FCD000054608B9042070BD336841689B6830460A
:10FCE00098470028F6D0EB7B13F0200211D0C3799F
:10FCF0005A0603D4287C10F0020007D01B0603D557
:10FD0000042323700020E6E70323FAE7022323708D
:10FD1000E1E713F0080001D00123F2E72070DAE7F1
:10FD20000920D8E737B5C56A14462DB90C490D48E6
:10FD300040F6251205F05CFF0193FFF7EEFD68B178
:10FD40002968019BE2B24C6B4168B2FA82F2520917
:10FD50002846A44603B0BDE83040604703B030BD3C
:10FD6000406607008A66070070B504461546002203
:10FD7000FFF7FEFDA0690E4628B1036865F07F021B
:10FD80005B68D2B2984731462046FFF7C6FD68B19E
:10FD9000C37B03F01803182B08D1A06930B10368A6
:10FDA000BDE870401B694FF00002184770BD0000AD
:10FDB0007FB5C66A04460D462EB9114911484FF465
:10FDC000E86205F015FFFFF7A8FD78B10E4A336829
:10FDD00003920E4A01920022029242689B6B0094A9
:10FDE0003046694698476846CEF764FBA0690368C9
:10FDF0005B680022294604B0BDE87040184700BF88
:10FE0000406607008A6607009066070051F8050003
:10FE100000F18C03F030834202D100231846704772
:10FE2000DA7BD20702D55A688A42F7D01433F2E758
:10FE3000F7B5C76A064614462FB91549154840F26A
:10FE4000B95205F0D5FEFFF7E3FF0546F0B13B6878
:10FE500041689B6838469847C0B1BCB1C779306AE1
:10FE6000296802683D06C7F3801306D5556B224604
:10FE7000AC4603B0BDE8F0406047019304F11003C5
:10FE80000093156B04F112032246A84703B0F0BD9E
:10FE9000406607008A660700F7B5C76A064615463A
:10FEA0002FB9124912484FF4BB6205F0A1FEFFF7CB
:10FEB000AFFF044690B13B6841689B68384698475D
:10FEC000034658B1306A216802684DB1DB79DC091C
:10FED0000094D46BC3F380132A46A04703B0F0BD4F
:10FEE000136C03B0BDE8F040184700BF4066070040
:10FEF0008A66070073B506461546FFF789FF044674
:10FF000090B18DB1F06A616803689B6898470346B9
:10FF100050B1306ADB79026829690091166D216859
:10FF2000C3F340132A46B04702B070BD2DE9F0413B
:10FF3000C76A064615462FB9104911484FF4C362E7
:10FF400005F056FEFFF764FF0446A0B19DB13B6883
:10FF500041689B6838469847034660B1B06950B124
:10FF60000268DB79166B21682A46B446C3F3401356
:10FF7000BDE8F0416047BDE8F08100BF4066070082
:10FF80008A66070030B587B00C4601A8FFF7A5FCCC
:10FF900005AD01AA2346144603CCAC421860596053
:10FFA000224603F10803F6D122781A7007B030BD5B
:10FFB00038B5C36A04462BB90D490E484FF4D462D4
:10FFC00005F016FEFFF7A9FC054678B1206A036824
:10FFD0005B6D9847E06A6968036801225B6F984728
:10FFE00029462046BDE83840FFF7CCBF38BD00BFEA
:10FFF000406607008A660700A0F10400FFF7D8BF3B
:0200000260009C
:1000000073B5C66A05462EB91A491B484FF4C76234
:1000100005F0EEFDFFF781FC044688B133684168C6
:100020009B683046984758B195F886301B0709D52C
:1000300005F13A01FEF7BAFA237C60F30413237446
:1000400002B070BD237CC3F3800262F304132374F7
:1000500005F170010191FEF7A9FA30B9019904F197
:100060000800FEF7A3FA0028EAD0237C43F010032F
:10007000E5E700BF406607008A6607002DE9F04308
:10008000C36A85B004460E46002B54D0FFF745FCEA
:100090000546002851D094F889301BB994F8863071
:1000A0001B074CD5314600222046FFF761FC204655
:1000B000FFF7A6FF95F8108094F8872095F80F9029
:1000C00094F8867095F90F5018F0010FC2F3C00331
:1000D00018BF47F00407002D43F00203ACBFC2F382
:1000E0008001C9F3801102A88DF80830FFF7E2FB08
:1000F00094F88A2094F887300AB18DF80830002DE2
:100100008DF80C3004DAC9F3801103A8FFF7D2FB95
:10011000206A0368DC689DF80C308DF804309DF887
:1001200008308DF80030C8F300123B463146A04736
:1001300005B0BDE8F0830920FAE70420F8E70620BF
:10014000F6E738B504460D46FFF7E7FB28B390F90C
:100150000F30C17B002B17DA11F0400F1DD0037C4C
:1001600040330374DAB203F0C003C02B15D1134639
:100170006FF3871311F0040F03742946204608D04B
:10018000BDE83840FFF77ABF94F8873013F0040FCA
:10019000E4E7BDE83840FFF7D1BB38BDA0F1080067
:1001A000FFF7CFBF2DE9F04105461746FFF7B5FB36
:1001B0000E46044640B3FBB2022B0DD1C37B23F0A5
:1001C000380343F02003E373A86903683A463146D5
:1001D0001B69BDE8F0411847DA1E012A05D8C37B28
:1001E00023F03A0343F02203EDE7002BECD1C37B6D
:1001F00003F01803082BE7D101682846FFF73EFFFC
:10020000E37B43F01003E373BDE8F0812DE9F04395
:10021000C36A85B006460F46002B54D0FFF77DFB1E
:100220000446002851D03046FFF7EAFE94F81080CB
:10023000A37B96F8869096F88A1096F8875018F067
:10024000010F03F00F0218BF49F0040903F0040383
:10025000002935D02A408DF808205BB194F90F3081
:10026000002BB6BFE17BC5F38001C1F3801102A86A
:10027000FFF720FBA37B05EA13138DF80C305B0717
:100280000BD594F90F30002BB6BFE57BC5F3800189
:10029000C5F3801103A8FFF70DFB306A03681C69E2
:1002A0009DF80C308DF804309DF808308DF8003042
:1002B000C8F300124B463946A04705B0BDE8F083AD
:1002C00002F00A02C7E70920F7E70420F5E72DE965
:1002D000F04190F889709DF818509DF81C60044614
:1002E0000A462FB91B0703D4BDE8F041FFF7EBBA6C
:1002F00011462046FFF711FBB8B1037C05F00F054E
:100300006FF3410345EA06158573037494F888304A
:1003100033B1A06948B10368BDE8F0411B681847D4
:100320002046BDE8F041FFF771BFBDE8F081000055
:100330002DE9F041C76A04460E462FB920492148ED
:1003400040F62C0205F054FCFFF7E7FA054648B3E7
:100350003B6841689B6838469847804610B304F173
:1003600070073946FEF722F928B9394605F1080029
:10037000FEF71CF998B1314601222046FFF7F8FA42
:10038000206A036804F176029B6E9847394640461E
:10039000FEF70CF930B100232367BB8002E02B7C11
:1003A0009A0601D5BDE8F08143F020032B74A069C3
:1003B0000028F7D0036831465B6ABDE8F041184772
:1003C000406607008A660700F7B504460122FFF77A
:1003D000CFFA20460D46FFF7A0FAE8B1E36A41687C
:1003E0001A68184692689047B0B104F13A0631464F
:1003F000FEF7DCF80246206A03687AB104F1500285
:1004000000925F6E04F1600204F140032946B84790
:100410000023C4F83A30E38703B0F0BD5B694FF0C6
:100420000202294603B0BDE8F040184710B586B077
:100430000446684680E80C0006A800E90C00039119
:1004400010E90700034BE36084E80700204606B08C
:1004500010BD00BFA8660700F0B51F46C36A87B08D
:10046000064615462BB92B492B4840F2716205F020
:10047000BFFBFFF73EFA0446002844D0EAB2DDE9AC
:100480000F01E37BA181B2FA82F2520962F3820387
:10049000A060E373F06A03680CAA9B6E3946984724
:1004A00060600146F06A03689B68984702460C98B2
:1004B0001060BDF83430938017F0FD0FD3790CBF76
:1004C0000121002161F30003D37194F90F30002B57
:1004D0001BDAE37B13F0400F15D0D3799B0712D5BD
:1004E000F56A0E4A2B681F6A0C4B009331460023B5
:1004F00002A80193FFF79AFF2846626802A9B8474D
:1005000002A8CDF7D7FF07B0F0BD96F8873013F0FB
:10051000040FE1E7406607008A660700F5FE050064
:10052000A0F10400FFF798BF10B586B004466846F6
:1005300080E80C0006A800E90C00039110E9070010
:10054000034BE36084E80700204606B010BD00BFFF
:100550009C6607002DE9F041C76A86B004460D4647
:10056000002F39D0FFF7D9F9064618B9042006B094
:10057000BDE8F0813B6841689B6838469847002891
:10058000F4D0F37B5A0720D5C3795B0716D5E76A09
:10059000124A3B680025D3F82480104B0093214673
:1005A0002B4602A80195FFF7BFFF726802A93846E3
:1005B000C04702A8CDF77EFF2846D8E72946204647
:1005C00006B0BDE8F041FFF759BD2946204606B008
:1005D000BDE8F041FFF7B2B90920C8E731FE0500D8
:1005E000F8B5C76A05460E465FB3FFF796F90446AD
:1005F00008B90420F8BD3B6841689B6838469847B5
:100600000028F6D0C279E37B51060AD59A071AD49E
:1006100043F00803E37331462846BDE8F840FFF78E
:1006200099BF227C5B0742F00102227431462846C2
:1006300003D5BDE8F840FFF721BDBDE8F840FFF75E
:100640007DB90920D6E70020D4E700002DE9F0416C
:10065000D0F82C8086B004460D461746B8F1000F3E
:1006600043D0FFF75AF9064618B9042006B0BDE892
:10067000F081D8F8003041689B68404698470028D0
:10068000F3D0C379990719D59A0600D4BFB9E76AA0
:10069000174A3B680025D3F82080154B009321466C
:1006A0002B4602A80195FFF7C1FE726802A93846E1
:1006B000C04702A8CDF7FEFE2846D7E737B1294646
:1006C000204606B0BDE8F041FFF78ABFF37B5B0729
:1006D0002946204604D506B0BDE8F041FFF7CEBC60
:1006E00006B0BDE8F041FFF729B90920BEE700BF19
:1006F0002DFF05002DE9F743C76A05460E469046D3
:10070000002F5BD0FFF709F9044618B9042003B0A5
:10071000BDE8F0833B6841689B68384698470746C8
:100720000028F3D001AA4FF00009314628468DF881
:100730000490FFF7C7FA9DF80420012A40D05FFA21
:1007400088F3934230D0042BE0D801A252F823F072
:10075000C10706000D070600650706007B070600B7
:1007600089070600E37B43F0080331462846E3731C
:1007700003B0BDE8F043FFF7EDBEFB79590608D59D
:10078000E37B9A0605D4EEE7FB7903F0C003C02BA8
:10079000F6D0E37B314643F008032846E37303B009
:1007A000BDE8F043FFF71CBFA8690028AFD003687D
:1007B00042461B69314698474846A8E70920A6E704
:1007C0000820A4E7C36A70B504460D46164623B355
:1007D000FFF7A3F828B3C37B1B0720D4721E042A9B
:1007E0001FD8DFE802F0030B0E1118004FF00002D3
:1007F00029462046BDE87040FFF77CBF4FF002025B
:10080000F6E74FF00302F3E7002229462046BDE851
:100810007040FFF71BBF0122F7E7092070BD0820D9
:10082000FCE70420FAE700002DE9F041D0F82C8025
:1008300005460F46D6B2B8F1000F05D11B491C483A
:100840004FF4F46205F0D4F9FFF767F8044658B3A3
:10085000D8F8003041689B684046984720B316F0AE
:10086000080308D090F90730002BAABF95F886300E
:100870000023C3F3C003710702D5C279520609D51C
:1008800063B9E37B1B070FD439462846BDE8F04126
:10089000FFF760BE237C43F00103237439462846EA
:1008A000BDE8F041FFF7EABBBDE8F0814066070014
:1008B0008A6607002DE9F043D0F82C8089B0054600
:1008C00016461F46B8F1000F05D11649164840F6E6
:1008D0005A1205F08DF9FFF720F80446F0B1D8F868
:1008E000003041689B6840469847B8B1D5F82C80E5
:1008F0000E4AD8F80030D3F810900C4B02932946DA
:10090000002304A80393FFF70FFE404600973346E9
:10091000221D04A9C84704A8CDF7CCFD09B0BDE845
:10092000F08300BF406607008A66070099FE050055
:10093000F0B5C66A87B005462EB90F490F4840F694
:100940008A1205F055F9FEF7E8FF044688B13368CE
:100950000B4A5F690A4B00932946002302A80193C2
:10096000FFF7E2FD3046626802A9B84702A8CDF75A
:10097000A1FD07B0F0BD00BF406607008A66070012
:1009800099FE05004160704740687047806A0368BF
:100990009B681847806A0368DB681847806A0368A9
:1009A00082B01B69019202B01847806A0368DB6954
:1009B000184717B4806A01920468A469A44603B07A
:1009C0005DF8044B6047806A10B40468246AA4464A
:1009D0005DF8044B6047806A03685B6A1847806A69
:1009E00010B40468246BA4465DF8044B6047806A29
:1009F00010B40468646BA4465DF8044B6047806AD9
:100A000010B40468E46AA4465DF8044B604730B44F
:100A1000806A1D460468BDF808300295A46BA446A0
:100A200030BC6047806A0368DB6B1847806A0368E4
:100A30001B68184710B586B0806AADF80C204FF6D9
:100A4000FF720468ADF80E201A7864695AB912333F
:100A50000222CDE9043204AB0093039A4FF42053F1
:100A6000A04706B010BD01331022F2E7436A13B16C
:100A70001B6818301847704730B4D0E90132046859
:100A8000551004EB6200D20748BF625930BC48BF22
:100A9000D358184770B4D0E901340568661005EBE7
:100AA0006400E40744BFAC59E35870BC184743697D
:100AB00013B11B6808301847704713B518308842C7
:100AC0000C4606D00190CDF7F5FC01982146F9F7C8
:100AD0008CFD02B010BD13B5083088420C4606D01C
:100AE0000190CDF7E7FC01982146F9F77EFD02B0B1
:100AF00010BD70B5856A2B6886B09E6AADF800207F
:100B00000C464FF6FF734FF4205101A8ADF80230A8
:100B1000FAF734FA009A01AB21462846B04706B0EE
:100B200070BD70B5856A88B02B6801920C4603A829
:100B300042F602019E69FAF721FA019A03AB2146B7
:100B40002846B04708B070BD70B5856A88B02B687C
:100B500001920C4603A842F603019E69FAF70EFAC9
:100B6000019A03AB21462846B04708B070BD00008B
:100B700030B504460025C4E909516561114B236075
:100B800085B00B68104A1B6C0392104A6560CDE972
:100B9000012508460094694698476846CDF78AFCC7
:100BA000A06A0B4A03685B6C03920A4A0094CDE981
:100BB0000125694698476846CDF77CFC204605B07C
:100BC00030BD00BF7867070064670700AF0A060002
:100BD000586707006D0A0600C36810B52BB90549B0
:100BE00005484FF4FD7205F003F8BDE810401B689E
:100BF000184700BF585E0700875E0700044A02607E
:100C000041F224324260034A82600522C26070478A
:100C1000804A0120E8680700704707B50190F3F7A4
:100C2000DBFC019803B05DF804EBF9F71ABA000099
:100C300010B50C460622002001F0E8F9637903F0B4
:100C4000C003C02B05D00449044840F2551204F0FB
:100C5000CFFF012010BD00BFD06707004668070026
:100C6000F0B5017E89B0002969D1364B0393364B2C
:100C70000493364B059343F6B8630793C369069311
:100C80004FF0804301220276C3F800111A60D3F8B6
:100C90000021002AFBD00222C3F818250022C3F845
:100CA000042101229A604FF08043D3F80421002AE6
:100CB000FBD0274A27490024C3F80441012353608D
:100CC0009360C2F808451360A2F520420820C2F8DC
:100CD000FC4FC2F8FC3F09F07DF81F490A2009F0DB
:100CE00079F81E4A40211319013493F800033F2874
:100CF00098BF83F80013202CF5D103A8D4F72FFB5D
:100D00004FF0805301A9D3F8A470D3F8A860084627
:100D10000023C3F12005A3F1200427FA03F206FA09
:100D200005F52A4326FA04F408332243302B01F850
:100D3000012BEED1E7F7D4FC01A8E9F769FE09B071
:100D4000F0BD00BF78680700040404008468070051
:100D500000B00040B10F06000526060000E100E0EB
:100D6000194B70B50360194B02210446C3F880107B
:100D7000BFF34F8FBFF36F8F4FF48072C3F88020A3
:100D8000BFF34F8FBFF36F8F11480025C0F8FC5F92
:100D900000F5E04001264660C660E069C3F88011B6
:100DA000C3F8802120B90B490B48CE2204F020FF64
:100DB0000FF014FA094B23602369E56113B19B68B6
:100DC000201D9847204670BDC068070000E100E084
:100DD00000100040D067070062680700B05C0700A1
:100DE00010B50446FFF7BCFF2046202105F024FD86
:100DF000204610BD10B50446F9F748F9084B2360AA
:100E00000023237643F6B8600FF0E0F9E06120B9E3
:100E100004490548BA2204F0EBFE204610BD00BF8D
:100E2000C0680700D06707006268070010B5154C5E
:100E30002368BFF35B8FDA070BD4204605F0D4FAA2
:100E400038B1114A1149124805F0BBFA204605F0A5
:100E5000EDFA104C2368BFF35B8FDB070FD42046FD
:100E600005F0C2FA58B10A490B48FFF7C3FF064A1A
:100E70000A49094805F0A5FA204605F0D7FA0648C0
:100E800010BD00BF5C4A012000600020A10E0600DA
:100E9000E8630020584A0120604A0120610D0600E5
:100EA0007047704710B50421044605F0C5FC204684
:100EB00010BD0020EDF746B837B514461D468DF835
:100EC00007100DF107000121F9F77CFA28462146A9
:100ED000F9F778FA204603B030BD000010B50A4B90
:100EE0000A4800241C700A4B0122C3F8FC4F21461B
:100EF000C3F8FC2F14220FF001FA21460548BDE883
:100F0000104014220FF0FAB9A85D0120C05D012045
:100F100000100040AC5D0120024A137801331370C9
:100F2000704700BFA85D0120024A13780BB1013B56
:100F300013707047A85D0120044B187820B1044B52
:100F40000122DA64D3F84C05704700BFA85D012088
:100F500000800040054B1B7833B1012320B1044AC7
:100F6000D364D2F84C25026018467047A85D012072
:100F700000800040034B43F82020034B43F820102F
:100F8000704700BFAC5D0120C05D0120014B1870AF
:100F9000704700BFEC630020034B1A78034B53F8F3
:100FA000223003B118477047EC630020AC5D01208C
:100FB000034B1A78034B53F8223003B1184770479C
:100FC000EC630020C05D0120464B4178027B10B5E8
:100FD0001970454B1A70454B427B1A70444B827B0B
:100FE0001A70444BC27B1A700A291DD84B1CDBB205
:100FF0000133414ADBB25B0041F04001C2F80835E1
:10100000C2F854154368190E1B02C2F82415C2F821
:101010001C358368C2F83C3590F90230072B14DD8B
:101020000823C2F80C351BE0242901D88B1CDEE70D
:10103000252906D0262906D027290CBF27230023DF
:10104000D6E70023D4E70C23D2E7991E052913D84D
:10105000DFE801F0100E0C0A08030721C2F80C1596
:10106000837010BD0621F9E70521F7E70421F5E7B4
:101070000321F3E70221F1E7002B01DB0023D0E796
:10108000191D05DBFC23C2F80C356FF00303E7E7FD
:1010900013F1080F184A05DBF823C2F80C356FF07E
:1010A0000703DDE713F10C0F05DBF423C2F80C3561
:1010B0006FF00B03D4E713F1100F05DBF023C2F838
:1010C0000C356FF00F03CBE71433ABBFEC23D82301
:1010D000C2F80C35C2F80C35ACBF6FF013036FF0DB
:1010E0002703BDE7D85D01203E6101202461012076
:1010F0003F6101204B6201200010004010B5054CFB
:10110000206830B1044B05491A780FF0CFF800235E
:10111000236010BD34610120306101202C61012069
:1011200002280A4B07D0032809D003220128C3F85C
:1011300010250AD170470422C3F8102570470129F1
:1011400001D10622F8E70522F6E7704700100040BB
:1011500038B5224B1B78032B04460ED1204AD2F817
:101160003C3743F00043C2F83C37D2F83C3723F019
:10117000FF0343F05C03C2F83C371A4B1878012890
:1011800022D0022825D00328174A4FF040751ABFF5
:101190004FF4847200234FF400032B431343104A8F
:1011A000C2F81435114B1B78023941EA436141F40E
:1011B00040310F4BC2F81815C2F804451978FFF7F3
:1011C000AFFF0C4B1C6038BD4FF484720025002328
:1011D000E3E74FF484724FF08075F8E73E61012039
:1011E0000010004024610120080100601C61012002
:1011F0003F61012044610120F8B54E490B78032B73
:101200000ED14D4AD2F83C3743F00043C2F83C3788
:10121000D2F83C3723F0FF0343F05C03C2F83C37BD
:101220000D78012D25D0022D14BF4FF040714FF0E5
:101230008071424B404A1B78414EE3B9032D414C2B
:101240001ABF00234FF484744FF4000323430B436D
:10125000C2F8143533785B0643F44033C2F81835CE
:10126000394BC2F8040519782846BDE8F840FFF765
:1012700057BF0021DDE7032D324C344F1ABF4FF426
:10128000847400234FF4000323430B4343F480137F
:10129000C2F8143533782E4E5B0643F44033C2F85F
:1012A0001835C2F804652B4B42781A800146002499
:1012B00011F8023B3B70F81C7A70BC700EF0F6FF20
:1012C000254B0222C3F80045C3F80025234AC3F882
:1012D0000825022D224AC3F81425C3F80C75C3F85B
:1012E000106524D0032D07D1174B1B78012B0CBFA1
:1012F0004FF440344FF40034174B002244F0807414
:10130000C3F80445C3F80421C3F80021C3F8082139
:10131000144A127832B1FF227270D3F800210122F0
:10132000C3F804230122C3F800221A60F8BD4FF469
:101330008034E1E73E610120001000400B61012094
:101340001C610120080100603F6101200B60012049
:10135000FA5D01203C61012000F00040D95D0120D0
:10136000FE5E01200C6101200129F8B543680446A6
:1013700028D00288022A1BD1C2681B8822F8023CAE
:101380000229A2F1020511D90389C668077C0E481B
:101390001E443A4631460EF089FF0C4B61691F70BE
:1013A0000B4B3A461E6030460EF080FF2846F8BDD3
:1013B000084D194628460EF079FF20882289E168F9
:1013C0002844F1E71D46F1E72C610120306101203E
:1013D000346101204861012030B51A4C0221C4F863
:1013E0008010BFF34F8FBFF36F8F174B174A012049
:1013F0004FF4804558601861C2F80855144D00221A
:101400002A70144D2970D3F83C5725F00045C3F8D5
:101410003C57C3F80021D3F80051C3F80821D3F892
:101420000851C3F80C21D3F80C51C3F81021D3F89C
:101430001031094B9860C3F80803C4F8801121608B
:1014400030BD00BF00E100E00010004000F00140AE
:101450004A6201204962012000F00040A44BD3F809
:1014600004232DE9F341D60743D5D3F80021002A00
:101470003FD00022C3F80021D3F800219D4A4FF449
:101480008041C2F808159C4A1178012903D1D3F88C
:1014900050350A2B07D01378022B09D1944BD3F87F
:1014A0005035022B04D102B0BDE8F041FFF794BFE4
:1014B000924B1978032918BF11781B78042B02D09E
:1014C0001378022B10D18A4B0021C3F80411D3F8F2
:1014D00004318B4B4FF40031C3F80413D3F844119B
:1014E00011B10121C3F844110023137002B0BDE80B
:1014F000F081D3F80423550740F12981D3F808215E
:10150000002A00F024810022C3F808217C48D3F887
:1015100008114FF40031C0F808137A494FF4807471
:10152000C1F8804102257849C3F800520C78012C9B
:1015300040F0A58071490878032855D1734B1B787A
:10154000AB4249D0032B49D1714B1B78012B15BFFE
:1015500018220622C02330236E49097802293FD081
:10156000032915BF04206E2020244FF4807414BF7B
:10157000082550256249D1F848651344334403F1E6
:101580006A029D33C1F840252B445A4A624EC2F884
:101590008465234403444FF48046C2F80465C1F8CF
:1015A00044350023C1F84431D1F84431524B022272
:1015B0001A70534A0123D364D2F84035D2F84C252F
:1015C0009B1A002B92DA4B4B4FF48042C3F808254C
:1015D000494B00221A7089E70C23BDE71823BBE7AB
:1015E000142010240825C5E709780429E1D1D3F88F
:1015F00050014A49012804BF0870C3F85021454BE7
:1016000018BF0D701A78022A2FD0032A30D10B7818
:10161000012B0BBF062018206FF030026FF0B302D1
:101620000CBF3024C024394B1978022925D0032956
:101630004FF0FF3118BF0021314E394BD6F84855D5
:1016400093F9003065352B442344034413440B4481
:10165000C6F84035274B264AC3F884254FF480420C
:10166000C3F80425244B0122A2E700200C24DAE76A
:1016700000206FF001021824D5E70121DCE7022CDD
:1016800097D11E4A1478042C4CD1224B1B78022B84
:101690002AD0032B15BF04206E2020244FF4807421
:1016A00014BF082550254B68154A1B4E333BC2F822
:1016B0004035104BC3F884654FF48046C3F8046589
:1016C000D2F8403551332B4423440344C2F8443507
:1016D00088680023C2F84431D2F8443100283FF42E
:1016E00065AFFFF771FC61E7142010240825DAE7E5
:1016F0000010004000F001404A62012049620120D0
:101700000080004000E100E0106101203E61012006
:101710003F61012024610120041000402561012067
:10172000406101201278032A7FF443AF4A68283AC7
:10173000C0F84025444A8868C2F884354FF4804395
:10174000C2F8043500288DD0FFF73EFC8AE73F4BF6
:10175000D3F8042314077FF5C9AED3F80C21002A6F
:101760003FF4C4AE3A4D0024C3F80C41D3F80C3119
:101770002B78032B0AD102232B70FFF7BFFC354BCC
:101780001B68204602B0BDE8F04118472B78042BB7
:101790007FF4ACAE304A31491278314B0968D3F846
:1017A00048354C782F4E022A09D0032A31D0012A1D
:1017B00004F1070445D10B3BA3EBC40403E0063B53
:1017C0000834A3EB8404DFF88480D8F8487500F06F
:1017D0001BFB254A02232B701278337807F07F0712
:1017E0000744002A14BF10461846204A1070D8F843
:1017F00000241F4812F0010FC7F100010568D8F856
:101800000C24009349B223460CBF04200020A847B3
:101810006CE632786FF4C070012A14BFA021142145
:10182000034404F1020414BF40221022A3EB01037D
:1018300002FB14330CBF6FF01C046FF013041C4444
:10184000C1E7093BB8E700BF00F0014000100040CD
:101850004962012038610120246101204461012096
:1018600000800040256101204B6201203F61012082
:10187000206101200B4B37B54FF40032C3F8082329
:10188000A3F5E043D3F804414CB9FFF7A5FD064B9F
:1018900000941D682246234621460320A84703B032
:1018A00030BD00BF00800040206101207047000073
:1018B000194A08B500231360184A1360184A1360C8
:1018C000184A012040F20331C2F85006C2F834151C
:1018D00040F25B61C2F83815C2F82C35C2F8300509
:1018E000114A12491376124A1070124A1370124AA2
:1018F0001370124A1070124A1370124A1370124A6F
:101900001370124AFFF736FBBDE808400F4A07493B
:101910000220FFF72FBB00BF3861012020610120AA
:101920002861012000100040D95D012075180600D3
:101930001C610120406101200B61012049620120EE
:101940003F610120256101204B6201205D140600EA
:10195000294B2A4AF0B400210120032482F8011304
:10196000274D82F808135860D860C3F80415C3F8EF
:101970000845244C0426C3F810651860C4F8805547
:10198000A5F5E045383DC4F8885505F5DE454035F8
:10199000C4F88C554FF40045C4F804554FF0FF349B
:1019A000C3F808434FF48073C2F880311360164BBC
:1019B0000227C3F80843C2F880711760134FC7F8B5
:1019C0000843C2F880511560C3F80011D3F8002114
:1019D000C3F80403C3F80811D3F80821C3F804635B
:1019E000C3F81011C3F80C11D3F80C210822F0BC75
:1019F000C3F80423FFF7F0BC0080004000E100E0E2
:101A00004081004000F001400010004000F0004024
:101A100010B5FFF7E1FC1A4B4FF48042C3F80825DC
:101A20004FF40042C3F80825164B4FF48070C3F8FA
:101A30008000BFF34F8FBFF36F8F134C4FF0FF3118
:101A4000C4F80813C3F880010220C3F88000BFF374
:101A50004F8FBFF36F8FA4F5E044C4F80813C3F8A9
:101A60008001C3F88020BFF34F8FBFF36F8F07480B
:101A7000C0F80813C3F88021054B01221A7010BD6D
:101A800000F0014000E100E00080004000F0004074
:101A900049620120064B02681A60064B42681A60D0
:101AA000054B82681A60054BC2681A60704700BF18
:101AB0003861012020610120D45D012028610120CE
:101AC00007C8024B83E80700704700BF1061012080
:101AD00007B50190FFF780FC019803B05DF804EBB7
:101AE000FFF772BA034B08B91870704701221A70D9
:101AF000704700BF1C61012038B50A4C0A4D68B11F
:101B0000FFF76AFC0323C4F810354FF40073C4F8E0
:101B100050360123236005232B7038BDC4F85006CE
:101B20000223F9E700100040496201207FB52B4DE8
:101B3000FFF71AFCD5F8503513BB294B294D1C680B
:101B4000264E283C0023C5F84045C5F84031D5F85D
:101B50004031FFF751FB0323C6F8003203A8FFF71B
:101B6000F9F9039BE41A002C25DAFFF7C7FA1E4B9C
:101B700001201B68984704B070BD0A2A0ED0DCE72C
:101B800003240190FFF728FC01980023D5F8501595
:101B9000DAB20029F1D001330B2BF7D1013C14F05C
:101BA000FF04EED1FFF7AAFA0F4B1B68012004B027
:101BB000BDE8704018470D4B4FF48042C3F8846570
:101BC000C3F80425D5F840311BB1D6F85035002BA9
:101BD000CBD0074B03221A70CDE700BF00100040A6
:101BE000D45D0120008000403861012000F00140F8
:101BF0004962012007B5FFF7B7FBFFF7FDFA134B6A
:101C00001B78012BD8B21AD1114B0322C3F8002242
:101C1000D3F800216AB1D3F850350B2B09D00190CD
:101C2000FFF76CFA0B4B01981B6803B05DF804EBEF
:101C30001847094B03221A7003B05DF804FBFFF745
:101C40005DFA044B01201B68EFE700BF4A620120E8
:101C5000001000403861012049620120074B1B78C9
:101C60005BB1074B0122C3F80823064B5A78FF2AC1
:101C700000D1FEE7044A12885A7070470C610120B7
:101C800000F00040FA5D01203C610120F0B587B012
:101C9000CDE90210FFF7A0FB2E4B2F4C1D68002250
:101CA000333DC4F84055C4F84021D4F840312B4BA3
:101CB0001B78022BDDE9021032D0032B0BBF64220C
:101CC00020264FF48076082708BF5027DFF8A4C0ED
:101CD000D4F84035DCF800C0634433333B4433442C
:101CE00013440026C4F844351D4FC4F84461D4F8A9
:101CF0004431FFF72DFA40F21313C7F8003205A85C
:101D0000FFF728F9059BED1AB5420CDA154B009642
:101D10001C6833461A4619460120A04707B0F0BD9B
:101D200010260827D2E7104B104AC3F884254FF439
:101D30008042C3F80425D4F8403133B1D7F8503588
:101D40001BB9084A00931468E4E7094B04221A708F
:101D5000E4E700BFD45D0120008000402461012041
:101D6000001000402061012000F0014004100040FC
:101D7000496201202861012013B5FFF7E9F90F4BF3
:101D80001B78022B0BD10E4B40F21312C3F800222A
:101D9000D3F8002162B1D3F85035032B08D00023CB
:101DA000084A0093146819461A460120A04702E029
:101DB000054B04221A7002B010BD00BF4A62012018
:101DC00000100040206101204962012008B5FFF7A2
:101DD00003FBBDE80840FFF791B9000008B5084BC8
:101DE0004FF40032C3F80823064B4FF48072C3F857
:101DF0008021FFF7F1FABDE80840FFF77FB900BF87
:101E00000080004000E100E0054B1888054B00F51C
:101E1000A06080B2A0FB0303800D803840B2704701
:101E2000F063002067660600024A00231380024A1E
:101E300013807047F0630020EE630020D823037006
:101E400009230B7070470000044BB3F90030038086
:101E5000034BB3F900300B80704700BFF0630020E4
:101E6000EE630020024B1880024B0120198070475E
:101E7000F0630020EE630020082808B502461EDC4F
:101E8000831EDBB2062B13D900281ADA031D1ADAD7
:101E900010F1080F1ADA10F10C0F1ADA10F1100F06
:101EA0001ADA10F1150FCCBF6FF013026FF0270292
:101EB00019B1FFF7A9FF104442B2104608BD09222C
:101EC000F6E70022F4E76FF00302F1E76FF0070294
:101ED000EEE76FF00B02EBE76FF00F02E8E740F67A
:101EE000060340F272610380042341808372818182
:101EF0004FF4007341F204014382C181038308213E
:101F0000FB230022017443834FF4016140F202631A
:101F1000C280C1828383C283038470474FF08053A1
:101F2000F0B51F6E5E6E451E0023C3F12004A3F1C1
:101F3000200127FA03F206FA04F4224326FA01F1FB
:101F400008330A43302B05F8012FEED1437963F0B3
:101F50003F034371F0BD4FF0805370B501381E6EE2
:101F60005D6E0023C3F12004A3F1200126FA03F2E1
:101F700005FA04F4224325FA01F108330A43402B01
:101F800000F8012FEED170BD4FF0805310B51A6EDE
:101F900002701A6E120A42701A6E120C82701A6E59
:101FA000120EC2705A6E02715A6E120A42715A6E45
:101FB000120C82715A6E120EC271D3F800110172A6
:101FC000D3F80041240A4472D3F80041240C8472EF
:101FD000D3F80041240EC472D3F804410473D3F83B
:101FE0000441240A4473D3F80441240C8473D3F8C5
:101FF00004311B0EC37302F00F0201F03F0342F0E5
:10200000400263F07F03C271037210BD042816D82A
:10201000DFE800F003060C0F12000846FFF77EBF52
:1020200001230B704B708B70CB7070470846FFF725
:1020300056BF0846FFF78FBF0846FFF7A5BF70479A
:10204000094B0022C3F800210121C3F804211960C3
:10205000D3F8002102B17047D3F804010028F7D06B
:10206000C3F80421F3E700BF00E000402DE9F04190
:10207000254C1F4603682361436863610E468368ED
:10208000A361C368E36105469046FFF7D9FF337843
:1020900094F820205340337094F8212073785340F3
:1020A000737094F82220B3785340B37094F82320CF
:1020B000F3785340F3702B6823616B686361AB68FE
:1020C000A3610026EB68E3613546B74201D8BDE85D
:1020D000F081E37F0133E377FFF7B2FF05F11003EF
:1020E0000A489BB22A4610F8011B18F802C00135B5
:1020F000ADB281EA0C01AF4208F8021001D09D4256
:10210000F0D11036E1E700BF0C6401202C640120FF
:1021100083784278417910B5C47801321B029B184C
:102120004FEA04442CBF012200221B1904794FEA14
:10213000046442F100021B1901F07F0442EB040227
:102140001C0A437084701C0C1B0E037121F07F016C
:1021500002F07F030B43C470437110BD2DE9F843B7
:10216000089EBDF8248017461D46002838D0012857
:1021700014BF4FF03C094FF05C092C4C0B682361F5
:102180004B6863618B68A361CB68E36184F81F804F
:10219000FFF756FF4FF4807323822B78226A23EADD
:1021A00009030025A374E574236953402361636A1E
:1021B0006361A36AA361E36AE361FFF741FF294614
:1021C000884510D894F820303B7094F821307B700B
:1021D00094F82230BB7094F82330FB70BDE8F8838C
:1021E0004FF01C09C9E701F11009C84534BFA8EB3D
:1021F0000102102231440E48C4E90455C4E90655D1
:102200000EF054F82369226A53402361626A6369BD
:1022100053406361A26AA3695340A361E26AE36920
:102220005340E361FFF70CFF4946C9E70C64012006
:102230001C640120C3681ABA074B1A60826812BA7C
:102240005A60426812BA9A60026812BADA60034AA7
:10225000C2F80435704700BF0C64012000E0004064
:10226000F0B5044699B00E4615460CF053FC2346D3
:1022700003F110076C4618685968224603C20833F8
:10228000BB421446F7D1039B1BBA0493029B1BBAB3
:102290000593019B1BBA0693009B04A81BBA0793E6
:1022A00008AC0CF085FC2A461035106851682346AE
:1022B00003C30832AA421C46F7D10B9B1BBA0C93EE
:1022C0000A9B1BBA0D93099B1BBA0E93089B1BBA62
:1022D0000F930CA910A80CF037FC0028F9D0139B21
:1022E0001BBA1493129B1BBA1593119B1BBA16931E
:1022F000109B1BBA179314AC334618AD224603CA81
:10230000AA4218605960144603F10803F6D119B0C7
:10231000F0BD00000A4B012210B501441A600022F2
:10232000884202D101225A6010BDC3F80021D3F8BF
:102330000041002CFBD0D3F8084500F8014BEFE733
:1023400000D000400E29F8B50546164630D8194F82
:1023500007EB41134C012022002118460DF0CEFF5F
:102360004FF0010CF10107F804C0C9B241712A69AC
:10237000C0F8062010346A69C0F80A2007F804C0C3
:1023800095F82920624598BFB6FA86F2034698BFB1
:10239000520907EB040098BFD10141712A69C0F8C6
:1023A00006206A69C0F80A20C5E90B3005F1100E55
:1023B000F8BD00BF4C6201202DE9F3410546007EC7
:1023C00017461E4690B34B78AA7EEC6A98460AB12F
:1023D00004334B70EB7E012B2BD1EB6963B1188872
:1023E0000023013080B2E370237163796070000ACA
:1023F000A07023F07F0363712846FFF71BFFAB7EBD
:1024000043B10B46CDE9007895F8290032462146C4
:10241000FFF7A4FE43463A4631462046FFF726FE24
:10242000EB7E13B92046FFF773FEA87E02B0BDE82D
:10243000F081022BE0D12B6A002BDDD0D3E9002301
:10244000100A6270120CE2706279A070DBB2237124
:1024500022F07F0203F07F031343CCE72DE9F04322
:10246000437E85B005460E461BB9012005B0BDE888
:10247000F08300230393827E4B78046B1F4601F1A7
:1024800002092AB1042BF0D91F1F043BBFB24B70C5
:10249000EB7E012B09EB070848D1EB6983B116F8F5
:1024A000012C16F8023C03EB02239BB263701B0A5B
:1024B000A3700023E3702371637923F07F036371BA
:1024C0002846FFF7B7FE41463B464A462046FFF7FF
:1024D000CDFDAB7E43B1CDE9009795F82900334699
:1024E00003AA2146FFF73AFEEB7E13B92046FFF719
:1024F0000FFEAB7E002BB8D09DF80C2098F8003072
:102500009A4211D19DF80D2098F801309A420BD1D2
:102510009DF80E2098F802309A4205D19DF80F20C0
:1025200098F803309A42A0D000209FE7022BC7D131
:102530006B6A002BC4D0D3E90023110A6270120C1D
:10254000E2706279A170DBB2237122F07F0203F0A6
:102550007F031343B3E7000070B5134C00214FF421
:10256000806584F80A13C4F88050BFF34F8FBFF31F
:102570006F8F0E4B012203265A60DA60C3F80415F0
:10258000C3F808650426C3F810654FF0FF361A60DB
:10259000C3F80863C3F84011C4F880512560044BA8
:1025A0001A70C3E9011070BD00E100E000A0004016
:1025B0003C6401200A490B4B0A781AB101225A6483
:1025C000D3F8442510440022C3F840214FF4803250
:1025D000C3F84005C3F80423022348600B7070471A
:1025E0003C64012000A00040044B4FF48032C3F84B
:1025F0000823034B01221A70704700BF00A000405F
:102600003C640120074B4FF48032C3F808230022BA
:10261000C3F84021044B01221A709B6803B118478C
:10262000704700BF00A000403C640120F8B505469B
:10263000064655F8044B8CB90D4F386818B14FF069
:10264000FF31CFF76FF8346824B9284604F0AEFAAA
:102650002C463560386808B1CFF77CF8AC4204D01E
:10266000044905488B2203F0C3FA2046F8BD00BF99
:1026700020070120186907004B69070070B50E4D4F
:102680002C68BFF35B8F14F0010412D1284603F0CD
:10269000ABFE70B1094E24222146B01834620DF011
:1026A0002DFE074A0749304603F08BFE284603F00B
:1026B000BDFE024870BD00BF486401204C6401208B
:1026C000006000204D800600036801221B69002184
:1026D0001847036800221B691146184707B5019087
:1026E00003F030FB0198012107F06CFF03B05DF8A7
:1026F00004EB03F03DBB07B5019003F023FB019809
:10270000002107F05FFF03B05DF804EB03F030BB7E
:1027100007B5CDE9001003F015FBDDE9001007F067
:102720002FFF03B05DF804EB03F022BB07F0CCBD34
:1027300007F0BABD07F0CABD07F0AEBD07F0C8BDCF
:1027400038B505460C48FFF771FF04F037FA284604
:1027500007F028FD044660B9284607F0B5FD04F0EF
:1027600053F868600448FFF761FF04F045FA20461B
:1027700038BD4FF0FF34F5E79464012038B50546C5
:102780000B48FFF753FF04F019FA284607F028FD1D
:10279000041E686818BF0124644208B104F04EF8B2
:1027A0000348FFF743FF04F027FA204638BD00BF77
:1027B0009464012073B50C4E04463046CDE90032D6
:1027C0000D46FFF733FF04F0F9F9009B01992A4603
:1027D000204602F09BFA04463046FFF727FF04F03C
:1027E0000BFA204602B070BD946401202DE9F74F2A
:1027F00015460F460646994607F066FD04463046E4
:1028000007F04AFD8346304607F060FD00903046F1
:1028100007F05EFDB5FBF4F104FB11588246B8F1F8
:10282000000F5FD1002F5DD0009A09EB05030BEB81
:102830000200834256D82D48FFF7F8FE04F0BEF997
:102840004146B9F1000F02D061B14FF0FF31274886
:102850000091FFF7EBFE04F0CFF90099084603B0B2
:10286000BDE8F08F2946304607F01EFDB5FBF0F3BA
:1028700000FB1353C31A4B4528BF4B46BA0701D17F
:102880009C4229D9A34228BF2346984670681A461D
:1028900039460DF00BFDA04506D27068A4EB080286
:1028A000514640440DF02AFD726823464FF0100B4C
:1028B00029463046CDE9002307F0B6FC014630B189
:1028C000BBF1010BDDE90023F2D14FF0FF31A9EBA1
:1028D000080945444744B4E7B3FBF4F3634398461F
:1028E0003A46E3E74FF0FF31B8E700BF94640120B8
:1028F0002DE9F0410D461746064607F0CDFC04468B
:10290000304607F0E3FC2044EC19A04204D24FF01B
:10291000FF342046BDE8F0810FD81748FFF786FE48
:1029200004F04CF9002417B194B14FF0FF34124871
:10293000FFF77CFE04F060F9EBE72146304607F034
:10294000B3FCB4FBF0F303FB1044002CDFD1E4E74D
:102950004FF010082946304607F044FC044620B1E9
:10296000B8F10108F6D14FF0FF342946304607F0A0
:102970009BFC3F1A0544D6E794640120416830B4BB
:10298000034671B1D0E9032000F0010402B944B15B
:10299000451001EB60000CB149598A58996830BC68
:1029A000104730BC7047000008B5431C04D10E49E5
:1029B0000E48212203F01CF9012351B11F2886BFC4
:1029C0000B4A00F01F004FF0A0428340C2F80835C8
:1029D00008BD1F2886BF064A00F01F004FF0A04226
:1029E0008340C2F80C35F3E76E690700AD3A070083
:1029F00000030050064B10B504460360806A08B11E
:102A000002F040FC201DCBF755FD204610BD00BF55
:102A1000B469070010B50446FFF7ECFF2046A82173
:102A200003F00AFF204610BD036870B504460D464A
:102A30001B68984704F13000A567294607F0D2FECD
:102A4000236820465B68BDE8704018477FB506469E
:102A50001D4656F8303BCDE902211B6804469847D5
:102A60009DF8203083F00103DDE902210093304618
:102A70002B4607F013FF236806465B6820469847FD
:102A8000A81B18BF012004B070BD7FB506461D46C7
:102A900056F8303BCDE902211B68044698479DF863
:102AA000203083F00103DDE90221009330462B46FC
:102AB00007F0D8FE236806465B6820469847A81BA7
:102AC00018BF012004B070BD7FB500240126154653
:102AD0002346224602A800968DF8084002F072F9BB
:102AE00003A800962346224629468DF80C4002F0A2
:102AF00069F903A807F016FD002853D002A807F0D3
:102B000011FDB04202D1002004B070BD214603A8DF
:102B1000FFF7FEFD03A8FFF7E1FD0A24002103A84B
:102B2000FFF7F6FD00219DF90C00FFF73DFF0520A2
:102B300003F0B8FF032103A8FFF7EAFD9DF90C009D
:102B40000121FFF731FF052003F0ACFF013CE5D187
:102B500002A8FFF7C3FD21469DF90800FFF724FFF7
:102B6000052003F09FFF01219DF90C00FFF71CFFDA
:102B7000052003F097FF01219DF90800FFF714FFDE
:102B8000052003F08FFF02A8FFF7B5FD03A8FFF7AC
:102B9000B2FD03A807F0C6FC20B102A807F0C2FCF2
:102BA0000028B0D16FF00100AEE710B50021044657
:102BB000242240F8041B0DF0A1FB204610BD08B5EF
:102BC0007C30FFF733FDBDE8084003F0F7BF08B5E0
:102BD0007C30FFF72BFDBDE8084004F00DB8000085
:102BE000F8B5194B03600D46184B4361002100F105
:102BF00030070446C0E90711C0E909110161818568
:102C000016468061482238460DF078FB104BA367CA
:102C100004F17C00FFF7C9FF2046FFF7D0FF3246E2
:102C2000294684F8A45084F8A5602046FFF74CFF9D
:102C300094F9A52094F9A410384607F08DFD20469C
:102C4000FFF7C5FF2046F8BDB46907007D290600DF
:102C5000A086010070B504460D46164600214822A4
:102C60000DF04CFB32462946204607F075FD204604
:102C7000044907F0B7FD2046012107F031FE204648
:102C800070BD00BFA086010007F0ACBDCAB2002332
:102C900042F00102194607F087BE07F033BE07F085
:102CA00043BE10B5144607F05FFE001B18BF01209D
:102CB00010BD07F0AFBD7047416830B4034671B135
:102CC000D0E9032000F0010402B944B1451001EB42
:102CD00060000CB149598A58996830BC104730BC23
:102CE0007047000070B500F14C0690F9DF2090F9B4
:102CF000DE100446304608F0CBF9D4E939530DB95B
:102D0000DA070ED55A1004EB6300DB0748BFA3585F
:102D100094F8EC1048BF5D5994F9ED2094F9EE3029
:102D2000A847D4F8D810304608F0C8FA22463046F2
:102D30000249BDE8704008F09FBB00BF113006009B
:102D40002DE9F0411F46D0F8E03004460D46164606
:102D50002BB11749174840F22B1202F049FF164ACF
:102D6000C0E9392303681B68984784F8EC5084F85D
:102D7000ED6084F8EE70032D0BD8DFE805F0150246
:102D800010154FF0FF333246012104F14C0008F0DA
:102D90004DFB236820465B68BDE8F0411847334689
:102DA0004FF0FF320221F0E73B4632462946ECE77E
:102DB000046A07002C6A0700412D06002DE9F04146
:102DC00098461D4B03601D4B436000251C4B8560DE
:102DD0000446C0E90555C0E907550F461646C360CD
:102DE000858445634564A0F848506C2229460061FB
:102DF0004C300DF083FA40F20113A4F8DC304FF4AC
:102E00007F43A4F8EC30FF232046C4E93558C4E9D9
:102E10003855C4E93C55C4F8C45084F8DE7084F8D1
:102E2000DF60C4F8E85084F8EE30C4F8F850FFF7DB
:102E300059FF2046BDE8F0814C6A0700E52C0600EA
:102E4000B92C060070B50646044656F84C3B0D46B4
:102E50001B6898473046294608F030FA2368C4F8C2
:102E6000D85020465B68BDE8704018477FB50546DE
:102E7000044655F84C6B0193CDE902213668B04702
:102E8000DDE901322846039908F098FA23685B6867
:102E9000204604B0BDE87040184738B505460446E2
:102EA00055F84C3B1B689847284608F099FB236867
:102EB00005465B6820469847284638BD38B5054624
:102EC000044655F84C3B1B689847284608F0A8FB79
:102ED000236805465B6820469847284638BD036846
:102EE0002DE9F34105461B6816460F46984795F8AD
:102EF000DC30340103B1B6B195F8DD300BB1012EF1
:102F000011D0B8342819B84206D00190CBF7D2FAC4
:102F100001983946F7F769FB2B685B68284602B0D1
:102F2000BDE8F0411847B83402F00CFF2C44FA68B1
:102F3000E36805F14C089AB10BB903F041F9A742D7
:102F400006D02046CBF7B6FA39462046F7F74DFBB8
:102F500001223146404608F09FFA02F009FFDBE704
:102F60000BB103F043F92046CBF7A4FA0022E2604C
:102F7000EFE7000030B51B4B036085B000252A4603
:102F8000694604460395FFF7AAFF6846CBF792FA15
:102F90000122694620460395FFF7A1FF6846CBF75B
:102FA00089FA94F8DC3013B994F8DD301BB104F1E0
:102FB0004C0008F04DF904F1C800CBF77BFA04F19E
:102FC000B800CBF777FA04F13800CBF773FA04F1C5
:102FD0002800CBF76FFA206A08B102F053F92046B7
:102FE00005B030BD4C6A070010B50446FFF7C2FFBC
:102FF0002046FC2103F020FC204610BD4C3008F098
:1030000077BA10B54C300C4608F0B4FA204610BD23
:1030100000EB0110B83008B5C3680BB1FDF7DCFD5B
:1030200008BD036870B504461B680D46984794F8C0
:10303000DC30AB422BD065B194F8DD304BB9A268DF
:103040006368511004EB6200D20744BF6258D35842
:10305000984702F077FE05B3D4F8C4305BB104F1B1
:10306000B800FDF7B9FD03F0ABF80122002104F12F
:103070004C0008F011FA02F07BFE84F8DC5035B900
:1030800094F8DD301BB904F14C0008F0E1F8236836
:1030900020465B68BDE8704018472A46294604F17F
:1030A0004C0008F0F9F9D4F8C430002BE3D003F059
:1030B0009DF8E0E7036870B504461B680D46984725
:1030C00094F8DD30AB422BD065B194F8DC304BB9CD
:1030D000A2686368511004EB6200D20744BF6258D3
:1030E000D358984702F02EFE05B3D4F8D4305BB124
:1030F00004F1C800FDF770FD03F062F801221146EB
:1031000004F14C0008F0C8F902F032FE84F8DD50FA
:1031100035B994F8DC301BB904F14C0008F098F88C
:10312000236820465B68BDE8704018472A460121A5
:1031300004F14C0008F0B0F9D4F8D430002BE3D0FF
:1031400003F054F8E0E770B5D0E90213D0E90825A0
:103150000446521845EB030300F078F9636B2BB17A
:1031600004F128001B68BDE87040184770BD884214
:1031700070B504460D460AD0CBF79CF9EB68E360C6
:103180002BB1294620465B68BDE87040184770BDEA
:1031900038B50446154600F043F9064B236000227B
:1031A0000023C4E908230023636384F838502046D1
:1031B00038BD00BF646A070013B5044601A802F0D9
:1031C00069F8204600F04CF9636B23B194F838306D
:1031D0000BB103F00BF804F12800CBF76BF90023D7
:1031E000636301A802F05EF802B010BD70B5054639
:1031F00014461E4600F034F9C5E90846A86902F0F5
:1032000003F8221846EB01032846BDE8704000F0A1
:103210001DB9F7B5044601A81D460F46164602F033
:1032200039F8636B23B994F838300BB102F0C8FF5A
:10323000394604F12800FFF79AFF32462B46204614
:10324000FFF7D4FF01A802F02DF803B0F0BD000095
:1032500010B5044601F0D2FD002201462046FFF7DA
:1032600097FF024B2360204610BD00BFC8640700D3
:1032700030B5436B85B00446F3B100F128050393E4
:103280005B682946684698472846CBF713F9002320
:10329000636394F838300BB102F0A8FF039B2BB99D
:1032A000064907484FF4FD7202F0A2FC68461B680D
:1032B00098476846CBF7FEF805B030BD585E07006A
:1032C000875E070010B5044601F098FD0022014614
:1032D0002046FFF75DFF024B2360204610BD00BF74
:1032E000706A0700437D10B504461BB1037D0BB126
:1032F00002F07CFF204610BD13B5044601A801F082
:10330000C9FF637D53B9237D0BB102F059FF2069DA
:1033100001F07AFFC4E900010123637501A801F0FF
:10332000C1FF02B010BD37B504460D4601A801F03B
:10333000B1FF00230022C4E900236B7D4BB1286953
:1033400001F062FFD5E90032C01A61EB0201C4E965
:10335000000101A801F0A6FF204603B030BD30B542
:1033600085B004460D4603A801F094FF294668463F
:10337000FFF7D9FFD5E90221009B9B18019A42EB88
:103380000102C4E9003203A801F08CFF204605B019
:1033900030BD07B501466846FFF7E1FFDDE90001F2
:1033A00003B05DF804FB13B5044601A801F072FFF9
:1033B000206901F029FF00220023C4E90001C4E9CB
:1033C000022301A801F06EFF02B010BDD0B50023AA
:1033D00000260027C0E90067C0E9026704460161D2
:1033E00002754375FFF7DFFF2046D0BD10B50446D8
:1033F00001F034FF012201462046FFF7E7FF204697
:1034000010BD10B5044601F0F9FC0022014620462B
:10341000FFF7DCFF204610BD03681B68184700005B
:1034200010B50446074B236000220023C4E90223A1
:1034300000230846A161C4E90433034901F074FE86
:10344000204610BD886A07001934060007B50090B1
:1034500000F10801806901F0A4FE03B05DF804FBEF
:1034600000F10801806901F0B4BE000010B5034B03
:1034700003600446FFF7F4FF204610BD886A07008A
:10348000002070476FF01C0070476FF01C00704701
:103490006FF0150070476FF01500704701207047FE
:1034A00001207047002070470020704770B511F070
:1034B000010405468EB204D0FFF7EFFC041E18BFCE
:1034C0000124F30605D52846FFF7F8FC08B144F0BF
:1034D0001004204670BDA0F1FC00FFF7E7BF08B55F
:1034E000FFF79FFD002008BDA0F1FC00FFF7F7BF2C
:1034F00008B5FFF7DFFD002008BDA0F1FC00FFF7D5
:10350000F7BF000010B5034B03600446FFF732FD20
:10351000204610BD946A0700A0F1FC00F2E700BF4E
:1035200010B50446FFF7EEFF20464FF4807103F01C
:1035300083F9204610BDA0F1FC00F1E72DE9F04130
:1035400006460D461746C2B102F0F9FB80F00103B2
:1035500013F0FF0403D0336830461B68984705EB2F
:10356000070815F8011B3046FFF74BFDA845F8D1B9
:103570001CB1336830465B6898473846BDE8F08137
:10358000A0F1FC00FFF7DABF38B504460D4662B182
:1035900003681B6898472046FFF730FD28702368B2
:1035A00020465B689847012038BD1046FCE7A0F133
:1035B000FC00FFF7E9BF000010B50446FFF7FEFB73
:1035C000044B03F1080244332260C4F8FC30204667
:1035D00010BD00BF8C6A070030B5056885B0044691
:1035E000CDE9022101932D68A847DDE9013220468B
:1035F0000399FFF7A5FB23685B68204605B0BDE88B
:103600003040184730B5044685B004F1080502F093
:1036100099FB29466846F6F7E8FF2846CAF74AFFAD
:10362000E0690023C4E9053308B103F047FB02F069
:103630009FFB039B13B11B68684698476846CAF70F
:1036400039FF05B030BD0000002204494260C0E9E6
:1036500005220160C2610284704700BF686B0700E9
:10366000074B10B503608369044623B1054906483A
:10367000262202F0BDFA0830CAF71CFF204610BD12
:10368000686B0700186B0700416B070070B50446B4
:103690000E4602F057FBA56965B104F10800CAF7B0
:1036A00009FF00230122636184F82020E36184F88C
:1036B0002160A36102F05CFB2DB121462846BDE8E4
:1036C000704000F02EB970BD08B103F077BA02F077
:1036D00039BB08B103F090BA02F04ABB2DE9F041C2
:1036E000044686B00E46174602F02CFBA56902F090
:1036F0003FFB35B301AD0021284603F0B9FA02F0D3
:1037000021FBD4E9068323B10F491048392202F086
:103710006FFAE56102F02CFBB8F1000F0ED03946CC
:10372000284603F0ADFA48B93046FFF7CDFF2046F2
:103730000121FFF7ABFF3046FFF7CBFF284603F030
:10374000C0FA06B0BDE8F081186B07004F6B0700A8
:103750000022C0E901220122016002737047704714
:10376000037B33B1D0E90023126893428CBF00235E
:103770000123184670472DE9F0410468012606FA36
:1037800001F10023271D82EA060E17F813400C42B0
:1037900004D004F030043AB1102C07D10233202BAE
:1037A000F3D14FF0FF300DE0002CF7D0D0F808C077
:1037B00042EA030506FA05F818EA0C0FEED1202CB0
:1037C00002D02846BDE8F0814EEA030406FA04F46C
:1037D00014EA0C0FF5D0E1E770B50D4611462A4604
:1037E00004461E46FFF7C7FF002802DA00202073B8
:1037F00070BD25686368420805EB8205E9881944B5
:103800006B7906FB031363600121A36881400B43BE
:1038100042EAC010A360C0B2EAE713460A4601219B
:10382000FFF7DABF13460A460021FFF7D5BF13B5ED
:103830000A46019100210446FFF7EFFF019A00219B
:10384000204602B0BDE81040FFF7ECBF0022C0E9FF
:103850000022704770470068704700230B60436880
:1038600013B90160416070471960FBE703682BB131
:103870001A6802B94260026000221A601846704756
:1038800010B50468002223468B420ED10AB10B68A2
:1038900013608C4204BF0B68036043688B424FF097
:1038A000000308BF42600B6010BD002BFCD01A461D
:1038B0001B68E9E710B50446FFF7C8FF204610BDB6
:1038C00008B5FFF7C8FFB0FA80F0400908BD70B531
:1038D00005462846FFF7BFFF044678B150F8043C80
:1038E000061F9B683046984740B12846FFF7BEFF49
:1038F00054F8043C3046DB689847EAE770BD70B581
:1039000004460D46FFF7A7FFAC610646291D204679
:10391000FFF7A3FF26B92046BDE87040FFF7D7BFE9
:1039200070BD70B505460C46FFF795FF064604B11D
:10393000043421462846FFF7A3FFA64204D12846B7
:10394000BDE87040FFF7C3BF70BD10B50446204608
:10395000FFF781FF28B150F8043C0438DB68984732
:10396000F5E710BD10B50446FFF7EFFF2046FFF75F
:1039700071FF204610BD7047704703689B6D184764
:1039800070B586B0154B01930023ADF808308DF863
:103990000A3040F20123ADF8123040F2031390F8E0
:1039A000204341680289ADF8143000F10A038DF814
:1039B0000B400391ADF8102001AC05AE1D46224628
:1039C00003CAB24218605960144603F10803F6D1E5
:1039D00012881A80284606B070BD00BF120100028E
:1039E00000487047506E070000487047886E070017
:1039F00000487047546E0700004870479A6E0700F1
:103A000000487047806E0700004870476A6E0700E4
:103A1000036810B504465B6F9847D4F8EC0203685E
:103A20001B6F9847236820469B6FBDE810401847DE
:103A300038B5D0F83433012B044610D10025D4E931
:103A4000C93000F0010203B94AB14110C4E9C955B7
:103A500004EB60000AB16258D3589847EFE7D4F8F6
:103A600034332BB90649074840F2C66202F0C0F869
:103A7000013BC4F83433BDE8384002F079B900BFE7
:103A8000786B0700A36B070008B5D0F834332BB967
:103A90000349044840F2CD6202F0AAF808BD00BF15
:103AA000786B0700A36B070010B5044602F04AF9D3
:103AB000D4F834330133C4F834332BB90349044800
:103AC0004FF4D76202F094F810BD00BF786B070086
:103AD000A36B0700036837B5DB6F0D4604469847B4
:103AE00015F0700F01D12B0706D1002310491148A2
:103AF00000931A4602F0A0FA6B0003F01E0343EA9B
:103B0000D5118B1E182000FB034393F831206AB1B6
:103B1000013900FB0140013A043083F83120C368C9
:103B200023B11B6803B0BDE83040184703B030BD77
:103B3000AF6B070004011580036873B50446DB6FA3
:103B40009847B4F8F8120B0A022B25D0032B56D055
:103B5000012B04D1236820461B6B984708B900202D
:103B600018E0236820461B6B98470678122EF6D182
:103B7000236820461B6B98474578012DEFD12368B9
:103B8000C4F804631B6B2046984784F80853C4F8B4
:103B90000003284602B070BD2368C9B25B6B019177
:103BA000204698470028DAD0236801995B6B2046AD
:103BB000984703780199092BD1D1236820465B6B84
:103BC000984743780199022BC9D1236820465B6B43
:103BD0009847236885785B6B019920469847C3789E
:103BE000019945EA03252368C4F804535B6B20461A
:103BF0009847C4F80003012084F80803CAE7C9B253
:103C00000529ACD8DFE801F0030F19232D3723680D
:103C100020469B6B98470378C4F8043323689B6B5A
:103C200020469847E5E723682046DB6B98470378F2
:103C3000C4F804332368DB6BF2E7236820461B6C6F
:103C400098470378C4F8043323681B6CE8E72368BB
:103C500020465B6C98470378C4F8043323685B6C98
:103C6000DEE7236820469B6C98470378C4F804334A
:103C700023689B6CD4E723682046DB6C9847037865
:103C8000C4F804332368DB6CCAE70B78DB091370D4
:103C90000B78C3F3411353700B7803F01F03937039
:103CA0004B78D3704B8893808B88D380CB881381DB
:103CB00070470000036870B504465B6F0D46984777
:103CC00094F80C33022B05D009490A4840F23D1202
:103CD00001F08EFF084BC4F824330023C4F82833C6
:103CE000236884F8105320469B6FBDE87040184746
:103CF000786B0700CE6B0700DD41060038B503681E
:103D00000446DB6F984794F8083313B10025284622
:103D100038BDD4F8EC0203685B6C9847D4F80423F0
:103D20009042F3D8D4F80013121A0144C4F80013D7
:103D3000C4F80423A2B994F80A53022384F80C337C
:103D400045B1236884F80A239B6E04F53D71204633
:103D50009847DCE701212046FFF7ACFF0125D6E7B5
:103D6000D4F8EC02D4F820430368A2421B6C28BFAD
:103D700022469847F2E70000036813B50446DB6F5C
:103D8000984794F81C33012B06D800230F49009361
:103D90001A460F4802F050F994F80C3323B100236F
:103DA0000C4900931A46F4E794F80B33032B0BD01D
:103DB0002046FFF7A3FF38B9D4F8EC020368DB6CA8
:103DC00002B0BDE81040184702B010BDF96B070003
:103DD0000E011580216C070038B503680446DB6FBF
:103DE000984794F80833012B3BD1D4F8045335B9E4
:103DF00094F809330BB901252CE084F80953D4F861
:103E00002033D4F8EC02D4F800139D4228BF1D469D
:103E100003682A469B6C9847D4F800332B44C4F8B7
:103E20000033D4F804335B1BC4F80433002BE2D115
:103E300094F80923002ADED194F80A53022384F867
:103E40000C334DB1236884F80A239B6E04F53D7151
:103E500020469847284638BD01212046FFF72AFF13
:103E6000C9E70025F6E70000036813B50446DB6FD9
:103E7000984794F81C33012B06D800230B490C48B3
:103E800000931A4602F0D8F894F80B33032B0BD0AA
:103E90002046FFF7A1FF38B9D4F8EC020368DB6CC9
:103EA00002B0BDE81040184702B010BDF96B070022
:103EB0000E011580036870B504465B6F0D46984788
:103EC00094F80C33032B05D009490A484FF4C37208
:103ED00001F08EFE084BC4F824330023C4F82833C5
:103EE000236884F8105320469B6FBDE87040184744
:103EF000786B07006B6C07009B4C060010B50368DD
:103F00000446DB6F9847012004F21D33C4F80033E8
:103F1000C4F8040384F8080310BD036810B5044610
:103F2000DB6F984794F81C33042B01BFB4F82E3391
:103F3000A4F8FA32012004F54C7303BFC4F800332F
:103F4000C4F8040384F80803002010BD036810B50A
:103F5000DB6F04469847042384F80C33236894F8F5
:103F6000F8221B6FB4F8FA1220469847012010BDC2
:103F7000036870B504465B6F0D46984794F80C33A0
:103F8000042B05D009490A484FF4EB7201F030FECA
:103F9000084BC4F824330023C4F82833236884F87A
:103FA000105320469B6FBDE870401847786B0700A0
:103FB000976C07006D420600036810B50446DB6F7E
:103FC000984794F81C33042B02D0B4F8FA3233B972
:103FD00094F8F632012B25D0022B02D023B3002017
:103FE0001FE0B4F8FA2222F08F03002BF7D112F071
:103FF0000F030CD0530003F01E0343EAD213023B1D
:10400000182202FB034393F83030C3F34003074AFE
:10401000C4F80023138001200223C4F8043384F879
:10402000080310BD0023F2E70123F0E7BC64012080
:1040300010B50368044690B0DB6F9847D4F8EC02E3
:10404000D4F8202303686946DB6B984704F53D727A
:1040500069462046FFF719FE0023C4F80833C4E977
:10406000C033012384F80C33236811465B6E9847F4
:1040700010B010BD036813B50446DB6F984794F881
:104080001C33012B06D800230A490B4800931A461B
:1040900001F0D2FF94F80C23012384F82C332AB9C1
:1040A000204602B0BDE81040FFF7C2BF84F82D33B0
:1040B00002B010BDF96B07000E0115802DE9F0412B
:1040C0001D46036804465B6F0F461646984794F8F2
:1040D0000C33012B05D00B490B4840F2BA2201F0FA
:1040E00087FD0A4BC4F824330023C4F8283323681F
:1040F00084F81073C4E9C56520469B6FBDE8F041A4
:10410000184700BF786B0700BF6C07000F4B060015
:10411000036870B50446DB6F9847B4F8FC2292B38D
:1041200094F8F41294F80833012925D1012B06D014
:10413000D4F8EC020368DB6CBDE870401847D4F893
:104140000433934201D9C4F804230129D4F8043379
:1041500026D1934208D2D4F82023B3FBF2F002FB1D
:1041600010330BB984F80913022384F80B3320466B
:10417000BDE87040FFF730BE002BD9D1D4F804332E
:104180009342E2D0D4E7D4F8EC02D4F804230368D5
:10419000002AD0D1032184F80B139B6C11460EE04A
:1041A000D4F8EC020122016884F80B23D4F8202310
:1041B0000D6CD4F800139A4228BF1A462B46BDE86E
:1041C0007040184710B503680446DB6F984700231A
:1041D00084F82D33032384F80B3310BD036810B526
:1041E000DB6F04469847002284F80C2394F82D23B3
:1041F00094F8103322B12046BDE81040FFF7E2BF2B
:1042000033B9D4F8EC020368BDE81040DB6C184702
:1042100094F80B33012B0AD1D4F8EC02032384F871
:104220000B3303689B6CBDE8104011461847022B06
:1042300007D1D4F8EC02032384F80B3303681B6C1A
:10424000F1E710BD036810B5DB6F04469847002303
:1042500084F82C3394F80C3323B92046BDE8104081
:10426000FFF7B0BF012384F82D3310BD036810B5EC
:10427000DB6F04469847002284F80C2394F82D2322
:1042800094F8103322B12046BDE81040FFF79ABFE2
:1042900063B1B4F8FA32A4F82E33B4F8F83284F8E3
:1042A00030332046BDE81040FFF732BFD4F8EC02AF
:1042B0000368BDE81040DB6C1847036810B504467E
:1042C0005B6F984794F8F03283B9D4F8EC02036836
:1042D00021469B689847D4F8EC02036840219B6B09
:1042E00098470123C4F8200384F8F032236820465D
:1042F0009B6FBDE81040184738B5036804465B6FF4
:10430000984794F81C53236820469B6FEDB298475A
:104310002B1F5842584138BD036810B55B6F0446E7
:1043200098472046FFF7C9FF94F8F1323BB9D4F81B
:10433000EC0203685B699847012384F8F132236833
:1043400020469B6FBDE81040184700002DE9F04F54
:10435000904685B002680391526F0293DDF8389061
:1043600005469047039911F0700F03D111F00F0F1C
:10437000029B06D100232B492B4800931A4601F0DB
:104380005BFE95F8F2723FB92B6828469B6F984701
:10439000384605B0BDE8F08F4C0004F01E0444EA36
:1043A000D114A61E4FF0180B0BFB065A9AF83020BA
:1043B000D20705D51D491E484FF48E6201F018FC46
:1043C000B8F5806F04D919491A4840F27142F5E7EF
:1043D000D5F8EC020268176D4246B8470746002838
:1043E000D2D0601E0BFB0050043048450BD0029029
:1043F000CAF760F8D9F80C30CAF828301BB15B68EE
:10440000029849469847182303FB065696F8303021
:10441000A6F82C8043F0010386F83030002386F89C
:104420003130B1E7AF6B070004011580786B0700EE
:10443000E26C0700046D0700D0F8EC0203685B6BC8
:1044400018470000F8B50F461949044640F81C1BF0
:104450000025064604F53B71F5601836B142FBD1E4
:10446000E380BDF818302381A28000214FF434721C
:104470000BF044FF2822002104F53D700BF03EFFB5
:104480000123C4E9C855C4E9CA55C4F8EC72A4F8BC
:10449000F05284F8F252C4F8345384F8305384F85C
:1044A0001C3384F81D5384F81E532046F8BD00BF0A
:1044B000D06D070038B503685B6F0D46044698471A
:1044C0002B071FBF6B0003F01E0343EAD5118B1EA1
:1044D0001BBF182202FB0343D4F820539D8D236891
:1044E00020469B6F9847284638BD00000368F7B503
:1044F0005B6F0E460546984736F08F0701D13207AD
:1045000006D100231749184800931A4601F094FD7C
:10451000740004F01E0444EAD6141823023C03FB82
:10452000045494F83030DB0709D42846FFF7E4FE42
:1045300080B10E490E4840F28C5201F059FB94F8BC
:1045400031303BB1D5F8EC0203683146DB6E984759
:1045500084F831702B689B6F284603B0BDE8F040AB
:10456000184700BFAF6B070004011580786B070088
:104570001C6D0700036873B55B6F0E4604469847D1
:1045800016F0700F01D1310706D100231A491B48DC
:1045900000931A4601F050FD750005F01E0545EA2E
:1045A000D6151823023D03FB054595F83030DA0790
:1045B00009D42046FFF7A0FEB0B11149114840F2DE
:1045C000CC4201F015FB43F0020385F83030D4F8FB
:1045D000EC02036831469B6D984795F831301BB16A
:1045E00031462046FFF782FF23689B6F204602B0CA
:1045F000BDE87040184700BFAF6B0700040115808D
:10460000786B07001C6D0700036810B50446DB6F6C
:10461000984794F81C33042B02D0B4F8FA32A3B9AB
:1046200094F8F632022B10D1B4F8FA1231F08F0060
:104630000BD111F00F030AD0B4F8F83223B9204699
:10464000C9B2FFF797FF012010BD0020FCE7184614
:10465000FAE700000368F7B55B6F0E46044698471B
:1046600016F0700F01D1310706D100231C491D48F7
:1046700000931A4601F0E0FC750005F01E0545EABE
:10468000D615023D182707FB054393F83020D207C3
:1046900009D42046FFF730FED0B11349134840F249
:1046A000F14201F0A5FA93F831301BB131462046B2
:1046B000FFF71CFF07FB0545314695F8303023F026
:1046C000020385F83030D4F8EC020368DB6D9847BC
:1046D00023689B6F204603B0BDE8F040184700BF39
:1046E000AF6B070004011580786B07001C6D070095
:1046F000036810B50446DB6F984794F81C33042B0D
:1047000002D0B4F8FA32A3B994F8F632022B10D1E1
:10471000B4F8FA1231F08F000BD111F00F030AD068
:10472000B4F8F83223B92046C9B2FFF793FF01204D
:1047300010BD0020FCE71846FAE700002DE9FF4114
:104740009846036803920E465B6F0746984736F01B
:104750008F0403D116F00F0F039A06D100232049CE
:10476000204800931A4601F067FC750005F01E050D
:1047700045EAD6151823023D03FB057595F8303040
:10478000DB070AD43846FFF7B7FD044688B116495F
:10479000164840F2AF5201F02BFAAB8D434505D9D4
:1047A00013491448009423462246DCE795F831105B
:1047B00039B13B6838469B6F9847204604B0BDE846
:1047C000F081D7F8EC0201680C6E3146A047044630
:1047D0000028EED095F83130013385F83130E8E724
:1047E000AF6B070004011580786B07001C6D070094
:1047F0002A6D070005011580036837B55B6F0D460C
:104800000446984715F0700F01D12A0706D10023FE
:104810001549164800931A4601F00EFC6B0003F090
:104820001E0343EAD513023B182202FB034393F80D
:104830003030DB070AD42046FFF75EFD054660B145
:104840000B490C4840F2E95201F0D2F9D4F8EC02DD
:10485000036829465B6E98470546236820469B6F90
:104860009847284603B030BDAF6B070004011580A0
:10487000786B07001C6D07002DE9FF41984603681F
:1048800003920E465B6F0746984736F08F0503D1BB
:1048900016F00F0F039A06D10023224922480093F5
:1048A0001A4601F0C9FB740004F01E0444EAD61451
:1048B0001823023C03FB047494F83030DB070AD45D
:1048C0003846FFF719FD054688B11849184840F2E7
:1048D0000A6201F08DF9A38D434505D215491648AA
:1048E00000952B462A46DCE794F831303BB13B6813
:1048F00038469B6F9847284604B0BDE8F081D7F84A
:10490000EC02036831469D6E4346A847054638B120
:1049100094F83130A4F82E80013384F83130E6E782
:10492000E085E4E77B6D070004011580786B0700E4
:104930001C6D0700996D070005011580036837B5E8
:104940005B6F0D460446984715F0700F01D129079B
:1049500006D100231249134800931A4601F06CFB5C
:104960006B0003F01E0343EAD51118228B1E02FBD5
:10497000034393F83020D2070AD42046FFF7BCFC4B
:10498000054630B10849094840F2496201F030F962
:10499000DD8D236820469B6F9847284603B030BDC5
:1049A000AF6B070004011580786B07001C6D0700D2
:1049B000036870B50446DB6F0D46984794F81C23D6
:1049C00084F81C53AA42D3B226D0032B09D9032D55
:1049D0008CBF00260126012B05D9012D03D88EB1ED
:1049E00003E00026F7E786B100264FF43472002179
:1049F00004F11C000BF082FC002384F81D3384F8C2
:104A0000F23216B12046FFF71DFC236829462046E6
:104A10001B6EBDE87040184770BD036810B50446B2
:104A2000DB6F9847D4F8EC0294F8F8120368DB6A5D
:104A30009847B4F8F8322BB902212046FFF7B8FFA7
:104A4000012010BD0321F8E7036810B50446DB6FB1
:104A5000984794F8F81284F81D1351B9D4F8EC0271
:104A600003681B6A984703212046FFF7A1FF012036
:104A700010BD012384F8F232032384F80C33236839
:104A80002046DB6E9847F2E7036810B50446DB6FFB
:104A9000984794F8F532C3BB94F8F7320B2B34D80F
:104AA000DFE803F0060B331033151A331F24292EC9
:104AB0002046BDE81040FFF77FBA2046BDE8104011
:104AC000FFF716BE2046BDE81040FFF79DBD20460B
:104AD000BDE81040FFF7A1BF2046BDE81040FFF73A
:104AE0002BB82046BDE81040FFF708BA2046BDE8C5
:104AF0001040FFF7A9BF2046BDE81040FFF70DBAF0
:104B00002046BDE81040FFF721BA002010BD036821
:104B100010B5DB6F04469847002084F80C0394F826
:104B20002D0394F81033D4E9C52190B1012B0BD893
:104B3000022384F80C33236804F53D7120469B6EF4
:104B4000BDE81040012218472046BDE81040FFF79D
:104B500039BB042B12D12046FFF796FF30B9D4F8A9
:104B6000EC020368BDE81040DB6C184794F80C3386
:104B700073B92046BDE81040FFF7CABA032BEED048
:104B80000120C4E9C02184F80A0384F80833F0E75F
:104B900010BD036810B5DB6F04469847204602211C
:104BA000FFF706FF002384F81E332046FFF74AFB79
:104BB00023682046DB6DBDE810401847036810B538
:104BC00004465B6F984794F8F1323BB1D4F8EC029D
:104BD00003689B699847002384F8F13294F81C33EA
:104BE000012B03D901212046FFF7E2FE002384F8C0
:104BF0001D3384F81E33236820469B6FBDE81040A8
:104C00001847036810B504465B6F984794F8F03274
:104C100053B12046FFF7D2FFD4F8EC020368DB68FB
:104C20009847002384F8F032236820469B6FBDE844
:104C3000104018470D4B70B5036090F8F0320446F1
:104C40002BB10B490B4840F2625200F0D1FFFFF745
:104C5000D8FF04F53B7504F11C06B54204D0183D9D
:104C60002846C9F727FCF8E7204670BDD06D07003D
:104C7000786B0700BA6D070038B503680D46DB6F27
:104C80000446984745B994F81C332BB12946204671
:104C9000BDE83840FFF78CBE38BD036870B50446E8
:104CA000DB6F984794F82D3394F8106303B97EB9FD
:104CB0002046FFF721FB054650B901464FF43472F8
:104CC00004F11C000BF01AFB84F81D5384F8F25217
:104CD000002384F80C3394F82D3323B12046BDE82B
:104CE0007040FFF76FBAD4F8EC02036856B1DB6985
:104CF000984720460421FFF75BFE2046BDE8704040
:104D0000FFF706BABDE87040DB6C184708B51046DF
:104D10001A460BF0CBFA002008BD70B50E460446CB
:104D2000154605F0DBFB013609D02046002105F0D1
:104D300049FC29462046BDE8704005F021BC70BD05
:104D400008B5431C04D10E490E48212200F050FF43
:104D5000012351B11F2886BF0B4A00F01F004FF0FE
:104D6000A0428340C2F8083508BD1F2886BF064A06
:104D700000F01F004FF0A0428340C2F80C35F3E76B
:104D80006E690700AD3A070000030050F8B50F4602
:104D9000044615461E4605F0A1FB01370ED094F9D6
:104DA00000003146FFF7CCFF2046012105F00AFC48
:104DB00029462046BDE8F84005F0E2BBF8BD0322D5
:104DC000FFF7ABBF73B5164604461A460D46069B61
:104DD0006EB90193FFF7A1FF01350DD0019B94F946
:104DE0000000194602B0BDE87040FFF7A9BF02B04D
:104DF000BDE87040FFF7CABF02B070BD0048704701
:104E0000A06E0700024B1B680BB1024818477047A1
:104E1000F4630020A06E0700F8B5446894F832608F
:104E20008EBB03685B689847226A82422BD0236955
:104E30002062821A1A40A368A2FB03C194F93420AD
:104E4000CAB1606A10EB0C0541F10001002A1BDBBE
:104E5000C2F12000A2F1200325FA02FC01FA00F0C1
:104E600021FA03F34CEA000C4CEA030CD1400CFA93
:104E700002F2AA1A6262D4E90A3213EB0C0341EB84
:104E80000201C4E90A31F8BDE76833463A462846CC
:104E90000AF046FC844607FB10506062EBE7824252
:104EA00006D98A420BD9884294BF0020012070475E
:104EB000884206D98A428CBF002001207047012019
:104EC00070470020704700002DE9F74347683B6BAF
:104ED00023F07F4929F0FF090646B9F1000F5ED1A2
:104EE000FFF79AFF7B68002B5CD0D3E90040D7E93D
:104EF0000A23A242834105D333685B6903B0BDE84E
:104F0000F04318477568D5E90A23A41AD5E9058244
:104F100060EB0300EB69A24283411ED3EB68A3FB65
:104F2000044103FB001195F933309BB1AA68501E70
:104F3000001941F10001002B1DDBC3F1200CA3F18E
:104F4000200220FA03F401FA0CFC44EA0C0421FAD2
:104F500002F21443A04528BFA0462B6A08EB0302C7
:104F60002B691A403B6A93420AD11449144840F213
:104F7000C91200F03DFE4B460AF0D2FB0446E9E7B9
:104F80003368019210461B69984733685B689847FD
:104F9000019A0146386AFFF782FF0028ACD103B0BE
:104FA000BDE8F0837B69386A3A69184433681B6945
:104FB000104003B0BDE8F043184700BFCC6E0700B7
:104FC000F36E07004368F7B593F830200546002AD2
:104FD0007AD193F83230002B76D103681B6898475A
:104FE0002B68DB69984703682BB938493848009328
:104FF0001A4601F021F8374A1F461446B7FBF2F271
:1050000004FB12722746002AF7D16E683149B1FBC2
:10501000F4F11F22B1600127013A03D307FA02FC21
:105020006145F9D186F83320B3FBF4F21F23F26017
:10503000012404FA03F7BA4201D0013BF9D286F801
:1050400034304068071F1C2F05D90023224923480C
:1050500000931A46CDE720281CBF012383404FF060
:10506000070404FA07F414BF03F1FF334FF0FF33D2
:1050700033617461E017A4FB0143002701FB003199
:10508000531E47F1FF3CE01841EB0C013B460AF090
:1050900047FB2B68C6E90601C6E900775B689847BD
:1050A0006B683062002101220020C3E90A015F62BF
:1050B00028461A8683F83270FFF7AEFE284603B002
:1050C000BDE8F040FFF700BF03B0F0BD176F070069
:1050D0000E01048040420F00306F0700050104807C
:1050E000F3B44568069C8C60C1E900236C68002716
:1050F00034B9CC607FB9696002B0F0BCFFF7E4BEA0
:10510000666801962668B242019E73EB0606F0D3EC
:105110002746E468ECE7F960D5E90A4194429941F1
:10512000EAD202B0F0BC704738B505460C46FFF72E
:1051300049FF00F007FE6B681C60BDE8384000F0D6
:1051400017BE70B5054600F0FDFDD5E90034DB68FB
:10515000984794F832301BB1BDE8704000F008BEAB
:10516000012384F831306368A3B12846FFF754FE69
:105170006368D4E90A62D3E9000186428A4109D30F
:105180006A68DB68526863602368002BEBD0906824
:105190009847E8E7002384F831302846FFF794FE6B
:1051A000DAE710B586B0CDE904210393089C02909C
:1051B00000F0C8FD0298FFF72FFEDDE903320599E4
:1051C00002980094FFF78CFF06B0BDE8104000F095
:1051D000CFBD38B505460C4600F0B4FD6A6853688B
:1051E000A34209D1DB6853602846FFF76DFEBDE896
:1051F000384000F0BDBD1346002BF8D0DA68A2425B
:10520000F9D1E268DA60F2E713B50446FFF7DAFE97
:1052100000F098FD2046FFF7FFFD6368D3E90A011F
:10522000CDE9000100F0A4FDDDE9000102B010BDF0
:1052300008B5FFF7E9FF08BD024B00221A7006F01F
:10524000E3BA00BFF864012008B506F04BFA024B40
:1052500001221A7008BD00BFF864012000487047A1
:105260006C6F0700024B1B680BB102481847704770
:10527000F86300206C6F070091F90C2091F904107D
:1052800005F006BF024B1B6803B11847704700BF0B
:105290003865012007B5019000F054FD019803B076
:1052A0005DF804FB07B5019000F062FD019803B0C2
:1052B0005DF804FB00F046BD00F05ABD007B70476E
:1052C00038B50D4B03600023C0E901310273044679
:1052D0000A480D46FDF7AAF901F070FC55B1084BDC
:1052E0001A6862601C600548FDF7A0F901F084FCB3
:1052F000204638BD6560F6E7A86F070040650120CD
:105300003C650120144B10B5036004461348FDF7BB
:105310008DF901F053FCA3682BB1114962680B6849
:10532000A34212D10A600F4B0C481A68A24204BF74
:1053300000221A60FDF77AF901F05EFC237B13B9B5
:10534000201F01F07DFA204610BD19465B68A3427C
:10535000FBD14A60E7E700BFA86F07004065012066
:105360003C6501206865012010B50446FFF7CAFFBF
:105370002046102101F060FA204610BDF8B506461F
:1053800017480D46FDF752F901F018FC154B1C6843
:1053900084B9072D1BD114482A4631460AF078FFFC
:1053A000A8B90F48FDF742F901F026FC0F4B1C6825
:1053B0002046F8BDA76887B138460BF074FEA842B6
:1053C0000BD12A46314638460AF062FF28B9044814
:1053D000FDF72CF901F010FCEAE76468D8E700BF9C
:1053E000406501203C650120986F07006865012039
:1053F00000207047036870B51B6901220021044634
:105400009847051E0DDB236802221B6900212046F8
:1054100098472368064629461B690022204698477C
:105420003546284670BD000070B50E460025C0E91F
:1054300000550E49044630460BF069FE30440346E1
:1054400029461A782F2A07D10133236049B9084920
:1054500008482A2200F0CCFB002AF6D001310133A3
:10546000EFE7FFF78BFF6060204670BD007007001C
:10547000027007002970070000687047406808B58F
:1054800020B1FFF71BFF431E5842584108BD10B51D
:105490000446FFF7F3FF10B1606800B1043810BD97
:1054A000406808B520B1FFF709FFB0FA80F0400965
:1054B00008BD10B50446FFF7F3FF10B1606800B1F6
:1054C000043810BD4068003818BF01207047002024
:1054D0007047F8B503681B6D0D4604468F18984752
:1054E0002E46BE42236806D09B6C16F8011B204650
:1054F00098470130F5D1236820465B6D9847701BB3
:10550000F8BDF8B503681B6D0E4604468F18984722
:105510003546BD42236805D1236820465B6D984718
:10552000A81BF8BDDB6C20469847431CF4D005F857
:10553000010BEEE700207047704700000F4B13B5DA
:105540000022044640F8043BFFF7BAFE0C4B2360F0
:1055500060336360002363610A49204601F0CEF99D
:105560000346606128B9009002460749074800F0E9
:1055700063FD00F02DFF204602B010BDB86F07009C
:10558000B070070032700700357007001901018004
:105590000A4B03F10802683310B504460260436009
:1055A00040690AF0B9FA064B23602046503340F8B0
:1055B000043FFFF7A7FE204610BD00BFA8700700FC
:1055C0005070070008B5024902488E2200F010FB17
:1055D000187107003F71070010B504460846FFF731
:1055E00013FEC4E90001204610BD000010B50446BA
:1055F000FDF716FF20460A4B40F8203BA169FFF754
:10560000EBFFD4E90823C4E90A2300220023C4E9FC
:105610000C230023C4E90E3384F84030204610BD2B
:10562000707107004FF0FF30704738B590F83F5069
:1056300004460DB1FFF7C6FFFDF712FF94F84030A6
:10564000A5872BB184F84050BDE8384000F0CEBDAE
:1056500038BD10B5044601F1300000F001FBC4E98B
:105660000001204610BDD0E90C32013342F10002A6
:10567000C0E90C32D0E90A3213F57A7342F1000224
:10568000C0E90A327047D0E90A2312F57A7243F171
:105690000003FDF7DBBE37B50D4604468969684651
:1056A000FFF79AFFD5E90A3200980199C01A61EB19
:1056B0000201B0F57A7F71F1000306D200220023C7
:1056C000C4E90023204603B030BDB0F5FA6F71F194
:1056D000000301D20122F2E700294FF47A724FF061
:1056E0000003D8BF00210AF01BF8C4E90001E9E774
:1056F00091F83F30F7B505460C4613B991F83C6078
:1057000026B112491248E52200F072FA6846FFF706
:10571000C2FFDDE900304FF47A71A3FB017201FB97
:105720000022A663D4E90A16C91942EB0602C4E9AD
:105730000A12D4E90C125B1842EB00022846C4E9B5
:105740000C32C5E9003203B0F0BD00BF187107008C
:1057500049710700F0B51E4690F83F3085B0044609
:10576000174623B11F492048582200F041FA90F80B
:105770003C305BB9014602A8FFF7BAFF029BBB426F
:10578000039BB34104D3012384F83D3005B0F0BD41
:10579000214602A8FFF75DFF4FF47A73A7FB0321B0
:1057A00003FB0613D4E90810521843EB000394F8E6
:1057B00040000121A18760B9A069006890F820002D
:1057C00038B984F84010CDE9002300F0F9FCDDE998
:1057D00000230021204684F83E1005B0BDE8F040CB
:1057E000FDF734BE187107003F710700024B4FF000
:1057F00080625A60704700BF00ED00E008B50121EB
:10580000383000F01BFA08B1FFF7F0FF08BD0123A4
:1058100010B580F83F30836B04460BB1FFF7E6FF0D
:105820002046FFF730FF10BD90F83C3010B504461D
:105830004BB1002380F83C3090F83E3013B901237F
:1058400080F83D3010BD90F83F30002BFAD0836BCC
:1058500001338363FFF7CAFF2046FFF704FF2046AA
:10586000FFF711FFEEE70000024B4FF000725A60A5
:10587000704700BF00ED00E010B50446FDF7F0FDF5
:10588000002384F83F30FFF7EFFF10BD102300F036
:1058900007B8202300F004B8302300F001B84023FB
:1058A0009C46F0B404AE7546E80801D3EFF30986D0
:1058B0000E4F0FCE0FC70FBC0FC74046494652468A
:1058C0005B460FC71DCE3100A60A00D304316E0916
:1058D00000D248311FC7EFF309806946EFF3148601
:1058E00063C76046014900F079F800BF6C6501208C
:1058F000F0B52C4E2C4F85B000243546214656F885
:10590000042B3846013400F001FA0D2CF6D1AB6CB3
:1059100002936B6C01932B6C244C0093D5E90E23FE
:10592000696B234800F0F2F92168224800F0EEF993
:10593000E16AA26AA36AA06A266BE76B000CCDE954
:1059400001670090C3F307231B48D2B200F0DEF9D1
:10595000A36A1E0603D5616B184800F0D7F9A36A45
:10596000180403D5A16B164800F0D0F9EB6C1907A9
:1059700012D5144800F0CAF92B6DDA070FD512487A
:1059800000F0C4F9EB6C5B074CBF1048104805B041
:10599000BDE8F04000F0BAB90E4800F0B7F90E4883
:1059A000EEE700BF6C6501207471070000ED00E0B8
:1059B00082710700D1710700DF7107002E720700A6
:1059C0003C7207004A72070059720700897207008B
:1059D00095720700797207006672070007B50446E2
:1059E0000D461A48012100F032F968BB184800F052
:1059F0008DF9302C19D0402C1CD0202C1FD11548EB
:105A0000154C00F083F9154800F080F9FFF770FF9E
:105A1000134800F07BF90D4B00221A700023114946
:105A200000932A46204600F007FB0F480F4C00F079
:105A30006DF9E8E70E480F4C00F068F9E3E70E480F
:105A40000E4C00F063F9DEE70024E7E77C660120F6
:105A5000A1720700CA7207003E01FF80F7720700BB
:105A60000273070021730700D97207003F01FF800E
:105A7000E27207004001FF80ED7207003D01FF80E8
:105A8000F8B515460C4699B151F8087C95B12846F1
:105A90000AF09CFB064648B1AF423A46214628BF71
:105AA0002A460AF003FC20460AF098FB3046F8BD6F
:105AB0000F46EBE72E46F9E713B54A43104601922D
:105AC0000AF084FB044618B1019A00210AF016FC82
:105AD000204602B010BD000070B506461D481E4CA1
:105AE0000D46FCF7A3FD01F069F815F1090F2CD85C
:105AF00005F1080130460AF057FC30B3A268174B95
:105B000005602A444360A260226923680132226151
:105B100062682B44934250F8042C88BF6360236072
:105B2000002AA0F10403B8BF9B18A2691B68521B8E
:105B300023F00103134400F10806A3610548FCF7B4
:105B400075FD01F059F8304670BD6369013363613A
:105B50000026F3E7DC650120C0650120EFBEADDE65
:105B600000B572465DF804EBFFF7B6BF38B50546E1
:105B700019480C46FCF75AFD01F020F81CB354F804
:105B8000042C164B9A4225D154F80C1C54F8082CBE
:105B9000A4F10C030029B8BF5B181968002344F86E
:105BA000043C0F4B1868801A186018690138186196
:105BB000986921F001010244521A9A61A4F1080186
:105BC00028460AF0A3FB0448FCF730FDBDE8384046
:105BD00001F012B82146F3E7DC650120EFBEADDE2F
:105BE000C065012000B572465DF804EBFFF7BEBF4B
:105BF00007B50B46009201460022014800F01CFA4E
:105C00004401FF8003460122D3E84F0FC3E8412F30
:105C1000C0B20029F8D17047D0E85F3F5B18C0E8F8
:105C2000523F002AF8D198B27047D0E85F3F5B1A24
:105C3000C0E8523F002AF8D198B27047034653E8B3
:105C4000000F401A43E80002002AF8D170470346CB
:105C5000D3E84F0FC3E8421FC0B2002AF8D1704703
:105C600013B5044600F06EF8D4E90001CDE9000157
:105C700000F07EF8DDE9000102B010BD08B500F0CB
:105C800061F8FEE773B5002201460446022000F0E9
:105C900049FC0D2600F056F80022254614F8013B79
:105CA00023B902B0BDE8704000F062B80A2B09D1F8
:105CB0000D2A07D001220DF1070102208DF807609F
:105CC00000F030FC01222946022000F02BFC14F8E1
:105CD000012CE2E700B5A3B002460B4601A88421DF
:105CE0000BF0F2FA832806D9074B1A681B79CDF816
:105CF00083208DF88730002802DD01A8FFF7C2FF5E
:105D000023B05DF804FB00BF317307000FB407B583
:105D100004A951F8040B0191FFF7DCFF03B05DF813
:105D200004EB04B07047EFF31080C04300F00100B3
:105D30007047EFF30580003818BF0120704704F06A
:105D400029BA000008B504F015FA064A1368591C70
:105D500004D1054905483F22FFF74AFF013313608C
:105D600008BD00BF0466012036730700607307009A
:105D7000044A136823B1013B13600BB904F002BA63
:105D8000704700BF0466012008B50B48FFF73AFFD3
:105D900028B1FFF7D7FFBFF34F8F20BFFDE7FFF715
:105DA000C8FF08B1FFF76AFFFFF7BDFF0028F9D071
:105DB000012000F008FB00BF446601202DE9B0433C
:105DC0004B4C0F462168C1F34173032B0CBF4D426E
:105DD0008DB2C1F3074398B08146904645482A46A4
:105DE000FFF794FF6FF498731D44132D0FD8DFE86D
:105DF00005F00A6265686B716E740E0E0E0E0E0E63
:105E00000E0E0E0E0E77A1683B48FFF77FFF484647
:105E1000FFF738FF61683948FFF778FF4FB138481E
:105E2000FFF730FF3846FFF72DFF36484146FFF7B2
:105E30006DFFA1683448FFF769FF2368334A1A44AD
:105E4000012A05D9324A934202D0033A93424BD1F8
:105E5000A06820B1C06C80F00800C0F3C000E36807
:105E6000002B43D059682B4A002908BF1146E2692C
:105E70000392A26902926269019222690092264D00
:105E8000264A002818BF2A462548FFF73FFF04A8E6
:105E900000F0DEFD079B01939DF818302168009308
:105EA0002048DDE90423FFF731FF1F48FFF72EFFED
:105EB00018B0BDE8B083A1681C48A6E7A1681C48DB
:105EC000A3E7A1681B48A0E7A1681B489DE7A1685C
:105ED0001A489AE7A1681A4897E7A168194894E711
:105EE0001948FFF713FF92E70020B8E70949BEE71A
:105EF00048660120A6730700F77307009F74070028
:105F0000B0740700B8740700BC740700C2FE007FBD
:105F10004001FF80917307009B7307002073070007
:105F2000D074070029750700A37507000D740700DA
:105F30001D7407002C7407003F740700537407009A
:105F400067740700767407008C74070070470000C0
:105F500070B5294C8EB034EA200428BF04460D46A3
:105F600016460021302202A80AF0C8F9234B0194FA
:105F70002344012B039505D9214B9C4202D0033BBE
:105F80009C4233D1EB6B02936B6B08931D4B5B69A7
:105F90000493DA6B05925A6B1B6B06920793FFF71B
:105FA000D1FE194A13680133012B136009D101ADE9
:105FB0000FCD164C0FC40FCD0FC40FCD0FC42B68DF
:105FC000236001AC0FCC124D0FC50FCC0FC50FCC09
:105FD0000FC523682B600F4B1B68A5F1300043B140
:105FE0009847FFF7C5FE00200EB070BD029601ABCA
:105FF000CBE7FFF7ABFFF4E70101FF80C2FE007FB4
:106000004001FF8028620020086601201066012000
:10601000486601200C66012000207047014B18786B
:10602000C0B270477C66012000B5114672465DF82B
:1060300004EBFFF78DBF000080B506460C460A480A
:106040000121F04617461D46FFF701FE48B94246BA
:1060500039463046FFF77CFF029A29462046FFF773
:10606000ADFEFFF791FE00BF7C66012038B5064CFF
:1060700023683BB9FEF7C2FE044D01462846FFF7F0
:10608000B5FA2560206838BDC86601208066012009
:1060900008B5836823B9054B1B6893F83D0008BD1C
:1060A000C06898470028F6D0F9E700BFC86601200D
:1060B000F7B5194F04464FF0FF356FF00046204604
:1060C000FFF7E6FF30BBD4E90023B34208BFAA4282
:1060D00002D03868FFF73EFB01A8FFF7DBF8204647
:1060E000FFF7D6FF98B9D4E90023B34208BFAA420C
:1060F00007D100F09FF801A8FFF7D4F8BFF36F8F26
:10610000DDE73B6893F83C30002BF2D1F3E701A8C0
:10611000FFF7C8F803B0F0BDC866012030B587B0FE
:10612000CDE902230A9B0C4D04930B9B0593044677
:10613000FFF79CFF02A8FFF7BBFF2868FFF775FA7F
:1061400068462968FFF7D4FADDE900232046C4E950
:10615000002307B030BD00BFC86601202DE9F04123
:10616000DFF83C8086B005460E4604A8D8F800103B
:106170001746FFF76EFAD8F80020DDE90443926B6A
:10618000A41A63EBE2732A1943F1000302A8CDE9D4
:106190000067FFF7C3FF0298001B06B0BDE8F0815F
:1061A000C866012010B5054C236813B9FEF726FE1A
:1061B00020602068BDE81040FFF726B8D8660120AF
:1061C00013B5074C01212046FFF726FD034628B9E9
:1061D0000090228803490448FFF72EFF02B010BD4B
:1061E000CC660120BD7507002301048013B5094C5E
:1061F00001212046FFF719FD4FF6FF73984206D1A3
:1062000000232288044905480093FFF715FF02B0D8
:1062100010BD00BFCC660120DF750700240104809B
:10622000034B188880B2B0FA80F04009704700BF75
:10623000CC660120F8B5FFF785FDFFF7B3FF0746F1
:10624000FFF7EEFF0E460546A8B105F031FAFFF75D
:10625000A9FF04460A468DB10E4DD5E90031DB1B7E
:1062600061EB06011B1942EB0101C5E90031BDE8F4
:10627000F840FFF77DBD05F0F7F9E8E70649D1E9F9
:106280000030DB1B60EB06051B1942EB0502C1E980
:106290000032ECE7D0660120E06601206FF01C00C0
:1062A00070476FF01500704701207047002070475D
:1062B00070470000034B186818B14FF0FF31CBF75F
:1062C00031BA704720070120024B186808B1CBF79C
:1062D00041BA704720070120F8B5074F15460C4614
:1062E0008E18B44201D12846F8BD14F8011B384677
:1062F00005F040F9F5E700BFCC6B012038B511F08F
:1063000001048DB205D0084805F06AF9041E18BFD3
:106310000124EB0605D5044805F082F908B144F0E4
:106320001004204638BD00BFCC6B012010B50446D8
:1063300009F054FF204610BD10B50C462AB10448A0
:1063400005F0D6F82070012010BD1046FCE700BF14
:10635000CC6B012038B5084B0360084B1B68044622
:10636000154633B90648FEF787FF0548294604F06D
:10637000A5FF204638BD00BF3C770700386C0120E0
:10638000CC6B01200020704700207047074A084965
:1063900013681844884289BF064B10600C224FF0E6
:1063A000FF308CBF1A601846704700BFFC640020A5
:1063B00000FC0320B870012008B508B1FFF75EFCAF
:1063C000FEE70120704708B5FFF7F6FF0120704790
:1063D00000210AF0BBBC08B5CCF7FAF808BD08B537
:1063E000CCF7FEF808BD000010B50446037803F0B2
:1063F0000303012B08D0FFF75DFF237803F00302AE
:10640000012A03D1FFF760FF00200AE02AB1054905
:1064100005484FF4D462FFF7EBFB43F0020323700F
:10642000012010BDFD7507002976070008B5037827
:1064300003F00302022A05D00749084840F2A96286
:10644000FFF7D6FB23F0030343F001030370BDE81D
:106450000840FFF739BF00BFFD750700477607000A
:106460003F2870B504462EDC184E56F820305A1CD2
:1064700013D1022811DCFFF787FF034658B92046E5
:10648000FFF780FF034630B9114D2B68BFF35B8FD8
:10649000DB0704D50F4B46F82430184670BD28465C
:1064A000FFF7A2FF0028F5D00B490A484FF4E1326C
:1064B000FFF750FF094A0A490648FFF782FF2846BE
:1064C000FFF7B4FFE6E70023E7E700BFFC63002027
:1064D000E8660120946701208477070000600020AF
:1064E000B162060038B50546FFF7BAFF0B4B002432
:1064F00043F8254030B909F09DFA092303604FF0B5
:10650000FF3038BD03685B699847051E04DA09F05F
:1065100091FA6D420560F2E72046F2E7FC63002045
:10652000FFF7E0BF13B5CDE90021FFF799FFDDE9E3
:10653000002140B909F07EFA092303604FF0FF34CF
:10654000204602B010BD0368DB689847041EF7DAE6
:1065500009F070FA64420460F0E713B5CDE9002158
:10656000FFF77EFFDDE9002140B909F063FA092356
:1065700003604FF0FF34204602B010BD03689B68F3
:106580009847041EF7DA09F055FA64420460F0E710
:1065900010B5FFF765FF044628B909F04BFA092347
:1065A0000360204610BD0368DB699847041EF8DAD3
:1065B00009F040FA644204600024F2E737B5402352
:1065C000CDF80100054668468DF8003009F098FCCA
:1065D000044630B12846FFF7DBFF10B12046FFF735
:1065E000F7FE204603B030BD2DE9F74F06460F46B3
:1065F0009046FFF79EFB054630B100232D492E48FB
:1066000000933246FFF718FDFFF78DFB0028F4D00A
:10661000B8F1000F09DA09F00DFA162303604FF004
:10662000FF34204603B0BDE8F08F3046FFF7B0FFDF
:10663000044640B1DFF884B0DFF884A01BF8069070
:106640002C46A84511DCA045EBDDA8EB0402391966
:106650003046FFF767FF0028E1DB24181FBF3F1912
:10666000164B17F8012C9A55DBE77A5D0A2A1CD1E4
:10667000B9F10D0F19D0AC420BDA2A1B391930468B
:10668000FFF750FF0028CADB0444A542C9DC0BF821
:106690000690012251463046FFF744FF0028BEDB3A
:1066A000BFD04FF00D030BF8063017F805900135F9
:1066B000C7E700BF7E7607002F0101802C6701200D
:1066C000B8760700FFF764BF7FB504460D4616464F
:1066D000FFF72FFB30B100231F49204800932246CB
:1066E000FFF7AAFCFFF71FFB0028F4D0002E07DA03
:1066F00009F0A0F9162303604FF0FF3004B070BD1D
:106700002046FFF745FFF8B1154E01220DF10F01AC
:106710002046FFF722FF0028EEDBEFD09DF80F3078
:106720000D2B08D1325D0A2A0AD01A460A233255A7
:106730002B700120E2E70A2B04D1325D0D2AF3E72A
:106740003355E2E71A46F2E732462946204604B0BE
:10675000BDE87040FFF701BFBA7607002F01018046
:10676000EC66012013B5CDE90021FFF779FEDDE9E4
:10677000002140B909F05EF9092303604FF0FF34AE
:10678000204602B010BD03681B699847041EF7DA63
:1067900009F050F964420460F0E7FFF7E3BF38B551
:1067A0000D46FFF75DFE044630B909F043F90923B1
:1067B00003604FF0FF3038BD0368DB69984700285D
:1067C00014BF4FF400534FF400436B60236820461E
:1067D0009B6A984728610020EDE7FFF7E0BF0000C3
:1067E0001FB5039009F0F2FC039A034620B900900C
:1067F00003490448FFF720FC05B05DF804FB00BF27
:10680000F67607001F0101801FB5039009F0DEFC3A
:10681000039A034620B9009003490448FFF70CFC93
:1068200005B05DF804FB00BF137707001F0101806E
:1068300009F0CCBC09F0CABC09F0D0BC09F0CEBC50
:1068400010B504460B48FBF7F1FE00F0B7F90A4A11
:106850004023002152F8040BA04208BF42F8041C58
:10686000013BF7D10348FBF7E1FEBDE8104000F023
:10687000C3B900BF6C670120FC63002010B512484B
:10688000FBF7D4FE00F09AF9104B032453F82420B0
:106890007AB10134402CF9D109F0CCF81823036007
:1068A0000948FBF7C3FE00F0A7F94FF0FF3420467C
:1068B00010BD4FF0FF3243F824200348FBF7B6FE2B
:1068C00000F09AF9F3E700BF6C670120FC63002039
:1068D00010B50446FFF7D2FF002807DB044B054A3A
:1068E00043F8204000231354034A135410BD00BF43
:1068F000FC630020EC6601202C67012073B506467E
:106900000191FFF7E5FF051E13DB0199FFF756FE26
:10691000044630B9084B53F82520964204D143F879
:106920002500204602B070BD09F084F809230360F9
:10693000F7E70024F5E700BFFC6300200EB42DE963
:10694000F04187B00190FFF799FF041E13DB00238D
:106950000199039304A8FEF767FD04A8FEF7B2FDB2
:106960001E4E054668B909F065F81323036046F822
:1069700024504FF0FF34204607B0BDE8F04103B08B
:10698000704704A8FEF78CFD074604A85FB1FEF728
:1069900090FD0390039B124A46F8243000231355C0
:1069A000104A1355E7E7FEF772FD05460028DAD0D6
:1069B000036804A8D3F80880FEF75EFD0D9B02462D
:1069C00003A92846C04705460028E3D009F032F85D
:1069D0006D42056046F82470CBE700BFFC630020E1
:1069E000EC6601202C67012070B50E46154905465E
:1069F0000AF047FB044618B9FFF732FD204670BD88
:106A0000114928460AF03DFB20B90120FFF728FD77
:106A10000124F3E70D4928460AF033FB20B9022090
:106A2000FFF71EFD0224E9E72B78402B02D1D5F8B1
:106A30000140E3E726F480312846BDE87040FFF7C7
:106A40007DBF00BFA4770700AB7707009C770700E6
:106A500010B5044620B90F490F489022FFF7C8F837
:106A60004C220021043009F049FC4FF23C03236022
:106A70004FF0005323614FF4802323624FF48013BF
:106A80002364064B1B68636002232372044BE3609C
:106A900010BD00BFB3770700DA77070000ED00E014
:106AA00078AE010070B50446FEF7D8FB0646FEF747
:106AB000BFFB05463046FEF7BBFB431BA342F9D3A1
:106AC00070BD00001FB50023CDE90013031D04466F
:106AD0000293684610230393C9F79EFE206020B9F5
:106AE000034904483522FFF783F804B010BD00BF06
:106AF000E87707000D78070010B503490446FFF753
:106B0000E1FF204610BD00BF117807000068C9F7FB
:106B10009BBE10B504460068C9F7F4FE204610BDC0
:106B200010B49DF804400CB942F0020200685DF810
:106B3000044BC9F7B9BE07B5009313460122FFF70E
:106B4000EFFF03B05DF804FBFFF7F5BF07B5009357
:106B500013460022FFF7E4FF03B05DF804FBFFF7E4
:106B6000F5BF00001FB5002303620D4B002918BFBD
:106B70000B460093031D02931C23044603936846AF
:106B80000B230193CAF7B6FD206038B9FFF746FA28
:106B900020B9044904483D22FFF72AF804B010BD8B
:106BA000317807004B7807006B78070010B500219B
:106BB0000446FFF7D7FF204610BD000037B5044656
:106BC0004FF0FF310068CAF7ADFD054620B9236AD2
:106BD0000133236203B030BDFFF720FA03460028DB
:106BE000F8D10349034800932A46FFF725FA00BF6E
:106BF0008F78070015010280036A013B13B5036219
:106C00000068CAF7A7FD044648B1FFF707FA034634
:106C100028B90090034904482246FFF70DFA02B054
:106C200010BD00BFA17807001701028010B504460F
:106C30000068CAF7A7FD204610BD00001FB5044636
:106C40000023CDE90033231D104602936A4610232A
:106C50000393CAF7C3FE206020B9034903483722D3
:106C6000FEF7C6FF04B010BDB5780700D97807005D
:106C700010B54FF6FF720446FFF7E0FF204610BD47
:106C800013B500680C46CAF7C1FE024670B1C11CBC
:106C90004FF0000006D15CB1009006490648002381
:106CA000FFF7CAF9931CF7D102B010BD0120FBE732
:106CB0002046F9E7E8780700140102800068CAF767
:106CC000CDBE10B504460068CAF7F6FE204610BDDA
:106CD00008B538B1C9F74EFC20B103490348E32297
:106CE000FEF786FF08BD00BF01790700AB790700FA
:106CF000FFF7EEBFCBF776BB036910B504462BB99F
:106D00000B490C484FF4FD72FEF772FF1B6804300C
:106D1000984704F15400FFF751FF002363610123FA
:106D200084F83D3004F14000BDE81040FFF7C6BFD5
:106D3000585E0700875E07002DE9F047DDE9085738
:106D400099466B07044618BF25F007068846924609
:106D50004FF000014FF0440200F1780014BF0836F4
:106D60002E4609F0CBFAB5FA85F300215B0984F8C9
:106D70003C30616184F83D10202204F11C0009F0D0
:106D8000BDFA05EB09039D1B074BC4F830A025F0A5
:106D90000705002F08BF1F46E562A761A662C4F879
:106DA0003480BDE8F08700BFBA79070013B5049CB2
:106DB000CDE9003413460A460021FFF7BDFF02B0BB
:106DC00010BD000073B5044600F1540528460E4678
:106DD000FFF7F4FE636913B994F83D3033B12846E8
:106DE000FFF70AFF6FF0030002B070BDD4E90A306C
:106DF000002B32D027490023E26AB3EB920F3FD336
:106E00004423201D6362B04204F17803236209D059
:106E10000190C7F74FFBF36823611BB15B680198D2
:106E2000314698471C4804F118022146CBF7AEFAC8
:106E3000606150BB94F83C302BB1A06A08B1FFF7F9
:106E4000FDFC0023A3622846FFF7D6FE04F14000B4
:106E5000FFF734FF6FF00200C6E7104B104998426D
:106E600094BF20F003004FF0FF30FFF7E3FCA06277
:106E70000028BFD12846FFF7BFFE6FF00400B3E73C
:106E8000A26A42F823100133B6E72846FFF7B4FEA2
:106E90000020A9E7A52E5AE2F96C0600FBFFFF7F50
:106EA0008C81070070B500F1540504462846FFF7B1
:106EB00085FE04F140006669FFF700FF002363616F
:106EC00094F83D302BB100242846FFF795FE20466C
:106ED00070BD012384F83D30002EF4D03046CBF74E
:106EE00097FA0446F0E7000010B50D4B0360044626
:106EF000FFF7D8FF94F83C302BB1A06A08B1FFF738
:106F00009DFC0023A36204F15400FFF78FFE04F1FF
:106F10004000FFF7D6FE201DC7F7CCFA204610BD73
:106F2000E079070010B50446FFF7DEFF2046BC21DC
:106F3000FFF782FC204610BD13B504465430019083
:106F4000FFF73CFE6469019814B1A26B246B141B1B
:106F5000FFF752FE204602B010BD0020704700200F
:106F60007047012000217047D0E9060170470000FA
:106F700000487047E87907002DE9F74F0546D0E94A
:106F80000446994604300C9BDDF834B00093174654
:106F9000FBF7D0FB009B2A68019017EB0308926B6C
:106FA000284649EB0B0A9047404571EB0A0103D292
:106FB000002003B0BDE8F08F019B2A68E419116B33
:106FC00046EB09063A46E41A28464B4666F10006A7
:106FD000884702460B462046314608F0A1FB134382
:106FE000E6D1009BE4182B6846EB0B0618F1FF3244
:106FF000196B28466AF10003884702460B46204673
:10700000314608F08DFB13430CBF01200020D0E770
:10701000F0B590F8207085B0DDE90A6C0546039163
:1070200014467FB10768CDE9006CFF6BB84748B1E3
:107030002B690399E218281D334605B0BDE8F040DE
:10704000FBF7B8BB6FF47A6005B0F0BDF0B590F80F
:10705000207085B0DDE90A6C0546039114467FB1C6
:107060000768CDE9006C3F6CB84748B12B690399BC
:10707000E218281D334605B0BDE8F040FBF7B6BB6B
:107080006FF47A6005B0F0BDF7B590F82010DDE937
:1070900008670546144671B10168CDE90067496C7F
:1070A000884740B12B693246E118281D03B0BDE87E
:1070B000F040FBF71DBC6FF47A6003B0F0BD08B57B
:1070C00090F8203023B10430FBF730FB002108BDDD
:1070D0001846FBE708B590F820301BB10430FBF7E9
:1070E0002DFB08BD4FF0FF30FBE72DE9F0411E46B8
:1070F00003689B6A1446DDE9067805469847024610
:107100000B462046314608F00BFB134302D000200B
:10711000BDE8F0812B6828469B6A984702460B46DB
:107120003846414608F0FCFA1343F0D12B68E419C5
:107130009B6B284646EB08069847A042B1412CBFFE
:1071400001200020E4E708B590F820302BB1016958
:107150000430FBF7EDFA002108BD1846FBE708B53F
:1071600090F8203033B1016904301144FBF7E0FAA4
:10717000002108BD1846FBE72DE9F0411E460368D3
:107180005B6A1446DDE906780546984702460B46D9
:107190002046314608F0C4FA134302D00020BDE86F
:1071A000F0812B6828465B6A984702460B463846B2
:1071B000414608F0B5FA1343F0D12B68E4199B6BF4
:1071C000284646EB08069847A042B1412CBF012053
:1071D0000020E4E790F820302DE9F347044603B996
:1071E000436204F1240656E8001F013146E8001509
:1071F000002DF8D101290AD1271D38460191FBF74E
:107200009FFA0199054630B13046FEF717FD284632
:1072100002B0BDE8F087D4E906322069019113EB92
:1072200000096369384642EB030AFBF785FA80469A
:107230003846FBF77FFA4044484575EB0A0201994E
:1072400005D23046FEF7FAFC6FF47A65DFE7384680
:10725000D4E904980191FBF76DFA814578F10008B3
:107260000199EED3D4E90432134304D13846FBF735
:1072700061FAC4E90405D4E90632134311D1384652
:10728000FBF75AFA06463846FBF754FAD4E90421CC
:1072900030184FF000035B41821A63EB0103C4E92D
:1072A0000623012384F82030B1E790F8203010B590
:1072B000044613B94362002010BD01212430FEF7BB
:1072C000BDFC0028F7D184F82000201DBDE8104047
:1072D000FBF754BA10B5034B03600446FFF7E5FF14
:1072E000204610BD6C7A070010B50446FFF7F2FF88
:1072F00020462821FFF7A0FA204610BD13B50C4CFC
:1073000004600024C0E904140131C0E90144C0E96B
:10731000062480F82040446200D032B90023054999
:10732000054800941A46FEF787FE02B010BD00BF64
:107330006C7A0700F17907000101FF802DE9F04127
:107340000168096B14461D46DDE906780646884744
:1073500002460B462046294608F0E2F9134302D0C4
:107360000020BDE8F0813368E41945EB0805621E92
:10737000196B304665F10003884702460B462046EC
:10738000294608F0CDF91343EAD1336830469B6BA8
:107390009847A042A9412CBF01200020E1E701202D
:1073A0000021704790F838301BB1406803685B6B70
:1073B00018476FF47A60704790F8383013B1D0E90D
:1073C00006017047002000217047406803689B6CED
:1073D000184700002DE9F04F2DED028B08EE101A32
:1073E00090F8381089B0DDE9148B054616469A46A8
:1073F00039B96FF47A67384609B0BDEC028BBDE845
:10740000F08FC16A09B1016B21B96A496A488F22BC
:10741000FEF7EEFB0168CDE9008BC96B88470028B9
:10742000E7D068680368CDE9008B3246D96B5346D4
:107430008847002800F0A280D5E9083216EB080042
:107440004AEB0B01834272EB010109D2D5E902013B
:107450001B1842EB0102B34272EB0A0280F08E80ED
:1074600068680368CDE9148B5C6918EE101A32461F
:107470005346A44609B0BDEC028BBDE8F04F60470F
:1074800095F828306BB1D5E908329E427AEB0201BB
:1074900046D29F1B62EB0A03B84502937BEB0303C2
:1074A00002D24746CDF808B02B690393039A6B6963
:1074B00004933046514608F033F968680590006837
:1074C0000692406907901946134305D1039B04981F
:1074D0009F42029B834157D2039B05989C1A049BB1
:1074E00063EB0109029BA74273EB0903039B38BFBF
:1074F000DDF80890009338BF3C46049B079F01933A
:10750000B21A6AEB0103296BB847296B069B074641
:10751000224618EE100A194408F0C8FE0FB36AE7B5
:10752000D5E902471B1942EB07029E427AEB0202A1
:10753000B7D222463B463046514608F0F1F8A41A2D
:1075400067EB0309A0457BEB0903EB6A114638BFE3
:10755000444618EE100A2246194438BFD94608F0AE
:10756000A5FE18EE103A3619234449EB0A0A08EE34
:10757000103AB8EB0404A0466BEB090B58EA0B0376
:107580007FF47EAF002736E7DDE903230299384612
:1075900008F0C6F8039C079F44434FF0000918EE1B
:1075A000101A05980094CDF8049032465346B84717
:1075B0000746B3E7B87A0700F57A070090F8383045
:1075C0001BB140680368DB6A184700200021704740
:1075D00090F8381019B140680168096B084700201D
:1075E0000021704790F8383070B504460BB9002080
:1075F00070BD03681B6998470028F9D104F1340372
:1076000053E8002F013A43E800210029F8D1002A6D
:10761000EDD1E06A08B1FFF711F9206B0025E562B2
:1076200008B1FFF70BF960682563036884F83850E8
:10763000DB68BDE87040184710B5034B0360044693
:10764000FFF7D0FF204610BD287B070010B5044689
:10765000FFF7F2FF20464021FFF7EEF8204610BD6D
:107660000E4A38B500240025C0E900210022C0E9F7
:107670000245C0E90445C0E90645C0E90845C0E93E
:107680000B2280F82820426380F8382021B9044971
:1076900004482322FEF7ACFA38BD00BF287B070060
:1076A000B87A07000F7B0700D0E90623C0E908235A
:1076B000002380F82830704738B5044600F13403C1
:1076C00053E8002F013243E80025002DF8D1012AAC
:1076D00029D1606803689B689847054618BB6068B5
:1076E00003685B6A9847C4E90401606803689B6AA1
:1076F0009847C4E90201606803689B6B9847E36A96
:10770000C4E906011BB9A068FFF77EF8E062236BAD
:107710001BB92069FFF778F820632046FFF7C4FF04
:10772000012384F83830284638BD0000F7B5C16A17
:10773000044621B9104911486622FEF759FA90F81B
:107740003830A3B190F82830A3B1D4E9026740687B
:107750000368CDE900679D69D4E90823A84701467D
:1077600010B92046FFF7A0FF084603B0F0BD6FF444
:107770007A61F9E71946F7E7B87A0700137B070043
:1077800090F8383010B504467BB1C36A23B9084974
:1077900008488122FEF72CFAFFF7C8FF38B9606865
:1077A0000368BDE810401B6918476FF47A6010BD8C
:1077B000B87A0700137B07002DE9F34190F83810E1
:1077C000DDE90878044615461E46F9B10168CDE9A1
:1077D0000078496C8847C8B1D4E90813A94273EB13
:1077E000060208D3E81946EB080288429A4102D300
:1077F0002046FFF759FF60680368CDE90878D9692A
:107800002A46334602B0BDE8F04108476FF47A607B
:1078100002B0BDE8F0812DE9F34190F83810DDE9C0
:107820000878044615461E46F9B10168CDE900788E
:10783000496C8847C8B1D4E90813A94273EB060222
:1078400008D3E81946EB080288429A4102D3204641
:10785000FFF72AFF60680368CDE90878196A2A46AD
:10786000334602B0BDE8F04108476FF47A6002B0D9
:10787000BDE8F0812DE9F04F89B0CDE9032390F800
:1078800038300591DDE912780446002B00F0BA800B
:10789000C36A23B95D495E48CC22FEF7A9F9856821
:1078A000C3682A46DDE9030107F03AFFD4E908235B
:1078B0006843002B08BF82427BD02046FFF736FF8B
:1078C000002876D009B0BDE8F08FD4E902ABDDE93D
:1078D000030152465B4607F023FF00236362039BCC
:1078E00000FB0AF9B3EB09030693049BC4F820904C
:1078F00063F100030793DDE9063213435ED0039B77
:10790000BAEB0305049B6BEB030615EB090546F187
:107910000006AF4278EB060301D23D464646554588
:1079200076EB0B0366D294F82830E16A002B56D030
:10793000DDE90513E06A2A46184408F0B7FCD4F8DC
:107940002CB0069B0799D4E902A9581946EB01010E
:1079500052464B4607F0E4FE13434ED1AA454B4630
:10796000606879EB060952463CBF33462A460168F7
:10797000CDE90023D4E90823D1F818905946C84727
:1079800000289FD12046FFF78FFE606803681B69BF
:107990009847002896D1059B2B440593039B5B19C0
:1079A0000393049B46EB03037D1B04932F4668EB74
:1079B000060857EA080388D1002083E7574578EB8B
:1079C0000B0309D352465B463846414607F0A8FEF2
:1079D000002600FB0AF5A2E73D464646A3E760689D
:1079E0000268CDE900ABD2F814A04A46D04700287F
:1079F0009ED067E7DDF814B0A3E74FF0010384F8E9
:107A00002830C8E76FF47A605CE700BFB87A0700F7
:107A1000137B070010B50C4671B1087858B10846C1
:107A200009F041FB802807D80449204609F055FB9E
:107A3000B0FA80F0400910BD0020FCE7747B07001D
:107A4000036870B59B6B0446984723680646DB6A5B
:107A500020460D46984702460B463046294607F019
:107A60005FFE022871F1000134BF4FF0FF300020AB
:107A700070BD00002DE9F04F85B00023804602A8BC
:107A8000CDE902338A46FAF75BFE064600285CD150
:107A900002A8FAF74FFE054602A8FAF74DFE054484
:107AA000691E02A80191FAF743FE0199044602A853
:107AB000FAF73EFE241802A846EB060BFAF736FE4C
:107AC0000E235843A04276EB0B0321D22F1B6BEB06
:107AD0004B09CAE9004B1E4B1E4C1C441E4BE41ABA
:107AE000214602A8FAF724FE00230546601E43F152
:107AF000FF312A4607F014FE00FB0550874279F15A
:107B0000000319D21549164840F22442FEF770F8D6
:107B10002C1A214602A869EB0909FAF709FE470069
:107B20003A4620464946334607F0FAFD4743EC1BE8
:107B3000B1466BEB0B0BCCE7C8E9007902A8FAF76A
:107B40001DFE304605B0BDE8F08F064EF9E700BFD8
:107B5000548407006867002000600020807B0700D5
:107B6000B97B07001D01FF802DE9F04F002385B090
:107B7000CDE902330F460646002800F0A680002912
:107B800000F0A38002A8FAF7DBFD0446002840F0CD
:107B90009E80504B504D1D44504BED1A294602A873
:107BA000FAF7C6FD814602A8FAF7C4FD804602A88E
:107BB000FAF7C2FDD6E9001B10EB080844EB040AF3
:107BC00051EA0B032DD1D7E90032134304D102A8A7
:107BD000FAF7B2FDC7E90004D7E90013B8EB0101D9
:107BE0006AEB030AC6E9001A02A80191FAF7A0FDA0
:107BF00001994FF0000802460746434608465146A1
:107C000007F08EFDD6E900237843434508BF824242
:107C100047D002A8FAF7B2FD314C204605B0BDE8C6
:107C2000F08F02A80191FAF783FD0199814602467F
:107C300023460846594607F073FDD6E9005600FB77
:107C400009F0A64208BF8542E3D1D7E9003253EAE2
:107C5000020109D1B8EB05056AEB0606C7E9005633
:107C600002A8FAF78BFDD8E7ED1846EB0207A84506
:107C70007AEB070ACDD305F1FF38414602A8FAF79F
:107C800057FD6B1E0646024667F10001234640463B
:107C900007F046FD00FB0660A74208BF8542DFD023
:107CA000B7E702A8FAF76AFD681E4A4648F1FF31B5
:107CB000434607F035FDD6E9002300FB09994A4504
:107CC00073F10003A9D2074CA7E7074CA5E7074CBF
:107CD000A3E700BF5484070068670020006000200D
:107CE0000501FF800B01FF800101FF801D01FF8066
:107CF0001FB5CDE90201694602A8CDE90023FFF7CF
:107D000033FFD8B90E4C2368BFF35B8FDB0702D576
:107D10000C4804B010BD2046FEF766FB0028F7D0E3
:107D2000009A02990748FFF7E9FA074A0749054808
:107D3000FEF747FB2046FEF779FBE9E70020E8E77E
:107D4000A4670120D068012000600020D5720600E1
:107D500073B50D460699CDE900230A4307990B43F5
:107D60001A4304460AD0DDE90023DDE90601FFF7E6
:107D7000BFFF206048B91B4802B070BD694606A825
:107D8000FFF778FE0028EED0F5E703689B68984778
:107D90000028F0D12068FFF753FE00BB206803687D
:107DA000DB6898470028E6D10F4E3368BFF35B8F3E
:107DB000DB070FD43046FEF717FB58B121680B489C
:107DC00000F0D8FA0A4A0B490848FEF7FAFA30469A
:107DD000FEF72CFB0548286001F078FBCCE706484D
:107DE000CAE700BF0F01FF80A0670120F0670120F4
:107DF00000600020298206000101FF8037B5104C89
:107E000000220023CDE90023211D04F10C00FFF71F
:107E10009FFF90B9636823606FF00A03A361FAF7CC
:107E20002DFC054600F098F838B906492246284648
:107E300003B0BDE8304000F0A9B803B030BD00BFCA
:107E4000A8670120DE7B070038B50D480D4DFAF715
:107E5000EDFBFEF7B3FE297881B91C220A4808F031
:107E60004DFAFFF7CBFF044608B901232B700448F5
:107E7000FAF7DCFBFEF7C0FE204638BD0024F6E72B
:107E8000C8670120C4670120A86701204B6810B5AE
:107E90000C46EBB1986810B10368DB6898476368DB
:107EA000586910B103689B6A98476368586810B1B5
:107EB0000368DB6898476368186810B10368DB687B
:107EC0009847206808B1FEF7B9FC0023C4E90033E5
:107ED00010BD00002DE9F0471E46C36981460F46DC
:107EE000904693B361B1002333600B782F2B02BF10
:107EF0000137012333602F21384609F0B5F860B906
:107F0000D9F80430C8F800304FF0FF34326801323D
:107F1000224432600020BDE8F087D9F818A0C41BC5
:107F20000025AA4502DCF1D10948F4E759F83510DB
:107F30002246384609F0BFF808B10135F1E709EBF0
:107F4000C5004368C8F80030E0E70248E3E700BF37
:107F50000701FF800E01FF8038B500F120050446BF
:107F60002846FAF763FBFEF729FEE16931B9A16102
:107F70001822204608F0C2F90123E3612846FAF7E7
:107F800055FBFEF739FE002038BD00002DE9F8430F
:107F900000F12009044648460E461746FAF746FB0C
:107FA000FEF70CFEE369E3B1A569022D1BDC304648
:107FB00009F079F80130FEF727FC3146804609F0D8
:107FC0006AF804EBC50344F8358001355F60A561AC
:107FD00000244846FAF72AFBFEF70EFE2046BDE8CD
:107FE000F883024CF5E7024CF3E700BF0E01FF8077
:107FF0001F01FF802DE9F04100F1200804464046B2
:10800000FAF714FBFEF7DAFDE369D3B12646002741
:10801000A369BB420ADC00250023A3614046FAF7AE
:1080200005FBFEF7E9FD2846BDE8F08173681D6891
:10803000002DF1D031462046FFF728FF01370836E2
:10804000E6E7014DE8E700BF0E01FF8010B50446EA
:10805000FFF7D0FF204610BDF0B500F1200685B037
:10806000044630460191154600930A9FFAF7DEFA5E
:10807000FEF7A4FD2046009B019903AAFFF72AFF03
:10808000044628B9039B1A682A600FB19B693B60BC
:108090003046FAF7CBFAFEF7AFFD204605B0F0BD4B
:1080A0002DE9F04186B006460F4690461D46FFF783
:1080B000CBFE0446C8B9FAF7E1FA04AB009303AA71
:1080C00005AB3146CDE903440594FFF7C5FF0446EF
:1080D00058B9049A039805990368154000955C699E
:1080E0003A4643463144A0470446204606B0BDE820
:1080F000F0812DE9FF4105460E4617469846FFF7E9
:10810000A3FE0446B0B9FAF7B9FA009403AB02AA89
:108110002946CDE90244FFF79FFF044650B9029873
:1081200003990368CDE9008432469C6929443B46A3
:10813000A0470446204604B0BDE8F08130B585B0C4
:108140000546FFF781FE044690B9FAF797FA0094C6
:1081500003AB02AA2946CDE90244FFF77DFF04469E
:1081600030B902980399036829441B6A984704466A
:10817000204605B030BD000070B5044686B01546F7
:1081800002B9C3B922680A980090566A03930A4656
:10819000204605A9B04760B92268039B966A0599F5
:1081A0002A462046B04720B923680599DB6A204655
:1081B000984706B070BD0148FBE700BF0101FF8092
:1081C00013B503684FF0004200925C6900231A4621
:1081D000A04702B010BD70B50446061D3046FEF73C
:1081E000EDFC94F86C30B3B1E06D0368DB68984740
:1081F000E06D10B103685B689847E06C08B1FEF76A
:108200001DFBD4F8900008B1FEF718FBD4F89800D5
:1082100008B1FEF713FB0025304684F86C50FEF7DA
:10822000EBFC284670BD000038B50546064B45F806
:10823000283B0446FFF7CFFF2846FEF7F7FC201D3A
:10824000FEF7F4FC204638BD687D070010B50446F3
:10825000FFF7EAFF2046E021FEF7EEFA204610BDC8
:10826000F8B590F86C3006460D46ABB1071D3846A0
:10827000FEF7A4FCA86808B1FEF7E0FA2B682833E3
:10828000002446F823400C212846FEF7D5FA38464C
:10829000FEF7B2FC2046F8BD0048FCE70E01FF8067
:1082A0002DE9F84390F86C3080460E46154663B3CE
:1082B00069B3071D3846FEF781FC4FF0000908F14D
:1082C000A00353F8042B22B309F10109B9F1100FEF
:1082D000F7D1154C3846FEF78FFC2046BDE8F883F1
:1082E0002B78EBB1284608F0DEFE0130FEF78CFA61
:1082F0002946A06008F0CFFE0023C4E9009309F1ED
:10830000280948F829401C46E4E7084CE5E7084CF2
:10831000E3E70C20FEF764FA04463060002DDFD15D
:108320000023A360E8E700BF2001FF800E01FF806B
:108330000101FF8030B590FAA0F00D4D11448A4242
:1083400002D190FAA0F030BD12F8013B83EA00049C
:1083500004F00F0455F8244084EA101080EA131347
:1083600003F00F0355F8233083EA1010E7E700BF4E
:10837000C469070038B5154B044640F8043B0D4668
:10838000FEF714FC04F12800FEF710FC0021C4E9FC
:108390001311C4E91515C4E91711C4E91911C4E989
:1083A0002311C4E92511C4E91F11C4E9211184F87E
:1083B0006C102167A4F87410A167C4F89C104022C7
:1083C00004F1A00007F09AFF204638BD687D070041
:1083D00037B5846FD518A5420ED800EBC101C46D26
:1083E000C86F25680021CDE9003102440B466D6954
:1083F00006992046A84700B1014803B030BD00BF30
:108400001B01FF8037B500EBC101C46DC86F256843
:108410000021CDE9003102440B46AD6906992046A2
:10842000A847034B002818BF184603B030BD00BF53
:108430001C01FF802DE9F34700EBC1010446CF6F1B
:10844000C06D1D46002317440268CDE90053D16971
:108450003A4688470646C8B9E06D03685B6B9847A3
:10846000013013D1D4F8900020B916491648BB2228
:10847000FDF7BEFBD4F894201AB912491348BC2268
:10848000F6E7FF2107F03AFFB1461DB9304602B0CA
:10849000BDE8F087D4F89430E06DD4F89010AB428A
:1084A00028BF2B4698460368CDE900893A46D3F8A1
:1084B00018A00023D04718B9A5EB08054744E4E706
:1084C0000646E3E7E17B0700187C07002D7C0700E8
:1084D0002DE9F8430446806D03689B6B9847102292
:1084E0000D460646002104F17C0007F007FF4FF01F
:1084F00000420023B242A84673EB050537463CBF55
:10850000174698467F0847EAC87700254FEA58087B
:10851000A06D03682A46196B00238847281841F18B
:108520000001874278EB010101D30546F0E7002600
:10853000B146A06D0368AA19196B0023884730184B
:1085400041F10001874278EB010101D30646F0E7D3
:10855000B542C4E91F95C4E9215604D00349044833
:10856000F122FDF745FBBDE8F88300BFE17B070082
:10857000417C07002DE9F04F2DED028B91B099461B
:108580009DF8803006939DF8843005939DF88830DF
:1085900007939DF88C300893269BDDF87C801A6049
:1085A0000AAB0093182308EE101A07461446FFF78B
:1085B0000FFF034620B9684A0A99914206D0674BDB
:1085C000184611B0BDEC028BBDE8F08F2599BDF8BF
:1085D0003460D7F88C500C980860711E17227E29E1
:1085E000B2FBF5F202FB055525440E9AE7D8B11807
:1085F0000391E4D2B86F29448142E0D2904500F261
:10860000A6801D99A2EB08028A4228BF0A461E993D
:108610000A60059921B11AB11C99002900F09980CE
:10862000B8F1000F20D10AAA14214FF0FF300993AE
:10863000FFF780FE099B0490C34624994FF0FF3258
:108640000A60039ACAB9B8F1000F03D10F9A0499CE
:108650008A42B4D1D7F88C202699013DB5FBF2F5BA
:1086600005FB02220A60ABE7464403924FF0FF325B
:108670003544C34600260492DFE7002E47D0069B10
:10868000002B3ED04FF0000309F806303446CA46AE
:10869000234618EE101ACDF800A02A463846FFF7F8
:1086A00097FE034600288BD1B8F1000F07D109903F
:1086B000524604982146FFF73DFE099B0490002E88
:1086C00043D0079A42B122465146484607F0E0FDA2
:1086D000234A031E18BF1346089A4AB10993249BE4
:1086E000524618682146FFF725FE249B1860099B17
:1086F000361BA14400D14544039A121B0392254422
:108700009FE7D7E924A4B44228BF3446C0E7C34555
:1087100009D2D7F89420A8EB0B04944228BF144642
:10872000D7F890A0B4E7059B2BB11E9B1C6804EB07
:1087300008035B4506D8D7F89440039B9C4228BFAA
:108740001C46EDE7DDF870A0A2E7A344D4E7054B93
:1087500036E7054B34E700BF836668540201FF80AB
:108760000701FF800501FF800101FF802DE9F04F27
:1087700093B09946C36C0D9390F86C3004460D4647
:108780001646002B4CD000F104084046FEF716FABE
:10879000DFF890B06A68636D9A4201D3214F34E0EC
:1087A0000D9B03EB021211AB0A9310AB09930FABB5
:1087B000089301210023CDE903310EA9CDE9013150
:1087C000CDE90633059300939268D4F8983094F875
:1087D00070102046FFF7CEFE0746B0B9A968D4F85E
:1087E00098A021B1504608F0A2FC824514D1504611
:1087F00008F059FC484511D25146304608F04BFC70
:108800006A6801326A60002FC4D14046FEF7F4F96D
:10881000384613B0BDE8F08F5F46F1E7024FF4E74A
:10882000024FF5E70701FF800501FF800E01FF8081
:108830002DE9F04FC76CDFF890B091B004461046B8
:108840001E46154608F02FFC2A4601464FF0FF3021
:10885000FFF770FDDDF86C800023C8F800000DF113
:108860003C090DF1340A1A9A1360626D9A420ED9CE
:10887000180107EB03139A683260D8F800103B58D0
:10888000994203D21A9B1B680133ECE703D90E48C7
:1088900011B0BDE8F08F0EAB089301210023CDE9A4
:1088A00006130CA9CDE90131CDE9043303930093FC
:1088B000CDE909A994F870102B462046FFF75AFE1F
:1088C0005845DFD0E4E700BF0701FF802DE9F04FF6
:1088D00093B00546DDF870900E4692469B46FFF732
:1088E00099F8002837D005F104084046FEF766F9EC
:1088F00010AF11AB009395F8701001970DAB324695
:108900002846FFF795FF0446F0B90EAB0A930FAB6C
:10891000CDE908730123CDE904031D9B03930CAB40
:10892000CDE90600CDE901B30D9A95F87010CDF8A8
:1089300000A033462846FFF71DFE0446B9F1000F9C
:1089400002D00C9BC9F800304046FEF755F920468E
:1089500013B0BDE8F08F014CF9E700BF0101FF80C3
:108960002DE9F04393B0054689461646FFF752F8C5
:10897000002836D005F104084046FEF71FF90FAF76
:1089800010AB009395F8701001970CAB4A4628463F
:10899000FFF74EFF0446E8B90DAB0A930EABCDE9E5
:1089A000087311AB02934FF0FF33CDE90003CDE91B
:1089B0000600CDE9040003900C9A95F870104B4620
:1089C0002846FFF7D7FD044620B91EB10E9B736001
:1089D000119B33604046FEF70FF9204613B0BDE807
:1089E000F083014CF9E700BF0101FF8038B5D0F8F2
:1089F0008C500846144608F056FB013C1723B3FB85
:108A0000F5F302332044B0FBF5F01844684338BD59
:108A100030B585B00024ADF808200122ADF80A2059
:108A2000D0E919252A441A600368009403945C690C
:108A3000034908230DEB0302A04705B030BD00BF7A
:108A40006E7C07002DE9F843D0E913950135B5F1A7
:108A5000006F4FEA0518044634BF40464FF0FF3020
:108A60000E46FDF7D1FE42460746002107F046FCC0
:108A7000A8F110024946384607F018FCC4E91375FE
:108A80004846FDF7DBFE0EB1E36C33600020BDE825
:108A9000F88300002DE9F04395B0C36C0D93456E4B
:108AA0003A4F002304460E9343650DF138080DF14B
:108AB0004409226E05F11803934205D300200E9B52
:108AC000236615B0BDE8F08300230122CDE906320C
:108AD000CDE9042310AE12AACDE90132039300932D
:108AE000CDE90998D4F8983094F8701008962A4681
:108AF0002046FFF73FFD0028E1D113AB0093D4F8E7
:108B0000982094F8701001960FAB2046FFF790FE66
:108B100008B1B842D3D1B8420E9E119A24D1002A8E
:108B200032DBD4E914329A4203D30DA92046FFF771
:108B300089FF1399626D0D984B1C1B01521AA3F10A
:108B4000100101441201184407F0BEFB636D0133AC
:108B50006365139B0D9A1098190102EB0313505093
:108B600000229D60DA600FE0002A0D98139BF0DA76
:108B7000626D013A6265591CD21A00EB01111201B3
:108B800000EB031007F0A0FB354692E70701FF80DA
:108B900030B500F1A005E03055F8044B2CB1636806
:108BA000934202D921B1013363608542F4D130BDD3
:108BB000013BF9E72DE9F04F97B006460F460292C8
:108BC00098464FF0000904AD5FFA89F1009508233B
:108BD000402230460391FFF7FBFB044680BBBDF803
:108BE0001030082B33D1BDF81230402B2FD80DF1A7
:108BF000180B02460399CDF800B03046FFF7E8FBAA
:108C00000446E8B9BDF812A05A4651464FF0FF306D
:108C1000FFF790FB059A824219D13FB1029B9A451A
:108C20001AD852465946384607F040FBB8F1000FB3
:108C300001D0C8F800A0209B13B103CD1860596083
:108C4000204617B0BDE8F08F4FF00109BCE7B9F13D
:108C5000000FF9D0014CF3E7014CF1E70701FF8069
:108C60000501FF8030B5051D87B004462846CDE9D3
:108C700004210393FDF7A2FF0020DDE903320599EB
:108C800000902046FFF796FF04462846FDF7B4FF04
:108C9000204607B030BD00EBC101C06D38B5CC6FC8
:108CA0001D4603681444196B224600238847B4FB11
:108CB000F0F300FB1344049B2C60001B186038BDCC
:108CC0002DE9F04786B014469DF838901D460026E1
:108CD0000DF1100A25B91EBB002006B0BDE8F087D3
:108CE00005AB2246CDF800A0CDE90201FFF7D3FF86
:108CF000049ADDF814C0AA421346DDE9020128BF38
:108D00002B46BCF1000F02D0B9F1000F05D00EB90F
:108D1000A4EB0C0704EB020801261C44ED1AD9E76A
:108D2000A8EB07033A46FFF785FB0028D4D001489B
:108D3000D3E700BF1C01FF8090F86C30F7B5044604
:108D4000002B3CD0061D3046FDF738FFD4E919232F
:108D50001344D4F88C2001271344002200971146B5
:108D60002046FFF7ADFF054618BBD4E9193213447E
:108D7000D4F88C2000971344394602462046FFF76A
:108D80009FFF0546A8B9226D636E206701466065A6
:108D900023661201E06CA4F8747007F0AFFAB4F81F
:108DA000742094F8701004F160032046FFF730FE41
:108DB00005463046FDF720FF284603B0F0BD014DC3
:108DC000FAE700BF0E01FF802DE9F04F8BB00DF1E7
:108DD00010081E46CDF80080182305468A460392E7
:108DE000FFF7F6FA0446002857D1089BD5F88C20E7
:108DF0005F1EBDF81C304FF0170B1F44BBFBF2F396
:108E0000B7FBF2F71F440237AB6F5743BA199A42C8
:108E100066D8CAF101095FFA89F900903B463246EB
:108E200049462846FFF74CFF0446B0BBD5F88C30C6
:108E3000BBFBF3FB0BFB03331FFA83FB5A460146D4
:108E4000D5F8900007F05AFAD5F890200AAC4346BE
:108E500003CBA34210605160984602F10802F6D19C
:108E6000D5F89030009332465B4649462846FFF7D6
:108E7000C9FA044688B9039B5B445E449846A7EB55
:108E80000B0BBBF1000F0CD1D5F88C30149A013EBE
:108E9000B6FBF3F606FB0333136020460BB0BDE8C8
:108EA000F08FD5F89470D5F8903000935F4528BFC7
:108EB0005F46BFB23B46424651462846FFF788FA16
:108EC00080B9D5F89030009332463B464946284653
:108ED000FFF798FA30B9B8443E44ABEB070BD0E744
:108EE000014CDAE70446D8E70B01FF80F0B595B0F6
:108EF00012AB02AF04460D460093482200233946C8
:108F0000FFF758FED4E919321344D4F88C2001211C
:108F1000064600911344294600222046FFF7D0FE62
:108F200038B936B902460097482329462046FFF74C
:108F300069FA15B0F0BD2DE9FF41016FC56CC1F1B3
:108F40000101C9B20446FFF7D1FFE0B9D4E91932F3
:108F50001344CDE9023306460DF10C08636D216F11
:108F6000B34213D8B4F87420039B02930132C1F1C9
:108F7000010192B223662167A4F8742002ABC9B242
:108F80002046FFF745FD04B0BDE8F081029FCDF813
:108F90000080AA683B46C9B22046FFF715FF10358E
:108FA0000028F0D1039B029345E902700136D5E712
:108FB0002DE9F3411D46D0F89C308B4207460C4604
:108FC00016463ED10AB9002D3BD107F1280840468C
:108FD000FDF7F4FD236883B3A36A22692B4493420F
:108FE0002DD8606932462946FFF7A4F900966061E2
:108FF000226A97F870102B463846FFF703FA0646A8
:1090000050B1D4E906137A6E002B08BF91420DD0FF
:109010003846FFF790FF09E0D4E908325B1942F1C6
:109020000002C4E90832A36A2B44A3624046FDF75C
:10903000E3FD304602B0BDE8F081034EF6E7034E93
:10904000F4E7014EF5E700BF0101FF800501FF8055
:109050002DE9F047402A86B005460F4616464ED801
:1090600000F104094846FDF7A9FD002300931A46C4
:1090700019462846FFF79EFD002838D008233A46B7
:1090800031464FF0FF30ADF81030ADF81260FFF709
:1090900051F9296F0590C1F10101C9B22846FFF7C6
:1090A00025FF044620BB80460DF1100A5FFA88F1C7
:1090B00000973346002228460391FFF7A3F90446A0
:1090C000B0B90399CDF800A0082340222846FFF745
:1090D00099F9044660B9E86D03681B69984704462E
:1090E00030B9B8F1000F03D14FF00108DEE7054CAD
:1090F0004846FDF781FD204606B0BDE8F087024CEA
:10910000F9E700BF1C01FF800501FF802DE9F04F4A
:10911000D0F89C30D0F84CA08B4291B004468846E1
:1091200040F0D4800B68002B00F0D08000F1280BB9
:109130005846FDF743FDD8F82820D8F810309A4259
:1091400040F0BA80D8F8182094F87010CDF800805C
:1091500018232046FFF756F98146002840F0B480D6
:10916000E06D03681B6998470346002840F0A8801B
:10917000D8E90621606E994208BF82421AD14FF0A9
:1091800000094D460026C8F800605846FDF734FD3A
:10919000D8E90613626EB34208BF914206D015B1FA
:1091A0002046FFF7C8FE201DFDF726FD484611B0FA
:1091B000BDE8F08F0CA902910FAF4FF0FF310EAE5A
:1091C0000DADCDE90031CDE90735CDE90533CDE968
:1091D000033394F870100A9709962046FFF7CAF9EE
:1091E0008146002870D1D8F80820D8F82C30002A01
:1091F0003BDA626D013A9A42626508D9180100F1C2
:109200001001D21A12015144504407F05DF8D8F809
:109210002C2000212046FFF7BBFCD4F88C20D8F886
:10922000203008950CA9013BB3FBF2F303FB0222AB
:109230000023CDE90131CDE90967CDE90633CDE958
:10924000043394F870102266039300932046FFF7CE
:1092500091F98146002892D10090226E94F8701006
:1092600018232046FFF72CFD8BE798F83420AAB18D
:10927000626D9A4209D9581C0001A0F11001D21A5E
:1092800012015144504407F01FF8636DD8F82C20A8
:109290000133636501212046FFF77AFCD8F82C30B2
:1092A000D8F830101A010AEB03134AF80210D8E973
:1092B0000601C3E90201B0E7DFF81890012561E774
:1092C000DFF8149001255DE701255BE7DFF80C90DE
:1092D0006CE700BF0501FF801C01FF800101FF80DA
:1092E0002DE9F04F89B08846994611460023CDE913
:1092F0000533054617460793FEF78CFB0646002804
:1093000000F0D380129B23F0004323F00B03002BCB
:1093100040F0CB80D5F89C406549C8F800403846FD
:1093200007F0AFFEDFF894B100284CD16B6E84F8E3
:109330003400C4E90630D5F88C30C4F800B01722E8
:10934000B2FBF3F202FB0338D4E9062318EB020860
:1093500043F10003C4E90883069B2363079BE36290
:10936000544B63600026129BA360A662384607F048
:109370009AFE22468246A0811421E681C4F810900C
:109380004FF0FF30FEF7D6FF1FFA8AF319463A4630
:1093900060610393FEF7CEFF039B606195F8701048
:1093A000009742462846FFF72DF8824600286AD0EB
:1093B000D4E90602696EB24208BF88424ED0284600
:1093C000FFF7B9FD4AE0281DFDF7F8FB23685B4570
:1093D0003ED04A4639462846FFF708FB2B6EAA6F57
:1093E0000344934280460AD92846FFF7A4FD8246EB
:1093F000002833D12B6EAA6F434493424FD806AB5B
:10940000019307AB009395F8701005AB3A462846D8
:10941000FFF70EFA824638BB059A95F87010009453
:1094200018232846FEF7D4FF8246B8B9A66816F07E
:10943000010637D12A6E84F834600023C4E906237C
:1094400095F87010009328464346FFF739FC72E701
:109450002846FFF770FD82460028BAD0002222601D
:10946000281DFDF7C9FB16E0134A9042F6D1129B66
:10947000002BF3DBD5E914329A42DBD300212846D6
:10948000FFF7E0FAD6E7D4E90821A089121841F1E4
:109490000001C4E90821504609B0BDE8F08FDFF8AB
:1094A00020A0DBE7DFF81CA0D8E7DFF81CA0F2E77C
:1094B0006E7C0700180001000701FF808366685476
:1094C0000B01FF801201FF800101FF802DE9F04FA9
:1094D000044600F1040895B04046FDF76FFB94F890
:1094E0006C5055B1012384F86C304046FDF784FB85
:1094F0000025284615B0BDE8F08F102323654FF4F2
:109500008070FDF781F94FF480722946814606F09C
:10951000F5FE4FF0FF33A3676565C4F84C9040201B
:10952000FDF75EF9A16D0546FEF79AF8E565284658
:10953000FEF7C2F80546002840F0D780A06D03680A
:109540009B6A984740280646C4F88C0038BF4020E4
:10955000C4F89400FDF758F9C4F890008020FDF796
:1095600053F9C4F898003820FDF73AF93822294613
:10957000C4F89C0006F0C2FE4022294604F1A00077
:1095800006F0BCFE4FF0470ABAFBF6F303FB066693
:109590000822674966662046FFF728FAA06620463B
:1095A000FEF796FFA06D03689B6B9847D4F88C304C
:1095B000BAFBF3FA83460F4608225D4920460AFBB0
:1095C000033AFFF713FA5044834577F1000705D2B9
:1095D0005849594840F22B42FCF70AFB544BDFF83C
:1095E00064B10DF1440A2E462F4604F18002A16FAA
:1095F00052F83620914294BFA167A2670DAA2AF8BB
:10960000027B0A920EAA09920FAACDE907720122E3
:10961000CDE9052210AA02920822019212AA009214
:109620003146CDE90377626E2046FEF7A3FF404B3B
:109630000CA960B3584507D00023404900971A464B
:10964000FCF7FAFC0126D0E702228A55002EF9D059
:109650009DF83030022B24D19DF83130022B37D1C8
:10966000002100252046FFF741FC2567A4F874601F
:1096700004F16003324629462046FFF7C9F9002865
:109680003FF430AF2E4900952B462A46D8E7BDF867
:1096900048202AF8022C032088552667A4F8742055
:1096A000D4E7032B14D19DF83130032B10D1BDF832
:1096B0004430BDF846209A4202D31D1E18BF012532
:1096C00014AB256703EB450535F80C3CA4F8743062
:1096D000A36F23662046FFF7DDF9054600283FF417
:1096E00001AF184B98423FF4FDAE4846FDF7A6F88F
:1096F000E06D10B103685B689847D4F8900008B13A
:10970000FDF79CF8D4F8980008B1FDF797F8D4F865
:109710009C0010B13821FDF78FF80023C4E92633EF
:10972000E364E365C4F890304046FDF765FAE0E68F
:109730006E7C0700E17B0700737C0700067D070055
:109740002E7D07000201FF804FF08043D3F83834AC
:1097500013F0010004D013F0020F14BF0220012007
:109760007047704708B5FFF7EFFF012804D0FFF7F7
:10977000EBFF831E5842584108BD70470123037216
:10978000704700230372704770470000004870471D
:10979000AC7E070010B5F4210446FDF74DF82046D5
:1097A00010BD08B50023437203F056FA08B103F068
:1097B000C9FD03F047FA18B1BDE8084003F0E4BD65
:1097C00008BD03F0B1BA70B54C00E4B2054604EB35
:1097D000D11408460C214C4304F11C06A91900269B
:1097E00025444E608E60C5E9072303F0B3FAB0FA52
:1097F00080F0400970BD70B54C00E4B2054604EB42
:10980000D11408460C214C4304F11C0129440026C4
:109810002C444E608E60C4E907231BB9636A43F091
:109820000103636203F096FAB0FA80F0400970BD5C
:10983000002003F003BB084603F000BB03F099BB14
:1098400013B514460846019103F0EAFD0198A1B250
:1098500003F010FA019802B0BDE8104003F054BACA
:1098600001F07F03082B07B5084603D0019103F0F0
:109870000BFB019803B05DF804EB03F09FBD0846B5
:1098800003F0F4BA10B508460C4603F0FBFA10B129
:10989000204603F019FE204603F0F6FA204603F0B6
:1098A0008DFD2046BDE8104003F0BABD084603F028
:1098B00015BC0000036810B59B690446984703F087
:1098C000DBF820B1074908488422FCF791F904F03D
:1098D00093F963680BB1FCF789FC044A00236360C9
:1098E000136010BDBC7D07001C7E070000690120CD
:1098F00008B501234372FFF727FF012810D103F0B9
:10990000A1F908B903F0C8F8FFF71EFF022807D134
:1099100003F0A2F920B9BDE80840012003F066B9C0
:1099200008BD000038B51E4B802204460D46C3F822
:109930008420BFF34F8FBFF36F8F43680BB9FCF7E1
:109940003FFC6560002004F033F920B1582215492E
:109950001548FCF74DF9154804F06AF9144803F06E
:109960008FF9054608B16422F1E7402103F082F93E
:109970004021802003F07EF90E4B0F4A1C600F4BF4
:109980000F491D70D2F8303543F00103C2F830356D
:10999000272000F01FFABDE8384004F04FB900BF9F
:1099A00000E100E0BC7D07001C7E0700F07E0700A0
:1099B000FD9C06000069012000700240FC68012047
:1099C000619D060013B50B46F9B9F2B990F9121072
:1099D00000291ADA802003F033FA164B70B1D3F85D
:1099E000002242F00402C3F80022134B01221A7035
:1099F000124B8022C3F8042102B010BD01221A6567
:109A0000BFF36F8FBFF34F8FEFE7002400F11C010E
:109A1000C0E907324462019103F068FA01992046D7
:109A200003F098F90028E7D00549064840F24312B0
:109A3000FCF7DEF800700240FC68012000E100E065
:109A4000BC7D07001C7E070010B50B4601BBFAB9B0
:109A5000018B19B190F91210002919DB002003F0D5
:109A6000EFF9164B68B1D3F8002242F00402C3F8B4
:109A70000022134B01221A70124B8022C3F80421DA
:109A800010BD01221A65BFF36F8FBFF34F8FF0E750
:109A90000024C0E90A3200F1280104631AB9036BFB
:109AA00043F001030363802003F054F90028E7D05A
:109AB0000549064840F27112FCF79AF8007002401E
:109AC000FC68012000E100E0BC7D07001C7E07006F
:109AD000044A026000224260028182720122027402
:109AE000704700BF387E070010B50B4C2368BFF3EA
:109AF0005B8FDB070ED42046FCF776FC50B107489D
:109B00000749FFF7E5FF074A0448FCF75AFC2046DF
:109B1000FCF78CFC014810BDF868012004690120A5
:109B2000639706000060002010B5044603F0FCF8BF
:109B300003F01CFA064A00238021A372C2F88411A4
:109B4000044AC2F8FF3FBFF36F8FBFF34F8F10BDC2
:109B500000E100E000600340034B8022C3F8842151
:109B60005A6004F06BB800BF00E100E0837A012B7B
:109B700010B504464FD1037B062B1DD8DFE803F058
:109B8000150E04091C3D220040680368DB690121B1
:109B90002CE040680368DB69002127E0FFF7C4FF81
:109BA000606803689B68984706E0037A23B14068C1
:109BB000E18903681B6A98470023A372BDE810403F
:109BC000FFF7CABFC37B002BF6D1807B03F05AF9A5
:109BD0000028F1D194F90E206068A17B0368002A67
:109BE00006DA4A0601D15B69DDE79B6A9847E3E73D
:109BF00009B91B69D7E75B6AF8E7802003F064FCCA
:109C0000002003F061FC04F1120003F04DF96068DC
:109C10000368DB68C7E7022B1ED1037C012B0FD042
:109C2000022B11D0002BC7D1437A002BC4D003F0F4
:109C300009F808B902F030FF606803689B69A6E77D
:109C4000406803689B69A7E703F006F80028B3D1D2
:109C5000012002F0CBFFAFE7032BADD194F9122026
:109C60004068002A0368BEDAC3E70000044B802284
:109C7000C3F88420BFF34F8FBFF36F8F03F0E5BFAE
:109C800000E100E013B50C46FFF7F0FF402C28BFC1
:109C90004024A1B20020019102F0ECFF0199802044
:109CA00002F0E8FFFFF758FF204602B010BD37B5BD
:109CB000154604460191FFF7D9FF082D2A46019861
:109CC00028BF082204F1120106F0F0FA03B0BDE843
:109CD0003040FFF741BF000010B50446FFF7C6FF54
:109CE000054B22681B685868DA6001229A72036883
:109CF000BDE81040DB6A184700690120024B1B6871
:109D00000BB1FFF7E9BF70470069012010B50446A9
:109D1000FFF7ACFF054B1B6858681C7402229A724F
:109D20000368BDE81040DB6A184700BF00690120E6
:109D3000024B1B680BB1FFF7E9BF704700690120B8
:109D400010B5FFF793FF054B1B68586803229A7202
:109D50000368BDE81040DB6A184700BF00690120B6
:109D600010B5074C237833B1064B1B680BB1FFF7D6
:109D7000E7FF00232370BDE8104003F0EDB900BFFA
:109D8000FC680120006901200749084A084B9B1A1A
:109D900003DD043BC858D050FBDC0648804706482A
:109DA00080470648004700005484070000600020F8
:109DB00068670020119E060025AB06004171020075
:109DC000FEE7FEE7FEE7FEE7FEE7FEE7FEE7FEE76B
:109DD000FEE7FEE7024B103043F82010704700BF4B
:109DE00000000020024B103053F82000704700BFE5
:109DF000000000204FF08053D3F83021082A03BF21
:109E0000D3F83401B0FA80F0400900207047000018
:109E100008B5FFF7EFFF40B14FF080430022C3F8D1
:109E20000C21C3F81021C3F83825FFF7E3FF002801
:109E300046D04FF08052674BD2F80414C3F8201577
:109E4000D2F80814C3F82415D2F80C14C3F8281556
:109E5000D2F81014C3F82C15D2F81414C3F8301526
:109E6000D2F81814C3F83415D2F81C14C3F84015EE
:109E7000D2F82014C3F84415D2F82414C3F84815B6
:109E8000D2F82814C3F84C15D2F82C14C3F8501586
:109E9000D2F83014C3F85415D2F83414C3F860154E
:109EA000D2F83814C3F86415D2F83C14C3F8681516
:109EB000D2F84014C3F86C15D2F84424C3F87025C6
:109EC000FFF798FF18B1444B444AC3F88C26FFF7BC
:109ED00091FF18B1424BFB22C3F81825FFF78AFF08
:109EE00070B14FF080414FF08053D1F8E42ED3F899
:109EF000583222F00F0203F00F031343C1F8E43E7F
:109F0000FFF778FF20B1374B4FF40072C3F84026BB
:109F1000FFF770FF48B14FF08043D3F80024D20719
:109F200044BF6FF00102C3F800242F4AD2F88830F2
:109F300043F47003C2F88830BFF34F8FBFF36F8FC5
:109F40004FF01023D3F80022002A03DBD3F80432A9
:109F5000002B2EDA254B0122C3F80425D3F8002468
:109F6000002AFBD04FF010221221C2F80012D3F8C1
:109F70000024002AFBD04FF010231222C3F8042241
:109F80001A4BD3F80024002AFBD00022C3F8042582
:109F9000D3F80024002AFBD0BFF34F8F1249144B93
:109FA000CA6802F4E0621343CB60BFF34F8F00BF77
:109FB000FDE7104B104A1A604FF080430122002148
:109FC000C3F81825C3F804119A60D3F80421002AB5
:109FD000FBD008BD00C00040005000404881030095
:109FE00000F000400090024000ED00E000E0014081
:109FF0000400FA05006500200090D0030F4BD3F851
:10A00000042182B052B10022C3F80421D3F8042104
:10A010000B490192019A0A6801320A60D3F844217F
:10A02000084B0AB91A7832B11A780AB100221A70AC
:10A0300002B0FAF7E7BE02B0704700BF001001405F
:10A04000FC690120F8690120F0B5244F3A7885B009
:10A050006AB1234B0022C3F84421D3F84421019272
:10A06000019A4FF40032C3F8082305B0F0BD4FF059
:10A070008043C3F8042101229A60D3F80421002A06
:10A08000FBD0174C1749002501266560112066603A
:10A09000FFF7A0FEC4F80855C4F84451D4F8443181
:10A0A0000393039BC4F80451D4F804310293029B38
:10A0B0004FF00213C4F848330223C4F804330A4BA8
:10A0C0004FF400324021C4F8082383F81113C3F879
:10A0D00080211A6026603E70C7E700BFF969012041
:10A0E00000100140FD9F060000E100E0084A012346
:10A0F00053604FF40033C2F80833064AC2F8803088
:10A10000BFF34F8FBFF36F8F034B00221A7070475E
:10A110000010014000E100E0F969012073B5044638
:10A120000E461546FBF70EFE114B24F07F40D3F888
:10A130000445A04204D0013424F07F44844202D17B
:10A14000023020F07F4006F5A87643F82600D3F8C9
:10A1500004232A4007D1C3F84421D3F844210192B3
:10A16000019AC3F8045302B0BDE87040FBF700BE8B
:10A1700000100140024803780BB101F0DDBB7047CD
:10A1800004650020024B012200201A7001F0E2BB9E
:10A1900004650020024B1878B0FA80F0400970473F
:10A1A0000465002008B50B4B1878002288B10A48D6
:10A1B0001A704FF08051C2604B6909694B430749DF
:10A1C0000361C0E9012202F072F8003818BF0120D3
:10A1D000404208BD0565002040670020A4800700BC
:10A1E000002070472DE9F0410E4604F037FDDFF8FE
:10A1F00034800B4F0546002301223146404602F0D1
:10A2000092F8044604F02AFD401BB84201D8042C01
:10A21000F1D0201E18BF01204042BDE8F08100BFF0
:10A220003F0D0300406700202DE9FF470E465AB35B
:10A2300023F00303DFF85890DFF858A0171F5D18CC
:10A240000E24AE4206D1201E18BF0120404204B0A9
:10A25000BDE8F08757F8043F039304F0FFFC804605
:10A260000023009303AA04233146484602F02DF848
:10A27000044604F0F3FCA0EB0800504501D8042C80
:10A28000EED00436002CDCD04FF0FF30DFE700BF0B
:10A29000406700203F0D0300024BD3E90330C01A92
:10A2A000704700BF40670020064BDA688A4205D835
:10A2B0001A698A4202D95B68186870474FF0FF300C
:10A2C000704700BF4067002004207047002070479F
:10A2D000FF2070471F288BBF00F01F0303461A4A58
:10A2E0004FF0A04203F5E07330B452F82330174A20
:10A2F000C3F30143032BD2E90035C0F12004A0F1E0
:10A30000200223FA00F305FA04F443EA040325FAD1
:10A3100002F243EA02030CBF01210221DB0710D540
:10A320000B4B01291B5C09D113F0400F09D0094BDD
:10A33000094A1B6852F8200030BC184713F0200F60
:10A34000F4E730BC704700BF00030050F86A0120FA
:10A35000C06A0120006B0120006A0120114930B45D
:10A36000D1E90025C0F1200405FA04F4A0F1200190
:10A37000C240224325FA01F10A43D40703460ED511
:10A38000094A115CC1F30012890703D51AB930BC20
:10A3900003F09EB91AB130BC184603F0EBBA30BCDA
:10A3A000704700BFF06A0120C06A01202DE9F34721
:10A3B000DFF82481444F18F8003004460126A4F148
:10A3C0002005C4F1200106FA05F526FA01F1C3F3D0
:10A3D000001013F0010F024645EA010506FA04F6E3
:10A3E000A4F1200AC4F1200901D1002865D018F891
:10A3F00004309B07214601D5002A44D00023ADF844
:10A40000053003238DF8043018F80430C3F38100BD
:10A41000012801D0032801D18DF8050022B32B4A71
:10A4200001A9204603F0BAF9294AD2E9003202FA1A
:10A4300009F9E34043EA090322FA0AF21343D90770
:10A4400009D518F804305A0601D49B0603D501211A
:10A45000204603F023FAD7E9002316431D43C7E93A
:10A46000006502B0BDE8F0871F2C9DF8053086BF5F
:10A47000184A04F01F014FF0A04201F5E0719B0063
:10A4800042F82130E7E71F2C88BF124BADF80420BB
:10A4900094BF4FF0A04304F01F02D3F804358DF8A9
:10A4A000060098BF2246D34003F0010301A92046CD
:10A4B0008DF8053003F0A2F8CDE7D7E9002322EAB2
:10A4C000060623EA0505CAE7F06A0120D5A20600C0
:10A4D000F86A012000030050C06A01204B1C10B52F
:10A4E0000446017014D0C9B22F2904D909490A4879
:10A4F0005422FBF77DFB09490620FFF76BFC03F0B4
:10A500003DF8074994F900208B5C43F001038B541C
:10A5100010BD00BFF47E0700397F0700E9D90600AF
:10A52000C06A012008B590F90030591C04D11049C7
:10A5300010485F22FBF75CFB0F4AD25C92070CD5F8
:10A540001F2B8ABF0D4A4FF0A04203F01F03D2F821
:10A550000405D84000F0010008BD1F2B8ABF074A40
:10A560004FF0A04203F01F03D2F81005F1E700BF3F
:10A57000F47E0700AD3A0700C06A012000030050D6
:10A5800038B5044690F90000431C0D4604D10A4931
:10A590000A48AC22FBF72CFBC0B2FFF7DFFE94F9B0
:10A5A0000000074B1A5C65F383021A54BDE838407B
:10A5B000C0B2FFF7FBBE00BFF47E0700AD3A070054
:10A5C000C06A012038B5044690F90000431C0D46CE
:10A5D00004D10A490A48B722FBF70AFBC0B2FFF7C9
:10A5E000BDFE94F90000074B1A5C65F341021A5452
:10A5F000BDE83840C0B2FFF7D9BE00BFF47E070007
:10A60000AD3A0700C06A012000280CDB4309064967
:10A6100000F01F0020330122824041F82320BFF3C5
:10A620004F8FBFF36F8F704700E100E0002343506E
:10A6300082B043580193019B02B070470378012B0D
:10A6400010D0022B10D0002B14BF02230823CA699C
:10A650000B6213420AD08B6943B100228A61012246
:10A660000A7518470423F2E71023F0E7704700004B
:10A67000F0B50668044689B0304600F0A3F984427C
:10A6800005D12369022B02D1237D002B3BD02E4D17
:10A690002146304600F08EF90223236155F836300A
:10A6A000D3F80035F70053B194F824306BB3274842
:10A6B0003844019004F03AF9019804F0CFF8244BA3
:10A6C00053F8260040F30730FFF79EFF94F825303B
:10A6D00094F9050094F90410FBB194F826301B4C52
:10A6E000069100225B083C44CDE90420039303A9B2
:10A6F00007232046ADF81C208DF81E3004F026F804
:10A70000204604F0DFF809B0F0BDE819019003F02D
:10A71000F1FD019803F008FED1E7A3680593072334
:10A72000ADF81830A369CDE903013D444BB1094AA6
:10A73000234603A9284603F045FD284603F0CAFD39
:10A74000E1E71A46F5E700BFC07F0700D87F0700A2
:10A75000D07F07003DA6060070B50E46154604469C
:10A7600004F074FA184B0268B3FBF2F3174A294657
:10A770003046136000F030F9012804DD1449154813
:10A780007E22FBF735FA00234FF0CC72C4E9022396
:10A7900001222275104A206011782671C4E906331F
:10A7A000657123612362A38484F8263051B10B497B
:10A7B00013700320FFF70EFBBDE87040084904202A
:10A7C000FFF708BB70BD00BF40420F0008650020C6
:10A7D000587F07009C7F070006650020BDEA060041
:10A7E000C9EA060090F8253063B9084B99420ADDA2
:10A7F000074B9942D4BF4FF080614FF0CD610123E8
:10A800008160037570474FF0CC71F8E78FD003007B
:10A810007F1A06000268114B2DE9F04153F82250CF
:10A820000F4F4FF4827104462846FFF7FFFE0123C5
:10A830006B6104F013FA3B6842F20F7803FB00F6F9
:10A84000D5F8043133B904F009FA3B6843439B1B44
:10A850004345F5D90020E060BDE8F081D07F0700D6
:10A8600008650020F7B51C460123037507680192AF
:10A870000E46FFF7FDFE0848019A2346C6F347013E
:10A8800000EBC70003F01AFE00280CBF20464FF073
:10A89000FF3003B0F0BD00BFC07F0700F0B51D461C
:10A8A00085B001230375076803920E46FFF7E0FEAB
:10A8B0000A9C0A48039AB4FA84F4640900942B466B
:10A8C000C6F3470100EBC70003F0E0FD00280CBF12
:10A8D00028464FF0FF3005B0F0BD00BFC07F070035
:10A8E000C368003918BF01214BB190F8253080F8BA
:10A8F0002430012380F825100375FFF7B9BE0B46FD
:10A90000F5E7000010B50368064C04EBC3042046CD
:10A9100004F078F818B9204604F064F810BD03205C
:10A92000FCE700BFD87F070073B506680D4D05EB47
:10A93000C6042046CDE9001204F064F8DDE90012F7
:10A940000028F6D0204604F029F8204604F07AF8D2
:10A950000028FAD155F83630D3F83C05C0B202B021
:10A9600070BD00BFD87F070073B506680D4D05EBBD
:10A97000C6042046CDE9001204F034F8DDE90012E7
:10A980000028F6D0204603F0E5FF204604F04AF800
:10A990000028FAD155F83630D3F84C05C0B202B0D1
:10A9A00070BD00BFD87F07000121017580F8262007
:10A9B000FFF75EBE0228DCBF014B43F82010704752
:10A9C000046B01200228DABF024B53F820004FF03D
:10A9D000FF307047046B01202A4B70B500220446FB
:10A9E000184693F900506E1C03D193F901600136AB
:10A9F00012D0A5422BD193F901508D4227D100EB03
:10AA0000C200214D406800EB4002AB18AC54FF225D
:10AA100059709A70431C19D11B4A92F90000844264
:10AA200007D192F901308B4203D192F90230013300
:10AA300026D092F903309C420CD192F904508D42F9
:10AA400008D192F90550013504D1012070BD0132C1
:10AA50000833C6E75578284095782840FF280DD060
:10AA60001079034050790340FF2B09D1012303EBF8
:10AA700043001518145469701846E7E70023F6E7F9
:10AA80000020E3E7AC7D07000C650020234B70B588
:10AA900000220446184693F90060751C13D093F900
:10AAA0000150B5F1FF3F0ED0A6421FD18D421DD1FE
:10AAB00000EBC2001A4B406803F8104003EB400360
:10AAC000461C597016D1164A92F90000844203D1EF
:10AAD00092F901308B420CD092F902309C420AD19B
:10AAE00092F903508D4206D1012003E00132083370
:10AAF000D1E7002070BD55782840FF280BD0D078D2
:10AB00000340FF2BF0D1012302F8134002EB430274
:10AB100018465170EEE70023F6E700BFB47D07004A
:10AB20001565002008B5054B05494FF4807218469D
:10AB300005F0BCFB034A906008BD00BF0000002088
:10AB40000070020000ED00E000F0C6BD002343509D
:10AB500082B043580193019B02B070472822074BF3
:10AB600050431A181B58002151741A6A22B1586AAE
:10AB7000800701D5D8691047704700BF786B012066
:10AB8000074B282250431A18002151731B581A6A88
:10AB90002AB1596AC90702D5D869012110477047FF
:10ABA000786B0120084B282250431A180021D173DA
:10ABB00051731B581A6B2AB1596B490702D50421EE
:10ABC00099631047704700BF786B012008B5174B99
:10ABD0001A7832B100201870154BDB7BF3B1FFF708
:10ABE000E1FF144B1A781AB100201870FFF7B6FF76
:10ABF000114B1A7842B100221A700D4B93F837307E
:10AC000001207BB1FFF7CEFF0C4B1A786AB100220E
:10AC10001A70BDE808400120FFF7A0BF1846FFF7F3
:10AC2000AFFFDEE7FFF7ACFFEEE708BDCA6B012020
:10AC3000786B0120C86B0120CB6B0120C96B012010
:10AC400008B5114B024653F82000104BC0F80833EA
:10AC50004FF4A671FFF77AFF4FF48871FFF776FF84
:10AC6000D0F8003223F02003C0F80032084B28212E
:10AC700001FB023301221A74002283F824201023DE
:10AC8000C0F8043308BD00BF88800700100008002A
:10AC9000786B0120184B2DE9F04153F82080174EB6
:10ACA000174FC8F80873282303FB00F43519043440
:10ACB000686900F098FE2023AB614FF4A67140460E
:10ACC000FFF744FF4FF48871FFF740FFD8F80032D8
:10ACD00043F02003C8F80032002326440122AB745D
:10ACE000C8F834652B74C8F8382585F82430C8F8BE
:10ACF0000473BDE8F08100BF88800700786B0120F5
:10AD00001000080040B9074B01221A70064B4FF49F
:10AD10008012C3F8002170470128FCD1034B187042
:10AD2000F4E700BFCA6B012000E100E0CB6B01201B
:10AD30002DE9F74FDFF84481044658F82000D0F899
:10AD40001031EBB14FF48871FFF700FFDFF81CA161
:10AD5000282363430AEB030B9BF81060002E43D0BB
:10AD600000228BF810208BF80E205AF80330D3E91C
:10AD70000F212AB1C80503D54FF48071596490475B
:10AD800058F82450D5F84C31FBB1D5F81031E3B95F
:10AD90004FF4A6712846FFF7D9FE344A28236343AF
:10ADA000191D1344987C80F001000144186A0A447C
:10ADB000C5F83425411C4FF00102C5F8382504D0F0
:10ADC000996903294CD902F0D9FCD5F82031002B20
:10ADD00049D028464FF49071FFF7B8FE204603B0E3
:10ADE000BDE8F04FFFF78EBF9BF81250D0F83C95AE
:10ADF00085F001028BF81220B9F1000FC0D01D447C
:10AE000003F11807043557445544DBF8140001A931
:10AE100000F00BFE88B115F8013B0370DBF814005D
:10AE200001A900F02CFE57E8002F013A47E8002363
:10AE3000002BF8D10136B145E7D1282303FB04A349
:10AE40005A7C002A9CD101225A744FF48011084B7D
:10AE500024B908480270C3F8001191E70648F9E7E1
:10AE600083F82420B1E703B0BDE8F08F786B0120B0
:10AE700000E100E0C86B0120C96B01208880070059
:10AE80000120FFF755BF0020FFF752BF2DE9F34126
:10AE9000044628B95749584840F24222FAF7A8FE1A
:10AEA00041684D1C10D01F2987BF544A01F01F0371
:10AEB0000B464FF0A0420120984003F5E073C2F822
:10AEC0000805032042F82300A268501C0CD01F2A5A
:10AED0008BBF02F01F03134648484FF0A04003F514
:10AEE000E073002540F823502368454E56F82300B0
:10AEF000C0F80C15C0F81425227D012A15D1E2688E
:10AF0000511C0CD01F2A8BBF02F01F0111463B4D74
:10AF10004FF0A04501F5E071002745F821704FF092
:10AF2000FF31C0F80815C0F81025364D21692827D3
:10AF300007FB03531A6A91424ED0187F02F040FF7C
:10AF400020B140F26F222B492F48A7E7236807FB67
:10AF500003531B6A013302D0206902F0B9FB206958
:10AF6000431C33D0294902F049FB082806D1206947
:10AF700002F0AEFB2549206902F040FB10B140F21F
:10AF80008622E0E72368206956F82310282707FB6C
:10AF9000035201F5887192F81C80019102F0E0FBE8
:10AFA00001990246404602F0D5FE10B14FF42372DB
:10AFB000C9E7236807FB0353187F02F0EBFE10B1CB
:10AFC00040F28F22BFE7206902F0B8FB23682822F5
:10AFD00002FB035523692B622368217D56F8232049
:10AFE000637D0B43C2F86C35A369C2F8243502B007
:10AFF000BDE8F081E87F07002F80070000030050C4
:10B0000088800700786B01201C7E07008280070083
:10B0100070B5044628B91A491A484FF43C72FAF739
:10B02000E7FD0568184E28236B43F218F358834256
:10B0300002D193F82C1081B12046FFF727FF282377
:10B040006B432846F450002384F82C3094F82D30BC
:10B050004BB1BDE87040FFF7F3BD93F82D30127C83
:10B060004BB93AB12846FFF715FE084B53F8253087
:10B0700001221A6070BD002AFCD12846E9E700BF12
:10B08000E87F07002F800700786B01208880070089
:10B090002DE9F84F88461746044628B957495848BD
:10B0A00040F23732FAF7A4FD564B574D1A78002A72
:10B0B0005ED000221A7002F097FA08B902F05EFA28
:10B0C000524E53491420FEF785FEE02386F81433D0
:10B0D0004FF48013C6F880313360DFF86C914D492E
:10B0E00001232122484600F06BFC0023C5F8149090
:10B0F00049482B6002F000FE814620B14FF45672A1
:10B100003E494648CEE7464B46494FF0FF3AC5F820
:10B1100020A00220C3F808A3FEF75CFE042386F8F3
:10B120000293C6F880313360DFF820B13E49012335
:10B130002122584600F044FCC5F828903B48C5F849
:10B140003CB002F0D9FD814610B140F26E32D7E733
:10B15000374BC5F848A03749C3F808A32820FEF7A5
:10B1600039FE4FF4807386F82893C6F884317360F3
:10B1700039464046FFF78AFC28234343EA182060FB
:10B1800096680136012E96601ED12B4A52F8200097
:10B190000822C0F800250C334FF0FF32C0F80C2510
:10B1A0001D44C0F814254FF08052C0F824254FF4F8
:10B1B0009071C0F84455C0F84865FFF7C7FC866039
:10B1C000D0F81C31002BFBD01C4BA3614FF0FF3398
:10B1D000C4E903330023A3822362194B9C4208BFB6
:10B1E000184A4FF00103C4E9018708BF136084F8CF
:10B1F0002C302046BDE8F84FFFF70ABFE87F070074
:10B200002F80070019650020786B012000E100E025
:10B21000CDAB0600106B0120946B01201C7E070053
:10B220000020004087AE0600446B0120BC6B01206B
:10B230000080024081AE0600888007000050270091
:10B24000CC6B0120386C0120346B0120686B01202D
:10B2500008B528B9134914484FF47572FAF7C8FCB9
:10B2600002681249282303FB02118B6883B1013B5A
:10B270008B606BB90E4951F82210C1F800350121DD
:10B280003AB90C4BC3F8FC2FD3F8FC2FC3F8FC1FC2
:10B2900008BD094AC2F8FC3FD2F8FC3FC2F8FC1FC7
:10B2A000F6E700BFE87F07002F800700786B0120DA
:10B2B00088800700002000400080024008B528B9BF
:10B2C0003449354840F20242FAF792FCB1F5166F64
:10B2D00039DBB1F5965F39DBB1F5165F39DBB1F5D6
:10B2E000615F38DBB1F5964F37DBB1F5E14F36DB07
:10B2F00047F61123994234DDB1F5164F33DBB1F532
:10B30000614F33DBB1F5963F33DBB1F5E13F33DB22
:10B31000B1F5613F32DB214B994232DDB1F5E12FCE
:10B3200032DBB1F5612F32DB1D4B9942D4BF4FF0B8
:10B3300070614FF0805183698B421EBF0123816190
:10B3400080F82C3008BD4FF49E21F4E74FF41D2106
:10B35000F1E71449EFE71449EDE71449EBE7144925
:10B36000E9E71449E7E74FF40001E4E74FF41D0172
:10B37000E1E74FF46B01DEE70F49DCE74FF0EB71DB
:10B38000D9E74FF06C71D6E74FF08061D3E74FF00B
:10B39000E861D0E7E87F07002F8007008FD0030027
:10B3A0003F420F0000B013000050270000F03A00A9
:10B3B00000A04E0000C0750000903A0108B528B901
:10B3C0001549164840F24242FAF712FC082904D007
:10B3D0001149134840F24742F6E712F0FD0F04D03E
:10B3E0000D4910484FF48962EEE7012B04D00A4959
:10B3F0000D4840F24942E7E7417D31B11AB9427543
:10B4000080F82C3008BD0E29FCD0022AFAD10E2378
:10B4100043750123F4E700BFE87F07002F80070092
:10B4200033800700428007007380070008B528B901
:10B430000F49104840F26A42FAF7DAFBB3F1FF3FD6
:10B4400003D0012908BF4FF0FF33C360531C03D062
:10B45000022908BF4FF0FF32003918BF0121012334
:10B46000017580F82C300261BDE80840FFF7D0BDBF
:10B47000E87F07002F80070008B528B90449054870
:10B4800040F2D642FAF7B4FBC0E9072108BD00BF7D
:10B49000E87F07002F800700F8B50E4628B911494C
:10B4A000114840F2EB42FAF7A3FB01290768446A0E
:10B4B0000CBF0125022582B125434562FFF7A8FD97
:10B4C000012E0DD1094B53F82730D3F81C313BB175
:10B4D0003846BDE8F840FFF715BC24EA050444628D
:10B4E000F8BD00BFE87F07002F80070088800700B5
:10B4F000F7B528B91C491D4840F21452FAF778FBF9
:10B50000002207681A4C80F82D20FFF781FD2823C0
:10B5100003FB07435D696A89EB8892B29BB29A424A
:10B52000F9D001A9284600F0BAFA01A90646284632
:10B5300000F0E0FA282303FB0743183353E8001F09
:10B54000013143E80012002AF8D1282303FB074405
:10B5500094F8243023B1206A84F8242002F00EF9F4
:10B56000307803B0F0BD00BFE87F07002F800700F0
:10B57000786B012038B50D4628B91549154840F2B9
:10B580004552FAF735FB0468FFF742FD124B53F8BA
:10B590002400D0F81C31002BFBD04FF48E71FFF744
:10B5A000D5FA28220D4B54431A190C342344157331
:10B5B0000122C0F844354FF49071C0F84825FFF7D8
:10B5C000C5FA4FF48073C0F80433826038BD00BF01
:10B5D000E87F07002F80070088800700786B012034
:10B5E00010B528B90B490C4840F26D52FAF700FB30
:10B5F000002280F82D200468FFF70AFD074B28225F
:10B6000002FB04335B695889DB88C01A18BF01202C
:10B6100010BD00BFE87F07002F800700786B012076
:10B6200008B528B90C490D4840F28A52FAF7E0FAF9
:10B6300002680B4B282101FB02335B7BDBB243B971
:10B64000084B53F82230D3F81C01003818BF0120F2
:10B6500008BD0020FCE700BFE87F07002F8007003F
:10B66000786B0120888007000E4B1A6942F01002A7
:10B670001A61F1EE102A22F09F02E1EE102AF1EE9B
:10B68000102A094A4021C2F884114FF0804201215A
:10B69000D16740BF20BF5A68044B134003B920BF95
:10B6A000704700BF00ED00E000E100E03FF0439E86
:10B6B000074808B5037813B1064B01225A60FFF71B
:10B6C000D3FF037813B1034B01221A6008BD00BFFA
:10B6D0003C6C01200090004070470000004870471B
:10B6E0009080070073B5224E224C327862B100235D
:10B6F000C4F84031D4F840310093009B4FF48033BC
:10B70000C4F8083302B070BD01254FF48033656082
:10B71000C4F80833D4F80435174923F00303C4F8F8
:10B720000435D4F8103523F00F0343F00403C4F8B4
:10B730001035D4F8083543F00303C4F80835C4F8CD
:10B740004025C4F84021D4F8403101930920019BE1
:10B75000FEF740FB094B402283F809234FF40072A7
:10B76000C3F880211A60256065643570CAE700BFA0
:10B770003C6C0120009000406552060000E100E0B2
:10B78000024B01225A64D3F84405704700900040F0
:10B7900013B50446FAF7D6FA0B4BC3F84045D3F875
:10B7A000042312F4803209D1C3F84021D3F8402198
:10B7B0000192019A4FF48032C3F8042302B0BDE82D
:10B7C0001040FAF7D5BA00BF00900040024B4FF48A
:10B7D0000072C3F80021704700E100E0024B4FF413
:10B7E0008032C3F80823704700900040054B0022C8
:10B7F00082B0C3F84021D3F840310193019B02B0DD
:10B80000704700BF009000400A4B01225A601A6145
:10B810004FF48032C3F80823074B4FF40072C3F88B
:10B820008020BFF34F8FBFF36F8F044B00221A703D
:10B83000704700BF0090004000E100E03C6C012038
:10B84000014B43600020704798800700084670470E
:10B8500000207047024B1868003818BF012070475D
:10B86000406C012008B5024800F0A7F8002008BD90
:10B87000406C012008B510461A4604F017FD002060
:10B8800008BD0000F0B589B00746124801920E4687
:10B890001D4600F08FF80446D0B90199AA08304639
:10B8A00003F0B4F90B4800F088F8BF686FB11022BC
:10B8B000214602A804F022FD01238DF808300E9BDA
:10B8C00004960695079302A8B847204609B0F0BD34
:10B8D0001124FAE7406C01202DE9F043814687B03E
:10B8E00014480E461546984600F064F80446F8B928
:10B8F0000746BD4216D10F4800F05FF8D9F808702E
:10B9000067B110220021684604F0F8FC0223CDE95B
:10B9100004588DF8003002966846B847204607B0B4
:10B92000BDE8F08306EB073003F058F90137E0E794
:10B930001124F3E7406C012072B6054A1378191EF2
:10B9400018BF01210133017013700020704700BF40
:10B95000446C0120044B1A7818B1013A1A70002087
:10B960007047187062B6FAE7446C012010B50346C0
:10B9700053E8000F40EA010243E8002494F0000F6E
:10B98000F6D110BD10B5034653E8002F02EA0100BE
:10B9900043E8000494F0000FF6D110BD10B5034643
:10B9A00053E8002FA2EB010043E8000494F0000FDD
:10B9B000F6D110BD0121FFF7D9BF0021FFF7E2BF8B
:10B9C00010B561B1B2FBF3F403FB1424A4B244B983
:10B9D000C0E9001484608281C381204610BD0E201E
:10B9E000FCE70920FAE782B050E8022FC188B2EBE9
:10B9F000324F4FF0000317BF92B241EA014142EAD1
:10BA0000014104E04268B2EB324F08BF012340E835
:10BA10000212002AE8D18DF807309DF80730002B7C
:10BA20000CBF1120002002B0704737B550E8013F2D
:10BA30009DB2C48925448489A54228BF2D1B048951
:10BA4000A54202BFBFF32F8F002207E0C5EA03051E
:10BA500040E80154002CE9D14FF001028DF8032099
:10BA60000193019A0A609DF8031001F0FF0321B1D0
:10BA7000006810FA82F003B030BD1846FBE70A8870
:10BA80004B889A4209D150E8012FC2EA024240E8AD
:10BA90000123002BF7D1012070470020704737B5F4
:10BAA00050E8023F1FFAA3F5C488A54202BFBFF3C6
:10BAB0002F8F00220DE0C48925448489A54228BF28
:10BAC0002D1BC3EA054540E80254002CE8D14FF095
:10BAD00001028DF803200193019A0A609DF803107A
:10BAE00001F0FF0321B1006800EB124003B030BD4C
:10BAF0001846FBE70A884B889A4209D150E8022F82
:10BB0000C2EA224240E80223002BF7D1012070470D
:10BB10000020704770B5064D0646002455F8043BDA
:10BB20000BB1304698470134042CF7D170BD00BFEB
:10BB3000546C01204388033300EB8303994209D3FB
:10BB400082884FF6FF739A4206D00088B0FA80F0E0
:10BB50004009704702207047012070470B4A0C498A
:10BB60005388142000FB0311CB6833B904204968C3
:10BB700010700122074800F0D6BB07490523137057
:10BB800002238B80012209680023F3E76C6C0120FB
:10BB9000846C012054670020C06C012007B500238D
:10BBA00005490093054A09680548082300F08DFB04
:10BBB00003B05DF804FB00BFC06C0120D08007001B
:10BBC0005467002007B5002301460093034A044848
:10BBD000082300F07AFB03B05DF804FBC88007007F
:10BBE0005467002013B500230C4600930146084A11
:10BBF0000848042300F069FB38B90749142202FB06
:10BC0000041101230B7402B010BD0E20FBE700BF2E
:10BC1000C480070054670020846C012037B50A48AF
:10BC20000A4B42689C8819685388032503330570C2
:10BC30009BB2002000909B0001EB8401044800F0BF
:10BC400044FB03B030BD00BF6C6C0120C06C012010
:10BC50005467002038B5144B14220D4602FB003007
:10BC60002B68446804F58051A3B15C88033403EB6E
:10BC700084048C4215D22368013312D02046FFF78A
:10BC800059FF012808D002280BD00028F1D12C60E0
:10BC9000012038BD0834ECE76388033304EB8304E8
:10BCA000E7E70020F5E700BF846C01204368F7B5A3
:10BCB00005460E46002B43D0234AD1688B423FD322
:10BCC000126993423CD813F0030439D11F4A018909
:10BCD0001289914235D101689A68914231D11C494B
:10BCE0004A68934203D902F5805293420DD38A6980
:10BCF00093420CD902F58052934208D2012333803B
:10BD0000B4FA84F0400903B0F0BD2346F7E70A24F3
:10BD1000F6E7019701A92046FFF79CFF30B90134EF
:10BD2000A4B2022C3480F4D10020ECE7019B2A68F5
:10BD300099689142EED16B60044B1B892B81E2E73D
:10BD400000240027EDE700BF546700206C6C012041
:10BD5000846C01202DE9F0471C461D4B1B780746DB
:10BD6000884616467BB382B37CB3DFF86C904FF005
:10BD7000140AA588012D01D90A2022E00AFB05F347
:10BD800019F803302BB921462846FFF763FF18B98D
:10BD900020600135A580ECE723681FB199883A88B7
:10BDA0009142F0D1B8F1000F04D01988B8F8002002
:10BDB0009142E8D19A68C6E90023064B1B8933817A
:10BDC0000020BDE8F0870220FBE70520F9E700BF6F
:10BDD000646C01206C6C0120846C012008B5074B59
:10BDE0005888191DFFF736FF18B1BDE80840FFF766
:10BDF00015BFBDE80840FFF7B1BE00BF6C6C012065
:10BE00002DE9F0479E4FDFF89C8288B006463B68DC
:10BE100023B99C484146FFF742FE38603D682978C7
:10BE20004B1E052B07D8DFE813F01F0077007700C3
:10BE30000501050159010F241422002103A804F073
:10BE40005DFA41F61D539C4208BF00243B680494F0
:10BE50001A78023A042A00F2F781DFE812F0D801DA
:10BE6000E40106020E02150226B1874B00225A6039
:10BE70000124E1E72B79032B1CD8DFE803F014023F
:10BE80002934824A1378022B19D0137D022B4FF0EC
:10BE9000010316D114214B43D1180020D054486817
:10BEA000FFF790FE03E001232B71FFF777FE0028D8
:10BEB00000F0BB80744B00225A600E24BCE70023C4
:10BEC000E8E7714A13700023536041F61D54B3E74D
:10BED0006F497048002302222B718A800968012271
:10BEE00000F021FAE3E76A4C00262E712068FFF784
:10BEF00069FE694BDFF894C15B88256814225343BF
:10BF00000CEB03020CF8036051685560A58815819D
:10BF100002222160A280CAE7B5F814A0AA7DDFF84A
:10BF20006C919EB1022AEB8806D9142101FB0A917B
:10BF3000DA1C088902440A81142202FB0A92C3F522
:10BF40007F435189FD330B44538191E7142303FB55
:10BF50000A9318895C6804EB8004062A68D8DFE835
:10BF600002F0274D35431D59040041F61D54AA7DAA
:10BF7000EB88022A06D9142101FB0A91DA1C0889F0
:10BF800002440A81142202FB0A99C3F57F43B9F8DF
:10BF90000A20FD331344A9F80A304DE73F484049D1
:10BFA00000234360AB690360FFF780FE002859D08F
:10BFB0000223AB75002300930423EA182146354879
:10BFC00000F083F9002830D00E24D0E72B69002B35
:10BFD00014BF03230123AB750023009305F10C026A
:10BFE000042304F10801EAE70123AB750022EB8882
:10BFF00000922A699B0004F10C01E0E703290CBFC1
:10C0000005230623AB7500230093042305F10802E2
:10C01000E118D4E70623AB75214B19881F4B5868EC
:10C02000FFF7E0FD04460028A1D108B0BDE8F08785
:10C030000F249CE7002E7FF41BAF2B79012B33D00C
:10C04000022B3FF442AF002B7FF4F5AE02232B719D
:10C050000DF10A01EB68039303A8CDE90466FFF72D
:10C0600025FE08B90A24E7E60498BDF80A1083887B
:10C07000EB8003882B81FFF7B5FD044627E000BF66
:10C08000806C0120AC6C0120646C0120846C012068
:10C09000C06C0120546700206C6C0120486C0120AA
:10C0A000C86C01207C6C0120DFF8F89103AA4B4694
:10C0B0003146A81DFFF74EFE044660B9B9F80410DA
:10C0C0000498FFF78FFD04460A2C3FF4FEAE002CC7
:10C0D0007FF4B2AEA9E7C9E90066F5E7002E7FF468
:10C0E000C7AE6B4B197B1A78B1B11E731A78013A3F
:10C0F000062A3FF6A0AE01A151F822F0A3C1060026
:10C10000C9C10600E7C10600EDC1060037BE060042
:10C11000F3C1060005C20600072AE7D801A151F8BD
:10C1200022F000BF45C10600EDC00600EDC00600CC
:10C130006BC106007FC106009FC106009FC10600BB
:10C1400067C106001A89534901321A8100225A80B8
:10C150001A730A78B2FA82F252099A720A7DB2FA16
:10C1600082F25209DA72012207E04B4958688A8844
:10C170004088033202448A8002221A70B6E75C8843
:10C18000444A4549142505FB042208685468506058
:10C190008888108102228A800C600622EDE707223F
:10C1A000EBE79A7A32B9DA7A8AB900221A705A80A1
:10C1B0005A608AE6374900229A72CA68002AF2D188
:10C1C000097C0029EFD05A80FFF708FE55E70022CE
:10C1D000DA72304A116A0029E7D192F82420002A45
:10C1E000E3D00122EFE7FFF719FD46E7FFF7B6FCC2
:10C1F00043E75A88274B142101FB02335868FFF7A5
:10C20000E1FC3AE700225A60FFF7C8FC35E701225B
:10C210008DF80C201A89ADF818209A88DB68ADF8E3
:10C220001A20059310E002228DF80C201A89ADF82F
:10C2300018209A88ADF81A20DA689B7D05929A1F1B
:10C24000534253418DF81C3003A8FFF763FC0026CE
:10C25000414612483E60FFF74DFC11480121FFF7AF
:10C260009DFB00287FF4D3ADDFE603228DF80C2080
:10C27000DA88ADF818201A89D0E704228DF80C204E
:10C28000DB88ADF81830DFE705238DF80C30DBE7ED
:10C290006C6C0120846C0120C06C0120AC6C01200E
:10C2A000BC6C0120CC6C01204068FFF7A9BD0B4697
:10C2B00010B4114628B123B103605DF8044B1B682C
:10C2C00018470E205DF8044B70472DE9F04308B382
:10C2D00002B3D0F800E0BEF1000F1ED0FBB14768FA
:10C2E000D7F80490B3FBF9F709FB1737BFB942EA57
:10C2F000010C1CF0030F14D1C768B94211D30569B2
:10C300004C1E1C44AC420CD8DEF80C40A446BDE8E0
:10C31000F04360470E20BDE8F0830820FBE70920CA
:10C32000F9E71020F7E7F0B5D8B1D0F800C0BCF1BC
:10C33000000F18D0CAB14768D7F800E00EF1FF37F8
:10C340000F4214D1C768B94211D305694C1E0EFBC8
:10C350000244AC420BD8DCF81040A446BDE8F040E3
:10C3600060470E20F0BD0820FCE70920FAE7102006
:10C37000F8E7F9F7E7BCF9F7FBBC00F1804000F5FE
:10C380001C3001230360BFF36F8FBFF34F8F7047E3
:10C39000020713D400F00F0310F0800F084A0BBF00
:10C3A00003F5887303F5847302EB830252F82300CC
:10C3B00008BF5068431E58425841704700207047DC
:10C3C0000070024010F0080F074B06D0D3F8C004ED
:10C3D00010F4803F18BF0020704700F00F0000F5F8
:10C3E000947053F820007047007002404FF0805363
:10C3F000D3F83021082A05D1D3F83401003818BF0A
:10C40000012070470020704730B5D1E900549C42AC
:10C4100029BFC0E900530021E41AED1832BFC0E97A
:10C4200000514C600D60934203D1201E18BF0120C3
:10C4300030BD0020FCE74B6810B59A420C6828BF5D
:10C440001A46C0E90042981A0B6848601344003845
:10C450000B6018BF012010BD30B54C680B68A242BC
:10C4600028BF2246002A14BF1D460025A4EB020463
:10C470001344C0E900524C600B6014BF012000203F
:10C4800030BD0000054B10F0800FA3F1900208BFF3
:10C49000134600F00F0003EB00107047486E0120B8
:10C4A000C343C3F3C01300F00F0000EB0310704749
:10C4B000034A0023C2F81C3C024A1370704700BFB5
:10C4C00000700240D56C012007B5074A00231370A5
:10C4D000064A137001230193054B01A81B68984776
:10C4E00003B05DF804FB00BFD46C0120DC6E0120BA
:10C4F000D86E012013B5124C0122236802FA01F113
:10C500000B4323600F4B1B68194003060DD551B92F
:10C5100006238DF804308DF806008DF807100A4BBD
:10C5200001A81B68984702B010BD0029FBD1062363
:10C530008DF804308DF806008DF80720EFE700BF76
:10C54000B46D0120446D0120D86E012008B5054B63
:10C550001A781046FFF7A4FFBDE8084001461046D0
:10C56000FFF7C8BFDC6E01201C4B13B5D3F80044A5
:10C57000C3F80044BFF36F8FBFF34F8FBFF36F8FCC
:10C58000BFF34F8FE10508D5154B01221A70022326
:10C590000193144B01A81B689847A20508D5104BBE
:10C5A00000221A70032301930E4B01A81B689847C1
:10C5B000630511D50A4B1A7872B100221A70074B25
:10C5C0000122C3F808255820FFF7D7FE0423019362
:10C5D000044B01A81B68984702B010BD00700240D0
:10C5E000D46C0120D86E01204B689A4228BF1A46AD
:10C5F0000A4B70B50C46064609681846154603F006
:10C6000055FEC6E9000560682368401B60602B4446
:10C610000038236018BF012070BD00BFE46E012008
:10C620004B689A4228BF1A4670B506460D46144616
:10C6300082B10968084803F039FE074BC6E90034A7
:10C640006B681B1B6B602B68201E23442B6018BF7C
:10C65000012070BD1346F1E7E46E012008B5FFF735
:10C6600027FF084B93F89E20032A06D1BDE8084017
:10C6700005486FF00101FFF785B9D3F89030002B22
:10C68000F4D008BDB86D0120446D01200A4AD2F8EB
:10C690006834C2F86834BFF36F8FBFF34F8F012146
:10C6A00003B9704793FAA3F2B2FA82F201FA02F2E6
:10C6B00023EA0203F4E700BF0070024008B5FFF769
:10C6C000F7FE0146FFF7DEFE837B032B0AD1084607
:10C6D000FFF7E6FE01218140BDE808400348C94359
:10C6E000FFF750B90368002BF1D008BD446D01205D
:10C6F0008720FFF7E3BF8620FFF7E0BF8520FFF725
:10C70000DDBF8420FFF7DABF8320FFF7D7BF822089
:10C71000FFF7D4BF8120FFF7D1BF00002DE9F04F14
:10C72000DFF8648198F8003085B0002B5BD1504D64
:10C73000504B19682B68194055D091FAA1F1002986
:10C7400054D0B1FA81F30F2B194651DDA1F1100439
:10C75000E4B22046FFF796FE4FFA84FA4FF0010B41
:10C760000BFA01FBBAF1000F81466FEA0B0B42DABC
:10C7700003688289416802A8984708B9C9F800008F
:10C780003D4BD9F808108222C3F81C2C012288F8EE
:10C7900000202A6802EA0B022A60039ABAF1000F0D
:10C7A0001144C9F8081004F00800029904F00F04BD
:10C7B0004FDA002845D0C3F8A016C3F8A4260420F9
:10C7C00000EB8400FFF7D9FD2C4A2D4B13EA2A0316
:10C7D00038BF134633F8143003F1804303F51C339C
:10C7E0001A68002AFCD005B0BDE8F08F2021ADE723
:10C7F00043F08004ADE72046FFF7E4FDB9F80C20D4
:10C80000D9F80410D9F800600346074602A8B047DB
:10C81000029A002AB1D0039A9742AED9022789F82A
:10C820000E7059461348FFF7ADF806238DF8043013
:10C83000144B8DF806401B688DF8077001A89847C7
:10C8400076E7142000FB0433C3F80016C3F804266F
:10C85000B5E728B1C3F8A017C3F8A4272820AFE78D
:10C86000142000FB0433C3F80017C3F80427F5E7CE
:10C87000B46D0120446D012000700240FE8007006D
:10C88000E2800700D86E0120D56C012037B5FFF794
:10C890000FFE0446FFF7F6FD837B032B0DD12046E8
:10C8A000FFF7FEFD01218140C9431048FFF76AF8F8
:10C8B00003B0BDE83040FFF731BF0568002DF7D168
:10C8C0002046FFF7EDFD01218140C9430748FFF7EE
:10C8D00059F806238DF80430054B8DF806401B6887
:10C8E0008DF8075001A89847E2E700BF446D01208A
:10C8F000D86E01200720FFF7C9BF0620FFF7C6BF8B
:10C900000520FFF7C3BF0420FFF7C0BF0320FFF7D8
:10C91000BDBF0220FFF7BABF0120FFF7B7BF00007D
:10C9200007B500238DF804300B4BD3F82025ADF864
:10C930000620D3F8C034094A002B13680CBF4FF40B
:10C9400080714FF001210B431360054B01A81B6858
:10C95000984703B05DF804FB00700240B46D0120FD
:10C96000D86E012007B5FFF7A3FD0D4B93F88E207D
:10C97000032A11D0D3F8803073B90A486FF0807160
:10C98000FFF700F806238DF804300823ADF80630D1
:10C99000054B01A81B68984703B05DF804FB00BF76
:10C9A000B86D0120446D0120D86E012007B5FFF756
:10C9B0007FFD114B93F81E21032A07D10F486FF416
:10C9C000807103B05DF804EBFEF7DCBFD3F81031E3
:10C9D00073B90A486FF48071FEF7D4FF06238DF80F
:10C9E00004308823ADF80630054B01A81B68984732
:10C9F00003B05DF804FB00BFB86D0120446D012059
:10CA0000D86E012038B51A4BD3F86C44C3F86C4487
:10CA1000BFF36F8FBFF34F8FBFF36F8FBFF34F8F96
:10CA2000FFF7E4FC38B9134A136823F0011103F04F
:10CA300001130C43136001251CB9BDE83840FFF712
:10CA40006DBE94FAA4F171B1B1FA81F30F2B1946BE
:10CA50000BDDA1F11000C0B205FA01F324EA0304D2
:10CA6000FFF748FDE8E72021F3E743F08000F3E714
:10CA700000700240E06E0120054B1A78012A01BFC8
:10CA8000044A00201060187018BF0820704700BFCB
:10CA9000D66C0120D86E01204E4B4FF4006210B5C9
:10CAA000C3F80024BFF36F8FBFF34F8FFFF79EFCD7
:10CAB00098B10020FFF75DFC474BD3F8001C032220
:10CAC000002979D149F27531C3F8001CC3F8142D3F
:10CAD000C3F8001C0020FFF74EFC0020FFF749FCC4
:10CAE0003D4BD3F8001CC022002968D149F27531B2
:10CAF000C3F8001CC3F8142CC3F8001C0020FFF777
:10CB00003AFC344B0122C3F80025BFF36F8FBFF30B
:10CB10004F8FD3F800241205FBD54FF40062C3F801
:10CB20000024BFF36F8FBFF34F8F0020FFF721FC6E
:10CB3000294BD3F8001C002944D149F27532C3F8BF
:10CB4000002CC3F8141CC3F8002C0020FFF713FCC2
:10CB5000204B40F2E372C3F800284022C3F80428B7
:10CB6000BFF36F8FBFF34F8F8022C3F81C251B4B81
:10CB700040F2FF121A601A4B00241C60FFF798FC69
:10CB8000184B1C70184B02221A70FFF72FFC00B3D1
:10CB90002046FFF7EEFB104BD3F8001CB1B949F269
:10CBA0007532C3F8002CC3F8141DC3F8002CBDE87F
:10CBB00010400020FFF7DFBBC3F8142D8AE7C3F84D
:10CBC000142C9BE70022C3F8142CBEE7C3F8144DC5
:10CBD000EDE710BD0070024000E00640B46D01209A
:10CBE000446D0120DC6E0120D66C012008B5104B8D
:10CBF00000221A70C8B9FFF7F9FB0E4B0E4A002845
:10CC000018BF13460D4AC2F804330D4BE02183F8D8
:10CC100027138021C3F8841159600123C2F8043519
:10CC2000BFF36F8FBFF34F8F08BD024BEAE700BF22
:10CC3000D46C01200714E0010714C0010070024009
:10CC400000E100E0034B1878012894BF0020012088
:10CC5000704700BFD66C0120044B1B78012B83BFAB
:10CC6000034B5868C0F3C01000207047D66C0120F9
:10CC700000E100E008B5FFF705FC818108BD000078
:10CC800073B5002837D01E4B1C78002C35D11D4AB7
:10CC9000106001221A702546264615F0080F65F02F
:10CCA0007F00C0B20CBF40214FF400710190FFF72C
:10CCB000E1FF0198FFF7E6FB0135092D8673066059
:10CCC0008660EAD1402100252046FFF7D3FF2046A9
:10CCD000FFF7D8FB0134E4B2092C85730560856049
:10CCE00002D1002002B070BD14F0080F14BF4FF441
:10CCF00000714021E8E70720F4E70820F2E700BFD1
:10CD0000D66C0120D86E0120064A10F0800F00F08A
:10CD10000F0314BFD2F81005D2F81405D84000F064
:10CD20000100704700700240084B094AC3F808230D
:10CD300041F20402C3F804230122C3F81025C3F80A
:10CD40001425BFF36F8FBFF34F8F70470070024001
:10CD5000F8EB1F002DE9F047804600208A46FFF7D8
:10CD600008FB18F00F0503D1294B1B7843454AD126
:10CD7000284B294F1C683E684046FFF791FBE4436F
:10CD8000A4B24FF00109344309FA00F914EA090486
:10CD90003BD14046FFF776FB0C2218F0800F03468C
:10CDA00002FB05F52BD01D4ADAF80010154401F0FE
:10CDB0006041DAF80820B1F1005F02F0010219D1F8
:10CDC000B2B9174A1A609AE8070085E807000022FE
:10CDD0009A609A735D60134B46EA090680223E60B2
:10CDE000C3F804210020FFF7C6FA2046BDE8F0870B
:10CDF0000D4AE7E70AB90D4AE4E70D4AE2E70D4AB2
:10CE000015440D4ADEE71024ECE71124EAE700BFE1
:10CE1000DC6E0120B46D0120446D0120486D0120BD
:10CE200037C4060000E100E059C40600E9C5060069
:10CE300021C60600D86C012009C40600FFF7C2BA5B
:10CE400008B5084B1A68084BD2431B6892B21A43C4
:10CE5000FFF726FB012303FA00F0104214BF184627
:10CE6000002008BDB46D0120446D0120044B40F446
:10CE70008070C3F81805BFF36F8FBFF34F8F7047F3
:10CE800000700240FFF784BA064BC3F80C05BFF3ED
:10CE90004F8F40F48070C3F80C05BFF36F8FBFF362
:10CEA0004F8F7047007002400023036043600E4BB9
:10CEB000D3F880240270D3F884244270D3F88824F5
:10CEC000D3F88C1442EA01224280D3F89024D3F89C
:10CED000941442EA01228280D3F89824D3F89C3437
:10CEE00042EA0323C38070470070024008B5FFF791
:10CEF0007DFA58B9EFF3108272B64C20FFF73DFA75
:10CF00004C20FFF73AFA82F3108808BDBDE80840CC
:10CF10004C20FFF732BA000013B5FFF7C9FA104BE7
:10CF20009A7B032A09D10F486FF48031FEF72AFD5E
:10CF300002B0BDE81040FFF7D9BF1C68002CF7D144
:10CF40006FF480310748FEF71DFD06238DF804308D
:10CF5000054BADF806401B6801A8984702B010BD0C
:10CF6000B86D0120446D0120D86E01205020FFF7DC
:10CF700004BA5420FFF701BAF8B50446FFF736FAB1
:10CF800006462046FFF78CFA01258540174FED43F2
:10CF9000B6B93046FFF7EDF93B6804F00F042B40BB
:10CFA0003B606400124B04F2C574C3F80048C3F838
:10CFB0000468D3F80438BDE8F8400020FFF7DBB977
:10CFC0000020FFF7D6F93B6814F0080203EA0503D6
:10CFD0003B60F0D104F00F04054B04F5947443F862
:10CFE0002420BFF36F8FBFF34F8FE4E7B46D0120B0
:10CFF00000700240F7B504460020FFF7BAF920465A
:10D00000FFF740FA05462046FFF74AFA012214F0DE
:10D01000800F02FA00F22D4818D1036832EA0301AA
:10D020000AD02046FFF7A8FF0323AB73002003B00C
:10D03000BDE8F040FFF79FB92960254923EA0203C4
:10D0400003600B6823EA02030B60EDE7230715D4A6
:10D05000802C204B2ED004F00F0101F2DA31490070
:10D06000C3F80018D3F80418D3F80468C9B241F023
:10D0700002013143C3F80418D3F80438144E016890
:10D08000336861EA03071742D0D0134321EA020153
:10D090003360002301602B600323AB738DF80730EE
:10D0A0000D4B8DF8064006221B688DF8042001A860
:10D0B0009847BBE740F2B471C3F80018D3F80418DE
:10D0C000D3F80468C9B241F00401D2E7446D0120ED
:10D0D000B46D012000700240D86E0120FFF78ABFB6
:10D0E000184BD3F8002273B522F00402164CC3F893
:10D0F0000022D3F880542368144EDA43144B31785D
:10D100001B6892B208461A43FFF7CAF9012303FAD3
:10D1100000F0104202D00846FFF76CFF6FF00111DB
:10D1200005F080050A483570FEF72CFC236843F0B3
:10D130000103236005230193064B01A81B68984750
:10D1400002B070BD00700240B46D0120DC6E0120A1
:10D15000446D0120D86E01205F4B2DE9F041D3F8DA
:10D1600004430021224601250E46002A40F091800A
:10D17000FFF73CF900287DD1584B1B78002B79D163
:10D180008D0277D5544B544F40F2A972C3F8002852
:10D19000D3F8040810F0FF001CBFD3F80428104097
:10D1A00040F2AA72C3F80028D3F8042812F0FF0254
:10D1B0001CBFD3F804381A4040F2AB73C7F80038EC
:10D1C000D7F8043813F0FF031CBFD7F804582B40DE
:10D1D00040F2AC75C7F80058D7F804582840404DC5
:10D1E0000AD02E6806432E6040F2A976C7F8006880
:10D1F000C7F80408D7F80408374840F2AD76C0F8FD
:10D200000068D0F8046832400BD02E6846EA024627
:10D210002E6040F2AA76C0F80068C0F80428D0F862
:10D2200004282D4A40F2AE70C2F80008D2F8042853
:10D23000134010D0D80748BF41F40001DA06264A4F
:10D2400040F2AB70C2F80008C2F80438D2F80438D3
:10D2500048BF41F001012B6833F001121CBF04F0FC
:10D260008070014313F0011F04D0630544BF2A609E
:10D2700041F480611B4F01F4000621F400044FF0DB
:10D280000108D4B9FFF74AFA1EB3BDE8F041FFF731
:10D2900027BF154892FAA2F3B3FA83F39F003844EC
:10D2A00005FA03F307682FB10660BFF36F8FBFF372
:10D2B0004F8F194322EA030257E794FAA4F5B5FA0F
:10D2C00085F557F8253008FA05F5984724EA05044E
:10D2D000D7E7BDE8F08100BF00700240D56C0120A7
:10D2E000E06E01201081070000710240F8B5134E76
:10D2F000134B34681B68240C24041C4301271CB9FD
:10D3000040F2FF133360F8BD94FAA4F585B1B5FA85
:10D3100085F30F2B1D460DDDA5F11000C0B20307EC
:10D3200001D4FFF767FE07FA05F524EA0504E6E7EE
:10D330002025F1E743F08000F1E700BFB46D012044
:10D34000446D012038B50E4C8025C4F884516368C3
:10D350001B0613D5FFF7CAFF0A4B0022C3F80425AA
:10D36000BFF36F8FBFF34F8FC4F88450BFF34F8F5D
:10D37000BFF36F8F4FF0FF32C3F8082338BD00BFF3
:10D3800000E100E00070024008B5FFF7DBFF094B49
:10D39000D3F80423C3F808230022C3F80025BFF301
:10D3A0006F8FBFF34F8FFFF783F8034B01221A7083
:10D3B00008BD00BF00700240D66C012010B50446C5
:10D3C000FFF718FE134A04F00F0064B2002C4FF070
:10D3D0000103B4BFD2F81015D2F8141503FA00F304
:10D3E0006FEA0303B5BF0B400B40C2F81035C2F81B
:10D3F0001435BFF36F8FBFF34F8F074A074B13EA04
:10D40000240338BF13461A5C01239340014AC2F833
:10D41000083310BD00700240F4800700D880070078
:10D4200038B5254A254B45B2002DA8BF134600F05C
:10D430000F010446585C224A4FF0010303FA00F042
:10D44000C2F804032ADAD2F81005C840C00731D464
:10D45000D2F810058B400343C2F81035BFF36F8F2D
:10D46000BFF34F8F31B3002D24DB14F0080521D119
:10D470002846FEF77EFF2046FFF77EFD2046FFF799
:10D480000FF8104A012303FA00F0136823EA00039F
:10D4900013602846BDE83840FEF76DBFD2F814058A
:10D4A000C840C00706D4D2F814058B400343C2F825
:10D4B0001435D3E738BD00BFF4800700D8800700DB
:10D4C00000700240446D0120030610B5044605D4E7
:10D4D000FEF75EFF10B12046FFF74EFD034BC3F889
:10D4E0001845BFF36F8FBFF34F8F10BD0070024020
:10D4F00000F1804000F5C040002382B00360036863
:10D500000193019B02B0704703681F2B83BF03F098
:10D510001F03036001484FF0A04070470003005014
:10D5200007B5019001A8FFF7EFFF019B00EB830017
:10D53000D0F8003723F44033C0F80037D0F8003774
:10D5400043EA0141C0F8001703B05DF804FBC208CC
:10D55000012300F007008340885C03438B5470472D
:10D56000054B4FF0FF32072843F8202084BF1B18DB
:10D5700083F86820704700BF246F012038B5164D2E
:10D5800095F87E402CBB3022FF2105F1400002F0CF
:10D59000B5FEE0B20134FFF7E3FF102CF9D10F4BD9
:10D5A0000022AA679A800E4BE02183F806134021DF
:10D5B000C3F8801119604FF4BE70FFF799FF094B53
:10D5C0004FF00041C3F80413012385F87E30104664
:10D5D00038BD0820FCE700BF246F01209C6F0120AC
:10D5E00000E100E000600040034B93F87E0000384B
:10D5F00018BF0120704700BF246F012037B5324BA0
:10D600001A18044692F9400001305AD1887800284F
:10D610004BD01846002250F8045B01353FD1181951
:10D6200080F84020002043F82200920002F180425E
:10D6300002F5C0420B78D2F81055487825F49915B8
:10D640001B04000525F4F85500F4801003F4403362
:10D65000C2F8105503432002D2F8105500F47C5054
:10D6600003432B43C2F810354A780194012A01A8DC
:10D670001FD1FFF749FF019B9A40C0F8082501A878
:10D680000194FFF741FF019B104903F5E07303226A
:10D6900040F823202046FFF75AFF002003E0013224
:10D6A000082AB8D1042003B030BDFE2382F84030F0
:10D6B000DAE7FFF729FF019A01239340C0F80C3500
:10D6C000DDE70820EFE700BF246F01209C6F0120F9
:10D6D00037B5174C2518014695F84000072809D89A
:10D6E000FFF73EFF95F94030124A03F5A273002080
:10D6F00042F823000C44FF2384F840300E4DCC0840
:10D7000001F0070301229A402B5D13420DD001A8BE
:10D710000191FFF7F9FE019B03F5E073022140F848
:10D7200023102B5D23EA02032B5503B030BD00BF4D
:10D73000246F0120006000409C6F0120074B1844BB
:10D7400090F940309B0003F1804303F5C043D3F8C8
:10D75000102542F00302C3F810257047246F012002
:10D76000054B184490F940008000C0B200F18040A1
:10D7700000F5C040704700BF246F0120064B1844DD
:10D78000012290F9403018339B00DBB203F1804353
:10D7900003F5C0431A607047246F01202DE9F3415F
:10D7A000DFF8F48008EB0003054693F94030002BC6
:10D7B0000F466CDA8B78C3F34003002B0BBF0824B1
:10D7C0000024102108218C4203D1042002B0BDE8BE
:10D7D000F08158F82400013041D108EB050166B210
:10D7E00048F8242081F840601BB908EB040383F853
:10D7F0006850BB785A0712D4D90732D501A80195D1
:10D80000FFF782FE019B00EB8300D0F8003723F086
:10D810000203C0F800371F492846FFF798FEBB787F
:10D820003A7813F0020328D0A40004F1804404F5F0
:10D83000C0442D02D4F8103523F44F3323F4407341
:10D84000C4F810351204D4F8103505F47C5502F4F0
:10D85000403215431D43C4F810550020B6E701348B
:10D86000B1E701A87A780195FFF74EFE019B03F519
:10D87000E073920040F82320CDE7083E48FA86F690
:10D8800096F8701041EA821286F87020E5E70820C9
:10D890009CE700BF9C6F0120246F012037B5224D0B
:10D8A0002B18044693F94020072A1DDD083A45FA53
:10D8B00082F292F870309B09032B10D1019001A8DD
:10D8C000FFF722FE019BD0F81015D94001F00101AD
:10D8D0000231204603B0BDE83040FFF721BE012BE6
:10D8E0000CBF02210321F4E7D3B2072B1AD893000F
:10D8F00003F1804303F5C043D3F8100540F0010065
:10D90000C3F8100502F1400040B2800080B2FFF77A
:10D91000EFFD39B155F8223023B101239340034A7A
:10D92000C2F8043303B030BD246F01200060004012
:10D930000E4B034493F94020072A02DD0021FFF734
:10D94000EFBDD3B2072B0FD8930003F1804303F54B
:10D95000C043D3F8101521F00101C3F810150123BD
:10D960009340034AC2F80833704700BF246F012078
:10D9700000600040F7B50446FFF7DAFF174A184E7B
:10D980001119E50891F9403091F8401007299FBF1F
:10D99000144903F5A273002041F8230004F00703A3
:10D9A00001219940735D0B420DD001A80194FFF74E
:10D9B000ABFD019B03F5E073022740F82370735D14
:10D9C00023EA01037355144494F84000FFF7C8FD9F
:10D9D000FF2384F8403003B0F0BD00BF246F012066
:10D9E0009C6F0120006000402DE9F04F00248BB0B7
:10D9F000CDE90444654D4FF48072012102F180436A
:10DA000003F5C04390B21B68012B06D1D5F804334F
:10DA10000B4202D0FFF76CFD0C430432B2F5907F4D
:10DA20004FEA4101EAD1594BD3F87C31012B0ED199
:10DA30004FF4BE70FFF75CFD4FF0A04344F000448C
:10DA4000D3F810350493524BD3F810350593E3B255
:10DA5000D3B1504F01260025344210D0AB0003F162
:10DA6000804303F5C043D3F81005D3F8101557F8D9
:10DA7000253023B1C1F30141C0F30520984701359A
:10DA8000082D4FEA4606E7D1002C7BDA0023CDE9CA
:10DA900006334FF0FF33CDE90833DFF8F8A03E4BF3
:10DAA000019300252F46019B13F9014B0193631C41
:10DAB0004FD0C4F3C2060122E3B204F03F0B04F0DE
:10DAC000070402FA04F406F128020DEB020616F828
:10DAD000081C21423DD00AEB0B014FEA931991F942
:10DAE00040105AF82180B8F1000F07D1B9F1030FA7
:10DAF0002FD106A95846FFF72AFD02E0B9F1030F1E
:10DB0000F7D003A8CDF80CB0FFF7FEFC039901F5A0
:10DB1000E07150F8211016F8180C2042C1F30141B1
:10DB200006D0022915D1B9F1030F0CD1494605E001
:10DB300003290ED1B9F1030F05D102215846FFF791
:10DB4000EFFC0135EDB2B8F1000F02D0494658465E
:10DB5000C0470137082FA6D1A5B14FF0A0430499C3
:10DB6000D3F8102503F540739142D3F8103502D154
:10DB70000599994206D004920593069A079B08924C
:10DB800009938CE70BB0BDE8F08F00BF0060004048
:10DB900000030050246F0120946F012000F18043A6
:10DBA0001A68002A1BBF0022012000201A6070475B
:10DBB0000F4A1378D3B903784FF08041C3F3400381
:10DBC000C1F88035037803F00103C1F87835094BBB
:10DBD0001968C90706D4E02183F800130121C3F8AE
:10DBE0008011196001231370002070478520704751
:10DBF000B06F012000E100E0084B0122C3F8802053
:10DC0000BFF34F8FBFF36F8F054A00231360054AA0
:10DC10001360054A1360054A1370704700E100E085
:10DC2000A46F0120A86F0120AC6F0120B06F01200C
:10DC3000014B02681A607047AC6F01204FF08043BF
:10DC40004FF46072C3F8042370474FF080434FF4E1
:10DC50006072C3F8082370474FF0804310B5D3F8C3
:10DC60000443620707D54FF48470FFF797FF10B1A4
:10DC70001E4B1B689847A30608D54FF48A70FFF720
:10DC80008DFF18B11A4B00201B689847600608D515
:10DC90004FF48C70FFF782FF18B1154B01201B6801
:10DCA0009847210608D54FF48E70FFF777FF18B11B
:10DCB000104B00201B689847E20508D54FF4907080
:10DCC000FFF76CFF18B10B4B01201B689847A305A9
:10DCD0000AD54FF49270FFF761FF28B1054BBDE8FC
:10DCE00010401B680220184710BD00BFA46F012020
:10DCF000A86F0120AC6F01202DE9F84F134DDFF81C
:10DD0000508007464FF0000A04264FF001095FFAE1
:10DD10008AFB002009FA0BF4FEF72BFB2C420AD0F9
:10DD2000D8F8003014EA030201BF2343C8F80030DA
:10DD300087F800B016460020FEF71DFB1EB1A54374
:10DD40000AF1010AE3D13046BDE8F88FFFFF0F006A
:10DD5000B46F012010B5A1B19AB101238340C3F380
:10DD6000130484B10A4C246823420ED0C00000F191
:10DD7000804000F5F830C0F81015C0F814250020D8
:10DD800010BD0E20FCE70720FAE70820F8E700BFE7
:10DD9000B46F0120012303FA00F0C0F313031BB199
:10DDA000054B1B68184204D0044BC3F8040500203F
:10DDB00070470820704700BFB46F012000F0014099
:10DDC000012303FA00F0C0F313031BB1054B1B68DA
:10DDD000184204D0044BC3F80805002070470820FF
:10DDE000704700BFB46F012000F00140074B0022D4
:10DDF000C3F8002182B0D3F800210192019AD3F830
:10DE00000805034B1B68C0B202B0184700D00040A1
:10DE1000B86F01200023435082B043580193019B07
:10DE200002B070472DE9F0470F78DDF820809DF8AB
:10DE300024A004460E469946002F58D1D0F824312C
:10DE400015683BB14FF49271FFF7E4FF0123636162
:10DE5000337012E0D0F81C312BB34FF48E71FFF702
:10DE6000D9FFD0F82431002BECD1454511D219F857
:10DE70000530C0F81C356B1C1360454535D1D4F80E
:10DE8000043193B34FF482712046FFF7C3FF00279C
:10DE900004E00123BAF1000F03D0C3613846BDE8A6
:10DEA000F0874361E9E7D0F80831002BE5D04FF463
:10DEB0008471FFF7AFFFD0F82431002BC2D1454564
:10DEC000DBD2D0F8183509F8053013680133136038
:10DED00008F1FF32934205D10223C0F8003201233A
:10DEE0002362CAE79845FAD1C7E70127D6E74FF47E
:10DEF0009271FFF78FFF4FF48E71FFF78BFF4FF496
:10DF00008471FFF787FFBAE72DE9FF470C46054606
:10DF10004FF4827120461F46384B03939DF83080A2
:10DF2000FFF778FF4FF49271FFF774FF4FF48E7193
:10DF3000FFF770FF4FF48471FFF76CFF002301219E
:10DF4000C4F8003216466B6385F82E302162A1605A
:10DF5000DFB11378C4F81C3569632B68E3B905F1A8
:10DF6000340A05F12E09039B002B1FDC95F82E3097
:10DF700053BB0020039B002B15DC0023C4F80035A5
:10DF80000523C4F8003503200DE0B8F1000F01D0DF
:10DF9000E161E2E76161E0E740F28623AB60AB68F4
:10DFA000C4F80433002004B0BDE8F087CDE9007860
:10DFB0003346524649462046FFF734FF0028D5D065
:10DFC000039B013B0393CEE7D4F8C434C4F8C434B4
:10DFD000002BCED013F0010F14BF4FF402400320EA
:10DFE00048F2012213F0020F18BF104613F0040F7D
:10DFF00048F2022318BF1846BCE700BFA086010004
:10E000002DE9FF470C4605461E462046364B039336
:10E010004FF48271FFF7FEFE4FF49271FFF7FAFEA4
:10E020004FF48E71FFF7F6FE4FF48471FFF7F2FEA6
:10E030000023012ED5F800806B6385F82E3017463B
:10E040004FF0010306BF0222C4F80022C4F80032D8
:10E0500023622360B8F1000F15D105F1340A05F1F0
:10E060002E09039B002B18DC95F82E301BBB0020DB
:10E07000039B002B0EDC0023C4F800350523C4F8F5
:10E080000035032006E040F28623AB60AB68C4F89D
:10E090000433002004B0BDE8F087CDE900683B46BA
:10E0A000524649462046FFF7BDFE0028DCD0039BC0
:10E0B000013B0393D5E7D4F8C434C4F8C434002B2F
:10E0C000D5D013F0010F14BF4FF40240032048F2E3
:10E0D000012213F0020F18BF104613F0040F48F28C
:10E0E000022318BF1846C3E7A0860100F0B589B027
:10E0F00091F82C3001938B6A00934B6A0C4601F126
:10E1000034022E310746FFF78DFEE8B994F82EE071
:10E11000D4F820C0BEF1000F1FD1207B831E012B3D
:10E120001BD8626AA3699A4217D1E2696369626285
:10E13000CCF340110328A36284F82C1006D100917F
:10E1400020463946FFF7E0FE09B0F0BD39462046CB
:10E1500009B0BDE8F040FFF753BF04F10C060FCE45
:10E1600003AD0FC533682B60BEF1000F17D0D7F891
:10E17000C434C7F8C4349A070DD501238DF808308C
:10E1800000231CF0040F84F82F30DDD1D4E90031D6
:10E1900002A89847D8E75B07F2D50223EEE78DF88F
:10E1A00008E0EDE701490248FFF7A0BFBC6F01207E
:10E1B0000030004002494FF04020FFF797BF00BFFA
:10E1C000F86F01202DE9F84F05793E4C4FF03C0ADD
:10E1D0000AFB05FA04EB0A079B4697F82D308046A8
:10E1E0000E469146002B68D1374B006853F8251036
:10E1F00000F070FC002862D13168737B87F83830FA
:10E200001F298CBF01F01F030B4603F5E07388BF85
:10E210002E4AB86098BF4FF0A04240F20C6C87F8CD
:10E220002F0042F823C07268C7F804B01F2A8CBFC1
:10E2300002F01F03134687F8300003F5E07388BF30
:10E24000224F44F80A9098BF4FF0A04747F823C0E8
:10E25000D8F80030C3F80815C3F80C25B268C3F825
:10E260002425B9F1000F1BD0317B43F3073249015C
:10E27000002AC3F30733C9B21ADB02F1604606F580
:10E28000614603F01F0386F80013012199405309EA
:10E290009B0003F1604303F56143C3F880111960EB
:10E2A0003C2303FB0544012384F82D30BDE8F88F9F
:10E2B000074A03F00F03D154F2E70820F6E71120D4
:10E2C000F4E700BFBC6F0120748107000003005019
:10E2D00014ED00E0036802790521C3F80015044B32
:10E2E0003C2101FB0233022283F82D20704700BF3E
:10E2F000BC6F012003680A4A0179C3F80823D3F8E8
:10E30000002222F00302C3F800220022C3F80025F5
:10E31000044B3C2202FB0133012283F82D2070477D
:10E3200086420400BC6F012070B50679234D3C2362
:10E3300073430446EB5893B10368190B43F3073357
:10E34000002B0CDB01F01F015B0901228A40203306
:10E350001B4941F82320BFF34F8FBFF36F8F204637
:10E36000FFF7C8FF206800F0CCFB3C2303FB0653FB
:10E3700093F83830DBB92268D2F808351F2B86BFF6
:10E3800003F01F030F484FF0A04003F5E073022194
:10E3900040F82310D2F80C351F2B86BF03F01F0363
:10E3A000084A4FF0A04203F5E07342F823103C23E3
:10E3B00003FB0655002385F82D3070BDBC6F01208E
:10E3C00000E100E0000300502DE9F74F2D4F0679E2
:10E3D000D0F800902C4BC9F808333C2505FB067596
:10E3E000C6EB061C95F82F308E46144607EB8C0CB6
:10E3F00003F0FF0B33B1AB68C9F80433112003B04D
:10E40000BDE8F08F82F00403C3F3800385F82F305A
:10E410002A628A46BAE80F0005F10C08A8E80F0046
:10E42000DAF80030C8F80030DEF80430AB62DEF80D
:10E430000C206A629EF80110C9F888159EF8001039
:10E44000012917D0A1B9C4F340143C2101FB067186
:10E45000604681F82C4000944946FFF755FD3C2367
:10E460005E43BA19BB59002BC9D182F82F30C6E7D9
:10E470000124EAE785F82CB049466046FFF7C0FD65
:10E48000EDE700BFBC6F012086420400F0B587B005
:10E4900004460F4615460021142201A81E4601F02D
:10E4A0002DFF9DF830208DF80570520101A92046FE
:10E4B00002960495FFF788FF07B0F0BDF0B587B06E
:10E4C00004460F4615460021142201A81E4601F0FD
:10E4D00015FF0123002201A920468DF804308DF894
:10E4E000057002960495FFF76FFF07B0F0BD0000BE
:10E4F00000280CDB4309064900F01F0020330122ED
:10E50000824041F82320BFF34F8FBFF36F8F7047D6
:10E5100000E100E00023435082B043580193019B87
:10E5200002B070474358002B10B50A4614BF0124AF
:10E53000002401D0FFF7EEFFA2F58070800804FAF6
:10E5400000F010BD03680BB108461847704707B5C7
:10E55000002A8DF80010416808BF4FF480720192C4
:10E560000A4342606946FFF7EDFF03B05DF804FB24
:10E570008B7A2DE9F74307460E46002B65D1012320
:10E580008B724D7ADFF83881DFF838914FF4827161
:10E59000FFF7C8FF4FF4927104463846FFF7C2FFF9
:10E5A0004FF4A67104433846FFF7BCFF4FF4A8713F
:10E5B00004433846FFF7B6FF4FF4B27104433846C0
:10E5C000FFF7B0FF4FF4B47104433846FFF7AAFFDA
:10E5D000EDB20443002C35D0042D56D8DFE805F009
:10E5E000033845575E0014F0020302D024F0020401
:10E5F000F0E7610110D5E20258BF01258DF8003027
:10E600004CBF02252B46694630468DF8043024F075
:10E61000C364FFF797FFDDE7A3010BD503238DF854
:10E62000003004F40023002B0BBF0123002303253B
:10E630000425E8E7D7F8D024C7F8D02406213046CF
:10E64000FFF785FF00237572B37203B0BDE8F08356
:10E650001A4D254003D024F480140225BAE7D7F8D8
:10E66000D024C7F8D0240221E9E714EA0805F6D03F
:10E6700001238DF80030D7F84C35DBB269463046BF
:10E680000193FFF75FFF24F002040025A2E714EADC
:10E6900009050CD024F4002404259BE714EA08059E
:10E6A00005D004238DF80030D7F83C35E5E7D7F8DE
:10E6B000D024C7F8D0240521C1E700BF020010060E
:10E6C0000200000602000806037906490C225A439C
:10E6D0008A5832B903EB4303006801EB8301FFF76B
:10E6E00047BF70473470012001490248FFF740BF1F
:10E6F000347001200030004002494FF04020FFF705
:10E7000037BF00BF407001201F2886BF00F01F00E8
:10E71000054A4FF0A04240F2026300F5E07043EA80
:10E72000810142F820107047000300501F2886BF67
:10E7300000F01F00044B4FF0A04300F5E0700222F0
:10E7400043F82020704700BF000300502DE9F84F28
:10E75000DFF804A190F804900C2303FB09A30C46F6
:10E760001B7A9046002B6FD10668394B304653F820
:10E77000291000F0AFF90746002867D14FF0FF33AA
:10E7800046F30735C6F80005C6F808352846C6F82A
:10E790000C35FFF7ADFE4FF0FF33C6F80833217C90
:10E7A000A068FFF7B1FF617CE068FFF7ADFFD4E937
:10E7B000002352EA03014FEA163B3ED0003A18BF4D
:10E7C00001220BB142F00202A17C002D4FEA41115F
:10E7D0005FFA8BF3C9B232DB05F160406D0900F5D9
:10E7E0006140AD0005F1604580F8001305F5614515
:10E7F000012103F01F0301FA03F3C5F880312B60F8
:10E80000D4E90231C6F808352378C6F80C15C6F8E5
:10E8100088352379C6F88C350C2303FB09F90AEBFC
:10E820000903C6F8942500229A724AF809805A72A0
:10E8300001221A723846BDE8F88F0122C4E7054864
:10E8400003F00F03C154DBE70827F3E71127F1E7D3
:10E850007C81070014ED00E03470012073B504687A
:10E860000579D4F80C15D4F8080502AB03E90300C8
:10E870004FF0FF360023C4F8003544F30730C4F8E6
:10E880000865C4F80C65FFF733FEC4F80863009B05
:10E89000002B02DB0098FFF749FF019B002B02DBF6
:10E8A0000198FFF743FF204600F02BF904490C23A1
:10E8B0006B43C8180022CA50027202B070BD00BF7C
:10E8C0003470012010B5026804794FF4827110464B
:10E8D000FFF720FE4FF49271FFF71CFE4FF4A67174
:10E8E000FFF718FE4FF4A871FFF714FE4FF4B27152
:10E8F000FFF710FE4FF4B471FFF70CFE0C21094B2B
:10E900006143595811B10849C2F804130921C2F8EA
:10E9100000150C2202FB0433022100225A601972F6
:10E920005A7210BD347001200202180603680749AC
:10E930000279C3F808130021C3F80015044B0C2119
:10E9400001FB023301221A72704700BF020218064F
:10E950003470012030B5104B04790C2505FB0433CD
:10E960001B7A022B11D101F06043B3F1005F0ED18D
:10E9700093B293420DD10268DBB2C2F84415C2F8DB
:10E98000483501235363002030BD0820FCE71020E8
:10E99000FAE70920F8E700BF3470012030B5104BCA
:10E9A00004790C2505FB04331B7A022B11D101F0ED
:10E9B0006043B3F1005F0ED193B293420DD1026870
:10E9C000DBB2C2F83415C2F83835012313630020D6
:10E9D00030BD0820FCE71020FAE70920F8E700BF67
:10E9E0003470012010B50446FFF76EFE2279044B07
:10E9F0000C2101FB0233587A431E5842584110BD86
:10EA00003470012010B50446FFF75EFE2279044BF6
:10EA10000C2101FB0233587AC31E5842584110BDE5
:10EA20003470012010B50446FFF74EFE2279044BE6
:10EA30000C2101FB0233587A831E5842584110BD05
:10EA40003470012010B50446FFF73EFE2279044BD6
:10EA50000C2101FB0233587A031F5842584110BD64
:10EA6000347001200E4B984211D0B0F1402F10D0DD
:10EA700003F5003398420ED0A3F5803398420CD0B2
:10EA8000084A094B904218BF002318467047074BAD
:10EA9000FBE7074BF9E7074BF7E7074BF5E700BF45
:10EAA00000300040002000406C7001204C700120BC
:10EAB000547001205C70012064700120014B1B68C0
:10EAC000184700BF4C700120014B1B68184700BF5E
:10EAD0005470012070B5FFF7C5FF0D46044608B914
:10EAE000002070BD0020FDF744FC267916B90123F3
:10EAF000256023710020FDF73EFC002EF0D0112090
:10EB0000EFE708B5FFF7AEFF10B100230360037114
:10EB100008BD0000074A084B1360084A03F11001C2
:10EB20001160074A03F120011160064A0120C2F872
:10EB300004357047AC7001207C7001207870012092
:10EB40007470012000E00040164B1B688B4210B52A
:10EB500007D001F1100251F8044B43F8044B9142E5
:10EB6000F9D1114A0023C2F80031012313604FF09C
:10EB70008073D2F8001181B10023C2F800310B4B31
:10EB80001B68834207D003F1100253F8041B40F8BE
:10EB9000041B9342F9D1012002E0013BE9D1184660
:10EBA00010BD00BF7870012000E0004074700120AB
:10EBB000054B1B6800F1100250F8041B43F8041BBE
:10EBC0009042F9D1704700BFAC700120024AD2F8E0
:10EBD0000034002BFBD0704700E001400A4908B523
:10EBE0000223C1F80435BFF36F8FBFF34F8FC1F815
:10EBF0000805FFF7EBFF0023C1F80435BFF36F8F63
:10EC0000BFF34F8F08BD00BF00E0014070B50E4E4E
:10EC100001231546C6F80435BFF36F8FBFF34F8F3E
:10EC20000024AC4207D10023C6F80435BFF36F8F30
:10EC3000BFF34F8F70BD51F8243040F82430FFF7F8
:10EC4000C5FF0134EDE700BF00E001400048704718
:10EC500084810700FBF7F8B9FBF748BA014BD3F8FA
:10EC600004057047001001404FF400320121FBF70A
:10EC700055BA000008B5F7F765F8064B01221A707F
:10EC8000054B4FF40032C3F80021BDE80840F7F708
:10EC90006FB800BFF869012000E100E0024B4FF4BB
:10ECA0000032C3F80823704700100140054B0022D2
:10ECB00082B0C3F84421D3F844310193019B02B0E0
:10ECC000704700BF0010014081F0004102E000BF2A
:10ECD00083F0004330B54FEA41044FEA430594EA1C
:10ECE000050F08BF90EA020F1FBF54EA000C55EA57
:10ECF000020C7FEA645C7FEA655C00F0E2804FEA28
:10ED00005454D4EB5555B8BF6D420CDD2C4480EA09
:10ED1000020281EA030382EA000083EA010180EA39
:10ED2000020281EA0303362D88BF30BD11F0004F87
:10ED30004FEA01314FF4801C4CEA113102D04042BD
:10ED400061EB410113F0004F4FEA03334CEA1333F8
:10ED500002D0524263EB430394EA050F00F0A78010
:10ED6000A4F10104D5F1200E0DDB02FA0EFC22FA0B
:10ED700005F2801841F1000103FA0EF2801843FAFF
:10ED800005F359410EE0A5F120050EF1200E012AF0
:10ED900003FA0EFC28BF4CF0020C43FA05F3C0182E
:10EDA00051EBE37101F0004507D54FF0000EDCF1A7
:10EDB000000C7EEB00006EEB0101B1F5801F1BD350
:10EDC000B1F5001F0CD349085FEA30004FEA3C0C54
:10EDD00004F101044FEA445212F5800F80F09A804A
:10EDE000BCF1004F08BF5FEA500C50F1000041EB4E
:10EDF000045141EA050130BD5FEA4C0C404141EB52
:10EE0000010111F4801FA4F10104E9D191F0000F78
:10EE100004BF01460020B1FA81F308BF2033A3F1FB
:10EE20000B03B3F120020CDA0C3208DD02F1140CF2
:10EE3000C2F10C0201FA0CF021FA02F10CE002F12D
:10EE40001402D8BFC2F1200C01FA02F120FA0CFC26
:10EE5000DCBF41EA0C019040E41AA2BF01EB04516F
:10EE6000294330BD6FEA04041F3C1CDA0C340EDC6D
:10EE700004F11404C4F1200220FA04F001FA02F3B0
:10EE800040EA030021FA04F345EA030130BDC4F16E
:10EE90000C04C4F1200220FA02F001FA04F340EA63
:10EEA0000300294630BD21FA04F0294630BD94F014
:10EEB000000F83F4801306BF81F480110134013DFB
:10EEC0004EE77FEA645C18BF7FEA655C29D094EA6C
:10EED000050F08BF90EA020F05D054EA000C04BFEA
:10EEE0001946104630BD91EA030F1EBF00210020D5
:10EEF00030BD5FEA545C05D14000494128BF41F074
:10EF0000004130BD14F580043CBF01F5801130BDD7
:10EF100001F0004545F0FE4141F470014FF0000062
:10EF200030BD7FEA645C1ABF194610467FEA655C13
:10EF30001CBF0B46024650EA013406BF52EA0335B5
:10EF400091EA030F41F4002130BD00BF90F0000FA3
:10EF500004BF0021704730B54FF4806404F13204DF
:10EF60004FF000054FF0000150E700BF90F0000F98
:10EF700004BF0021704730B54FF4806404F13204BF
:10EF800010F0004548BF40424FF000013EE700BF8F
:10EF900042004FEAE2014FEA31014FEA02701FBF1F
:10EFA00012F07F4393F07F4F81F06051704732F051
:10EFB0007F4208BF704793F07F4F04BF41F40021A8
:10EFC000704730B54FF4607401F0004521F0004106
:10EFD0001CE700BF50EA010208BF704730B54FF090
:10EFE00000050AE050EA010208BF704730B511F091
:10EFF000004502D5404261EB41014FF4806404F1C9
:10F0000032045FEA915C3FF4D8AE4FF003025FEA4E
:10F01000DC0C18BF03325FEADC0C18BF033202EBD2
:10F02000DC02C2F1200300FA03FC20FA02F001FA2C
:10F0300003FE40EA0E0021FA02F11444BDE600BFCF
:10F0400070B54FF0FF0C4CF4E06C1CEA11541DBF7E
:10F050001CEA135594EA0C0F95EA0C0F00F0DEF849
:10F060002C4481EA030621EA4C5123EA4C5350EA2E
:10F07000013518BF52EA033541F4801143F480137F
:10F0800038D0A0FB02CE4FF00005E1FB02E506F010
:10F090000042E0FB03E54FF00006E1FB03569CF065
:10F0A000000F18BF4EF0010EA4F1FF04B6F5007F6B
:10F0B00064F5407404D25FEA4E0E6D4146EB0606DD
:10F0C00042EAC62141EA55514FEAC52040EA5E5066
:10F0D0004FEACE2EB4F1FD0C88BFBCF5E06F1ED810
:10F0E000BEF1004F08BF5FEA500E50F1000041EB47
:10F0F000045170BD06F0004646EA010140EA0200F4
:10F1000081EA0301B4EB5C04C2BFD4EB0C0541EA15
:10F11000045170BD41F480114FF0000E013C00F32A
:10F12000AB8014F1360FDEBF002001F0004170BD4E
:10F13000C4F10004203C35DA0C341BDC04F1140467
:10F14000C4F1200500FA05F320FA04F001FA05F2F3
:10F1500040EA020001F0004221F0004110EBD370C0
:10F1600021FA04F642EB06015EEA430E08BF20EAEC
:10F17000D37070BDC4F10C04C4F1200500FA04F38F
:10F1800020FA05F001FA04F240EA020001F0004121
:10F1900010EBD37041F100015EEA430E08BF20EA94
:10F1A000D37070BDC4F1200500FA05F24EEA020EDC
:10F1B00020FA04F301FA05F243EA020321FA04F00B
:10F1C00001F0004121FA04F220EA020000EBD370C2
:10F1D0005EEA430E08BF20EAD37070BD94F0000FC2
:10F1E0000FD101F00046400041EB010111F4801FF6
:10F1F00008BF013CF7D041EA060195F0000F18BFA7
:10F20000704703F00046520043EB030313F4801FE2
:10F2100008BF013DF7D043EA0603704794EA0C0F9C
:10F220000CEA135518BF95EA0C0F0CD050EA4106B2
:10F2300018BF52EA4306D1D181EA030101F000412F
:10F240004FF0000070BD50EA410606BF1046194657
:10F2500052EA430619D094EA0C0F02D150EA013663
:10F2600013D195EA0C0F05D152EA03361CBF1046A4
:10F2700019460AD181EA030101F0004141F0FE4143
:10F2800041F470014FF0000070BD41F0FE4141F4C7
:10F29000780170BD70B54FF0FF0C4CF4E06C1CEAC7
:10F2A00011541DBF1CEA135594EA0C0F95EA0C0F7C
:10F2B00000F0A7F8A4EB050481EA030E52EA033537
:10F2C0004FEA013100F088804FEA03334FF0805558
:10F2D00045EA131343EA12634FEA022245EA111585
:10F2E00045EA10654FEA00260EF000419D4208BF36
:10F2F000964244F1FD0404F5407402D25B084FEAE3
:10F300003202B61A65EB03055B084FEA32024FF48E
:10F3100080104FF4002CB6EB020E75EB030E22BFEB
:10F32000B61A754640EA0C005B084FEA3202B6EBAB
:10F33000020E75EB030E22BFB61A754640EA5C005A
:10F340005B084FEA3202B6EB020E75EB030E22BFEA
:10F35000B61A754640EA9C005B084FEA3202B6EBEB
:10F36000020E75EB030E22BFB61A754640EADC00AA
:10F3700055EA060E18D04FEA051545EA16754FEA0C
:10F3800006164FEAC30343EA52734FEAC2025FEA2A
:10F390001C1CC0D111F4801F0BD141EA00014FF0B9
:10F3A00000004FF0004CB6E711F4801F04BF01438A
:10F3B0000020B4F1FD0C88BFBCF5E06F3FF6AFAEA6
:10F3C000B5EB030C04BFB6EB020C5FEA500C50F136
:10F3D000000041EB045170BD0EF0004E4EEA1131B9
:10F3E00014EB5C04C2BFD4EB0C0541EA045170BDC0
:10F3F00041F480114FF0000E013C90E645EA060E04
:10F400008DE60CEA135594EA0C0F08BF95EA0C0F31
:10F410003FF43BAF94EA0C0F0AD150EA01347FF479
:10F4200034AF95EA0C0F7FF425AF104619462CE750
:10F4300095EA0C0F06D152EA03353FF4FDAE1046B3
:10F44000194622E750EA410618BF52EA43067FF404
:10F45000C5AE50EA41047FF40DAF52EA43057FF494
:10F46000EBAE12E74FF0FF3C06E000BF4FF0010C9F
:10F4700002E000BF4FF0010C4DF804CD4FEA410C03
:10F480007FEA6C5C4FEA430C18BF7FEA6C5C1BD0D0
:10F4900001B050EA410C0CBF52EA430C91EA030F51
:10F4A00002BF90EA020F0020704710F1000F91EAAE
:10F4B000030F58BF994208BF90422CBFD8176FEA7C
:10F4C000E37040F0010070474FEA410C7FEA6C5C4A
:10F4D00002D150EA013C07D14FEA430C7FEA6C5C51
:10F4E000D6D152EA033CD3D05DF8040B704700BF7D
:10F4F0008446104662468C461946634600E000BFCB
:10F5000001B5FFF7B7FF002848BF10F1000F01BD9C
:10F510004DF808EDFFF7F4FF0CBF012000205DF867
:10F5200008FB00BF4DF808EDFFF7EAFF34BF0120EC
:10F5300000205DF808FB00BF4DF808EDFFF7E0FF85
:10F5400094BF012000205DF808FB00BF4DF808EDD6
:10F55000FFF7CEFF94BF012000205DF808FB00BF3D
:10F560004DF808EDFFF7C4FF34BF012000205DF81F
:10F5700008FB00BF4FEA410C7FEA6C5C02D150EA05
:10F58000013C0AD14FEA430C7FEA6C5C02D152EA9B
:10F59000033C02D14FF0000070474FF0010070476C
:10F5A0004A0011D212F5001211D20DD56FF4787302
:10F5B000B3EB62520ED44FEAC12343F0004343EA57
:10F5C000505323FA02F070474FF00000704750EAA2
:10F5D000013002D14FF0FF3070474FF0000070470C
:10F5E0004FEA4102B2F1E04324BFB3F5001CDCF165
:10F5F000FE5C0DD901F0004C4FEAC0024CEA50709D
:10F60000B2F1004F40EB830008BF20F001007047CB
:10F6100011F0804F21D113F13872BCBF01F00040CE
:10F62000704741F480114FEA5252C2F11802C2F100
:10F63000200C10FA0CF320FA02F018BF40F0010081
:10F640004FEAC1234FEAD32303FA0CFC40EA0C0033
:10F6500023FA02F34FEA4303CCE77FEA625307D170
:10F6600050EA01331EBF4FF0FE4040F440007047A7
:10F6700001F0004040F0FE4040F40000704700BF41
:10F680007BB972B90029BEBF00204FF0004106E0EF
:10F6900008BF00281CBF6FF000414FF0FF3000F0A2
:10F6A000BFB9ADF1080C6DE904CE002909DB002BD0
:10F6B0001ADB00F04DF8DDF804E0DDE9022304B0C8
:10F6C0007047404261EB4101002B1BDB00F040F82A
:10F6D000DDF804E0DDE9022304B0404261EB4101C2
:10F6E000524263EB43037047524263EB430300F023
:10F6F0002FF8DDF804E0DDE9022304B0404261EBBD
:10F7000041017047524263EB430300F021F8DDF8FA
:10F7100004E0DDE9022304B0524263EB4303704787
:10F7200053B94AB9002908BF00281CBF4FF0FF3168
:10F730004FF0FF3000F074B9ADF1080C6DE904CE64
:10F7400000F006F8DDF804E0DDE9022304B07047BC
:10F750002DE9F047089E04468846002B40F085803E
:10F760008A42154648D9B2FA82F24AB1C2F120075C
:10F7700001FA02F320FA07F7954047EA030894409C
:10F780004FEA154E230CB8FBFEF71FFA85FC0EFB63
:10F79000178843EA084307FB0CF1994209D9EB1893
:10F7A00007F1FF3080F0E380994240F2E080023FB1
:10F7B0002B445B1AA4B2B3FBFEF00EFB103344EAF9
:10F7C000034400FB0CFCA44509D92C1900F1FF33BC
:10F7D00080F0CB80A44540F2C88002382C4440EA37
:10F7E0000740A4EB0C0400271EB1D4400023C6E957
:10F7F00000433946BDE8F087002A53D0B2FA82F2BE
:10F80000002A40F0B680491B4FEA154E1FFA85F8D2
:10F810000127B1FBFEFC230C0EFB1C1143EA014344
:10F8200008FB0CF1994207D9EB180CF1FF3002D21A
:10F83000994200F2EC808446591AA3B2B1FBFEF063
:10F840000EFB101443EA044408FB00F8A04507D956
:10F850002C1900F1FF3302D2A04500F2DC801846DB
:10F86000A4EB080440EA0C40BEE78B4208D9002E06
:10F8700078D00027C6E9000138463946BDE8F08750
:10F88000B3FA83F77FB98B4202D3824200F2BD8084
:10F89000841A61EB030301209846002EA9D0C6E923
:10F8A0000048A6E7FFDEC7F12005BB4022FA05FCB1
:10F8B0004CEA030C01FA07F420FA05F821FA05F3E3
:10F8C0004FEA1C4E48EA0404B3FBFEF9210C0EFB80
:10F8D00019331FFA8CF841EA034309FB08FA9A45E9
:10F8E00002FA07F200FA07F10BD91CEB030309F146
:10F8F000FF3080F088809A4540F28580A9F10209A6
:10F900006344A3EB0A03A4B2B3FBFEF00EFB103377
:10F9100044EA034400FB08F8A04508D91CEB0404A2
:10F9200000F1FF336BD2A04569D90238644440EA44
:10F930000940A4EB0804A0FB02894C45C6464B468F
:10F9400054D351D0002E69D0B1EB0E0264EB030406
:10F9500004FA05F522FA07F3FC401D43C6E90054FA
:10F96000002746E73746304643E7184637E707465D
:10F970001FE7C2F1200320FA03F7954001FA02F0D5
:10F9800021FA03F34FEA154E3843010CB3FBFEF79F
:10F990001FFA85F80EFB173341EA034107FB08F312
:10F9A0008B4204FA02F407D9691807F1FF3C28D208
:10F9B0008B4226D9023F2944CB1A81B2B3FBFEF019
:10F9C0000EFB103341EA034100FB08F38B4207D9D9
:10F9D000691800F1FF3C10D28B420ED9023829443D
:10F9E000C91A40EA074714E74145ABD2B8EB020E0B
:10F9F00069EB0C0201381346A4E76046F0E71846AD
:10FA000095E76746D8E781467BE7384645E7ACF19E
:10FA1000020C2B4410E702382C4421E73746E8E675
:10FA2000704700BF08B5062001F082FA0120F6F702
:10FA3000C3FC0000014B1868704700BF1C65002024
:10FA400070B505460C4611B90026304670BD18B198
:10FA500083690BB900F082F92C4B9C4214D16C687D
:10FA6000636ED80705D4A389990502D4A06D00F070
:10FA700047FBB4F90C308BB9666E16F00106E3D182
:10FA8000A06D00F03EFBE0E7214B9C4201D1AC6849
:10FA9000E6E7204B9C4208BFEC68E1E72146284698
:10FAA00000F042F8236B064633B1216A2846984796
:10FAB0000028B8BF4FF0FF36A3891A0603D5216985
:10FAC0002846F6F78FF8616B41B104F1440399427F
:10FAD00002D02846F6F786F800236363A16C21B1B3
:10FAE0002846F6F77FF80023A36400F01FF90023EF
:10FAF000A381636EDB0702D4A06D00F002FBA06D52
:10FB000000F0FDFA00F018F99FE700BFB08207008F
:10FB1000D082070090820700024B01461868FFF769
:10FB20008FBF00BF1C6500208A892DE9F041054682
:10FB300010070C4658D44B68002B05DC0B6C002BCF
:10FB400002DC0020BDE8F081E66A002EF9D0002337
:10FB500012F480522F682B6032D0606DA3895A074F
:10FB600005D56368C01A636B0BB1236CC01A002300
:10FB70000246E66A216A2846B047431CA38906D19B
:10FB800029681D2949D82A4ACA40D60745D50022E6
:10FB90006260D9042269226004D5421C01D12B681D
:10FBA00003B96065616B2F600029CAD004F144037A
:10FBB000994202D02846F6F715F800206063C1E7A5
:10FBC000216A01232846B047411CC7D12B68002B6E
:10FBD000C4D01D2B01D0162B01D12F60B1E7A38912
:10FBE00043F04003A381ADE70F69002FA9D093072D
:10FBF0000E6808BF4B690F6018BF0023A6EB07080B
:10FC00008B60B8F1000F9CDD43463A46216AA66A34
:10FC10002846B047002806DCA38943F04003A381AF
:10FC20004FF0FF308EE70744A8EB0008E9E700BF7C
:10FC30000100402038B50B6905460C4613B9002574
:10FC4000284638BD18B183690BB900F087F8144B0A
:10FC50009C421BD16C68B4F90C30002BEFD0626E63
:10FC6000D00704D4990502D4A06D00F049FA2846C3
:10FC70002146FFF759FF636EDA070546E0D4A389F2
:10FC80009B05DDD4A06D00F03CFAD9E7054B9C4202
:10FC900001D1AC68DFE7044B9C4208BFEC68DAE7AF
:10FCA000B0820700D082070090820700002310B5C1
:10FCB0000446C0E90033836081814366C281C0E9A4
:10FCC00004338361194608225C3000F017FB054BB2
:10FCD0006362054BA362054BE362054B2462236319
:10FCE00010BD00BFA90F0700CB0F070003100700CE
:10FCF00027100700014900F0BFB900BF35FC06001E
:10FD000070B54A1E682555430E4605F17401F5F796
:10FD100027FF044640B10021C0E900160C30A06066
:10FD200005F1680200F0EAFA204670BD014800F0D3
:10FD3000E7B900BFC3700120014800F0E2B900BF7D
:10FD4000C3700120014800F0DBB900BFC070012082
:10FD5000014800F0D6B900BFC070012010B50446BC
:10FD6000FFF7F0FFA3691BB1BDE81040FFF7F0BF3C
:10FD7000C4E912332365134B134A1B68A262A342E2
:10FD800004BF0123A361204600F020F860602046F4
:10FD900000F01CF8A060204600F018F80022E06097
:10FDA00004216068FFF782FF01220921A068FFF7A4
:10FDB0007DFF02221221E068FFF778FF0123A36193
:10FDC000D2E700BFF0820700F5FC0600F8B5074651
:10FDD000FFF7ACFF1E4B1E68B36913B93046FFF73F
:10FDE000BDFF4836D6E90134013B03D533680BB378
:10FDF0003668F7E7B4F90C50D5B9164BE36004F157
:10FE00005800656600F07AF9FFF796FF2560C4E9AF
:10FE10000155C4E90455A5610822294604F15C0096
:10FE200000F06CFAC4E90D55C4E912552046F8BD3E
:10FE30006834D9E704213846FFF762FF0446306092
:10FE40000028D5D1FFF778FF0C233B60EEE700BF19
:10FE5000F08207000100FFFFF7B50F46114601AA27
:10FE6000054602F0A3F8064618B90024204603B060
:10FE7000F0BD2846FFF7AAFF04460028F5D0394612
:10FE80004FF4DB73019A284600F036FF071E09DAAB
:10FE90000025FFF74BFFA06DA58100F030F9FFF7BB
:10FEA0004BFFE2E7636EDB0705D4A389980502D414
:10FEB000A06D00F025F90E4B63620E4BA3620E4B52
:10FEC000E362F1050D4BE781A6812462236305D52A
:10FED000022300222146284600F01AF8636EDA0752
:10FEE000C4D4A3899B05C1D4A06D00F00AF9BDE775
:10FEF000A90F0700CB0F070003100700271007000A
:10FF0000024B0A4601461868FFF7A6BF1C65002091
:10FF100000F000B82DE9F0410C4690461D4606461B
:10FF200018B183690BB9FFF719FF504B9C421FD1E1
:10FF30007468636ED90705D4A3899A0502D4A06DAD
:10FF400000F0DEF8A38903F48473B3F5847F03D152
:10FF500021463046FFF76EFEE76A9FB91D233360E6
:10FF6000636ED90779D54FF0FF352846BDE8F0819B
:10FF70003F4B9C4201D1B468DBE73E4B9C4208BF3B
:10FF8000F468D6E7012D37D0022D01D0002D62D1C3
:10FF900023691BB92146304600F0D8F82146304687
:10FFA000FFF748FE0028DBD12B464246216A304647
:10FFB000B8470130D4D0616B41B104F14403994298
:10FFC00002D03046F5F70EFE0023636323692360F9
:10FFD000A389002623F402636660A38108223146C8
:10FFE00004F15C0000F08AF9656E15F001053BD163
:10FFF000A3899B05B9D421E021463046FFF71AFEBC
:0200000270008C
:10000000A28912F480520CD0656DA3895A0719D5C4
:100010006368ED1A636B0BB1236CED1AA8440025DD
:10002000B6E72B46216A3046B847431C0546ECD15B
:10003000636ED80797D4A389990594D4A06D00F076
:1000400060F892E71807E9D523682269002BE5D00C
:100050009B1A1D44E2E7162381E7A3899A0582D4FF
:10006000A06D00F04EF87EE735467EE7B0820700CF
:10007000D0820700908207002DE9F8438046894628
:1000800000F14804002614B93046BDE8F883D4E9ED
:100090000175013F01D52468F5E7AB89012B07D92C
:1000A000B5F90E30013303D029464046C847064310
:1000B0006835EEE770B50D4D0D4C641BA41000269D
:1000C000A64209D10B4D0C4C02F072FC641BA4102B
:1000D0000026A64205D170BD55F8043B984701366D
:1000E000EEE755F8043B98470136F2E7F06600204A
:1000F000F0660020F06600203467002070477047EB
:100100007047704770B50E46B1F90E10002996B0D1
:1001100014461D4607DA00232B60B3891A0610D453
:100120004FF480630EE06A4601F076FF0028F2DBB0
:10013000019A02F47042A2F500535A425A412A60D1
:10014000EEE740230020236016B070BD8B8973B5A5
:100150009D0706460C4607D504F14703236023613B
:100160000123636102B070BD01AB6A46FFF7CAFFAD
:10017000009905463046F5F7F3FC48B9B4F90C3060
:100180009A05EFD423F0030343F00203A381E3E7CE
:100190000D4BB362A389206043F08003A381009BD1
:1001A0006361019B20615BB1B4F90E10304601F030
:1001B00045FF28B1A38923F0030343F00103A38182
:1001C000A3891D43A581CDE7F5FC0600024B01463E
:1001D0001868F5F7C5BC00BF1C650020024B01463E
:1001E0001868F5F7FFBC00BF1C6500200000000088
:1001F00001F0FF01102A2BDB10F0070F08D010F8D8
:10020000013B013A8B422DD010F0070F42B3F6D1DB
:10021000F0B441EA012141EA014122F007047FF0F4
:1002200000070023F0E80256083C85EA010586EA4B
:10023000010685FA47F5A3FA87F586FA47F6A5FA87
:1002400087F68EB9EED1F0BC01F0FF0102F0070293
:1002500032B110F8013B013A83EA010313B1F8D13E
:100260000020704701387047002D06BF354603381F
:10027000073815F0010F07D1013015F4807F02BF58
:10028000013015F4C03F0130F0BC0138704700BFA9
:1002900030B501390024A24201D1002005E0035D00
:1002A00001340D5DAB42F6D0581B30BD0A4491427B
:1002B00000F1FF3300D1704710B511F8014B03F87E
:1002C000014F9142F9D110BD884210B501EB0203F4
:1002D00002D983421C4607D8421E994208D011F821
:1002E000014B02F8014FF8E783189A1A9A4200D19D
:1002F00010BD14F8011D03F8011DF7E70244034681
:10030000934200D1704703F8011BF9E738B5054661
:10031000002945D051F8043C0C1F002BB8BFE4184D
:10032000F6F759F81F4A1368104633B96360146032
:100330002846BDE83840F6F752B8A3420CD92168E8
:100340006218934204BF1A685B68636004BF521866
:1003500022600460ECE713465A680AB1A242FAD957
:1003600019685818A0420BD12068014458188242DD
:100370001960DDD1106852685A6001441960D7E7EE
:1003800002D90C232B60D3E7206821188A4204BFCE
:1003900011685268626004BF091821605C60C7E799
:1003A00038BD00BFB0700120F8B5CD1C25F00305A5
:1003B00008350C2D38BF0C25002D064601DBA9425F
:1003C00003D90C2333600020F8BDF6F704F8214967
:1003D0000A6814469CB9204F3B6823B92146304631
:1003E00000F0A4FC38602946304600F09FFC431C16
:1003F00023D10C2333603046F5F7F1FFE3E72368A0
:100400005B1B17D40B2B03D923601C44256004E02D
:100410006368A2420CBF0B6053603046F5F7DFFF04
:1004200004F10B00231D20F00700C21ACCD01B1AC8
:10043000A350C9E722466468CCE7C41C24F0030437
:10044000A042E3D0211A304600F070FC0130DDD12B
:10045000CFE700BFB0700120B47001202DE9F04754
:1004600088B0002B149F109EDDF84CA01D4614464A
:10047000BCBF03F10043144627F02007129AB6BF11
:100480001D4600232D23462F137004D0452F00D185
:100490000136022300E0032307AA049206AACDE94D
:1004A00002A2CDE9003622462B4600F0C9FF472FB5
:1004B000804602D1119BDB0722D5462F08EB0609A7
:1004C00011D198F80030302B0AD1002200232046A9
:1004D0002946FFF71DF818B9C6F10106CAF80060F1
:1004E000DAF8003099440022002320462946FFF71D
:1004F0000FF808B1CDF81C903022079B4B4508D36C
:10050000079B159AA3EB08034046136008B0BDE8AB
:10051000F087591C07911A70EFE7F7B50029BABFA9
:1005200049422D232B2309290270437021DD0DF14F
:1005300007031F460A2691FBF6F206FB121430341D
:10054000632903F1FF3503F8014C0ADC303205F86A
:10055000012C023B821CBB42144605D3201A03B077
:10056000F0BD2B461146E6E713F8011B02F8011B0C
:10057000F1E7302319448370041DC170EEE70000D9
:100580002DE9F04F91B00C46DDF8688016461F4605
:10059000054601F063FD03680A93184600F083FDE9
:1005A00000230E93D8F800300B90073323F0070395
:1005B00003F1080294F818A0D4F800B0C8F800209D
:1005C000D3E90023C4E9122394ED127B8DED087B5F
:1005D000DDE9088323F000494FF0FF32AA4B404683
:1005E0004946FEF7C7FF70BB4FF0FF32A64B4046AF
:1005F0004946FEF7A1FF30BB00220023DDE90801D8
:10060000FEF790FF10B12D2384F843309F4AA04B92
:10061000BAF1470F94BF90469846032323612BF00D
:10062000040323604FF00009009733460FAA2146C8
:10063000284600F0D7F9013040F093804FF0FF30AA
:1006400011B0BDE8F08FDDE9082310461946FEF72A
:1006500091FF60B100220023DDE90801FEF762FF8F
:1006600010B12D2384F843308A4A8B4BD0E763685E
:100670005A1C0AF0DF0941D106236360002206926A
:100680000EAACDE904A20DAA4BF4806303920DF1EA
:100690003302CDE901322360636800932846DDE927
:1006A0000823FFF7DBFEB9F1470F80460D9908D10B
:1006B000C81C02DB6368994241DDAAF1020A5FFAB5
:1006C0008AFABAF1650F20D80139524604F1500078
:1006D0000D91FFF722FF0E9A1318012A814623611C
:1006E00002DC2268D20701D5013323619DF8333043
:1006F000002B99D02D2384F8433095E7B9F1470FAB
:10070000BCD1002BBAD10123B7E7BAF1660F18D1DB
:10071000002963680BDD216113B92268D00702D577
:1007200001330B442361A1654FF00009DEE713B9E3
:100730002268D20701D50233F4E70123F2E74FF034
:10074000670A0E9B994205DB23682161D807EAD529
:100750004B1CE7E70029D4BFC1F102020122134478
:10076000E0E723685A0507D4236942463146284604
:10077000B84701302BD161E7BAF1650F40F2DD8057
:1007800000220023D4E91201FEF7C2FE002833D074
:100790000123424A31462846B84701303FF44EAF64
:1007A000DDE90D239A4202DB2368D8070FD5DDE986
:1007B0000A2331462846B84701303FF43FAF4FF097
:1007C000000804F11A090E9B013B434509DC23682C
:1007D0009B0700F10281E0680F9B9842B8BF184662
:1007E0002EE701234A4631462846B84701303FF4F8
:1007F00025AF08F10108E6E70D9B002B2BDC012358
:10080000264A31462846B84701303FF417AFDDE9A4
:100810000D23134302D12368D907D8D5DDE90A2374
:1008200031462846B84701303FF408AF4FF0000981
:1008300004F11A0A0D9B5B424B4501DC0E9B94E7C9
:100840000123524631462846B84701303FF4F6AE00
:1008500009F10109EEE70E9AA36D9A42A8BF1A4664
:10086000002A914607DD1346314642462846B847DE
:1008700001303FF4E3AE04F11A034FF0000B29EA14
:10088000E979089316E000BFFFFFEF7FF4820700CD
:100890001C3A0700F8820700183A070001350700E4
:1008A0000123089A31462846B84701303FF4C6AEC6
:1008B0000BF1010BD4F858A0AAEB09035B45EFDC60
:1008C000DDE90D239A421BDB2368DA0718D4DDE942
:1008D0000D2392451CDBA3EB0A09B9F1000F08DDDB
:1008E0004B4608EB0A0231462846B84701303FF430
:1008F000A5AE4FF0000829EAE97904F11A0A14E0DC
:10090000DDE90A2331462846B8470130DFD195E6B4
:10091000A3EB0209E1E70123524631462846B847D6
:1009200001303FF48BAE08F10108DDE90D239B1A7D
:10093000A3EB09034345EEDC49E70E9A012A01DCEB
:10094000DB0737D50123424631462846B8470130F8
:100950003FF474AEDDE90A2331462846B84701303A
:100960003FF46CAE00220023D4E91201FEF7D0FD63
:10097000D8B90E9B08F10102013B31462846B84721
:1009800001300ED15AE60123524631462846B84777
:1009900001303FF453AE08F101080E9B013B434583
:1009A000F1DC4B4604F15002E0E64FF0000804F1A0
:1009B0001A0AF2E701234246DFE701234A4631469D
:1009C0002846B84701303FF439AE08F10108E36822
:1009D0000F9A9B1A4345F0DCFDE64FF0000804F146
:1009E0001909F4E72DE9F04791461F468A680B691B
:1009F000DDF820809342B8BF1346C9F8003091F863
:100A0000432006460C4612B10133C9F80030236872
:100A1000990642BFD9F800300233C9F80030256882
:100A200015F0060507D104F1190AE368D9F800208A
:100A30009B1AAB4228DC94F843302268003318BF7D
:100A4000012392062DD404F1430239463046C047B3
:100A5000013020D02368E568D9F8002003F00603B0
:100A6000042B08BFAD1AA36822690CBF25EAE575FF
:100A700000259342C4BF9B1AED184FF000091A34A9
:100A80004D451AD1002008E0012352463946304630
:100A9000C047013003D14FF0FF30BDE8F08701358A
:100AA000C3E7E1185A1C302081F84300224494F82F
:100AB000451082F843100233C5E701232246394628
:100AC0003046C0470130E6D009F10109D8E70000FF
:100AD0002DE9F04306460C4601F14300097E85B03E
:100AE0006E29984617460C9B00F0BA8024D86329DB
:100AF00039D00AD8002900F0C380582900F091802D
:100B000004F1420584F8421035E0642901D06929D6
:100B1000F6D125681A6815F0800F02F104012CD077
:100B200012681960002A03DA2D23524284F84330F8
:100B3000DFF8BCC10A233FE0732900F0A58008D884
:100B40006F2921D07029DBD1226842F02002226077
:100B500003E0752918D07829D2D1782284F845206D
:100B6000DFF890C161E01A68111D1960136884F8FC
:100B7000423004F14205012393E01268196015F038
:100B8000400F18BF12B2CDE7D4F800C01A681CF0AD
:100B9000800F02F104051D6001D0126803E01CF013
:100BA000400FFAD01288DFF848C16F290CBF082324
:100BB0000A23002184F843106568A560002DA2BFB8
:100BC000216821F0040121600AB9002D46D00546B4
:100BD000B2FBF3F103FB112E93421CF80EE005F873
:100BE00001ED39D9082B0BD12368DA0708D5236921
:100BF00062689A42DEBF302305F8013C05F1FF35FB
:100C0000401B2061CDF800803B4603AA21463046B8
:100C1000FFF7E8FE013049D14FF0FF3005B0BDE8E5
:100C2000F083DFF8CCC084F845101D68216855F8C2
:100C3000042B1D600D060BD5CD0744BF41F02001EC
:100C400021601AB9236823F0200323601023B0E742
:100C50004B0648BF92B2EFE70A46B9E70546C1E73F
:100C60001A68D4F800C06169151D1D601CF0800F62
:100C7000136801D0196003E01CF0400FFAD019800E
:100C8000002323610546BDE71A68111D1960156828
:100C9000626800212846FFF7ABFA08B1401B60608C
:100CA00063682361002384F84330ABE723692A4655
:100CB00039463046C0470130AED023689B0713D475
:100CC000E068039B9842B8BF1846A7E701234A464D
:100CD00039463046C04701309ED00135E368039A5B
:100CE0009B1AAB42F2DCEBE7002504F11909F5E7AA
:100CF000FC8207000D83070038B5074C05460846FF
:100D00001146002222601A46F5F76EFE431C02D1FE
:100D1000236803B12B6038BDB8700120024B0A462E
:100D200001461868F4F7ACBE1C65002038B5064CC7
:100D30000023054608462360F5F728FB431C02D133
:100D4000236803B12B6038BDB870012000294FF42F
:100D500080630CBF0222002200F000B82DE9F743A7
:100D60001E465B4B1D6804460F46904625B1AB6995
:100D700013B92846FEF7F2FF564B9C4266D16C68C9
:100D8000B8F1020F06D0B8F1010F00F29D80002EDD
:100D9000C0F29A80636EDA0705D4A3899B0502D45A
:100DA000A06DFFF7ADF921462846FEF743FF616BC2
:100DB00041B104F14403994202D02846F4F712FFEE
:100DC000002363630023A3616360A389180603D52E
:100DD00021692846F4F706FFA38923F44A6323F028
:100DE0000303B8F1020FA3816AD001AB6A46214622
:100DF0002846FFF787F9A3891843A081002E2FD139
:100E0000009E3046FFF7E2F90746002853D1DDF88F
:100E10000090B14548D14FF0FF350022A26004F1A7
:100E20004702226022610122B4F90C306261626ED5
:100E300043F00203D107A38104D49B0502D4A06D23
:100E4000FFF75FF9284603B0BDE8F083224B9C42D0
:100E500001D1AC6894E7214B9C4208BFEC688FE756
:100E6000002FCED0AB6913B92846FEF777FFB8F153
:100E7000010F08BFA389276004BF43F00103A381CA
:100E8000A38913F00802C4E904761BD0DA0741BF36
:100E900000227642A260A66158BFA660656E15F07A
:100EA0000105CAD00025CDE74846FFF78FF9074670
:100EB0000028B0D04E46A38943F08003A381D1E738
:100EC0000025AAE7A260E9E74FF0FF35BAE700BFC7
:100ED0001C650020B0820700D082070090820700C6
:100EE0001F2938B504460D4604D9162303604FF078
:100EF000FF3038BD426C12B152F821304BB9204658
:100F000000F030F82A4601462046BDE8384000F09F
:100F100017B8012B0AD0591C03D1162303600120F6
:100F2000E7E7002442F82540284698470020E0E7FC
:100F3000024B01461868FFF7D3BF00BF1C650020B5
:100F400038B5074C0023054608461146236001F0DA
:100F500027FD431C02D1236803B12B6038BD00BFBD
:100F6000B870012001F014BD0EB400B59CB01DABEB
:100F7000029006906FF000410948079104910949D9
:100F800053F8042B05910068019302A901F0C0FBFE
:100F9000029B00221A701CB05DF804EB03B070478E
:100FA0001C6500200802FFFF10B50C46B1F90E10B9
:100FB00001F0A6FC0028ABBF636DA3891B1823F4C6
:100FC0008053ACBF6365A38110BD2DE9F0411F467E
:100FD0008B89DB0505460C46164605D50223002203
:100FE000B1F90E1001F03EF8A389B4F90E1023F404
:100FF0008053A38132463B462846BDE8F04100F0CD
:1010000071B910B50C46B1F90E1001F02BF8431C64
:10101000A38915BF606523F4805343F48053A381F3
:1010200018BFA38110BDB1F90E1000F06DB900001A
:1010300070B50C4D2E4610F8013B5A5D02F00302CC
:10104000012A11F8012BB45C04F0030408BF20331B
:10105000012C08BF20329B1A01D1002AEBD118467F
:1010600070BD00BF8E810700C9B2034610F8012B86
:101070001AB18A42F9D118467047002918BF0023D7
:10108000F9E710F8012B11F8013B012A28BF9A4219
:10109000F7D0D01A7047034611F8012B03F8012B43
:1010A000002AF9D17047034613F8012B002AFBD11F
:1010B000181A0138704710B56AB10139841810F850
:1010C000013B11F8012F934203D1A04201D0002B24
:1010D000F5D1981A10BD1046FCE770B50378A3B19E
:1010E00003460C46184613F8015B4DB10A4601E071
:1010F000AE4209D0144612F8016B002EF8D1F1E788
:101100002378002B08BF002070BD1846FCE770B59F
:1011100003461E4613F8014B3CB14A1E01E0A542AE
:10112000F7D012F8015F002DF9D1301A70BDF0B57B
:101130000C7864B103461A7818465E1C0AB910464A
:1011400005E0944208D10D4615F8012F02B9F0BD13
:1011500013F8017F9742F7D03346ECE72DE9F043CF
:10116000384F86460846054615F8014BE65D16F0F1
:10117000080631D12D2C31D12C784FF00108851C77
:10118000002B5AD0102B09D1302C07D1287800F031
:10119000DF0058284CD16C78102302354FF0FF3C0B
:1011A0000026BCFBF3FC03FB0CF96FEA090930468F
:1011B000A4F13007092F18D83C46A34224DD002EA5
:1011C0001FDB84451DD301D1A1451ADB00FB034081
:1011D000012615F8014BEBE72846C4E72B2C08BF86
:1011E0002C78B04608BF851CCAE7A4F14107192F27
:1011F00001D8373CE1E7A4F16107192F04D8573C27
:10120000DBE74FF0FF36E4E7002E07DA2223CEF8C3
:1012100000304FF0FF3042B9BDE8F083B8F1000F65
:1012200000D04042002AF7D006B1691E1160F3E7F2
:101230003024002BB2D10823B0E7302CA6D00A23EB
:10124000ACE700BF8E81070013460A4601460248FC
:101250000068FFF783BF00BF1C650020034BC35C21
:1012600003F00303012B08BF203070478E81070075
:1012700030B5141E05469BB0184605DA8B232B604B
:101280004FF0FF301BB030BD4FF40273ADF80C309F
:1012900014BF04F1FF332346029305934FF6FF7307
:1012A00000910491ADF80E3002461E9B6946284617
:1012B00001F02EFA431CBCBF8B232B60002CE1D025
:1012C000009B00221A70DDE707B5009313460A461B
:1012D000014603480068FFF7CBFF03B05DF804FB4D
:1012E0001C65002038B5074C05460846114600220B
:1012F00022601A46F5F778F9431C02D1236803B13E
:101300002B6038BDB870012038B5064C0023054667
:1013100008462360F5F704F9431C02D1236803B1A2
:101320002B6038BDB87001202DE9F74F03690C69B7
:10133000A34280467FDB013C01F11407A00008F1C5
:1013400014052B18019357F8243055F82420013345
:101350009A4207EB0009B2FBF3F631D34FF0000AD3
:10136000BC46AE46D3465CF8042B93B206FB03A3FF
:101370004FEA134A9BB2ABEB0303120CDEF800B04A
:1013800006FB02A213FA8BF34FEA124A1FFA82FB02
:10139000DEF80020CBEB124202EB23429BB243EA81
:1013A0000243E1454FEA224B4EF8043BDBD22B5877
:1013B00033B9019B043B9D421A4630D3C8F8104014
:1013C000404601F084F8002825DB013628464FF01E
:1013D000000C57F8042BD0F800E093B2ACEB0303F9
:1013E000120C13FA8EF3C2EB1E4202EB23429BB2A5
:1013F00043EA0243B9454FEA224C40F8043BE8D2A5
:1014000055F8242005EB84032AB9043B9D421A4673
:101410000BD3C8F81040304603B0BDE8F08F126817
:10142000043B002ACAD1013CC5E71268043B002AEC
:10143000EFD1013CEAE70020EEE7000000000000E9
:101440002DE9F04F476A97B014461D468346239E08
:10145000CDE9024547B91020FEF7B8FEC0E9017793
:10146000CBF824000760C760DBF82430196859B155
:101470005A684A60012393408B60584600F04AFE48
:10148000DBF8243000221A602B1EB9BF23F0004382
:10149000039300233360039CAF4BBCBF0122326037
:1014A000A3431AD1229A42F20F731360029AC4F333
:1014B0001303134300F05185249B53B9A74B23E03A
:1014C000A74B06930833249A1360069817B0BDE81B
:1014D000F08FA24B06930333F5E79DED027B0022CC
:1014E000002351EC170B8DED0C7BFEF711F807462E
:1014F00060B1229A01231360249B002B00F02A85FF
:10150000984B249A1360013B0693DEE714AB0193DA
:1015100015AB00935846DDE90C2301F04FF8C4F3F6
:101520000A568046002E7FD00D9B1397C3F31303FA
:10153000DDE90C4543F07F5545F44015A6F2FF3632
:101540000022894B20462946FDF7C2FB7CA3D3E944
:101550000023FDF775FD7CA3D3E90023FDF7BAFB5B
:10156000044630460D46FDF701FD79A3D3E900237B
:10157000FDF766FD02460B4620462946FDF7AAFB0D
:1015800004460D4601F0DCF9002282460023204685
:101590002946FDF7C7FF48B15046FDF7E7FC224654
:1015A0002B46FDF7B5FF08B90AF1FF3ABAF1160F5D
:1015B00059D86E4B03EBCA03D3E90023DDE90C01D4
:1015C000FDF7B0FF002850D00AF1FF3A0023129334
:1015D000149B9E1B731E089345BFC6F1010307931E
:1015E000002300234CBF08930793BAF1000F3EDBA2
:1015F000089BCDF83CA05344089300230993209BFB
:10160000092B00F28F80052BC4BF043B2093209B45
:10161000A3F10203CCBF00240124032B00F28D8030
:10162000DFE803F02F3C3A7EDDE914631E4406F246
:101630003240202811DDC0F14000029B844006F2B8
:10164000124023FA00F02043FDF780FC01230446FA
:10165000A1F1F875013E139372E7029BC0F12000DF
:1016600003FA00F0F0E70123B1E71290B0E7079B1F
:10167000A3EB0A030793CAF10003099300230F9316
:10168000BDE700230E93219B002B73DC0123049301
:1016900099461A4621920CE00123F3E700230E93AA
:1016A000219B534403F1010904934B46012BB8BF1E
:1016B0000123DBF8245000226A60042202F11400A6
:1016C000984269685AD9584600F0F0FCDBF824309B
:1016D00028601B680693B9F10E0F00F2D480002C2D
:1016E00000F0D180BAF1000F66DD204A0AF00F0346
:1016F00002EBC30393ED007B4FEA2A14E2068DED63
:101700000A7B57D51A4BDDE90C01D3E90823FDF715
:10171000C1FDCDE9020104F00F040326144D3EE0A3
:101720000123BCE70124002320930E944FF0FF33E4
:101730000493994600221223ACE701230E93F5E7A8
:1017400061436F63A787D23FB3C8608B288AC63FC7
:10175000FB799F501344D33F0000F07F278307009D
:101760001E830700023507000000F83F6083070072
:1017700038830700219B049399469AE701316960F9
:1017800052009BE7E30708D5DDE90A01D5E900230C
:10179000FDF756FCCDE90A01013664100835002C2E
:1017A000F0D1DDE90A23DDE90201FDF773FDCDE9A2
:1017B00002011AE00226B1E700F09F80CAF100049E
:1017C0009F4BA04D04F00F0203EBC203D3E90023AB
:1017D000DDE90C01FDF734FCCDE902012411002301
:1017E0000226002C7ED1002BE1D1129B002B00F0B1
:1017F0008680DDE902450022934B20462946FDF70D
:1018000091FE00287BD0B9F1000F78D0049B002B0B
:1018100035DD0AF1FF330A93204600228B4B29461F
:10182000FDF70EFCCDE90201049C01363046FDF7C0
:101830009DFBDDE90223FDF703FC0022844BFDF74D
:1018400049FA0646A1F15077002C5CD10022814B69
:10185000DDE90201FDF73CFA32463B46CDE90201E3
:10186000FDF77EFE002840F08C82324607F10043EF
:10187000DDE90201FDF756FE002840F08082DDE937
:101880000C34CDE90234159B002BC0F24F81BAF124
:101890000E0F00F34B816A4B03EBCA0393ED007B01
:1018A000219B002B8DED047B80F2D880B9F1000FD5
:1018B00000F3D48040F062820022664B51EC170B9B
:1018C000FDF7BEFBDDE90223FDF740FE4C464E4628
:1018D000002840F03B82069D312305F8013B0AF1C8
:1018E000010A37E2E70705D5D5E90023FDF7A8FB94
:1018F000013601236410083573E7022675E7CDF839
:1019000028A04C4692E74E4B03EBC40353E9020177
:10191000069B1C440E9B002B46D002460B46002023
:101920004D49FDF7B7FC32463B46FDF7D1F9069D20
:1019300006460F46DDE9020101F002F81090FDF7BE
:1019400015FB02460B46DDE90201FDF7C1F9109BCC
:10195000303305F8013B32463B46CDE90201FDF745
:10196000E1FD002860D1DDE9022300203649FDF7C2
:10197000AFF932463B46FDF7D5FD002840F0B48074
:10198000A5423FF47CAF0022304B30463946FDF78C
:1019900057FB002206460F462C4BDDE90201FDF7FE
:1019A0004FFBCDE90201C5E732463B46FDF748FB58
:1019B000CDE91001069E2546DDE9020100F0C0FFD9
:1019C0000746FDF7D3FA303702460B46DDE9020140
:1019D000FDF77EF906F8017BA642CDE902014FF042
:1019E000000226D11C4BDDE91001FDF773F9024618
:1019F0000B46DDE90201FDF7B3FD002874D1DDE9F6
:101A0000102300201449FDF763F902460B46DDE977
:101A10000201FDF787FD00283FF431AF15F8013CC6
:101A2000302B05F1FF3202D0DDF828A04AE0154640
:101A3000F4E7064BFDF704FBCDE90201BCE700BF6C
:101A400060830700388307000000F03F0000244057
:101A500000001C40000014400000E03FDDE9026788
:101A6000069DDDE9042330463946FDF713FC00F0FE
:101A700067FF0446FDF77AFADDE90423FDF7E0FA93
:101A800002460B463046394604F13006FDF720F990
:101A900005F8016B069EAE1BB14502460B4638D1D8
:101AA000FDF718F9DDE9042306460F46FDF758FD5A
:101AB000C0B9DDE9042330463946FDF729FD08B1F8
:101AC000E1070FD44146584600F024FB0023229A38
:101AD0002B700AF101031360249B002B3FF4F5AC3B
:101AE0001D60F2E4CDF828A015F8012C392A05F183
:101AF000FF3308D1069A9A4209D10A9A069901320F
:101B00000A9230220A701A7801321A708CE71D4648
:101B1000EAE700229D4BFDF793FA002200230646D8
:101B20000F46FDF7F5FC00289BD0CBE70E9A002A64
:101B300000F0CB80209A012A00F3AE80139A002A8D
:101B400000F0A68003F23343099C079D079A1A44CC
:101B50000792089A01211A445846089200F07CFB2B
:101B60000646002D0CDD089B002B09DDAB42079AD1
:101B7000A8BF2B46D21A0792089AED1AD31A0893D7
:101B8000099BF3B10E9B002B00F0A380002C10DD0D
:101B900031462246584600F0F9FB424601460646C9
:101BA000584600F062FB41460746584600F0B2FA3C
:101BB000B846099B1A1B04D04146584600F0E6FB84
:101BC00080460121584600F047FB0F9B002B04463E
:101BD00040F381801A460146584600F0D7FB209B0F
:101BE000012B04467ADD0027236904EB830318697F
:101BF00000F0E2FAC0F12000089B184410F01F002A
:101C000000F08B80C0F12003042B40F38480C0F1EE
:101C10001C00079B03440793089B03440544089357
:101C2000079B002B05DD41461A46584600F0FCFB99
:101C30008046089B002B05DD21461A46584600F0D9
:101C4000F3FB0446129B002B69D02146404600F06E
:101C50003EFC002863DA002341460A22584600F081
:101C600070FA0E9B0AF1FF3A8046002B00F07C814F
:101C7000002331460A22584600F063FA049B002BE9
:101C8000064600F38B80209B022B40F387804EE0BA
:101C9000149BC3F1360357E7099B09F1FF34A342B4
:101CA000BFBF099B0994E21A0F9BBBBF9B180F9300
:101CB0001C1B0024B9F1000FB5BF079B079DA3EBC8
:101CC00009054B46B8BF002340E7099C079D0E9EBF
:101CD00047E7099A70E7209B012B18DC029BB3B9F8
:101CE000039BC3F31303A3B9039B23F000473F0DEA
:101CF0003F0537B1079B01330793089B01330893D6
:101D000001270F9B002B7FF46FAF012074E70027A2
:101D1000F7E7029FF5E783D018461C3079E7B9F161
:101D2000000F35DC209B022B32DDCDF81090049B98
:101D300063B921460522584600F003FA01460446DD
:101D4000404600F0C4FB00283FF7C5AD219B069D2F
:101D50006FEA030A00272146584600F0DBF9002EFF
:101D60003FF4B0AE2FB1B74203D03946584600F029
:101D7000D1F93146584600F0CDF9A3E600242646B5
:101D8000E4E7DDF828A02646A5E500BF00002440D2
:101D90000E9BCDF81090002B00F0ED80002D05DD9E
:101DA00031462A46584600F03FFB0646002F56D0E3
:101DB0007168584600F07AF932690232054692009D
:101DC00006F10C010C30FEF771FA01222946584643
:101DD00000F02AFB069B069A03F10109049B1344B9
:101DE0000993029B03F0010337460893064609F165
:101DF000FF33214640460293FFF796FA03463033FD
:101E00000490394640460A9300F061FB3246079041
:101E10002146584600F075FBC2680A9B054602BB86
:101E20000146404600F053FB0A9B024629465846AD
:101E30000E920A9300F06EF9209B0E9A43EA02017B
:101E4000089B0B434D460A9B0DD1392B27D0079A8F
:101E5000002A01DD049B3133029A13707BE7304680
:101E6000B8E70122E2E70799002904DB2098014343
:101E7000089801431ED1002AEEDD41460122584652
:101E8000079300F0D1FA2146804600F020FB00289D
:101E9000079B02DCE0D1DA07DED5392BDAD1029AD2
:101EA0003923137015F8013C392B05F1FF3247D067
:101EB0000133D2E7002A03DD392BF0D00133CBE721
:101EC000099A09F8013C914521D0414600230A2294
:101ED000584600F036F9B74280464FF000034FF005
:101EE0000A023946584606D100F02BF90746064645
:101EF00009F101097BE700F024F931460746002388
:101F00000A22584600F01DF90646F1E7002741462F
:101F100001225846029300F087FA2146804600F0DD
:101F2000D6FA0028BEDC02D1029BDB07BAD415F832
:101F3000013C302B05F1FF327FF40DAF1546F6E77B
:101F4000069B934204D10AF1010A3123069A84E7E1
:101F50001546A7E7134BFFF7D7BA249B002B7FF456
:101F6000AFAA114BFFF7D0BA049B002B03DC209BD8
:101F7000022B3FF7DCAE069D21464046FFF7D4F921
:101F800000F1300305F8013B069A0499AA1A914220
:101F9000BCDD414600230A22584600F0D2F88046B4
:101FA000EAE700BF013507001E8307000B78722B9C
:101FB00030B522D0772B24D0612B27D01623036095
:101FC000002030BD622D12D0782D13D02B2D07D1DB
:101FD00020F01C0023F0030340F0100043F0020344
:101FE00011F8015F002DEDD123431360E9E743F4BD
:101FF0008033F5E743F40063F2E70024234604202E
:10200000EEE74FF4C06401230820E9E74FF40274BF
:1020100001234FF48470E3E738B5074C00230546ED
:10202000084611462360F4F7D8FB431C02D123680D
:1020300003B12B6038BD00BFB870012038B5064C25
:102040000023054608462360F4F73CFB431C02D1FD
:10205000236803B12B6038BDB87001200048704779
:102060007066002038B5074C054608461146002228
:1020700022601A46F4F791FB431C02D1236803B196
:102080002B6038BDB870012082B001B901A942B1FE
:102090004BB113780B601278101C18BF012002B0EE
:1020A00070471046FBE76FF00100F8E770B5456A2E
:1020B00004460E463DB91020FEF788F8C0E90155E8
:1020C00060620560C560656AEB6883B1636ADB685E
:1020D00053F82600B8B9012101FA06F56A1D9200ED
:1020E0002046F3F7E9FC60B1C0E901650EE021226A
:1020F00004212046F3F7E0FC636AE860DB68002B0C
:10210000E4D1002070BD026843F826200023C0E916
:102110000333F7E770B5446A06460D463CB9102014
:10212000FEF754F8C0E9014470620460C4603DB138
:10213000736A6A68DB6853F82210296043F82250FA
:1021400070BD2DE9F0410D691F4606460C4601F1B0
:10215000140C0023DCF8000081B202FB01710F0CAB
:10216000000C02FB007089B2013301EB00419D427B
:102170004FEA10474CF8041BECDCD7B1A368AB4224
:1021800012DC616830460131FFF790FF22690232AC
:1021900004F10C01804692000C30FEF787F82146CE
:1021A0003046FFF7B7FF444604EB850301355F6116
:1021B00025612046BDE8F081020C12040346CAB92D
:1021C0000304102013F07F4F04BF1B02083013F0EC
:1021D000704F04BF1B01043013F0404F04BF9B003D
:1021E0000230002B05DB13F0804F00F1010008BF27
:1021F000202070470020E5E7036813F0070201463E
:102200000BD0DA0724D4980749BF5B089B0801204C
:102210000B605CBF0B600220704798B2B0B91B0C1A
:10222000102013F0FF0F04BF1B0A08301A0704BF69
:102230001B0904309A0704BF9B080230DA0703D455
:102240005B0800F1010005D00B6070471046E8E71D
:10225000002070472020704710B50C460121FFF781
:1022600025FF01224461026110BD2DE9F74F904620
:102270000A69D8F810309A42B8BF0B460C46BCBF6A
:10228000444698462769D8F81090A368616807EB20
:102290000906B342B8BF0131FFF708FF00F114058A
:1022A00005EB860E2B460022734516D304F114036A
:1022B00008F1140203EB870702EB89030093009BEC
:1022C000019293420CD8002E03DD5EF8043D002BF2
:1022D00059D0066103B0BDE8F08F43F8042BE3E763
:1022E000B2F800A0BAF1000F23D004F11409AC46F3
:1022F0004FF0000859F8041BDCF800B08BB21FFA4D
:102300008BFB0AFB03B34FEA114BDCF8001043448C
:102310004FEA11480AFB0B8101EB13419BB243EAE0
:1023200001434F454FEA11484CF8043BE2D8CCF842
:102330000080019BB3F802900432B9F1000F20D065
:102340002B6804F11408AC464FF0000AB8F80010EE
:10235000BCF802B009FB01B18A449BB243EA0A43CC
:102360004CF8043B58F8043BBCF800101B0C09FB6C
:10237000031303EB1A4347454FEA134AE6D8CCF858
:10238000003004359BE7013E9DE700002DE9F8434E
:10239000154612F0030206460F4607D0013A214CBB
:1023A000002354F82220FFF7CCFE0746AD1035D0AD
:1023B000746A3CB91020FDF709FFC0E9014470625E
:1023C0000460C460D6F82480D8F808404CB940F2C4
:1023D00071213046FFF740FF0023C8F8080004468B
:1023E00003604FF00008EB070AD539462246304615
:1023F000FFF73BFF394681463046FFF78BFE4F46DD
:102400006D100BD0206838B9224621463046FFF7C0
:102410002CFF2060C0F800800446E4E73846BDE8A1
:10242000F88300BF288407002DE9F0470C464FEAE7
:10243000621A236949680AEB0309A368074616462E
:1024400009F10105AB4233DB3846FFF72FFE0023CD
:10245000804600F1140100F11002184653452ADBB2
:1024600020692AEAEA7A04F1140316F01F0201EB4C
:102470008A0103EB800C22D0C2F1200E00201E68DE
:102480009640304341F8040B53F8040B9C4520FA66
:102490000EF0F4D8086008B109F10205013D384694
:1024A000C8F810502146FFF735FE4046BDE8F087DA
:1024B00001315B00C6E742F8040F0133CEE704396F
:1024C00053F8042B41F8042F9C45F9D8E6E703693B
:1024D0000A699B1A30B50CD192001430143184185B
:1024E000114454F8045D51F8042D954203D005D3EE
:1024F0000123184630BDA042F3D3FAE74FF0FF3373
:10250000F7E72DE9F0470D460746114628461446E1
:10251000FFF7DDFF061E08D131463846FFF7C6FD3E
:102520000123C0E90436BDE8F087A4BF23462C464A
:1025300038466168A6BF1D4600260126FFF7B6FD96
:102540002B69C660266905F1140904F1140202EB37
:10255000860709EB830800F114054FF0000E52F8CE
:1025600004AB59F8044B1EFA8AF1A3B2C91A230C22
:10257000C3EB1A4303EB214389B24FEA234EC8450C
:1025800041EA0343944645F8043BE8D8BC4504D3EC
:1025900055F8043D83B10661C5E75CF8041B1EFADB
:1025A00081F31A1402EB11429BB243EA02434FEA51
:1025B000224E45F8043BE9E7013EE9E72DE9F74300
:1025C000012199469046DDE90A65FFF76FFDC9F3E1
:1025D0000A540746C9F313032CBBB8F10002019358
:1025E00026D068460092FFF707FE0099F0B1019AE5
:1025F000C0F1200302FA03F30B43C2407B61019256
:10260000019BBB61002B14BF022101213961C4B1C0
:10261000A4F2334404443460C0F1350028603846E5
:1026200003B0BDE8F08343F48013D6E77961E7E7B0
:1026300001A8FFF7E1FD019B7B6101213961203099
:10264000E5E707EB8103A0F2324030601869FFF73D
:10265000B3FDC0EB4110E1E72DE9F0478E689E42E3
:1026600082460C469146984638D8B1F80CC01CF406
:10267000906F31D062692568096902EB42026F1AD6
:1026800002EBD272013355103B449D4238BF1D46C8
:102690001CF4806F30D02946F3F762FA064650B931
:1026A0000C23CAF80030A38943F04003A3814FF004
:1026B000FF30BDE8F0873A462169FDF7F7FDA389B1
:1026C00023F4906343F08003A381266165613E4457
:1026D000ED1B2660A5604646464500D94646324673
:1026E00049462068FDF7F0FDA3689B1BA3602368A3
:1026F0001E4426600020DCE72A46F3F7C1F90646AF
:102700000028E2D121695046F3F76CFAC8E70000CF
:102710002DE9F04F1E468B891B069DB007460D46DE
:1027200014460ED50B6963B94021F3F719FA2860F6
:10273000286120B90C233B604FF0FF30C9E04023F3
:102740006B610023099320238DF82930DFF89C91D9
:10275000039630238DF82A304FF0010A23461E4697
:1027600013F8012B0AB1252AF9D1B6EB040B0BD0D3
:102770005B46224629463846FFF76EFF013000F0DF
:10278000A380099B5B4409933378002B00F09C8065
:1027900000234FF0FF32CDE9052301360493079360
:1027A0008DF853301A933446052214F8011B4F4814
:1027B000FDF71EFD049BC0B9D90644BF20228DF849
:1027C00053201A0744BF2B228DF8532032782A2A2F
:1027D00013D0079A344600200A26214611F8013BFF
:1027E000303B092B4BD970B914E0A0EB09000AFA71
:1027F00000F0184304902646D5E7039A111D12688D
:102800000391002A01DB079204E0524243F00203E5
:102810000792049323782E2B0CD163782A2B33D183
:10282000039B1A1D1B680392002BB8BF4FF0FF33A8
:10283000023405932E4E217803223046FDF7D8FC52
:1028400038B14023801B03FA00F0049B034301349A
:10285000049314F8011B27488DF828100622FDF771
:10286000C7FC002838D0244B13BB039B073323F04D
:10287000070308330393099B434409936EE706FB60
:10288000023201200C46A8E70023013405931946C3
:102890000A26204610F8012B303A092A03D9002BCA
:1028A000C8D00591C6E706FB012101230446F0E7E5
:1028B00003AB00932A46114B04A93846FDF760FE8E
:1028C000B0F1FF3F8046D6D1AB895B063FF534AF10
:1028D00009981DB0BDE8F08F03AB00932A46074B63
:1028E00004A93846FEF7F4F8EAE700BF348407008D
:1028F0003A8407003E840700810507005926070037
:1029000038B5074C054608461146002222601A4693
:10291000F3F7DAFE431C02D1236803B12B6038BD04
:10292000B870012049B1FF2A85BF8A2303600A706D
:102930004FF0FF3098BF01207047084670470000F5
:102940004FEA410212F5001215D211D56FF47873D7
:10295000B3EB625212D94FEAC12343F0004343EA7A
:10296000505311F0004F23FA02F018BF4042704755
:102970004FF00000704750EA013005D111F00040DF
:1029800008BF6FF0004070474FF00000704700BF75
:10299000024B58221A604FF0FF307047B870012088
:1029A000024B58221A604FF0FF307047B870012078
:1029B000F8B500BFF8BC08BC9E467047F8B500BF2C
:1029C000F8BC08BC9E4670470000000000000000F4
:1029D000B5710200DD71020000000000000000007F
:1029E000C9710200F17102003139423130303030AA
:1029F0002D453846322D353337452D344636432D57
:102A00004431303437363841313231340031394293
:102A100031303030312D453846322D353337452D64
:102A2000344636432D443130343736384131323133
:102A3000340031394231303030322D453846322D74
:102A4000353337452D344636432D4431303437360F
:102A5000384131323134004352414E4B5F53454E81
:102A60005345004352414E4B5F524547554C4152EE
:102A700000496E697469616C697A696E6720424CBD
:102A8000452042726F61646361737465722E2E2EED
:102A9000007374617274696E6720426C7565746F3F
:102AA0006F7468C2AE204C6F7720456E657267798F
:102AB000206661696C65642100424C452042726F5A
:102AC000616463617374657220496E697469616CD5
:102AD000697A656420262041647665727469736939
:102AE0006E672061732000496E697469616C697A50
:102AF000696E67204858373131204C6F616420433C
:102B0000656C6C2E2E2E0057616974696E672066A5
:102B10006F7220485837313120746F2073746162AE
:102B2000696C697A652E2E2E004469736361726444
:102B3000696E672073746172747570207265616468
:102B4000696E67732E2E2E002F6B762F6C6F61646B
:102B50005F63656C6C5F63616C5F666163746F7209
:102B6000004C6F6164656420736176656420636105
:102B70006C6962726174696F6E20666163746F72F2
:102B80003A20005573696E672064656661756C74E0
:102B90002063616C6962726174696F6E2066616343
:102BA000746F723A2000737461727475700053749C
:102BB0006172747570207A65726F20736B697070C2
:102BC00065642E2053656E6420277427207768651E
:102BD0006E2074686520706564616C20697320756F
:102BE0006E6C6F616465642E004C6F616420436598
:102BF0006C6C20696E697469616C697A6174696F63
:102C00006E20636F6D706C6574652E003E3E3E20D5
:102C100053656E642027742720746F20666F72637B
:102C200065207A65726F207C20277A2720666F7274
:102C300020737461626C65207A65726F207C202736
:102C4000632720666F722063616C696272617469C8
:102C50006F6E207C2027732720746F207361766548
:102C600020666163746F72203C3C3C000A3D3D3D30
:102C70002043414C4942524154494F4E204D4F440C
:102C800045204F4E203D3D3D0A506C6163652061FB
:102C9000206B6E6F776E20776569676874206F6E42
:102CA000207468652073656E736F722E0A2020276A
:102CB0002B272F272D27203D20636F6172736520FE
:102CC00061646A7573742028C2B1313030290A20DA
:102CD000202766272F276727203D2066696E6520FD
:102CE00061646A7573742028C2B13130290A2020CA
:102CF000277327203D207361766520666163746FBA
:102D00007220746F20666C6173680A202027702718
:102D1000203D207072696E742063757272656E74E6
:102D200020666163746F720A53656E64202763279F
:102D300020746F20657869742063616C69627261C8
:102D400074696F6E206D6F64652E0A000A3D3D3D0B
:102D50002043414C4942524154494F4E204D4F442B
:102D600045204F4646203D3D3D0A00466F7263694F
:102D70006E6720006D616E75616C00207A65726F00
:102D80002E204B6565702074686520706564616CE9
:102D900020756E6C6F616465642E2E2E005A65720C
:102DA0006F20736B69707065643A20485837313111
:102DB000206E6F742072656164792E006D616E758E
:102DC000616C20737461626C650053617665642088
:102DD00063616C6962726174696F6E2066616374AD
:102DE0006F723A200043616C6962726174696F6E40
:102DF0002073617665206661696C65642C2065725C
:102E0000726F723A20005573652074686520707285
:102E1000696E74656420666163746F7220746F20DC
:102E2000757064617465206C6F61645F63656C6C60
:102E30002E637070206D616E75616C6C79206966AF
:102E4000206E65656465642E005361766564206359
:102E5000616C6962726174696F6E20666163746F20
:102E60007220636C65617265642E00436C656172EB
:102E70002073617665642063616C69627261746954
:102E80006F6E206661696C65642C206572726F726A
:102E90003A2000436865636B696E67206C6F6164FC
:102EA0002063656C6C2073746162696C697479204D
:102EB000666F722000207A65726F2E2E2E005A6582
:102EC000726F20736B69707065643A2048583731AF
:102ED0003120646964206E6F742070726F7669644B
:102EE0006520656E6F7567682073616D706C6573C2
:102EF0002E005A65726F20736B69707065643A209A
:102F00006D65616E3D00206C62732C2072616E678E
:102F1000653D00206C62732E20556E6C6F616420DD
:102F2000706564616C20616E6420747279206167E1
:102F300061696E2E005A65726F20636F6D706C65EB
:102F400074652E204F66667365743A200043616C89
:102F50006962726174696F6E20466163746F723A60
:102F60002000466F72636520286C6273293A200046
:102F70005374617274696E67205849414F204372DF
:102F8000616E6B2053656E736F72204E6F646520A7
:102F900028524547554C4152292E2E2E0000000044
:102FA0000000000000000000F1790200F379020047
:102FB00000000000000000007F7B0200817B020017
:102FC0000000000000000000517F0200897F020025
:102FD000253032783A253032783A253032783A2521
:102FE0003032783A253032783A2530327800000095
:102FF000000000000000000037800200AD800200E9
:1030000039800200498002003181020059800200AB
:10301000BD80020075800200F18002001181020073
:1030200065810200000000000000000041830200F2
:1030300079830200000000000000000031840200DB
:10304000378402003384020032393032000000003D
:103050000000000000000000CD8602002987020069
:1030600087840200000000000000000005880200C4
:1030700019880200FF870200D067002000000000CE
:1030800000000000718D0200918D0200858A02000F
:10309000398B02006588020075880200858802006D
:1030A000CD8802006D8B0200A58D0200C58B020049
:1030B000CB8B0200E58B0200EB8B0200F18B020050
:1030C000F78B0200038C0200FD8B0200E5880200F2
:1030D000F588020005890200258C0200158902008E
:1030E000258902007D8C0200A98C0200D58C02008B
:1030F00035890200458902006D8902009589020028
:10310000A5890200B5890200C5890200018D02006F
:10311000D5890200658A0200758A0200E5890200ED
:10312000F5890200A9880200358A0200058A02009A
:10313000258A0200158A0200458A0200558A02008B
:10314000DD880200E18802000000000000000000AD
:10315000AD8E0200018F0200D98D02000000000038
:1031600000000000158F02002D8F020000000000FB
:1031700000000000DD900200359102000000000018
:1031800000000000E591020009920200000000002A
:1031900000000000059302002593020000000000DB
:1031A00000000000E9930200459402005483637C10
:1031B000C51EF7EC32DDAD51894B9E0794680020A7
:1031C000000000000000000091970200AD9702008F
:1031D000599402005F940200C597020045980200CE
:1031E00029990200A19A02006594020079B20200B6
:1031F000499B02008B9B0200A9950200C795020023
:10320000DD9502000D96020099A9020027960200A2
:1032100099B30200CB9B02003D9C0200DD9C0200A2
:103220002597020033970200079A0200419A020094
:1032300031AA0200F1AB020051970200C3AB0200B9
:103240007B9A02001FAC020061AC020059AA020086
:10325000C1A902004D9602008BAA0200B19D020096
:103260006B960200D9AA0200299F020085A10200E4
:10327000BB96020071AB0200B9AC020041AB020088
:1032800045A002008F9602000DAB020071AF020054
:10329000A3AB020061A4020095A30200DDA5020019
:1032A000E7960200F1960200139C0200BDA6020000
:1032B000ADA7020081A80200A1980200186A0020B0
:1032C0000000000000000000A5B80200D5B8020010
:1032D000DDB50200E1B5020081B6020095B602003C
:1032E000F9B602002DB7020069B70200E9B8020082
:1032F0006DB90200E9B60200EDB60200F1B60200B7
:1033000007BB0200A5B70200586A002031383030F0
:1033100000326130300032613031003138303100FC
:10332000326130350041726475696E6F00000000D3
:103330000000000000000000E9BE02000DBF020016
:1033400069BB020055BC0200DDBC0200E3BC020008
:10335000FBBC020049BB02004DBB020017BD0200CE
:10336000C1BD020021BF0200886A002048434920F5
:1033700041434C44415441205458202D3E200048A4
:10338000434920434F4D4D414E44205458202D3E3B
:1033900020005F72656376427566666572206F769F
:1033A0006572666C6F77004843492041434C444145
:1033B0005441205258203C2D200048434920455676
:1033C000454E54205258203C2D20000000000000A3
:1033D00000000000A9BF02009DC30200ADBF0200B3
:1033E000C1BF0200D1BF0200ADC30200D9BF0200BD
:1033F0008FC802009BC90200CFC80200F1BF0200C3
:1034000027C0020041C00200F9C802005BC00200F0
:1034100073C00200F5C5020031C60200C3C002003D
:10342000DFC0020011C102002FC10200B9C10200B9
:10343000A1C102003DC90200C1C902003DC802008D
:1034400087C30200F7C1020011C20200B9C702001F
:10345000DDC7020077C20200A5C20200B9C20200A5
:10346000FDC70200EDCE02006DC60200EFC20200F1
:103470000FC3020015C3020019C7020033C30200C4
:103480006BC302004FC3020019C502001DC3020036
:10349000E9C90200E5CF02001BD2020091D102006F
:1034A00085D00200A86D00202E70696F2F6C6962B4
:1034B000646570732F7869616F626C655F726567B0
:1034C000756C61722F41726475696E6F424C452F45
:1034D0007372632F7574696C6974792F484349431B
:1034E0006F7264696F5472616E73706F72742E6361
:1034F00070700062797465735F7573656420213D37
:10350000203000000000000000000000B9D20200DE
:1035100021D20200A1D1020089D002008FD0020086
:10352000A5D00200D9D10200DDD10200E1D1020014
:1035300087D00200D3D00200050B0000D86E002017
:10354000000000000000000051D402006FD402000F
:103550007DD90200E9D902007DD4020053D40200D3
:1035600055D402005BD402005FD4020063D4020091
:1035700011D802001DDA02006DD40200EC0234A35F
:1035800057C8AD05341010A60A397D9B0DFBAA6CF7
:10359000888391AAF5A53860370BDB5A6083BE6239
:1035A000746C6520B003D2F297BE2C5E2C83A7E921
:1035B000F9A5B9EFF49111ACF4FDDBCC0301480E91
:1035C000359DE655188B3D32F6BB9A900AFCFBEE12
:1035D000D4E72A59CB9AC2F19D7CFB6B4FDD49F4AD
:1035E0007FC5FDD5CB8454D177733EFFFFB2EC711C
:1035F0002BAEABA6E8E7CC25A75F6E216583F7FF6E
:103600003DC4CF00B7E1020091D1020085D0020095
:10361000493243536C6176650000000000000000F1
:1036200000000000EBDF0200C1FC0200BBDF020073
:103630000FE0020009E002001DE0020053E002007A
:1036400085E00200A1E002004FE1020031E102004A
:10365000C7DF02007FE10200D3DF020099E202002F
:10366000DBDF020011E0020017E00200BFDF020012
:1036700001E1020000C001400010024000200240B1
:1036800000D00240F9E5020091D1020085D002008D
:10369000000000000000000069E60200E9E6020008
:1036A000BBDF02000BE5020019E80200FDE80200A2
:1036B00075E8020059E50200BFE4020023E50200BC
:1036C00019E602005365656564205849414F206E34
:1036D000524635323834302053656E736500000031
:1036E000000000000000000025EA020041EA02009C
:1036F000934B060075400600793D0600693E0600C2
:10370000794C0600793906007B390600D53A060067
:10371000D53A0600113A06001DEB020049EC020002
:10372000E13906001DEA0200F9EB020025EC020077
:10373000F9390600BFEB0200E5E90200E9E9020001
:10374000EBE90200EDE9020003EA020057EA020099
:1037500097EA0200CBEA0200F3EA0200EDED020074
:10376000F1ED0200F5ED020010034100720064006B
:10377000750069006E006F0000000000000000008E
:10378000D9EF0200EDEF02004BF50200053606000E
:10379000000000000000000001F0020015F002002F
:1037A00085F602000536060000000000000000005B
:1037B000B1EF0200C5EF0200FFED02000536060082
:1037C000C9F1020091D1020085D0020080250000DD
:1037D00000000800FFFFFFFF5F72785F73697A6582
:1037E000203D3D2030005F74785F6C6973742E65F6
:1037F0006D7074792829005F72785F6C6973742E1C
:10380000656D7074792829002F55736572732F6C5C
:103810006D61696E7669656C6C652F2E706C617474
:10382000666F726D696F2F7061636B616765732F6F
:103830006672616D65776F726B2D61726475696E0A
:103840006F2D6D6265642D73656565642F636F729E
:1038500065732F61726475696E6F2F5553422F55D2
:1038600053424344432E637070007265736F6C76ED
:1038700065722E76616C69642829000000000000E2
:103880000000000019EE02007DF3020091F3020037
:10389000ADF30200A5F00200E9F10200ABEF020077
:1038A00029F0020007EE02000DEE020061EF0200B7
:1038B00095EF020011EE0200F9ED0200FBED0200AF
:1038C000FDED0200160343004400430020004400C5
:1038D00045005600490043004500000039F8020049
:1038E00091D1020085D002005553426576740000E4
:1038F000000000000000000019EE02007DF302004D
:1039000091F30200ADF30200A5F00200E9F102001C
:10391000ABEF020029F0020007EE02000DEE0200FC
:1039200059F80200B5F8020011EE0200C9F70200D2
:10393000FBF70200FDED020079F702009DF702009F
:1039400099F902000FF702001BF70200F7E70200E7
:1039500041E80200B1E802001FF7020045E602005C
:10396000ADE6020023F70200D8FEFFFF00000000D2
:10397000A5F80200D3F8020003550600D354060050
:1039800035550600CF540600CF540600CF5406002C
:10399000CF54060039550600CF540600E3F6020066
:1039A000E9F60200F5F60200F9F60200FFF6020061
:1039B00005F7020009F7020095F70200C1F70200BF
:1039C0000BF702000DF70200D4FEFFFF000000001D
:1039D000ADF80200CBF80200C0FEFFFF00000000BF
:1039E00061E60200E3E60200BBDF020021F702000D
:1039F00013E80200F5E802006FE8020081FA020015
:103A000015F702001DF7020033F702000000000066
:103A100000000000EBFA02006E616E00696E660045
:103A20006F7666002F55736572732F6C6D61696ECA
:103A30007669656C6C652F2E706C6174666F726D43
:103A4000696F2F7061636B616765732F6672616D5B
:103A500065776F726B2D61726475696E6F2D6D6223
:103A600065642D73656565642F636F7265732F617F
:103A7000726475696E6F2F6D6265642F7461726711
:103A80006574732F5441524745545F4E4F52444919
:103A9000432F5441524745545F4E524635782F6765
:103AA00070696F5F6F626A6563742E68006F626A27
:103AB0002D3E70696E20213D202850696E4E616D4B
:103AC00065294E43005254582056352E352E33006A
:103AD0007274785F74696D6572007274785F69647E
:103AE0006C65000000000000000000000000000005
:103AF00000000000000000000000000000000000C6
:103B000000000000000000000000000000000000B5
:103B100000000000000000000000000005000000A0
:103B2000E8030000050000000080002010000000F5
:103B30000000000000000000000000000000000085
:103B40000000000000000000000000000000000075
:103B50000000000000000000000000000000000065
:103B60000000000000000000000000000000000055
:103B700000100000903B0700CC3B07000925030024
:103B8000E9240300B43B070004000000000000002B
:103B9000DA3A07000000000008810020440000001D
:103BA0005081002000020000010000000100000020
:103BB0000000000000000000000000004080002025
:103BC000340000007480002050000000D03A07004C
:103BD00000000000C480002044000000508300204A
:103BE00000030000280000000100000000000000A9
:103BF0006D616C6C6F635F6D7574657800656E7672
:103C00005F6D75746578006D61696E005072652036
:103C10006D61696E20746872656164206E6F7420D6
:103C200063726561746564004661696C65642074E3
:103C30006F2073746172742052544F530073696E15
:103C4000676C65746F6E5F6D757465780000000059
:103C50003D3C07000B000000240701201C00000071
:103C6000434D5349532D52544F53206572726F7216
:103C70003A20537461636B206F766572666C6F7760
:103C800000434D5349532D52544F53206572726F68
:103C9000723A20495352205175657565206F7665DB
:103CA00072666C6F7700434D5349532D52544F53F6
:103CB000206572726F723A20557365722054696D77
:103CC00065722043616C6C6261636B205175657530
:103CD00065206F766572666C6F7700434D5349536C
:103CE0002D52544F53206572726F723A20535444D0
:103CF00020432F432B2B206C696272617279206CF8
:103D000069627370616365206E6F742061766169AA
:103D10006C61626C6500434D5349532D52544F53AF
:103D2000206572726F723A2053544420432F432B04
:103D30002B206C696272617279206D7574657820D0
:103D4000696E697469616C697A6174696F6E206605
:103D500061696C656400434D5349532D52544F5370
:103D6000206572726F723A20556E6B6E6F776E00BF
:103D70004E6F7420616C6C6F77656420696E2049AA
:103D8000535220636F6E7465787400537973746551
:103D90006D206973206F7574206F66206D656D6F7F
:103DA000727900506172616D65746572206572721E
:103DB0006F72005265736F75726365206E6F742049
:103DC000617661696C61626C65004F7065726174E7
:103DD000696F6E206E6F7420636F6D706C657465B3
:103DE000642077697468696E207468652074696DF1
:103DF000656F757420706572696F6400556E7370BD
:103E0000656369666965642052544F532065727218
:103E10006F720000703D07008B3D0700A33D070057
:103E2000B33D0700CA3D0700FC3D07002E2F6D6221
:103E300065642D6F732F636D7369732F6465766985
:103E400063652F72746F732F736F757263652F6D57
:103E50006265645F7274785F69646C652E6370700C
:103E6000007469636B735F736C657074203C2072BF
:103E7000746F733A3A4B65726E656C3A3A77616962
:103E8000745F666F725F7533325F6D617800667262
:103E90006571203D3D20313030300068616E646CCA
:103EA0006572203D3D202849525148616E646C6521
:103EB000725F74294E5649435F4765745665637453
:103EC0006F7228697271290002000000780B0120CE
:103ED000081014182030343840444C5C5860707816
:103EE000F4ECE8E4DCCCC8C4BCB8B0A0A49C8C84DE
:103EF00010001000000000000901000BFFFF02038A
:103F0000FFFF040D05060700F401FA0096006400A7
:103F10004B0032001E001400BD1A3CCDA6B89958C3
:103F200099B740EB7B60FF4A503F10D2E3B3C974AE
:103F3000385FC5A3D4F6493F00E69D350E4801031E
:103F4000CCDBFDF4AC1191F4EFB9A5F9E9A7832C12
:103F50005E2CBE97F2D203B0208BD28915D08E1C76
:103F6000742430ED8FC24563765C15525ABF9A3285
:103F7000636DEB2A65499C80DC00000000000000B6
:103F8000E95303007154030000000000B55403001E
:103F900051540300CD540300515403007D540300D9
:103FA0000000000000000000775403007754030075
:103FB00095540300B554030000000000775403003B
:103FC00077540300B1540300B5540300000100000E
:103FD00000030102000103020200020303030003C5
:103FE000000000000957030000000000000000006E
:103FF00000000000000000009957030000000000CE
:1040000099570300C15703008557030000000000C3
:1040100000000000000000000000000000000000A0
:10402000000000000D580300000000000000000028
:104030000000000000000000000000000D58030018
:10404000000100000000030102020001020202025E
:10405000020003030303000000000000D155030029
:104060009556030000000000495603004156030026
:10407000495603000000000000000000DD56030068
:104080009D560300ED56030000000000C9560300D2
:10409000C9560300ED5603000001000003010200B1
:1040A000030202000303030000000000A9590300FB
:1040B000000000000000000000000000ED590300B7
:1040C00000000000ED59030000000000FD5903004E
:1040D000000000000000000000000000F75903008D
:1040E00000000000000000000000000000000000D0
:1040F000F759030000000000000100000003010266
:104100000102030202000203030300030000000097
:1041100055580300000000000000000000000000EF
:10412000000000007D5903000000000000000000B6
:104130005D59030059590300000000000000000011
:10414000000000000000000000000000000000006F
:104150009159030000000000000000000000000072
:104160000000000000000000915903000000000062
:10417000AD5A0300315B0300E15A03000000000068
:10418000E95C0300115B0300315B0300115B03007A
:10419000000000003D5B0300000000000000000084
:1041A000375B0300375B030000000000B95C0300CD
:1041B000E95C030000000000375B0300375B03008D
:1041C00000000000D35C0300E95C03000001000173
:1041D00000000301020100010302020200020303C6
:1041E00003030003F162030045630300256303003A
:1041F0003163030001000100BD620300795D03002B
:10420000AB5E0300F55D030000000000000000004D
:104210009D620300555E0300915E030000000000F4
:10422000BD5E03003B61030000000000B35E0300BD
:10423000B35E0300000000000961030000000000FD
:1042400000000000B35E0300B35E03000000000046
:1042500023610300000000000001000100000301D1
:104260000201000103020202000203030303000330
:104270000000000081610300000000000000000059
:10428000000000003D6203004D62030000000000DA
:10429000000000004562030045620300DD62030088
:1042A00000000000456203004562030000000000BA
:1042B00000010000030102000302020003030300E7
:1042C00000000000557B0300397E03000000000061
:1042D000797C0300217E0300797C0300997C030034
:1042E00000000000217E030000000000957D030017
:1042F00000000000217E0300397E0300ED7D0300F5
:104300000001000003010200030202000303030096
:104310000000000000000000097F03000000000012
:10432000557E0300F17E0300557E0300D570030027
:1043300000000000F17E0300000000006D7E03001D
:1043400000000000F17E0300097F03006D7E030082
:104350000001000003010200030202000303030046
:104360000403FFFFFFFF070405FFFF030704FFFF30
:1043700007FFFF0405FFFFFF03FFFF030405000025
:1043800085680300FD6703007168030000000000FA
:1043900000000000096603001D6603007966030043
:1043A000000000000000000000000000B9660300EB
:1043B00045670300FD660300456703000000000039
:1043C000856D030089670300856D0300896703001D
:1043D000696A0300916A0300F56A0300976A0300A3
:1043E000F56A030000000000F16B0300356C030068
:1043F0000000000000000000A96E0300B96E030079
:10440000C96E030000000000000000005D6C0300A6
:104410006D6C0300AD6C0300A56C0300AD6C030074
:104420000B4604000000000000000000814504006D
:10443000000000000000000000000000000000007C
:10444000D745040075450400000000000B46040039
:104450004F450400C14804000000000000000000B7
:10446000000000000000000000000000000000004C
:1044700000000000000000001145040000000000E2
:104480000000000017450400314504005D490400A8
:10449000000000001F4504000000000000000000B4
:1044A00000000000114504000000000000000000B2
:1044B000174504001745040000000000E948040007
:1044C0000000000000000000000000009B45040008
:1044D00002000001000000000201000103000101D0
:1044E00001010101010102020202030000030202B4
:1044F000020303030303030003030300B949040099
:104500003F49040000000000000000002D490400A5
:1045100000000000000000008D4904000D49040067
:10452000B948040013490400C1480400B948040014
:1045300001490400000000008D4904000D490400F9
:104540005949040000000000000000002D4904004B
:104550005D49040000000000000000000D49040057
:10456000B94804000000000000000000B948040041
:1045700000000000E9480400000000000201000003
:104580000300000001010200010101010201020219
:104590000300000203030303030300036D4D040043
:1045A00091780300917803009178030091780300DB
:1045B0000000000000000000E14D040091780300BD
:1045C000917803009178030091780300274D04004F
:1045D000AD4D0400E14D0400054E04009178030048
:1045E000917803009178030000000000AD4D0400B5
:1045F000E14D040091780300E74D04009178030039
:104600009178030000000000AD4D0400E14D04006E
:1046100091780300917803007F4D040091780300A6
:1046200000000000AD4D0400574D040091780300D8
:104630009178030091780300917803000000000056
:1046400000000000E14D0400917803009178030020
:104650009178030091780300454D040000000000AC
:10466000E14D0400917803009178030091780300F4
:10467000FD4C0400000000000000000001000000EC
:104680000000000101010101020002030202020216
:1046900000030304030303000404040504040006E8
:1046A00005050505050506060606060700070707B2
:1046B0000702070745500400917803009178030032
:1046C00091780300000000000000000000000000DE
:1046D00091780300917803009178030091780300AA
:1046E0000000000000000000055104009178030064
:1046F000917803009178030091780300D950040069
:104700009750040000000000917803005D50040001
:104710009178030091780300000000000000000081
:1047200000000000917803009178030023500400FA
:10473000917803000000000000000000000000006D
:104740009178030091780300917803009178030039
:1047500000000000000000001150040091780300E8
:104760009178030091780300757703000000000042
:104770000000000000000000010000000000000137
:10478000010101010102020202020300020304030B
:1047900003030303040405040404040505050505D7
:1047A0000506060606000606060000002954040059
:1047B000000000001754040000000000000000008A
:1047C0003958040039580400000000001154040056
:1047D0000000000009540400000000000000000078
:1047E0000000000000000000B5590400115404004E
:1047F0003155040009540400A95804004D57040021
:10480000000000000000000000000000115404003F
:104810000000000009540400000000000000000037
:104820000000000000000000E754040011540400E0
:104830000000000009540400000000004D5704006F
:104840000000000000000000000000000100030064
:104850000001030001010101010101020204020043
:10486000000202020303030303030304040404001D
:10487000000404048B580400000000007558040074
:104880000000000000000000395804000000000093
:104890004557040000000000875804000000000095
:1048A0000000000000000000B55904004557040056
:1048B0004D58040087580400A9580400E958040022
:1048C0000000000000000000455704000000000048
:1048D00000000000A95804000000000000000000D3
:1048E000435A0400455704004D58040000000000DE
:1048F000A9580400000000000000000000000000B3
:104900004557040000000000000000000000000007
:104910004D570400000000000000000001000300EB
:104920000001000101030101010202050300000270
:10493000020303030303030404050404040404053D
:1049400005050500050510001000000000003200FC
:10495000190011000D000A000500000096C298D849
:104960004539A1F4A033EB2D817D0377F240A46398
:10497000E5E6BCF847422CE1F2D1176BF551BF37A1
:104980006840B6CBCE5E316B5733CE2B169E0F7C74
:104990004AEBE78E9B7F1AFEE242E34F4B60D22741
:1049A0003E3CCE3BF6B053CCB0061D65BC86987637
:1049B00055BDEBB3E7933AAAD835C65A512563FCE7
:1049C000C2CAB9F3849E17A7ADFAE6BCFFFFFFFF8A
:1049D000FFFFFFFF00000000FFFFFFFFFFFFFFFFE3
:1049E000FFFFFFFFFFFFFFFF0000000000000000CF
:1049F0000000000001000000FFFFFFFF020405901F
:104A0000880002008000200000800000000000FFFD
:104A1000FFEFFF030000000424240A0E061C0A0E08
:104A2000080E100808080A10060806060606060CF6
:104A30000C06160E08080A06080E0E0E4626080674
:104A40000A060A24040A0C161006080404040404C6
:104A5000041A08081C08080808080A0000000000DA
:104A60003BF80400D3F70400C1F30400DDF30400B5
:104A700013F40400000000001BF40400E9F6040035
:104A800037F4040049F40400C5F6040079F4040086
:104A900091F4040095F4040099F4040097F60400DE
:104AA0009DF40400A9F4040091F60400C1F404008C
:104AB000ADF80400B5F80400BDF80400B9F704002F
:104AC000CFF70400C5F8040073F6040057F604009D
:104AD000C7F40400DFF40400E3F404009DF80400CC
:104AE00001F5040005F5040037F5040071F5040034
:104AF00039F604001BF6040075F5040079F504008E
:104B000089F50400A5F80400A9F5040000000000E0
:104B1000ADF50400AFF504009FF704005FF7040053
:104B200000000000CDF80400D3F50400CDF504002A
:104B3000CDF50400CDF50400CDF50400CDF504005D
:104B4000CDF504000BF70400E7F50400EBF50400D5
:104B500000000000EFF50400F3F50400F7F5040091
:104B6000FBF50400FFF5040003F6040089060500C8
:104B7000850605008506050087060500190705005E
:104B8000190705008506050087060500012A032888
:104B90000229002A00182A2B0118042A0028052AB5
:104BA000890905003D0A0500E90B0500050D050012
:104BB00000000000E9090500690B0500690B05000C
:104BC000690B0500C5080500690B0500C50805004F
:104BD000690B0500C5080500630A0500B90A050050
:104BE000C5080500000000000000000000000000F3
:104BF000C50805004D0E0500450F0500790E05009E
:104C000023130500790E05003B0F050095130500E1
:104C10003B0F0500790E05003D0F05000000000068
:104C2000A31705003D0F0500000000000000000074
:104C300000000000910F05009915050061150500A1
:104C400089060500091D0500591B0500951C050076
:104C5000CD1F0500C51D050025220500351E0500D8
:104C60000003050705030505050303050200000110
:104C7000000F000000131D121015010000010100BB
:104C8000213B05007D400500A13E0500F93E0500E1
:104C9000693F05001D400500193B0500593A050014
:104CA000C93A0500C14205005D3A0500CD3D050049
:104CB000F53D0500013E05002D3E0500853A050045
:104CC000AD3F0500713A05008D4605003D460500E3
:104CD000ED4605001547050025460500FF47050080
:104CE000FD47050001480500514605003D47050008
:104CF000294605009D580500A9490500694C050095
:104D0000E5480500FD480500294D0500C14D050099
:104D1000FD4D0500E9480500B14B05002D4B050090
:104D2000514C0500180028000000D00700000000CA
:104D300039490500102011219D5805009F58050094
:104D40000D4F0500B1520500B9520500455305004D
:104D5000D552050021540500D55205000155050026
:104D6000E9540500AD550500CF550500E95505008E
:104D700003560500495605005956050071560500B1
:104D800089560500011000000220000003220000E7
:104D900000000000010004110100000303020003F1
:104DA0000100010002000021020000230322002371
:104DB00002000200030004010300030003000004DA
:104DC00003050300040004000400000404010004BF
:104DD000040004009D5805000D5705007D5705008F
:104DE0009D5805009F5805009F58050007030303C1
:104DF0000303020404040404050505050507070769
:104E00000706060606060605050404070704070448
:104E10000405050404090909020200000B0B0B0735
:104E2000020002000A010B0C0C0D0D0D0D0D0D0DF5
:104E3000101010041111141414141414121213135A
:104E4000131307009D580500A55905009F5805003C
:104E50001D5B0500C15B0500E15B0500F55B05001E
:104E6000F95B0500095C0500155C0500855B050024
:104E7000ED5A05009D5805009F580500D95A0500B8
:104E8000C55A05007D5C0500B15A05006561050045
:104E900011620500196005003D61050031600500E3
:104EA0001D6005006962050015630500316305009A
:104EB000E162050035630500556205007164050077
:104EC000A56405000D6405009D5805009F58050068
:104ED0008166050069690500A9690500D1690500B9
:104EE000EB690500F16905006D6905008169050040
:104EF000256A050095690500A56B0500056B050091
:104F0000CD6B05000101000000000000000000085A
:104F10000207010003030005020400050008020760
:104F2000020000020200020000060200020003006C
:104F30000300000503020006000803020007071132
:104F40001102110B110811024111026C888391AA00
:104F5000F5A53860370BDB5A6083BE0062746C6560
:104F60000F710500E3820500F58205000B83050043
:104F7000D5710500F7710500FF7105004972050044
:104F80006D720500BD740500E17405000175050032
:104F9000E9740500F574050031750500F58B050011
:104FA000658C0500798C0500A58C05000D8D05002C
:104FB000658D0500C98D0500198E0500A18E0500BF
:104FC000D38E0500058F0500018F0500118F0500A8
:104FD000458F0500718F0500938F05003D84050006
:104FE0008583050081840500BB840500C18F050011
:104FF0003D9005007F900500859005008990050093
:10500000D99005004191050089910500FD840500B6
:10501000898505000186050071860500E186050089
:1050200055870500AB910500D59105003850070064
:10503000604F07002751070054510700CC5107006B
:10504000A8510700A2510700F6510700E8500700D9
:105050007E51070078510700695107006F51070022
:10506000845107001D520700D2510700DE5107008E
:10507000E4510700D8510700EA510700B151070079
:10508000B7510700F4500700065107000051070010
:10509000FA500700365107003C510700175207002D
:1050A0009C5107000F51070015510700C051070020
:1050B000C65107001B510700215107000E5207007F
:1050C000425107008D510700D0500700FC510700E6
:1050D00010000B0F250206240A01010C0A0001032F
:1050E000000107240000000013061B140B201511FB
:1050F0002800000019142C0000001C172F000000CD
:105100001C162E0000001C152D0D24090000000B9C
:105110001C050000000B1D060000000B200800000D
:10512000000B21140000000A000207000203000324
:105130000F25020000001C18300000001C1931006F
:1051400000000823160900020322001D00030D249D
:105150000900000001010F0A000103001006001100
:105160000700000F00000000001C091E0000001CCA
:105170000A1F0D240900000006081D000000060794
:105180001C00000016132B0D240900000006231735
:105190000C23180E000E032300000000041B040063
:1051A0000000040419000000110300121A0000009E
:1051B000001C122900000006132A0D24090000001B
:1051C000061E13000000061F070000000602120062
:1051D00000001C0D250000001C1027000000060E1A
:1051E00026000000060F240000001A0C231B132BBE
:1051F0000D240900000006051A0000000A0001073E
:1052000025000325000F250001250D0000000B22BD
:10521000150D2409000000062232000000060B21B3
:10522000170B22040C230000000000000F71050082
:105230004B7105007171050095710500D571050070
:10524000F7710500FF710500497205006D720500D8
:10525000BD740500E174050001750500E9740500E1
:10526000F574050031750500F58B0500658C0500AA
:10527000798C0500A58C05000D8D0500658D050058
:10528000C98D0500198E0500A18E0500D38E05007D
:105290009C5207002C520700045307001F530700BD
:1052A0004F53070055530700EC520700F252070016
:1052B0004353070049530700F8520700FE52070006
:1052C0006D5307001353070034530700D4520700EF
:1052D0005B53070010000B0F0D02060C0A01010CB6
:1052E0000A0001030001070C000000000B04050088
:1052F00000000B05060000000B08080000000B0969
:10530000140000000A00020700020300030F0D0250
:10531000000000080B16090002030A00000000014B
:10532000010F0A00010300100600110700000F0022
:1053300000000000060B170C0B180E000E030B00EC
:105340000000000606130000000607070000000624
:1053500002120000000403040000000A0001070D0F
:1053600000030D000F0D00010D0D0000000B0A15CC
:105370000D0C0900000000000F710500E38205001C
:10538000F5820500C57505000B83050035960500FF
:10539000AD710500E1950500D5710500F7710500B7
:1053A000FF710500497205006D720500BD740500AE
:1053B0003175050001750500E9740500F5740500F7
:1053C000E1740500B1920500D99205004D930500E6
:1053D000ED9305004D9605008D960500939605000A
:1053E000B39605008583050081840500BB84050014
:1053F000D5960500299705003F970500E59605001D
:10540000559705005997050097970500FB970500EC
:10541000059805007D980500C7980500DD980500F2
:10542000F59805008985050001860500718605004F
:10543000E186050055870500219905000F940500B8
:1054400031940500959405006D950500B59505000E
:105450000195050060540700785307006055070068
:105460008D550700005507001B550700DE55070046
:105470002C560700D855070039550700A8550700D6
:10548000AE550700A2550700B4550700C0550700E8
:10549000F355070002560700265607000856070076
:1054A000145607000E5607001A560700E755070066
:1054B000ED5507004D5607004555070057550700A5
:1054C000515507004B5507006F55070075550700EC
:1054D000745607007D560700565607005C560700B5
:1054E0006E560700625607006856070044560700CC
:1054F0007B550700C95507002155070032560700A4
:105500000A00010602140700020300010800010955
:1055100000010F01031F000100000002031500003D
:105520000010000F0F27020626120500100A0001C6
:10553000030001072600000000130717140C1B15B9
:10554000142500000019172B0000001C1A2E000063
:10555000001C192D0000001C182C0D260D00000049
:105560000A00020700020300040F27020000001CCB
:105570001B2F0000001C2430000000082534090007
:10558000020324001D00040D260D00000005011378
:105590000A00010602140700000300010F000000CA
:1055A00000001C0A1A0000001C0818000000060970
:1055B00019000000161529060B280D260D00000005
:1055C00016162A0D260D0000000625350C25360E70
:1055D000000E032500000000040407000000110570
:1055E00000121C000000001C1527000000061326F6
:1055F000000000060C1C1E0D1E170C1D040E0700DB
:105600000000040F200000001C10220000001C12EB
:10561000240000000611230000001A0E001B1529AB
:105620000D260D000000060F1F00000006060500F5
:1056300000000A00010727000327000F27000527A5
:10564000110000000B24330D260D00000006162A61
:105650000D260D0000000B1F090000000B200A00A2
:1056600000000B220C0000000B233200000006217A
:105670000B000000041D06061D16000000041E0895
:10568000061E3100000000000F7105004B7105007F
:1056900071710500C575050095710500AD710500B6
:1056A000D5710500F7710500FF710500497205000D
:1056B0006D720500BD740500E174050001750500FB
:1056C000E9740500F574050031750500B192050017
:1056D000D99205004D930500ED9305000F94050048
:1056E00031940500959405006D9505000195050020
:1056F000B595050000570700885607008D5707002D
:10570000A85707003C57070057570700D257070014
:10571000DB570700755707007B570700CC5707007A
:105720008157070087570700F65707009C57070067
:10573000BD5707005D570700E45707000A00010640
:1057400002120700020300010800010900010F0115
:10575000031F000100000002031300000010000DF1
:105760000F0E02060D0C05000E0A000103000107D2
:105770000D000000000B06070000000B07080000EA
:10578000000B090A0000000B0A160000000A0002C4
:105790000700020300040F0E02000000080C1809A5
:1057A0000002030B000000000501110A00010602BF
:1057B000120700000300010F00000000000C0C198C
:1057C000060C1A0E0010030C000000000608090069
:1057D0000000040405060414000000040506060584
:1057E000150000000A0001070E00030E000F0E0056
:1057F000050E0F0000000B0B170D0D0B0000000035
:105800000000000000000000000000000000000098
:1058100000000000963007772C610EEEBA5109990E
:1058200019C46D078FF46A7035A563E9A395649E6A
:105830003288DB0EA4B8DC791EE9D5E088D9D2978E
:105840002B4CB609BD7CB17E072DB8E7911DBF90EA
:105850006410B71DF220B06A4871B9F3DE41BE840E
:105860007DD4DA1AEBE4DD6D51B5D4F4C785D3836A
:1058700056986C13C0A86B647AF962FDECC9658A0E
:105880004F5C0114D96C0663633D0FFAF50D088D6A
:10589000C8206E3B5E10694CE44160D5727167A20E
:1058A000D1E4033C47D4044BFD850DD26BB50AA56A
:1058B000FAA8B5356C98B242D6C9BBDB40F9BCAC8E
:1058C000E36CD832755CDF45CF0DD6DC593DD1ABEA
:1058D000AC30D9263A00DE518051D7C81661D0BF0E
:1058E000B5F4B42123C4B3569995BACF0FA5BDB86A
:1058F0009EB802280888055FB2D90CC624E90BB10E
:10590000877C6F2F114C6858AB1D61C13D2D66B669
:105910009041DC760671DB01BC20D2982A10D5EFCD
:105920008985B1711FB5B606A5E4BF9F33D4B8E829
:10593000A2C9077834F9000F8EA8099618980EE1CD
:10594000BB0D6A7F2D3D6D08976C6491015C63E629
:10595000F4516B6B62616C1CD83065854E0062F24D
:10596000ED95066C7BA5011BC1F4088257C40FF5A9
:10597000C6D9B06550E9B712EAB8BE8B7C88B9FCCD
:10598000DF1DDD62492DDA15F37CD38C654CD4FB29
:105990005861B24DCE51B53A7400BCA3E230BBD4CD
:1059A00041A5DF4AD795D83D6DC4D1A4FBF4D6D329
:1059B0006AE96943FCD96E34468867ADD0B860DACD
:1059C000732D0444E51D03335F4C0AAAC97C0DDD29
:1059D0003C710550AA41022710100BBE86200CC94D
:1059E00025B56857B3856F2009D466B99FE461CEA9
:1059F0000EF9DE5E98C9D9292298D0B0B4A8D7C7CD
:105A0000173DB359810DB42E3B5CBDB7AD6CBAC028
:105A10002083B8EDB6B3BF9A0CE2B6039AD2B17444
:105A20003947D5EAAF77D29D1526DB048316DC73A0
:105A3000120B63E3843B64943E6A6D0DA85A6A7A44
:105A40000BCF0EE49DFF099327AE000AB19E077DA0
:105A500044930FF0D2A3088768F2011EFEC20669C4
:105A60005D5762F7CB67658071366C19E7066B6E20
:105A7000761BD4FEE02BD3895A7ADA10CC4ADD6744
:105A80006FDFB9F9F9EFBE8E43BEB717D58EB060A0
:105A9000E8A3D6D67E93D1A1C4C2D83852F2DF4F44
:105AA000F167BBD16757BCA6DD06B53F4B36B248A0
:105AB000DA2B0DD84C1B0AAFF64A0336607A044144
:105AC000C3EF60DF55DF67A8EF8E6E3179BE6946A0
:105AD0008CB361CB1A8366BCA0D26F2536E26852C4
:105AE00095770CCC03470BBBB91602222F26055520
:105AF000BE3BBAC5280BBDB2925AB42B046AB35C44
:105B0000A7FFD7C231CFD0B58B9ED92C1DAEDE5B9F
:105B1000B0C2649B26F263EC9CA36A750A936D0283
:105B2000A906099C3F360EEB8567077213570005DF
:105B3000824ABF95147AB8E2AE2BB17B381BB60C03
:105B40009B8ED2920DBED5E5B7EFDC7C21DFDB0B5F
:105B5000D4D2D38642E2D4F1F8B3DD686E83DA1F83
:105B6000CD16BE815B26B9F6E177B06F7747B718DF
:105B7000E65A0888706A0FFFCA3B06665C0B011183
:105B8000FF9E658F69AE62F8D3FF6B6145CF6C16DF
:105B900078E20AA0EED20DD75483044EC2B3033983
:105BA000612667A7F71660D04D476949DB776E3EDF
:105BB0004A6AD1AEDC5AD6D9660BDF40F03BD83703
:105BC00053AEBCA9C59EBBDE7FCFB247E9FFB5305F
:105BD0001CF2BDBD8AC2BACA3093B353A6A3B42483
:105BE0000536D0BA9306D7CD2957DE54BF67D923DF
:105BF0002E7A66B3B84A61C4021B685D942B6F2A83
:105C000037BE0BB4A18E0CC31BDF055A8DEF022DDE
:105C10006261642068616E646C6520746F20756ECB
:105C20006465726C79696E67207472616E73706FEF
:105C30007274002E2F6D6265642D6F732F636F6E0B
:105C40006E65637469766974792F4645415455527F
:105C5000455F424C452F736F757263652F636F729A
:105C600064696F2F6472697665722F436F7264691D
:105C70006F4843494472697665722E63707000659F
:105C80007272203D3D20424C455F4552524F525F5B
:105C90004E4F4E45005F746573745F656E645F6858
:105CA000616E646C6572000000000000000000007E
:105CB0000000000000000000E5FA020063A00500FB
:105CC000F9A0050059A005005DA005005FA0050032
:105CD000E5FA0200E5FA02002E2F6D6265642D6F71
:105CE000732F636F6E6E65637469766974792F467E
:105CF0004541545552455F424C452F736F75726351
:105D0000652F636F7264696F2F6472697665722F95
:105D1000436F7264696F4843495472616E73706F68
:105D200072744472697665722E637070002E2F6DE6
:105D30006265642D6F732F636F6E6E656374697631
:105D40006974792F464541545552455F424C452F61
:105D5000736F757263652F636F7264696F2F736FF2
:105D6000757263652F50616C4576656E745175650B
:105D70007565496D706C2E68006576656E745F623E
:105D8000756620213D206E756C6C707472002E2F2C
:105D90006D6265642D6F732F636F6E6E65637469DA
:105DA000766974792F464541545552455F424C45BA
:105DB0002F736F757263652F636F7264696F2F73D2
:105DC0006F757263652F424C45496E7374616E63E3
:105DD0006542617365496D706C2E637070005F6819
:105DE00063695F64726976657220213D206E756C0F
:105DF0006C70747200546F6F206D756368206D65F0
:105E00006D6F727920616C6C6F636174656420667C
:105E10006F7220436F7264696F206D656D6F727968
:105E200020706F6F6C2C20726564756365206275DD
:105E3000665F706F6F6C5F646573632E6275666614
:105E400065725F73697A652062792076616C756529
:105E50002062656C6F772E002E2F6D6265642D6F4A
:105E6000732F706C6174666F726D2F696E636C75E1
:105E700064652F706C6174666F726D2F43616C6C1A
:105E80006261636B2E6800626F6F6C282A746869A8
:105E90007329000000000000000000000DA40500B0
:105EA0000FA4050011A4050013A4050015A4050006
:105EB00017A4050019A405001BA405001DA40500D6
:105EC0001FA4050021A4050023A4050025A40500A6
:105ED000000000000000000053A4050099A4050084
:105EE00000000000000000004DA60500F7A5050019
:105EF0000000000000000000B5AD050045A405004D
:105F00002DAC050027A40500D9A8050031A4050083
:105F1000A5A8050021A9050091A50500C5A50500B6
:105F2000C1A70500CDAE050039A4050011A60500E6
:105F300039A60500000000000000000039AB050094
:105F400067656E657269632D636F7264696F002E99
:105F50002F6D6265642D6F732F636F6E6E65637452
:105F600069766974792F464541545552455F424CD4
:105F7000452F736F757263652F636F7264696F2F3E
:105F8000736F757263652F476174745365727665BC
:105F900072496D706C2E637070006C656E202B20E2
:105FA0006F6666736574203C3D2070417474722D79
:105FB0003E6D61784C656E006765745F76616C75E7
:105FC000655F68616E646C655F62795F636363647B
:105FD0005F68616E646C652861747472696275745F
:105FE0006548616E646C652C206368617248616EFF
:105FF000646C652900000000000000000000000043
:1060000089B305009DB305000000000000000000FA
:10601000D9A40500F1A40500000000000000000064
:10602000ADA40500C5A405000000000000000000AC
:1060300049B305005DB30500FFFFFFFF0000FFFF50
:10604000000000000000000055AF05002E2F6D621B
:1060500065642D6F732F706C6174666F726D2F693C
:106060006E636C7564652F706C6174666F726D2FF2
:106070005370616E2E6800636F756E74203E3D2014
:10608000300070747220213D204E554C4C207C7C99
:1060900020636F756E74203D3D20300000000000CD
:1060A00000000000ABB905002BBB050061B905007D
:1060B00063BB05000000000000000000A9B9050056
:1060C00039BB05006BB9050071B90500000000007F
:1060D00000000000A7B9050047BB05008DB9050009
:1060E00017BE05000000000000000000A5B9050073
:1060F00055BB050097B90500F5BD0500000000007F
:1061000000000000A1B90500A1B90500ADB9050066
:10611000C5B90500D5B90500F1B9050019BA0500E2
:1061200045BA050055BA050069BA05007DBA0500F3
:10613000A9BA0500BFBA0500D5BA0500F7BA05002F
:106140001BBB050031BC050015BC050035BD0500B5
:10615000A9BC0500C1C0050079C0050025C0050027
:10616000E5BF0500A5BF050065BF050011BF05001F
:10617000DDBC0500C3BE050003BD05007DBE0500F6
:1061800037BE0500000000000000000065C10500EA
:1061900013C4050025C1050029C105000000000049
:1061A00000000000F3C50500F3C5050053C6050057
:1061B00043C1050085C1050021C40500C5CB05000C
:1061C00021CC05002FC405009BC1050057C4050064
:1061D000A3C40500B3C105007DC40500BDC9050009
:1061E00043CA0500B7C40500CBC4050051C1050072
:1061F00055C10500CFC40500DFC40500EBC4050090
:1062000009C205007BC605006BC505003DC205003F
:10621000F5C4050059C105002DC5050039C50500A7
:106220004BC505005DC5050067C505007BC20500BF
:10623000C3C60500CDC10500EBC20500EFC20500D5
:10624000F9C2050011C3050029C3050077C3050085
:10625000B3C30500F9C1050067C10500C3C305004C
:1062600095C50500EFC30500C9C505005DC1050062
:1062700061C10500B1D00500E1C7050083C8050074
:10628000B7C80500F7C805003FC1050000000000C1
:106290000000000019D1050037D105002E2F6D62D6
:1062A00065642D6F732F636F6E6E656374697669B5
:1062B00074792F464541545552455F424C452F73E2
:1062C0006F757263652F636F7264696F2F736F757B
:1062D0007263652F50616C507269766174654164B8
:1062E0006472657373436F6E74726F6C6C65724920
:1062F0006D706C2E637070006D736700000000009D
:106300000000000055D105004DD105005FD105000A
:1063100059D205007BD1050095D10500A3D1050018
:10632000AFD10500C7D10500CBD1050025D20500AE
:1063300045D2050003D2050051D105002E2F6D6214
:1063400065642D6F732F636F6E6E65637469766914
:1063500074792F464541545552455F424C452F7341
:106360006F757263652F636F7264696F2F736F75DA
:106370007263652F50616C53656375726974794DF2
:10638000616E61676572496D706C2E63707000009C
:10639000000000000000000041D305004FDA0500B6
:1063A00059DA05002BD505004DD505006FD5050040
:1063B000EBD2050009D3050059D30500F1D2050041
:1063C00019D3050069D30500B1D3050079D30500C1
:1063D000F5D2050009D40500F5D305002BD405003E
:1063E0004BD405005BD405008DD40500FDD4050019
:1063F0007FD50500F9D205008DD50500F1D5050042
:10640000A5D50500B5D50500C5D50500D5D5050030
:1064100039D305003DD30500030400022E2F6D6221
:1064200065642D6F732F636F6E6E65637469766933
:1064300074792F464541545552455F424C452F7360
:106440006F757263652F67656E657269632F47614B
:1064500070496D706C2E637070005F7363616E5F66
:106460007374617465203D3D205363616E537461A4
:1064700074653A3A70656E64696E675F7363616EE6
:10648000004576656E742068616E646C657220727A
:106490006571756972656420696620636F6E6E65EB
:1064A0006374696F6E20706172616D7320617265D3
:1064B00020757365722068616E646C65640000000D
:1064C000000000000000000047310600000000004E
:1064D00000000000E1E80500F5E8050019DF05000F
:1064E00091D1020085D0020037DF050091D1020072
:1064F00085D00200131512101B00000000000000E0
:1065000000000000C5DD0500E9DD0500C5DD050072
:10651000F7F1050001DE050099F205004DDE0500EA
:10652000D1E1050061EC0500AFDE0500D3DE05001A
:10653000CFEC0500C1EE05004DF0050065DE05005D
:106540007BE30500D9E305002FF005003DF00500D1
:10655000F8FFFFFF0000000035F0050043F00500E4
:1065600085DF050091D1020085D00200BBEE050059
:1065700091D1020085D002004BED050091D10200BF
:1065800085D0020045ED050091D1020085D00200C2
:10659000B5EE050091D1020085D0020097DE05001E
:1065A00091D1020085D0020081DE050091D1020068
:1065B00085D002002BE2050091D1020085D00200B7
:1065C000000000000000000005A505001DA5050055
:1065D000000000000000000031A505007DA50500B9
:1065E00009F3050091D1020085D0020025F30500D2
:1065F00091D1020085D002000000000000000000E0
:10660000E7F20500EBF205007FF50500FCFFFFFF58
:1066100000000000F7F20500A5F5050000000000ED
:1066200000000000F9F50500FBF50500CBF50500BD
:106630000000000000000000ADF505001FF7050098
:106640002E2F6D6265642D6F732F636F6E6E6563A1
:106650007469766974792F464541545552455F42B5
:106660004C452F736F757263652F67656E65726930
:10667000632F53656375726974794D616E616765E7
:1066800072496D706C2E637070005F646200000070
:1066900067F8050091D1020085D0020081F805005D
:1066A00091D1020085D002009BF8050091D1020033
:1066B00085D002000000000000000000CF020600AC
:1066C00069FD05008FF90500B1FD0500DDF7050046
:1066D00029080600A5010600DFF70500A9F9050055
:1066E00025FA0500EDF9050007FA0500C9030600C3
:1066F00031030600EBF7050081FA0500EDFA05000D
:1067000045FB050085FB0500CDFB05000DFC0500E4
:1067100025FD050055FC0500B508060031090600F9
:1067200041FA05004301060019F805005904060066
:10673000B1FF0500FCFFFFFF00000000210506007F
:10674000F9FF0500F8FFFFFF0000000079FA0500DF
:106750009D01060049F80500790A060091D1020062
:1067600085D00200950A060091D1020085D0020072
:1067700000000000000000002D0A06002D0A06009F
:106780008D09060095090600F30A0600350A060081
:10679000230B0600490B06009D090600AB09060005
:1067A000B3090600C7090600D7090600DF0906007D
:1067B000EF090600FF0906000F0A0600250A060079
:1067C000D70A0600BB0A06008509060089090600EB
:1067D0002E2F6D6265642D6F732F636F6E6E656310
:1067E0007469766974792F647269766572732F6241
:1067F0006C652F464541545552455F424C452F54D8
:1068000041524745545F4E4F524449432F544152E1
:106810004745545F4E4F524449435F434F524449AA
:106820004F2F5441524745545F4E524635782F4EB4
:106830005246436F7264696F484349447269766592
:10684000722E6370700028616464726573735B35C7
:106850005D2026203078433029203D3D203078438C
:1068600030005F737461636B5F627566666572208A
:10687000213D204E554C4C0014009600E803F401D5
:10688000FFFFFFFF5F00032309000000000000007E
:1068900003040002400000000000040000020504A0
:1068A00004000001000000000000000000000000E3
:1068B000000010270101010100000000000000009D
:1068C000610D0600E10D0600FD0B06001B0C060025
:1068D000F9A00500310C06005DA005005FA00500D1
:1068E000610C0600190C06001000180020001400AE
:1068F00040000800800008001401080000000000AB
:1069000000000000A10E0600A50E0600A30E060062
:10691000A30E0600B30E06002E2F6D6265642D6F68
:10692000732F706C6174666F726D2F696E636C7516
:1069300064652F706C6174666F726D2F53696E673A
:106940006C65746F6E5074722E680070203D3D202F
:106950007265696E746572707265745F6361737479
:106960003C54202A3E28265F6461746129002E2F42
:106970006D6265642D6F732F746172676574732F18
:106980005441524745545F4E4F524449432F54415E
:10699000524745545F4E524635782F6770696F5F96
:1069A0006F626A6563742E680000000000000000DA
:1069B00000000000BF2B0600CF2B0600F5290600C3
:1069C000152A0600000000006410B71DC8206E3BA9
:1069D000AC30D9269041DC76F4516B6B5861B24DE6
:1069E0003C7105502083B8ED44930FF0E8A3D6D650
:1069F0008CB361CBB0C2649BD4D2D38678E20AA0B8
:106A00001CF2BDBD2E2F6D6265642D6F732F6472F5
:106A100069766572732F736F757263652F53657234
:106A200069616C426173652E637070005F7374619D
:106A30007469635F70696E6D6170203D3D204E55D5
:106A40004C4C00000000000000000000B72C0600C5
:106A5000B72C0600752F0600E92F06000000000085
:106A600000000000473106000000000000000000A8
:106A700071320600000000000000000071320600C4
:106A80000000000000000000E5FA02000000000025
:106A900000000000B72C0600B72C060005350600E4
:106AA000213506003D35060089350600853406008F
:106AB000913406009D340600A5340600DF3406003C
:106AC000F1340600AD34060004FFFFFF00000000B3
:106AD0001935060037350600AF350600813506004A
:106AE0008B340600A934060081340600A134060068
:106AF000C9260600D326060097340600E3F60200F6
:106B0000E9F60200F5F60200E9340600FB3406005F
:106B1000D734060009F702002E2F6D6265642D6FD1
:106B2000732F647269766572732F7573622F736F3A
:106B3000757263652F4173796E634F702E63707049
:106B4000005F6C697374203D3D204E554C4C005FD6
:106B500077616974203D3D204E554C4C000000008B
:106B60000000000000000000000000000000000025
:106B7000E5FA0200053606002E2F6D6265642D6F62
:106B8000732F647269766572732F7573622F736FDA
:106B9000757263652F5553424465766963652E634C
:106BA0007070005F6C6F636B6564203E2030005432
:106BB000686520656E64706F696E74206973206EFD
:106BC0006F7420696E64657861626C652E005F7415
:106BD00072616E736665722E757365725F63616C48
:106BE0006C6261636B203D3D205265717565737405
:106BF00058666572446F6E6500446576696365200A
:106C000073746174652069732022506F77657265B3
:106C10006422206F72202244657461636865642277
:106C20000054686520737461636B20697320776119
:106C30006974696E67206F6E2061207573657220BC
:106C400063616C6C6261636B20666F72207468654F
:106C50002062756666657220746F2066696C6C20B0
:106C60006F72207374617475732E005F7472616E3D
:106C7000736665722E757365725F63616C6C6261B9
:106C8000636B203D3D20536574436F6E6669677585
:106C9000726174696F6E005F7472616E73666572A3
:106CA0002E757365725F63616C6C6261636B203D0E
:106CB0003D20536574496E74657266616365005F5B
:106CC0007472616E736665722E757365725F63614F
:106CD0006C6C6261636B203D3D205265717565731C
:106CE00074002128696E666F2D3E666C61677320A3
:106CF0002620454E44504F494E545F454E41424C2C
:106D0000454429006D61785F7061636B65745F73E2
:106D1000697A65203C3D20313032340021636F6E4A
:106D2000666967757265642829005468652073690F
:106D30007A65206F662074686520646174612074D0
:106D40006F2072656164206973206C6573732074B1
:106D500068616E20746865206D6178207061636B76
:106D600065742073697A6520666F72207468697330
:106D700020656E64706F696E742E005468652065BE
:106D80006E64706F696E74206973206E6F74206911
:106D90006E64657861626C650053697A652062652E
:106DA000696E67207772697474656E2069732074E8
:106DB0006F6F206C617267652E00215F696E697468
:106DC00069616C697A6564000000000000000000E1
:106DD0000000000000000000934B06007540060014
:106DE000793D0600693E0600794C060079390600B7
:106DF0007B390600D53A0600D53A0600113A06005E
:106E000081390600E5FA0200E1390600E939060099
:106E1000093A0600F1390600F9390600013A060080
:106E2000E5E90200E9E90200EBE902007739060032
:106E3000E5FA0200E5FA0200E5FA0200E5FA0200CE
:106E4000E5FA0200A93A0600313A0600893A06003E
:106E5000040309041603300031003200330034000B
:106E6000350036003700380039001603550053004E
:106E70004200200044004500560049004300450000
:106E8000080355005300420012036D0062006500C4
:106E900064002E006F0072006700060330003100AE
:106EA000A86E0700C064012055EC06005DEC0600EA
:106EB0009DEC0600ADEC060069EC060075EC0600E2
:106EC00059EC06004DEC0600010000002E2F6D620B
:106ED00065642D6F732F68616C2F736F75726365B6
:106EE0002F6D6265645F7469636B65725F61706961
:106EF0002E63006D617463685F7469636B20213D6C
:106F00002071756575652D3E7469636B5F6C617387
:106F1000745F72656164005469636B6572206672A8
:106F2000657175656E6379206973207A65726F008B
:106F30005469636B6572206E756D626572206F6651
:106F400020626974206973206772656174657220BC
:106F50007468616E203332206F72206C6573732009
:106F60007468616E2034206269747300746F070066
:106F7000006501204952060081B70600DDB7060012
:106F8000EDB7060091B70600CDB7060039520600EE
:106F9000DDB606000000000064656661756C740073
:106FA00000000000000000000553060069530600C1
:106FB00000000000000000000000000000000000D1
:106FC000E5FA0200E5FA0200E5FA0200E5FA02003D
:106FD00081340600F1530600C9260600D3260600B8
:106FE000F5530600E3F60200E9F60200F5F60200AA
:106FF000F9F60200FFF6020005F7020009F70200A9
:107000002F002E2F6D6265642D6F732F706C61746D
:10701000666F726D2F736F757263652F46696C654D
:10702000506174682E637070006C656E20213D2085
:107030003000772B0053747265616D206F626A2097
:107040006661696C75726500000000000000000058
:107050000000000000000000E5FA0200E5FA02006E
:10706000E5FA0200E5FA020081340600F153060059
:10707000C9260600D3260600F5530600E3F60200F3
:10708000E9F60200F5F60200F9F60200FFF602004A
:1070900005F7020009F70200FCFFFFFF00000000F7
:1070A00000000000000000000000000000000000E0
:1070B000000000000000000003550600D354060045
:1070C00035550600CF540600CF540600CF540600B5
:1070D000CF54060039550600CF540600E3F60200EF
:1070E000E9F60200F5F60200F9F60200FFF60200EA
:1070F00005F7020009F70200E5FA0200E5FA0200CE
:107100000BF702000DF70200FCFFFFFF000000007C
:1071100000000000000000002E2F6D6265642D6FDE
:10712000732F706C6174666F726D2F736F757263FD
:10713000652F53797354696D65722E6370700021E9
:107140005F7469636B696E6700215F7469636B6963
:107150006E6720262620215F77616B655F74696DFD
:10716000655F73657400000000000000000000000F
:10717000295806000A52252D34643A202530386CEF
:1071800058000A53502020203A202530386C580AE5
:107190004C522020203A202530386C580A50432089
:1071A00020203A202530386C580A78505352203A23
:1071B000202530386C580A50535020203A20253072
:1071C000386C580A4D535020203A202530386C58DE
:1071D000000A43505549443A202530386C58000A7B
:1071E00048465352203A202530386C580A4D4D46B7
:1071F00053523A202530386C580A42465352203AAE
:10720000202530386C580A55465352203A202530F4
:10721000386C580A44465352203A202530386C586E
:107220000A41465352203A202530386C58000A4D06
:107230004D4641523A202530386C58000A424641AA
:1072400052203A202530386C58000A4D6F64652072
:107250003A20546872656164000A50726976203A77
:107260002055736572000A50726976203A20507278
:107270006976696C65676564000A4D6F6465203ADC
:107280002048616E646C6572000A537461636B3AE6
:1072900020505350000A537461636B3A204D535091
:1072A000000A2B2B204D6265644F53204661756C9C
:1072B000742048616E646C6572202B2B0A0A46614B
:1072C000756C74547970653A20004D656D4D616E32
:1072D0006167654661756C74004275734661756CD3
:1072E000740055736167654661756C74004861721E
:1072F000644661756C74000A0A436F6E7465787435
:107300003A000A0A2D2D204D6265644F53204661D4
:10731000756C742048616E646C6572202D2D0A0AAC
:10732000004661756C7420657863657074696F6E72
:10733000002E2E2E0A002E2F6D6265642D6F732F86
:10734000706C6174666F726D2F736F757263652FE9
:107350006D6265645F637269746963616C2E63005A
:10736000637269746963616C5F73656374696F6E7E
:107370005F7265656E7472616E63795F636F756E5F
:10738000746572203C2055494E5433325F4D41584C
:10739000003C756E6E616D65643E00203C68616EF8
:1073A000646C65723E000A0A2B2B204D6265644FA7
:1073B00053204572726F7220496E666F202B2B0A24
:1073C0004572726F72205374617475733A2030780D
:1073D000255820436F64653A202564204D6F6475FD
:1073E0006C653A2025640A4572726F72204D657390
:1073F000736167653A20004B65726E656C2045725B
:10740000726F723A203078256C582C2000546872C4
:107410006561643A203078256C582C20004D7574D5
:1074200065783A203078256C582C200053656D61C2
:1074300070686F72653A203078256C582C20004DAA
:10744000656D6F7279506F6F6C3A203078256C588B
:107450002C20004576656E74466C6167733A203067
:1074600078256C582C200054696D65723A2030786C
:10747000256C582C20004D657373616765517565E7
:1074800075653A203078256C582C2000417373655F
:107490007274696F6E206661696C65643A20000AD7
:1074A0004C6F636174696F6E3A203078256C5800B8
:1074B0000A46696C653A20002B2564000A45727201
:1074C0006F722056616C75653A203078256C5800D3
:1074D0000A43757272656E74205468726561643A0D
:1074E00020257325732049643A203078256C582074
:1074F000456E7472793A203078256C582053746147
:10750000636B53697A653A203078256C5820537440
:1075100061636B4D656D3A203078256C582053506F
:107520003A203078256C5820000A466F72206D6F23
:10753000726520696E666F2C2076697369743A20D3
:1075400068747470733A2F2F6D6265642E636F6D6B
:107550002F732F6572726F723F6572726F723D305A
:107560007825303858266F737665723D256C642611
:10757000636F72653D30782530386C5826636F6DC7
:10758000703D2564267665723D256C75267467749A
:107590003D41524455494E4F5F4E414E4F33334269
:1075A0004C45000A2D2D204D6265644F53204572D5
:1075B000726F7220496E666F202D2D0A004465653A
:1075C00070536C6565704C6F636B206F7665726687
:1075D0006C6F7720283E2030784646464629004486
:1075E000656570536C6565704C6F636B20756E6478
:1075F0006572666C6F7720283C203029002E2F6D35
:107600006265642D6F732F706C6174666F726D2F7D
:10761000736F757263652F6D6265645F7265746107
:10762000726765742E6370700028677561726420DC
:1076300026204358415F47554152445F4D41534BCB
:1076400029203D3D20300028677561726420262086
:107650004358415F47554152445F4D41534B2920A8
:107660003D3D204358415F47554152445F494E4993
:10767000545F494E5F50524F475245535300457235
:10768000726F72202D2077726974696E6720746F33
:1076900020612066696C6520696E20616E20495307
:1076A00052206F7220637269746963616C20736524
:1076B0006374696F6E0D0A000D004572726F72205F
:1076C0002D2072656164696E672066726F6D20613E
:1076D0002066696C6520696E20616E2049535220D6
:1076E0006F7220637269746963616C20736563747F
:1076F000696F6E0D0A004F70657261746F72206E53
:107700006577206F7574206F66206D656D6F727977
:107710000D0A004F70657261746F72206E65775B41
:107720005D206F7574206F66206D656D6F72790DC9
:107730000A0000000000000000000000B162060026
:107740002D63060039630600D96206009D620600BB
:10775000AD62060081340600A9620600C926060053
:10776000D3260600A3620600E3F60200E9F6020053
:10777000F5F60200F9F60200FFF60200FD620600CF
:1077800009F70200000000002300000000000000D4
:107790002A00000000000000010000002F73746444
:1077A000657272002F737464696E002F7374646F56
:1077B0007574002E2F6D6265642D6F732F706C6170
:1077C00074666F726D2F736F757263652F6D62656E
:1077D000645F73746174732E6300737461747320D7
:1077E000213D204E554C4C002E2F6D6265642D6F4F
:1077F000732F72746F732F736F757263652F457675
:10780000656E74466C6167732E637070005F6964A7
:10781000006170706C69636174696F6E5F756E6E24
:10782000616D65645F6576656E745F666C616773D4
:10783000006170706C69636174696F6E5F756E6E04
:10784000616D65645F6D75746578002E2F6D62657E
:10785000642D6F732F72746F732F736F75726365FE
:107860002F4D757465782E637070005F6964207C9D
:107870007C206D6265645F6765745F6572726F72AC
:107880005F696E5F70726F67726573732829004D50
:1078900075746578206C6F636B206661696C6564D4
:1078A000004D7574657820756E6C6F636B20666132
:1078B000696C6564002E2F6D6265642D6F732F7285
:1078C000746F732F736F757263652F53656D61707D
:1078D000686F72652E637070005F696420213D20BF
:1078E0006E756C6C7074720053656D6170686F7248
:1078F000652061637175697265206661696C656494
:10790000002E2F6D6265642D6F732F72746F732F4D
:10791000736F757263652F5468697354687265611B
:10792000642E6370700028666C616773203D3D2093
:107930006F73466C6167734572726F7254696D65DF
:107940006F75742026262072656C5F74696D6520E2
:10795000213D20776169745F666F725F7533325FB6
:10796000666F726576657229207C7C2028666C6162
:107970006773203D3D206F73466C6167734572727B
:107980006F725265736F757263652026262072656B
:107990006C5F74696D65203D3D2072656C5F746934
:1079A0006D652E7A65726F2829290073746174756C
:1079B00073203D3D206F734F4B006170706C6963A5
:1079C0006174696F6E5F756E6E616D65645F74681A
:1079D000726561640000000000000000000000000B
:1079E000E96E0600256F0600464C41534849415058
:1079F0000042617365206164647265737320616E17
:107A0000642073697A65206E65656420746F2062F6
:107A1000652073657420696E20666C6173686961A6
:107A2000702D626C6F636B2D64657669636520638E
:107A30006F6E66696775726174696F6E20696E201A
:107A40006F7264657220746F20757365206465665B
:107A500061756C7420636F6E7374727563746F728A
:107A6000000000000000000000000000D5720600C9
:107A7000E9720600D5710600AB7206005B6F060066
:107A8000117006004D700600897006005F6F0600D9
:107A9000636F0600BF700600477106005F71060045
:107AA000D5700600696F060079710600EB7006005C
:107AB000796F0600716F06002E2F6D6265642D6F61
:107AC000732F73746F726167652F626C6F636B6481
:107AD00065766963652F736F757263652F4275668E
:107AE0006665726564426C6F636B44657669636555
:107AF0002E637070005F77726974655F636163689D
:107B000065202626205F726561645F627566005F8E
:107B10006264005F77726974655F636163686500C2
:107B20000000000000000000397606004D760600D7
:107B3000B9760600E575060081770600D573060064
:107B400075780600B9770600177806009F7306005F
:107B50009F730600BD750600D1750600A57306006B
:107B6000B973060079710600EB7006003D730600DC
:107B7000CB730600202A2F3F3A3B227C3C3E5C0020
:107B80002E2F6D6265642D6F732F73746F72616732
:107B9000652F6B7673746F72652F6B765F636F6E94
:107BA0006669672F736F757263652F6B765F636F9E
:107BB0006E6669672E63707000637572725F6164D0
:107BC0006472203E3D2066697273745F77727462DE
:107BD0006C5F736563746F725F61646472006B766F
:107BE000002E2F6D6265642D6F732F73746F726139
:107BF00067652F6B7673746F72652F74646273742C
:107C00006F72652F736F757263652F54444253749E
:107C10006F72652E637070005F776F726B5F627555
:107C20006620213D206E756C6C707472005F776FFA
:107C3000726B5F6275665F73697A6520213D2030E3
:107C4000005F617265615F706172616D735B305D71
:107C50002E73697A65203D3D205F617265615F70BA
:107C60006172616D735B315D2E73697A6500544496
:107C70004253005F62642D3E73697A652829203E75
:107C80003D2028616C69676E5F75702852455345C9
:107C9000525645445F415245415F53495A45202B56
:107CA0002073697A656F662872657365727665649C
:107CB0005F747261696C65725F74292C205F7072E9
:107CC0006F675F73697A6529202B207265636F7215
:107CD000645F73697A65286D61737465725F72653C
:107CE000635F6B65792C2073697A656F66286D61B7
:107CF000737465725F7265636F72645F64617461EF
:107D00005F742929290054444253544F52453A2064
:107D1000556E61626C6520746F20726561642072BB
:107D200065636F726420617420696E6974005444E5
:107D30004253544F52453A20556E61626C6520742F
:107D40006F207772697465206D617374657220723B
:107D500065636F726420617420696E69740000004D
:107D60000000000000000000298206004D8206008D
:107D7000CD940600D7810600398D06007981060072
:107D8000CD88060061890600C1810600E1920600E7
:107D9000B18F06000D910600A18206006D870600D6
:107DA0006182060051900600658C0600FFFF00000E
:107DB000FFFFFFFFFFFF0000FFFFFFFF2E2F6D62A1
:107DC00065642D6F732F746172676574732F5441EE
:107DD000524745545F4E4F524449432F54415247F6
:107DE00045545F4E524635782F5441524745545FB3
:107DF0004E524635322F5441524745545F4D4355FC
:107E00005F4E524635323834302F555342506879E0
:107E10005F4E6F726469632E6370700072657420C8
:107E20003D3D204E52465F5355434345535300005A
:107E30000000000000000000639706009597060010
:107E400025990600B598060065970600F19806008A
:107E5000A39706007B970600C39706007D97060050
:107E600083970600899706007B9706008D9706008A
:107E7000859C0600AF9C0600C59906003198060057
:107E8000499A06003D980600419806006198060050
:107E90007F98060085980600C79706003798060069
:107EA000F7970600AD9806006D9B060000060000DF
:107EB000310000003C0000003C0000003C000000DD
:107EC0003C0000003C0000003C0000003C000000C2
:107ED00032000000300000003000000030000000E0
:107EE00030000000300000003000000030000000D2
:107EF000319D06002E2F6D6265642D6F732F7461A6
:107F000072676574732F5441524745545F4E4F5208
:107F10004449432F5441524745545F4E52463578A9
:107F20002F5441524745545F4E524635322F6770A9
:107F3000696F5F6170692E63002875696E743332F2
:107F40005F742970696E203C204750494F5F50494B
:107F50004E5F434F554E54002E2F6D6265642D6F5A
:107F6000732F746172676574732F5441524745547F
:107F70005F4E4F524449432F5441524745545F4E40
:107F8000524635782F5441524745545F4E5246353C
:107F9000322F6932635F6170692E6300696E73749A
:107FA000616E6365203C204E5246585F5457495FCE
:107FB000454E41424C45445F434F554E54000000EE
:107FC00000300040000000000040004001000000C0
:107FD0000030004000400040003000400000000041
:107FE00000400040010000002E2F6D6265642D6F7F
:107FF000732F746172676574732F544152474554EF
:108000005F4E4F524449432F5441524745545F4EAF
:10801000524635782F5441524745545F4E524635AB
:10802000322F73657269616C5F6170692E63006FD6
:10803000626A00646174615F62697473203D3D200F
:10804000380028706172697479203D3D205061725A
:108050006974794E6F6E6529207C7C20287061726E
:10806000697479203D3D2050617269747945766567
:108070006E290073746F705F62697473203D3D20D8
:10808000310001010100000000200040008002409A
:1080900040420F002000000000100000040000001B
:1080A0000100000041B8060065B8060075B806007A
:1080B00085B80600D9B806004DB8060051B80600CC
:1080C00055B806000000FFFFDEC0ADDEFE011EF168
:1080D000DEC0ADDEFF011EF102030405060708093C
:1080E0000B0008010C011001140118011C012001F2
:1080F00024012C010C0D0E0F10111213140030016D
:10810000340138013C014001440148014C01500157
:10811000C9C406008DC606005DC6060015C7060068
:108120000FC7060009C7060003C70600FDC6060004
:10813000F7C60600F1C606004DC50600ADC906002B
:1081400019CF060019C9060013C906000DC906009B
:1081500007C9060001C90600FBC80600F5C80600ED
:1081600065C9060021C9060069C50600E1D0060000
:1081700005CA0600A5E10600B5E10600E9E606002D
:10818000F9E6060000800000180000000000202032
:1081900020202020202020282828282820202020B7
:1081A0002020202020202020202020202020881077
:1081B00010101010101010101010101010100404D7
:1081C00004040404040404041010101010101041DE
:1081D000414141414101010101010101010101014F
:1081E00001010101010101010110101010101042E4
:1081F000424242424202020202020202020202021F
:1082000002020202020202020210101010200000FC
:10821000000000000000000000000000000000005E
:10822000000000000000000000000000000000004E
:10823000000000000000000000000000000000003E
:10824000000000000000000000000000000000002E
:10825000000000000000000000000000000000001E
:10826000000000000000000000000000000000000E
:1082700000000000000000000000000000000000FE
:1082800000000000000000000000000000000000EE
:1082900000000000000000000000000000000000DE
:1082A00000000000000000000000000000000000CE
:1082B00000000000000000000000000000000000BE
:1082C00000000000000000000000000000000000AE
:1082D000000000000000000000000000000000009E
:1082E000000000000000000000000000000000008E
:1082F00020650020494E46004E414E003031323359
:1083000034353637383941424344454600303132FE
:108310003334353637383961626364656600496ED7
:1083200066696E697479004E614E00504F5349582A
:1083300000000000000000000080E03779C34143E6
:10834000176E05B5B5B89346F5F93FE9034F384DBB
:10835000321D30F94877825A3CBF737FDD4F157567
:10836000000000000000F03F00000000000024407A
:1083700000000000000059400000000000408F4055
:10838000000000000088C34000000000006AF840C0
:108390000000000080842E4100000000D0126341E4
:1083A0000000000084D797410000000065CDCD415A
:1083B000000000205FA00242000000E8764837423B
:1083C000000000A2941A6D42000040E59C30A242D9
:1083D0000000901EC4BCD64200003426F56B0C434E
:1083E0000080E03779C3414300A0D88557347643F5
:1083F00000C84E676DC1AB43003D9160E458E14356
:10840000408CB5781DAF154450EFE2D6E41A4B44CA
:1084100092D54D06CFF08044F64AE1C7022DB5440F
:10842000B49DD9794378EA440500000019000000A2
:108430007D000000232D302B2000686C4C00656609
:0C844000674546470000000000000000F7
:08844C00F4ECFA7F01000000CE
:108454000000000000800E45000000000000000045
:10846400000000000000008702000000000000007F
:1084740000000000000000000300000000000000F5
:1084840000000000000000001C00000000000000CC
:1084940000000000000000001D00000000000000BB
:1084A40000000000000000000400000000000000C4
:1084B40000000000000000000500000000000000B3
:1084C40000000000000000002B000000000000007D
:1084D40000000000000000002C000000000000006C
:1084E40000000000000000002D000000000000005B
:1084F40000000000000000002E000000000000004A
:1085040000000000000000002F0000000000000038
:1085140000000000000000001A000000000000003D
:1085240000000000000000001E0000000000000029
:108534000000000000000000060000000000000031
:1085440000000000000000002800000000000000FF
:1085540000000000000000001B00000000000000FC
:108564000000000000000000070000000000000000
:1085740000000000000000000B00000000000000EC
:1085840000000000000000002A00000000000000BD
:1085940000000000000000002000000000000000B7
:1085A40000000000000000001000000000000000B7
:1085B40000000000000000000D00000000000000AA
:1085C4000000000000000000110000000000000096
:1085D4000000000000000000150000000000000082
:1085E400000000000000000019000000000000006E
:1085F4000000000000000000140000000000000063
:10860400000000000000000018000000000000004E
:108614000000000000000000160000000000000040
:10862400000000000000000017000000000000002F
:10863400000000000000000009000000000000002D
:1086440000000000000000000A000000000000001C
:1086540000000000000000000E0000000000000008
:1086640000000000000000001F00000000000000E7
:108674000000000000000000C53A0700D3B3FB026D
:1086840000000000000000000000000000000000E6
:1086940000000000000000000000000000000000D6
:1086A40000000000000000000000000000000000C6
:1086B40000000000000000000000000000000000B6
:1086C40000000000000000000000000000000000A6
:1086D4000000000000000000000000000000000096
:1086E4000000000000000000000000000000000086
:1086F4000000000000000000000000000000000076
:108704000000000000000000000000000000000065
:10871400000000000000000000000000ED2703003E
:108724007012012000000000780E01203313490567
:1087340015CD5B07E5559A15B53B121FA9CA040070
:10874400FF06000000000000FB349B5F80000080F7
:108754000010000000000000000000009923050044
:108764002D24050095290500D52A05005525050069
:10877400992805002D2D0500512E0500E132050034
:10878400E1320500ED330500453505000000000029
:1087940000000000291D050035260500000000002A
:1087A4000F00000017001E045063002060630020C7
:1087B400F4010000030710010000000000FA0000AB
:1087C40000FA000002000000E04D0700E04D070041
:1087D400E04D0700E04D0700E04D0700E04D0700C5
:1087E400E04D0700D44D0700E04D0700E04D0700C1
:1087F400E04D0700E04D0700E04D0700E04D0700A5
:10880400E04D0700E04D0700E04D0700E04D070094
:10881400E04D0700E04D0700E04D070001000000B7
:108824008DDA0500946207003C5F070004630700CB
:10883400000000000000000004690700010000FBC4
:1088440000FB00004351060043510600FFFFFFFFF9
:10885400FFFFFFFFFFFFFFFF00000000000000001C
:108864000000000000000000000000000000000004
:1088740000000000000000000000000000000000F4
:1088840000000000000000000000000000000000E4
:1088940000000000000000000000000000000000D4
:1088A40000000000000000000000000000000000C4
:1088B40000000000000000000000000000000000B4
:1088C40000000000000000000000000000000000A4
:1088D4000000000000000000000000000000000094
:1088E4000000000000000000000000000000000084
:1088F4000000000000000000000000000000000074
:108904000000000000000000000000000000000063
:108914000000000000000000000000000000000053
:108924000000000000000000000000000000000043
:108934000000000000000000000000000000000033
:10894400000000000000000000000000C8700120CA
:108954000090D0030101010001000000FFFFFFFFB0
:10896400FFFFFFFFFFFFFFFFFF0100002065002066
:1089740000000000B0820700D08207009082070048
:1089840000000000000000000000000000000000E3
:1089940000000000000000000000000000000000D3
:1089A40000000000000000000000000000000000C3
:1089B40000000000000000000000000000000000B3
:1089C40000000000000000000000000000000000A3
:1089D4004300000000000000000000000000000050
:1089E4000000000000000000000000000000000083
:1089F4004300000000000000000000000000000030
:108A04000000000000000000000000000000000062
:108A1400430000000000000000000000000000000F
:108A24000000000000000000000000000000000042
:108A340043000000000000000000000000000000EF
:108A44000000000000000000000000000000000022
:108A540043000000000000000000000000000000CF
:108A64000000000000000000000000000000000002
:108A740043000000000000000000000000000000AF
:108A840000000000000000000000000000000000E2
:108A9400430000000000000000000000000000008F
:108AA40000000000000000000000000000000000C2
:108AB4002529070089200700000000008D81070098
:108AC4009B2F070020730700207307002073070003
:108AD400207307002073070020730700207307002A
:108AE4002073070020730700FFFFFFFFFFFFFFFF56
:108AF400FFFFFFFFFFFF000001004153434949000E
:108B04000000000000000000000000000000000061
:108B140000000000000000000000415343494900E8
:108B24000000000000000000000000000000000041
:108B34000000000000000000000000000000000031
:108B440025710200F9720200A17602004D8D020027
:108B5400D9B4020025BB020085BF020061D0020027
:108B640011D40200B9DA02006DE3020051E90200F7
:108B740091FA020099FC02006D02030001AF0500A6
:108B84001DB9050000000000017102000000000092
:108B940000000000000000000000000000000000D1
:108BA400000000000000000000000000A9C2060050
:088BB4000000000000000000B9
:0400000360009D8973
:00000001FF
