:020000022000DC
:1070000000000420F1700600297106000D540600EE
:107010002D710600195406001F54060000000000E0
:10702000000000000000000000000000A5020300B6
:1070300035710600000000003F0303004F0303000A
:1070400059AD0600C10D06003B7106003B710600FC
:107050003B7106003B7106003B7106003B71060068
:107060003B7106003B7106003B7106003B71060058
:107070003B710600EDAE06003B710600851A060066
:107080003B7106003B7106003B7106003B71060038
:107090003B7106003B7106003B7106003B71060028
:1070A0003B7106003B7106003B7106003B71060018
:1070B0003B7106003B71060000000000000000006C
:1070C0003B7106003B7106003B7106003B710600F8
:1070D0003B7106003B7106003B7106003B710600E8
:1070E0003B7106003B7106003B710600000000008A
:1070F000000000003B710600000000003B7106002C
:1071000010B5054C237833B9044B13B10448AFF3E1
:1071100000800123237010BD68670020000000007C
:10712000D04D070008B5034B1BB103490348AFF32B
:10713000008008BD000000006C670020D04D0700F3
:10714000154B002B08BF134B9D46A3F5803A002139
:107150008B460F461348144A121A46F00FF90F4B8C
:10716000002B00D098470E4B002B00D098470020F2
:10717000002104000D000D48002802D00C483EF00C
:10718000E5FE45F0D7FF200029000BF033F93EF073
:10719000DAFE00BF0000080000000420000000002C
:1071A0005123030068670020F86E01204D5F060040
:1071B0000000000010B5034B0360044600F0E6FD3C
:1071C000204610BDA0F9060010B5034B036004462D
:1071D000FFF7F0FF204610BDB0F9060010B50446D9
:1071E000FFF7E8FF20460C213FF0D2F8204610BD03
:1071F00010B50446FFF7E8FF20460C213FF0C8F821
:10720000204610BD07B50422019101230DEB0201B8
:1072100000F01CFE03B05DF804FB000038B5264DFD
:1072200026492870264808F099FC264B1C682368DC
:1072300020469B68984720B92349214808F08EFCD6
:10724000FEE723682A78DB6B002A32D01F492046EC
:10725000984723681E49DB6A204698471D491C4809
:1072600000F0E0FF2B783BB11B49194800F0DAFF32
:1072700000211948FFF7C6FF236815491B6D2046FA
:10728000984700211348FFF7BDFF236820465B6D38
:10729000984712490A4808F052FC2978104B0B4ACB
:1072A0000748002914BF11461946BDE8384008F0C8
:1072B00055BC0B49CBE700BF846700203EFA0600AF
:1072C0000876002058FE06005EFA060027FA06003F
:1072D0008867002094670020A067002086FA0600D7
:1072E00033FA060070B5124D124C1349134E28465E
:1072F00000F07AFF2846124D124922463EF021FE48
:1073000012221149284600F095FF28460F4D2246CB
:1073100031463EF016FE12220D49284600F08AFF43
:10732000224631462846BDE870403EF00ABE00BF06
:107330008867002000600020B8F90600C9710200CB
:10734000946700207D810200DDF90600A06700201F
:1073500002FA060070B5114B1C68236894B01B69D3
:10736000064620460D469847236801A81B6F214614
:10737000984701A800F0DAFD50B131460848FFF700
:1073800041FF084B1B781BB129460748FFF73AFF1E
:1073900001A800F06EFD14B070BD00BF58FE0600DD
:1073A0009467002084670020A067002070B52DED51
:1073B000048B044682B04F494F489FED508A504E8F
:1073C00008F0BDFB21464C4808F0B9FB4D494A483E
:1073D00008F0C4FBB0EE489AF0EE488A0024F0EEC4
:1073E000489A0022FA21304600F099FA054640B941
:1073F0004549414808F0B2FB284602B0BDEC048B79
:1074000070BD0121304600F0BCFA07EE900A002C56
:107410004FD0F4EE497AF1EE10FAB4EE678A48BF25
:10742000B0EE679AF1EE10FA48BFB0EE678A013409
:107430001420E4B278EEA78A08F01AFE082CD0D106
:10744000F4EE007A68EEA78AF7EE007AB0EEE87AFA
:10745000B4EEE77AF1EE10FA38EE498A06DCF6EE81
:10746000007AB4EEE78AF1EE10FA27DD27492248C8
:1074700008F065FB18EE900A44F0CAFD02240246AB
:107480000B4600941C4808F08FFC21491A4808F06C
:1074900056FB18EE100A44F0BBFD009402460B4662
:1074A000154808F081FC1B49134808F057FB0025DC
:1074B000A2E708EE100AB0EE679AB8E70F2110486D
:1074C00000F071FA144BC3ED009A144B00221A70AD
:1074D00008F0BCFD124B13491860074808F02FFB59
:1074E000074800F068FA0A220146034808F080FBCA
:1074F00082E700BF8BFC0600087600200000000039
:10750000BC670020ADFC0600B6FC0600EAFC0600E5
:10751000FEFC06000BFD0600B0670020B4670020EB
:10752000B86700202DFD060038B51F491F48204DC3
:1075300008F014FB8023032202211D4800F09DF96E
:107540001C491A4808F00AFB40F6B83008F090FDD4
:107550001949164808F002FB0A240022FA2128469D
:1075600000F0DDF910B1284600F0A6F91420013C26
:1075700008F07EFD14F0FF04EFD1104B0C481968A1
:1075800000F017FA0E48FFF711FF18B90D49074828
:1075900008F0E4FA0C49054808F0E0FA0B49034802
:1075A000BDE8384008F0DABAB4FA060008760020E0
:1075B000BC670020D4FA0600F6FA0600046000203A
:1075C00015FB06001DFB060058FB06007BFB0600B2
:1075D00010B5054C204600F031F92046034A044915
:1075E000BDE810403EF0ADBCBC670020006000204C
:1075F0002D780200F7B55A4C5A4E5B4F204607F0E3
:1076000029F80546002853D0204607F095F8C5B262
:1076100005F0DF03432B33D133785449544A83F0C8
:107620000103002B08BF11462046337008F096FA7C
:107630003378002BE2D02B2D28D14E4B9FED4E7A84
:10764000D3ED007A77EE877A4A4DC3ED007A296848
:107650004A4800F0AEF94A4B4A4900221A604A4BA8
:10766000002220461A7008F06AFA286844F0D0FC1C
:107670000223009302460B46204608F097FBBCE726
:10768000542BD5D13846FFF791FED1E72D2D07D1E8
:10769000384B9FED397AD3ED007A77EEC77AD3E78E
:1076A000662D53D1334BB2EE047AD3ED007AC9E79D
:1076B00008F0CCFC2A46064602213048304C324DB8
:1076C00000F02DF968B301212C4800F05AF92B780D
:1076D00007EE100AC3B9012320602B702B4B1E60EC
:1076E000204BD4ED007A1B7853B9DFED296AB0EE58
:1076F000E77AB4EEE67AF1EE10FA21D8DFED257ADA
:1077000017EE900A03B0F0BDD4ED007AF6EE086AE9
:1077100067EEA67AF5EE006AE7EE267AC4ED007A07
:10772000DCE72B782BB1194B1B68F61AB6F5AF7F47
:10773000D6D9DFED187A0023C4ED007A2B70DFE78D
:10774000F5EEC07AF1EE10FADADCD7E7672D7FF4B8
:1077500054AF084BB2EE047AD3ED007A9DE700BF38
:1077600008760020AC6700206FFC0600AAFB06002C
:1077700050FC0600046000200000C842BC670020E6
:10778000B067002076FC0600B4670020B8670020D0
:107790009A99993E0000000037B5FFF72BFF134D73
:1077A000044608F053FC2B68C01A632813D908F06C
:1077B0004DFC0F4928600F4808F0C1F9204644F0FD
:1077C00027FC0223009302460B460A4808F0ECFA15
:1077D000084808F0BBF920460021FFF7BBFD142044
:1077E00003B0BDE8304008F043BC00BFCC670020C8
:1077F00045FD06000876002010B50A4C4FF4E13133
:10780000204606F0C7FD4FF47A7008F031FC0649B7
:10781000204608F0A3F9FFF787FE0020BDE81040DE
:10782000FFF7FCBC0876002053FD0600704710B53A
:10783000102104463EF0ACFD204610BD034A026014
:10784000002282604FF07E52C260704788FD0600C1
:1078500008B5407908F0D6FCB0FA80F0400908BDC0
:10786000402908D0802903D0202903D1022300E039
:107870000123837170470323FBE738B50446027187
:107880004171104601211D4608F04CFC6079002131
:1078900008F048FC29462046BDE83840FFF7E0BF25
:1078A00038B505460C462846FFF7D2FF18B92046E2
:1078B00008F0DEFBF7E738BD2DE9F0410021044672
:1078C000FFF7EEFF72B601222179607908F0C4FC5F
:1078D000012221790646607908F0BEFC01220546A6
:1078E0002179607908F0B8FC00278046A379BB4273
:1078F00009D90121207908F055FC0021207908F0F0
:1079000051FC0137F2E762B6280240EA064040EA3D
:10791000080046F3C01640EA0660BDE8F081F8B5FD
:1079200006460F46144608F091FB054608F08EFB0C
:10793000401BB84207D23046FFF78AFF20B92046E5
:1079400008F096FBF2E70020F8BDF8B500240646E3
:107950000F462546BC4208D03046FFF7ADFF054430
:10796000002008F085FB0134F4E795FBF4F0F8BD46
:1079700010B50446FFF7E9FFA368C01A44F036FBD0
:1079800010BD70B50646FFF7F3FF0446F0680D46DC
:1079900044F03EFB02460B462046294644F0BAFC22
:1079A00044F05EFE70BD10B50446FFF7CEFFA06048
:1079B00010BDC160704780687047704710B55C218A
:1079C00004463EF0E5FC204610BD00000A4A026075
:1079D0001F210022C0E90921C0E90B228286C0E9EB
:1079E0000E220264A0F8442080F84620C0E912224A
:1079F000C0E91522704700BF98FD060000231F2232
:107A0000C0E90A23036380F83530C0E90E3303640C
:107A100080F84630C0E91233C0E9153370478B6AED
:107A20008362CB6AC3620B6B036391F8343080F8D6
:107A3000343091F8353080F835308B6B8363CB6B05
:107A4000C3630B6C0364B1F84430A0F8443091F880
:107A5000463080F846308B6C8364CB6CC364B1F8DD
:107A60005030A0F850304B6D43658B6D8365704787
:107A700008B5FFF7D4FF08BD70B5054686B0684667
:107A80000E4603F059FCEC6C6846002CCCBF023467
:107A9000002403F090FC0230241AA86A241808D4A9
:107AA000AC62AE64684603F086FCE864012006B070
:107AB00070BD0020FBE710B5036C1BB190F8464089
:107AC00084B90233941C1B1B846A1B1958BFC0E97C
:107AD0000F124FF000045BBF80F8464083622046DF
:107AE000012010BD0433EDE730B5046C1CB190F8F3
:107AF00046508DB902341D1D641B856A64195FBF31
:107B0000C0E90F230123A0F8441080F8463056BF87
:107B100084620020184630BD0434ECE730B5846D33
:107B2000002CCCBF043400241D1D641B856A64191D
:107B30005DBFC0E91523A0F850108462002058BF33
:107B4000012030BD70B50546806B0E4688B10478C3
:107B500014B146F0D3FA841C304646F0CFFA023016
:107B6000241AA86A24185DBFAC62AE63012000200D
:107B700070BD0446F0E790F83530826A002B0CBFE8
:107B80006FF0020300239B185FBF8362012380F81C
:107B9000353080F8341054BF184600207047043048
:107BA0007047406A704790F83500704738B5044612
:107BB000406AC0F11F039342154608DB043020449D
:107BC00045F0B4FB626A2A446262012038BD00209D
:107BD000FCE770B50446406A0E461D461146023366
:107BE000C0F11F029A420FDB23186A1C1A71821C13
:107BF0000630626220445E712A4645F097FB636A54
:107C00002B446362012070BD0020FCE770B586B094
:107C10000546684603F090FB684603F0CCFB02285B
:107C200004466846CCBF0626022603F0C2FB234664
:107C3000024631462846FFF7CCFF06B070BD13461A
:107C40000A46FF21FFF7C5BF30B589B0054610468B
:107C50001C46ADF800101A4601460DF1020045F031
:107C600065FBA31C6A46FF212846FFF7B2FF09B057
:107C700030BD30B589B0054610461C46ADF8001041
:107C80001A4601460DF1020045F050FBA31C6A465E
:107C900016212846FFF79DFF09B030BD07B5012327
:107CA0008DF807100DF107021946FFF792FF03B098
:107CB0005DF804FB70B5054610460E46144646F0C6
:107CC0001DFA2246034631462846BDE87040FFF7BC
:107CD00080BF70B5054608460C4646F00FFA1D28D1
:107CE00007D9224628461D230821BDE87040FFF72A
:107CF00070BF224628460921BDE87040FFF7DABF71
:107D000038B5C16A00230546436229B1026B1AB136
:107D1000BDE83840FFF74ABF95F835307BB395F89A
:107D200034102846FFF7BAFF0446A96C21B1284653
:107D3000FFF76CFF0440E4B2E96B61B12B6C53B107
:107D400095F84620EAB10A462846B5F84410FFF7F0
:107D50007BFF0440E4B26A6D42B1AB6D33B1B5F85C
:107D600050102846FFF785FF0440E4B2A96B21B10B
:107D70002846FFF7AEFF0440E4B2204638BD012498
:107D8000D3E71A462846FFF75AFFE2E70C4B10B537
:107D900004460360406838B100F08EFA20B960688C
:107DA00010B103685B689847A06838B101F001F82A
:107DB00020B9A06810B103685B689847204610BDE1
:107DC000A8FD060010B50446FFF7E0FF20460C2191
:107DD0003EF0DEFA204610BD064B10B5C0E900317A
:107DE00000230446836011B1084600F060FA204683
:107DF00010BD00BFA8FD0600064B10B503600023B0
:107E00000446C0E9013111B1084600F0CDFF20461B
:107E100010BD00BFA8FD06002DE9F3410446542023
:107E200098460E4617463EF09BFA9DF82030009388
:107E3000054643463A46314600F012FB29462046A5
:107E4000FFF7CAFF204602B0BDE8F08110B44468D5
:107E500024B120465DF8044B00F042BA806818B1A6
:107E60005DF8044B00F0CABF5DF8044B70474068F2
:107E700070477047024B186803681B69184700BFBA
:107E800048010700024B186803685B69184700BF88
:107E90004801070010B4054B01791B681A68546942
:107EA000421D184623465DF8044B18479CFF060008
:107EB00010B50B4B0446186821790368621D9B6A54
:107EC00098474FF6FF739842014606D0054B186855
:107ED0000268BDE81040926A104794F94B0010BD4B
:107EE0009CFF06004801070010B54C2104463EF0F7
:107EF0004FFA204610BD000010B58AB04B790393AD
:107F00008B790293CB7901930B7A009304464B7AD9
:107F10008A7A054905A846F067F805A9204607F0C2
:107F20009DFF20460AB010BDB0FD060007B5002336
:107F30000622694605300093ADF8043045F0E8F9B3
:107F4000003018BF012003B05DF804FB08B50279CA
:107F50000B799A4208D106220531053045F0D8F94F
:107F6000B0FA80F0400908BD0020FCE710B50A4BCC
:107F70000446186803681B699847236820461B6AF3
:107F8000984740B1054B217918680368621D5B6B07
:107F9000BDE81040184710BD480107009CFF0600CF
:107FA00008B502790B799A4208D1062205310530CD
:107FB00045F0AEF9003018BF012008BD0120FCE7F4
:107FC000064A02607F210022C272027380F84B10C1
:107FD000C0F80520A0F80920704700BFD8FD0600B2
:107FE00010B501710021C1720173064C04607F213C
:107FF00080F84B101168C0F805109288A0F809208D
:1080000010BD00BFD8FD0600F8B50F461249064660
:1080100007F024FF397B0024A1421ADD3B19A21C82
:108020005D7B9B7B083B012B05F1FF350FD8294673
:10803000304607F0E7FE0F343C440027BD4208DD20
:1080400014F8011B304607F066FF0137F6E7AC185D
:10805000E2E73046F8BD00BFBC4007002DE9F04F15
:1080600085B0884622490192834607F0F7FE002436
:10807000A14698F80C30A34235D908EB0403671CDD
:10808000FFB25E7B08EB07035B7B9A1E012A25D9B2
:10809000063B012B24D8102505FB05F30234009381
:1080A00058FA84F44FF0000A731EEAB2534517DD04
:1080B000019989450CD1114604F10D0003930292F8
:1080C00003F07CF90146584607F0F3FEDDE9022390
:1080D000009909F10109AA440C44E7E70225DBE70E
:1080E0003E44F4B2C5E7584605B0BDE8F08F00BF86
:1080F000BC40070010B500220446FFF7AFFF204642
:1081000010BD08B5134602798A4208D106221946E5
:10811000053045F0FDF8B0FA80F0400908BD0020B8
:10812000FCE710B50446012000FA01F1E172227368
:10813000194604F10D0045F0F9F89DF9083084F86E
:108140004B3010BD70B50D461146C27A42F0100298
:108150000446C272007B0D302A4620441E4645F07C
:10816000E5F8237B84F84B601D44257370BDC37A0A
:1081700013F0180F14BF0120002070470C4B10B5EE
:1081800004460360406838B100F096F820B9606892
:1081900010B103685B689847A06838B100F009FE29
:1081A00020B9A06810B103685B689847204610BDED
:1081B0000CFE060010B50446FFF7E0FF20460C2138
:1081C0003EF0E6F8204610BD064B10B5C0E9003180
:1081D00000230446836011B1084600F068F8204689
:1081E00010BD00BF0CFE060070B5044630200E46E0
:1081F0003EF0B6F83146054600F010FD294620460F
:10820000FFF7E2FF204670BD0346406808B100F06A
:1082100045B8986808B100F0C5BD0148704700BF77
:10822000BC400700406808B100F036BD70474068A8
:108230007047000030B585B0012504460095042341
:1082400092B2FFF7E9FD074B23600023039304225A
:108250002B4603A92046FFF7F9FD034B2360204678
:1082600005B030BDA0F90600B0F906007047002047
:10827000704710B5202104463EF08AF8204610BD14
:1082800010B5054B044640F8043B03F055F80023B5
:10829000E361204610BD00BF1CFE0600043003F061
:1082A00086B8043003F085B8043003F084B8C3699D
:1082B0000133C36118467047C369013BC361184667
:1082C000704742F60300704790F82000704790F81E
:1082D00021007047406A7047806A7047808D704700
:1082E0002DE9F041436A9A42A8BF1A4604468285A6
:1082F00092B2806A0F4645F019F894F82E300BB10F
:10830000636AA38594F8203098060FD5A28E910752
:108310000CD51F4B218E186803685D6D0131A38D4C
:10832000A26AAC4689B2BDE8F0416047DA0609D5D9
:10833000A38EDB0706D5164B218E18680368013122
:108340001D6DECE794F83230F3B1124B18680368F6
:1083500021465B6A9847104B1D682B6801461E6BCF
:10836000A38D3A462846B047094B186803681B6B33
:10837000984748B9094B186803689B68984718B133
:108380002B6828465B6D9847A08DBDE8F08100BF43
:108390009CFF0600E800070058FE06009C0007004E
:1083A00038B5054608460C4645F0A8FE214602466B
:1083B0002846BDE83840FFF793BF01867047008E1E
:1083C0007047008E013080B27047806B7047836BBE
:1083D000994208D2C36B0022914202D05B680132FD
:1083E000FAE71868704700207047000030B5114B5D
:1083F00003600B7903710B4601F1490453F8052F13
:10840000C0F805209B88A0F80930CB7AC3720B7B9B
:10841000037300F10D0201F10D0353F8045B42F800
:10842000045BA342F9D11B88138091F94B3080F88B
:108430004B3030BDD8FD060038B5044608200D4647
:108440003DF08EFF0023C0E9005363682BB96060E4
:108450002368A0600133236038BDA3685860F7E744
:1084600070B504461D461646FFF70AFFB5F5007FB6
:10847000194B23602B46A8BF4FF4007300216362A1
:108480009DF810302684A18584F82E302163A186C2
:10849000C4E90E112164102204F1440044F06EFF7F
:1084A00016F0300F11D02C203DF05AFF0B49064634
:1084B000022304F1340200F0D7F83046FFF7F7FE4C
:1084C000314604F13800FFF7B7FF284644F0BEFEFE
:1084D000A062204670BD00BF38FE060028FE0600E0
:1084E00070B50446406800252368AB4206D946684B
:1084F00008213DF04DFF01353046F5E70023C4E982
:108500000033A36070BD0000154B70B504460360D6
:108510000025A36B9D4212D2E36B0022954202D04C
:108520005B680132FAE71E683046FFF7C5FE20B9E6
:108530001EB1336830465B6898470135E9E704F1BE
:1085400038052846FFF7CCFFA06A08B144F086FE44
:108550002846FFF7C5FF2046FFF788FE204670BD7E
:1085600038FE060010B50446FFF7CEFF2046542122
:108570003DF00EFF204610BDF0B5C56C97B0044627
:1085800017461E467DB103A8FFF730FF2146684617
:10859000FFF722FC694603A8A8476846FFF7F6FBE9
:1085A00003A8FFF766FCA16A1C9A3944304644F0E0
:1085B000BDFE17B0F0BD70B504460E46114601224F
:1085C00080F8332096B01A46FFF78AFE256D85B1F4
:1085D000314603A8FFF70AFF21466846FFF7FCFB78
:1085E000694603A8A8476846FFF7D0FB03A8FFF732
:1085F00040FC16B070BD30B5838E02F0030293428A
:1086000097B0044617D08286002A0CBF442240222D
:10861000024455687DB103A8FFF7E8FE214668468D
:10862000FFF7DAFB694603A8A8476846FFF7AEFBE9
:1086300003A8FFF71EFC17B030BD4FF4245070475D
:1086400010B5034B03600446FFF710FE204610BD33
:108650004CFE060010B50446FFF7F2FF20462C2121
:108660003DF096FE204610BD70B504461D461646E8
:10867000FFF706FE064B2360B5F5007FA8BF4FF459
:1086800000750023266265622385204670BD00BF09
:108690004CFE0600406A7047006A704701857047CB
:1086A000024B186803681B69184700BF48010700A0
:1086B000024B186803685B69184700BF4801070050
:1086C00010B5064B186803681B699847044B186877
:1086D0000368BDE810401B6B184700BF4801070046
:1086E0009CFF060010B5064B186803681B69984785
:1086F000044B18680368BDE81040DB6B184700BFE7
:10870000480107009CFF0600024B186803689B6C39
:10871000184700BF9CFF06000C3070476830704758
:10872000024B186803681B69184700BFE800070080
:10873000024B186803685B69184700BFE800070030
:10874000024B186803689B69184700BFE8000700E0
:10875000024B186803681B69184700BF9C0007009C
:10876000024B186803685B69184700BF9C0007004C
:10877000024B186803685B6A184700BF9C0007003B
:1087800010B5074B0446186803681B699847054BEA
:1087900019680B682046DB6C9847204610BD00BF67
:1087A000480107009CFF060010B5074B04461868F7
:1087B00003681B699847054B19680B6820469B6A3C
:1087C0009847204610BD00BF480107009C000700E5
:1087D000024B18680368DB6A184700BF9C0007005B
:1087E000024B186803689B69184700BF180307000D
:1087F000024B18680368DB69184700BF18030700BD
:10880000024B186803681B6B184700BF9C000700E9
:10881000024B18680368DB68184700BF9CFF06001E
:10882000024B186803681B6A184700BF180307004B
:10883000024B186803685B6A184700BF18030700FB
:10884000024B1B68C3F8F010704700BF48010700D7
:10885000024B1B68C3F8F810704700BF48010700BF
:10886000024B1B68C3F8F410704700BF48010700B3
:10887000024B1B68C3F8EC10704700BF48010700AB
:10888000024B1B68C3F8FC10704700BF480107008B
:10889000024B1B68C3F80011704700BF4801070076
:1088A000024B18680368D3F89C301847480107004A
:1088B000024B18680368D3F8A03018474801070036
:1088C000F0B52A4B1D682B6887B004469B68284684
:1088D0009847064620B923682046DB6898470DE094
:1088E000642007F0C5FB2B6828469B69984706461D
:1088F00038B123682046DB6898470026304607B029
:10890000F0BD05AA2B6801920DF112020092DF69F9
:1089100004AA0DF10E030DF10D012846B8470028F9
:10892000D9D12B684FF0FF32D96A28466FF0404307
:1089300088470028CFD12B6840F2FF32196B2846B8
:108940000023884706460028D3D12B680DF10F027B
:108950005B6B0DF11601284698470028BBD1044BEC
:10896000186803689B6898470126C7E74801070015
:10897000E80007000A4B10B5044618680368DB6876
:108980009847084B18680368DB68984704F10C00A7
:10899000FFF734F804F16800BDE81040FFF72EB887
:1089A000E80007004801070010B58CB000230593CC
:1089B000ADF81830104B04461868036805A91B6A07
:1089C00098479DF8143003939DF8153002939DF855
:1089D000163001939DF8173000939DF819209DF8EB
:1089E0001830064907A845F0FFFA07A9204607F006
:1089F00035FA20460CB010BD48010700B0FD060056
:108A00000C30FFF739B870B50368044608469D6A14
:108A1000FFF7FAFB2B4601462046BDE87040184799
:108A20000C30FFF77BB80C30FFF745B80C30FFF780
:108A30005BB86830FFF786B86830FFF719B810B533
:108A400000F10C042046FFF713F82046FFF7ABF8BF
:108A500028B920460621BDE81040FFF78CB810BDAC
:108A60002DE9F74300F10C05044668342846FFF76A
:108A700047F92046FFF744F90E4B1E683368284635
:108A8000DF68FFF78CF880462846FFF78AF805462E
:108A90002046FFF784F881462046FFF782F8C0B2EF
:108AA00000904B46EAB241463046B84703B0BDE8B5
:108AB000F08300BF9C0007007FB5094B1C6823684A
:108AC000164601A89D6907F0EAF9324601A9204639
:108AD000A847044601A807F076F9204604B070BD07
:108AE0009C0007007FB5094B1C682368164601A847
:108AF000DD6907F0D4F9324601A92046A8470446AB
:108B000001A807F060F9204604B070BD9C00070082
:108B10007FB5094B1C682368164601A81D6A07F03B
:108B2000BEF9324601A92046A847044601A807F02D
:108B30004AF9204604B070BD9C00070002290BBF13
:108B4000044B054B186818680BBF036803685B6B20
:108B50009B6D18479C0007009CFF060038B5044633
:108B6000084B44F80C3B05462046FEF72FFF05F165
:108B70006800FEF72BFF06212046FEF7FCFF284683
:108B800038BD00BF64FE060010B5054C2046FFF757
:108B9000E5FF2046034A0449BDE810403DF0D1B945
:108BA000D067002000600020AD8B020010B5064B9E
:108BB000044640F8683BFEF700FF04F10C00FEF7A6
:108BC000FCFE204610BD00BF64FE060010B5044642
:108BD000FFF7ECFF2046C4213DF0DAFB204610BD34
:108BE00010B50B4B19680B6894B001A8DB6C984763
:108BF00001A8FFF79BF948B101A8FFF759F904460E
:108C000001A8FFF736F9204614B010BD7F24F7E71E
:108C10009CFF06004FF420507047000010B504463A
:108C2000FFF72EFB044B23600023C4E90833C4E99B
:108C30000A33204610BD00BF30FF06000184428485
:108C40007047008C7047408C7047406A7047436A99
:108C5000994208D2836A0022914202D05B680132B5
:108C6000FAE7186870470020704738B50446084690
:108C70000D46FFF71CFB08203DF072FB0023C0E906
:108C80000053A36A2BB9A062636AE0620133636296
:108C900038BDE36A5860F7E710B504460846FFF7A9
:108CA000E6F8014620B12046BDE81040FFF7DDBFE1
:108CB00010BD70B50446406800252368AB4206D954
:108CC000466808213DF064FB01353046F5E7002396
:108CD000C4E90033A36070BD10B504462430FFF72B
:108CE000E8FF0023236210BD134B70B504460360F8
:108CF0000025636A9D4212D2A36A0022954202D0E7
:108D00005B680132FAE71E683046FFF7D5FA20B9F2
:108D10001EB1336830465B6898470135E9E7204665
:108D2000FFF7DAFF04F12400FFF7C3FF2046FFF747
:108D30009DFA204670BD00BF30FF060010B5044606
:108D4000FFF7D2FF204630213DF022FB204610BD28
:108D500010B5044B044640F8043B07F034F82046B5
:108D600010BD00BF44FF060010B50446FFF7F0FF3A
:108D7000204614213DF00CFB204610BD38B50446BA
:108D80002546074B45F8043B0846114602F016FB02
:108D90000146284607F062F800232361204638BDCB
:108DA00044FF0600406870470369013303611846B9
:108DB00070470369013B03611846704738B50446A4
:108DC0001D46FFF7DBFF0C4B2360BDF81030E3823C
:108DD000BDF814302383BDF8183063834FF48072DC
:108DE0000023A582C4E90733A284C4E90A33C4E995
:108DF0000C33204638BD00BF54FF06002DE9F04378
:108E00009846274B1E68336885B004460F469B6B17
:108E1000818A30469146984718B9002005B0BDE8D0
:108E2000F0833368A18A5B6C30469847033885B27B
:108E30004D45A8BF4D462946E06944F0AFFFE061CB
:108E40000028EAD0237E1A071CD5B8F1000F19D0EC
:108E500003AA33680192EAB20092D3F86080628B71
:108E6000A18A3B463046C0470028D7D09DF80C3039
:108E7000012BD2D02A463946E06944F057FA2562E0
:108E80000120CBE75B07C8D53368A18AEAB200921C
:108E9000D3F86480628B3B463046C047EAE700BFA8
:108EA0009CFF0600408B704738B5044608460D46C7
:108EB000FFF77AFF08203DF053FA0023C0E9005382
:108EC000E36A2BB9E062A36A20630133A36238BD71
:108ED000236B5860F7E770B50446406800252368A7
:108EE000AB4206D9466808213DF052FA01353046BA
:108EF000F5E70023C4E90033A36070BD03688B422B
:108F000008D9436800228A4202D05B680132FAE73E
:108F10001868704700207047F8B50546134B45F8B0
:108F2000283B04460026A36A9E420ED231462846BC
:108F3000FFF7E4FF0746FFF73CFF20B91FB13B688E
:108F400038465B6898470136EDE72846FFF7C3FFD0
:108F5000E06918B144F082F90023E3612846FFF785
:108F6000BAFF2046FFF7F4FE2046F8BD54FF060086
:108F700010B50446FFF7D0FF204638213DF008FA2F
:108F8000204610BD70B50446036296B00D46C06918
:108F90001946164644F002FFE06110B9206216B08F
:108FA00070BD01233146A384226A44F0BFF9666B89
:108FB000002EF4D0194B03932B798DF810302B46EB
:108FC00005F1490153F8052FCDF811209B88ADF824
:108FD0001530EB7A8DF817302B7B8DF818300DF1AA
:108FE000190205F10D0353F8040B42F8040B8B42F0
:108FF000F9D11B88138095F84B308DF857302146F6
:109000006846FEF7F9FE694603A8B0476846FEF7D2
:10901000BDFE03A8FEF72DFFC1E700BFD8FD060087
:10902000074B10B504460360806918B144F016F987
:109030000023A3612046FFF78BFE204610BD00BF32
:1090400064FF060010B50446FFF7EAFF2046202122
:109050003DF09EF9204610BD38B504461D46FFF789
:109060008DFE054B2360BDF81030E3820023A582FE
:10907000C4E90633204638BD64FF0600034A026097
:109080000022C0E90122C260704700BF74FF0600E1
:1090900038B5044608460D46FFF786FE08203DF029
:1090A0005FF90023C0E90053A3682BB9A06063688F
:1090B000E0600133636038BDE3685860F7E74068FB
:1090C00070474368994208D283680022914202D0D7
:1090D0005B680132FAE7186870470020704770B586
:1090E0000446406800252368AB4206D9466808213B
:1090F0003DF04EF901353046F5E70023C4E9003371
:10910000A36070BD70B50646002473689C4212D2FD
:10911000B3680022944202D05B680132FAE71D680E
:109120002846FFF746FE20B91DB12B6828465B682C
:1091300098470134E9E7301DFFF7D1FF70BD00000B
:1091400038B50446054B44F8043B0546FFF7DAFF03
:109150002046FFF7C4FF284638BD00BF74FF060055
:1091600010B50446FFF7ECFF204610213DF010F942
:10917000204610BD38B504461D46FFF7FFFD084BDD
:109180002360BDF81030E382A582064904F118007F
:1091900006F064FE0023C4E90933E362204638BDCB
:1091A00084FF0600BC400700808A7047C08A704771
:1091B000406A7047436A994208D2836A002291420A
:1091C00002D05B680132FAE71868704700207047E8
:1091D00038B5044608460D46FFF7E6FD08203DF089
:1091E000BFF80023C0E90053A36A2BB9A062636AE9
:1091F000E0620133636238BDE36A5860F7E770B537
:109200000446406800252368AB4206D94668082119
:109210003DF0BEF801353046F5E70023C4E90033E0
:10922000A36070BD154B70B5044603600025636AEA
:109230009D4212D2A36A0022954202D05B6801329D
:10924000FAE71E683046FFF7B4FD20B91EB1336857
:1092500030465B6898470135E9E704F12405284664
:10926000FFF7CDFF2846FFF7CAFF04F1180006F00C
:10927000AAFD2046FFF76CFD204670BD84FF060066
:1092800010B50446FFF7CEFF204630213DF080F8B0
:10929000204610BDA0F8A8107047C0F8AC10704769
:1092A0002DE9FF41013A13F8014BD6B20268CDE92E
:1092B0000233526C05460F4690470C2C0246296833
:1092C000029B79D02FD8052C69D01AD8022C60D0F7
:1092D0000BD8012C53D006230093D1F8DC60002377
:1092E000224639462846B0476EE0032C54D0042C61
:1092F000F1D10093D1F89440334639462846A0472F
:1093000062E0092C52D007D8062C4BD0082CE2D1B1
:109310000093D1F8A440EFE70A2C4DD00B2CDAD102
:10932000D1F8B4402DE0162C51D00FD8112C40D0DC
:1093300005D8102CCFD10093D1F8B840DCE7122C1F
:1093400018D0132CC7D1D1F8C8401AE01D2C04D076
:109350000CD8182C3FD01B2CBDD10093D1F8D48051
:109360003346224639462846C0472DE01E2C36D0CB
:10937000522CB0D1CDE90063D1F8C46020E0D1F81F
:109380008440324639462846A44604B0BDE8F04140
:109390006047D1F88840F4E7D1F89040F1E7D1F880
:1093A0009C40EEE70093D1F8A040A5E7D1F8AC408F
:1093B000E7E7D1F8C040E4E7CDE90063D1F8B06059
:1093C000234639462846B04704B0BDE8F0810093F3
:1093D000D1F8CC4090E70093D1F8D0408CE7D1F899
:1093E000D840CEE700F18C034FF6FF72B0F8B01012
:1093F000914204D11C309842F8D1002070470120DE
:10940000704708B503689B6A98474FF6FF73C01A08
:1094100018BF012008BD000038B50A4B0446186883
:1094200003681B690D469847204604F18C03B0F889
:10943000B020AA4204D01C309842F8D1002038BD98
:109440000120FCE74801070000F18C0390F9C820D7
:10945000002A04DB1C309842F8D10020704701201C
:10946000704770B5002300F1B0041C2505FB03F222
:10947000A65A8E4203D11044B0F8C00070BD01332B
:10948000052BF3D11720F9E71FB5ADF80D200268C1
:10949000009302248DF80C400323D2F8F04003AA75
:1094A000A04704B010BD1FB5ADF80920ADF80B30D2
:1094B000069A0368009204248DF8084002AAD3F8A3
:1094C000F0400523A04704B010BD1FB5ADF80B3028
:1094D000BDF81830ADF80920ADF80D30079A0368D3
:1094E000009210248DF8084002AAD3F8F040072318
:1094F000A04704B010BD1FB5ADF80B30BDF8183053
:10950000ADF80920ADF80D30079A036800920824E1
:109510008DF8084002AAD3F8F0400723A04704B012
:1095200010BD012380F83C31704700001FB5ADF835
:109530000A309DF818308DF80C30084B8DF8092052
:1095400001208DF80800186802AA03680092D3F879
:10955000944004220523A04704B010BD4801070031
:1095600001299CBF00EB8100C0F8542170471FB552
:10957000ADF80D20026800930A248DF80C400323F7
:10958000D2F8F04003AAA04704B010BDF0B5002304
:109590001C2500F1B00605FB03F4375B8F4204D0B5
:1095A0000133052BF7D100200FE0B4340444911DA2
:1095B00014F8015B01F801599142F9D11C2202FB18
:1095C0000303012093F8B3300B70F0BD10B5054BC9
:1095D00003600446D0F8400108B143F03FFE204646
:1095E00010BD00BFA8FF060010B50446FFF7EEFF50
:1095F00020464FF4AE713CF0CBFE204610BD00007B
:109600002DE9F0431D4B1D688BB006230F46042146
:10961000002490462A680097CDE90713C821CDE9B8
:1096200005410C21CDE90331CDE901840646D2F88C
:1096300054902346302260212846C847D8B906F006
:1096400005FD044606F002FDD6F8AC30001B98423A
:109650002B680DD21B6928469847336842465B6BDE
:109660003946304698470028ECD00BB0BDE8F0836F
:10967000DB6D284698470020F7E700BF4801070048
:10968000F8B503689B6A044698474FF6FF73984203
:1096900006461ED0104B1D682B680146D3F8983043
:1096A0002846984706F0D2FC074606F0CFFCD4F8CF
:1096B000AC30C01B98420CD22B6828461B699847D7
:1096C000236831469B6B204698470028EDD1012046
:1096D000F8BD0020FCE700BF480107002DE9F34179
:1096E0000546089CA5F848111078C5F84C41013092
:1096F00085F84A01002085F850011948066830684D
:109700000092D0F89480DBB2042230460F46C04766
:1097100024B306F09BFC044606F098FCD5F8AC3068
:10972000001B984214D2336830461B6998472B6857
:1097300039469B6B2846984750B195F85001002850
:10974000EAD04FF6FF73A5F8483102B0BDE8F081CA
:109750004FF6FF73A5F848310020F6E72046F4E7FE
:10976000480107002DE9F047994603689B6A0446C3
:1097700098474FF6FF739842064604D14FF0000811
:109780004046BDE8F08723680146D3F8E030204624
:10979000984780460028F1D0002504F1B0031C2230
:1097A00002FB05F7D95BB14234D12744D7F8C43066
:1097B0003BB910203CF0D4FD8246FFF75FFCC7F8B0
:1097C000C4A01C2303FB0545D5F8C450002DD5D0FB
:1097D0002846B9F1000F21D1FFF794FC23682A46EF
:1097E000D3F8E47031464B462046B8470028C5D030
:1097F00023682A46D3F8E8303146204698470028A7
:10980000BCD023682A4631462046D3F8EC30BDE868
:10981000F04718470135052DC2D1AFE7FFF74FFCE0
:10982000002782465745D9DA39462846FFF749FCD2
:10983000FFF7B8FA494644F03BFC0028A0D00137B6
:10984000F0E7F0B5C5B004469DF82851ADF80D20FD
:109850000F4612218DF80C102A4619460DF10F0003
:1098600043F064FD23684B9A0092D3F8F06003AA9A
:10987000EB1C39462046B04745B0F0BDF0B5C5B049
:1098800004469DF82851ADF80D200F4652218DF861
:109890000C102A4619460DF10F0043F047FD2368CE
:1098A00000220092D3F8F06003AAEB1C3946204650
:1098B000B04745B0F0BD10B500F1C90300F2551036
:1098C00033F8194C8C4201BF1C8814809C7894702A
:1098D0001C338342F4D1002010BD00002DE9F0417B
:1098E00096B004461C9E1F4600201C2304F1B00CB9
:1098F0004FF6FF7E03FB00F53CF80580F04505D0F0
:1099000001300528F6D116B0BDE8F08160191723A3
:1099100080F8B220A0F8C030A0F8B01080F8B37082
:1099200005F1B4033168E150E218B38893800DF17A
:109930000901721E731D12F8010F01F801099A4204
:10994000F9D10F4B1868BA35036804EB0508D3F852
:109950009030424601A9984710B96051A8F8040018
:10996000D4F85441002CCED03246394603A8FEF735
:1099700037FB03A8A04703A8FEF77BFAC3E700BFA5
:10998000480107002DE9F04106460F46904600F1D8
:10999000B405002415F8013CBB420CD10622414617
:1099A000284643F0B5FC30B91C2303FB0464B4F82B
:1099B000B000BDE8F0810134052C05F11C05E9D1AA
:1099C0004FF6FF70F5E72DE9F04106460F46904649
:1099D00000F1B405002415F8013CBB420CD106226D
:1099E0004146284643F094FC30B91C2303FB046431
:1099F000D4F8C400BDE8F0810134052C05F11C0544
:109A0000E9D10020F6E738B54FF6FF7204460B4661
:109A10000020B3F8B050954203D093F8B250012D16
:109A200008D00130052803F11C03F2D12046FEF7CF
:109A3000C7FA0AE01C23434303F1B4020B440A446F
:109A4000204693F8B310FEF7CBFA204638BD98B500
:109A5000B0F8A820D31DEC46DB08ACEBC30300AF85
:109A60009D460368D3F88C406B46A047003018BF72
:109A70000120BD4698BD00002DE9F04F87B002AF30
:109A80009146DFF890A0B96000F18C020546FA60BB
:109A90001C460026B5F8B080C7F804D04FF6FF7317
:109AA00098452BD0B5F8C030DA1D6946D208A1EB35
:109AB000C202033B95469BB2A4B29C424FF01B02EC
:109AC00028BF1C468DF80820BA68ADF80920494621
:109AD00022460DF10B0043F029FCDAF800000DF1ED
:109AE000080B0268CDF800B0E31CD2F894B0DBB2EA
:109AF00004224146D847D7F804D00136FB681C350C
:109B00009D42C7D1002E14BF204600201437BD4609
:109B1000BDE8F08F480107002DE9F04F87B002AF94
:109B2000C7E9002100F5A072064600F1B405BA604D
:109B30001C464FF0000935F804ACC7F80CD04FF6BE
:109B4000FF739A4542D0AB89DA1D6946D208A1EB72
:109B5000C202033B95469BB2A4B29C424FF01D0249
:109B600028BF1C468DF808207A68ADF809203968AE
:109B700022460DF10B0043F0D9FB002386F83C315F
:109B8000194BD3F800800DF1080BD8F80020CDF860
:109B900000B0E31CD2F894B0DBB204225146404638
:109BA000D84796F83C316BB9D8F8003040461B696D
:109BB0009847336815F8011C5B6B2A463046984776
:109BC0000028EED1D7F80CD009F10109BB681C358B
:109BD000AB42B0D1B9F1000F14BF204600201437BA
:109BE000BD46BDE8F08F00BF480107002DE9F04FEA
:109BF00089B002AF042BFA603A6CC7F808D0C7E905
:109C0000041014880AD0036804220092D3F8DC50B0
:109C10002346A8471C37BD46BDE8F08FFB680733D5
:109C20006A46DB08A2EBC3039D460DF10808052335
:109C30008DF80830002388F80130484B013CD3F8F8
:109C400000A0A4B20225DAF800305046DB6998473C
:109C5000844258D23B6C5B88A34254D9DAF8003076
:109C600021461B6A5046984703689B68834698477D
:109C700042F6030301349842A4B255D15846FEF788
:109C8000A0FB231A59425941DBF8003079609B68E8
:109C9000584698477968024611B9B0F5245F45D116
:109CA0005846C7E90012FEF7FFFAD7E9001202286A
:109CB00006460CBF0123022398F8010008B988F872
:109CC000013098F8010098421DD105F102091FFAF0
:109CD00089F928F8054008EB090311B9B2F5245FAA
:109CE00027D158467B60FEF7DCFA7B680146324696
:109CF000184643F01BFB09EB0605ADB20236FB68C4
:109D00002E44B3429FDA022D1CD17A693B6C126853
:109D10001B880A210091D2F8DC40D7E90410042204
:109D2000A047D7F808D075E70021ADE70226012348
:109D3000C2E7DBF8003058469B689847043528F89E
:109D40000900DAE7064B18680368CDF80080D3F8FD
:109D500094403969EBB20422A047E2E7E80007002B
:109D6000480107002DE9F04F89B002AF052B3E6C8A
:109D7000C7F808D08346C7E9032134880BD80368A5
:109D800004220092D3F8DC5006222346A8471C3751
:109D9000BD46BDE8F08FFA6807326946D208A1EBEC
:109DA000C202954607228DF80820B288B2F5205FDE
:109DB0000DF1080A0DD0DBF8002033880A2100914C
:109DC000D2F8DC40396906225846A047D7F808D0B7
:109DD000DDE7063B9BB27B61274B013CD3F800904B
:109DE000B31DA4B201257B60D9F800304846DB6979
:109DF0009847844232D27388A3422FD9D9F80030D1
:109E000021461B6A4846984703689B6880469847E6
:109E1000B38883421BD14046FEF746FA7B699842DD
:109E200015D14046FEF73DFA7A69796843F070FA39
:109E300068B94046FEF705FF2AF805004046FEF7E0
:109E400002FFAB1C9BB204352AF80300ADB2FA68DE
:109E5000EB1C9A4202DD0134A4B2C5E7012DAAD061
:109E6000064B18680368CDF800A0D3F89440396910
:109E7000EBB20422A047A9E7E80007004801070069
:109E80002DE9F04F89B002AF062BBA603A6CC7F8E3
:109E90000CD081468B46158804D19388A3F52053B6
:109EA000012B0FD9D9F8003010220092D3F8DC40F2
:109EB0002B4659464846A047D7F80CD01C37BD461C
:109EC000BDE8F08FBB6807336A46DB08A2EBC3032B
:109ED0009D4602AE11238DF8083000237370364B77
:109EE000013DD3F800A0ADB20224DAF800305046AC
:109EF000DB699847854247D23B6C5B88AB4243D9CC
:109F0000DAF8003029461B6A504698473B6C0268D5
:109F10009B887B619268804690477B69834230D101
:109F20004046FEF7C1F9022803460CBF062314235E
:109F30003B61737878610BB93B69737073783A69E8
:109F4000934221D14046FEF77CFE30534046FEF757
:109F50007AFEA31C9BB20434A4B2F05233194046DB
:109F60007B60FEF79EF97B687A690146184643F0EC
:109F7000DDF97B69BA681C443B69A4B223449A4268
:109F800002DB0135ADB2B0E7022C09D13B6CD9F848
:109F900000201B880A210091D2F8DC40102288E7BB
:109FA000064B186803680096D3F894500422E3B275
:109FB0005946A84780E700BFE800070048010700AE
:109FC0002DE9F04F89B002AF91463A6CC7F808D03E
:109FD000062BC7E9031015880BD0036804220092F2
:109FE000D3F8DC4008222B46A0471C37BD46BDE80D
:109FF000F08F09F107036A46DB08A2EBC3039D4615
:10A000000DF1080809238DF80830002388F8013085
:10A010006D4B1B687B613B6C013D0433ADB2022488
:10A020007B607B6978691B68DB699847854280F0B3
:10A0300083803B6C5B88AB427ED97B6978691B6807
:10A0400029461B6A984703689B68064698473B6CFD
:10A050009B888342336805F1010A1FFA8AFA9B68DC
:10A0600030467AD1984742F6030398423DD13046B4
:10A07000FEF7A7F9824535D03046FEF715F998F876
:10A080000120022803460CBF4FF0070B4FF0150BC1
:10A090000AB988F801B098F801203B605A454BD1C5
:10A0A00028F804A03046FEF70FF9A21C92B2023540
:10A0B00008F80200E21C92B2304628F80250FEF77F
:10A0C000F0F805343B68A4B208EB04051A460146D3
:10A0D000284643F02BF93B681C44A4B2A344D9455D
:10A0E0002ADB55460135ADB29BE7336830469B68A5
:10A0F000984742F602139842F4D128F804A030465B
:10A10000FEF7C8FA0234A4B2A9EB040980B21FFA20
:10A1100089F9814528BF8146304608EB0405FEF7E2
:10A12000BBFA4A4601464C44284609F1020943F06D
:10A13000FDF8A4B288F80190022C38D13A693B6C42
:10A1400012681B880A210091D2F8DC40D7E903107D
:10A150000822A047D7F808D047E7984742F60303FC
:10A160009842BFD13046FEF79FF802288346B9D106
:10A170003046FEF796F85A460146786843F0C8F82C
:10A180000028AFD128F804A03046FEF7A7F8023423
:10A19000A4B2A9EB04091FFA89F980B2814528BF4E
:10A1A0008146304608EB0405FEF796F8B9E7074B01
:10A1B00018680368CDF80080D3F89450F968E3B2CA
:10A1C0000422A847C6E700BFE800070048010700CF
:10A1D0002DE9F043012B97B0044602AF0E46154619
:10A1E000E8460BD0036804220092D3F8DC40182222
:10A1F0000023A0475437BD46BDE8F083B0F83E11B8
:10A2000041B33B6F1B78DB0724D5224B18680368EA
:10A2100001391B6A9847002281461C2104F1B000D5
:10A2200001FB02F330F803C0B4452ED103F1B402B0
:10A230002344224493F8B310381DFDF7D1FE48465D
:10A24000B4F84431D4F84021391DFEF7B4F9381D73
:10A25000FDF70FFE00230735A4F83E31A4F8443182
:10A26000ED086B46A3EBC5039D4619238DF8083016
:10A27000094B186802AA03680092D3F8944004229C
:10A2800001233146A047C546B4E70132052AC7D1AC
:10A29000E0E700BFE8000700480107002DE9F04FA4
:10A2A00087B002AF032B04460D467A601E46C7F8FE
:10A2B0000CD00DD8036804220092D3F8DC4016229B
:10A2C0000023A047D7F80CD01437BD46BDE8F08F67
:10A2D000BB6B1B883B811FFA83F8BB6BB3F802B0E2
:10A2E0004B4BD3F80090D9F800304846DB699847CB
:10A2F00008F1FF318BB2834206D923680A2200920B
:10A30000D3F8DC60434620E0D9F8003048461B6AA9
:10A31000984703689B688146984742F60303984232
:10A3200002D023680B22EAE74846FEF74AF8404588
:10A330008246F6D14846FDF7C7FF03070AD42368D3
:10A3400003210091D3F8DC605346162229462046AB
:10A35000B047B7E7B4F83E31E3B948463B60FDF794
:10A36000B9FF01468246D4F8400143F017FD3B682F
:10A370003A89A4F83E21C4F84001A4F84431524679
:10A38000194642F0FBFFB4F844315B4507D023681F
:10A390000722B4E75345F6D023680E21D1E7331FD7
:10A3A0005FFA83FA0BEB0A024846BA60FDF792FFA8
:10A3B000BA6880B28242EADCBB6BD4F840015246F4
:10A3C000191D584442F0B2FFB4F84421B96B0AEBAE
:10A3D0000203A4F844317B6807336A46DB08A2EB2A
:10A3E000C3039D4617238DF8083032460DF109004E
:10A3F00042F09CFF074B186802AC02680094731C83
:10A40000D2F89440DBB204222946A0475AE700BFA5
:10A41000E8000700480107002DE9F04F9BB0012B31
:10A420008A46039263D9249A023B1688059300F169
:10A430008C0204460292B4F8B030534542D1D4F8AD
:10A44000C450002D42D02846FEF739FE4FF00009D7
:10A450008046C14536DA49462846FEF732FE0746B1
:10A46000FEF7A2FEB0422AD23846FEF79FFEB04267
:10A4700025D33846FEF79CFE249B0233804604F128
:10A48000B4090025049345451CDA29463846FEF7F1
:10A4900091FE8346FEF706FDB0420ED14A4694F87F
:10A4A000B31007A8FDF79CFD5846DDE9042307A972
:10A4B000FEF768FD07A8FDF7DCFC0135E3E709F1CD
:10A4C0000109C6E7029B1C349C42B4D1039B1D2B9F
:10A4D0000DD11E238DF81C30064B186807AA03689F
:10A4E0000092D3F89440042201235146A0471BB0A8
:10A4F000BDE8F08F480107002DE9F04F8FB002AFA3
:10A50000C7E90021FB60B0F8A830F96807336A4654
:10A51000DB08A2EBC30307F118059D4683462846D6
:10A5200000F00AFF0DF108090124BD60DBF80030DE
:10A53000CDF804904FF420520092D3F8BC507968C3
:10A540004FF6FF7322465846A847054620B199F8B2
:10A550000030112B04D001203437BD46BDE8F08F08
:10A5600099F801307B61A3F1040802235FFA88F8AF
:10A5700009F102063B614FF6FF7A3B69AB4204DB0F
:10A580004FF6FF739A45D1D0E5E7FB68E3B9302079
:10A590003BF0E6FE3146728831F8043B00920446F7
:10A5A0004246FEF7E7FD21463868FEF771FD7488E4
:10A5B000D7E904320134A4B2002C134408BF4FF091
:10A5C000000A3B611644D8E7B86800F0F4FE404545
:10A5D000EDD1B86800F0EDFE42460146301D42F074
:10A5E00097FE0028D3D0E2E72DE9F04F8DB0B0F808
:10A5F000A83004AFC7E9042107336A46DB08A2EBA1
:10A60000C3039D4682463869FEF759FD0DF11009D6
:10A61000F8604FF00008FB6898454ADA414638690F
:10A62000FEF74FFDB861FEF7BFFD0646B869FEF7BD
:10A63000BDFDB860DAF80030CDF8049042F60302B0
:10A640000092D3F8A8407969BB6832465046A047CB
:10A65000054678B399F80030092B27D199F80130D5
:10A66000FB61053BDBB27B6009F102044FF0020B9A
:10A67000AB45DFDA38203BF073FEB4F803300293C9
:10A68000A37801932388009306467B697A68611D4D
:10A69000FEF794FB3146B869FEF79AFDB4F8036003
:10A6A000FB690136B6B29B441C44E1E708F101089E
:10A6B000B1E701202437BD46BDE8F08F2DE9F04F0A
:10A6C0008FB0B0F8A83002AF0733C7E90421DB0828
:10A6D0006A46A2EBC3039D4602AB82463869FB6221
:10A6E000FEF7EDFC4FF0000BF860FB689B456CDA61
:10A6F00059463869FEF7E5FC7862FEF757FDB86009
:10A70000786AFEF755FD431E386200267B603B6A7F
:10A710009E4257DA3146786AFEF74CFD7B68F86155
:10A720009E4248D0711C786AFEF744FD0546F869E0
:10A73000FEF7B8FB013084B2002D3ED02846FEF76C
:10A74000B1FBB862BB6AA3423AD3DAF80030FA6AC6
:10A750000092D3F898507969BB6A22465046A847C0
:10A76000054698B3FB6A1B78052B29D1FB6A93F841
:10A7700001904FEA8903BB61FB6A4FF0020903F1C4
:10A780000208A945E1DA20203BF0EAFD41460446F3
:10A7900031F8023B00937B690222FEF75DFC214603
:10A7A000F869FEF781FBB8F80040BB690134A4B238
:10A7B00099449844E5E70025B9E7BB68BB62C1E767
:10A7C0000136A4E70BF1010B8FE701203437BD46BA
:10A7D000BDE8F08F70B5002300F1B0041C2505FB27
:10A7E00003F2A65A8E4204D00133052BF7D1002084
:10A7F00003E0104490F8C800C00970BDF0B5022A0B
:10A8000085B004460D4609D0036804220092D3F8AF
:10A81000DC4002220023A04705B0F0BD1B88B0F841
:10A82000A8209A4228BF1A46B03000231C2606FBF7
:10A8300003F1475AAF4212D10C44A4F8C020ADF83E
:10A840000D20094A032310688DF80C30026803A913
:10A850000091D2F8944029460422A047DCE7013356
:10A86000052BE4D1EBE700BF48010700F0B500235A
:10A8700000F1B0051C2606FB03F42F5B8F4204D0C9
:10A880000133052BF7D1002003E0204480F8C820D5
:10A890000120F0BD042A15D1B0F848218A4211D117
:10A8A00090F84A211978013A8A420BD1D0F84C210C
:10A8B00001211170D0F84C211B68C2F8013005232A
:10A8C00080F850317047022AF0B51ED1002200F105
:10A8D000B0051C2606FB02F42F5B8F4216D1044400
:10A8E0001A88A4F8C020B0F848218A420DD190F807
:10A8F0004A21032A09D1D0F84C110A70D0F84C1122
:10A900001B88A1F8013080F85021F0BD0132052AE2
:10A91000E0D1E8E7012A38B50446154613D9B0F866
:10A92000480188420FD194F84A0105280BD1D4F888
:10A930004C110870D4F84C0119460130013542F031
:10A94000F5FC84F8505138BD012A38B50446154647
:10A9500013D9B0F8480188420FD194F84A01112860
:10A960000BD1D4F84C110870D4F84C0119460130C1
:10A97000013542F0DBFC84F8505138BD38B504464F
:10A98000B0F84801884215460FD194F84A110B29B6
:10A990000BD1D4F84C010170D4F84C0119460130A8
:10A9A000013542F0C3FC84F8505138BD38B5044637
:10A9B00015469AB1B0F8480188420FD194F84A017F
:10A9C00009280BD1D4F84C110870D4F84C01194661
:10A9D0000130013542F0AAFC84F8505138BD6AB903
:10A9E000B0F848318B4209D190F84A31132B01BF9E
:10A9F000D0F84C211370012380F850317047F0B526
:10AA000000241C2500F1B00605FB04F3F75A8F4221
:10AA100004D00134052CF7D1002006E0C933148896
:10AA2000C452C11893788B700120F0BDF0B500249A
:10AA30001C2500F1B00605FB04F3F75A8F4204D041
:10AA40000134052CF7D1002006E0B4331844036824
:10AA50001360838893800120F0BDF0B500241C258D
:10AA600000F1B00605FB04F3F75A8F4204D001341D
:10AA7000052CF7D1002009E0BA3303441C4600211D
:10AA800014F8010B18B901310629F9D1F0BD196884
:10AA900011609B8893800120F8E7000070B505469F
:10AAA00090F8850094B0F8B1104B114C1868B4F8C8
:10AAB0004410036801391B6A984704F147020646AF
:10AAC00094F8461001A8FDF78BFA94F84D3004F184
:10AAD0004E0201A93046FDF76EFD01A8FDF7C9F948
:10AAE000002385F88530012014B070BDE800070010
:10AAF000946800202DE9F04F9DB0984602AFB8F160
:10AB00000A0F92460446796197F89020D7F894305E
:10AB1000C7F80CD00FD1022A17D003680422009284
:10AB2000D3F8DC4042460023A047D7F80CD06C375E
:10AB3000BD46BDE8F08F042A07D0036804220092C6
:10AB4000D3F8DC400C220023EEE7B8F10A0FB3F88B
:10AB5000009018BFB3F802B0924B1D682B682846CE
:10AB6000DB6908BF4FF0000B984709F1FF318BB24A
:10AB7000834207D923680A220092D3F8DC50424668
:10AB80004B4624E00AF107036A46DB08A2EBC30345
:10AB90009D46B8F10A0F6A460CBF0B230D2302F83D
:10ABA000083F2B683A611B6A2846984703689B68F0
:10ABB00005469847B0F5205F2BD1BBF1000F0AD0B6
:10ABC000236804220092D3F8DC500B224B467969AB
:10ABD0002046A847A9E72846FDF766FB8046284699
:10ABE000FDF75FFB424601460DF1090042F09EFB76
:10ABF00008F101081FFA88F86B4B3A691868036876
:10AC00000092D3F8944079695FFA88F30422A04750
:10AC10008BE742F6030398420AF1FF3A40F09F8027
:10AC20002846FDF7CCFB48451ED1BBF1000F02D0F2
:10AC300023680B22A0E72846FDF746FB3B695870C6
:10AC40002846FDF7BEFB3B6958802846FDF72CFBE4
:10AC500080462846FDF725FB4246014603A842F000
:10AC600065FB08F10408C5E72846FDF72DFB8307BF
:10AC700002D4236802227FE72846FDF728FB10F064
:10AC8000020022D0002204F1B0011C2000FB02F3DC
:10AC90007E6931F803C0B44510D00132052AF5D1E0
:10ACA00023680F220092D3F8DC3079691E464246B1
:10ACB0004B462046B04701231E4607E0234493F944
:10ACC000C830002BECDA0023F6E706462846FDF7ED
:10ACD00005FB83B29B4502D3236807224CE780B271
:10ACE000A0EB0B008245A8BF82461FFA8AF3BB6027
:10ACF00004F18C03A1467B604FF001081FFA8AFA29
:10AD0000B9F8B0307A69934219D109F1B40299F8CF
:10AD1000B31007F11C00FDF763F9CDF800A03B6903
:10AD20005A46434407F11C012846FDF725FC07F16C
:10AD30001C00FDF79EF8BB6898441FFA88F87B68F2
:10AD400009F11C099945DBD1002E3FF455AF42466D
:10AD50003969201D42F0EAFA84F88480E5E6B0F50E
:10AD6000245F1BD12846FDF795FC83B29B45B3D2E7
:10AD700080B2A0EB0B08C2452846A8BFC246FDF72B
:10AD80008BFC1FFA8AF200EB0B010AF1010A0DF1AC
:10AD9000090042F0CBFA1FFA8AF82DE74FF00108BC
:10ADA0002AE700BFE8000700480107002DE9F04F3F
:10ADB00099B002AF1D4697F880303A60012B0446E7
:10ADC0000E467B600DD8122D07D103680422009235
:10ADD000D3F8DC402A460023A0475C37BD46BDE8D7
:10ADE000F08FD7F88430B3F800808E4BD3F800A0F2
:10ADF000DAF800305046DB69984708F1FF318BB232
:10AE000083420CD9122DE8D123680A220092D3F88C
:10AE1000DC902A46434631462046C847DDE7DAF84B
:10AE2000003050461B6A984703689B6881469847E4
:10AE300042F6030B584540F0A0804846FDF7C1FAA2
:10AE40004045484601D1122D6FD1FDF73DFA02076A
:10AE500071D54846FDF73BFA10F0020A04F1B00B39
:10AE600016D000221C2101FB02F33BF80300B04284
:10AE700067D00132052AF6D123680F220092D3F859
:10AE8000DCA01222434631462046D0474FF0010A4B
:10AE900000231C2101FB03F23BF80200B04268D101
:10AEA0007B68023B5FFA83FBD7F88430A11802333A
:10AEB000B4327B6091F8B3102244BAF1000F48D04D
:10AEC000032084F88500A4F8448084F846101168B3
:10AED000C4F847109288A4F84B200A2284F88520F1
:10AEE00019465A4684F84DB004F14E0042F01EFA5D
:10AEF00094F885200BEB020384F88530122D7FF443
:10AF00006CAF3B6807336D46DB08A5EBC3039D467A
:10AF1000132302AA8DF80830BAF1000F76D02371FE
:10AF2000012384F88430AD4657E7FDF7CDF9430798
:10AF30007FF553AF8DE7122D7FF44FAF23680322C7
:10AF400064E7234493F9C830002B95DA4FF0000AE8
:10AF50009EE707F10C00FDF743F848465B467A6828
:10AF600007F10C01FDF727FB07F10C00FCF781FF4F
:10AF7000C4E70133052B8DD1C0E7D9F8003048462E
:10AF80009B689847B0F5245FD5D14846FDF78CF90A
:10AF90000228D0D14846FDF784F9028842F6021310
:10AFA0009A42C8D1DAF80030A8F102011B6A504673
:10AFB000984703689B68814698475845BBD1002253
:10AFC0001C2104F1B00001FB02F330F803C0B445CA
:10AFD00018D103F1B4022344224493F8B31007F1CB
:10AFE0000C00FCF7FDFFD7F8843048465A8807F17B
:10AFF0000C01FDF700FB07F10C00FCF73AFF4FF0E6
:10B00000000A7BE70132052ADDD1F8E7064B186814
:10B0100003680092D3F89440042201233146A047EC
:10B0200081E700BFE8000700480107001F4B70B52B
:10B03000044640F8863B02F0C0FE04F1870002F0AF
:10B04000BCFE1B4B04F1980503F110061868596803
:10B050002A4603C20833B3421546F7D141F288337A
:10B060001721C4F8AC300023A4F8A810A4F83E318E
:10B07000C4F84031A4F8443104F1B40204F5A070DE
:10B080004FF6FF7522F8045C02F8023C02F8013C1E
:10B09000136093809181136113751C328242F1D148
:10B0A000C4F85431C4F85831204670BDA8FF0600DA
:10B0B0008CFF06002DE9F04F00230446A7B0984608
:10B0C0004FF0FF35B0301C264FF6FF7706FB03F23A
:10B0D000825A8A4208BF1D46BA4203F1010318BFD3
:10B0E00008F10108052BF1D16B1C6ED01C236B43BA
:10B0F00003F1B4072344E619324693F8B3106846C7
:10B10000FCF76EFFB8F1010F2FD1314BD3F800805F
:10B110004FF0000942F6030BD8F800304046DB69D7
:10B1200098471FFA89FA82451AD2D8F8003051465A
:10B130001B6A4046984703689B6882469847584573
:10B140000BD1694613A8FDF751F95046002213A907
:10B15000FDF751FA13A8FCF78CFE09F10109DBE7B2
:10B160000023A4F83E31A4F84431D4F85881B8F152
:10B17000000F08D0694613A8FDF738F913A8C04797
:10B1800013A8FCF776FE1C2303FB05434FF6FF7262
:10B19000C3F8B0200022E251B280D3F8C400A3F873
:10B1A000C8201721A3F8C01083F8CA2083F8CB2049
:10B1B00010B103685B6898471C2303FB0544002318
:10B1C000C4F8C4306846FCF754FE27B0BDE8F08FE1
:10B1D000E80007002DE9F04FA9B000F18C03064606
:10B1E000044601934FF000084FF6FF7AB4F8B01010
:10B1F000514559D0324B18680368D3F898309847B6
:10B200000546002850D104F1B4094A4694F8B31019
:10B2100002A8FCF7E5FE2B4B1F6808F101083B680C
:10B220003846DB6998471FFA85FB58451AD93B68B1
:10B2300059461B6A38469847026892688346904789
:10B2400042F6030398420BD102A915A8FDF7CEF8E8
:10B250005846002215A9FDF7CEF915A8FCF709FEFE
:10B260000135DCE70023A6F83E31A6F8443184F826
:10B27000B23084F8B330A4F8B0A0C9F80030A9F80F
:10B280000430D4F8C400C4F8BA30A4F8BE30172390
:10B29000A4F8C03010B103685B6898470023C4F875
:10B2A000C43002A8FCF7E5FD019B1C349C429DD1F3
:10B2B000B8F1000FD4BF0020012029B0BDE8F08F05
:10B2C00048010700E800070030B5002300F1C8017D
:10B2D0001C2404FB03F28D5CAD0703D51044B0F8C9
:10B2E000B00030BD0133052BF3D10620F9E770B56E
:10B2F000002300F1B0041C2505FB03F2A65A8E4280
:10B3000004D00133052BF7D1002002E0104490F85F
:10B31000C80070BD10B5054C2046FFF787FE2046DB
:10B32000034A0449BDE810403AF00BBE946800207F
:10B3300000600020CD95020073B5002504460E463E
:10B3400040F8041B10222946ADF804508DF8065031
:10B3500042F014F825752EB3304642F0CFFE451E5C
:10B36000002D237D19DB0F2B1FD8735D2D2B02D1F0
:10B370000135023DF4E77219002112F8012C8DF815
:10B38000042001A810228DF8053042F045FF237DEE
:10B39000E218013310712375EBE7032B34BF02234E
:10B3A00010232375204602B070BD1023F9E7006812
:10B3B000704704307047007D704700002DE9F0476A
:10B3C000144C80464D1E4FF4AA594FF02D0A6A1CAA
:10B3D0001AD018F8057010222146380904F00CFE26
:10B3E0001022611C07F00F0004F006FE0C2D04F182
:10B3F000020606DC29FA05F3DB0744BFE61C84F8E5
:10B4000002A0013D3446E2E7002323700148BDE875
:10B41000F08700BFF0690020007970472DE9F04FF8
:10B4200089B090460DF1180B027A9DF848601F46CE
:10B430000023054689460693ABF80430FAB99E42CC
:10B4400014BF4FF0020A4FF0030A2B6828461B690D
:10B450009847194BEA881C6800210720236800914F
:10B46000CDE90301CDE9011B2046D3F83CB01146DC
:10B470005346D84728B1002009B0BDE8F08F9A465E
:10B48000E3E723684A461B6C41462046984700285C
:10B49000F1D123683A465B6C314620469847002834
:10B4A000E9D1236801219B6C204698470028E2D10E
:10B4B00001202871E0E700BF48010700034B00218D
:10B4C0000171186803689B6C184700BF48010700AA
:10B4D0002DE9F341124B1D682B6801221B6D0746B5
:10B4E0000E4628460021002498472B68CDE90044E9
:10B4F000D3F84C8020231A4601212846C04768B95A
:10B50000012179712B6886EA01021B6D2846984754
:10B51000B0FA80F0400902B0BDE8F0812046FAE7B9
:10B5200048010700C180704701727047022908BFB7
:10B53000C260704770B50B4D04461C30164604F0CF
:10B540009FFC294604F1280004F0B3FC294604F1CD
:10B55000340004F0AEFC2368314620465B69BDE848
:10B5600070401847BC4007002DE9F0410C4D0446DF
:10B570000F461C302946164604F09BFC394604F160
:10B58000280004F07DFC294604F1340004F091FC0D
:10B590002368314620465B69BDE8F041184700BF8B
:10B5A000BC4007002DE9F0410C4D04460F461C300D
:10B5B0002946164604F07DFC294604F1280004F0D3
:10B5C00078FC394604F1340004F05AFC2368314613
:10B5D00020465B69BDE8F041184700BFBC4007004A
:10B5E0007FB5C36B04460D468BB10B6801A89B6900
:10B5F000984701A904F1340004F0BAFC064601A8FA
:10B6000004F0E1FB1EB90024204604B070BD636A5B
:10B6100073B1294601A8FCF7F7FC01A904F11C004D
:10B6200004F099FC064601A804F0CDFB002EEAD0F8
:10B63000236B6BB1294601A8FCF75CFD01A904F15D
:10B64000280004F095FC044601A804F0BCFBDBE7ED
:10B650000124D9E738B50F4B03604FF420030E4D9A
:10B6600043600123037200230446C0E90333C0E9A9
:10B67000053329461C3004F0F1FB294604F128006B
:10B6800004F0ECFB294604F1340004F0E7FB20460B
:10B6900038BD00BFA8000700BC40070003688B420C
:10B6A00008D9436800228A4202D05B680132FAE777
:10B6B000186870470020704770B504464068002540
:10B6C0002368AB4206D9466808213AF061FE01358D
:10B6D0003046F5E70023C4E90033A36070BD0000E5
:10B6E00010B50A4B044640F8343B04F06CFB04F1FF
:10B6F000280004F068FB04F11C0004F064FB04F172
:10B700001000FFF7D9FF204610BD00BFA8000700BA
:10B7100010B50446FFF7E4FF204640213AF038FE1A
:10B72000204610BD70B50E4B054618680368002210
:10B730001B6D11460024984705F110066C712B69AA
:10B740009C4209D221463046FFF7A8FF10B103689A
:10B750005B6898470134F2E73046FFF7ADFF70BDF4
:10B760004801070003688B4270B504461AD90022CD
:10B77000406813468A42456803D003460132284692
:10B78000F8E7066863B96560A268824208BFA360F3
:10B7900008213AF0FDFD2368013B2360304670BD6F
:10B7A0005D60F1E70026F9E72DE9F041074694B026
:10B7B0000D46002401F110082B699C422AD2214633
:10B7C0004046FFF76BFF0646FCF7D1FC00B331465D
:10B7D00001A8FCF70BFE21464046FFF7C3FF1EB150
:10B7E000336830465B6898472B6801A9DB6B2846B5
:10B7F000984750B101A93846FCF7F8FD01A8FCF7BD
:10B8000038FB384614B0BDE8F08101A8FCF731FBE5
:10B810000134D1E73846FCF7D3FBF2E72DE9F04FCE
:10B82000C568ABB004460F4692469B469DF8D08053
:10B830009DF9D8902DB3032922D11A46514604A868
:10B84000FCF7CEFBCDF80090359B4246394604A864
:10B85000FCF767FC236804A9DB6B2046984748B1D6
:10B8600004A917A8E468FCF7C1FD17A8A04717A80A
:10B87000FCF7FFFA04A8FCF7FCFA2BB0BDE8F08F48
:10B88000002504F110032269AA420DD91846294661
:10B890000393FFF703FF5A4651460646FCF731FC77
:10B8A000039B002841D006BB23691F2B08D9002128
:10B8B00004F11000FFF756FF10B103685B6898476A
:10B8C0004C203AF04DFD5A4651460646FCF788FB9F
:10B8D00008203AF045FD0023C0E90063636933BBEB
:10B8E00060612569A0616B1C2361042F22D0CDF813
:10B8F0000090359B424639463046FCF712FC3046F4
:10B90000FCF735FC0028B8D0E368002BB5D03146F1
:10B9100004A8FCF76BFD294604F11000FFF722FF95
:10B92000336830465B68984794E70135ABE7A36915
:10B930005860D6E74B46359A41463046FCF702FC44
:10B94000DDE770B446799DF80C409DF9145026B19E
:10B950000595039470BCFFF761BF70BC7047000091
:10B9600010B5054C2046FFF775FE2046034A0449F2
:10B97000BDE810403AF0E5BA186A002000600020E7
:10B98000E1B60200406870474368994208D2836874
:10B990000022914202D05B680132FAE718687047D2
:10B9A0000020704773B5044630203AF0D9FC324984
:10B9B0000546FDF733F9E56154203AF0D1FC002546
:10B9C0000646142302222D490095FCF749FD266204
:10B9D00054203AF0C5FC02231A4606462849009531
:10B9E000FCF73EFD666230203AF0BAFC2549064677
:10B9F000FDF714F9A66254203AF0B2FC2022042389
:10BA0000214900950646FCF72BFDE662E069FCF74C
:10BA10004EFC206AFCF74BFC606AFCF748FCA06A0D
:10BA2000FCF745FCE06AFCF742FCD4E90701FDF7AE
:10BA30001CF9616AE069FDF718F9D4E90A01FDF71C
:10BA400014F9236811491B69204698472368294641
:10BA500020465B69984723682046DB6A984723683D
:10BA6000E1699B6A204698472368A16A9B6A204641
:10BA700002B0BDE870401847EC000700F100070075
:10BA8000F6000700FB0007000001070005010700A2
:10BA900010B50446C06948B1FCF70EFC30B9E06946
:10BAA00010B103685B6898470023E361206A48B1DE
:10BAB000FCF702FC30B9206A10B103685B68984754
:10BAC00000232362606A48B1FCF7F6FB30B9606A74
:10BAD00010B103685B68984700236362A06A48B1AD
:10BAE000FCF7EAFB30B9A06A10B103685B689847BD
:10BAF0000023A362E06A48B1FCF7DEFB30B9E06ADC
:10BB000010B103685B6898470023E362236820460E
:10BB1000DB6ABDE810401847006AFCF741BC07B576
:10BB20000222ADF80610406A0DF10601FCF7D8FBC1
:10BB300003B05DF804FB10B504460846FCF777FB3C
:10BB4000014628B1236820469B6ABDE8104018478B
:10BB500010BD2DE9F0410025074688462C463B687C
:10BB60003846DB699847A84211D93B6829461B6AC9
:10BB70003846984703689B6806469847B0F5205FAB
:10BB800002D0464503D0264601353446E7E7204635
:10BB90003CB1FCF789FB0228204604D1FCF781FB6D
:10BBA0000088BDE8F081FCF77CFB4089F9E70000E4
:10BBB000074A02600022C0E90122C0E90322C0E96D
:10BBC0000522C0E90722C0E90922C262704700BF0E
:10BBD0001801070038B5044608200D463AF0C0FBAE
:10BBE0000023C0E9005363682BB960602368A0603C
:10BBF0000133236038BDA3685860F7E72DE9F84F9B
:10BC000004460D46084604F10408FCF750FB29469B
:10BC10004046FFF7DFFF08203AF0A2FB0023C0E90F
:10BC200000536369002B47D160612369A061013330
:10BC3000236123682046DB69984700271FFA80FBB1
:10BC40002846FDF702F8B8423BD939462846FCF7AA
:10BC5000FEFF0646FCF72BFB31464046FFF7BAFFD6
:10BC600023682046DB69984781B23046FCF7A5FB84
:10BC70003046FCF71CFB31464046FFF7ABFF4FF068
:10BC800000093046FCF7A1FB484518D94946304623
:10BC9000FCF79DFB8246FCF70AFB51464046FFF746
:10BCA00099FF23682046DB69984781B25046FCF72C
:10BCB000F5FC09F10109E4E7A3695860B5E701372C
:10BCC000BEE723682046DB699847594682B228467A
:10BCD000BDE8F84FFCF7B2BF70B5044640680025D8
:10BCE0002368AB4206D9466808213AF051FB01357A
:10BCF0003046F5E70023C4E90033A36070BD70B59A
:10BD00000446406800252368AB4206D946680821EE
:10BD10003AF03EFB01353046F5E70023C4E9003335
:10BD2000A36070BD38B50546064B45F8103B044688
:10BD3000FFF7AEFE2846FFF7E2FF201DFFF7CCFF1E
:10BD4000204638BD1801070010B50446FFF7EAFF8A
:10BD5000204630213AF01CFB204610BD70B5044649
:10BD6000002523682046DB699847A8420FD923683D
:10BD700029461B6A204698470646FCF79DFA20B9DB
:10BD80001EB1336830465B6898470135E9E7201DEE
:10BD9000FFF7A2FF002523699D420BD263690022B1
:10BDA000954202D05B680132FAE71868FCF794FF0D
:10BDB0000135F0E704F11000FFF7A1FF70BD0000AE
:10BDC00008B5054B1846FFF7F3FE044A0449184628
:10BDD000BDE808403AF0B5B8586A0020006000207D
:10BDE00025BD0200704700000023C0F80831024B57
:10BDF000186803681B68184784020700024B18681C
:10BE000003685B68184700BF8402070003680021CD
:10BE10005B69184710B40368D3F8A4400023A44614
:10BE20001A4640F603415DF8044B604737B5036896
:10BE3000ADF80610D3F8A45002220DF1060341F22A
:10BE400005410446A84750B9D4F81832BDF8062079
:10BE50001988914203D193F9020003B030BD7F20CD
:10BE6000FBE713B5CDE9002303680822D3F8A4400B
:10BE700040F601416B46A04702B010BD13B5CDE9B5
:10BE8000002303680822D3F8A44042F201016B4664
:10BE9000A04702B010BD10B40368D3F8A440062236
:10BEA0000B46A44642F205015DF8044B60471FB5FE
:10BEB000089C8DF804309DF818308DF805309DF8F9
:10BEC0001C308DF806302368CDF80730A388ADF814
:10BED0000B309DF824308DF80D309DF828308DF80A
:10BEE0000E300368ADF80010ADF80220D3F8A4407E
:10BEF0000F226B4642F20601A04704B010BD13B5F5
:10BF000003688DF80710D3F8A44001220DF1070350
:10BF100042F20A01A04702B010BD13B5ADF80330DC
:10BF20009DF810308DF805309DF814308DF80630EE
:10BF300003688DF80010ADF80120D3F8A440072263
:10BF40006B4642F20B01A04702B010BD13B5036867
:10BF50008DF804108DF80520D3F8A440022201AB1F
:10BF600042F20C01A04702B010BD10B588B00B9C86
:10BF70008DF808309DF828308DF809302368CDF809
:10BF80000A30A388ADF80E309DF830308DF81030AF
:10BF9000BDF83430ADF81130BDF83830ADF813309D
:10BFA000BDF83C30ADF81530BDF84030ADF8173075
:10BFB000BDF84430ADF81930BDF84830ADF81B304D
:10BFC0000368ADF80410ADF80620D3F8A440192298
:10BFD00001AB42F20D01A04708B010BD10B40368D8
:10BFE000D3F8A4400023A4461A4642F20E015DF89D
:10BFF000044B60471FB5ADF80430BDF81830ADF8FC
:10C000000630BDF81C30ADF808300423ADF80A3016
:10C010000623ADF80C300368ADF80010ADF802202F
:10C02000D3F8A4400E226B4642F21301A04704B09D
:10C0300010BD10B4D0F8EC402CB119461046234680
:10C040005DF8044B18475DF8044B7047F0B51D468A
:10C0500003688BB016460F469B6F04469847731EC5
:10C060008DF800700DF10602053613F8011F02F875
:10C070000119B342F9D1109B6A1E0DF11601013B63
:10C080000F3512F8010F01F80109AA4213F8010F48
:10C090004874F6D123682722D3F8A45042F227012E
:10C0A0006B462046A84723682046DB6F98470BB0B5
:10C0B000F0BD13B5531E8DF8001005320DF10601C9
:10C0C00013F8014F01F801499342F9D1036807229F
:10C0D000D3F8A44042F22B016B46A04702B010BD3A
:10C0E00007B503680122D3F888306946984703B042
:10C0F0005DF804FB37B5002300930DF10504CDF87E
:10C1000003304B1E053113F8015F04F801598B42CF
:10C11000F9D103688DF80620D3F8A44007226B46B6
:10C1200040F60D41A04703B030BD13B513238DF881
:10C1300006300368ADF80410D3F8A440032201AB25
:10C1400040F20641A04702B010BDC0F8041170478C
:10C150000023C0F80431704732B190F81D32934289
:10C16000C6BF9A1AD2B2002280F81D22704710B4BE
:10C17000D0F8F8300C4623B1204611465DF8044B48
:10C18000184718465DF8044B704710B4D0F8EC30EF
:10C190000C4623B1204611465DF8044B184718465B
:10C1A0005DF8044B704710B4D0F8F4300C4623B15E
:10C1B000204611465DF8044B184718465DF8044BBD
:10C1C0007047D0F8FC302BB1D0F80001003018BF18
:10C1D000012070470320704710B54FF448710446A2
:10C1E0003AF0D6F8204610BD564B2DE9F0470446EC
:10C1F0001D6819B12B6828469B6898472B68524EDA
:10C200009B69524FDFF84881284698472B6828469B
:10C21000DB6898472B68002800F08F805B69284610
:10C220009847D4F80831B3F5817F5FFA80F912DBC3
:10C230000023C4F80831D4F8043163B12B682846D0
:10C24000DB6998473146D4F8040103F087FC2B687A
:10C2500028469B699847D4F80821531C2244C4F807
:10C26000083182F80C9194F80C21022A2ED1052B6A
:10C27000CCDD94F8101194F80F2102EB0122043266
:10C280009342C3DD2B682846DB699847D4F8043114
:10C290004BB1236894F80821D3F8C090414604F5C7
:10C2A00086732046C8470023D4F80811C4F8083123
:10C2B0002368D3F8B430013904F20D12C9B2204614
:10C2C00098472B6828469B6998479FE7042A21D105
:10C2D000032B9BDD94F80E210232934296DD2B68EE
:10C2E0002846DB699847D4F804314BB1236894F8A9
:10C2F0000821D3F8C090394604F586732046C84714
:10C300000023D4F80811C4F8083123680139D3F8A0
:10C31000BC30D1E70023C4F80831D4F80431002B35
:10C320003FF474AF2B682846DB69984710224946D2
:10C33000D4F8040103F075FCC3E72846DB69BDE8C7
:10C34000F047184784020700720107009A010700AE
:10C35000870107001346F0B533F8046BC6F30137C5
:10C36000022F87B00546144611D15488E4B21988CB
:10C37000221F8A4220D0022F07D12246194605F2F9
:10C380001E2040F0D3FF85F81D4307B0F0BD012FFC
:10C39000FBD190F81D03528800F21E201946284454
:10C3A00040F0C4FF638895F81D431C44E4B285F84F
:10C3B0001D4305F21E23DAE75C88A0B20428C6F309
:10C3C0000B010AD1184800680468246A0433D2B209
:10C3D000A047002385F81D33D7E7052804D113486B
:10C3E00000680468E468F1E7062804D10F48006893
:10C3F00004682469EAE700220392ADF814200122C0
:10C400008DF80C200622ADF80E20022203ABADF809
:10C4100010202A680093ADF812400A23D2F8944005
:10C4200028460522A047D4E79CFF06001803070012
:10C43000F0B5202589B004460E46174600212A464D
:10C44000684640F09BFF324639460DF101008DF8F9
:10C45000006040F06BFF23682A46D3F8A46042F2E4
:10C4600008016B462046B04709B0F0BDF0B5202565
:10C4700089B004460E46174600212A46684640F019
:10C480007DFF324639460DF101008DF8006040F025
:10C490004DFF23682A46D3F8A46042F209016B4697
:10C4A0002046B04709B0F0BD2DE9F04784B00446FE
:10C4B00000AF8A4691461D4694F81D2294F81C321E
:10C4C0009A4204D3236820461B699847F4E705F194
:10C4D000100303F4FC73ADEB030D02233B712B1D22
:10C4E000DBB2A7F80730A7F80B90A7F805A0A7F8CC
:10C4F00009503B1D03CB2A461B78009001910DF19A
:10C500000900396B8DF8083040F010FFD4F8043181
:10C5100005F10906E8463BB123680C49D3F8C05041
:10C52000F2B26B462046A84794F81D32013384F8D6
:10C530001D32074B1868036832461B6A414698470C
:10C5400000201037BD46BDE8F08700BF4C01070052
:10C55000840207002DE9F0430D46114683B00B31EC
:10C5600001F4FC7100AF0446ADEB010D0120387100
:10C57000A7F80550FA716846796840F8041B194617
:10C58000161D40F0D3FED4F80431E8463BB12368D1
:10C590001649D3F8C090F2B26B462046C847144BF8
:10C5A0001868036832461B6A414698474FF6FF7386
:10C5B000A4F80E324FF0FF33C4F8103203F046FDFA
:10C5C00000F57A76B4F80E32AB4208D003F03EFDA7
:10C5D000B04204D2236820461B699847F2E7D4F89A
:10C5E00010020C37BD46BDE8F08300BF5F010700B5
:10C5F0008402070007B500238DF8073001220DF1F2
:10C60000070342F22D010348FFF7A4FF03B05DF8D2
:10C6100004FB00BF886A002007B501220DF1070363
:10C6200042F22D0103488DF80720FFF793FF03B076
:10C630005DF804FB886A00207FB501238DF8003087
:10C640000B68CDF801308B88ADF805300DF116017F
:10C65000531E0F3213F8010F01F801099342F9D16B
:10C660006B46172240F611410248FFF773FF07B0EF
:10C670005DF804FB886A002013B50446684601F0A3
:10C680004BF9D4F8EC3063B1D4F8F4304BB1D4F8B2
:10C69000F83033B1D4F8F0301BB10121684601F015
:10C6A0003EF96846012101F04CF96846012101F08C
:10C6B0003FF96846012101F04DF92D2101A801F053
:10C6C0002CF99DF8040002B010BD2DE9F0411D4683
:10C6D0000368D3F8A48000230F46164641F20101F7
:10C6E0001A460446C04770B9D4F818321A783A701E
:10C6F000B3F801203280DA782A70069A998811807E
:10C70000DA88079B1A80BDE8F08113B50368694693
:10C710001B6A0446984750B9D4F81832D9345A1EC7
:10C72000053312F8011F04F801199A42F9D102B039
:10C7300010BD0000F8B50368D3F8A45000230E46DE
:10C74000174642F202011A460446A847054678B940
:10C75000D4F818321A8832809B783B7084F81C32E7
:10C76000044B31881868036809399B6889B2984777
:10C770002846F8BD9CFF060070B588B00C461546EB
:10C78000002120220646684640F0F8FD631E0DF1A8
:10C790000F016A1E0F3413F8010F01F80109A342BB
:10C7A00012F8010F4874F6D133682022D3F8A44060
:10C7B00042F217016B463046A04750B90C9B10332C
:10C7C000D6F81822125C03F8012D01301028F7D199
:10C7D000012008B070BD70B50368D3F8A4600023D1
:10C7E0000C461A4641F209010546B04728B9D5F86A
:10C7F00018321A6822609B88A38070BD70B50368E8
:10C80000D3F8A46000230C461A4642F218010546EC
:10C81000B04728B9D5F818221368236053686360BD
:10C8200070BD00002DE9F0411678052EB2B0054626
:10C8300014461DD19F4B52791868B4F80310036851
:10C840005B6A98479C4BB4F80310186862790368D8
:10C85000C9B25B699847994B186803689B68984709
:10C8600018B101219648FFF74AFB32B0BDE8F081CC
:10C87000082E69D18F4BB2F8031052791D68002A37
:10C880005DD02846FEF733FDC10739D505F187078E
:10C89000384601F097FA384601F098FA50B38DF80F
:10C8A000846005F1980325AA05F1A80113F8010B8E
:10C8B00002F801098B42F9D121AE0096112306221C
:10C8C000B4F803107E48FFF7EFFD09237D49ADF86A
:10C8D00084300DF18B02062311F8010B02F80109D7
:10C8E000013BF9D1009608230622B4F803107448DE
:10C8F000FFF7DAFD384601F06DFA384601F06EFABE
:10C900002B68B4F803109B6E80222846984795F850
:10C91000853023B12B682846D3F88030984795F8A6
:10C920008430002BA1D02A1D0092B4F80310644873
:10C930000422FFF7B9FD002385F8843095E72B68C2
:10C9400028469B6E984790E70E2E0ED1B2F8033022
:10C95000A0F80E325379C0F8103253780634043BF5
:10C9600080F81432C0F818427FE70F2E09D193885F
:10C97000A0F80E329378C0F81032002380F81432F9
:10C9800073E7132E10D1967802EB8606B4423FF47B
:10C990006CAF2B68B4F80520B4F80310D3F8B830A6
:10C9A000284698470434F1E73E2E7FF45EAF937833
:10C9B000013B092B3FF659AF01A252F823F000BF0B
:10C9C0003FCA020083CA02006BC802006BC80200A3
:10C9D000C9CA020067CB02006BC8020093CB0200F9
:10C9E000AFCC0200E9C90200E378002B7FF43DAF31
:10C9F000304B94F82020186803680492E28B03926D
:10CA0000A28B0292628B04F10805CDE90052DE6927
:10CA1000A279E379A188B047274B94F820201868C1
:10CA200003680492E28B0392A28B0292628BCDE99F
:10CA300000529D68A279E379A188A84715E7E378B9
:10CA4000002B7FF412AF1B4B227D18680368049201
:10CA5000628A0392228A0292E28904F10805CDE9F2
:10CA60000052DE69A279E379A188B047124B227D9A
:10CA7000186803680492628A0392228A0292E28909
:10CA8000D5E7237B1F2B3FF6F0AEE278012A7FF437
:10CA9000ECAE0A4AE118106891F90D100268029193
:10CAA00004F10D01CDE90031A31D956B2179627967
:10CAB000A847DAE69CFF0600180307009C00070061
:10CAC000886A00205C6B0020904BB4F803101E684D
:10CAD000336810AA1B6F30469847B4F803103046ED
:10CAE000FEF705FCC2071FD5102200210DF18600BC
:10CAF00040F044FC2279E378854943EA0223ADF80B
:10CB000084300DF19502102311F8010B02F8010990
:10CB1000013BF9D12B681222D3F8A44042F21A014A
:10CB200021AB2846A047A0E63368B4F80310DB6FBA
:10CB30000BAA304698472B68754AD3F8A83078B1CD
:10CB40000BA928469847C0B20028CDD12B680222F5
:10CB5000D3F8A46042F21B01E31C2846B04784E6E8
:10CB60000DF14101EDE754F8030F6168228921AB13
:10CB700003C31A800F23ADF88E3040F6FF73ADF873
:10CB800090302B680E22D3F8A44042F2200121AB52
:10CB9000C7E7E378002B7FF468AE0C238DF84030B4
:10CBA0000DF14102231D04F1440153F8040B42F836
:10CBB000040B8B42F9D1231D05F14402443453F890
:10CBC000041B42F8041BA342F9D1504B1C682046B9
:10CBD000FEF77AFB052806463FF647AE0DF1400802
:10CBE000412306220146CDF800804A48FFF75CFC4D
:10CBF00031462046FEF77BFB236840F004029B6E23
:10CC0000D2B23146204605F1A4079847394641483B
:10CC1000FFF7F4FD05F1AC013E48FFF7EFFD4122BF
:10CC2000002121A840F0AAFB3B490DF1A3020123FA
:10CC300018F8030002F80109013311F8010B82F81A
:10CC40002100212BF4D10BAD11220021284640F008
:10CC500095FB0DF12D0403238DF82C3021AA4123DF
:10CC6000394600942D4800F04BFF21460F2307AAB8
:10CC700011F8010B985413F1FF33F9D223461446EF
:10CC800003CCAC4218605960224603F10803F6D188
:10CC900031460095112306221E48FFF705FC1E4B66
:10CCA000402242F22601181FFFF754FCDDE5E3782D
:10CCB000002B7FF4DAAD154B1F683846FEF704FBF6
:10CCC000052806463FF6D1ADE31C05F1D300233419
:10CCD00013F8012F00F80129A342F9D13146384653
:10CCE000FEF705FB3B6840F0080204469B6ED2B29B
:10CCF000314638469847E3067FF5B7AD084B094AF9
:10CD00001868036831469B6A9847AEE59CFF0600A9
:10CD1000626B0020886A00208C6A0020E46E00208C
:10CD2000180307000C6B00202DE9F74F3A4CD4F89C
:10CD3000F000884693460025002869D004208DF82D
:10CD4000035039F00DFB8146042039F009FB0746FA
:10CD5000042039F005FBD4F8F040034606463A4675
:10CD600049460DF10300A0472C469DF80330AB4225
:10CD700034DD4FEA850A1CBB3168284851F825107C
:10CD800001AB424600F03CFE98F803209DF80430C9
:10CD90009A4215D19DF8052098F804309A420FD197
:10CDA0009DF8062098F805309A4209D13B6853F85F
:10CDB0000A301A68CBF800209B88ABF804300124B5
:10CDC0003B6853F80A0008B139F0E4FA336853F8C5
:10CDD0000A0008B139F0DEFA0135C6E7D9F80000DB
:10CDE00008B139F0D7FA4846042139F0D1FA386849
:10CDF00008B139F0CFFA3846042139F0C9FA306861
:10CE000008B139F0C7FA3046042139F0C1FA20469A
:10CE100003B0BDE8F08F00BF886A0020E46E0020F8
:10CE20002DE9F0410546D0F8040116461C46F8B13C
:10CE300002F085FEDFF83C802644A642D5F80401C6
:10CE40000DD014F8017B0F2F02D8414602F077FE77
:10CE500010223946D5F8040102F0E1FEEDE702F0B8
:10CE600075FED5F804010368BDE8F041DB6818479A
:10CE7000BDE8F081DE020700074A02600022C0E937
:10CE80003B22C0E93D22C0E93F22C0E9412280F8AF
:10CE90001D2280F81D237047B401070008B5054B1B
:10CEA0001846FFF7E9FF044A04491846BDE8084060
:10CEB00039F047B8886A002000600020E5BD020014
:10CEC00070477047D0F810017047D0F8103123B187
:10CED000D0F80C311844007A70474FF0FF3070479B
:10CEE000D0F8103183B1D0F80C3103441A7AD0F85D
:10CEF0000C310133DBB2C0F80C31D0F81031013BFA
:10CF0000C0F81031104670474FF0FF30704710B531
:10CF10004FF48A71044639F03BFA204610BD2DE9E2
:10CF2000F04F8BB004A836F032F804A835F0AAFF11
:10CF3000002425464FF47A7AA34640F2E7384FF0B2
:10CF4000000904A835F0EBFF241841EB050504A8FF
:10CF500035F0EFFF4FF47A720023204629463FF068
:10CF60001FFC50B12CF03EFE204629464FF47A7249
:10CF700000233FF015FC14461D4630F0A5FD03A824
:10CF800037F048FF30F096FD019003A837F04AFFD4
:10CF900004A835F0C4FF019B002BD2D0894508BFFF
:10CFA0008045CED3BAEB00066BEB0107002F08BF1C
:10CFB000B6F57A7F03D1012039F046FCC1E756EA85
:10CFC0000703BED0304639F019FBBAE70B6803609F
:10CFD0004B6843608B6883607047000037B5044638
:10CFE00001A80D4637F016FF23682046DB689847F6
:10CFF00020B101A837F016FF03B030BD01A837F00B
:10D0000011FF01232A461946014839F049FBF3E78D
:10D01000BC6E002037F00EBF37F00EBFF8B50079B8
:10D02000C0B1013AD4B20D46102C2046B8BF102032
:10D0300015F8016B2CF0ACFC29462246074640F05F
:10D0400075F933F007FE4069036822461D693146D1
:10D050003B46A847F8BD03681847000038B50C4C9C
:10D060000546206840B139F0C9FC206810B103685A
:10D070005B6898470023236033F0ECFD05482DF0F2
:10D08000C9F833F0E7FD2CF029FF00232B7138BDE0
:10D09000D06E0020B5D8050038B5114B1A78EAB922
:10D0A0000122104D1A70104C03682B608168436890
:10D0B000007B23602CF0B4FB83B223B965220B49BB
:10D0C0000B4838F055FB2B6880B203442B60236873
:10D0D000181A2060BDE838402CF05EBD38BD00BF96
:10D0E000D46E0020804201207C420120880207008B
:10D0F000D0020700F0B500238BB0C0F80831C0F8AB
:10D100000C31C0F81031064633F0A4FD03681F4F00
:10D110009B68014602A8984702A8FFF7BDFF33F0BD
:10D1200099FD2CF0CFFE3D6835BBBC2039F018F9D5
:10D13000174B0360044629460561403039F044FB33
:10D1400004F1540039F0DEFA2B464FF480521821D6
:10D150002046009539F0D6FB0E4B09930E4B3C60F0
:10D1600006A92046CDE90635089539F0D7FB099B7D
:10D1700013B19B6806A8984733F06CFD07482DF063
:10D1800049F8012030710BB0F0BD00BFD06E002017
:10D190005C470700780207001FCF02003DD2020063
:10D1A0007047000038B504460025084B0360057140
:10D1B0004FF480722946083040F0E0F8C4F8085176
:10D1C0002046C4F80C51C4F8105138BDE8020700DD
:10D1D00073B5044601A816460D4637F01BFED4F879
:10D1E0001031C3F580739E4204DD01A837F01AFEAA
:10D1F00002B070BD0020864216DDD4F81031B3F5C0
:10D20000807F0FD0D4F808312A5C23441A72D4F8F6
:10D2100008310133DBB2C4F80831D4F810310133DE
:10D22000C4F810310130E6E701A837F0FBFD012119
:10D23000014839F017FADBE7BC6E00200A460146C8
:10D240000148FFF7C5BF00BFA86D002038B50A4CE4
:10D250000A4D204639F0FCF92046094C09492A4676
:10D2600038F06FFE2046FFF79DFF2A46204606490C
:10D27000BDE8384038F065BEBC6E0020006000207C
:10D28000A86D00206B660600C3CE02007047704791
:10D290008180C28070470181704781727047807AB7
:10D2A000003018BF01207047704710B50C210446AC
:10D2B00039F06EF8204610BD2DE9F0431C461B786E
:10D2C000012BA3B080460D4640F0868003685B6A60
:10D2D0009847BD4B1E68BD4B81461F6812AB0028A6
:10D2E00066D098F80A20012A84BF002288F80A2014
:10D2F00003A800F062FD012103A800F073FD9DF872
:10D300000C2086F886209DF80C2086F88720E1788E
:10D3100004A800F002FBE2788DF82820A2788DF8AE
:10D32000292062788DF82A2032682946546F3046C9
:10D330000AAAA047326829463046946EFDF7D7FF07
:10D3400040F001022946D2B23046A0470022129294
:10D35000CDF84B2002228DF8482010228DF84C2069
:10D360003A683846D26E90478DF849003A68384698
:10D37000926E90478DF8140005A800F0F4FA8DF82D
:10D380004B0003A800F01CFD8DF84D0003A800F031
:10D3900017FD8DF84E003A6812AB0093D2F8944016
:10D3A0000723062229463846A04723B0BDE8F0836C
:10D3B00040F20552ADF848203A680093D2F8944004
:10D3C0000223062229463846A04733689B6E4A4608
:10D3D000294630469847E8E7042B78D17B4B1E68F6
:10D3E00004F1100206F1A30314F8011F03F8011958
:10D3F000A242F9D105AC1122002120463FF0BEFF28
:10D4000004238DF8143006F1A40309AA06F1B4012F
:10D410001F4613F8010B02F801099942F9D133684C
:10D420000094D3F894400622112329463046A047A1
:10D43000331D0DF147010DF1670206F1240013F8C9
:10D44000014B01F80149834293F83F4002F801493A
:10D45000F5D104ABCDE9007312AA06F194030AA931
:10D460005B4800F073FCD6F8FC209AB19DF81030B0
:10D470009DF8110057491B0603EB00439DF813006C
:10D4800003449DF8120003EB0023B3FBF1F001FB12
:10D4900010309047D6F80031002B86D098470446CC
:10D4A000002882D140F60543ADF80C30336803AA5A
:10D4B0000092D3F894700622022329463046B847DA
:10D4C000414B1868036822469B6E294682E7022B6F
:10D4D0003FF46BAF052B05D13B4B18680368002266
:10D4E0009B6E77E7082B0BD1374B1B6804F11002BA
:10D4F000973314F8011F03F801199442F9D154E746
:10D50000092B21D1631C0DF14D02E11D13F8010F10
:10D5100002F801098B42F9D12C4B1D682A4B2A686D
:10D520001B6803F198010091166F6178883312AA85
:10D530002846B047D5F8F430002B3FF436AF05F15C
:10D54000DA0112A8984730E70C2B45D112AA631CC8
:10D5500004F1210C164618685968174603C70833AA
:10D5600063453A46F7D11AAF4134186859683A46CC
:10D5700003C20833A3421746F7D1134B1C68236834
:10D58000294620469F6EFDF7B2FE40F00202D2B25D
:10D5900029462046B8470D4B1D6832462C1D22AE49
:10D5A000134603CBB342206061601A4604F10804BD
:10D5B000F6D12B68D3F8A44000231A4642F2250185
:10D5C0002846A047F1E600BF9CFF0600480107007F
:10D5D000E46E002040420F000D2B7FF4E6AE0DF10B
:10D5E000570304F1100214F8011F03F801199442C3
:10D5F000F9D1144B1C6829462046FDF778FE2368B4
:10D6000040F0100206469B6ED2B22946204698474B
:10D6100033070ED40C4B1B6812AC843316AD224674
:10D6200003CAAA4218605960144603F10803F6D1F0
:10D63000BBE6D8F8003012AA9B6A294640469847B4
:10D64000B3E600BF9CFF0600480107002DE9F04F3C
:10D65000554B1E68A5B0336807920DAF3A461B6F55
:10D66000304688469847514B1D682B6828465B6AB0
:10D6700098472B4605F1940953F8D42FCDF82D2067
:10D680009B88ADF8313005F1DA03039305F1A40B63
:10D690000BAB0DF13C0A4A4605F1B4010024CDE97B
:10D6A0000073CDF808A05B4641488DF82C4000F08F
:10D6B0008BFAADF828408DF82A402B6828469B6EDF
:10D6C00098478DF87C001FA800F04DF98DF82800D0
:10D6D0002B682846DB6E98478DF82A00336809AA24
:10D6E0009B6F4146304698471BAB22460134102CB5
:10D6F00003F8012BFAD113AB04930BAB03930DABDF
:10D7000002931BAF09AB01934A465B465146009713
:10D71000274800F0CBFA17AB04930DAB03930BAB88
:10D7200002930AABCDE900735A464B465146204856
:10D7300000F0BCFA2246079913A83FF0E9FD1FABA1
:10D7400008BB0D228DF87C200DF15C0919F8012B26
:10D750001A55013CFAD12A680093D2F8944011235B
:10D76000062241462846A04741463046FDF7BFFD08
:10D77000336840F020029B6ED2B241463046984753
:10D7800025B0BDE8F08F0B4A1288ADF87C202A68DE
:10D790000093D2F894400223062241462846A0472F
:10D7A000336800229B6EE8E79CFF060048010700F3
:10D7B000E46E00201403070070B586B0012ABDF89E
:10D7C0002C30BDF8346024D185882DB1C4881CB1BB
:10D7D000AB4220D3A3421ED81C460022008908B1C8
:10D7E000864201D1AAB13046ADF810300B4BADF8EE
:10D7F00016000022ADF814201868094A0392ADF80B
:10D800001240036803AA0092D3F8944005220C2327
:10D81000A04706B070BD2B46E0E700BF48010700F7
:10D8200012010800032AF7B50ED95D882C1DA2420B
:10D830000AD11F785A78122F03F1040406D1036825
:10D840000094DC6AEBB2A04703B0F0BD132FFBD10C
:10D85000036800941C6BF5E7F0B585B0072B0E4606
:10D860000A9C39D90023ADF80C308DF80920132318
:10D8700082888DF808300223ADF80A3052B1C3888F
:10D8800043B12188914202D362889A4202D901238E
:10D89000ADF80C3003892BB1E2889A421CBF0123FA
:10D8A000ADF80C300D4B1D6802AA2B680092D3F81E
:10D8B00094700522062331462846B847BDF80C303F
:10D8C00053B9E2882B680192A28800929F6D22884A
:10D8D000638831462846B84705B0F0BD48010700C7
:10D8E000034A026000224260028101228272704774
:10D8F0002403070008B5054B1846FFF7F1FF044A5B
:10D9000004491846BDE8084038F01BBBD86E00201B
:10D91000006000208DD202007047017070470378CC
:10D9200019B143F001030370704703F0FE03FAE7F7
:10D93000037819B143F004030370704703F0FB034D
:10D94000FAE7037819B143F008030370704703F056
:10D95000F703FAE7037819B143F020030370704727
:10D9600003F0DF03FAE700787047002070B5044643
:10D970008025834205DD0E5C165401301028F8D155
:10D9800070BD0CBFD5541454F7E700002DE9FF47D4
:10D990009946194BDFF864A01E6800240F46904694
:10D9A0008DF80F403368CDF800901D6E42460DF1A2
:10D9B0000F0339463046A847012814D01E2C19D031
:10D9C000DAF800502B682846DB689847C82002F038
:10D9D0004FFB2B6828469B689847013464206043BE
:10D9E00002F046FBDEE7B4F11E0018BF012004B0D0
:10D9F000BDE8F0870020FAE74801070058FE06005E
:10DA0000F0B589B01C466D4600232E461F460133F3
:10DA1000102B05F8017BFAD113788DF80D3053786F
:10DA20008DF80E3093788DF80F30324604ABFFF747
:10DA3000ADFF9DF81D3023709DF81E3063709DF87A
:10DA40001F30A370012009B0F0BD10B501F1100026
:10DA50001032002310F8014D43EA440302F8013D5F
:10DA6000037888424FEAD313F4D110BD30B50020BB
:10DA70000C5C155C6C401C5401301028F8D130BD92
:10DA8000F0B58DB004461E4604A8002315461F4677
:10DA900002460133102B00F8017BFAD16B46204679
:10DAA000FFF774FF9DF90030002B0FDB2A46694613
:10DAB0002046FFF7CAFF95F90030002B12DB3246F3
:10DAC00029462046FFF7C1FF0DB0F0BD08AA694600
:10DAD0002046FFF7BAFF2B46084A08A92046FFF761
:10DAE000C5FFE8E708AA29462046FFF7AEFF334600
:10DAF000024A08A92046FFF7B9FFE5E708600020C1
:10DB00002DE9F04798B01D46904614AB10AA064682
:10DB10008946209FFFF7B4FF15F10F0448BF05F1B8
:10DB20001E04241105F00F0326D033BB611E08AB81
:10DB300010AA08EB01113046FFF798FF6D4600234D
:10DB40002A4619460133102B02F8011BFAD14FF077
:10DB5000000A013C544504AB20DD08EB0A1269467B
:10DB60003046FFF783FF6B4604AA49463046FFF76D
:10DB70000DFF0AF1010AEDE701246D4205F00F05E2
:10DB800004F1FF3158BF6B420CAA08EB011130467B
:10DB9000FFF7EBFE08AB14AA0CA9CCE708AA2946AC
:10DBA0003046FFF763FF2B4604AA49463046FFF78D
:10DBB000EDFE7B1E0F3715F8012B03F8012FBB423A
:10DBC000F9D118B0BDE8F0872DE9F0479AB0354C8F
:10DBD000DDE9229804AD07468E4604F1100AAC46F2
:10DBE000206861682E4603C6083454453546F7D18F
:10DBF0002D490120D1F82310ADF80C0000208DF83C
:10DC00003000CDF8311002F110000DF1350152F85D
:10DC1000044B41F8044B8242F9D10DF1450203F166
:10DC2000100153F8040B42F8040B8B42F9D1D9F8D8
:10DC30000030CDF85530B9F80430ADF8593099F8C6
:10DC400006308DF85B3098F80630D8F80000B8F848
:10DC500004208DF8623008ACBDF80C301790614696
:10DC6000ADF86020ADF8633072463846009420234A
:10DC7000FFF746FF249B00930CAA21463846352324
:10DC8000FFF73EFF259B00930125384635230CAA5C
:10DC900021468DF83050FFF733FF28461AB0BDE813
:10DCA000F08700BF6B030700580307002DE9F0471A
:10DCB00094B0DDE91D7603AC1F9D84468E4602F1CB
:10DCC000100AA04610685168A146A9E8030008326E
:10DCD00052454C46F6D107AC03F110091868596853
:10DCE000224603C208334B451446F7D11C9B0BAAAE
:10DCF00003F1100918685968144603C408334B45EA
:10DD00002246F7D1BB788DF83E303368CDF83F30EE
:10DD1000B388ADF84330B3798DF845302B68CDF832
:10DD20004630AB88ADF84A30AB793A888DF84C3044
:10DD3000209BADF83C20009360464123424671464B
:10DD4000FFF7DEFE012014B0BDE8F087F0B59BB010
:10DD500006AC1F4606460B4601F1200EA446186885
:10DD60005968254603C5083373452C46F7D1134639
:10DD700003F120050EAA18685968144603C4083335
:10DD8000AB422246F7D1209B16AA03F11005186872
:10DD90005968144603C40833AB422246F7D102AB9C
:10DDA00000936246304650233946FFF7A9FE219B77
:10DDB000059A1A6001201BB0F0BD00220270704766
:10DDC00000787047007800F0010070470078C0F3D9
:10DDD000400070470078C0F3800070470078C0F3BF
:10DDE000C0007047037819B143F002030370704715
:10DDF00003F0FD03FAE7002070470368C9B21B680F
:10DE0000184749000023C161C0F82C3270470368ED
:10DE100001211B6B184710B403689C6B0123A446B7
:10DE20005DF8044B6047D0F82C32B3F5807F1FBFFC
:10DE30005A1CC0F82C22C01880F82C1114BF0120E5
:10DE400000207047D0F8280170477047C0F83012A2
:10DE50007047C0F8341270470346D0F82801A8B1C3
:10DE6000D3F8282182B1D3F824211A4492F8200053
:10DE7000D3F824210132D2B2C3F82421D3F82821C7
:10DE8000013AC3F8282170474FF0FF307047D0F8AF
:10DE900028312BB1D0F82431184490F82000704775
:10DEA0004FF0FF307047000010B5044B036004468C
:10DEB00000F50E7038F0C4FD204610BD00040700C8
:10DEC00038B50446A82038F04BFA94F9192094F993
:10DED0001810054634F04AFC656138BD70B505463A
:10DEE00088B048200E4638F03BFA95F9192095F98C
:10DEF0001810044634F074FC20462C61710034F094
:10DF00008BFC0C4B07930C4B02930023039301955E
:10DF100001AB93E8070004AC84E80700214605F54F
:10DF20000E7038F0FBFC079B13B19B6820469847A6
:10DF300008B070BDE00307000FE1020038B5D0F86B
:10DF40002C3214461A44B2F5807F88BFC3F5807422
:10DF5000054600F59670224618443FF0E7F9D5F8DB
:10DF60002C322344C5F82C32204638BD38B504463F
:10DF700040690D4608B134F01DFB206920B12946E7
:10DF8000BDE8384034F046BC38BD38B50446406979
:10DF900010B10368DB68984723696BB104F50E750F
:10DFA000284638F02BFD284638F072FD20694821BC
:10DFB000BDE8384038F0ECB938BD1FB50246D0F89E
:10DFC0002C32D469406981F0010100913BB90123F1
:10DFD00003AA214634F01FFBC0B204B010BD02F505
:10DFE0009672214634F0F8FA002814BF022000206F
:10DFF000F3E710B4D0E9013401686210E40701EBE3
:10E00000020048BF8A585DF8044B48BFD3581847F0
:10E0100010B5044600F00DF984423BBF2401024BC9
:10E020004FF0FF30185710BD1860002073B54FF443
:10E030007A730025C0E90153194B03600446C0E917
:10E0400004550176427629464FF4807220303FF025
:10E0500095F9144BC4F82051C4F838322946C4F855
:10E060002451C4E98B55C4F82851C4F83452C4F87B
:10E07000485204F51E7038F0A7FB04F5237038F001
:10E0800041FB04F50E76084B009330462B464FF4C7
:10E090000062182138F036FC204602B070BD00BF87
:10E0A000000407005C470700EC030700D0F80831C4
:10E0B000B3F5807F0DD0D0F80031C154D0F80031D5
:10E0C0000133DBB2C0F80031D0F808310133C0F8B9
:10E0D00008317047F0B5C3B083F0010300930646E2
:10E0E00015461346490002AA406934F094FA50B923
:10E0F00002AC67192036BC4206D014F8011B30462A
:10E10000FFF7D4FFF7E70025284643B0F0BD2DE91F
:10E11000F0410446BCB000F120070025206934F02E
:10E1200082FB0328FAD8DFE800F03B021414D4F88D
:10E13000343203B19847D4F82C2232B104F59671E9
:10E14000206934F074FBC4F82C52206934F077FB5A
:10E15000E4E7C4F82051F022C4F824516946C4F819
:10E160002851206934F061FB0026804646450BDAD1
:10E17000D4F82831B3F5807F06D01DF80610384654
:10E18000FFF794FF0136F1E7D4F82831002BC5DD05
:10E19000D4F83032002BC1D0D4F828019847BDE71D
:10E1A00001F076FFBAE70000F8B50420FFF730FF72
:10E1B00005460520FFF72CFF104C114E2946114D46
:10E1C00002462046FFF732FF32462946204637F006
:10E1D000B8FE1020FFF71CFF07460F20FFF718FFBF
:10E1E000094C024639462046FFF720FF32462946B1
:10E1F0002046BDE8F84037F0A4BE00BFE86E00201E
:10E2000000600020A9DE0200DC71002030B5A1F121
:10E210001004002500F00F02D3B2092ACCBF373317
:10E2200030338B73CD7302398C424FEA1010F1D129
:10E2300030BD21207047000030B5012185B00B2092
:10E2400001F070FF01210B2001F0ACFF4FF0804383
:10E250000024C3F85C4503F588334FF48032C3F8DB
:10E260004823C3F80823A3F570436D46C3F800455F
:10E27000C3F80045084B0FCB85E80F0021464FF04F
:10E28000FF3255F8043B0134042CC3F80015C3F8E1
:10E290006025F6D105B030BD5004070038B54FF009
:10E2A000805504462146D5F8A800FFF7AFFFD5F802
:10E2B000A40004F11001FFF7A9FF202038BD0000E1
:10E2C00072B64FF080434E22C3F81C25BFF34F8F28
:10E2D0000549064BCA6802F4E0621343CB60BFF302
:10E2E0004F8F00BFFDE700BF00ED00E00400FA051E
:10E2F000C3680BB19B681847704770B590F834310C
:10E3000005461446F3B90368DB69984704F4706363
:10E31000B3F5407F04F0F0030CBF0721082104F09F
:10E320000F02302B0CBF02230123012A08D0901EBC
:10E3300042424241A869BDE87040006834F05CBBCD
:10E340000222F7E770BD10B590F8343104462BB9BE
:10E35000A369186834F078FB0028F9D010BD38B5EF
:10E3600090F834510446A5B983695BB1186848B187
:10E370000368DB689847A3691D600421A06938F031
:10E3800007F8A5610023C4F82431C4F82831C4F883
:10E390002C3138BD70B590F8343188B004460D4644
:10E3A000002B3DD1866926B9042037F0D9FFA06142
:10E3B0000660A3691868002834D14FF4807037F0E4
:10E3C000CFFF2B4694F9212094F92010064634F013
:10E3D000B9FEA3691E6094F92220531C06D0A069DF
:10E3E00094F923300068032134F0BCFEA3691D6852
:10E3F000B5B10E4B079300260D4B01940293039683
:10E4000001AB93E8070004AC84E8070032462146DC
:10E41000284634F02AFB079B13B19B682046984797
:10E4200008B070BD294634F0D3FAD4E76004070081
:10E4300091E5020010B4D0E9013401686210E407EC
:10E4400001EB020048BF8A585DF8044B48BFD3581F
:10E450001847000008B590F834313BB1012001F0B5
:10E4600007FE0648BDE8084001F02CBA82691AB1DF
:10E470001368003318BF0123184608BDD47C002060
:10E4800070B504460D4601F01DFA30B123682946E7
:10E4900020461B6CBDE87040184770BDA0F5A07009
:10E4A000EEE7000013B590F834318DF807100446FC
:10E4B0002BB1C9B20B48FFF7E3FF02B010BDA3694F
:10E4C000186834F0C1FA0028F9D0A3691868036805
:10E4D00001221B690DF107019847013018BF012087
:10E4E000EBE700BFD47C00202DE9F04107468846C9
:10E4F000164601F0E7F970B10024A6420CD9351B8D
:10E50000402D28BF402508EB04012A46384600F07C
:10E51000C5FE2C44F1E704462046BDE8F081A0F595
:10E52000A070E1E770B590F8343105460E46144608
:10E530002BB10F48FFF7D8FF0446204670BDAB69EA
:10E54000186834F081FA0028F9D0AB691868D0F85F
:10E55000FC3001211B6BFC309847AB6918680368DD
:10E5600022461B6931469847013008BF0024E4E782
:10E57000D47C002008B54FF4807200213EF0FEFEEE
:10E580000022C0F80021C0F80421C0F8082108BD0D
:10E5900037B590F834310446EBB900F12405A3698E
:10E5A000186834F040FAB0B137F08CF9A3691868F4
:10E5B000036801225B690DF107019847D4F82C31FB
:10E5C000B3F5807F04D09DF807102846FFF76EFD55
:10E5D00037F08EF9E3E703B030BDF0B50546C3B0C0
:10E5E00001F0E4F8D5F85832C3F580739842044638
:10E5F000C8BFD5F8584202AEC8BFC4F5807401AB9D
:10E6000022463146284600F033FF05F5A877D5F8B5
:10E610005832B3F5807F0AD0019B43B1E31A3846E4
:10E62000F15CFFF743FD019B013B0193EFE743B032
:10E63000F0BD38B5044600F0DFFA2046FFF7CDFF05
:10E64000D4F85852204600F0DFFA284638BDA0F52D
:10E65000A070EEE710B590F8343104462BB10648AF
:10E66000FFF7E7FF0446204610BD37F02BF9D4F83A
:10E670002C4137F03DF9F6E7D47C002038B504464C
:10E6800000F0BAFA2046FFF7A8FFD4F858324BB191
:10E69000D4F85432234493F85051204600F0B4FA91
:10E6A000284638BD4FF0FF35F7E7A0F5A070E5E745
:10E6B00010B590F8343104462BB10B48FFF7DEFF5C
:10E6C0000446204610BD37F0FDF8D4F82C313BB19C
:10E6D000D4F82801044494F8244037F009F9F0E70D
:10E6E0004FF0FF34F9E700BFD47C002038B5044672
:10E6F00000F082FA2046FFF770FFD4F85832A3B139
:10E70000D4F85432234493F85051D4F8543201339E
:10E71000DBB2C4F85432D4F85832013BC4F8583252
:10E72000204600F071FA284638BD4FF0FF35F7E774
:10E73000A0F5A070DAE7000010B590F83431044677
:10E740002BB11148FFF7D2FF0446204610BD37F029
:10E75000B9F8D4F82C319BB1D4F82831234493F87C
:10E760002400D4F828310133DBB2C4F82831D4F8BE
:10E770002C31013BC4F82C31044637F0B9F8E4E7FA
:10E780004FF0FF34F9E700BFD47C00202DE9F843B7
:10E79000174C184F276000254FF47A78C4E90158C8
:10E7A000202604F12400C4E90565E561FFF7E2FED7
:10E7B0000123062084F83431FFF72AFC8146072024
:10E7C000FFF726FC0C4C4FF6FF7384F82100C4E9D8
:10E7D0000158638404F124002760C4E90565E561FC
:10E7E00084F82090FFF7C6FE84F83451BDE8F88322
:10E7F0000876002074040700D074002038B5054660
:10E80000064B45F8283B044634F09CFA2846FFF7AF
:10E810006FFD204634F0F0FB204638BD003807007D
:10E82000002070477047704710B5D0F88C452CB168
:10E83000236820465B689847A468F8E710BD38B5A0
:10E84000D0F88C450D4634B1236820469B68294694
:10E850009847A468F7E738BD0048704744050700AB
:10E8600010B5054B0360044635F091FF204635F0A6
:10E87000A7FF204610BD00BFC404070010B5044622
:10E88000FFF7EEFF20464FF4B26137F081FD2046DE
:10E8900010BDF7B5D0F88C4505460E460023A4B14F
:10E8A00023683146DF680DF1030201AB2046B8470B
:10E8B0009DF803100429034605D0019A284635F037
:10E8C000C3F903B0F0BDA468E9E7019A9DF803100D
:10E8D000F4E770B505460E4622B10021BDE8704050
:10E8E00034F0AEBFD0F88C455CB1236800221B69C0
:10E8F00031462046984710B101212846EEE7A4682A
:10E90000F2E72146F9E770B5D0F88C450E4605468A
:10E9100000213CB12368314620465B699847A468D2
:10E920000146F6E72846BDE8704035F089B8F8B5ED
:10E93000D0F88C4505460E4617463CB12368204664
:10E940009B693A4631469847A468F6E72846012174
:10E95000BDE8F84035F0D2B870B5002186B0044665
:10E9600035F06EFB0023ADF806304FF48971238932
:10E97000ADF80410ADF81030022140F201238DF8FB
:10E980000710ADF8123040F2EF2140F20313626835
:10E99000ADF80810ADF81430012104F10A038DF828
:10E9A0000A108DF80B00039201AD05AE1C462A46F5
:10E9B00003CAB24218605960154603F10803F6D144
:10E9C00012881A80204606B070BD2DE9F04100245F
:10E9D00006460D464F1CA04630463FF08FFBA04236
:10E9E00006D9335D05F8143007F814800134F3E7D5
:10E9F000400000F0FE00BDE8F08138B5D0F88C553D
:10EA0000044635B12B6828461B6A984710B9AD6893
:10EA1000F7E7284640F20233A4F8483504F24A5199
:10EA2000FFF7D3FF94F84835184484F8480504F5F7
:10EA3000A96038BD40F2023310B500F20A51044615
:10EA4000A0F808350548FFF7C0FF94F808351844CA
:10EA500084F8080504F5A16010BD00BFA0040700FC
:10EA600040F2023310B50446A0F8C83400F2CA40A0
:10EA7000FFF714FC94F8C834184484F8C80404F56B
:10EA8000996010BD2DE9FF4100238DF80A3090F800
:10EA900088351A4A8DF80830012301928DF8093023
:10EAA0003222C0238DF80B308DF80C2001AB0446C8
:10EAB00000F54E7803CBC4F83803C8F8041088F882
:10EAC0000820D4F88C5509268DB12B6800211B68CD
:10EAD00028469847478806F54E73093F00F109011B
:10EAE0003A46E0183EF022FC3E44AD68ECE7404672
:10EAF000A4F83A6304B0BDE8F08100BF0902FFFF4B
:10EB000073B504460D46164638F0A2F94FF48073EB
:10EB10000093014633462A46204635F059FA024B07
:10EB20002360204602B070BDC404070010B5D0F8C1
:10EB30008C35044693B9C0F88C1594F888354A7919
:10EB40000B71134484F888350B6808465B6A984754
:10EB5000238918442081012010BD13469A68002A99
:10EB6000FBD19960E9E71FB5044635F02BFA014661
:10EB7000684634F0B3FB4021684634F01EFCD4F8FC
:10EB80008C4534B123682046DB6969469847A46800
:10EB9000F7E7684634F0A9FB04B010BD10B5044691
:10EBA000FFF7E1FF2046BDE8104035F07BB90000DB
:10EBB00010B50D4C2378BFF35B8FDB0712D42046D2
:10EBC00037F0D2F970B148F2450242F686010748A3
:10EBD000FFF796FF204637F0E9F9054A0549034853
:10EBE00037F0AFF9014810BD40770020447700208E
:10EBF0000060002061E8020010B5FFF7D9FF03684C
:10EC0000BDE810405B6F184710B5FFF7D1FF0368F0
:10EC1000BDE810409B6F184710B5FFF7C9FF0368A8
:10EC2000BDE81040DB6F184734F004BD34F0C6BCBB
:10EC300034F0F0BC704770477047436A93F878002F
:10EC40007047D0F824017047012070470048704792
:10EC5000A00607002DE9F041044694B00D464B2272
:10EC6000002101A83EF08AFBD4F82431002B14BF08
:10EC70004FF005084FF00008002D40F0898009256D
:10EC80004FF481708DF8155004252179ADF80800F6
:10EC90008DF81650802001258DF80B008DF8195045
:10ECA00040F632008DF81C508DF81D8042F205456B
:10ECB00040F2015894F80EE0ADF80C0040F2022644
:10ECC0004B1C40F209220B20ADF81E50ADF82280FB
:10ECD000ADF82C50DFF8BC80ADF804200625DBB27F
:10ECE0004B228DF80E008DF80F100220ADF8106049
:10ECF0008DF81710ADF81A60CDF8248010268DF825
:10ED00002E508DF82F10072505218DF833E0DFF800
:10ED1000888094F80CC0677B8DF8062044F2030EBF
:10ED20008DF812008DF821608DF830308DF832109A
:10ED3000CDF828808DF83150ADF834E08DF83A30B8
:10ED400040F60223ADF83C3044F20203ADF8443003
:10ED50001D3440F207538DF837608DF84210ADF83E
:10ED600048308DF84B00402340F2094601A9204667
:10ED7000ADF838608DF841508DF843C08DF84A7079
:10ED80008DF84C303EF0D2FA204614B0BDE8F08148
:10ED90000020FAE7240103010424020638B50546E1
:10EDA0000A4B45F8D03B0446FFF702FF35F0EFFC75
:10EDB000284634F09DFB04F17C0034F099FB04F10B
:10EDC000700034F095FB204638BD00BF6006070098
:10EDD00010B50446FFF7E2FF20464FF4947137F078
:10EDE000D7FA204610BDFFF717BF000010B5034B40
:10EDF0000360044634F0FAF9204610BD8C05070084
:10EE000010B50446FFF7F2FF2046282137F0C0FA7C
:10EE1000204610BD10B5034B0360044634F0E6F9FC
:10EE2000204610BD5C05070010B50446FFF7F2FF51
:10EE30002046342137F0ACFA204610BD10B5034B04
:10EE40000360044634F0D2F9204610BD7405070073
:10EE500010B50446FFF7F2FF2046382137F098FA44
:10EE6000204610BD38B51B4B0D461968C0F80F1071
:10EE700099889B7943750446A0F81310402202211B
:10EE8000284634F090FA402220730221284634F0BC
:10EE90008FFA402260730321284634F084FAA0736D
:10EEA000284634F023FA20B9AF220B490B4836F03C
:10EEB0005FFC002304F18502C4E9322304F1D90286
:10EEC00084F8783084F8843084F8D830C4E9472353
:10EED00038BD00BFA8050700E40507004606070087
:10EEE0002DE9F34104460E461546FFF795FEF288DC
:10EEF00023799A4237D1002D35D17778012F2ED141
:10EF0000F378202B27D13289072A24D104F10F0866
:10EF100004F11605294640463EF0FAF9D0B1D4F87E
:10EF20001630C4F80F30638BA4F81330237F637559
:10EF3000E17B237CA07CE27C009201EB0321637CDB
:10EF4000627D01EB0341236801EB00615D6B237D72
:10EF50002046A8473D46F378212B08BF01252846C7
:10EF600002B0BDE8F0810025F9E710B50446FFF7CF
:10EF700053FEFFF71DFE217B35F0A6FA04F1850351
:10EF8000C4F8C8300023C4F8CC3084F8843004F1CD
:10EF90007C0034F062FA94F884302BB92368204660
:10EFA000DB6BBDE81040184710BD000070B504468B
:10EFB000FFF732FED4F820512DB140F2DD120F4997
:10EFC0000F4836F0D5FB04F1D903C4F81C31FFF724
:10EFD000EFFD617B35F0D6F984F8D850C4F82001F4
:10EFE00004F1D00034F039FA94F8D8302BB9236802
:10EFF00020469B6BBDE87040184770BDE4050700D4
:10F00000B405070010B4D0E9013401686210E407C8
:10F0100001EB020048BF8A585DF8044B48BFD35843
:10F0200018470000F0B505468DB008ACFFF7F4FDB9
:10F030000026FFF7BDFDA97B0094032340220B9619
:10F0400034F04AFF2046FFF753F9FFF7B1FD1D4B9F
:10F050000595CDE9063605AB844693E807001A4FBF
:10F060000B97022384E80700297B00944022604626
:10F0700034F032FF2046FFF73BF9FFF799FD134BC1
:10F080000295CDE9033602AB844693E807000B975F
:10F09000022384E80700697B00946046402234F034
:10F0A0001BFF2046FFF724F9FFF782FD4023D5F828
:10F0B0001C21697B35F008F9012085F8D8000DB0D6
:10F0C000F0BD00BF6BEF02009C050700ADEF020032
:10F0D00038B502234371002383600C4B044640F88B
:10F0E000703B154634F0ACF904F17C0034F0A8F91B
:10F0F00004F1D00034F0A4F9C4F82451FFF758FD0E
:10F100002146FFF713FD204638BD00BF600607000B
:10F1100070B504460D46FFF77FFD84F87850002D4A
:10F120003ED194F8843033B1FFF742FD217B34F0B7
:10F13000A3FF84F8845004F1850304F17C060025C4
:10F140003046C4F8C830C4F8CC5034F086F93046A4
:10F1500034F07CF928B9154915484FF4A27236F0FD
:10F1600007FB94F8D83033B1FFF722FD217B34F050
:10F1700083FF84F8D85004F1D903C4F81C3104F19A
:10F18000D00500232846C4F8203134F066F928461B
:10F1900034F05CF920B94FF4A77204490548DEE762
:10F1A00004F17000BDE8704034F057B9E405070081
:10F1B000C2050700D305070010B50446FFF72CFD74
:10F1C00020460021BDE81040FFF7A2BF38B50D462C
:10F1D0000446FFF721FD042D05D020460021BDE89F
:10F1E0003840FFF795BF38BDF8B5164604460D46C2
:10F1F0001F46FFF711FD04233370EA8823799A42F2
:10F2000025D16978012922D1EA78212A08D0222A39
:10F210000BD0202A4FF000001BD13070163401E0D3
:10F2200031700F343C600720F8BDAB8813F0010348
:10F2300008BF19462046FFF76BFFAB8803F00103B8
:10F24000E366AB8803F00203A36602233370002059
:10F25000EAE703233370E7E710B58AB00446FFF707
:10F26000CBFC684633F0B6FF0A4B0093694604F1C5
:10F270007000099434F009F92046FFF7C5FC064BED
:10F2800000211A68684633F0EFFF6846FFF7AEFDCD
:10F290000AB010BD8C050700B005070070B58EB030
:10F2A000154604460E46FFF7A7FC01A833F092FF6F
:10F2B0000E4B0C9501A9002504F17C000193CDE9CA
:10F2C0000A468DF8345034F0E0F82046FFF79CFCF5
:10F2D000074B29461A6801A833F0C6FF01A89DF81C
:10F2E0003440FFF797FD20460EB070BD5C05070067
:10F2F000B005070010B50446FFF78EFC94F8843083
:10F300007BB9D4F8CC3063B1FFF752FCD4F8CC30E1
:10F31000217B04F1850235F075F810B1012384F8E2
:10F32000843010BD2DE9F8431E46044689469046B8
:10F330009DF82070FFF760FC0023336094F878306C
:10F34000E3B194F88430CBB9D4F8CC50C5F1400582
:10F35000454528BF4546B8F1000F05D02A46494625
:10F36000D4F8C8003DF0E2FFD4F8CC302B44C4F808
:10F37000CC30356017B12046FFF7BCFF2046BDE812
:10F38000F843FFF741BCF0B50446406A90F8785066
:10F3900085B001262DB984F830503546284605B091
:10F3A000F0BDD4E90A1203AB002700960397FFF7DC
:10F3B000B9FF0399E36AA26A5B1A0A44E362A26294
:10F3C00013B984F83060E9E7606AFFF793FF3D46C0
:10F3D000E4E700002DE9F0431C4691B09046064654
:10F3E0008946FFF709FC002C08BF01AC4FF000056F
:10F3F000256002A80CBF0127002733F0EBFE104B5D
:10F40000029302A906F1D000CDE90D84CDE90B6984
:10F410008DF83C708DF83D5034F037F83046FFF7EA
:10F42000F3FB084B29461A6802A833F01DFF02A817
:10F430009DF83D40FFF702FD204611B0BDE8F08386
:10F4400074050700B005070010B5D0F82031044658
:10F450006BB990F8D83053B9FFF7AAFB402304F1F9
:10F46000D902617B34F030FF012384F8D83010BD1D
:10F4700070B51E4604460023336094F87830084681
:10F48000EBB194F8D830D3B9D4F82051D4F81C118A
:10F49000954228BF15462A463DF048FF3560D4F80E
:10F4A0001C31D4F820212B44551BC4F81C31C4F85E
:10F4B000205125B92046BDE87040FFF7C5BF70BD9B
:10F4C00037B50446406A90F878502DB984F8355025
:10F4D0000125284603B030BD0023D4E90A12019368
:10F4E00001ABFFF7C5FF0199A26A0A44A262226B31
:10F4F00013680B441360E36A019A9B1A94F8342052
:10F50000E36212B9226B126802B91BB9012384F8B5
:10F510003530DEE7606AFFF797FF0025D9E76FF027
:10F520001500704700290CBF6FF0180000207047CD
:10F53000012070476FF0150070476FF0150070479D
:10F540001120704770477047704703689B6C1847DD
:10F55000A0F5A070F9E7704770477047704710B585
:10F560000446012000F084FD94F8780010BDA0F559
:10F57000A070F4E738B54FF0FF320123FF210B48AC
:10F580000B4D37F098F800F061FD044695F878309F
:10F590001BB1012000F06CFDF8E700F057FD001BE7
:10F5A000C728F6D9BDE83840FEF78ABE8C7F002018
:10F5B000D47C002007B50122019101A9FFF76EFE5E
:10F5C00018B1019803B05DF804FB4FF0FF30F9E784
:10F5D000A0F59470FFF7EEBF07B5002301220DF1EF
:10F5E00007018DF80730FFF7F5FE20B19DF8070001
:10F5F00003B05DF804FB4FF0FF30F9E7A0F594701D
:10F60000FFF7EABF2DE9F8430446884617461E4631
:10F61000089DFFF701FBD4F87092B9F1000F04D0F8
:10F620002B46324639464046C847C4E99887C4E964
:10F630009A65BDE8F88370B50646FFF7EDFA06F562
:10F640001D740025D6F8B432AB4208D920461034D8
:10F6500054F8043C1BB11B6898470135F2E770BDB4
:10F66000B0F5966F03D10121014836F0FBBF70471A
:10F670008C7F002010B4D0E9013401686210E407E7
:10F6800001EB020048BF8A585DF8044B48BFD358CD
:10F6900018470000114B03F1780270B50360C0F801
:10F6A000282103F1D802E8330446C0F82C21C0F821
:10F6B000403100F52D7500F51D76B54204D0103DA2
:10F6C0002846FEF715FEF8E704F5947035F020FDA6
:10F6D0002046FFF763FB204670BD00BFD40607003D
:10F6E000A0F59470FFF7D6BFA0F59670FFF7D2BFD4
:10F6F00010B50446FFF7CEFF20464FF42E7136F0CA
:10F7000047FE204610BDA0F59670FFF7F1BFA0F5AB
:10F710009470FFF7EDBF0000F7B5044615461F468D
:10F720000E4637F095FBBDF824300193BDF820302C
:10F7300000932A463B4601462046FFF7C9FC0021BC
:10F7400004F5947035F0BAFC00254FF47A73C4E9DF
:10F750005153154B236003F17802C4F8282103F1BB
:10F76000D802E833C4F82C21C4F840314FF4807239
:10F77000294604F5A8703DF001FEC4F85052C4F8C3
:10F780008052C4F85452C4F89052C4F85852C4F885
:10F79000A052C4E9AC55C4F8705216B12046FFF728
:10F7A0005BFD204603B0F0BDD406070038B5054622
:10F7B000FFF722FA95F8D8304BB9D5F82041402C04
:10F7C00028BF40242846FFF71FFA204638BD0024F2
:10F7D000F8E70000F0B504468BB0FFF70DFA304BA8
:10F7E000C4F870322046FFF70FFA2E4B09932E4BC8
:10F7F000049300230593039403AB93E8070006AD3D
:10F8000085E80700FFF7F8F9D4F8B462032E13D89F
:10F8100004EB0617731C07F51D77C4F8B43238469D
:10F82000FEF766FD04EB0616099BC6F880321BB195
:10F830005B682946384698472046FFF7E5F9284691
:10F84000FEF756FDBC2036F08BFD0027174B0360FA
:10F85000064639460761403036F0B6FF06F15400DF
:10F8600036F050FF124B00934FF480723B46304607
:10F87000182137F047F80F4B09930F4BC4F85C621F
:10F8800029463046CDE90637089737F047F828462D
:10F89000FEF72EFD2046FEF7A0FE0BB0F0BD00BF28
:10F8A00061F60200B8060700DBE502005C470700CE
:10F8B000C40607007802070075F50200A0F5A070E5
:10F8C000FFF788BF90F878007047000037B50F4CFD
:10F8D0000F4D204636F0BCFE2A460E49204636F033
:10F8E00030FB0D4C42F212030122CDE9003200221E
:10F8F00011464FF4F8532046FFF70EFF07492A46FA
:10F90000204603B0BDE8304036F01BBB8C7F0020A2
:10F91000006000206B660600D47C002095F6020093
:10F9200008B53DF0BFF82DE9F04F027D012A85B002
:10F9300005460E4640F0908000214FF0FF3B044604
:10F940000B465F4694F804C048B2BCF1000F75D175
:10F9500094F805C0BCF1000F70D1B7F1FF3F1BBF99
:10F9600001335BB201233846934201DD1A468346D8
:10F970000131082904F102045ED1002402EB0B03DB
:10F98000A1460293CB4502DC029B4B4559DC95F81E
:10F99000058095F804A04FEA28170AF00F03FAB281
:10F9A0005FEA2A1A019208F00F0870D05FFA8AF114
:10F9B000BAF1090FD4BF303157313046039300F00C
:10F9C000C2F8039B0444092B94BF03F1300103F1F7
:10F9D00057013046039300F0B6F8039B0444BAF194
:10F9E000000F01D103B94FB1092F019FD4BF3037A8
:10F9F0005737F9B2304600F0A6F80444B8F1090FC1
:10FA000094BF08F1300108F15701304600F09BF82F
:10FA1000B9F1070F044404D03A21304600F093F8BE
:10FA2000044409F10109B9F1080F05F10205A9D152
:10FA3000204605B0BDE8F08F074683E74FF0FF3062
:10FA400096E7CB45EDD1BBF1000FE5D13A21304629
:10FA500000F079F80444DFE700F1100700F1130922
:10FA6000002417F8011B0A22304600F0D8F82E2196
:10FA70008046304600F067F8B94540440444F0D170
:10FA80000A22E97C304600F0CAF80444D0E7002B93
:10FA900099D1A8E710B5054B036004460175102203
:10FAA000002104303DF06AFC204610BDF00707003D
:10FAB00070B5074D0560837400259DF810300575FD
:10FAC00045608560C56001744274C37470BD00BF39
:10FAD000F007070007B501210648FFF7DBFF002309
:10FAE00000931A4619460448FFF7E2FF03B05DF899
:10FAF00004FB00BFA07F0020B87F0020F8B50546BA
:10FB00000E4617460024BC4207D02B68315D1B68A7
:10FB10002846984708B10134F5E72046F8BD70B58E
:10FB200005460C46084649B13EF0E8FA2B68024605
:10FB3000214628465B68BDE87040184770BD08B58F
:10FB4000FFF7EDFF08BD03681B68184708B50249B9
:10FB5000FFF7E5FF08BD00BF8F44070038B5054635
:10FB6000FFF7DDFF04462846FFF7F0FF204438BDCD
:10FB700070B58AB000238DF82430012A98BF0A227C
:10FB800009ACB1FBF2F502FB1516F3B2092E94BFD6
:10FB900030333733DBB28A4204F8013D04D92146C1
:10FBA000FFF7BDFF0AB070BD2946EAE72DE9F04135
:10FBB00007460E4615462AB90368C9B21B68BDE858
:10FBC000F04118470A2A05D1002905DBBDE8F041BC
:10FBD000FFF7CEBFD2B2F9E72D21FFF7B4FF2A46D7
:10FBE000044671423846FFF7C3FF2044BDE8F08168
:10FBF00038B50546FFF7DAFF04462846FFF7A6FFAB
:10FC0000204438BD10B42AB903685DF8044B1B6862
:10FC1000C9B21847D2B25DF8044BFFF7A9BFFFF78E
:10FC2000F1BF38B50546FFF7EDFF04462846FFF75C
:10FC30008DFF204438BD00002DE9F84F0A9E07468D
:10FC4000002E10461946B8BF022614461D463CF049
:10FC5000D1FC38B14B493846FFF761FF8246504628
:10FC6000BDE8F88F25F000494FF0FF32464B2046A3
:10FC700049463CF0BFFC48B94FF0FF32424B2046AA
:10FC800049463CF099FC08B94049E4E74FF060422E
:10FC90003F4B204629463CF0A3FC08B13D49DAE73A
:10FCA0004FF060423C4B204629463CF07BFC00284C
:10FCB000F4D100220023204629463CF073FCD0B149
:10FCC0002D213846FFF73FFF05F1004382461D46D0
:10FCD0003249DFF8D0904FF0000B00204FF00008C1
:10FCE0005FFA8BF3B3420BF1010B06DA42464B4647
:10FCF0003CF010FBF4E78246EAE702460B4620465A
:10FD000029463CF027F80D4604463CF089FC804625
:10FD10003CF05CF902460B46204629463CF018F8B8
:10FD20000A2204460D4638464146FFF721FF824429
:10FD300026B11B493846FFF7F2FE8244DFF8649093
:10FD40004FF0000816F1FF3689D34B464246204655
:10FD500029463CF0B5F90D4604463CF061FC0A2208
:10FD6000014683463846FFF703FF824458463CF07D
:10FD70002DF902460B46204629463BF0E9FF044692
:10FD80000D46DFE7F4070700FFFFEF7FF8070700E6
:10FD9000FFFFEF41FC070700FFFFEFC10000E03F5E
:10FDA0007BFD060000002440FFF746BF37B50699EB
:10FDB00000910546FFF740FF04462846FFF7C6FEC0
:10FDC000204403B030BD10B50446006808B13DF0D2
:10FDD00045FA204610BD10B50446006808B13DF054
:10FDE0003DFA00232360C4E9013310BD38B5044651
:10FDF0000D46006801313DF0D1FF10B1C4E90005A6
:10FE0000012038BD036810B5044623B143688B4216
:10FE100001D3012010BD2046FFF7E8FF0028F9D0EC
:10FE2000A368002BF5D122681370F3E770B50E4676
:10FE3000114604461546FFF7E5FF20B92046FFF7B7
:10FE4000CAFF204670BD2A463146A56020683DF0B5
:10FE50006DFA2268A3680021D154F2E738B5002377
:10FE60000446C0E9003383600D4639B108463EF0D0
:10FE700045F9294602462046FFF7D8FF204638BDFF
:10FE8000884210B50B46044604D0096821B19A682F
:10FE9000FFF7CCFF204610BDFFF79DFFFAE710B536
:10FEA00000230446C0E900338360FFF7E9FF2046E2
:10FEB00010BD38B505460C4649B108463EF01EF95E
:10FEC000214602462846FFF7B1FF284638BDFFF716
:10FED00082FFFAE72DE9F04105461746884619B931
:10FEE00000263046BDE8F0819AB18468144421466A
:10FEF000FFF788FF06460028F2D0AB6828683A462C
:10FF0000184441463DF012FA2B68AC6000221A55A5
:10FF1000E7E70126E5E707B501228DF807100DF1A7
:10FF20000701FFF7D7FF03B05DF804FB02680B6819
:10FF30006AB143B9806868B110787047886848B181
:10FF4000187840427047194610463EF0CDB8002B55
:10FF5000F4D11846704708B582688B689A4205D17B
:10FF6000FFF7E4FFB0FA80F0400908BD0020FCE78D
:10FF7000884270B515D083688A6893420FD183B1E7
:10FF800004680D68013C14F8010F50B13EF04EF9C1
:10FF9000064615F8010B3EF049F98642F3D00020E1
:10FFA00070BD0120FCE770B58AB069B1931E222BA9
:10FFB00020D801AC2546234648B9AC4207D00A46B2
:10FFC000AB4212D80023137008460AB070BDB0FBD4
:10FFD000F2F302FB1306092E1846F3B294BF303336
:10FFE0005733DBB204F8013BE5E713F8010D02F8E3
:10FFF000010BE5E70021E7E7FFF7D5BF10B500F0FB
:020000023000CC
:1000000039F8FEF719F9FEF7D3FDFEF7C7FD4FF4F7
:10001000E1310648064CFFF7DDFBF7F7EDFBF7F79C
:10002000BBFB002CFBD0AFF30080F8E7D47C0020B2
:100030000000000010B5044632F01AFF204610BD43
:1000400010B5044632F014FF204610BD07B507492D
:10005000684632F04AFF4FF47A720023DDE900016E
:100060003CF04EFB03B05DF804FB00BFD07F0020E6
:1000700036F0DABB08B5044832F004FF0348BDE8A7
:10008000084032F0FFBE00BFE87F0020D07F002094
:1000900036F0DCBB38B50A4C0A4D204632F06CFF16
:1000A0002046094C09492A4635F04BFF204632F0DC
:1000B0006EFF2A4620460649BDE8384035F041BF6C
:1000C000E87F002000600020D07F00204100030076
:1000D0003500030008B5431C04D121220E490F4806
:1000E00035F046FB012359B11F2886BF00F01F00E1
:1000F0000B4A4FF0A04203FA00F0C2F8080508BD11
:100100001F2886BF00F01F00054A4FF0A04203FAE7
:1001100000F0C2F80C05F2E70008070089080700A4
:10012000000300502DE9F0411D4D0701EB19044675
:10013000D8680E4610B1012136F02AF9FEF779F899
:1001400084424FF0010034BF15F907804FF0FF38AB
:1001500036F006F90023037041463D44044634F06E
:10016000EEFB012EEC6011D075B235B1022E12D02B
:10017000204632F0AEF9012103E0204632F0A9F921
:1001800029462046BDE8F04132F0B0B92046BDE82E
:10019000F04132F091B9204632F09BF90321F0E7AB
:1001A000186000202DE9F34107468846FEF741F824
:1001B000874222D2124C3E01A319DD68ADB9FEF789
:1001C00038F887424FF0010034BFA7574FF0FF3790
:1001D00036F0C6F834440023054603700122CDF8FA
:1001E0000080394634F0AEFBE56095F900004146E9
:1001F00002B0BDE8F041FFF76DBF02B0BDE8F0818D
:1002000018600020F7B50746FEF713F887421FD2A3
:10021000104C3E01A319DD68A5B9FEF70AF8874224
:100220004FF0010034BFA7574FF0FF3736F098F872
:1002300034440023054603701A460093394634F0CF
:1002400081FBE560284637F089FAC0B203B0F0BD03
:100250000020FBE7186000202DE9F041002507464B
:100260000E4690462C4630460121FFF79BFF64B2B4
:100270003846B8F1000F0ED1FFF7C4FFA840044381
:10028000002130460135FFF78DFF082DE4B2EAD199
:100290002046BDE8F081FFF7B5FFC5F107039840A0
:1002A000EDE700001EF0040F0CBFEFF30880EFF342
:1002B0000980816911F8021C002932D101B590E84A
:1002C0000F10E047BDE800508CE80300244B93E892
:1002D0000600914208BF70471A6041B91EF0100F26
:1002E00010D1204B186820F0010018600AE02CE9BA
:1002F000F00F1EF0100F08BF2CED108A81F822E0DD
:10030000C1F838C0906B92F8221061F0FF0E1EF019
:10031000100F08BFB0EC108AB0E8F00F80F3098826
:100320007047114A13689942FAD801B552F821C0B2
:100330000FC8E047BDE80050CCF80000704701B599
:1003400001F030FBBDE80140EFF3098CBEE701B5D9
:1003500001F0ECFABDE80140EFF3098CB6E70000CC
:100360003C62002034EF00E06809070008B5014650
:1003700030B96FF0030000F0F2F96FF0030008BD30
:10038000132001F0B1FE30B94FF0FF3000F0E7F973
:100390004FF0FF30F3E70020F1E7000008B5EFF37E
:1003A00005832BB9EFF3108313B9EFF3118333B146
:1003B0006FF0050000F0D3F96FF0050008BDDFF81D
:1003C00008C000DFFAE700BF6D030300EFF31083FE
:1003D0002BB9EFF31180003818BF012070470120BE
:1003E0007047000038B538B3846805686CB114F004
:1003F000030302D1C2680F2A13D86FF0080100204E
:1004000002F0D0F80024204638BDC368002BF4D198
:10041000104BD3F8900088B100F0FCFB0446A0B16B
:100420000123A3700023C4E90233F322094B227095
:10043000094A65605A66E6E70546E9E7D3F88000B1
:100440000122102100F072FBE8E76FF0040102F0D6
:10045000A9F8D8E7286200203505030070B50546E5
:1004600010B10378F32B07D028466FF0030102F098
:1004700099F86FF0030070BD836863B1284601F0FE
:10048000EDFB00226FF0020101F086FDA868002854
:10049000F4D101F06BFCAB78002613F001032E7051
:1004A0000FD0094BD3F89040294624B1204600F0E4
:1004B000CBFB3046DFE7D3F8800000F06CFB204632
:1004C000D9E71846D7E700BF28620020930710B588
:1004D00002F0010422D400F10C0384B153E8000FB0
:1004E00000EA01028A4203D0BFF32F8F002005E00B
:1004F00020EA010243E8002404B1EFE710BD53E80D
:10050000000F084203D1BFF32F8F002005E020EA3F
:10051000010243E8002404B1F1E7EFE7C06801EA13
:1005200000031CB18B4218BF0020E7E7002B08BF77
:100530000020E3E7F8B58468054604B9F8BD94F8EF
:100540002320616AA7682846FFF7C0FF064638B136
:10055000204601F08CFB00223146204601F01CFDB4
:100560003C46EAE7F8B50D4617461E46044620B15C
:100570000378F32B01D1002907DA20466FF003013D
:1005800002F010F86FF00300F8BDFFF79FFF00289E
:10059000FAD186B13146432001F0A6FD40B1074BA8
:1005A0005E692046314601F047FB756286F823708C
:1005B0006FF00100E8E76FF00200E5E72862002035
:1005C0002DE9F041064620B10378F32B01D1002933
:1005D00009DA6FF00301304601F0E4FF6FF0030524
:1005E0002846BDE8F08100F10C0353E8002F42EAF1
:1005F000010543E8005000B1F7E7B4681CB9204694
:1006000001F0B4FBECE794F82320616AD4F8088089
:100610003046FFF75BFF074678B194F823309B071D
:1006200056BF656A054620EA0505204601F01FFB16
:1006300000223946204601F0AFFC4446DEE70000C8
:1006400008B50246EFF3058333B100206FF00501D2
:1006500001F0A8FF002008BDFFF7B8FE0028F4D184
:10066000DFF808C0104600DFF5E700BFE503030030
:1006700038B502460D46EFF305834BB192B96FF0E2
:100680000301104601F08EFF6FF00304204638BDD1
:10069000FFF79CFE0028F1D1DFF830C0104600DFE4
:1006A0000446F3E71378F32BE9D1002DE7DB02F1E1
:1006B0000C0353E8001F41EA050443E8004000B181
:1006C000F7E7104601F0B6F9E0E700BFC105030007
:1006D000F8B504460E4617461D46EFF3058343B1B1
:1006E0008CB920466FF0030101F05CFF6FF003004E
:1006F000F8BDFFF76BFE0028F2D1DFF82CC02046D2
:100700002B4600DFF4E72378F32BEAD1002DE8D164
:10071000002EE6DB3A4631462046FFF7D7FE00289A
:1007200008BF6FF00200E3E76505030008B5024665
:10073000EFF305833BB110466FF0050101F032FF86
:100740006FF0050008BDFFF741FE0028F3D1DFF888
:1007500008C0104600DFF5E75D04030070477047EE
:10076000EFF310832BB9EFF31180003818BF01208D
:100770007047012070470000064BDA6A3AB1D06931
:100780005B6C1BB11B69984228BF184670474FF03D
:10079000FF30F5E72862002070B5464C237A012B24
:1007A00000F0858033B14FF0FF3001F0EFFE4FF0E5
:1007B000FF3070BD404DD5E90B61EB68E3652B8AD6
:1007C000A4F854303046AB68236400F097F908B1C0
:1007D000C4F88060D5E90561304600F08FF908B9AA
:1007E000D4F880606667D5E90761304600F086F985
:1007F00008B9D4F88060A667D5E90961304600F0F1
:100800007DF908B9D4F88060E6676E6B3EB1D6E931
:1008100002233168304600F0DCF9C4F88460AE6B26
:100820003EB1D6E902233168304600F0D2F9C4F86F
:100830008860EE6B3EB1D6E902233168304600F0A5
:10084000C8F9C4F88C602E6C3EB1D6E90223316839
:10085000304600F0BEF9C4F890606E6C3EB1D6E947
:1008600002233168304600F0B4F9C4F89460AE6CED
:100870003EB1D6E902233168304600F0AAF9C4F847
:100880009860EE6C3EB1D6E902233168304600F044
:10089000A0F9C4F89C602D6D3DB1D5E9022329680B
:1008A000284600F096F9C4F8A050012323720020D6
:1008B0007FE700BF28620020F808070070B5254DCB
:1008C0002B7A012B07D06FF0060001F05FFE4FF08E
:1008D000FF34204670BD01F04BFC10B94FF0FF30E3
:1008E000F3E71D4A1D4E1E497068FF2382F822302F
:1008F00092F82230D26863F0FF03DB4314BFB3FAEF
:1009000083F32023C3F12003C2F30222934298BF52
:10091000531CFE2202FA03F30F4ADBB2D37701F035
:1009200091FE04460028D9D101F0E0FE286101F0D3
:10093000C9FE0C4801F092F901F010FA3368DB07A8
:100940004CBF0223032383F31488BFF36F8F02236A
:100950002B72BEE72862002000ED00E0F8080700D7
:100960004F0303004462002010B50F4C237A022B82
:1009700013D101F0AFFE01236372BFF34F8F0B4A17
:100980005168C90042BF4FF000615160A372042357
:100990002372BDE81040FFF7EFBE6FF0070001F0D3
:1009A000F5FD002010BD00BF2862002000ED00E032
:1009B00038B51E4C237A042B054635D1FFF7DCFEF3
:1009C000E26A854203462CBF00F1FF332B4612B189
:1009D000D069C01AD061626C12B11069C01A10617E
:1009E000E26813441544E360E3689D4213D1022397
:1009F0000020237201F0BAF900236372BFF34F8F16
:100A0000A27A22B1A3720A4B4FF080525A60BDE81D
:100A1000384001F057BE0133E36001F065F9236D02
:100A2000002BE1D09847DFE738BD00BF28620020E7
:100A300000ED00E0704738B504460D46FFF78EFE26
:100A400029462046BDE8384001F062BD08B5FFF7F1
:100A5000F1FFEFF3058333B16FF0050001F096FD70
:100A60006FF0050008BDFFF77BFE0028F4D1DFF82A
:100A700008C000DFF6E700BF9907030008B5EFF3F1
:100A8000058333B16FF0050001F080FD6FF00500C4
:100A900008BDFFF765FE0028F4D1DFF808C000DFCD
:100AA000F6E700BFBD08030008B5EFF305832BB1DF
:100AB0006FF0050001F06AFD002008BDFFF750FE51
:100AC0000028F5D1DFF804C000DFF6E7690903006C
:100AD00008B50246EFF305832BB1BDE808406FF07F
:100AE000050001F053BDFFF73BFE0028F5D1DFF80C
:100AF00008C0104600DF08BDB109030010B598B169
:100B000040EA010313F007030ED117290AD9016047
:100B1000083910220C1884604260435081684A6092
:100B2000C3600123184610BD0023FBE770B580B3F6
:100B300099B132F003032CD10F3121F0070600F1F7
:100B40000804234624685D68E11A25F00305491B63
:100B50008E4204D921680029F3D1084670BD01688E
:100B6000456801443544456051F8040C0839854214
:100B700088BF4D605868324318B95A6003F10801C4
:100B8000EBE720F0030019181C504A601960083187
:100B9000E3E70021E1E710B580B1C1B1A1F108049C
:100BA00000F108030022A34209D1596821F003048F
:100BB0004168091B41603AB95A60012010BD1968AB
:100BC0001A4621B10B46EEE71B681360F5E70846AD
:100BD000F4E730B5C0B189B1C2B1CBB10024C0E9EE
:100BE000014202FB01F41D190160C360436105610C
:100BF0001846013904D1A41A19510121084630BD03
:100C0000851805602846F4E70146F7E71146F5E741
:100C10001946F3E710B50346A8B100F1140252E8F3
:100C2000000F10B9BFF32F8F04E0016842E80014F1
:100C300004B1F4E738B1043353E8002F511C43E802
:100C4000001404B1F8E710BD30B5F0B1C3688B42B1
:100C50001BD803698B4218D900F114031A680A6083
:100C6000BFF35F8F53E8002F0C689442F6D143E83E
:100C7000001505B1F2E7043050E8003F5A1E40E885
:100C8000002101B1F8E7002030BD6FF00300FBE761
:100C9000EFF310832BB9EFF31180003818BF012058
:100CA000704701207047D1E9013223B19A608A6808
:100CB0001AB153607047C262F9E7036370470000DE
:100CC0002DE9F84F8846074638B131B1B0FA80F1C6
:100CD000B8FA88F30B441F2B06DC6FF003010020E9
:100CE00001F076FC002470E008F1030626F003060C
:100CF0000C3606FB00F9F2B19468D2F800A0D2E9F4
:100D000004513CB1A30702D1D368332B05D86FF04F
:100D10000801E4E7D368002BF9D13DB115F00303D6
:100D200001D1894556D96FF00901D8E70029FAD1D8
:100D30001CB18B460DE092461546284BD3F8A00017
:100D4000E0B1FFF767FF0446A8B1002D40D14FF096
:100D5000010B224B0022D86F4946FFF7E7FE0546FC
:100D6000C0B9BBF1000F06D01C4BD3F8A000214640
:100D700058B1FFF769FF6FF00401B0E7D3F88000C6
:100D800001223421FFF7D2FEDDE7D3F88000FFF720
:100D900002FFF0E74A4600213CF0F0FA4BF0020374
:100DA000FA22A3700023C4E90983C4E90B3322703B
:100DB000A36032462B46C4F804A0394604F10C0067
:100DC000FFF707FF054B064A1A672046BDE8F88F74
:100DD0000123E5E7002CE3D1AFE700BF2862002044
:100DE000710E030010B500F1280353E8002F12B96B
:100DF000BFF32F8F04E0511E43E8001404B1F4E761
:100E00000AB9002010BDC06A01220028F9D0811C57
:100E1000D1E84F3FC1E8442F04B1F9E7DBB2002B22
:100E2000F0D08068F1E7036B30B5E3B1CD780024F2
:100E3000DA78AA420FD31A46C1E901248AB1916037
:100E4000A4B16160283050E8003F5A1C40E80021FE
:100E500001B1F8E730BD5A681C46002AECD01346B1
:100E6000E6E7C162ECE7C1E90133C1620163E9E78A
:100E7000F8B5877804468FB3C56801460027284631
:100E8000FFF711FF277005F10C042046FFF7DCFE89
:100E9000AB68002B48D02046FFF7BCFE0446002874
:100EA00042D0284600F0DAFE3A460646394601F0BE
:100EB00073F8304600F048FF6A6A8168064604F11C
:100EC0000C003CF033FAF9232370A770F368E37049
:100ED00021462846BDE8F840FFF7A5BF8568AB6806
:100EE000002BF5D05B78832BF2D1284600F0B6FEBC
:100EF0003A460646394601F04FF8304600F024FFE6
:100F000006466A6A806804F10C013CF00FFAF36847
:100F10000BB1E2781A7000232370214605F10C0012
:100F2000BDE8F840FFF790BEF8BD00002DE9F041A4
:100F30000C4617469846054618B10378FA2B00D19F
:100F400041B928466FF0030101F042FB6FF0030046
:100F5000BDE8F0818368C3B15B78832B15D100F0C5
:100F60007DFE01220646002101F016F8304600F011
:100F7000EBFE06466A6A806821463CF0D7F9F068C5
:100F80000028E5D007700020E2E705F10C00FFF72C
:100F900041FE064670B121466A6A0C303CF0C6F943
:100FA0000024F9233370B470F77031462846FFF7F8
:100FB0003AFFE8E7B8F1000F10D04146932001F066
:100FC00093F840B1074B2846596900F035FEEFF31E
:100FD0000983C3E902476FF00100B9E76FF002002F
:100FE000B6E700BF286200202DE9F0410F46154604
:100FF0009846044618B10378FA2B00D141B920462F
:101000006FF0030101F0E4FA6FF00300BDE8F08136
:10101000FFF7E8FE064600283AD001462046FFF7D3
:1010200042FE626A06F10C0138463CF07FF90DB1D0
:10103000F3782B70002504F10C07357031463846E3
:10104000FFF702FEA3680BB90020DFE73846FFF781
:10105000E1FD06460028F7D0204600F0FFFD2946B6
:101060000746012200F098FF384600F06DFE626AE4
:101070008168074606F10C003CF058F9F9233370FB
:10108000B570FB68F37031462046FFF7CCFEDBE716
:10109000B8F1000F10D04146832001F025F840B18F
:1010A000074B2046596900F0C7FDEFF30983C3E9F8
:1010B00002756FF00100A9E76FF00200A6E700BF1C
:1010C0002862002008B5064B08219A6ED86EFFF7FB
:1010D000F7FD044BD864B0FA80F04009404208BDE7
:1010E000F8080700286200202DE9F04106460F4667
:1010F00090461C46EFF305834BB196B930466FF02E
:10110000030101F065FA6FF00300BDE8F081FFF71D
:10111000BFFD0028F1D1DFF84CC03046234600DF88
:10112000F3E73378FA2BE9D1002FE7D0002CE5D193
:1011300006F10C00FFF76EFD054680B1726A394674
:101140000C303CF0F3F8F9232846C5E901762B7002
:10115000AC7085F8038000F06DFC2046D5E76FF099
:101160000200D2E72D0F0300F8B504460F461646DD
:101170001D46EFF3058343B18CB920466FF00301A0
:1011800001F026FA6FF00300F8BDFFF781FD00289B
:10119000F2D1DFF848C020462B4600DFF4E7237881
:1011A000FA2BEAD1002FE8D0002DE6D12046FFF738
:1011B00019FE054670B100F10C01626A38463CF038
:1011C000B5F80EB1EB7833702846EC6000F032FCD5
:1011D0000020D9E76FF00200D6E700BFE90F030057
:1011E000EFF310832BB9EFF31180003818BF012003
:1011F000704701207047000070B5A8B38468D0E93B
:1012000000566CB114F0030302D1C2681B2A1AD82D
:101210006FF00801002001F0CBF90024204670BDDA
:10122000C368002BF4D1124BD3F8940030B9D3F833
:10123000800001221C21FFF779FC01E0FFF7EAFCA6
:10124000044660B10123F522A3700023C4E90233F0
:10125000C4E904332270E67065602376DEE76FF040
:10126000040101F0A5F9D9E705460646DBE700BF12
:1012700028620020284B70B55D6904460E4635B9DA
:101280006FF0070101F094F94FF0FF3070BD10B11D
:101290000378F52B07D020466FF0030101F088F9A1
:1012A0006FF00300F2E7037E53B9C0E90353EB6A22
:1012B000436103B11861EC62012323760020E5E766
:1012C000C278D1070DD5C168A9420AD1FF2B06D13A
:1012D0006FF00F0101F06CF96FF00200D6E70133F7
:1012E000EBE7002EF8D093070AD5E06895F9203097
:1012F00090F920209A4203DA80F8203000F0C0FCF8
:101300003146532000F0F0FE18B12946204600F087
:1013100093FC6FF00100B9E7286200202E4B5A6958
:1013200070B5044632B96FF0070101F041F94FF092
:10133000FF3070BD10B10378F52B07D020466FF059
:10134000030101F035F96FF00300F2E7037E33B9D2
:101350006FF00E0101F02CF96FF00200E9E7C168AF
:10136000914202D06FF00D01F4E7013BDBB203764E
:1013700013BB43690BB1016919612169F1B14B617B
:1013800092F92130D56ADDB982F82030A36883B1A3
:10139000204600F063FC06462A46294600F0FCFD84
:1013A000F36A6361C4E9036503B11C610123F4625C
:1013B0002376002000F0DAFC0020BAE7D362DFE7F2
:1013C000E978890706D5A96821B191F920108B42E7
:1013D000B8BF0B466D69D6E72862002070B5044699
:1013E00010B10378F52B07D020466FF0030101F010
:1013F000DFF86FF0030070BD037EBBB16369C068A6
:101400000BB122691A61226902B3536190F921205C
:10141000C36AEBB990F92030934203D080F82020C2
:1014200000F02EFCA068F8B900F0A0FCA07800261F
:1014300010F001002670DED0134BD3F894502146F3
:10144000DDB12846FFF700FC3046D4E7C362DDE794
:10145000D978890706D5996821B191F920108A4277
:10146000B8BF0A465B69D4E7204600F0F7FB0022CC
:101470006FF0020100F090FDD4E7D3F88000FFF791
:101480008AFB2846B7E700BF286200202DE9F0411B
:101490000446002601270CB9BDE8F081E378D4F8B2
:1014A00014801B0712D5A36826767BB1204600F076
:1014B000D5FB00220546114600F06EFDEB6A636124
:1014C000C4E9035603B11C61EC6227764446E2E7A7
:1014D00010B4C3789B071DD5C06890F92120C36A5A
:1014E000DC78A40709D59C688C4208BF8C6824B1BD
:1014F00094F92040A242B8BF22465B69002BEFD18D
:1015000090F92030934205D080F820205DF8044BFC
:1015100000F0B6BB5DF8044B7047000008B502460A
:10152000EFF3058333B100206FF0050101F040F8BF
:10153000002008BDFFF754FE0028F4D1DFF808C0F2
:10154000104600DFF5E700BFF911030008B50246B9
:10155000EFF305833BB110466FF0050101F028F869
:101560006FF0050008BDFFF73BFE0028F3D1DFF860
:1015700008C0104600DFF5E77512030008B5024603
:10158000EFF305833BB110466FF0050101F010F851
:101590006FF0050008BDFFF723FE0028F3D1DFF848
:1015A00008C0104600DFF5E71D13030008B502462A
:1015B000EFF305833BB110466FF0050100F0F8FF33
:1015C0006FF0050008BDFFF70BFE0028F3D1DFF830
:1015D00008C0104600DFF5E7DD130300EFF31083CA
:1015E0002BB9EFF31180003818BF0120704701209C
:1015F00070470C30D0E85F3F13B9BFF32F8F04E082
:101600005A1EC0E8512F01B1F4E798B2003818BF54
:101610000120704730B500F10C02C189D2E85F3F6C
:10162000994202D8BFF32F8F04E05C1CC2E8554FEB
:1016300005B1F3E7C0899BB2984294BF0020012016
:1016400030BD0000F8B50E464FF6FE73411E9942BC
:10165000054601D8B04207D26FF00301002000F028
:10166000ADFF00242046F8BD1AB39468176844B152
:1016700014F0030302D1D2680F2A0ED86FF00801CC
:10168000ECE7D368002BF9D1114BD3F8980090B157
:10169000FFF7C0FA0446A8B10123A3700023F62285
:1016A000A3600B4B22700B4A6760A681E5819A66A6
:1016B000D8E71746E8E7D3F8800001221021FFF7AA
:1016C00035FAE7E76FF0040100F078FFCAE700BFE2
:1016D000286200204917030070B5054610B1037851
:1016E000F62B07D028466FF0030100F067FF6FF07C
:1016F000030070BD836863B1284600F0AFFA002292
:101700006FF0020100F048FCA8680028F4D100F056
:101710002DFBAB78002613F001032E700FD0094B80
:10172000D3F89840294624B12046FFF78DFA304679
:10173000DFE7D3F88000FFF72EFA2046D9E71846F6
:10174000D7E700BF28620020836810B504465BB16C
:10175000FFF74FFF40B1204600F080FA0022BDE8BD
:101760001040114600F018BC10BD38B5054610B148
:101770000378F62B07D028466FF0030100F01EFF18
:101780006FF0030038BD84683CB100F067FA0122B5
:10179000002100F001FC0020F4E7FFF73BFF38B91F
:1017A00028466FF0100100F009FF6FF00200E9E732
:1017B0002046E7E738B50D46044610B10378F62B0E
:1017C00007D020466FF0030100F0F8FE6FF0030031
:1017D00038BDFFF70EFF68B975B12946632000F0E8
:1017E00083FC20B1064B2046596900F025FA6FF0C2
:1017F0000100EDE70020EBE76FF00200E8E700BF33
:101800002862002010B50446EFF3058333B10020B1
:101810006FF0050100F0D2FE002010BDFFF7DEFEE4
:101820000028F4D1DFF808C0204600DFF5E700BF4C
:101830004516030010B502460C46EFF3058343B18D
:1018400082B910466FF0030100F0B8FE6FF003009C
:1018500010BDFFF7C3FE0028F2D1DFF824C0104608
:1018600000DFF5E71378F62BEBD1002CE9D1104619
:10187000FFF7BFFE002814BF00206FF00200E7E76B
:10188000B517030010B50446EFF3058343B184B9DF
:1018900020466FF0030100F091FE6FF0030010BDD1
:1018A000FFF79CFE0028F2D1DFF830C0204600DFB1
:1018B000F5E72378F62BEBD12046FFF7ABFE20B1FE
:1018C000204600F0B7F80020E9E720466FF010014D
:1018D00000F074FE6FF00200E1E700BF6B17030039
:1018E00008B50246EFF305833BB110466FF00501E2
:1018F00000F064FE6FF0050008BDFFF76FFE0028E2
:10190000F3D1DFF808C0104600DFF5E7D916030071
:1019100010B5D0E85F3F5A1C914200D80022C0E8C1
:10192000542F04B1F5E798B210BD000038B51C4C37
:1019300000F0D6FEE3680133E36000F0D5F9002043
:1019400000F014FA236D03B19847226C32B3A369F7
:10195000E06BD969984202D0E36301B9DA61DA69D0
:10196000C2B9237A022B19D1656ABDB1E36B95F92F
:10197000202093F920309A4210D1284600F077F9C0
:10198000E06B00F08FF9284600F0E8F9236CE5637E
:10199000EB6103E0013ADA61002AE2D038BD00BF12
:1019A0002862002070B5224C04F1560504F15A0655
:1019B000B4F85410D5E85F3F13B9BFF32F8F04E09C
:1019C0005A1EC5E8502F00B1F4E79BB25BB3304616
:1019D000FFF79EFFE36D53F8200020B30378F13B3F
:1019E000082BE5D801A252F823F000BF111A03001A
:1019F000B1190300171A0300B1190300B11903004C
:101A00001B1A03001F1A0300B1190300231A030055
:101A1000236E9847CCE7636EFBE7A36EF9E7E36EAE
:101A2000F7E7236FF5E7BDE87040002000F09EB9AE
:101A30002862002070B5164C0546B4F8541004F125
:101A40005602D2E85F3F994202D8BFF32F8F04E0DD
:101A5000581CC2E8560F06B1F3E79BB2994205D86D
:101A600029460220BDE87040FEF7E5BF04F15800AA
:101A7000FFF74EFFE36D43F82050637A23B9054B1F
:101A80004FF080525A6070BD0123A372FBE700BF84
:101A90002862002000ED00E0EFF310832BB9EFF394
:101AA0001180003818BF012070470120704703786B
:101AB000F12B00D07047C068F9E7000010B5C46989
:101AC000621CD0E904310CD103B1596142691AB1E9
:101AD00013610023436101E0074A13630023C361DC
:101AE00010BD1BB1DA6959612244DA614269002AEA
:101AF000EED1014AD362F1E72862002010B50A4A0C
:101B000090F9201001234370536A1C321BB193F9E2
:101B100020408C4205DCC0E90232906003B1D860FD
:101B200010BD1A469B68F1E728620020014B5869F6
:101B3000704700BF2862002010B50023038083781F
:101B40009A07044608D513F0100F016B0E4B0FD007
:101B5000D3F88400FFF778F8A378DB0712D50A4B97
:101B6000D3F88800214638B1BDE81040FFF76CB8C3
:101B7000586FFFF710F8EFE7BDE81040D3F880008A
:101B8000FFF709B810BD00BF2862002008B500F0BB
:101B900025FDDFF810C000DF4FF0FF31002000F01E
:101BA000FBFCFEE701200300C278D207034601D404
:101BB000FFF7C2BF0422054942700022C2604A6B8F
:101BC000826002B1D0604B63704700BF2862002082
:101BD000930710B502F0010422D400F1280384B168
:101BE00053E8000F00EA01028A4203D0BFF32F8FAF
:101BF000002005E020EA010243E8002404B1EFE7F9
:101C000010BD53E8000F084203D1BFF32F8F00200F
:101C100005E020EA010243E8002404B1F1E7EFE720
:101C2000806A01EA00031CB18B4218BF0020E7E77D
:101C3000002B08BF0020E3E710B591F9202083684E
:101C40001BB193F92040944205DAC1E9023081606A
:101C500003B1D96010BD18469B68F1E783689A68A4
:101C6000826002B1D0600022DA6018467047C26814
:101C70002AB18368936003B1DA600023C3607047C0
:101C800010B5044664B12378F12B07D0FFF7EFFFBE
:101C900001462046BDE81040FFF7CEBFE468F1E7FB
:101CA00010BD00000123014643700148FFF7C4BF87
:101CB0004462002070B50B4D2E7A022E10D16C6A52
:101CC00074B1696994F9202091F920309A4207D1C2
:101CD0002046FFF7CCFF0846FFF7E4FF6670AC61D3
:101CE000002070BD2862002038B5164DEC6A44B360
:101CF000E369013BE36123BB6378732B06D009D80A
:101D0000532B0BD003F0DF03432B0DD12046FFF7FD
:101D1000CEFE09E003F0EF03832BF6E72046FFF742
:101D2000C6FE2146FFF7D4FB2046FFF7A0FFFFF7D2
:101D3000B9FF246924B1E369002BDDD0002363617E
:101D4000EC6238BD2862002090F82230826B13F0DC
:101D5000100F0CBF602020201044704702234370F6
:101D6000014B9861704700BF2862002070B5124D8A
:101D700004462E7A696990B9022E0FD16C6A6CB153
:101D800094F9202091F920309A4207DD2046FFF790
:101D90006EFF0846FFF7B2FE6670AC6170BD022EA2
:101DA00005D190F9202091F920309A42F1DC2046AB
:101DB000BDE87040FFF776BF286200202DE9F04FA4
:101DC00085B08046029128B96FF0030100F0E4FB72
:101DD0000024ABE0002A48D0D2E900A394689669B9
:101DE0000193D2E904B544B1A10702D1D268432AD4
:101DF00006D86FF008010020E8E7D268002AF8D181
:101E0000BBF1000F08D01BF0070F02D1002D40F0EE
:101E1000A9806FF00A01EEE72EB1721E372A03D9AE
:101E20006FF00B01E7E71826002D40F09F804CBBB8
:101E3000534CD4F88800F0B1FEF7ECFE04460028BD
:101E400000F08D800127DFF83891BBF1000F32D10F
:101E5000D5B94C4AD9F88400556DA8B1FEF7DAFE21
:101E6000D0B147F01007834621E0924693461826EA
:101E700015460192DCE7D4F8800001224421FEF7E8
:101E800055FEDBE70027DEE7D9F874005A462946FD
:101E9000FEF74CFE0028E6D1002F55D0D9F8882057
:101EA000002A47D021461046FEF7CEFE002447F018
:101EB0000207002C53D040F2F11222800022C4E924
:101EC0000222C4E90422C4E90622C4E90922C4E9C1
:101ED0000B2BA5F140025A44C4E90E28019B2A4A63
:101EE000E37076B2FD21A770C4F804A084F82060E6
:101EF00084F8216061846563CBF80020214A126870
:101F0000530723D4A36B3422184600213BF036FA42
:101F10001E4A1F4BC0E90D284FF08072C263029A1F
:101F200002622046C9F86030FFF720FF204605B066
:101F3000BDE8F08F2146D9F880000392FEF72BFE12
:101F4000039A14469346B2E73C46B0E725F00302F5
:101F5000443ACC210BF104003BF010FAD2E76FF0C9
:101F6000040148E7002E7FF458AF18266A077FF473
:101F700050AF084AA5F1480191427FF658AF48E7B3
:101F800028620020F8080700A52E5AE28D1B0300E6
:101F9000BD1F0300B7FFFF7F38B505461446FFF7A6
:101FA000D3FE01602846FFF789FD1CB1BDE838402B
:101FB000FFF7DCBEBDE83840FFF774BE10B54378CC
:101FC000332B04460CD1416A90F82320FFF700FE22
:101FD000014628B120460022BDE81040FFF7DCBFD3
:101FE00010BD10B50446806918B100221146FFF7F4
:101FF000D3FF6378232B02BFA36800229A6110BD30
:1020000070B50F4C267A022E18D1636AB3B1656998
:10201000E86AFFF73BFA2846FFF7E3FF04F11C00EC
:10202000FFF71CFE4670A061EFF30983AB6300234A
:1020300063612846BDE87040FFF7B6BD70BD00BFC4
:102040002862002010B5044610B10378F12B07D0A8
:1020500020466FF0030100F09FFA6FF0030010BDFF
:10206000437803F00F03022B1ED0032B2BD0012B40
:102070002ED1FFF7FCFDE06AFFF708FA2046FFF7D4
:10208000B0FF6178022926D11548FFF7E7FD154B0F
:1020900041709861EFF30982A26300225A612046E1
:1020A000FFF782FD0020DAE70E4B1A7A022A02D1EE
:1020B0005B6A002BDFD16FF00201204600F06CFA62
:1020C0006FF00200CBE7FFF7D2FDFFF7F7FCD2E796
:1020D0006FF00201F2E70020FFF748FEDFE700BFE4
:1020E000446200202862002038B51F4C237A022B5E
:1020F00035D1636A002B34D063694A1C587016D1FD
:10210000226B002172B94FF0FF30C3E90421D8617E
:1021100059B10B611548FFF7A1FD02234370A0617F
:10212000012038BD11461269ECE72363F2E7E26A49
:10213000002012B1D569A9420BD2C3E90420D961AC
:1021400058B10361002AE5D0D0695361401AD061CB
:10215000E0E71046491B1269EBE7E362F2E7002073
:10216000DFE71846DDE700BF286200204462002058
:1021700038B50D4C0D48A26D0D4D0021FFF71EFE28
:10218000636EA8625BB1984758B9E26DE96C206E46
:10219000FFF714FEA864003818BF012038BD0120E5
:1021A000FCE70020FAE700BFF80807000925030054
:1021B0002862002010B50446EFF3058333B10020F8
:1021C0006FF0050100F0E8F9002010BDFFF764FC96
:1021D0000028F4D1DFF808C0204600DFF5E700BF93
:1021E000BD1D030008B5EFF3058313B1054B586916
:1021F00008BDFFF751FC0028F8D1DFF80CC000DF64
:10220000F6E700BF286200202D1B030008B5EFF39E
:1022100005833BB100206FF0050100F0BDF96FF0C0
:10222000050008BDFFF738FC0028F3D1DFF804C033
:1022300000DFF6E7B51C030010B5044600F0DAF93C
:10224000EFF305833BB120466FF0050100F0A4F9E0
:102250006FF0050010BDFFF71FFC0028F3D1DFF879
:1022600008C0204600DFF5E74520030030B50C4DDF
:102270006B6C002213B11C698C420AD9C0E902239D
:1022800001611BB11C699860641A1C612AB1D0609D
:1022900030BD1A46091BDB68ECE76864F8E700BF4D
:1022A000286200202DE9F041184D6C6C54B323696D
:1022B0006E69013B23610127236913BBE3680BB1FE
:1022C000A2689A606B640023E86C1A4604F1180156
:1022D000FEF70AFF58B1D5E90583214603206B615B
:1022E000FEF7A9FB6B6913B9B04508BF0026E37878
:1022F000012B09D161692046FFF7B8FF6C6C002CF7
:10230000DAD16E61BDE8F0816770F7E728620020DE
:1023100008B5FEF7D7FE18B9034B044A1A6508BD85
:102320004FF0FF30FBE700BF28620020A52203002A
:1023300007B504464FF0FF33002269462046FEF7FA
:1023400013FF0028F6D1DDE900309847F2E70000DE
:1023500008B5094B094A1A60094B9B1A094A1360D0
:10236000094B0A4A1A600A4B9B1A0A4A136000F08A
:1023700051F800F069F800BFB486002000FC03208B
:1023800000000420B08600202C670120F86E012098
:1023900000FC0320286701200E4838B50E4B03606F
:1023A0000B250E4B45601C24C4608360FFF7B6F814
:1023B0000B4B18600B480C4BC460C0E900350B4B4D
:1023C0008360FFF7ABF80A4B1860BDE838403AF07D
:1023D000B1BE00BF80860020CC0907009486002093
:1023E0009086002050860020D909070064860020CE
:1023F00060860020FDF702BE024B4FF0FF311868E7
:10240000FFF7A4B890860020014B1868FFF7B6B814
:102410009086002008B535F0B3FCBDE8084000F018
:1024200011B87047704708B500F042F8FFF7F9FFA0
:10243000FFF7B2FFFFF7F6FF33F0AEFBBDE8084051
:10244000FFF7D8BFFEF702BB114C124B23614FF4CC
:10245000004363614423E3600F4BA360182307B577
:10246000A3610E480E4B236022460021FFF7A2FE17
:10247000034628B90B49009022460B4833F09CFBD9
:10248000FEF7FCFA0023094900931A46F5E700BF5E
:10249000B8060120B8860020DC06012027240300AE
:1024A000E3090700E80907001D010180040A07008D
:1024B0001FB5064B0FCB6C4684E80F002046FFF794
:1024C0002DF8034B186004B010BD00BF2C0A0700A4
:1024D0002007012073B506460C46154633F05EFB17
:1024E00058B906342ABF064B064953F82410002376
:1024F00000933246284633F05FFB02B070BD00BF48
:10250000F00B0700440B070008B500F0F3F80000DB
:1025100007B50023411E009302460023042919D861
:10252000DFE801F003080C1014000C490C480122EC
:1025300033F042FB0B490C480222F9E70B490C48E7
:102540000322F5E70B490C480422F1E70B490C483C
:102550000522EDE70B490C48EAE700BF3C0A0700FB
:10256000250102805D0A070026010280820A070019
:1025700027010280B70A070028010280F20A07003B
:102580002A010280320B070000010280014A014645
:10259000FFF7A0BF31010180014AFFF79BBF00BFD9
:1025A00032010180014AFFF795BF00BF370101806A
:1025B000014AFFF78FBF00BF3301018011F1110FF6
:1025C00002D0024AFFF786BF704700BF3401018086
:1025D000014AFFF77FBF00BF3801018010B5FFF748
:1025E00001FE034B1B6813B1BDE81040184710BD36
:1025F00040070120024B1B6803B11847704700BF1A
:1026000040070120024B987A003818BF012070471C
:102610002862002008B5FEF747FA0749002233F088
:102620005DFBC31C04D9054905488B2233F0A0F893
:10263000BDE80840FEF74CBA05260300080C070069
:102640003D0C0700B0F57A7F38B50D4604D0184927
:102650001848322233F08CF832F0A4FD041E13DB4C
:1026600004F1604303F56143E02283F80023294627
:10267000204634F063FD204634F068FD85420AD0E0
:102680000B490D483F22E5E70C4B04F00F021344C1
:10269000E0221A76EBE7002C07DB094A61090123E7
:1026A00004F01F04A34042F82130002038BD00BFD1
:1026B000080C07006A0C0700770C0700FCEC00E030
:1026C00000E100E008B533F091FABDE8084032F0CF
:1026D0005EBE0000014B186832F08EBE58660120C5
:1026E000014B186832F04ABE5866012008B532F036
:1026F00059FD08BD08B5024C23689847FCE700BFA8
:10270000CC6200202FF07EBA2DE9F341D0F828806A
:1027100001921D460E46074619F06AFB98F80D30E7
:102720000199022B05440ED0032B0ED0012B00D1B2
:102730002835F36A3C695A19A24209D9F46200208B
:1027400002B0BDE8F0811835F3E705F5A875F0E7AC
:10275000E41A7B685BB1986819F06AFB844228BF71
:102760000446A54203D9F36A2344F362E7E7054B25
:102770001B6898884FF47A73641B5843A04228BFA3
:102780002046DDE7303401201FB501238DF80430E9
:1027900001A80023CDE902332FF0A6F805B05DF8BB
:1027A00004FB1FB5002301A8CDE9013303932FF0EB
:1027B0009BF805B05DF804FB2DE9F341866AF36EE2
:1027C0008846044606F1600113B1019198470199CA
:1027D000A26800232046FFF797FF074620B902B002
:1027E000BDE8F04119F0D2BA134DA3686B674046BB
:1027F0002FF082F8114BAB67A068114BEB67C5F85F
:10280000847019F0FBFAC5F88000A06005F178002B
:102810002FF054F8002385F87030736E43B1FFF742
:10282000B3FF306E272102B0BDE8F0412FF042B96E
:10283000FFF7B7FFF5E700BF4C0A01209D2A030010
:10284000C52803002DE9F04180460C4619F0A8FA8E
:10285000064618B101263046BDE8F0812EF080FA18
:10286000174D696F074619F0E3FAE36A1844E0620E
:102870006F6719F0BDFA3A46034621464046FFF716
:1028800043FF07460028E5D0D5F8748019F0B0FA68
:10289000404419F0B3FAC5E9200705F178002FF09C
:1028A0000DF885F87060636833B1FFF76DFF20683D
:1028B00027212FF0FFF8CEE7FFF773FFF7E700BF00
:1028C0004C0A01202DE9F04F85B0934601919A46BC
:1028D00007462EF045FADFF8C0916D4CC9F80000AC
:1028E00019F04EFA19F04CFA6A4B866A93F8705058
:1028F00001996A1C804683F8702085B1022D00F092
:102900008480A58C2EF02CFAD9F80030C01A8542AC
:1029100040F2AE80A08CA08405B0BDE8F08F07B374
:10292000FB1E012B40F2AD80042F64D06BD82B46E8
:102930000125032F59D02A461D46E3690133E3617F
:102940002B46154643B117F0FB0F42D006F160014C
:102950004046FFF777FF0546002DD2D019F026FA42
:10296000CFE79DF8383086F8821086F88330C6E9C4
:1029700021BA306E06F190033A4606F1480101F0A3
:102980003FFD00282FD0336F316E40469847002816
:1029900075D0658C2EF0E4F9D9F80030C01A854264
:1029A0001AD9608C96F88030ADF80830736E608468
:1029B0000393FFF7E9FE012102A82FF02FF8736FB0
:1029C00013B1316E40469847236801332360002FCE
:1029D00097D02FF00FF9B9E72EF0C2F9D9F80030EF
:1029E000C01A80B2DEE70127EEE7A2680132A260DA
:1029F000002BABD1B0E72B46012562680132626043
:102A0000002BE6D1A8E7012297E76FB1FB1E012B4F
:102A10001BD9042F4FF000034FF0010524D01DD91E
:102A2000E2690132E2618DE7B06E06F190033A4649
:102A300006F1480101F0E4FC18B1F36FB16E4046B5
:102A40009847236901332361C3E7F36F0021984757
:102A5000042F4FF001034FF0000505D0032FDFD105
:102A6000A2690132A261C3E7626901326261C7E70C
:102A70002EF076F9D9F80030C01A80B24BE7012762
:102A80009DE7042F4FF001037FF453AFB5E700BF7C
:102A9000440701204C0A0120EC0901202DE9F843EC
:102AA00081462EF05DF9284D284C286019F068F910
:102AB00019F066F9264B876A93F87060721C012E34
:102AC000804683F8702024D1B9F1000F38D1BB6F54
:102AD000796E984778B1268C2EF042F92B68C01A8F
:102AE000864221D9238C2384FFF75BFEB86E272111
:102AF0002FF056F80026E3680133E3604EB12FF063
:102B000079F807F160014046FFF79CFE08B119F023
:102B10004DF9E68C2EF024F92B68C01A864209D9AB
:102B2000E08CE084BDE8F8832EF01AF92B68C31A14
:102B30009BB2D8E72EF014F92B68C01A80B2F0E7E8
:102B4000E3690133E361E2E7EC0901204407012076
:102B50004C0A012008B5064A0649022001F086FB0E
:102B6000BDE808400448282200213AF007BC00BF15
:102B700005270300B9270300440701201FB50023E0
:102B800001A8CDE9013303932EF0AEFE05B05DF848
:102B900004FB00007FB5174C866A054608462EF0F8
:102BA000ABFE154BA367154BE367A868B36FC4F87A
:102BB000843019F023F9C4F88000A86004F178008B
:102BC0002EF07CFE002384F87030326E7AB1012240
:102BD00001A8CDE902338DF804202EF085FE0848C7
:102BE00040F2011104B0BDE870402EF063BFFFF762
:102BF000C5FFF4E74C0A0120052C0300552F030004
:102C00006C07012070B506462EF0AAF81E4D1F4C29
:102C1000286019F0B5F81E4A92F87030591C012B43
:102C200082F8701013D146BBA68D2EF099F82B6850
:102C3000C01A864215D9A08DA085FFF79FFF1548C1
:102C400040F201112EF0ACFFE3680133E360668EC1
:102C50002EF086F82B68C01A864208D9608E6086EE
:102C600070BD2EF07DF82B68C01A80B2E4E72EF01C
:102C700077F82B68C01A80B2F1E7A36A0133A36228
:102C800019F094F8E3E700BFEC0901207008012077
:102C90004C0A01206C07012070B5104C866A05466D
:102CA00008462EF029FE0E4BE367A868B36EC4F801
:102CB000843019F0A3F8C4F88000A86004F178000B
:102CC0002EF0FCFD002384F87030FFF757FFBDE8BD
:102CD0007040044840F201112EF0ECBE4C0A012075
:102CE000E92C0300A40801202DE9F74F0E469DF8BA
:102CF000301001929A46009105462EF031F8DFF827
:102D00004C82DFF84C92C8F8000019F039F819F03D
:102D100037F899F87030D0F828B0894CDDE9001206
:102D2000074683B1032B00F08980258C2EF018F81C
:102D3000D8F80030C01A854240F2F480208C2084FC
:102D400003B0BDE8F08FDDB1EA1E012A40F2F18048
:102D5000042D67D070D81A460123032D5CD0194684
:102D60001346A2690132A2611A460B46002A60D0BE
:102D700015F0FB0F01D12EF03DFF19F017F8D4E745
:102D8000032389F870308BF86D600126CBE91C2A8B
:102D90008BF86E102A46DBF860306A498BF8786051
:102DA0009847054690B358462EF0A6FD0AEB05005D
:102DB00019F024F8C9F8800009F178002EF07EFDA2
:102DC000A58B2DF0CDFFD8F80030C01A854216D95A
:102DD000A08BA083FFF7D2FE5A4840F201112EF0DB
:102DE00069FEDBF86430584938469847B0FA80F6F7
:102DF0007609236801332360002E96D0BBE72DF0BF
:102E0000AFFFD8F80030C01A80B2E2E7DBF86430D8
:102E10004C4938469847ECE7A1680131A160002A87
:102E2000ABD106E01A460123616801316160002AD6
:102E3000A1D1002BA1D178E7012192E7DBF8603026
:102E4000ADB1EA1E012A55D92A4600219847DBF880
:102E50006430002138469847042D4FF000024FF0AF
:102E600001035BD054D9A1690131A1617EE78BF8E0
:102E700078508BF86E102A4632498BF86D6098476F
:102E8000054680B358462EF037FD05EB0A0018F0D2
:102E9000B5FFC9F8800009F178002EF00FFDA58B71
:102EA0002DF05EFFD8F80030C01A854214D9A08BEF
:102EB000A083FFF763FE234840F201112EF0FAFDD4
:102EC000DBF86430204938469847B0FA80F6760936
:102ED000E3680133E3608FE72DF042FFD8F800305C
:102EE000C01A80B2E4E7DBF86430164938469847E8
:102EF0000126EDE72A4600219847DBF864300021DF
:102F000038469847042D4FF001024FF0000305D0DA
:102F1000032DA8D161690131616180E72169013127
:102F2000216184E72DF01CFFD8F80030C01A80B270
:102F300005E7042D4FF001027FF40FAF74E700BFE7
:102F4000A8090120A40801206C070120EC09012038
:102F50004C0A01202DE9F04F8BB09B469DF8503074
:102F60000193CDE9022106462DF0FAFEDFF8C88272
:102F7000DFF8C8A2C8F8000018F002FF18F000FF40
:102F80009AF87070856AAA4C0399022FDDE9013224
:102F9000814600F0C380032F00F03081002F52D112
:102FA000FEB1F31E012B40F29E81042E00F0A8809A
:102FB00000F2B2803B460127032E00F09A803A4689
:102FC0001F46A36A0133A3623B461746002B00F05D
:102FD0009F8016F0FB0F01D12EF00CFE18F0E6FEDC
:102FE00031E085F87D1085F87E30C5E9202B6B6EC9
:102FF0009049984700283BD02B6EFBB10123E78D09
:103000008AF870302DF0ACFED8F80030C01A874234
:1030100027D9E08D95F87430ADF814302B6EE0852B
:1030200006930125002307A8CDE908338DF81C502D
:103030002EF05AFC294605A82EF0F0FC2368013337
:103040002360002EC8D1258E2DF08AFED8F80030DE
:10305000C01A854240F24081208E20860BB0BDE828
:10306000F08F2DF07DFED8F80030C01A80B2D1E785
:10307000EB6E002B36D06F4948469847064688B31A
:1030800003238AF870302EF0B5FD28462EF034FC6C
:103090000BEB060018F0B2FECAF880000AF17800C7
:1030A0002EF00CFCA68D2DF05BFED8F80030C01A77
:1030B000864210D9A08DA085FFF760FD5D4840F2E3
:1030C00001112EF0F7FC2B6F5A4948469847B0FA89
:1030D00080F67609B2E72DF043FED8F80030C01A2A
:1030E00080B2E8E72B6F13B1524948469847012652
:1030F000A4E7A2680132A260002B7FF46FAF07E063
:103100003B460127626801326260002B7FF464AFA6
:10311000002F7FF463AF96E7012252E703278AF876
:1031200070706EB1F31E012B55D9042E4FF00003C1
:103130004FF001075ED057D9A26A0132A26245E77B
:1031400085F87D1085F87E30C5E9202BAB6E3949B6
:103150009847EB6E002B37D03649484698470646CD
:1031600090B328462EF0C8FB0BEB060018F046FE85
:10317000CAF880000AF178002EF0A0FBA68D2DF091
:10318000EFFDD8F80030C01A864216D9A08DA08570
:10319000FFF7F4FC274840F201112EF08BFC2B6F57
:1031A000244948469847B0FA80F040092369013322
:1031B000236100283FF447AF0EE72DF0D1FDD8F88A
:1031C0000030C01A80B2E2E72B6F13B119494846AC
:1031D00098470120EAE7AB6E00219847042E4FF094
:1031E00001034FF0000705D0032EA5D1A2690132DB
:1031F000A26181E762690132626186E7EB6EFEB12E
:10320000F21E012A57D9002198472B6F13B10021D4
:1032100048469847042E4FF000034FF0010757D05F
:103220008AD8032E88D1626A0132626264E700BFE5
:10323000700801206C070120EC0901204C0A0120D4
:103240002C499847064678B328462EF055FB06EBE6
:103250000B0018F0D3FDCAF880000AF178002EF0B8
:103260002DFBA68D2DF07CFDD8F80030C01A8642CB
:1032700013D9A08DA085FFF781FC1E4840F20111F3
:103280002EF018FC2B6F1B4948469847B0FA80F087
:103290004009E3690133E3618BE72DF061FDD8F864
:1032A0000030C01A80B2E5E72B6F13B111494846D0
:1032B00098470120EDE7002198472B6F13B10021BB
:1032C00048469847042E4FF001034FF00007A8D15D
:1032D000226A0132226218E72DF042FDD8F8003050
:1032E000C01A80B2B9E6042E4FF001037FF464AE39
:1032F00008E700BF6C07012008B506490022062038
:1033000000F0B4FFBDE808400348342200213AF041
:1033100035B800BF952B03007008012008B5064999
:103320000022092000F0A2FFBDE808400348242243
:1033300000213AF023B800BF992C0300A80901200E
:103340002EF060BC1FB5002301A8CDE90133039323
:103350002EF0CAFA05B05DF804FB00002DE9FF4726
:1033600007460D469246994618F01AFD0646002873
:1033700079D1D7F828803D4C94F87230032B72D065
:1033800094F87110022984BF0339C9B201F12502F2
:10339000013388F8012084F87230EB7E0B414A1C1F
:1033A000DB0784F87120E7D5B9F1000F04D11AF0DA
:1033B000FB0F01D12EF01EFC40462EF09DFAB9F114
:1033C000000F2FD0B86818F019FDC4F88000B8605D
:1033D000002384F87030D5F80C80B8F1000F06D0C7
:1033E000D4F8800018F00AFD01463846C04720484E
:1033F0002EF064FA6B689BB301238DF8043001A8AA
:103400000023CDE902332EF06FFA2B7EADF80430A5
:1034100001212B68029301A82EF09CFA304604B0DB
:10342000BDE8F0876B6853B12DF09AFC804618F028
:10343000DFFC404418F0E2FCC4F88000C8E798F8CC
:103440000E102A7E98F80C0017F04DFC804618F0FC
:10345000CFFC404417F0AEFCD4F880301844E9E7C4
:10346000FFF770FFD1E70126D8E700BF4C0A012023
:10347000C40A012010B50E4B0E4A816A9A670E4AA3
:10348000DA670422C3F8842091F87A4083F8714007
:10349000002283F8702083F8722060310123FFF747
:1034A0005DFF18B1BDE8104018F070BC10BD00BF42
:1034B0004C0A0120F5350300BD3403002DE9F34724
:1034C000994605462DF04CFCDFF82481464CC8F89F
:1034D000000018F055FC18F053FC444A866A92F834
:1034E0007030591C012B074682F8701062D106F12A
:1034F000600A002D45D1C6F87C90706E06F18003FD
:103500002A4606F1480100F07BFF814640B3336F45
:10351000716E3846984718B3B4F81A902DF020FC15
:10352000D8F80030C01A814513D9608B6083FFF74B
:1035300009FF96F87930ADF800300121B36E0193A0
:1035400068462EF06BFA736FA3B1716E38469847D8
:1035500010E02DF005FCD8F80030C01A80B2E5E785
:1035600000231A4651463846FFF7F8FE0546B9F1E2
:10357000000FE8D1636801336360DDB12EF03AFBE0
:1035800010E000232A465146FFF7E8FE042D1ED026
:1035900001D8032D09D063690133636150B115F07F
:1035A000FB0FEBD018F002FC04E0E3680133E360AA
:1035B0000028F7D1A58B2DF0D3FBD8F80030C01A26
:1035C00085420AD9A08BA08302B0BDE8F087A3682A
:1035D0000133A3600028D1D1ECE72DF0C1FBD8F86E
:1035E0000030C01A80B2EEE7CC0901204C0A01205D
:1035F000EC0901202DE9FF4107462DF0B1FB324EC9
:10360000324C306018F0BCFB18F0BAFBD0F82880C0
:103610002FB163690133636118F0C8FB0AE02C4BDA
:1036200093F870506A1C08F1600183F870206DB146
:10363000022D39D0E58B2DF093FB3368C01A8542FB
:103640003BD9E08BE08304B0BDE8F081D8F864306A
:1036500023B3278B2DF084FB3368C01A874217D918
:10366000208B208301238DF8043001A80023CDE9AD
:1036700002332EF039F9D8F8640024212EF090FAA4
:10368000236801332360002DD4D02EF0B3FAC3E7B2
:103690002DF066FB3368C01A80B2E2E72B462A465B
:1036A000FFF75CFE0546EBE73B463A46FFF756FE62
:1036B0002369013305462361E5E72DF051FB3368AB
:1036C000C01A80B2BEE700BFEC090120CC0901207E
:1036D0004C0A012008B5064A0649032000F0C6FD41
:1036E000BDE8084004482022002139F047BE00BF51
:1036F0004133030075340300CC0901201FB50023BA
:1037000001A8CDE9013303932EF0EEF805B05DF882
:1037100004FB00002DE9F0479A4605462DF020FBFA
:10372000354F364C386018F02BFB18F029FB344B22
:10373000866A93F8709009F10102B9F1010F804691
:1037400083F8702043D175BB9DF8203086F8A130F6
:10375000316FD6F89430C6F8A4A0984780B3B4F877
:103760001E902DF0FDFA3B68C01A814515D9E38BF8
:10377000E383FFF7C3FF022106F174002EF04EF938
:10378000D6F8983013B1316F4046984763680133DB
:103790006360E5B12EF02EFA17E02DF0E1FA3B68F8
:1037A000C31A9BB2E4E7042D1CD001D8032D09D025
:1037B000A36915F0FB0F03F10103A36105D1E9E74C
:1037C0004D46E3E7E3680133E36018F0EFFA258C38
:1037D0002DF0C6FA3B68C01A854207D9208C208498
:1037E000BDE8F087A3680133A360D3E72DF0B8FAF2
:1037F0003B68C01A80B2F2E7EC090120F009012011
:103800004C0A0120F8B5CB6B06460C460BB90120DB
:10381000F8BD0121984705460028F8D0B06A144E3B
:103820002EF06AF8D6F88000284418F0E7FA114D17
:10383000C6F8800006F178000F4E2EF03FF8AF8BEF
:103840002DF08EFA3368C01A87420AD9A88BA88354
:10385000FFF754FF04F1240002212EF07BF8002032
:10386000D6E72DF07DFA3368C01A80B2EFE700BFCB
:103870004C0A0120F0090120EC0901202DE9FF4745
:1038800005462DF06DFA404F404C386018F078FA3C
:1038900018F076FA866A81462DB1A3690133A361D7
:1038A00018F084FA18E0DFF8E88098F87050022DDC
:1038B00006F1600A3DD0032D55D06DB9336FBBB909
:1038C0000323514688F87030FFF79CFF05462368B4
:1038D00001332360002D54D1658C2DF041FA3B68F3
:1038E000C01A854247D9608C608404B0BDE8F08777
:1038F000012388F87030B4F81C802DF031FA3B6851
:10390000C01A80450FD9A08BA08301238DF8043005
:1039100001A80023CDE902332DF0E6FF306F24210A
:103920002EF03EF9D3E72DF01BFA3B68C01A80B2A7
:10393000EAE7032388F8703096F8A110707BD6F878
:10394000A4500E2217F0CFF99635284418F056FAF5
:103950005146C8F880004846FFF754FF23690133F9
:1039600005462361B6E75146FFF74CFF6369013313
:1039700005466361AEE72DF0F3F93B68C01A80B2EB
:10398000B2E72EF037F98BE7EC090120F0090120AE
:103990004C0A0120F0B51F4C1F4B866AA3671F4BD2
:1039A000E3670423C4F8843085B000230F4605463E
:1039B000A4F8703018F0F4F9014640BBD6F89C30FA
:1039C0000BB12846984738462DF096FFA86818F0A6
:1039D00015FAC4F88000A8601148002584F87050DA
:1039E0002DF06CFF336F7BB1012301A8CDE90255A7
:1039F0008DF804302DF078FF022106F1600005B04B
:103A0000BDE8F0402DF0A6BFFFF778FEF4E705B063
:103A1000F0BD00BF4C0A01207D38030015370300BC
:103A2000C40A0120FFF7B6BF08B5084900220720E5
:103A300000F01CFC06490022082000F017FCBDE83D
:103A4000084004482422002139F098BC953903002D
:103A5000253A0300F00901201FB501238DF8043039
:103A600001A80023CDE902332DF03EFF05B05DF83B
:103A700004FB00002DE9F04104460D4618F080F9E2
:103A8000836A1B78042B0BD1124B93F870303BB92F
:103A9000FFF7E2FF29462046BDE8F0412DF05ABF6E
:103AA0000D4E0E4FB6F816802DF05AF93B68C01A2D
:103AB000804509D9F38AF382FFF7CEFF29462046D5
:103AC000BDE8F0412DF0AABF2DF04AF93B68C31ABA
:103AD0009BB2F0E74C0A0120140A0120EC090120F6
:103AE00070B50C4E04460D46C6F88C00A6F888103A
:103AF00018F046F9836A1B78052B0AD196F87030C6
:103B00003BB9FFF7A9FF29462046BDE870402DF0DC
:103B1000D1BF70BD4C0A012013B50C4601902EF0A8
:103B200071F8084B0198D3F88C1031B10022C3F81A
:103B30008C20E36E022298470198636E02B0BDE8C4
:103B4000104018474C0A012070B50F4C0546084636
:103B50000E462DF0D1FE0D4BA367A8680C4BE36712
:103B600018F04CF90423C4F88000A86004F1780030
:103B7000C4F884302DF0A2FE002384F87030336E38
:103B80002846BDE8704018474C0A0120413C03001C
:103B9000953B030070B50C4605462DF0E1F8254E27
:103BA000306018F0EDF818F0EBF8826A9DF81030EC
:103BB00082F87130204B82F8704093F8701011B980
:103BC000012183F870100024D3F88C10C3F88C40C6
:103BD000D36E2A46984718F0E3F830B115F0FB0F82
:103BE00001D12EF007F818F0E1F8032D134C0FD097
:103BF000042D11D0A5B9236801332360258B2DF046
:103C0000AFF83368C01A85420ED9208B208370BD6F
:103C1000A3680133A360F1E7636801336360EDE7F4
:103C2000236901332361E9E72DF09AF83368C01A5C
:103C300080B2EBE7EC0901204C0A0120140A0120B4
:103C40002DE9F04385B005462DF08AF82D4EDFF8BA
:103C5000BC80306018F094F818F092F8D0F82890F2
:103C6000294CD9F86830294607469847D8F88C106F
:103C700000293CD065BBA58A2DF072F83368C01AC4
:103C800085421FD9A08AA08201238DF8043001A8A3
:103C90000023CDE902332DF027FEB8F88810D8F8BC
:103CA0008C002DF07DFFE3680133E360658B2DF020
:103CB00057F83368C01A854213D9608B608305B00A
:103CC000BDE8F0832DF04CF83368C01A80B2DAE713
:103CD0000023C8F88C300222D9F86C303846984757
:103CE00008E02DF03DF83368C01A80B2E6E70DB960
:103CF0002DF080FF18F05AF8002DD4D0236901333D
:103D00002361D3E7EC090120140A01204C0A0120A9
:103D100008B5064A0649042000F0A8FABDE80840A4
:103D200004481C22002139F029BB00BF193B0300C5
:103D3000493B0300140A012013B50C4601902DF0F5
:103D400061FF084B0198D3F88C1031B10022C3F801
:103D50008C20236F022298470198A36E02B0BDE821
:103D6000104018474C0A01202DE9F0410F4D876A99
:103D7000044608460E462DF0BFFD0D4BAB67A0680C
:103D80000C4BEB6718F03AF83B6EC5F88000A0606A
:103D900005F17800C5F884302DF090FD002385F8FA
:103DA0007030736E2046BDE8F04118474C0A012080
:103DB000693E0300B93D0300F8B50C461F460546B1
:103DC0002CF0CEFF254E306017F0DAFF17F0D8FF49
:103DD000826A9DF8183082F87840214C82F8793058
:103DE00094F870301BB9012384F8703057670023B2
:103DF000D4F88C10C4F88C30136F2A46984717F00B
:103E0000CFFF30B115F0FB0F01D12DF0F3FE17F00D
:103E1000CDFF032D134C0FD0042D11D0A5B923686D
:103E200001332360258B2CF09BFF3368C01A854239
:103E30000ED9208B2083F8BDA3680133A360F1E77E
:103E4000636801336360EDE7236901332361E9E7C8
:103E50002CF086FF3368C01A80B2EBE7EC09012032
:103E60004C0A0120140A01202DE9F04385B0804658
:103E70002CF076FF2E4D2F4E286017F081FF17F0A3
:103E80007FFFD0F828902C4CD9F86C30414607467B
:103E90009847B8F1000F29D1D6F88C300BB3A78A18
:103EA0002CF05EFF2B68C01A874214D9A08AA0822A
:103EB00001238DF8043001A80023CDE902332DF051
:103EC00013FDB6F88810D6F88C002DF069FEE36873
:103ED0000133E3601AE02CF043FF2B68C01A80B274
:103EE000E5E72DF087FE17F061FFF0E7D6F88C10BC
:103EF00039B10023C6F88C300222D9F87030384628
:103F0000984717F053FF236901332361668B2CF028
:103F100027FF2B68C01A864204D9608B608305B0E6
:103F2000BDE8F0832CF01CFF2B68C01A80B2F5E7C7
:103F3000EC0901204C0A0120140A012008B5064AA8
:103F40000649052000F092F9BDE8084004481C220B
:103F5000002139F013BA00BF393D0300693D030069
:103F6000140A01201FB5002301A8CDE901330393F2
:103F70002DF0BAFC05B05DF804FB000070B5104DE3
:103F8000104BAB670646104B8068EB670C4617F08A
:103F900035FF236EC5F88000B0602046C5F8843038
:103FA0002DF0AAFC05F178002DF088FCFFF7DAFF70
:103FB000B4F86C10A06EBDE870402DF07BBD00BF62
:103FC0004C0A012065400300CD3F030070B5044654
:103FD00017F0D6FE17F0D4FE856A14F0FB0F6B6E57
:103FE000214620D19847F8B12DF004FE1A4B1B68EA
:103FF0009E782CF0B5FE304417F000FF174E2B6E64
:10400000C6F880002846C6F884302DF075FC06F10D
:1040100078002DF053FCFFF7A5FFB5F86C10A86EE3
:104020002DF048FD02E0984717F0C0FE032C0C4B22
:1040300006D0042C08D05CB91A6801321A6070BD31
:104040009A6801329A60FAE75A6801325A60F6E7D4
:104050001A6901321A61F2E7303401204C0A01205A
:10406000300A0120F7B5054617F08AFE17F088FEE2
:104070001B4E846A074625BB2DF0BCFD236E2946E6
:104080003846984700B3174DB4F86A00D5F8803029
:10409000184417F0B3FEC5F8800020462DF02CFC24
:1040A00005F178002DF00AFCFFF75CFFB4F86830EA
:1040B000ADF800300121636E019368462DF04AFC93
:1040C00005E0236E2946984717F070FE25B9F3687E
:1040D0000133F36003B0F0BD336901333361F9E7B5
:1040E000300A01204C0A012073B5114D114BAB670A
:1040F0000646114B8068EB670C4617F07FFEC5F84B
:104100008000B06020462DF0F7FB05F178002DF01F
:10411000D5FBFFF727FFB4F86830ADF80030012178
:10412000636E019368462DF015FC02B070BD00BFB0
:104130004C0A012065400300CD3F030008B52DF077
:1041400061FDBDE8084017F031BE000008B5084A1F
:104150000849002000F08AF8054A0749012000F0CC
:1041600085F8BDE8084005481C22002139F006B951
:104170003D410300E94003007D3F0300300A012078
:10418000816A034B0A7853F8323003B118477047FD
:104190004C0A0120816A044B0A7803EBC2035B6876
:1041A00003B11847704700BF4C0A01202DF092BAA6
:1041B0002DF042BB08B52DF03FFBBDE808400020C4
:1041C0002DF0AEBB08B52DF0D7FA00202DF09EFBE8
:1041D000BDE8084001202DF0A3BB08B52DF0CCFAB6
:1041E000BDE8084000202DF091BB08B52DF0C4FAC1
:1041F000BDE8084001202DF089BB000013B5124C2A
:104200002DF06AFA114A1249124B0094012017F05E
:104210002FFE114B0D4A0E490094022017F028FE84
:104220000E4B0A4A009300210D4B032017F020FE8D
:104230000C49012017F02AFE0B489822002102B0F9
:10424000BDE8104039F09AB8B14103009541030030
:1042500081410300EB410300DB410300B541030052
:10426000C5410300AD4103004C0A0120034B43F854
:10427000301003EBC0004260704700BF4C0A0120C1
:10428000F0B504468C461778D3E9000185B0164690
:104290001D46002C36D0CFB14FEA112E0EF0C00EC5
:1042A000BEF1400F12D1BCF1000F04D000F0F6FCBB
:1042B000204605B0F0BD00F067FC044608B10124BB
:1042C000F6E71F4AD38B0133D383F1E702460B464F
:1042D000384600F067FD0238C0B20128EFD80DF172
:1042E0000F0300933078D5E9002300F0FFFB18B1ED
:1042F0009DF80F30002BDBD1114A138B0133138350
:104300000224D5E727B10B0A03F0C003402BD6D017
:1043100002460B46384600F045FD02380128CED84B
:104320000DF10F0300933078D5E9002300F0DEFB98
:104330000028E1D09DF80F30002BC0D1DCE700BF92
:10434000E40A01202DE9F041884617461E4604463E
:1043500058B152EA06030E4D0AD100F02BFE012897
:1043600006D1EB880133EB8004462046BDE8F0819E
:104370003A463346404600F09BFD20B9AB880133F6
:10438000AB800224F1E7EB880133EB80EDE700BF5F
:10439000E40A01201FB50B46DDE9064110B90020F3
:1043A00004B010BDCAB10A0A02F0C002402A14D1FA
:1043B00033B10AAB08AA2046039100F0C3FC03996D
:1043C000DDE90A232046CDE900239DF8202000F0F6
:1043D00019FC003818BF0120E2E7DDE90A239DF847
:1043E000200000F0F0FC0238C0B20128D7D8034A00
:1043F000538B013353830220D2E700BFE40A01202C
:104400002DE9F04F90F800B00D88704E0BF00F0BB7
:1044100045FA0BF515F001051C4687B04378804638
:104420000F46914606D1338801333380284607B0C2
:10443000BDE8F08F72884FF4C07A4AFA0BFA013265
:104440001AF0010A728001D00125EFE703F03F0363
:10445000637484F810B010F8025B25F02BFCC5F3F0
:104460008015E574A574C4E90201C4E90001786807
:1044700004F1080304F113024946C0F38010FFF76A
:10448000FFFE0128054602D0022838D05546D7F84D
:1044900004C094F813E01CF0040AD4E902230ED0FF
:1044A000D7E90410834208BF8A4203D1CCF3C00C81
:1044B000E64526D03089013030814FF0020A7888F5
:1044C00040FA0BF0714600F00100FFF73BFF50454A
:1044D000E17C21D27B6813F0040FD4E902E0D7E934
:1044E00004C217D0904208BFE64503D1C3F3C0030E
:1044F00099420CD0338901333381012D19D1002524
:1045000094E77089013070814FF0010AD7E7738911
:104510000133738101250CE0788840FA0BF0D4E96F
:10452000022300F00100FFF70DFF0128F2D9022855
:10453000E3D02A2323FA0BF325754FF0010ADD0798
:1045400084F815A080D5404610F8085B25F0B2FB32
:10455000D4E9022383467868CDE90423ED09E37C9E
:104560000293CDE900B188462A464946C0F30010BF
:10457000FFF710FF01283FF467AF0228BFD0D7E94B
:104580000131D807FA687FF55FAF424508BF59454A
:1045900003D1C3F34002AA4213D0B2890132B281DF
:1045A000002DACD04FEA182808F0C008B8F1400838
:1045B000A5D19B06A3D5338C0133338484F81580B1
:1045C00034E7F3890133F3813EE700BFE40A0120B9
:1045D0002DE9F04F07461C4608883B7C634D184187
:1045E00010F0010087B00E46904605D12B880133AC
:1045F0002B8007B0BDE8F08F6B8801336B80D7E963
:104600000023C4E90223C4E90023BB7CE374A37440
:10461000486804F1080304F113024146C0F3801016
:10462000FFF72EFE0128814603D002283CD04FF030
:104630000009D6F804C094F813E01CF0040AD4E989
:1046400002230ED0D6E90410834208BF8A4203D168
:10465000CCF3C000864529D02889013028814FF04D
:10466000020A708897F810C040FA0CF0714600F00A
:104670000100FFF767FE5045E17C23D2736813F019
:10468000040FD4E902E0D6E904C218D0904208BF72
:10469000E64503D1C3F3C00399420DD02B89013302
:1046A0002B81B9F1010F1AD10020A2E768890130EE
:1046B00068814FF0010AD4E76B8901336B814FF0B9
:1046C00001090CE03B7C7088184100F00100D4E93E
:1046D0000223FFF737FE0128F1D90228E1D084F840
:1046E00014904FF0010984F815907B7C9B0701D44E
:1046F00001207EE7D4E9022397F813B07068D7E968
:1047000002A7CDE90423E37C0293CDE900A75A4632
:104710004146C0F30010FFF73DFE01283FF469AFAA
:104720000228C1D0D6E90131D807F268E0D5BA42F3
:1047300008BF514503D1C3F340025A4511D0AA899D
:104740000132AA81BBF1000FAED03F0A07F0C007CB
:10475000403FA9D19B06A7D52B8C01332B846775CD
:10476000C6E7EB890133EB81C2E700BFE40A012011
:1047700030B50B4C0B4D002323700B4C23708B0773
:1047800016BF21F003030B4604332B6003EB001329
:10479000591A914296BF2070002088B230BD00BFE8
:1047A0000A0B01200C0B01200B0B0120F0B50E4968
:1047B0009DF814C00D780D4909680024A54201D860
:1047C0000020F0BD0E7A864208D1D1E900769E42E3
:1047D00008BF974202D14E7A664502D001341031AB
:1047E000ECE70120EDE700BF0A0B01200C0B0120D4
:1047F000014B1878704700BF0B0B0120014B0022C2
:104800001A7070470A0B012030B50B490B4D09781F
:104810002C78A1420DD90A49096801EB0411C1E9BC
:10482000002301349DF80C3008724B722C7001206B
:1048300030BD0020FCE700BF0B0B01200A0B01205C
:104840000C0B01202DE9F0411B4CDFF870E02768CC
:104850009DF818809EF8001084463C460025EEB274
:10486000B14201D8002021E0267A664520D1D4E962
:1048700000069E4208BF90421AD1667A464517D17B
:10488000012901F1FF330ED09D420CD001F180517E
:10489000013907EB01110A7A2272D1E90067C4E9F4
:1048A00000674A7A62728EF800300120BDE8F0811C
:1048B00001351034D3E700BF0C0B01200A0B012097
:1048C000F0B50C490D780C4943EA00430C6800210F
:1048D000C8B2854201D800200AE02046D0E9087617
:1048E0009E4208BF974201F1010104F14804EFD153
:1048F000F0BD00BF140B0120180B012030B585B0AE
:1049000005460C4610220021684638F037FD6A46FD
:10491000ADF8004011462846240C8DF802402DF0D9
:10492000B3FB9DF802309DF801209DF800001B04A8
:1049300043EA0223184305B030BD13B504210446F1
:104940000DEB01002DF0FAFB0199C1F3150141F4C3
:10495000800120460191FFF7D1FF019940EA0160F3
:10496000090A02B010BD000030B50C4C0C4D0023FC
:1049700023700C4C23708B0716BF21F003030B46EA
:1049800004332B6000EBC00503EBC503591A9142B9
:1049900096BF2070002088B230BD00BF140B0120EC
:1049A000180B0120150B0120014B1860704700BF48
:1049B000100B0120014B1878704700BF150B012028
:1049C000014B00221A707047140B0120F8B50746FE
:1049D0001D46FFF775FF1646044688B92E4A2F4B31
:1049E00011781B788B4201D80020F8BD2C48046850
:1049F00001EBC10314EBC30401F101011170F3D009
:104A000045EA0745069BC4E90865224603F1100103
:104A100053F8040B42F8040B8B42F9D1012384F8BC
:104A2000403004F10F02631E13F8011F71B300231D
:104A300084F84030079B04F11000024603F1100196
:104A400053F8045B42F8045B8B42F9D1012384F8EC
:104A5000413004F12002034613F8011BC9B10023C1
:104A600084F8413000230022C4E90A23C4E90C235E
:104A7000C4E90E230023A4F8423094F841301BB956
:104A8000FFF75BFFC4E90C010120AEE79A42CBD1EE
:104A9000D0E79A42E0D1E5E7140B0120150B012085
:104AA000180B012038B5FFF70BFF80B1084D2C78AB
:104AB000012C09D90749482209686FF0470312FB06
:104AC0000433194438F032FC013C2C70012038BD0D
:104AD000140B0120180B012008B5FFF7F1FE20B1DF
:104AE0009DF8083080F84330012008BD08B5FFF775
:104AF000E7FE20B1029B90F843201A70012008BD08
:104B000010B5029CFFF7DCFE40B1D0E90A2352EA5F
:104B100003011ABFC4E900230120002010BD10B515
:104B2000029CFFF7CDFE40B1D0E90C2352EA03010D
:104B30001ABFC4E900230120002010BD08B5FFF70B
:104B4000BFFE28B1029BD3E90023C0E90C2301205A
:104B500008BD10B5FFF7B4FE044698B190F8403098
:104B600083B990F8423033B9FFF7E7FEC4E90A0190
:104B7000012384F84230D4E90A01029BC3E9000111
:104B8000012010BD0020FCE7F7B51A4C94F800C0D6
:104B9000194C002625683446F7B2BC4510D80CB332
:104BA000164C2468F4B1164E758C01357584D3E922
:104BB0000067CDE9006713780122A047002411E0C7
:104BC00095F8407097B9D5E90A748C4208BF8742BE
:104BD0000BD1E98C01F001011170296AAA8CC3E99B
:104BE00000120124204603B0F0BD012401364835EF
:104BF000D2E700BF140B0120180B0120100B01207D
:104C0000E40A01202DE9F347DDE90A679146804671
:104C100032463B4648460D46FFF752FEE8B190F853
:104C20004140D4B9D0E90E23AB4208BF424516D06B
:104C30000C4BD3F800A0BAF1000F0AD00A4A938CAB
:104C4000013393844046CDE900674B46224629460E
:104C5000D047204602B0BDE8F0870024F9E70124E0
:104C6000F7E700BF100B0120E40A012038B5054624
:104C70001046DDE904230C46FFF722FE50B190F800
:104C8000413043B9D0E90E23A34208BFAA420CBF6A
:104C90000120002038BD0020FCE700002DE9F74F7F
:104CA0000E46010E41EA0621DFF894A00092054667
:104CB0001F4621F07F414FF000084FF0480B1E4B7C
:104CC0001B785FFA88F4A34205D81C4A138A013383
:104CD0001382002029E0DAF800300BFB043494F84A
:104CE0004090B9F1000F23D1D4E90A23B34208BFA1
:104CF000AA4210D020460191FFF700FE25F07F4325
:104D00008342019914D10D4A84F84290538AC4E930
:104D10000A5601335382E38C009A03F001031370A7
:104D2000226AA38CC7E90023012003B0BDE8F08FFD
:104D300008F10108C3E700BF140B0120E40A0120B9
:104D4000180B012070B50E4611460546D3E9002325
:104D50000878FFF7B5FD0446E0B190F84130CBB9D3
:104D6000D0E90E23B34208BFAA4211D0290E41EA6E
:104D7000062121F07F411030FFF7C0FD25F07F4371
:104D8000834207D1064AD38AC4E90E560133D3823F
:104D9000012004E0024A938A01339382002070BD0F
:104DA000E40A012008B5FFF78BFD48B1D0E90A32CB
:104DB000134306D190F84030002B14BF012002208D
:104DC00008BD0320FCE708B5FFF77AFD48B1D0E93C
:104DD0000C32134306D190F84130002B14BF012050
:104DE000022008BD0320FCE72DE9F041134E144FCB
:104DF00000254FF048083378ECB2A34201D8BDE853
:104E0000F0813B6808FB043494F841302BB904F17D
:104E10001000FFF792FDC4E90C0194F840303BB953
:104E200094F8423023B12046FFF787FDC4E90A0118
:104E3000012384F844301D44DDE700BF140B01203A
:104E4000180B012008B5FFF73BFD30B1002290F8A8
:104E5000443080F84420184608BD0346FBE708B5F7
:104E6000FFF72EFD003818BF012008BD30B50C4CEF
:104E70000C4D002323700C4C2B7023708B0718BF34
:104E800021F00303094D0CBF0B4604332B6003EBE9
:104E9000C003591A914296BF2070002088B230BDDD
:104EA0001D0B01201C0B01201E0B0120200B0120DB
:104EB00030B543EA00400A4B19680A4B1C7801EBF5
:104EC000C404A14201D1002030BDD1E90053834286
:104ED00008BF954201F10801F3D10120F4E700BFBA
:104EE000200B01201D0B0120014B1878704700BFDB
:104EF0001E0B0120024A00231370024A13707047F0
:104F00001D0B01201C0B0120F8B5064615461C465A
:104F1000FFF7CEFF80B9094B094A197812788A4207
:104F20000BD9084A126802EBC10742F8315044EA33
:104F3000064401317C6019700120F8BD1D0B012071
:104F40001E0B0120200B0120DFF84CC043EA00407B
:104F5000104B9CF80010F0B51C68254604EBC10E00
:104F6000754501D1002014E02B46D3E90076864236
:104F700008BF974205F10805F2D101291EBF04EBD5
:104F8000C10454E90245C3E9004501398CF8001019
:104F90000120F0BD200B01201D0B0120014B01223F
:104FA0001A7070471C0B0120014B00221A707047C9
:104FB0001C0B0120014B1878704700BF1C0B01200F
:104FC00008B516F053FEFFF719F9FDF7C3FDFEF71C
:104FD0009FFEFEF77FFBFEF7B1FFFEF78DF9FEF7B0
:104FE0009DF9FEF721FD2CF033FEBDE80840FFF7E8
:104FF000ADB8000008B5034828F050FDBDE80840F2
:1050000017F092BB31C8040008B513F025FA13F06D
:1050100063FA13F053FA13F035FA13F056FA13F05B
:1050200063FA13F068FA13F020FA13F057FA13F04A
:1050300057FA13F030FA13F065FA13F035FA13F05B
:1050400051FA034828F02AFDBDE8084013F07AB968
:10505000C98304002DE9F041DDE906570C46984666
:10506000164616F0FDFD3A4629462046FFF7FEFE9D
:1050700005443F1A3A46294604464046FFF778FB66
:1050800004443A1A29183046FFF76EFC2044BDE864
:10509000F08170B516460D4613F04EF9314628469C
:1050A00013F004FA361A054431460446284613F034
:1050B000DAF90444311A284413F0EBF9204470BDA6
:1050C00030B585B003690193C368009304468379C2
:1050D000427901790068FFF7BDFFE1682269014468
:1050E000121AE16022610546A068FFF7D2FFE3686B
:1050F0000344E36023691B1A236128440390FFF7EC
:105100005FFFFFF777FFFFF77FFF039805B030BD24
:1051100008B5034828F0C2FCBDE8084012F04ABDBB
:10512000517E040013B504460548019128F0B6FCF1
:10513000019A214602B0BDE8104016F0D3BE00BF70
:1051400011BF040008B512F061FD12F02BFE12F041
:10515000D9FD12F08BFD12F035FE12F0A9FD12F010
:1051600077FD12F00FFE12F063FE12F05FFD12F0F9
:10517000E9FD12F08BFD12F0BDFD12F049FEBDE815
:10518000084012F031BE38B50546FFF799FFAB680D
:105190000446998CD88BFFF7C5FFFFF7D3FFFFF7C5
:1051A000B7FF12F0ADFF204638BD000037B504460A
:1051B00015F004FC144B9C42144B4FF000020CBF42
:1051C000DA701A7194F8423003F0FD03012B01D11B
:1051D00015F004FC204607F085F804F128050DF1D0
:1051E0000701284624F0F9FB40B930340DF10701DE
:1051F000204624F0F2FB20B903B030BD24F0D4FBEC
:10520000EDE724F0D1FBF1E7580C0120A03001209C
:10521000154A38B5154C164B106851681D6804F1D5
:105220003C0303C304F148002979124D07F082F9C9
:10523000012016F02DFD15F0B9FB0123EB7094F859
:10524000423003F0FD03012B01D115F0BFFB07F045
:105250006BF800200123687184F89031A4F88E3136
:10526000BDE8384015F061BB3C310120580C0120ED
:10527000500C0120A0300120054BDB7833B10548EC
:10528000012380F899309C3017F082B9704700BF35
:10529000A0300120580C0120002015F046BB0C2046
:1052A00015F043BB08B5012016F008FDBDE8084025
:1052B0000148FFF77BBF00BF580C012008B5012053
:1052C00016F0FCFC0348FFF771FFBDE80840002022
:1052D00015F02BBB580C0120FFF7E4BF034B044A29
:1052E00019684B6813608B6853607047500C01203D
:1052F0003C31012008B5084B08481B68197990F823
:1053000088308B4202D0483007F014F9BDE80840DD
:10531000002015F00ABB00BF500C0120580C0120E2
:1053200010B50446012016F0C9FCA37B03F0FD0371
:10533000012B01D115F052FBD4F8980220B124F0D2
:1053400033FB0023C4F89832D4F8A00220B124F033
:105350002BFB0023C4F8A032034AD378013BD3705F
:10536000BDE8104015F02ABBA030012038B5054635
:105370000C4C012016F0A2FC2C1B0B4AEB68A4116C
:1053800054430BB1A0B298470434E0B216F0BCFA13
:1053900095F810320BB115F031FB15F00FFB00231F
:1053A0002B7038BD68160120A38B2EBA38B50C4679
:1053B00005460E220021204637F0E0FF204695F8F2
:1053C000703200F8023BD5E99E2324F079FC95F871
:1053D0007132637095F8B8322372D5F81C31054AE2
:1053E000A3FB0232DB0F43EA4203638195F82031CD
:1053F000237338BDE3361A0038B50446012016F091
:1054000047FCA37B03F0FD03012B01D115F0DEFA6D
:1054100000236370A370A4F8083284F83C3020465F
:1054200007F07CFB054620B9204607F07BFC0546CB
:1054300040B1284615F036FB20460321BDE8384030
:1054400007F042BE074AD3780133D37015F0AEFAA5
:10545000012384F86830A4F866302846BDE8384057
:1054600015F020BBA0300120002015F01BBB000070
:1054700070B4017C104C8A1E514266785141B6EBE3
:10548000410F4FF001024FEA410582700AD190F8B6
:10549000082222B900F5037070BC17F079B800F546
:1054A0003E70F9E72378AA4023EA02032370032120
:1054B00070BC07F009BE00BFF00D0120002015F000
:1054C000F1BA000010B5094C6378012B04D9BDE88E
:1054D00010400C2015F0E6BA04F1600024F075FBD2
:1054E00004F17000BDE8104024F06FBBF80D0120FE
:1054F000034B5B7813B10C2015F0D4BA704700BF92
:10550000F80D0120024B587800B10C2015F0CABAF2
:10551000F80D012008B5FFF703FF044B5B7823B1BA
:10552000BDE80840002015F0BDBA08BDF80D012007
:1055300038B51C4B1C68012016F0AAFB23790BB16F
:1055400015F054FA184D23792B72D4E90223C5E9DA
:105550000423E379AB72A3796B7208F0F5F8D0B14C
:10556000A861237980F81032A37980F81132E379A9
:1055700080F81232D4E90223C0E98623238AA0F8F6
:105580000832638A03EB83035B00A0F80A320B2323
:10559000037263798371A86907F066FEBDE838403D
:1055A00015F004BADC1E0120A81E0120034B5A7816
:1055B000012A04BF00225A70704700BFA81E0120B4
:1055C00010B5084C6378012B04D1A069C370283052
:1055D00016F0DEFFA06901230371BDE8104005212C
:1055E00007F08CBDA81E012030B50F4C6378012B4D
:1055F00085B007D1A0690025C3700571283016F069
:10560000C7FF6570A0696946FFF7D0FEA169074B27
:10561000C91A074B891159436A4689B23E2015F0D1
:1056200075FA05B030BD00BFA81E01206816012024
:10563000A38B2EBA1FB50E4CA069C378012B04BFF3
:105640000023C370FFF792FEA469237973B10E2281
:105650000021684637F092FE0649074B611A89110E
:1056600059436A4689B2442015F050FA04B010BD7F
:10567000A81E012068160120A38B2EBA2DE9F04345
:105680003C4B85B01D6808F05FF8044600286ED0DA
:10569000012016F0FDFA002384F8103295F820302E
:1056A00084F8113295F8213084F81232D5E90A23B2
:1056B000C4E9862395F823302F4F84F8B8322F4E53
:1056C0004FF07A73C4F808320C233461A91D237299
:1056D00038460CF0F9FBBB8840F2E2425343C4F871
:1056E0001C3195F8203084F8703295F8213084F818
:1056F0007132D5E90A01DB07C4E99E011CD50B0A0A
:1057000003F0C003403B17D14FF000084FF00009F1
:105710008DF807300DF1070202ABCDE90289FFF7E2
:10572000BDFA48B19DF8073043F0020384F87132A6
:10573000DDE90223C4E99E23306907F095FD15F0E9
:1057400035F9AB88B3806B8BF380AB8B33812B8EB9
:10575000738195F82230288B3373EB8B7080F38143
:1057600007F074FE05B0BDE8F04304F04DB805B095
:10577000BDE8F083DC1E0120E01E0120C81E0120D0
:105780007047000010B5064C20690123C370283013
:1057900016F0FEFE21693E20BDE8104008F010B86A
:1057A000C81E0120034B18690123C370283016F06E
:1057B000EFBE00BFC81E0120044B1869C378012B3F
:1057C00004BF0023C370FFF7D1BD00BFC81E012076
:1057D0001FB5037A0B2B04460ED16946FFF7E6FD91
:1057E0000A490B4B611A891159436A4689B2002054
:1057F00015F08CF904B010BD0C2BFBD10146002034
:1058000004B0BDE8104007F0DBBF00BF6816012000
:10581000A38B2EBA01238370283016F0B9BEFFF790
:10582000A5BD0000012310B504468370283016F092
:10583000AFFE04F5187024F0C8F90548054B201A8E
:1058400080115843BDE8104080B215F086B900BF02
:1058500068160120A38B2EBAF8B50579C38815B157
:10586000012D18D0F8BD4FF430720F4906884088DA
:105870005343CC18B4F84821921B8242F2DCD4E99D
:10588000506703F50A73C4E98A67C81815F0EEF883
:1058900084F83851E6E7044A4FF4307101FB0323E2
:1058A000002283F8A021DDE76816012008B515F075
:1058B00085F8064B00225A70054B93F821301BB136
:1058C000BDE8084015F08AB808BD00BFA03001202F
:1058D0007831012008B5012016F0DAF915F066F8E4
:1058E000074B01225A70074B93F821300BB115F08A
:1058F0006DF808F063F8BDE80840002015F006B820
:10590000A03001207831012008B5012016F0C0F93F
:1059100015F04CF8064B01225A70064B93F82130D3
:105920000BB115F053F8BDE8084008F047B800BFC8
:10593000A030012078310120054B5B7833B1054858
:10594000012380F829302C3016F022BE704700BFAA
:10595000A0300120281F0120002014F0D7BF0C2008
:1059600014F0D4BF2DE9F041594B5B788AB0002B7D
:1059700000F0AA80574C94F82860BEB3D4F8BC80DD
:10598000B8F1000F2DD004F1D803012204F1A001D9
:105990004046FEF735FD0646602023F0F9FF054638
:1059A000002800F08D8000F1080708F10201384658
:1059B0000CF055FC38460CF0AAFC002837D12846DC
:1059C00023F0F2FF042023F0E3FF014630B14FF44F
:1059D00041734380404B187B23F0EFFF012016F00A
:1059E0006DF90AB0BDE8F041FFF760BF3B4C08F02D
:1059F0001DF9257C012DF1D13146242201A837F073
:105A0000BDFC43F60543ADF806303C238DF8083065
:105A1000A37C8DF80D300DF10E00D4E906238DF82E
:105A20000C5024F04DF901A814F068FFD6E7002EC1
:105A3000C5D00023AB70D4F81831AB6394F8EB30C9
:105A400085F83C3094F8EA209A4207D1D4E93861CD
:105A5000D4E93602914208BF864203D043F00203E4
:105A600085F83C30D4E93823C5E91223002200230D
:105A7000C5E9142394F8EB2094F8EA309A4207D150
:105A8000D4E93802D4E936139A4208BF884203D0D9
:105A9000D4E93623C5E91423104BD3E91C23C5E907
:105AA000162394F82A3085F83D300123EB87002334
:105AB00085F84130084B2946187B23F07EFF90E79C
:105AC000002E3FF47FAF8CE70AB0BDE8F08100BF45
:105AD000A0300120281F0120E03001207831012072
:105AE00008B5012016F0EAF8FFF7E0FE08F09EF88E
:105AF000BDE80840002014F009BF08B5012016F0E9
:105B0000DDF8FFF7D3FEBDE8084008F08FB80000CD
:105B1000054B30B51C68054D08340FCC0FC594E813
:105B20000F0085E80F0030BD500C012080310120AE
:105B300010B50446012016F0C1F8074B1868074B52
:105B4000201AC01058430430C0B215F02DFEBDE835
:105B5000104014F033BF00BFB4200120DF3A82D2DE
:105B600010B50446D0F8880828B1043823F01CFF8B
:105B70000023C4F88838D4F88C0728B1043823F0FF
:105B800013FF0023C4F88C3794F83B300BB114F0AA
:105B900025FF024A9378013B937010BDA03001208D
:105BA00038B51C4D0446012016F072F82A68137AA5
:105BB00084F88032002384F8813284F8823284F8B9
:105BC000F836A4F8FA365168C4F88432204609F051
:105BD000E3F9014640B1607814F0CCFF204604217F
:105BE000BDE8384009F094B80B4A937801339370BC
:105BF00094F83B300BB114F0E9FE2B68596819B1E9
:105C000004F51C7023F0DEFF60780021BDE8384009
:105C100014F0B0BFB8200120A030012038B5164DD7
:105C20000446012016F034F82A68137A84F880328A
:105C3000002384F8813284F8823284F8F836A4F89C
:105C4000FA365168C4F88432204609F0A5F90146B5
:105C500040B1607814F08EFF20460421BDE8384042
:105C600009F056B82B68596829B104F51C70BDE8D5
:105C7000384023F0A7BF38BDB820012037B50D4DFF
:105C8000044600F51C70019023F09FFF2B680198DB
:105C9000596809B123F096FF2B6860781B7A84F865
:105CA0008032002184F8811203B0BDE8304014F046
:105CB00061BF00BFB820012010B5044600F51C707C
:105CC00023F083FF002384F88232012384F8FA361C
:105CD00010BD4078002114F04DBF40780C2114F025
:105CE00049BF0000F0B590F8F8569DB0044665BB7A
:105CF00000F51C7023F069FF2046FFF731FF0120FB
:105D000015F0DCFF94F8813294F8821260782A460C
:105D100014F01BFE238C03F01D031D2B13D13C2319
:105D2000002206930023CDE90423CDE90223D4E920
:105D30000C2360780795CDE90023012194F83A30CF
:105D40002A4600F0D1FA1DB0F0BDD0F88C67764F2E
:105D5000002E76D000F5F56300F5EE6101223046A5
:105D6000FEF74EFB002800F0CB80602023F010FEF1
:105D70000546002800F0C480637803800023837008
:105D8000314610A80CF042FA311805F108000CF069
:105D900066FAD4F88C37002B7DD094F8BBC785F811
:105DA0003CC094F8BA37634504F5F66308D153E96B
:105DB0000202D4F8B0675968914208BF864203D006
:105DC0004CF0020C85F83CC0D3E90001C5E9120192
:105DD00000210020C5E9140194F8BB1794F8BA27F4
:105DE000914208D153E90202D4F8B0675968914250
:105DF00008BF864203D053E90223C5E914230123D7
:105E000085F83E30D4F8F436AB63484B387BD3E9A1
:105E10001C23C5E9162394F8F93685F83D30012393
:105E200085F83F3094F8813285F8403094F8F036A8
:105E300085F84130294623F0C0FD2046FFF790FE4B
:105E400081E7D0F88868002E8FD0314608A80CF082
:105E5000DDF9311810A80CF002FA00230F939DF819
:105E600020308DF8383003238DF83930DDE91023E8
:105E7000CDE90A23DDE91223CDE90C23BDF8223058
:105E8000ADF83A30012204F50C6304F5EE610AA87E
:105E9000FEF79EFB66E794F8D3C885F83CC094F8FB
:105EA000D238634504F50C6308D1D3E90261D4F814
:105EB000C0085A68914208BF864203D04CF0020CD9
:105EC00085F83CC0D3E90201C5E912010021002098
:105ED000C5E9140194F8D31894F8D228914208D156
:105EE000D3E90261D4F8C0085A68914208BF8642DB
:105EF00003D0D3E90023C5E9142394F825387FE7BC
:105F0000637826F8043C082306F8023C032306F8CD
:105F1000013C387B311F23F050FD01201DB0BDE84E
:105F2000F04015F0CBBE00BFE030012078310120F9
:105F300010B50446FFF714FE012015F0BFFE60788F
:105F40000021BDE8104014F015BE10B50446FFF75F
:105F500007FE012015F0B2FE2046BDE8104008F013
:105F600007B83C2380F88232012380F8FA36704764
:105F7000F0B5D0E9007600221346C3F12005A3F165
:105F8000200427FA03F106FA05F5294326FA04F45A
:105F90002143C90742BF811801320B720133252BFF
:105FA000EBD180F82D20F0BD73B50446002501200B
:105FB00015F06EFE84F81E5206F0EEF8284BA4F899
:105FC0002851D3E90C232546C4F82401E5E98C23A4
:105FD000284614F04BFDD4F82431B4F8281183EA94
:105FE00013430126A4F86032284684F85E6208F064
:105FF000C5F884F81D02204609F01AF9054650B18B
:106000002046032109F0DCF86078294602B0BDE89B
:10601000704014F0E6BDA37884F82161012B15D1FE
:1060200094F8DD280AB984F82A31D4F8C423B4F8E6
:10603000C0130192009114F019FCDDE9001223F065
:1060400067FE0123A4F8D00384F8DE3860780021CD
:1060500014F0C7FD02B0BDE8704014F0A7BC00BF4B
:10606000A03001204078002114F0BBBD40780C2105
:1060700014F0B7BD37B58378012B044613D190F8DF
:106080002151012D0FD1D0F8C423B0F8C0130192D3
:10609000009114F0EBFBDDE9001223F039FE84F8E7
:1060A000DE58A4F8D003012384F81E3204F596705C
:1060B000002384F8213184F82A3103B0BDE8304050
:1060C00016F066BA10B590F82031012B044604D1C1
:1060D000FFF7D0FF2046FFF72BFD2046BDE810401C
:1060E000FFF7EABD10B590F82031012B044604D12A
:1060F000FFF7C0FF2046FFF71BFD2046BDE810401C
:1061000007F036BF10B50446FFF712FD6078002196
:10611000BDE8104014F065BD90F85030012B12D04E
:10612000094B1B68D3E90223C0E99A23C0E916236F
:10613000B0F828310633A0F86030082380F85230D8
:10614000012380F850307047B0200120D0F8E838A3
:106150000BB1407818477047D0F8EC380BB1407855
:10616000184770476822002137F008B95030FFF710
:10617000F9BF2DE9E84106461820884615461F4616
:106180000AF052F878B380F800802B8843702B888F
:106190001B0A83706B88C3706B881B0A0371AB8802
:1061A0004371AB881B0A8371EB88C371EB8847721C
:1061B0001B0A0372B6F816318372B6F816311B0A41
:1061C000C37200F11A0100F10E03FF2203F8022C42
:1061D00003F8012C02339942F8D101463046BDE85C
:1061E000E84109F0FFBFBDE8E88138B50446092061
:1061F0000D460AF019F8002842D0057094F81412E0
:10620000B4F82A22B4F82E3219B1D4F818120905BC
:1062100023D4B2F5056F28BF4FF40562B3F5056FBF
:1062200028BF4FF40563B4F828124170B4F828125F
:10623000C270090A120A81700271B4F82C224271EC
:10624000B4F82C22C371120A1B0A82710372014630
:106250002046BDE8384009F0C5BF94F84510032931
:1062600004D1B2F5296F38BF4FF4296294F8441075
:106270000329D8D1B3F5296F38BF4FF42963D2E78A
:1062800038BD70B5054602200E4609F0CDFF044624
:1062900048B3067015F0A0FD1428034617D91E2830
:1062A00017D9322817D94B2817D9642817D9962817
:1062B00017D9FA288CBF0023012395F8CA2213446A
:1062C000637021462846BDE8704009F08BBF072364
:1062D000F3E70623F1E70523EFE70423EDE70323C4
:1062E000EBE70223E9E770BD2DE9F0418CB00446ED
:1062F000884615460021202204A89DF860601F46AC
:1063000037F03CF80523ADF80C408DF80E308DF8D1
:106310000F608DF81060ADF812408DF814808DF884
:10632000157045B1AB8C2A6AADF8203095F82B304A
:1063300007928DF82230DDE912230DF1160023F0CB
:10634000BFFCDDE914230DF1290023F0B9FC0DF1A8
:106350002300DDE9162323F0B3FC03A814F0CEFAE2
:106360008EB90A4B1B6A5B040DD52123ADF80630AC
:1063700001A89DF86430ADF80440ADF808408DF8F0
:106380000A3014F0BBFA0CB0BDE8F081A030012057
:10639000044B1A68043200F51B7307CA83E8070030
:1063A000704700BF442101200A4BB0F816215B8AD8
:1063B0009B1A9BB247F6FE72934210B5044602D96F
:1063C000492109F00FFB044A07CA04F51E7383E84C
:1063D000070010BDD0200120D82001201FB5124B8E
:1063E000124A1B688DF80310C31A1B115343002275
:1063F000CDE901229BB2ADF80C200722ADF80030A8
:106400008DF802208DF80410ADF8063031B9B0F8DF
:106410008032D0F87C220292ADF80C30684614F03D
:106420006DFA05B05DF804FB48210120CF467D6779
:10643000034B1B68D3E90223C0E9A823704700BFC0
:106440004421012010B50446082009F0EDFE014664
:1064500028B3B4F81631B4F8142113440733A4F860
:10646000A83201230370D4F8A0324370D4F8A032CC
:106470001B0A8370B4F8A232C37094F8A33203717C
:10648000D4F8A4324371B4F8A8328371B4F8A832B6
:106490001B0AC3712046BDE8104009F0A3BE10BD21
:1064A0000E4B30B4044600F528750FCB85E80F007D
:1064B000B4F81621B4F8A8329B1A9BB247F6FE72C4
:1064C000934204D8D4F8A4220346134304D12046AF
:1064D000492130BC09F086BA30BC7047D820012071
:1064E00038B50546092009F09FFE0446A8B1AB78EF
:1064F0000A4A002B0CBF08230E2300F8013B084B6F
:10650000D3E908130A4003F00F0323F0C4FB21462C
:106510002846BDE8384009F065BE38BD2FCF87F763
:10652000A030012038B50546092009F07DFE04465B
:10653000B0B1092300F8013B0A4BB5F81812D3E9B2
:106540000823120C12041143074A03F00F030A40F8
:1065500023F0A1FB21462846BDE8384009F042BEA1
:1065600038BD00BFA03001202FCF87F70D4A0E495C
:10657000D2E9023210B5D1E908410A400B491C406A
:1065800002F00F022140C0E98612012280F8142295
:10659000C3F34022C3F3802380F8482080F84930B9
:1065A00010BD00BFD0200120A03001202FCF87F7E1
:1065B00090F80D2203464AB9012280F80D22044AC0
:1065C00090689289C3F80E02A3F81222704700BFA8
:1065D000D02001201FB5114B114A1B68C31A1B1193
:1065E00053439BB2ADF80030ADF8063090F80E3250
:1065F0008DF808300922B0F81032ADF80220ADF85D
:106600000A300022B0F812328DF804206846ADF846
:106610000C3014F073F905B05DF804FB482101203B
:10662000CF467D6710B50446022009F0FDFD014606
:1066300040B102230370237A43702046BDE8104026
:1066400009F0D0BD10BD00001FB5027AFF2A1BD093
:106650000F4B10491B68C31A1B114B439BB2ADF87B
:106660000430ADF80A30D0F86032062113F0010F83
:10667000ADF8061018BF1622002101A88DF80810E9
:106680008DF80C2014F03AF905B05DF804FB00BF5A
:1066900048210120CF467D67034B1B7A03720123FB
:1066A00080F85832704700BFD0200120024B1B6891
:1066B0001B790372704700BF442101203E230372FF
:1066C0007047222303727047FF2303727047282309
:1066D000037270473D2303727047000030B5054DCB
:1066E00000F521740FCD0FC495E8030084E8030082
:1066F00030BD00BFD82001202DE9FF41264FBB68E7
:106700000193FB680293002303934368DA0604466F
:1067100038D40DF10408404608F094FE90BB07F110
:1067200008060FCE04F521750FC596E803006368CF
:106730009B0685E8030028D43B89B4F86C229A4272
:1067400005D8B4F86E229A4228BFA4F86C327B892F
:10675000B4F86C229A4205D8B4F86E229A4228BF47
:10676000A4F86E32BB89B4F87022934228BF134656
:10677000A4F87032B4F87222FB89934238BF1346F2
:10678000A4F8723204B0BDE8F08198E8070004F57F
:106790001B7484E80700F5E7D0200120FFF7F8BD5F
:1067A000B0F86E32072B8CBF0823042300F51B7250
:1067B0000F21FFF7DEBC0000034B1A6810210123F4
:1067C0000432FFF7D6BC00BF4421012070B52E4B28
:1067D000D0F884121D682D4BB0F88622451B88B076
:1067E0002D115D43B0F884320191D0F888120291E6
:1067F00093424FF000010446ADB203910AD090F8E5
:106800008C322BB91E21284612F0F6FD08B070BD5F
:106810009A42F7D301A808F015FE0028F2D1B4F887
:106820008432B4F81821B4F88662B4F88802B4F857
:106830008A1293420BD19E4209D1B4F814218242AC
:1068400005D1B4F886410A224A43A24216D010224A
:10685000ADF81A000DEB0200ADF81050ADF81220A3
:10686000ADF81450ADF81630ADF81860ADF81C1046
:1068700014F044F80028C9D11A21C4E701A9284618
:1068800012F084FDC2E700BF48210120CF467D679A
:10689000084B1B6810B59A88DB88A0F82C22A0F85A
:1068A0002E3200F50A71044609F0B9FBA4F838024B
:1068B00010BD00BF442101201421FFF796BC152113
:1068C000FFF793BC1FB5134B134A1B688DF80310D9
:1068D000C31A1B1153439BB2ADF80030ADF804301E
:1068E000B0F83432ADF80630B0F83632ADF80830D2
:1068F000B0F83032ADF80A301222B0F832328DF8EA
:1069000002206846ADF80C3013F0F8FF05B05DF8D2
:1069100004FB00BF48210120CF467D673D4B2DE998
:10692000F047B3F80C90B9F11A0F04466FD9B3F8D9
:1069300008A0BAF11A0F6AD9DA89B2F5A47F66D332
:106940005B89B3F5A47F62D390F81412B0F830726B
:10695000B0F83252B0F834C2B0F83662B0F82AE279
:10696000B0F82E8219B1D0F81812090509D4BEF575
:10697000056F28BF4FF4056EB8F5056F28BF4FF4BB
:106980000568B4F82C02B4F82812504528BF5046C8
:10699000494528BF4946434528BF4346724528BF5D
:1069A000724694F845E0A4F83402BEF1030FA4F84F
:1069B0003012A4F83632A4F8322206D1B2F5296F8B
:1069C00038BF4FF42962A4F8322294F84420032AF5
:1069D00006D1B3F5296F38BF4FF42963A4F83632D6
:1069E000604509D1B94207D1B4F83632B34203D178
:1069F000B4F83232AB4203D000212046FFF762FFE9
:106A000004F50C71204609F00AFBA4F83A02BDE82F
:106A1000F08700BFD020012010B50446032009F004
:106A200003FC014658B1192303700B4B1A68127905
:106A300042701B685B798370204609F0D3FBD4F861
:106A4000603223F02003C4F8603220463921BDE8CB
:106A5000104008F0C7BF00BF44210120084B1A7A3C
:106A60005B7AD10748BF80F84032910748BF80F871
:106A70004132520748BF80F84232392108F0B2BF94
:106A8000D0200120024B1B681B7980F8C832704768
:106A90004421012090F8C83223B1012B0CD01D21D4
:106AA000FFF7EFBB084B90F9CA2293F938309A42AE
:106AB000F5DA80F8CA32F2E7034B90F9CA2293F96B
:106AC00038309A42EBDDF4E7A03001201E21FFF7B9
:106AD000D8BB0000064B10B50446187AA37884F89A
:106AE0002002012B03D109F0B5FFA4F8F80010BD76
:106AF000D02001201FB50D4B0D4A1B68C31A1B1176
:106B000053439BB22D22ADF80430ADF80620ADF80A
:106B10000A30002290F820328DF8082001A88DF864
:106B20000C3013F0EBFE05B05DF804FB48210120AA
:106B3000CF467D6710B50446022009F075FB01467B
:106B400048B107230370044B5B7943702046BDE8CE
:106B5000104009F047BB10BDD020012038B50446D5
:106B60000D4662B9D0F818325B0702D590F814329E
:106B70002BB9022009F058FB014688B938BD032023
:106B800009F052FB01460028F8D011230370064B90
:106B90005B79437085702046BDE8384009F022BB20
:106BA0000D2303704570F6E7D020012010B590F852
:106BB0000C320446FBB9012380F80C32062009F0A0
:106BC00033FB0146E8B10C2303700E4B1A681279AF
:106BD00042701A68128882701A681288120AC2708B
:106BE0001B685A8802715B881B0A43712046BDE806
:106BF000104009F0F7BABDE8104000222421FFF749
:106C0000ADBF10BD683001204268D10203460CD5EB
:106C1000D3F86022D20700F52E7003D5B3F88611A1
:106C200022F0D0BF282122F0C7BF70474368DB02A3
:106C300003D500F52E7022F0C8BF70473A2108F046
:106C4000D1BE012380F89B317047000070B500234E
:106C500000F5B47686B0044680F89B31304622F0C9
:106C60003FFF78B9204609F0EEF905460DF10F0116
:106C7000304622F0B2FE034630B9094B0221187BA0
:106C800026F0DAFE06B070BD194604A801930CF098
:106C90005BF9019B04AA2946204609F007FAE5E7BB
:106CA000E030012010B5044600F5B87022F018FF5E
:106CB00028B120462A21BDE8104008F093BE10BD3F
:106CC000012380F89A317047002380F89A31704789
:106CD000024B1B6803B11847704700BF40210120D9
:106CE000024B1B6803B11847704700BF30210120D9
:106CF000024B1B6803B11847704700BF24210120D5
:106D0000F0B5B0F87032A0F87E320126B0F87232D9
:106D1000B0F86C12B0F86E22B0F83A72A0F8803277
:106D2000044680F8786290F88C0287B040F2E24323
:106D300059435A4358430391029214F0CFFC03463F
:106D4000104805681048651B2D11454305A8CDE97D
:106D50000070DDE90221E8B214F002FD28B93C21FF
:106D6000204608F03FFE07B0F0BD059B074A84F8B7
:106D7000F860A3FB0232DB0F43EA4203A4F87C3243
:106D8000F1E700BF48210120CF467D67E3361A00B6
:106D90000C3015F049BC00002DE9F04788B00446DE
:106DA0000E4690461F4608F099FB0546002861D024
:106DB000DFF800A1DFF80091DAF80010E38BB4F8F7
:106DC0001CC0401A3849029107A900110191B5F879
:106DD0003A12009140F2E24209FB00F053430021D5
:106DE00002FB0CF2C0B214F08BFC88B9284608F004
:106DF0003BFC0D253146284642463B4605F07BFBD1
:106E0000022120460AF086FC284608B0BDE8F0873B
:106E1000DAF80030254AED1A079BA3FB0232DB0F9C
:106E200043EA4203A4F8623000236370A370A4F81D
:106E300008322D119DF8403084F86A3009FB05F5C1
:106E40009DF84430A4F8605004F11C0184F86B30C4
:106E50000120059114F01CFF0599009642463B461F
:106E600020460AF0DBF90599054628B1012014F007
:106E700025FFBFE70925BDE7009642463B46204671
:106E80000AF052FB05460028F0D194F86A3003F06E
:106E9000FD03012B01D113F099FD054A137901334C
:106EA000137113F083FDAFE739FD0300E3361A00D9
:106EB000A030012048210120CF467D6710B504464F
:106EC000012014F0FBFE94F86A3003F0FD03012B5F
:106ED00001D113F083FDD4F8980220B122F064FDB3
:106EE0000023C4F89832044A1379013B1371BDE8BA
:106EF000104013F063BD00BFA0300120F8B5044678
:106F0000602022F045FD0746002851D0B4F86030DB
:106F10004FF43C7253433E4A12681A440021917068
:106F20003C4A1B115343038042F60133438004F172
:106F3000280600F108050FCE0FC50FCE0FC596E845
:106F40000F0085E80F0094F86830012B3FD194F8CA
:106F5000DB2294F8DA128A42D4E9B45305D1D4E999
:106F6000B260834208BFB5422FD042F002068A4287
:106F700005D1D4E9B2129A4208BFA94244D0D4E95B
:106F8000B20187F83C60C7E91253D4E91623C7E978
:106F9000162394F8693087F83D3094F86C3087F800
:106FA0003E301D4BC7E91401187B394622F005FD20
:106FB0002046FFF783FF194B194AE41A194BE410D6
:106FC0005C430123A3405372F8BD1646CFE794F803
:106FD000C32394F8C2138A42D4E9EE5305D1D4E90D
:106FE000EC60834208BFB5420CD042F002068A42F0
:106FF00005D1D4E9EC129A4208BFA94204D0D4E9E1
:10700000EC01BEE71646F2E700200021B9E700BF19
:1070100048210120CF467D67E03001200823012070
:10702000F8220120D578E9262DE9F74FB0F84882FB
:107030000646232009F0F8F80446002800F0F38003
:10704000B6F81411B6F81631784F07314FF4307B8B
:107050000BFB087B1FFA81F913FA81F189B23046E4
:10706000DBF83051BBF834A108F07CFEB6F83A12D8
:1070700000900144019114F0BBFE01994318184699
:107080002946019314F0D4FE019B002800F0A8804B
:107090002946184614F0CCFEDBF81C11B0FBF1F3C6
:1070A00001339BB201FB035053441FFA83FA00994A
:1070B00014F0BEFE5E4B984200F2A2805D4A0023AF
:1070C000A0FB0202C2F34F0218461C212170B6F841
:1070D000461261709B03B6F84612E27043EA4033F1
:1070E00013434FF4307505FB0875090A1B12A17094
:1070F0002371D5F81C21504BA2FB0321D20F42EA89
:1071000041026271D5F81C21A2FB0323C3F3D713FC
:10711000A371D5E98A3295F82011E37142EA411250
:10712000190A2172190C1B0E6172E272A372EB6DC7
:107130002373EB6D1B0A6373B5F85E30A37395F888
:107140005F30E3732B6E23742B6E1B0A6374B5F8E8
:107150006230A37484F813A04FEA1A2A84F814A0AA
:10716000B6F816314B446375B6F816314B441B1212
:10717000A375B5F83431E375B5F834311B0A2376BD
:1071800095F8723295F8709249EA031908F09AFD61
:107190004FFA89F949EA4010607695F8B832022B27
:1071A00004F11B0003D0032B14BF01230423A37697
:1071B0004FF4307303FB0877D7E9A02322F080FD5A
:1071C000B6F8163184F82130B6F8163121461B0A7C
:1071D000304684F8223003B0BDE8F04F09F002B821
:1071E0001946284614F024FEDBF81C11B0FBF1F31D
:1071F00098B2AAEB030A01FB10501FFA8AFA56E76D
:10720000B0F5161F0D4A28BFA0F51610A0FB0212FC
:107210004FF0030101FB00222CBF01230023C2F326
:107220008F22012051E703B0BDE8F08F68160120DE
:10723000E1BF030012111111E3361A009E36D06926
:107240002DE9F84F064690F8480206F095FE0546EF
:10725000232008F0E9FF0446002800F0FA80B6F881
:107260001411B6F81631D5F834A1B5F828810731D4
:107270008FB213FA81F189B2304608F073FDB6F887
:107280003AB28146834414F0B3FD834451465846D4
:1072900014F0CEFD002800F0B7805146584614F097
:1072A000C7FDD5F82022B0FBF2F301339BB202FBFD
:1072B00003A043441FFA83F8494614F0B9FD664B16
:1072C000984200F2B180654A0023A0FB0202C2F39B
:1072D0004F0218461C212170B6F8461261709B03BC
:1072E000B6F84612E27043EA40331343090A1B1210
:1072F000A1702371D5F82022594BA2FB0321D20F94
:1073000042EA41026271D5F82022A2FB0323C3F3B3
:10731000D713A371D5E98C9A08F0D4FC4FEA19234E
:1073200084F8079023724AEA40104FEA19434FEA63
:107330001969637284F80A90E072D5F85C3123739E
:10734000D5F85C311B0A6373B5F85E31A37395F809
:107350005F31E373D5F860312374D5F860311B0ACF
:107360006374B5F8623184F813804FEA1828A37467
:1073700084F81480B6F816313B446375B6F81631BC
:107380003B441B12A375B5F82831E375B5F82831D5
:107390001B0A237695F83930DA0702D52F79012FA9
:1073A00009D0022B53D16F693F0A07F0C007A7F13C
:1073B00040035F425F4195F8428008F083FC400142
:1073C00040EA071048EA000884F8198095F864310B
:1073D000022B04F11B0003D0032B14BF0123042351
:1073E000A376D5E9042322F06BFCB6F8163184F8B5
:1073F0002130B6F816311B0A84F822302146304677
:10740000BDE8F84F08F0EEBE5946504614F010FDA6
:10741000D5F82022B0FBF2F399B2A8EB030802FBE7
:1074200011A01FFA88F847E7B0F5161F0D4A28BFCC
:10743000A0F51610A0FB02124FF0030101FB002083
:10744000C0F38F222CBF01230023012042E7002735
:10745000B1E7BDE8F88F00BFE1BF030012111111C1
:10746000E3361A009E36D069054B1B689A8880F86F
:1074700044221A89DB88A0F84622A0F848327047D7
:107480004421012090F843225AB9012280F8432276
:10749000D0F8602222F04002C0F86022392108F0C2
:1074A000A1BA704770B52E4C0546D4E90A2394F86A
:1074B000211094F8200005F05BFE00284FD195F8CC
:1074C0004A32002B45D0382022F062FA01460028CB
:1074D0003FD04FF48673438023898380821D04F15B
:1074E0000A0304F11A0053F8046B42F8046B834258
:1074F000F9D11B8813801B4B1B4A1B68EB1A1B110D
:1075000053430B83A38B4B83B5F816318B83E38BEB
:10751000CB8394F8203081F8203094F8213081F822
:10752000213094F8223081F8223094F82330022B55
:1075300003D0042B14BF0123032381F82330D4E9A3
:107540000A23C1E90A23238E0B86084B187B22F0FD
:1075500034FA28463921BDE8704008F043BA70BDBE
:10756000D020012048210120CF467D67E030012056
:1075700090F80A325BB190F80932B0F80822A0F80E
:107580006620012B0CBF00F58B730023836600235C
:1075900080F80A32012380F864307047002380F8B5
:1075A0006430704790F80A325BB190F80932B0F855
:1075B0000822A0F86620012B0CBF00F58B73002376
:1075C0008366002380F80A32012380F86530704713
:1075D000002380F86530704710B5124B044603F164
:1075E000080203CA1A8AA4F8CC21D3F81220C4F8DE
:1075F000AC21D3F81620D3F81A30C4F8C401C4F86B
:10760000C81104F5E070C4F8B021C4F8BC310421FD
:107610002AF094FD04F5DA700821BDE810402AF044
:107620008DBD00BFD0200120064B1B6800F5CE7039
:107630001A1D143352F8041B40F8041B9A42F9D166
:10764000704700BF442101200623037270470000E9
:1076500070B5044600F14C0500F5D672294600F5D8
:10766000CE702AF011FDD4F8BC31E365D4F8C031F6
:107670002366002384F875300C4BA278002000218B
:10768000C4E97401C4E976011968094B611A09114A
:107690005943B2FA82F2074B520984F87420284603
:1076A0001B68BDE87040C9B2184700BF48210120DF
:1076B000CF467D6710210120482108F093B910B50D
:1076C00004460D2008F0B0FD014698B1034604229F
:1076D00003F8012BD4F8B421C0F80120D4F8B82164
:1076E0005A60D4F8C031C0F809302046BDE81040D7
:1076F00008F078BD10BD10B50446012008F094FDD7
:10770000014630B1052303702046BDE8104008F063
:1077100069BD10BD10B50446012008F085FD014685
:1077200030B1062303702046BDE8104008F05ABD72
:1077300010BD10B50446012008F076FD014630B1B9
:107740000A2303702046BDE8104008F04BBD10BD71
:1077500010B50446012008F067FD014630B10B2347
:1077600003702046BDE8104008F03CBD10BD10B5C8
:107770000446012008F058FD014630B11223037081
:107780002046BDE8104008F02DBD10BD10B50446E0
:10779000012008F049FD014630B113230370204653
:1077A000BDE8104008F01EBD10BD00001FB5104B15
:1077B000104A1B68C31A1B1153439BB2ADF800302B
:1077C000ADF80430B0F8CC31ADF80E30D0F8C4319B
:1077D000CDF806300D22D0F8C831ADF80220684649
:1077E000CDF80A3013F08AF805B05DF804FB00BF4D
:1077F00048210120CF467D671FB50E4B0E4A1B68FE
:107800008DF80710C31A1B1153439BB2ADF8043017
:107810000B22ADF80A3090F865308DF8062001A8EB
:107820008DF808108DF80C3013F068F805B05DF88D
:1078300004FB00BF48210120CF467D670B4B07B5F5
:107840001B680B4AC31A1B1153430C229BB2ADF8A1
:10785000022068460022ADF800308DF80420ADF813
:10786000063013F04BF803B05DF804FB482101200B
:10787000CF467D670A4B07B51B680A4AC31A1B111E
:1078800053439BB211226846ADF80030ADF8022098
:10789000ADF8043013F032F803B05DF804FB00BF1C
:1078A00048210120CF467D67D0F8F41100F5FC7027
:1078B00022F088B938B5124B1B68044600F5CE712A
:1078C00003F10E0203F11E0052F8045B41F8045B61
:1078D0008242F9D15A68C4F8C4219A68C4F8C82110
:1078E0009B89A4F8CC3104F5DE7004212AF026FC33
:1078F00004F5D6700821BDE838402AF01FBC00BF4F
:107900004421012010B5064C04F10802034603CAC5
:107910002269C3F8B401C3F8B811C3F8C02110BD7F
:10792000D020012010B50446172008F07DFC014648
:1079300010B30346032203F8012BD4F8C421C0F886
:107940000120D4F8C8215A60B4F8CC314372B4F89D
:10795000CC311B0A8372D4F8AC31C0F80B30D4F8A8
:10796000B031C0F80F30D4F8BC31C0F81330204625
:10797000BDE8104008F036BC10BD00002DE9F04114
:107980003E4B86B01C6807F0A9FD0546A8B9D4E9AE
:10799000062394F82010092004F0ADFD042021F006
:1079A000F7FF014630B140F203334380344B187B7C
:1079B00022F003F806B0BDE8F081DFF8DC80314E3C
:1079C000D8F80000A188E3882F4F0296281A05AE48
:1079D0000011019640F2E242B5F83A62009678430F
:1079E0005343C0B24A43002113F08AFE40B92846EF
:1079F00007F03AFED4E9062394F820100D20CBE7D7
:107A0000D8F80030214E224ADFF89080EB1A1B1183
:107A10007B43A6F88030059BA3FB0232D4E9040126
:107A2000DB0F43EA4203A6F8823006F13C0383E809
:107A30000300012014F02CF912F0B8FF96F8423040
:107A4000012703F0FD03BB4288F8047001D112F056
:107A5000BDFF86F89071A6F88E71D4E9062394F8DC
:107A60002010201D09F0AEFA0A49284608F010FE41
:107A700009F088FB88F805709CE700BF500C0120D6
:107A8000E030012039FD0300CF467D6760210120F1
:107A9000E3361A00A821012048210120A03001204E
:107AA000054B1B7933B10548012380F899309C3090
:107AB00014F06EBD704700BFA0300120602101208E
:107AC000F8B5394B1B79002B69D0602021F060FF9D
:107AD000074600285BD0354CB4F880304FF43C7238
:107AE0005343334A12681A4400219170314A1B11E2
:107AF0005343038042F60133438004F1480600F10A
:107B000008050FCE0FC50FCE0FC596E80F0085E80C
:107B10000F0094F86B3187F83C3094F86A219A4250
:107B200007D1D4E95851D4E95602914208BF8542A1
:107B300003D043F0020387F83C30D4E95823C7E967
:107B4000122300220023C7E9142394F86B2194F830
:107B50006A319A4207D1D4E95802D4E956139A42BD
:107B600008BF884203D0D4E95623C7E91423D4E9D7
:107B70001E23C7E9162394F8853087F83D3001238A
:107B800087F83E300C4B3946187B21F016FF012058
:107B900014F094F8BDE8F8400448FDF707BBBDE8D1
:107BA000F840FFF77DBF00BFA03001206021012019
:107BB00048210120CF467D67E030012013B5134BEB
:107BC000134C1B68B4F880204FF43C7000FB02306B
:107BD0004C2107F007FF012014F070F82046FDF754
:107BE000E5FA00230093ADF80430684608238DF8C9
:107BF000023012F083FED4F81411D4E94823C1F303
:107C0000C001022004F077FC02B010BD4821012021
:107C10006021012010B50A4B0A4C1B68B4F8802083
:107C20004FF43C7000FB02304B2107F0DBFE0120DB
:107C300014F044F82046BDE81040FDF7B7BA00BF85
:107C40004821012060210120044B19680C20D1E952
:107C5000062391F8201004F04EBC00BF500C012008
:107C600007B5054B009368460C23ADF8043012F0BD
:107C700045FE03B05DF804FB0000080C012383708F
:107C800090F808321BB900F5037014F081BC00F5C0
:107C90003E70FAE72DE9F3411C4F1D4DDFF874806B
:107CA00006460024AB7A2341DA0711D56B7A2341CB
:107CB000DB070DD4B7F860304FF43C725343D8F86B
:107CC0000020D018D35C012B02D14C2107F08AFE92
:107CD0000134032C07F57A77E4D13046FFF7EEF84C
:107CE0003378032B0FD000230093ADF8043068469F
:107CF00008238DF8023012F001FED5E90023297A1D
:107D0000022004F0F8FB02B0BDE8F0810823012056
:107D1000F822012048210120044B19680C20D1E9E8
:107D2000062391F8201004F0E6BB00BF500C0120A0
:107D300007B5054B009368460C23ADF8043012F0EC
:107D4000DDFD03B05DF804FB0000080C074B1B6869
:107D50001A7980F83C225A7980F83D229A7980F885
:107D60003E221B8980F84730704700BF4421012024
:107D7000024B1B89A0F8B032704700BFD020012011
:107D80000D490B8910B4024623B939215DF8044B23
:107D900007F028BEB0F816414B891B1B9BB247F673
:107DA000FE74A34201D94921F0E788685DF8044BCD
:107DB000C2F8B202704700BFD020012070B580F831
:107DC000B01280F8B122044603200E46154608F092
:107DD0002BFA014640B11623037046708570204689
:107DE000BDE8704008F0FEB970BD70B504460320D0
:107DF0000E46154608F018FA014640B117230370E5
:107E0000467085702046BDE8704008F0EBB970BD43
:107E1000F8B5044605200F46164608F005FA054653
:107E200030B357EA0602B4F8143184F8B27284F819
:107E3000B36216D0B4F8162113440733A4F8B43251
:107E400018232B706F70AE70B4F8B432EB70B4F8C6
:107E5000B4321B0A2B7129462046BDE8F84008F0D1
:107E6000C1B9A4F8B4223921204607F0BBFDE7E7E9
:107E7000F8BD00001FB50F4B0F4A1B688DF80710A7
:107E8000C31A1B1153439BB200228DF80920ADF891
:107E900004301622ADF80A30B0F844308DF80620D0
:107EA00001A88DF80810ADF80C3012F027FD05B0D0
:107EB0005DF804FB48210120CF467D67F8B5046AD0
:107EC000B4F8982005469AB1042021F061FD0146DE
:107ED00000284ED0304B9C4214BF032302238370F2
:107EE0000323C3702D4B187BBDE8F84021F065BD1E
:107EF0002B4E337C7BB194F84130D9070BD59B07CF
:107F0000327404D4D6E90623A01C21F0D9FED6E9A8
:107F10000623C4E94623A36BE28FAB60A38F934291
:107F200013D040F271235A43D4F85411EB680B4438
:107F300093420AD2284614F02FFA30B1A16BA868F8
:107F400013F076FFC4F8540113E0002394F84911AC
:107F500094F8C900C4F8543104F0BEFAA68FE28F39
:107F600084F8C900964205D1284614F01BF9AB6885
:107F7000A363F8BD40F271235E4303FB0267AB6865
:107F80003344A3633A463146284614F005FA0028E4
:107F9000D4D1A36BAB60F2E7580C0120E030012094
:107FA000A03001207FB5846A606E002845D094F827
:107FB000A0300BB1062B44D194F8A40000283CD08B
:107FC000D4E92423214D224821F07AFE94F8A230EE
:107FD00085F88B31D4E92423C5E9242395F8413071
:107FE0009A0716D5D4E91423CDE9022302ABE66C37
:107FF00094F8A3000093D4E92623FCF790FDF0B990
:10800000C6F34006DDE90223124821F059FE85F847
:108010008A611149A1F5C4700AF06CF80F4B5B69D5
:108020009B0310D595F8903113B1013B85F8903141
:1080300095F89001B0FA80F0400904B070BD0126B7
:10804000E0E70020F9E70120F7E700BF580C012026
:10805000600C01205A0C0120E00D0120A03001200D
:1080600070B5846A94F8A030022B01D9062B49D14F
:10807000284B294A1B68527A5B7B9A4242D22D20B8
:1080800021F086FC054600283CD0236E94F882201F
:1080900083F8272094F8A32094F8A2309A4232D192
:1080A000D4E92631D4E92402914208BF834214BFA7
:1080B00001230023226E194E82F82830236ED4F853
:1080C000842083F82920D4F88430226E1B0A82F899
:1080D0002A30236EB4F8862083F82B20236E94F880
:1080E000872083F82C2094F8A510226E69B1002116
:1080F0000B4821F05CFC4021307B25F09DFC04F016
:1081000031FB256670BD0123D4E7064821F04FFC02
:108110008021F1E7683001203C310120E03001206E
:10812000800C0120880C0120836A986E003818BFEB
:108130000120704770B5846A484D002974D094F8C6
:10814000A030042B4FD1D5E92402D4E924139A425C
:1081500008BF884247D1424B424A1B68527A5B7B38
:108160009A4240D22D2021F013FC064600283AD036
:10817000A36E94F8822083F82720D4E9261294F87D
:10818000A20000239A4208BF814207D0D4E92430DC
:10819000904208BF8B4214BF01230023A26E3248D5
:1081A00082F82830236ED4F8842083F82920D4F86C
:1081B0008430226E1B0A82F82A30236EB4F886209F
:1081C00083F82B20236E94F8872083F82C20A26E4E
:1081D000002121F0ECFB254B4021187B25F02CFCE5
:1081E00004F0C0FAA66695F891310133DBB2012B99
:1081F00085F891310AD9B5F88E315B08012B38BF6B
:108200000123A5F88E31002385F89131002385F8EC
:10821000923112F02BFBB5F88E31013B1840013042
:1082200085F89001002070BD95F892310133DBB2E2
:10823000012B85F892310CD9B5F88E3185F8921161
:108240005B009BB2B3F5807F28BF4FF48073A5F825
:108250008E31002385F89131DBE700BF580C0120F7
:10826000683001203C310120800C0120E0300120E9
:1082700090F86A300133DBB2012B10B5044680F868
:108280006A300DD9B0F866305B009BB2B3F5807FE1
:1082900028BF4FF48073A0F86630002380F86A305E
:1082A000002384F8693012F0E1FAB4F86630013B3B
:1082B0001840013084F8680010BD00002DE9F04737
:1082C000057C4368C0F81432AF1E04467D427D41F0
:1082D000D0F8348200F5037613F08AFD678923898C
:1082E00000F2CC40BB4208F160094FEA4505C4F8F2
:1082F00018021BD0D8F88CA040F271235F43504481
:10830000B84213D213F074FD00F2CC403A1A9245F1
:108310000CD85146304614F03FF838B1D4F8143236
:1083200062689B1AC8F88C30BDE8F087E378EBB937
:108330002B4A117803230135EDB2032D08BF002528
:1083400041FA05F0C00721D5264B557053F825405A
:10835000D4F8348204F5037608F1600999F8211005
:1083600098F8010004F0B8F888F8010022896389C0
:108370004FF000089342C9F82C800CD1304613F01E
:1083800011FFB36863600023E370CDE7013B13F096
:10839000FF03D0D1E2E7124FBB782B41DB070AD4B1
:1083A000304613F0FFFEB36863600122BB78AA4039
:1083B0001343BB70E7E7B36840F2712101FB02335E
:1083C000B360636013F00EFD4008421C4146304626
:1083D00013F0E2FFB36862689B1AC9F82C30D2E749
:1083E000F00D0120D0620020084B5B699B030BD588
:1083F00090F8683013B1013B80F8683090F868005D
:10840000B0FA80F04009704701207047A030012089
:108410002DE9F3411C461B0A03F0C003402BDDE9A4
:1084200008860746154621D1DDE90A23CDE9002358
:108430009DF83020284602F0FD022146FCF716FC8C
:1084400068B17B7B032B04D133700B4BD3E906540B
:1084500007E002233370094BD3E90C5401E0FE23FB
:108460003370C8E9005402B0BDE8F081437B012BB2
:10847000EAD00023EEE700BFA0300120E030012069
:108480002DE9F0410578012D86B006460C461746C9
:108490001CD1C81D91F8068021F00CFC0B46B6F8E3
:1084A000C0110291E17B0191217900910246414680
:1084B00004A804F057F8DDE90423054804F06CF83B
:1084C00020B93D70284606B0BDE8F0810025F9E7E7
:1084D000080E0120F0B51378012B87B006460C4634
:1084E000154622D18B885B0615D4C81D8F7921F0E3
:1084F000E1FB0B46B6F8C0110291E17B01912179B5
:1085000000910246394604A804F02CF8DDE9042362
:10851000074804F09EF802232B70064B187B40217D
:1085200007B0BDE8F04025F087BA07B0F0BD00BF46
:10853000080E0120E0300120F8B583788588002BF3
:1085400004460CBF1E234FF496730F465D43164638
:1085500013F042FC6378012BA3780CBF32214FF457
:10856000FA71002B0CBF1E234FF496730144E818D8
:1085700003F0F4FD2D1A3D60A378002B0CBF1E23E1
:108580004FF4967303EB40033360F8BDC37CF0B542
:108590001370847C9C4207D1D0E90275D0E9006455
:1085A000A54208BFB74202D043F002031370D0E9DE
:1085B0000223C1E90023F0BD2DE9F04F0D468DB037
:1085C00090F83C109DF860901B9CDDE9166783468F
:1085D000904621B1002108460DB0BDE8F08F24225D
:1085E0002046079134F0CAFE9DF964306374FF237E
:1085F000E3737F23A58023749BF810300799002B29
:1086000056D0022B57D098F80030DA1F012A59D8DB
:108610009BF8AA31DB0750D584F8069032463B46DA
:10862000E01D21F04DFBDBF8A03123620023A38382
:108630009BF8AA219BF8A931510001F0040103F035
:1086400003030B43A1880B43A3809BF8E431012B68
:1086500036D0022B14BF01230323A373150744BF95
:108660009BF8C231E373500644BF9BF8C3312374B7
:10867000910644BFBBF8EC316382930716D50DF128
:10868000270301930AAB00935846DBE96E23CDE93B
:108690000267CDF81090FFF7BBFEDDE90A2304F175
:1086A000150021F00DFB9DF827302375012192E77D
:1086B00001236373A7E70323FBE7FF23A371B2E75B
:1086C0000223CAE798F804A0AAF1060A5FFA8AFA18
:1086D000BAF11F0F3FF67EAF1A9A02F1080845F073
:1086E0001002A280062B3FF676AF01A252F823F0CB
:1086F0000D8703001587030053870300D785030008
:1087000071870300D78503006B87030045F01305CD
:10871000A5801EE045F01505A580404621F0CAFA67
:108720000B460DF1270101910AA902460091584616
:10873000CDE90267CDF81090FFF76AFEDDE90A2364
:1087400004F1150021F0BCFA9DF8273023754FF095
:10875000000A84F8069032463B46E01D21F0B0FA4C
:10876000C4F82080A4F81CA0A0E745F01205CFE7CC
:10877000044B1B78002B08BF45F0010545F01A0596
:10878000C6E700BF280B012090F869300133DBB247
:10879000012B10B5044680F869300AD9B0F866306C
:1087A0005B08012B38BF0123A0F86630002380F856
:1087B0006930002384F86A3012F058F8B4F8663053
:1087C000013B1840013084F8680010BD2DE9F04FDE
:1087D00095B0046A856AA94E07460AA8894609F039
:1087E00015FD9DF828304FF00008072B86F8018012
:1087F00004F5D47040F0348184F8AA8109F10202B2
:108800000DF1260109F0F4FA94F8A90150BB9DF886
:10881000263013F0100203F0010140F0B38021B9BB
:108820000123737015B0BDE8F08F9DF828308DF8E6
:10883000483094F8AA318DF84930D4E96C01CDE97B
:108840000E01D4E96E01CDE91001B96ABDF82A30F4
:10885000ADF84A30483105F190030EA8FBF7B8FE99
:108860000028DDD0864EDFF81CA232780123012AD1
:108870008AF800309DF8263053D103F00903092B04
:108880004FD100220023CDE90C239DF828308DF82C
:10889000483094F8AA318DF84930D4E96C01CDE91B
:1088A0000E01D4E96E01CDE91001B96ABDF82A3094
:1088B000ADF84A3005F19008434648310EA88DF8CE
:1088C0002720FBF785FE0DF127020CA94046FFF794
:1088D0005DFE337A012B94F8C23177D19DF82700E1
:1088E000009300F00100DDE90C23FBF75FFF002897
:1088F00098D0DDE90C0100238AF80030B3699DF8B7
:10890000272083F87122C3E99E0194F8C22183F8DD
:108910007022D4E96C01C3E9A0019DF82A2083F8F4
:1089200072229DF8268018F0100865D00023FB60A5
:1089300004F5EF77D4F8CC11384609F0AFFA95F882
:10894000A12095F88310687BD5F88880023212F058
:10895000CAF9D5F8882008EB00033946204604F010
:108960006FFA94F80832002B40F085803378012BA1
:108970007FF458AF9AF80020002A7FF453AF8AF8AA
:1089800000304FE74FF0000A4FF0000BC6E906AB8E
:10899000C6E908ABB06251B1D4E96C010122C6E965
:1089A000060186F828209DF82A2086F829209B07B2
:1089B0007FF558AF012386F82A30D4E96E23C6E943
:1089C00008239DF82B3086F82B304BE7727A9A42B9
:1089D0007FF428AF9DF82730B27A03F001039A4262
:1089E0007FF420AFD6E90402DDE90C139A4208BFF8
:1089F00088427FF417AF7CE700220023CDE90E23E5
:108A00008DF830800CAA0EA905F1900004F118062B
:108A1000FFF7BCFDCDE9049695F9823003939DF8EC
:108A200030300293DDE90E234146CDE90023204694
:108A30000AAAFFF7C1FD00283FF4F4AE04F13C029E
:108A400084F82680314620460792FFF719FD079AE1
:108A500000283FF4E7AE31462046FFF73BFDE1E654
:108A600000220023CDE90E23414630228DF83080CC
:108A700034F084FCC6E713F089F9D3E6280B012013
:108A8000A81E0120580B01202DE9F043B14D046AC6
:108A9000866A8DB0074605F10C00884609F0B6FBE2
:108AA00005F10A0108EB000204F5D47009F0A0F901
:108AB0002A7BE8720123072A6B7240F0498194F8FF
:108AC000A921002A40F0DE8095F828205AB9AA7A18
:108AD000D20708D585F82830D4E96C23C5E90623E8
:108AE000AB7B85F8293095F82A3063B9AB7A9807C3
:108AF00009D5012385F82A30D4E96E23C5E9082376
:108B0000EB7B85F82B3095F82830012B02BF94F8C9
:108B1000AA3143F0010384F8AA31D5E90623C4E958
:108B20006C2395F82930AB7395F82A30012B02BFDE
:108B300094F8AA3143F0020384F8AA31D5E9082356
:108B4000C4E96E2395F82B30EB7307238DF828309A
:108B500094F8AA318DF82930D4E96C23CDE90623A5
:108B6000D4E96E23B96ACDE9082306F18808EB89B8
:108B7000ADF82A3000224346483106A8FBF728FD0D
:108B800008B901236B7000220023734FCDE9042341
:108B900004A900230DF10F0240468DF80F30FFF7B6
:108BA000F5FC97F80090B9F1010F75D04FF000096E
:108BB00094F8AA319B0605D5D4F8D01104F5F470C9
:108BC00009F082F93A78012A61D1DFF8908198F8AA
:108BD0000030002B5BD194F8AA31980657D57B78EA
:108BE000002B54D1BB69B4F80412A3F81811A3F8F0
:108BF0003611B4F8EC1140F2E2404143C3F81C11C5
:108C000094F8F80183F8200194F8E401012800F0B9
:108C10009180022808BF032283F8B822B3F8082203
:108C2000B9F1010F01FB02F2C3F8242112D1DDE9F1
:108C30000401C3E99E019DF80F2083F8712294F886
:108C4000C22183F87022D4E96C01C3E9A001AA7B98
:108C500083F8722296F8742096F87E10707BD6F80E
:108C6000847012F040F838440090D6F8843004F54F
:108C7000F47204F5EF71204604F022FB002388F81B
:108C8000013004E0AA7AD1073FF55FAF6B706B78D3
:108C9000012B51D10027B4E0DFF8C08098F80030F4
:108CA000002B40F0C6807A7A94F8C2319A420FD1F4
:108CB0009DF80F30BA7A03F001039A4208D1D7E940
:108CC0000402DDE904139A4208BF88423FF46EAF04
:108CD000012388F80030AB7A1A077FF567AF13F0ED
:108CE000210F3FF463AF3A7A94F8C231012A0ED1D2
:108CF0009DF80F00009300F00100DDE90423FBF76D
:108D000055FD0028C3D0002388F8003050E77A7A58
:108D10009A42BCD19DF80F30BA7A03F001039A420F
:108D2000B5D1D7E90402DDE904139A4208BF8842AD
:108D3000ADD1E8E702226FE794F8A97117F00207B6
:108D40004ED0376E002F4BD096F89C3043B901239C
:108D50006B709FE7280B0120A81E0120580B0120F3
:108D600094F8AA31D907F2D52046FFF73DFB012838
:108D7000074635D1D6E9222304F1800020F0A0FF78
:108D800096F89A3084F8DB31D6E92223C4E91C2313
:108D9000637B9A071ED594F8AA319B0735D5D4E991
:108DA0006E23CDE906231B0A03F0C003402B95F880
:108DB0000F8007D106AB96F89B000093D6E92423D9
:108DC000FBF7BCFEDDE9062304F17A0020F078FF12
:108DD00084F8DA8104F5EC7104F1780009F08AF97D
:108DE00094F8A93185F82C300023EB8594F8AA314A
:108DF0005B0003F00403A4F8443096F97D3084F856
:108E0000513038460DB0BDE8F083D6E91423D6F8CA
:108E10004C80CDE9062306AB96F89B000093D6E97B
:108E20002423FBF77CFE10B9C8F34008CAE7B84614
:108E3000C8E7012B7FF4BAAE4DE700BF2DE9F04142
:108E4000046AD0F82880064686B00F46204629B925
:108E5000FFF70EFA002006B0BDE8F0811F4DFFF7C6
:108E600093FC394605F10C0009F0D0F905F10A012F
:108E70003A1804F5D47008F0BBFF01236B722B7B0A
:108E80008DF8103094F8AA318DF81130D4E96C23A4
:108E9000CDE90023D4E96E23B16AE872CDE902235B
:108EA000EB89ADF81230002208F18803483168469A
:108EB000FBF78EFB10B901236B70CBE794F8A93157
:108EC0009B07F8D1D4E91C02D8E922139A4208BFC3
:108ED0008842F0D10823EB85BCE700BF280B0120B6
:108EE000F0B5234C866A627885B00D4612B1002039
:108EF00005B0F0BD0029FAD0637A076A012B22D1B0
:108F0000E37A97F8A811627202331D44237C6560EE
:108F1000013B5B1A2372237B072BE8D100230193CB
:108F2000A37ADB060DD5D7F8CC1102A808F0B6FF5E
:108F30009DF80830737006F1780201A902A8FFF7C6
:108F4000FBFA0198D4E704F10C0009F05FF905443D
:108F50002A4604F10A0107F5D47008F049FF237C82
:108F600097F8A821013B05449B1A65602372D2E75C
:108F7000280B01202DE9F043524F7E788DB0002E52
:108F800040F09E80D0F82880046A21B9A38B43F07A
:108F90004003A38333E094F83C50022D00F08C8012
:108FA000002D68D197F82C9084F8A9910022002315
:108FB000CDE90A230AA90DF1270208F188008DF8EE
:108FC0002750FFF7E3FA19F0020F36D004F14009F9
:108FD000B4F84410CDE9045994F9513003939DF845
:108FE00027300293DDE90A232046CDE9002307F16B
:108FF0000C02FFF7E1FA50B984F86400002604F18E
:109000003C0204F118012046FFF764FA54E0B4F87A
:109010004430A4F85C6023F0080304F16402A4F86F
:1090200044302666494620460792FFF729FA079AF8
:1090300018B149462046FFF74DFA002304F1180500
:109040000595049398F97D3003939DF8273002939A
:10905000DDE90A23F98DCDE9002320461A4AFFF7FE
:10906000ABFA0028CAD004F13C0229462046FFF79B
:1090700007FA0028C2D0154BA08E1B6898F97D9086
:109080001D8B97F80880D4F8A03179682D1AADB2FD
:10909000454528BF454618442A4634F047F9A38E73
:1090A000A8452B44A3863FF671AFBB7A84F829907C
:1090B000DB064FF00106A2D530460DB0BDE8F083C7
:1090C0000026F9E7280B0120340B0120683001202D
:1090D0007FB5846A636E002B3FD094F8A0300BB14B
:1090E000062B3AD194F8A430BBB3056AD4E9242303
:1090F00005F1800020F0E4FD94F8A23085F8DB3122
:10910000D4E92423C5E91C236B7B9B0717D5D4E93D
:109110001423CDE9022302ABE66C94F8A30000937C
:10912000D4E92623FBF7FBFCA8B9C6F34006DDE92A
:10913000022305F17A0020F0C3FD85F8DA6105F518
:10914000EC7105F1780008F0D5FF284604B0BDE8C1
:109150007040FFF749B90126E9E7002004B070BD6F
:1091600037B5044668460D4609F050F89DF80030C2
:10917000054A072B137005D029462046FFF7A8FFA4
:1091800003B030BD0020FBE7280B0120FEF7CCBF69
:109190002DE9F041856A046A8EB00E46002947D059
:1091A0000AA809F033F895F8A030042B39D1D4E996
:1091B0001C02D5E924139A4208BF884231D100230A
:1091C0000022CDE90C234FF000080DF127020CA975
:1091D00005F1900004F118078DF82780FFF7D6F904
:1091E000CDE9046795F9823003939DF82730029307
:1091F000DDE90C234146CDE9002320460AAAFFF70A
:10920000DBF970B104F13C0284F82680394620462F
:109210000792FFF735F9079A18B139462046FFF74C
:1092200059F92046FFF7B0FA00200EB0BDE8F081F2
:109230002046FFF71DF8F7E7006A0368027C90F804
:10924000081223F07F4323F0FF03C3B190F80932E3
:109250000133DBB280F8093211B1012B01D870471C
:1092600083B1023A5342084953415B0001229A40BC
:109270000B7823EA02030B70032103F025BF09B921
:10928000FFF71CB8704700BFF00D0120036A0122F0
:10929000DA70FFF7D1BF0000006A0368027C23F098
:1092A0007F4323F0FF036BB1023A53420749534116
:1092B0005B0001229A400B7823EA02030B70032122
:1092C00003F002BF80F80832FEF7F8BFF00D01206E
:1092D0002DE9F74F046AE378074633B105212046AC
:1092E00003B0BDE8F04F03F009BFA2785AB12046A1
:1092F000A370032103F016FF04F5187003B0BDE856
:10930000F04F20F062BC6379A3B9E379B4F8361169
:10931000002B14BF07220622B4F81831062AA3EB4B
:1093200001030CBF05220622934203D103212046EC
:1093300003F0E4FE414BB4F8181158780022E271B2
:10934000002860D14FF00108B4F83431B4F8185156
:109350003B4EDFF8F490ED1AA61B3A4BB6115E4374
:10936000ADB2B6B24FF0000AB4F81831ADF8003023
:1093700094F83831ADF80280ADF8066023B1684644
:109380008DF804A0FCF768FA94F8A0312BB1012302
:1093900068468DF80430FCF75FFAB4F81831D4F859
:1093A0001C0145444344ADB2A4F8183100FB05FB51
:1093B00094F8200107F04EFB0146584602F0CEFE1D
:1093C000D4F81C21D4F83031B4F8181102FB05335D
:1093D0001B1ABB60D4F828310344FB60D4F82C314D
:1093E00003EB4003C4F8C03004F50A7004F0C6FE75
:1093F000494684F85900384612F022FF0028B3D0BD
:1094000003B0BDE8F08F5868C4F83001A4F83411F7
:1094100004F51870B4F80A125A7020F0D3FBD4F88F
:109420002421002A8ED0B4F80A324FF47A714B43CB
:109430009A4287D2B4F8088286E700BF580B012011
:1094400068160120A38B2EBA95C80300036A012277
:10945000DA71FFF73DBF00002DE9F04F90468FB065
:10946000002900F02881046ADFF868924E78876A44
:109470008D1C2A4609F10A0104F5227008F0B8FC97
:1094800094F88832013E2844F61AC9F8040089F895
:1094900008606379894DABB90126042120466671C5
:1094A0002E7003F02BFE3146204603F03BFE844B2A
:1094B0001B78B34201BFD4F81C31B4F808225343DF
:1094C000C4F824316B784BB997F87830012B05D16B
:1094D000B8F1000F02D17A6F6A606B70794B7A4AEB
:1094E000D4F8A85294F8A482E31A9B1153431FFAAC
:1094F00083FB023504F5D079B8F1000F3AD194F826
:10950000A031012B1ED194F8AA117B6FB4F8A821C9
:1095100000290CBF1E214FF4967101FB0233C4F8E1
:10952000A431702020F034FA054658B1674B40F85A
:10953000083B4946682233F0F9FE654B2946187B03
:1095400020F03BFA00230693624B9B7ADB060DD595
:10955000D4F8AC1207A808F0A1FC9DF81C307B7071
:1095600007F1680206A907A8FEF7E6FF06980FB004
:10957000BDE8F08F15F8013C15F8026C282B08D0D7
:109580002C2B18D0A8EB0606013E06F0FF0802358A
:10959000B2E784F8393194F8383184F83A61002B15
:1095A000F0D14FF0010384F83831294604F59C705E
:1095B00008F0CFFCE6E784F8A13194F8A03184F8F4
:1095C000A261002BDED132462946484608F0DDFC78
:1095D00094F8AEA10AF1FF331E2B68D8D4F8C83135
:1095E0003D4A0193A3F58073934260D8B4F8AC313F
:1095F0000293043B9BB240F67C42934257D894F8C6
:10960000AFE10EF1FF331E2B51D8B4F8CC310393E8
:10961000B3F5805F4BD2B4F8C2310493013BFA2B0F
:1096200045D894F8D821032A41D894F8E831059315
:10963000012B3CD894F8B0C10CF1FF31062936D883
:1096400094F8C011481E0E2831D894F8B8010F289C
:109650002DD84FF0010384F8A0314FF03103ADF85D
:109660001E30029BADF82430049BADF82A30019BDC
:109670000B93039BADF83030059B8DF82700ADF8B8
:109680001CB0ADF820B08DF822A08DF823E08DF845
:1096900026C08DF828108DF832208DF8333094F8DC
:1096A000E9318DF8343007A811F028F96AE7002372
:1096B00084F8A03166E7084659E700BF580B01203F
:1096C000C81E012068160120A38B2EBA00001103CA
:1096D000E0300120280B0120FFFE0F002DE9F047AC
:1096E000046AD0F828806378012B07460E4605D11E
:1096F000B4F80A1204F5187020F064FA94F82050B7
:1097000006BB012D1CD16378012B19D110223146E3
:10971000A0183D6A33F032FE364BED1A364BAD11D0
:109720005D4347F67F73E38240F2FF2323830223E6
:1097300084F82030314BA582187B402124F07CF93D
:10974000002553E0022DFBD02D4E0DBB1022A0189A
:109750002946D7F8289096F80AA03F6A33F00EFE03
:10976000244B254AFB1A9B1153431AF0400FA38246
:109770001CBF97F8A332A37599F86D30E375FF23EA
:1097800023767B6AE3616378012B1BD184F8203058
:109790001C4B608B1B68377A1D8B636A716898F964
:1097A0006D802D1AADB2BD4228BF3D4618442A46F1
:1097B00033F0BCFD638BAF422B4463830FD902238C
:1097C0006376002594F82030012B0FD1022384F812
:1097D00020300A4B4021187B24F02EF906E0B37AA2
:1097E00084F81780DB064FF00105EBD52846BDE86D
:1097F000F08700BF68160120A38B2EBAE03001204D
:10980000280B012068300120014B00225A7070475C
:10981000580B0120836A986E18B1A1F10C035842CD
:10982000584170470C4B5B6870B515467BB12229D7
:109830000DD10A4C012684F8286012F0A7FA23788B
:109840009A0605D52B789B0602D584F82A6070BD50
:10985000002384F82A30FAE7BC0B0120281F0120DE
:1098600010B5846A94F89030032B0A4694F891104E
:1098700003D0052B09D0002010BD94F89430002BA4
:10988000F9D0BDE81040FFF7C5BFFFF7CBFFE36F8E
:10989000024A03F5B073C2F81831ECE7281F012023
:1098A00010B5846A94F8903094F89110032B28D165
:1098B00094F894302BB3FFF7ADFF10B3114B93F82E
:1098C0007830F3B1202020F063F80246C8B1D4E923
:1098D0002201C2E9060194F893301374D4E92001FF
:1098E000C2E9020194F8923007481370002120F079
:1098F0005EF8064BBDE81040187B4FF4807124F0F1
:109900009BB810BD783101206C200120E03001208F
:1099100008B510F0ABFFC0F3001300F00F001844BF
:1099200008BD00002DE9F04FDFF8C8B1D0F828A03D
:10993000BBF8282085B0054682B1042020F028F825
:109940000146002800F08A8040F204434B80614BBE
:10995000187B05B0BDE8F04F20F02FB85E4F5F4C8C
:10996000F97B94F86A3000297BD0012B79D1D7E9B3
:109970000689FA735A4E4B464246304620F0A0F90B
:109980003368C6F81C31B388A6F82031CAE91489B7
:10999000237C042B01D0012B12D1DAF84C3003F0D8
:1099A0004403442B0CD102AB0093A07CD4E90623E2
:1099B000FBF7A6F820B1DDE902234A4820F080F940
:1099C000237C042B14D0012B12D094F848307BB1A7
:1099D00094F8472044494348002384F8483002F172
:1099E00008038AF87830931D8BF8013033F09EFC21
:1099F00094F869307BB194F868203C493C480023D6
:109A000084F8693002F108038AF87930931D8BF8E5
:109A10001D3133F08BFC0021284611F0EBF9237C3B
:109A2000012B36D002D9023B022B17D840F2712607
:109A30007B69DB0305D5FFF76BFFAB6806FB0030E6
:109A4000A860D4E90212914219D1AB680B44AB6013
:109A50000021284612F0F4FB0028E9D005B0BDE84B
:109A6000F08F9A0794D502AB0093A07CD4E906232B
:109A7000FBF755F800288BD0DDE902897AE7284604
:109A800012F08AFC0028E9D1AB68E2681344AB60AD
:109A9000CEE7D5F8088027682368002B3FF44DAF48
:109AA000D4E90212284612F0F7FC064618B9AB6852
:109AB000E2681344AB60A868414612F0B9F9E26865
:109AC0000244BA42034634BF3B1A00232360002EEF
:109AD000E2D0C3E7E0300120A0300120783101203E
:109AE0002A1F0120301F0120A0310120C131012097
:109AF0004C200120281F012070B5046AD4F884325C
:109B0000D3B194F8DD38BBB1D4F8F00712F090F976
:109B1000D4F8243794F8361793F878200546187B44
:109B200011F0E1F8D4F8843294F8DC282946204674
:109B3000BDE8704008F01CBD70BD000073B5046A3C
:109B40000129D4F8D8680D4600D11EB3224B1B68FA
:109B50009B8A1E4494F8DC3884F8193804F2F92101
:109B600004F57072CDB92046A4F8CA53CDE90012AD
:109B700004F0ACFA2B46DDE90012204608F0F4FFB1
:109B8000D4F8C433C4F88438B4F8CA33A4F87808D5
:109B9000A4F88038304602B070BDB4F8CA53B4F8A7
:109BA000C033AB4206D92046CDE9001204F08EFA4C
:109BB000DDE900120023204609F076F8D4F8C4331A
:109BC000A4F89C082B44C4F8A838B4F8CA335B1B2B
:109BD000A4F8A438DEE700BF68300120F7B5046AB6
:109BE00094F81D3284F859310B46D4F818520646C1
:109BF00004F5BC6204F27D31002B4BD1A4F8EA35A8
:109C00002046CDE9002104F08DFA94F8B830012BFC
:109C1000DDE9002122D1D4F8BC30B0681B1AB3F5BD
:109C2000167F0ED2B4F8C40094F8C77040F2E24632
:109C300006FB0033D4E93E06C01946F10006C4E92C
:109C40003E06234883421AD8002084F8C200A0F1BF
:109C5000EE30A3FB00035B08A4F8C03001232046CC
:109C600009F00FF9D4F8E435C4F8C431B4F8EA3592
:109C7000A4F8B801A4F8C031284603B0F0BD012013
:109C800084F8C2001348A3FB0060032606FB03030D
:109C90009B0AE1E7B4F8EA65B4F8E035B34206D9C7
:109CA0002046CDE9002104F03DFADDE90021012341
:109CB000204608F0F9FFD4F8E435A4F8DC01334479
:109CC000C4F8E831B4F8EA359B1BA4F8E431D3E7D3
:109CD000C37F07009E36D06973B5046A0129D4F8A2
:109CE000D8680D4600D1FEB1204B1B689B8A1E44EC
:109CF00094F8DC3884F8193804F23B31BDB92046B9
:109D0000A4F8DA54019104F0E1F901992A462046B9
:109D100008F094FFD4F8D434C4F89838B4F8DA349E
:109D2000A4F88C08A4F89438304602B070BDB4F89A
:109D3000DA54B4F8D034AB4204D92046019104F08F
:109D4000C5F90199002304F59A62204608F0ACFF9A
:109D5000D4F8D434A4F89C082B44C4F8A838B4F838
:109D6000DA345B1BA4F8A438DEE700BF68300120BA
:109D70002DE9F0431C4CD0F8289087B005462046CA
:109D80000F4608F043FA94F80080B8F1030F29D188
:109D900023790C2B26D1154EB91C304608F050FA09
:109DA000D6E90001CDE90001D6E9020123788DF85A
:109DB0001030CDE90201A378A96A8DF81230E3785A
:109DC0008DF81330002209F1A80348316846059246
:109DD0008DF81180FAF7FCFB003818BF012007B09E
:109DE000BDE8F0830020FAE7600B0120680B01203A
:109DF00030B4046A94F84330A3B1806A90F8BB1081
:109E000090F8BA508D42D0E92C2305D1D0E92A50E0
:109E1000984208BF954201D041F00201607830BC01
:109E200010F0C8BE30BC704730B4046A94F84330B8
:109E3000A3B1806A90F8931090F892508D42D0E9C7
:109E4000222305D1D0E92050984208BF954201D085
:109E500041F00201607830BC10F0ACBE30BC7047FD
:109E6000F0B5464D046A97B0074628460E4608F0FE
:109E7000CDF931180AA808F0F2F92B78052B02D099
:109E8000002017B0F0BD3E4B5B68002BF8D02B795B
:109E9000222BF5D10AA808F03AFA0028F0D0DDE923
:109EA0000A01CDE90401DDE90C012B788DF82030A1
:109EB0000323CDE906018DF82130B96AAB788DF81E
:109EC0002230EB788DF82330002204F50C63483102
:109ED00004A80992FAF77CFB0028D2D004F50867A1
:109EE000D7E9102304F245301FF0EAFE94F8D23887
:109EF00084F8E33806F10800ED781FF0DBFE94F8F3
:109F000039309B07CDE9020132D50B0A03F0C003BB
:109F1000402B0AD11B4BC3E91C0102AB94F8D308B8
:109F20000093D7E91223FAF709FEDDE9022304F2D0
:109F30003F301FF0C5FE84F8E25804F50E6104F2CC
:109F40003B3008F0D7F8012540F2011394F8B91816
:109F500094F8250884F8F056A4F8F8362422D4F8AA
:109F6000BC6810F0C0FE3044C4F8F406284688E708
:109F7000044B00200021C3E91C01D6E7600B01203F
:109F8000BC0B01207831012038B5836A056A93F84B
:109F90009020032A03D0052A0BD0002038BD93F867
:109FA0009420002AF9D093F89110BDE83840FFF7CB
:109FB00031BC0B4C204608F029F92378052BECD155
:109FC000084B5B68002BE8D02379222BE5D10123D5
:109FD00085F8F836002385F8F03611F0D7FEDCE777
:109FE000600B0120BC0B012010B4846A026A94F853
:109FF0009030032B04D0052B0AD05DF8044B70473A
:10A0000094F89430002BF8D05DF8044BFFF70CBFA8
:10A0100092F8903213F0200304D0064B5B78003B9B
:10A0200018BF012382F8F936E36F03F5B073C2F865
:10A03000F436E2E7600B01202DE9F84304460025E1
:10A0400000F15006682700F50C7807FB05F316F8B9
:10A050000390B9F1010F21D115BBB4F86020B4F819
:10A0600028319A4218D1D4E916234046C4E98C23FA
:10A0700010F0FCFC4946204609F078FBD4E98C033B
:10A08000D4E99A12934208BF8842C4E9200303D05E
:10A090002946204609F06AFB0125D6E7002DFBD0B2
:10A0A000BDE8F8832DE9F043046A866AD4F8F836EF
:10A0B00094F8DD2813F0FF1F85B005460ED102BBD2
:10A0C00094F88012E9B194F881320133DBB29942FD
:10A0D00084F8813215D8432384F88232012384F82E
:10A0E000FA36002A7BD094F8FB365A1C84F8FB26FB
:10A0F000002B74D104F5FD6005B0BDE8F04312F00B
:10A1000047BAF37B13B9A24B93F87930B373228C1F
:10A1100012F010026AD104F52471204608F088FC80
:10A1200086F8780094F8CE330BB394F8DD38F3B9A1
:10A1300084F8CE3394F8CF23D4F8C40304F2D23198
:10A1400033F0F4F894F8CF33A4F8C033B4F8D03334
:10A15000A4F8403094F8CD3484F8CC33D4F8843269
:10A160002BB1204604F0BEF8012384F8DD3894F8C2
:10A170002A61012E0FD194F8213163B1D4F88432D1
:10A180004BB194F8DD3833B984F82A31204604F015
:10A19000A9F884F8DD68D4F8DC3823F07F4323F095
:10A1A000FF03B3F5803F06D1B4F8D033A4F84030B4
:10A1B000002384F8DE380021284610F01BFE238C93
:10A1C00003F01D031D2B40F0B480D5F80880E76A2A
:10A1D000E36A002B40F090803C2384F88232042113
:10A1E000204605B0BDE8F04304F092BD684FE27828
:10A1F00097F86A30002A6CD0012B6AD1D4E9028921
:10A20000C4E904890023E37004F292274B464246D6
:10A2100038461FF055FDD4F89232C4F8D432B4F861
:10A220009632A4F8D832C6E91489238C590717D579
:10A23000F36C03F04403442B12D102AB94F83A00C0
:10A240000093D4E90C23FAF75BFC48B1DDE9022363
:10A2500004F526701FF034FDDDE90223C4E906236E
:10A2600094F8CE33DBB10023316E84F8CE330A7814
:10A27000452302F00F02D340DA0710D594F8CF330C
:10A28000083386F8783094F8CF3306334B70306E4D
:10A2900094F8CF2304F57471083033F047F894F83C
:10A2A000DE34002B87D0002384F8DE3494F8DF34CA
:10A2B000B26E083386F8793094F8DF340633537081
:10A2C000B06E94F8DF2404F59C61083033F02EF86A
:10A2D00071E79807A9D502AB94F83A000093D4E946
:10A2E0000C23FAF71CFC00289FD0DDE90289C4E9A1
:10A2F0000489C7E91C8987E7D4E90912284612F0C6
:10A30000CBF8064618B9AB68A26A1344AB60A868DC
:10A31000414611F08DFDA26A0244BA42034634BFA1
:10A320003B1A0023E362002E3FF452AF05B0BDE8B4
:10A33000F083184BEE685B69DB0307D5FFF7E8FA9B
:10A34000AB6840F2712202FB0030A86094F8DD385F
:10A3500013B1D4F8F4371E4494F8DF38676A6BB150
:10A36000002684F8DF6811F03DFD4008421C3146AC
:10A37000284605B0BDE8F04312F00EB811F032FDEA
:10A3800071004008B94200F1010238BF3946EFE7D9
:10A3900078310120A0300120036A012283F8DF28F0
:10A3A000FFF780BEF8B5046A866AD4F8F83613F071
:10A3B000FF1F05460DD194F8802212B394F8813224
:10A3C0000133DBB29A4284F881321AD8432384F8ED
:10A3D0008232012384F8FA36002384F8DD3894F8B9
:10A3E000FB365A1C84F8FB262BB904F2FC60BDE84E
:10A3F000F84012F0CDB820460421BDE8F84004F042
:10A4000087BCF37B13B9384B93F87930B37394F866
:10A41000CE3323B3002794F8CF23D4F8C40384F8B1
:10A42000CE7304F2D23132F081FF94F8CF33A4F826
:10A43000C033B4F8D033A4F8403094F8CD3484F865
:10A44000CC333A4604F52471204608F0F1FAD4F8EA
:10A45000843284F8A00713B984F8DD38F8BD94F885
:10A46000DE34B3B1002384F8DE3494F8DF24D4F86A
:10A47000D40404F2E24132F059FF94F8DF34A4F836
:10A48000D034B4F8E034A4F8403094F8DD3584F8E2
:10A49000DC3494F8DE3894F83A00012B01BFB4F8AC
:10A4A000D033A4F84030002384F8DE38D4E90C23FC
:10A4B000FAF7C8FC90B10023A4F8CA3304F570720F
:10A4C00004F2F921204608F04FFBD4F8C433F366B8
:10A4D000B4F8C033A6F86000A6F8683029462046D4
:10A4E000BDE8F84003F084BE7831012070B5046AFD
:10A4F000826A94F81E3205462BB120460321BDE83E
:10A50000704004F05DBED37B13B9194B93F87930DA
:10A51000937394F8EE3573B1002384F8EE3594F814
:10A52000EF25D4F8E40504F2F25132F0FFFE94F87E
:10A53000EF35A4F8E03504F50C76AB68D4F82022AA
:10A540001344AB60B4F828310133A4F82831204615
:10A55000FFF772FDB4F82811304603F00FFE00211A
:10A5600084F81D02284611F06BFE0028E5D070BD6E
:10A5700078310120FFF7BABF70B590F86111044639
:10A58000B9B92A4B1B680BB9002070BD1B69002BA1
:10A59000FAD0274A1068274A201A0011504380B287
:10A5A00098470028F0D1B4F82802BDE8704005F0C3
:10A5B0001FBF90F85D2190F86331534013F0010301
:10A5C000E2D190F86551B0F82802061DB54203DDCE
:10A5D000013284F85D21D7E735B301390229F7D874
:10A5E000154D6B78002BCFD005F002FF0028CBD0A3
:10A5F0006B78013B6B7094F85D31013384F85D3109
:10A600000E4B1B68002BC0D094F86430002BBCD0DC
:10A6100094F86730002BB8D1D4E97632013342F197
:10A620000002C4E97632B0E72846E4E74C21012075
:10A6300048210120CF467D67203101203C210120A7
:10A64000002310B580F86031044605F053FE78B160
:10A65000084B1B6863B194F864304BB194F86730D1
:10A6600033B9D4E97432013342F10002C4E97432DF
:10A6700010BD00BF3C21012010B590F85E1190F88C
:10A6800062214A4012F0010407D090F860210131A4
:10A6900080F85E111AB1FFF7D3FF204610BD80F895
:10A6A0008221FAE705F04EBE70B504468AB00E4628
:10A6B00039B990F8643123B990F85F3152EA030058
:10A6C0004BD0FF2384F85C310DF1070204A920462A
:10A6D00005F0BCFD94F882310546002B63D10028BB
:10A6E00061D09DF80730002B39D1636813F0020365
:10A6F00003D0A3785A1E53425341DBB2059984F824
:10A700005F318DF807304B7884F860310B7803F0B7
:10A71000030384F85C3123BB424B1B680BB39B687B
:10A72000FBB1414A1068414A201A0011504380B2DF
:10A7300098473F4B196849B194F8643033B194F8A5
:10A74000673004F14C0033B3012B28D004A829460C
:10A75000F9F790F9059B587802300AB070BD0123D3
:10A76000CBE70B7803F0E3030B7094F85D219200C4
:10A7700002F0040213430B7094F85E21D20002F041
:10A78000080213430B7094F85F21120102F01002CB
:10A7900013430B70CDE7D4E974238847D6E7B4F8A8
:10A7A00016210023F9E72EB3003D18BF0125002331
:10A7B00084F85F51012584F8603104F5AE711D48BD
:10A7C00084F85C5108F087FB1B4A92E8030002AB57
:10A7D00083E8030018462946F9F74CF994F88231CA
:10A7E000BDF8080084F88251B3FA83F35B0984F85A
:10A7F0008331B2E794F86131002BD5D1094B1B6846
:10A80000002BD1D0DB68002BCED0074A1068074A56
:10A81000201A0011504380B298470028C4D1304616
:10A820009BE700BF4C21012048210120CF467D67D6
:10A830003C210120780B0120A40C0700F8B5044648
:10A840000D461F46164692B11A4B19681A4B411A0B
:10A85000091159438AB2B0F81611284605F0D4FD03
:10A8600035462FB92846BDE8F84005F0C9BDEBB123
:10A87000124B196849B194F8653033B194F86730D8
:10A8800004F14C0053B1012B0CD0B4F8281206315E
:10A89000284689B2BDE8F840F9F722B9D4E9762311
:10A8A0008847F2E7B4F816210023F9E70029D9D147
:10A8B000F8BD00BF48210120CF467D673821012027
:10A8C0002DE9F341436801915B070646144626D4FF
:10A8D00026F046FA804611F08BFAB6F81851019925
:10A8E00040F2E2435D43336907465BB1986811F07B
:10A8F0009FFAA842019905D83369986811F098FA2F
:10A9000001990546404611F093FA96343C440444BC
:10A91000AC4294BF0020012002B0BDE8F0810020CD
:10A92000FAE74378032B11D190F858322BB190F805
:10A930005902003818BF0120704790F850323BB1DF
:10A94000D0F87001B0FA80F04009704700207047DD
:10A950000120704770B5046A2046FFF7E2FF18B186
:10A96000BDE8704011F012BA214B1B684BB19B69D6
:10A970003BB1204A1068204A201A0011504380B28F
:10A98000984700211D4BA4F86411012284F861212D
:10A99000204619705970FFF787FE11F001FA06463C
:10A9A00020BBB4F8280205F023FD05460028D7D0C7
:10A9B000134B196849B194F8653033B194F8673096
:10A9C00004F14C0053B1012B0CD0B4F8281206311D
:10A9D000284689B2BDE87040F9F782B8D4E97623F9
:10A9E0008847F2E7B4F816213346F9E770BD00BF97
:10A9F0004C21012048210120CF467D677C0B01209E
:10AA000038210120036A93F882212AB193F8832127
:10AA100012B1002283F88221704700002DE9F04F27
:10AA2000046AA14A94F89811866A537885B005465D
:10AA300000293ED1127813430DD0237AB4F8861141
:10AA40003E2B04BF0823237204F5C4701FF0BAF82C
:10AA5000012384F8983196F8703084F81A3194F80C
:10AA6000D232012B0AD194F81B313BB994F8D12290
:10AA70008E4B53F822300BB120469847D4F8E03281
:10AA80003BB18B4A10688B4A201A0011504380B2A8
:10AA900098472046FFF745FF804698B120464B2156
:10AAA00004F0A0FF04F5C47005B0BDE8F04F1FF03E
:10AAB0008CB8002BCFD0B4F8861104F5C4701FF009
:10AAC00081F8C8E794F8F83053B30C2005F0ACFBDC
:10AAD000074628B3B4F81621B4F8143184F8F88086
:10AAE00013440733A4F88232714B724A1B68E31A8D
:10AAF0001B115343D9B2AA68404610F063FE6E4B57
:10AB0000A0FB0332DB0F43EA420304F51E71A4F8F5
:10AB10007A32384608F0F9F93946204605F062FBEA
:10AB200094F8433263B1002384F8433294F84432FA
:10AB3000002B40F09980614B1B680BB12046984771
:10AB4000AB680293F37B0BB996F87130B373337B28
:10AB5000032B0AD1F3685A4903F0FF138B420CBF51
:10AB60002246621E92F85B31B370DFF868B1DFF8FD
:10AB700044910027B4F81631B4F8188102980137CF
:10AB8000BFB2013308FB07F140F2E2429BB202FB85
:10AB90000101A4F81631A96094F85EA2BAF1090F78
:10ABA00064D1B4F8821299424CD1B4F87C12A4F862
:10ABB0001811B4F87E12B4F81431A4F81411B4F8D2
:10ABC0008012B4F886A1039301EB81014900A4F837
:10ABD000861137490868201A001109FB00F0C0B23D
:10ABE00010F0E0FDB4F87A02616940F2E24202FB43
:10ABF00000116161B4F818114A4318F0030118BF3D
:10AC00000121E26108EB98020A44B4F8861104F5C8
:10AC1000C47011441EF0D6FFB4F81821039B4245BE
:10AC200007D1B4F814219A4203D1B4F886315345C0
:10AC300005D0D4F8603243F40073C4F860320123C5
:10AC400084F8573294F84D211E4B002153F82230DE
:10AC5000204698471C497070284611F0F1FA0028E8
:10AC600088D005B0BDE8F08F184B65E7BAF1010F49
:10AC700032D1B4F8A8229A42E4D1D4E9A8232046DC
:10AC8000C4E9482304F08EFD114B84F857A21B68D9
:10AC9000002BD7D0064A1068201A001109FB00F0DB
:10ACA00080B29847CEE700BF7C0B01201421012021
:10ACB00048210120CF467D67E3361A002C21012070
:10ACC00003000100C020012023FC030028210120F3
:10ACD0007830012068300120BAF10D0FB2D1B4F8FC
:10ACE000B4229A42AED194F84430022B03D0032B05
:10ACF00014BF0123042394F84580B8F1020F06D055
:10AD0000B8F1030F14BF4FF001084FF0040894F896
:10AD1000B212A9B3994233D002294FF001035DD09A
:10AD2000042952D084F844301946CB1A23440A46E9
:10AD300093F95801D4F8603284F83A0043F4005390
:10AD40007E28C4F860321BD1DBF80030224493F92E
:10AD5000203084F83A3082F85731D4F81C22032985
:10AD600008BF84F85B3152070AD51E4AD2F800A00A
:10AD7000BAF1000F04D00122009220460022D047F1
:10AD800094F8B3327BB143450DD0022B03D0042B92
:10AD900014BF0123032384F84530D4F8603243F410
:10ADA0000053C4F86032012384F8573204F50C7163
:10ADB000204605F034F904F50A71A4F83A02204659
:10ADC00005F02DF9A4F838023CE794F84630032149
:10ADD000013B84F8441018BF0123A6E784F844100F
:10ADE000A3E700BF34210120036A93F882212AB12E
:10ADF00093F8832112B1002283F882215B780BB192
:10AE0000FFF70CBE704719B9036A012283F8592273
:10AE1000704700002DE9F047046A94F8573284F82F
:10AE20001B2181460E46174633B1002384F8573262
:10AE30003921204604F0D6FD022F04D13046BDE86A
:10AE4000F04705F0DDBA2046FFF76BFD0546002808
:10AE50003BD1042F09D8DFE807F003380838310068
:10AE6000294B01225A7000221A70314604F26110F7
:10AE700008F07BF82046FFF77FFB80462046FFF76F
:10AE8000FBFBB4F83A22D9F8081082462046FFF7B7
:10AE900017FDE8B110F07AFF2046FFF703FC94F8A5
:10AEA0006131032B04BF002384F8593242462B46FC
:10AEB00031462046BDE8F047FFF7C0BC124A137880
:10AEC0000133DBB2012B137018D910F05FFFB5E727
:10AED000BAF1000F15D1636883F00802C2F3C00213
:10AEE00082F0010239462046FFF7DEFB0028D1D070
:10AEF00010F056FFB0FA80F56D09CDE74FF000086D
:10AF0000E9E70122ECE700BF7C0B0120B0F8162135
:10AF10002DE9F8430132B0F8FA50B0F81891B0F8C2
:10AF20001481B0F8867192B2531B04469BB240F272
:10AF3000E24009FB03F34343D4F80001A4F8FA20EC
:10AF40001844C4F80001B4F88202A84218BFC4F83B
:10AF50000431B4F87C32A4F81831B4F87E32A4F885
:10AF60001431B4F8803203EB83035B00A4F886311C
:10AF700011BBB4F87A6294F87852B4F8F81040F241
:10AF8000E2435D435E43701901F0E8F8D4F8003104
:10AF9000C4F8FC503344C4F8003163691E44A3690B
:10AFA0002B440344A361D4F898301D44361A05EBB2
:10AFB00040006661C4F8980019F0030218BF01222E
:10AFC000B4F8861109EB99031344194404F5C470CD
:10AFD0001EF0F8FDB4F818314B4507D1B4F8143120
:10AFE000434503D1B4F88631BB4205D0D4F8603272
:10AFF00043F40073C4F86032012384F8573200230D
:10B0000084F80831BDE8F8834378032B11D190F818
:10B0100058322BB190F85902003818BF0120704700
:10B0200090F850323BB1D0F87001B0FA80F040098E
:10B0300070470020704701207047000070B5046A17
:10B040002046FFF7E1FF18B1BDE8704010F09EBE4A
:10B050001C4B1B684BB19B693BB11B4A10681B4AD8
:10B06000201A0011504380B298470026B4F82802F5
:10B07000A4F80A6184F80C61C4F8106105F0B8F90D
:10B0800005460028E0D0124B196849B194F86530A4
:10B0900033B194F8673004F14C0053B1012B0CD05C
:10B0A000B4F828120631284689B2BDE87040F8F796
:10B0B00017BDD4E976238847F2E7B4F81621334662
:10B0C000F9E700BF4C21012048210120CF467D67D0
:10B0D00038210120704700002DE9F04F046AD0F8B4
:10B0E000288094F8093185B0064693B325F038FEE0
:10B0F00001460390B068B4F8185110F099FE039916
:10B1000020B340F2E243B0685D4310F091FE854207
:10B1100003991BD2B06810F08BFE29460FF0EBFBB1
:10B12000B4F816311B1AA4F8163194F84D316BB9E6
:10B1300094F81D1194F81C3100FB01F2934210FBAE
:10B1400001F0C0B25DD31B1A84F81C31002384F8CF
:10B15000093198F8783084F81A3194F8D232012BFA
:10B160000AD194F81B313BB994F8D122AE4B53F875
:10B1700022300BB12046984794F80B317BB1D4F8BC
:10B180001031C4F80031B4F816310133A4F8FA30A4
:10B19000002384F89931C4F8FC30C4F8043194F8E1
:10B1A000982194F80C31002A3FD113B994F80A3150
:10B1B0006BB1237AB4F886113E2B04BF08232372A7
:10B1C00004F5C4701EF0FEFC012384F89831D4F815
:10B1D000E0323BB1954A1068954A201A001150435D
:10B1E00080B298472046FFF70FFF38B320464B2127
:10B1F00004F0F8FB04F5C47005B0BDE8F04F1EF094
:10B20000E4BCD21A252A82BF4DF668514A43520D3A
:10B2100003F12503A3EB000388BF02EBC201DBB2FD
:10B2200084BF02EB81029B188EE7002BCFD0B4F8CD
:10B23000861104F5C4701EF0C5FCC8E77D4B1B6881
:10B240004BB1DB693BB1794A1068794A201A001189
:10B25000504380B2984794F85C32012B08D194F89F
:10B260005B222AB984F85B322C21204604F0BAFB19
:10B2700094F8433263B1002384F8433294F84432A3
:10B28000002B40F0CF806C4B1B680BB120469847D9
:10B2900094F85E32092B0DD1204609F03DFC48B1EF
:10B2A000B4F81621B4F882329A4203D10121204623
:10B2B000FFF72CFEB4F81651B4F8FA300135ED1A48
:10B2C00094F80931ADB25BBB6368190328D5B4F8B3
:10B2D00014312BB394F8083113B394F80C31FBB14B
:10B2E00004F5B8701EF0FCFBD0B16378032B17D0C7
:10B2F00094F85E32FF2B40F0A980B4F8141179B1B4
:10B30000B4F8163194F84D210B44A4F816314B4B88
:10B310000D44013953F8223089B22046ADB2984726
:10B32000DFF82491B4F81631D4F80401B4F8F81019
:10B330000133A4F816310135B4F81831ADB26B43BE
:10B3400040F2E24B0BFB030000F008FFB4F8187169
:10B35000824610F04DFD6F430BFB07F795284FEA2F
:10B36000570B40F2A68010F043FDABEB000BD3452A
:10B370007FF63CAFD4F80021D4F8FC101744B4F8A1
:10B380003A220A44A7EB0A07524401EB4A01B7608C
:10B39000F260C8F8601094F85E72092F40F01381D3
:10B3A000B4F81621B4F88232511C994202D102211C
:10B3B00084F899119A4203D100212046FFF7A6FD97
:10B3C00094F84D211D4B002153F822302046984718
:10B3D00088F8010094F89931022B1AD0B4F816219C
:10B3E000B4F8FA300132D21AB4F886314FF47A71D7
:10B3F0004B43B4F81811D2B240F2E2404143B3FBE0
:10B40000F1F3511CDBB2994240F0D880012384F85B
:10B4100099310B49304610F013FF002882D005B057
:10B42000BDE8F08F074B2FE71421012048210120B0
:10B43000CF467D674C2101202C210120C020012016
:10B4400023FC03002821012068300120092B15D19D
:10B45000204609F061FB88B1B4F88222B4F81631B5
:10B46000D21AB4F8141193B2481C83423FF747AF85
:10B47000012A7FF755AF023B99B240E794F85E325C
:10B48000B4F81611012B07D194F85532012B03D1D2
:10B49000B4F8A822521AE4E7D4F85C325A4A23F0EE
:10B4A0007F4323F0FF0393427FF43AAFB4F8B42212
:10B4B000F0E7962059E70D2F82D1B4F81621B4F8A1
:10B4C000B4329A427FF47CAF94F84430022B03D01C
:10B4D000032B14BF0123042394F84570022F03D0DB
:10B4E000032F14BF0127042794F8B312A9B399427C
:10B4F00033D002294FF001035DD0042952D084F8E3
:10B5000044301946CB1A23440A4693F95801D4F81B
:10B51000603284F83A0043F400537E28C4F8603265
:10B520001BD1D9F80030224493F9203084F83A3006
:10B5300082F85731D4F81C22032908BF84F85B3104
:10B5400052070AD5314AD2F800B0BBF1000F04D03F
:10B550000122009220460022D84794F8B2327BB1F3
:10B56000BB420DD0022B03D0042B14BF01230323B5
:10B5700084F84530D4F8603243F40053C4F86032A4
:10B58000012384F8573204F50C71204604F047FD7E
:10B5900004F50A71A4F83A02204604F040FDA4F82C
:10B5A00038020DE794F846300321013B84F844103B
:10B5B00018BF0123A6E784F84410A3E79A42FFF4DA
:10B5C00028AF022323E7012F7FF475AFB4F81621CB
:10B5D000B4F8A8329A427FF4F3AED4E9A823204607
:10B5E000C4E9482304F0DEF8094B84F857721B685D
:10B5F000002B3FF4E5AE074A1068074A201A0011F5
:10B60000504380B29847DBE600010D003421012051
:10B610007830012048210120CF467D67036A00224F
:10B62000A3F80A2183F80C21C3F81021FFF754BDB9
:10B6300019B9036A012283F8592270472DE9F047AE
:10B64000046A94F8573284F81B210F46164633B12A
:10B65000002384F857323921204604F0C3F9022E22
:10B6600004D13846BDE8F04704F0CABE2046FFF7D3
:10B67000CBFC054618B906F0FD03012B02D110F0F2
:10B6800085FBEEE794F80B3163B926B16368980245
:10B690002FD4042E0CD1D4F8AC30C4F810310123CF
:10B6A00084F80B312EBB012384F80C3184F80A6135
:10B6B000394604F2611007F058FC94F85B324BB93C
:10B6C00094F86131032B05D06368990544BF0123C9
:10B6D00084F85C322046FEF74FFF80462046FEF796
:10B6E000CBFF94F8083183B978B1012384F808318D
:10B6F0000BE0042EDCD194F80A310133DBB2012BCC
:10B7000084F80A31BBD84FF00008012231462046A8
:10B71000FEF7CAFF814698B910F038FB2046FEF7C5
:10B72000C1FF94F86131032B04BF002384F8593220
:10B7300042462B4639462046BDE8F047FFF77EB823
:10B7400094F85B3263B994F85C22012A08D16268EC
:10B75000920505D594F85C21032A08BF84F85C3271
:10B7600010F01EFB0028D9D1042E05D094F86431C6
:10B7700013B994F85F3183B1494694F84400D4F882
:10B78000AC500FF09DFAB4F83A2229460244204604
:10B79000FFF796F8B0FA80F35B09DDB2BEE7000070
:10B7A0002DE9F84F174E96F8983005461BB3164A08
:10B7B000B6F880301468DFF854B04FF43C7202FBE6
:10B7C000034404F10C0AD4F81480002740F2E24943
:10B7D0005946504610F034FD013760B9B4F81631BF
:10B7E000B4F818210133A4F81631BBB2534309FB56
:10B7F00003836361ECE72E622846BDE8F84FFCF74F
:10B800005DBB00BF602101204821012023FC030013
:10B810002DE9F04F846A94F8A40087B00F46002801
:10B8200074D0606E002871D04C4DD4F88830DFF8A9
:10B830003C8103930830D4E92423D8F800A0B5F85C
:10B8400080B094F8A1901EF03BFA94F8A23085F8ED
:10B850008B3195F841309A0776D594F8A030012BBA
:10B8600057D1384610F8086B1EF024FA0B0A03F083
:10B87000C003402BCDE904014FEAD6165FD104ABDB
:10B88000C5E91E0194F8A3000093D4E92623F9F733
:10B8900055F9606EDDE9042302301EF011FA85F8D7
:10B8A0008A612F49606E06F025FC4FF43C76039BBD
:10B8B000D8F8001006FB0BA603EBC909711A294B37
:10B8C00009115943B6F8183109F5E56940F2E2402B
:10B8D0004A46C9B258430FF075FF234BA0FB033211
:10B8E000DB0F43EA4203626E9375626E4844C3F312
:10B8F0000721D175A5F87030706195F8890101288C
:10B9000027D13B789B0624D585F8850007B0BDE894
:10B91000F08FD4E91423CDE9042304ABE66C94F84A
:10B92000A3000093D4E92623F9F7F9F828B1DDE95B
:10B9300004230126C5E91E23ABE7C6F34006002217
:10B940000023C5E91E23A4E700220023C5E91E2326
:10B95000A7E7002385F885300120D7E76021012083
:10B96000E8220120CF467D67E3361A0048210120F6
:10B9700008B5044B012283F8982010F007FA002044
:10B9800008BD00BF602101202DE9F0410446D0F838
:10B99000345200F5037710F02BFA636E628BC4F813
:10B9A0001432238B00F2CC409342C4F8180213D017
:10B9B000D5F88C1040F271235A43084490420BD2C0
:10B9C000384610F0E9FC38B1616ED4F8140210F07A
:10B9D0002FFAC5F88C0012E0002395F881106878E2
:10B9E000C5F88C3000F078FD6870268B628B96422B
:10B9F00007D1384610F0D6FBD4F814326366BDE8A0
:10BA0000F08140F271235E4303FB0268D4F81432E4
:10BA10003344636642463146384610F0BDFC002888
:10BA2000D2D1636EC4F81432F0E7006A036890F86C
:10BA3000082223F07F4323F0FF036BB190F8093213
:10BA40000133DBB280F8093212B1012B01D8704703
:10BA50002BB1032105F05EBE0AB9FFF795BF704711
:10BA6000006A036823F07F4323F0FF0313B103212F
:10BA700005F050BE80F80832FFF786BF2DE9F04789
:10BA8000036A5A78064622B393F808520DBB134A4C
:10BA9000B3F860301468DFF848A04FF43C7202FB42
:10BAA000034404F10C09676940F2E24851464846F4
:10BAB00010F0C6FB013560B9B4F81631B4F818219E
:10BAC0000133A4F81631ABB2534308FB037363612F
:10BAD000ECE73046BDE8F047FFF7A7BF482101205B
:10BAE00023FC03002DE9F047036A5A78054612B398
:10BAF000134AB3F860301468DFF848A04FF43C7282
:10BB000002FB034404F10C096769002640F2E24895
:10BB10005146484610F094FB013660B9B4F816312E
:10BB2000B4F818210133A4F81631B3B2534308FB1B
:10BB300003736361ECE72846BDE8F047FFF790BF69
:10BB40004821012023FC030008B5036A01225A7032
:10BB500010F01CF9002008BD2DE9F04F846ADFF8D1
:10BB6000749194F8A120056AD9F80030607BB5F88B
:10BB700060B0D4F8886087B08846023294F88310A9
:10BB800003930FF0B0F8824694F8A400002877D011
:10BB9000606E002874D0D4E9242308301EF090F899
:10BBA00094F8A23085F8DB3195F86B309B0740F1B3
:10BBB000858094F8A030012B65D1404610F8087BB1
:10BBC0001EF078F8CDE90401C5E91601090A01F073
:10BBD000C00140294FEAD71707D104AB94F8A3005E
:10BBE0000093D4E92623F8F7A9FF606EDDE904236A
:10BBF00002301EF065F885F8DA71039B4FF43C774C
:10BC000007FB0B37304B1B6AC3F3803385F8D93100
:10BC100005F5EC71606E06F06DFAD9F800102B4B4B
:10BC2000791A0911594306F5DB66B5F862305644B6
:10BC300040F2E2403246C9B258430FF0C3FD244BF4
:10BC4000A0FB0332DB0F43EA4203626E9375626E20
:10BC5000C3F307210644D175A5F850307E6195F8ED
:10BC6000D931012B0ABF98F800300023C3F34013E9
:10BC700085F86930237B85F86C30012085F86800F1
:10BC800007B0BDE8F08FD4E91423CDE9042304AB59
:10BC9000E76C94F8A3000093D4E92623F8F73FFF5C
:10BCA00028B1DDE904230127C5E916239DE7002219
:10BCB0000023C5E91623C7F3400796E700220023B7
:10BCC000C5E9162399E700BFA0300120CF467D6764
:10BCD000E3361A004821012037B5044668460D4670
:10BCE00006F094FA9DF80030072B05D0294620462F
:10BCF000FFF732FF03B030BD0020FBE7F0B587B09F
:10BD0000846A056A064602A80F4606F07FFA9DF887
:10BD10000830072B36D1002385F8AA31BA1C0DF163
:10BD2000070105F5D47006F063F89DF80730DB06CF
:10BD300028D5D5F8CC1104A806F0B0F89DF8163037
:10BD4000012B1AD0022B1FD00023F36094F8A120FE
:10BD500094F88310607BD4F8886002320EF0C3FF41
:10BD6000D4F88820331804A9284601F069F895F81A
:10BD700008323BB110F00AF804E0064B1B6A13F4DA
:10BD8000807FE1D107B0F0BD024B1B6A13F4006F56
:10BD9000F7E700BFA03001202DE9F0478EB0046A1C
:10BDA000856A064604A80F4606F030FA0DF10F0129
:10BDB0003A1804F5D47006F01BF894F8A931D907A5
:10BDC00004D4002738460EB0BDE8F0879DF80F7008
:10BDD00017F00107F5D09DF810308DF8303094F849
:10BDE000AA318DF83130D4E96C23CDE90823D4E9A8
:10BDF0006E23B16ACDE90A23BDF81230ADF83230B6
:10BE0000002205F18803483108A8F8F7E1FB002873
:10BE1000D7D095F89C30002BD3D02B6E002BD0D0F0
:10BE2000DFF848A1B4F86020DAF80030687BD5F874
:10BE300084904FF43C7101FB02389DF8142095F872
:10BE40007E1002320EF04FFFE97B064609F196099B
:10BE5000287B09B995F87E1024220EF044FF4E4449
:10BE60000644286ED5E9222308301DF029FF95F8F5
:10BE70009A3084F8DB3194F86B309A076DD59DF8D1
:10BE80000F309B074DD5D4E96E131A0A02F0C00299
:10BE9000402ACDE906139DF8139009D1C4E9161381
:10BEA00006AB95F89B000093D5E92423F8F746FEEE
:10BEB000286EDDE9062302301DF002FF84F8DA91D6
:10BEC00004F5EC7104F1780006F014F96B7BDAF8F4
:10BED0000010B8F81801032B08BF032240F2E24318
:10BEE00018BF022203FB0266A8EB01011D4A0911DB
:10BEF000514358433246C9B20FF064FC1A4BA0FBC1
:10BF00000332DB0F43EA42030644A4F88E30C8F83C
:10BF100014602B7B84F86C304FF48073A4F8683085
:10BF200050E7D5E91423CDE9062306ABD5F84C90AC
:10BF300095F89B000093D5E92423F8F7F0FD28B18C
:10BF4000DDE90623B946C4E91623B1E70022002340
:10BF5000C4E91623C9F34009AAE700220023C4E973
:10BF60001623ADE7CF467D67E3361A00482101204E
:10BF7000F0B505468BB00E4659B3046A876A02A82D
:10BF800006F044F90DF10701321804F5D47005F0FC
:10BF90002FFF9DF808308DF8203094F8AA318DF8E5
:10BFA0002130D4E96C23CDE90423D4E96E23A96AB6
:10BFB000CDE90623BDF80A30ADF82230012207F1A1
:10BFC0008803483104A8F8F703FB012363700FF0DE
:10BFD000DDFE00200BB0F0BD2F4B18692DE970433A
:10BFE000D3E902465D682D4B68B94FF000084FF069
:10BFF0000009C3E90E8924B19A6BF5B942F0300209
:10C000009A63BDE87083002C3CD00FF28409D9E913
:10C010000089C3E90E89002DEDD0D3E90E2142F04D
:10C02000005242F08C029A631D4A1268927E012AE5
:10C0300084BF41F4E071D963DDE742F0706141F003
:10C0400070019963164909688C7E012C82BF42F009
:10C05000F85242F070029A631EB19A6B42F44002A9
:10C060009A630028CDD0D3E90E21012C42F47F122F
:10C0700042F44062C4D941F40F7141F00301C3E9B5
:10C080000E21BEE74FF003084FF00009C1E700BFE3
:10C09000033300C000000000BC0B0120E030012091
:10C0A0006830012073B583781B4A1C4E1060FF2B4B
:10C0B000044622D056F8233003B19847184D2B7808
:10C0C000CBB1184B5B7AB3B9F8F714FFF8F778FCEB
:10C0D0000EF050FC144E012456F8243003B198475A
:10C0E0000134122CF8D100232B7001A84FF48033B7
:10C0F00001930EF003FC02B070BDC37813B9084B76
:10C1000001221A70012556F825300BB120469847B8
:10C110000135122DF7D1D1E7500C0120BC0B0120C5
:10C12000040C0120A0300120080C0120024B53F820
:10C13000203003B118477047900B012007B500234A
:10C140008DF803008DF804006846ADF800308DF8D6
:10C1500002300EF0D3FB03B05DF804FB0C4A03463B
:10C16000506910F4802012D0A3FB013141F2C700C6
:10C17000A3FB003200FB012246F6F9615B1842F195
:10C180000103044A126892F82100103018447047E5
:10C19000A03001206830012008B50EF067FB074A87
:10C1A00020F07C43C00E125C054843EA026323F48E
:10C1B000010323F40173184308BD00BFAC0C070052
:10C1C00031080402034A1378591C1170024A42F8DC
:10C1D000230070477E0B0120800B01202DE9F843DE
:10C1E0000F4BDFF84080DFF84090C3E90C010027D7
:10C1F00005460E463C4699F80030BB4202D8204620
:10C20000BDE8F883D8F80030284631462CB9984765
:10C210000446013708F10408EDE79847F9E700BF45
:10C22000A0300120800B01207E0B0120C07807F098
:10C23000CDB9000070B588B005460C460146684689
:10C24000164605F0E3FF9DF80430063BDBB21F2BDA
:10C2500001D900203EE09DF8001005F108020629F2
:10C26000F7D801A050F821F087C20300DDC2030017
:10C2700085C2030053C2030087C2030053C20300F8
:10C28000D9C203000321A1726260237295F827309E
:10C290006372134902AB01222846F8F7B1F800286F
:10C2A000D7D09DF81B109DF81A008842DDE90423C1
:10C2B00005D1DDE90250984208BF954201D041F016
:10C2C000020104F10C00E1721DF0FAFC9DF81D3032
:10C2D0003370012008B070BD0221D4E70023D2E7FB
:10C2E000680D012038B50446D0F828010025C4F8AF
:10C2F000285108B11DF058FBD4F83001C4F8305172
:10C3000018B1BDE838401DF04FBB38BDC20707D497
:10C31000830707D410F0040F0CBF25202720704797
:10C32000252070472620704730B55E4C5E4D85B0A5
:10C330002822002104F19C0031F020F804F1C80308
:10C34000C0220021184631F019F8584BC4F8C40037
:10C35000C4E92D33022384F8C830554BC4F8BC40DF
:10C36000197A40F203120846A4F8B020FFF7CEFF76
:10C3700095F82830DFF85CC184F8CA304D4B84F85A
:10C38000C900C4E933C340F20113A4F8D43094F8CF
:10C39000423084F84911D8074FF0570248BFA4F83B
:10C3A0001221980744BF2023C4F81431424BC4F82B
:10C3B0003831424BC4F83C31414BC4F840312D2058
:10C3C000404BC4F84431A4F810211DF0E1FA94F870
:10C3D0004030C4F82801012B04D12D201DF0D8FADB
:10C3E000C4F8300194F84120D4F81431D20759BF71
:10C3F000354BD3E90C2343F00203C4F8143158BF82
:10C40000C4E94623D4F8143148BFD5E9060143F006
:10C410000102C4F8142195F8292048BFC4E9460157
:10C420001AB143F05103C4F8143194F84030012B91
:10C430004FF0000333D1CDE90233032384F8883170
:10C440000C2384F88C31D4F814312048C3F3400312
:10C4500084F88A31D4E946236946CDE9002305F002
:10C4600077FE0E23C4F82C4184F84831002584F867
:10C4700089510FF0BDFCE38FA4F8985040F271226F
:10C4800000F2CC405343C4F8A8001148C4F8AC30C3
:10C490000FF088FED4F8A430A36305B030BDC4F813
:10C4A0002C31E3E7580C0120A0300120BD7E0300B1
:10C4B0003C31012055555500A57F030061800300E4
:10C4C0002981030035810300E03001205A0C01204E
:10C4D000F40C0120D6BE898E59B10130C0B2282893
:10C4E00028BF2520A0F1250341FA03F3DB07F4D58B
:10C4F00070472520704770B58CB004460E4615462F
:10C500000021242203A8019330F038FF0522019B6B
:10C510008DF80E200DF116002A468DF80F408DF88B
:10C5200010408DF815601DF0CBFB03A80EF0E6F966
:10C530000CB070BD38B504460D464822002130F0DD
:10C540001DFF84F8405038BD10B59DF8084004F038
:10C55000070443EA844301F0030143EA0143C0E9CD
:10C56000002310BD10B5BDF81040C3F3080343EA23
:10C5700004539DF80C4004F00F0443EA04439DF873
:10C58000084004F01F0443EAC42301F0030143EA16
:10C590004123C0E9002310BD2DE9F047014690F882
:10C5A0004000A8B391F842A04E6C0C4600204FF01A
:10C5B000010C0CFA00F737425FFA80FE3DD0D4E957
:10C5C0000057BB4208BFAA4237D1F2453FD00728E7
:10C5D00014BF441C00240127544507D007FA04FC6B
:10C5E0001CEA060F16D1874026EA0706BAF1000FAB
:10C5F00021D00AF1FF34E4B2012000FA04F53543FA
:10C600004D6401EBC40581F8424041F834206B6071
:10C61000BDE8F08701EBC40CDCE90089072C01EBD5
:10C62000C00014BF04F1010C4FF0000CC0E90089F8
:10C6300020466446D0E70724DEE70130082804F1ED
:10C640000804B6D1012381F841300020E0E7012041
:10C65000DEE790F8401030B591B190F84210456C8B
:10C6600079B10139C9B201248C4080F842102C43C1
:10C6700000EBC1014464C1E90023002380F841308C
:10C6800030BD0721EFE70000F0B5044685B0C57A5C
:10C690000C301DF00FFB0B46A17A00910246294693
:10C6A00002A8FFF751FFDDE902670E4D32463B4617
:10C6B00005F14800FFF770FF88B93B4605F14800D7
:10C6C000FFF7C7FF95F82430012B08D14FF4003352
:10C6D0002046236005B0BDE8F0400EF00FB905B06C
:10C6E000F0BD00BF580C012002484FF4CC7200216D
:10C6F00030F044BE580C012008B50C4B0C4A9A602F
:10C700000C4B0D4A9A600D4B0D4A9A610D4ADA6145
:10C71000FFF7EAFF0C4B1B681B79072B81BF0B4A05
:10C72000136A43F08003136208BD00BF080C0120A8
:10C7300051C70300BC0B01202DC20300900B012048
:10C740009DC70300DDC7030068300120E0300120F1
:10C7500008B5F6F7FFF9FFF7C7FFBDE808400EF090
:10C760006FBA000008B521F05BF9044A537A01332F
:10C770005372BDE8084021F055B900BF3C3101209B
:10C7800008B521F04DF9044A537A013B5372BDE8D4
:10C79000084021F047B900BF3C31012030B50E4DB3
:10C7A00089B00DF1020128461DF017F9044608B9B9
:10C7B00009B030BD0DF1030201A9FFF73BFD28B11F
:10C7C000FF2301A88DF81630FFF75EFF20461DF00D
:10C7D000EBF8FFF7D5FFE4E7800C012030B5154DED
:10C7E00089B00DF1020128461DF0F7F8044608B99A
:10C7F00009B030BD0DF1030201A9FFF71BFD98B18F
:10C8000001238DF81630A368CDF81730A389ADF851
:10C810001B309DF80330002B14BFFF23012301A818
:10C820008DF81630FFF730FF20461DF0BDF8FFF7FA
:10C83000A7FFD6E7880C0120034B93F824000038AB
:10C8400018BF0120704700BF580C01204FF430730F
:10C850000438064A58431318105C30B193F8582036
:10C86000092A01D1186B7047002070476816012013
:10C87000034B53F820301878003818BF0120704758
:10C88000D0620020024B1878431E5842584170472E
:10C89000A81E012030B58B6A1B78092B25D10A6AA6
:10C8A000D2F81C31D2F868224FF47A756A43B2EBA1
:10C8B000430F1AD3046AD4F81C21D4F868426C439D
:10C8C000B4EB420F13D30B4CA3FB0435A2FB04249F
:10C8D000DB0FD20F43EA450342EA4402B2EB930F67
:10C8E00003D3B3EB920F38BF0146084630BD014673
:10C8F000FBE700BFE3361A002DE9F041C6788378E4
:10C900003E4C022E054621D1627801326270721EC1
:10C91000012A23D9A3F1FF00434243412A88217809
:10C92000FF2A1DD0E3B941FA02F3D90705D5344BEC
:10C93000314653F8220006F067FEEB78013B052BE9
:10C940005AD8DFE803F01D3C4459594C052E03D05A
:10C95000062E08BF0126DAE70226D8E70123DDE725
:10C96000DFF89C80002723783B41DB0704D558F88B
:10C970002700314606F048FE0137032FF3D1DCE7EC
:10C98000297961720023C91A18BF01211D486370FB
:10C99000FFF7D0FD1C481DF018F91C481DF015F9D3
:10C9A000A968EB68A165E36531B317481DF00AF982
:10C9B000E16D09B3BDE8F04114481DF003B9124818
:10C9C0001DF003F9BDE8F04110481DF0FEB8637892
:10C9D00093B9E36D83B9BDE8F0410EF083B8637A93
:10C9E000022B03D107480121FFF7A4FDA16D0648E2
:10C9F0001DF0E8F8E16DDDE7BDE8F081F80D0120FC
:10CA0000D0620020080E0120580E0120680E01207F
:10CA1000024B1860C07806F00DBE00BFDC1E01207E
:10CA2000024B1860C07806F01FBE00BFDC1E01205C
:10CA3000F6F774BC2DE9F0410EF00CF800283FD059
:10CA40000024214FDFF8888026463B782341DB070E
:10CA500015D558F8245095F86430022B05D105F10E
:10CA600040000EF049F885F8646095F83C30022BE0
:10CA700005D105F118000EF03FF885F83C6001344F
:10CA8000032CE2D1114D0024A5F110064FF43077AC
:10CA900007FB046393F82030022B0AD115F80A3CF7
:10CAA00013B928460EF02DF807FB0463002283F823
:10CAB00020200134032C05F53075E9D1BDE8F08163
:10CAC000BDE8F041FFF76ABEF00D012078160120A5
:10CAD000D06200200D4BC17810B518608378FF2B11
:10CAE000044609D002880A4B4FF4307000FB023034
:10CAF000BDE8104006F0D2BD054806F0CFFDE17854
:10CB0000044806F0CBFDE1780348F1E7DC1E012084
:10CB10006816012028190120E81B0120F0B500F556
:10CB20000377044685B000F50E752C2200213846A7
:10CB300030F024FC0021C022284630F01FFC40F2D7
:10CB40000313A4F820326B4BC4F824326A4B6B4EAB
:10CB5000C4F83452C4E98A34022384F83832307A73
:10CB6000674DFFF7D3FB95F8283084F8390284F835
:10CB70003A326448644BC4E98F03237C022B0CBF18
:10CB80000323012384F8453284F84432A37BD7225F
:10CB9000D90748BFA4F88222990748BFD4F8843245
:10CBA000A4F8802244BF43F02003C4F88432337ACF
:10CBB00084F8B932554BC4F8A832554BC4F8AC329E
:10CBC00042201CF0E5FEC4F8980200285AD0627B8F
:10CBD000504BC4F8B032D207D4F8843259BF4E4B10
:10CBE000D3E90C2343F00203C4F8843258BFC4E9EC
:10CBF000A223D4F8843248BFD5E9060143F00102EC
:10CC0000C4F8842295F8292048BFC4E9A2011AB1CA
:10CC100043F05103C4F88432237B012B4FF000030F
:10CC200032D1CDE90233032384F8D8310C2384F8C0
:10CC3000DC31D4F88432C3F3400384F8DA31D4E928
:10CC4000A223694604F17A00CDE9002305F080FAB9
:10CC500004F17803C4F89C320E2384F8B8322F4BC9
:10CC6000C4F8B432237B012B11D127201CF090FE95
:10CC70000546C4F8A00250B9D4F898021CF094FEFE
:10CC8000C4F898521F202CE0C4F89C32E7E70FF05C
:10CC9000AFF86389257C224E40F271225343C4F8D9
:10CCA0001C3200236370A370AB1E5D425D4133787C
:10CCB00000F2CC40C4F818026D00A3B938460FF05A
:10CCC00071FAD4F8143263600122B3787570AA4007
:10CCD0001343DBB2B37001223378AA40134333709D
:10CCE000002005B0F0BDB3780122AA4023EA020378
:10CCF000F0E700BF399203008D9203003C31012020
:10CD0000A0300120D6BE898E555555006191030093
:10CD1000CD8703008D910300E03001209191030045
:10CD2000F00D012038B52C22044600F54A7500218B
:10CD300000F53E7030F022FBC0220021284630F082
:10CD40001DFB4FF48173A4F80C33344B344AC4F800
:10CD50002053C4E9C433062384F8283392F82830DA
:10CD6000304D84F82A33304BC4F81843C4E9CB5310
:10CD7000A37B8021D80748BFA4F87213980748BF47
:10CD8000D4F87433A4F8701348BF43F02003617BD8
:10CD900048BFC4F87433002384F8A433234BC4F889
:10CDA0008C33C907D4F8743353BF214B43F00203CB
:10CDB000D2E90601D3E90C0148BFC4F87433D4F8B2
:10CDC000743392F829204CBFC4E9DE01C4E9DE01C6
:10CDD00043F00101C4F874131AB143F05103C4F8CD
:10CDE0007433237B012B05BF04F17803C4F8883327
:10CDF000002324230CBF84F89C33C4F888330D4BE4
:10CE0000C4F890330C4BC4F8943300200B4BC4F897
:10CE100098336070A07084F8080238BD99920300BE
:10CE2000A0300120D6BE898E55555500898A030051
:10CE3000E03001203D8E0300E18E0300758F03007A
:10CE40002DE9F0410B7880F8293390F8AA315B0680
:10CE500044BF90F8C33180F82A338B79012B044604
:10CE60000D46164600F53E783DD0022B14BF012337
:10CE7000032384F8353384F83433AB78AF88002B40
:10CE80000CBF1E234FF496735F430EF0A5FF6B7823
:10CE9000012BAB780CBF32214FF4FA71002B0CBF81
:10CEA0001E234FF496730144F818FFF757F9AB7837
:10CEB000002B0CBF1E234FF496733E4403EB40033C
:10CEC000301AC4F8000300214046C4F8A0330DF026
:10CED00091FF002140460FF0B3F910B1012384F80F
:10CEE0000832BDE8F0810223C3E70000F8B51C4812
:10CEF0001C4D1D4F8022002130F040FA00242E46A8
:10CF000055F8040B58B14FF47A72002130F036FA1C
:10CF100055F8043C57F824201C74C3F8A0210134B0
:10CF2000032CEDD1114B124901221A7333680868A2
:10CF30004968083303C30A4B1A700E4A127B83F800
:10CF40006C2083F87C2040F2075140F20762A3F87E
:10CF50007620A3F86610084B00221A70F8BD00BFB7
:10CF6000F80D0120D062002060120120A0300120C5
:10CF7000CC0C0700E0300120F00D012008B5094B72
:10CF8000094ADA61094B0A4ADA610A4B0A4A9A618C
:10CF90000A4B0B4A1A60FFF7A9FF0A4B4FF47A724B
:10CFA0005A8208BD080C0120C9CF0300BC0B012028
:10CFB000F9C80300900B012035CA0300703001202E
:10CFC00071C80300E030012008B5F5F7C3FDF6F79E
:10CFD00093F9BDE80840FFF789BF0000154B1B68B7
:10CFE00030B5154D1C8B0022034613F0030F18BFFC
:10CFF00023F0030302F1010218BF0433032A45F8AA
:10D00000043B2344F1D10D4D002213F0030F18BF50
:10D0100023F0030302F1010218BF0433032A45F889
:10D02000043B2344F1D1181A884288BF002080B203
:10D0300030BD00BF68300120601201205816012069
:10D0400070B50B4B5C7C44B90A4E0B4D33782341D1
:10D05000DB0704D40134032CF8D1012006E055F895
:10D060002430587B0DF0D2FC0028F3D170BD00BFF6
:10D07000A0300120F80D0120D0620020034A0123D6
:10D0800003FA00F01378184310707047F80D012070
:10D09000044A012303FA00F0137823EA0000107019
:10D0A000704700BFF80D012010B5064C54F8200061
:10D0B0001C8804815C8844811B79037341738273EB
:10D0C00010BD00BFD062002038B5044604200D46D4
:10D0D0001CF05EFC014668B154B1237C0B80072331
:10D0E0008B70054BCD70187BBDE838401CF065BCDB
:10D0F000FF23F3E738BD00BFE030012038B5054617
:10D1000004200C461CF044FC014640B12B7A83708D
:10D11000034BC470187BBDE838401CF04EBC38BDD2
:10D12000E030012038B5044604200D461CF030FCE8
:10D13000014670B1074BC570E41A074BA4115C435C
:10D140000D238370054B0480187BBDE838401CF02C
:10D1500034BC38BD68160120A38B2EBAE030012004
:10D16000024B1878B0FA80F040097047A81E0120E1
:10D17000F0B50D4C002526786EB194F870628642A9
:10D1800009D194F871628E4205D1D4E99E769E420F
:10D1900008BF974206D00135032D04F53074EAD15B
:10D1A0000020F0BD0120FCE768160120094B002299
:10D1B000DA62094B094ADA62094B0A4A1A600A4BD9
:10D1C0001B681B79082B81BF084A136A43F400537C
:10D1D00013627047080C0120BC0B012011CA030028
:10D1E0009C30012085C8030068300120E030012018
:10D1F000084B00221A63084B084A1A63084B1B6845
:10D200001B79092B81BF074A136A43F0007313622D
:10D21000704700BF080C0120BC0B012021CA03008D
:10D2200068300120E0300120094B0A4A5A630A4B5A
:10D230000A4A5A630A4B1B681B79082B094B82BFA9
:10D240001A6A42F400521A624FF43072DA8270475E
:10D25000080C012031CA0300BC0B0120D5CA030011
:10D2600068300120E030012038B52C22044600F15E
:10D2700058050021283030F081F8C02200212846CE
:10D2800030F07CF840F20113A387094B2364094B6B
:10D290002565C4E91134092384F85830064BC4F8D5
:10D2A000B8300020054BC4F8BC30A07038BD00BFBA
:10D2B000D19203004D94030059940300DD960300BE
:10D2C0002DE9F74F5C4F15469B46D2E90223BC6916
:10D2D000C4E98A2304F50A790123064684F8563204
:10D2E000484688460DF0C2FB6B69B4F8181183EA12
:10D2F0001343A4F85832484600F040FF84F8590020
:10D3000096F8AA315B0644BF96F8C33184F85A30C8
:10D310006B69E365AB69236698F80630012B74D01E
:10D32000022B14BF0123032384F8653084F8643092
:10D33000AA78EE782B88002A4FF416110CBF1E2213
:10D340004FF496724E4302FB036606EB0B03C4F8E0
:10D350003031B4F81831A4F83431287C03F07AFB6A
:10D36000AB78002B80460CBF1E204FF496703044E3
:10D370004146FEF7F3FEAB78002BA6EB00060CBF90
:10D380001E234FF4967303EB4000B6F5967FC4F866
:10D39000C000C4F82C014CD35E44266394F86500A9
:10D3A000DFF8A4B0082200210DF09DFC04F1280A4A
:10D3B0006063C4F828010026594650460EF040FF2D
:10D3C000013620BBB4F81811013189B2A4F8181144
:10D3D000484600F0D3FED4F81C3184F85900B5B2A9
:10D3E0005D4328464146FEF7B9FED4F830311D446E
:10D3F000D4F8283103446363D4F82C312D1A03EB9D
:10D4000040002563C4F8C000D6E702238CE70B4830
:10D410000B4B201A801158430A4B00930430002311
:10D42000D4F82821D4F81C11C0B20EF05DFA012303
:10D430007B7003B0BDE8F08FA81E012068160120A4
:10D44000A38B2EBA4DC8030095C803002DE9F04FF9
:10D45000A64BDFF8A0B21E68DBF81040DFF898A2F8
:10D460002DED028B4FF43C7303FB006604F128039F
:10D4700008EE103A96F84A32012B08BFA371B6F8AD
:10D480004E329AF81020DAE9020103EB83035B00C5
:10D49000A4F80A3204F50A79B6F84C3284F820214F
:10D4A000012287B0A4F80832C4E98A0184F8562220
:10D4B0004846F8F75DFDDAF81420E26582EA124189
:10D4C000DAF81820226694F8B82284F8652084F8E7
:10D4D00064209AF802209AF80370A4F85812002ADF
:10D4E000BBF80610BAF800504FF4161230460CBFC5
:10D4F0004FF01E084FF49678574302F033FCB6F80D
:10D5000016110744304602F02DFCB16908FB05777F
:10D51000014480463846BAF81C500EF089FCB269C6
:10D52000002800F0BB8008EB020138460EF080FCBA
:10D53000D4F81C21B0FBF2F02D1A80B2ADB24146F6
:10D5400002FB10700EF074FC29460290A4F81851EA
:10D55000484600F013FE9AF81020654B84F85900F5
:10D56000062A98BF33F812709BF80C2088BFDF8919
:10D57000062A94BF33F81230DB8905930EF02CFC99
:10D58000BBF80E106D1A0246A9B2D4F81C01049221
:10D5900047F6FE75A94288BF002100FB01F307EBA7
:10D5A000020B594618469A46FEF7D8FD039051489B
:10D5B00001894089091ADDE90423B6F8180189B206
:10D5C000A94288BF0021484340F2E245D118684390
:10D5D000FEF7C4FD059B049A01371F4405460398D6
:10D5E000174439462844FEF7B9FD434BB4F81821D7
:10D5F0009B78A4F83421002B00F110000CBF1E23EF
:10D600004FF4967303EB4003C4F8C030C4F82C31D8
:10D61000029BA4F836214344C4F830311B1A23631B
:10D6200018EE100A00210DF0E5FBDFF8DC80636BDB
:10D63000C4F82831002618EE100A41460EF000FE0C
:10D64000013600283CD1B4F81811013189B2A4F890
:10D650001811484600F092FDD4F81C2184F85900B6
:10D66000B3B253435246D01859460293FEF776FDA3
:10D6700039462844FEF772FDD4F83021029B103061
:10D6800013441B1A2363D4F8283103446363D4F88A
:10D690002C3103EB4003C4F8C030CCE7394608EB2B
:10D6A00002000EF0C5FBD4F81C31B0FBF3F0421CB5
:10D6B00090B215FA82F5ADB2414603FB007041E726
:10D6C0000E480F4B201A801158430E4B0093043024
:10D6D000D4F82821D4F81C110023C0B20EF004F9AC
:10D6E00007B0BDEC028BBDE8F08F00BF48210120E0
:10D6F000E40C0700C81E0120E01E0120681601206E
:10D70000A38B2EBA4DC8030095C80300074B1878A9
:10D7100093F8C022003818BF012002B1013093F8FD
:10D7200080350BB10130C0B2704700BF68160120D0
:10D7300002289FBF4FF430735843024B185C88BFD8
:10D74000002070476816012070B5194E347834B146
:10D7500096F8C03243B396F880353BBB02244FF4B1
:10D76000307202FB04F57319002118462FF006FEF3
:10D77000012272550F4A52F8242042620E4A05F5E2
:10D780001975127B80F86C22721940F20D417453A6
:10D79000518040F20112A0F86420084A927D80F87E
:10D7A000B8220346184670BD0124D8E70023F9E7E4
:10D7B0006816012058160120E03001202031012098
:10D7C00030B589B00C46054600211A2201A82FF079
:10D7D000D5FD25238DF80630184B8DF808505A8852
:10D7E0009B88ADF80C30164BADF80A20E31A154AA9
:10D7F0009B115343ADF80E30B4F87032ADF81030D1
:10D8000094F8B8328DF818300F4AD4F81C31A3FBC5
:10D810000232DB0F43EA4203ADF81A3094F82031AC
:10D820008DF81C300DF11200D4E99E231CF048FA4B
:10D8300001A80DF063F809B030BD00BFC81E01207B
:10D8400068160120A38B2EBAE3361A00044B4FF45E
:10D85000307202FB0030B1FA81F1490981717047E1
:10D86000681601202DE97043184E88B04FF000086B
:10D870004FF000090DF1070130461CF0AEF80446E8
:10D8800010B908B0BDE87083D4E90650D4E902129B
:10D890004FF4A8130293904208BF8D42237C8DF869
:10D8A0000C30CDE90450CDE9068902D120789842A8
:10D8B00005D0CDE9061243F002038DF80C3002A822
:10D8C0000DF01CF820461CF06FF8D3E76C20012007
:10D8D000C07805F0FBBE00002DE9F04FDFF8A8B0DE
:10D8E00085B0164602F0FD0204460D4600200021D8
:10D8F000012ADDE90E89CBE91C01DDF840A08BF897
:10D900006A201F4634D11E4B597C89B3AA70D3E9D3
:10D9100006010022CAE90001DA73B30711D502AB90
:10D92000009342464B463846F7F7F9F848B10123D1
:10D93000AB70DDE90223CAE90023CBE91C238BF895
:10D940006A60DAE90023C4E91423AB781BB1E36C05
:10D9500043F00203E364E26C42F00103C4E9168978
:10D96000E36417B142F00902E26405B0BDE8F08F4C
:10D970000023AB70034BD3E90C23CAE90023CCE7A7
:10D98000A0300120E03001207831012013B50A4B8E
:10D9900093F82930044610465BB18B0705D5069BEA
:10D9A0000093DDE90423F7F7D4F8E36C43F0400378
:10D9B000E36402B010BD00BFA03001202DE9F041AA
:10D9C0008A4F8B4D8AB0002304938DF814303B6A44
:10D9D0002E7C5C0406D5042E01D0012E02D8012332
:10D9E0008DF81130834C2822002104F12C002FF0F7
:10D9F000C5FC04F15803C022184600212FF0BEFCDC
:10DA00007D4B6065C4E91133032384F8583097F8DF
:10DA100028307A4884F85A30794B4FF48172C4E93F
:10DA20001703012E40F20113A4F84020A4F864303B
:10DA300010D0042E0ED095F82130D90744BF08220B
:10DA4000A4F8A2209A0742BFB4F8A23043F0200302
:10DA5000A4F8A23095F8203084F8D3307B695B04B9
:10DA600009D50CF003FF0323B0FBF3F303EB4303EF
:10DA7000C01A84F8D2002B7C042B77D8DFE803F09F
:10DA80000379878C820000238DF810302823A4F8B6
:10DA9000A03006AB0293D5E906235A485A4ECDE989
:10DAA000002304A9AB7C6A7CFFF716FF0022002349
:10DAB000CDE9082308AB0293D5E90623697C5148D8
:10DAC000CDE90023AA7CFFF761FF2B7C012B67D0F7
:10DAD000042B65D04D4B00933046DDE9062304F05E
:10DAE0001DFB00238DF81400064485F8483041489A
:10DAF00004A904F0FFFA2B7CC4F8B840361B022BB3
:10DB000084F8D06001D9042B69D1414AC4F8BC2003
:10DB1000404AC4F8C82013F0FD083F4AC4F8CC209E
:10DB200060D104233D4F8DF8103095F8683004A97A
:10DB3000063338468DF8143004F0DCFA384B009385
:10DB40003E18DDE90623304604F010FB3044C01BCC
:10DB500085F86980C4F8C07084F8D100314800218C
:10DB600021850DF047F92F480EF01CFB0AB0BDE8E7
:10DB7000F081002340F6A662C5E902322A4A2A60F3
:10DB800084F8D23001238DF8103020237FE706235C
:10DB90008DF8103008237AE702238DF8103078E7EB
:10DBA000DDE90870D5E9062357EA000C1CBF0346DF
:10DBB0003A46A97C1448CDE9002318BF0121DDE9CC
:10DBC00006238DF8131004F0B8FAD4F8A4308DF8B9
:10DBD000140043F004030644C4F8A43087E700238C
:10DBE000C4F8BC300023C4F8C030B7E7A03001202F
:10DBF00078310120281F012025990300D6BE898E87
:10DC000055555500801F01202A1F0120A0310120F9
:10DC1000041F012061980300A19803004420012003
:10DC2000C1310120541F012000881300024B002243
:10DC3000C3F8BC20704700BF281F012002484FF4E2
:10DC4000A87200212FF09ABB281F0120054B064A1D
:10DC50001A61064B064A1A61064B074A1A62FFF719
:10DC6000EDBF00BF080C01207DDC0300BC0B0120D0
:10DC7000D1D80300900B012065D8030008B5F5F753
:10DC800029FDFFF7DBFFBDE808400CF0FDBF0202F5
:10DC900002F00F3200F0F0300243130103F033338F
:10DCA00002F0CC321343980000F0553003F0AA3351
:10DCB0001843C0097047000040F6F8035843094B69
:10DCC000A0F50F501B682038034493F82021012A47
:10DCD00006D1D3F8340121B1D3F838310B60704745
:10DCE00000207047B42001202DE9F047144FDFF8E1
:10DCF0005480DFF8549005460E4600243B681B7B99
:10DD00005FFA84FA534502D80020BDE8F087D8F8BE
:10DD100000305046984701280ED110201BF038FEE5
:10DD2000014658B1C0E902560E23A0F800A0438076
:10DD300099F80C001BF041FE0134DFE70C20E4E70A
:10DD40006830012074300120E030012013B5094C07
:10DD50000DF1030120461BF040FE019018B9FFF7BA
:10DD600081FD02B010BD01A80CF0C8FD01981BF0A8
:10DD70001BFEEDE7A820012007B5CDE900100CF04F
:10DD800075FDDDE900121BF0C3FF80B203B05DF842
:10DD900004FB00002DE9F047DDF824809DF82060A9
:10DDA00005460C469946042A19D8DFE802F003120A
:10DDB000031A84000B7A93B96A4809880068C089FD
:10DDC0003144814205DD2380237207273846BDE8B0
:10DDD000F087AF78002F40F0C380002E75D1122756
:10DDE000F4E78378012B40F0AA8005F2FC671FF06E
:10DDF00017FE38460EF02AFC1FFA86FA98B91FF073
:10DE000011FE32464146E67304F112002FF08EFAFD
:10DE100051464046FFF7B0FF0123208284F80D9160
:10DE2000A3730027D2E795F8DD38002B3CD10023FF
:10DE3000C5F81837C5F8043838460EF0A9FB95F830
:10DE4000DD381BB105F5FD600EF0A2FB1FF0EAFD09
:10DE500032464146D5F8C403A5F8C0A32FF066FAB0
:10DE600051464046FFF788FF0022A5F8400005F51F
:10DE7000247185F8CC93284604F0DAFD3A4B85F8F6
:10DE8000A007C5F81837384600210EF0D9F995F8E3
:10DE9000DD78002F9AD0354BC5F80438002105F500
:10DEA000FD600EF0CDF9BCE705F5FD600EF0CEFB90
:10DEB0000028BCD1A3E78378002B90D0002E8ED110
:10DEC0000B88002B8BD0314640E0013A1FFA86FACE
:10DED000032A0BD801A353F822F000BF07DF030089
:10DEE00017DF03003FDF0300C7DE030063682088FD
:10DEF0003246184441462FF019FA238853442380B0
:10DF00000023237262E76068324641462FF00EFA22
:10DF1000A4F800A0F4E7636820883246414618441C
:10DF20002FF004FA23885344238051464046FFF7DC
:10DF300023FF0123A5F8400084F80C90E1E7414657
:10DF4000606832462FF0F2F9B1B221804046FFF707
:10DF500013FF0123A5F8400084F80C90237260E7BA
:10DF60000C2733E76830012099A30300A5A3030021
:10DF7000002303700CF022BD30B50B4B1B681C7BDB
:10DF80000A4B1B680022944202D80021084630BD8B
:10DF90005D788542194602D11D78002DF6D10132F7
:10DFA00003F6F803EFE700BF68300120B42001203A
:10DFB00038B58378FF2B044619D00078FFF7DCFFD3
:10DFC000A0B10C4BE1781C60BDE8384005F0CEBB39
:10DFD000E0B2FFF7D1FF20B1D022002150302FF066
:10DFE000CDF901342B681B7B9C42F1D338BD024D27
:10DFF0000024F7E7B020012068300120134B2DE901
:10E00000F04118608378FF2B044618D00078FFF7A2
:10E01000B3FF90B1E178BDE8F04105F075BB3A6817
:10E0200008FB05F3D018D35C13B1E17805F06CFB65
:10E03000013533681B7BAB42F1D8BDE8F081044E5B
:10E04000044F002540F6F808F3E700BFB820012090
:10E0500068300120B420012008B5FFF78DFF30B1F2
:10E06000B0F8200140F20113C31A5842584108BDCC
:10E07000134B2DE9F04118608378FF2B044618D02C
:10E080000078FFF779FF90B1E178BDE8F04105F045
:10E0900053BB3A6808FB05F3D018D35C13B1E178A1
:10E0A00005F04AFB013533681B7BAB42F1D8BDE874
:10E0B000F081044E044F002540F6F808F3E700BF56
:10E0C000BC20012068300120B4200120F8B5144D97
:10E0D00004464DF6685602F00DFC94F8DC2884F8EE
:10E0E00088020346134406FB03F2520D02EBC20101
:10E0F00002EB81029B1AD5E90C27DBB2C3F12000A9
:10E10000A3F1200184F8DC3807FA00F022FA03F3C7
:10E11000034327FA01F10B43DB07DCD5F8BD00BF51
:10E12000A0300120F8B5144D04464DF6685602F0B3
:10E13000E1FB94F81D2284F81C020346134406FBFD
:10E1400003F2520D02EBC20102EB81029B1AD5E9E8
:10E150000C27DBB2C3F12000A3F1200184F81D32AB
:10E1600007FA00F022FA03F3034327FA01F10B4305
:10E17000DB07DCD5F8BD00BFA030012070B5048EF0
:10E18000054684EA0100FFF782FD00EB0010204401
:10E1900080B2FFF77CFD00EB0010204480B2FFF757
:10E1A00076FD00EB001020444440A4B24DF66853C5
:10E1B00063435B0D03EBC30203EB8203E31AD5E970
:10E1C00000269BB2C3F1200006FA00F0A3F1200163
:10E1D000DA40024326FA01F10A43D2075DBF95F8FF
:10E1E0002D30634305EB1340D8B258BF007A70BDA1
:10E1F000F8B5D0F8086704460D460DF0F9FDB0F506
:10E20000967F2ED90DF0F4FD1F4F3B685A8AA36C00
:10E210009A422CBFB618F6183044B0F5161F28BF26
:10E220004FF416100CF0C6FD94F8CC330646DBB95B
:10E2300094F84C1028460CF0DDFD3B68D4F8042718
:10E240009B8A13443344AB60D4F88C3273B90021F9
:10E2500028460DF0F5FFB0B9AB68A26A1344AB6075
:10E26000F5E74FF49670CFE70021E3E7D4F88C226E
:10E27000002128460EF010F928B9AB68D4F88C229A
:10E280001344AB60F2E7F8BD6830012038B590F870
:10E29000CC3304460D460BBB90F84C1028460CF0CE
:10E2A000A9FD94F83E1099B1626A02F59C520832B9
:10E2B00042F2107301FB0233094A934228BF13460E
:10E2C000D4F808279A422CBFC4F88C22C4F88C32A8
:10E2D00029462046BDE83840FFF78ABF0021DDE728
:10E2E000D4FE4A0070B500F5FD65044600F6180638
:10E2F0002C22002128462FF041F8C0220021304670
:10E300002FF03CF840F20113A4F8FC37224BC4F87C
:10E310000038C4F8043804F57073C4F80C380723C7
:10E3200084F8183894F8DC3884F8193894F93C30BB
:10E33000C4F810687F2B08BF184BC4F8084808BF02
:10E3400093F9283084F81A38154BC4F81C38154B4B
:10E35000C4F8203894F83F3084F8243884F82538FD
:10E36000114B93F8793084F82638104BC4F8B43840
:10E3700004F2F9220023A4F8CA33C4F87C28C4F8B4
:10E380008838C4F8AC38C4F8A02829462046BDE82F
:10E390007040FFF77BBF00BFA5A30300A0300120A2
:10E3A000D6BE898E55555500783101203D9B03001E
:10E3B000054B1B681B7B40F6F8025A43034B0021B8
:10E3C00018682EF0DBBF00BF68300120B4200120A8
:10E3D00008B50E4B0E4A1A620E4B0F4A1A620F4ACC
:10E3E0000F4911620F4A9A630F48FDF7EBFE0F4B7E
:10E3F0001B681B79082B81BF0D4A136A43F48053B5
:10E400001362BDE80840FFF7D3BF00BF080C01202E
:10E4100035E40300BC0B0120FDDF0300900B01205D
:10E420004DDD0300B1DF0300E9DC030068300120AB
:10E43000E030012008B5F5F74DF9F5F7F5FABDE83C
:10E440000840FFF7B5BF0000830718BF20F00303A3
:10E450001B4AF0B514BF043303461360194A1A4E21
:10E4600015682C7B40F6F80202FB0433002294422C
:10E470000ED8164E0022944216D8181A88429FBF12
:10E48000134B40F6F8021A8280B288BF0020F0BD1C
:10E490009F0718BF23F00303EF8918BF043346F822
:10E4A000043B01323B44E2E79F0718BF23F003031C
:10E4B000EF8918BF043346F8043B01323B44DAE7E6
:10E4C000B420012068300120782001209020012014
:10E4D000E030012010B50C4678B10878FFF74CFD0C
:10E4E00060B1038C03F01D031D2B09D16388013B30
:10E4F0009BB2802B34BF0020122010BD4220FCE7CD
:10E500000020FAE708B5FFF737FD38B390F8C833B5
:10E5100033B390F8D8341BB3038C03F01202022AF1
:10E5200002D1B0F8D024DAB190F8392002F0FD021F
:10E53000012A01D10279AAB103F01102112A03D1F3
:10E54000B0F8C0231F2A0DD813F001030CD0B0F887
:10E55000C033C02B34BF0020122008BD4220FCE78E
:10E560000C20FAE71220F8E71846F6E710B5C0B21B
:10E570000C46FFF701FD38B190F93C00002123F073
:10E580008FFB2070002010BD4220FCE7F0B5002377
:10E590000B4D0C4E1A4640F6F8072968097B994244
:10E5A00001D8D0B2F0BD346807FB03F104EB010CD5
:10E5B000615C19B19CF80110815401320133ECE720
:10E5C00068300120B420012070B50D46FFF7D4FC5F
:10E5D0000446D8B1038CDA0701D58378C3B928463D
:10E5E0001BF068FB01F44043B3F5404F06460D466F
:10E5F00001D00B040ED41FF013FA0123C4E9026505
:10E600002371E3701FF00EFA002070BD4220FCE77A
:10E610000C20FAE71220F8E7F0B5144692F83920FA
:10E62000284F02F0FD0306460D4600200021012B75
:10E63000C7E91C0185B087F86A303AD121790029F1
:10E6400037D0B370D4E90201C4E904010023E370B8
:10E65000930714D502AB009394F83A00D4E90C2345
:10E66000F6F75DFA58B10123B370DDE9022394F89F
:10E670003910C4E90423C7E91C2387F86A10D4E9D8
:10E680000423C5E91423B3781BB1EB6C43F00203F8
:10E69000EB64D4E90C01EB6CC5E9160143F001020F
:10E6A000EA6494F83A2012B143F00903EB6405B030
:10E6B000F0BD0023B370044BD3E90C01C4E904019D
:10E6C000C6E700BF78310120E03001202DE9F0439A
:10E6D000064692F83A00F0701446D2E90C23C4E9D9
:10E6E00006230D46154991F8291085B011B394F809
:10E6F000391089071AD502AF4FF000084FF0000912
:10E700000097CDE90289F6F7FBF930B9D4E90C237B
:10E7100094F83A000097F6F71CFADDE9022352EA72
:10E7200003011EBF0121F170C4E90623EB6C43F025
:10E730004003EB6405B0BDE8F08300BFA0300120CA
:10E740002DE9F84380460D46FFF716FC04460028E5
:10E7500068D1DFF8A091D9F800301A7B614B1B68B3
:10E760000646964203D307263046BDE8F8831C468A
:10E7700003F6F8032778002F52D140F6F802394605
:10E7800020462EF0FBFD0123237084F80180D9F888
:10E790000020127C84F8C8339A4238BF1A4684F8A5
:10E7A0004C20514A84F8D83452F8262084F8E835B1
:10E7B0004E4BC4F8C423C4F8D4244D4A1B7B52F8F2
:10E7C000262084F87C324FF4A163C4F8E425A4F831
:10E7D0007482A4F876320CF0E9F8A678002E7ED187
:10E7E000B7B1238CDB0613D594F8CF23A4F8C0234C
:10E7F00004F57471D4F8C4032EF098FD94F8DF2466
:10E80000D4F8D404A4F8D02404F59C612EF08EFD35
:10E810002B88D8060FD4D90706D5B4F8D03407E032
:10E8200001369EE70127D8E79A07F6D5B4F8C0333A
:10E8300003B3122698E7B4F8C023002F48D0238CE6
:10E84000DB0645D41F2AF4D8B4F8D0341F2BF0D8F7
:10E85000D4F8C41384F8CF2304F574702EF066FD49
:10E86000B4F8D024D4F8D41484F8DF2404F59C60E0
:10E870002EF05CFD2B8823846B6840F27122534399
:10E880006362AB685343A3622B7B84F838306B7BA5
:10E8900084F83930AB7B84F83A3028691BF00AFAE7
:10E8A000C4E90C012B7D84F83B306B7D84F83C304F
:10E8B000AB7D84F83D30EB7D84F83E302B7E84F8D0
:10E8C0003F306B7E84F84230AB7E84F843304BE7B8
:10E8D0001F2AAED8B4F8D0341F2BCBD9A9E70C2609
:10E8E00042E700BFB420012078200120E030012061
:10E8F00090200120683001202DE9F3410E46174693
:10E900001D46FFF739FBDDF82080044660B3038C19
:10E91000DA0611D49B072BD415B1B0F8D0342BBB39
:10E92000CDE900583B46324604F570712046FFF7AA
:10E9300031FA02B0BDE8F081032E19D11F2D17D88E
:10E9400080F8CF532A46414600F574702EF0EEFC55
:10E95000A378012B08BF84F8C833012384F8CE3391
:10E9600084F8CC330020E4E74220E2E70C20E0E723
:10E970001220DEE773B50D46FFF7FEFA044658B3E2
:10E9800090F82131012B29D0174A816C1268B0F818
:10E99000E035528A90F83F008A4238BF0A46012685
:10E9A0000221CDE9006192B200210CF0B3F96B882D
:10E9B00040F2E2414B43834212D3208C10F02000FE
:10E9C00010D12A884A43C4E98923AB88A4F82C32A1
:10E9D00084F82E6202B070BD4220FBE70C20F9E7FC
:10E9E0004520F7E71220F5E7683001202DE9F347CD
:10E9F0000E4615461F46FFF7BFFA0446002800F0F2
:10EA0000BE8090F82E321BB90C2002B0BDE8F08712
:10EA100090F82131012B2DD1032EF5D1DFF868912B
:10EA2000A16CD9F80020528A8A4238BF0A4692B2B5
:10EA30001BB3D4F820A294F83F0016F0FD011FFA92
:10EA400085F84FF0020C1BD1B4F8E035CDF804C0C6
:10EA500043444FF0010CCDF800C09BB20CF05AF9C2
:10EA6000504500F28E80042E27D8DFE806F01021F2
:10EA700010283B00002DCFD0D0E7D4F828A2DAE749
:10EA800001230093CDF804C043460021E6E794F843
:10EA9000E83593B9D9F80010B4F8E025C9892A44BB
:10EAA0008A4205DDA4F8E03584F8E8350720ACE7B4
:10EAB00094F82031002BA7D105BB1220A5E794F8CC
:10EAC0002061012E52D184F8EF552A46394604F2CE
:10EAD000F2502EF02BFC84F8EE65012384F8EC351F
:10EAE000002092E794F82031002BE6D0002DE4D1ED
:10EAF000B4F8E035002BE0D001231CE0013E032EEA
:10EB00000AD801A353F826F03DEB03004FEB0300B6
:10EB10006DEB0300F9EA0300B4F8E035D4F8E4053E
:10EB20002A46184439462EF001FCB4F8E035434437
:10EB3000A4F8E035002384F8E835CEE7D4F8E405FE
:10EB40002A4639462EF0F2FBA4F8E085F2E7B4F845
:10EB5000E035D4F8E4052A46184439462EF0E6FBA1
:10EB6000B4F8E0354344A4F8E035C5E7D4F8E4054B
:10EB70002A4639462EF0DAFBA4F8E085BCE74220AD
:10EB800043E7452041E700BF6830012038B504461F
:10EB90000D46FFF7F1F928B942212046BDE838407B
:10EBA0000CF01FB890F82E3243B1012D02D190F82D
:10EBB000E8351BB1038C03F02B030BB10C21ECE700
:10EBC00004201AF0E5FE014668B10A23002D837087
:10EBD00014BF01230223C370034B0480187BBDE8DC
:10EBE00038401AF0EABE38BDE03001202DE9F3418B
:10EBF0000E4617461D46FFF7BFF9DDF82080044694
:10EC0000B0B3042E05D0038CDA0619D49B0702D4C6
:10EC100015B1122011E01DB9032E05D00C200CE017
:10EC2000B0F8C033002BF9D1CDE900583B4632464D
:10EC300004F59A612046FFF7ADF802B0BDE8F08117
:10EC4000032EE6D11F2DE4D880F8DF542A46414632
:10EC500000F59C602EF06AFBA378012B08BF84F8B6
:10EC6000D834012384F8DE3484F8DC340020E4E76F
:10EC70004220E2E770B50646FFF77EF9044680B110
:10EC8000857885B990F82131012B0CD0D0F8F03877
:10EC90000BB130469847002323700BF08FFE2846B7
:10ECA00070BD4225FBE70C25F9E700002DE9F04196
:10ECB000154D164E2B68197B3368002291420AD8F5
:10ECC000002440F6F807A0462B681B7BA3420DD812
:10ECD0000020BDE8F081987898B903F6F803A3F214
:10ECE000D770007801280CD00132E7E7326807FBC3
:10ECF00004F3D15C19B102F803800BF05FFE01341C
:10ED0000E2E70C20E5E700BF68300120B4200120D5
:10ED100038B5054604200C461AF03AFE014650B1BB
:10ED20006B78038008238370034BC470187BBDE8A5
:10ED300038401AF042BE38BDE030012070B500F511
:10ED4000FD65044600F618062C22002128462EF008
:10ED500015FBC022002130462EF010FB4FF48173CA
:10ED6000A4F8FC373A4BC4F80038C4F8043804F56A
:10ED70009A63C4F80C38072384F8183894F8DC3800
:10ED800084F8193894F93C30228CC4F810687F2B31
:10ED900008BF304BC4F8084808BF93F9283084F8FE
:10EDA0001A382D4BC4F81C382C4BC4F8203894F872
:10EDB0003F3084F8243884F82538294B93F879308B
:10EDC00084F8263850074FF00803C4F8603807D499
:10EDD000910705D594F83B20D20748BFA4F86238C4
:10EDE000002304F2F921A4F8CA33C4F87C181A46A7
:10EDF000204603F0B9FEA4F8780812201AF0C8FDE6
:10EE0000F0B1184BC4F8AC380430174BC4F888087C
:10EE1000C4F8B0380023A4F8DA3404F23B33C4F861
:10EE20009038C4F8A038114A94F8DC38C4F8B428F3
:10EE300084F8193829462046BDE87040FFF726BA05
:10EE40001F2384F8823204212046FFF761FFE1E7A7
:10EE5000A5A30300A0300120D6BE898E55555500CC
:10EE600078310120719D0300F19D0300D99C0300BE
:10EE700070B500F5FD65044600F618062C22002149
:10EE800028462EF07BFAC022002130462EF076FA7A
:10EE90004FF48173A4F8FC37394BC4F80038C4F838
:10EEA0000438072384F8183894F8DC3884F81938C3
:10EEB00094F93C30218CC4F810687F2B08BF314B8B
:10EEC000C4F8084808BF93F9283084F81A382E4B44
:10EED000C4F81C382D4BC4F8203894F83F3084F81F
:10EEE000243884F825382A4B93F8793084F826386A
:10EEF00004F5707220234E07C4F80C28C4F860385B
:10EF000007D4C80705D594F83B10890748BFA4F873
:10EF10006238002304F2F921A4F8CA33C4F87C183B
:10EF2000204603F021FED4F8C433C4F88438B4F882
:10EF3000C033A4F87808A4F8803828201AF028FDF7
:10EF4000A8B1144BC4F8AC380430C4F8880804F2F3
:10EF50003B31C4F890182046002203F0C4FE294635
:10EF6000A4F88C082046BDE87040FFF78FB91F2336
:10EF700084F8823204212046FFF7CAFEE7E700BF8B
:10EF8000A5A30300A0300120D6BE898E555555009B
:10EF900078310120619E0300F8B500F2FC6504465B
:10EFA00000F5E5672C220E46284600212EF0E6F9F2
:10EFB000C022384600212EF0E1F940F20313A4F8F4
:10EFC0001037744BC4F81437734BC4F81837032345
:10EFD00084F8283794F93C30704AC4F824777F2BA2
:10EFE00008BF92F9283084F82A376D4BC4F82C37C3
:10EFF0006C4BC4F8303794F83D3084F8343784F8DB
:10F000003537694BC4F81C4793F8793084F83637A4
:10F010002823C4F87037238C5F0700F1838098079A
:10F0200006D594F83B10C90744BF0821A4F872170D
:10F03000DF0709D594F83B30980705D5B4F8723747
:10F0400043F02003A4F87237506994F8383084F8FC
:10F05000A33710F48040554BC4F8943703D00BF01D
:10F0600005FC00F00300238C84F8A20713F01002C3
:10F0700004F524775DD003F01D031D2B0DD1002373
:10F0800084F8A237636240F6A663A362484B1B680C
:10F090005B684FF47A725343E3623946204603F0CB
:10F0A00047FE238C84F8A007D906C4F888771CD5BE
:10F0B0009A071AD028201AF06BFC002867D03D4B25
:10F0C000C4F898373C4BC4F89C37238C04309B071A
:10F0D000C4F88C0709D504F2D2273946204603F03C
:10F0E00099FEC4F8907784F8A1072046FEF7EEFF5A
:10F0F000002128460BF07EFE2D4B1B685B68EBB1B0
:10F1000021F02EFE07460CF073FE4FF47A7238445D
:10F11000C4F804077243002128460DF03DF980B978
:10F12000122026E0D4F8743743F00403C4F874378F
:10F130008AE73946204603F07BFCB2E728460DF00B
:10F1400031F8D4F88402A0B1238C03F00303012B1F
:10F1500014D0022B0ED0002BE2D12046FFF7C2F8CC
:10F1600001232846D4F8041784F8DD38FAF7C4FCE4
:10F170000020F8BD2046FFF7E1FDF1E70F4B1B68CB
:10F180009B7E002BCCD02046FFF772FEE8E71F20C5
:10F19000EFE700BFA5A0030099A30300A030012062
:10F1A000D6BE898E5555550078310120F99A030055
:10F1B000B8200120899F0300E99F030068300120E7
:10F1C00038B5054604200C461AF0E2FB014650B162
:10F1D0006B7803800A238370034BC470187BBDE8EF
:10F1E00038401AF0EABB38BDE0300120094B00225C
:10F1F0009A62094B094A9A62094B0A4A1A600A4BF9
:10F200001B681B79082B81BF084A136A43F400531B
:10F2100013627047080C0120BC0B012071E0030051
:10F220007430012059E0030068300120E0300120F3
:10F230002DE9F04F00F59676044689B000F5AC75DF
:10F240002C22002130462EF099F8C02200212846B9
:10F250002EF094F840F20113A4F84031554BC4F855
:10F260004431554BC4F85451C4E9523404F5BC63DD
:10F27000C4F8503101F03EFB082384F8583194F86B
:10F280001D3284F8593194F93C3084F81C027F2BEC
:10F2900004BF4A4B93F9283084F85A31D4F824310A
:10F2A000C4F85C3101F020FB94F83F3084F86431FD
:10F2B00084F86531424BC4F8600193F8793084F8E2
:10F2C0006631404BC4F8F431002504F27D33C4F8B4
:10F2D000BC31C4F8E03129463046A4F8EA550BF0B9
:10F2E00089FDD4F838310593374B94F83F001B68FB
:10F2F0005A8AA36C9A4238BF1A464FF0010902237A
:10F30000CDE9009392B2B4F8E0352946D4E989BA40
:10F310000BF000FD824544D3DFF8B8802B4FD8F8BE
:10F320000030A4EB030C4FEAEC0C294B029307FBD3
:10F330000CFC07AB83450CF1040C0193059B009377
:10F340005A46534638BF024649465FFA8CF00CF0E5
:10F35000D7F950B3079BC4F8203221F001FDD8F84B
:10F360000010611AC9107943043181460246C9B2BE
:10F37000D4F820020CF026FA81444B46C4F834310C
:10F38000002130460CF05CFF013580B9B4F828311B
:10F39000D4F820220133A4F82831ABB202FB039346
:10F3A000ECE7452009B0BDE8F08F4320FAE70020E4
:10F3B000F8E700BFEDA4030075A50300A03001200D
:10F3C00078310120DD9B030068300120DF3A82D2D2
:10F3D000B9DC0300B420012010B504461EF020FB68
:10F3E000034B5A7814445C70BDE810401EF01ABB01
:10F3F00020310120830770B50F4B1ABF20F00304A2
:10F40000043404461C600D4B1B689B7E4FF43C7615
:10F4100006FB0344231A8B42054601D9002070BD28
:10F42000C91A204600F0BAFD0028F7D0044B044466
:10F43000601BDE8180B2F2E74821012068300120A4
:10F44000E030012003884288934210B522D8911FF2
:10F4500089B240F67A44A1421CD8063B9BB2A34233
:10F4600018D88388B3F5FA7F14D201339BB2534383
:10F47000C08840F6C412534342F210724243934292
:10F4800008D20A3880B240F6764398428CBF1220E8
:10F49000002010BD1220FCE70E4B15391B68C9B2C5
:10F4A0004FF43C720E2902FB003311D80A4A525C19
:10F4B000FF2A0DD093F85E1291424FF0010008D060
:10F4C000D3F864329040184214BF012000207047E6
:10F4D0000020704748210120D40C07002DE9F04797
:10F4E000DFF87CA1584FDAF80030987E3B684FF087
:10F4F00000084546A3F53C76A84201D800209DE0CF
:10F5000008F53C7203EB0804B15C002940F09880D8
:10F510004FF43C7220462DF031FFDFF848914B4EFE
:10F5200001232370D9F814306360D9E90823C4E9B2
:10F530008623474B1B7B84F8943184F8C43284F8CB
:10F54000F03184F8043244F2017245F20143A4F828
:10F550008E21A4F8FE3145F201127388A4F8BE2270
:10F56000A4F82C3245F20132DAF80030A4F8EA218E
:10F57000DB8BB288A4F82E22FB2B28BFFB23A4F838
:10F5800028329B0103F57473A4F82A32314BADB2D3
:10F59000C4E98C3340F20113A4F8443004F50C7133
:10F5A000A4F88C51A4F8BC52A4F8E851A4F8FC517A
:10F5B000204600F034FD04F50A71A4F83A02204612
:10F5C00000F02DFDB37D84F83E3299F8383084F890
:10F5D000CA32F37D84F84A32B369C4F84C3240F23F
:10F5E0000223A4F84032022384F842321A4BB28A32
:10F5F0001B68A4F83802A4F83C221BB11B680BB1AD
:10F6000028469847D4F81C329B070BD5002384F872
:10F61000D132012384F8D232104BC4F8D4320523FE
:10F6200084F8D8320BF0C2F999F800300120013388
:10F6300089F800300CF02CFB38684044BDE8F087B6
:10F640000135904658E700BF4821012020310120B4
:10F65000E03001201B0048014C210120E2BF0F00D7
:10F6600068300120A03001202DE9F341044600F06C
:10F670002CFFFFF7B1FE204600F094FE264F064611
:10F6800004F5B4780DF1070140461AF0A6F90546D5
:10F6900080BB224B1D68224B651B2D115D43214B06
:10F6A000ADB25B6831462846984704F5C4701AF03D
:10F6B0008CFA04F52E701AF088FA04F5F2701AF03C
:10F6C00084FA04F5FC701AF080FA174B1B681BB122
:10F6D0005B680BB128469847002323700BF06EF946
:10F6E000124A13780120013B13700CF0E7FA02B0C4
:10F6F000BDE8F0819DF80730FF2B08D01EF090F98F
:10F700003B7801333B701EF08DF90136F6B2284686
:10F710001AF04AF9B6E700BF203101204821012044
:10F72000CF467D67E03001204C210120A030012030
:10F7300070B590F81D3190F81C21013113FB01F3D5
:10F7400013449BB2242B044609D94DF668525A4300
:10F75000520D02EBC20102EB81029A1A93B2D4E974
:10F760004826C3F12005A3F12001DA4006FA05F589
:10F770002A4326FA01F10A43D8B2D20784F81C01C1
:10F780000AD494F81E219A4203D8122A07D9831A60
:10F79000D8B2204490F8280170BD831AD8B28242B2
:10F7A000FBD9F6E7F0B5D0E9487600221346C3F15D
:10F7B0002005A3F1200427FA03F106FA05F52943F1
:10F7C00026FA04F42143C90742BF8118013281F8A7
:10F7D00028310133252BEAD180F81E21F0BD00002D
:10F7E00037B501460446684603F0AEFB2F4ABDF824
:10F7F000003011688A7E9A4209D820461AF0D4F85F
:10F800002B4BBDF800005B68012198470AE04FF4DC
:10F810003C725343274A1268D518D35C23B920465B
:10F820001AF0C2F803B030BD6B78032BE5D0224A42
:10F830009DF8023012680AB9032BDED0032BBDF805
:10F84000042000D072B3C98B914207D2002BD4D1CF
:10F85000002AD2D1012385F88431CEE71EF0E0F8EA
:10F86000164A1378013B13701EF0DCF895F89B31B3
:10F8700005F5B47083B91AF033F9284600F0E3FBBC
:10F88000234601466A46284600F010FC084B022138
:10F89000187B1EF0D1F8C5E79DF8001022461AF03B
:10F8A00086F8BFE7002BD5D0A7E700BF683001205E
:10F8B000E0300120482101204C210120203101208D
:10F8C00070B50C4B0C4D1B689C7E4FF43C76013C94
:10F8D0002A6806FB04F3D018D35C2BB9631E0CB95D
:10F8E000204670BD1C46F3E700F0CEFD0028F5D0A1
:10F8F000F7E700BF6830012048210120FFF76CBD09
:10F90000034B4FF43C721B685043185C704700BFB8
:10F9100048210120024B1B6803B118471846704765
:10F92000C8200120034B1B684FF43C7202FB0030DF
:10F930008078704748210120044B1B684FF43C72CB
:10F9400002FB003090F91A01704700BF48210120E6
:10F95000044B1B684FF43C7202FB003090F93A00F4
:10F96000704700BF48210120044B1B684FF43C72D4
:10F9700002FB0030D0E94801704700BF4821012058
:10F98000044B1B684FF43C7202FB0030D0E9860147
:10F99000704700BF48210120044B1B684FF43C72A4
:10F9A00002FB003090F84400704700BF482101205E
:10F9B000044B1B684FF43C7202FB003090F845008A
:10F9C000704700BF48210120054B1B684FF43C7273
:10F9D00002FB0030437A194214BF01200020704717
:10F9E0004821012038B5044604200D4619F0D0FF07
:10F9F000014678B1084B1B68C570E41A074B241107
:10FA00005C4301238370064B0480187BBDE83840BB
:10FA100019F0D3BF38BD00BF48210120CF467D6714
:10FA2000E03001202DE9F743224F234E3B684FF091
:10FA300000089C7ECDF804801DF0F2FF4FF43C736B
:10FA4000651E5C433368A4F53C74234401AA19780D
:10FA500021B193F88011A95483F88081013D691C7C
:10FA6000A3F53C73F3D11DF0DDFF3B68DFF84C904C
:10FA70009C7E01AF013C4FF43C78E15D21B1D9F8A7
:10FA800004300BB1A0B29847356808FB045595F8CF
:10FA90009B3143B105F5B8701AF022F818B12A214C
:10FAA0002846FFF79FFF631E14B903B0BDE8F0833B
:10FAB0001C46E2E76830012048210120E0300120A7
:10FAC0002DE9FF410023454E454FDFF82481ADF875
:10FAD00006300DF1060000F0AFFC044620BB414F9C
:10FAE0003B689D7E1DF09CFF3368013D4FF43C70E8
:10FAF00003F2811302AE00FB05F2995CA955013DAA
:10FB00009C54F8D21DF08EFF3B68374D9C7E013C23
:10FB1000315D19B1AB680BB1A0B29847631E002CE0
:10FB200059D104B0BDE8F081BDF806304FF43C7205
:10FB300053433268D518D35C2BB900F061FC012027
:10FB4000FFF74AFCC5E7214602A803F00EFA3B681E
:10FB50009BB1214605F14C009847B0B195F865304E
:10FB60005BB1D5F8F41105F5FC701AF02BF8D5F857
:10FB7000E01105F5F2701AF025F89DF80830022B17
:10FB80000ED8E3B195F89A31A3B1204600F038FCC5
:10FB90000120FFF721FC48212846FFF723FF98E7C3
:10FBA000032B0CD1114B1B6813B1214628469847F3
:10FBB0002046C2E72146284600F04EFC89E7D8F8E7
:10FBC0000030002BF4D05B69002BF1D0BDF80600AB
:10FBD000214698477DE71C469AE700BF482101204F
:10FBE0001C21012068300120E0300120CC200120C0
:10FBF0004C210120B0F81431B0F8182104335343DC
:10FC000003EBA30213F0030318BF012313448B4239
:10FC100005D2012903D0C91A012938BF012108469C
:10FC20007047F8B54B7D046A0E6A012B07460D46F6
:10FC300007D18B6A1B78043B012B02D8637813B978
:10FC40002F463846F8BD94F899C196F89931634526
:10FC5000F6D8D6F89031B6F818214FF47A7040F201
:10FC6000E24143434A43B3EB420FE9D3BCF1000FF7
:10FC7000E7D1D4F89031B4F8182143434A43B3EBA9
:10FC8000420FDED396F85E32FF2BD9D194F85E3264
:10FC9000FF2BD6D106F5B87019F022FF0028CFD07F
:10FCA00004F5B87019F01CFF0028CAD0B6F8183156
:10FCB000B4F81821B2EB930FC2D3B3EB920FBFD2BB
:10FCC000BFE7000008B50CF087F8142813D91E28E8
:10FCD00013D9322813D94B2813D9642813D996285D
:10FCE00013D9FA288CBF00200120094B93F8383033
:10FCF0001844C0B208BD0720F7E70620F5E7052045
:10FD0000F3E70420F1E70320EFE70220EDE700BF6F
:10FD1000A030012010B50446FFF7D4FF40B220B94F
:10FD2000012C14BF0020432010BD072801D1002C56
:10FD3000F7E70020F8E700004FF43C735843084B06
:10FD40001A681318105C48B193F83820042A04D1BB
:10FD5000586919B19B690B6070470020704700BF5C
:10FD60004821012030B58378B0F81841A3B9B0F824
:10FD700016314069CA1A92B247F6FE75AA4284BF8C
:10FD8000591A8BB240F2E24595BF6243634305FBCB
:10FD9000020005FB130030BDB0F8FA30D0F80001C6
:10FDA0004A1CD21A92B247F6FE75AA4205D862439F
:10FDB00040F2E24303FB0200EDE75B1A013B9BB21A
:10FDC000634340F2E24202FB1300E4E7054B1B6889
:10FDD0004FF43C7202FB0033D3F8E43203B118470E
:10FDE0001846704748210120104B1A6AD1054CBFB4
:10FDF00003230123120548BF43F004035A0002F015
:10FE0000080230B5134300F5AC7100F5AE74012261
:10FE1000134214BF7E257F2501F8015B52008C42FE
:10FE2000D2B2F5D17F2380F8213230BDA03001203D
:10FE3000020202F00F3200F0F0300243130103F02F
:10FE4000333302F0CC321343980000F0553003F006
:10FE5000AA331843C0097047F8B50146B0F84E41BF
:10FE6000B0F816016040FFF7E3FF00EB00102044FC
:10FE700080B2FFF7DDFF00EB0010204480B2FFF7F7
:10FE8000D7FF00EB001020444440A4B24DF6685365
:10FE900063435B0D03EBC30203EB8203E31A9EB2E1
:10FEA000D8B2D1E94837C6F12005A6F12002F340C7
:10FEB00007FA05F52B4327FA02F21343DB0758BF75
:10FEC00091F81E3181F81C015EBF634301EB1341C1
:10FED00091F82801F8BD0000064B074A5A60074B0D
:10FEE0001B681B79082B81BF054A136A43F48043C2
:10FEF00013627047C020012059FE030068300120C2
:10FF0000E030012008B51DF08BFD044A1378013361
:10FF10001370BDE808401DF085BD00BF20310120F1
:10FF2000022809D003280AD001F10E00C000824245
:10FF3000A8BF024690B270470F318800F7E7B2F5CC
:10FF4000296F4FEA811000F5747038BF4FF42962B1
:10FF50009042A8BF104680B2704738B583780446F7
:10FF6000DBB143685B0518D5B0F81431ABB120F0B4
:10FF7000F7FEB4F81851014640F2E24360695D4370
:10FF80000BF056FF854208D2012384F8093104F1B1
:10FF90000C00BDE838400CF0FBBA38BD2DE9F04745
:10FFA000174A184FDFF86490002313603A68D48B27
:10FFB000154A1A345443640DC9E90033E4000E466F
:10FFC00005461034014698463B68DB7E434503D81E
:10FFD000481B80B2BDE8F0878B071CBF21F00303EC
:10FFE000191D01EB040AAAEB0503B34206D84846E3
:10FFF00019F002FD08F101085146E5E70020E9E7A4
:020000024000BC
:100000005C21012068300120692F0100502101206E
:1000100080F83F127047002380F83F32704738B5B0
:10002000CA880C460546898890F84400FFF778FF97
:1000300062882188034695F84500FFF771FF184450
:10004000963080B238BD90F83F1290F84420B0F856
:10005000363251B1012A06D0022A08D101F001023C
:10006000C2F10202D2B2490717D4022A10D0032AE1
:1000700013D06F2B18D9503BDB10043B9BB2B0F868
:1000800034021B2B38BF1B23984228BF18467047E9
:100090003B2B09D92C3B9B10EFE7B3F5747F03D3BF
:1000A000A3F534739B11E8E70023E8E72DE9F04F4F
:1000B00089B007461C4648489388029388461546EF
:1000C00019F0ACFC064600B300F108030193AB88BD
:1000D00083819845424628BF1A464FF00008039294
:1000E0008273221D80F80F808260C346029B9B456D
:1000F0001BD307F5B870019A297819F058FC3846D7
:1001000009B0BDE8F04FFFF728BF204619F04CFCBE
:10011000324B28885B6801219847FFF7F3FE0720E0
:1001200009B0BDE8F04FFCF709B8029B0399A3EBB7
:100130000B039BB28B4228BF0B465FFA88F90093F2
:10014000AB8009F101030199DB0003F1020A8A4443
:10015000A9780020069069B3012931D0CDE90423A4
:1001600006A9009B8DF81C30504602F0B4FE1C4BD3
:10017000049A1C6806EBC909022189F8101064B1C1
:10018000059B019904330B4407F14C005146A047ED
:10019000041E18BF0124049AA400012389F8114009
:1001A000AB70009B5B441FFA83FB009B08F10108C6
:1001B0001A449BE702208DF8180087F88411CDE7D8
:1001C0008DF8181097F884110129C7D102218DF8F4
:1001D00018104FF00001F0E750210120E03001201D
:1001E000202101200E4B70B51E6804460A468D1E64
:1001F0002EB111F8013C4C300B442946B0472A4639
:1002000004F5B870FF2119F0D2FB064B0221187BD0
:100210001DF012FC2046BDE87040FFF79EBE00BFF7
:1002200020210120E030012037B50546063019F0C5
:10023000AFFB044638B10323694600938DF80450A0
:1002400002F049FE0444204603B030BDF7B500F586
:10025000B8770E4638460DF10701154619F0C6FB72
:100260000446002843D0384619F046FC9DF8072084
:10027000FF2A034632D0E079A779A18800FB07FC6A
:1002800004EBC00E3A46013067448F424FEAC0008B
:100290009EF80870378000F10207274477602768CE
:1002A0006744C8BFA1EB0C02F7609EF80970C8BF95
:1002B00092B2328177B104302044706137820320DA
:1002C00053B162449142D4BF00230123DBB22B70AF
:1002D00003B0F0BD0220F3E70123F7E76278746012
:1002E000B0FA80F302325B0932800120EFE7034667
:1002F000EDE7000037B500F5B8740DF107012046B1
:1003000019F074FBB8B19DF80720FF2A07D0C17916
:1003100083794D1C01FB033381888B4209DB074B3A
:100320001860074B0DF1070120461A7019F055FBB4
:1003300000E0C571012003B030BD00BF5C21012089
:100340005821012070B5134E0546306800B3124B9A
:100350001B78FF2B19D0044654F80809043819F00B
:1003600023FB0E48214619F047FBFFF7CBFD95F81C
:100370008031013385F8803100233360084BBDE8BC
:100380007040187B04211DF057BB19F00DFBF3E7FB
:1003900070BD00BF5C2101205821012050210120A7
:1003A000E0300120F7B5114F002500F5B8760DF1CA
:1003B0000701304619F011FB044610B9284603B076
:1003C000F0BD9DF80730FF2B0DD054F80809043814
:1003D00019F0EAFA01352146384619F00DFBEDB265
:1003E000FFF790FDE3E719F0DFFAE0E75021012085
:1003F0000C3008B580B219F0CBFA00B1023008BD5C
:10040000023819F0D1BA000008B5134600F8021CF2
:10041000090A00F8011C821ED9B2054819F0C7FA72
:10042000044B0121187BBDE808401DF005BB00BF4F
:1004300028310120E030012013B504460DF10701F9
:10044000044819F0CAFA18B19DF807302380023029
:1004500002B010BD28310120094B0A4A1B68C31A9B
:100460001B11534310B504468A1E00F5BC70D9B267
:1004700019F09DFA94F88131013384F8813110BD6F
:1004800048210120CF467D671FB500F5BC700DF1F6
:10049000070119F0A2FA0446A0B183789DF807205D
:1004A000ADF8082003F00303012BC27802D0022B21
:1004B00018BF032302A92046ADF80C208DF80A309E
:1004C00002F0FAFC204604B010BD73B5002400F51C
:1004D000BC750DF10701284619F07FFAE6B2013428
:1004E00010B9304602B070BD19F05EFAF1E70000B5
:1004F0002DE9F84F0025DFF87880DFF87890DFF8F5
:1005000078A006460F462C46D8F800309B7E1FFA8E
:1005100085FB5B4502D82046BDE8F88F5846FFF7BB
:10052000EFF900B35846FFF7FDF9E0B9D9F800300C
:100530000BB15846984716215846FEF7ADFF0128E3
:100540004FF0100008BF0C2419F022FA014660B1E8
:10055000C0E9026741F20163A0F800B043809AF855
:100560000C0019F02AFA0135CEE70C24D3E700BFBE
:100570006830012078300120E030012002884FF4FB
:100580003C714A4307490968034688188A5C42B1AE
:10059000054AD978136083780BB903F013B903F0D7
:1005A000E1B9704748210120442101202DE9F041A3
:1005B0000E4E0F4F00244FF43C7833689B7EA342CD
:1005C00001D8BDE8F0813A6808FB04F3D518D35C84
:1005D00053B105F5B87019F083FA28B9AB781BB997
:1005E0002921284603F0EEF80134E6E768300120BF
:1005F0004821012008B5F3F7A1FCF3F789FB0BF0C4
:1006000065F80BF069F900F05FFBBDE808400AF0FF
:10061000FBBA000010B503780446B3B182780B48EA
:1006200002F04AFEA37818B11E2808D00D2100E080
:100630000C2120462BB9BDE8104003F0C3B80E21B1
:10064000F7E7BDE8104003F08DB910BDD0200120C0
:100650008378FF2B70B5044612D00B4BBDE8704079
:100660001860FFF78BBF20463460FFF787FF2388B1
:1006700001339BB22A682380927E9A42F3D870BDE0
:10068000024D014E0023F5E744210120683001208E
:10069000F8B52C2204460D4600F1380600210C3036
:1006A0002CF06CFEC022002130462CF067FE0023A7
:1006B00084F81C31A4F81631D5E90623C4E948238F
:1006C00095F82A3084F81D312B8CA4F818316B8CE6
:1006D000A4F81431AB8C03EB830347F230515B0079
:1006E000C4F8F411A4F88631FF272046FFF782FAF8
:1006F00084F85E726B69C4F850312B69C4F8E0016C
:10070000C4F854312046FFF74DF82B6983EA1342B1
:10071000A4F84E21042284F83820214A126892F865
:10072000202084F83A20E3636B69236440F20115CA
:10073000022384F846302046A4F84450FFF754FBC7
:10074000012384F8663004F50C7184F85C7120464E
:10075000FFF765FC04F50A71A4F83A022046FFF79A
:100760005EFCB4F83A32A361B4F81831A4F8380248
:1007700040F2E2425343E3610A4B63620A4B258431
:10078000C4E90A34094BC4F89830094BC4F89C30CA
:10079000084BC4F8A030084B6663C4F8A430F8BD19
:1007A000683001201DAA0300E9AD030055A903002C
:1007B00005AA030007AE030015AE030038B5184DB7
:1007C0002A68138E92F82E10128D013311FA83F3DA
:1007D000062101FB023303EB930113F0030318BF5F
:1007E00001230446194400F5C47019F0EBF92A6896
:1007F00092F83D3084F84D3192F83E2084F845203F
:1008000084F84420074A204652F8233000219847B4
:1008100084F8390004F10C00BDE838400BF004BF47
:1008200044210120C020012008B51C4B1C4A5A60FD
:100830001C4B1D4A5A601D4B1D4A1A601D4A5A60C6
:100840001D4A9A601D4B1E4A9A601E4ADA611E4B71
:100850001E4A1A601E4B1F4A1A601F48FBF7B2FC63
:1008600000F032FA1D4B1B681979062906D91C4A7B
:100870000729136A03D143F00E03136208BD082948
:1008800002D143F02E03F8E7092902D143F4803363
:10089000F7E7144919431162F0E700BF080C012083
:1008A000F5050400BC0B012051060400900B01204B
:1008B000C1FA0300AD05040025FA0300D02E012083
:1008C00051440400C93D0400CC2001201506040059
:1008D000C020012031F70300F1040400683001203A
:1008E000E03001202E00010508B509F0BFFF20F01F
:1008F0007F4008BD08B509F0B9FF00F00702C0F35A
:10090000012305321344C0F30040184408BD000021
:100910004FF43C735843064B1A681318105C30B1FF
:1009200093F83820052A01D1586970470020704794
:100930004821012002884FF43C714A430549096867
:10094000034688188A5C22B1034AD978136003F001
:1009500009B87047482101204421012030B589B0F1
:100960000546FEF7BBFD0446E0B11B4B1D600123AD
:1009700083700B2102F0F6FF01200BF09FF995F830
:100980003F3033B3154B28781A68154BA21A121151
:100990005A4395F8403092B2002109B0BDE830408A
:1009A00009F0D3BF09230693D5E91623CDE9042323
:1009B000D5E91423CDE90223D5E912230790CDE927
:1009C0000023012195F83C3005F10802F5F78CFC75
:1009D000D2E709B030BD00BF4421012048210120E9
:1009E000CF467D6710B50378044683B18278084806
:1009F00002F062FC18B11E2807D00D2100E00C2186
:100A00002046BDE8104002F0ADBF0E21F8E710BD52
:100A1000D02001208378FF2B70B5044612D00B4BF9
:100A2000BDE870401860FFF785BF20463460FFF7CF
:100A300081FF238801339BB22A682380927E9A42E9
:100A4000F3D870BD024D014E0023F5E7442101208B
:100A50006830012010B504460BF0BEF9072C28BF02
:100A60000724034B33F81430184480B210BD00BF84
:100A7000E40C07002DE9F74F864F00F10C083D68A4
:100A800000F138092C220021044640462CF076FC67
:100A9000C022002148462CF071FC95F84130002B13
:100AA00000F0E18095F83E30032B14BF02260326A8
:100AB0002B8E1E4495F83D3084F84D31D5E908233E
:100AC000C4E948234FF0010BA4F8FAB095F832308E
:100AD00084F81D312B8DA4F8183195F83300FFF7F9
:100AE000B9FF6B8DA4F81431AB8DA4F8F80003EBBB
:100AF000830303FA0BF347F23051A4F88631C4F8AC
:100B0000F4112046FFF776F84FF0FF0A84F85EA252
:100B1000EB69C4F8E001C4F8503195F82E302A8D05
:100B2000B6B23344062101FB023303EB930113F009
:100B3000030318BF5B46194404F5C47019F042F86A
:100B40002046FEF72FFEAB6983EA1342A4F84E213C
:100B5000052284F83820504A126892F8202084F840
:100B60003A20E363EB6923643B6893F83E3084F8F2
:100B7000453084F844302046FFF736F984F85CA10C
:100B800004F50C7184F866B02046FFF748FA04F5C6
:100B90000A71A4F83A022046FFF741FAA4F8380295
:100BA00095F82E50B4F8F810DFF814A140F2E243A3
:100BB0005D435E437019FBF7D1FA3B68B4F83A72B3
:100BC0009B6BC4F834901E4440F201132384334BD2
:100BD0006362334BDFF8EC90C4E90A34314BC4F85C
:100BE0009C30C4E93F56304BC4F8A030361A2F4B26
:100BF00066612F4405EB0B0607EB400706EB40064A
:100C0000C4F8A4302A4BA761C4F89860C4F8A8308F
:100C100094F84D31002159F8233020469847514629
:100C200084F8390040460BF00BFBB4F81811E0B91A
:100C3000B4F816510135ADB240F2E243A4F81651B2
:100C40004D435D432846B4F8F810FBF787FAD4F813
:100C500000311D442D1A3B1806EB40006561A3616D
:100C6000C4F89800D4E7012622E7124B1868124B0B
:100C7000201A00115843114B0093B4F83A2240F265
:100C8000E24401236143C0B20AF02EFE03B0BDE886
:100C9000F08F00BF4421012068300120D9B003004B
:100CA0001DB603003DB00300D5B0030031B603000C
:100CB0003DB6030048210120CF467D67110904009D
:100CC00023FC0300C0200120054B1B689B7E4FF4D2
:100CD0003C725A43034B002118682CF04FBB00BFF5
:100CE000683001204821012008B51C4B1C4A5A607D
:100CF0001C4B1D4A1A605A680AB91C4A5A601C4BA0
:100D00001C4A1A601C4A9A601C4B1D4A9A601D4A74
:100D1000DA611D4B1A680AB91C4A1A601C4B1D4A3D
:100D20001A60FFF7D1FF1C4B1B681979062906D9F9
:100D30001A4A0729136A03D143F00E03136208BD50
:100D4000082902D143F02E03F8E7092902D143F420
:100D50008033F7E7124919431162F0E7080C0120CC
:100D6000A50D0400BC0B01205D090400150A040058
:100D7000900B0120C1FA030025FA0300F02E012098
:100D800001480400C93D0400CC200120E50904000D
:100D9000C020012031F7030068300120E03001203D
:100DA0002E00010508B5F3F7C9F80AF08FFC0AF028
:100DB00093FDFFF789FFBDE8084009F025BF00005B
:100DC00070B5037804460E4633B38278134802F0B8
:100DD00073FA054638B9A378B3B10C212046BDE8B3
:100DE000704002F0BFBDA2780C48314602F09CFB77
:100DF0000028F0D01E2DA37801D01E280AD10E2184
:100E00002046002BEBD101E00C212046BDE87040CC
:100E100002F0D8BC0D21F3E770BD00BFD020012047
:100E200008B5FFF701FD0F4B0F4A1A600F4A5A60D1
:100E30000F4B104A1A60104B104A1A60104B114A9F
:100E40001A60114B114A1A60114A136A43F00101EA
:100E50001162104909680979062984BF43F011031A
:100E6000136208BDD02E0120894C040031510400CA
:100E7000CC200120C10D0400102101206D210600AD
:100E800020210120E12106001C21012085220600ED
:100E9000E03001206830012070B5037804460E462A
:100EA000D3B182780D4802F007FA054628B90C2123
:100EB0002046BDE8704002F055BDA2780748314693
:100EC00002F032FB0028F2D01E2D01D01E2801D1E5
:100ED0000E21EDE70D21EBE770BD00BFD020012012
:100EE000104B114A1A60114A5A60114B1A680AB91C
:100EF000104A1A60104B114A1A60114B114A1A60BD
:100F0000114B124A1A60124A136A43F0010111622E
:100F1000104909680979062984BF43F01103136257
:100F2000FFF7E2BEF02E0120D94F0400315104003A
:100F3000CC200120990E0400102101206D21060013
:100F400020210120E12106001C210120852206002C
:100F5000E030012068300120044B1B684FF43C72E4
:100F600002FB0030D0F8F401704700BF4821012097
:100F700038B5114B1C684FF43C7303FB004420460A
:100F80000D46FEF737FE854213D094F86530C4F85D
:100F9000F451C4F8E00153B1294604F5FC7018F08F
:100FA00011FED4F8E01104F5F27018F00BFE0120E8
:100FB00000E0002038BD00BF48210120C07802F0C9
:100FC0000FBE00002DE9F047634CDFF8B4A1634D7C
:100FD00081460E4690460021282204F19C001F46BF
:100FE0002CF0CCF904F1C803C022002118462CF0E3
:100FF000C5F95B4BC4F8C4004FF48172C4E92D33CA
:101000009AF80800A4F8B020022384F8C830FBF74F
:101010007DF995F82830534A84F8CA30524B84F849
:10102000C900C4E9332340F2011394F84220A4F824
:10103000D4300323A4F810310AB1A4F812319AF87D
:10104000083084F849312D20484BC4F8383118F065
:101050009FFC474BC4F84031C4F82801FBF79CF8CB
:10106000A065FFF741FC012384F86E30B4F88230AC
:10107000A4F86830B9F80430A4F86A30B9F806303A
:10108000A4F86C30D5E90C23E065C4E91823FFF718
:1010900031FC84F87200FEF715FE052384F88831D0
:1010A000222384F88C312B6A84F87300C3F38033D5
:1010B00084F8893194F84130DB0749BFD5E906232C
:1010C0002C4BC4E94623D4F8143153BFD3E90C2385
:1010D00043F00203C4F81431C4E94623D4F81431B0
:1010E00043F00102C4F8142195F829201AB143F005
:1010F0005103C4F81431D4F81401C0F3400384F848
:101100008A31D4E94623C4E9122394F8423093B9D2
:1011100006F00106C4E91487C4E9488784F88B61A6
:101120001EB140F00800C4F81401D4F8143143F0A3
:101130000403C4F814311049A1F5C47000F0DAFFBB
:101140000E49204401F022F82423C4F82C4184F8ED
:101150004831BDE8F08700BF60210120A0300120A8
:10116000A1B70300D6BE898E5555550011B80300AE
:1011700071B90300E0300120E8220120A8210120FC
:101180003C31012010B50C4C0AF032FEE38F40F2E6
:101190007122534300F2CC40C4F8A800C4F8AC302C
:1011A00004F19C000023A4F898300AF0FBFFD4F867
:1011B000A430A36310BD00BF6021012002484FF49A
:1011C000CC7200212CF0DAB860210120034B044AD4
:1011D000DA60044B044ADA60FFF7F0BF080C012024
:1011E000ED110400BC0B0120BD0F0400FFF7E6BFAA
:1011F000034B93F82400003818BF0120704700BF4C
:10120000602101204FF47A735843034B185C003877
:1012100018BF0120704700BF082301202DE9F843C3
:10122000044600F50E778946164600212C2200F56B
:1012300003701D462CF0A2F8C022002138462CF085
:101240009DF840F20313A4F82032614BC4F83472C5
:10125000604FDFF8A081387AC4F82C42C4E98933A2
:10126000022384F83832FBF751F898F928205A49BC
:1012700084F83A22594A5A4B84F83902C4E98F1249
:1012800094F86A209C420CBF0323012384F8453262
:10129000D00784F844324FF08303A4F8803248BF6B
:1012A000A4F882323B7A84F8B9324E4BC4F8A832A3
:1012B0004D4BC4F8AC32422018F06AFBC4F89802D7
:1012C000002800F08280494BC4F8B032FAF764FF7E
:1012D000A063FFF709FB012384F84E30B4F86230B5
:1012E000A4F84830B9F80430A4F84A30B9F8063008
:1012F000A4F84C30D8E90C23E063C4E91023FFF7CD
:10130000F9FA84F85200FEF7DDFC052384F8D831A1
:10131000222384F8DC3194F86B3084F85300DB0727
:1013200049BFD8E90623324BC4E9A223D4F884325A
:1013300053BFD3E90C2343F00203C4F88432C4E959
:10134000A223D4F8843243F00102C4F8842298F82E
:10135000292004F128071AB143F05103C4F884325C
:10136000D4F88412C1F3400384F8DA31D4E9A2231B
:10137000C4E90A2394F86A30A3B99DF8200000F06C
:101380000100C4E90C65C4E9A46584F8DB0118B167
:1013900041F00801C4F88412D4F8843243F0040305
:1013A000C4F8843204F1780504F5EC71284600F0A5
:1013B000A1FE3946284400F0E9FE2423C4F89C52DB
:1013C00084F8B8320020BDE8F8831F20FBE700BF97
:1013D0007DBA03003C310120D6BE898E555555009B
:1013E000D82A0120D9BC0300FDBC030049BB03007F
:1013F000E0300120A030012010B504460AF0F8FCCE
:10140000638B40F27122534300F2CC40C4F81C328B
:101410000023C4F818026370A37004F503700AF087
:10142000C1FED4F81432636610BD00002DE9FF4DF3
:10143000C17883784A1E012A04464CD9A3F1FF07DC
:101440007B427B412288344DFF2AA87A45D0002B6D
:1014500043D140FA02F3DE0706D5304B4FF47A70E1
:1014600000FB023002F0D8FBE378012B51D12C4B6A
:101470002A4F1E68B8460024AB7AB1792341DA07B7
:10148000D6E902AB3AD40134032C08F57A78F3D1CB
:1014900000246C72D6E90223C5E90023DFF88480BA
:1014A000B3792B724FF43C76AB7A2341DB070CD532
:1014B000B7F86000D8F8003007F1280106FB0030CB
:1014C000FFF7E6F83846FFF797FF0134032C07F5DE
:1014D0007A77E9D11DE00123B4E7104F0026AB7AFB
:1014E0003341D80704D53846039102F095FB0399A0
:1014F0000136032E07F57A77F1D1B5E773790193B9
:101500003379009352465B464046F5F745FC002888
:10151000B9D004B0BDE8F08DF822012008230120E5
:10152000500C0120482101202DE9F84300210446F8
:1015300000F54A77164600F53E702C221D462BF02A
:101540001DFFC022002138462BF018FF4FF4817395
:10155000A4F80C33344B3548C4F82073C4E9C433C1
:10156000062384F82833324B94F86B1093F8282024
:1015700084F82A232F4AC4F81843C4E9CB0294F80C
:101580006A004FF4C072C70748BFA4F87223A4F8DA
:101590007023012284F8A423274AC4F88C23D4F8AA
:1015A0007423C90751BF254A42F00202C4F87423CC
:1015B000D3E9068958BFD2E90C89D4F8741393F89B
:1015C000293041F001024CBFC4E9DE89C4E9DE895B
:1015D000C4F874231BB141F05101C4F8741388B9E5
:1015E0009DF82030DB0742BFD4F8743343F0080382
:1015F000C4F87433D4F87433C4E9E06543F00403E9
:10160000C4F8743304F17803C4F888332423002029
:1016100084F89C330A4BC4F890336070A07084F84F
:101620000802BDE8F88300BFE5BA0300D6BE898E84
:10163000A03001205555550099BD0300E030012030
:1016400071BF030008B540F6B832002106482BF000
:1016500095FE064B1022002118462BF08FFE044900
:1016600001220A73827208BD08230120F82201209A
:10167000A030012008B5084B084ADA60084B094A37
:101680005A62094B094A1A60FFF7DCFF084B4FF416
:101690007A729A8208BD00BF080C0120B5160400BA
:1016A000BC0B01202D1404006C3001200512040035
:1016B000E0300120FFF7C6BF034A012303FA00F020
:1016C000937A184390727047F8220120044A01234C
:1016D00003FA00F0937A23EA00009072704700BF8B
:1016E000F822012030B50A4B044629B14FF47A752F
:1016F00005FB00350868A8614FF47A7101FB0430DE
:1017000000F11C035168106803C39068186030BD75
:101710000823012038B5044604200D4618F038F996
:10172000014690B17CB1094BE41A094BE4105C43CB
:10173000A4B209238B70074B0C80CD70187BBDE8D9
:10174000384018F03AB9FF24F3E738BD08230120E8
:10175000D578E926E0300120014B024ADA60704773
:10176000D02E012081530400B2F5706FF8B5054604
:101770000E46144633D2022A33D84FF430731C4A33
:101780006343D118D35C63B34B78012B29D1194B38
:101790001B689B7E834226D9174A4FF43C7311681D
:1017A0004343CA18CB5CF3B1D2F818329B014FF017
:1017B00000071AD592F81432BBB10A2018F0E8F8E5
:1017C00060B142F2012343800C4B05808780C480C6
:1017D00006810146187B18F0F0F83846F8BD122053
:1017E000FCE74220FAE70220F8E71A20F6E700BFFC
:1017F000681601206830012048210120E0300120D6
:10180000F8B51D4B1B689B7E834204460E46154669
:1018100001D80220F8BD1046FCF7AEFB30B390F8BB
:101820002171012F24D1154A4FF43C731168634391
:10183000CA18CB5C002BECD0D2F818329B0119D51A
:1018400092F81432B3B10A2018F0A2F80028E1D0BF
:1018500042F2012343800A4B04808780C5800681C1
:101860000146187B18F0A9F80020D3E74220D1E701
:101870000C20CFE71A20CDE7683001204821012055
:10188000E030012030B50B4C2468A47E84420FD98F
:101890004FF43C746043084C25682C18285C38B120
:1018A00084F84A12A4F84C22A4F84E32002030BD2D
:1018B0000220FCE76830012048210120074B084A3C
:1018C0001A60084B084A1A60084B094A1A60094B0B
:1018D000094A1A60094B0A4A1A6070472C210120F4
:1018E00029700300282101204172030040210120BA
:1018F0006974030030210120857403002421012034
:10190000A5740300034B04481B7B0373034B196846
:1019100018F052B9E0300120C02E012048310120DA
:101920002DE9F84F164C80460F4616461D46DDE958
:101930000AAB1CF075F894F804901CF073F8B9F138
:10194000030F1AD8182018F023F80146A8B1C0E9EF
:1019500002AB40F2062343800A4B06714571C0E991
:101960000487187B18F029F81CF05AF82379013302
:101970002371BDE8F84F1CF055B8BDE8F88F00BFE3
:1019800048310120E030012038B5C378012B02D066
:10199000022B06D038BDF3F727FABDE83840FFF731
:1019A000B1BFD0E904450179421D00F1080320468A
:1019B00061B12946F3F772F91CF032F8054A137940
:1019C000013B1371BDE838401CF02CB82946F3F7F1
:1019D000B9F9F1E748310120014B1860FFF792BFD8
:1019E0004831012008B50D4B0D4A9A6100211022A3
:1019F0000C482BF0C3FC0C4B0C481B681B79072BC5
:101A000081BF0B4A136A43F040031362F2F7CCFF25
:101A1000044B4FF48372DA8008BD00BFBC0B012079
:101A200089190400C02E012068300120211904000A
:101A3000E030012008B5C9B220F080FB012008BDCC
:101A400010B58AB004462622002168462BF096FC89
:101A500014238DF802300C4B93F82230002B14BF66
:101A6000002312238DF8043020460DF1050304F104
:101A7000200250F8041B43F8041B9042F9D1684639
:101A800008F03CFF0AB010BD50310120024B4FF46A
:101A90000071187B1BF0D0BFE030012010B500F1C1
:101AA0001F0300F10F029A4200D110BD01781C788B
:101AB00000F8014B03F80119F5E701F120030138A3
:101AC0008B4200D1704713F8012D00F8012FF7E782
:101AD00000B589B02021684620F030FB05480CF0A5
:101AE00005F868460CF008F8FFF7D0FF09B05DF87C
:101AF00004FB00BF351A040000B589B001466846F2
:101B0000FFF7DBFF05480BF0F1FF68460BF0F4FF31
:101B1000FFF7BCFF09B05DF804FB00BF351A0400F5
:101B200010B50BF0FBFF044618B9FFF7AFFF2046D6
:101B300010BD0120FCE738B504460D460CF04AF80C
:101B40002046FFF7ABFF04F12000FFF7A7FF284670
:101B5000BDE83840FFF7A2BF70B5A2B0FFF7E0FFC5
:101B600058B31749684610AEFFF7E5FF462200213B
:101B700030462BF003FC13238DF842306A460DF1FA
:101B8000450508AB144603CC9C4228606960224698
:101B900005F10805F6D10DF165041A4603CAB242F3
:101BA00020606160134604F10804F6D1304608F065
:101BB000A5FE034B002283F8202022B070BD00BF99
:101BC0005031012030B599B004460D46014608A8B1
:101BD000FFF773FF04F1200110A8FFF76EFF2946FD
:101BE0006846FFF76AFF07480BF080FF694608A8C0
:101BF0000CF050F8044B4FF48061187B1BF01CFF75
:101C000019B030BD351A0400E030012010B50CF0D9
:101C10008DF8044638B9054B4FF48061187B1BF0F2
:101C20000BFF204610BD0120FCE700BFE030012083
:101C300010B504460CF094F82046BDE81040FFF7BC
:101C40002DBF000010B50E4C94F8223088B04BB96F
:101C50002022FF2168462BF091FB6846FFF7F0FE3B
:101C600008B010BDFFF7D2FF0028F9D06846FFF793
:101C7000DFFF6846FFF7E4FE002384F82030EFE73B
:101C80005031012030B591B004460D4601466846FA
:101C9000FFF713FF04F1200108A8FFF70EFF6846C5
:101CA0000BF0AEFF10F0FF0406D12DB1044B4FF442
:101CB0008061187B1BF0C0FE204611B030BD00BF14
:101CC000E030012038B50A4890F820506DB990F8FE
:101CD0002140012380F8203024B1FFF70DFF2C466E
:101CE000204638BDFFF7F4FEFAE70C24F8E700BF02
:101CF000503101202DE9F041114D95F82080064624
:101D00000F46B8F1000F18D195F82340B4FA84F1CA
:101D10004909FFF7B7FF85F8220028B9002C18BF42
:101D200012242046BDE8F08101233946304685F86B
:101D300020304446FFF746FFF3E70C24F1E700BFED
:101D400050310120F0B5164B99B06A4603F12005D9
:101D5000164618685968144603C40833AB42224635
:101D6000F7D1104B08AA03F14007154618685968C7
:101D7000144603C40833BB422246F7D10A4B93F8FA
:101D800020405CB901223146284683F8222083F89E
:101D90002020FFF717FF204619B0F0BD0C24FAE70A
:101DA000F40C0700150D070050310120074B084ABD
:101DB0005A62084A9A62084A136A43F0006313623F
:101DC000064B002283F82320704700BF900B0120B0
:101DD000591B0400451C0400E03001205031012053
:101DE000014B024ADA607047F02E0120C958040006
:101DF000F8B500230B701378164603F03F029B09D9
:101E000005460270437092B9741C2B78A21B934252
:101E1000A5BF01339B1A00222246A6BF54FA83F4C1
:101E2000D9B21146A01B2A622977C0B2F8BD7778D3
:101E30000F708378F90743EA070306F10204837001
:101E400006D5204617F036FFC5E9020106F1080461
:101E5000BA0705D5204617F02DFFC5E90401063461
:101E60007B0748BF013438070AD5627814F8023B73
:101E700003EB0223C3F30B02C3F303332A83AB76D2
:101E8000F90644BF6C620334BA0644BFAC62123434
:101E90007B0644BF14F8013BEB76B6E70B7803F002
:101EA0003F0303700B78C3F3801343700B78DB0997
:101EB00083708A784B7803EB0223C3F30C02C3F3DD
:101EC00042338280837170474A780B7803EB022398
:101ED000C3F30C020280C3F34032C3F38033827039
:101EE000C370CA788B7803EB022383804B798A799D
:101EF0001B0212049B180A7910B52CBF0124002480
:101F00009B18CA794FEA026244F100049B180A7ACE
:101F100042EB040202F01F04C0E9023452090274C9
:101F2000CB7A8A7A1B0403EB02234A7A13440A7B96
:101F300003EB026343618A7B4B7B03EB0223CA7B87
:101F400003EB024383614A7C0B7C03EB0223838314
:101F500010BD4B788A781B0212049B180A7810B5C2
:101F60002CBF012400249B18CA784FEA026244F176
:101F700000049B180A7942EB0402C0E902328A7914
:101F80004B7903EB0223038210BDF0B58B784C78BC
:101F90001B0403EB04230C782344CC78C3F30D0516
:101FA00003EB0464C3F380338372C4F3CB33E40ED6
:101FB0000581838184738B794C791B0403EB0423A3
:101FC0000C792344CC7903F01F0503EB0464C3F3BD
:101FD00042130374C4F31323240FC57343610476BF
:101FE0008B7A4C7A1B0403EB04230C7A2344CC7ABF
:101FF000C3F3130503EB0464C3F3035380F82030E9
:10200000230EC5614384CB7B8C7B1B0403EB042331
:102010004C7B23440C7C03EB04634362CB7C8C7CC1
:102020001B0403EB04234C7C23440C7D03EB04646E
:10203000C3F313038362230D83858C7D4B7D03EBF8
:102040000423C3850B7E4D7ECE7D2D041B02002410
:102050005B192CBF012525469B198E7E4FEA06662B
:1020600045F100059B19CE7E45F1000535441B194D
:1020700005F01F06C0E90C366D0980F838504B7F1B
:102080008E7F0F7F36041B029B192CBF012626462C
:10209000DB19CF7F4FEA076746F10006DB1991F89D
:1020A000207046F100063E441B1906F07F070135FB
:1020B000F609222AC0E9103780F8486080F83850C5
:1020C00015D9012380F84930D1F82130C0F84A30C1
:1020D000D1F82530C0F84E3001F1290352303931A2
:1020E00053F8042B40F8042B8B42F9D1F0BD80F853
:1020F0004940FBE78A784B78920142EA43120B7819
:102100001343CA7843EAC2130A7943EA02231BB293
:102110000370C3F3072343700220704770B5049E19
:10212000F47F0546063417F0CBFDE4B2F27F31466A
:10213000A81D2BF0FBF8204670BD10B5044617F023
:10214000BFFDA01DDDE9022317F0BAFD0C2010BD74
:1021500038B5D1E900230C46054617F0B1FDA81D9E
:10216000D4E9022317F0ACFD0C2038BDFFF7D6BF31
:1021700038B5D1E900230C46054617F0A1FDA81D8E
:10218000D4E9022317F09CFD0C2038BD38B50C466D
:102190000546FFF7EDFF2169228C295421692B1890
:1021A000090A5970618A9970E17CD9706169197165
:1021B0006169090A5971E18A997194F82610D971F7
:1021C000218D1972218D9A72090A120A5972DA72D6
:1021D000628C1A73628C120A5A73A28C9A73A28C44
:1021E000120ADA73A2691A74A269120A5A74628B0B
:1021F0009A74E27EDA74E2691A7594F82B1094F8F6
:102200002A2042EA41125A75222038BD0B784A78BA
:1022100003F00F010170C3F340114170C3F380114B
:10222000DB09C3701346054A817012681279082AC7
:1022300098BF03F03F03037102207047683001200C
:1022400038B5044608460D4617F034FDC4E90001D0
:10225000A81D17F02FFDC4E902010C2038BD38B5C8
:10226000054608460C4617F025FDC5E90001A01DEE
:1022700017F020FDC5E90201A37B627B1B0403EB81
:102280000223227B1344E27B03EB02632B61627C1B
:10229000237C03EB0223A27C03EB02436B61E37C10
:1022A00085F82630627D237D03EB02232B85E27DBA
:1022B000A37D03EB02232B84627E237E03EB0223A8
:1022C0006B84E27EA37E03EB0223AB84637FA27F59
:1022D0001B0212049B18227F2CBF012100219B1896
:1022E000E27F4FEA026241F100019B1894F820203E
:1022F00042EB0102C5E9063294F8213003F01F02D7
:102300005B0985F82A20222085F82B3038BD10B5CE
:1023100090F82630028C082B22D8931F9BB240F6EF
:102320007A418B428CBF00230123018D914288BFEB
:102330000023828C0A3A92B240F676418A4288BFE4
:102340000023D0E9061212F0E0040BD111430BD0A8
:1023500090F82A20053A0B2A94BF1846002010BD99
:102360000023E2E70023F3E72346F1E708230B709D
:1023700028234B70836D8B70836D1B0ACB70B0F874
:102380005A300B7190F85B304B71C36D8B71B0F8A4
:102390006030CB71B0F860301B0A0B7209207047B7
:1023A00070B590F8BA200346901C013293F8F040C3
:1023B0000A702C224A70B3F8C0208A70B3F8C0208B
:1023C000B3F8C450C2F30D0242EAC53293F8C650C6
:1023D00042EAC56293F8C250AD0305F480452A4332
:1023E0001212CA70B3F8C420C2F347020A71B3F8DC
:1023F000C020B3F8C450C2F30D0242EAC53293F8CC
:10240000C65042EAC562C2F307624A7193F8C850E7
:1024100093F8C72042EA45128A7193F8D020D3F886
:10242000CC5093F8C860120742EA052293F8C750CF
:1024300045EA46152A43120ACA7193F8CD200A725A
:1024400093F8D020D3F8CC50120742EA0522120E9E
:102450004A72D3F8D4208A7293F8D520CA72B3F89E
:10246000DA2093F8D850120642EA0552D3F8D45035
:102470002A43120C0A73B3F8DA2093F8D8501206E4
:1024800042EA0552D3F8D4502A43120E4A7300226E
:102490008A73D3F8DC20CA73D3F8DC20120A0A74DA
:1024A000B3F8DE204A7493F8DF208A74D3F8E02072
:1024B000CA7493F8E1200A75B3F8E450D3F8E02029
:1024C00042EA0552120C4A75B3F8E450D3F8E02002
:1024D00042EA0552120E8A75B3F8E620CA75B3F8BF
:1024E000E62012120A76D3F8E8204A76D3F8E820DC
:1024F000120A8A76B3F8EA20CA7693F8EB200A77B4
:10250000D3F8EC20013CE4B242EA44124A77D3F813
:10251000F8208A77D3F8F820120ACA77B3F8FA209D
:1025200081F8202093F8FB2081F82120D3F8FC20AB
:1025300093F8004102F07F0242EAC41281F822209F
:1025400093F80121C0B292B1D3F80221C1F823203F
:10255000D3F80621C1F8272003F585722B3103F546
:102560008D7352F8044B41F8044B9A42F9D170BD77
:102570002DE9F0410D461E468046174609F02CFC19
:10258000164B32288CBF002001209D4219D8144BD5
:10259000A5FB0331C1F34F01002347EA801747EA47
:1025A000C317377098F83F20022A14D0D31E5A421E
:1025B0005A415200717041EA42310912B170BDE8CE
:1025C000F081084BA5FB0334032303FB0541C1F352
:1025D0008F210123E1E70122ECE700BFE1BF030007
:1025E000121111119E36D0692DE9F04F87B0914636
:1025F000DDF848A09DF84CB0109A049300231371A5
:10260000BBF1040F0AF1030304460F4602930AF1DB
:10261000040507D19DF85030002B14BF4FF0030B79
:102620004FF0010B238C990600F1B28017F00103E3
:1026300007D119F001060CD094F88322D20700F1DB
:10264000A9802846D4E9042317F03AFB0AF10A05C9
:102650000126BB0706D419F0020F0CD094F8833280
:10266000980708D42846D4E9062317F029FB46F03A
:102670000206F6B20635390706D419F0080F16D04F
:1026800094F883321A0712D42A46B4F8403002F87C
:10269000023BB4F8403094F84210C3F30B0343EA12
:1026A000013346F008061B126B70F6B21546A5EB17
:1026B0000A02C2F5807819F0200308F1010807D05A
:1026C00094F883329B065ABFC2F1EF08012300231E
:1026D00019F0400203920CD0BBF1030F0CBFB4F809
:1026E0002C22228C12F040021CBF012208F1FF387C
:1026F0000392119A002A4FD0119912884989521ACF
:1027000092B219F0100F019207D0119A127B22B9E0
:1027100094F84C20904528BF904617F0100705D13B
:1027200019F010093BD0019A424504D946F0100631
:102730002F46F6B20335002B00F08B8046F02006C2
:10274000D4F83491F6B2D4F8F0170593484609F05E
:102750006FFBB0F5967F059B23D9D4F8F017484658
:1027600009F066FBAD4A90421FD9B0F5161FAC497F
:10277000059B28BFA0F51610A0FB01C14FF0030C6C
:102780000CFB00112CBF1A460022C1F38F2113E06D
:1027900000265EE71E465CE7119A0192BDE74F46B0
:1027A000C9E7D4F820229144CDE79E4BA0FB03312A
:1027B0000023C1F34F011A46920342EA43320A430F
:1027C000121229706A70D4F82022974BA2FB0321C1
:1027D000D20F42EA4102AA70D4F82022A2FB0323BE
:1027E000C3F3D713EB70D4E98C9000F01F0305936B
:1027F000FDF768FA059B85F8049043EA40104FEA1C
:1028000019236B714FEA19434FEA1969AB7185F8C7
:1028100007902872D4F85C316B72D4F85C311B0AD3
:10282000AB72B4F85E31EB7294F85F312B73D4F86D
:1028300060316B73D4F860311B0AAB73B4F862314A
:10284000EB73B4F828312B74B4F828311B0A6B747D
:102850001235039B002B3DD094F92A0701211FF06C
:102860001FFA46F04006BBF1030F05F8010BF6B264
:1028700034D0019BA5EB0A09002B62D0434528BF49
:1028800043469846119AC9F5807301335289984599
:1028900028BF98465FFA88F352FA88F8119AA2F88E
:1028A0000A80029AAD1A6A1C1344109A504613719A
:1028B0001146FFF71FFC049B8AF8036045EA831565
:1028C0008AF80250BBF1050F44D8DFE80BF03C4812
:1028D00071814371BBF1030F40F09B8094F850204D
:1028E000012A24D1029B94F85210EB1A0231C3F151
:1028F0004003C9B2DBB2994219D829462046FFF7F6
:1029000035FD054494F8B830012B12D1029B94F8A0
:10291000BA10EB1A0231C3F14003C9B2DBB29942DB
:1029200007D829462046FFF73BFD0544A1E70022D2
:10293000E8E73243029BD2B2002A04BF00261D46BC
:1029400097E7019BADE70023C4F8D83884F8836289
:10295000C4F884725FFA89F007B0BDE8F08F0023F5
:10296000C4F8D838002FF5D0109B94F826181A799F
:1029700094F82408023208F017FA2C4B1B685A8A84
:10298000A36C9A422CBF8018C018B0F5161F28BF40
:102990004FF41610C4F8D80808F00CFA94F8DC28A4
:1029A000C4F8D80801463B462046FFF7E1FDD1E7D1
:1029B0000023C4F8D838002FCCD094F8271894F806
:1029C000240809B994F8B918109B1A790232D2E791
:1029D0000023C4F81832002FBCD0109B94F826189E
:1029E0001A7994F82408023208F0DEF90F4B1B68BC
:1029F0005A8AA36C9A422CBF8118C118B1F5161FD0
:102A000028BF4FF4161194F81D22C4F818123B4643
:102A1000CAE7029B002E08BF1D462AE7E1BF03005C
:102A20009E36D06912111111E3361A006830012068
:102A30002DE9F0438BB00023CDF8213007238DF82A
:102A40002030038C03F007030F460646904600F53E
:102A5000E561062B00F28380DFE803F004797981D9
:102A60004D797900B0F8C03390F83D40002B04F167
:102A7000FF3C0BBF1A4608221D461025DCF100045E
:102A800044EB0C041543002B14BF224644F0010212
:102A900090F82131012B44EA821404D190F8DE38F9
:102AA000002B08BF1825E8064AD445F001050DF1B2
:102AB0002009EB063246484648BF04F0BF040791A0
:102AC000FBF7AAFD079932464846FBF7FFFD338C1A
:102AD000CDF800900022CDE90328CDE9012786F842
:102AE000832203F00303224629463046FFF77CFD8C
:102AF0000BB0BDE8F083B0F8C03390F83D40002B38
:102B00000BBF1A4608221D4610251543621E54426B
:102B10005441A20142EA4402B3FA83F35B0914432D
:102B200044EA831490F82131012B04D190F8DE3867
:102B3000002B08BF1825EB0602D445F00305B6E7C5
:102B4000084B5B699804B2D504F0FE04AFE790F837
:102B50003D40621E54425441A4011825A7E70024B9
:102B60002546A4E7A03001202DE9F0478AB0994618
:102B70000023CDF8213007238DF82030038C03F09B
:102B8000070388460546174600F61801062B4FD85E
:102B9000DFE803F00751514E19044C0040240B2686
:102BA00026E090F8834290F8213104F00104C4F14A
:102BB0005104012BE4B204D190F8DE380BB944F093
:102BC0002004082614E090F8834290F8213114F094
:102BD000020F04F001040CBF0A260826C4F15104B8
:102BE000012BE4B204D190F8DE380BB944F0200494
:102BF0000DF1200A2A4650460791FBF70DFD079973
:102C00002A465046FBF762FD2B8CCDF8109001222E
:102C1000CDE90282CDE900A703F003032246314645
:102C20002846FFF7E1FC0AB0BDE8F0874824B6E784
:102C300000242646DCE740240926D9E72DE9F043A5
:102C40008BB007238DF82030164B5B6908AD13F469
:102C5000006F04460E46174600F618014FF00008B4
:102C60000246284614BF4FF009094FF001090791A9
:102C7000CDF82180FBF7D0FC079922462846FBF7C8
:102C800025FD0223CDE9026304F59A63CDE90053E3
:102C900004974346502249462046FFF7A5FC0BB057
:102CA000BDE8F083A030012030B589B00D46002486
:102CB0000721CDF819408DF8181093B9048C84F0D1
:102CC0000204C4F34004E10004930423CDE9025359
:102CD00006AB0192009310220023FFF785FC09B098
:102CE00030BD2146F0E7F0B5082389B000F50E6548
:102CF000044680F8E0380E46174600F618010246F2
:102D000028460791FBF788FC079922462846FBF7DF
:102D1000DDFC0523CDE902630023CDE900530497D0
:102D20001A4603212046FFF75FFC09B0F0BD000002
:102D30002DE9F04385B00646024600240D468F1C5F
:102D400000F5E56102A8019102948DF80C40FBF7B3
:102D500063FC0199324602A8FBF7B8FC338C03F000
:102D60000703032B05D0052B4ED0022B14BF0224E2
:102D70000624D6E9042338468DF8084016F0A0FF53
:102D80009DF80830012B05F108080CD1D6F87437EE
:102D900043F00403C6F874374046D6E9062316F01C
:102DA0008FFF05F10E089DF80890B9F1060F2DD898
:102DB000452424FA09F414F001040BD096F8CF430B
:102DC00044B11F2C224606F5747128BF1F224046CD
:102DD0002AF0ACFA0E4B1B6A5B0405D5B9F1010F62
:102DE0009CBF01238DF80930A8EB0700044402A919
:102DF00028468DF80C40FFF77DF99DF80C00023055
:102E0000C0B205B0BDE8F0830124B2E70024E1E7D9
:102E1000A030012037B50423009390F83930022BFD
:102E200004460D4625D003F0FD03012B01D18DF89A
:102E3000023094F8DF346946063328468DF80430B2
:102E4000FFF758F90544D4E90423284616F038FF63
:102E500094F8DF243AB11F2A28BF1F2204F59C6191
:102E6000A81D2AF063FA9DF804000230C0B203B036
:102E700030BD43691B0A03F0C003402BD9D10123A5
:102E8000D5E730B589B007248DF81840B0F82C424A
:102E900004930323CDE90213002506AB04F040049C
:102EA0000192009344F010022B462946CDF81950A8
:102EB000FFF79AFB09B030BD8A780B8843EA0233EA
:102EC0009BB203701B0A43708B8883708B881B0A2C
:102ED000C370042070470A790B7843EA02234A78CA
:102EE000920002F0040213438A78D20002F0080232
:102EF0001343CA78120102F0100213431BB203708D
:102F0000C3F30723437002207047002303700B783C
:102F100043704B8883704B881B0AC3708B88037186
:102F20008B881B0A4371CB888371CB881B0AC371C2
:102F30000B8903720B891B0A43724B8983724B897D
:102F40001B0AC3720C2070474A780B7803EB0223EC
:102F5000C3F30B02C3F3013302808370CA788B780A
:102F600003EB02238380042070470B784A780271B8
:102F700003F003010170C3F380014170C3F3C0018A
:102F8000C3F300138170C370022070474B78037045
:102F9000CA788B7803EB022343804A790B7903EBE1
:102FA00002238380CA798B7903EB0223C3804A7A98
:102FB0000B7A03EB02230381CA7A8B7A03EB022399
:102FC00043810C2070478B78CA781B0212049B182F
:102FD0004A7810B52CBF012400249B180A794FEAC7
:102FE000026244F100049B184A7942EB0402C0E9F2
:102FF0000032CA798B7903EB02230381082010BDCC
:1030000010B50446481C16F042FEC4E90001092030
:1030100010BD4B780370CA788B7803EB0223438092
:103020004A790B7903EB02238380062070478A7864
:103030004B7803EB022303800A79CB7803EB02235E
:1030400043808A794B7903EB022383800A7ACB7918
:1030500003EB0223C3800920704710B58A784B78B0
:1030600003EB022303800A79CB7803EB022343802E
:103070008A794B7903EB022383800A7ACB7903EBBD
:103080000223C3804B7A0372CA7A8B7A03EB022342
:10309000438101F10E030C301A3113F8014C13F87F
:1030A000022C023302EB04228B4220F8022BF4D1D3
:1030B000182010BD4B7803708A7803F00703037063
:1030C00002F0070343700320704710B54A7802707E
:1030D0008B7843700C79C97802F0070203F007037C
:1030E00001EB0421027043704180052010BD38B50A
:1030F0008B784A7802EB032203460C4623F8022B16
:103100000546CA1C153112F8010B03F8010B8A425F
:10311000F9D1A27D637D03EB0223AB82227EE37DA6
:1031200003EB0223EB82637E03F00F022A76C3F3E4
:1031300000125B096A76AB76A37EEB7604F11B0086
:1031400016F0B8FDC5E9080194F8222094F8213062
:1031500003EB02232B85232038BD4B7803708B783B
:103160004370CB7883700B79C3708A794B7903EB0A
:103170000223C3F30B03D2090271C3800A7ACB790D
:1031800003EB0223C3F30B0303818A7A4B7A03EB2D
:103190000223CA7A03EB0243C3F31303C3604A7BDF
:1031A0000B7B03EB02238A7B03EB0243C3F3130382
:1031B00003610A7CCB7B03EB022383828A7C4B7CFA
:1031C00003EB0223C382CB7C03764A7D0B7D03EBAA
:1031D00002238A7D03EB0243C361CB7D1A0903F00E
:1031E0000F0380F8212080F820300B7E80F82230F9
:1031F0004B7E80F82330CA7E8B7E03EB02238384D0
:103200004A7F0B7F03EB02238A7F03EB0243836237
:1032100091F82020CB7F03EB022391F8212003EBD0
:103220000243C36291F8232091F8223003EB02237A
:103230000386242070478A784B7803EB0223CA78F0
:1032400003EB024303604A790B7903EB02238A798B
:1032500003EB024343600A7ACB7903EB0223038139
:1032600009207047CB788A781B0403EB02234A7845
:1032700013440A7903EB026303608A794B7903EB09
:103280000223CA7903EB024343604A7A0B7A03EBC9
:1032900002238A7A03EB024383600A7BCB7A03EB37
:1032A00002234A7B03EB0243C360CA7B8B7B03EBA5
:1032B000022303821020704770B50D46044616465F
:1032C000FFF753FE29182D5C6571252D00F28C80C7
:1032D000DFE815F026006700E1008A008A008A0016
:1032E0008A00E1007E007F008A008A008C00910045
:1032F00084005A00580098008A008A0079007900FA
:10330000A500A300AF00BB008A008A00D400DD0046
:10331000DD00E400ED00F600FF001E0123010D01B9
:10332000002E61D004F10800FFF730FE23798342BC
:103330005AD1A3899A1F92B240F67A418A4201D9A2
:103340001E251DE0217A0029FAD0092B94BF03F134
:10335000FF3208229142F3DC62899A42F0D8218A36
:10336000A1F10A0292B240F676408242E8D8E289A0
:1033700002FB0333B3EB810FE2DAB2F5FA7FDFD25F
:10338000284670BD012E2FD0664B1B6A9D072BD59A
:1033900004F10800FFF761FE2379834224D1002560
:1033A000EEE70EB304F10800FFF70DFE2379834228
:1033B0001AD1D4E9020131F01F03C1D107F072FA2A
:1033C0000128ECD8BCE704F10800FFF730FEE3E782
:1033D00056B104F10800FFF713FEDDE7012E03D01C
:1033E000504B1B6A1807F4D41925C9E704F10800EB
:1033F000FFF70FFED0E7FF2323724B786372237928
:10340000022BCBE7474B1B6A5A07EDD54B7823724B
:103410008B7863722379032BC0E7012EE4D0414BF4
:103420001B6A13F4106FDFD004F10800FFF742FEAF
:10343000B2E7002ED8D03B4B1B6A13F4106FD3D0E9
:1034400004F10800FFF741FEA6E7012ECCD0354B72
:103450001B6ADB03C8D54B7823728A7821796272A4
:1034600003F0070303292372BED1002B3FF468AF9A
:10347000023A232A8CBF1E25002581E7294B1B6AAF
:103480009E01B1D504F10800FFF731FE84E7254B1A
:103490001B6A5D01A8D54B782372B0E7214B1B6AEC
:1034A0009800A1D504F10800FFF757FE74E71D4B03
:1034B0001B6ADA0098D504F10800FFF7BCFE6BE741
:1034C000184B1B6A9B008FD504F10800FFF7CAFE5A
:1034D00062E7144B1B6A13F0405F85D04B78237270
:1034E0008B786372CB78A3722379042B56E70D4B4C
:1034F0005B6A13F0040F3FF477AF4B7823728B783D
:103500006372CB78A3720B79E3722379052B45E7BD
:10351000044B5B6A13F0020FDFE7024B5B6A13F0A8
:10352000020FE8E7A030012070B50E4604461546AC
:10353000FFF71BFD325C6271033A3318102A3CD846
:10354000DFE802F0092634363B3B3B39363B3B3B58
:103550003B3B3B3D3D0085B3D3F80120A260D3F84F
:103560000520E260997A5A7A02EB01222282D3F88E
:103570000B20C4F81220D3F80F20C4F81620D3F87B
:103580001330C4F81A302379172B16D1002070BDE0
:10359000012D12D0D3F80120A260D3F80520E260FB
:1035A000D3F80920237922610D2BEEE7012D04D0F9
:1035B0002379012BE9E7002DFAD11920E7E7024B27
:1035C0001B6ADB06F4D4F8E7A030012038B50B4DB8
:1035D0000B4A95F8243003EB83030344044652F866
:1035E000233003B1984795F82430064A03EB830350
:1035F00013441B5D85F8243038BD00BF580C0120F2
:10360000580D0700A80D070038B50378074A01EBED
:103610008303044652F823300D4603B198472278BD
:10362000034B03EB82035B5D237038BD340E070050
:10363000740E070038B5094D2B78062202FB0303F0
:10364000074A52F82330044603B198472A78054BBD
:10365000062101FB02331B5D2B7038BDA81E012023
:10366000BC0D07001C0E070038B5094D2B7806224B
:1036700002FB0303074A52F82330044603B198477C
:103680002A78054B062101FB02331B5D2B7038BDE8
:10369000C81E0120E80E07001C0E070038B543784D
:1036A000084A03EB83030B44044652F823300D46CB
:1036B00003B198476378044A03EB830313445B5DCB
:1036C000637038BD840E0700D40E070038B50B4D6B
:1036D00095F82730062202FB0303094A52F82330EB
:1036E000044603B1984795F82720064B062101FBB5
:1036F00002331B5D85F8273038BD00BF281F01202D
:10370000480F0700A80F07008378094A70B50626FE
:1037100006FB0313044652F823300D4603B19847C5
:10372000A278044B06FB02335B5DA37070BD00BF43
:10373000D40F07003410070038B590F82031094A3B
:1037400001EB8303044652F823300D4603B198473A
:1037500094F82021044B03EB82035B5D84F8203155
:1037600038BD00BF4C1007008C100700012970B550
:10377000044609D98B1E012B1CD80126032919D810
:10378000DFE801F0041904190026F7E700250B4BC8
:1037900005EB460253F822300BB1204698476823C8
:1037A00003FB0644064B94F8502003EB42035B5D99
:1037B00084F8503070BD0125E9E700BFC00F070055
:1037C000D00F0700F0B54378022B89B004460D46B0
:1037D0004AD0032B72D0002B4FD12B294DD1FCF7AF
:1037E000EDFF2046F2F76AFF6368D90703D534215D
:1037F000204600F0E9FA6368DA0503D53521204652
:1038000000F0E2FA63685B060CD5B4F82C321B2B8F
:1038100004D8B4F82E32B3F5A47F03D9362120465C
:1038200000F0D2FA2E492F4B08682F491A68201A47
:103830000011484394F84D1192F83C300791002153
:103840000691D2E91667CDE90467D2E91467CDE99C
:103850000267D2E9126780B2CDE900670832F2F759
:1038600043FD022363701FE02B291DD018D829299E
:1038700021D02946204600F0C1FE4B2D2CD04C2DE6
:1038800012D1174B1868184B201A00115843C0B2B8
:1038900007F08AFF204609B0BDE8F040FBF7E4BE20
:1038A000A1F14703012BE4D82946204609B0BDE821
:1038B000F04000F029B8F3F76BFAF5E75129DCD1B5
:1038C000D0F8603223F00103C0F86032F2F7F9FE5D
:1038D000002384F85032E7E72046F2F7B5FED0E740
:1038E0004821012044210120CF467D6743780322EF
:1038F0004270022B4FF0000280F8502202D10C30AF
:1039000008F046BE70470000482910B504461AD09A
:1039100003D8F9B1472919D010BD4B29FCD18378C0
:10392000012B08D10D4B18680D4B201A001158437C
:10393000C0B207F0E9FF2046F2F786FE2046BDE858
:103940001040FBF791BEF2F7C5FE2046BDE81040DF
:10395000FFF7CCBFF2F7B8FEF7E700BF4821012020
:10396000CF467D67F0B5437889B004460D46032BFA
:103970000FD8DFE813F01500830004001F01292988
:1039800007D0A5F14703012B03D92946204601F0B2
:103990005FF82946204609B0BDE8F040FFF7B4BF04
:1039A0000B29F6D1FDF766F82046F2F787FE63682B
:1039B00013F4007F03F0010242D02AB1D4F864224C
:1039C00042F00802C4F86422D80542BFD4F8642249
:1039D00042F00402C4F8642259060ED5B4F82C3221
:1039E0001B2B04D8B4F82E32B3F5A47F05D9D4F834
:1039F000643243F01003C4F86432012375496370E4
:103A00000868754B75491A68201A0011484394F8E4
:103A10004D1192F83C30079100210691D2E91667CA
:103A2000CDE90467D2E91467CDE90267D2E91267EC
:103A30000121CDE90067083280B2F2F755FCA8E712
:103A40001AB13421204600F0BFF96368DA0503D5C6
:103A50003521204600F0B8F963685B060CD5B4F850
:103A60002C321B2B04D8B4F82E32B3F5A47F03D923
:103A70003621204600F0A8F90223BFE72C2980D880
:103A8000142982D9A1F11503172B3FF67EAF01A2AD
:103A900052F823F0013B04008B3904008B390400F9
:103AA0008B3904008B3904008B3904001B3B040064
:103AB000313B04008B3904008B390400473B040080
:103AC000733B0400893B04009F3B04005D3B040002
:103AD0008B3904008B3904008B3904008B390400C6
:103AE0008B390400933904008B3904008B390400AE
:103AF000F53A0400022343703A21FBF773FF48E7CD
:103B0000D0F8643243F40073C0F86432D0F8603205
:103B100043F40073C4F860323BE7D0F8643243F0FA
:103B20000403C0F86432D0F8603243F00403F1E7D4
:103B3000D0F8643243F00803C0F86432D0F8603241
:103B400043F00803E6E7D0F8643243F01003C0F80E
:103B50006432D0F8603243F01003DBE7D0F864320F
:103B600043F08003C0F86432D0F8603243F0800341
:103B7000D0E7D0F8643243F40053C0F86432D0F890
:103B8000603243F40053C5E7D0F8643243F02003B9
:103B9000C0F86432D0F8603243F02003BAE7D0F8BE
:103BA000643243F04003C0F86432D0F8603243F02E
:103BB0004003AFE751297FF4ECAED0F8603223F038
:103BC0000103C0F86032F2F77CFD002384F8503224
:103BD000DFE600BF4821012044210120CF467D6758
:103BE00038B50A4D0A4A95F8243000EB83030446A1
:103BF00052F8233003B1984795F82420054B03EB86
:103C000082031B5D85F8243038BD00BF6021012090
:103C10009C100700DC10070038B50378074A01EB59
:103C20008303044652F823300D4603B198472278A7
:103C3000034B03EB82035B5D237038BDEC10070080
:103C40002C11070001EB8101034B114453F8213083
:103C500003B11847704700BF5C11070001390629FE
:103C600040D8DFE801F01E0F041927323800022A7D
:103C70000CBF90F80C3290F80D32B3FA83F35B0965
:103C8000184670478378012B2CD1002AF8D1D0F840
:103C90001832C3F3C003F3E7D0F81832C3F340136C
:103CA000EEE78378012B03D1131E18BF0123E7E74A
:103CB000131FFAE78378002BF6D0042A10D08AB9B4
:103CC000B0F81A3203F00103DAE7002AF0D1064B0C
:103CD00093F82330F6E7D0F81832C3F38063CFE7C8
:103CE0000023CDE70123CBE7A03001201FB5104B07
:103CF000104A1B688DF80310C31A1B11534300228E
:103D0000CDE901229BB203920A22ADF800308DF872
:103D10000220ADF80630D0E9862302A88DF8041001
:103D200015F0B9FF684606F0E9FD05B05DF804FB43
:103D300048210120CF467D67D0F8603201228A40B9
:103D40001A421CD023EA02030D4AC0F860325379AC
:103D50000D2B05D0112B03D0072B07D01A2300E021
:103D6000537A02290BD11946FFF7C0BF0429F5D1B8
:103D7000D0F8183223F02003C0F81832704770478B
:103D8000D020012010B4D0F8602201248C401442CD
:103D900016D022EA04020329C0F8602208D00729BD
:103DA0000AD002290CD15DF8044B0021FFF79EBF19
:103DB0005DF8044BF2F70EBC5DF8044BF2F79ABEC7
:103DC0005DF8044B704700002329F8B504465DD820
:103DD0000B2901D8002051E10C39CA48CAB201238D
:103DE000934018407CD113F00103F3D0C64B5B79AC
:103DF000013BDBB21D2B00F24181C44AD65CFF2E91
:103E000000F03C81C04B5D796A1E1D2AE2D801A1F9
:103E100051F822F0274004004F3F0400D53D040034
:103E2000D53D0400D53D0400D53D0400913F04007C
:103E30009740040097400400D53D0400D53D0400A0
:103E400081400400F53F040097400400D53D040084
:103E5000D53D0400F53F0400D53D0400D53D0400E8
:103E6000773F0400773F0400D53D0400D53D0400B2
:103E7000D53D040091400400D53D0400D53D04002B
:103E80008B400400A7400400A74004003439CBB2A3
:103E9000062B9FD806299DD801A353F821F000BF17
:103EA000533F0400533F0400533F0400D53D04003A
:103EB000533F04007F3F0400BD3E0400D4F8683245
:103EC0006278002B0CBF01260226032A82D013F051
:103ED000010500F0928023F00103C4F8683236E057
:103EE00017293FF677AF01A353F821F08D3F040067
:103EF000D53D0400D53D0400D53D0400D53D04006A
:103F0000D53D0400D53D0400D53D0400D53D040059
:103F1000D53D04009F4004004D3F0400D53D040002
:103F2000D53D0400D53D0400954004007F400400C9
:103F3000D53D0400D53D0400753F0400D53D040087
:103F40008F40040089400400A5400400002600259D
:103F500069E004293FF63EAF01A353F821F000BF0A
:103F6000854004009B4004007B3F0400D53D0400D5
:103F7000AB4004000026042555E00126FBE794F839
:103F80005E520626FF2D3FF425AF4CE0002639E7B0
:103F90001D7A6B1E142B3FF61DAF01A252F823F0C1
:103FA000274004004F3F0400D53D0400D53D0400E8
:103FB000D53D0400D53D0400D53D040097400400E4
:103FC00097400400D53D0400D53D04008140040025
:103FD000D53D040097400400D53D0400D53D0400C4
:103FE000D53D0400D53D0400D53D0400773F0400D5
:103FF000773F040094F85E52C4E7D4F8642212F0CC
:1040000001000CD14FF0010C0CFA00F717EA030184
:10401000C5B213D023EA0703C4F8683203E022F0E4
:104020000102C4F8642294F85032002B3FD0012BD7
:1040300000F09280002D00F0D880C3E00130082805
:10404000E2D1012707FA01F313EA0200CDB212D040
:1040500022EA030294F85A32C4F86422012BE2D116
:10406000002284F85A2294F855220AB184F850327A
:1040700084F85E52D7E701310829E3D1F8BD002664
:104080000325D0E70126FBE700260625CBE700261F
:104090000525C8E700260225C5E70126FBE700261F
:1040A0000125C0E700260725BDE701264FE7012EC1
:1040B0000ED02DD8002EBDD1D4F860320122AA40F6
:1040C0001343C4F86032324629462046FFF7BAFD52
:1040D000324629462046FFF7C1FD002800F08C80BB
:1040E000012229462046FFF7ADFD2046F2F78CFD60
:1040F00084F85E52012384F8553284F85032002D42
:1041000077D05FE0008CE900D02001203C1107004F
:10411000B31E022B8ED8324629462046FFF79EFD5D
:10412000A0B1022E04D0022229462046FFF78AFDC4
:104130006F4B142202FB0533DB6813B1204698470E
:1041400078E784F85E5284F85732D3E700221A21C8
:104150002046F2F703FD6DE7072E3FF66BAF01A394
:1041600053F826F0854104008541040035400400E1
:1041700003420400B14204003542040047420400F7
:1041800047420400324629462046FFF767FD98B3B0
:1041900036B9D4F860320122AA401343C4F8603221
:1041A00094F85E32AB4206D0D4F864320122AA40C1
:1041B0001343C4F8643226B9324629462046FFF735
:1041C00041FD0DB1012059E7D4F8643223F0010319
:1041D000C4F86432D4F8683243F00103C4F868329A
:1041E000012229462046FFF72DFD94F85E32002B70
:1041F00079D103236370E5E729462046FFF79CFD4C
:1042000018E794F85E32AB4214D0032229462046C8
:10421000FFF724FD00283FF40DAF02222946204677
:10422000FFF710FDD4F868320122AA401343C4F806
:104230006832FFE694F85E32AB4219D10422294677
:104240002046FFF7FFFC072E294620462DD1FFF719
:1042500073FD2046F2F7EAFCFF2384F85E32002368
:1042600084F8553284F850322046F2F7E7FCE1E654
:10427000D4F864320122AA401A423FF4DBAE23EAAA
:104280000203C4F8643294F85A32012B08BF0023A9
:104290002946204608BF84F85A320422FFF7D2FC90
:1042A00029462046FFF76EFDC4E6FFF76BFDD0E719
:1042B000022229462046FFF7C5FC94F85E320B2BFC
:1042C000B0D00B4B142202FB0533DE68002EA9D0C0
:1042D000042229462046FFF7C1FC00283FF436AFF0
:1042E0002046B047A6E6D4F86832DB0781D469E7F8
:1042F0005C11070090F85E02023802288CBF002093
:104300000120704790F85332094A70B50B2606FB1E
:104310000313044652F823300D4603B1984794F82E
:104320005322044B06FB02335B5D84F8533270BDAD
:10433000FC110700AC1207000C21F2F74FB8012264
:104340002321F2F70BBC10B50446F2F76FFC2046B0
:10435000BDE81040F2F7D4BC10B50123044680F844
:104360005632F2F763FC2046F2F7C6F92046BDE864
:104370001040F2F7C5BC10B5012380F85632437ADD
:1043800023F0010304464372F2F750FC2046F2F793
:1043900005FA2046BDE81040F2F7B2BC427A42F07E
:1043A00001024272F2F712BA10B5437A43F00103E8
:1043B00004464372F2F792F92046BDE81040F2F746
:1043C00005BAD0F8603213F4007310B504460ED16C
:1043D000C0F8603294F8563283B1002384F8563224
:1043E00020460122BDE810403B21F2F7B7BB002375
:1043F000C0F860323B21F1F7F1FFEBE710BD10B5DB
:1044000004461822002100F5217028F0B7FFD4F8E7
:1044100018329B0707D52046F2F7C2F92046BDE8BF
:104420001040F2F7F1BB20463B21BDE81040FBF7FE
:10443000D9BA10B5D0F8603243F400730446C0F81E
:104440006032F1F7A5FF2046BDE81040FFF7D7BF67
:104450003C2970B5044608D8382908D81D2963D0EE
:104460000CD80C290ED0152960D000252FE03A3940
:10447000022941D8DFE801F046375C001E29F4D15B
:1044800002211EE05C4B5979CA1F0A2AEDD801A00F
:1044900050F822F0D34404006B4404006B44040041
:1044A0006B4404006B4404006B440400E7440400C4
:1044B0006B440400C144040035450400F344040087
:1044C000032194F85052BDB3012D45D00125284653
:1044D00070BD1B7A0F2BC8D1D4F8183223F0020319
:1044E000C4F81832EDE794F85E32092BBDD10721EC
:1044F000E7E71B7A0F2BF9E790F85E32092BB4D16E
:104500000621DEE7D0F86432B3F5007F4FF00005F6
:1045100003D1C0F864520821D3E7B3F5806FD6D138
:10452000C0F864520921CCE70121CAE70021C8E79D
:104530000A21C6E70421C4E72046FFF7E3FE94F80A
:104540005332002BC2D00123092284F8503284F860
:104550005E2284F85752B9E7032915D194F85E32E8
:10456000042B0FD8012B0FD9D4F86422012000FAB4
:1045700003F31A430923C4F8642284F85E3284F8F2
:104580005A0201E0072BEFD094F85E32092B16D1C6
:104590002046FFF7B7FE94F85362002E96D12046CE
:1045A000F2F744FB637A84F8506223F001036372EC
:1045B000FF2384F85E322046F2F740FB87E799B18B
:1045C000032983D10B2B09D12046F2F787F8D4F8C1
:1045D000643243F48063C4F8643278E701222A210C
:1045E0002046F2F7BBFA72E72046F1F7D1FED4F885
:1045F000643243F40073EEE7D02001201C2970B52B
:1046000004460D4606D190F80D321BB1BDE870404E
:10461000F1F7E0BF244E3368ABB97368CBB9B36828
:10462000EBB9F3680BBB33692BBB73694BBBB36945
:10463000002B2CD1F369002B2FD129462046BDE851
:10464000704000F0DBB92946204698470028E4D0A6
:1046500070BD2946204698470028E0D0F8E7294653
:10466000204698470028DCD0F2E7294620469847A4
:104670000028D8D0ECE72946204698470028D4D017
:10468000E6E72946204698470028D0D0E0E72946AB
:10469000204698470028CDD0DAE72946204698479B
:1046A0000028CAD0D4E700BFD02E012038B590F83A
:1046B0005332094A01EBC303044652F823300D4636
:1046C00003B1984794F85322044B03EBC2035B5D9C
:1046D00084F8533238BD00BFD812070058130700C2
:1046E00001222321F2F73ABA10B5437A23F00103ED
:1046F0004372064B1B68044619790122F2F72EFA21
:104700002046BDE81040F2F791BA00BF44210120D5
:10471000D0F86022910506D522F40072C0F860221C
:104720000021F1F75BBE7047014B597AF1F756BE95
:10473000D02001200C21F1F751BE10B5437A23F0AF
:10474000010304464372F2F737F82046BDE81040F3
:10475000F2F75ABA10B50446F2F768FA2046BDE8F7
:104760001040F1F721BE10B50446F1F7B7FF637AA8
:1047700043F0010363722046BDE81040F2F726B80B
:10478000FFF7F1BFD0F86022094922F40072C0F8A7
:1047900060224A790D2A034605D0112A03D0072A40
:1047A00005D11A2101E0497A1846F1F717BE704782
:1047B000D0200120D0F818329B0710B5044606D54A
:1047C000F1F7EEFF2046BDE81040F2F71DBA1A21BE
:1047D000F1F704FE20463921BDE81040FBF702B98D
:1047E00010B5D0F8603243F400730446C0F860326C
:1047F000F1F7CEFD2046BDE81040FFF7DBBF00001B
:104800001E2970B504465DD007D815295CD01D2936
:104810005CD00C2909D0002505E039293DD03A2982
:104820004FF000053FD0284670BD734A5379002BE6
:104830004ED0073BD9B20A29EDD80A2BEBD801A1FB
:1048400051F823F071480400174804001748040089
:10485000174804001748040017480400874804005C
:1048600017480400D5480400174804009148040084
:10487000137A0F2BCFD1D0F8183223F00203C0F8EF
:104880001832052617E090F85E32092BC3D1F8E7FD
:10489000137A0F3B012BBED8F3E790F85E32092B59
:1048A000B9D1062607E0D0F86432B3F5007FBAD15B
:1048B000C0F86452072694F850526DB1012D1CD0F7
:1048C0000125B0E70326F6E70026F4E70226F2E723
:1048D0000426F0E70126EEE731462046FFF7E6FE24
:1048E00094F85332002BEBD00123092284F8503284
:1048F00084F85E2284F85752E2E76FF012033341E6
:10490000DB0717D494F85E32072B03D010D89A1E19
:10491000022A0FD8D4F86422012101FA03F31A43C2
:104920000923C4F8642284F85E3284F85A1201E044
:104930000D2B1BD094F85E32092B21D13146204635
:10494000FFF7B4FE94F85362002EB9D12046F2F777
:104950006DF9637A84F8506223F001036372FF23D8
:1049600084F85E322046F2F769F95CE7D4F86432E5
:1049700043F40053C4F86432092384F85E32D9E763
:10498000052E9DD801A353F826F000BFBF490400AF
:10499000B1490400C1480400C1480400A54904000D
:1049A000D349040000222A212046F2F7D7F83AE73B
:1049B00001222A212046F2F7D1F8354633E7204676
:1049C000F1F7E6FCD4F8643243F40073C4F86432BF
:1049D00029E7D4F8643223F40073C4F8643294F8FD
:1049E000533213B1002384F85332034B2046597AD3
:1049F000F1F7F4FC17E700BFD0200120492910B5DA
:104A0000044614D004D80D2907D00E2909D010BDB2
:104A10005129FCD1F1F755FE0BE0BDE81040F2F74B
:104A200089B8BDE8104000221E21F2F797B8F1F7CF
:104A30004EFE637803226270022B4FF0000284F86E
:104A40005022E4D104F10C00BDE8104007F0A0BDF5
:104A50001C2970B504460D4606D190F80D321BB1E5
:104A6000BDE87040F1F7B6BD244E3368ABB973684A
:104A7000CBB9B368EBB9F3680BBB33692BBB736974
:104A80004BBBB369002B2CD1F369002B2FD12946E6
:104A90002046BDE87040FFF7B1BF29462046984741
:104AA0000028E4D070BD2946204698470028E0D071
:104AB000F8E72946204698470028DCD0F2E7294647
:104AC000204698470028D8D0ECE72946204698474A
:104AD0000028D4D0E6E72946204698470028D0D0C1
:104AE000E0E72946204698470028CDD0DAE7294656
:104AF000204698470028CAD0D4E700BFF02E0120F6
:104B000090F85E32092B05D190F85302831E58426B
:104B1000584170470020704790F85302C31E584216
:104B20005841704710B50446F2F738FD2046F2F7B9
:104B30004FFD2046F2F7C4F82046F2F709FE204662
:104B4000F2F7F0FE2046BDE81040F2F75DB810B570
:104B50000446F2F723FD2046F2F73AFD2046F2F72D
:104B6000E1FE2046BDE81040F2F74EB810B504460D
:104B7000F2F7DFFD2046BDE81040F2F745B810B56A
:104B80000446F2F75EF82046F2F78CF8012384F829
:104B90000B3210BD10B50446F2F753F82046BDE8BD
:104BA0001040F2F77FB810B50446F2F73FF8204600
:104BB000F2F74CF82046F2F787F894F80B122046EB
:104BC00029B1F2F73BFE002384F80B3210BDF2F757
:104BD00013FEF8E710B50446F2F728F82046F2F77E
:104BE00035F82046F2F770F8064B5A79072A14BFB9
:104BF000597A1A212046F2F7FFFD002384F80B3280
:104C000010BD00BFD02001200C21F2F7F5BD10B57A
:104C10000446F2F7ADFC2046F2F7C4FC2046F2F75A
:104C200079FD2046BDE81040F1F7EEBF10B504460F
:104C3000F1F7FCFF2046F2F765FE2046F2F708FD8B
:104C40002046F2F73DF82046BDE81040F1F7DCBF02
:104C500038B590F851320A4AC3EBC3030B440446FB
:104C600052F823300D4603B1984794F85132054A63
:104C7000C3EBC30313445B5D84F8513238BD00BFFE
:104C8000781307005814070070B590F89A41012C6A
:104C900005460E4616D10C2907D0A1F10D03012BB4
:104CA00010D8F2F709FD204670BD524B5A79112AEF
:104CB00003D8514BD340DB0704D42846F2F7FCFC61
:104CC0000024F0E795F850322BB1012B08D195F86C
:104CD0005E320B2B04D0182E02D12846F2F7EAFDE3
:104CE000464B1C6A14F00104DDD02A2E47D005D8AB
:104CF0000C2E0FD0182EE3D1002130E03A2EDFD158
:104D0000D5F8643213F40064CDD023F40063C5F801
:104D10006432F1E7374A5379043B0D2BD0D801A117
:104D200051F823F08F4D04008B4D04005D4D0400BD
:104D3000794D0400C14C0400C14C0400C14C040076
:104D4000934D0400C14C04006D4D0400C14C04009F
:104D5000C14C0400C14C0400794D0400032195F8B6
:104D60005042C4B1012C26D001249CE795F85E3254
:104D70000B2BA5D10621F2E7137A032BF9E795F85F
:104D80005E320B2B9CD10521E9E70221E7E70121E7
:104D9000E5E70421E3E72846FFF75AFF95F851328B
:104DA000002BE1D0052BDFD00B23012485F85E32E8
:104DB00085F8504277E795F85E320B2B06D0D5F890
:104DC000643243F40063C5F864326CE72846FFF7A9
:104DD0003FFF95F85132052B01D0002BC4D1FF23A2
:104DE00085F85E32002385F850322846F1F726FF19
:104DF00059E700BFD0200120F4280200A030012094
:104E000038B590F851320A4AC3EBC3030B44044649
:104E100052F823300D4603B1984794F85132054AB1
:104E2000C3EBC30313445B5D84F8513238BD00BF4C
:104E3000901407005415070010B50446F2F788FCDB
:104E40002046BDE81040F1F7DFBE10B50446F2F78A
:104E5000BFFB2046F1F7F5FE2046F1F731FF204673
:104E6000F1F720FF012384F80B3210BD10B5044682
:104E7000F1F7E7FE2046F1F723FF2046BDE810409A
:104E8000F1F710BF10B50446F1F7D0FE2046F2F757
:104E90006FFB2046F2F73EFC2046F1F7D7FE204696
:104EA000F1F712FF94F80B12204629B1F2F7C6FC75
:104EB000002384F80B3210BDF2F79EFCF8E710B522
:104EC000437A044623F002034372F1F7AFFE94F8ED
:104ED0000B226AB906212046F1F740FE2046F1F781
:104EE000B5FE2046F1F7F0FE002384F80B3210BD2A
:104EF0002046F2F7A9FB38212046FEF765FFEDE7D3
:104F000010B5437A23F0020304464372F2F78CFB98
:104F10002046F2F79DFB2046F2F744FB2046F2F7CD
:104F2000EAFB2046BDE81040F1F76EBE10B504461E
:104F3000F2F734FB2046F2F74BFB2046F2F74CFB2E
:104F40002046F2F7BCFB2046F1F75EFE637A43F0A1
:104F5000020363722046BDE81040F2F727BC000050
:104F600010B590F85232044613B1012B20D010BD79
:104F70000429FCD801A353F821F000BF914F04008D
:104F8000BD4F04006F4F0400914F0400A34F040075
:104F9000F2F7EDFB2046F1F737FE012384F8523299
:104FA000E5E7F2F767FC2046BDE81040F2F77CBC6D
:104FB000022908D004290AD00129D8D12046BDE809
:104FC0001040F2F7E3BBF1F731FE0023E6E7BDE85E
:104FD0001040F2F74FBC00BF70B590F89A51012D08
:104FE000044616D10C2907D0A1F10D03012B10D8CE
:104FF000F2F762FB284670BD4A4B5A79112A03D852
:10500000494BD340DB0704D42046F2F755FB00257B
:10501000F0E7464B1D6A15F00105EBD01A2935D093
:1050200005D80C290BD01929F1D1042623E02A290F
:10503000EDD194F85E320B2BE9D106261BE0394BFB
:105040005B79033B082BE2D801A252F823F000BFA2
:10505000895004000F5004000F50040085500400D4
:105060000F5004000F5004000F500400755004004E
:1050700091500400022694F850525DB1012D19D0D0
:105080000125B7E70126F6E70026F4E70526F2E753
:105090000326F0E731462046FFF7B2FE94F851327E
:1050A00013F0FB0FECD00B23012584F85E3284F85B
:1050B00050529FE756BB2046FFF722FD08B394F8F5
:1050C0005E3201229A40D4F864321343C4F8643249
:1050D0000B2384F85E3231462046FFF791FE94F8A8
:1050E000513213F0FB03CBD1627A84F8503222F0B4
:1050F00002026272FF2284F85E222046F1F79EFDD2
:1051000078E72046FFF7F6F80028D8D194F85E3209
:105110000B2BE0D0D4F8643243F40063C4F864325B
:1051200068E700BFD02001204C2C0200A0300120F5
:1051300038B5304B1B6A03F01004DB06054629D551
:10514000532929D005D80C2907D03A2912D0002498
:1051500020E05429FBD1042116E0274A5379122B71
:105160001CD0132B04D0072BF1D1137A122BEED1C4
:10517000022109E0D0F8643213F480540AD023F4F9
:105180008053C0F86432002195F8504244B1012C9C
:1051900014D00124204638BD0321F5E70121F3E7AF
:1051A0002846FFF7DDFE95F85232002BF1D00C2394
:1051B000012485F85E3285F85042EBE795F85E32BF
:1051C0000C2B06D0D5F8643243F48053C5F8643212
:1051D000E0E72846FFF7C4FE95F85232002BD8D1FD
:1051E000FF2285F85E2285F850322846F1F726FD29
:1051F000D0E700BFA0300120D020012038B590F8C2
:105200005432094A01EBC303044652F823300D46D9
:1052100003B1984794F85422044B03EBC2035B5D3F
:1052200084F8543238BD00BF8815070028160700DF
:1052300001222321F1F792BC0C21F2F71BBE10B51D
:105240000446F2F795FD2046BDE8104000F008BA8C
:1052500010B5D0F8603243F400530446C0F8603211
:10526000F2F774FD2046BDE8104000F0F9B92DE9D1
:10527000F0419DF81880044648EA03001E4601EA02
:10528000080502EA030700F05CFA864204D1B04543
:1052900002D1B8F1000F02D163681B0601D53D4071
:1052A0002F46284600F04DFA0546384600F049FAE8
:1052B00094F84430022B064603D0032B14BF01237D
:1052C00004239D4208BF002594F84530022B03D0EB
:1052D000032B14BF012304239E4208BF002632463D
:1052E00029462046F2F794FD65B91EB939212046BA
:1052F000FAF778FB2046FAF78EFE2046BDE8F0412B
:10530000F1F7A4BC29462046FAF782FEF5E773B50B
:1053100090F83C3290F83D5290F83E62DA0704462D
:1053200002D500F019FA054694F83C329B0702D5E5
:1053300000F012FA064694F8B1320093204694F831
:10534000B03232462946FFF792FF204602B0BDE850
:105350007040F1F76BBC000013B5084B5A7A00920D
:1053600090F8B12290F8B0121B7A0446FFF77FFF45
:10537000204602B0BDE81040F1F758BCD020012013
:105380002A2970B5044649D005D80C2911D0202906
:1053900059D0002537E0392946D03A29F9D1D0F83B
:1053A00064329A0446D523F40053C0F864320521D0
:1053B00023E0594A5379072B2DD00D3BD9B20A2946
:1053C000E7D80A2BE5D801A151F823F00B540400CB
:1053D00093530400935304009353040017540400A0
:1053E0009353040093530400935304009353040015
:1053F000F95304004B540400022194F8505235B381
:10540000012D34D00125284670BD90F85E320D2B59
:10541000BFD10321F1E7137A162BF9E790F85E323A
:105420000D2BB6D10721E8E790F85E320D2BB0D1F5
:105430000421E2E713F48045E5D023F48043C0F86B
:1054400064320621D9E70021D7E70121D5E72046BC
:10545000FFF7D4FE94F85432002BD3D001230D2251
:1054600084F8503284F85E2284F85752CAE7022941
:1054700015D194F85E32042B0FD8012B0FD9D4F834
:105480006422012000FA03F31A430D23C4F86422B6
:1054900084F85E3284F85A0201E0072BEFD094F8CA
:1054A0005E320D2B12D12046FFF7A8FE94F854620D
:1054B000002EA7D12046F1F7B9FBFF2384F85062F4
:1054C00084F85E322046F1F7B9FB9CE7B1B10229BE
:1054D00098D1012B02D0093B012B05D801222A21AA
:1054E0002046F1F73BFB8EE72046F2F741FCD4F86B
:1054F000643243F48043C4F8643284E72046F2F710
:1055000025FCD4F8603243F40053C4F86032D4F878
:10551000643243F40053EEE7D0200120022803D088
:10552000032814BF012004207047000038B590F80C
:1055300054320C4AC3EBC3030B44044652F82330E5
:105540000D4603B1984794F85432074AC3EBC3039E
:1055500013445B5D84F854325A1F5342534184F81C
:105560005D3238BD50160700F81607000C21F2F71F
:1055700081BC000070B50446FAF74DFDD4F86032E6
:105580009E046AD523F40053C4F8603200212046FB
:10559000F2F770FC94F84450B4F83032B4F8321298
:1055A000B4F83422B4F83602022D1DD0032D1ED0DB
:1055B000012D20D10E32D2008242A8BF024692B203
:1055C00094F84560022E18D0032E19D0012E42D136
:1055D0000E33DB008B42A8BF0B469BB2B3F5A47F12
:1055E00038BF4FF4A47317E00F329200E4E7920142
:1055F00002F57472E0E70022E2E70F339B00E9E76F
:105600009B0103F574738B42A8BF0B469BB2B3F5A5
:10561000296F38BF4FF42963032DA4F8323214D117
:10562000B2F5296F38BF4FF429620C4DA4F8362229
:105630002D6AAD0611D5904201D199420DD0204678
:105640000021BDE87040F1F73DB9B2F5A47F38BF45
:105650004FF4A472E9E70023C0E770BDA030012039
:1056600010B50446F1F7EDFA2046BDE81040F1F719
:1056700019BB000010B50446F1F7D8FA064B1B8998
:105680002BB920463921BDE81040FAF7ABB92046C6
:10569000BDE81040F2F774BBD020012010B50446DD
:1056A000F2F766FB2046BDE81040FFF7D9BFFFF7D1
:1056B000F5BF10B5D0F8603243F400530446C0F88B
:1056C0006032F2F743FB2046BDE81040FFF7C8BF49
:1056D00010B50446F1F7AAFAD4F860329A0413D54B
:1056E0000A4A23F40053C4F8603253790D2B05D0D5
:1056F000112B03D0072B07D11A2100E0517A204645
:10570000BDE81040F2F7B6BB10BD00BFD0200120AD
:1057100010B50446FAF77FFCD4F860329A040FD52E
:1057200023F40053C4F8603294F8983143B163789D
:10573000032B05D020460021BDE81040F2F79ABBAC
:1057400010BD830706D410F0010301D100F004035B
:10575000184670470223FBE7054B1B6ADA054CBF6E
:10576000032001201B0548BF40F00400704700BF24
:10577000A03001202DE9F8430546C8079DF8209088
:10578000147893F8008017461E4602D5FFF7E4FF11
:1057900004468A0702D5FFF7DFFF80466B681B06C9
:1057A0000ED504EA080414F0FF040ED195F8440065
:1057B000FFF7B4FE044695F84500FFF7AFFE8046BC
:1057C0003C7086F80080BDE8F88314EA090008BF41
:1057D0002046FFF7B6FF04468046F1E710B590F883
:1057E0003C1201F00303032B86B0044608D1F1F705
:1057F0002DFA3921204606B0BDE81040FAF7F2B87C
:1058000090F83D328DF8163090F83E328DF8173012
:10581000002300930DF116020DF11703FFF7AAFF05
:1058200094F84400FFF77AFE9DF81610884209D1DB
:1058300094F84500FFF772FE9DF81730834201D1BE
:105840002046D4E720460391FAF7E2FB2046F1F721
:10585000FDF920469DF817200399F2F7AFFA20468C
:1058600006B0BDE81040F1F7CFB910B586B090F89A
:105870003D328DF8163090F83E3290F8B1228DF816
:10588000173090F8B0321340009304460DF117031F
:105890000DF1160290F83C12FFF76CFF9DF8161000
:1058A00003912046FAF7B4FB2046F1F7CFF92046E2
:1058B0009DF817200399F2F798FA204606B0BDE844
:1058C0001040F1F7A1B900002A2970B5044644D070
:1058D00005D80C290BD0202954D0002505E0392902
:1058E00041D03A294FF0000543D0284670BD644AA4
:1058F0005379072B2ED00D3BD9B20B29EDD80B2BAA
:10590000EBD801A151F823F049590400DB580400F9
:10591000DB580400DB58040055590400DB58040030
:10592000DB580400DB580400DB580400395904003C
:10593000DB58040089590400022194F850522DB319
:10594000012D33D00125D0E790F85E320D2BC4D164
:105950000321F2E7137A162BF9E790F85E320D2B4C
:10596000BBD10621E9E790F85E320D2BB5D10421B9
:10597000E3E7D0F86432B3F5005FB6D1C0F8645203
:105980000521DAE70021D8E70121D6E72046FFF715
:10599000CDFD94F85432002BD4D001230D2284F88D
:1059A000503284F85E2284F85752CBE7022917D18F
:1059B00094F85E32072B03D010D89A1E022A0FD813
:1059C000D4F86422012000FA03F31A430D23C4F82B
:1059D000642284F85E3284F85A0201E0092B16D062
:1059E00094F85E320D2B1CD12046FFF79FFD94F8F2
:1059F0005462002EA6D12046F1F718F9FF2384F84F
:105A0000506284F85E322046F1F718F96DE7D4F859
:105A1000643243F40073C4F864320D2384F85E32B8
:105A2000DEE7022913D0032917D000298AD12046A6
:105A3000F2F78CF9D4F8603243F40053C4F86032C2
:105A4000D4F8643243F40053C4F864324DE70122C1
:105A50002A212046F1F782F847E7D4F8643223F48C
:105A60000053C4F8643294F8543213B1002384F81C
:105A70005432034B2046597AF2F7FCF935E700BF60
:105A8000D020012038B505460C460F20042101F036
:105A9000D1F958B12B88837001221B0A047042701F
:105AA000C370BDE83840023801F0B0B938BD00001D
:105AB0007FB5064642F21F0334889C42084600F236
:105AC0008580B4F5005F15D840F663439C4200F032
:105AD000DA805AD840F601439C4200F0CD8040F66F
:105AE00003439C4200F0E880002C00F092800020EC
:105AF00004B070BDA4F50054013C1E2CF7D801A3DE
:105B000053F824F0935C0400F35C0400095C040087
:105B1000EF5A04000D5C0400EF5A0400EF5A040031
:105B2000EF5A0400EF5A0400EF5A0400EF5A040041
:105B3000EF5A0400EF5A0400EF5A0400815B04009E
:105B40005F5C0400655C04006F5C0400EF5A0400B5
:105B5000EF5A0400EF5A0400EF5A0400EF5A040011
:105B6000095C0400EF5A0400EF5A0400EF5A0400E5
:105B7000095C0400D35C0400DD5C0400FB5C0400F1
:105B80000220002446E04120FBE704F56F43FF3389
:105B90009BB2082BABD8A4F58054013C082CA6D8A6
:105BA00001A353F824F000BF095C0400875B0400E4
:105BB000095C0400EF5A0400EF5A0400EF5A040095
:105BC000EF5A0400EF5A0400F75C040042F24D0360
:105BD0009C4264D00AD842F24B039C4200F08D8074
:105BE00042F24C039C4282D10520CAE742F25F0395
:105BF0009C427AD042F274039C427FF478AF497899
:105C0000007802F065FD03E00920BAE702F08EFC9F
:105C100004460120318801F04DF90546002856D090
:105C2000338842F21F02934200F2BC80B3F5005F5A
:105C300065D841F20902934200F2BD80B3F5805F5E
:105C400000F2A48040F60142934206D040F663423F
:105C5000934202D0002B40F0AE802C70ABE002F0FB
:105C6000D7FCD5E711F8010B02F0DEFCD0E711F804
:105C7000010B02F003FDCBE714F009F8974BC3E9E1
:105C8000000101207DE714F002F8944BC3E9020102
:105C9000F7E713F0FCFF914BC3E90401F1E7CB7880
:105CA000897801EB03214378007800EB032009B2E7
:105CB00000B202F023FDABE702F0B6FB874B0020F9
:105CC0000021C3E90001C3E90201C3E90401012085
:105CD0000EE70021007804F0BDF899E78A78007893
:105CE0004978002304F012F892E7087803F09EFC4C
:105CF0008EE7042045E7072043E7032041E7A3F5AB
:105D00000053013B1E2B56D801A252F823F000BFCE
:105D10005B5C0400635E0400795E0400B75D040010
:105D20005B5C0400B75D0400B75D0400B75D040070
:105D3000B75D0400B75D0400B75D0400B75D040003
:105D4000B75D0400B75D0400E95D04005B5C04001E
:105D50005B5C04005B5C0400B75D0400B75D04009D
:105D6000B75D0400B75D0400B75D0400DD5D0400AD
:105D7000B75D0400B75D0400B75D0400835E0400F6
:105D80005B5C04005B5C0400BF5E0400A3F5805311
:105D9000013B082B0FD8DFE803F02C47580E0E0EFE
:105DA0000E0E5F0042F24C02934276D007D842F2C8
:105DB0004B0293426AD0681F01F028F887E742F24D
:105DC0005F0293423FF449AF42F2740293423FF4C0
:105DD00044AF42F24D029342EDD13EE700F8014B51
:105DE00008211CF0ABF9E6E7047002F00FFC6870C4
:105DF000E1E702AA0DF105010DF1060002F0E8FB52
:105E00002C709DF805206A70BDF808309DF80810C8
:105E1000A9701B0AEB702A71BDF806206A71120A7C
:105E2000AA71E9712B72C6E74122002127F0A6FA78
:105E30002A462B4B02F8014B03F1400153F8040BA7
:105E400042F8040B8B42F9D1B5E700F8014B002270
:105E5000602313F020FFAEE700F8014B02F05EFB79
:105E6000A9E703F09FFB064603F0A2FB6E70360A1B
:105E70002C70AE70E8709EE700F8014B02F0BEFB9C
:105E800099E700F8014B02F0B1FB94E701460130BD
:105E900001F8024B02F02EFC8DE702A90DF106007D
:105EA00002F02AFC2C70BDF806306B709DF90730AB
:105EB000AB70BDF90830EB701B122B717BE7002330
:105EC00002A8CDE9023303F0CBFF2870BDF80A30F9
:105ED0006B70BDF80A301B0AAB706CE7102F012005
:105EE0001930012073B5068842F20B02964204462F
:105EF0000B4606D042F20C02964229D0002002B096
:105F000070BD0A788DF8042089785A7802EB012256
:105F1000ADF800201979DA7802EB0122ADF8022001
:105F200068465A799B798DF805208DF8063002F085
:105F300015FC21880546012000F0BCFF30B1228805
:105F4000B24208BF0570053800F060FF0120D6E7B7
:105F50004978187802F054FCF8E700002DE9F04188
:105F60000388A3F50153013B86B005460C46092B77
:105F700000F2C880DFE803F00550C660888B93A06C
:105F8000ADB00878A27849788DF80000E31C0024B1
:105F90008DF801108DF8022026464FF0060E42FAC9
:105FA00006F7FF0718D506AF0EFB047793F800C07D
:105FB00093F8028007F810CC93F801C00CEB082C82
:105FC00027F814CC93F8048093F803C00CEB082C4A
:105FD00027F812CC053301340136082E01D0032CEA
:105FE000DDD101AB02F038FC04460120298800F025
:105FF00061FF0646F0B12B8842F2490293426ED807
:1060000042F24402934205D803F55F43BF339BB28B
:10601000012B68D8347066E04A790B79C97820780A
:1060200003EB0223A27802EB01229BB2617892B2C9
:1060300002F092FC012066E04B788DF801308B78FD
:106040008DF80230CB1C0A780193897A637A8DF837
:10605000002003EB0123ADF80830217BE37A92079F
:1060600003EB0123ADF80A3004D5284B93F84D30EB
:106070009B0607D5684602F0BDFC01462846FFF79F
:1060800001FDD7E73E21F9E702F012FDACE74B78BE
:10609000087800EB032080B202F026FDA4E70B464F
:1060A000684613F8012B0193CB798DF800208DF809
:1060B000083002F043FD97E70B46684613F8012BC2
:1060C0000193CB798DF800208DF8083002F06CFD3B
:1060D0008AE702F093FD87E70220002486E742F278
:1060E0004A02934203D0701F00F090FEA2E7002303
:1060F00068468DF8003002F097FD30709DF8003052
:106100007370F0E7002006B0BDE8F081F42F0120A5
:10611000038873B50A4642F22E018B4206460ED81A
:1061200042F226018B420ED9A3F50053273B072BE1
:1061300009D8DFE803F00B272D430808303442F27A
:106140004E018B4233D0002002B070BD114602F1E7
:10615000170311F8010B073204F0DEF904460120A1
:10616000318800F0A7FE0546B0B3338842F22A0218
:10617000934238D025D8A3F50053273B022B28D8CB
:106180002C7026E0114611F8010B04F0FBF9E5E74D
:1061900004F022FAE2E7107804F086FADEE753789A
:1061A000107800EB032080B204F09EFAD6E7114687
:1061B000D27911F8010B04F0A5FACFE702200024F0
:1061C000CEE742F22E02934208D842F22C029342CA
:1061D000D6D8681F00F01AFE0120B5E742F24E0241
:1061E0009342CDD0F5E700240DF107008DF807406C
:1061F00004F010FA9DF807306B702870AC70E8E777
:10620000F0B50388A3F50053063B89B00646042B7E
:106210006CD8DFE803F02256031D510011F8010B82
:1062200002F08EFD04460120318800F043FE054651
:10623000002844D0338842F2070293424BD043D81F
:1062400042F20602934244D0681F00F0DFFD36E0C0
:1062500011F8010B02F096FDE4E74B780878D1F8CD
:1062600007708C78CDF8177000EB0320CB78B1F86D
:106270000B700A798D79ADF81B7004EB03244F7B0A
:106280004B79897B8DF81E10A4B2CDE902710DF116
:106290001701CDE9005180B22146ADF81000ADF8EC
:1062A00012408DF814208DF815308DF816508DF8A9
:1062B0001D7002F0D7FCB5E7087802F085FD0120DB
:1062C00015E002200024AFE7A3F50053083B012BA3
:1062D000BAD82C70B8E7002304A88DF8103002F06B
:1062E000AFFC28709DF810306B70ADE7002009B04E
:1062F000F0BDF0B50388A3F50053353B8DB00646DD
:106300000C460B2B00F2FF80DFE813F010001800A2
:106310006C0078008200D5000C00AA00AE00B1002D
:10632000C900D000FF270220002546E011F8017BBC
:10633000384602F095FD054601203EE08A784B780C
:106340000F7803EB0223ADF80C300A79CB7803EB1E
:1063500002234A7903EB02430493CA798B7903EB56
:1063600002230A7A03EB024305934B7A8DF8183027
:106370008B7A8DF81930CB7A8DF81A3001F10C0335
:1063800007938B7C8DF82030CB7C8DF821300B7DF2
:106390008DF822304B7D8DF823308B7D8DF82430A5
:1063A000CB7D8DF8253038460B7E8DF8263003A93D
:1063B00002F058FD054660760220318800F07AFD33
:1063C0000446002838D03388A3F50053353B0B2B07
:1063D00000F28B80DFE803F095729595957B8D95A3
:1063E000959595950B4613F8040B0093CB788A7816
:1063F000497802F09FFD0546FF279DE70B4613F8FD
:10640000040B0093CB788A78497802F0AAFDF2E772
:106410000878497803AB06290F4604F102044FF0CF
:1064200000051A4628BF0627AF4204F1040403F111
:10643000060303D802F0ACFD012065E014F8046CFB
:1064400014F802CC03F8066C14F8036C06EB0C2667
:1064500023F8046C14F8016C03F8026C0135E3E7CF
:10646000087802F049FEC6E702F052FEC3E78A78D8
:106470004B780F7803EB0223ADF80C300A79CB7818
:1064800003EB0223ADF80E308A794B79384603EBE3
:10649000022303A9ADF8103002F044FE4BE78A78DE
:1064A0002078CB1C497802F057FEA4E74978207881
:1064B00002F06EFEC0E7FF27032035E703A9384648
:1064C00002F034FD25709DF80C3063700DE01F2341
:1064D00003A8ADF80C3002F0EBFD2070BDF80C30D5
:1064E0006370BDF80C301B0AA370601F00F08EFCB7
:1064F000A2E7012303A88DF80C3002F0EDFD207017
:10650000E1E70570F1E700200DB0F0BD4A780B78A7
:1065100003EB02230380CA788B7803EB02234380CA
:106520004A790B7903EB02238380CA798B7903EBD9
:106530000223C3804A7A0B7A03EB02230381CA7ACF
:106540008B7A03EB022343810C2070472DE9F34142
:1065500007460E460188BDF820501046984600F0C8
:10656000A9FC0446002800F08C803A8842F22203FD
:106570009A4215D842F21F039A422CD841F20543A1
:106580009A4272D042F215039A4274D040F62D43DB
:106590009A4258D0601F02B0BDE8F04100F036BC0E
:1065A00042F22F039A422ED007D842F223039A4296
:1065B00016D042F224039A4207E042F25C039A4268
:1065C00006D842F259039A4205D8E3D12670E1E792
:1065D00042F25D03EFE7267065702D0AA570D9E7DA
:1065E0000DF1060101A802F09DFF2670BDF80430F0
:1065F0006370BDF804301B0AA370BDF80630E37069
:106600001B0A2371C6E70DF1060301AA0DF1020171
:10661000684602F0B5FF2670BDF800306370BDF823
:1066200000301B0AA370BDF80230E3701B0A23710F
:10663000BDF8043063711B0AA371BDF80630E37125
:106640001B0A2372A6E7002398F800108DF8063085
:106650000DF10602284602F0CFFD9DF90630657067
:106660002D0A2070A570E37094E70DF1060128460D
:1066700002F0A4FDF1E7C11C284602F0E5FD207000
:10668000AAE702B0BDE8F08130B5038842F22402E7
:10669000934287B005464CD842F21202934211D879
:1066A00040F62D42934200F0A38037D840F20642D4
:1066B00093424FD040F21D42934200F0C38000202D
:1066C00007B030BDA3F50053133B112BF7D801A23F
:1066D00052F823F06F670400BF66040035680400B9
:1066E00025680400BF660400BF660400BF6604009E
:1066F000BF660400BF660400BF660400BF660400F6
:10670000BF660400BF6604008B670400B76704001F
:10671000CB670400556804000568040041F2054297
:106720009342CCD14B780C7804EB0324A4B2002321
:1067300065E042F22F02934200F0918042F26D0236
:106740009342BCD14B78087800EB032080B202F072
:1067500043FF07E04B780878897800EB032080B28C
:1067600002F096FD01462846FFF78CF921E04B78B0
:1067700011F8024B04EB0324A4B203A8FFF7C6FEF2
:1067800003A9204602F0C0FDECE74B7811F8024B5C
:1067900004EB0324A4B203A8FFF7B8FE03A9204624
:1067A00002F0F4FD00230322014600942846FFF77F
:1067B000CDFE012084E74B780C78897804EB032424
:1067C000A4B2204602F018FEECE74B780C780A7968
:1067D00004EB03244B7902EB0322CB788978A4B233
:1067E00001EB032192B289B2204602F059FED9E7AB
:1067F0000B464A7813F8024B04EB0224A4B204229D
:106800000020D1E7CA788B78087803EB02234A7816
:1068100000EB022099B280B2002402F08BFE2346E6
:106820000122C1E74B78087800EB032080B203F027
:1068300087F897E74B780C7804EB0324A4B2002385
:106840000822DDE74B78087800EB032080B202F0E5
:10685000FDFD87E70024234605222046A4E7002407
:1068600023460922F9E700BF2DE9F047174E96F8B5
:10687000283080460F46154693B9012386F8283004
:10688000C0F303294FEA112A3DB140F2031013F07F
:106890007FF8013DEDB2044620B9002386F8283088
:1068A000BDE8F08780F8008080F80190877080F85C
:1068B00003A096F829103A464B1C043086F829307C
:1068C00026F05CFD204602F079FEDDE7102F012066
:1068D00070B5058842F20E02954286B004460B461A
:1068E0002ED042F2140295422DD042F20D02954272
:1068F0003BD149781A7802EB0122ADF80020D97813
:106900009A7802EB0122ADF802201A798DF8042062
:106910005A798DF806209A1D03F10D01029203A801
:106920001A7B8DF80520FFF7F1FD03A9684602F0F8
:10693000BFFE01462046FFF7A5F8012006B070BD56
:1069400002F010FFF9E7084601F0E0FE2188064654
:10695000012000F0AFFA0028EFD02388AB4208BF37
:106960000670053800F052FAE7E706B0BDE870405F
:10697000FFF78ABE2DE9F043028842F243039A42B0
:106980008DB005460C4649D118220DEB02000021BE
:1069900026F0F4FC23788DF80C3063788DF80D30F8
:1069A000A3788DF80E30E31C627A049304F10A0395
:1069B00000248DF81420264601AF4FF00C089DF8F6
:1069C00014203241D20717D558781A7802EB0022EA
:1069D00027F82420D8789A7807EB840102EB00226C
:1069E00003F1040906AB08FB04304A804946FFF76F
:1069F0008DFD013409EB00030136082E01D0022C75
:106A0000DDD106AA01A903A802F0C8FE0146284666
:106A1000FFF738F801200DB0BDE8F0830DB0BDE8F8
:106A2000F043FFF755BF73B500220092ADF8042084
:106A3000028842F22B04A242054607D042F22C04FF
:106A4000A2421FD0FFF764FB02B070BD11F8010B2A
:106A50006A4603F0E6FD29880446072000F02AFA7A
:106A6000064668B12B88A3F500532B3B012B04D8B5
:106A700000F8014B694613F0E9F8701F00F0C6F901
:106A80000120E1E711F8010B6A4603F0EBFDE2E7B4
:106A9000028838B542F219039A42054603D0BDE890
:106AA000384000F015B8CB7A8A7A087802EB0322D6
:106AB0004B7800EB032092B201F10C0380B202315B
:106AC00003F0E4FA01462846FEF7DCFF012038BD5A
:106AD0002DE9F341064642F21702338893420846F5
:106AE0001DD00BD840F67B42934246D040F67C4204
:106AF00093424CD0002002B0BDE8F08142F21A026D
:106B000093422CD042F21B029342F3D14B780C7883
:106B100004EB0324A4B2204603F042FB28E001F179
:106B200010084146002403F0FBFA27461120318863
:106B300000F0C0F9054680B1338842F21702934253
:106B40003DD032D840F67B42934245D040F67C425D
:106B500093422FD0681F00F059F90120CBE74B7802
:106B600011F8024B04EB0324A4B2204603F0DEFA32
:106B700007464FF000080320D9E74B780C784FF018
:106B8000000804EB0324A4B205204746CFE74B7866
:106B90000C7804EB0324CB788978A4B201EB0321B1
:106BA00089B2204603F048FBE2E7A3F500531A3B05
:106BB000012BCFD86C70240A2F70AC70CAE7034643
:106BC000414603F8017B08F1100251F8040B43F829
:106BD000040B9142F9D1BDE7002320460DF10601D7
:106BE000ADF8063003F00AFBBDF80630EB706C70B0
:106BF0001B0A240A2870AC702B71ABE70388A3F53D
:106C00000153193B73B506460C46042B5FD8DFE8E9
:106C100003F0030E2A394F004B780878897800EB8F
:106C2000032080B203F026FB0122002512E04B78FE
:106C30000D780A7905EB03254B7902EB0322CB781B
:106C40008978ADB201EB032192B289B2284603F0F4
:106C50002AFB03220146009530460023FFF776FC0D
:106C6000012002B070BD4B780D78227905EB032529
:106C7000CB788978ADB201EB032189B2284603F0C5
:106C800024FBE6E74B780D788A7905EB03254B79F1
:106C9000097903EB0223E278ADB202EB0122E1793C
:106CA00000919BB2A17892B2284603F020FBD0E776
:106CB0000B79CA78207802EB03228B78497801EBB4
:106CC000032192B2637989B203F038FBACE700206C
:106CD000C7E7F0B50388A3F50053303B85B00746FE
:106CE0000C46042B6BD8DFE803F0031D263C430061
:106CF0004B780C7804EB0324A4B2052000263988D5
:106D000000F0D8F8054650B33B8842F23102934276
:106D10003CD036D842F23002934239D0681F00F09E
:106D200075F81CE08A782078497803F085FB0646E0
:106D300000240120E3E74B7808788A7900EB0320F0
:106D40004B7903EB02239BB200930B79CA788978C5
:106D500080B203F093FB01463846FEF793FE012014
:106D60002EE08A7820784978002302F0D7FFDEE70A
:106D700000250095CB788A782078497802F0E2FEE9
:106D8000D5E7A3F50053333B012BC7D82E70C5E7D9
:106D900000230DF10F0220460DF10E018DF80E308B
:106DA0008DF80F3003F012FB9DF80E209DF80F3088
:106DB0006C70240A2870AC70EA702B71AEE700206A
:106DC00005B0F0BD10B5044642F226022388934276
:106DD00008460FD042F25E0293420FD042F22502E3
:106DE000934211D103F0C0FC01462046FEF74AFE53
:106DF000012010BD203103F0B9FCF5E791F84020E7
:106E0000203103F0E3FCEFE70020F2E708B502468B
:106E100018B10648002112F0CAFD054B93F8240072
:106E200018B9BDE8084005F0C1B808BD0830012018
:106E3000F42F012038B50546881C0C4612F0A8FD39
:106E400010B105704470023038BD000070B5184EA6
:106E50000446002556F8043B7BB90135152DF9D1C0
:106E6000A578DDB1012D06D101F034F904210E2001
:106E7000FFF7E0FF38B9002004E0204698470028DB
:106E8000EBD0012070BD032343700C230570837089
:106E9000E378C3700238FFF7B9FFF2E70121102051
:106EA000FFF7C8FF0028E6D0237900F8013BF1E79F
:106EB0009C2F012038B5054605300C4612F068FDC0
:106EC00048B10E230370C47003350123240A4570B2
:106ED00083700471053038BDF8B58778022F0546F8
:106EE00003D0042F68D00020F8BD827C3A4EFF2AE0
:106EF000336934D0580501D40120F5E7736899004F
:106F0000FAD5364B96F834201B685B7B9A42F3D255
:106F100012213E20FFF78EFF04460028ECD00B2301
:106F2000037001234370AB7A8370EB7AC37005F171
:106F30000C01043012F08AFEAB7CA37205F1130140
:106F400004F10B0012F082FE6B7A637496F8343011
:106F5000013386F83430A01EFFF758FFCCE79A07BC
:106F6000C1D573689B00BED51C4B96F834201B68B6
:106F70005B7B9A42B7D2017A0C31C9B23E20FFF74F
:106F800059FF04460028AED0012307704370AB7A46
:106F90008370EB7AC37005F10C01043012F056FED9
:106FA0002A7AA27204F10B036968184626F0BEF92A
:106FB0002A7A697A8154C9E739460E20FFF73AFFE9
:106FC000044600288FD0012303700C234370202334
:106FD0008370EB78C370BEE7102F0120683001206A
:106FE0000238FFF713BF00002DE9F04F83782DED35
:106FF000028B173B83B004460E2B16D8DFE813F044
:107000000F00B000C2001500150015001500D800D3
:10701000A70106011500150015001500BF01DFF8D6
:10702000CC83D8F81030DF0401D400268EE0D8F8E5
:1070300004309E00F9D5878BDFF8B4A3D0F82090F8
:10704000E522B7FBF2F302FB1372002A18BF0133EB
:1070500098F8342052FA83F3DAF80020527B9342F6
:10706000E3DCDAF8003098F834205B7B9A42DCD21B
:10707000E52FBB4628BF4FF0E50B5FFA8BF3E72007
:1070800003F11A06009312F083FCF6B205460028BD
:10709000CBD04FF03E030370467098F834100131A6
:1070A000831CC9B2DAF8000088F83410407B8842AB
:1070B00008EE103AA7EB0B0750D1002F4ED0A18855
:1070C000002741F04001A1803E46206AB4F81CC070
:1070D000A18809EB0B03181A60451CBF01F01F01C2
:1070E00041F02001297101930D204FF00103090A9D
:1070F000EB70A8706971A179A971E81DE11D12F00A
:10710000A5FD617B6973A17BA973E17BE973217C98
:107110002974617C6974618AA97494F91310E97403
:10712000217D297505F1150004F1150112F08EFD80
:10713000009BEB765A46494605F11C0026F0F6F80E
:1071400018EE100AFFF74CFF019B2FB9304603B031
:10715000BDEC028BBDE8F08F994682E70126B4E7CB
:1071600004210E20FFF766FE00283FF45EAF4222A6
:1071700042700126202206708270E278C270FFF70A
:107180002FFFE3E7994B1A69D5037FF54EAF5B6894
:107190009C007FF54AAF01213E20FFF74BFE0028FF
:1071A0003FF443AF11220270FFF71AFF0126CDE72B
:1071B0008E4B1A6990047FF538AF5B6899007FF5B4
:1071C00034AF10213E20FFF735FE054600283FF47E
:1071D0002CAF0E23037023794370E3888370E38818
:1071E0001B0AC370237A0371637A437104F10A01A5
:1071F000063012F02BFD237C2B73638A6B73638A3A
:107200001B0AAB73237DEB732846CDE7774D2B69C3
:107210005A047FF50AAF6B689B007FF506AF47897C
:10722000DFF8CCA1C168F722B7FBF2F302FB1372BF
:10723000002A18BF013395F8342052FA83F3DAF8A4
:107240000020527B93423FF7F0AEDAF8003095F819
:1072500034205B7B01919A42BFF4E7AEF72FB94629
:1072600028BF4FF0F7095FFA89F202F10806F9200A
:107270000092F6B212F08CFB00283FF4D6AE3E230B
:107280000370467095F834C0DAF800600CF1010C18
:107290005FFA8CFC85F834C0767B831C6645DDE99B
:1072A000002107EE903AA7EB09084BD1B8F1000F87
:1072B00048D002264FF0000866724646E368B4F8EC
:1072C0000AE001EB090BABEB030CF4453CD194F85D
:1072D00009C0ACF1020EDEF1000C4CEB0E0C4FEAD3
:1072E0004C0C4FF00F0E80F802E0B4F804E080F888
:1072F00003E0B4F804E04FEA1E2E80F804E094F8AE
:1073000006E080F805E094F807E080F806E094F8DD
:1073100008E080F807E080F808C042723FB14A46B2
:107320000A30CDED007A26F001F8DDED007A17EE97
:10733000900AFFF755FEB8F1000F3FF407AF47463C
:10734000594682E70126B9E74FF0010CC9E7274B00
:107350001A6910047FF569AE5B6899007FF565AE28
:1073600003213E20FFF766FD00283FF45EAE1022A9
:107370000270A2884270A288120A827014E71B4B26
:107380001A6912027FF551AE5B689B007FF54DAE26
:1073900014213E20FFF74EFD054600283FF445AE80
:1073A0001823037023794370E3888370E3881B0AF2
:1073B000C3702389037123891B0A43716389837115
:1073C00063891B0AC371237B0372637B437204F1DD
:1073D0000E010A3012F03AFC237D2B74E38A6B74A1
:1073E000E38A1B0AAB74237EEB740DE7102F012098
:1073F0006830012038B58378032B054601D0002082
:1074000038BD04210E20FFF715FD0028F7D00A2310
:1074100043700124202304708370EB78C37002381A
:10742000FFF7F4FC2046EBE783781A3B70B505467E
:10743000032B0AD8DFE803F0022A3A562F4B304ECE
:107440001B68327F9B7D9A4201D3002070BD336957
:107450005803FAD573689900F7D509213E20FFF744
:10746000E9FC04460028F0D0132303702B79437005
:107470006B798370A91D033012F0E8FB337F013371
:107480003377A01EFFF7C2FC0120DFE704210E20A6
:10749000FFF7D0FC04460028D7D00123037039231E
:1074A00063702023A3702B79E370EAE7144B1A6909
:1074B0009203CAD55B689B00C7D506213E20FFF723
:1074C000B9FC04460028C0D0122303702B79437006
:1074D0006B798370EB88C370EB881B0A03712B7A7E
:1074E0004371CEE704210E20FFF7A4FC04460028D8
:1074F000ABD0012303704023D2E700BF68300120E6
:10750000102F012008B5C278837803EB0223074AC5
:10751000116A01311162516A11FA83F3536212F058
:1075200043FA012002F056F8012008BD102F012077
:10753000114B70B55D8D04460E4685B905211320AB
:10754000FFF778FCB8B144700123240A03708470FB
:10755000C6700571BDE870400238FFF757BCDA6AA3
:107560000132DA621A6B2A441A630A462946BDE8D8
:107570007040FFF779B970BD102F012010B502F0EF
:1075800027F8044610B90024204610BD044B9B7F09
:10759000002BF9D0FFF7B6FF0028F4D1F4E700BFC5
:1075A000102F012010B5094CA37F43B102F010F851
:1075B00028B1A37F43B1BDE81040FFF7A3BFBDE8EA
:1075C0001040002004F0F2BC10BD00BF102F0120BD
:1075D00038B58378122B054614D8042B1BD9053BEC
:1075E0000D2B18D8DFE813F0190057006C001700B6
:1075F000DF00C000170017001700170017009300E6
:10760000170000012E2B00F01B812F2B00F03D8175
:107610002D2B00F0F880002038BDAA4B1A69D20744
:10762000F9D55B689B00F6D513213E20FFF702FCDD
:1076300004460028EFD0012202702B794370EB88BA
:107640008370EB881B0AC3702B7A03716B7A991EC7
:10765000914288BF637100F106008EBF05F10A01F7
:10766000627105F11D0112F0F1FA2B8A23732B8A46
:107670001B0A63736B8AA3736B8A1B0AE373AB8A5F
:107680002374AB8A1B0A6374AB7DA374A01EFFF73F
:10769000BDFB0120C0E78B4B1B68DC06BBD504217A
:1076A0000520FFF7C7FB04460028B4D02B790370F0
:1076B000EB884370EB881B0A83702B7AC370E5E775
:1076C000804B1A695007A6D55B689900A3D50A219B
:1076D0003E20FFF7AFFB044600289CD00323037035
:1076E0002B794370EB888370EB881B0AC3702B895E
:1076F00003712B891B0A43716B8983716B891B0A88
:10770000C371AB890372AB891B0A4372BEE76D4B31
:107710001A6992067FF57FAF5B689C007FF57BAFAF
:107720000B213E20FFF786FB044600283FF473AF91
:1077300006232370AB886370AB881B0AA370EB88A9
:10774000E370EB881B0A23712B8963712B891B0A59
:10775000A3716B89E3716B891B0A2372AB89637216
:10776000AB891B0AA37291E7564B1A6910077FF584
:1077700052AF5B6899007FF54EAF0C213E20FFF7BA
:1077800059FB044600283FF446AF042303702B79CD
:107790004370EB888370EB881B0AC370AB6843604F
:1077A000EB68836072E7474B1B681A057FF533AFC0
:1077B00008210C20FFF73EFB044600283FF42BAFC6
:1077C0002B790370EB884370EB881B0A83702B7A4C
:1077D000C3706B8903716B891B0A4371AB89837119
:1077E000AB891B0AC37151E7364B1B695B067FF5FA
:1077F00012AF0B213E20FFF71DFB044600283FF48B
:107800000AAF072395E72F4B1A6954007FF503AFA2
:107810005B6898007FF5FFAE05213E20FFF70AFB6D
:10782000044600283FF4F7AE1F2303702B79437002
:10783000EB888370EB881B0AC3702B7A237125E7D2
:10784000204B5A69D1077FF5E6AE5B689A007FF559
:10785000E2AE09213E20FFF7EDFA044600283FF48E
:10786000DAAE212303702B794370EB888370EB88A9
:107870001B0AC3702B7A03716B7A4371AB7A8371E5
:10788000EB7AC3712B7B037200E70E4B1A69002A57
:10789000BFF6C1AE5B689B007FF5BDAE05213E2003
:1078A000FFF7C8FA044600283FF4B5AE2023037062
:1078B000AB884370AB881B0A8370AB79C370EB79DC
:1078C000BCE700BF102F01208378212B10B50446A0
:1078D00001D0002010BD0D4B1A691203F9D55B6869
:1078E0009B00F6D504213E20FFF7A4FA0028F0D033
:1078F00014230370A3884370A3881B0A8370A379A1
:10790000C3700238FFF782FA0120E3E7102F01204D
:1079100038B58378082B044611D104210E20FFF7D7
:1079200089FA58B10E234370012520230570837016
:107930002379C3700238FFF769FA284638BDBDE8DD
:107940003840FFF745BE000038B58378052B054663
:1079500001D0002038BD214B1A699205F9D55B682A
:107960009B00F6D51F213E20FFF764FA044600284D
:10797000EFD00A2303702B794370EB888370EB8878
:107980001B0AC3702B7A03716B7A437105F10A01EC
:10799000063012F05BF905F1170104F10C0012F04A
:1079A00055F905F11D0104F1120012F04FF92B8A6F
:1079B00023762B8A1B0A63766B8AA3766B8A1B0A53
:1079C000E376AB8A2377AB8A1B0A6377AB7DA37719
:1079D000A01EFFF71BFA0120BCE700BF102F0120FB
:1079E00000F000B883780B3B10B50446062B09D88D
:1079F000DFE803F0041E300808085500304B1B6810
:107A00001B0601D4002010BD04210820FFF712FA44
:107A10000028F7D023790370E3884370E3881B0ABA
:107A20008370237AC3700238FFF7F0F90120EAE788
:107A3000234B5B681804E5D503213020FFF7FAF9E2
:107A40000028DFD023790370E3884370E3881B0AA2
:107A50008370E8E71A4B1A69D1061CD55B689A0057
:107A600019D50D213E20FFF7E5F9A0B105230370DC
:107A7000A3884370A3881B0A8370D4F80630C0F82B
:107A80000330D4F80A30C0F80730E389C372E389C1
:107A90001B0A0373C7E7A08802F082FBB2E7084B1A
:107AA0009B681B02AED502215720FFF7C3F90028BF
:107AB000A8D0A3880370A3881B0A4370B3E700BF54
:107AC000102F01208378162B10B5044601D000201A
:107AD00010BD0F4B1A691205F9D55B689B00F6D5EE
:107AE00006213E20FFF7A6F90028F0D00C230370F2
:107AF00023794370E3888370E3881B0AC370237A79
:107B00000371637A43710238FFF780F90120DFE7E0
:107B1000102F012038B58378132B04464FF0000551
:107B200003D0142B29D0002038BD214B1A69100630
:107B3000F9D55B689900F6D542213E20FFF77AF926
:107B40000028F0D0082303704570631D821C04F1E7
:107B5000250153F8045B42F8045B8B42F9D100F134
:107B60002202453453F8041B42F8041BA342F9D106
:107B70000238FFF74BF90120D6E70D4B1A69D20501
:107B8000D1D55B689B00CED522213E20FFF752F96C
:107B90000028C8D00923037023794370821C631D19
:107BA000253453F8041B42F8041BA342F9D1DFE744
:107BB000102F012010B50E4B0E4A0F49044600202D
:107BC00004F0E0F90D4804F0EBF90D4B682218467B
:107BD000002125F0D3FB382204700021094825F04C
:107BE000CDFB094800F032FCBDE8104000F072BA4D
:107BF00031800400C97F0400717F0400BD8004004F
:107C0000F42F0120102F01204D6E0400034B044A75
:107C10001A61044B044A1A61704700BF482F0120C3
:107C2000E55E04009C2F0120D96E04000449054B39
:107C30000548064A48615A6188619A61704700BFE9
:107C4000482F01209C2F01205D5F0400E96F040094
:107C5000034A13681BB903491160034A1360704754
:107C6000482F0120116104009C2F0120034B044A7E
:107C7000DA61044B044ADA61704700BF482F0120E3
:107C8000016204009C2F0120F57304000449054B98
:107C90000548064A08621A6248625A62704700BF85
:107CA000482F01209C2F0120F36204002974040056
:107CB00008B50849084800F0FBFB084B5A6822B990
:107CC000074A5A60074B084A5A60084B084A1A602C
:107CD00008BD00BFA575040031750400482F0120C0
:107CE000896604009C2F0120D17504005C300120BE
:107CF0007D750400014B024A9A6070479C2F012059
:107D0000C978040008B50749074800F0D1FB074BC4
:107D1000074A5A60074B084A5A60084B084A1A60DB
:107D200008BD00BFA575040031750400482F01206F
:107D3000D16804009C2F0120117904005C300120DF
:107D40007D75040008B50749074800F0B1FB074BF3
:107D5000074A5A60074B084A5A60084B084A1A609B
:107D600008BD00BFA575040031750400482F01202F
:107D7000756904009C2F0120117904005C300120FA
:107D80007D750400034B044A1A60044B044A1A60D0
:107D9000704700BF482F0120276A04009C2F012054
:107DA00049790400034B044ADA60044B044ADA6060
:107DB000704700BF482F0120916A04009C2F0120CA
:107DC000E1790400044BDA6822B9044ADA60044B12
:107DD000044ADA60704700BF482F0120D16A0400CE
:107DE0009C2F0120E5790400054B1B681B79092BAA
:107DF00005D9044B044A1A63044B00221A637047E6
:107E000068300120482F0120FD6B04009C2F0120C9
:107E1000034B044ADA62044B044ADA62704700BF3B
:107E2000482F0120D36C04009C2F0120C57A040048
:107E3000034B044A9A62044B044A9A62704700BF9B
:107E4000482F0120C56D04009C2F0120157B0400E4
:107E50002DE9F74F8046002018F090FF054610B13D
:107E600018F07EFF064618F0010F06D03A4C01A923
:107E7000204611F0B2FD002838D118F0020F08D0CA
:107E8000DFF8E4900DF10301484611F0A6FD044629
:107E900078BB18F0040F09D0304B002083F8240081
:107EA00004F084F82E4B9B6903B1984718F0080F33
:107EB0000AD001211020FEF7BDFF28B1284A527FC9
:107EC00000F80229FEF7A2FF6DB1002018F056FF5E
:107ED00048B118F045FF314603F0AAFF214B1A883C
:107EE000824200D2188003B0BDE8F08F01F066FB3B
:107EF000BDE76278237803EB0223ADF8043004F188
:107F0000030AA3788DF80630514601A8FDF7D0FD8D
:107F1000F0B9DFF858B007465BF8043B9BB901376E
:107F2000152FF9D104210F20FEF784FF80B1BDF891
:107F3000042082700121120A01704170C27002385F
:107F4000FEF764FF04E0514601A898470028E6D0F8
:107F5000204611F029FD95E7F82F0120F42F01208C
:107F6000102F0120F02F012000300120482F012088
:107F7000012838B50A46044616D0032808D0D8B9D7
:107F8000104D014605F10C0011F011FD022111E028
:107F90000C4C002104F11C0011F009FD2078102187
:107FA000BDE8384015F048BD064D0021281D11F0F0
:107FB000FEFC21462878F3E7BDE83840084611F07A
:107FC000F3BC00BFF42F012010B50446012C084675
:107FD00023D0022C1AD10B783E2B15D18B78132B82
:107FE00012D801229A404AF604010A4206D1132B04
:107FF0000AD10D4A137F013B137705E00A4A92F834
:108000003430013B82F8343011F0CEFC074BBDE830
:1080100010401878042115F00FBD11F0C5FC204662
:1080200001F0D8FAF2E700BF102F0120F42F012051
:108030002DE9F3411E4F97F8248006460D4614465D
:10804000B8F1000F30D10DF1070107F1140011F064
:10805000C4FC68B14378022202334FF0010887F86C
:10806000248032702B802060404602B0BDE8F08151
:10807000104B1B684BB1984738B18378C2780433F2
:1080800003EB02239BB20322E7E70B4B1B68002B99
:10809000EAD098470028E7D08378C278043303EB0E
:1080A00002239BB20122D8E74FF00008DCE700BFB3
:1080B000F42F0120603001205C300120034B587701
:1080C000034B0821187815F0B7BC00BF102F012012
:1080D000F42F012010B5094C3022002104F10800D2
:1080E00025F04CF94FF0FF3241F6FF73C4E900234D
:1080F0001F220023C4E9042310BD00BF102F01205C
:108100008B4BC02230B583F82A20282283F83320F5
:10811000022283F8342083F85120012283F8522070
:10812000844A042183F83B1050684CF21701D98728
:1081300047F68301A3F8401018B393F82510B3F85D
:10814000464041F0200183F8251093F8271061F094
:108150007F0183F8271093F82F1041F0040183F872
:108160002F10222183F83410B72183F8401093F8A0
:10817000481044F4F87441F00801A3F8464083F82D
:108180004810116929B1002840F0C480CC2183F83F
:108190003F10D16941B1F72183F83E1093F83F10A9
:1081A00041F0030183F83F10D16879B170B193F8C1
:1081B000401041F0400183F840107F2183F84110C6
:1081C00093F8451041F0300183F845101168D1B1A2
:1081D00093F8474044F0780183F8471093F848102B
:1081E00041F0060583F8485093F84C5045F00405DB
:1081F00083F84C5038B164F0070441F0070183F86C
:10820000474083F84810916A29B193F8471041F02C
:10821000060183F84710D16A29B1B3F8481041F438
:10822000F871A3F84810116A89B193F8491061F008
:10823000010183F8491093F84A1041F0030183F8D3
:108240004A1093F84C1041F0030183F84C10516927
:1082500039B193F84A10002866D141F0600183F8E3
:108260004A10516A29B193F84A1041F01C0183F871
:108270004A109169002914BFFF21802183F84B1017
:10828000116B59B193F84D1061F01F0183F84D1037
:1082900093F84E1041F0030183F84E10516B29B151
:1082A000B3F84E1041F4F061A3F84E10916B29B170
:1082B00093F84F1041F0180183F84F10D16B29B19A
:1082C00093F8501041F0030183F85010116C29B15C
:1082D00093F84F1061F01F0183F84F10516C81B17A
:1082E00093F84E1041F0600183F84E1093F850104F
:1082F00061F01F0183F850101F2183F8511083F89B
:108300005210926C2AB193F8512042F00F0283F878
:10831000512030BDFC2183F83F1093F8401041F00C
:10832000080183F8401034E761F01F0197E700BFB0
:10833000F42F0120482F0120014B1860704700BF27
:108340006830012038B51C4C2073F3F745FE1B4BF9
:108350001B481A6813881D0A1B061843C4E90C053C
:10836000184B002183F8381019601971997119722E
:1083700092F8311092F83030003918BF0121003BDB
:1083800018BF01231B0243EAC123216A0B4392F861
:10839000321092F83320003918BF0121003A43EA25
:1083A000412318BF012243EA8223236202F0E2FA4A
:1083B000BDE8384001F054BEE030012068300120B3
:1083C00056341200A03001202DE9F041074600206C
:1083D0000E4618F0D3FC054610B118F0C1FC8046DB
:1083E00057B1002447FA04F3DB0702D5E0B2F3F7F4
:1083F0009DFE01340B2CF5D116B13046F3F752FE39
:108400006DB1002018F0BAFC48B118F0A9FC414643
:1084100003F00EFD034B1A88824238BF1880BDE876
:10842000F08100BF6430012008B5042011F0B0FADB
:10843000014640B1FF2343800380034B187BBDE816
:10844000084011F0BABA08BDE0300120014B1860B5
:10845000704700BFE030012008B502F0F1FBBDE835
:108460000840F4F749B9F4F7B9BD08B502F0E8FBE4
:10847000F4F784FDF4F79AFEF4F7BAFEBDE808407D
:10848000F4F7D2BE08B502F0FFFBBDE80840F5F7EF
:10849000DDBBF5F7D9BF08B502F0F6FBF5F798FF9D
:1084A000BDE80840F6F7A2BEF7F716BDF6F7A2BF83
:1084B000014BC3E901017047E030012008B502F02B
:1084C000A3FBBDE80840F8F7ABBC08B502F09CFB85
:1084D000BDE80840F8F704BDF8F778BEF9F7CAB868
:1084E000F9F73AB9F9F7EAB908B502F0B7FBBDE810
:1084F0000840F9F777BA08B502F0BAFBBDE80840C2
:10850000F9F754BCF9F76CBC08B511F0D3FB024B7A
:10851000C3E90C0108BD00BFE0300120024BD3E9E4
:108520000C2311F0CDBB00BFE0300120F8B5244D85
:108530006B7806462BB1234B5B7CDA0701D50C2008
:10854000F8BDEB787BB1F4F777F904460028F6D153
:108550001D4F3B683BB13B68E0B298470028EED125
:108560000134032CF7D12B797BB1F8F741FE044697
:108570000028E4D1154F3B683BB13B68E0B2984717
:108580000028DCD10134032CF7D1304611F092FBE6
:1085900001F44043B3F5404F06460C4601D00B04AE
:1085A0000CD415F03DFA0123EB7340F20113C5E939
:1085B00006642B8215F036FA0020C1E71220BFE7CF
:1085C000A030012078310120703001206C30012072
:1085D000054B30B51C6825880580207908701B681C
:1085E0005B88138030BD00BF68300120024BD3E9A7
:1085F0000E2311F050BB00BFE0300120024BD3E945
:10860000082311F048BB00BFA0300120ECF76CBC80
:1086100010B5044B9C791CB9ECF76CFC204610BDDE
:108620000C24FBE7A030012038B5124B1B681B79E6
:10863000082B0546084603D8012D05D912240AE067
:10864000AB1EDBB2FC2BF9D90B4B9C7984B9FF2D07
:1086500003D1ECF7A3FC204638BD11F02BFB0246FA
:108660000B462846ECF750FC002808BF0724F2E729
:108670000C24F0E768300120A030012038B5124BFF
:108680001B681B79082B0446084603D8012C05D922
:1086900012250AE0A31EDBB2FC2BF9D90B4B9D7906
:1086A0007DB9FF2C03D1ECF77FFC284638BD11F0D3
:1086B00001FB02460B462046ECF746FC0028F4D1AD
:1086C000E6E70C25F1E700BF68300120A03001206B
:1086D000202808D1064A107838B9536A23F00103DC
:1086E000194351627047112070470C20704700BF3A
:1086F000A030012019F0B6BA19F0BABA08B519F0CD
:10870000C5FA00280CBF1220002008BD37B54378F9
:108710008278017912041B029B1802782CBF012574
:1087200000259B18C2784FEA026245F100059C18AB
:1087300041EB05012046019102F0B4F8012809D966
:10874000019911F4787F05D1204603B0BDE830408F
:10875000F3F744BD122003B030BD00002DE9F04115
:10876000254D2B6A1A0654BF012603265B0654BF0B
:1087700001270327804602F061F9C0B3EC782B791A
:108780001C4334D1B8F80020B2F5804F31D8B8F886
:1087900002309A422DD3032B2BD998F80430012BA9
:1087A00027D898F80530BB4223D898F80630B34252
:1087B0001FD80C2011F0ECF80146A8B140F202439A
:1087C0004380B8F800308380B8F80230C38098F84E
:1087D0000430037298F80530437298F806308372BB
:1087E000064B187B11F0E9F82046BDE8F0810C2417
:1087F000FAE71224F8E700BFA0300120E0300120A2
:1088000038B504460D4602F019F920B90C20BDE830
:10881000384002F08AB8012C06D10D4B587902F08D
:10882000F5F808B91220F2E7062011F0B1F8014678
:1088300060B10223002C837018BF0123C370054B65
:108840000571187BBDE8384011F0B7B838BD00BFDE
:108850003C310120E03001202DE9F84FDFF8F490A1
:108860001E46D9F820308846190654BF4FF0010A39
:108870004FF0030A15465A0654BF4FF0010B4FF054
:10888000030B074602F0E6F848B399F8034099F85D
:1088900004301C4323D1BB4517D3C24515D315F073
:1088A000FA0F12D115F0040A03D0D9F820301B05B5
:1088B00017D515F0010548D0738832889A4204D341
:1088C000032B02D93379012B0DD912243AE0002071
:1088D000F4F7DEFB002522E0F4F7DAFB30E00C24AD
:1088E00030E011242EE0BAF1000F0ED00123062251
:1088F0005343F218F35A51888B42E6D30329E4D943
:108900001379012BE1D8002DE1D00020F4F7B6FB5C
:108910003346424639460020F4F7C6FB01250220C3
:10892000BAF1000FD8D0F4F7A9FB062303FB0563C7
:10893000424639460220F4F7B7FB05F1010A5546D5
:1089400089F80C502046BDE8F88FBAF1000FBED070
:108950002B46CCE7A03001202DE9F041234E0F46F5
:108960000A2101FB02F54FF4A06202FB03F4337B02
:10897000737300238046B37302F06CF830B901239F
:1089800073730C20BDE8F04102F08CB8B8F1010F10
:1089900010D1022F03D9012373731220F2E706D1FD
:1089A000002CF8D0002DF6D0A54203D3F3E70CB18C
:1089B000002DF9D1F4F744FB0028ECD0102010F082
:1089C000E7FF014680B10723B8F1000F8370C0E9CB
:1089D000025414BF01230223C370054B0771BDE885
:1089E000F041187B10F0E9BFBDE8F081A030012014
:1089F000E030012070B5044602F02CF810B90C25C7
:108A0000284670BDA378012B49D863780F2B46D830
:108A10002389B3F5FA7F42D2237813F0FC0F3ED1BD
:108A200063890A3B9BB243F6F672934237D8F4F758
:108A300097FB0028E3D060686578A67811F03AF9D2
:108A400002460B4628463146F4F792FB054640BBEA
:108A5000F4F75CFE022826D8182010F099FF06468D
:108A60000028CDD040F20B134380606811F022F94A
:108A7000C6E90201A378F3716378B371237803F038
:108A80000102C3F340033271737123893382638916
:108A90007382064B3146187B10F08FFFB0E712252A
:108AA000AEE70B25ACE70725AAE700BFE0300120C1
:108AB00008B501F0CFFF08B90C2008BDF3F7E2FEBE
:108AC0000028F9D0382010F063FF0028F5D040F2DC
:108AD0000B234380034B0146187B10F06EFF0020F0
:108AE000EBE700BFE030012038B5054601F0B2FFEA
:108AF00010B90C24204638BDB5F5706F17D2284642
:108B0000F4F716FEA8B1F3F7BDFE04460028F0D135
:108B1000382010F03DFF01460028EBD040F20D2335
:108B20004380054B0580187B10F047FFE2E71224D5
:108B3000E0E74224DEE700BFE030012030B585B039
:108B4000044601F087FF18B90C25284605B030BD52
:108B5000144BDB79002BF7D12378012B01D9122597
:108B6000F3E7237A0F2BFAD8F3F78CFE0028EBD12A
:108B7000606811F09FF80B46217A00910246207838
:108B8000CDE90232EBF712FE05460028E7D1217A43
:108B900020780091DDE90232EBF736FE002808BFAD
:108BA0000725D2E7A030012037B5054601F052FF76
:108BB00018B90C24204603B030BD0F4BDB79002BD5
:108BC000F7D12B78012B15D82B7A0F2B12D8F3F76E
:108BD00059FE04460028ECD1686811F06BF80B468A
:108BE000297A009102462878EBF72CFE002808BF6E
:108BF0004224DFE71224DDE7A030012010B501F0A8
:108C000029FF10B90C24204610BD064BDB79002B40
:108C1000F8D1F3F737FE04460028F3D1EBF7EEFD69
:108C2000F1E700BFA030012010B5044601F012FFAB
:108C300020B1EBF7DDFD2070002010BD0C20FCE71B
:108C400010B5044601F0FAFE40B1054B002193F93E
:108C5000280019F025F82070002010BD0C20FCE73A
:108C6000A03001202DE9F74F334C9DF838909DF846
:108C70003CB098469DF830300193236A5B0654BFA0
:108C80000125032507468A46164601F0D7FE70B136
:108C9000647864B9012E0CD01F2F06D9574504D82B
:108CA000BAF5804F01D8042E06D9122440E00C24D6
:108CB0003EE04545F9D306E04545F6D3042E02D003
:108CC00018F0020F05D00D9B002BEED0019B012B5D
:108CD000EBD819F0F80FE8D1B9F1000FE5D0012E6B
:108CE00004D0042E02D0BBF1030FDED8282010F0F0
:108CF0004FFE0546E0B140F20453438040F2712339
:108D00005F4303FB0AF3C360019B837487600674AF
:108D100080F8118080F8209080F821B00D9810F034
:108D2000C9FF064BC5E90601187B294610F045FE30
:108D3000204603B0BDE8F08FA0300120E0300120D4
:108D400038B504460D4601F079FE90B11F2C12D8BB
:108D500014F066FE22462946084824F0E7FA084B3C
:108D6000012283F8474083F8482014F05BFE00207E
:108D700038BD0C20FCE71220FAE700BFA03101202B
:108D80007831012038B504460D4601F057FE90B108
:108D90001F2C12D814F044FE22462946084824F01D
:108DA000C5FA084B012283F8684083F8692014F063
:108DB00039FE002038BD0C20FCE71220FAE700BF86
:108DC000C13101207831012038B5054601F036FE69
:108DD00020B90C20BDE8384001F098BD1C4C237C24
:108DE000012B01D9042B06D11A4B1B4A1B681278A0
:108DF0009B7E9A42EDD0012D1CD1607C01F006FED5
:108E0000C0B9237C032B13D1D4E90623A07CECF753
:108E100026F868B1042010F0BBFD014640B14FF4C4
:108E2000827343800D4B187BBDE8384010F0C5BD00
:108E30001220CFE7042010F0ABFD014638B1042327
:108E4000002D837014BF01230223C370EAE738BDED
:108E50007831012068300120A0300120E03001206D
:108E6000F5F7B2BBF8B506460D4602F0BBFF044667
:108E700001F0F0FD00284ED0EF2E4ED8D5E901705C
:108E8000B84227D32A881D2A16D01F2F22D91F287F
:108E900020D9244963080133A3FB01319B0F43EA26
:108EA0008103BB4227D3834225D322F07F038BB9B2
:108EB00002F01303032B0DD012F0100102D012F0B8
:108EC000600F07D1940601D5900703D1AB7D19B18E
:108ED000012B09D012201FE003F0FD02012AF9D175
:108EE0002A7E013A022AF5D82A7E022A05D10E4AA4
:108EF000126AD20513D411200EE0032B01D0032AED
:108F000003D1094B1B6A1B05F5D529463046BDE840
:108F1000F840F5F715BC0C20F8BD3020FCE7032B1A
:108F2000EEE700BFE3361A00A030012081230B706A
:108F3000F5F71CBB30B585B0CDE90221089D019342
:108F4000044601F087FD48B1DDE901320399089537
:108F5000204605B0BDE83040F5F7CEBC0C2005B08A
:108F600030BD30B585B0CDE90221089D019304469E
:108F700001F070FD48B1DDE9013203990895204602
:108F800005B0BDE83040F5F731BE0C2005B030BD6E
:108F90002DE9F347444EB37A07460C4615461BB1FC
:108FA0000C21002001F0E6FD0023F37201F052FDD8
:108FB00038B90123B3720C2102B0BDE8F04701F0CB
:108FC000D9BD062C33D804B98FBBA9464FF0000A8F
:108FD000544531D8002C45D0002FDFF8D0A014BF65
:108FE0004FF001084FF0020800274FF008090C204D
:108FF00010F0CEFC014690B12B78038080F80290EF
:1090000080F803806B880A22534343602B790372F4
:10901000B37A9AF80C000133B37210F0CEFC01372A
:10902000BC4205F10605E2D802B0BDE8F087012395
:10903000B37212210020BFE799F80000C846F5F787
:1090400061FA30B949463846F5F744FA09F106099C
:1090500028B10123B372014698F80000ACE70AF189
:10906000010AB5E768460094ADF80440F5F78EFABA
:10907000DFF8388005464FF40277A542D4D90C209A
:1090800010F086FC014668B11DF80430038000230F
:10909000478043600372B37A98F80C000133B372CF
:1090A00010F08BFC0134E8E7A0300120E030012013
:1090B00010B5044601F0CEFC50B1064B1B68DB89AD
:1090C00040F27262934228BF13462380002010BDF5
:1090D0000C20FCE76830012010B5044601F0BAFC12
:1090E00028B1044B1B681B7B2370002010BD0C2093
:1090F000FCE700BF6830012010B5044601F0AAFC6F
:1091000020B12046BDE81040F5F7B4BD0C2010BDDD
:1091100008B501F09FFC18B1BDE80840F5F7C6BDE1
:109120000C2008BD38B505460C4601F093FC68B12B
:10913000EF2D0DD8238862889A420BD3052B09D9CD
:1091400021462846BDE83840F5F714BC0C2038BD50
:109150003020FCE71220FAE737B50446CDE90032AB
:109160000D4601F077FC60B1EF2C0DD8032D0DD822
:10917000DDE900322946204603B0BDE83040F5F76E
:1091800035BC0C2003B030BD3020FBE71220F9E7DE
:1091900038B505460C4601F05DFC28B90C21204687
:1091A000BDE8384001F01DBDEF2C01D93021F6E7B4
:1091B00029462046BDE83840F5F7E8BC38B50446F6
:1091C0000D4614F02DFC0B4B1B689B7EA34206D86A
:1091D0007F200224287014F025FC204638BD20464C
:1091E000F6F78EFB0028F3D02046F6F7A5FB002407
:1091F000F0E700BF6830012070B505460C46164602
:1092000014F00EFC0F4B1B689B7EAB4207D86FF02F
:109210001D000224307014F005FC204670BD284665
:10922000F6F76EFB0028F2D0012C04D83CB9284692
:10923000F6F78EFBEEE76FF01D001224EAE714202C
:109240000024E7E76830012038B505460C4614F0E5
:10925000E7FB0E4B1B689B7EAB4204D8022414F044
:10926000E1FB204638BD2846F6F74AFB0028F5D03A
:109270002846F6F779FB030A20706370030C000E92
:10928000A370E07021710024E9E700BF683001207D
:1092900070B51B4E33689A7E93F829301344984278
:1092A00004460D4601DB022070BD824218D9F6F754
:1092B00027FB0028F7D033689B7EA34210D90620F5
:1092C00010F066FB014608B90020EDE7048041F28A
:1092D00001734B800B4B0D71187B10F06EFBF3E7A5
:1092E0002046F6F717FB48B1062010F051FB014667
:1092F0000028E9D0048041F20F73EAE70C20D3E79D
:1093000068300120E030012070B51D4B1B689B7E4A
:10931000834206460D4602D80224204670BDF6F769
:10932000EFFA0028F8D015213046F6F7B5F80128F5
:1093300001D10C24F1E73046F6F7F4FA012803D105
:10934000104B1B6A9B07F4D52846F6F77BF80446BA
:109350000028E2D1102010F01BFB01460028DCD0D1
:1093600041F2015343802B6843606B688360AB68B4
:10937000C360054B0680187B10F01FFBCDE700BFD4
:1093800068300120A0300120E030012070B5184B7A
:109390001B689B7E834206460D4602D80224204667
:1093A00070BDF6F7ADFA0028F8D001213046F6F787
:1093B0000BFBD0B12846F6F745F804460028EED15D
:1093C000102010F0E5FA01460028E8D041F60153DC
:1093D00043802B6843606B688360AB68C360054B58
:1093E0000680187B10F0E9FAD9E70C24D7E700BF14
:1093F00068300120E030012038B5124B1B689B7E9D
:10940000834204460D4601D8022038BDF6F778FAAB
:109410000028F9D001212046F6F7D6FA80B10620BF
:1094200010F0B6FA0028F0D041F601634380064BF5
:10943000048005710146187B10F0BFFA0020E4E7B4
:109440000C20E2E768300120E030012010B5124B1B
:109450001B689B7E8342044601D8022010BDF6F7AC
:109460004FFA0028F9D01C212046F6F715F80128FC
:109470000FD0042010F08CFA01460028EED041F6FF
:1094800001434380054B0480187B10F096FA0020BE
:10949000E4E70C20E2E700BF68300120E030012063
:1094A000F8B51E4F3B689B7E834205460E46144628
:1094B00001D80220F8BDF6F723FA0028F9D01F21C1
:1094C0002846F5F7E9FF012823D0A6F11B03E02B7E
:1094D00021D8B4F5A47F1ED33B681B79082B14D880
:1094E000B4F5056F17D8082010F052FA0028E1D023
:1094F00041F6017343800A4B05808680C480014693
:10950000187B10F05AFA0020D4E744F290239C42D2
:10951000E8E70C20CEE71220CCE700BF683001203E
:10952000E0300120024B5A8802809B880B807047F4
:1095300020310120A0F11B03E02B19D8B1F5A47F45
:1095400016D30D4B1B681A79082A0DD8B1F5056F93
:109550000ED8DB8BFB2B28BFFB2383420AD3074BA0
:10956000588099800020704744F290229142EFE7A2
:1095700030207047112070476830012020310120D1
:1095800010B5074C2468E48BFB2C28BFFB24048017
:109590000E34E4000C80008810800A881A8010BD08
:1095A00068300120014B1B68D88B70476830012060
:1095B000014B1B68D87E704768300120034B1B7835
:1095C0000BB910F0F1B9F6F70BB900BF203101204B
:1095D000F6F776B9F6F792B910B5124B1B689B7E79
:1095E0008342044601D8022010BDF6F789F900280D
:1095F000F9D02046F6F7C4F9430111D5062010F042
:10960000C7F901460028EFD042F20133438002231C
:109610000371054B0480187B10F0CFF90020E3E7BD
:109620001A20E1E768300120E030012001282DE90F
:10963000F843054634D8F6F76DFB044638B9194AA5
:10964000012D92F8383010D0013382F83830DFF82D
:109650005880DFF858900027D8F800309B7EBEB2C3
:10966000B34204D82046BDE8F883013BEDE730461D
:10967000F6F746F990B13046F6F782F943010DD579
:10968000062010F085F9014640B142F20133068010
:109690004380057199F80C0010F08FF90137DBE772
:1096A0001224DFE7A030012068300120E0300120E3
:1096B000F8B52A4B1B6A5B0654BF012503250446F7
:1096C0000F4601F0BBF9002845D02288B2F5804F43
:1096D00002D912263046F8BD63889A42F9D3032B8B
:1096E000F7D92379012BF4D813B9A379AB42F0D879
:1096F0006379AB42EDD83846F5F7A4FE064600285C
:10970000E7D1607901F082F90028E2D0282010F03A
:109710003FF905460028DDD040F203134380796805
:10972000031D386803C3B868186023882B826388D8
:109730006B8263796B752379AB75A37985F82030DB
:10974000A06810F0B7FA064BC5E90601187B294658
:1097500010F033F9BEE70C26BCE700BFA0300120B3
:10976000E030012008B5042010F012F9014678B16C
:10977000084B93F82B30002B14BF0923032383706D
:109780000223C370044B187BBDE8084010F015B9E4
:1097900008BD00BFA0300120E03001202DE9F74FC7
:1097A00004468946007ADFF894810021164601F0CC
:1097B00079F8D8F820A0054601F04CF9002800F00F
:1097C000B78098F80470002F40F0B280227A12F02F
:1097D000F80F04D01227384603B0BDE8F08F002AF6
:1097E000F8D04FEADA134FEA5A2A03F002030AF0DC
:1097F000040A43EA0A0343F001039A4340F09A80C3
:10980000D8F8203060785B0654BF012303239842C8
:10981000E0D8A2789A42DDD82378012BDAD801F07B
:10982000F5F80028D6D009F1020B4FF0000A554593
:109830004FF00C0251D84FF0000A88F80CA0257A9E
:1098400015F001055FD05046F7F736FF98F80C3059
:10985000324601334946504688F80C30F7F742FF4C
:109860000125217A11F0020156D00C2202FB05627B
:1098700000210120F7F736FF0135217A11F00401AC
:109880004FD00220F7F718FF98F80C300C22013364
:1098900088F80C3002FB056209EB85010220F7F71E
:1098A00021FF182010F074F80546002893D040F2EC
:1098B000091343802378037163784371A37883711C
:1098C000606810F0F7F9C5E90201237A2B741A4B8E
:1098D0002946187B10F071F87DE702FB0A60F5F766
:1098E000B1FD00287FF476AFBBF800303BF8021CD6
:1098F0009942FFF46FAF032B0BF1040B7FF66AAFB5
:109900000AF1010A93E72846F7F7E0FE32462946B6
:109910002846F7F7E7FEA4E732460120F7F7E2FE14
:10992000ABE702200191F7F7D1FE01993246B5E786
:109930000C2750E711274EE7E0300120A03001202E
:1099400010B51B210446F5F7A7FD01281BD00F4BCE
:109950001B689B7EA34201D8022010BD2046F5F76C
:10996000CFFF0028F8D0042010F012F8014600289C
:10997000F3D041F601334380054B0480187B10F08F
:109980001CF80020E9E70C20E7E700BF6830012061
:10999000E0300120022916D0032917D10530012A11
:1099A0000BBF0001800100F5BF7000F5C870094BC6
:1099B00000F26930A0FB0303800F40EA830040F20D
:1099C0007123584370470B308000F0E70A30C00025
:1099D000EDE700BFE3361A00194B806A9A8870B52C
:1099E00001325C8892B29A800CB1A24225D221BB8E
:1099F0001C78012C1FD19D7B427895421BD1426E71
:109A00005E7B1578AE4216D11D7B5278954212D1FD
:109A1000DD7B027B95420ED1DA69996904FA02F581
:109A2000013202F01F02DA61064A074B0D4218BFED
:109A3000134683602146084670BD0021FBE700BF46
:109A40007C30012055555500AAAAAA000F4B29B118
:109A5000042914D05A8901325A8102E0DA8801328D
:109A6000DA80598831B11889DA8802445889024469
:109A7000914208D91878831E5842584170471A8974
:109A800001321A81EDE70020704700BF7C300120D1
:109A90000346104610B400F8021B5370072923D860
:109AA000DFE801F02D040A220D1013161A460F21CB
:109AB0005DF8044B23F062BC1A465521F8E71A46BC
:109AC000FF21F5E71A460021F2E71A46F021EFE7F9
:109AD0001A46AA21ECE700F8012B0924013C06D123
:109AE000013BDBB2FF2BF6D15DF8044B704782EAF5
:109AF0001211090201F4807141EA5202EEE740F2CC
:109B0000FF12EDE708B5054B20220021184623F08F
:109B100035FC4FF0FF32826108BD00BF7C30012070
:109B200050B10B2802D80138C0B270470C2805D0BC
:109B3000262805D80238F7E72520704726207047E9
:109B4000272070472DE9F74F694C0191174622787D
:109B5000012A82461D460FD8DFF8AC81D8F80030C4
:109B600053B998F804603EB9012A09D1032F637BE9
:109B700004D1032B00F0B9800C2627E0032BFBD087
:109B8000BAF1270F00F2AF80072F00F2AC806B1EF6
:109B9000032B00F2A880022D1CD0EB1E012B05D850
:109BA000D8F8203013F4006F00F09B8012B9514BAD
:109BB00062605A60032F12D1012538462570677301
:109BC00002F066F888F8085000F0F0FE304603B066
:109BD000BDE8F08FD8F8203013F4807FE4E713F06D
:109BE0001FFF5046FFF79CFF032D05D0042D24D006
:109BF000022D25D1002300E00223019A23824FF099
:109C0000000A4FF0FF33C4E9063A22736773A0736A
:109C1000E57313F007FF2378012BD7D02C200FF02A
:109C200067FE814638B1C0200FF062FE054648B994
:109C300048460FF07FFE1F26C8E703250123DCE717
:109C40000125D7E751462C22484623F097FB514681
:109C5000C022284623F092FBBDF8302062804FF0EE
:109C6000020B254AC9F81820C9F8285089F815B000
:109C700085F800A0A27B6A70204B214A2148286603
:109C8000C5E9013298F82820AA70E17B6973227C2B
:109C9000297340F2011AAA73207BA5F868A0FFF788
:109CA00079FEA5F86A0050460FF022FE024668666B
:109CB00018B928460FF03EFEBAE701983946FFF77B
:109CC000E7FEB5F86A2062610122227088F8082058
:109CD00000F06CFE584601F0DBFF484602F062FAE5
:109CE00074E7112672E7302670E727284DE700BF9A
:109CF0007C30012080300120B99E0400294176711A
:109D000055555500D9990400A030012007B500939E
:109D10000123FFF717FF03B05DF804FB2DE9F84FAF
:109D2000DFF828819B46D8F8003082460E46002B8B
:109D30007CD1DFF81C9198F8043099F800501D434D
:109D400074D1272874D84B1E022B71D8012A6FD8E2
:109D5000022910D0032915D02C200FF0C9FD074689
:109D600038B1C0200FF0C4FD044680B938460FF06A
:109D7000E1FD1F2557E0D8F8203013F4807FEBD1A8
:109D8000112550E0D8F8203013F4006FF7E72C22AB
:109D90000021384623F0F2FAC0220021204623F0A9
:109DA000EDFA5046FFF7BCFE022E02D0032E18BF7C
:109DB0000126204BBB61204A204BBC624FF0020AB7
:109DC00087F815A0A9F802B0C4E901234FF0010BF0
:109DD0001B4B607084F800B01B6866732673DB8DC4
:109DE0004FF47A725343236640F20110154BA4F8E6
:109DF0006C0063660FF07CFDA06618B920460FF07A
:109E000099FDB3E789F800A088F808B000F0CEFD0E
:109E10000D4A0023C9F804305046536001F038FF62
:109E2000384602F0BFF92846BDE8F88F0C25FAE75E
:109E30003025F8E7999F0400294176715555550062
:109E4000683001204D9A040080300120A0300120AC
:109E50007C3001200B4600220121FFF75FBF00008C
:109E600038B5124D2B78012B04460CD1687B0328A2
:109E70000DD101F023FF0E4B00242C701C7200F05A
:109E80009DFD204638BD022B0DD101F069FF032353
:109E9000084A2B701CB1134603CB20606160002080
:109EA00068605060EEE70C20ECE700BF7C300120DA
:109EB000A0300120803001202DE9F843334D846A21
:109EC000AB886A8801339BB20646AB8022B19342CD
:109ED00002D30020FFF7C4FF2B78676E012B2FD130
:109EE000AB7B607895F80D9095F80C80E97B2A8A19
:109EF00098420BD13878484508D17878404505D14B
:109F0000207B884202D1A07B904214D06370002352
:109F1000D2B2E37308F1020361732173A273A4F850
:109F200068304046FFF736FD3A46A4F86A004946D5
:109F30004046FFF7ADFD3046BDE8F84302F032B9C8
:109F400038460FF0F7FC20460FF0F4FC30460FF0D7
:109F5000F1FC022001F0B2FE287804280CD10FF0A9
:109F600017FD014680B140F205134380084B187B72
:109F7000BDE8F8430FF021BD064A002313722B7091
:109F8000BDE8F84300F01ABDBDE8F8837C3001203D
:109F9000E0300120A030012070B51E4C866A628836
:109FA00005464AB12189E3880B4461890B449A42F2
:109FB00002D80020FFF754FF2378022B04D1284653
:109FC000BDE8704002F0EEB8B06E0FF0B3FC304662
:109FD0000FF0B0FC28460FF0ADFC022001F06EFE41
:109FE000207804280CD10FF0D3FC014680B140F258
:109FF00005134380084BBDE87040187B0FF0DDBCB3
:10A00000064A002313722370BDE8704000F0D6BCEE
:10A0100070BD00BF7C300120E0300120A030012065
:10A0200008B5C07810B101280DD008BD0A4B1B7AC5
:10A03000002BFAD0FFF714FF084B1A78032AF4D14B
:10A0400004221A70F1E7054A00231370024A1372C2
:10A05000BDE8084000F0B2BCA03001207C300120F7
:10A0600008B5FFF74FFD054B054A5A61054B064AF7
:10A070005A61BDE80840EAF769B800BF080C012042
:10A08000059B0400BC0B012021A004002DE9F04138
:10A090000F461821044690461D46F5F7FDF90128A4
:10A0A00003D10C263046BDE8F0812046F5F78EFE40
:10A0B0000128F6D0184B1B689B7EA34201D80226CC
:10A0C000F0E72046F5F71CFC0028F8D02046F5F70D
:10A0D00029FC06460028E4D11E200FF059FC014659
:10A0E0000028DFD041F60103048043803B684360D1
:10A0F0007B688360A0F80C8000F10E022B4605F10E
:10A10000100053F8044B42F8044B8342F9D1034B3F
:10A11000187B0FF052FCC5E768300120E0300120C9
:10A1200008B50A4617F0B0FF002008BD38B51A4B35
:10A130001B689B7E834205460C4601D8022038BD31
:10A14000F5F7DEFB0028F9D02846F5F7EBFB0128F0
:10A1500001D00C20F3E702212846F5F735FC002852
:10A16000F7D014200FF014FC0028E8D041F60113BA
:10A17000438005802146031D04F1100251F8044B71
:10A1800043F8044B9142F9D1044B0146187B0FF080
:10A1900014FC0020D3E700BF68300120E03001202C
:10A1A00010B5144B1B689B7E8342044601D80220E5
:10A1B00010BDF5F7A5FB0028F9D02046F5F7B2FB56
:10A1C000012801D00C20F3E702212046F5F7FCFB23
:10A1D0000028F7D004200FF0DBFB01460028E7D071
:10A1E00041F601234380044B0480187B0FF0E5FB0C
:10A1F0000020DDE768300120E030012038B50C4B4D
:10A200001B689B7E834204460D4601D8022038BD60
:10A21000F5F776FB0028F9D02046F6F79DFE054AB3
:10A22000A0FB0202830D43EA82232B800020EEE78D
:10A23000683001206766060038B50D4B1B689B7EB1
:10A24000834204460D4601D8022038BDF5F758FB7D
:10A250000028F9D04DB10A2169432046F6F788FE5F
:10A26000002814BF00201E20EFE71220EDE700BFFA
:10A270006830012038B504460D4600F0EBFB60B1B4
:10A28000B4F5706F0BD22046F3F752FA48B120466E
:10A290002946F3F7DBFA002038BD0C20FCE712203A
:10A2A000FAE74220F8E713B50446CDE9002100F0B3
:10A2B000D1FB38B1DDE90021204602B0BDE81040F5
:10A2C000F7F752BA0C2002B010BD13B50446CDE921
:10A2D000002100F0BFFB38B1DDE90021204602B0CB
:10A2E000BDE81040F7F78CBA0C2002B010BD2DE984
:10A2F000F04107469DF818800C4615461E4600F0B2
:10A30000A9FBA8B1022C16D8B5F5FA7F13D2A6F195
:10A310000A039BB243F6F67293420CD8CDF818802C
:10A3200033462A4621463846BDE8F041F7F7AABA37
:10A330000C20BDE8F0811220FBE7000070B5064656
:10A340000D46144600F086FB88B1022E11D8B5F5F3
:10A35000FA7F0ED2A4F10A039BB243F6F67293423F
:10A3600007D8054B0020DE751D835C8370BD0C2073
:10A37000FCE71220FAE700BF2031012030B541EAA6
:10A38000020424F0070420F003052C4308D1022B1B
:10A3900006D80D4B5B691C0604D518B991420ED046
:10A3A000112009E000F001030B430AD0830704D415
:10A3B000002A14BF0020122030BD0020FCE7002935
:10A3C000F6D11220F8E700BFA030012070B50C4B89
:10A3D0001B689B7E834204460E46154601D8022028
:10A3E00070BDF5F78DFA0028F9D02046F5F7D4FABC
:10A3F00030702046F5F7DCFA28700020F0E700BF47
:10A40000683001200B4B1A6A10B5D40502F4807332
:10A4100003D440EA0104A40707D4130507D4014379
:10A4200081F00401C1F3800010BD1846FCE7012053
:10A43000FAE700BFA030012070B50D460646114670
:10A4400028461446FFF7DEFF98B10023224629462E
:10A450003046FFF793FF58B916F0010F064B18BFAF
:10A46000002516F0020F18BF00241E755D759C753F
:10A4700070BD1120FCE700BF203101202DE9F84319
:10A480001D46234BBDF820901B689B7E834280466F
:10A490000F46164603D802242046BDE8F883F5F798
:10A4A0002FFA0028F7D020214046F4F7F5FF0128C5
:10A4B0002AD029463046FFF7A5FF38B34B462A4637
:10A4C00031463846FFF75AFF04460028E4D117F01A
:10A4D000010F18BF00260A2017F0020F18BF002531
:10A4E0000FF056FA01460028D6D042F2010343800D
:10A4F000084BA0F80080077146718571A0F808909C
:10A50000187B0FF05AFAC7E70C24C5E71124C3E7FC
:10A5100068300120E030012001282DE9F341044694
:10A520000D4616461F4627D8DFF85480D8F800306D
:10A5300033F0FF0304D098F8293043B10C2014E025
:10A5400098F80430002BF6D10C4B1B6883B92846D1
:10A550000FF0B0FBCDE9006702460B462046EAF754
:10A5600035FA002814BF0020072002B0BDE8F081B2
:10A5700098470028DFD1EAE71220F6E79C30012057
:10A58000A0300120012870B504460D4618D8104EA1
:10A59000336833F0FF0304D096F829303BB10C2028
:10A5A0000FE03379002BF7D10A4B1B6853B92846CB
:10A5B0000FF080FB02460B462046EAF773FA28B9F3
:10A5C000122070BD98470028E6D1F0E70020F8E798
:10A5D000A03001209C30012010B50C4C236833F0D2
:10A5E000FF0304D094F829303BB10C2008E0237914
:10A5F000002BF7D1064B1B681BB9EAF7E1F90020E5
:10A6000010BD98470028EDD1F7E700BFA03001202A
:10A610009C30012010B50446EAF7CCF920700020E8
:10A6200010BD30B50446012C85B00846154615D836
:10A630000FF040FB02460B4600200021CDE902014D
:10A6400002A900912046EAF75BFA48B12846DDE905
:10A6500002230FF035FB002005B030BD1220FBE7D0
:10A660000220F9E730B50446012C85B008461546AE
:10A6700015D80FF01FFB02460B4600200021CDE944
:10A68000020102A900912046EAF749FA48B128469A
:10A69000DDE902230FF014FB002005B030BD1220CD
:10A6A000FBE70220F9E70000012870B5054614D841
:10A6B0000B4E336833F0FF0302D00C24204670BDEC
:10A6C0003479002CF9D1074B1B6813B986F829504F
:10A6D000F4E798470028F9D0EFE71224EEE700BF2F
:10A6E000A03001209C30012008B5431E9BB24AF2E5
:10A6F000B712934203D8F7F76FF9002008BD122074
:10A70000FCE7000040EA0203012BF7B504460E46C1
:10A71000154622D8124F3B6833F0FF0304D097F858
:10A7200029303BB10C2012E03B79002BF7D10D4BC7
:10A730001B6873B930460FF0BDFA009502460B4610
:10A740002046EAF7C9F9B0FA80F04009400003B0AA
:10A75000F0BD98470028E2D1ECE71220F7E700BFF0
:10A76000A03001209C300120F7F7ACBA70B598B04A
:10A770000B46024608AD00F12006106851682C46D1
:10A7800003C40832B2422546F7D110AC03F12005CC
:10A7900018685968224603C20833AB421446F7D101
:10A7A000094B6A4603F12006154618685968144695
:10A7B00003C40833B3422246F7D1294608A8F7F765
:10A7C00099FA18B070BD00BF5031012070B5012A50
:10A7D00098B00B4604D118B0BDE87040F7F7B2BA94
:10A7E000024608AD00F12006106851682C4603C4EB
:10A7F0000832B2422546F7D110AC03F120051868A3
:10A800005968224603C20833AB421446F7D1094BBC
:10A810006A4603F12006154618685968144603C4B1
:10A820000833B3422246F7D1294608A8F7F762FA5F
:10A8300018B070BD50310120084903680A685A40B9
:10A840000A6007490A685A400A6006490A685A407D
:10A850000A6005490A685A400A607047DC620020B5
:10A86000E0620020E4620020E8620020094B0A490F
:10A8700018680A68086009480168196008490B6887
:10A88000036082EAC22283EAD340504080EA122069
:10A8900008607047E4620020E0620020E862002067
:10A8A000DC62002043084A0803F05533C01A02F066
:10A8B000553261EB020100F03333800801F033328E
:10A8C00000F033308908181801F0333142EB0102EF
:10A8D000030943EA02731B1842EB12124FF00131D5
:10A8E00003F00F3302F00F321A44A3FB013002FBD6
:10A8F0000100000E7047B0FBF1F07047024B1B687F
:10A9000003B1184718467047E030012007B500230F
:10A91000ADF804308DF80700032301A88DF8063048
:10A92000FFF7ECFF03B05DF804FB07B50023ADF8BB
:10A93000043004238DF807000DEB03008DF806307A
:10A94000FFF7DCFF03B05DF804FB1FB51C24ADF876
:10A9500004008DF8090001A88DF806408DF8071055
:10A960008DF80810ADF80A208DF80C30FFF7C6FFFF
:10A9700004B010BD08B50A4B40220021184622F051
:10A98000FDFC084A0346D2E90801074A5A61C3E9B7
:10A9900008014FF0FF301F21C3E90C0108BD00BFC3
:10A9A000A0300120E0300120405C1F00024A537AB1
:10A9B00001335372704700BFA0300120024A537A1E
:10A9C000013B5372704700BFA0300120024A9379C7
:10A9D00001339371704700BFA0300120024A937980
:10A9E000013B9371704700BFA0300120024AD37928
:10A9F0000133D371704700BFA0300120024AD379E0
:10AA0000013BD371704700BFA0300120032806D856
:10AA1000013802280ED8DFE800F0070D0700A0F18A
:10AA2000FF03584258417047034B587C003818BF09
:10AA30000120704701207047A0300120044B93F89B
:10AA40002B201AB9012083F82A0070470020704794
:10AA5000A0300120044B93F82A201AB9012083F872
:10AA60002B00704700207047A0300120F0B5D0E9DE
:10AA7000007600221346C3F12005A3F1200427FA33
:10AA800003F106FA05F5294326FA04F42143C90720
:10AA900042BF811801320B720133252BEBD180F8B4
:10AAA0002D20F0BD07B50E4A937B0BB900B1907312
:10AAB000537B8BB1013BDBB253736BB90093ADF8A1
:10AAC000043018238DF802306846937B8DF80330EC
:10AAD0008DF80430FFF712FF03B05DF804FB00BFF0
:10AAE000A030012007B54FF4C81301A80193FFF768
:10AAF00005FF03B05DF804FB4FF4B8130360FFF7E4
:10AB0000FDBE4FF400130360FFF7F8BE70B586B0CA
:10AB10001446064616220D466846002122F02EFCF9
:10AB20001E238DF802302388ADF80830237A8DF883
:10AB300010306389ADF81230A11C237B8DF81430DE
:10AB40000DF10A008DF80460ADF806500FF07EF8A4
:10AB50006846FFF7D3FE06B070BD07B54FF4F81393
:10AB6000ADF8040068460093FFF7C8FE03B05DF837
:10AB700004FB000007B50E4AD37A0BB901B1D172BC
:10AB8000937A013BDBB2937273B91B23ADF80000DB
:10AB90008DF802308DF80500D37A8DF803306846C1
:10ABA0008DF80430FFF7AAFE03B05DF804FB00BF88
:10ABB000A03001201FB50024CDE901440394ADF875
:10ABC00004008DF808001A240DF10A008DF8091010
:10ABD0008DF806400FF074F801A8FFF78FFE04B05F
:10ABE00010BD07B51D23ADF800008DF805006846BF
:10ABF0008DF802308DF803108DF80410FFF77EFEFB
:10AC000003B05DF804FB000008B50B4B1C220021CB
:10AC1000184622F0B3FB094A1268D17E127F4270B7
:10AC20001B2242804FF4A4728280032202750170BD
:10AC30000A22428308BD00BF203101206830012074
:10AC40000449054B0A681A604A685A6007221A814B
:10AC5000704700BF221707003C310120034B4FF41F
:10AC600061721A6000221A71704700BF48310120DA
:10AC7000044B002283F8202083F8212083F822202F
:10AC8000704700BF5031012010B50B4C80220021CD
:10AC9000204622F073FB02231822002104F1100049
:10ACA00084F8793022F06AFB044BC4E902330723AD
:10ACB00084F8203010BD00BF7831012000881300D7
:10ACC000022807D0032808D001280AD1C80000F5BF
:10ACD000837070478800D2307047880100F2664068
:10ACE000704796207047022805D0032807D002F14C
:10ACF0000800C000704702F1090080007047012978
:10AD00004FEAC2000CBF022308231B30584300F552
:10AD1000BC7070472DE9F84316469DF82020012AA3
:10AD2000074608BF4FF04208084608BFC4469DF8D2
:10AD300024101CBF4FF005084FF00A0C80B940F2F8
:10AD40000114A4EB0802A4EB0C0492B2A4B29A4240
:10AD500009D343449AB23846BDE8F843FFF7C3BF6E
:10AD600082B21446F3E7B3FBF4F904FB19336444ED
:10AD70009DB2A2B23846FFF7B6FF002D08BFA9F179
:10AD800001091FFA89F906F5967609FB06F600FB1C
:10AD9000096635B105EB080292B23846FFF7A3FF0A
:10ADA00006443046BDE8F88308B5FFF79CFF00F580
:10ADB000967008BD0C4B984202460AD80B4BA0FB7C
:10ADC00003135B081E2101FB03F0824288BF401879
:10ADD0007047074BA0FB0313032101FB0033C3F3B0
:10ADE0008F234FF49671EEE7E1BF030012111111AA
:10ADF0009E36D0692DE9F74F876A3B78023B0546BE
:10AE00008846072B00F21681DFE813F008002500C2
:10AE1000140114015B00AB00F70009017E7B7B6E1F
:10AE2000032E14BF4FF4BC744FF441647BB197F808
:10AE30008020387B0021FFF756FFBB6E9634044418
:10AE40002BB1032E14BF04F20E2404F6A644EC60CA
:10AE500003B0BDE8F08F97F87820B97B387BFFF717
:10AE600042FF97F87B3003F00102C3F34006C3F3BF
:10AE700080031E440446164400F0BAFF2044FFF746
:10AE800099FF731E00FB03447B6E002BDFD07A7B9F
:10AE90009623032A06FB03F314BF4FF4BC724FF44E
:10AEA00041621C4402FB0644BA6E002ACFD097F8D8
:10AEB0008020387B00211C44FFF715FF06FB00446F
:10AEC000C5E797F87C207E7B3B6E4ABB022E1AD0EA
:10AED000032E1BD144F2902202614FF46D64002BCB
:10AEE000B5D0F97B97F87420387B002908BF022180
:10AEF000FFF7F9FE9634022E04440AD0032E0BD03D
:10AF000004F6DE04A3E74FF48564E8E740F648045E
:10AF1000E5E704F2BE449AE704F58644263496E752
:10AF2000022E1BD044F2902440F64802032E18BF94
:10AF30001446002B8BD0F97B387B00294FF024027C
:10AF400008BF0221FFF7CFFE04F5967404441022D7
:10AF500002213046FFF7C7FE044478E74FF48564CA
:10AF6000E7E729BB4FF0F4094FF0F1083C6F3E7B57
:10AF7000B97B5CB10D223046FFF7B5FE7B7B022B1F
:10AF800018D0032B19D000F6DE0496346A6AC2B1D9
:10AF9000B2F800A01FFA89F9D14514D3B7F8603090
:10AFA0000D2B2CBF9A440AF10D0A1FFA8AF2D0E742
:10AFB0008946DBE700F2BE44E7E700F58644263425
:10AFC000E3E79246EAE708F110023046FFF78BFE0E
:10AFD000BAFBF8F71FFA88F91FFA87FB4FF496734C
:10AFE00009FB17A203FB0B4492B200FB0B44002A9F
:10AFF0003FF42DAF0D3292B2ABE7436A6BB11B88C1
:10B00000402B38BF4023BA7B387B0192002200924C
:10B010001146FFF77FFE044619E74023F3E77B7BE9
:10B02000022B09D0032B0AD144F2902303614FF481
:10B030006D640CE700240AE74FF4856407E740F6E7
:10B04000480404E7F7B50023DFF888C01F4F0093DA
:10B05000ADF804301E46984216BF0CEB83020A4638
:10B06000D26892B1013AA2FB0724A208052A28BFA0
:10B07000052202F108046C44964214F8085C05F1BC
:10B08000010504F8085C38BF164601330E2BE2D1E7
:10B0900000230F4F6D4618461946741C15F8012BF6
:10B0A0002AB901339C42F9D8012003B0F0BD58B948
:10B0B00037F81360314489B2013A632992B2EFD96B
:10B0C000002AF2D10120ECE70020EEE7E3361A0077
:10B0D0002A170700F83101202DE9F04F2DED028BE2
:10B0E000444C08EE102A83B0A278D4F804B0019042
:10B0F0001E46A3680F4623FA02F80125464516D2DC
:10B10000012D81BF012393400BFA03F34BEA030B9C
:10B110000123BB4000934FF0000AA2780123D21B09
:10B120005FFA8AF9934099451FDB00205DE0013505
:10B13000EDB2A6EB0806E1E703EB000E2BFA0EFEDC
:10B140001EF0010F1CBF0131C9B201305FFA80FE51
:10B15000AE45F1D30CF1010C00985FFA8CF38342F9
:10B1600007DA93404B440020F0E74FF0000C6146B3
:10B17000F2E701BB607804EB00131B6D7BB9A67886
:10B1800060680021F61B4FF0010C0F46009ACBB20D
:10B190009A421FDDB34003EB0902002314E09847F5
:10B1A0005FFA8AF318EE101A324608FB030000F02B
:10B1B000B3FB0028E3D00AF1010AAEE7D7180CFA76
:10B1C00007F73843013301275FFA83FE7545F5D849
:10B1D0000131DBE70FB1074B5860019B043304EBEF
:10B1E0000313012083F80690587103B0BDEC028B65
:10B1F000BDE8F08FF8310120002340F6C4129042E0
:10B2000006D9400801338842DBB202D0042BF6D1C4
:10B2100000231846704700002DE9F74F2D4CA67803
:10B22000D4F80890064429FA06FA40F6C3139A4562
:10B2300007464FF000054AD9F6B26560A670A846E9
:10B240004FF0010B94F84530B3B3D4E9121389459C
:10B2500023D048460093FFF7CFFF009B012203E075
:10B260000132D2B2A3EB0A035345F9D294F8463027
:10B27000BB4084F84630311ADBB20BFA00FE4FF0C7
:10B28000000C009101935FFA8CF3734514DA009976
:10B290008B4001990B44002108E00020DEE7C8182C
:10B2A0000BFA00F048EA000801310125C8B28242D9
:10B2B000F5D80CF1010CE6E7074B10349C42C1D1E4
:10B2C0000DB143F8DC8C012003B0BDE8F08F2846B7
:10B2D000FAE700BFF8310120D83201202DE9F74FFD
:10B2E0005A4CA76805460E469046A7B9031D04EBC5
:10B2F00003130122A160678062609F715A716070C0
:10B300002B1D04EB031304EB05141D719E60C4F8A0
:10B310004C80012711E08F421AD14FF004094346B7
:10B32000324600212846FFF7D7FE0028E8D109F170
:10B33000FF3919F0FF0904D10027384603B0BDE8F2
:10B34000F08F0120FFF768FF01280746E7D0F4E7F8
:10B3500052D239463046FFF74FFF002848D0636885
:10B360000093A3784FF0010E00210EFA03F28740FC
:10B370000192A76061600EFA00FB8A460A46019FAF
:10B380005FFA81FCBC451CDBBAF1000F01D02F49EC
:10B390004A601844A0704FF0040943463246002129
:10B3A0002846FFF799FE0028AAD109F1FF3919F0C4
:10B3B000FF09C1D00120FFF72FFF01280746ECD07D
:10B3C000BBE7009F27FA0CF7FF070FD54FF00009E6
:10B3D00006E09F4067440EFA07F73A434FF0010A30
:10B3E0005FFA89F75F4509F10109F2DB0131C6E730
:10B3F000E3780133E37083E782D93846FFF7FCFE38
:10B4000081460028F4D0A07848451DD2A9EB000061
:10B41000C0B2FFF701FF07464FF0040A012F8CD19D
:10B420004346324649462846FFF756FE00287FF439
:10B4300067AF0AF1FF3A1AF0FF0A3FF47DAF3846D2
:10B44000FFF7EAFE0746E9E70127E5E7F8310120C3
:10B450002DE9F74F644C00F1040804EB0813A268CF
:10B460005B79A5784FF00009002B00F0B68004EB63
:10B47000001322FA05F1DB6C01278B420AD204EBA0
:10B48000081A6668DAF808108A422BD100231A4697
:10B4900001200CE00137FFB25B1AEEE79AF80620B4
:10B4A0001A4400FA02F226EA020601330122D9B256
:10B4B0008F42F3D842BB04EB08180023012D6168CA
:10B4C00088F8053073D9013DEDB20120A8401E4631
:10B4D000DAB2824232DA520021FA02F2D2072AD4D8
:10B4E0000133F5E71046FFF787FE0028E3D04FF061
:10B4F000010C00222B1A0CFA00FE11460193D3B264
:10B50000734513DB0029D6D06660D4E79AF806109D
:10B51000014419440CFA01F126EA01060133012124
:10B520005FFA83FB5F45F1D80132E8E70198834079
:10B5300018460023F4E70136F6B2D1E7002E3DD0DD
:10B5400000263246F3B298420ADD5B00013321FA4D
:10B5500003F3DB0701D40136F4E70132D2B2FAE794
:10B560002ABB0023A57063609C461E464FF0010E67
:10B57000DDB2854224DBBCF1000F00D06660002301
:10B58000194A184692F84510DDB241B192F84610BA
:10B590004908002982F8461004BFA946012001335A
:10B5A0000E2B02F11002EDD108B184F8019063680E
:10B5B0000BB9A360A37003B0BDE8F08F0122D0E700
:10B5C00002EB450721FA07F7FF0742BF0EFA05F520
:10B5D0002E434FF0010C0133CAE7E378002BEAD089
:10B5E000013BE370E7E700BFF8310120012970B5A6
:10B5F00011D90346012200241D6853F8046FB54297
:10B6000038BF144602F1010238BF43E90165914297
:10B61000F2D1012C00D870BD2146EAE7F0B58FB019
:10B62000012B0E46274B9DF8501042F2107530D179
:10B63000AA42A6FB03744FEA940482BFA2FB03351F
:10B64000AB08B4FBF3F45443A04288BF3446002354
:10B650001D481D4699420BD000EB8302D2683AB1D7
:10B660000DF1380C6F1C0CEB850545F8382CFDB23C
:10B6700001330E2BEED129466846FFF7B7FF0022B3
:10B68000954216D8B442234628BF334618460FB019
:10B69000F0BDAA42A0FB03744FEA940482BFA2FB50
:10B6A0000335AB08B4FBF3F45443A04288BFA4189D
:10B6B000CDE750F8043BA34201D3B342E6D90132AF
:10B6C000DEE700BFE3361A00F831012002484FF4EC
:10B6D0009272002121F052BEF8310120074BA0FBED
:10B6E0000332920842F210735A43824204D19A42C2
:10B6F00038BF1A461046704718467047E3361A009E
:10B7000073B50D460446194610462B4649F640428D
:10B7100042F21075012B18BF2A460094079EFFF7CE
:10B720007DFF054601462046FFF78CFC98B1069A3E
:10B7300029462046FFF7D2FD01280CD1074B089976
:10B7400003EB041203EB840411651A78E5600132FF
:10B750001A7006B1356002B070BD00BFF83101202B
:10B7600037B504460094084611461A460023FFF7F1
:10B7700055FF054601462046FFF764FC70B1084BB3
:10B7800003EB84032046DD60079B1D60FFF760FE2E
:10B79000069A29462046FFF7A1FD012003B030BDDF
:10B7A000F831012070470000054A831C02EB830337
:10B7B000002159601378013B1370FFF749BE00BFA9
:10B7C000F83101202DE9F74F424C1746A378A268C3
:10B7D00022FA03F92378012B88460BD804EB0113D6
:10B7E0001C46DB6CA26C0146384603B0BDE8F04F46
:10B7F00000F0ECB8607804EB00131B6D63B300211C
:10B8000098470646A3684BB308F1040204EB021202
:10B810005379012B22D19379494659430B4608BFEE
:10B820009368F51808F1040804EB08163946284611
:10B8300000F0FEFA002848D004EB081439462846E8
:10B8400000F0F6FAA368984242D83946284603B079
:10B85000BDE8F04F00F0ECBA3E46D3E7E578A278B9
:10B8600040F6A6630193013D0123EDB293404FF0F2
:10B87000000AFDB9DFF85CB09BF8463053450FD1A4
:10B880009BF84530012B0BD1DBF8503043B101A9B7
:10B89000E8B2984700F0ACFA019B323003440193C0
:10B8A00001350E2D0BF1100BE6D1019BF51809FBAC
:10B8B0000A55B7E70AF1010A5FFA8AFA013DEDB2CB
:10B8C0009A45A8BF4FF0000AD3E7B3681D44ADE71F
:10B8D000ED1AB3E7F831012002489022002121F04F
:10B8E0004DBD00BF1C33012070B5064C050104EBB3
:10B8F000001001264370049B6655C0E90112C36025
:10B9000070BD00BF1C330120024B000100221A54FD
:10B91000704700BF1C3301202DE9F84F00EB020BEC
:10B9200080460E4600F064FA274C83444FF000092D
:10B9300094F800A0BAF1010F5FFA89F50BD009F174
:10B940000109B9F1090F04F11004F1D14FF0000A17
:10B950005046BDE8F88FE368002BF0D06168B14233
:10B9600022D36068B04225D82846E3689847054648
:10B970004146284600F05CFA10BBA368EF1800F0BF
:10B9800037FA59460744284600F052FA0028D6D123
:10B990003946404600F04CFA0028D9D063689E42F0
:10B9A00094BFAD19ED18E8E73046FFF725FC0028F5
:10B9B000D7D1C4E73146FFF71FFC0028BFD0D3E73B
:10B9C0006368ED1AD4E700BF1C3301202DE9F04F66
:10B9D0002DED028BA1B0974D07930023CDE90933DC
:10B9E00006900391164601938DF82C300DF1240B2F
:10B9F000174698461C464FF001092A78012A5FFA3B
:10BA000088FA40F09580EA68002A00F09180696821
:10BA1000B142C0F087806868B04205D93146FFF76F
:10BA2000EBFB002800F084806A68974228BF174625
:10BA300064B9EA6850469047AA68029002440C90A4
:10BA40000D928BF80090CDF804A0012408F10108B4
:10BA5000B8F1090F05F110050BF1010BCDD1002C48
:10BA600000F0BC80029B3B4408EE103A631E20AA03
:10BA7000039302EBC3034FF0000953F84C8C6D4B5A
:10BA80000593CB464FF0FF0A5FFA89F3049309ABA5
:10BA900013F80910E9B9059B0498D9688847054649
:10BAA0000298294600F0C4F9002844D118EE101A73
:10BAB000284600F0BDF900283FD1BAF1FF0F3ED073
:10BAC0005846294600F0B4F9049B00281CBFAB4639
:10BAD0009A46059B09F101091033B9F1090F059345
:10BAE000D2D1BAF1FF0F3ED00AF180030DEB030172
:10BAF0004FF0010301F85C3C4E4B03EB0A15414645
:10BB00005846D5F8089000F093F9E0B120AB03EB6C
:10BB1000C401AB6841F850BC5B44013441F84C3C73
:10BB2000E4B2A3E73046FFF767FB00287FF473AF6A
:10BB30008BF800908AE73D44B2E7ED1BB6E7DDF8ED
:10BB400010A0AB46C5E709EB0B052846414600F0BF
:10BB50006FF9039B20AA02EBC303002808BF4546E8
:10BB600043F84C5C82E7CCB10C9B019A07EB0309CC
:10BB7000304B03EB021A41464846DAF8085000F011
:10BB800057F988B320AB03EBC402DAF8083042F867
:10BB9000509C4B44013442F84C3CE4B200231D4617
:10BBA0001A46013CD9B2A1422DDB079B5C0820ABB1
:10BBB00003EBC202C4EB550452F84C3C1C440698FB
:10BBC000214600F035F988BB069B1E4431462046CD
:10BBD00000F02EF960BB069BE31A0393039821B093
:10BBE000BDEC028BBDE8F08F4D442846414600F085
:10BBF0001FF9039B20AA02EBC303002808BF454698
:10BC000043F84C5CCAE720A80DF1800C00EBC100A2
:10BC10000CEBC10C50F8480C5CF84CCCA0EB0C00C1
:10BC200085423CBF05460A460133BBE73C44C6E7B4
:10BC3000E41BCBE71C33012038B5084D182303FB68
:10BC4000005304461B699847012385F8813085F825
:10BC500080402046BDE8384015F0ACB8AC33012038
:10BC6000014B1860704700BF3034012008B515F053
:10BC700049F8BDE8084002488422002121F07EBB3B
:10BC8000AC330120014B5860704700BFAC3301203A
:10BC900038B5094C94F88130054623B915F050F8B1
:10BCA0002846FFF7C9FF182305FB033020444368EB
:10BCB0000133436038BD00BFAC33012010B50D4BDC
:10BCC000182400FB044119444A68013A4A6093F879
:10BCD000811071B193F8801081420AD14AB904FBF6
:10BCE000013183F8812049698847BDE8104015F08B
:10BCF0002FB810BDAC33012038B5184C002384F8A0
:10BD0000823094F881302060054683B194F8803009
:10BD10006A7D9A4214D0182202FB034300225B6919
:10BD200084F88120984794F881304BB905E015F0EC
:10BD300007F894F88130002BE8D1687DFFF77CFF8D
:10BD40006B7D182202FB03439B680BB12846984782
:10BD500094F882300BB10023236038BDAC3301204E
:10BD600010B5064C206840B1437D182202FB034306
:10BD7000DB6803B198470023236010BDAC3301207A
:10BD8000014B1868704700BFAC330120034B1A68A1
:10BD900012B1012283F88220704700BFAC3301202A
:10BDA000014B93F882007047AC33012010B5094C69
:10BDB000236833B15A7D182302FB0333E35803B1E0
:10BDC000984700232360012384F882306368BDE82C
:10BDD00010401847AC330120014B1B68188870478E
:10BDE00030340120014B1B689868704730340120C3
:10BDF000014B1B68D8887047303401200B4B1B68FF
:10BE00009B68834210B508D26FEA530484424FEA1C
:10BE1000530203F1010101D8084410BD0A448242D3
:10BE200024BFC01A00F1FF30F7E700BF3034012013
:10BE300038B50D46FFF7E2FF04462846FFF7DEFF60
:10BE40000A4B1B689B6884424FEA530202F10102CD
:10BE500004D9201A904228BF002038BD011B91420E
:10BE600023BF01331B19181A0020F6E730340120D4
:10BE700030B5054C182505FB0040C0E902120361EE
:10BE8000039B436130BD00BFAC3301201823024A3D
:10BE900000FB0333D1507047AC33012020B9064A70
:10BEA0001369013313617047022801BF024A5369C5
:10BEB00001335361704700BF3434012010B5084C82
:10BEC000637A6168207A0C2202FB034300226260DD
:10BED0001B6A984720780121BDE8104011F0ACBDE5
:10BEE00034340120094B70B50C4615460646002136
:10BEF0006822184621F042FA06708481C5812946DD
:10BF00002046BDE8704001F057BF00BF3434012027
:10BF10002DE9F3411A4D6F6857BB6C7A04264FF038
:10BF20000C08022C9ABF0134E4B2002408FB04532D
:10BF30008DF801705B6A0197ADF80270DBB101AA60
:10BF40000DF102010DF101009847A0B101999DF892
:10BF50000100696028726C72FFF7A0FF0B46BDF804
:10BF600002209DF80110204601F014FFFFF7A6FF04
:10BF700002B0BDE8F081013E16F0FF06D1D1F7E72F
:10BF800034340120032830B506D8044C0C2505FBB9
:10BF90000040C0E90712436230BD00BF34340120C5
:10BFA000014B9861704700BF34340120034B59683E
:10BFB00011B90120FFF7ACBF704700BF3434012036
:10BFC00010B5044608461146FFF768FF032C08D851
:10BFD000064B0C2202FB0433DB6913B1BDE81040B1
:10BFE0001847BDE8104008460DF0DEBC343401208F
:10BFF0000B6803604160086003680BB158607047CC
:10C00000004BFBE79C3401204B68436001604860B3
:10C0100043680BB118607047014B9860704700BFD0
:10C020009C340120074A03689168814206D19360DD
:10C0300013B100225A6070475360704742685A60DB
:10C04000136070479C34012010B5044614F088FE3C
:10C050000146A068FFF7ECFE0446FFF7C9FEA042C8
:10C060008CBF0020012010BD10B5044614F078FEEE
:10C070000146A068FFF7DCFEB0F5967F2CBFA0F567
:10C080009670002010BD10B5044614F069FE0146FC
:10C09000A068FFF7CDFE003818BF012010BD0000DA
:10C0A00038B50546FFF7E0FF0D4B04465868A84237
:10C0B0000CD1C72C06D916F0ABF92046BDE83840A4
:10C0C00016F08CB9BDE8384000F00ABB4268AA42BD
:10C0D00005D11B78012B02D1FFF7C6FFE9E738BD78
:10C0E0009C34012038B5057D0B7D9D42044606D366
:10C0F00007D142B19047231A5842584138BD012018
:10C10000FCE70020FAE71046F8E70000034B1A7836
:10C1100012B95868FFF798BF002070479C3401207F
:10C12000044A53685B68536013B100221A60704779
:10C13000936070479C34012070B5194D6C680346BC
:10C1400094B1844212D12B7843BBFFF77DFF0128C5
:10C15000044609D116F05CF9FFF7E2FF6868D8B130
:10C16000FFF782FF16F03AF9204670BD66688642F6
:10C170000FD12A78012A0CD1FFF766FF0128044667
:10C18000F2D116F045F93046FFF74CFF6B6858685E
:10C19000E5E71846FFF746FF0124E5E70024E3E75B
:10C1A0009C340120F8B5044614F0DAFD234D064610
:10C1B000FFF71EFE6B680644A66043B9C5E901445B
:10C1C000C4E900332046BDE8F840FFF769BFE768DF
:10C1D000FFF70EFE6B683E4499683044FFF728FE77
:10C1E00090B9FFF793FF78B169682046FFF700FF29
:10C1F000E8E7D4E90267FFF7FBFD6B683E44996806
:10C200003044FFF715FEA0B16D68D5E90267FFF76E
:10C21000EFFD3E44A1683044FFF70AFE30B1D5E996
:10C220000267FFF7E5FD3E440644A6606B68002BFD
:10C23000DFD129462046FFF7E7FEC3E79C34012003
:10C240002DE9F04788B004460F46FFF71CFF20B9E0
:10C250000026304608B0BDE8F087DFF83891D9F8FD
:10C26000045035B9C9E90144C4E90055012679E013
:10C270001D46D4E90268FFF7BBFD4644A968304477
:10C28000FFF7D6FD50B9D9F80430AB4201D1FFF722
:10C290003DFF29462046FFF7ABFEE7E7D5E90268F8
:10C2A000FFF7A6FD4644A1683044FFF7C1FD002812
:10C2B00067D02E467368BBB931463A462046FFF731
:10C2C00011FF012806460CD12F464FF000087B686D
:10C2D0004DF82870EBB93846FFF72EFF01280646C7
:10C2E0002FD0002E3ED1B3E7D4E9028AFFF780FDBC
:10C2F0007368D04499684044FFF79AFD0028DBD06A
:10C300003A4631462046FFF7EDFE0028A0D0766879
:10C31000D0E7D4E9026AFFF76BFD7B685644996861
:10C320003044FFF785FD0028D5D03846FFF704FFDD
:10C3300000288DD008F10108B8F1080F7F68C6D138
:10C3400086E7796891B12046FFF752FE6D4608F105
:10C350000108002755F8040BC36903B1984701375A
:10C360004745F7D12046FFF79BFE72E7296819B1D0
:10C370002046FFF749FEE9E7C9E90144C4E9001195
:10C38000E4E76B68002B7FF473AF29462046FFF784
:10C390003BFE6BE79C3401202DE9F047866873185B
:10C3A000836004460F469046FFF76DFE054670B960
:10C3B000FFF718FD40080130404501D0A66011E0AC
:10C3C00014F0CEFC0546FFF713FD2844A060314D64
:10C3D0006B6853B9C5E90144C4E900332046FFF74F
:10C3E0005FFE01252846BDE8F087A1689868FFF741
:10C3F0001FFD90B1D4E9029AFFF7FAFC6B68D144B3
:10C4000099684844FFF714FD38B9FFF77FFE20B163
:10C4100069682046FFF7ECFDE0E7AB68D3E9029AD4
:10C42000FFF7E6FCD144A1684844FFF701FD80B95D
:10C43000A9682046FFF7E8FDD0E7D4F80CA0FFF785
:10C44000D7FC6B68D14499684844FFF7F1FC002899
:10C45000DED06D68002DB1D0D5E9029AFFF7C8FC97
:10C46000D144A1684844FFF7E3FC30B1D5E9029A12
:10C47000FFF7BEFCD1444844A060D4F808906A6835
:10C48000A9EB06039F42E4D89845E2D3002AD4D111
:10C490002946CEE79C3401202DE9F0473B4D8668C4
:10C4A000D5F80880B3180446894617468360B8F16A
:10C4B000000F0CD1FFF7E7FDF0B1C5E90144C4E975
:10C4C00000882046FFF7ECFD0120BDE8F087D8E9A1
:10C4D00002A8FFF78DFCC244A1685044FFF7A8FCF6
:10C4E00040B92046FFF7CFFD30B1A9682046FFF7DD
:10C4F0008BFDE6E7AD6815B9A6600020E5E72B687F
:10C500001BBBD5F80880D4F80CA0FFF771FCA8EB92
:10C510000A083146A8EB0000FFF78AFCB84228BFA2
:10C52000384631188145A1602ED8A868FFF780FCF5
:10C5300050B32046FFF7A7FD30B3FFF7E7FD18B370
:10C5400029462046FFF754FDBBE7D3E9028AFFF7EF
:10C550004FFCD0444044A0602046FFF794FD0028E3
:10C56000CAD0A0683146FFF763FC48450CD3874228
:10C570000AD3D4E9028AFFF73BFCD044A9684044BF
:10C58000FFF756FC0028DBD02D68B4E79C3401206F
:10C5900070B5244E72680546134613B90024204630
:10C5A00070BD9D4221D05B68F7E7FFF7EFFBF5E731
:10C5B000FFF7ECFB002CF1D02DE05368AB4228468E
:10C5C0000FD13378012B0CD1FFF73EFD0128044633
:10C5D000F0D115F01DFF2846FFF724FD7368586859
:10C5E00013E0FFF71FFD012415E09542E5D13378F4
:10C5F000002BDAD12846FFF727FD01280446D7D1C2
:10C6000015F006FFFFF78CFD70680028EBD0FFF7F0
:10C610002BFD15F0E3FEEB69002BC0D028469847B0
:10C62000BDE700BF9C340120074B10B55C68844215
:10C6300009D1FFF76BFD30B115F0EAFE2046BDE8E9
:10C640001040FFF72DBD10BD9C34012010B50446ED
:10C6500014F086FB0146A068FFF7EAFB0446FFF7EB
:10C66000C7FB0F30A0428CBF0020012010BD00008E
:10C6700010B5044C0221A07811F0DEF96378013383
:10C68000637010BD9C34012010B5044C0121A078CA
:10C6900011F0D2F963780133637010BD9C3401202E
:10C6A00038B5054614F05CFB0146A868FFF7C0FBEF
:10C6B000044670B1094C2846FFF71EFB0023238275
:10C6C000FFF76EFB38B16478003C18BF0124FFF718
:10C6D00047FB204638BD0124FBE700BF9C34012006
:10C6E000024B0821987811F0A7B900BF9C340120B3
:10C6F000034B0022C3E901221A70DA605A617047C5
:10C700009C34012008B518220548002120F036FE8F
:10C71000FFF7EEFF0348BDE8084015F031BE00BF4B
:10C720009C340120A1C7040010B50446FFF7EAFFBE
:10C73000034B04489C70BDE81040FFF7A3BA00BF4C
:10C740009C34012089C6040010B50C4C63685B68FA
:10C750000BB9012010BDFFF703FBA078042111F0F5
:10C760006BF9637801336370012323706368586841
:10C77000FFF796FF0028ECD12070EBE79C340120F6
:10C7800010B5064C606808B9012010BD0123237064
:10C79000FFF786FF0028F7D12070F6E79C340120D0
:10C7A00073B5224C6378656883B1A078082111F0D5
:10C7B00043F96269238A013201336261E2899BB2E3
:10C7C0009A42238200D2E38102B070BD2378E3B99C
:10C7D000FFF7D6FF08B9FFF74BFF6C68002CF3D0CA
:10C7E00014F0BEFA0146A068FFF722FBB0F5967F71
:10C7F00017D3B0F59670019013D015F009FE01988B
:10C8000002B0BDE8704015F0E9BD6E682B7D327D49
:10C810009A42CAD2FFF798FF08B9FFF729FF746858
:10C82000DCE702B0BDE87040FFF75ABF9C3401203E
:10C830002DE9F041044614F093FA244D07464FF0D9
:10C8400000084CB914F08CFA3946FFF7F1FAAB89BD
:10C85000834238BFA88102E06E6816B92E80BDE819
:10C86000F081E0070ED585F80080FFF759FCB36929
:10C870000BB1304698476B78013B6B7024F0010494
:10C88000A4B2DEE7A1070BD5FFF74AFCF3690BB1B1
:10C89000304698476B78013B6B7024F00204EFE759
:10C8A00062070BD5FFF73CFCB3690BB130469847E4
:10C8B0006B78013B6B7024F00404E1E72307C0D5DB
:10C8C000FFF76EFF24F00804DAE700BF9C34012074
:10C8D0000020704730B5002310C920CA641910C069
:10C8E00010C920CA6C4110C010C920CA6C4110C0C8
:10C8F00010C920CA6C4110C010C920CA6C4110C0B8
:10C9000010C920CA6C4110C010C920CA6C4110C0A7
:10C9100010C920CA6C4110C05B41184630BD30B50B
:10C92000002310C920CA641B10C010C920CAAC4122
:10C9300010C010C920CAAC4110C010C920CAAC41F7
:10C9400010C010C920CAAC4110C010C920CAAC41E7
:10C9500010C010C920CAAC4110C010C920CAAC41D7
:10C9600010C05B41B3FA83F0400930BD20220021A2
:10C9700020F004BD031F1C3053F8042F1AB9834262
:10C98000FAD10120704700207047002351F823207E
:10C9900040F823200133082BF8D1704710B500F17F
:10C9A0002003203153F8044D51F8042D944204D84B
:10C9B00005D38342F6D1002010BD0120FCE74FF0E3
:10C9C000FF30F9E700F120030022834200D17047D5
:10C9D00053F8041D42EA51021A60CA07F5E7000045
:10C9E000F0B589B0FFF7D1FFCB6A03930B6B0493CB
:10C9F0004B6B05938B6B06930C4606460027CB6B5F
:10CA000007936A4669466846CDE901770097FFF7C4
:10CA100061FF6A46054631463046FFF75BFF236BF0
:10CA20000393636B0493A36B0593E36B05446A461E
:10CA300069466846CDE90637FFF74CFF6A4605446C
:10CA400031463046FFF746FF236A0093636A01933D
:10CA5000A36A0293A36B06930544E36B07936A46AC
:10CA600031463046CDE904770397FFF733FF636A19
:10CA70000093A36AA26B0193E36A02930492636B2F
:10CA8000E26B0393CDE905230544236A07936A46C5
:10CA900031463046FFF71EFFE36A0093236B019394
:10CAA000636B0293236A06930544A36A07936A465D
:10CAB00031463046CDE904770397FFF730FF236B0B
:10CAC0000093636B0193A36B0293E36B0393636A1D
:10CAD00006932D1AE36A07936A4631463046CDE93C
:10CAE0000477FFF71CFF636B0093A36B0193E36B69
:10CAF0000293236A0393636A0493A36A2D1ACDE910
:10CB000005376A46236B079331463046FFF707FF28
:10CB1000A36B0093E36BCDE90137636A0393A36AC8
:10CB20000493E36A2D1ACDE905376A46636B0793D0
:10CB300031463046FFF7F3FE2D1A0C4C0DD42DB9BB
:10CB400031462046FFF72AFF01280DD02246314604
:10CB50003046FFF7E4FE2D1AF1E722463146304613
:10CB6000FFF7B8FE2D18F8D409B0F0BDB8170700CC
:10CB70002DE9F04F91B007EE900A684600F11800D9
:10CB800002F1180218C9C0CAA3FB06BC40F804BBD6
:10CB90004FF0000AA3FB07B91CEB0B0C49F100098D
:10CBA000A4FB06BE1CEB0B0C59EB0E094AF1000A64
:10CBB00040F804CBA4FB07CE19EB0C094AEB0E0A94
:10CBC000A0E80006A0F11C00A2F11402B2E8C00126
:10CBD00020C9A3FB06BC40F804BB4FF0000AA3FB2E
:10CBE00007B91CEB0B0C49F10009A4FB06BE1CEBBA
:10CBF0000B0C59EB0E094AF1000A40F804CB4FF038
:10CC0000000BA3FB08CE19EB0C095AEB0E0A4BF1F3
:10CC1000000BA4FB07CE19EB0C095AEB0E0A4BF1E3
:10CC2000000BA5FB06CE19EB0C095AEB0E0A4BF1D3
:10CC3000000B40F8049B08C94FF0000CA4FB08E966
:10CC40001AEB0E0A5BEB090B4CF1000CA5FB07E994
:10CC50001AEB0E0A5BEB090B4CF1000CA3FB06E987
:10CC60001AEB0E0A5BEB090B4CF1000CD0F800E05C
:10CC70001AEB0E0A5BF1000B4CF1000C40F804AB10
:10CC800010C94FF0000EA5FB089A1BEB090B5CEBDB
:10CC90000A0C4EF1000EA3FB079A1BEB090B5CEB91
:10CCA0000A0C4EF1000EA4FB069A1BEB090B5CEB81
:10CCB0000A0C4EF1000ED0F800901BEB090B5CF152
:10CCC000000C4EF1000E40F804BB40CA4FF00009C2
:10CCD000A5FB06AB1CEB0A0C5EEB0B0E49F1000941
:10CCE000A3FB08AB1CEB0A0C5EEB0B0E49F1000931
:10CCF000A4FB07AB1CEB0A0C5EEB0B0E49F1000921
:10CD0000D0F800A01CEB0A0C5EF1000E49F10009FE
:10CD100040F804CB80CA4FF0000AA5FB07BC1EEB0D
:10CD20000B0E59EB0C094AF1000AA3FB06BC1EEBE3
:10CD30000B0E59EB0C094AF1000AA4FB08BC1EEBD0
:10CD40000B0E59EB0C094AF1000AD0F800B01EEBAB
:10CD50000B0E59F100094AF1000A40F804EB4FF0BC
:10CD6000000BA3FB07CE19EB0C095AEB0E0A4BF193
:10CD7000000BA4FB06CE19EB0C095AEB0E0A4BF183
:10CD8000000B40F8049BA4FB07E91AEB0E0A4BEBDF
:10CD9000090BA0E8000CA0F13400A1F11401A2F1EC
:10CDA000200238C9B2E8C001A3FB06BC40F804BBAE
:10CDB0004FF0000AA3FB07B91CEB0B0C49F100096B
:10CDC000A4FB06BE1CEB0B0C59EB0E094AF1000A42
:10CDD00040F804CB4FF0000BA3FB08CE19EB0C0975
:10CDE0005AEB0E0A4BF1000BA4FB07CE19EB0C0912
:10CDF0005AEB0E0A4BF1000BA5FB06CE19EB0C0902
:10CE00005AEB0E0A4BF1000B40F8049B08C94FF097
:10CE1000000CA4FB08E91AEB0E0A5BEB090B4CF1C2
:10CE2000000CA5FB07E91AEB0E0A5BEB090B4CF1B2
:10CE3000000CA3FB06E91AEB0E0A5BEB090B4CF1A5
:10CE4000000CD0F800E01AEB0E0A5BF1000B4CF17D
:10CE5000000C40F804AB10C94FF0000EA5FB089A77
:10CE60001BEB090B5CEB0A0C4EF1000EA3FB079ABF
:10CE70001BEB090B5CEB0A0C4EF1000EA4FB069AAF
:10CE80001BEB090B5CEB0A0C4EF1000ED0F8009086
:10CE90001BEB090B5CF1000C4EF1000E40F804BBDB
:10CEA00020C94FF00009A3FB08AB1CEB0A0C5EEB9A
:10CEB0000B0E49F10009A4FB07AB1CEB0A0C5EEB5F
:10CEC0000B0E49F10009A5FB06AB1CEB0A0C5EEB4F
:10CED0000B0E49F10009D0F800A01CEB0A0C5EF122
:10CEE000000E49F1000940F804CB08C94FF0000AD0
:10CEF000A4FB08BC1EEB0B0E59EB0C094AF1000A0F
:10CF0000A5FB07BC1EEB0B0E59EB0C094AF1000AFE
:10CF1000A3FB06BC1EEB0B0E59EB0C094AF1000AF1
:10CF2000D0F800B01EEB0B0E59F100094AF1000ACF
:10CF300040F804EB10C94FF0000BA5FB08CE19EB2D
:10CF40000C095AEB0E0A4BF1000BA3FB07CE19EBB1
:10CF50000C095AEB0E0A4BF1000BA4FB06CE19EBA1
:10CF60000C095AEB0E0A4BF1000BD0F800C019EB7C
:10CF70000C095AF1000A4BF1000B40F8049B40CA1F
:10CF80004FF0000CA5FB06E91AEB0E0A5BEB090B50
:10CF90004CF1000CA3FB08E91AEB0E0A5BEB090B42
:10CFA0004CF1000CA4FB07E91AEB0E0A5BEB090B32
:10CFB0004CF1000CD0F800E01AEB0E0A5BF1000B0C
:10CFC0004CF1000C40F804AB80CA4FF0000EA5FBFA
:10CFD000079A1BEB090B5CEB0A0C4EF1000EA3FB4E
:10CFE000069A1BEB090B5CEB0A0C4EF1000EA4FB3E
:10CFF000089A1BEB090B5CEB0A0C4EF1000ED0F803
:10D0000000901BEB090B5CF1000C4EF1000E40F898
:10D0100004BB52F8048B4FF00009A5FB08AB1CEBD6
:10D020000A0C5EEB0B0E49F10009A3FB07AB1CEBEE
:10D030000A0C5EEB0B0E49F10009A4FB06AB1CEBDE
:10D040000A0C5EEB0B0E49F10009D0F800A01CEBB6
:10D050000A0C5EF1000E49F1000940F804CB40CA09
:10D060004FF0000AA5FB06BC1EEB0B0E59EB0C099A
:10D070004AF1000AA3FB08BC1EEB0B0E59EB0C098E
:10D080004AF1000AA4FB07BC1EEB0B0E59EB0C097E
:10D090004AF1000AD0F800B01EEB0B0E59F100095E
:10D0A0004AF1000A40F804EB80CA4FF0000BA5FBE0
:10D0B00007CE19EB0C095AEB0E0A4BF1000BA3FB40
:10D0C00006CE19EB0C095AEB0E0A4BF1000BA4FB30
:10D0D00008CE19EB0C095AEB0E0A4BF1000BD0F8F5
:10D0E00000C019EB0C095AF1000A4BF1000B40F893
:10D0F000049B4FF0000CA3FB07E91AEB0E0A5BEB55
:10D10000090B4CF1000CA4FB06E91AEB0E0A5BEBD1
:10D11000090B4CF1000C40F804ABA4FB079A1BEB85
:10D12000090B4CEB0A0CA0E8001817EE900A6946B0
:10D13000FFF756FC11B0BDE8F08F2DE9F04F91B02C
:10D1400007EE900A68460CC901F1100160C900F1B0
:10D150001800A2FB058940F8048BA2FB06CA19EB54
:10D160000C094AF1000A40F8049BA3FB06891AEB5C
:10D17000080A49F1000BA0E8000CA0F12800A1F179
:10D180002001FCC9A2FB02BC40F804BB4FF000091F
:10D19000A2FB03AB1CEB0A0C5BF1000849F1000990
:10D1A0001CEB0A0C58EB0B0849F1000940F804CBC2
:10D1B0004FF0000AA2FB04BC1BEB0B0B5CEB0C0C4E
:10D1C0004AF1000A18EB0B0859EB0C094AF1000A66
:10D1D000A3FB03BC18EB0B0859EB0C094AF1000A3E
:10D1E00040F8048B4FF0000CA2FB058BDE46E3FBFE
:10D1F000048BDE4588BF4CF1000C18EB08085BEB94
:10D200000B0B4CEB0C0C18EB09085BEB0A0B4CF10D
:10D21000000C40F8048B4FF0000AA2FB0689CE46B2
:10D22000E3FB0589CE4588BF4AF1000A18EB0808E0
:10D2300059EB09094AEB0A0ACE46E4FB0489CE45BC
:10D2400088BF4AF1000A18EB0B0859EB0C094AF1A8
:10D25000000A40F8048B4FF0000CA2FB078BDE465F
:10D26000E3FB068BDE4588BF4CF1000CDE46E4FB99
:10D27000058BDE4588BF4CF1000C18EB08085BEB12
:10D280000B0B4CEB0C0C18EB09085BEB0A0B4CF18D
:10D29000000C40F8048B04C94FF0000AA3FB078977
:10D2A000CE46E4FB0689CE4588BF4AF1000AD0F895
:10D2B00000E018EB0E0859F100094AF1000A18EBDA
:10D2C000080859EB09094AEB0A0ACE46E5FB05892D
:10D2D000CE4588BF4AF1000A18EB0B0859EB0C0940
:10D2E0004AF1000A40F8048B4FF0000CA3FB028BBC
:10D2F000DE46E4FB078BDE4588BF4CF1000CDE46C2
:10D30000E5FB068BDE4588BF4CF1000CD0F800E051
:10D3100018EB0E085BF1000B4CF1000C18EB080841
:10D320005BEB0B0B4CEB0C0C18EB09085BEB0A0BE3
:10D330004CF1000C40F8048B08C94FF0000AA4FB24
:10D340000289CE46E5FB0789CE4588BF4AF1000A2F
:10D35000D0F800E018EB0E0859F100094AF1000A74
:10D3600018EB080859EB09094AEB0A0ACE46E6FB16
:10D370000689CE4588BF4AF1000A18EB0B0859EB25
:10D380000C094AF1000A40F8048B4FF0000CA4FB92
:10D39000038BDE46E5FB028BDE4588BF4CF1000CBB
:10D3A000DE46E6FB078BDE4588BF4CF1000CD0F86B
:10D3B00000E018EB0E085BF1000B4CF1000C18EBD1
:10D3C00008085BEB0B0B4CEB0C0C18EB09085BEB48
:10D3D0000A0B4CF1000C40F8048B4FF0000AA5FB3F
:10D3E0000389CE46E6FB0289CE4588BF4AF1000A92
:10D3F00018EB080859EB09094AEB0A0ACE46E7FB85
:10D400000789CE4588BF4AF1000A18EB0B0859EB93
:10D410000C094AF1000A40F8048B4FF0000CA6FBFF
:10D42000038BDE46E7FB028BDE4588BF4CF1000C28
:10D4300018EB08085BEB0B0B4CEB0C0C18EB09081A
:10D440005BEB0A0B4CF1000C40F8048B4FF000082A
:10D45000A7FB031A49185AEB0A0A48F100081BEB0C
:10D46000010B5CEB0A0C48F10008A2FB021A1BEB53
:10D47000010B5CEB0A0C48F1000840F804BB4FF0CC
:10D48000000BA2FB031A49185AEB0A0A4BF1000BD6
:10D490001CEB010C58EB0A084BF1000B40F804CBD5
:10D4A000A3FB031A18EB01085BEB0A0BA0E80009C9
:10D4B00017EE900A6946FFF793FA11B0BDE8F08FB6
:10D4C00070B588B006460D46684611461446FFF70B
:10D4D00034FE6A4631463046FFF74AFB224669462B
:10D4E0006846FFF745FB6A4629462846FFF740FB9A
:10D4F00008B070BD0B1F1C3153F8042F120E0277B9
:10D500005A8842771A68120A82771A68C2778B4261
:10D51000A0F10400F0D1704701F11C0304381A682F
:10D520008B4212BA40F8042FA3F10403F7D17047DD
:10D5300008B50146FFF71EFA30B101F12000FFF7F0
:10D5400019FA003818BF012008BD000010B50446C4
:10D55000FFF7E5F930B121462046034ABDE8104007
:10D56000FFF7B8B910BD00BFB8170700F0B51446F3
:10D5700089B006460F460246214668461D46FFF71B
:10D58000E5FF69466846FFF7D8FD6A4631463046F2
:10D59000FFF7EEFA6A4621462046FFF7E9FA3A46D7
:10D5A00029462846FFF7D2FF29466846FFF7C5FD02
:10D5B000324669466846FFF7C9FF22466946684613
:10D5C000FFF7C4FF324621462046FFF7BFFF224641
:10D5D00039463846FFF7CCFA6A4631462046FFF70F
:10D5E000B5FF224629462846FFF7C2FA3A462946A1
:10D5F0002846FFF7ABFF69462046FFF7C6F909B09A
:10D60000F0BD000010B50446FFF764F928B90749DA
:10D610002046FFF7C3F9002806DB21462046034ACF
:10D62000BDE81040FFF77BB910BD00BFB817070079
:10D63000F0B5144699B005460F46024621466846A5
:10D640001E46FFF783FF69466846FFF776FD6A4688
:10D6500029462846FFF78CFA6A4621462046FFF7FE
:10D6600087FA3A4631466846FFF7CCFF3A463146DC
:10D670003046FFF76BFF2A46214608A8FFF766FFF2
:10D6800008AA39463846FFF773FA2246294608A801
:10D69000FFF7B8FF31462046FFF74FFD08AA2146A5
:10D6A0002046FFF753FF2246294610A8FFF74EFFFA
:10D6B00010AA31463046FFF75BFA3A46314630460B
:10D6C000FFF744FF694610A8FFF737FD10A908AA25
:10D6D0000846FFF73BFF2A4610A908A8FFF736FFC8
:10D6E00008A96A460846FFF743FA3A4608A93846A9
:10D6F000FFF72CFF10A92846FFF747F919B0F0BD36
:10D700002DE9F04F9246ABB00278DDF8D0800446A8
:10D710000F46042A00F25E81DFE812F00500B30034
:10D72000D200F9000F0100F124055146284604F10A
:10D730006406FFF72AF90AF120013046FFF725F9C0
:10D74000271D04F14409B8F1000F00F09080414614
:10D7500012A8FFF71AF929463846FFF716F931469D
:10D760004846FFF712F9284612AAFFF7A9FE12A8A9
:10D77000FFF700F900286CD131461AA8FFF7DDFC4D
:10D780001AAA294622A8FFF7F3F91AA90846FFF7B3
:10D79000D4FC12AA31463046FFF7EAF912A908462E
:10D7A000FFF7CBFC12AA29462846FFF72BFF12AA47
:10D7B00011461046FFF726FF12AA10462946FFF72A
:10D7C000C5FE12AA29462846FFF7D2F92A4629465D
:10D7D00012A8FFF717FF294612AA2846FFF712FFE3
:10D7E000636AD90749D5C04A29462846FFF772F827
:10D7F00080462846FFF7E6F8236C43EAC8732364A3
:10D80000294612A8FFF799FC12A9084622AAFFF799
:10D810009DFE12A9084622AAFFF798FE22A90846F3
:10D8200012AAFFF793FE22AA29462846FFF7A0F97D
:10D830001AAA10462946FFF789FE12A92846FFF7C3
:10D84000A4F8314612A8FFF7A0F81AA93046FFF74E
:10D850009CF812AA49463846FFF732FEFF23C4F867
:10D8600084300123237000202BB0BDE8F08F12A874
:10D87000FFF77CF8012312936DE72846FFF7A2F823
:10D88000BEE7D0F884205011012153F8203002F077
:10D890001F0201FA02F21A420CBF0A460022881A3D
:10D8A0004001520102F1440300F14401043204300A
:10D8B0002344224421442044FFF7BAFE0223D1E747
:10D8C000D0F884205011012153F8203002F01F02BB
:10D8D00001FA02F21A420CBF0A46002250018A1ACB
:10D8E000520102F1440300F14401043204302344A4
:10D8F000224421442044FFF739FED4F88430013B10
:10D90000002BC4F88430CCBF01230323AAE71A6894
:10D9100002F00100D24302F001024001520102F183
:10D92000440300F1440104320430234422442144DE
:10D930002044FFF77DFE042394E71D68EE4305F0C5
:10D940000105023500F104096D0100F124014A4688
:10D9500002A805F10408FFF7F9FDA04402A9084652
:10D960004246FFF705F902A908465246FFF700F9BB
:10D9700002A806F00106FEF7FDFF68B302A8FEF755
:10D98000F5FF02A908460AF12002FFF7F1F83C3D35
:10D9900002A96219084676010192FFF7E9F806F13B
:10D9A000440104364346019A2144A01904F1440578
:10D9B000FFF7DCFD02AA29464846FFF781FD4946EC
:10D9C0003846FEF7E2FF294607F12000FEF7DDFFAB
:10D9D00005232370012047E702A90AA8FEF7D5FF17
:10D9E0004149DFF804B112A8FEF7CFFF1AA8FEF7ED
:10D9F000BDFF012322A81A93FEF7B8FF12A90AA8B7
:10DA0000FEF7CCFF20B91AA902A8FEF7BEFFB8E7BF
:10DA10000A9BDA0718D40AA8FEF7D4FF1A9810F068
:10DA2000010305D01AA95A460846FEF753FF0346DC
:10DA30001AA80193FEF7C6FF019B002BDED0219BA5
:10DA400043F000432193D9E7129BDB0718D412A8B7
:10DA5000FEF7B8FF229810F0010305D022A95A461C
:10DA60000846FEF737FF034622A80193FEF7AAFFF8
:10DA7000019B002BC2D0299B43F000432993BDE7B3
:10DA8000002818DD0AA912AA0846FEF748FF0AA8CE
:10DA9000FEF798FF22A91AA8FEF780FF002804DAF3
:10DAA0001AA95A460846FEF715FF1AA922AA0846DF
:10DAB000FEF735FFB2E712A90AAA0846FEF72FFFC4
:10DAC00012A8FEF77FFF1AA922A8FEF767FF002819
:10DAD00004DA22A95A460846FEF7FCFE22A91AAA31
:10DAE0000846FEF71CFFB5E7B8170700014B1860A2
:10DAF000704700BFEC620020074B10B500210446C0
:10DB00004FF4BC7218461FF039FC21460430BDE8C2
:10DB10001040FFF701BD00BFB43401202DE9F341EF
:10DB2000294D2B78012B2BD0022B40D0002B48D134
:10DB3000281DFEF71FFF044618B1002002B0BDE803
:10DB4000F0812248291DFEF729FF01280646F4D15D
:10DB500005F164071D4AC5F8A47005F18408291D64
:10DB60003846C5F8A880FEF7B5FE184AC5F8AC00DF
:10DB700039464046FEF7AEFE85F8B0402E70DCE731
:10DB8000D5F8AC30124AB3FA83F35B0905EB830393
:10DB900000240094D3F8A43005F1240105F1B0006D
:10DBA000FFF7AEFD0028C8D002232B70C5E705F1B2
:10DBB0002400FFF7BDFC10B100202870BEE703234E
:10DBC0002B700120BAE700BFB4340120981707007A
:10DBD0003817070038B5094D04460846291DFFF7D8
:10DBE00089FC05F124012046FFF784FC05F144017E
:10DBF00004F12000BDE83840FFF77CBCB4340120BC
:10DC000010B5A8B0014618A8FFF786FC203120A85F
:10DC1000FFF782FC18A8FFF78BFC0446002833D1DD
:10DC20001A4818A9FEF7BAFE01282AD1174820A9D8
:10DC3000FEF7B4FE012824D120A96846FFF77DFA3B
:10DC40001C22214611A81FF099FB032318A908A83C
:10DC50001093FFF772FA08A9084610AAFFF776FC9E
:10DC600008A9084618AAFEF783FF08A90846084A2B
:10DC7000FFF7C8FC08A96846FEF790FEB0FA80F4EA
:10DC80006409204628B010BD0024FAE7B817070041
:10DC9000781707002DE9F0414FF4BC7206460F4695
:10DCA0001E481E4DDFF8808000211FF067FB4024D6
:10DCB000D8F8003019482021984758B32846FEF775
:10DCC00059FE38BB2D62164C39462046FFF724FC1E
:10DCD0003146A4F18000FFF71FFC06F12001A4F1FA
:10DCE0006000FFF719FC04F120060E4AC5F8E44075
:10DCF00021462046C5F8E860FEF7ECFD094AC5F864
:10DD0000EC0021463046FEF7E5FD002385F8F030B3
:10DD1000BDE8F081013CCBD1D5E700BFB434012090
:10DD20005835012098170700EC62002007B50B4812
:10DD3000D0F8EC30026A0092B3FA83F35B0900EB8F
:10DD4000830300F1240200F16401D3F8E430F030E1
:10DD5000FFF7D6FC03B05DF804FB00BFB43401202C
:10DD60000149FFF7C7BB00BF18350120022910B5D4
:10DD700014461A4608D0052908D0012908D10021E7
:10DD8000FEF71EF9204610BD0121F9E70321F7E750
:10DD90000020F8E70139C9B2022910B405D8054CB2
:10DDA000615C5DF8044B12F09BBF00205DF8044BF2
:10DDB000704700BFD817070070470000064A0523C8
:10DDC000118A814206D0013B13F0FF0302F11C02CD
:10DDD000F6D11A46104670473036012010B5094B6F
:10DDE00005224FF6FF711C8A8C4204D10022188252
:10DDF000DA751A8310BD013A12F0FF0203F11C0319
:10DE0000F1D1F7E730360120427E013208B5427683
:10DE10000FF03FFD034A92F8BA3013B1013B82F88C
:10DE2000BA3008BD3036012038B5044600282FD15D
:10DE30001C4C05234FF6FF72218A914201D0A17D2F
:10DE400031BB013B13F0FF0304F11C04F4D10020AB
:10DE500038BD658A002DFAD0638A228A5B1B6382F3
:10DE600063681A70238A62681B0A43F010035370B8
:10DE700063689D7063682A0ADA7061682046FFF75C
:10DE8000C3FF638A13B163682B4463600120DFE73B
:10DE9000658A01F075F98542DBD301F071F9054619
:10DEA000D8E700BF3036012070B50E46044615464F
:10DEB00001F066F9B04217D22B18C4E90053361AA4
:10DEC00001236682A375A870000AE87029462046DF
:10DED000FFF79AFF074D95F8BA3023B12046FFF7B8
:10DEE000A3FF0028F7D170BD29462046BDE8704049
:10DEF000FFF78ABF303601202DE9F3411B4D95F81D
:10DF0000BA3040B1184495F8BB30C0B2984228BF2F
:10DF1000184685F8BA00164F95F8BA3013B902B012
:10DF2000BDE8F0810020FFF77FFF0028F4D10DF15C
:10DF3000070138460BF051FD04460028EFD0437826
:10DF4000867890F80380007800EB032080B2FFF71A
:10DF500035FF30B106EB0821224689B2FFF7A4FF56
:10DF6000DAE720460BF020FDD6E700BF303601206F
:10DF7000D836012038B5104C0523228A824214D1AC
:10DF8000206818B10BF010FD00232360A068002565
:10DF9000A57510B10BF008FDA5604FF6FF73607E0C
:10DFA0002382BDE83840FFF7A7BF013B13F0FF0312
:10DFB00004F11C04E1D138BD303601202DE9F041D7
:10DFC000437890F80080867808EB032808F44057DF
:10DFD000C378C8F30B080546404606EB0326FFF757
:10DFE000EDFEB6B2044638B9002628460BF0DCFC3C
:10DFF00035462846BDE8F081B7F5005F3DD1806821
:10E0000018B10BF0D1FC0023A360032EECD96B797F
:10E010002F79274A07EB0327B2F8B420BFB2FB1CC5
:10E020009342E1DAB342E4DB07F10800002180B259
:10E030000BF0B6FCA0600028D6D0431CE36080F84B
:10E040000080E3684FEA18285A1CE26083F80080D9
:10E05000E36804375A1CE2601F70E3685A1CE260F0
:10E060003A121A70E0683246291D1FF05FF9E36822
:10E07000BF1B3344E360A782B6E7B7F5805FB3D137
:10E080008368002BB0D0838AB342ADD3C0683246D8
:10E09000291D1FF04BF9E3683344E360A38A9B1BFF
:10E0A0009BB2A382002B9FD1A668A3609DE700BF0F
:10E0B000303601200F4B4FF6FF721A829A85A3F873
:10E0C0004820A3F86420A3F880204FF0FF32C3E972
:10E0D0002322C3F894201B22A3F8B42040F2051297
:10E0E0000021A3F8B820C3E92A11C3F8D81000F022
:10E0F000B3BF00BF30360120024B012283F821203C
:10E100000FF06EBC543F0120014BA3F8B4007047E0
:10E110003036012030B5074DD5E9004322B1204308
:10E120001943C5E9000130BD24EA000023EA0101DA
:10E13000F7E700BFF06200202DE9F0414378067850
:10E140008478C77806EB0326B6B280463046FFF7E0
:10E1500035FE054668B304EB0724194F07F1A80004
:10E160000BF0BEFCA4B24246F0B197F8BA30DBB176
:10E1700021462846FFF798FE01F002F82A7E013C6E
:10E1800094FBF0F301331344DBB22B7697F8B820FD
:10E190009A4213D8EB7D8BB90A4B0121E9753046C1
:10E1A0005B69BDE8F0411847074800210BF0FFFB11
:10E1B000E2E74046BDE8F0410BF0F6BBBDE8F08178
:10E1C00030360120543F0120D836012038B50446AE
:10E1D000C81C80B20D460BF0DBFB18B10470240A9A
:10E1E0004470857038BD000037B5024618B110483C
:10E1F00000210BF0DCFB0F4DAB7EB3B10DF107013D
:10E2000005F110000BF0E9FB044670B1AB7E013B59
:10E21000AB7642780378022103EB022328462B8356
:10E220000BF0CAFC20460FF03EFB03B030BD00BF30
:10E230002037012010370120054B0022C3E90422BA
:10E2400001229A769A71034A92F820201A73704735
:10E2500010370120543F01207047000010B5054CD5
:10E2600020460BF0B2FC0123A3760020BDE810404D
:10E27000FFF7BABF1037012038B504460D4640F20B
:10E2800006400321FFF7A2FF38B1C470240A0471CD
:10E290004571BDE83840FFF7A7BF38BD70B50646E9
:10E2A0000D4642F211000721FFF790FF044648B1E6
:10E2B000C670294604300BF0C9FC2046BDE870400A
:10E2C000FFF792BF70BD08B5002142F21000FFF7C2
:10E2D0007DFF18B1BDE80840FFF786BF08BD38B51F
:10E2E00005460C4642F213000E21FFF76FFF20B3E4
:10E2F000C5702D0A0571228842712288120A827126
:10E300006288C2716288120A0272A2884272A2886E
:10E31000120A8272E288C272E288120A02732289A9
:10E3200042732289120A82736289C2736289120A55
:10E330000274BDE83840FFF757BF38BD2DE9F84FEC
:10E3400007460E4642F20D001921DDF828B09DF86F
:10E350002C900C9D92469846FFF738FF044690B3E8
:10E36000C77046713F0A360A0771867180F807A0A8
:10E3700080F80880594609300BF068FC84F80F904B
:10E380002B8823742B881B0A63746B88A3746B8897
:10E390001B0AE374AB882375AB881B0A6375EB8893
:10E3A000A375EB881B0AE3752B8923762B891B0A3F
:10E3B00063766B89A3766B891B0AE3762046BDE8FA
:10E3C000F84FFFF711BFBDE8F88F08B5002142F202
:10E3D0000E00FFF7FBFE18B1BDE80840FFF704BFD1
:10E3E00008BD2DE9F84F0646884642F220000E216E
:10E3F000BDF828B0BDF82CA0BDF8309017461D46DA
:10E40000FFF7E4FE08B3C67080F80580360A4FEACD
:10E410001828C77145723F0A2D0A4FEA1B214FEA9F
:10E420001A224FEA1923067180F806800772857256
:10E4300080F80BB0017380F80DA0827380F80F9004
:10E440000374BDE8F84FFFF7CFBEBDE8F88F38B5CD
:10E4500004460D4642F221000321FFF7B7FE38B112
:10E46000C470240A04714571BDE83840FFF7BCBE92
:10E4700038BD70B506460D4642F22200062114460C
:10E48000FFF7A4FE60B1C6704571360A2D0AC4714B
:10E49000240A067185710472BDE87040FFF7A4BEBE
:10E4A00070BD38B505460C4642F224000421FFF742
:10E4B0008DFE48B1C57044712D0A240A057184711E
:10E4C000BDE83840FFF790BE38BD38B505460C466C
:10E4D00042F226004021FFF779FEC0B12B46C21C54
:10E4E00005F1200153F8045B42F8045B8B42F9D13B
:10E4F000214600F1230304F1200251F8044B43F8B4
:10E50000044B9142F9D1BDE83840FFF76DBE38BDEC
:10E5100008B5002142F22F00FFF758FE18B1BDE800
:10E520000840FFF761BE08BD38B505460C4642F20B
:10E5300017002021FFF74AFEC0B12B46C21C05F18F
:10E54000100153F8045B42F8045B8B42F9D1214679
:10E5500000F1130304F1100251F8044B43F8044B8B
:10E560009142F9D1BDE83840FFF73EBE38BD10B545
:10E570000221044642F21B00FFF728FE30B1C470AE
:10E58000240A0471BDE81040FFF72EBE10BD38B557
:10E5900005460C4642F21A001221FFF717FE80B121
:10E5A000C5702D0A05712146431D04F1100251F872
:10E5B000044B43F8044B9142F9D1BDE83840FFF7D2
:10E5C00013BE38BD08B5002142F21800FFF7FEFD6A
:10E5D00018B1BDE80840FFF707BE08BD08B5002127
:10E5E00042F20200FFF7F2FD18B1BDE80840FFF764
:10E5F000FBBD08BD08B5002142F20300FFF7E6FDB0
:10E6000018B1BDE80840FFF7EFBD08BD08B500210F
:10E6100042F21C00FFF7DAFD18B1BDE80840FFF731
:10E62000E3BD08BD08B5002142F20F00FFF7CEFDA3
:10E6300018B1BDE80840FFF7D7BD08BD70B5064664
:10E640000D4642F212000721FFF7C0FD044648B113
:10E65000C670294604300BF0F9FA2046BDE8704038
:10E66000FFF7C2BD70BD10B50121044642F20A0099
:10E67000FFF7ACFD20B1C470BDE81040FFF7B4BD9A
:10E6800010BD70B505460E4642F208002021FFF786
:10E690009DFD044688B1031DC5702A4631461846C3
:10E6A0001EF044FEC5F11F02284400211EF066FE44
:10E6B0002046BDE87040FFF797BD70BD2DE9F74FCC
:10E6C00006460D4699460F219DF83030DDF834B0EE
:10E6D0009DF838809DF83C70019342F20600924606
:10E6E000FFF774FD044600B3C6704571019B80F8C6
:10E6F00007A0360A2D0A0671857180F808900A3045
:10E700006372BBF1000F0DD059460BF09FFA04F174
:10E71000100080F800804770204603B0BDE8F04F3D
:10E72000FFF762BD0BF09FFAF3E703B0BDE8F08F8F
:10E7300010B50821044642F20100FFF747FD48B139
:10E740002268C0F803206268C0F80720BDE81040C6
:10E75000FFF74ABD10BD38B50621054642F2050057
:10E76000FFF734FD044640B1294603300BF06EFA42
:10E770002046BDE83840FFF737BD38BD38B50546FF
:10E780000C4642F20C000221FFF720FD28B1C570B3
:10E790000471BDE83840FFF727BD38BD2DE9F843C7
:10E7A00080460E4642F20B0007219DF82090154648
:10E7B0001F46FFF70BFD70B106718571360A2D0AF1
:10E7C00080F803804671C571077280F80990BDE832
:10E7D000F843FFF709BDBDE8F88370B505460E465E
:10E7E00042F209002021FFF7F1FC044688B1031D25
:10E7F000C5702A46314618461EF098FDC5F11F0225
:10E80000284400211EF0BAFD2046BDE87040FFF705
:10E81000EBBC70BDF8B506460F4642F219001C214C
:10E8200015461C46FFF7D2FCD0B1C670360A0671F9
:10E830003B68C0F805307B6845732D0AC0F8093085
:10E840008573234600F10F0204F1100153F8044BC5
:10E8500042F8044B8B42F9D1BDE8F840FFF7C4BC45
:10E86000F8BD08B5002141F20900FFF7AFFC18B16F
:10E87000BDE80840FFF7B8BC08BD08B5002141F26B
:10E880000100FFF7A3FC18B1BDE80840FFF7ACBCDE
:10E8900008BD10B50221044641F20540FFF796FC81
:10E8A00030B1C470240A0471BDE81040FFF79CBC6D
:10E8B00010BD000008B5074B0122002140F60340BF
:10E8C0009A76FFF783FC18B1BDE80840FFF78CBCCF
:10E8D00008BD00BF1037012010B50821044640F6DE
:10E8E0000140FFF773FC48B12268C0F8032062685A
:10E8F000C0F80720BDE81040FFF776BC10BD10B58A
:10E900000821044640F66340FFF760FC48B12268E6
:10E91000C0F803206268C0F80720BDE81040FFF788
:10E9200063BC10BD38B505460C4640F67C4004215A
:10E93000FFF74CFC48B1C57044712D0A240A0571DB
:10E940008471BDE83840FFF74FBC38BD2DE9F04178
:10E9500080460F4642F22700272115461E46FFF744
:10E9600035FC044600B380F80380394604300BF0D0
:10E970006DF92A4604F10A0305F1100152F8040B5F
:10E9800043F8040B8A42F9D1334604F11A0206F126
:10E99000100153F8040B42F8040B8B42F9D12046C6
:10E9A000BDE8F041FFF720BCBDE8F08170B5064638
:10E9B0000D4642F228000721FFF708FC044648B143
:10E9C000C670294604300BF041F92046BDE870407E
:10E9D000FFF70ABC70BD08B5002142F22900FFF71D
:10E9E000F5FB18B1BDE80840FFF7FEBB08BD08B550
:10E9F000002142F22A00FFF7E9FB18B1BDE8084008
:10EA0000FFF7F2BB08BD10B50121044642F22D000C
:10EA1000FFF7DCFB20B1C470BDE81040FFF7E4BB9A
:10EA200010BD10B50221044642F22E00FFF7CEFBC6
:10EA300030B1C470240A0471BDE81040FFF7D4BBA4
:10EA400010BDF8B507460E4642F24E0008211546A5
:10EA5000FFF7BCFB044650B1C770314604300BF0E1
:10EA6000F5F8A5722046BDE8F840FFF7BDBBF8BD3C
:10EA700010B50221044642F26D00FFF7A7FB30B14A
:10EA8000C470240A0471BDE81040FFF7ADBB10BD8F
:10EA900070B506460D4642F235000721FFF796FB9A
:10EAA000044648B1C670294604300BF0CFF8204622
:10EAB000BDE87040FFF798BB70BD70B506460D46C7
:10EAC00042F236001921FFF781FB0446002830D0BE
:10EAD000C6702B8803712B881B0A43716B68837186
:10EAE0006B681B0AC371EB880372AB684372AB6837
:10EAF0001B0A83726B89C3722B7B03736B7B43731B
:10EB0000AB7B837329690F300BF0A0F82B7D637505
:10EB10006B7DA375AB7DE375EB7D23762B7E6376F2
:10EB20006B7EA376AB7EE3762046BDE87040FFF7B0
:10EB30005BBB70BDFB2B2DE9F84328BFFB230F46C1
:10EB4000191D8046C9B242F23700DDF82090164602
:10EB50001D46FFF73BFB044670B180F80380077148
:10EB6000467185712A46494607301EF0DFFB204674
:10EB7000BDE8F843FFF738BBBDE8F883FB2B2DE970
:10EB8000F84328BFFB230F46191D8046C9B242F245
:10EB90003800DDF8209016461D46FFF717FB0446A7
:10EBA00070B180F803800771467185712A46494625
:10EBB00007301EF0BBFB2046BDE8F843FFF714BB4F
:10EBC000BDE8F88370B50D4689000646023142F271
:10EBD00039001446FFF7FAFAE0B10571C670224613
:10EBE000034600EB8505AB4202F1060203D1BDE806
:10EBF0007040FFF7F9BA12F8061C597132F8041C7C
:10EC0000997132F8041C090AD97112F8021C1972A0
:10EC10000433E8E770BD08B5002142F23A00FFF77F
:10EC2000D5FA18B1BDE80840FFF7DEBA08BD08B54F
:10EC3000002142F23B00FFF7C9FA18B1BDE80840D5
:10EC4000FFF7D2BA08BD10B50121044642F23C00DC
:10EC5000FFF7BCFA20B1C470BDE81040FFF7C4BA9A
:10EC600010BD08B5002142F23D00FFF7AFFA18B120
:10EC7000BDE80840FFF7B8BA08BD2DE9F04180466D
:10EC80000F4642F23E00072116461D46FFF79EFA48
:10EC900070B1077186713F0A360A05722D0A80F835
:10ECA00003804771C6714572BDE8F041FFF79CBA19
:10ECB000BDE8F081FC2A28BFFC222DE9F0410F4677
:10ECC000D11C8046C9B242F23F001E461546FFF7EE
:10ECD0007DFA044668B180F80380077145712A46C1
:10ECE000314606301EF022FB2046BDE8F041FFF71A
:10ECF0007BBABDE8F08138B505460C464FF40150AB
:10ED00000221FFF763FA28B1C5700471BDE83840ED
:10ED1000FFF76ABA38BD2DE9F0411C460023804652
:10ED20000F4616461D4646FA03F2D20744BF013588
:10ED3000EDB2072B03D0042D03F10103F3D105EB52
:10ED40008501033142F24100FFF740FA18B380F821
:10ED5000038007714671234602460021CCB2A542CA
:10ED600003F1060303D8BDE8F041FFF73DBA13F8FD
:10ED7000024C947133F8064CD47133F8064C240AD3
:10ED8000147233F8044C547233F8044C240A94720D
:10ED900001310532E2E7BDE8F0812DE9F04180461E
:10EDA0000F4642F24200062116461D46FFF70EFAB4
:10EDB00060B14671C571360A2D0A80F8038007716B
:10EDC00086710572BDE8F041FFF70EBABDE8F0812B
:10EDD0002DE9F04100231746027A054688461E4673
:10EDE00042FA03F1C90744BF0136F6B2072B03D03C
:10EDF000042E03F10103F3D131010A3142F2430041
:10EE0000FFF7E4F90446002855D02B78C3706B78DF
:10EE10000371AB784371696806300AF017FF2B7AEB
:10EE20002373414623463A4604EB0616B34201F1EA
:10EE3000040102F10C0204D12046BDE8F041FFF7C5
:10EE4000D3B931F8040C587331F8040C000A9873E4
:10EE500031F8020CD87331F8020C000A187432F839
:10EE60000C0C587432F80C0C000A987432F80A0C26
:10EE7000D87432F80A0C000A187532F8080C587564
:10EE800032F8080C000A987532F8060CD87532F87A
:10EE9000060C000A187632F8040C587632F8040C86
:10EEA000000A987632F8020CD87632F8020C000A82
:10EEB00018771033BAE7BDE8F0812DE9F84F8246A4
:10EEC000894642F244000E21BDF82860BDF82C505E
:10EED0009DF8308093461F46FFF778F90446B0B19D
:10EEE00080F803A080F8049080F805B03946063019
:10EEF0000AF0ACFE2673A573360A2D0A6673E57315
:10EF000084F810802046BDE8F84FFFF76DB9BDE8E2
:10EF1000F88F08B5002142F24500FFF757F918B104
:10EF2000BDE80840FFF760B908BD10B502210446EE
:10EF300042F24600FFF74AF930B1C470240A047166
:10EF4000BDE81040FFF750B910BDF8B507460E46B2
:10EF500042F2470008211546FFF738F9044650B140
:10EF6000C770314604300AF071FEA5722046BDE834
:10EF7000F840FFF739B9F8BDF8B507460E4642F23A
:10EF8000480008211546FFF721F9044650B1C77023
:10EF9000314604300AF05AFEA5722046BDE8F8401A
:10EFA000FFF722B9F8BD08B5002142F24900FFF78A
:10EFB0000DF918B1BDE80840FFF716B908BD08B54E
:10EFC000002142F24A00FFF701F918B1BDE80840FC
:10EFD000FFF70AB908BD10B50221044642F230001D
:10EFE000FFF7F4F830B1C470240A0471BDE8104092
:10EFF000FFF7FAB810BD70B506460D4642F2310073
:10F0000003211446FFF7E2F830B1C6700571447170
:10F01000BDE87040FFF7E8B870BD2DE9F84305463C
:10F02000884642F232000721BDF8206091461F4613
:10F03000FFF7CCF870B1C57006722D0A360A05715B
:10F0400080F8058080F80690C7714672BDE8F843E5
:10F05000FFF7CAB8BDE8F883FFF7EEB82DE9F84F1F
:10F0600004464FF0000A14F8059B1B4EDFF86C8035
:10F070005746B9F1000F04D15046BDE8F84FFEF7EE
:10F080003BBF14F8033C14F8045C14F802BC05EB15
:10F090000325ADB22846FEF791FEB0B1427E5B4635
:10F0A000D21A4276027ED21A53445FFA83FAC37DA3
:10F0B000D2B202764BB196F8B930934205D3C775F8
:10F0C000D8F8142000212846904709F1FF395FFA4B
:10F0D00089F90434CDE700BF30360120543F0120C8
:10F0E00010B5064C0A46014620460AF060FC94F82A
:10F0F00020000121BDE810400EF09EBC543F0120CD
:10F1000037B541B18B78012B0FD1084603B0BDE86C
:10F110003040FFF7A1B8C30707D5134D12480DF1D2
:10F1200007010AF05AFC044608B903B030BD9DF847
:10F130000730042B0BD100F087FC95F8213013B178
:10F1400020460EF04FFC20460AF02EFCE6E7022B8C
:10F1500006D1FEF733FF0028E0D02B699847DDE7A2
:10F16000AB69002BFAD1EFE7543F0120004870470C
:10F17000D0360120014B93F8BC0070473036012097
:10F18000014BB3F8B600704730360120014BD3E98C
:10F190003001704730360120014BB3F8B40070479E
:10F1A00030360120014B93F8C900704730360120FA
:10F1B000034B93F8C900003818BF0120704700BF07
:10F1C00030360120014BB3F8CA00704730360120B9
:10F1D000014B93F8CC00704730360120014B93F877
:10F1E000CD0070473036012010B50A7802718C7856
:10F1F0004B7803EB04239BB2C380C9780172038070
:10F20000C27010BD30B50C7804718A784B7803EB6E
:10F2100002239BB2C3800D79CA7802EB05220281DA
:10F220008D794A7902EB052242810D7ACA790380F1
:10F2300002EB05228281C47030BD0B780371C3706C
:10F24000704710B50A7802718C784B7803EB042371
:10F250009BB2C380C97801720380C27010BD0B7865
:10F2600003714A784271C97881710280C370704716
:10F2700030B50C7804718A784B7803EB02239BB28B
:10F28000C380CA7802724D790A7902EB0522428165
:10F29000CD798A79038002EB05228281C47030BD6A
:10F2A0000A78027110B54B788C78C27003EB042396
:10F2B0009BB2C380038010BDFFF7F2BFFFF7F0BF22
:10F2C000FFF792BF4A780B7803EB022383807047E5
:10F2D00011F8012C11F8023C03EB022383800B7818
:10F2E000C3704B78837170470B78037170470A784D
:10F2F000027110B54B788C78C27003EB04239BB27B
:10F30000C380038010BDFFF7F2BF0A7802714B780B
:10F3100010B58C7803EB0423C3800C79CB78C270D2
:10F3200003EB0423038110BDFFF7E1BF0A780271EC
:10F330004B7810B58C7803EB0423C3800C79CB7821
:10F3400003EB042303818C794B7903EB0423438182
:10F350000C7ACB79C27003EB0423838110BD4A7809
:10F360000B7803EB02239BB283808A7810B5CC78AC
:10F3700002EB0422C2804C790A7902EB042202815A
:10F38000CC798A7902EB042242814C7A0A7A038092
:10F3900002EB0422828110BDFFF7E1BFFFF7A7BF98
:10F3A0004A780B7803EB02239BB28380038070477B
:10F3B00010B50A7802718C784B7803EB04239BB26A
:10F3C000C380CC78047209794172C270038010BD89
:10F3D000FFF7EEBF704730B50C7804714A78427180
:10F3E000CD788B7803EB0523C3800B790372C4704F
:10F3F000028030BD0B78C37070474A780B7803EBFE
:10F4000002239BB283808A78827103807047FFF762
:10F4100047BFFFF745BFFFF743BFFFF768BFFFF7E1
:10F4200066BFFFF764BFFFF762BF0B7803714A78CE
:10F4300042718A788271CA78C2710A790272C37085
:10F44000704730B50B46441D13F8012B0271213172
:10F4500053F8045B44F8045B8B42F9D1C27030BDB1
:10F4600030B50B46441D13F8012B0271413153F89E
:10F47000045B44F8045B8B42F9D1C27030BD10B517
:10F480000A4612F8014B0471D1F80130C0F805307A
:10F490005368C0F80930C47010BD30B50B46441D28
:10F4A00013F8012B0271113153F8045B44F8045B2B
:10F4B0008B42F9D1C27030BD04301DF037BF10B59A
:10F4C0000C464A7814F8023B03EB02239BB283807C
:10F4D000D1F80220C0F806206268C0F80A20CC7A71
:10F4E0008A7A038002EB0422C28110BD10B50C7829
:10F4F00004718A784B7803EB02239BB2C380D1F866
:10F5000003208260D1F80720C2600380C47010BD60
:10F5100010B50A7802718C784B7803EB04239BB208
:10F52000C380D1F803408460C97901730380C2703D
:10F5300010BD38B50B7803718A784B7803EB022342
:10F54000C3800A79CB7803EB022303818A794B7954
:10F5500003EB02234381CB7903730D460B7A43738C
:10F56000044609310E300AF071FBEB7B23756A7C8F
:10F570002B7C03EB0223E382AB7C23762379E370BD
:10F58000E388238038BD38B50B7803718A784B78CF
:10F5900003EB0223C380CB7803720D460B794372D1
:10F5A000044605310A300AF051FBEB7A23746A7B7A
:10F5B0002B7B03EB02236382AB7B23752379E37000
:10F5C000E388238038BD10B50B7803714B78437105
:10F5D0000446023106300AF039FB2379238010BD3E
:10F5E00010B511F8013B0371044605300AF02EFBFB
:10F5F0002379E37010BDFFF7F3BF38B50B780371C3
:10F600008A784B7803EB0223C380CB7803720B79A3
:10F61000437204460D460A3005310AF017FB05F126
:10F620000B0104F117000AF011FB05F1110104F1BF
:10F630001D000AF00BFB2A7EEB7D03EB02232382E5
:10F64000AA7E6B7E03EB022363822A7FEB7E03EBB1
:10F650000223A3826B7FA375E38823802379E37061
:10F6600038BD38B50B7803718A784B7803EB0223E9
:10F67000C380CB7803720D460B7943720446053183
:10F680000A300AF0E3FA2A7BEB7A03EB02232382A7
:10F69000AA7B6B7B03EB022363822A7CEB7B03EB6D
:10F6A0000223A3826B7CA3750023C4F81730A4F84F
:10F6B0001B30C4F81D30A4F82130E388238023795F
:10F6C000E37038BD0B780371C37070470B7803711A
:10F6D000C37070470B780371C37070470B78037168
:10F6E000C37070470B780371C37070470B78037158
:10F6F000C37070474A780B7803EB02239BB2838078
:10F700000380704700B542F2260399428BB003D0C4
:10F7100042F25E0399420BD1074BDB6843B12622CC
:10F720008DF804008DF803008DF802206846984794
:10F730000BB05DF804FB00BF543F012010B5037807
:10F7400044783BB1C278817801EB022189B2184636
:10F75000FFF7D8FF2046BDE81040FEF77FBD000050
:10F760002DE9F34183784578B44A0778966805EB2C
:10F770000325ADB242F25B039D42884600F10301CE
:10F7800012D842F204039D4223D840F67C439D42A6
:10F7900000F04B8141F205439D4200F0488140F664
:10F7A0002D439D4200F04581AB0A3F2B00F01E81A6
:10F7B00008F10200C0B201910AF09AF801990446DA
:10F7C000002840F02181384602B0BDE8F041FEF744
:10F7D00045BDA5F50053053B562BE5D801A050F8D3
:10F7E00023F000BFD1F90400A9F70400A9F7040031
:10F7F000A9F70400A9F70400C1F90400A9F704005F
:10F80000BDF90400A9F7040041F90400A9F70400B8
:10F81000A9F70400A9F70400A9F70400A9F7040058
:10F82000A9F7040099F90400A9F7040071F904008C
:10F8300093F90400A9F704008BF904008FF9040080
:10F84000A9F70400A9F70400A9F70400A9F7040028
:10F8500037FA040077F9040083F904007BF9040007
:10F860007FF90400A9F70400A9F704009DF904003A
:10F87000A1F90400A5F90400A9F70400A9F90400FE
:10F88000ADF90400B1F90400A9F7040087F90400F8
:10F89000B5F90400B9F90400A9F70400A9F70400B8
:10F8A000A9F70400A9F70400A9F70400A9F70400C8
:10F8B000A9F70400C9F90400A9F70400A9F7040096
:10F8C000A9F70400A9F70400A9F70400A9F70400A8
:10F8D000CDF90400A9F70400C5F90400A9F7040054
:10F8E000A9F70400A9F70400A9F70400A9F7040088
:10F8F000A9F70400A9F70400A9F70400A9F7040078
:10F90000A9F70400A9F70400A9F70400A9F7040067
:10F91000A9F70400A9F70400A9F70400A9F7040057
:10F92000D5F90400D9F90400DDF90400E1F9040077
:10F93000E5F90400A9F70400E9F9040027FA040036
:10F9400005243F4B0191185D09F0D2FF05460028C0
:10F950003FF439AF00230380C3703A4B019953F849
:10F9600024308470424698472846B047284657E0DE
:10F97000D6681B24E5E71E24E3E71F24E1E72024E3
:10F98000DFE72124DDE72224DBE70C24D9E70D247F
:10F99000D7E7D6681C24D4E70824D2E71524D0E79B
:10F9A0001624CEE71724CCE71824CAE71924C8E7A1
:10F9B0001A24C6E72924C4E72A24C2E73424C0E76E
:10F9C0003524BEE73624BCE73724BAE73824B8E745
:10F9D0003924B6E73F24B4E74024B2E74124B0E736
:10F9E0004224AEE74324ACE73B24AAE7424628463C
:10F9F00001910EF00BF8044600283FF4E4AE5628BF
:10FA000001993FF4D5AE9CE75623A8F10302438049
:10FA10000580D2B204301DF089FC2046B047204654
:10FA200009F088FFCFE63C248BE7272489E70724E9
:10FA300087E7092485E71D2483E700BF543F0120A1
:10FA4000F3170700381807002DE9F74F0646AA4FAD
:10FA500016F8023BD7F8088090F801901A2B04465C
:10FA60001CD8042B23D9053B152B20D8DFE813F035
:10FA700025021F001F002B021F001F001F00310264
:10FA80001F0034002A0042021F001F003F001F0019
:10FA90001F001F001F001F001F003D02572B00F01A
:10FAA0002F8207D8302B00F01A823E2B27D003B0CC
:10FAB000BDE8F08FFF2BFAD1904A938A01339382ED
:10FAC00013255AE08D4A138930460133138103B060
:10FAD000BDE8F04FFFF732BE884AD388494601336C
:10FAE0003046D38003B0BDE8F04FFFF739BE304653
:10FAF000FFF7B4FA814A938901339381D7E77F4AAC
:10FB00008578538A013353826B1EC61C172BCED8BF
:10FB100001A252F823F000BFBDFB0400D3FB040098
:10FB20000DFF040079FB040011FF0400DDFC04005C
:10FB3000E1FC0400E5FC0400EDFC040063FC0400AF
:10FB400079FC0400F5FC040009FD0400DBFD040061
:10FB5000DFFD04002FFE0400CFFD0400D3FD0400F0
:10FB6000D7FD0400AFFA0400AFFA040037FE04002A
:10FB7000B7FE040033FE04000B25614B585D09F00D
:10FB8000B7FE044670B100232380E3705D4BA5707F
:10FB900053F825304A46314698472046C04720460C
:10FBA00009F0C8FE032D82D1B378707800EB0320F2
:10FBB00080B203B0BDE8F04FFEF7DCB9C378002B8C
:10FBC000DBD14379007900EB032080B2FEF706F920
:10FBD000D3E790F80380B8F10F0F3FF668AF3B20F2
:10FBE00009F086FE054600283FF461AF043400F1B9
:10FBF0000C0B00F11C0A4FF0000908F1FF385FFA06
:10FC000088F8B8F1FF0F0DD02378AB726378EB72F0
:10FC1000A11C58460AF01AF8267A2E721F2E04F1FB
:10FC2000090105D9284603B0BDE8F04F09F082BEAE
:10FC3000C5F804A03246504601911DF077FB0199AA
:10FC40008B5D6B724FF4C0232B608C19BB6885F8F9
:10FC50001290C5F81390A5F81790284601349847DC
:10FC6000CBE7C37833B94379007900EB032080B246
:10FC7000FEF7B4F8022580E7C6780F2E3FF617AFDF
:10FC80001C2009F035FE054600283FF410AF06346D
:10FC900000F10C0A00F113084FF4C029013EF6B23E
:10FCA000FF2EBFD014F8023CAB7214F8013CEB728B
:10FCB0002146504609F0CAFFA379AB74E11D4046C6
:10FCC00009F0C4FF637B6B720023C5F800902B72B0
:10FCD0006B602846BB6898471034DFE723254CE764
:10FCE00024254AE7D7F80C80252546E7D7F80C806D
:10FCF000262542E72B2540E7543F01202C370120E1
:10FD0000F317070038180700C3780F2B3FF6CFAE64
:10FD1000061D32460020013BDBB2FF2B4ED12430C2
:10FD200009F0E6FD054600283FF4C1AEE47800F195
:10FD3000070900F1150A00F12408002C3FF472AF06
:10FD40007278337803EB0223AB80B378AB71F11C8C
:10FD5000484609F07BFF737A6B73B37AAB73F37A1F
:10FD6000EB73337B2B74737B6B74F27BB37B03EB92
:10FD700002236B82337C2B7506F11101504609F08A
:10FD800065FF96F817B0A5F81CB05B46013CE52B63
:10FD900006F11801E4B23FF645AFC5F820805A4697
:10FDA000404601911DF0C2FA4FF4301301992B60C7
:10FDB000BB68284601EB0B069847BEE7D17D02F1F0
:10FDC0001805884205EB010238BF0846A3E72D2538
:10FDD000D3E62E25D1E62F25CFE63025CDE6407A95
:10FDE000F7283FF664AE103009F082FD0546002882
:10FDF0003FF45DAE2379E67806EB0326B6B2868043
:10FE000063798371A379C371E3790372237A4372AF
:10FE1000627A42811030E86004F10A011DF086FA2E
:10FE20002E8031236B80BB6828469847FAE632253E
:10FE3000A3E63A25A1E6C07BA0F10903492B3FF6D2
:10FE400036AE0E30C0B2400009F052FD0546002823
:10FE50003FF42DAE2279E37803EB022383806379AC
:10FE60008371A379C371227AE37903EB02230381BF
:10FE7000637A8372A37AC372E37A0373237B437337
:10FE8000A27B637B03EB0223C38104F11006E47BB6
:10FE9000047400F11C0343612246184631461DF0EC
:10FEA00045FA2044A861224631191DF03FFAAB887B
:10FEB0002B803D23B6E73E255FE6164A13880133C3
:10FEC0001380032559E6134A5388013353800F25C5
:10FED00053E6104A9388013393800A254DE60D4A74
:10FEE000138A013313820E2547E60A4AD389013368
:10FEF000D381DCE5074A53890133538114253CE65D
:10FF0000044AD38A0133D382282536E6042534E611
:10FF1000102532E62C370120074BD3F8C02091047E
:10FF200005D5064A1268920401D5FFF748B80022A9
:10FF300083F8CD20FEF746BB30360120F06200206A
:10FF4000074BD3F8C020D10405D5064A1268D20465
:10FF500001D5FEF76CBE002283F8CC20FFF7DCBF92
:10FF600030360120F062002042F23B03994226D055
:10FF700008D841F20103994209D042F23A0399426A
:10FF800015D0704742F24A0399421ED07047124B77
:10FF9000D3F8C020D10405D5104A1268D20401D587
:10FFA000FEF739BE0022A3F8CA20FFF7C9BF427886
:10FFB000037803EB0223084AA2F8CA30F5E7064BA0
:10FFC000027883F8CC20FFF7A7BF034B027883F8B1
:10FFD000CD20FEF7F7BA00BF30360120F0620020D6
:10FFE000024B034AC3F8D820704700BF30360120C7
:10FFF00069FF040038B504461030154660600531CD
:020000025000AC
:1000000009F069FE21462846BDE8384009F0D5BC14
:100010002DE9F7430746382088460192994609F0B2
:10002000B7FC044608B3124B019993F83850FF2DE2
:100030001ABF6E1CF6B2012683F838609DF828308E
:10004000837008BF0025002380F834300246C57055
:10005000A0F80090074809F0AAFC38464146FEF790
:1000600063FAE07803B0BDE8F083FF20FAE700BF51
:100070004437012064370120014B024ADA6370479C
:1000800044370120F5FF04007FB5056BAB8CEC8C89
:100090002968E41A24B2102C064619442EDC2246A4
:1000A00068461DF043F9102C0DD0C4F110020DEB81
:1000B000040000211DF062F904F110030DEB0304AC
:1000C000802304F8103C05F11401684609F011FE84
:1000D000022385F82930AB8C23B106F11001684664
:1000E00009F007FEAB8C1033AB84324695F828300C
:1000F0006946281D00F09AF904B070BD684609F001
:10010000EAFDE8E710B5034600780021C0090F2991
:1001100018BF5A781C7814BFD2090022013142EA74
:100120004402102903F8012BF1D110BDF8B5056B7D
:100130000446002D3DD000F110060531304609F08F
:10014000CAFD95F82930012B23D0022B26D083BB82
:10015000256B05F114073846314609F0BCFD3846D9
:10016000FFF7D0FF28B195F8233083F0870385F897
:100170002330EB8C1B0709D03846FFF7C3FF28B1AB
:1001800095F8233083F0870385F82330012385F821
:1001900029302046BDE8F840FFF776BF236B666044
:1001A0001A68A26093F828002146BDE8F84009F0DB
:1001B00004BCF8BD2DE9F043064685B064208846AE
:1001C00015461F4609F0E4FB044688B31A4AA0F816
:1001D0005E5000F138034FF00109036380F834905A
:1001E00092F8383080F8607003EB090182F838101B
:1001F000C370BDF83030038000259DF83430837023
:10020000C0F83880A0F85C5080F8615031463C302E
:1002100009F061FD266B1022294668461DF0AEF8F4
:10022000301D96F828302246694600F0FFF848460F
:1002300005B0BDE8F08300BF44370120014B024AFE
:100240001A647047443701202D0105008B78252B57
:1002500070B504460D46164613D1202205310430F0
:1002600009F068FD202205F1250104F1240009F0C0
:1002700061FD2B79E37021463046BDE8704009F0FE
:100280009CBB262B03D1202205310430EFE770BD43
:1002900070B592B004469C20019116461D4609F0A7
:1002A00077FB0199B8B1022380F83430024606800A
:1002B00085700A4809F07BFB2022214602A809F03C
:1002C00039FD2022A1180AA809F034FD02A80AA9C4
:1002D000FEF7FBF8012012B070BD00BF743701209B
:1002E000014B024A5A647047443701204D02050011
:1002F00037B500238DF8073083781B3B05460B2B61
:100300001AD8DFE803F01B06191919191919191958
:100310003A43204AD0F8050092F83930D5F8091050
:1003200002EBC30303C392F83930022B9ABF0133A7
:10033000DBB2002382F8393003B030BD16480DF12E
:10034000070109F04AFB04460028F5D090F8343044
:10035000DA1E012A01D9012B03D11021681D09F0F1
:10036000F6FC94F834200B4B03EB82032946DB6B3D
:100370009DF8072020469847DEE708480DF1070161
:1003800009F02BFB04460028EBD1D5E704480DF11A
:100390000701F5E744370120643701206C3701205D
:1003A00074370120064B07480022C3E90822C3E93D
:1003B0000A22C3E90C2283F8382006F08FBB00BF65
:1003C00044370120F102050008B5FEF7FBF8FEF7FF
:1003D000F9F8FEF7F7F8BDE80840FEF7F3B80000BB
:1003E00038B5114D95F83A30CC1DDB00E410DBB286
:1003F0000144884202D1E4B24CB938BD1F2BEA5CFB
:1004000000F8012B1ABF0133DBB20023F1E7FEF73E
:10041000D9F895F83A30022B9ABF0133DBB20023AA
:1004200085F83A30013CE6E74437012070B588B0E2
:100430000E4615460146102268461C4609F07AFC15
:1004400010220DEB0200314609F074FC2A462146C9
:10045000044809F0ACFA04A96846FEF765F808B04C
:1004600070BD00BF6437012070B504780E4E013CAA
:1004700006EB04140546A37A33B18278A378012AE7
:1004800003D143F00203A37070BD23F00203A370F5
:10049000736D5B689847A3789B07F5D4336D284646
:1004A0005B68BDE87040184794370120704770477B
:1004B000704700000278837870B5272B02F1FF3473
:1004C000184E05464FEA04140AD13319C188198120
:1004D00017219A72315300229A7099809A71DA60CA
:1004E0003444A37A93B1736D2946DB68204698475C
:1004F000336D2946DB6820469847AB78282B05D119
:10050000E0680023A37208B109F014FA736E0BB10E
:1005100028469847336F1BB12846BDE870401847FE
:1005200070BD00BF94370120137A13F0010F034B05
:1005300014BF1B6D5B6D1B68184700BF943701200B
:100540007047000008B5064B02781A7342785A7358
:10055000184610221CF0DCFEB0FA80F0400908BDFD
:10056000F86200201FB50C4CE46E94B18DF8033096
:100570000023ADF808308DF80C30BDF81830ADF818
:1005800000008DF80210ADF80A20ADF80E30684674
:10059000A04704B010BD00BF94370120934228BF8C
:1005A000134607B530F821209A4208D020F82130B0
:1005B00000930023807A1A461621FFF7D3FF03B079
:1005C0005DF804FB002109F0EBB9000030B421B95B
:1005D000018930BC042006F03FBB054DAD6E15B15E
:1005E000AC4630BC604730BC184609F0DDB900BFEE
:1005F0009437012001EB4000704700F001034008F0
:10060000137008707047000008B50A4A0A4B0B497E
:1006100083F87400C3E91422094A0420C3E91622AE
:10062000084A06F00FFBBDE808400749002004F027
:10063000B5BB00BF48190700943701202905050004
:100640005819070069040500B50405000846B1B152
:1006500091F902308A78002B094B02DA1B6E73B1D4
:1006600018475F2A02D99B6D9B68F9E73F2A01D999
:10067000DB6DF9E71F2A8CBF5B6D1B6DF4E77047DC
:10068000943701200A4B07B5D866FEF785FD094B64
:100690001B689B880338984206DC002200920223E4
:1006A00077211046FFF75EFF03B05DF804FB00BF43
:1006B0009437012058630020014B1867704700BF32
:1006C00094370120024B03EB001030F8100C7047F8
:1006D000943701201B2906D01D2914BF00230B23AA
:1006E000C01A09F061B90B23FAE7000013B5002224
:1006F0008368826082790A2A044609D014228277AC
:10070000074A019312681830917909F055FA019B54
:100710001A88A17B206802B0BDE81040FFF756BFE1
:1007200058630020408D002818BF0120704700004A
:100730008279024B53F82230184700BF8C1907000A
:1007400030B403460C46051D07C985E80700A278AA
:1007500061680B2A08BF09680A681A6103F1100072
:100760004A68426030BC1846FFF7E2BF38B504461D
:100770000D4604F02BFC38B15823013C5C43034880
:100780002C2313FB0541084438BD00BF0C38012061
:1007900010B50C4604F006FC38B158230138584314
:1007A0002C2313FB04010148084410BD0C38012020
:1007B00037B50C4600210192FFF7EAFF0546E0B18C
:1007C000019A137A192B05D8214603B0BDE83040B1
:1007D00000F01ABB1B2B01D01D2B06D12146284649
:1007E00003B0BDE8304000F083BB232B05D1214688
:1007F00003B0BDE8304000F0E1BA03B030BD10B541
:100800000446406818B109F0CFF80023636010BDBA
:1008100010B50368827B03EB820304469A78D10704
:1008200005D50430FFF7EBFF0023A37110BD42F0A4
:100830000102BDE810409A70FFF758BF012913B5B7
:1008400003D000240094FFF78DFE02B010BD1346C4
:100850004A8D10B50C4622B10A21FFF7EFFF0023A5
:10086000638510BD38B5002104460078FFF77EFF90
:10087000054648B1207800F045FC20782946002242
:10088000BDE83840FFF7E3BF38BD10B50446FFF7B9
:100890002DFF2068A37B00EB83039B7813F00203FA
:1008A00007D1A289807A0A21FFF7C8FF0023A3712C
:1008B00010BD638D002BF9D1A3896385F6E737B5A9
:1008C0000C46054608460192FFF799FF019B2289D5
:1008D000A1782846FFF7B2FF0023A37003B030BD14
:1008E00070B5036890F82820058A33F82230C27961
:1008F000012A044645D1053B9D42A8BF9DB205F1A2
:100900000D0080B2FFF75EFE0646002831D0A368D6
:10091000024603F10C0153F8040B42F8040B8B421E
:10092000F9D11B78137061692A4606F10D001CF09D
:10093000FDFC63692B446361238A5B1B2382638A0A
:10094000F372638A1B0A3373638A2B446382142312
:10095000A3770E4B1B6804F11800997909F02CF964
:100960006A1DA17B2068334692B2BDE87040FFF754
:100970002DBE94F82900211D7022BDE87040FFF7BC
:100980009EBF002386688360D9E700BF58630020BC
:1009900070B5C3798568012B04462CD128880830AE
:1009A00080B2FFF70FFE0546E8B1A1680A88083259
:1009B0001CF0BCFCA279A37C062A1FD1EB72638ACF
:1009C0001B0A2B731423A377104B1B6804F1180028
:1009D000997909F0F1F82A88A17B20682B46BDE8B7
:1009E0007040FFF7F3BD94F82900211D7022BDE887
:1009F0007040FFF764BF00238360DBE76B72638A9C
:100A00001B0AAB72A38AEB72A38AD9E75863002052
:100A100070B58378113B012B05460AD8424BD3F8B9
:100A2000F431002B45D00146BDE870401B68002022
:100A30001847817A0078FFF799FEAB78044638B9F9
:100A4000013B102B35D82846BDE87040FFF7D7BED4
:100A5000102B35D890F828604EB990F82910324AFA
:100A600001390C2000FB012292F8BA214AB9A2797F
:100A7000012A06D80A2B0CD129892046FFF752FEFD
:100A800038B17222294694F82900BDE87040FFF77A
:100A900016BF7EB9012A0DD194F82920224B013AC4
:100AA0000C2101FB023395E8070003F5DC7383E8B2
:100AB000070070BD29462046BDE87040FFF740BEE4
:100AC000132B1CD18379012B05D9183009F07DF83F
:100AD0007422211DD7E790F8290094F82820431E9E
:100AE000002AE6D10C2210495343CA1892F8BA21C1
:100AF000002ADED003F5DC7374221944C5E7142BF9
:100B0000D7D18379002BD4D07122011D90F8290010
:100B1000FFF7D5FEAA7A236803EB82039A7842F0A6
:100B200004029A70C5E700BF0C3801202DE9F84F88
:100B30008B78272B05461AD1807A04F0C3FA002857
:100B40005FD1324C23689E88FEF726FB043886422C
:100B500008DA23689988172953D0A87ABDE8F84F96
:100B600000F0B9BAFEF718FB043881B2F3E7282B7E
:100B700047D1CC7804B90C7AA87A254F0C23411EB2
:100B800059437B18203493F8BA31E4B22BB101F504
:100B9000DC7122463944FFF792FEA8464FF0000967
:100BA0004FF02C0BAB7A5822013B0BFB09F602FBF2
:100BB000036607EB060A9AF806205AB106F11800F8
:100BC000384409F002F8311D9AF8290022463944C8
:100BD000FFF775FE98F8022022F0120288F8022032
:100BE000D7F8F4211AB15268214650469047A87AA6
:100BF00022465146FFF72BFE08F10408B9F1000F19
:100C000001D0BDE8F88F4FF00109CBE75863002011
:100C10000C380120F0B51449144B91F8745001229E
:100C20000026C3F8F46183F8F8210F469446D0B249
:100C300094B20132062A1960D96283F824509C8349
:100C400083F8286083F8290083F85050A3F84840BF
:100C500083F854C083F8550001F1100103F15803E3
:100C6000E5D1034B3B65F0BD943701200C380120E2
:100C70007C19070081799970481F012808D901F073
:100C8000FD0109291FBFD07A917A01EB002159811A
:100C9000127B002A08BF7522DA7000221A81704781
:100CA0002DE9F0438779547A0831022F02EB0106CF
:100CB00002F10A022AD1012C0CBF02241024B0F840
:100CC00012C04FF6FF7EB24210D25178157805EB74
:100CD0000125ADB245B1BCF1000F05D0AC4503D83C
:100CE000B0F81480A84517D27322DA70DB785BB9AC
:100CF000C379012B08D1BCF1000F03D0838A0133E3
:100D00009C4529D10023C371BDE8F083042F0CBF9B
:100D1000023C043CE4B2D2E7082F1AD192F80390C7
:100D2000917801EB092189B204320029DCD08D428F
:100D3000DAD88C45D8D88845D6D3714518BF01314B
:100D4000224414BF1FFA81FC4FF0000C9642BAD225
:100D5000CAE702322946F0E7A0F812C0A0F80CC09A
:100D6000D2E7704700221A81704700002DE9F04158
:100D7000937A547A0F4E056890F8287004EB032498
:100D8000A4B23368172CB3F8048038BF1724FEF7D9
:100D900003FA0438804508DA33689B8822463946CE
:100DA0002846BDE8F041FFF7F9BBFEF7F5F9043836
:100DB00083B2F3E758630020704700001FB5137A31
:100DC0005B108DF8023003689B7AADF80030002389
:100DD0008DF803308DF80C300A4BDB6E0932013987
:100DE00004460192ADF808100BB16846984794F894
:100DF0002820236803EB82039A7842F010029A704D
:100E000004B010BD943701202DE9FF410E468179D1
:100E100004461546002946D0137A5A085B088DF817
:100E2000022001D091423ED104F1180008F0CDFE1D
:100E300005F109030193731EADF80830A3899DF8ED
:100E40000220ADF80A30274B002753F822808DF896
:100E500003706B462A4631462046C047E37913B1FA
:100E60009DF803301BB1A771201DFFF7C8FC9DF84A
:100E70000230012B0AD01C4BDB6E3BB1E2798DF8BE
:100E80000C20A288ADF800206846984794F82860A6
:100E9000236803EB86039B789B0704D4A3682BB1DC
:100EA0002046FFF745FC04B0BDE8F081002EFAD1E2
:100EB00094F829100D4D01390C2779436B1893F8DC
:100EC000BA31002BEFD001F5DC7129442046FFF741
:100ED00037FC94F82930013B07FB035585F8BA61CC
:100EE000E1E700BFD0190700943701200C3801203A
:100EF0001FB5137A5B1004468DF80230907A537A4E
:100F00000B3203EB00239BB201922268ADF80A304A
:100F1000927AADF8002003390022ADF808108DF860
:100F200003208DF80C2023B1134BDB6E0BB1684608
:100F3000984794F828202368104903EB820391F81E
:100F4000F8119A78A1B19DF802100E2910D19307DB
:100F50000CD40920FFF736FB034638B11E2202727B
:100F6000216801220989042005F076FE04B010BD35
:100F700042F010029A70F9E7943701200C380120F2
:100F80002DE9F0470646884617461D469DF82090F5
:100F90000CF04EFD00213046FFF7E8FB044630B36D
:100FA00003689C78B3F800A0C4F380040CF042FD01
:100FB000BAF1000F36D07CBB25B10B2F19D02B888E
:100FC0009A451ED30C2008F0E3FC014650B30023E1
:100FD0008372164B068080F8039087704560A0F8F6
:100FE000088093F87400BDE8F04708F0E6BC82463C
:100FF000DCE7B9F1000FE5D12B681B8805339BB204
:10100000DEE77723424639463046FFF717FC28468D
:10101000BDE8F04708F0C8BC712342463946304667
:10102000FFF70CFC002DF2D1BDE8F08794370120CA
:10103000F7B505460D201E460C461746FFF7C2FAC7
:10104000034658B105220280042202724480878040
:101050000222009621462846FFF792FF03B0F0BD1A
:1010600037B505460B200C46FFF7ACFA034668B1CE
:10107000032202800A220272220A82720022447231
:101080002146009228460522FFF77AFF03B030BDC3
:10109000F0B5074685B002F10B0080B20D4616464A
:1010A0000393FFF78FFA044698B1F31C03801223D1
:1010B00003722B0A83720399457232460B301CF07F
:1010C00035F9002300930922234629463846FFF7C5
:1010D00057FF05B0F0BD37B505460B200C46FFF7AE
:1010E00071FA034660B10322028044720222240A8C
:1010F000002102728472012200912846FFF740FF0E
:1011000003B030BD013810B5002180B2FFF740FBBD
:101110000446C8B103689B7803F01203102B13D167
:101120000920FFF74FFA034670B121688A7822F050
:1011300010028A701E22027221680122BDE810404E
:101140000989042005F088BD10BDF0B50831448A36
:1011500002F109054FF6FF770A44954217D26978E4
:101160002E7895F803C006EB0126A97801EB0C2137
:10117000B6B289B28E4205F1040506D8B44204D84D
:10118000B0F814C0B44500D36CB97322DA70DB78C0
:1011900043B9C379012B05D114B1838AA3420AD282
:1011A0000023C371F0BDB9421ABF01318CB20024D3
:1011B000AA42D2D2E9E744828481F3E7C279012AC4
:1011C00010B50DD1026890F8284032F824208A42E8
:1011D0009BBF428A1B8900239B188CBFC37143822B
:1011E00010BD2DE9F347BDF828809DF830A00746D3
:1011F00008F10F000E4680B20B99019191461D46F1
:10120000FFF7E0F90446D0B108F107030380457306
:1012100006232D0A01994680A0F804900372857375
:1012200042460F301CF082F82346032231463846EE
:10123000CDF828A002B0BDE8F047FFF7A1BE02B08C
:10124000BDE8F0872DE9F34707460E4603F10D0090
:101250000A999DF82CA0019190461D461FFA83F92A
:10126000FFF7B0F90446C0B1082309F10509019957
:10127000A0F800904680A0F8048003722A460D3042
:101280001CF054F82346042231463846CDF828A0F5
:1012900002B0BDE8F047FFF773BE02B0BDE8F087CB
:1012A000F7B505460D201E460C461746FFF78AF98E
:1012B000034668B1052202800C220272220A827261
:1012C000478044720622009621462846FFF758FEC2
:1012D00003B0F0BDF7B54E00074606F109000D4614
:1012E0001446FFF76FF90346A0B122460136068087
:1012F0000E2032F80219187203F10904013DEDB213
:10130000FF2D04F1020407D1002200923846072283
:10131000FFF736FE03B0F0BD32F8020F04F8020CFE
:101320001088000A04F8010CE8E72DE9F3470746A6
:101330000E4603F10D000A999DF82CA001919046EC
:101340001D461FFA83F9FFF73DF90446C0B110238B
:1013500009F105090199A0F800904680A0F80480E1
:1013600003722A460D301BF0E1FF23460822314666
:101370003846CDF828A002B0BDE8F047FFF700BE20
:1013800002B0BDE8F087000038B5044690F82900A7
:101390000A4D431E0A4655F8233073B1997811B1AE
:1013A0001946FFF78CFA23689C7A013C55F8240013
:1013B00008F0C0FA002345F8243038BD083A01206F
:1013C0002DE9F0430C4687B020780021FFF7CEF9D5
:1013D0000546002855D0A378112B5AD10A23A370B3
:1013E00090F82900464B411E0C2202FB013393F872
:1013F000BA315BB9AB79012B08D82778DFF80891AF
:10140000013F59F82780B8F1000F06D0722221461B
:1014100007B0BDE8F043FFF752BA104608F068FA8B
:1014200049F82700064678B394E807000D88083D80
:10143000ADB286E80700284608F05AFA074600B31E
:10144000CDE90288CDE9048805F010F810220146A4
:1014500002A808F06FFC71682A460831384608F087
:1014600069FC1223019323780093264B2A4693F8B4
:101470007430394602A8FEF79DFE10B9384608F0D0
:1014800059FA07B0BDE8F08395F829007522214686
:10149000BEE7122BF5D1A0681B4E08F04BFA23785B
:1014A000013B56F82370002FEBD07B6861681888E9
:1014B0000822184408F03EFCAB79012B03D02B68BE
:1014C0009B789B0716D595F829200D4B013A0C21E6
:1014D00001FB023397E8070003F5DC7383E807009C
:1014E0002478013C56F8240008F024FA002346F83A
:1014F0002430C6E739462846FFF722F9F0E700BF57
:101500000C38012094370120083A01202DE9F14FD1
:10151000DDF828B080460F4615461E4603F09AFDBA
:10152000814640B15B4632463946404601B0BDE88F
:10153000F04F00F057B806F1170080B2FFF742F8FD
:10154000044618B306F10F030380D22300F10B0AFF
:1015500003723B0A477283723246594650461BF06B
:10156000E5FE0AEB06032A0A0AF806505A702A0C0E
:101570002D0E9A70DD701122234639464046CDF873
:10158000289001B0BDE8F04FFFF7FABC01B0BDE80C
:10159000F08F0000024B034AC3F8F421704700BFEC
:1015A0000C380120141A0700830710B504461EBF2B
:1015B00020F003040434A4B204F1080080B2FFF761
:1015C00001F808B10444046010BDC279012A02D1B7
:1015D000028A02B9C2715A6804325A601A89043AFE
:1015E0001A817047F0B5074685B002F10B0080B252
:1015F0000D4616460393FEF7E5FF044698B1F31C2B
:101600000380522303722B0A837203994572324678
:101610000B301BF08BFE002300930A222346294641
:101620003846FFF7ADFC05B0F0BD2DE9F74F9DF84A
:101630003880DDF830A0934607469DF834200D46EB
:101640001E46B8F1000F00D062BB06F10D0398B240
:101650000192FFF7A9FF044630B3D0F8009016239B
:10166000A9F80060A9F802B003722B0A45728372D0
:10167000B8F1000F01D0019A3AB904F10D035146B7
:10168000324618461BF052FE824623460B2229465C
:101690003846C9F804A0CDF8308003B0BDE8F04F5B
:1016A000FFF76EBC0D20D3E703B0BDE8F08F37B570
:1016B00004460A200D46FEF785FF034650B102227C
:1016C000028000211822027245720C2200912046ED
:1016D000FFF756FC03B030BDF0B52F4D05296C69FE
:1016E0002F7F85B04FF0000143D0CEB2B74243D830
:1016F0004BD05F781B7803EB07239BB2022B47D8B4
:1017000013B16488234243D0441E55F82440002C72
:1017100040D034F8117024F81130BB4227D0142186
:10172000ADF80400ADF80A308DF80610AB698DF8FD
:101730000C60ADF8082001A8984718E001FB066E80
:1017400001F1010C34F80EE0964505D061465FFAD0
:1017500081FC6745F2D818D0013855F82020CAB16D
:1017600032F81100187032F81120120A5A70002055
:101770000CE0063C0626EAE7B4F800E0964501F1E5
:10178000010CB6D006346146AFE70A2005B0F0BDC3
:101790008020FBE71120F9E71C3A0120044BC3E944
:1017A00005121877034B044AC3F8F421704700BFB1
:1017B0001C3A0120503A0120D91605002DE9FF47B7
:1017C0001D4C451E074654F825300E462BB9207F88
:1017D000400008F08DF844F8250054F82580B8F151
:1017E000000F20D0227F0EBB52003146404604B08D
:1017F000BDE8F0471BF0C2BD36F8153028F81530AB
:1018000063B1ADF80A308DF80690A369ADF80470A5
:101810008DF80C20ADF808A001A898470135237F6A
:10182000EAB29342E8D804B0BDE8F08700254FF053
:101830001409AA46F3E700BF1C3A012038B5054D4C
:10184000441E55F8240020B108F074F8002345F830
:10185000243038BD1C3A0120094B1A7C82420ED03C
:10186000187408B900F04ABA0022012158780132F0
:10187000022808BF5970052A03F10203F6D1704708
:101880003C3A0120014B187C704700BF3C3A0120D4
:1018900002292DE9F0410C46174603D100252846C0
:1018A000BDE8F0811E29F9D0184E431E06EB430215
:1018B0004FEA4308517803291CD1610618D416F861
:1018C00013300121DB07517012D40025082CE6D11A
:1018D000BA7B7B7B03EB02239BB242F62A32934214
:1018E000DDD1337C002BD9D0464402237370D5E779
:1018F0001225EBE70129E8D114F04005F8D1F3688F
:101900005570002BE1D029469847DFE73C3A01208B
:10191000094B58B95A780130022A14BF0A460122ED
:1019200005285A7003F10203F4D1704703EB40001D
:1019300000F8011C704700BF3C3A0120012A034611
:10194000084605D80349013B01EB43011BF0EEBCFF
:10195000704700BF3C3A0120024B03EB400010F8F7
:10196000010C70473C3A012007B513460022009253
:101970000A461221FEF7F6FD03B05DF804FB0000F5
:101980002DE9FF418378212B054657D1017A007854
:1019900000F00EFA044628B9686804B0BDE8F041CA
:1019A00008F002B86B6893F808805E88B8F11D0FE4
:1019B0006CD1028D2AB1287872223146FFF7D4FF0C
:1019C000EAE72F882D7A1A8820692946FEF7FEFD5E
:1019D000B8F11D0F13D1222394F82510A37194F8A8
:1019E00024002685E684FEF705FE294BA0801B68AF
:1019F0009979204604B0BDE8F04108F0DDB82369CC
:101A000003EB85039B7813F0020312D1B8F1230F87
:101A1000F8B207D1009332461321FEF7A3FD04B0BC
:101A2000BDE8F0811A46314604B0BDE8F041FFF749
:101A30009BBF638D002BF2D16685F0E7222BEED1A0
:101A400000880DF10F020DF10E01FEF7D6FD9DF895
:101A50000E009DF80F10288000F0AAF90446002817
:101A6000DDD0C38C002BDAD00026018DC684712214
:101A70009DF80E00FFF778FF26852A7A236903EB8D
:101A800082039A7842F004029A70C8E7428D91E787
:101A90005863002070B50C46098D0546164619B1ED
:101AA000FFF762FF00232385618D29B13246284666
:101AB000FFF75AFF0023638570BD00008B78282B49
:101AC000F7B5064630D1CC7804B90C7AB57A174F01
:101AD0005823013D03FB05752034EB8CE4B223B1A0
:101AE000284608F072F80023EB8422462946B07A93
:101AF000FFF7D0FFB37A5822013B534303F12C0187
:101B000039441F44B7F852303BB10846019108F000
:101B10005CF800230199A7F85230B07A224603B04E
:101B2000BDE8F040FFF7B6BF03B0F0BD503A01206A
:101B300010B500210446007800F03AF9014628B1BA
:101B400020780022BDE81040FFF7A4BF10BD0000C0
:101B5000C38C37B504464BB308F037F8E08C01A9C5
:101B600000F0CAFA80B11249006802221BF0D0FBD3
:101B7000054648B994F82400FFF7EEFE20B194F82A
:101B800024002946FFF7C4FE0023E38494F82520AF
:101B9000236903EB82039D7815F0020506D1218DA0
:101BA00094F824002A46FFF7DFFE258503B030BDF8
:101BB0007A19070010B50A4B93F87400094B0122FB
:101BC0001C4691B20132062A1873998083F83800B6
:101BD000198603F15803F4D1034BC4F8E83110BD62
:101BE00094370120503A01201C1A0700024BD3F809
:101BF000E8315B68184700BF503A0120F7B5054649
:101C00000D201C469DF8207001911646FEF7DAFC67
:101C1000034670B184720122240A0199027246724D
:101C2000C47207730522284603B0BDE8F040FEF7F2
:101C3000CDBC03B0F0BD000038B5074D044694F8A4
:101C40002430363305EBC30007F0E8FE00B938BD99
:101C500007F070FEF3E700BF503A01208B78282B85
:101C60002DE9F047DFF8489005460E4607D0D9F831
:101C7000E83131462846DB68BDE8F04718470027C1
:101C80004FF05808AC7A013C08FB047409EB0400DF
:101C9000FFF7D2FFA87A03F003FA430704D5143400
:101CA00009EB040007F091FF2C37582FEAD1DEE74B
:101CB000503A012038B50F4D2B681B680446BBB164
:101CC00003690421987A012203F0CEF90A4B93F8B4
:101CD000743084F820302023A37623699B7A2383F1
:101CE0002B6804F114001968BDE8384007F064BFA0
:101CF00038BD00BF58630020943701202DE9F04320
:101D000000272A4C85B0B8464FF01109E368002B34
:101D100032D02088083080B2FEF754FC05460028F7
:101D20003CD00923037212234372E3685B888372F9
:101D3000E3685B881B0AC372E36803A9588800F054
:101D4000DBF9064600B382684168128805F10C038E
:101D500018461BF0EBFAB2682189128805F10803D6
:101D60000244D21A92B22B46042004F075FFE068B8
:101D700007F0E0FDC4F80C800837282F04F11004A8
:101D8000C4D105B0BDE8F083E3680A221B88009245
:101D9000014608222046FFF731FFE8E7E368082202
:101DA0001B88CDF800900146F4E700BF943701206E
:101DB00038B504460D4603F009F938B15823013C03
:101DC0005C4303482C2313FB0541084438BD00BF86
:101DD000503A012010B50C4603F0E4F838B158230E
:101DE000013858432C2313FB04010148084410BD5B
:101DF000503A01202DE9D343894600211746FFF7C9
:101E0000E9FF064638B33C7A122C03D9A4F1160335
:101E1000082B23D84FEA540833699B781B0702D557
:101E2000B8F10F0F17D196F824003A462146FFF774
:101E30002FFD98B3BA7A7B7A03EB02239BB2022C74
:101E400009D01E2C07D014F0400104D10090306955
:101E50002246FFF7D3FE02B0BDE8D083522C08D053
:101E6000202C09D0D22C0CBF4FF011084FF00008E5
:101E7000D2E74FF00A08CFE74FF01008CCE70B4A43
:101E800012F808204A4506D83A464946304602B07C
:101E9000BDE8D043184703460420D0E7044B53F86D
:101EA0002830002BEBD103460620C8E73C1A070078
:101EB00008630020114B124930B50022C3F8E81125
:101EC0001049C3F8EC11C3E978220F4915460846BA
:101ED00001240132D2B2052A1961D96383F8242082
:101EE00083F8255083F8502083F8514001F1100108
:101EF00003F15803EDD1054B436530BD503A012045
:101F000048190700AD040500943701202C1A07007A
:101F1000014BC3F8F0017047503A012010B5044658
:101F20000BF086FD0B4BD3F8E03100221BB1208A69
:101F3000198A88420AD22146074807F08BFD012002
:101F4000FFF78AFCBDE810400BF074BD1A461B6811
:101F5000ECE700BF503A0120303C012010B50446A8
:101F60000BF066FD0A4BD3F8E011002231B90120D5
:101F7000FFF772FCBDE810400BF05CBD0B8AA3427A
:101F800002D00A460968F1E7024807F080FDEEE753
:101F9000503A0120303C01207FB50E460190144696
:101FA0000BF046FD019803A900F0A6F8054698B18C
:101FB0008389B34212D32146406832461BF0B6F9FA
:101FC000AC7B14F0080402D0AB6800241E800BF038
:101FD00031FD204604B070BD0A24F8E70D24F6E771
:101FE00030B589B04FF4A8130446806804930025E7
:101FF000102306938DF81C50ADF81E5010B107F059
:1020000099FCA5606068102107F0A1FE6368059344
:1020100003AB019302AB009302220A4B4FF6FF7110
:10202000012000F0C5FA18B1059A1021FFF7B4FF9E
:102030000020FFF711FC044B04A8DB6E984709B0A1
:1020400030BD00BF721907009437012010B48378A7
:10205000202B06D100785DF8044B0022042103F008
:1020600003B8222B06D80B4BD3F8E8319B685DF8F8
:10207000044B1847232B03D1064BD3F8EC31F6E77A
:10208000242B03D15DF8044BFFF7AABF5DF8044B86
:10209000704700BF503A012010B504461346A27B9A
:1020A0000068D20709D402290CD10A4619461BF050
:1020B0002FF9B0FA80F0400910BD1029F5D0014683
:1020C000184602E01029FAD11946BDE81040FEF783
:1020D00039BA022903460CD100781178884206D11A
:1020E00058785378C31A58425841C0B270470020FC
:1020F000FBE71146FEF726BA10B5094BD3F8E031DD
:1021000053B11A8A824209D85C8A844206D30B6092
:102110005B68801A03EB0013184610BD1B68EFE7DD
:10212000503A012030B50B4BD3F8E0310BB91846CB
:102130000FE01C8A844204D98C4201D91B68F5E760
:1021400020465D8A8542F9D35B68041B03EB0413C8
:10215000136030BD503A01200B4273B506460D4660
:102160001C4605D101290CBF0220032002B070BD1E
:10217000102908BF1C0914F00E0F01D10020F5E74B
:10218000019202F067FF14F0080F019A00D088B1A5
:1021900004F00A030A2B01D101280BD96307EDD5FE
:1021A000064BD3F8F0313BB12946304602B0BDE8CA
:1021B000704018470520D9E70820D7E7503A01209A
:1021C000F0B585B00446154690F8240001220DF1C3
:1021D0000F01FFF7B3FB9DF80F309B070AD50623CD
:1021E000009394F82510206900230222FFF706FDD2
:1021F00005B0F0BDAB7A6E7A154D06EB0326B6B28C
:102200002B68172E9F8838BF1726FCF7C5FF0438A8
:10221000874218DA2B689D880B20FEF7D3F9034616
:1022200048B1290A032202724572817294F825107E
:102230002069FEF7CBF994F8251020692B46324629
:10224000FEF7ACF9D4E7FCF7A7FF043885B2E3E763
:10225000586300202DE9F04F937A92F8098008EB3B
:1022600003281FFA88F885B00646B8F1000F77D02A
:10227000137BD17A01EB03218CB2A04570D803699E
:1022800090F8252033F822A00AF1080A1FFA8AF0F4
:10229000FEF798F90546002864D005230372012350
:1022A000437200F10E09AA4440464FF6FF7B03AA91
:1022B0002146A9F10407FFF735FFD0B1039B9B7BB3
:1022C000DB072FD505F10A039F4212D10223040A2E
:1022D00007F8013C38707C70039B1B6805F10C0209
:1022E00003F1100153F8040B42F8040B8B42F9D1AF
:1022F000123705F10A039F4236D1284607F054FBF6
:102300000A243046FFF7D6FC96F8251074BB05F179
:102310000803FA1A30692B4692B2FEF757F905B056
:10232000BDE8F08FD1454A46E3D8030A09F8040C0A
:1023300009F8033C039B1B681B7809F8023C039BCC
:102340001B6858455B7809F8013C07D0431C98B2DC
:10235000844209F10409AAD21746CAE74F46C8E7E2
:102360000124CEE71124CCE70024CAE730690094A9
:1023700043460422FFF742FCD1E700002DE9FF416C
:10238000D0F8108090F82530557A38F82370937A79
:1023900005EB0325ADB2044603A92846FFF7ACFEC2
:1023A0000646002855D0C37B98F80A002A4601212A
:1023B000FFF7D2FE034680B9B27B510716D50399C9
:1023C000D1F80880B8F1000F10D022692946907A20
:1023D00000960A22C047034650B1009394F8251096
:1023E00020692B460A22FFF709FC11E0930612D45C
:1023F000B368B3F80080013FB845A8BFB8461FFADC
:1024000088F707F1090080B2FEF7DCF8054678B9D5
:1024100004B0BDE8F081104BD3F8F481B8F1000F9F
:10242000E6D020697368807A2A460521C047D2E742
:102430000B23037271681FFA88F209301AF076FFD5
:102440007A1C94F8251020692B4692B2FEF7BEF84C
:10245000DEE70123C1E700BF503A01202DE9F04F2C
:102460000369174690F8252033F8223089B00446D6
:1024700003F1080080B20D460593FEF7A3F88046ED
:1024800000287CD0013DABB24FF0000B039300F16C
:10249000090A0B37D9465D46039B1BB9BBF1000FF8
:1024A00061D02DE017F8013C17F8025C05EB03251D
:1024B000039BADB2023B9BB207A928460393FFF7EB
:1024C0001BFE064600286ED02069F37B807A2A46E0
:1024D0000121FFF741FE0490002860D1B37B5A0729
:1024E0001CD5079AD2F808B0BBF1000F16D02369AB
:1024F0002022987A049B00962946D847834678B1D3
:1025000040462121FEF7E6F894F825102069CDF821
:1025100000B02B462022FFF771FB30E09B0631D440
:10252000059BA3EB0902B3681B88093A9A42A8BF2E
:102530001A465346C2F3072103F8022B1FFA82FB07
:102540008AF80110184671685A461AF0EFFE09F130
:1025500002031BFA83F31FFA83F9B3681B88DA4678
:102560005B4582441BD9212388F8083009F1010218
:1025700094F825102069434692B2FEF727F809B077
:10258000BDE8F08F094BD3F8F4B1BBF1000FC7D011
:1025900020697368807A2A460521D847AEE7DDF8BE
:1025A00010B0023778E74FF0010BA9E7503A01204D
:1025B0002DE9F0479A461A4B089FD3F8E0510E4692
:1025C000904604464FF6FF790DB92C4625E0288A3F
:1025D000A0420FD9B0420CD92D68F5E74C45FBD08D
:1025E0003B68103301343B606B8AA4B2A34209D22A
:1025F000F2E704466B8AA342EED36968201A01EB26
:1026000000113960B442E7D8386852464146FFF7B6
:1026100043FD0028E2D0099B1D602046BDE8F087FD
:10262000503A01202DE9F3414FF42053ADF800302A
:1026300042F60103ADF804304FF6FF7398420746A7
:1026400005D14FF6FF76304602B0BDE8F0811B4B56
:10265000441CD3F8E081A4B2B8F1000FF1D0B8F86F
:102660001030B8F812209C4238BF1C46A24221D339
:10267000D8F80450E31A05EB03153E466A460221DA
:1026800028462746FFF708FD0028DCD101AA0221D1
:102690002846FFF701FD0028D5D14FF6FF739C4275
:1026A000CFD0B8F812300134A4B2A34205F110051E
:1026B0003E46E3D2D8F80080CEE700BF503A012072
:1026C0002DE9F043036990F82510567A33F821700C
:1026D000937A92F80B8092F80C9006EB032685B063
:1026E000B6B2044603A93046FFF706FD05460028AA
:1026F0005ED02069EB7B807A32460121FFF72CFD0A
:10270000C0B9AB6808EB09281B881FFA88F8434555
:1027100050D3AB7B5A0716D5039AD2F80890B9F17B
:10272000000F10D023690C22987A00954346314659
:10273000C84750B1009094F82510206933460C2208
:10274000FFF75CFA12E09B0613D4AB681A88013FCE
:10275000A2EB08029742A8BF17461FFA87F909F1B2
:10276000090080B2FDF72EFF064678B905B0BDE836
:10277000F083114BD3F8F491B9F1000FE5D0206943
:102780006B68807A32460521C847D2E70D23037271
:102790006968BAB2414409301AF0C8FD09F1010272
:1027A00094F825102069334692B2FDF70FFFDDE75C
:1027B0000120BFE70720BDE7503A01202DE9F04F87
:1027C0002DED028B937A92F8099009EB03291FFAF9
:1027D00089F987B080460F461646B9F1000F7FD0C1
:1027E000137B92F80BA00AEB032A1FFA8AFAD14551
:1027F00076D8036990F8252033F8223003F1080BCE
:102800001FFA8BF0FDF7DEFE054600286AD006F1C0
:102810000D0308EE103A06F10F0308EE903A073F59
:10282000072205EB0B0300F109040272BFB2484610
:10283000039305AB019304AB0093022218EE103A08
:102840005146FFF7B5FE8346E0B905F109039C4206
:102850004AD1284607F0A8F80A264046FFF72AFA88
:1028600098F82510002E41D105F10803E21AD8F896
:1028700010002B4692B2FDF7A9FE07B0BDEC028B0B
:10288000BDE8F08F0499CA7BD30721D557B18A6878
:102890001288BA421CD1496818EE900A3A461AF0DA
:1028A00037FDA8B9727BCAB9B27B282A584601D134
:1028B000FFF7B8FE039B221D9A42C6D84FEA1B239E
:1028C0006370030A84F800B0A070E3708346144676
:1028D000D345BAD20BF1010398B2AAE75846E9E70B
:1028E0000126BAE71126B8E70026B6E7D8F81000A7
:1028F00000964B460622FFF781F9BEE72DE9F04F1F
:102900002DED028B0369547A92F80B90054690F8EE
:102910002500053933F82060937A5FFA81FA04EBD9
:102920000324BAF1020F137B89B0A4B203D0BAF129
:10293000100F40F00281002C00F0018109EB032907
:102940001FFA89F94C4500F2FA8002F10D0308EEF6
:10295000103A07AB019306AB0093204618EE103AED
:1029600052464946FFF724FE0446002800F0E9805D
:102970002869069B807ADB7B22460121FFF7ECFB6E
:10298000034670B9069A917B4F0711D5079887685F
:1029900077B12969887A009221460822B847034610
:1029A00040B1009395F825102869234608227BE062
:1029B000880654D4654918EE100A02221AF0A8FCC1
:1029C000002858D006F1080B1FFA8BF0FDF7FAFD2E
:1029D0000746002800F0B78009230372069B9A6817
:1029E000B2F800808472043EB04528BFB0465FFA5A
:1029F00088F808F1020242720492220AC27200F1BF
:102A00000C065968304642461AF090FC049B01348B
:102A10001E4407EB0B03A0B20593B31E039307AB51
:102A2000019306AB0093524618EE103A4946FFF761
:102A3000BFFD0446002842D0069B28699A7B5107B7
:102A400035D50799D1F808B0BBF1000F2FD0807AA7
:102A50000093082200232146D84750B32FE03C4B77
:102A6000D3F8F471002FA5D028695368807A2246E4
:102A70000521B84793E7FEF705FF0028A2D0042000
:102A80002E6906F035FFF0602869C36833B11C80F9
:102A90005C8009B0BDEC028BBDE8F08F112395F886
:102AA0002510009308222346FFF7A8F8F1E79206C5
:102AB00011D4069B28699A681288424517D0039A58
:102AC00095F82510286907F10803D21A92B23B46FF
:102AD000FDF77CFDDDE71E4AD2F8F4B1BBF1000F33
:102AE000E7D05B68807A22460521D847B5E7DB7BD3
:102AF000807A22460121FFF72FFB0028DFD1059BBA
:102B000008EB060B9B45DAD8230A06F8024C06F8B8
:102B1000013C069B4246596830461AF007FC4FF6C6
:102B2000FF739C4206D00134049BA0B281451E4431
:102B3000BFF473AFCDF80CB0C1E7042331E7012334
:102B40002FE70A232DE711232BE700BF7219070097
:102B5000503A01202DE9F04F0369174690F82520DF
:102B600033F822A00AF1080A87B004461FFA8AF057
:102B70000E46FDF727FD0546002866D00836BB192E
:102B800003930F23093700F109090372039B9F4246
:102B90000BD305F10803A9EB030294F82510206973
:102BA0002B4692B2FDF712FD59E07B7817F8026BC5
:102BB00006EB0326B6B205A93046FFF79DFA80461C
:102BC00000284FD0206998F80F30807A32460121D2
:102BD000FFF7C2FA0346002845D198F80E205107A6
:102BE00023D50599D1F808B0BBF1000F1DD022699B
:102BF0003146907ACDF800800E22D847034690BB2C
:102C000005EB0A024A45C1D9A2EB090293B2D8F8F2
:102C10000820D8F8041016889E4228BF1E46484651
:102C200032461AF083FBB144B0E79306E8D5114B66
:102C3000D3F8F4B1BBF1000FE2D02069D8F804302A
:102C4000807A32460521D847D8E7112306460093FB
:102C500094F82510206933460E22FEF7CFFF07B007
:102C6000BDE8F08F01232846039306F09DFE039BE9
:102C7000EDE700BF503A01202DE9F04F2DED028B1A
:102C80008BB04FF4205392F80980ADF81C30053911
:102C9000937A5FFA81FB08EB0328BBF1020F8146B0
:102CA0001FFA88F803D0BBF1100F40F0B080B8F1E4
:102CB000000F00F0B080117BD37A03EB01239BB2AD
:102CC0009845029300F2BE80D9F8103099F825108B
:102CD00033F8216002F10D031A46594607A808EEA1
:102CE000103AFFF7F6F9002800F0AE8009AB019327
:102CF00008AB0093029918EE103A5A464046FFF787
:102D000057FC0446002800F0A180D9F81000089B69
:102D1000807ADB7B22460121FFF71EFA0746002856
:102D200040F0968006F108030493BDF81000FDF70B
:102D300049FC11230546002800F08C800372089B93
:102D40009B68B3F800A08472063EB24528BFB24625
:102D50005FFA8AFA0AF1040343720393230AC372E7
:102D60002046FFF75FFC08992873020A6A7305F191
:102D70000E0605904968304652461AF0D7FA039B72
:102D80001E44049B2B440493059B4FF6FF72934211
:102D9000A6F1040442D0013398B2029B83423DD392
:102DA00009AB019308AB00935A4618EE103A02990A
:102DB000FFF7FEFB024688B3089B996809885145D6
:102DC0002CD1D9F81000DB7B807A05920121FFF726
:102DD000C3F918BB049A0AEB06039A423DD3059A3D
:102DE00006F8042C130A06F8033C1046FFF71AFCF9
:102DF000020A06F8020C06F8012C089905904968A9
:102E0000304652461AF092FA039B1E44BCE7042750
:102E10000024254602E00127444645464846FEF781
:102E200049FF99F82510D7B905F10803E21AD9F836
:102E300010002B4692B2FDF7C9FB0BB0BDEC028B24
:102E4000BDE8F08F0127E3E71027E1E70A27E0E775
:102E5000A046DDE704461F46E0E70746DEE7D9F86F
:102E60001000009743461022FEF7C8FEE5E7000079
:102E7000F0B5436887B006460C4643B34D89073525
:102E8000ADB2284606F034FDB4600746F8B1002321
:102E90007168102202A8CDE90233CDE9043306F0AF
:102EA00049FF2A4604F10D01384606F043FF23236B
:102EB0000193237B00930A4B2A4693F874303946DA
:102EC00002A8FDF777F940B9384606F033FD2046F1
:102ED00007B0BDE8F04006F02DBD07B0F0BD00BF63
:102EE000943701202DE9F347937A567A06EB0326AF
:102EF000B6B205468946304601A99046FFF7FCF870
:102F000000283ED0817B4F063BD52B69204F9B7A12
:102F1000013B07EB03135A689AB3C27B12F0900F80
:102F20002FD0940601D51B7B5BB3A9F10F0A0A07CA
:102F300083891FFA8AFA22D49A4522D109F10F0017
:102F400080B206F0D5FC0446D8B12B6943600681F7
:102F5000A0F80AA095F82430037308F108014A4646
:102F60000D301AF0E3F995F82430013B07EB03101C
:102F70002146836843B1074806F03EFD01E09A45CB
:102F8000DCD902B0BDE8F087FFF772FFF9E700BFB8
:102F9000483C0120983C01202DE9F0478378232B01
:102FA00088B0064657D10023CDE9063303783B4D60
:102FB0004168013B1F0105EB031308229C6806A82A
:102FC00006F0B8FEB4F80AA004F10D090AF10701F1
:102FD0000822494406A81AF09BF9804650BB09EB29
:102FE0000A035A791979120402EB0122D9789B79E4
:102FF0000A4402EB0362EB599A421BD30132EA51B5
:10300000208905A9FFF778F8814698B1817B880768
:1030100004F1100322D5059AD2F80CA0BAF1000FE2
:103020001CD02189207BCDE9013963890093D2220C
:103030004346D047204606F07DFCB06806F07AFC97
:10304000174806F0EBFC014620B3007B013805EB86
:103050000010FFF70DFF08B0BDE8F0878A060AD51B
:10306000104AD2F8F481B8F1000F04D02289207BF5
:103070000921C047DEE76289D9F8040019461AF031
:1030800055F999F80E301B0742BFD9F8083062890C
:103090001A80CFE73D44A860DDE700BF483C01202F
:1030A000983C0120503A0120054B0022C3E914222C
:1030B000044B054AC3F8EC21044B054A5A64704797
:1030C000483C0120503A0120992F05000863002058
:1030D000E52E0500034B013803EB001359601A730A
:1030E000704700BF483C0120024B03EB001040F842
:1030F000101C7047483C0120024B03EB001050F8B5
:10310000100C7047483C01202DE9F047937A92F863
:10311000099092F808A009EB032986B01FFA89F9F3
:1031200005460E46484605A99046FEF7E5FF0746C8
:1031300000284FD02869FB7B807A4A461021FFF790
:103140000BF80446002854D1BB89033EB6B2B34203
:103150004DD3B97B880708F10B0324D5059AD2F823
:103160000C80B8F1000F1ED02A694946907A00966B
:10317000CDE9013752462346C0470446002838D1DE
:10318000BAF1120F0CD10920FDF71CFA034638B131
:103190001322027295F8251028690122FDF716FA0C
:1031A00006B0BDE8F0878A0609D5194AD2F8F4417D
:1031B0002CB128694A460921807AA047DDE71946E3
:1031C000786832461AF0B2F8BB7B1B07D8D5BB68CB
:1031D0001E80D5E70124BAF1120FE1D195F8251030
:1031E000286900944B461222FEF708FDD8E70D240B
:1031F000F1E7BAF1120FD3D17A2C2B6995F825207B
:10320000ECD103EB82039A7842F008029A70C7E788
:10321000503A01202DE9F04F937A547A92F80B80BE
:1032200092F80C9004EB032487B0A4B206468A46B9
:10323000204605A91546FEF75FFF0746002800F067
:103240008780C37B96F8240022461021FEF784FF76
:1032500000285DD108EB09281FFA88FBBB7BBBF176
:10326000000F01D0D90675D5AAF105091A071FFA72
:1032700089F902D4BB894B456ED396F82400394BAB
:10328000363003EBC00006F01AFC374B1B68DB79C5
:10329000834263D90AF1060080B206F029FB80461A
:1032A00000285DD0BB7B9B0705F10D051ED44A4667
:1032B0002946A8F80490A8F80640A8F808B008F134
:1032C0000A001AF033F896F82400264B363003EB48
:1032D000C000414606F090FB0AF1080080B2FDF7FD
:1032E00071F90746E8B907B0BDE8F08F059BDB68C8
:1032F0009C46002BDBD0CDE9015796F82400CDF891
:1033000000900023162221466746B8470028CED0F9
:10331000009096F82510306923461622FEF76EFCC1
:10332000E1E71723037244724FEA1B23240A8472D5
:1033300080F80BB003734A4629460D3019F0F6FFAA
:1033400096F8251030693B465246FDF73FF9CAE72B
:103350000120DDE70B20DBE70D20D9E70920D7E7C7
:103360001120D5E7503A0120586300202DE9F041A3
:10337000537A86B0064683B9FEF75EFC0920FDF756
:1033800021F90346002836D01922027296F825103A
:1033900030690122FDF71AF92DE0012B7DD190F85B
:1033A00024303F4F363357F833405CB996F8240049
:1033B000363007EBC00006F031FB054610BB002C91
:1033C000DCD010E0E08804A9FEF796FEC0B12189A8
:1033D0008289914212D8A3880B44934210DD0D24B8
:1033E0003046FEF729FC96F825103069009400233A
:1033F0001822FEF703FC06B0BDE8F0810724EFE7D2
:103400002468D2E7E88805A9FEF776FE804620B951
:103410000E243046FEF710FC19E0C37BD8063AD5DF
:1034200098F80E20910705F10A0314D50599CC6888
:103430008CB12A89E98896F82400CDE90138AB8857
:10344000009313461822A04704460028E1D12846DD
:1034500006F070FAAAE7920608D5D7F8F4412CB125
:10346000EA8896F824000921A047EDE72C89D8F8CE
:103470000400AA882044194619F058FF98F80E4015
:1034800014F00804E3D0AB882989D8F808200B444D
:1034900013800024DBE70324BBE70424A3E700BF79
:1034A000503A01200C4B1A18FF2110B5117700F18A
:1034B00008014FF4C86423F8114003EB41034FF4B3
:1034C000F061D9800723D377044B0344002159745A
:1034D00082F8231010BD00BFA03C0120743E0120E3
:1034E00008B50020FFF7DEFF0120FFF7DBFF022019
:1034F000FFF7D8FF034B044A197B117300229A731C
:1035000008BD00BF743E0120A03C012030B58BB047
:1035100004460D462422002101A819F02FFF0E4970
:103520008DF8085002238DF8063001238DF80C30F9
:103530000B190DF10E0093F83F308DF80D30062376
:1035400003FB04112D318DF8075006F07FFB01A815
:1035500002F0BAF80BB030BDA03C0120F7B506462A
:103560000E200F461546019306F012FA044680B16C
:10357000002383704771067185710199073006F049
:1035800065FB054B187B214603B0BDE8F04006F013
:1035900014BA03B0F0BD00BF743E01202DE9F34121
:1035A00080460F4603F108000899019116461D4612
:1035B00006F0EEF9044698B101230199837080F872
:1035C000048047718671C5712A46083019F0AEFE35
:1035D000054B187B214602B0BDE8F04106F0EDB97D
:1035E00002B0BDE8F08100BF743E01202DE9F0413A
:1035F000054612200E461746984606F0C9F90146C0
:10360000D8B102238370057101F10803053000244D
:10361000E2B2954205D80A4BBDE8F041187B06F0AE
:10362000CCB9325D00F8012B37F8142023F8022BB7
:1036300018F8042002720134EAE7BDE8F08100BF07
:10364000743E012038B5054608200C4606F0A0F966
:10365000014690B10323837005712346421D254422
:10366000AB4205D1054B187BBDE8384006F0A5B943
:1036700013F8010B02F8010BF2E738BD743E01208C
:1036800010B50446062006F083F9014640B1042334
:103690008370044B0471BDE81040187B06F08DB9AF
:1036A00010BD00BF743E012008B5042006F070F97B
:1036B000014638B105238370034B187BBDE80840F1
:1036C00006F07BB908BD00BF743E012037B5054642
:1036D0000C20019106F05CF9044670B1062383705A
:1036E00005710199053006F0B1FA054B187B2146AA
:1036F00003B0BDE8304006F060B903B030BD00BF94
:10370000743E012070B504460E4615460AF090F945
:1037100004F10800044B23F8106003EB4003DD8044
:10372000BDE870400AF086B9A03C012038B50546D6
:103730000C460AF07DF903482844C477BDE83840B8
:103740000AF078B9A03C012010B504460AF070F9DF
:10375000024B9C73BDE810400AF06CB9743E012026
:103760000A4A0E2358431318FF2111540022012145
:103770007F2059709A70DA70187159719A71D971E5
:103780001A725A729A725A73704700BFE43C012051
:10379000064A0623584313184FF4C86111524FF4D8
:1037A000F0625A8000229A80704700BF0E3D0120CF
:1037B00010B5084C4318994201D1002010BD11F8F2
:1037C000012B2244107F0128F8D00428F3D10120D6
:1037D000F4E700BFA03C012010B50A490A4A0023C3
:1037E00011F8014B012C01D0042C02D1547B8442EE
:1037F00005D00133DBB2032B02F10E02F0D11846E3
:1038000010BD00BFBC3C0120E43C012008B5FFF71F
:10381000E3FF02280BD8064B0344FF221A7700224D
:1038200083F82320034B0E2101FB00335A7308BD9C
:10383000A03C0120E43C0120064B93F8230093F8C0
:10384000242093F8253010431843012894BF00200A
:1038500001207047A03C0120084B5A79012A08D862
:10386000DA7A012A07D85B7C012B8CBF0220032067
:103870007047002070470120704700BF0E3D0120B7
:10388000704700008378034A03F0070352F823309F
:10389000184700BF5C1A07008378034A03F0070348
:1038A00052F82330184700BF881A0700F7B54E2397
:1038B0000D4D0E4FADF8023000246B7903F0FD037F
:1038C000012BE6B206D1BB688DF80460ADF800406C
:1038D0006846984730460134FFF75AFF032C05F13C
:1038E0000605EAD103B0F0BD0E3D0120743E012073
:1038F000F0B585B0482300240F4E104FADF80630C8
:103900008DF8084016F8013B1A1F012AE5B201D9CB
:10391000012B06D1BB688DF80950ADF8044001A811
:10392000984728460134FFF71BFF032CEAD1FFF725
:10393000D7FD05B0F0BD00BFC33C0120743E01209F
:10394000411D0079FBF7A4B82DE9F04F8BB0067943
:103950008DF80B6082460DF10B010120FFF728FF67
:103960000546002840F0A9809AF80540DFF8E0817C
:103970009AF80690012C1BBF0E2303FB06832746F3
:103980005F781C22002103A80AF1070A19F0F6FC4F
:10399000002F00F09580042C98BF694B4FF0010771
:1039A00098BF195D8DF8227088BF0021BC4241F09C
:1039B000100103D0251F18BF012514B1A21E5742C4
:1039C000574111F0080F5F4BADF80C1008D106F10C
:1039D000080233F81210049103EB4202D2880592D8
:1039E000DFF864B133449BF80E00DB7F8DF81830AC
:1039F00001F0C0FE0BEB06038DF81A905B7C8DF88E
:103A000020300E23734308EB03098DF8190099F851
:103A100004208DF8212099F80A208DF8252099F8A6
:103A20000820CDF81CA08DF826207DB999F80B2030
:103A300062B118F80330FF2B08D000952B462A46B8
:103A400003213046FBF776F889F80B508FB90E2327
:103A5000734308EB03052A7B5AB118F80330FF2B98
:103A600007D000973B463A4603213046FBF786F8DD
:103A70002F7303A93046FBF720F80E23734308F891
:103A800003409BF80E30012B09D19BF8053003F061
:103A9000C003C02B03D12C493046FAF7F9FF002CA4
:103AA00046D0013CE4B2042C44D8284B1B57DBB26F
:103AB000324602210E2001F077FD0BB0BDE8F08FF9
:103AC00094B3052C31D0012C36D0042C34D0022CE8
:103AD00001D0072C0AD10025012702216FF0D20363
:103AE0002341DB0706D441F0040103E04FF0010558
:103AF0003946F3D90E2303FB068292780AB141F0CE
:103B0000200103FB0683DB780BB141F040010E235B
:103B100003FB06835A798DF822209A79DB798DF898
:103B200023208DF824304CE7052401252946E1E7C0
:103B30000123BCE70023BAE701210D46D3E700BF0C
:103B4000511A0700A03C0120743E0120561A0700BC
:103B5000E43C01202DE9F04387B001AE9DF838E048
:103B6000DFF844909446002532464FF00A08ECB244
:103B7000A04206D801460120FBF724F807B0BDE8B3
:103B8000F0835C5D34713CF815404F5D377024B1B3
:103B9000013CB4FBF8F40134A4B24F44748087F8BC
:103BA00023E001350636E2E7A03C0120F0B5104ED7
:103BB00087B060B986F8232086F8242086F825206F
:103BC000014601AA0020FAF7FDFF07B0F0BD00236F
:103BD00001AC1F46CD5C25703544013385F82320A8
:103BE000DDB2A8426780277104F10604F2D8E7E746
:103BF000A03C012010B40079074C06214143621813
:103C0000615A13795DF8044B5288003B18BF0123B9
:103C10009B01FBF732B800BF0E3D0120827941794C
:103C2000C31D0079FBF746B808B50146FFF714FE3F
:103C300002280BD90979064B062202FB0133022226
:103C40005A71BDE808400120FBF755B808BD00BF18
:103C50000E3D012008B50146FFF7FEFD02280BD9F5
:103C60000979064B062202FB013303225A71BDE893
:103C700008400020FBF73FB808BD00BF0E3D012003
:103C8000012A10B518D1B8B90E4B93F82320012A98
:103C900008D193F82420012A04D193F82500431E6B
:103CA0005842584110BD11F8013B234493F823308A
:103CB000934203D00020F5E7024C08448142F2D140
:103CC0000120EFE7A03C012030B585B00446FFF7A6
:103CD000B3FD024600BB2579611D28460391FFF71D
:103CE000CFFFC8B103992846FFF762FDA0B90B4A80
:103CF0000399507F137F0340907F0340FF3B18BF21
:103D0000012382F82C300323009304F1080204F10C
:103D10000E032846FFF71EFF05B030BDA03C012072
:103D200073B5194B19491B88ADF804300023057988
:103D30008DF8063005301C46DAB2954216D8FFF7EA
:103D40007BFD88B9012201A92046FFF799FF58B1F0
:103D500001A92046FFF72CFD30B905B124B1052299
:103D600001A92046FFF722FF02B070BD10F8012B19
:103D70008E18367FFF2E05D0661C08346C4404F87C
:103D8000042CF4B20133D7E74E1A0700A03C0120FF
:103D900013B5012204798DF807400DF10701104693
:103DA000FFF76EFF50B1FFF747FD28B906220DF16E
:103DB00007010120FFF7FAFE02B010BD2046FAF716
:103DC00042FF2046FFF76EFB204602B0BDE81040E0
:103DD000FFF7C6BC00B58378382B9BB001460ED1E7
:103DE000FFF73AFD02280AD8144B0A68019206210F
:103DF00001FB00335979022904D0032912D01BB0EA
:103E00005DF804FB120E4FF04D018DF808008DF89F
:103E100006100CBF012200225A71094B01A89B68B1
:103E20009847ECE7120E4FF04E018DF808008DF820
:103E3000061014BF01220022EEE700BF0E3D012054
:103E4000743E012008B5164B93F82320012A10D1A7
:103E500093F82420012A0CD193F82530012B08D1A6
:103E6000FFF7EAFC0146D0B9BDE808400722FFF79A
:103E70009DBE0020FFF716FB0020FFF771FC01201C
:103E8000FFF710FB0120FFF76BFC0220FFF70AFB96
:103E90000220FFF765FCBDE80840FAF7E2BE08BD66
:103EA000A03C012073B501460079224B8E790E2289
:103EB00042439C189A5C65784C6804F0FF24DEB994
:103EC000B4F5407F04D095B1012A0ED0042A0CD05D
:103ED0000E2404FB003401F108030093CB79627ACD
:103EE0004979FAF727FE0123E37202B070BD12F0A0
:103EF000FD0FFAD0072AEAE7B4F5407F03D085B179
:103F000012F0FD0FF1D10E2202FB003401F1080383
:103F10000093CB79627A4979FAF730FE0123237353
:103F2000E3E7072AE1D8852424FA02F2D207DCD598
:103F3000E9E700BFE43C012008B50020FFF710FCD2
:103F40000120FFF70DFC0220FFF70AFCBDE8084046
:103F5000FFF7C6BA08B50020FFF71AFC0120FFF7EB
:103F600017FCBDE808400220FFF712BC2DE9F04F16
:103F70005A4D5B4C0368DFF86CB19BB02646019349
:103F8000A84600274FF0FF0A16F8013B043B012B1F
:103F9000FAB226D89DF8073016F8089CADF80AA0AA
:103FA0008DF808308DF80920002B4BD106F808ACAD
:103FB00006F8013C88F80D3048210D2001F0F4FA94
:103FC000B9F1FF0F0DD0B9F1010F0AD0B9F1040F0B
:103FD00007D04FF048038DF8063001A8DBF8083011
:103FE00098470137032F08F10E08CDD100268DF830
:103FF0000860B0463746B14614F8013B032B5FFA20
:1040000086FA23D8012B24D99DF80830591C68332F
:104010006B448DF8081003F85FAC9DF8073093BB34
:10402000524647210C2001F0BFFA2B7804F8083CD7
:10403000012304F8013C2B78012B0AD0042B18BF74
:10404000472706E0012306F8013CB9E7063B012BB0
:104050001BD90136032E05F10E05CDD1B8F1000FA5
:1040600007D0FAF7FEFD00231A4604210E2001F0C6
:104070009BFA2FB11B4B8DF806709B6801A89847DF
:104080001BB0BDE8F08F0023D3E79DF807B0BBF16C
:10409000000F1ED15046FFF705FA5046FFF760FBB0
:1040A00014F8011C062911D15046FAF7CCFD5B46E5
:1040B000524603210E2001F077FA4FF0FF3304F847
:1040C000083C04F8019C85F80D90C2E74FF0010808
:1040D000F3E74FF0010304F8013CBAE7E43C0120A8
:1040E000C33C0120743E012083782E2B70B504461A
:1040F0002ED145791D491E4A2944FF230E7F0B7797
:10410000002381F823300E2101FB05220D2053737B
:1041100048212A4601F048FAFF2E26D0012E2179A7
:1041200010D0042E0ED04823A37029B9E08800F0E7
:104130003DFB08B1037C23800E4B9B682046BDE805
:104140007040184789B12846BDE87040FFF7DEB9D6
:104150002F2B04D149238370064B9B68EFE7372B45
:1041600003D1BDE87040FFF701BF70BDA03C012046
:10417000E43C0120743E01207FB5154604468DF8CD
:104180000F10ADF80C30FFF757FB024628BB0DF1BE
:104190000F010120FFF774FDF8B1012D0CBF0223C0
:1041A000032303AA00930DF10F0108AB0120FFF7D1
:1041B000D1FC9DF80F500A4E0A992D23062010FBC2
:1041C0000530304405F042FD9DF8243086F83F303C
:1041D000044B0E2202FB05335C7304B070BD00BFBC
:1041E000A03C0120E43C012007B50146FFF724FB79
:1041F00090B90846FFF7F0FA02288DF807000BD8AF
:10420000074B03440DF107011B7F012B0CBF042258
:1042100005220120FFF7CAFC03B05DF804FB00BFD4
:10422000A03C0120FFF7F2BAFFF7F0BA10B5044640
:10423000062005F0ADFB014640B150238370044BCE
:104240000471BDE81040187B05F0B7BB10BD00BF7E
:10425000743E0120F7B5074602F108000E461546E8
:10426000019305F095FB044688B1512301998370B1
:104270000771467185712A46073019F057F8054BCA
:10428000187B214603B0BDE8F04005F096BB03B0B3
:10429000F0BD00BF743E012010B50446062005F0B5
:1042A00077FB014640B152238370044B0471BDE893
:1042B0001040187B05F081BB10BD00BF743E01208B
:1042C00010B50446062005F063FB014640B15323B8
:1042D0008370044B0471BDE81040187B05F06DBB82
:1042E00010BD00BF743E012038B505460C4609F0EC
:1042F0009FFB04480E2202FB05004470BDE83840D5
:1043000009F098BBE43C012038B505460C4609F09D
:104310008FFB04480E2202FB05008470BDE8384084
:1043200009F088BBE43C012070B5064614460D46F2
:1043300009F07EFB04480E2202FB0600C5700471E2
:10434000BDE8704009F076BBE43C01202DE9E8416E
:1043500080461D460F46164609F06AFB05480E23A7
:1043600003FB080047718671C571BDE8E84109F09B
:1043700061BB00BFE43C012038B505460C4609F09E
:1043800057FB04480E2202FB05000472BDE83840CA
:1043900009F050BBE43C012038B505460C4609F055
:1043A00047FB04480E2202FB05004472BDE838407A
:1043B00009F040BBE43C012070B5154604460E46AA
:1043C00009F036FB054B062202FB04F01A181E52B8
:1043D0005580BDE8704009F02DBB00BF0E3D0120A7
:1043E00038B505460C4609F023FB0448062202FBBB
:1043F00005000471BDE8384009F01CBB0E3D0120EA
:1044000008B509F015FB0C4B0C4A1A600C4A9A626D
:10441000FFF792FDFFF79EFD0A4B0B4A1A60002042
:10442000FBF7DEFD01224FF440500021F9F772FE48
:10443000BDE8084009F0FEBA786300207C1A070046
:10444000981A0700703E012091EA040070470000AE
:104450008378034A03F0070352F82330184700BF5C
:10446000A41A0700034603F108019B79C0790BB930
:10447000FAF707B9FAF7B1B907B50C4B93F823204F
:10448000052A04D0012A0CD11B7F012B09D0074833
:1044900005F09BFB2223ADF80630054B01A89B6875
:1044A0009847FFF71DF803B05DF804FBA03C01201E
:1044B000743E01202DE9F043134D95F8233087B069
:1044C0000446F3B92B7F012B1BD0042B19D00F4FBF
:1044D000467990F80690E98AB87BB5F81080059186
:1044E00001F048F97A7C03920734EA7F029203468E
:1044F000CDE90094059932464046FAF7DFF8044BBF
:104500001E7007B0BDE8F083A03C0120743E01207E
:10451000203D0120084B93F8232062B91A7F012A1D
:1045200009D0042A07D0032283F823200289DA84E1
:104530000120FAF798B87047A03C0120084B93F887
:104540002320012A0AD11A7F012A07D0042A05D084
:10455000052283F823200020FAF785B8704700BFB2
:10456000A03C01208378352B2DE9F04106462CD163
:10457000294C94F82330032B24D8012B25D9C57856
:104580002DBB032B254F0AD1E18C21B107232046F7
:10459000A37105F017FB3B78042B18BF21250023DE
:1045A0001A4621210C2000F0FFFF3B7823770123DE
:1045B00084F823304DB11A4BB57030469B68BDE886
:1045C000F04118471A1F012A05D9BDE8F0810023E0
:1045D00084F82330F9E7C578E5B9052B08D12046E2
:1045E00005F0F3FA0D4B1B78042B0CBF0225222596
:1045F00000231A460D20222100F0D6FFFF230020C1
:10460000022D237784F82300D4D1BDE8F0413C216A
:10461000FEF77CBF0123DBE7A03C0120203D012009
:10462000743E012070477047054B93F82320012A00
:1046300005D1052283F823200020FAF714B870472B
:10464000A03C0120F7B50E4C0E46194694F82330D5
:10465000074615468BB901200191FAF704F8012F9E
:104660000CBF02230323019984F8233004F12D00A9
:10467000E68405F0EBFA84F83F5003B0F0BD00BFCC
:10468000A03C0120084A92F82330013B022B0AD8B3
:10469000064B1B78012B0CBF0423052382F8233023
:1046A0000020F9F7E0BF7047A03C0120203D012029
:1046B00010B5084C204605F088FA00231A4622213E
:1046C0000D2000F071FFFF232377002384F82330AF
:1046D00010BD00BFA03C0120FFF7EABF08B509F0FC
:1046E000A7F9074B074A1A60FEF7FAFE064B0020AF
:1046F000186009F08DF9BDE8084009F09BB900BFCA
:1047000078630020C41A0700703E01207047000043
:1047100029238B70024B0846D3F8FC30184700BFA2
:10472000243D012009798089F9F7A6BD13B50C460F
:10473000019009F07DF9019801F03FF8074B61689D
:104740000C2202FB0033206803F5827303C3A068C8
:10475000186002B0BDE8104009F06CB9243D01209A
:1047600070470000F8B5104C07460025A67D0135BE
:10477000EDB29EB930223146204618F0FFFD394691
:10478000204605F063FA4FF6FF73A38101232574D9
:104790006674A37584F82C602046F8BD052D04F1DD
:1047A0003004E3D10024F7E7243D0120074B052224
:1047B000997D11B19989814206D0013A12F0FF0228
:1047C00003F13003F4D1134618467047243D01200D
:1047D0001FB504460088FFF7E9FF58B1A378282BDE
:1047E0001CD8222B08D80A2B00F086800B2B64D013
:1047F000072B1BD004B010BD233B052BFAD801A218
:1048000052F823F05348050077480500F5470500A6
:10481000F547050083480500A7480500472BE9D167
:1048200081892379227A007C682405E08189007CD3
:10483000237994F9082039248DF80240ADF800005E
:104840008DF803308DF80430ADF806108DF808208F
:1048500023E0027C8389ADF800204022ADF80430CB
:10486000ADF80220E288A389ADF80620A268029282
:10487000ADF80C3011E0027C8389ADF800204122B4
:10488000ECE7017C2379E288ADF800104221ADF815
:104890000210ADF806208DF80430214B6846D3F89D
:1048A000FC309847A6E7027CA388ADF8002043229D
:1048B000ADF80220ADF80430EFE7A37A627A1B046A
:1048C00003EB0223227A1344E27A03EB026383624E
:1048D000012380F82C30037CADF800305723ADF86D
:1048E000023023798DF80430A068E388E168ADF8E0
:1048F000063002AB03C3D0E7037CADF80030582389
:10490000ADF8023023798DF80430E388ADF8063035
:10491000237A8DF808306389ADF80A30A389A7E7B8
:10492000243D012070B50A4C06460525A37D43B9F8
:10493000013D15F0FF0504F13004F7D12C46204667
:1049400070BD3146204605F086F90028F0D0F6E724
:10495000243D012070B585786B1E012B044631D8AB
:1049600000F10A052846FFF7DDFFD8B9194B0522EB
:104970004FF6FF76997D39B1597D022920D004295F
:1049800002D19989B1421BD0013A12F0FF0203F122
:104990003003EFD1E3782BB9237A012B02D12846DB
:1049A000FFF7E0FEE378002B14BF1B251C25A57044
:1049B00070B1037C23802146BDE8704000F09ABDB1
:1049C0001846EFE700881A35FFF7F0FEEDB2EEE784
:1049D00070BD00BF243D0120F0B585B00323ADF8C4
:1049E000063000238DF80830174D16238DF80C3053
:1049F0000524AB7D3BB1AB89ADF80A3001A8ADF819
:104A00000430FFF7A7FF013C14F0FF0405F1300567
:104A1000EFD10E4A0E4C106851689768A4F5947552
:104A20000323302624F8026B05F58272A68003C2A8
:104A3000013B13F0FF03176005F10C05F2D1054AA5
:104A40005375537305B0F0BD243D0120001B0700D2
:104A50004C3E0120743E012001380649C3B2302289
:104A600002FB0312907D18B103EB430301EB03102B
:104A7000704700BF243D012010B504460078FFF7C1
:104A8000EBFF20B12146BDE8104000F033BD10BD62
:104A90001FB504460078FFF7DFFFD0B1A378213BB4
:104AA000052B16D8DFE803F00309171E262D808991
:104AB00004B0BDE81040F9F7ECBEE38980890293A9
:104AC000A389019363890093E2882389A188F9F778
:104AD00088FC04B010BD2179808904B0BDE8104085
:104AE000F9F7B5BCE288A188808904B0BDE8104020
:104AF000F9F7BFBCA188808904B0BDE81040F9F780
:104B000011BF808904B0BDE81040F9F7B1BF0000C3
:104B1000064A05230020917D09B10130C0B2013B56
:104B200013F0FF0302F13002F5D17047243D01205C
:104B300070B5064D0646052455F8043B0BB13046CA
:104B40009847013C14F0FF04F6D170BD143E0120DB
:104B500073B50D4604460A3105F078F8EB88A38159
:104B6000687A00F013FEE0742A7A1E4B6276AABBC4
:104B70005B7B2375A61D9BBBFAF7F8FA014630460E
:104B800005F064F805F1170104F11A0005F05EF86C
:104B900005F11D0104F1200005F058F80023E38120
:104BA000637E7BB91A4601210E20019300F0FCFCC4
:104BB000FFF7AEFF0128019B04D11A4627210C20E4
:104BC00000F0F2FC217C272000F002FD272328467C
:104BD000AB7002B0BDE87040FFF7AABF9B7BC8E78F
:104BE0000049CCE7743E012010B500238375437E55
:104BF0000C466BB91A4601210E2000F0D5FCFFF7D8
:104C000087FF034620B9024628210D2000F0CCFC86
:104C10002823A37000232372E3802046BDE81040C0
:104C2000FFF786BF38B504460D46017C282000F00A
:104C3000CFFC0023A375637E43B9FFF769FF0346EA
:104C400020B9024628210D2000F0AEFC2823AB70CD
:104C50002846BDE83840FFF76BBF00002DE9F84F4C
:104C60000D9F9DF838B006468A469146984608F052
:104C7000DFFE3846FFF756FE044618B93846FFF700
:104C800071FD044608F0D6FEACB3242004F080FE8B
:104C9000054648B3237C0380BBF1000F0CBF1823EB
:104CA0001A238370BDF8283003819DF82C3083725D
:104CB00080F804A080F8059080F8068039460B3013
:104CC00004F0C4FF9DF830306B740C4BAE74187B4D
:104CD000294604F072FE08F0ABFE84F819B008F023
:104CE000A9FE207CBDE8F88F08F0A2FEA57508F0AB
:104CF000A1FE2846F6E72046F4E700BF743E0120F7
:104D00008B780A4A03F0070310B4D35C084A1C09E5
:104D100052F8242032B103F00F035DF8044B52F82F
:104D2000233018475DF8044B704700BF101B070085
:104D3000583E012010B504460078FFF78DFE38B1CB
:104D4000437D032B04D12146BDE81040FFF7D8BFB7
:104D500010BD000008B508F06BFE084B084ADA6089
:104D6000084A1A61084A9A63084B094A1A60094BB3
:104D7000094A1A60BDE8084008F05CBE786300206C
:104D8000F41A0700D01A0700141B0700643E012024
:104D9000DC1A0700583E01200C1B070038B50446FA
:104DA0000D463C3408F044FE034B43F82450BDE864
:104DB000384008F03FBE00BF243D012070B50546D5
:104DC00024200E46144604F0E3FD014658B1192391
:104DD0008370054B06800471C4704571BDE8704056
:104DE000187B04F0EABD70BD743E012038B505465D
:104DF00024200C4604F0CCFD0146C8B10D4B6A1EC0
:104E0000302000FB02330A465B7E002B0CBF702370
:104E100071238B7022F8045B23684B6063685360D6
:104E2000A3689360044B187BBDE8384004F0C5BD0F
:104E300038BD00BF243D0120743E012038B5054631
:104E40000C4608F0F5FD012000F0B7FC054B00F121
:104E5000940223F8125003EB4203DC80BDE8384093
:104E600008F0E8BD243D01202DE9F74F0025164E3E
:104E70008046894692462C46012748FA05F3DB070F
:104E800018D539F814203AF814B0019208F0D0FD82
:104E900007FA05F0C0B200F090FC00F19403019A0B
:104EA00026F8132006EB43030134A3F806B008F0FC
:104EB000C1FDE4B2072D03D0032C05F10105DCD1BF
:104EC00003B0BDE8F08F00BF243D01200146012062
:104ED000FFF72CBC2DE9F041002506460F462C4675
:104EE0004FF0010846FA05F3DB070AD504EB44014D
:104EF00008FA05F007EB8101C0B2FFF717FC013497
:104F0000E4B2072D03D0032C05F10105EAD1BDE879
:104F1000F081000038B5054610200C4604F038FD3D
:104F2000014680B102462223837022F8045B236885
:104F3000436063685360A3689360034B187BBDE8CC
:104F4000384004F03ABD38BD743E012038B50546FE
:104F500006200C4604F01CFD014648B12323837053
:104F6000044B05800471187BBDE8384004F025BD72
:104F700038BD00BF743E012038B5054606200C46FA
:104F800004F006FD014648B125238370044B0580DB
:104F90008480187BBDE8384004F00FBD38BD00BFE9
:104FA000743E0120084A0523917D29B191898142EF
:104FB00002D1137C18467047013B13F0FF0302F146
:104FC0003002F1D1F6E700BF243D0120034B013848
:104FD000302202FB0033987D704700BF243D012042
:104FE000034B0138302202FB0033D87C704700BFEE
:104FF000243D0120024B3022013802FB0030704773
:10500000243D0120034B0138302202FB0033187D80
:10501000704700BF243D0120034B3022013802FBC2
:1050200000300630704700BF243D0120034B302282
:10503000013802FB00302030704700BF243D0120C2
:10504000034B3022013802FB00301A30704700BF9A
:10505000243D0120034B0138302202FB0033D87D70
:10506000704700BF243D012070B5054616460C462A
:1050700008F0DEFC094B3022013D02FB05339A7D2E
:1050800022B1D98936B921EA0401D981BDE870403D
:1050900008F0D0BC0C43DC81F8E700BF243D0120C0
:1050A00013B5044608F0C4FC054B3022013C02FB5A
:1050B0000433D889019008F0BDFC019802B010BDFE
:1050C000243D0120034B0138302202FB0033587E7F
:1050D000704700BF243D012080890431F9F7FFB8F3
:1050E00038B50D4604468189287A002201F0ECFD8E
:1050F0006968A089BDE83840F9F7F1B810B5F9F74B
:1051000064F90023BDE810401A4601210E2000F08A
:105110004BBA30B5044685B008461546FFF746FB46
:1051200040B1722301A98DF8063002958DF80C402C
:10513000FFF7E6FD05B030BD10B586B00024CDE91F
:105140000334CDE90142009423462246FFF786FD51
:1051500006B010BD10B5044608F06AFC024B5C7343
:10516000BDE8104008F066BC743E01202DE9F04314
:10517000284B4D7C5A7D587B0F79274E91B00C46B9
:105180008DF8042000F0F6FA0B348DF80650002557
:1051900002948DF805008DF80C702C464FF0010933
:1051A0004FF00C0847FA05F3DB071FD509FA05F0A5
:1051B000C0B200F002FB10AB03EB840200F19403D9
:1051C00008FB006036F8131022F8301C06EB43038E
:1051D00000F58270DB8822F82E3C07C810AB08FB74
:1051E0000433243B83E807000134E4B2072D03D0E5
:1051F000032C05F10105D5D107AA04A901A8F9F7E7
:10520000E7FD00231A4619460E2000F0CDF911B033
:10521000BDE8F083743E0120243D012008B508F06C
:1052200007FC054B054A5A60054B064A5A60BDE823
:10523000084008F0FFBB00BF643E0120281B0700A8
:10524000583E0120201B07002DE9F04188B04B7C1F
:10525000079301200C4600F0A7FADFF8588000F110
:105260009402064638F81270114808EB42020C25E9
:10527000D188427D407B0691059200F07BFA4FF485
:10528000827C15FB06C545440B34DDE90521CDE9DB
:105290000105079B00943846F9F750F800231A4699
:1052A00019460E2008B0BDE8F04100F07DB900BFFE
:1052B000743E0120243D012008B508F0B9FB054BE0
:1052C000054A5A60054B064A5A60BDE8084008F096
:1052D000B1BB00BF643E0120301B0700583E0120D7
:1052E000201B07001FB529238DF80230074BADF8AE
:1052F0000600D3F8FC30ADF800108DF803208DF8CF
:1053000004206846984705B05DF804FB243D012061
:10531000437C43B18A880023437422B1017C808995
:10532000D2B2FFF7DFBF704738B5836A9A070446E9
:105330000D4609D5F9F72AFF830705D5A089291D50
:10534000BDE83840F8F7CBBF637CA08933B90123AF
:105350006374291DBDE8384001F08ABD217C0C2210
:10536000BDE83840FFF7BEBF13B50C46FFF71EFA85
:1053700038B1732369468DF80230ADF80440FFF769
:10538000BFFC02B010BD000007B57623ADF80230B7
:10539000054BADF80600D3F8FC30ADF804106846B4
:1053A000984703B05DF804FB243D012010B586B09A
:1053B000012404940A9C03949DF8244002949DF8CF
:1053C0002040CDE9003413460A460021FFF746FC91
:1053D00006B010BD1FB501F10B03007C02934B7C9E
:1053E00001938B7A00930B898A794979FEF7C4FE81
:1053F00005B05DF804FB13B50446007C0191FEF78F
:10540000F3FE0199204602B0BDE81040FFF7ECBB67
:1054100013B50446007C0191FEF704FF0199204674
:1054200002B0BDE81040FFF793BB13B50446007C03
:105430000191FEF7F9FE0199204602B0BDE8104047
:10544000FFF7D2BB08B508F0F3FA054B054A9A609E
:10545000054B064A9A60BDE8084008F0EBBA00BF69
:10546000643E0120401B0700583E0120381B070006
:1054700008464A7C807901F10B030989FFF7E2B8FD
:1054800007B5CDE90010FFF7FDF8DDE9001003B026
:105490005DF804EBFFF7A8BB07B5CDE90010FFF7F7
:1054A00007F9DDE9001003B05DF804EBFFF750BB2E
:1054B00007B5CDE90010FFF70FF9DDE9001003B0E3
:1054C0005DF804EBFFF790BB08B508F0B1FA054BA7
:1054D000054A9A60054B064A9A60BDE8084008F004
:1054E000A9BA00BF643E0120501B0700583E0120AE
:1054F000381B07008B78427D30B403F007030B4D57
:1055000003EBC20305EB430215F8133052784375E1
:105510001409074B53F824302BB102F00F0230BCB2
:1055200053F82230184730BCFFF7F0B8601B070073
:10553000643E01208278142A034612D003D82AB18F
:10554000132A09D07047562A0DD0704707490A74AC
:105550008B6820228270184779229A70034B9B68CF
:10556000F9E77822F9E77A22F7E700BF743E0120D5
:1055700038B50A4B1A7C7AB90122094D1A741524E0
:1055800055F8043B013C1B68984714F0FF04F7D121
:10559000BDE83840F8F7B0BD38BD00BF743E01200B
:1055A00078630020FFF7E4BF07B58DF80530074B9F
:1055B0008DF802005B68ADF800109B688DF8042040
:1055C0006846984703B05DF804FB00BF786300208D
:1055D00007B56F238DF80630054B8DF807005B6B20
:1055E000ADF804109B6801A8984703B05DF804FB70
:1055F0007863002008B5042004F0CAF9014638B1E8
:1056000038238370034B187BBDE8084004F0D5B9FC
:1056100008BD00BF743E012010B501460446044891
:1056200004F014FB2046BDE81040F9F794B800BF21
:10563000743E0120F8F732BEF9F700B8F8F743BE20
:1056400003291ED8DFE801F002090F14032A08D845
:105650000D4B18444274012103E0032A11D80A4B70
:105660001A7508467047012A0BD8074B5A75F2E79E
:10567000012A06D804498B7D23F001031A438A7559
:10568000E9E70021EDE700BF743E01200A4601462C
:105690000020FFF7D5BFFFF7D3BF0000064A83788D
:1056A000127C02B133B9054AD25C054B53F8223063
:1056B0005B681847704700BF743E0120C81B070095
:1056C0007863002070477047014BDB685B681847C0
:1056D0007863002010B5094B094C1A6A094BA06089
:1056E0009A429AB008D0F9F757FD442804D8064BDF
:1056F000019301A8A36898471AB010BD78630020F1
:10570000743E0120BC1B07000000770130B521B1B9
:10571000137873B18B429CB202D30022104630BD85
:1057200055788542FAD0091B0139013389B21A44F0
:10573000EDE71A46F2E70000034B00221873034816
:10574000DA751A7401F0C4B9743E01209D56050043
:10575000084649B1054B1B7C33B98B78044ADB08FA
:1057600052F823309B681847704700BF743E0120F1
:1057700078630020044BDB7D2BB118B1012808BFF2
:105780000320704702207047743E0120054BDB7DEB
:1057900033B1022803D0032808BF0120704700203E
:1057A000704700BF743E0120012804D002280CBFBE
:1057B00001200220704700207047012804D00228F1
:1057C0000CBF0120022070470020704730B583785D
:1057D0002A2B85B0044610D1452203798DF8062086
:1057E0000022ADF804208DF807308DF80830164BF4
:1057F00001A8D3F8FC30984708E00088FEF7D6FFF0
:1058000020B1A378292B03D02B2B16D005B030BDA7
:105810008589007C2379217A627A44248DF80640B8
:10582000ADF804008DF807308DF80830ADF80A5057
:105830008DF80C108DF80D20D9E785892379217A10
:10584000627A007C4624E9E7243D012013B50190EB
:1058500008F0EEF80198FFF7FFF8044608F0EAF8C0
:105860002CB1A08902B0BDE81040F9F7B4BB02B07A
:1058700010BDF9F7C0BB30B585B0CDE90210CDE958
:105880000032BDF8205008F0D3F80398FFF7E4F891
:10589000044608F0CFF84CB1DDE90032A089029946
:1058A000089505B0BDE83040F9F7B7BB05B030BD8D
:1058B00008B508F0BDF8064B064A5A624FF410606E
:1058C00001220021F8F726FCBDE8084008F0B2B834
:1058D00078630020201C07008378034A03F0070345
:1058E00052F82330184700BF2C1C0700024A00233F
:1058F000D370024AD37570478C3E0120743E01205C
:105900008378034A03F0070352F82330184700BF97
:10591000481C07004268094B118881809278827187
:10592000074A5189A0F80710117B4172D17821F004
:105930000201D170382242809B681847743E0120D2
:105940008C3E0120F0B5174E174FF57815F0010188
:1059500087B004461DD1838AB0F817203380837D39
:10596000B370ADF80820437E8DF80A300D220DF19A
:105970000B0017F003FD45F0010520467823F57074
:10598000009330F8043B3A7B02A9FAF741FB07B0D9
:10599000F0BD40F237734380BB6807B0BDE8F0400C
:1059A000184700BF8C3E0120743E0120416810B5AD
:1059B000032204460A4817F0ABFC0028084A0CBF33
:1059C00000230523E370D37823F00103D37037233A
:1059D000A370044B20469B68BDE81040184700BFE9
:1059E0008C3E0120743E0120064A90F82B30137241
:1059F000034633F81B1B918000F10B02411D007917
:105A0000F8F7A4BF8C3E01200146034B31F8052B6B
:105A1000DA800079F8F7CABF8C3E0120F8F7DBBFC7
:105A2000024B00795872F8F7EEBF00BF8C3E0120A0
:105A3000C27A411D0079F9F704B80000F7B5174E96
:105A4000174FF17811F0020405461FD106F10A0044
:105A50000321FAF7C5FC337B0D2203F03F0343F02B
:105A600040032146B018337317F088FCF3783A7B73
:105A700043F00203F37028467923009330F8043B87
:105A800006F10A01FAF7C4FA03B0F0BD4FF4E76378
:105A90004380BB6803B0BDE8F04018478C3E01204E
:105AA000743E01208378153B10B50446052B44D87D
:105AB000DFE803F003141F2A2D2F3A2383701F4BB6
:105AC0009A880280197AC27869B11D49C97D0A4352
:105AD00009D101205872F8F796FF04E03B23837048
:105AE000164BDB880380164B20469B68BDE81040B0
:105AF00018473C238370C0780028F4D1104BDB7D1D
:105B0000002BF0D00D4BE5E73D23A370EBE73E23E0
:105B1000FBE73F238370C378002BE4D1074A084991
:105B2000527ACA75002A18BF01211A460ABF0021FD
:105B30000D200C20FFF738FDD5E710BD8C3E01206D
:105B4000743E012008B507F073FF044B044A9A61C4
:105B5000044ADA63BDE8084007F06CBF78630020B0
:105B60005C1C0700501C070073B505461A20019104
:105B7000164603F00DFF044698B130238370019957
:105B800020F8046B04F0A7F8294604F1140004F08F
:105B90005DF8054B187B214602B0BDE8704003F06C
:105BA0000CBF02B070BD00BF743E01202DE9F74369
:105BB00007462C209DF82880BDF82C9001911646B0
:105BC0001D4603F0E5FE0446E0B131238370A0F8E2
:105BD000009007710199053004F038F8314604F15E
:105BE0000B0004F078F8294604F11B0004F073F868
:105BF000064B84F82B80187B214603B0BDE8F043A8
:105C000003F0DBBE03B0BDE8F08300BF743E0120AB
:105C100073B505460C200191164603F0B9FE044603
:105C200078B132238370068005710199053004F044
:105C30000DF8054B187B214602B0BDE8704003F01B
:105C4000BCBE02B070BD00BF743E012008B52C2060
:105C500003F09EFE014638B133238370034B187B5B
:105C6000BDE8084003F0A9BE08BD00BF743E012096
:105C700010B504462C2003F08BFE014650B13423AE
:105C8000837000230380044B0471BDE81040187B2F
:105C900003F093BE10BD00BF743E0120F8F7C1BEF3
:105CA00073B506460C200191154603F071FE0446BB
:105CB00078B13523837006710199053003F0C6FF72
:105CC000054BE572187B214602B0BDE8704003F039
:105CD00074BE02B070BD00BF743E012070B50546B1
:105CE00014200E4603F054FE044668B13623837038
:105CF000294620F8046B03F0EEFF044B2146187B85
:105D0000BDE8704003F059BE70BD00BF743E012075
:105D1000064A074B107B187300214FF03010C3E97F
:105D20000400117598611977D1737047743E012092
:105D3000A83E01202DE9F84F064610208846BDF800
:105D400028B0BDF82CA091461F4603F021FE014665
:105D500008B310230025837006712C4646FA05F31C
:105D6000DB0705D50B1919F804205A710134E4B288
:105D7000072D03D0032C05F10105EFD1074B81F866
:105D80000880A1F80AB0A1F80CA08F73187BBDE8B9
:105D9000F84F03F012BEBDE8F88F00BF743E01203B
:105DA00008B5042003F0F4FD014638B111238370D7
:105DB000034B187BBDE8084003F0FFBD08BD00BFE2
:105DC000743E01202DE9F74F0025164E8046894686
:105DD00092462C46012748FA05F3DB0718D539F817
:105DE00014203AF814B0019207F022FE07FA05F0E9
:105DF000C0B2FFF7D9FC00F10803019A26F813207E
:105E000006EB43030134A3F806B007F013FEE4B237
:105E1000072D03D0032C05F10105DCD103B0BDE84B
:105E2000F08F00BFA83E012010B5044607F000FE29
:105E3000024BDC73BDE8104007F0FCBD743E01204E
:105E4000704700008378034A03F0070352F82330B9
:105E5000184700BF681C070083782C2B2DE9F04100
:105E6000044643D13B4D2B7F022B2ED195F8213098
:105E7000394EABB1394F3B7893B18388A3F11A0205
:105E8000012A03D903F01803082B20D195F82030FC
:105E900023B101233370002385F8203000233B70A9
:105EA00033782BB94C23A3702D4B20469B68984721
:105EB00095F821304BB1A388C3F34113012B04D0D3
:105EC00000233370254B01221A70BDE8F081026A6D
:105ED000818B0120FFF71AFC10B901233370DBE737
:105EE000827895F821301A42F7D0D7E72D2B0FD1C1
:105EF000184A002313774B211A460D20FFF754FB55
:105F00004B23A370164B20469B68BDE8F041184711
:105F1000362BDAD10F4A137F012B0BD0032B12D073
:105F2000A17800234A291A460CBF0C200D20FFF748
:105F30003BFBE7E74A238370C378B3FA83F35B093B
:105F40005B001377ECE74B238370C378003B18BFEB
:105F50000123F5E7A83E0120CC3E0120CC630020C0
:105F6000743E012007B5084B1B7F023B012B05D86F
:105F70002D2301A8ADF80630FFF76EFFFFF7C8FE2E
:105F800003B05DF804FB00BFA83E01202DE9F043FB
:105F9000274E347F87B00546002C45D127464FF069
:105FA00001084FF006092B793B41DB0717D508FAAA
:105FB00007F0C0B2FFF7F8FB2A1906AB09FB043360
:105FC0000830527903F8102C36F8102023F8142CDE
:105FD00006EB40000134C28823F8122CE4B2072FEC
:105FE00003D0032C07F10107DDD1124CE07BFFF752
:105FF000C1FB01AB2A79217DF8F78DFE2B7A012BAD
:1060000003D0022B14BF0023032386F82130012084
:10601000002386F8203030776989AB890A22B1FBEA
:10602000F2F2A97BF8F7B9FE07B0BDE8F08300BF34
:10603000A83E0120743E0120064B1A7F022A07D198
:1060400003221A7700231A4619461846F8F7A5BE08
:10605000704700BFA83E012008B507F0E9FC054BDA
:10606000054A9A60FFF754FE00F0D0FCBDE80840F6
:1060700007F0E0BC78630020741C07008378034AB3
:1060800003F0070352F82330184700BF801C0700B5
:10609000F0B51B4C85B005460120FFF785FB227F3C
:1060A00003465ABB08332A1834F81310154E577993
:1060B000F07B039104EB4303DA880292FFF75AFB6B
:1060C0000346307D0090DDE902213846F8F766FB93
:1060D0002B7A012B03D0022B14BF0023032384F857
:1060E0002130002384F8203001206B892077A97BA0
:1060F000E38305B0BDE8F040F8F740BB05B0F0BD64
:10610000A83E0120743E012013B50A4C237F023BB8
:10611000012B0BD8204603F058FD2523ADF806309F
:10612000054B01A89B68984700232377FFF7F0FDF4
:1061300002B010BDA83E0120743E0120054B1A7F1D
:10614000022A05D10021032208461A77F8F716BB68
:10615000704700BFA83E0120FFF7F0BF8378062BF1
:1061600070B5044625D1294D2B7F022B0BD195F814
:106170002130B3B1837A042B06D195F8203083B156
:10618000002385F8203070BD4268017A0120FFF7B6
:10619000BDFA08B90123F4E7827895F821301A4254
:1061A000F8D02623A3701A4B20469B68BDE87040A8
:1061B0001847342BE7D1154D2B7F012B0BD0032B28
:1061C00019D0A178002324291A460CBF0C200D20D9
:1061D000FFF7EAF9E7E7C3785BB9E98B21B112234E
:1061E0002846AB7103F0EEFC02232B772423A37027
:1061F000E7E70023F9E7C6782EB9284603F0E5FC67
:106200002E772523F3E70226FAE700BFA83E0120F8
:10621000743E012008B507F00BFC044B044A9A6059
:10622000FFF776FDBDE8084007F004BC7863002066
:106230008C1C070070B505460078FEF70DFC04467F
:1062400020B1AB78282B02D0292B12D070BD007C56
:1062500001220221FEF708FFAB7F23760123A374FE
:10626000AA8BA0892B1D05F11401BDE87040F8F739
:10627000D1BA2A7D3AB16B7D0376291D8089BDE8AC
:106280007040F8F784B9007C0221FEF7EDFEA0898A
:10629000BDE87040F8F76BB901F0BEB983782A2BDE
:1062A00007B501D02C2B06D1064BD3F8F03013B133
:1062B000019098470198044B9B6803B05DF804EB8C
:1062C000184700BF243D0120743E0120F7B5054664
:1062D0000088FEF76BFA0446C8B1AB78102B33D1B7
:1062E000EB89077CABB92C490822A81D17F010F8E0
:1062F000064670B96946384601F0B8FC014698B1C7
:106300009DF800302376A6742888F8F740F903B08A
:10631000F0BD384601F09EFC012805D1288803B065
:10632000BDE8F040F8F723B9207C01220221FEF7F6
:106330009BFE0123A374237C2B803023AB70174B6F
:1063400028469B689847E2E70E3B012BDFD8007C8C
:1063500000220221FEF788FE237CADF80030EB78A6
:106360008DF80330A3B92C238DF80230237EE3751A
:10637000A37C8DF804306846FFF790FF237CADF8CE
:1063800000306846EB788DF8033001F0EDFCBEE795
:106390002D238DF80230EEE7DB250700743E012047
:1063A00038B5054604200C4603F0F2FA38B1032252
:1063B0008270C4700580BDE8384001F031BC38BD42
:1063C000F8B5074616200E46154603F0E1FA0446D6
:1063D00070B1042383700780067525B132462946C3
:1063E000184416F0A3FF2046BDE8F84001F018BCA1
:1063F000F8BD0000044B054A5A61054B054AC3E944
:106400000022FF229A73704778630020981C0700CF
:10641000D03E0120DB25070010B5044607F008FB3D
:10642000024B5C60BDE8104007F004BBD03E012089
:1064300010B5044607F0FCFA024B1C60BDE81040A2
:1064400007F0F8BAD03E012038B504460D4607F0F3
:10645000EFFA054821468573083003F0F7FBBDE8E5
:10646000384007F0E7BA00BFD03E0120014B586822
:10647000704700BFD03E0120014B1868704700BF35
:10648000D03E01200348837BFF2B01D1F8F76EBE7D
:1064900008307047D03E0120024B987BFF2808BF90
:1064A00000207047D03E012010B58378412B8AB080
:1064B000044607D1342383700F4B9B680AB0BDE8B4
:1064C00010401847402B15D1806803F033FA6168FB
:1064D0000A4C332302A8ADF8063003F0FCFB216818
:1064E00006A803F0F8FB206803F024FA024B01A889
:1064F0009B6898470AB010BD743E0120E03E012021
:1065000038B5044606200D4603F042FA38B117228A
:10651000057182700480BDE8384001F081BB38BD50
:1065200002F012BAF0B504468DB010200D4603F00B
:10653000DFF91A4E1A4F306008B3214603F0CBFB47
:10654000412003F0D5F90446B0B12022294602F0DB
:1065500033F92022294602F02FF90023037040224C
:10656000CDE9003230683B7B41222146F9F722FE1B
:1065700088B9204603F0DEF9306803F0DBF9242205
:10658000002103A816F0FAFE40F23373ADF80E3086
:1065900003A8BB6898470DB0F0BD00BFE03E0120E6
:1065A000743E012008B501466022024816F0BEFE86
:1065B00008BD00BFE43E012000487047E43E0120D2
:1065C00070B5054616200E4603F0E2F9044670B198
:1065D000058036B1162383702046BDE8704001F077
:1065E0001FBB01460C22284602F0EAF9F4E770BD11
:1065F000437B827B1B0403EB0223C27B1344027B9D
:1066000003EB0263024AB3FBF2F002FB1030704767
:1066100040420F00014B024A1A6270477863002023
:10662000A41C070013B50C460192FEF715FA50B1F1
:10663000002204768274019B0449808902B0BDE87F
:106640001040F8F7E7B802B010BD00BFDB25070027
:106650002DE9F843804608209DF8206089461746BA
:106660001D4603F095F980B1012305F0070506F0FA
:106670000706837080F8049047718571C671A0F891
:106680000080BDE8F84301F0CBBABDE8F883000014
:1066900070B5064620200D46144603F079F90146F0
:1066A000B0B1282383700346224623F8046B04F11B
:1066B000180052F8044B43F8044B8242F9D1128877
:1066C0001A80044B8D77BDE87040187B03F075B9D4
:1066D00070BD00BF743E01202DE9F84380460820BC
:1066E0009DF82060894617461D4603F051F980B198
:1066F000022305F0070506F00706837080F8049072
:1067000047718571C671A0F80080BDE8F84301F0BB
:1067100087BABDE8F88338B5054606200C4603F075
:1067200037F938B10522827004710580BDE8384020
:1067300001F076BA38BD0000F7B5074616200D46C1
:106740001646019303F024F9044688B129230199E0
:10675000837007800575467515B1043003F0BBFAE8
:10676000044B187B214603B0BDE8F04003F025B987
:1067700003B0F0BD743E0120044A537B23B111895C
:1067800081420CBF1346002318467047443F012046
:10679000704700000023437350238B70014B084661
:1067A0009B681847743E01200023437351238B706C
:1067B000014B08469B681847743E01200023437331
:1067C00053238B70014B08469B681847743E012089
:1067D0001FB50B7C0293CB8901938B8905480093ED
:1067E0004A79807D8B1D0979F8F767FB05B05DF864
:1067F00004FB00BF743E012013B5044600890191DB
:10680000F8F793FB0199204602B0BDE81040FFF76E
:10681000CBBFF8F77EBB000070B50B7A0C4605467F
:106820000A3100F8013B03F011FA607AFEF7AEFF7F
:10683000E871E3882B814F23A370034B20469B68AC
:10684000BDE87040184700BF743E012070B50B7B57
:106850000C4605460E3100F8013B03F0F7F9607B6A
:10686000FEF794FFE87163892B815223A370034BD9
:1068700020469B68BDE87040184700BF743E012069
:1068800070B50C4C0D46617B064689B90E22204638
:1068900016F074FD2046294600F8016B03F0D6F986
:1068A0004FF6FF7323810123A3726373204670BDEB
:1068B0000020FCE7443F012010B5074C637B33B157
:1068C0002378834203D1601C03F0C5F908B9002086
:1068D00010BD2046FCE700BF443F012001380649B7
:1068E000C3B20E2202FB0312507B18B1C3EBC303E9
:1068F00001EB4300704700BF443F012030B4037BED
:106900008C78084D04F00704C3EBC303234405EB64
:10691000430415F8133064780373034B53F82430A1
:1069200030BC1847E01C0700B01C070037B584785E
:10693000312C054607D156238370224B9B6803B048
:10694000BDE830401847302C20D100F10A01007A10
:10695000FFF7B2FF58B91C4B5A7B42B11A7B032A8E
:1069600005D119894FF6FF72914208BF1846EB789E
:10697000002B14BF5A245B24AC7000B3837A2B80A5
:10698000294603B0BDE83040FFF7B8BF3A2C10D11C
:1069900000F10E01007B0191FFF78EFF019910B904
:1069A000287BFFF76DFFEB78002B14BF5D245E247E
:1069B000E2E700882A34FFF7DFFEE4B2DCE703B049
:1069C00030BD00BF743E0120443F012007B5322393
:1069D000ADF80230064B5A7B3AB11B89ADF8043052
:1069E0006846ADF80030FFF7A1FF03B05DF804FB87
:1069F000443F012010B504460078FFF76FFF20B137
:106A00002146BDE81040FFF779BF10BD014B024A97
:106A1000DA62704778630020D41C07002DE9F84340
:106A2000164607468946984607F002F8314638462A
:106A3000FFF742FF044620B931463846FFF720FFF2
:106A4000044606F0F7FF2CB3122002F0A1FF054622
:106A5000C8B1A37A038058238370077180F805902A
:106A60003146063003F0F2F8BDF82030EB81002308
:106A70002B74094BA5F80C80187B294602F09DFF6A
:106A8000A07ABDE8F88306F0D3FF657306F0D2FF65
:106A90002846F6E72046F4E7743E012010B5044688
:106AA000042002F075FF014640B159238370044B66
:106AB0000480187BBDE8104002F07FBF10BD00BF0E
:106AC000743E0120F8F741BAF8F756BAF8F76BBAF6
:106AD000014B9860704700BF543F0120014BD860C4
:106AE000704700BF543F0120014BC3E904017047C8
:106AF000543F0120034B0022C3E9002283F8200009
:106B0000F7F7D8BA543F0120F8F7FABA7047704740
:106B10007047000037B50C46FEF744FA80B2ADF876
:106B2000040078B1084D8DF80640EB6801A898473D
:106B30002B698DF8064001A898476B698DF80640CF
:106B400001A8984703B030BD783F012013B5044633
:106B5000CDE90021FEF726FA88B1FEF7B3FADDE9A8
:106B6000002138B9074B9B694BB1204602B0BDE804
:106B700010401847012802D1024BDB69F4E702B04C
:106B800010BD00BF783F012070B5C278837803EB59
:106B900002239BB2032B04461ED94279017901EBF3
:106BA000022189B20A1D934216D143780078A57953
:106BB00000EB0320E37905EB0325ADB2052D0D4B6A
:106BC000C0F30B0005D0062D0BD0042D0BD11B6894
:106BD00000E09B68224698472046BDE8704002F0DE
:106BE000E3BE5B68F6E71E6A0A4623462946B047BD
:106BF000F2E700BF783F0120002102F0D1BE000083
:106C0000094B0A4A0A490B48C3E900220A4A9A601A
:106C10000A4A5A61C3E90322094A1A62012283F827
:106C20002420FFF761BF00BF783F01200D6B0500F6
:106C3000156B0500896B05004D6B0500116B050098
:106C40000F6B0500034B042807BF1960DA60596019
:106C50001A617047783F012010B41970D4B2090A44
:106C60005970211D9970111D0912120A9871000A9C
:106C70001C71D8715DF8044BD9705A711846F7F73A
:106C80005BBA70B505460E200E461446FFF7B4FFFA
:106C9000034680B101220272022282720473002232
:106CA000240AC2724672447329460622BDE8704027
:106CB0000520FFF7D1BF70BD014B024A9A617047B2
:106CC000783F0120036D050037B505460E20019180
:106CD0001446FFF791FF034688B113220272022285
:106CE000827204730022240A0199C27245724473AD
:106CF0000622052003B0BDE83040FFF7ADBF03B06A
:106D000030BDF0B5D57A937A147A03EB05239BB2A4
:106D10001D1DA942064685B0507A3BD1122C39D1AF
:106D2000082B39D1537B117B947B157CD77C01EBED
:106D30000321D37B04EB0324537C89B205EB0325A9
:106D4000937CADF80410002203928A1F03EB072303
:106D500092B240F67A47A4B2ADB29BB2BA42ADF855
:106D60000640ADF80850ADF80A300DD8A1420BD856
:106D7000B4F5486F08D8B5F5FA7F05D20A3B9BB247
:106D800040F6764293420FD901223146FFF79CFF2D
:106D900005B0F0BD012CFBD001460022304605B005
:106DA000BDE8F040FFF76DBF01AA3146FEF7B1F92B
:106DB000EEE70000F8B505460F461446FEF7F2F878
:106DC000002841D0617A00293ED0431E1F48267A10
:106DD000A27A94F80BC000EB030E9EF816E08E45E5
:106DE0002AD102EB0C2292B202F1040C674523D1A6
:106DF000132E19D1022A21D1184400238375477C10
:106E0000637B247B114804EB032402F0DEFE122F87
:106E1000A4B20BD1012E18BF2146284608BF01217C
:106E2000BDE8F840FEF7A0BA012EE4E72146284667
:106E3000BDE8F840FEF7A8BA012E05D0284600228A
:106E4000BDE8F840FFF71DBFF8BD00BFA03F01201F
:106E5000044B054ADA61054B0022DA821A839A76DE
:106E6000704700BF783F0120B56D0500A03F0120AD
:106E70002DE9F04106460C46FEF794F800283DD077
:106E80001F4F451E3D444FF012081E21384685F81D
:106E9000118002F091FE1420BE80FFF7ADFE034684
:106EA00060B3184980F8088091F824204272FF2AC4
:106EB000AA751ABF0132D2B2012281F82420082219
:106EC00082720022C272228802732288120A4273DE
:106ED000628882736288120AC273A2880274A288CE
:106EE000120A4274E2888274E288120AC27431463D
:106EF0000C22BDE8F0410520FFF7AEBEBDE8F081F1
:106F0000A03F0120783F0120024B01229A711873A3
:106F100018747047A03F01200B4629B189780129D8
:106F200002D11888FEF720BA70474EF20F13C380C3
:106F30001E2102F041BE704710B50446006B18B127
:106F400002F0F8FC00232363204602F03EFE04F129
:106F5000100002F03AFE94F83A2000239A4214BF3F
:106F60000B22012284F83B3084F83F2084F8433020
:106F700010BDFFF7E1BF38B504460A200D4600F00A
:106F80004BFE014638B10523037245722046BDE829
:106F9000384000F0FDBD38BD38B505460C46FFF75A
:106FA000CBFF95F83D0000220121FEF75DF82B2371
:106FB000A3702046BDE83840FFF770B938B50546E4
:106FC0000C46C978FFF7D7FF21462846BDE8384070
:106FD000FFF7E2BF38B50C460A7D05460431006B69
:106FE00016F0A4F9237D032B07D1286B0D22BDE8F1
:106FF00038400021033016F0C1B938BD10B5044641
:10700000FFF7E8FF206B10213030F9F7E9F9216B29
:10701000204601F13002BDE8104000F05DBC4A6836
:10702000016B00F0DDBC38B590F83A30002B14BF8E
:107030000323042380F83F3004460D46FFF775FF15
:10704000192000F0E9FD90B1032303726B6800F191
:10705000090203F1100153F8045B42F8045B8B4210
:10706000F9D101462046BDE8384000F091BD38BD59
:107070004B68016B03F1090230B410311446193327
:1070800054F8045B41F8045B9C42F9D130BC016BBD
:1070900000F022BCFFF7C3BFF0B55E4F97F8903108
:1070A0008BB004460E465BB3836C1B7843B390F8F9
:1070B00043502DBB90F83D00FEF704F800280CBFAC
:1070C000022301238DF822302F238DF8063020462D
:1070D00094F83D30ADF8043000F0AAFDCDE9065536
:1070E000A36C8DF823009969ADF82050103102A8E7
:1070F00002F0F1FD01A8FFF7D1F8072384F843302F
:10710000002E00F08480012E94F8433004D1072B28
:1071100004D130460BB0F0BD032E01D8092B76D038
:107120000A2B74D094F83C300BB10026F1E71920FB
:1071300000F072FD05460028F7D094F843306BB993
:10714000F00738D5204600F0F3FC06232B72216BA4
:10715000043105F1090002F0BEFD11E0062B2AD131
:1071600007230372236B9B8B4372236B9B8B1B0A3E
:107170008372226B5369C0F80B309369C0F80F30EB
:107180002B7A84F843302946204600F001FD94F81C
:107190003C60002EC9D1042002F0FAFB0146002811
:1071A000C3D00C23837094F83D30038097F884019A
:1071B00002F003FCADE7B10708D50BB1072B05D1F1
:1071C00008232B72FFF758F90146C2E7082B0CD1B0
:1071D00009232B72FFF760F96872FFF753F9014634
:1071E00005F10A0002F032FDCAE772070CD5092B3F
:1071F0000AD840F2812222FA03F3DB0704D50A23DE
:107200002B72FFF733F9DFE7284602F0CDFB0126AA
:107210007FE700BF1440012070B50546107A0628AC
:107220000C461E4602F1090104D1201D02F053FD57
:10723000002123E007380328FAD801A353F820F0EF
:10724000517205002B720500A1720500B572050090
:10725000917A537A03EB0123A383D2F80B30636155
:10726000D2F80F30A36195F8403013F0040F14BF2B
:1072700002230123E3770223A377012195F83F201E
:10728000062A01D0082A1AD1013285F83F200025AC
:1072900021B12F23A3702046FFF700F8284670BDC8
:1072A000537AA37602F10A0104F1140002F0CEFC35
:1072B0000423E1E7201D02F00EFD0823DCE7B00700
:1072C00005D5072A03D1082385F83F30DFE7730788
:1072D00005D5072A01D0092A01D10A23F4E701259F
:1072E000D6E700BF10B50446FFF768FE94F83D00EE
:1072F00000F0C8F910230146A375E01802F062FC03
:10730000002384F8423010BD012380F842307047DA
:1073100040F62B1308464B80FEF7C0BF4EF22B13EE
:1073200008464B80FEF7BABF38B590F842300446A5
:107330000D4683B1002380F842300921FFF71BFE80
:1073400040F62B1328466B80FEF7A8FF2046BDE8C9
:107350003840FFF7F1BD38BD13B50446FFF7ECFD2B
:1073600094F83D0000220121FDF77EFE94F84030A4
:107370008DF8043094F83D30ADF8003068462A238B
:107380008DF80230FEF78AFF02B010BD70B50446DA
:1073900090F83D000D46FDF795FE134B94F83E1016
:1073A000AE78D3E95F23012818BF1A46136853F853
:1073B00021100B461978B1420BD1597884F83E1050
:1073C00099785368204653F821302946BDE870402B
:1073D000184713F8031F0029ECD1916801F10C0044
:1073E0008342E6D170BD00BF1440012013B50446AE
:1073F00090F83D000191FDF72DFE019928B9204636
:1074000002B0BDE81040FFF7C7BD1F2320468B70B8
:1074100002B0BDE81040FFF7B9BF000013B500236C
:1074200013700B7090F82230012B2AD190F829307C
:10743000012B26D10B7090F8233090F82A201340AE
:1074400043F00403002180F8403090F83A30002BDC
:107450004FD090F82330314A126800294CD0117A6D
:107460000B405B0748D590F83D30ADF8043040F252
:10747000033301A9ADF80630FFF788FF002002B002
:1074800010BD90F823104B0703D490F82A305C0706
:107490000BD590F82140032C07D090F82830032B0F
:1074A00003D0012C08D8012B21D890F82A300B40AA
:1074B00003F0FB030121C6E7042C16D1022B16D0E2
:1074C000191F4B424B41DBB2137090F82810022970
:1074D00003D190F821100229ADD090F83A1000297C
:1074E00008BF83F001031370A5E70023EBE7012336
:1074F000E9E790F82A30AEE7537990F824209A42D1
:1075000003D390F82B209A4206D290F83D30ADF884
:10751000043040F20363ACE70120B0E75C63002075
:1075200010B590F8403090F83D4086B013F0040359
:10753000ADF800400BD02E2368468DF802308DF850
:1075400004108DF80520FEF7A9FE06B010BD042238
:10755000ADF804308DF80630694603238DF802201B
:107560008DF81430FFF712FFEFE7C37933B9C36822
:1075700023B90089003818BF0120704701207047E7
:10758000F8B50446FDF72CFDFEF700F90646204647
:10759000FDF730FD174C054602272046FFF7E5FFB3
:1075A00028B9012F04F118040CD00127F5E7A379BD
:1075B000B342F6D12946204602F04DFB0028F0D018
:1075C0002046F8BD0B48FFF7D0FF78B10A48FFF717
:1075D000CCFF68B9084C18220021204615F0CEFED9
:1075E000A6712946204602F031FBE9E7014CF2E79B
:1075F000024CE5E7D43F0120EC3F0120BC3F0120D5
:10760000044890F8553023B94FF47A71483002F0AD
:10761000D9BA7047BC3F012010B50B4C94F85530D7
:10762000012B03D104F1480002F0CFFA064858229A
:10763000002115F0A3FE054B93F8843184F85430F3
:10764000202384F84E3010BDBC3F0120144001209F
:1076500008B5FFF795FFC06808BD000010B50C46DF
:10766000FFF78EFFC4711CB1024B1B68DB684361DE
:1076700010BD00BF5C63002008B5FFF781FFC07933
:1076800008BD000010B5FFF77BFF01890C4A0446D6
:10769000A1B113689B8A13FB01F39BB211680A68BE
:1076A000C8685A43824298BF23810B698CBFE0604F
:1076B000E2602361FFF7A4FFE06810BD0123EDE75E
:1076C0005C63002008B5FFF75BFF024B1B681B697A
:1076D000036108BD5C630020F8B51E4C1E4E0325F7
:1076E0002046FFF742FF70B32269E368B2F57A7F64
:1076F00038BF4FF47A72B3F57A7F38BF4FF47A739C
:10770000A3F57A73E3606369B3F57A7F38BF4FF40A
:107710007A73A2F57A72A3F57A732261636152B922
:1077200032682089918AB0FBF1F7884228BF12693C
:10773000278128BF226103B9E3712046FFF715FFB7
:1077400008B1FFF75DFF013D15F0FF0504F11804D6
:10775000C6D1F8BDBC3F01205C630020F7B50546EB
:107760000078AB783A4E272B00F1FF344CD1FDF76F
:10777000A9FC4C2101FB0464002814BF01230B2346
:10778000287884F83F304FF00007EB88238714BF38
:107790000022012284F83A2084F83D0084F83B70EE
:1077A00084F83C70FFF768FF84F8437084F8420067
:1077B00084F83E7084F844702C782046FFF748FF28
:1077C0000546002842D096F890312046ABB1FDF72F
:1077D00079FC01280CBF262224224C23013C5C4367
:1077E0003319294683F83E201022144430199A7523
:1077F00003B0BDE8F04002F0E5B9FDF763FC0128F5
:107800000CBF0D220C22E8E74C2202FB046494F822
:107810003D20DAB1282B19D194F84210FFF71EFF52
:107820002B88ADF804300A238DF806302B7A2046D9
:10783000203301A98DF80730FFF7A8FD606B002504
:1078400084F83D5010B102F0AFF8656303B0F0BDAD
:107850001440012008B5FDF7A5FB20B1024B01380B
:107860004C2202FB003008BD1440012030B587B027
:107870000D461446FFF7EEFFD8B1237A5A1E0D2AA3
:1078800017D8104AD25CAA4213D190F83F209A42EE
:1078900011D0052B0DD107238DF80230637A8DF8B6
:1078A000033090F83D30ADF8003069460194FFF7A1
:1078B0006DFD07B030BD052AEDD006238DF80230EE
:1078C000EFE700BF181D0700024B4C22013802FBF6
:1078D0000030704714400120F0B5044689B094F898
:1078E0003A3090F83D000F461646002B5BD0FDF76E
:1078F000A7FB02F0BDF9002853D094F83D00FDF736
:1079000081FB054694F83D00FDF790FB02F0B0F9CD
:10791000002860D094F83D00FDF762FB33460DF17E
:10792000120113F8022B554072788DF8105080EA3E
:1079300002058DF8115004F1200006F1090513F835
:1079400001CB10F8012BAB4282EA0C0201F8012BAB
:10795000F5D104F1270010360DF1190113F8015B80
:1079600010F8012BB34282EA050201F8012BF5D190
:107970000B231A4A009392F8842194F83D3004A90D
:107980003846F8F745FBFF2884F8410007D140F658
:10799000030303A92046ADF80E30FFF7F7FC09B04A
:1079A000F0BD0125AEE7FDF741FB02F061F980B1C2
:1079B00094F83D00FDF714FB054694F83D00FDF7F3
:1079C0003FFB02F055F930B194F83D00FDF71AFB8A
:1079D000A4E70125F1E70120A0E700BF1440012042
:1079E0002DE9F041044688B094F83A3090F83D0013
:1079F00088461746002B58D0FDF722FB054602F0BB
:107A000037F920B194F83D00FDF706FB054694F8E0
:107A10003D00FDF70BFB064602F02AF920B194F871
:107A20003D00FDF7E7FA064604A8BB1D3A460146AD
:107A300016F801CB12F801EB8CEA0E0C9A4200F812
:107A400001CBF5D107F10C060DF1160015F8012B4D
:107A500013F801CB82EA0C02B34200F8012BF5D1F6
:107A60003B7B8DF81C307B7B8DF81D30BB7B8DF80C
:107A70001E30FB7B8DF81F30184A0B23009392F8C1
:107A8000842194F83D304046F8F7C2FAFF2884F884
:107A9000410007D140F6030303A92046ADF80E309C
:107AA000FFF774FC08B0BDE8F081FDF7BFFA0546AA
:107AB00002F0DEF820B194F83D00FDF79BFA054690
:107AC00094F83D00FDF7BCFA064602F0D1F8002814
:107AD000AAD094F83D00FDF79FFAA4E714400120D6
:107AE00070B588B0164604460D4604A8194602F043
:107AF000FBF8314606A802F0F7F80B230B4A009377
:107B000092F8842194F83D3004A92846F8F780FAC9
:107B1000FF2884F8410007D140F6030303A920465B
:107B2000ADF80E30FFF732FC08B070BD14400120F4
:107B300070B5046B261D94F8201005463046F8F702
:107B40004FFC94F820000021C0F11002304415F0E1
:107B500015FC94F8312094F8303003EB0223A38312
:107B6000D4F832306361D4F83630A3610123A377AF
:107B700095F8403013F0040F14BF02230123E3777C
:107B80002F23A3702046BDE87040FEF787BB00009E
:107B900070B590F83C3004460D462BB1406B08B1EF
:107BA00001F002FF656370BD0A7A0B460349BDE828
:107BB00070408A5C018F0620FFF74EB8181D070041
:107BC000F8B50778134E013F4C2404FB07640546C3
:107BD00094F83D30E3B18378012B0CBF01230023DF
:107BE00084F83C3014D0616B21B1002363632046DC
:107BF000FFF7CEFF4C2303FB076696F83E303BB100
:107C00000C23AB7029462046BDE8F840FFF7BEBB09
:107C1000F8BD00BF14400120002101F0C1BE0000EA
:107C2000024B014693F8840101F0C7BE14400120C5
:107C300090F840305B070BD590F8243090F82B205B
:107C4000934228BF1346102B0CBF0320022070471D
:107C500001207047044B01384C2202FB0033986C22
:107C600000B10078704700BF1440012038B5144BB4
:107C7000421E4C2404FB023494F8440070B193F883
:107C8000900160B1A06C05784DB1806938B1204693
:107C9000FFF7CEFF0870A36C9869103038BD4C20F8
:107CA00000FB0233186B0028F8D093F8402012F044
:107CB000040F14BF022201220A70186B2030EDE776
:107CC0001440012070B50E4C064684F88401FFF77D
:107CD000A3FC01202346451C98809882A8B2062860
:107CE0001E731E7703F14C03F5D10649064AFEF7D1
:107CF000A9FFBDE8704005490120FDF74FB800BF5E
:107D0000144001206D780500C17B05005D770500FA
:107D100010B50C4629B38B78202B03D1BDE8104059
:107D2000FFF7DABC1C2B03D1886808B101F002FE12
:107D300023780C48013B4C2202FB030292F83D10D1
:107D400079B1A1780B2904D192F84110E2789142DF
:107D500007D14C22214602FB0300BDE81040FFF78B
:107D600015BB10BD14400120C378002B0CBF0823A5
:107D70000923014683700020FFF7CABFF7B5074605
:107D800090F83D000C46FCF767FE0546B8B197F841
:107D90003A30661CB3B100F11A010846019101F0B6
:107DA00067FF20B9012301992370062203E02B7D90
:107DB00023700622A918304601F0BCFF0734204684
:107DC00003B0F0BD00F120010846019101F050FF21
:107DD0000028E7D0EB7C237006222946EBE7F7B5B5
:107DE000074690F83D000C46FCF736FE0546B8B154
:107DF00097F83A30661CB3B100F1200108460191B2
:107E000001F036FF20B9012301992370062203E017
:107E1000EB7C237006222946304601F08BFF0734A5
:107E2000204603B0F0BD00F11A010846019101F0AF
:107E30001FFF0028E7D02B7D23700622A918EBE74F
:107E4000F7B5002313700B7090F8233090F8225090
:107E500013F0080F04463FD090F82A301B073BD59B
:107E6000012D03D090F82930012B3CD101230B7058
:107E700000250B789BB994F823305F0703D494F85E
:107E80002A305E070BD594F82100032807D094F818
:107E90002830032B03D0012827D8012B41D894F890
:107EA000237094F83DC03B0740F1D08094F82A003D
:107EB000060740F1CB807C4B93F890619EBB40F26B
:107EC000033301A92046ADF804C0ADF80630FFF732
:107ED0005DFA304603B0F0BD012D04D194F829308D
:107EE000012BC6D1C2E70125C3E7042817D1022B15
:107EF00017D0181F43424341DBB2137094F8280097
:107F0000022803D194F82100022806D094F83A0000
:107F1000002808BF83F0010313700025BFE700238A
:107F2000EAE70123E8E7A36C40F201161E8012780D
:107F30001A710978002957D002225A702046ADF8EC
:107F400004C000F054FB00287BD0A36CDE68FEF771
:107F500033FB334600F1200250F8041B43F8041BA6
:107F60009042F9D1A36CDE68FEF726FB203600F1C3
:107F700020023346403052F8041B43F8041B82426F
:107F8000F9D1A36C1E69FEF717FB334600F14002DE
:107F9000603052F8041B43F8041B8242F9D11123CC
:107FA00001A920468DF80630FFF7F0F994F8231068
:107FB00094F82A3003EA0102002D5FD142F0040256
:107FC00084F8402094F83A20002A18BF0B46374A1C
:107FD0001268002D55D0117A0B405B0751D594F8EB
:107FE0003D30ADF8043039E094F82820CDB90321B4
:107FF000042A597007D194F82120012A01D0042ABB
:1080000006D1042299E7012A02D194F82120F6E74B
:1080100017F010070FD010F010000ED001229A7048
:108020008CE7012A8AD194F82100012807D1042283
:108030005A700D4682E73D4680E705467EE71546C5
:108040007CE708238DF807300323A9E7174B1B684B
:108050001B7A13F008030BD0ADF804C040F20333D1
:1080600001A92046ADF806300026FFF78FF930E76A
:10807000A26C1370ADF804C0122391E702F0FB026A
:108080009EE7537994F824209A4203D394F82B2046
:108090009A4206D294F83D30ADF8043040F20363C2
:1080A000DEE7012615E700BF144001205C630020D5
:1080B00030B5846C90F83D30257887B0A5B990F83C
:1080C0004040640713D4ADF8003004238DF802302B
:1080D0000023ADF804308DF80630694603238DF88F
:1080E0001430FFF753F90EE06478022CEBD1ADF8B1
:1080F000003068462E238DF802308DF804108DF87C
:108100000520FEF7CBF807B030BD10B50446FEF7EA
:1081100030FF2046BDE8104000F09CBA38B5044658
:108120000D46FFF7F2FF29462046BDE83840FEF72E
:1081300033BF38B505460C46C978FEF71CFF21460B
:108140002846BDE83840FFF7E9BF37B5836C4D6876
:1081500004462022986805F1090101F0EBFDA36CAB
:108160009868202205F12901104401F0E3FD94F8FC
:108170003D30ADF80430A36C5B78013B032B0ED887
:10818000DFE803F002120B02132301A920468DF849
:108190000630FFF7FBF803B030BD1423F5E70823E2
:1081A0008DF807300323F0E71523EEE77FB5836CE6
:1081B0000022DA70032180F83F108DF8042090F837
:1081C0003D101B79ADF8001068462E218DF8021085
:1081D0008DF80530FEF762F807B05DF804FB37B59F
:1081E000836C90F83A40D3E902525B6910330193F3
:1081F0003CB10023009313462A4600F087FA03B0EF
:1082000030BD00942B46F8E773B50A4604460E4687
:108210000146502000F06AFA0546C8B194F83A20A9
:10822000A36CBAB1D968202200F0C6FAA36C996891
:10823000202200F0C1FAA36C5969103100F0C3FA92
:10824000A06C0096406923465022294600F02EFA81
:1082500002B070BD9968202200F0AEFAA36C202213
:10826000D968E6E710B5836C5B78042B86B00446CA
:108270000FD102A8496801F02EFD94F83D30ADF809
:10828000043001A83523ADF80630FEF707F806B034
:1082900010BD90F83D30ADF8043001A91623ADF8BB
:1082A0000630FFF773F8F2E737B54D682C7A0E2CDD
:1082B0000ED16B7A8DF8043090F83D30ADF8003077
:1082C00068463623ADF80230FDF7E8FF03B030BD55
:1082D000032CFBD11E224A8003B0BDE83040FFF7DB
:1082E00055B838B5836C9B7804460D46C3B1FEF78C
:1082F0001CFE0A20FFF790FC014640B10E230372DA
:108300002B7943722046BDE83840FFF741BC40F668
:1083100003036B8029462046BDE83840FFF736B896
:1083200038BD0000F0B5D0F848C0DCF8103099B086
:1083300004460D4610AE03F120071868596832460E
:1083400003C20833BB421646F7D1DCF808306A4650
:1083500003F1200E174618685968164603C60833FD
:1083600073453246F7D1DCF808200DF1200C02F1FC
:108370002003403218685968664603C608339342A2
:10838000B446F7D1094994F83D2091F88411192396
:108390003846F7F77DFF30B94EF203036B8029466C
:1083A0002046FEF7F3FF19B0F0BD00BF14400120D6
:1083B000F0B5CB7887B005460C4633BB0A4601467C
:1083C000202000F093F90646E8B1164B02AA03F10B
:1083D000100E944618685968174603C7083373454A
:1083E0003A46F7D1231D324604F1240153F8040B19
:1083F00042F8040B8B42F9D100942B4620223146DF
:10840000604600F053F907B0F0BD90F83D000B2234
:1084100000F0D6FA2146284607B0BDE8F040FEF746
:10842000B5BF00BF271D0700836CF7B504469869E8
:108430000E461030496801F04EFC32462146352088
:1084400000F054F9054618B300270422114900F83A
:10845000017B00F0B1F9A36C596900F0B4F9A36C89
:108460005969103100F0AFF901462046FFF786FC4C
:1084700001462046FFF7B3FC012303704770A36C4D
:1084800098690096234635222946103000F00EF9EF
:1084900003B0F0BD381D0700836CF7B504460E46E7
:1084A0009869496801F017FC32462146352000F0F2
:1084B0001DF9054618B301270422124900F8017B73
:1084C00000F07AF9A36C596900F07DF9A36C596941
:1084D000103100F078F901462046FFF74FFC0146C5
:1084E0002046FFF77CFC002307704370A36C98695B
:1084F0000096234635222946103000F0D7F803B005
:10850000F0BD00BF381D0700836C73B50446986941
:10851000102210440D46496801F00CFC2A46214601
:10852000412000F0E3F8064630B3A36C596900F02F
:108530004AF9A36C5969103100F045F9A36C5969E7
:10854000303100F040F994F82330037094F8223071
:10855000437094F821308370C11C2046FFF70EFC55
:1085600001462046FFF73BFCA06C0095806923463E
:108570004122314600F09AF802B070BD73B50A4648
:1085800004460D460146412000F0B0F8064630B3DF
:10859000A36C5969103100F016F9A36C596900F009
:1085A00012F9A36C5969203100F00DF994F82A30C2
:1085B000037094F82930437094F828308370C11CFC
:1085C0002046FFF70CFC01462046FFF7D7FBA06CC6
:1085D0000095806923464122314600F067F8A36C7C
:1085E0006968586902B0BDE8704001F074BB38B5E5
:1085F000856C6B6904461BB9602001F079F96861EC
:10860000A56CAB681BB9402001F072F9A860A56C9D
:10861000AB691BB9202001F06BF9A861A56CEB6870
:108620001BB9402001F064F9E860A56C2B691BB907
:10863000202001F05DF92861A36C586948B1986861
:1086400038B1986928B1D86818B11869003818BFCE
:10865000012038BD836C10B50446586920B101F083
:1086600069F9A36C00225A61A36C986820B101F0EB
:1086700061F9A36C00229A60A36C986920B101F0A3
:1086800059F9A36C00229A61A36CD86820B101F05B
:1086900051F9A36C0022DA60A36C186920B101F0D3
:1086A00049F9A36C00221A6110BD000073B51C4685
:1086B0001C23019394F83D3000930B4B069E93F8D6
:1086C00084310D46F7F776FD60B9284601F032F99E
:1086D00040F6030331462046738002B0BDE8704087
:1086E000FEF754BE02B070BD1440012070B50E46B6
:1086F000154601F0FDF8044630B940F603036B80DF
:1087000029463046FEF742FE204670BD2DE9F0476F
:1087100006460F4615460A46014641209DF8209020
:10872000DDF824801C46FFF7E1FFF8B12A46034636
:1087300005F1200152F8045B43F8045B8A42F9D149
:10874000234600F1200204F1200153F8044B42F8C3
:10875000044B8B42F9D180F840903346089701468C
:1087600041224046BDE8F047FFF7A0BFBDE8F087D3
:108770000D4A0E4B02F11C01C3F8941002F13801AE
:108780009A64C3F8E01002F154017032C3F8782102
:10879000074AC3F88821074AC3F88C210122C3F88D
:1087A0002C1183F890217047A8410120144001202A
:1087B000417E0500B180050038B50546144614F029
:1087C000B5FD281938BD10B5044601F084FA04F14E
:1087D000100010BD70B5012204460E4690F83D0011
:1087E0001146FCF741FC2046FEF79FFB4920FFF7AE
:1087F00013FA0546A8B10C230372A36C2022D96892
:10880000093001F097FAA36CD968202205F12900FC
:10881000114401F08FFA29462046BDE87040FFF769
:10882000B7B940F60303738031462046BDE8704077
:10883000FEF7ACBDF8B51746012204460E4690F887
:108840003D001146FCF710FC2046FEF76EFB192098
:10885000FFF7E2F9054660B10D230372394609308E
:10886000102201F067FA29462046BDE8F840FFF7DC
:108870008FB940F60303738031462046BDE8F840C7
:10888000FEF784BDF8B51746012204460E4690F85F
:108890003D001146FCF7E8FB2046FEF746FB192099
:1088A000FFF7BAF9054660B104230372394609306F
:1088B000102201F03FFA29462046BDE8F840FFF7B4
:1088C00067B940F60303738031462046BDE8F8409F
:1088D000FEF75CBDF8B51746012204460E4690F837
:1088E0003D001146FCF7C0FB2046FEF71EFB192099
:1088F000FFF792F9054660B1032303723946093048
:10890000102201F017FA29462046BDE8F840FFF78B
:108910003FB940F60303738031462046BDE8F84076
:10892000FEF734BD836CDA785969D308C3F10F03BD
:1089300051FA83F302F0070293F82000104100F08F
:10894000010040F080007047F8B50D46FEF7BCFF0F
:10895000826C90F83A30044605F11001506905F137
:10896000300705F12006B3B1503001F0B4F9A36C23
:1089700058692946203001F0AEF9A36C5869394690
:10898000403001F0A8F9A36C586931463030BDE899
:10899000F84001F0A0B9403001F09DF9A36C58698E
:1089A0002946303001F097F9A36C586939465030A8
:1089B00001F091F9A36C586931462030E7E70000D7
:1089C000F8B50C4617460646FEF77EFF90F8423093
:1089D000013380F8423005462680E7703046FEF7C6
:1089E00071FE054B1A6895F84230D27993420CBF5C
:1089F0000D230323A370F8BD5C63002013B504228C
:108A00000DEB0201044690F83D00FFF7D9FF01A9E4
:108A10002046FEF7BBFC02B010BD000038B50122B5
:108A200004460D4690F83D001146FCF71DFB02235D
:108A300084F83F302046FEF778FA402000F058FFD7
:108A400020630F20FFF7E8F80146D8B10123037235
:108A50000D4B1B681A7942722A7982726A79C27246
:108A60009B790373AB794373EB79837383682362D8
:108A70008389A384837B84F826302046BDE8384070
:108A8000FFF786B838BD00BF5C63002090F83B203C
:108A90002AB1002280F83B20C978FEF76CBA7047F3
:108AA00007B5012380F83B304B685B7A8DF80430C2
:108AB00090F83D30ADF80030684632238DF8023032
:108AC000FDF7ECFB03B05DF804FB000037B54B6825
:108AD00090F825509A68C0F827209A89A0F82B2092
:108AE0009A7B80F82D205A7BAA43044604D190F843
:108AF00026209B7B934308D040F6032320464B80DF
:108B000003B0BDE83040FEF741BC094D0DF107024E
:108B1000D5F888310DF10601984738B1D5F88C3178
:108B20009DF807209DF806102046984703B030BDF9
:108B30001440012038B5026B4B68044603F109016B
:108B40002032193351F8040B42F8040B9942F9D141
:108B50000425204684F83F50FEF7E7F91920FFF777
:108B60005BF8014680B10572236B093003F13002D6
:108B7000403352F8045B40F8045B9A42F9D1204636
:108B8000BDE83840FFF704B838BD000070B5066B8B
:108B90000D4604461022686806F1200114F0B8FB67
:108BA000D0B10423EB7094F8423094F83D000133C7
:108BB00084F84230FEF786FD0C4B1A6894F8423078
:108BC000D27993420CBF0D230323AB702946204674
:108BD000BDE87040FEF7DABB06F1300306F1100283
:108BE00031462046BDE87040FEF77ABF5C63002046
:108BF00030B590F82B5090F8243049689D4285B0EC
:108C000028BF1D4604462A46684614F08FFB002103
:108C1000C5F110020DEB050014F0B0FB012384F840
:108C2000443094F8403094F83D0013F0040F6A4645
:108C300014BF02210121FDF7F5FC05B030BD000095
:108C400038B504460D46FEF770F9236B94F83D20C5
:108C50001A8094F8402012F0040F14BF022201225F
:108C6000DA7794F82B2094F824108A4228BF0A4619
:108C700083F82020002394F82D2084F83F3094F8C6
:108C800026301340D80710D50E4A92F8902192B1A1
:108C9000A26C12787AB1990711D40C23AB702946D3
:108CA0002046BDE83840FEF771BB9A0707D45B0742
:108CB000F3D50A2300E0062384F83F3038BD0823AB
:108CC000FAE700BF1440012038B590F8262090F84C
:108CD0002D300D4613404A68016B0446FEF79CFA9E
:108CE00050B1002384F83F300C23AB702946204656
:108CF000BDE83840FEF74ABB38BD38B590F83F2094
:108D000090F82C300D46044690F825105AB91940B9
:108D1000FEF7C2F938B10E23AB7029462046BDE8F4
:108D20003840FEF733BB38BDFFF70FBA0C2380F88D
:108D30003F30FFF74FBD0000836C10B50446102193
:108D40005869F7F74DFBA36C07495869203000F0CC
:108D5000C2FFA36C04495869303000F0BCFF032304
:108D600084F83F3010BD00BFDB25070038B5836CA9
:108D700004460D465869496810220931403000F018
:108D8000D9FF042384F83F30A36C29465A69204652
:108D9000BDE83840FFF776BD38B5836C04460D4614
:108DA0005869496810220931104400F0C3FF294670
:108DB0002046BDE83840FFF712BA38B5836C044648
:108DC00058690D4610224968403014F0A1FA20B1CC
:108DD0002046BDE83840FFF711BE29462046BDE8D1
:108DE0003840FFF711BA000030B5836C044658696B
:108DF000DB7885B00D46D3B91949203000F06BFF00
:108E0000A36C17495869303000F065FF2A7D032AAA
:108E10000DD8A36C5869291D2D30029100F08AFFEE
:108E2000A36C2A7D586902993D3000F083FFA36C42
:108E300010215869F7F7D4FAA36C2046DA689B68CA
:108E400003920293FFF76EFDA16C4969DDE90232DE
:108E5000CDE9000129462046FFF758FC05B030BD9A
:108E6000DB25070030B5836C04460D465869496818
:108E7000102285B00931104400F05CFFA36C20463D
:108E80009A68DB6803920293FFF74CFDA16C496975
:108E90001031CDE90001DDE9023229462046FFF715
:108EA00035FC05B030BD4A68FFF714BDFFF75EBF63
:108EB00037B5856C4968044668691022403014F063
:108EC00027FA28B1204603B0BDE83040FFF796BD31
:108ED000EB780133DBB2132BEB709BBF032384F8D9
:108EE0003F301B231A238DF8063001A994F83D303A
:108EF000ADF804302046FEF749FA03B030BD00005B
:108F000030B590F82930012B87B004460D4605D0C6
:108F1000836C14495869203000F0DDFEA36C94F88E
:108F200022205869012A00F130000AD19B68019083
:108F30000022009229461A462046FFF7E7FB07B0B9
:108F400030BD084900F0C7FE94F83D30ADF80C3054
:108F50001C238DF80E3003A9002320460593FEF74D
:108F600015FAECE7DB25070070B5836C5E6990F8B5
:108F70002230012B04460D460BD14968102206F120
:108F8000400014F0C5F920B12046BDE87040FFF75D
:108F900035BD042384F83F3030461021F7F720FA1E
:108FA000A36C294620465A69BDE87040FFF76ABCA9
:108FB00038B5836C04460D4658694968102209315A
:108FC000104400F0B7FE29462046BDE83840FFF7C0
:108FD000A9B938B5836C0446586910220D4610446F
:108FE000496800F0A7FE0D2384F83F30A36C2946A2
:108FF0005A692046BDE83840FFF71CBCF0B5876CC5
:1090000004467B694868102285B09918093014F02D
:109010007FF9064610BB94F82B5094F82430B969B8
:109020009D4228BF1D462A461031684614F07EF93D
:10903000C5F1100231460DEB050014F09FF9012334
:1090400084F84430204694F83D50FEF7F1FD6A461E
:1090500001462846FDF7E6FA05B0F0BD0B238DF872
:10906000033094F8423094F83D00ADF8000001332D
:1090700084F84230FEF726FB074B1A6894F842301A
:10908000D279694693420CBF0D231D2320468DF8EB
:109090000230FEF77BF9DFE75C630020024B034AF6
:1090A000C3F88021FFF764BB14400120081E0700AD
:1090B000054B064AC3F88021054AC3F88821054AB2
:1090C000C3F88C21704700BF144001206C200700BA
:1090D0001D7405002175050038B50D460446FDF7E1
:1090E00024FF0A20FEF798FD014640B10B230372CE
:1090F0002B7943722046BDE83840FEF749BD38BDA4
:10910000036B37B504460D4673B9402000F0F0FB01
:10911000206348B940F60303294620466B8003B01C
:10912000BDE83040FEF732B90122114694F83D0007
:10913000FBF79AFF6B689A6822629A89A2849A7BED
:1091400084F826209A7A8DF80520DA7A8DF80420A2
:109150005A7B9B7B8DF8073094F83D30ADF800309A
:10916000684631238DF806208DF80230FDF796F819
:1091700003B030BD73B5022380F82730234B244E53
:109180001B681A7980F828200A7980F829204A7902
:1091900080F82A209B7980F82B308B7980F82C304E
:1091A000CB7980F82D300D46D6F888310DF10702C5
:1091B0000DF106010446984730B36A7994F82330DC
:1091C000134013F0080F14BF0C23032384F83F301F
:1091D0002046FDF7AAFE0F20FEF71EFD014658B1FE
:1091E000D4F827308360B4F82B30838194F82D3085
:1091F00083732046FEF7CCFCD6F88C319DF807200F
:109200009DF806102046984702B070BD5C630020B0
:109210001440012010B54B68026B03F109012032A4
:10922000193351F8044B42F8044B9942F9D1002309
:1092300080F83F3010BD10B5FFF7ECFF0446006B1F
:1092400010213030F7F7CCF8216B204601F13002C5
:10925000BDE81040FEF740BB70B5066B0D460446F6
:109260001022686806F1200114F052F8D0B194F889
:10927000423094F83D00013384F84230FEF722FA80
:109280000423EB700C4B1A6894F84230D279934265
:109290000CBF0D230323AB7029462046BDE8704068
:1092A000FEF774B806F1100306F13002314620468D
:1092B000BDE87040FEF714BC5C63002038B590F840
:1092C0002B5090F8243049689D420446006B28BF1B
:1092D0001D462A46203014F029F8206B203000214A
:1092E000C5F11002284414F049F8012384F84430F1
:1092F0002046FDF71AFE1920FEF78EFC014688B1C4
:1093000004230372236B093003F13002403352F817
:10931000045B40F8045B9A42F9D12046BDE838402E
:10932000FEF736BC38BD000070B590F83F6090F88D
:109330002D300D46044690F82610C6B91940FDF7A9
:10934000ABFEA0B194F8253094F82C2084F83F604F
:109350001340D8070ED50E4A92F8902142B1A26C64
:1093600012782AB199070BD5082384F83F3070BDD5
:109370000623FAE79A07F7D45B0701D50A23F4E737
:109380000E23AB7029462046BDE87040FDF7FEBFB6
:109390001440012013B50023044680F83F300191AA
:1093A000FDF7C3FD236B94F83D201A8094F840200C
:1093B000019912F0040F14BF02220122DA7794F807
:1093C000240094F82B20824228BF0246204683F8CE
:1093D000202002B0BDE81040FFF7A6BF38B590F8D6
:1093E000252090F82C300D4613404A68016B044646
:1093F000FDF712FF38B10E23AB7029462046BDE8B9
:109400003840FDF7C3BF38BD37B5836C5A78032A9F
:1094100004460D461ED158690F49203000F05BFC10
:10942000A36C0D495869303000F055FC2A7D032AA1
:1094300010D8A36C5869291D2D30019100F07AFCD9
:10944000A36C2A7D586901993D3003B0BDE83040D6
:1094500000F070BC03B030BDDB25070038B5044612
:109460000D46FEF772FE29462046BDE83840FFF75C
:10947000B1B9000038B5836C044658690D46102117
:109480000844F6F7ADFFA36C09495869203000F095
:1094900022FCA36C06495869303000F01CFC042300
:1094A00084F83F3029462046BDE83840FEF797BE95
:1094B000DB2507004A68FFF70DBA38B5836C0D4607
:1094C0004968044609315869102200F033FC2946E6
:1094D0002046BDE83840FEF797BE38B50D2380F82A
:1094E0003F30836C5A6904460D461032FFF7CAF9C3
:1094F00029462046BDE83840FEF7B4BE836C496873
:10950000586910220931503000F014BC30B5836C1A
:10951000044658690D46102185B00844F6F760FFEF
:10952000042384F83F30A36C2046DA689B680392DA
:109530000293FFF7F7F9A16C49691031CDE90001F9
:10954000DDE9023229462046FFF7E0F805B030BDDC
:1095500038B504460D46FFF7D1FF29462046BDE841
:109560003840FFF7D3BF38B504460D46FFF74CFF30
:1095700029462046BDE83840FFF7C8BFFFF79ABF2D
:1095800030B5836C0D464968044685B05869093189
:10959000102200F0CFFBA36C20469A68DB68039290
:1095A0000293FFF7BFF9A16C4969DDE90232CDE909
:1095B000000129462046FFF7A9F805B030BDF7B5F0
:1095C000866C776904460D461022496807F1500001
:1095D00013F09EFE28B1204603B0BDE8F040FFF72F
:1095E0000DBAF3780133DBB2132BF3700CD91B23C4
:1095F0008DF8063094F83D30ADF8043001A92046CE
:10960000FDF7C4FE03B0F0BD032384F83F3007F13B
:1096100010021A23294620468DF80630FFF732F94A
:10962000E8E7042380F83F307047000030B5836CD2
:109630000D464968044687B058691022093100F088
:1096400079FB94F82230012B05D0A36C144958699A
:10965000303000F040FBA36C94F829205869012AAF
:1096600000F120000AD19B68019000220092294657
:109670001A462046FFF74AF807B030BD084900F007
:109680002AFB94F83D30ADF80C301C238DF80E30D9
:1096900003A9002320460593FDF778FEECE700BF01
:1096A000DB25070070B5836C5E6990F82930012BCB
:1096B00004460D460BD14968102206F1500013F004
:1096C00027FE20B12046BDE87040FFF797B90D2373
:1096D0001021701884F83F30F6F782FEA36C5A69A7
:1096E000294620461032BDE87040FFF7CBB80F2363
:1096F000496880F83F30836C586910220931503036
:1097000000F018BB0D22836C80F83F205A78032AA2
:1097100003D15A691032FFF7B5B8704738B590F8E1
:109720003F300D2B04460D4607D1836C49685869BC
:1097300010220931503000F0FDFA29462046BDE8DC
:109740003840FEF7EFBD0000836C73B504465869DE
:109750000D461030496800F0BEFAA66C71691022FF
:1097600001F1500013F0D4FD0146D0B994F82B302C
:1097700094F82420B069934228BF13461030C3F1F7
:109780001002184413F0FAFD012384F84430A36C4E
:109790005A6929461032204602B0BDE87040FFF7F2
:1097A00049B80B238DF8073094F8423094F83D0007
:1097B000ADF80400013384F84230FDF783FF084B15
:1097C0001A6894F84230D27901A993420CBF0D2354
:1097D0001D2320468DF80630FDF7D8FD02B070BD80
:1097E0005C630020024B034AC3F87C21FEF7C0BF34
:1097F0001440012030220700054B064AC3F87C21A3
:10980000054AC3F88821054AC3F88C21704700BF78
:1098100014400120D02407001D74050021750500A7
:109820002DE9F84F06460F4600F0A6F8DFF8BC8099
:109830002C4BC8F8000006EB460400EB84041E70B5
:10984000043700F10C0AD8F8005000F09BF820F023
:1098500007000544AC4202D90020BDE8F88FD6B31A
:1098600037F8043C072B25D95A0703D023F0070308
:1098700008339BB22AF80C3C17F8029C0AF80A9CA1
:109880004AE90244DB08DD00B9F1010FD8F800B065
:1098900012D800F077F820F0070083445C4507F108
:1098A00004070AF10C0AD7D8013E00232360F6B260
:1098B0002C44C8E70823DDE700F064F820F0070037
:1098C00058448442C8D8631909F1FF3223605FFA13
:1098D00082F91C46D8E7D8F80000034B201A18601C
:1098E000BBE700BF3C420120384201203442012046
:1098F000F8B50E4B1E680E4B1C7807460CB9254672
:109900000CE03388BB420DD304F08AF8B5683DB152
:109910002B68B36000236B6004F084F82846F8BD20
:1099200004F080F8013CE4B20C36E7E73442012051
:109930003C42012038B50D4A0D4B14781B680C22AF
:10994000054602FB04340C3CA34200D938BD6268D2
:10995000AA42F8D804F064F8064B6B60A3682B6049
:10996000A560BDE8384004F05DB800BF3C4201206E
:10997000344201200DD0ABFA014B1868704700BF8C
:1099800080420120014B1868704700BF7C420120D3
:10999000083008B580B2FFF7ABFF00B1083008BD52
:1099A000084480B2FFF7F4BF0838FFF7C3BF02F8DE
:1099B000041CA2F1080100F01FB813B50446019180
:1099C00004F068F82146019AFFF7F1FF01212046D3
:1099D00002B0BDE8104004F04BB810B50C4600F0E2
:1099E0001DF810B103792370083010BD006810B164
:1099F00003790B700830704738B5002304460B60BC
:109A00000D4604F00DF823682BB925606560BDE8AC
:109A1000384004F007B863681D60F7E738B50446BE
:109A200003F0FEFF25681DB12B68236003B9636056
:109A300003F0F8FF284638BD38B504460D4603F05C
:109A4000EFFF23682B6003B965602560BDE83840EF
:109A500003F0E8BF70B506460D46144603F0E0FF7C
:109A6000336813B17368A34207D129463046FFF724
:109A7000C3FFBDE8704003F0D5BF24B92946304686
:109A8000FFF7DAFFF5E723682B602560F1E770B593
:109A900004460D46164603F0C3FF2368AB4209D1C6
:109AA0002B6823606368AB4208BF6660BDE8704006
:109AB00003F0B8BF002EF5D02B683360F2E713B582
:109AC000044603F0ADFF2368002290B201322BB9A7
:109AD000019003F0A7FF019802B010BD1B68F4E7E6
:109AE00010B5044603F09CFF2468B4FA84F46409BA
:109AF00003F098FF204610BDD0E90020131A584209
:109B000058417047084B10B51C68002204B910BDBD
:109B1000844202D022462468F8E703482146FFF732
:109B2000B6FF00236373F2E74842012038B50446CC
:109B30000D4603F07DFF637B13B12046FFF7E2FF84
:109B400001236373094BA5601B68002213B1996858
:109B5000A94207D921460548FFF77CFFBDE83840F8
:109B600003F068BF1A461B68F0E700BF48420120B7
:109B700010B5044603F05CFF064A13682BB9237046
:109B80001C4603F057FF204610BD012323701368C5
:109B90009C68F6E748420120044A0023C2E90033EA
:109BA000034A1360034A1360704700BF4842012014
:109BB00040420120444201204FF47A73594301315D
:109BC000FFF7B4BF0131FFF7B1BF07B5019003F054
:109BD0002FFF0198FFF796FF03B05DF804EB03F049
:109BE00029BF000070B5054603F022FF0A4B1C6830
:109BF00000261CB9BDE8704003F01CBFA368AB424F
:109C000003D95B1BA3602468F3E7207BA6600221D5
:109C100003F02EFFF7E700BF4842012038B503F0FC
:109C200007FF0948046854B1A56845B92A4621468A
:109C3000FFF72DFF657303F0FDFE204638BD03F0EE
:109C4000F9FE0024F9E700BF484201200B680360D9
:109C50008B888380704708B5062213F059FBB0FA51
:109C600080F0400908BD0023036083800630704700
:109C700007B50023062269460093ADF8043013F0BF
:109C800047FBB0FA80F0400903B05DF804FB0346DF
:109C9000006859687047110A02704170110C120E69
:109CA000C2701A0A037142711A0C1B0E8170827104
:109CB000C371704703794179006843EA0121704715
:109CC000110A027041700371110C1B0A120E81708F
:109CD000C2704371704701F1100351F8042B40F832
:109CE000042B9942F9D170470B6803604B684360BD
:109CF000704710B500F1100210F8013B11F8014B4C
:109D0000824283EA040300F8013CF5D110BD000053
:109D100010B5074C11448A4201D1C04310BD12F85E
:109D2000013B4340DBB254F8233083EA1020F2E7D2
:109D3000EC25070070B50024551E23B2934204F1B0
:109D4000010400DB70BDCE5CEB1AC654F5E710B51C
:109D5000431800EB5101884200D110BD13F8012DCA
:109D600004781C7000F8012BF5E703680BB1084676
:109D700018477047006803689B69184700680368C4
:109D80009B6A184700680368DB6A184713B50446E6
:109D90000BF098FD237E23B102B0BDE810400BF01C
:109DA000A7BD012323760BF0A3FD6368201D1BB123
:109DB0002369019401A9984702B010BD10B504466B
:109DC000002244F8041B4260C4E9012202494261B6
:109DD0000161027610BD00BF6B9D050037B5174CC1
:109DE000174D2368BFF35B8F13F0010F09D1204695
:109DF0000CF0BAF828B100F0B1FD286020460CF054
:109E0000D5F82B682BB90F490F4800931A460BF071
:109E1000D3FE0E4C2368BFF35B8FDB070AD42046CA
:109E20000CF0A2F830B129680948FFF7C7FF2046B7
:109E30000CF0BCF8064803B030BD00BF544201200E
:109E400074420120EC290700430118805042012090
:109E500058420120006804F093BC006803F0C1BFC1
:109E6000006805F061BA0146006801F04FBB006868
:109E700006F0BCBB006805F039BE006806F0C4BA45
:109E800000207047704702207047F4F713BD0000B0
:109E9000064BD3F8C0309A0605D5054B1B689B06C8
:109EA00001D5F4F735BBF4F78DBB00BF3036012088
:109EB000F0620020024A02600022C0E904217047DB
:109EC0008C2A070010B50446406903689B689847D0
:109ED000236820461B6ABDE810401847036810B588
:109EE00004465B6A984760690368BDE81040DB6818
:109EF0001847000007B50191FFF770FFFFF73AFF21
:109F00000199FFF7AAFF20B1034904486D220BF025
:109F10002FFC03B05DF804FB0F2A07005B2A070043
:109F200030B50B780E2B85B005460C461DD10A794D
:109F3000CB7803EB022399B242F20F03994204F16A
:109F400006025CD8B1F5005F11D840F66343994230
:109F500000F0A88032D840F60143994200F0968084
:109F600040F60343994200F0888005B030BDA1F56A
:109F70000053013B0E2BF8D801A252F823F000BF8A
:109F800099A00500BFA00500F3A005006B9F050088
:109F9000B5A005006B9F05006B9F05006B9F05003A
:109FA0006B9F05006B9F05006B9F05006B9F050075
:109FB0006B9F05006B9F0500E1A0050041F20103C6
:109FC00099424BD041F209039942CED16E481146D5
:109FD0006C46FFF73BFE00230093A3802B682146CD
:109FE0005B6928469847002861D094E803000290F6
:109FF000ADF80C10284602A9FFF77CFFB5E742F246
:10A000002403994200F0A18012D842F21803994229
:10A0100000F0AD8042F21C039942A6D1D4F80600AC
:10A0200051685A4B03C305B0BDE83040F4F7FABAA3
:10A0300042F22F03994279D008D842F22A0399427A
:10A0400093D1534BA27983F8C9206AE042F23B03D3
:10A0500099420DD842F23903994286D94C4BD3F834
:10A06000D830002B81D0104605B0BDE830401847ED
:10A0700042F24A039942F1D077E7464B4648002224
:10A080001A7005B0BDE83040F4F726BC434805B06F
:10A09000BDE83040F4F74CBB414805B0BDE8304066
:10A0A000F4F72DBC05B0BDE83040F4F7DABBF4F7A7
:10A0B00095FA5AE705B0BDE83040F4F78FBAE17978
:10A0C000A279334B02EB0122A3F8B620227A83F85F
:10A0D000BB2083F8BA2005B0BDE83040F4F796BA4B
:10A0E000A2792B4B83F8BC2005B0BDE83040F4F7D3
:10A0F00081BAE279A37903EB0223254A0021C2F851
:10A10000C4105906C2F8C03008D5264B1B685B0640
:10A1100004D505B0BDE83040F4F769BC002382F8EF
:10A12000C93005B0BDE83040FFF7B2BE627A237A8D
:10A13000A07903EB0223E27900EB022099B280B20E
:10A1400005B0BDE83040F4F7ACB9114BD3F8D820D6
:10A1500022B105B0BDE83040F4F78FBBA3F8CA20A8
:10A16000A3F8CC2005B0BDE83040F4F72BBA094A7B
:10A170001378022B02D801331370F3E705B0BDE862
:10A18000304003F031BC00BFD0360120C83601207A
:10A190003036012078420120DB170700EB1707005B
:10A1A000E3170700F0620020406910B404682469D6
:10A1B000A4465DF8044B6047036913B504462BB908
:10A1C000084909484FF49B720BF0D2FA04301B681F
:10A1D000019098470198D4F78BF80023236102B0CF
:10A1E00010BD00BF0F2A0700712A0700F8B5084FFD
:10A1F00005460C4604B9F8BDFF2C264628BFFF26AD
:10A2000028463B68F1B2A41B9847A4B23544F1E755
:10A21000D063002008B520B90349044830220BF070
:10A22000A7FA034B186008BDB42A07007B2A070071
:10A23000D063002070477047704770477047704781
:10A240007047704770477047704770477047007994
:10A25000831E584258417047004870471C2D070024
:10A26000FEE703680BB108461847704708B5FFF7CB
:10A27000B5FDBDE80840FFF789BD38B50446406824
:10A2800008B9204638BD056914210CF081F828462C
:10A29000F6E70000094B10B503F18002036090332C
:10A2A000044642608360C06A10B103685B689847E7
:10A2B00004F10C00FFF7E1FF204610BD98340700C1
:10A2C00010B50446FFF7D9FF20460C210CF060F8CA
:10A2D000204610BD38B50446406808B9204638BD50
:10A2E000056914210CF054F82846F6E710B5044629
:10A2F000FFF7F0FF20460C210CF04AF8204610BD75
:10A3000038B50446406808B9204638BD05691421AF
:10A310000CF03EF82846F6E710B50446FFF7F0FFCC
:10A3200020460C210CF034F8204610BD38B5044608
:10A33000406808B9204638BD056914210CF028F89A
:10A340002846F6E710B50446FFF7F0FF20460C213B
:10A350000CF01EF8204610BD38B50446406808B918
:10A36000204638BD056914210CF012F82846F6E79E
:10A370000B4B10B503601433044643603030FFF7D5
:10A38000EBFF04F12400FFF7D1FF04F11800FFF701
:10A39000B7FF04F10C00FFF79DFF204610BD00BF82
:10A3A000DC33070010B50446FFF7D6FF20460C212A
:10A3B0000BF0EEFF204610BD38B50A4C00F0A8FFA8
:10A3C0002368BFF35B8FDB07054608D420460BF0FC
:10A3D000CBFD20B1044B20461D600BF0E7FD024889
:10A3E00038BD00BF8C4201200C440120FFF7E4BFC0
:10A3F000034600789B78272B02D0282B03D0704788
:10A400000021F7F7DBB9F7F719BA00220260828062
:10A410007047CB68C3600BB15B681847704738B5AD
:10A420000446A06800B938BD0569D3F761FFA0688C
:10A43000FFF780FAA560F4E710B5074B044640F833
:10A44000183B08F015FD2046044B40F8083FFFF785
:10A45000E6FF204610BD00BFD42C0700C42C070027
:10A4600010B50446FFF7E8FF204638210BF090FFB7
:10A47000204610BD30B5054687B040680191E8B16F
:10A480001420FFF735FA0199044620B90F49104806
:10A490004E220BF06DF902A8FFF7BBFF02A9204680
:10A4A000FFF7B7FF0023236102A8D3F721FFAB68B2
:10A4B00033B9AC60284601F045FD012007B030BD3E
:10A4C0001A461B69002BFBD11461F3E7092B070027
:10A4D000552B070010B5064B044640F8183BD3F740
:10A4E00007FF04F10800D3F703FF204610BD00BFAB
:10A4F0005435070010B5034B03600446D4F77EF9CA
:10A50000204610BD1838070037B50D4604460192A5
:10A5100006F0A0FB019B2A46214603B0BDE830406F
:10A52000FFF742BE10B506F095FB0368BDE810408A
:10A53000DB68184707B5019006F08CFB03680199AA
:10A540001B6903B05DF804EB184708B5D2F728FE85
:10A5500008BD000010B50D4C2368BFF35B8FDB070F
:10A5600011D420460BF000FD68B101F085FA0146D8
:10A57000074806F011FA074A074905480BF0E1FCC5
:10A5800020460BF013FD024810BD00BF9842012089
:10A590008844012000600020D5A4050038B50E4C89
:10A5A0002368BFF35B8FDB07054612D420460BF010
:10A5B000DBFC70B12846FFF7CDFF0146074804F0E9
:10A5C000D3FD074A074905480BF0BBFC20460BF0BA
:10A5D000EDFC024838BD00BF9C420120B44401207C
:10A5E0000060002071A3050038B50A4CFFF7D6FFC4
:10A5F0002368BFF35B8FDB07054608D420460BF0CA
:10A60000B3FC20B1044B20461D600BF0CFFC024888
:10A6100038BD00BF884201200844012038B50F4CE6
:10A620002368BFF35B8FDB07054615D420460BF08C
:10A630009BFC88B102F032FD4FF46173014605F1D5
:10A640000802074804F0F4FE064A074904480BF0E4
:10A6500078FC20460BF0AAFC014838BDA842012036
:10A660000846012000600020B9F4050030B5124D05
:10A670002B68BFF35B8FDB0785B0044619D42846EF
:10A680000BF072FCA8B101F087FF03902046FFF7A2
:10A69000C5FF0A4B039A009004F10801084803F033
:10A6A000A5FE084A084906480BF04BFC28460BF06B
:10A6B0007DFC034805B030BD84420120D4630020F6
:10A6C000C84201200060002031E7050038B50A4C7F
:10A6D000FFF7CCFF2368BFF35B8FDB07054608D489
:10A6E00020460BF041FC20B1044B20461D600BF0CE
:10A6F0005DFC024838BD00BFAC4201208846012005
:10A7000038B50379022B044619D1FFF755FEFFF740
:10A71000AAFB2046FFF768FFFFF7A2FB2046FFF7E2
:10A72000D5FFFFF797FB04F10800FFF778FE054B14
:10A73000002518682571FFF7D1FB284638BD092090
:10A74000FCE700BFB0420120FFF7C0BF70B54E4B21
:10A75000196888B029B94D494D4840F2F9120BF0FB
:10A7600007F80B684B4E9B684B4D04A89847049B19
:10A77000059C06999DF81C0033602C60FFF750F88B
:10A7800083B223B94149454840F20D22E7E73368D7
:10A7900082B213FA80F02B6830609B1A94422B60CF
:10A7A00006D900233E493F480093A21A0BF0FCF95A
:10A7B000FFF7F2F9F5F7F6FDF5F706FEF5F75CFCA5
:10A7C000F5F73CFDF5F78CFD374803F067F9FCF72A
:10A7D00091F9364803F062F90390F9F77FFFFBF730
:10A7E00019FDFAF7B7FAFAF767FDFAF76DFEFBF70E
:10A7F00001FEFBF75DF8FBF70DFFFBF7A3F90398EC
:10A80000FAF79AFF2A4803F049F9FCF77DFBFCF7B9
:10A81000F7F9FCF71DFBFCF74FFA264803F03EF969
:10A82000F5F7F2FEF7F746FBF7F7C4F92248F7F71A
:10A830006FFBF8F739FCF6F7EDF9F6F7ABFE1F48BA
:10A8400003F02CF9FDF73EFAFEF7D6FFFEF7CAFF3C
:10A85000FEF72EFCFEF722FC194803F01FF9194BF6
:10A8600018704620F3F750FC1748FAF733FF1649E3
:10A870000320FAF793FA1548F5F71EFF144808B0BD
:10A88000BDE87040F5F7FEBEB04201206A2B07001C
:10A89000BA2B0700804201207C420120D002070031
:10A8A000D12B070005011880096B050051570500E1
:10A8B000196F05004D06050059B70500117D05000B
:10A8C0008DA905008C46012045AD0500F1A30500CA
:10A8D00079BB050038B50C4A0C4B036000230446D5
:10A8E000C0E902230371036118300D4608F04FFBE5
:10A8F00000220023C4E90C23054B20461D60FFF70E
:10A9000025FF204638BD00BFC42C0700D42C07000B
:10A91000B042012010B50D4C2368BFF35B8FDB07FD
:10A9200011D420460BF020FB68B106F093F90146E4
:10A930000748FFF7CFFF074A074905480BF001FB1F
:10A9400020460BF033FB024810BD00BF94420120AB
:10A95000504401200060002039A40500FFF7DABF51
:10A9600007B50191FFF7D6FFFFF718FE03680199BD
:10A970001B689847FFF7CEFF00F0CAFC03680199F7
:10A980001B6803B05DF804EB1847000013B50C46D4
:10A99000A9B302F0A1FD204602F0BEFD78BB02F093
:10A9A0007DFB204602F07EFB48BBA378202B07D01E
:10A9B0007A2B26D0204602B0BDE8104002F0EEB857
:10A9C000CDE90000FFF70AFA0090F4F7DFFBC304BB
:10A9D00007D5F9F715FDFBF73FFBFAF71FFCFAF770
:10A9E00031FDFFF797FF00F093FC00F051FBFFF7FC
:10A9F00091FF022303710F486946C368984702B06C
:10AA000010BDE378002BFAD1228842F21F039A424C
:10AA1000F5D1A3796279217902EB0322064BB1FAD1
:10AA200081F1186892B2490902B0BDE81040FFF701
:10AA3000C3BB00BFB4420120B042012008B5044BA3
:10AA40001868FFF73FFABDE80840FAF7D3BD00BF2A
:10AA5000B042012073B50479012C05460E461BD087
:10AA6000022C1BD0E4B91830019008F062FA01986A
:10AA700008F008FA0B4BED609E421EBF96E80700F7
:10AA800083E80700F268284618BFC3E90324FFF7EC
:10AA9000D5FF204602B070BD0924FAE70024F8E78C
:10AAA0000B24F6E7B442012070B5044688B025694E
:10AAB000002D65D104F118052946684608F015FAFD
:10AAC000D4E90C31009A9B18019A42EB0102C4E9C7
:10AAD0000C32284608F02DFAD4E90C014FF47A72B2
:10AAE000002311F05DFE0E46054670B1FFF77AF8BF
:10AAF0004FF47A72A5FB025302FB0631D4E90C3203
:10AB00005B1B62EB0102C4E90C322B4C02F0DCFF50
:10AB10002368BFF35B8FDB070ED420460BF024FACB
:10AB200050B1264808F094F9254A264923480BF0ED
:10AB300008FA20460BF03AFA03A80AF06BF902F083
:10AB4000B9FFC0B10DF10F00FFF712F89DF80F30FB
:10AB500053B31D4B07931D4B04930023CDE90533DD
:10AB60004FF47A73A0FB032304A9144808F017F9E3
:10AB700004A8D3F7BDFB03A80AF054F908B070BDD0
:10AB80002B692361EB682BB9114912484FF4FD7210
:10AB90000AF0EEFD1B68284698472846D3F7A8FB25
:10ABA0002846FEF7C7FE82E70AF046F90A4B186806
:10ABB00003689B699847DEE790420120104401201A
:10ABC00000600020F5A40500780207004BA50500F1
:10ABD000342C0700632C0700B0420120FFF764BF4C
:10ABE00010B510220446002112F0C8FB204610BD0B
:10ABF000F8B5044636480568BFF35B8F15F00105CC
:10AC000064D10BF0B1F9002860D002F065FC074672
:10AC10002046FFF72BFD06462046FFF7FFFC2D4C94
:10AC20002D4B236003F180029033A3602B4B6260B5
:10AC3000C4E903352A4B2063C4E90737294BA561D2
:10AC40000436C4E90A35666204F13400FFF7DDFB1F
:10AC500004F13A00FFF7D9FB04F14000FFF7C0FF11
:10AC600004F15000FFF7BCFF04F16000FFF7B8FFEC
:10AC700004F17000FFF7C9FB04F17600FFF7B0FFA5
:10AC80004FF47063A4F886304FF48073A4F88830D2
:10AC900084F88A5004F18C067019143504F031FDE3
:10ACA000642DF9D1206A104D0368A5619B6FA5F151
:10ACB0001C01984701230D4A0D4984F86030A5F125
:10ACC0001C000BF03EF902480BF070F90148F8BD8A
:10ACD000A44201201845012098340700B42C070035
:10ACE000782C0700D8630020344501200060002044
:10ACF00095A2050038B50A4C2368BFF35B8FDB07CC
:10AD000005460BD420460BF02FF938B12846FFF743
:10AD10006FFF044B186020460BF048F9014838BD1E
:10AD2000A042012014450120044B0022C3E9002267
:10AD30009A601A61024ADA60704700BFB44201208B
:10AD400063A2050070B54388412B04460DD101F084
:10AD500023FC01F019F980B10368E2885D6821885D
:10AD60006389AC46BDE870406047FFF7D3FD2146DC
:10AD70000020BDE87040FFF709BE70BD81677047D5
:10AD800003680BB1084618477047814210B5034667
:10AD90000C4606D007C983E80700E268DA600022A3
:10ADA0001A6110BD38B504460D46002100F8011B9C
:10ADB000102212F0E3FA6582204638BDB1F8E9218D
:10ADC0000280B1F8EB214280B1F8ED218280B1F828
:10ADD000EF21C28070470B88A0F8E9314B88A0F8BA
:10ADE000EB318B88A0F8ED31CB88A0F8EF317047BC
:10ADF000B0F858220346F3B40021C0F85011501C9B
:10AE0000A3F860014748C3F858014748C3F85C01FC
:10AE100003F5B270C3F854014448C3F864014448D0
:10AE2000444DC3F8680103F5B870C3F86C01571DB1
:10AE3000D01CA3F8D501A3F8DD7128883E4FA3F8F4
:10AE4000D70103F5EA70B7F800C0C3F87801C3F87A
:10AE5000845103F5C07003F5ED75C3E96215C3F8BD
:10AE60007C01A3F8DFC13548354D364C364EC3F86A
:10AE7000905103F5EE7C0225C3F898C103F5D07C10
:10AE8000C3E967C0C3F87061C3F87441C3F88001B7
:10AE9000A3F8DA11C3F89441A3F8E21183F8DC5166
:10AEA00003F5D871C3F8A471C3F8B061274EC3F895
:10AEB000AC1103F5F171C3F8A8113188A3F8E711BB
:10AEC00003F5F271C3F8B81103F5E071C3E96F102F
:10AED0001F49C3F8B4410868496883F8E4516C46D7
:10AEE00003C46C4603CC03F2E917C3F8ED1103F574
:10AEF000E871C3E9727107321649C3F8E90192B2E9
:10AF000003F5A870A3F85822A3F8E521C3F8C4619B
:10AF1000C3F8D01183F8D451A3F8622102B0F0BC79
:10AF2000F6F7FCBF5DB4050051B3050078190700C2
:10AF3000701907006E190700681907000500000165
:10AF4000F80008016A1907000200000176190700DD
:10AF5000142E070008000001B0F85812394A4B1CA3
:10AF600070B5A0F80432384BC0F8FC31374BC0F84C
:10AF7000003200F50273C0F8F831354BC0F80832E2
:10AF8000344BC0F80C3200F50573C0F81032324B68
:10AF9000C0F81432CB1C044600259BB2C0F8F45113
:10AFA000A0F85832A0F849321088A4F84B022B4878
:10AFB000C4F8180204F51270C4F81C0204F50970F4
:10AFC000C4F820022648C4F83452C4E9890204F5C2
:10AFD0000D72C4E98B52234AC4F8382294F84421F4
:10AFE00002F17A0004EB4000C4F83C0204F5117051
:10AFF000C4F840021C48C4F84402202084F84802E7
:10B00000062000FB02400226A0F87C30A0F87E60FB
:10B0100080F8805004EB420031440132A0F81C114A
:10B0200084F8442104F5FA70A4F80632F6F776FFA6
:10B0300094F844010D4A04F17C01BDE87040F6F734
:10B04000ADBB00BF7A1907005DB4050051B3050020
:10B050007819070074190700020000016A19070037
:10B06000050000016C19070002002011E5B605007B
:10B0700090F85A3210B504464BB9012380F85A3281
:10B08000FFF7B6FE2046BDE81040FFF765BF10BDD4
:10B0900010B504460348F6F73BFF2046BDE81040D4
:10B0A000FFF7E6BF59B70500D0F8480100B970476F
:10B0B000838D8B42FBD0806AF8E730B500230625EC
:10B0C000137090F844419C4201D8002030BD05FB2C
:10B0D0000304B4F87C408C4202D00133DBB2EFE7CA
:10B0E0000120F3E737B515460DF107020446FFF7D7
:10B0F000E4FF30B19DF8073004EB4304B4F81C3191
:10B100002B8003B030BD38B5044640680D4610B101
:10B1100003689B689847E069206200B938BDC3683E
:10B1200029469847236A002BF5D01869F4E738B50B
:10B13000044640680D4610B10368DB689847A06A72
:10B14000E06200B938BDC36829469847E36A002B1E
:10B15000F5D01869F4E738B50446406808B960606E
:10B1600038BD056914210BF013F92846F6E70000F5
:10B1700010B5034B03600446FFF7EDFF204610BDFA
:10B180000C2E070010B50446FFF7F2FF20460C21F5
:10B190000BF0FEF8204610BD38B50446406808B9EB
:10B1A000606038BD056914210BF0F2F82846F6E717
:10B1B00010B5034B03600446FFF7EEFF204610BDB9
:10B1C000DC2D070010B50446FFF7F2FF20460C21E6
:10B1D0000BF0DEF8204610BD38B50446406808B9CB
:10B1E000606038BD056914210BF0D2F82846F6E7F7
:10B1F00038B50446406808B9606038BD0569142157
:10B200000BF0C6F82846F6E710B50A4B044640F89E
:10B21000303BFFF7ADFF04F12400FFF75BF804F1CA
:10B220001800FFF76DF804F10C00FFF7C1FF20468E
:10B2300010BD00BF242E07000022C0E901220261D8
:10B24000014A0160C260704781AD05002B4B70B5AB
:10B2500003602B4B0025C0E903352A4B4560C0E94C
:10B260000635294B0581C0E90935284B0446C0E95C
:10B270000C3529463C30FFF7DFFF294604F150002A
:10B28000FFF7DAFF294604F16400FFF7D5FFA56751
:10B2900004F1820304F1FA0223F8065C23F8045C4B
:10B2A00003F8025C06339A424FF00006F4D12822DC
:10B2B000002104F1F40012F061F82822002104F5C5
:10B2C0008E7012F05BF884F84451C4F8485184F849
:10B2D0004C61A422002104F5A87012F04FF85C2202
:10B2E000002104F5FA7012F049F8C4E99455A4F865
:10B2F000585284F85A62204670BD00BF242E0700C1
:10B30000DC2D0700EC2D0700FC2D07000C2E07009C
:10B3100010B50B4C2368BFF35B8FDB070ED42046C0
:10B320000AF022FE50B10748FFF790FF064A07498E
:10B3300004480AF006FE20460AF038FE014810BD17
:10B3400090460120A84601200060002009B20500B7
:10B350002DE9F04F87B00F461D46DDE9119ABDF883
:10B36000408006461446FFF7D3FF3946FFF79CFEA0
:10B370000346A8B15A69143092B1002203921B6AA5
:10B3800005920196ADF80870ADF80A50ADF80C8042
:10B39000CDF8109001A998479DF8140000283BD1E2
:10B3A000BAF80C3008EB050B9B4505DD29492A4806
:10B3B00040F2CB420AF0DCF9162C2CD002F038FB1C
:10B3C000DAF8040042464946284411F0AFFF9AF8E3
:10B3D0000E301A0744BFDAF80830A3F800B002F0C4
:10B3E00029FB522C30D01AD8182C2FD030D8A4F1E9
:10B3F00012035A425A410196ADF808708DF80A209E
:10B40000ADF80C50ADF80E80CDF81090FFF780FF2E
:10B4100001A9FFF778FE002007B0BDE8F08FD22C1D
:10B4200016D1FFF775FF836F63B1FFF771FF846F6C
:10B4300023683046D3F800A0F7F75EFE3146024697
:10B440002046D0470322D6E70222D4E70622D2E7DD
:10B450000022D0E72B2D0700762D07002DE9F041C3
:10B4600086B00E46DDF8308007461D46FFF750FFD8
:10B470003146FFF719FE002846D0046834B3B8F807
:10B480000C3001970024CDE903440594ADF80C304D
:10B49000ADF80860C368ADF80A5001A998479DF857
:10B4A00014405CBB0499D8F8040079B1BDF80C20B5
:10B4B000B8F80C30934225D311F038FFBDF80C30AA
:10B4C000D8F80820AB4238BF07241380D8F80830DA
:10B4D000ADF80860ADF80A501B88ADF80C30002CB0
:10B4E000D8F8043004930CBF0023032301978DF890
:10B4F0001430FFF70DFF01A9FFF719FE204606B033
:10B50000BDE8F0810E24E1E70446DFE7F0B504462C
:10B51000406887B00E4610B103681B69984704F174
:10B520003007656BA563002D4FD13846FFF713FE3A
:10B5300004F10C00258184F85A52FFF72DFE04F126
:10B540001800FFF749FE04F12400FFF751FE2946D9
:10B5500001A8FFF771FE01A904F13C00FFF715FCFB
:10B56000294601A8FFF768FE01A904F15000FFF782
:10B570000CFC294601A8FFF75FFE01A904F1640055
:10B58000FFF703FCD4F8505245BBD4F8545285BBA6
:10B59000B4F86001F6F7E2FCB4F80402F6F7DEFC5A
:10B5A000D4F8880111F05AFE2846154AA4F85852DA
:10B5B00084F8445184F84C51C4F8485104F17C019A
:10B5C000F6F7ECF8284607B0F0BDEB6831462846A0
:10B5D0009847A36B002BA4D01D69A3E76B69288A49
:10B5E000C4F85032F6F7BAFC182128460AF0D0FE0B
:10B5F000C8E72B68C4F85432284611F02FFEC4E780
:10B60000E5B6050038B504460D466068A06000B98F
:10B6100038BDC36829469847A368002BF5D0186940
:10B62000F4E7000003297FB5044616461D4613D0F3
:10B63000042935D001290DD1406830B1ADF80C3066
:10B64000036802925B6802A99847012104F10C008B
:10B65000FFF7D8FF04B070BD0DF106021946FFF7E1
:10B6600041FD28B940F2DF621C491D480AF080F80C
:10B67000606850B1BDF80630ADF80E300368029630
:10B680005B69ADF80C5002A99847E36B04F13C00EC
:10B69000002BDFD0A36C294604B0BDE870401847EA
:10B6A0000DF106021946FFF71DFD10B94FF4DE62D9
:10B6B000DAE7606850B1BDF80630ADF80E300368C7
:10B6C00002969B69ADF80C5002A99847236D04F1CE
:10B6D0005000002BBED0E36DDDE700BF2B2D07002F
:10B6E000942D070013B5C38813F0030F044614BF4D
:10B6F000032104210191FFF70BFEA3882288019901
:10B7000002B0BDE81040FFF78DBF10B54388162B7F
:10B7100004460AD1FFF7FCFD406888B10368E2895E
:10B7200021881B68BDE810401847122B08D1FFF78D
:10B73000EFFD638922880121BDE81040FFF772BF49
:10B7400010BD000008B542F602110248FFF72AFBBF
:10B7500008BD00BF944601201FB50190FFF7DAF83D
:10B76000FFF7C8FA002301998DF80C3003AAFEF701
:10B7700081FB38B99DF80C30042B18BF052005B0AB
:10B780005DF804FB0520FAE7D0E90320B2FBF0F0F6
:10B790007047C06880087047836803EB810233F804
:10B7A0002130002063F30F00538882B063F31F4001
:10B7B00002B07047037CC06890FBF3F07047037CD5
:10B7C000C06890FBF3F070470020704770477047E7
:10B7D0007047704708B5044B1B680846C0B299888B
:10B7E000F5F779FC002008BD5863002010B5C8B2F9
:10B7F0001446F4F767FF2080002010BD07B5084607
:10B80000114601920023120C89B2C0B2F5F710FC68
:10B81000002003B05DF804FB70B586B000240A9DDB
:10B8200002942E680196AD8805920846114600954F
:10B83000120C89B2C0B2F5F7D4FC204606B070BD38
:10B8400030B51C7885B0C8B2039291B2120C54B9CD
:10B8500003F1120402230025CDE90045F5F7F2FCBF
:10B86000284605B030BD5C1C1023F4E708B5084637
:10B87000C0B21146F5F7F4FB002008BD08B5084634
:10B88000C0B211461A460023F5F70AFD002008BD94
:10B8900008B51346084612681979C0B2F5F71AFDC3
:10B8A000002008BD30B51C7885B0C8B2039291B2B3
:10B8B000120C54B903F1120402230025CDE900450E
:10B8C000F5F733FD284605B030BD5C1C1023F4E7C6
:10B8D00008B5084611461A46C0B21B689288F5F7AB
:10B8E000D7FB002008BD08B5084611461A46C0B26D
:10B8F0001B689288F5F776FE002008BD13B5044654
:10B90000084611461A6800929B886268C0B2F5F733
:10B91000FDFD636800200133636002B010BD30B5E7
:10B92000002485B0CDE90144084611461A46089B1B
:10B930001D6800959B88C0B2F5F777FE204605B0DC
:10B9400030BD08B50846C0B21146F5F7B0FE00207C
:10B9500008BD10B5142104460AF01AFD204610BD9A
:10B9600010B5102104460AF013FD204610BD10B595
:10B97000142104460AF00CFD204610BD10B5142118
:10B9800004460AF005FD204610BD70B50B698D68B0
:10B9900004465A430020A070A082AB18AA5A228005
:10B9A0004A79012A86B01BD15D888DF804000146D2
:10B9B00010220DF1050011F0E1FC05AEADF81650B6
:10B9C000A31C01AD2A4603CAB2421860596015464D
:10B9D00003F10803F6D128681860204606B070BD50
:10B9E00001228DF80420991C0DF10502123351F843
:10B9F000040B42F8040B9942F9D1BDF81130ADF8AF
:10BA0000163001ADA31C05AE2A4603CAB242186027
:10BA10005960154603F10803F6D1DCE710B5064B73
:10BA2000044640F8183BD2F763FC04F10800D2F753
:10BA30005FFC204610BD00BFE02E070013B5183094
:10BA400088420C4606D00190D2F752FC019821465C
:10BA5000FEF7DFFC02B010BD13B5083088420C467B
:10BA600006D00190D2F744FC01982146FEF7D1FCA4
:10BA700002B010BD4160704738B50D4D2C68BFF362
:10BA80005B8F14F0010410D128460AF06DFA60B102
:10BA90000848094B094A0A494461C0E90034446234
:10BAA0000AF04FFA28460AF081FA024838BD00BF72
:10BAB0000449012008490120E02E07000060002011
:10BAC0001DBA0500436913B11B6808301847704759
:10BAD00037B50546C07898B1FFF7CEFFAB786989D6
:10BAE000EA78ADF802105B0001248DF80420298863
:10BAF0008DF800406A468DF80130FFF7E3FF2046DD
:10BB000003B030BD13B54388092B04460BD1FFF7B2
:10BB1000B3FF132321888DF8043001AAFFF7D2FF69
:10BB2000012002B010BD0020FBE713B543880C2BA9
:10BB300004460BD1FFF7A0FF192321888DF80430AC
:10BB400001AAFFF7BFFF012002B010BD0020FBE7F4
:10BB5000436A13B11B6818301847704710B5C37893
:10BB6000712B044606D1FFF787FF2188FFF7F0FF0E
:10BB7000012010BD0020FCE770B54388162B044659
:10BB800011D1FEF7C7FEFEF7E5FC03685B6D984731
:10BB900020B10368E2891B68218898472046BDE8E8
:10BBA0007040FFF7B2BD83780A2B0FD1FEF7B2FECB
:10BBB000FEF7D0FC03685B6D98470028EED0036861
:10BBC00062895D682188E378A847E7E7054E0E257E
:10BBD00056F8043B2046984710B9013DF8D1DDE7FF
:10BBE00070BD00BF282F0700002A08B5C0E9001269
:10BBF00005DA0749074840F2752209F0B9FD29B96D
:10BC000022B10349044840F27622F6E708BD00BF9E
:10BC1000282E0700532E07005E2E070038B50B7C38
:10BC2000044688685A438118825A4D88228004311C
:10BC30001A1F201D6580FFF7D7FF204638BD10B5BD
:10BC40000B7C04465A4388688118825A2046023188
:10BC500020F8042B9A1EFFF7C7FF204610BDF0B551
:10BC600043880D2B87B004461AD1FFF705FF2289C0
:10BC7000616826886789054601A8FFF7B5FF1B2381
:10BC80008DF80C30019B04932846029BADF80E7092
:10BC900003AA31460593FFF715FF012007B0F0BD59
:10BCA0000020FBE7F0B543880E2B87B004461AD17D
:10BCB000FFF7E2FE2289616826886789054601A8A8
:10BCC000FFF792FF1D238DF80C30019B049328464B
:10BCD000029BADF80E7003AA31460593FFF7F2FE02
:10BCE000012007B0F0BD0020FBE7F0B543880B2B27
:10BCF00087B004461DD1FFF7BFFE22896168268800
:10BD0000678905466846FFF76FFF17238DF80830EF
:10BD10000023ADF80C30009B04932846019BADF83E
:10BD20000A7002AA31460593FFF7CCFE012007B046
:10BD3000F0BD0020FBE70000F0B54388082B89B078
:10BD400004461ED1FFF798FE6168228911F8017B35
:10BD500026880546013A01A8FFF746FF11238DF812
:10BD60001030094B0393019B05932846029B0693D1
:10BD700004AA31468DF81C70FFF7A4FE012009B01B
:10BD8000F0BD0020FBE700BFC82E070070B5438858
:10BD9000072B86B0044617D1FFF76EFE2289616833
:10BDA0002688054601A8FFF71FFF0F238DF80C30EA
:10BDB000019B04932846029B059303AA3146FFF793
:10BDC00081FE012006B070BD0020FBE770B54388FE
:10BDD000062B86B0044617D1FFF74EFE2289616814
:10BDE0002688054601A8FFF7FFFE0D238DF80C30CD
:10BDF000019B04932846029B059303AA3146FFF753
:10BE000061FE012006B070BD0020FBE770B54388DD
:10BE1000052B86B0044617D1FFF72EFE22896168F4
:10BE20002688054601A8FFF7DFFE0B238DF80C30AE
:10BE3000019B04932846029B059303AA3146FFF712
:10BE400041FE012006B070BD0020FBE7F0B543883D
:10BE5000042B89B004461ED1FFF70EFE61682289CB
:10BE600011F8017B26880546013A01A8FFF7BCFEC0
:10BE700009238DF81030094B0393019B0593284645
:10BE8000029B069304AA31468DF81C70FFF71AFE38
:10BE9000012009B0F0BD0020FBE700BFB02E070075
:10BEA00070B54388032B86B0044619D1FFF7E4FD33
:10BEB00022896168268805466846FFF795FE0723B4
:10BEC0008DF80C30074B0293009B04932846019B8E
:10BED000059303AA3146FFF7F5FD012006B070BDBA
:10BEE0000020FBE7982E0700F0B54388022B89B0AD
:10BEF000044623D1FFF7C0FD6168228911F8016B68
:10BF000027880546013A01A8FFF76EFE05238DF844
:10BF100010300B4B0393019B0593012E029B06935C
:10BF200028460CBF0423122304AA39468DF8116059
:10BF30000793FFF7C7FD012009B0F0BD0020FBE724
:10BF4000802E0700406803685B681847012070472F
:10BF500070B501F10804064605460FCC0FC52368ED
:10BF60002B60304670BD0020704703468A89886880
:10BF700018609A8018467047BF207047FB207047B2
:10BF8000022070474160704740687047704710B5A5
:10BF90000C46F3F7FBF8E4B20123A340184001EA92
:10BFA000E371084314BF0120002010BD08B503460B
:10BFB000086898608A889A810846F9F72DFB002066
:10BFC00008BD07B5009200220B4610460321F7F783
:10BFD000E5FA002003B05DF804FB07B50B460092BC
:10BFE000032101220020F7F7D9FA002003B05DF801
:10BFF00004FB000038B5094D0124AB7DE1B233B13B
:10C000006B7D012B03D100220320F8F7D7FE01340A
:10C01000062C05F13005F0D1002038BD243D01206B
:10C0200008B5D2B2C9B20320F8F7C8FE002008BD97
:10C0300037B59DF818509DF81C40ADF80620817367
:10C0400001AA0DF106010120ADF80430F9F7BAFE9E
:10C050002846F9F7E9FE21460120F9F717FB0020F1
:10C0600003B030BD13B50446A9B1BDF8101001915D
:10C070000A214B434FF6FF718B4228BF0B469BB200
:10C0800000930021D3B200F10F02807CF9F752FE39
:10C09000002002B010BDF9F783FE012384F844307C
:10C0A000F6E77FB51C469DF828609DF820500846AD
:10C0B0001146F8F7C3FEE1B20220F9F7E7FA30467D
:10C0C000F9F748F8BDF82C30ADF80430BDF8303041
:10C0D000ADF80630BDF83430ADF80830BDF8383072
:10C0E000ADF80A30BDF83C30ADF80C3001A8BDF811
:10C0F0004030ADF80E30F8F7E9FE099B2A460121E1
:10C100000320F9F719F800280CBF0C20002004B018
:10C1100070BDF3F72FB808B5F9F790FA002008BD05
:10C1200007B50846C0B2694681E80C00F9F782FA03
:10C13000002003B05DF804FB07B50846C0B26946AD
:10C1400081E80C00F9F778FA002003B05DF804FBF1
:10C15000F0B5CDB285B0284617461E46F8F7A0FFC9
:10C160000446D0B9BDF82830ADF80830BDF82C3001
:10C17000ADF80A30BDF83030ADF80C302846BDF8C7
:10C180003430ADF8047001A9ADF80660ADF80E309A
:10C19000F8F72CFE204605B0F0BD0620FBE71FB5E2
:10C1A000ADF80630BDF81830ADF80830BDF81C30D9
:10C1B000ADF80A300846BDF82030ADF80C3001A9C2
:10C1C000BDF82430ADF80420C0B2ADF80E30F8F759
:10C1D000A1FE002005B05DF804FB08B50846C0B21A
:10C1E000D1B2F8F7B3FE002008BD38B50D464FF0C8
:10C1F00008010446FFF7CBFE20B1E8B2F9F726FBB1
:10C20000002038BD4FF00B012046FFF7C0FE00288C
:10C21000F3D10220F5E713B512781B789DF8104092
:10C22000C8B2B2FA82F149090BB941F00201009497
:10C23000F9F721FB002002B010BD10B51C21044607
:10C240000AF0A6F8204610BD08B508461146F7F7D3
:10C250003DFA002008BD13B5084614469DF810109D
:10C2600001930090F8F7BCF8019A00982146F8F77E
:10C27000A3F80098F7F7DAFF002002B010BD1FB551
:10C280000846194614460390F8F786F8079B03986A
:10C29000009300229DF81830E1B2F7F77FF90020F3
:10C2A00004B010BD1FB50846194614460390F8F7B0
:10C2B00073F8079B0398009301229DF81830E1B2B0
:10C2C000F7F76CF9002004B010BD08B50846114618
:10C2D000C9B21A46029BF7F7BDFF002008BD08B59A
:10C2E000104619B1F7F7D8FF002008BDF7F7E8FFAF
:10C2F000FAE7F2F767BF08B5F2F76AFF032828BF2D
:10C300000320C0B208BD08B50846F7F7B9F9002008
:10C3100008BD08B5F7F7C8F9002008BD37B51446C1
:10C3200000200A4603211D46F9F7B5F9BDF8203073
:10C330000093069ABDF81C30E9B22046FAF76EFB6E
:10C3400020B1034B1880002003B030BD0C20FBE768
:10C350003449012008B5C8B2FAF7A0FB002008BD97
:10C3600008B50846C0B211461A46FAF7ABFB0020E2
:10C3700008BD08B50846C0B211461A46FAF7A4FB34
:10C38000002008BD08B5FAF7A1FB002008BDF2F7B0
:10C3900025BF1FB5134671B1827B8DF80F20002198
:10C3A000CDE900110DF10F020120F9F7C3FC0020C7
:10C3B00005B05DF804FBF9F7F3FCF8E708B5097878
:10C3C0001278B1FA81F040090AB940F00200F9F799
:10C3D00050FA002008BD000010B5044B044640F898
:10C3E000483BD1F785FF204610BD00BF802F0700D6
:10C3F00037B50546483088420C460CD00190D1F73D
:10C4000077FFE3686B6533B15B680198214603B041
:10C41000BDE83040184703B030BD2DE9FF4100F1C1
:10C42000140600F1540400270DF108081036A64246
:10C4300003D1002004B0BDE8F0816846FDF7E5FFB8
:10C440008DF806708DF80D706A46A6F1100315463A
:10C4500003CD4545186059602A4603F10803F6D11B
:10C4600028681860AA889A80E0E70022026082802B
:10C470000A6802608A888280704710B50446F2F725
:10C4800075FE01462046FFF7F0FF204610BD0378F9
:10C49000C3F38002C3F34000104403F001031844C7
:10C4A000704773B50446C8B215468DF80430069E31
:10C4B000F9F7BAFC01A8FFF7EAFF04F10F02002325
:10C4C00083420DD39DF80400A074DDE90712F9F74B
:10C4D00079FCE9B20120F9F7D9F8002002B070BD6B
:10C4E000F15C02F8011B0133EAE72DE9F04F8BB054
:10C4F0000DF150080F4618F8044FDDF874B01646D9
:10C500002046DDE916121D46DDE91B9AF8F7ACFC62
:10C51000F9B20220F9F7BAF8F0B2F8F71BFE40467C
:10C52000FFF7B5FF01AA00231146834202F10C0276
:10C530000FD32046F8F7CEFC149BEAB22146032025
:10C54000F8F7FAFD00280CBF0C2000200BB0BDE866
:10C55000F08F189E36F8136022F80C6C199E36F88E
:10C56000136022F80A6C1A9E36F8136022F8086CE1
:10C5700039F8136022F8066C3AF8136022F8046C5C
:10C580003BF8136022F8026C0133CEE7436D13B120
:10C590001B68483018477047F8B516480568BFF360
:10C5A0005B8F15F0010523D109F0DEFC00B3124CBE
:10C5B000124B04F10800C4E9003504F11407FDF73B
:10C5C00024FF0326A573A5743846FDF71EFF013E20
:10C5D000BD717D7307F11007F6D1094A0949064874
:10C5E00084F84460666509F0ACFC024809F0DEFCA2
:10C5F0000148F8BD3049012038490120802F07004B
:10C6000000600020D9C305002DE9F04F8378272B67
:10C6100093B0044647D1FFF7BFFF2388019304F18D
:10C620000A01054607A894F804B0B4F808A003AEC0
:10C63000FFF71BFF04F1170105A8B4F81090B4F838
:10C640001280A78AFFF711FF04F11D013046FFF7A2
:10C650000CFF019B07980A93BDF82030CDF82E00FF
:10C66000ADF832300598BDF818308DF825B00124AA
:10C670008DF82440ADF82CA0ADF83490ADF836809C
:10C68000ADF83870CDF83A00ADF83E3096E80300CA
:10C690001090ADF84410284609A9FFF777FF20460F
:10C6A00013B0BDE8F08F0020FAE71FB58378282B80
:10C6B000044612D1FFF770FF21792288237A8DF882
:10C6C0000510052401A98DF8044002928DF80C3064
:10C6D000FFF75CFF012004B010BD0020FBE77FB531
:10C6E0008378292B044618D1FFF756FF2189267934
:10C6F00025886289A389ADF80810032469468DF85E
:10C7000000408DF801600195ADF80A20ADF80C30BD
:10C71000FFF73CFF012004B070BD0020FBE77FB5B0
:10C720008378402B044618D1FFF736FF21892688ED
:10C73000E5886289A389ADF80A10042469468DF85A
:10C7400000400196ADF80850ADF80C20ADF80E3061
:10C75000FFF71CFF012004B070BD0020FBE770B59F
:10C760000246002392F82160D57E022E1C4603F17A
:10C77000010305D1A94203D1143000EB041070BDB0
:10C78000032B02F11002EDD10020F8E710B50246AC
:10C79000002392F82140022C06D1D469A14203D192
:10C7A000143000EB031010BD0133032B02F1100213
:10C7B000EFD10020F7E770B50246002392F8216020
:10C7C000D57E012E1C4603F1010305D1A94203D1F8
:10C7D000143000EB041070BD032B02F11002EDD1F8
:10C7E0000020F8E730B50D4689B051B30021FFF7BE
:10C7F000E2FF0446B8B1037B0290827901928B423A
:10C8000014BF0B464FF4A063009114BF0422012211
:10C8100003200D46F8F7CAFDA06020B3022363731E
:10C82000284609B030BD8DF81400ADF81C008DF815
:10C83000180006AB07AA05A90120F6F7D7FE204687
:10C84000EFE7FFF78CFF044630B1017A1622032090
:10C85000F8F7B4FA6573E3E78DF81C0007A9012027
:10C86000F6F7F0FEEBE70C20DBE72DE9F04F032AAB
:10C870008BB0824691469B4670D8002951D10C4618
:10C880000D460F46A14552D808A92846F6F7DAFE0C
:10C8900032E0149B1BF8041033F814307343BB428E
:10C8A00028BF3B4650460593FFF785FF059B05468D
:10C8B00020B3027B0290002A8279019208BF4FF4D4
:10C8C000A0634FF0000200929BB20CBF0122042231
:10C8D0000320F8F76BFDA86018B90C200BB0BDE879
:10C8E000F08F02236B730134A145D2D807AB08AA9D
:10C8F00006A94046F6F77AFE0020EFE708F1280285
:10C900006A4402F8101C1599095D02F80C1C0AAA69
:10C9100002EB480208F1010822F8083C5FFA88F8A7
:10C92000E1E70024A0460A264FF6FF77DCE71BF874
:10C9300004105046FFF713FF064638B1017A16225D
:10C940000320F8F73BFA777301349BE705F12803DE
:10C950006B44013503F8081CEDB2F5E70420BDE790
:10C9600090F8213033B190F831303BB190F841303C
:10C9700033B90223143000EB031070470123F9E7A9
:10C980000020704782B070B5064614460593FFF745
:10C99000E6FE9DF81C50014620BB3046FFF70BFF1A
:10C9A000034698B1012C01D0042C09D19D71DDE919
:10C9B0000501221F54425441186099801C7300E005
:10C9C00041730020BDE8704002B07047012C01D0D7
:10C9D000042CF6D13046FFF7C3FF034620B10122F5
:10C9E0004273E3E70620EDE70C20EBE72DE9F04783
:10C9F0009DF820A09DF82C900A9E9DF824709DF82B
:10CA0000308005460020DCB2F6F77CFE5046F6F793
:10CA10009BFE49460020F6F789FE41460020F8F7C4
:10CA200035FE33463A4621460020F6F797FD8DF84D
:10CA30002470B388ADF820303368224628460021A0
:10CA4000BDE8F047FFF79EBF2DE9F04F2DED068BB7
:10CA500083B09E469DF96030DDF848C09DF84CA03B
:10CA60009DF850B09DF85470169E9DF85C9009EEAC
:10CA7000103A9DF86430904608EE900A9DF87420B4
:10CA8000C8F3800009EE903A9DF86830019018F0E4
:10CA9000100FC8F300100AEE103A0AEE902A08EEC2
:10CAA000100A0C469DF86C30019808F00102C8F39A
:10CAB0004001C8F3C00513D048B915B9002A62D0A7
:10CAC000C1B9042003B0BDEC068BBDE8F08F00298E
:10CAD000F7D1002AF5D0002D0CBF0425012509E06F
:10CAE000002854D1002DECD1002A4CD0002914BFCD
:10CAF000002505251FFA8CF21FFA8EF120460193BE
:10CB0000F6F700FE5846F6F71FFE51462046F6F7A8
:10CB10000DFE4A4600212046F8F7BDFD1AEE901A98
:10CB20002046F7F729FC019B1AEE102A19EE901AFD
:10CB30002046F7F70BFC19EE102AC8F380112046A7
:10CB4000F7F7F2FB18EE101A2046F7F7CDFBC8F303
:10CB500040112046F7F7D8FB33463A46294620468F
:10CB6000F6F7FCFC8DF84C70B388ADF848303368AC
:10CB700018EE900A2A46214603B0BDEC068BBDE8AC
:10CB8000F04FFFF7FFBEC1F10301CDB2B2E712B122
:10CB90000029A0D095E78D1DACE700002DE9F04FEE
:10CBA000044697B0002854D002880B92FFF7F4FC9B
:10CBB000A37845680B9A213B352B41D8DFE813F069
:10CBC000910098004000E100DA0040008001570128
:10CBD0004000400040004000400040004000400055
:10CBE0004000400040004000400040004000400045
:10CBF000400040004000400040004000400048012C
:10CC0000400040004000360040004C00AE00BB0039
:10CC10009D00E100ED000101400040005100400096
:10CC200089004000400040004000760045B12B687C
:10CC30001E68637A8DF80030237AE1782846B04781
:10CC40009D4E062556F8043B2046984708B9013DFD
:10CC5000F8D117B0BDE8F08F002DF1D02B689E6899
:10CC6000E7E7002DECD02B6894F804801F69934B04
:10CC700094F809901A88237A0C9214AE04F10A01F0
:10CC800030460B93FFF7F1FB217C608A94F814C0C7
:10CC90008DF810C003908DF80810DDE90B32019675
:10CCA0008DF8009041462846B847C9E7002DC7D007
:10CCB0002B68E2685E69637A0292A27A01928DF82B
:10CCC000003094F9073094F90620A1882846B0472F
:10CCD000B6E7002DB4D02B68A1889B6928469847F9
:10CCE000AEE7002DACD02B689B6A28469847A7E793
:10CCF000002DA5D02B68DB6AF7E7002DA0D02B68AC
:10CD0000277994F805809E6BA11D14A8FFF7ADFB51
:10CD100014AB424639462846B04791E7002D8FD0E4
:10CD20002B6822791E6B611D14A8FEF75DFF14A904
:10CD30002846B04784E7FFF72FFC6179FFF70FFD26
:10CD400008B100234373002D3FF47AAF217969B90C
:10CD5000E2884FF6FF739A420AD023882A68566BFE
:10CD6000227A009262792846B04769E70023F5E706
:10CD70000B46F3E7002D3FF463AF2B68E1781B6AA5
:10CD800005E0002D3FF45CAF2B68E178DB69B1FA78
:10CD900081F149092846984752E725B9FFF7FCFB7E
:10CDA00080F844504CE7FFF7F7FB90F844302BB184
:10CDB000FFF7F2FB002380F84430DEE72B685B6A64
:10CDC00093E7002D3FF43CAFA379A67B8DF840306C
:10CDD0008DF844602A6894F80490D2680B92FF2B77
:10CDE00004F1070112A80CBF002710AFFFF73DFBAD
:10CDF00094F80DA006B111AEE37B0C930DF1500831
:10CE000094F9113094F910200D9304F11501638AFF
:10CE100094F814B00F9240460E93FFF726FB216A58
:10CE20000E9B0991217F05930D9B04930C9B0F9AF8
:10CE30000392CDE90781CDE9016328468DF818B04A
:10CE40000B9D8DF800A012AB3A464946A847F7E67D
:10CE5000002D3FF4F5AEA2892B6801926289009201
:10CE60001E6CE288238921882846B047E8E62379AA
:10CE70003C2B7FF4E5AEFFF78FFB2188FFF786FCA4
:10CE8000064600283FF4DCAE00274773002D3FF430
:10CE9000D7AEFFF781FB4FF00C01FFF778F82B6856
:10CEA00000283FF428AFD3F83480F2790097217935
:10CEB0003B462846C047C3E65030070034490120AE
:10CEC000FFF76AFB2188FFF761FC00283FF4B8AE4A
:10CED00000234373B4E600BF70B58378262B8CB073
:10CEE000044628D1FFF758FBA37A8DF8003004F1EF
:10CEF0000C01E37A8DF8013006460DF10200FFF7D0
:10CF0000B4FA227A616802A8FEF76EFE637A8DF8A1
:10CF1000103002238DF818306D46084B05930FCD65
:10CF200007AC0FC42B682360304606A9FFF72EFB21
:10CF300001200CB070BD0020FBE700BF682F070088
:10CF400013B50C46FEF7E4F901466846FDF736FFD7
:10CF5000009B2360019B6360002002B010BD07B5F9
:10CF60000191FEF7D5F90199FDF735FF002003B0D7
:10CF70005DF804FB002070474160704708B5F8F782
:10CF8000E1FD002008BD38B5054608462C7A34B9C5
:10CF90002146F8F7A3FE01232B72204638BD062058
:10CFA000FCE7034610B55C7A0846114624B92246D0
:10CFB000F8F7DAFD204610BD0620FCE708B5F2F7C9
:10CFC000F7F8003818BF012008BD08B50846F8F783
:10CFD0004FFE002008BD10B50C46F2F7E9F820B16D
:10CFE000A0B2F8F75BFE002010BD0220FCE7F2F7CC
:10CFF000D9B830B585B0CDB203920293F2F7D8F824
:10D0000088B1DDE902210024089B02912846CDE980
:10D010000044F8F7CBFD284602990122F8F740FEBC
:10D02000204605B030BD0220FBE737B50C46019223
:10D030001D46F2F7BDF838B1E0B20199EAB2F8F74F
:10D040002FFE002003B030BD0220FBE713B50C46D5
:10D050000192F2F7ADF838B1E0B201990022F8F789
:10D06000D7FD002002B010BD0220FBE708B5F2F7A3
:10D070009FF818B1F8F7EAFD002008BD0220FCE790
:10D0800010B50446FDF7C1F920460621F3F7A8F9CB
:10D09000637903F03F036371204610BD0048704779
:10D0A000DC63002037B5034620B916491648CE2266
:10D0B00008F05EFB82781549382A4C6806D03A3A67
:10D0C000022A1DD8BCB9012003B030BD00220A726B
:10D0D000002CF8D022681568C27842B940681B89D4
:10D0E0000090ADF8043069462046A847EBE7684653
:10D0F000FDF78BF9F7E7236820465B689847E2E77E
:10D100000020E1E778300700D4300700DC6300201E
:10D110007047002008707047022070470220704757
:10D1200021B101230372C160002070470172FBE747
:10D13000024B1B6800201971704700BF5C63002020
:10D14000CB1F092B07D8914205D8044B1B68002040
:10D1500059719A7170470420704700BF5C630020CA
:10D16000416070474068704710B500240472C46085
:10D17000047414222146543010F000F9204610BDEA
:10D1800008B50846C0B21146F7F7F6FE002008BD04
:10D1900008B50846C0B2D1B2F9F7BDFA002008BD03
:10D1A000F0B589B0002301ACCDE90533ADF81C30F2
:10D1B00002F1100713460E462246186859682546A4
:10D1C00003C50833BB422C46F7D1F0B20321F9F76F
:10D1D0005FFA002009B0F0BDF0B589B001AD14468A
:10D1E00002F1100C0F462A46206861682E4603C6DD
:10D1F000083464453546F7D1186859680E9B05AC6C
:10D2000003C49DF83C101B88ADF81C300131F8B206
:10D21000C9B2F9F73DFA002009B0F0BD08B50846DB
:10D2200000231A461946C0B2F9F786FA002008BD55
:10D2300010B508469DF8081049B95C1CE4B21346C5
:10D2400001212246C0B2F9F777FA002010BD03246D
:10D25000F5E710B500F1310301F11002184651F85D
:10D26000044B43F8044B9142F9D1F9F7E1F800205F
:10D2700010BD08B5084682F00101F9F7E5F8002075
:10D2800008BD37B50B4600F141041146204603F1B5
:10D29000100253F8045B44F8045B9342F9D1019106
:10D2A000F9F7BAF8FEF7E8FB0199FEF7E3FB002077
:10D2B00003B030BDF7B514461A464B1E042B0E467C
:10D2C0002CD800EB81073D6D9DB104F1100354F89B
:10D2D000041B45F8041B9C42F9D1F0B2396D019052
:10D2E000F5F7F8FE01980899F5F7FEFE002003B067
:10D2F000F0BD0B490192102009F046F8019A40B1A7
:10D30000034604F1100154F8045B43F8045B8C42BB
:10D31000F9D138650028E0D10720E8E70420E6E7E6
:10D32000184B070038B54B1E042B0D460FD800EBE9
:10D330008104206D20B1102109F02AF80023236513
:10D340000022E8B21146F5F7C5FE002038BD0420E2
:10D35000FCE707B5084611461A469DF814300093BD
:10D36000D2B29DF81030C0B2F9F772F9002003B0C4
:10D370005DF804FB07B5084611461A469DF81430BF
:10D380000093D2B29DF81030C0B2F9F7A5F9002091
:10D3900003B05DF804FB08B50846C0B2D1B2F8F797
:10D3A000FFFF002008BD08B508460821F3F718F86C
:10D3B000002008BD07B508460192032101AAC0B2AA
:10D3C000F8F7FEFF002003B05DF804FB08B508463F
:10D3D000C0B21021F8F7F4FF002008BD08B50846D8
:10D3E000C0B21146F9F7ECF8002008BD08B50846B0
:10D3F000C0B21146F9F784F8002008BD1FB50446F5
:10D4000010216846F2F7ECFF684604F11101F9F7C4
:10D4100089F8002004B010BDF0B593B015460E4653
:10D420001022002106A81C460FF0A8FF02AB2A46D6
:10D4300005F1100C1F46106851681D4603C50832DF
:10D4400062452B46F7D1234603F110050AAC186854
:10D450005968224603C20833AB421446F7D1189BE1
:10D460000EAC03F1100518685968224603C2083350
:10D47000AB421446F7D1F0B239460190F9F750F8B3
:10D48000002201981146F8F79BFF002013B0F0BD71
:10D4900038B500250F4B0360044645600572C56032
:10D4A00005742946202211300FF068FF294610220A
:10D4B00004F131000FF062FF2946102204F141000F
:10D4C0000FF05CFF1422294604F154000FF056FFC0
:10D4D000204638BD7431070010B50B4C2368BFF3EC
:10D4E0005B8FDB070ED4204608F03EFD50B10748A5
:10D4F000FFF7CEFF064A0749044808F022FD204600
:10D5000008F054FD014810BD9049012094490120C4
:10D510000060002011D105002DE9F0438FB00446D2
:10D52000FFF7DAFF45680646002D00F090812CB920
:10D53000A149A24840F2572208F01AF9A3782A3BE1
:10D540000C2B00F28481DFE813F00D00110028009D
:10D550002E0033006F00FB00210132013D015B0111
:10D560006C017B012B68DB68218813E0E27821885D
:10D570002B68501E0D2804D85B6828469847012464
:10D5800035E0E02A03D15B684FF00802F5E7E12AB5
:10D59000F9D19B6828469847F1E72B689B694FF0C3
:10D5A00002022188E9E72B684FF000029B69F8E747
:10D5B000237926881BB12B685B6B3146EAE76379D8
:10D5C0007BB3FFF789FF047AF7B2A4B12B68D3F8D5
:10D5D0002080FFF781FF3146C2682846C047FFF729
:10D5E0007BFF032100F10C023846F8F7E9FE2046E4
:10D5F0000FB0BDE8F0830AA80421F2F7F1FE0A9A01
:10D600006F4BB2FBF3F103FB11222B680A923146F8
:10D6100028461B6A98470AAA03213846F8F7D0FE25
:10D62000ADE72B689B6AC8E7A37F2688013B072BE1
:10D63000A5D801A252F823F059D60500A7D60500B7
:10D640007FD50500DBD605007FD505007FD5050019
:10D650007FD5050019D705002B680DF1280CD3F8EC
:10D660004880271D04F11402634638687968E6464D
:10D67000AEE8030008379742F446F6D11A46314621
:10D680002846C0472A68D2F84C8060697968A28B26
:10D69000ADF818200AAB9C46ACE8030006AA314658
:10D6A0002846C0476BE72B680DF1280CD3F8408063
:10D6B000271D04F11402634638687968E646AEE82F
:10D6C000030008379742F446F6D11A4631462846F9
:10D6D000C0472A68D2F84480D7E72B6860695F6D3D
:10D6E000238BA27E0A90ADF82C3031460AAB284637
:10D6F000B8472B681F6D04F114080AAA0434206887
:10D700006168134603C3083444451A46F7D10AAA90
:10D7100031462846B84732E72B680AAFD3F858801D
:10D720003A46231D143418685968BC46ACE8030017
:10D730000833A3426746F6D131462846C0471EE764
:10D740000023CDE906332646B4F80E80D5F80090C4
:10D7500036F8067BB8F1000F09D1082206A9304639
:10D760000FF0D6FD18B1D9F86030394612E7D4F879
:10D7700006007168D9F85C90ADF814800AAB03C359
:10D7800005AA0AAB39462846C847F8E62B686279ED
:10D790001E68E179A3798DF800308DF80410003A05
:10D7A0002379218818BF01222846B047E7E62B6875
:10D7B00022795B69F5E600BF18310700D430070015
:10D7C00040420F002B6806AA9F6B04F1140304F17A
:10D7D00024089E46944618685968164603C60833BE
:10D7E00043453246F7D10AAB04341A4620686168D3
:10D7F0001E4603C6083474453346F7D1614688E7B0
:10D80000251D2846F8F7CEFE24342B4606F11102DA
:10D8100053F8041B42F8041BA342F9D101243474C9
:10D82000E5E620462B6830F8041B1E6A0391F8F7E2
:10D83000DFFE039902462846B0472B685B6A93E6F1
:10D840002B682279DB6A21882846984797E60024CE
:10D85000CDE600BF70B500F1540500F16804002664
:10D86000A54200D170BD286818B1102108F090FDC4
:10D870002E600435F4E708B5FFF7ECFF002008BD83
:10D8800010B50446FFF7E6FF2046FFF76DFC0020C9
:10D8900010BD0A46C9789378043303EB012189B29D
:10D8A0000220FCF731BE8178024603310120FCF7EB
:10D8B0002BBE00002DE9F047424EDFF820810546DF
:10D8C0004718BD4201D1BDE8F087337815F8011B38
:10D8D00033B93D4A11703D4A138001233370F0E79C
:10D8E000012B59D1DFF8E4A0394BBAF800001954E4
:10D8F00035490978421C481EC0B203289CBF354CEC
:10D90000245C92B288BF0024A242AAF80020A0B2F0
:10D91000D7D102290AD0042933D001294FD193F855
:10D920000290484480B2FCF733F80BE0D97898783D
:10D9300000EB01201FFA80F912FA80F0002180B27A
:10D94000FCF72EF8C8F80000002834D0224ADFF88F
:10D9500080C010600346044400219C4214D101B1F0
:10D960001460AAF80090B9F1000F13D103233370AB
:10D97000D8F8001019B1144B1878F1F7B1FB002357
:10D98000ACE793F80190CCE71CF8011B03F8011BEE
:10D990000121E2E70223A1E7022B0CD10E4A136812
:10D9A000581C1060094A19701388013B9BB2138000
:10D9B000002BDBD085E73378032BD9D081E74FF0FC
:10D9C0000009AEE70D4A01200C4A0120004A01205F
:10D9D000FC490120F4310700044A0120084A0120D3
:10D9E000FCF7A0BDFCF7A6BD07B5074A002382F8E7
:10D9F0002130ADF804308DF8063001A893689847BF
:10DA000003B05DF804FB00BF543F012012207047B3
:10DA1000024B0022C3F8D820704700BF30360120E7
:10DA200000F002B800F002B807F04CBF07F060BF8A
:10DA3000FFF7F6BFFFF7F6BF38B500F00F040D464D
:10DA4000FFF7EEFF094B04F1140033F810201543E3
:10DA500093F8442023F8105042F0040283F8442045
:10DA6000FFF7E0FFBDE83840CFF79ABB104A01202E
:10DA700010B50C46FFF7D4FF054B93F84420144330
:10DA800083F84440FFF7CEFFBDE81040CFF788BBD6
:10DA9000104A0120004870474C4A0120044A92F87D
:10DAA0004530591C42F8230082F84510184670474B
:10DAB000104A0120034B93F84400B0FA80F040096B
:10DAC000704700BF104A0120F0B5284C85B0FFF721
:10DAD000A7FF94F84460002384F84430FFF7A2FFC6
:10DAE000F10708D504F13C070DF10F013846FBF7AB
:10DAF00074FF054628B9B20714D4730718D405B0CB
:10DB0000F0BD9DF80F30294654F823300020984787
:10DB10002846FBF749FFE7E7037B011D54F8233054
:10DB2000002098470020FCF779F80028F4D1E4E7BA
:10DB30000F4D0A24A5F12806002735F8023B73B1E2
:10DB4000336863B1FFF76CFF35F8020C25F8027CEF
:10DB50000190FFF767FF3368019800219847013C67
:10DB600014F0FF0406F10406E7D1C8E7104A0120CB
:10DB7000384A012070B5421E00234D1E9D420BD82D
:10DB8000435D03F03F033F2B13D1014411F8020C16
:10DB9000FF3818BF012070BD12F8016F741EE4B287
:10DBA000FD2C0CD91BB112F8014CB44207D1013342
:10DBB000E4E723B9014411F8020C0038E9E7012039
:10DBC000E9E7437903F0C003C02B02D10621FFF738
:10DBD000D1BF00207047437903F0C003402B03D12D
:10DBE00003210844FFF7C6BF0020704730B4C9B214
:10DBF00080699DF80850002918BF0B2130B10468D6
:10DC00008DF80850646BA44630BC604730BC704748
:10DC1000806910B428B10468A46BA4465DF8044B75
:10DC200060475DF8044B7047F0B5806987B09DF898
:10DC300030709DF838609DF84050C8B1C9B2046892
:10DC40008DF8083000290D9B039318BF0C21BDF8F7
:10DC50003C308DF804106469ADF806208DF8097029
:10DC60008DF81060ADF812308DF8145001A9A0475E
:10DC700007B0F0BD07B5806928B10368ADF804109E
:10DC8000DB6901A9984703B05DF804FB13B580690F
:10DC900040B1046824688DF800108DF801200193CC
:10DCA0006946A04702B010BD10B50446FCF796F8CF
:10DCB000FCF768F82168BDE81040FCF7DEB810B545
:10DCC0000446FCF78BF8FCF75DF821680322BDE8F9
:10DCD0001040FCF7CCB890F8443007B553B100239E
:10DCE00080F8443080F84C30806918B1036801A98D
:10DCF0001B69984703B05DF804FB07B590F8153130
:10DD000043F0010380F8153190F81D3123F0010331
:10DD100080F81D3190F8233113F0010206D023F072
:10DD2000010380F8233103B05DF804FB806900280B
:10DD3000F9D00368ADF804205B6801A99847F2E7C1
:10DD400010B4D0E901320168541001EB6200D2072F
:10DD500048BF0A595DF8044B48BFD358184730B440
:10DD6000D0E901320468551004EB6200D20748BFC5
:10DD7000625930BC48BFD358184700001FB5C3696B
:10DD800008491A681268039107490191002100901F
:10DD900002911846694690476846D0F7A9FA05B03F
:10DDA0005DF804FBB83207002DEC05001FB50368D1
:10DDB0000849D8690268126800930023CDE901334D
:10DDC0000391694690476846D0F792FA05B05DF82E
:10DDD00004FB00BF90330700006A0368D3F8B43037
:10DDE000184737B5054608688B88009068460C468A
:10DDF000ADF80430FFF7E5FEB0B195F838305BB10F
:10DE0000012385F82C302368C5F83E30A388A5F897
:10DE10004230002003B030BD286A036821461B69E8
:10DE200098470028ECD0F5E70420F3E737B54B78A6
:10DE300005460C468BB9406820B103680A7A5B68D6
:10DE400049689847A86940B103686168227A0091DF
:10DE5000DB6A8DF804206946984703B030BD2DE990
:10DE6000F041436888B005460C4623B30B7813BBDA
:10DE700006AE3046FCF7C9FA296A95F82C200B68E3
:10DE8000E2B99B68304698476F68A27B3B6896E88A
:10DE90000300D3F8008095F82C3003908DF80830FB
:10DEA000A068A389ADF810100090ADF80430616847
:10DEB000E37B3846C04708B0BDE8F081DB68E1E7A6
:10DEC0007FB58B7B012B04460E4603D001252846E7
:10DED00004B070BDCB7B012BF8D101F10800FFF736
:10DEE0007AFE05460028F1D094F83B307668022B84
:10DEF00012D0032B1FD0012BE9D1A06A01F0CEFA7A
:10DF00000028E3D0206A03684FF00502D3F8B03050
:10DF1000314698470025DAE7E06903681A68084B3C
:10DF200003930023CDE90133009669469047684684
:10DF3000D0F7DEF9CBE7E06903681A68014BEFE739
:10DF4000843307007833070070B505460C46FFF7A9
:10DF5000B7FF50B121462846FFF781FFA869036843
:10DF600021461B6ABDE87040184770BD70B5054674
:10DF7000806A0C4601F092FA48B195F83D30022BC8
:10DF800005D1E3791BB12046FFF725FE30B9A8691A
:10DF900003682146DB68BDE87040184770BD4FF04C
:10DFA0000C01FFF719BF73B590F81051044605BB7B
:10DFB00090F8443080F84C50012B0FD1FFF7EFFF61
:10DFC0000246206A036882B19E6E00952B462A465F
:10DFD0002946B04738B9032384F8443004F190004F
:10DFE00004F0B0FE002002B070BD5B6E1146984791
:10DFF000F0E70520F7E7000090F84420022A08B572
:10E0000005D00A490A4840F2FE4207F0B1FB49B187
:10E0100090F84C30012280F844202BB9BDE808402C
:10E02000FFF7C1BF80F8441008BD00BFF8310700FA
:10E030003632070090F8443013B504463BB1FFF781
:10E04000B2FFA06918B1036801A91B69984702B023
:10E0500010BD0068FFF7EEBF10B50446FFF79FFF45
:10E0600038B1206A03681B6D98470F2828BF0F201E
:10E0700010BD0120FCE7B1F5486F28BF4FF448619F
:10E08000062938BF062101807047B1F5486F28BFC7
:10E090004FF448610A2938BF0A2101807047000007
:10E0A0002DE9F04190F83A318AB00C46002B34D07B
:10E0B00085695DB32B68D1F8048009895F6A04A87B
:10E0C000FFF7D9FF618905A8FFF7D5FFA689E18988
:10E0D00040F2F3139E4206A828BF1E46FFF7D5FF65
:10E0E000BDF81030ADF82030BDF81430ADF8223056
:10E0F000BDF81830CDF81C80ADF82460ADF826309E
:10E1000007A92846B8470AB0BDE8F0810A490B487C
:10E1100000952B462A4607F04FFD006A0268CDE9BC
:10E120000233CB8901938B890093D2F8A8504B8995
:10E130000A894968A847E6E75D3207004801188068
:10E140002DE9F043866987B00C463EB34D783368BD
:10E15000D1F804900989D3F82880002D684618BFAB
:10E160000B25FFF788FF6789A18940F2F3139F42CF
:10E1700001A828BF1F46FFF788FFBDF80030ADF8A3
:10E180001030BDF804308DF80850CDF80C90ADF883
:10E190001270ADF8143002A93046C04707B0BDE890
:10E1A000F083F0B585690C4687B01646194625B34D
:10E1B0002B68E4B2002C684618BF0B249F6AFFF757
:10E1C0005AFFBDF8341001A8FFF75FFFBDF800301B
:10E1D000ADF81030BDF830308DF8084040F2F31241
:10E1E000934228BF1346ADF81230BDF804300396B1
:10E1F000ADF8143002A92846B84707B0F0BD0000BA
:10E200002DE9F04790F83A418AB00D46BDF84880B4
:10E21000BDF84C901E468CB3846944B32368114604
:10E2200004A8D3F824A0FFF726FF314605A8FFF77E
:10E2300022FF494606A8FFF728FFBDF81030ADF8C9
:10E240002030BDF81430ADF8223040F2F3134345CE
:10E2500028BF4346ADF82430BDF818300795ADF817
:10E26000263007A92046D0470AB0BDE8F087084904
:10E27000084800942346224607F09EFC006A056881
:10E28000CDE90244CDE90089D5F8A840A047EBE7E5
:10E290005D320700480118802DE9F0410B7A90B0FB
:10E2A00005460C460BB980F810316378002B36D048
:10E2B000AC698CB3236801AF03AE3846D3F8208035
:10E2C00005ADFCF7A2F83046FCF79FF82846FCF7AE
:10E2D0009CF80D238DF81C30FF23089397E803006A
:10E2E0000990ADF8281096E803000B90ADF83010B7
:10E2F00095E803004FF47F43ADF82A3000224FF435
:10E3000048630D90ADF83810ADF83230ADF83A20D2
:10E310000F9307A92046C04710B0BDE8F0812846FA
:10E32000FFF73DFE40B9237A012B11D195F8153145
:10E3300023F0010385F81531237A012B08D105F16B
:10E34000500004F0FFFC286A036800219B6B98478B
:10E35000218AD4F8048003A8FFF78DFE668AA18A7B
:10E3600040F2F3139E4205A828BF1E46FFF78DFE1C
:10E37000D4F80A000990E089ADF82800607A8DF899
:10E380002B000023D4F81600BDF80C108DF81C30BB
:10E390000B90ADF83E30608BAB69277ABDF8142046
:10E3A000ADF83000ADF83210E069218C0D90ADF879
:10E3B0003810CDF820808DF82A70ADF83A60ADF8AD
:10E3C0003C2007A9284613B1FFF7BEFDA4E7FFF7DD
:10E3D00046FDA1E708B506220EF09AFFB0FA80F0DC
:10E3E000400908BD002202704270704770B50446B3
:10E3F00086B0002545604A4863620A9B256300F1A8
:10E4000008065C30C4E90A35A0604FF00073454847
:10E410002660A36304F13E064FF48073C4E907123B
:10E42000A387C4E90305A5863046FBF7EEFF84F811
:10E430004450A4F8465084F84850A4F84A5084F850
:10E440004C5004F1500004F003FD04F1900004F07E
:10E45000FFFC04F1D00004F0C1FC84F8105104F278
:10E460001110FFF7BFFF04F21310FFF7BBFF04F218
:10E470001510FFF7B7FF04F21710FFF7B3FF04F210
:10E480001910FFF7AFFF04F21B10FFF7ABFF04F208
:10E490001D10FFF7A7FF04F21F10FFF7A3FF04F200
:10E4A0002110FFF79FFF04F22310FFF79BFF206A64
:10E4B00084F836510368A4F826511B68A4F8285143
:10E4C000A4F82A51A4F82C51C4F838519847206A6E
:10E4D000154A03680592154AD3F8C4300294CDE971
:10E4E000032502A9984702A8CFF702FF216A0B680B
:10E4F0006846DB689847009BC4F83E30206ABDF848
:10E500000430A4F8423003682146D3F8C830984755
:10E51000A06A04F1080100F0BBFF204606B070BD00
:10E52000D8320700B0320700C4320700F5EF05000B
:10E53000CB0801F00701C05C084100F00100704702
:10E5400090F838302DE9F74F0546884693462BB9A9
:10E5500000F13E04204603B0BDE8F08F806A00F071
:10E5600093FF0446A86A00F091FF95F8103195F8E2
:10E570003CA095F83A900746002B3DD195F84430E1
:10E5800003B3BAF1000F14BF06462646B8F1010FD7
:10E5900034D0B8F1020F06D0B8F1000F3AD1BAF179
:10E5A000000F18BF3C466846FBF72FFF6946204620
:10E5B000FFF710FF80BB002ECCD0B4420CBF344616
:10E5C0000024C7E7594605F21510FFF7B1FF38B927
:10E5D000594605F21D10FFF7ABFF06460028D5D0BF
:10E5E000594605F21B10FFF7A3FF28B9B9F1000F38
:10E5F0000CBF26463E46C9E72646C7E7594605F200
:10E600001B10FFF795FF0028CDD1B9F1000F18BFFF
:10E610003C46C8E70024C6E700249BE730B500224B
:10E6200089B011460446FFF78BFF0390002858D0AD
:10E630002046FFF7B4FC0399B0B194F844301BB9FD
:10E64000206A03681B699847206AB4F84A20036867
:10E6500000929D6E94F84820B4F846300121A847F6
:10E66000002839D009B030BDB4F84A30002B3AD177
:10E6700094F844305BB994F81531DA0707D494F86C
:10E680001D31DB0703D4206A03681B699847206AA1
:10E6900094F848200368003A5B6E18BF01220121FC
:10E6A000984705460028DDD104F19000039004F05E
:10E6B00049FBB4F84630039873B10C4A079242F212
:10E6C0001072A3FB022304A9CDE90445069504F0CA
:10E6D00066FB04A8CFF70CFE022384F84430002028
:10E6E000C0E70620BEE70420BCE700BF3C330700BC
:10E6F00038B50446406808B9606038BD0569142122
:10E7000007F046FE2846F6E710B5034B03600446C3
:10E71000FFF7EEFF204610BDB032070010B50446EB
:10E72000FFF7F2FF20460C2107F032FE204610BD15
:10E7300038B50E4B0E4D03F108025C3383600D4B70
:10E740000260044640F8D03FD0F758F8204640F821
:10E75000905FD0F753F8204640F8505FD0F74EF85E
:10E7600004F10C00FFF7D0FF204638BDD832070077
:10E7700018380700A4320700002303704370704765
:10E7800038B5044600250C30FFF7B2FF04F19000C5
:10E79000A56184F8105184F8395084F8445084F805
:10E7A0004C5084F83B5104F0CDFA206A03689B6D0D
:10E7B000984704F2111084F83651A4F83851FFF745
:10E7C000DBFF04F21310FFF7D7FF04F21710FFF777
:10E7D000D3FF04F21510FFF7CFFF04F21D10FFF76F
:10E7E000CBFF04F21F10FFF7C7FF04F22110FFF761
:10E7F000C3FF04F21910FFF7BFFF04F21B10FFF76D
:10E80000BBFF04F1500004F09DFA284638BD10B556
:10E81000CC080122035D01F007018A4023EA0203CC
:10E82000035510BDCA08012301F007018B40815C2C
:10E830000B43835470472DE9FF4190F83671002552
:10E84000044680F83851002F3ED000F21D182946AA
:10E850004046FFF76DFEB8BB01350F2DF7D1206A9A
:10E8600004F599720368019204F593760096DD6BC6
:10E870003A4604F597730121A8470746C8B92546CB
:10E8800004F2211794F836212B1B9A4219D936F835
:10E89000023B95F82E1138465BBB95F8323143BBED
:10E8A000FFF7C0FF95F82E114046FFF7BBFF01357B
:10E8B000E8E7A3692BB1254694F836212B1B9A4231
:10E8C00005D8002384F8363104B0BDE8F08195F80E
:10E8D0002E114046FFF79BFFA06995F82E21036893
:10E8E0008DF80C205B688DF80D7003A998470135F1
:10E8F000E2E7FFF78CFFD5E72DE9F041044686B04B
:10E9000000F21D100D4616469846FFF711FE00282E
:10E9100040F0AF80294604F21F10FFF709FE0028DF
:10E9200040F0A7802046FFF797FBA84204D80425B3
:10E93000284606B0BDE8F081294604F21110FFF721
:10E94000F7FD0028F3D0294604F21910FFF7F0FD77
:10E9500038B1294604F21B10FFF7EAFD08B106257D
:10E96000E6E72A4601212046FFF7EAFD0746002890
:10E97000F5D02046FFF713FB00283FD0294604F2CC
:10E980001510FFF7D5FD50B9206A036839461B6999
:10E990009847206A03683A465B692946984794F885
:10E9A0003631042B21D094F83621A31804EB420110
:10E9B00083F82E51A1F8266183F8328194F83851FA
:10E9C000013284F83621002D55D1E0692B4A0368C5
:10E9D00002A91B680592CDE902450495984784F881
:10E9E000380102A8CFF784FCA2E72046FFF723FFF7
:10E9F00094F83631002BD6D0072599E7002D96D113
:10EA000094F8443043B994F81531DB0704D4206AF4
:10EA1000036839461B699847206A036801219B6B8C
:10EA200098470546002883D104F15000019004F076
:10EA300089F9B3B201987BB1114A0592114A029447
:10EA4000CDE9032542F21072A3FB022302A904F0D0
:10EA5000A6F902A8CFF74CFC94F8213143F001034A
:10EA600084F8213194F81D3143F0010384F81D31FD
:10EA70005EE705255CE700255AE700BF5433070031
:10EA8000B83207007DDD050010B5044699B10023BA
:10EA900080F84430FFF783FA20BB94F81F2194F8E4
:10EAA000153112F0010103F0010305D02BB194F8E8
:10EAB0001D31DB0716D510BDA3B994F81D3113F035
:10EAC00001030FD171B122F0010284F81F21194610
:10EAD0001A462046FFF710FF94F8233143F0010354
:10EAE00084F8233194F84C30002BE4D02046BDE864
:10EAF0001040FFF793BD1FB590F8153190F81F2116
:10EB000023F0010380F8153190F81D3123F0010343
:10EB100080F81D31D307044619D590F84430B3B9B5
:10EB200022F0010280F81F2119461A46FFF7E4FE81
:10EB300094F8233143F0010384F8233194F84C30E6
:10EB40003BB1204604B0BDE81040FFF767BDA069A7
:10EB500008B904B010BD03689A680023CDE90133F9
:10EB60004FF48033039301A99047F2E70068FFF761
:10EB700062BE0068FFF75FBE30B587B00446019102
:10EB8000FFF76AFA0199884203D80425284607B09E
:10EB900030BD04F211100191FFF7CAFC0028F4D037
:10EBA000019904F21D10FFF7C3FC00283AD1019926
:10EBB00004F21510FFF7BCFC019908B90025E5E740
:10EBC00020460191FFF7EBF90199B8B104F2131057
:10EBD000FFF728FE94F83951002DEFD1E069124A71
:10EBE000036802A91B680592CDE902450495984780
:10EBF00084F8390102A8CFF77BFBC7E70029C4D10D
:10EC0000206A03689B6B984705460028BED104F133
:10EC1000500004F097F894F81D3143F0010384F894
:10EC20001D31B3E70525B1E74833070090F81531EA
:10EC3000DB0702D50021FFF79FBF70472DE9F043A6
:10EC400000248BB00746264600F2131521462846BD
:10EC5000FFF76EFC50B106F128036B44013603F850
:10EC6000104C21462846F6B2FFF7D1FD01340F2C97
:10EC7000ECD116B3386A00240368CDE900440DF1E5
:10EC80001808DD6B324643462146A8470546D0B1F9
:10EC9000A146B86918F8042003688DF80C209B6819
:10ECA000CDF81090ADF814908DF816908DF817509F
:10ECB00003A901349847A642EBD8002387F83931DD
:10ECC0000BB0BDE8F08307F21D1418F8011B2046B5
:10ECD0000135FFF7A7FDAE42F7D8EEE70068FFF772
:10ECE000ADBF0068FFF7AABF2DE9FF47D1E9005685
:10ECF00004462E4400F2151800F21D1900F22317E5
:10ED0000B54214D194F8383173B9E06919490268F1
:10ED100012680391CDE9004302936946904784F855
:10ED200038016846CFF7E4FA04B0BDE8F0872978E7
:10ED30004046FFF777FD15F8011B4846FFF767FDD2
:10ED400015F801AC38465146FFF7F2FB20B15146A9
:10ED50003846FFF75CFDD3E7A369002BD0D01A68D3
:10ED6000694652688DF801008DF800A0184690475A
:10ED7000C6E700BF603307002DE9F04390F8383054
:10ED800085B004460E46002B5ED090F83930E3B1D2
:10ED9000806A00F079FB05466846FBF736FB69465A
:10EDA0002846FFF717FB80B9A06A00F06FFB054605
:10EDB00002A8FBF72AFB02A92846FFF70BFB20B9A4
:10EDC00084F83900A069002841D1002504F21D17FC
:10EDD00004F2151804F21B1929463846FFF7A8FB60
:10EDE000D0B929464046FFF7A3FBA8B129464846BB
:10EDF000FFF79EFB86420FD1294604F22110FFF750
:10EE000097FB48B1E9B22046FFF7B6FE20B9294684
:10EE100004F21F10FFF706FD01350F2DDCD194F829
:10EE20003C3083F001039E420ED194F84450012DF2
:10EE30000AD1B4F846303BB9B4F84A3023B9204679
:10EE4000FFF7B1F884F84C5005B0BDE8F0830368D3
:10EE5000DB6B9847B9E70121FFF78EBFA0F10800EF
:10EE6000FFF7F9BF0021FFF787BFA0F10800FFF708
:10EE7000F9BF00002DE9F043CDB285B00446164637
:10EE80001F4645BBB3F1000818BF4FF001083146DB
:10EE900004F21510FFF7BBFC04F21F19314604F20F
:10EEA0001D10FFF7B4FC31464846FFF741FBE8B1BF
:10EEB000E7B931464846FFF7AAFC31463B463A4699
:10EEC0002046FFF719FD314604F22310FFF7AAFC94
:10EED00005B0BDE8F0833C2D4FF0000803D0432D72
:10EEE00003D10F25D3E70E25D1E70B2594F839314F
:10EEF00073B9E0691149026812680391CDE90043D2
:10EF000002936946904784F839016846CFF7F0F9D3
:10EF1000A0690028DCD003689DF830209B688DF83C
:10EF2000082000228DF8006001978DF809808DF887
:10EF30000A208DF80B5069469847C9E76C330700E3
:10EF40002DE9F04F064693B00C4600252368204675
:10EF50009B689847A84202D813B0BDE8F08F236899
:10EF6000EAB2DB68214605A89847B2699DF815A06A
:10EF7000002A39D09DF814209DF924B0042A98BFA6
:10EF80001A4B0DF1040803AF404694BF13F80290EA
:10EF90004FF00009FBF739FADDE907123846FCF7B4
:10EFA00023FE134B0C930023DDF81600ADF834302C
:10EFB000BDF81A200A90FF238DF83730ADF82C20C9
:10EFC0008DF82E908DF82FA08DF836B098E80300BC
:10EFD0000E90ADF83C1097E8030012AB03E9030074
:10EFE0000AA93046FEF7C2FF0135AFE7D03207006D
:10EFF0000100FF7F0B78013B042B0FD8DFE803F003
:10F000000603080C0A000439FFF79ABFFFF744B95A
:10F01000FFF796B8FEF70ABFFFF742B870472DE931
:10F02000F04F88468BB081699DF850A0159C1E4614
:10F0300005469DF8683000293CD0002A3DD092F862
:10F0400000B004B124789DF870201D996F463846B1
:10F050005FFA83F9FCF7C8FD1B9B3068B288029009
:10F060001868ADF80C2006909DF858209B888DF804
:10F07000122097E803009DF95C208DF81320ADF86D
:10F080001C30BDF86420ADF814200AAB03E903007E
:10F090009DF960208DF80E8002A928468DF80FB0EA
:10F0A0008DF810A08DF811408DF816208DF817906E
:10F0B000FEF75CFF0BB0BDE8F08F4FF0FF0BC0E731
:10F0C0002DE9F047846986B088469DF838A0174638
:10F0D0001E46CCB1236810999DF83C20D3F81890B7
:10F0E0006D462846FCF780FD95E8030006AB03E972
:10F0F0000300ADF808808DF80A708DF80B608DF86C
:10F100000CA002A92046C84706B0BDE8F0874165BB
:10F110007047806810B103681B6818477047A0F1FA
:10F120000400FFF7F6BF03680BB1084618477047A5
:10F1300030B4D0E901320468551004EB6200D20704
:10F1400048BF625930BC48BFD358184770B4D0E9A3
:10F1500001340568661005EB6400E40744BFAC5950
:10F16000E35870BC18470000224B30B5044603F149
:10F1700008021C336360204B22600025C4E903357C
:10F180001E4BA564C4E906351D4B1E4AE163C4E964
:10F190001055C4E909351C4BA560C4E90C351B4B5F
:10F1A000E36485B00B6825659B6C0392184A84F86C
:10F1B0005C50CDE901250846C4E91555694600941F
:10F1C00098476846CFF794F8E06B124A0368DB6C07
:10F1D0000392114A0094CDE9012569469847684693
:10F1E000CFF786F8E06B0368211D1B6D984720461A
:10F1F00005B030BDD4330700FC2D0700EC2D07000F
:10F20000A4330700C8330700B433070027F1050013
:10F21000C5F20500BC33070045F20500806D10B152
:10F2200083688B4200D17047C068F8E710B5044688
:10F23000FFF7F4FF28B1036821469B68BDE8104042
:10F24000184710BD10B50246FFF7E8FF28B1036864
:10F25000BDE81040DB681146184710BD38B50446BC
:10F26000806A0D4630B938BDC36829469847E36ABD
:10F2700023B9A06AE0620028F6D1F4E71869F9E73B
:10F280001FB50023CDE90133137800911B2B04D067
:10F290001D2B11D005B05DF804FB5388ADF8043088
:10F2A00001238DF806309368ADF80830694653683D
:10F2B0000393FFF7D3FFEDE75388ADF80430022343
:10F2C000EFE7000010B414781D2C0FD80123A340E1
:10F2D000084C1C4034B913F0205F07D05DF8044B94
:10F2E000FFF7CEBF5DF8044BFFF7A0BF5DF8044BFE
:10F2F000704700BFAAAA8A0238B50446406808B918
:10F30000606038BD0569142107F042F82846F6E729
:10F3100038B50446406808B9606038BD05691421F5
:10F3200007F036F82846F6E770B5044600F13006D7
:10F33000FAF754FDFAF722FD0546606BA063B0B9F9
:10F340003046FFF7D9FF04F10C00FBF751FF04F141
:10F350001800FBF741FF04F12400FFF7D9FF012358
:10F3600084F85C30A06D50B984F85C0070BDC3684F
:10F3700029469847A36B002BDFD01869DEE70368A6
:10F3800021461B699847EDE738B504460D4660688D
:10F39000A06000B938BDC36829469847A368002B10
:10F3A000F5D01869F4E71FB50024CDE901440394B2
:10F3B00000910224694618308DF80640ADF804200B
:10F3C000ADF80A30FFF7E0FF04B010BDA0F1040073
:10F3D000FFF7E9BF0A46034600F168011068986626
:10F3E000186A9288A3F86C2010B103681B6818474C
:10F3F000704773B54D6801F10F022B6800920C46FF
:10F400005E6A017A00F10F0300F109022846B04755
:10F4100094F879300020013384F8793002B070BD5F
:10F42000704710B52021044606F0B2FF204610BDFB
:10F4300038B504461348A381C4E900010025002122
:10F44000A26004F10F0010220DF098FF256204F174
:10F45000280003F0C3FC04F16800FAF7D6FF04F1BA
:10F460006E00FAF7D2FF6068A4F878500368656709
:10F470001B6898476068036821465B6B9847204685
:10F4800038BD00BF14340700683070476E307047D5
:10F4900001627047406803685B69184790F879001B
:10F4A000704738B50446606F00B938BDD0E9003503
:10F4B0005B6898476567F6E738B504460B4B036011
:10F4C000FFF7EFFF606803685B68984704F1280561
:10F4D000074BA362284603F035FC04F15000CEF739
:10F4E00007FF284603F088FD204638BD1434070086
:10F4F0000038070090F8783070B504460BB109B9B0
:10F5000070BD31B1606F20B1D0E900355B689847BC
:10F510006567656F1DB984F87850F1E735462B684B
:10F5200021469B682846984740B1D5E900362846D1
:10F530005B689847002EF1D16667E1E7012384F804
:10F5400078302E46F8E70121FFF7D4BF436F1BB98F
:10F5500041670021FFF7CEBF1A465B68002BFBD145
:10F560005160F6E7F8B506460F46202011491546CA
:10F570001C4606F009FF0146D0B1002343600E4B44
:10F5800003602B68C0F80930AB88A0F80D30077213
:10F5900000F10F02234604F1100053F8044B42F827
:10F5A000044B8342F9D13046FFF7D0FF0020F8BD6D
:10F5B0000720FCE7184B070000340700F0B585B0C2
:10F5C00004460D4616460021102268461F460DF0DF
:10F5D000D5FE1022694604F10F000DF099FE60B1CE
:10F5E0002046FFF757FF58B13B4632462946204692
:10F5F00005B0BDE8F040FFF7B5BF062005B0F0BD8F
:10F600000220FBE77047806903684FF000021B6926
:10F61000184770B505468069134602680C46D66ADD
:10F620000A4605F13401B0476035224610341068AF
:10F6300051682B4603C30832A2421D46F7D170BD64
:10F6400070B5C46A2CB90849084840F2927206F0B5
:10F650008FF8236820465D6DDB6C98472B46411C74
:10F660002046BDE8704018471C3407006634070088
:10F67000A0F10800FFF7E4BF13463AB1917D006B9B
:10F68000C943063301F00101FFF798BF704770B41A
:10F69000D0E901340568661005EB6400E40744BF57
:10F6A000AC59E35870BC184770B4D0E90134056810
:10F6B000661005EB6400E40744BFAC59E35870BC26
:10F6C000184770B4D0E901340568661005EB640092
:10F6D000E40744BFAC59E35870BC1847037819B12C
:10F6E00043F004030370704703F0FB03FAE7C36AB7
:10F6F0002BB1006A03684FF008025B6918470920C4
:10F70000704738B504460025C0E900550830FAF7BF
:10F710007CFEE5732574204638BD10B500F18C03DE
:10F72000F030834201D1002307E0DC7B2246E4076E
:10F7300005D442F00102DA731960184610BD143383
:10F74000EFE710B58C23F02B00EB030202D100226F
:10F75000104610BDD47BE40702D5C4588C42F7D0C4
:10F760001433F0E7C36A70B504468BB1FFF7E9FFC5
:10F7700080B1037C206A94F88620DB070368BDE82B
:10F780007040DB6A4CBF42F0040202F0FB021847F3
:10F79000092070BD0420FCE710B51446FFF7D1FF27
:10F7A00040B1037C64F3410303741CB9DBB264F31E
:10F7B0004513037410BD10B504460022FFF7ECFF9B
:10F7C000A0690368BDE810405B680122184700008B
:10F7D000F7B5144601220646FFF7DEFF0C4A0D4638
:10F7E00005230A20B4FBF2F101F130070DF8037094
:10F7F000013B02FB1144591C92FBF0F2F2D1B069BB
:10F8000020B103686A465B692946984703B0F0BD9A
:10F81000A086010010B504460122FFF7BDFFA069D4
:10F8200020B10368BDE81040DB69184710BD70B512
:10F83000054614460122FFF7AFFFA86928B1036807
:10F8400022461B6ABDE87040184770BD10B50446DB
:10F850000122FFF7A1FFA06920B10368BDE81040B5
:10F860009B69184710BD000013B5C46A2CB90A493A
:10F870000A4840F2617205F07BFF0192FFF761FFD9
:10F8800040B1236841685B6C019A204602B0BDE834
:10F890001040184702B010BD1C3407006634070042
:10F8A000A0F10800FFF7E0BF2DE9F041C76A054667
:10F8B00016462FB91549164840F69A0205F058FF2A
:10F8C000FFF73FFF0446F0B13B6841689B6838464C
:10F8D0009847C0B1237CC279C3F340039B0102F077
:10F8E0003F0263F07F031343C371E86A61680368F2
:10F8F00032469B6A9847E86A6168036832469B69AA
:10F90000BDE8F0411847BDE8F08100BF1C34070096
:10F91000663407002DE9F041C76A054616462FB93F
:10F920001049114840F6B60205F022FFFFF709FF23
:10F930000446A0B13B6841689B683846984770B15F
:10F94000237CC279C3F3400363F38612C271E86A71
:10F950006168036832469B6ABDE8F0411847BDE81C
:10F96000F08100BF1C3407006634070037B5C46A55
:10F970002CB90C490C484FF40D6205F0F9FECDE9A5
:10F980000023FFF7DEFE50B12168DDE90023CD6AD8
:10F990004168AC46204603B0BDE83040604703B044
:10F9A00030BD00BF1C340700663407002DE9F0416C
:10F9B000C76A054616462FB90C490D4840F6E102C4
:10F9C00005F0D6FEFFF7BDFE044668B13B6841680E
:10F9D0009B683846984738B1E86A616803683246E0
:10F9E0009B69BDE8F0411847BDE8F0811C34070071
:10F9F0006634070037B5C46A2CB90C490C4840F688
:10FA0000F90205F0B5FECDE90023FFF79AFE50B1EB
:10FA10002168DDE90023CD694168AC46204603B08A
:10FA2000BDE83040604703B030BD00BF1C34070064
:10FA3000663407002DE9F041C76A054616462FB91E
:10FA40000C490D4840F60B1205F092FEFFF779FEC7
:10FA5000044668B13B6841689B683846984738B1AE
:10FA6000E86A6168036832461B6BBDE8F0411847DD
:10FA7000BDE8F0811C340700663407002DE9F04131
:10FA8000C46A0646884617462CB91649164840F6F9
:10FA90003A1205F06DFEFFF754FE0546F8B12368F3
:10FAA00041689B68204698470446C0B12B7CC279C8
:10FAB000C3F3400363F34512C271F06A69680368D7
:10FAC0003A461B6C9847B069E3790268146B41466B
:10FAD0003A46A446C3F34013BDE8F0416047BDE891
:10FAE000F08100BF1C3407006634070070B5C66A99
:10FAF00014464EB3FFF725FE054608B9042070BD35
:10FB0000336841689B68304698470028F6D0EB7B05
:10FB100013F0200211D0C3795A0603D4287C10F0C8
:10FB2000020007D01B0603D5042323700020E6E75C
:10FB30000323FAE702232370E1E713F0080001D062
:10FB40000123F2E72070DAE70920D8E737B5C56A64
:10FB500014462DB90C490D4840F6251205F008FE53
:10FB60000193FFF7EEFD68B12968019BE2B24C6B8F
:10FB70004168B2FA82F252092846A44603B0BDE8B1
:10FB80003040604703B030BD1C34070066340700C6
:10FB900070B5044615460022FFF7FEFDA0690E462B
:10FBA00028B1036865F07F025B68D2B2984731469E
:10FBB0002046FFF7C6FD68B1C37B03F01803182B7E
:10FBC00008D1A06930B10368BDE870401B694FF0EF
:10FBD0000002184770BD00007FB5C66A04460D4696
:10FBE0002EB9114911484FF4E86205F0C1FDFFF745
:10FBF000A8FD78B10E4A336803920E4A01920022A2
:10FC0000029242689B6B009430466946984768466A
:10FC1000CEF76EFBA06903685B680022294604B03A
:10FC2000BDE87040184700BF1C3407006634070069
:10FC30006C34070079F6050000F18C03F030834244
:10FC400002D1002318467047DA7BD20702D55A68E2
:10FC50008A42F7D01433F2E7F7B5C76A064614466E
:10FC60002FB91549154840F2B95205F081FDFFF74B
:10FC7000E3FF0546F0B13B6841689B68384698470A
:10FC8000C0B1BCB1C779306A296802683D06C7F3C4
:10FC9000801306D5556B2246AC4603B0BDE8F04054
:10FCA0006047019304F110030093156B04F11203F4
:10FCB0002246A84703B0F0BD1C3407006634070095
:10FCC000F7B5C76A064615462FB9124912484FF4D0
:10FCD000BB6205F04DFDFFF7AFFF044690B13B68F6
:10FCE00041689B6838469847034658B1306A216896
:10FCF00002684DB1DB79DC090094D46BC3F3801347
:10FD00002A46A04703B0F0BD136C03B0BDE8F04035
:10FD1000184700BF1C3407006634070073B5064659
:10FD20001546FFF789FF044690B18DB1F06A61680E
:10FD300003689B689847034650B1306ADB790268D4
:10FD400029690091166D2168C3F340132A46B04714
:10FD500002B070BD2DE9F041C76A064615462FB9BD
:10FD6000104911484FF4C36205F002FDFFF764FF2C
:10FD70000446A0B19DB13B6841689B6838469847EE
:10FD8000034660B1B06950B10268DB79166B216837
:10FD90002A46B446C3F34013BDE8F0416047BDE8CE
:10FDA000F08100BF1C3407006634070030B587B00F
:10FDB0000C4601A8FFF7A5FC05AD01AA2346144691
:10FDC00003CCAC4218605960224603F10803F6D117
:10FDD00022781A7007B030BD38B5C36A04462BB913
:10FDE0000D490E484FF4D46205F0C2FCFFF7A9FCA0
:10FDF000054678B1206A03685B6D9847E06A6968D8
:10FE0000036801225B6F984729462046BDE83840C9
:10FE1000FFF7CCBF38BD00BF1C34070066340700B5
:10FE2000A0F10400FFF7D8BF73B5C66A05462EB926
:10FE30001A491B484FF4C76205F09AFCFFF781FC92
:10FE4000044688B1336841689B683046984758B18A
:10FE500095F886301B0709D505F13A01FEF7BAFA85
:10FE6000237C60F30413237402B070BD237CC3F3BE
:10FE7000800262F30413237405F170010191FEF70F
:10FE8000A9FA30B9019904F10800FEF7A3FA002895
:10FE9000EAD0237C43F01003E5E700BF1C340700E1
:10FEA000663407002DE9F043C36A85B004460E4668
:10FEB000002B54D0FFF745FC0546002851D094F89C
:10FEC00089301BB994F886301B074CD53146002287
:10FED0002046FFF761FC2046FFF7A6FF95F810804B
:10FEE00094F8872095F80F9094F8867095F90F5044
:10FEF00018F0010FC2F3C00318BF47F00407002D2C
:10FF000043F00203ACBFC2F38001C9F3801102A821
:10FF10008DF80830FFF7E2FB94F88A2094F88730D8
:10FF20000AB18DF80830002D8DF80C3004DAC9F3D1
:10FF3000801103A8FFF7D2FB206A0368DC689DF8F4
:10FF40000C308DF804309DF808308DF80030C8F37F
:10FF500000123B463146A04705B0BDE8F0830920BA
:10FF6000FAE70420F8E70620F6E738B504460D4620
:10FF7000FFF7E7FB28B390F90F30C17B002B17DAAE
:10FF800011F0400F1DD0037C40330374DAB203F04C
:10FF9000C003C02B15D113466FF3871311F0040F64
:10FFA00003742946204608D0BDE83840FFF77ABFE1
:10FFB00094F8873013F0040FE4E7BDE83840FFF70A
:10FFC000D1BB38BDA0F10800FFF7CFBF2DE9F0414C
:10FFD00005461746FFF7B5FB0E46044640B3FBB295
:10FFE000022B0DD1C37B23F0380343F02003E373CE
:10FFF000A86903683A4631461B69BDE8F0411847D5
:0200000260009C
:10000000DA1E012A05D8C37B23F03A0343F022030A
:10001000EDE7002BECD1C37B03F01803082BE7D1ED
:1000200001682846FFF73EFFE37B43F01003E373CC
:10003000BDE8F0812DE9F043C36A85B006460F465E
:10004000002B54D0FFF77DFB0446002851D03046EA
:10005000FFF7EAFE94F81080A37B96F8869096F856
:100060008A1096F8875018F0010F03F00F0218BF9E
:1000700049F0040903F00403002935D02A408DF823
:1000800008205BB194F90F30002BB6BFE17BC5F3BC
:100090008001C1F3801102A8FFF720FBA37B05EAD2
:1000A00013138DF80C305B070BD594F90F30002B30
:1000B000B6BFE57BC5F38001C5F3801103A8FFF748
:1000C0000DFB306A03681C699DF80C308DF8043014
:1000D0009DF808308DF80030C8F300124B463946C1
:1000E000A04705B0BDE8F08302F00A02C7E7092087
:1000F000F7E70420F5E72DE9F04190F889709DF8C5
:1001000018509DF81C6004460A462FB91B0703D4FB
:10011000BDE8F041FFF7EBBA11462046FFF711FBAF
:10012000B8B1037C05F00F056FF3410345EA0615EE
:100130008573037494F8883033B1A06948B10368BB
:10014000BDE8F0411B6818472046BDE8F041FFF7C5
:1001500071BFBDE8F08100002DE9F041C76A044697
:100160000E462FB92049214840F62C0205F000FB2D
:10017000FFF7E7FA054648B33B6841689B68384695
:100180009847804610B304F170073946FEF722F90C
:1001900028B9394605F10800FEF71CF998B1314637
:1001A00001222046FFF7F8FA206A036804F176027C
:1001B0009B6E984739464046FEF70CF930B1002354
:1001C0002367BB8002E02B7C9A0601D5BDE8F08155
:1001D00043F020032B74A0690028F7D00368314650
:1001E0005B6ABDE8F04118471C340700663407001D
:1001F000F7B504460122FFF7CFFA20460D46FFF778
:10020000A0FAE8B1E36A41681A6818469268904714
:10021000B0B104F13A063146FEF7DCF80246206A36
:1002200003687AB104F1500200925F6E04F160023B
:1002300004F140032946B8470023C4F83A30E38765
:1002400003B0F0BD5B694FF00202294603B0BDE880
:10025000F040184710B586B00446684680E80C00A8
:1002600006A800E90C00039110E90700034BE360C6
:1002700084E80700204606B010BD00BF84340700A4
:10028000F0B51F46C36A87B0064615462BB92B4901
:100290002B4840F2716205F06BFAFFF73EFA044614
:1002A000002844D0EAB2DDE90F01E37BA181B2FA74
:1002B00082F2520962F38203A060E373F06A03687A
:1002C0000CAA9B6E3946984760600146F06A036845
:1002D0009B68984702460C981060BDF834309380B4
:1002E00017F0FD0FD3790CBF0121002161F300034A
:1002F000D37194F90F30002B1BDAE37B13F0400F1E
:1003000015D0D3799B0712D5F56A0E4A2B681F6A60
:100310000C4B00933146002302A80193FFF79AFF8C
:100320002846626802A9B84702A8CDF7E1FF07B0E6
:10033000F0BD96F8873013F0040FE1E71C34070096
:10034000663407001DFD0500A0F10400FFF798BF0B
:1003500010B586B00446684680E80C0006A800E99F
:100360000C00039110E90700034BE36084E80700E9
:10037000204606B010BD00BF783407002DE9F041DB
:10038000C76A86B004460D46002F39D0FFF7D9F969
:10039000064618B9042006B0BDE8F0813B68416804
:1003A0009B68384698470028F4D0F37B5A0720D53D
:1003B000C3795B0716D5E76A124A3B680025D3F874
:1003C0002480104B009321462B4602A80195FFF78D
:1003D000BFFF726802A93846C04702A8CDF788FF60
:1003E0002846D8E72946204606B0BDE8F041FFF789
:1003F00059BD2946204606B0BDE8F041FFF7B2B925
:100400000920C8E759FC0500F8B5C76A05460E463D
:100410005FB3FFF796F9044608B90420F8BD3B68BE
:1004200041689B68384698470028F6D0C279E37B3C
:1004300051060AD59A071AD443F00803E3733146EC
:100440002846BDE8F840FFF799BF227C5B0742F0E1
:10045000010222743146284603D5BDE8F840FFF773
:1004600021BDBDE8F840FFF77DB90920D6E700209F
:10047000D4E700002DE9F041D0F82C8086B0044686
:100480000D461746B8F1000F43D0FFF75AF906465C
:1004900018B9042006B0BDE8F081D8F800304168F2
:1004A0009B68404698470028F3D0C379990719D52F
:1004B0009A0600D4BFB9E76A174A3B680025D3F80B
:1004C0002080154B009321462B4602A80195FFF78B
:1004D000C1FE726802A93846C04702A8CDF708FFDE
:1004E0002846D7E737B12946204606B0BDE8F04197
:1004F000FFF78ABFF37B5B072946204604D506B089
:10050000BDE8F041FFF7CEBC06B0BDE8F041FFF713
:1005100029B90920BEE700BF55FD05002DE9F743C5
:10052000C76A05460E469046002F5BD0FFF709F9D3
:10053000044618B9042003B0BDE8F0833B68416865
:100540009B683846984707460028F3D001AA4FF029
:100550000009314628468DF80490FFF7C7FA9DF848
:100560000420012A40D05FFA88F3934230D0042B54
:10057000E0D801A252F823F0E9050600350506008F
:100580008D050600A3050600B1050600E37B43F0D8
:10059000080331462846E37303B0BDE8F043FFF794
:1005A000EDBEFB79590608D5E37B9A0605D4EEE744
:1005B000FB7903F0C003C02BF6D0E37B314643F058
:1005C00008032846E37303B0BDE8F043FFF71CBF00
:1005D000A8690028AFD0036842461B693146984796
:1005E0004846A8E70920A6E70820A4E7C36A70B533
:1005F00004460D46164623B3FFF7A3F828B3C37B82
:100600001B0720D4721E042A1FD8DFE802F0030B58
:100610000E1118004FF0000229462046BDE8704038
:10062000FFF77CBF4FF00202F6E74FF00302F3E75B
:10063000002229462046BDE87040FFF71BBF01227B
:10064000F7E7092070BD0820FCE70420FAE7000066
:100650002DE9F041D0F82C8005460F46D6B2B8F10E
:10066000000F05D11B491C484FF4F46205F080F8D7
:10067000FFF767F8044658B3D8F8003041689B6824
:100680004046984720B316F0080308D090F9073089
:10069000002BAABF95F886300023C3F3C00371076F
:1006A00002D5C279520609D563B9E37B1B070FD483
:1006B00039462846BDE8F041FFF760BE237C43F091
:1006C0000103237439462846BDE8F041FFF7EABB31
:1006D000BDE8F0811C340700663407002DE9F043C3
:1006E000D0F82C8089B0054616461F46B8F1000F99
:1006F00005D11649164840F65A1205F039F8FFF7A9
:1007000020F80446F0B1D8F8003041689B684046B4
:100710009847B8B1D5F82C800E4AD8F80030D3F8F5
:1007200010900C4B02932946002304A80393FFF773
:100730000FFE404600973346221D04A9C84704A86F
:10074000CDF7D6FD09B0BDE8F08300BF1C3407002B
:1007500066340700C1FC0500F0B5C66A87B00546DF
:100760002EB90F490F4840F68A1205F001F8FEF73E
:10077000E8FF044688B133680B4A5F690A4B00936F
:100780002946002302A80193FFF7E2FD3046626884
:1007900002A9B84702A8CDF7ABFD07B0F0BD00BF76
:1007A0001C34070066340700C1FC05004160704737
:1007B00040687047806A03689B681847806A0368CE
:1007C000DB681847806A036882B01B69019202B037
:1007D0001847806A0368DB69184717B4806A01927A
:1007E0000468A469A44603B05DF8044B6047806ABE
:1007F00010B40468246AA4465DF8044B6047806A1C
:1008000003685B6A1847806A10B40468246BA446C6
:100810005DF8044B6047806A10B40468646BA446BA
:100820005DF8044B6047806A10B40468E46AA4462B
:100830005DF8044B604730B4806A1D460468BDF81B
:1008400008300295A46BA44630BC6047806A0368F8
:10085000DB6B1847806A03681B68184710B586B0C1
:10086000806AADF80C204FF6FF720468ADF80E20D8
:100870001A7864695AB912330222CDE9043204AB02
:100880000093039A4FF42053A04706B010BD0133E4
:100890001022F2E7436A13B11B68183018477047FB
:1008A00030B4D0E901320468551004EB6200D2077D
:1008B00048BF625930BC48BFD358184770B4D0E91C
:1008C00001340568661005EB6400E40744BFAC59C9
:1008D000E35870BC1847436913B11B6808301847C8
:1008E000704713B5183088420C4606D00190CDF7FA
:1008F000FFFC01982146F9F78CFD02B010BD13B53D
:10090000083088420C4606D00190CDF7F1FC0198E2
:100910002146F9F77EFD02B010BD70B5856A2B68DF
:1009200086B09E6AADF800200C464FF6FF734FF478
:10093000205101A8ADF80230FAF734FA009A01AB61
:1009400021462846B04706B070BD70B5856A88B0AC
:100950002B6801920C4603A842F602019E69FAF741
:1009600021FA019A03AB21462846B04708B070BD72
:1009700070B5856A88B02B6801920C4603A842F6D0
:1009800003019E69FAF70EFA019A03AB2146284645
:10099000B04708B070BD000030B504460025C4E97A
:1009A00009516561114B236085B00B68104A1B6CBF
:1009B0000392104A6560CDE9012508460094694616
:1009C00098476846CDF794FCA06A0B4A03685B6CB5
:1009D00003920A4A0094CDE9012569469847684682
:1009E000CDF786FC204605B030BD00BF543507006A
:1009F00040350700D7080600343507009508060083
:100A0000C36810B52BB9054905484FF4FD7204F0D1
:100A1000AFFEBDE810401B68184700BF342C07002C
:100A2000632C0700044A026041F224324260034A08
:100A300082600522C2607047804A0120C4360700E8
:100A4000704707B50190F3F7DBFC019803B05DF840
:100A500004EBF9F71ABA000010B50C460622002084
:100A600001F0E8F9637903F0C003C02B05D0044915
:100A7000044840F2551204F07BFE012010BD00BF77
:100A8000AC35070022360700F0B5017E89B0002999
:100A900069D1364B0393364B0493364B059343F69B
:100AA000B8630793C36906934FF08043012202762F
:100AB000C3F800111A60D3F80021002AFBD00222EB
:100AC000C3F818250022C3F8042101229A604FF0D0
:100AD0008043D3F80421002AFBD0274A2749002469
:100AE000C3F80441012353609360C2F808451360C2
:100AF000A2F520420820C2F8FC4FC2F8FC3F06F0E5
:100B00001DFB1F490A2006F019FB1E4A402113193C
:100B1000013493F800033F2898BF83F80013202C7A
:100B2000F5D103A8D4F72FFB4FF0805301A9D3F8D8
:100B3000A470D3F8A86008460023C3F12005A3F1F0
:100B4000200427FA03F206FA05F52A4326FA04F4EC
:100B500008332243302B01F8012BEED1E7F7D4FC08
:100B600001A8E9F769FE09B0F0BD00BF54360700DF
:100B7000040404006036070000B00040D90D0600F0
:100B80002D24060000E100E0194B70B50360194BFD
:100B900002210446C3F88010BFF34F8FBFF36F8F5D
:100BA0004FF48072C3F88020BFF34F8FBFF36F8F75
:100BB00011480025C0F8FC5F00F5E04001264660C2
:100BC000C660E069C3F88011C3F8802120B90B49E1
:100BD0000B48CE2204F0CCFD0CF040FB094B236007
:100BE0002369E56113B19B68201D9847204670BDBD
:100BF0009C36070000E100E000100040AC35070023
:100C00003E3607008C2A070010B50446FFF7BCFFEC
:100C10002046202105F0BCFB204610BD10B504463F
:100C2000F9F748F9084B23600023237643F6B860B0
:100C30000CF00CFBE06120B904490548BA2204F02D
:100C400097FD204610BD00BF9C360700AC3507005D
:100C50003E36070010B5154C2368BFF35B8FDA07EB
:100C60000BD4204605F080F938B1114A11491248D9
:100C700005F067F9204605F099F9104C2368BFF399
:100C80005B8FDB070FD4204605F06EF958B10A4997
:100C90000B48FFF7C3FF064A0A49094805F051F916
:100CA000204605F083F9064810BD00BF5C4A0120CC
:100CB00000600020C90C0600E8630020584A0120AB
:100CC000604A0120890B06007047704710B5042167
:100CD000044605F05DFB204610BD0020EDF746B848
:100CE00037B514461D468DF807100DF10700012198
:100CF000F9F77CFA28462146F9F778FA204603B03E
:100D000030BD000010B50A4B0A4800241C700A4B85
:100D10000122C3F8FC4F2146C3F8FC2F14220CF02B
:100D20002DFB21460548BDE8104014220CF026BBDF
:100D3000A85D0120C05D012000100040AC5D0120D5
:100D4000024A137801331370704700BFA85D012079
:100D5000024A13780BB1013B13707047A85D012064
:100D6000044B187820B1044B0122DA64D3F84C0507
:100D7000704700BFA85D012000800040054B1B7834
:100D800033B1012320B1044AD364D2F84C25026068
:100D900018467047A85D012000800040034B43F8CF
:100DA0002020034B43F82010704700BFAC5D0120AA
:100DB000C05D0120014B1870704700BFEC6300203C
:100DC000034B1A78034B53F8223003B1184770478E
:100DD000EC630020AC5D0120034B1A78034B53F801
:100DE000223003B118477047EC630020C05D01203A
:100DF000464B4178027B10B51970454B1A70454B34
:100E0000427B1A70444B827B1A70444BC27B1A702F
:100E10000A291DD84B1CDBB20133414ADBB25B000F
:100E200041F04001C2F80835C2F854154368190E64
:100E30001B02C2F82415C2F81C358368C2F83C3581
:100E400090F90230072B14DD0823C2F80C351BE0A3
:100E5000242901D88B1CDEE7252906D0262906D0B7
:100E600027290CBF27230023D6E70023D4E70C2330
:100E7000D2E7991E052913D8DFE801F0100E0C0AFD
:100E800008030721C2F80C15837010BD0621F9E78D
:100E90000521F7E70421F5E70321F3E70221F1E754
:100EA000002B01DB0023D0E7191D05DBFC23C2F872
:100EB0000C356FF00303E7E713F1080F184A05DB61
:100EC000F823C2F80C356FF00703DDE713F10C0FC0
:100ED00005DBF423C2F80C356FF00B03D4E713F1F4
:100EE000100F05DBF023C2F80C356FF00F03CBE7D2
:100EF0001433ABBFEC23D823C2F80C35C2F80C3541
:100F0000ACBF6FF013036FF02703BDE7D85D01207E
:100F10003E610120246101203F6101204B620120DC
:100F20000010004010B5054C206830B1044B054955
:100F30001A780CF0FBF90023236010BD3461012006
:100F4000306101202C61012002280A4B07D00328C0
:100F500009D003220128C3F810250AD170470422C2
:100F6000C3F810257047012901D10622F8E70522B0
:100F7000F6E770470010004038B5224B1B78032B72
:100F800004460ED1204AD2F83C3743F00043C2F861
:100F90003C37D2F83C3723F0FF0343F05C03C2F840
:100FA0003C371A4B1878012822D0022825D0032874
:100FB000174A4FF040751ABF4FF4847200234FF464
:100FC00000032B431343104AC2F81435114B1B780E
:100FD000023941EA436141F440310F4BC2F8181520
:100FE000C2F804451978FFF7AFFF0C4B1C6038BD01
:100FF0004FF4847200250023E3E74FF484724FF02E
:101000008075F8E73E610120001000402461012056
:10101000080100601C6101203F6101204461012042
:10102000F8B54E490B78032B0ED14D4AD2F83C3718
:1010300043F00043C2F83C37D2F83C3723F0FF03BB
:1010400043F05C03C2F83C370D78012D25D0022D0A
:1010500014BF4FF040714FF08071424B404A1B78F3
:10106000414EE3B9032D414C1ABF00234FF4847461
:101070004FF4000323430B43C2F8143533785B0667
:1010800043F44033C2F81835394BC2F804051978D7
:101090002846BDE8F840FFF757BF0021DDE7032DE4
:1010A000324C344F1ABF4FF4847400234FF40003C2
:1010B00023430B4343F48013C2F8143533782E4E88
:1010C0005B0643F44033C2F81835C2F804652B4B75
:1010D00042781A800146002411F8023B3B70F81C4C
:1010E0007A70BC700CF022F9254B0222C3F800453F
:1010F000C3F80025234AC3F80825022D224AC3F865
:101100001425C3F80C75C3F8106524D0032D07D13E
:10111000174B1B78012B0CBF4FF440344FF40034B5
:10112000174B002244F08074C3F80445C3F804212F
:10113000C3F80021C3F80821144A127832B1FF2203
:101140007270D3F800210122C3F804230122C3F8EE
:1011500000221A60F8BD4FF48034E1E73E610120BF
:10116000001000400B6101201C610120080100609B
:101170003F6101200B600120FA5D01203C610120EC
:1011800000F00040D95D0120FE5E01200C610120CD
:101190000129F8B54368044628D00288022A1BD1E9
:1011A000C2681B8822F8023C0229A2F1020511D96B
:1011B0000389C668077C0E481E443A4631460CF047
:1011C000B5F80C4B61691F700B4B3A461E603046F8
:1011D0000CF0ACF82846F8BD084D194628460CF02E
:1011E000A5F820882289E1682844F1E71D46F1E747
:1011F0002C6101203061012034610120486101200F
:1012000030B51A4C0221C4F88010BFF34F8FBFF3E2
:101210006F8F174B174A01204FF4804558601861B3
:10122000C2F80855144D00222A70144D2970D3F8C5
:101230003C5725F00045C3F83C57C3F80021D3F8CC
:101240000051C3F80821D3F80851C3F80C21D3F892
:101250000C51C3F81021D3F81031094B9860C3F832
:101260000803C4F88011216030BD00BF00E100E038
:101270000010004000F001404A6201204962012054
:1012800000F00040A44BD3F804232DE9F341D60726
:1012900043D5D3F80021002A3FD00022C3F8002113
:1012A000D3F800219D4A4FF48041C2F808159C4AAA
:1012B0001178012903D1D3F850350A2B07D01378C0
:1012C000022B09D1944BD3F85035022B04D102B034
:1012D000BDE8F041FFF794BF924B1978032918BF7E
:1012E00011781B78042B02D01378022B10D18A4B73
:1012F0000021C3F80411D3F804318B4B4FF40031B3
:10130000C3F80413D3F8441111B10121C3F84411F7
:101310000023137002B0BDE8F081D3F80423550711
:1013200040F12981D3F80821002A00F0248100220D
:10133000C3F808217C48D3F808114FF40031C0F8F5
:1013400008137A494FF48074C1F880410225784926
:10135000C3F800520C78012C40F0A5807149087840
:10136000032855D1734B1B78AB4249D0032B49D18D
:10137000714B1B78012B15BF18220622C023302386
:101380006E49097802293FD0032915BF04206E2039
:1013900020244FF4807414BF082550256249D1F8E9
:1013A00048651344334403F16A029D33C1F8402574
:1013B0002B445A4A624EC2F88465234403444FF4D6
:1013C0008046C2F80465C1F844350023C1F84431B1
:1013D000D1F84431524B02221A70534A0123D3648C
:1013E000D2F84035D2F84C259B1A002B92DA4B4BA1
:1013F0004FF48042C3F80825494B00221A7089E750
:101400000C23BDE71823BBE7142010240825C5E7EB
:1014100009780429E1D1D3F850014A49012804BFD1
:101420000870C3F85021454B18BF0D701A78022A76
:101430002FD0032A30D10B78012B0BBF06201820A8
:101440006FF030026FF0B3020CBF3024C024394B70
:101450001978022925D003294FF0FF3118BF002148
:10146000314E394BD6F8485593F9003065352B4449
:101470002344034413440B44C6F84035274B264A03
:10148000C3F884254FF48042C3F80425244B01227D
:10149000A2E700200C24DAE700206FF001021824F4
:1014A000D5E70121DCE7022C97D11E4A1478042CE1
:1014B0004CD1224B1B78022B2AD0032B15BF0420C2
:1014C0006E2020244FF4807414BF082550254B68EB
:1014D000154A1B4E333BC2F84035104BC3F88465A8
:1014E0004FF48046C3F80465D2F8403551332B449D
:1014F00023440344C2F8443588680023C2F84431C9
:10150000D2F8443100283FF465AFFFF771FC61E782
:10151000142010240825DAE70010004000F00140F4
:101520004A620120496201200080004000E100E0A1
:10153000106101203E6101203F61012024610120F2
:101540000410004025610120406101201278032A27
:101550007FF443AF4A68283AC0F84025444A886877
:10156000C2F884354FF48043C2F8043500288DD08A
:10157000FFF73EFC8AE73F4BD3F8042314077FF5BF
:10158000C9AED3F80C21002A3FF4C4AE3A4D002472
:10159000C3F80C41D3F80C312B78032B0AD102236A
:1015A0002B70FFF7BFFC354B1B68204602B0BDE82F
:1015B000F04118472B78042B7FF4ACAE304A314908
:1015C0001278314B0968D3F848354C782F4E022AEF
:1015D00009D0032A31D0012A04F1070445D10B3B7D
:1015E000A3EBC40403E0063B0834A3EB8404DFF858
:1015F0008480D8F8487500F01BFB254A02232B7025
:101600001278337807F07F070744002A14BF10468A
:101610001846204A1070D8F800241F4812F0010F15
:10162000C7F100010568D8F80C24009349B223469D
:101630000CBF04200020A8476CE632786FF4C0701D
:10164000012A14BFA0211421034404F1020414BF91
:1016500040221022A3EB010302FB14330CBF6FF0F6
:101660001C046FF013041C44C1E7093BB8E700BF3A
:1016700000F0014000100040496201203861012063
:101680002461012044610120008000402561012087
:101690004B6201203F610120206101200B4B37B5D7
:1016A0004FF40032C3F80823A3F5E043D3F8044114
:1016B0004CB9FFF7A5FD064B00941D682246234652
:1016C00021460320A84703B030BD00BF0080004082
:1016D0002061012070470000194A08B500231360FB
:1016E000184A1360184A1360184A012040F2033167
:1016F000C2F85006C2F8341540F25B61C2F83815E2
:10170000C2F82C35C2F83005114A12491376124A34
:101710001070124A1370124A1370124A1070124A53
:101720001370124A1370124A1370124AFFF736FBF5
:10173000BDE808400F4A07490220FFF72FBB00BF52
:101740003861012020610120286101200010004043
:10175000D95D01209D1606001C6101204061012019
:101760000B610120496201203F61012025610120B8
:101770004B62012085120600294B2A4AF0B4002151
:101780000120032482F80113274D82F808135860C2
:10179000D860C3F80415C3F80845244C0426C3F8E0
:1017A00010651860C4F88055A5F5E045383DC4F8CB
:1017B000885505F5DE454035C4F88C554FF4004595
:1017C000C4F804554FF0FF34C3F808434FF4807356
:1017D000C2F880311360164B0227C3F80843C2F8E1
:1017E00080711760134FC7F80843C2F88051156025
:1017F000C3F80011D3F80021C3F80403C3F808119B
:10180000D3F80821C3F80463C3F81011C3F80C110E
:10181000D3F80C210822F0BCC3F80423FFF7F0BC76
:101820000080004000E100E04081004000F0014005
:101830000010004000F0004010B5FFF7E1FC1A4B2B
:101840004FF48042C3F808254FF40042C3F808253E
:10185000164B4FF48070C3F88000BFF34F8FBFF377
:101860006F8F134C4FF0FF31C4F80813C3F8800199
:101870000220C3F88000BFF34F8FBFF36F8FA4F532
:10188000E044C4F80813C3F88001C3F88020BFF314
:101890004F8FBFF36F8F0748C0F80813C3F880213C
:1018A000054B01221A7010BD00F0014000E100E07C
:1018B0000080004000F0004049620120064B0268B1
:1018C0001A60064B42681A60054B82681A60054B25
:1018D000C2681A60704700BF386101202061012092
:1018E000D45D01202861012007C8024B83E807006E
:1018F000704700BF1061012007B50190FFF780FC21
:10190000019803B05DF804EBFFF772BA034B08B916
:101910001870704701221A70704700BF1C610120C7
:1019200038B50A4C0A4D68B1FFF76AFC0323C4F8C6
:1019300010354FF40073C4F850360123236005239B
:101940002B7038BDC4F850060223F9E700100040A0
:10195000496201207FB52B4DFFF71AFCD5F85035B1
:1019600013BB294B294D1C68264E283C0023C5F883
:101970004045C5F84031D5F84031FFF751FB03230E
:10198000C6F8003203A8FFF7F9F9039BE41A002C0C
:1019900025DAFFF7C7FA1E4B01201B68984704B0F1
:1019A00070BD0A2A0ED0DCE703240190FFF728FC63
:1019B00001980023D5F85015DAB20029F1D001338F
:1019C0000B2BF7D1013C14F0FF04EED1FFF7AAFA7C
:1019D0000F4B1B68012004B0BDE8704018470D4B49
:1019E0004FF48042C3F88465C3F80425D5F840312C
:1019F0001BB1D6F85035002BCBD0074B03221A7001
:101A0000CDE700BF00100040D45D01200080004001
:101A10003861012000F001404962012007B5FFF75D
:101A2000B7FBFFF7FDFA134B1B78012BD8B21AD185
:101A3000114B0322C3F80022D3F800216AB1D3F876
:101A400050350B2B09D00190FFF76CFA0B4B019826
:101A50001B6803B05DF804EB1847094B03221A70AA
:101A600003B05DF804FBFFF75DFA044B01201B682F
:101A7000EFE700BF4A6201200010004038610120FA
:101A800049620120074B1B785BB1074B0122C3F869
:101A90000823064B5A78FF2A00D1FEE7044A128831
:101AA0005A7070470C61012000F00040FA5D01207F
:101AB0003C610120F0B587B0CDE90210FFF7A0FB33
:101AC0002E4B2F4C1D680022333DC4F84055C4F8FE
:101AD0004021D4F840312B4B1B78022BDDE902105A
:101AE00032D0032B0BBF642220264FF480760827C8
:101AF00008BF5027DFF8A4C0D4F84035DCF800C098
:101B0000634433333B44334413440026C4F8443520
:101B10001D4FC4F84461D4F84431FFF72DFA40F268
:101B20001313C7F8003205A8FFF728F9059BED1A33
:101B3000B5420CDA154B00961C6833461A46194616
:101B40000120A04707B0F0BD10260827D2E7104BB0
:101B5000104AC3F884254FF48042C3F80425D4F812
:101B6000403133B1D7F850351BB9084A0093146897
:101B7000E4E7094B04221A70E4E700BFD45D0120BA
:101B800000800040246101200010004020610120FD
:101B900000F001400410004049620120286101204A
:101BA00013B5FFF7E9F90F4B1B78022B0BD10E4B46
:101BB00040F21312C3F80022D3F8002162B1D3F827
:101BC0005035032B08D00023084A009314681946A7
:101BD0001A460120A04702E0054B04221A7002B009
:101BE00010BD00BF4A6201200010004020610120AA
:101BF0004962012008B5FFF703FBBDE80840FFF785
:101C000091B9000008B5084B4FF40032C3F808231F
:101C1000064B4FF48072C3F88021FFF7F1FABDE85C
:101C20000840FFF77FB900BF0080004000E100E0FE
:101C3000054B1888054B00F5A06080B2A0FB03039C
:101C4000800D803840B27047F06300206766060060
:101C5000024A00231380024A13807047F063002079
:101C6000EE630020D823037009230B707047000037
:101C7000044BB3F900300380034BB3F900300B8001
:101C8000704700BFF0630020EE630020024B188015
:101C9000024B012019807047F0630020EE630020A2
:101CA000082808B502461EDC831EDBB2062B13D9BA
:101CB00000281ADA031D1ADA10F1080F1ADA10F1E7
:101CC0000C0F1ADA10F1100F1ADA10F1150FCCBF41
:101CD0006FF013026FF0270219B1FFF7A9FF10444C
:101CE00042B2104608BD0922F6E70022F4E76FF081
:101CF0000302F1E76FF00702EEE76FF00B02EBE78C
:101D00006FF00F02E8E740F6060340F272610380CD
:101D100004234180837281814FF4007341F20401F6
:101D20004382C18103830821FB2300220174438382
:101D30004FF4016140F20263C280C1828383C28397
:101D4000038470474FF08053F0B51F6E5E6E451EE2
:101D50000023C3F12004A3F1200127FA03F206FABD
:101D600004F4224326FA01F108330A43302B05F824
:101D7000012FEED1437963F03F034371F0BD4FF083
:101D8000805370B501381E6E5D6E0023C3F12004D0
:101D9000A3F1200126FA03F205FA04F4224325FAFE
:101DA00001F108330A43402B00F8012FEED170BD3A
:101DB0004FF0805310B51A6E02701A6E120A4270FC
:101DC0001A6E120C82701A6E120EC2705A6E027166
:101DD0005A6E120A42715A6E120C82715A6E120EAB
:101DE000C271D3F800110172D3F80041240A447281
:101DF000D3F80041240C8472D3F80041240EC4723D
:101E0000D3F804410473D3F80441240A4473D3F88B
:101E10000441240C8473D3F804311B0EC37302F005
:101E20000F0201F03F0342F0400263F07F03C271F2
:101E3000037210BD042816D8DFE800F003060C0F6B
:101E400012000846FFF77EBF01230B704B708B70AA
:101E5000CB7070470846FFF756BF0846FFF78FBFA5
:101E60000846FFF7A5BF7047094B0022C3F80021C1
:101E70000121C3F804211960D3F8002102B1704791
:101E8000D3F804010028F7D0C3F80421F3E700BF1A
:101E900000E000402DE9F041254C1F460368236116
:101EA000436863610E468368A361C368E3610546C6
:101EB0009046FFF7D9FF337894F8202053403370D1
:101EC00094F8212073785340737094F82220B378EB
:101ED0005340B37094F82320F3785340F3702B6889
:101EE00023616B686361AB68A3610026EB68E36103
:101EF0003546B74201D8BDE8F081E37F0133E3778F
:101F0000FFF7B2FF05F110030A489BB22A4610F80A
:101F1000011B18F802C00135ADB281EA0C01AF42D5
:101F200008F8021001D09D42F0D11036E1E700BF61
:101F30000C6401202C64012083784278417910B52B
:101F4000C47801321B029B184FEA04442CBF0122C3
:101F500000221B1904794FEA046442F100021B19A4
:101F600001F07F0442EB04021C0A437084701C0CD5
:101F70001B0E037121F07F0102F07F030B43C4703D
:101F8000437110BD2DE9F843089EBDF82480174623
:101F90001D46002838D0012814BF4FF03C094FF0EF
:101FA0005C092C4C0B6823614B6863618B68A361EF
:101FB000CB68E36184F81F80FFF756FF4FF480730E
:101FC00023822B78226A23EA09030025A374E5748F
:101FD000236953402361636A6361A36AA361E36A6F
:101FE000E361FFF741FF2946884510D894F8203077
:101FF0003B7094F821307B7094F82230BB7094F8D9
:102000002330FB70BDE8F8834FF01C09C9E701F1EC
:102010001009C84534BFA8EB0102102231440E4814
:10202000C4E90455C4E906550BF080F92369226A16
:1020300053402361626A636953406361A26AA36982
:102040005340A361E26AE3695340E361FFF70CFF89
:102050004946C9E70C6401201C640120C3681ABA10
:10206000074B1A60826812BA5A60426812BA9A60C4
:10207000026812BADA60034AC2F80435704700BF3A
:102080000C64012000E00040F0B5044699B00E4613
:10209000154609F0BFFD234603F110076C4618688A
:1020A0005968224603C20833BB421446F7D1039B4A
:1020B0001BBA0493029B1BBA0593019B1BBA0693A0
:1020C000009B04A81BBA079308AC09F0F1FD2A464F
:1020D000103510685168234603C30832AA421C46D3
:1020E000F7D10B9B1BBA0C930A9B1BBA0D93099B50
:1020F0001BBA0E93089B1BBA0F930CA910A809F0EA
:10210000A3FD0028F9D0139B1BBA1493129B1BBA92
:102110001593119B1BBA1693109B1BBA179314AC03
:10212000334618AD224603CAAA42186059601446C5
:1021300003F10803F6D119B0F0BD00000A4B0122EB
:1021400010B501441A600022884202D101225A606F
:1021500010BDC3F80021D3F80041002CFBD0D3F808
:10216000084500F8014BEFE700D000400E29F8B514
:102170000546164630D8194F07EB41134C01202273
:10218000002118460BF0FAF84FF0010CF10107F8A6
:1021900004C0C9B241712A69C0F8062010346A69C6
:1021A000C0F80A2007F804C095F82920624598BFB6
:1021B000B6FA86F2034698BF520907EB040098BFAF
:1021C000D10141712A69C0F806206A69C0F80A2065
:1021D000C5E90B3005F1100EF8BD00BF4C620120BF
:1021E0002DE9F3410546007E17461E4690B34B7815
:1021F000AA7EEC6A98460AB104334B70EB7E012B41
:102200002BD1EB6963B118880023013080B2E370F1
:10221000237163796070000AA07023F07F036371FB
:102220002846FFF71BFFAB7E43B10B46CDE9007894
:1022300095F8290032462146FFF7A4FE43463A4668
:1022400031462046FFF726FEEB7E13B92046FFF706
:1022500073FEA87E02B0BDE8F081022BE0D12B6AAC
:10226000002BDDD0D3E90023100A6270120CE2705B
:102270006279A070DBB2237122F07F0203F07F034A
:102280001343CCE72DE9F043437E85B005460E4667
:102290001BB9012005B0BDE8F08300230393827EC3
:1022A0004B78046B1F4601F102092AB1042BF0D9C7
:1022B0001F1F043BBFB24B70EB7E012B09EB0708DD
:1022C00048D1EB6983B116F8012C16F8023C03EBF8
:1022D00002239BB263701B0AA3700023E370237177
:1022E000637923F07F0363712846FFF7B7FE414609
:1022F0003B464A462046FFF7CDFDAB7E43B1CDE9D4
:10230000009795F82900334603AA2146FFF73AFEC5
:10231000EB7E13B92046FFF70FFEAB7E002BB8D043
:102320009DF80C2098F800309A4211D19DF80D20AC
:1023300098F801309A420BD19DF80E2098F802309F
:102340009A4205D19DF80F2098F803309A42A0D008
:1023500000209FE7022BC7D16B6A002BC4D0D3E9C2
:102360000023110A6270120CE2706279A170DBB274
:10237000237122F07F0203F07F031343B3E70000D1
:1023800070B5134C00214FF4806584F80A13C4F82B
:102390008050BFF34F8FBFF36F8F0E4B0122032688
:1023A0005A60DA60C3F80415C3F808650426C3F858
:1023B00010654FF0FF361A60C3F80863C3F8401188
:1023C000C4F880512560044B1A70C3E9011070BD38
:1023D00000E100E000A000403C6401200A490B4BF2
:1023E0000A781AB101225A64D3F844251044002215
:1023F000C3F840214FF48032C3F84005C3F80423EA
:10240000022348600B7070473C64012000A000402C
:10241000044B4FF48032C3F80823034B01221A7097
:10242000704700BF00A000403C640120074B4FF400
:102430008032C3F808230022C3F84021044B012254
:102440001A709B6803B11847704700BF00A0004096
:102450003C640120F8B50546064655F8044B8CB996
:102460000D4F386818B14FF0FF31CFF76FF834686F
:1024700024B9284604F046F92C463560386808B17E
:10248000CFF77CF8AC4204D0044905488B2203F016
:102490006FF92046F8BD00BF20070120F436070081
:1024A00027370700036801221B69002118470368CA
:1024B00000221B691146184707B5019003F002FA84
:1024C0000198012105F09AF903B05DF804EB03F0DF
:1024D0000FBA07B5019003F0F5F90198002105F056
:1024E0008DF903B05DF804EB03F002BA07B5CDE94E
:1024F000001003F0E7F9DDE9001005F05DF903B025
:102500005DF804EB03F0F4B9416830B4034671B1EF
:10251000D0E9032000F0010402B944B1451001EBF9
:1025200060000CB149598A58996830BC104730BCDA
:102530007047000008B5431C04D10E490E48212203
:1025400003F016F9012351B11F2886BF0B4A00F092
:102550001F004FF0A0428340C2F8083508BD1F2875
:1025600086BF064A00F01F004FF0A0428340C2F829
:102570000C35F3E74A3707008908070000030050CD
:10258000064B10B504460360806A08B102F03AFCBD
:10259000201DCBF7ADFE204610BD00BF90370700D1
:1025A00010B50446FFF7ECFF2046A82103F0F0FE2B
:1025B000204610BD036870B504460D461B68984759
:1025C00004F13000A567294605F028FA2368204663
:1025D0005B68BDE8704018477FB506461D4656F853
:1025E000303BCDE902211B68044698479DF8203016
:1025F00083F00103DDE90221009330462B4605F00C
:1026000069FA236806465B6820469847A81B18BFEE
:10261000012004B070BD7FB506461D4656F8303B1C
:10262000CDE902211B68044698479DF8203083F0CD
:102630000103DDE90221009330462B4605F02EFA16
:10264000236806465B6820469847A81B18BF0120F0
:1026500004B070BD7FB500240126154623462246EE
:1026600002A800968DF8084002F06CF903A80096C5
:102670002346224629468DF80C4002F063F903A850
:1026800005F06CF8002853D002A805F067F8B042B6
:1026900002D1002004B070BD214603A8FFF726FF39
:1026A00003A8FFF709FF0A24002103A8FFF71EFF74
:1026B00000219DF90C00FFF73DFF052003F09EFF70
:1026C000032103A8FFF712FF9DF90C000121FFF77A
:1026D00031FF052003F092FF013CE5D102A8FFF78E
:1026E000EBFE21469DF90800FFF724FF052003F0CB
:1026F00085FF01219DF90C00FFF71CFF052003F069
:102700007DFF01219DF90800FFF714FF052003F06C
:1027100075FF02A8FFF7DDFE03A8FFF7DAFE03A8A6
:1027200005F01CF820B102A805F018F80028B0D177
:102730006FF00100AEE710B500210446242240F8F6
:10274000041B0AF01BFE204610BD08B57C30FFF7C5
:1027500081FEBDE8084003F0DDBF08B57C30FFF71F
:1027600079FEBDE8084003F0F3BF0000F8B5194B4F
:1027700003600D46184B4361002100F13007044609
:10278000C0E90711C0E90911016181851646806120
:10279000482238460AF0F2FD104BA36704F17C0092
:1027A000FFF7C9FF2046FFF7D0FF3246294684F8DD
:1027B000A45084F8A5602046FFF74CFF94F9A520AB
:1027C00094F9A410384605F0E3F82046FFF7C5FF5A
:1027D0002046F8BD9037070009250600A0860100B5
:1027E00070B504460D461646002148220AF0C6FD83
:1027F00032462946204605F0CBF82046044905F02C
:102800000DF92046012105F087F9204670BD00BF73
:10281000A086010005F002B9CAB2002342F001020D
:10282000194605F0DDB905F089B905F099B910B57B
:10283000144605F0B5F9001B18BF012010BD05F0C6
:1028400005B97047416830B4034671B1D0E903203F
:1028500000F0010402B944B1451001EB60000CB175
:1028600049598A58996830BC104730BC70470000FD
:1028700070B500F14C0690F9DF2090F9DE100446A7
:10288000304605F021FDD4E939530DB9DA070ED5EC
:102890005A1004EB6300DB0748BFA35894F8EC1010
:1028A00048BF5D5994F9ED2094F9EE30A847D4F86B
:1028B000D810304605F01EFE224630460249BDE8DB
:1028C000704005F0F5BE00BF9D2B06002DE9F041DC
:1028D0001F46D0F8E03004460D4616462BB1174986
:1028E000174840F22B1202F043FF164AC0E9392381
:1028F00003681B68984784F8EC5084F8ED6084F80E
:10290000EE70032D0BD8DFE805F0150210154FF01F
:10291000FF333246012104F14C0005F0A3FE236889
:1029200020465B68BDE8F041184733464FF0FF3260
:102930000221F0E73B4632462946ECE7A037070084
:10294000C8370700CD2806002DE9F04198461D4BF9
:1029500003601D4B436000251C4B85600446C0E9A5
:102960000555C0E907550F461646C3608584456383
:102970004564A0F848506C22294600614C300AF0AA
:10298000FDFC40F20113A4F8DC304FF47F43A4F8BF
:10299000EC30FF232046C4E93558C4E93855C4E972
:1029A0003C55C4F8C45084F8DE7084F8DF60C4F885
:1029B000E85084F8EE30C4F8F850FFF759FF20468D
:1029C000BDE8F081E83707007128060045280600B9
:1029D00070B50646044656F84C3B0D461B689847B2
:1029E0003046294605F086FD2368C4F8D8502046B5
:1029F0005B68BDE8704018477FB50546044655F84A
:102A00004C6B0193CDE902213668B047DDE9013214
:102A10002846039905F0EEFD23685B68204604B064
:102A2000BDE87040184738B50546044655F84C3B9C
:102A30001B689847284605F0EFFE236805465B684B
:102A400020469847284638BD38B50546044655F80F
:102A50004C3B1B689847284605F0FEFE2368054658
:102A60005B6820469847284638BD03682DE9F34146
:102A700005461B6816460F46984795F8DC3034012A
:102A800003B1B6B195F8DD300BB1012E11D0B834D9
:102A90002819B84206D00190CBF72AFC0198394694
:102AA000F7F7B7FC2B685B68284602B0BDE8F04139
:102AB0001847B83402F006FF2C44FA68E36805F1C1
:102AC0004C089AB10BB903F03BF9A74206D0204657
:102AD000CBF70EFC39462046F7F79BFC0122314626
:102AE000404605F0F5FD02F003FFDBE70BB103F014
:102AF0003DF92046CBF7FCFB0022E260EFE7000047
:102B000030B51B4B036085B000252A466946044654
:102B10000395FFF7AAFF6846CBF7EAFB0122694657
:102B200020460395FFF7A1FF6846CBF7E1FB94F839
:102B3000DC3013B994F8DD301BB104F14C0005F022
:102B4000A3FC04F1C800CBF7D3FB04F1B800CBF72A
:102B5000CFFB04F13800CBF7CBFB04F12800CBF717
:102B6000C7FB206A08B102F04DF9204605B030BD20
:102B7000E837070010B50446FFF7C2FF2046FC21E6
:102B800003F006FC204610BD4C3005F0CDBD10B55D
:102B90004C300C4605F00AFE204610BD00EB01103B
:102BA000B83008B5C3680BB1FDF72AFF08BD03684C
:102BB00070B504461B680D46984794F8DC30AB426C
:102BC0002BD065B194F8DD304BB9A2686368511021
:102BD00004EB6200D20744BF6258D358984702F012
:102BE00071FE05B3D4F8C4305BB104F1B800FDF751
:102BF00007FF03F0A5F80122002104F14C0005F0C5
:102C000067FD02F075FE84F8DC5035B994F8DD30CC
:102C10001BB904F14C0005F037FC236820465B68C3
:102C2000BDE8704018472A46294604F14C0005F0DB
:102C30004FFDD4F8C430002BE3D003F097F8E0E761
:102C4000036870B504461B680D46984794F8DD305C
:102C5000AB422BD065B194F8DC304BB9A268636805
:102C6000511004EB6200D20744BF6258D358984712
:102C700002F028FE05B3D4F8D4305BB104F1C800EB
:102C8000FDF7BEFE03F05CF80122114604F14C0092
:102C900005F01EFD02F02CFE84F8DD5035B994F8E5
:102CA000DC301BB904F14C0005F0EEFB2368204634
:102CB0005B68BDE8704018472A46012104F14C00CA
:102CC00005F006FDD4F8D430002BE3D003F04EF825
:102CD000E0E770B5D0E90213D0E9082504465218A0
:102CE00045EB030300F078F9636B2BB104F1280086
:102CF0001B68BDE87040184770BD884270B5044637
:102D00000D460AD0CBF7F4FAEB68E3602BB1294605
:102D100020465B68BDE87040184770BD38B5044672
:102D2000154600F043F9064B236000220023C4E956
:102D300008230023636384F83850204638BD00BF61
:102D40000038070013B5044601A802F063F82046D6
:102D500000F04CF9636B23B194F838300BB103F0F9
:102D600005F804F12800CBF7C3FA0023636301A838
:102D700002F058F802B010BD70B5054614461E4664
:102D800000F034F9C5E90846A86901F0FDFF2218F2
:102D900046EB01032846BDE8704000F01DB9F7B5C9
:102DA000044601A81D460F46164602F033F8636B31
:102DB00023B994F838300BB102F0C2FF394604F160
:102DC0002800FFF79AFF32462B462046FFF7D4FF34
:102DD00001A802F027F803B0F0BD000010B50446CA
:102DE00001F0CCFD002201462046FFF797FF024B81
:102DF0002360204610BD00BFA432070030B5436BEE
:102E000085B00446F3B100F1280503935B682946B9
:102E1000684698472846CBF76BFA0023636394F81B
:102E200038300BB102F0A2FF039B2BB906490748CB
:102E30004FF4FD7202F09CFC68461B689847684698
:102E4000CBF756FA05B030BD342C0700632C0700D1
:102E500010B5044601F092FD002201462046FFF71E
:102E60005DFF024B2360204610BD00BF0C380700F9
:102E7000437D10B504461BB1037D0BB102F076FF14
:102E8000204610BD13B5044601A801F0C3FF637DC1
:102E900053B9237D0BB102F053FF206901F074FF99
:102EA000C4E900010123637501A801F0BBFF02B072
:102EB00010BD37B504460D4601A801F0ABFF002355
:102EC0000022C4E900236B7D4BB1286901F05CFF4F
:102ED000D5E90032C01A61EB0201C4E9000101A882
:102EE00001F0A0FF204603B030BD30B585B00446E8
:102EF0000D4603A801F08EFF29466846FFF7D9FF6B
:102F0000D5E90221009B9B18019A42EB0102C4E91A
:102F1000003203A801F086FF204605B030BD07B59A
:102F200001466846FFF7E1FFDDE9000103B05DF807
:102F300004FB13B5044601A801F06CFF206901F001
:102F400023FF00220023C4E90001C4E9022301A8F1
:102F500001F068FF02B010BDD0B5002300260027A5
:102F6000C0E90067C0E90267044601610275437564
:102F7000FFF7DFFF2046D0BD10B5044601F02EFF5D
:102F8000012201462046FFF7E7FF204610BD10B59D
:102F9000044601F0F3FC002201462046FFF7DCFF67
:102FA000204610BD03681B681847000010B5044692
:102FB000074B236000220023C4E9022300230846B4
:102FC000A161C4E90433034901F06EFE204610BD3F
:102FD00024380700A52F060007B5009000F108016E
:102FE000806901F09EFE03B05DF804FB00F108016A
:102FF000806901F0AEBE000010B5034B03600446CB
:10300000FFF7F4FF204610BD24380700002070476A
:103010006FF01C0070476FF01C0070476FF01500D8
:1030200070476FF01500704701207047012070470E
:10303000002070470020704770B511F0010405466C
:103040008EB204D0FFF7EFFC041E18BF0124F30674
:1030500005D52846FFF7F8FC08B144F010042046D7
:1030600070BDA0F1FC00FFF7E7BF08B5FFF79FFDBB
:10307000002008BDA0F1FC00FFF7F7BF08B5FFF77F
:10308000DFFD002008BDA0F1FC00FFF7F7BF000046
:1030900010B5034B03600446FFF732FD204610BD18
:1030A00030380700A0F1FC00F2E700BF10B504467D
:1030B000FFF7EEFF20464FF4807103F069F92046D8
:1030C00010BDA0F1FC00F1E72DE9F04106460D46E8
:1030D0001746C2B102F0F3FB80F0010313F0FF04C6
:1030E00003D0336830461B68984705EB070815F88E
:1030F000011B3046FFF74BFDA845F8D11CB13368E2
:1031000030465B6898473846BDE8F081A0F1FC0086
:10311000FFF7DABF38B504460D4662B103681B6895
:1031200098472046FFF730FD2870236820465B68EB
:103130009847012038BD1046FCE7A0F1FC00FFF7DE
:10314000E9BF000010B50446FFF7FEFB044B03F196
:10315000080244332260C4F8FC30204610BD00BF92
:103160002838070030B5056885B00446CDE902214E
:1031700001932D68A847DDE9013220460399FFF746
:10318000A5FB23685B68204605B0BDE830401847C2
:1031900030B5044685B004F1080502F093FB2946DA
:1031A0006846F7F736F92846CBF7A2F8E06900231E
:1031B000C4E9053308B103F02DFB02F099FB039B32
:1031C00013B11B68684698476846CBF791F805B07D
:1031D00030BD0000002204494260C0E905220160C0
:1031E000C2610284704700BF04390700074B10B565
:1031F00003608369044623B105490648262202F08C
:10320000B7FA0830CBF774F8204610BD0439070030
:10321000B4380700DD38070070B504460E4602F0EA
:1032200051FBA56965B104F10800CBF761F80023F3
:103230000122636184F82020E36184F82160A361A6
:1032400002F056FB2DB121462846BDE8704000F043
:103250002EB970BD08B103F05DBA02F033BB08B1FE
:1032600003F076BA02F044BB2DE9F041044686B083
:103270000E46174602F026FBA56902F039FB35B36E
:1032800001AD0021284603F09FFA02F01BFBD4E9B0
:10329000068323B10F491048392202F069FAE5612B
:1032A00002F026FBB8F1000F0ED03946284603F095
:1032B00093FA48B93046FFF7CDFF20460121FFF7CA
:1032C000ABFF3046FFF7CBFF284603F0A6FA06B067
:1032D000BDE8F081B4380700EB3807000022C0E9F0
:1032E000012201220160027370477047037B33B1F2
:1032F000D0E90023126893428CBF002301231846B3
:1033000070472DE9F0410468012606FA01F1002317
:10331000271D82EA060E17F813400C4204D004F071
:1033200030043AB1102C07D10233202BF3D14FF0E7
:10333000FF300DE0002CF7D0D0F808C042EA0305BA
:1033400006FA05F818EA0C0FEED1202C02D0284618
:10335000BDE8F0814EEA030406FA04F414EA0C0F07
:10336000F5D0E1E770B50D4611462A4604461E46E3
:10337000FFF7C7FF002802DA0020207370BD256820
:103380006368420805EB8205E98819446B7906FBFE
:10339000031363600121A36881400B4342EAC0101C
:1033A000A360C0B2EAE713460A460121FFF7DABF7D
:1033B00013460A460021FFF7D5BF13B50A4601910F
:1033C00000210446FFF7EFFF019A0021204602B0DA
:1033D000BDE81040FFF7ECBF0022C0E900227047B3
:1033E00070470068704700230B60436813B90160A1
:1033F000416070471960FBE703682BB11A6802B996
:103400004260026000221A601846704710B50468D6
:10341000002223468B420ED10AB10B6813608C4206
:1034200004BF0B68036043688B424FF0000308BF82
:1034300042600B6010BD002BFCD01A461B68E9E708
:1034400010B50446FFF7C8FF204610BD08B5FFF7CA
:10345000C8FFB0FA80F0400908BD70B5054628469F
:10346000FFF7BFFF044678B150F8043C061F9B6885
:103470003046984740B12846FFF7BEFF54F8043C59
:103480003046DB689847EAE770BD70B504460D46E4
:10349000FFF7A7FFAC610646291D2046FFF7A3FFF3
:1034A00026B92046BDE87040FFF7D7BF70BD70B5A4
:1034B00005460C46FFF795FF064604B10434214645
:1034C0002846FFF7A3FFA64204D12846BDE8704076
:1034D000FFF7C3BF70BD10B504462046FFF781FF5C
:1034E00028B150F8043C0438DB689847F5E710BD74
:1034F00010B50446FFF7EFFF2046FFF771FF2046A7
:1035000010BD7047704703689B6D184770B586B053
:10351000154B01930023ADF808308DF80A3040F2C6
:103520000123ADF8123040F2031390F820434168B4
:103530000289ADF8143000F10A038DF80B400391B5
:10354000ADF8102001AC05AE1D46224603CAB242BA
:1035500018605960144603F10803F6D112881A80E6
:10356000284606B070BD00BF120100020048704737
:10357000EC3B070000487047243C070000487047B8
:10358000F03B070000487047363C07000048704792
:103590001C3C070000487047063C0700036810B554
:1035A00004465B6F9847D4F8EC0203681B6F98479A
:1035B000236820469B6FBDE81040184738B5D0F807
:1035C0003433012B044610D10025D4E9C93000F072
:1035D000010203B94AB14110C4E9C95504EB6000C6
:1035E0000AB16258D3589847EFE7D4F834332BB96F
:1035F0000649074840F2C66202F0BAF8013BC4F837
:103600003433BDE8384002F073B900BF1439070005
:103610003F39070008B5D0F834332BB903490448C3
:1036200040F2CD6202F0A4F808BD00BF14390700D3
:103630003F39070010B5044602F044F9D4F834339A
:103640000133C4F834332BB9034904484FF4D7622B
:1036500002F08EF810BD00BF143907003F39070093
:10366000036837B5DB6F0D460446984715F0700FB9
:1036700001D12B0706D100231049114800931A46A7
:1036800002F09AFA6B0003F01E0343EAD5118B1E79
:10369000182000FB034393F831206AB1013900FB85
:1036A0000140013A043083F83120C36823B11B681C
:1036B00003B0BDE83040184703B030BD4B390700B8
:1036C00004011580036873B50446DB6F9847B4F8AE
:1036D000F8120B0A022B25D0032B56D0012B04D154
:1036E000236820461B6B984708B9002018E0236820
:1036F00020461B6B98470678122EF6D12368204689
:103700001B6B98474578012DEFD12368C4F80463FB
:103710001B6B2046984784F80853C4F800032846DA
:1037200002B070BD2368C9B25B6B01912046984717
:103730000028DAD0236801995B6B2046984703780C
:103740000199092BD1D1236820465B6B98474378B8
:103750000199022BC9D1236820465B6B98472368E7
:1037600085785B6B019920469847C378019945EAB3
:1037700003252368C4F804535B6B20469847C4F8BC
:103780000003012084F80803CAE7C9B20529ACD8B0
:10379000DFE801F0030F19232D37236820469B6BC8
:1037A00098470378C4F8043323689B6B20469847F6
:1037B000E5E723682046DB6B98470378C4F80433B9
:1037C0002368DB6BF2E7236820461B6C984703787D
:1037D000C4F8043323681B6CE8E7236820465B6C5D
:1037E00098470378C4F8043323685B6CDEE72368EA
:1037F00020469B6C98470378C4F8043323689B6C7D
:10380000D4E723682046DB6C98470378C4F8043378
:103810002368DB6CCAE70B78DB0913700B78C3F302
:10382000411353700B7803F01F0393704B78D370E0
:103830004B8893808B88D380CB881381704700009E
:10384000036870B504465B6F0D46984794F80C33D7
:10385000022B05D009490A4840F23D1201F088FFC9
:10386000084BC4F824330023C4F82833236884F8B1
:10387000105320469B6FBDE870401847143907006D
:103880006A390700693D060038B503680446DB6FF6
:10389000984794F8083313B10025284638BDD4F86A
:1038A000EC0203685B6C9847D4F804239042F3D889
:1038B000D4F80013121A0144C4F80013C4F8042306
:1038C000A2B994F80A53022384F80C3345B1236853
:1038D00084F80A239B6E04F53D7120469847DCE787
:1038E00001212046FFF7ACFF0125D6E7D4F8EC0212
:1038F000D4F820430368A2421B6C28BF2246984795
:10390000F2E70000036813B50446DB6F984794F8AC
:103910001C33012B06D800230F4900931A460F4889
:1039200002F04AF994F80C3323B100230C490093B8
:103930001A46F4E794F80B33032B0BD02046FFF71D
:10394000A3FF38B9D4F8EC020368DB6C02B0BDE821
:103950001040184702B010BD953907000E011580C0
:10396000BD39070038B503680446DB6F984794F803
:103970000833012B3BD1D4F8045335B994F80933FB
:103980000BB901252CE084F80953D4F82033D4F87E
:10399000EC02D4F800139D4228BF1D4603682A4656
:1039A0009B6C9847D4F800332B44C4F80033D4F808
:1039B00004335B1BC4F80433002BE2D194F80923D1
:1039C000002ADED194F80A53022384F80C334DB157
:1039D000236884F80A239B6E04F53D7120469847BE
:1039E000284638BD01212046FFF72AFFC9E70025F8
:1039F000F6E70000036813B50446DB6F984794F8B8
:103A00001C33012B06D800230B490C4800931A469F
:103A100002F0D2F894F80B33032B0BD02046FFF7BB
:103A2000A1FF38B9D4F8EC020368DB6C02B0BDE842
:103A30001040184702B010BD953907000E011580DF
:103A4000036870B504465B6F0D46984794F80C33D5
:103A5000032B05D009490A484FF4C37201F088FED0
:103A6000084BC4F824330023C4F82833236884F8AF
:103A7000105320469B6FBDE870401847143907006B
:103A8000073A07002748060010B503680446DB6FB5
:103A90009847012004F21D33C4F80033C4F804032E
:103AA00084F8080310BD036810B50446DB6F98471F
:103AB00094F81C33042B01BFB4F82E33A4F8FA3267
:103AC000012004F54C7303BFC4F80033C4F80403A9
:103AD00084F80803002010BD036810B5DB6F0446AE
:103AE0009847042384F80C33236894F8F8221B6F5A
:103AF000B4F8FA1220469847012010BD036870B54B
:103B000004465B6F0D46984794F80C33042B05D0A0
:103B100009490A484FF4EB7201F02AFE084BC4F839
:103B200024330023C4F82833236884F81053204634
:103B30009B6FBDE87040184714390700333A0700FF
:103B4000F93D0600036810B50446DB6F984794F80A
:103B50001C33042B02D0B4F8FA3233B994F8F6329D
:103B6000012B25D0022B02D023B300201FE0B4F894
:103B7000FA2222F08F03002BF7D112F00F030CD0A2
:103B8000530003F01E0343EAD213023B182202FB48
:103B9000034393F83030C3F34003074AC4F80023CB
:103BA000138001200223C4F8043384F8080310BDF5
:103BB0000023F2E70123F0E74864012010B5036811
:103BC000044690B0DB6F9847D4F8EC02D4F8202379
:103BD00003686946DB6B984704F53D7269462046E9
:103BE000FFF719FE0023C4F80833C4E9C0330123EA
:103BF00084F80C33236811465B6E984710B010BDF3
:103C0000036813B50446DB6F984794F81C33012B07
:103C100006D800230A490B4800931A4601F0CCFF4E
:103C200094F80C23012384F82C332AB9204602B0DF
:103C3000BDE81040FFF7C2BF84F82D3302B010BDBD
:103C4000953907000E0115802DE9F0411D460368E6
:103C500004465B6F0F461646984794F80C33012BC9
:103C600005D00B490B4840F2BA2201F081FD0A4B06
:103C7000C4F824330023C4F82833236884F810736D
:103C8000C4E9C56520469B6FBDE8F041184700BFF9
:103C9000143907005B3A07009B460600036870B5BD
:103CA0000446DB6F9847B4F8FC2292B394F8F41200
:103CB00094F80833012925D1012B06D0D4F8EC0261
:103CC0000368DB6CBDE870401847D4F804339342B6
:103CD00001D9C4F804230129D4F8043326D193422E
:103CE00008D2D4F82023B3FBF2F002FB10330BB957
:103CF00084F80913022384F80B332046BDE8704092
:103D0000FFF730BE002BD9D1D4F804339342E2D070
:103D1000D4E7D4F8EC02D4F804230368002AD0D105
:103D2000032184F80B139B6C11460EE0D4F8EC02CF
:103D30000122016884F80B23D4F820230D6CD4F8F9
:103D400000139A4228BF1A462B46BDE87040184718
:103D500010B503680446DB6F9847002384F82D33C1
:103D6000032384F80B3310BD036810B5DB6F0446E2
:103D70009847002284F80C2394F82D2394F81033EC
:103D800022B12046BDE81040FFF7E2BF33B9D4F8B6
:103D9000EC020368BDE81040DB6C184794F80B3365
:103DA000012B0AD1D4F8EC02032384F80B33036807
:103DB0009B6CBDE8104011461847022B07D1D4F880
:103DC000EC02032384F80B3303681B6CF1E710BD8E
:103DD000036810B5DB6F04469847002384F82C3342
:103DE00094F80C3323B92046BDE81040FFF7B0BF6C
:103DF000012384F82D3310BD036810B5DB6F044632
:103E00009847002284F80C2394F82D2394F810335B
:103E100022B12046BDE81040FFF79ABF63B1B4F865
:103E2000FA32A4F82E33B4F8F83284F8303320464E
:103E3000BDE81040FFF732BFD4F8EC020368BDE8DC
:103E40001040DB6C1847036810B504465B6F984759
:103E500094F8F03283B9D4F8EC02036821469B68E9
:103E60009847D4F8EC02036840219B6B98470123E4
:103E7000C4F8200384F8F032236820469B6FBDE825
:103E80001040184738B5036804465B6F984794F8AC
:103E90001C53236820469B6FEDB298472B1F584256
:103EA000584138BD036810B55B6F044698472046FB
:103EB000FFF7C9FF94F8F1323BB9D4F8EC0203687C
:103EC0005B699847012384F8F132236820469B6F91
:103ED000BDE81040184700002DE9F04F904685B02E
:103EE00002680391526F0293DDF8389005469047BF
:103EF000039911F0700F03D111F00F0F029B06D13F
:103F000000232B492B4800931A4601F055FE95F8E3
:103F1000F2723FB92B6828469B6F9847384605B028
:103F2000BDE8F08F4C0004F01E0444EAD114A61E34
:103F30004FF0180B0BFB065A9AF83020D20705D524
:103F40001D491E484FF48E6201F012FCB8F5806FD7
:103F500004D919491A4840F27142F5E7D5F8EC0244
:103F60000268176D4246B84707460028D2D0601E47
:103F70000BFB0050043048450BD00290CAF7B8F94B
:103F8000D9F80C30CAF828301BB15B680298494652
:103F90009847182303FB065696F83030A6F82C8075
:103FA00043F0010386F83030002386F83130B1E762
:103FB0004B39070004011580143907007E3A0700C9
:103FC000A03A0700D0F8EC0203685B6B18470000CA
:103FD000F8B50F461949044640F81C1B0025064653
:103FE00004F53B71F5601836B142FBD1E380BDF8B2
:103FF00018302381A28000214FF4347209F0BEF9F9
:104000002822002104F53D7009F0B8F90123C4E924
:10401000C855C4E9CA55C4F8EC72A4F8F05284F843
:10402000F252C4F8345384F8305384F81C3384F8C3
:104030001D5384F81E532046F8BD00BF6C3B07009B
:1040400038B503685B6F0D46044698472B071FBFC2
:104050006B0003F01E0343EAD5118B1E1BBF182211
:1040600002FB0343D4F820539D8D236820469B6FA9
:104070009847284638BD00000368F7B55B6F0E46C9
:104080000546984736F08F0701D1320706D1002345
:104090001749184800931A4601F08EFD740004F089
:1040A0001E0444EAD6141823023C03FB045494F87B
:1040B0003030DB0709D42846FFF7E4FE80B10E4913
:1040C0000E4840F28C5201F053FB94F831303BB172
:1040D000D5F8EC0203683146DB6E984784F83170FE
:1040E0002B689B6F284603B0BDE8F040184700BF1F
:1040F0004B3907000401158014390700B83A07004E
:10410000036873B55B6F0E460446984716F0700F50
:1041100001D1310706D100231A491B4800931A46E2
:1041200001F04AFD750005F01E0545EAD615182375
:10413000023D03FB054595F83030DA0709D42046E7
:10414000FFF7A0FEB0B11149114840F2CC4201F096
:104150000FFB43F0020385F83030D4F8EC0203681B
:1041600031469B6D984795F831301BB1314620465A
:10417000FFF782FF23689B6F204602B0BDE87040C6
:10418000184700BF4B390700040115801439070098
:10419000B83A0700036810B50446DB6F984794F8F7
:1041A0001C33042B02D0B4F8FA32A3B994F8F632D7
:1041B000022B10D1B4F8FA1231F08F000BD111F0AC
:1041C0000F030AD0B4F8F83223B92046C9B2FFF77A
:1041D00097FF012010BD0020FCE71846FAE7000019
:1041E0000368F7B55B6F0E460446984716F0700FEC
:1041F00001D1310706D100231C491D4800931A46FE
:1042000001F0DAFC750005F01E0545EAD615023D01
:10421000182707FB054393F83020D20709D420461E
:10422000FFF730FED0B11349134840F2F14201F0DC
:104230009FFA93F831301BB131462046FFF71CFF3F
:1042400007FB0545314695F8303023F0020385F829
:104250003030D4F8EC020368DB6D984723689B6F1D
:10426000204603B0BDE8F040184700BF4B390700B7
:104270000401158014390700B83A0700036810B527
:104280000446DB6F984794F81C33042B02D0B4F833
:10429000FA32A3B994F8F632022B10D1B4F8FA121C
:1042A00031F08F000BD111F00F030AD0B4F8F832BF
:1042B00023B92046C9B2FFF793FF012010BD0020AB
:1042C000FCE71846FAE700002DE9FF41984603682D
:1042D00003920E465B6F0746984736F08F0403D172
:1042E00016F00F0F039A06D10023204920480093AF
:1042F0001A4601F061FC750005F01E0545EAD61569
:104300001823023D03FB057595F83030DB070AD40E
:104310003846FFF7B7FD044688B11649164840F203
:10432000AF5201F025FAAB8D434505D91349144826
:10433000009423462246DCE795F8311039B13B68FA
:1043400038469B6F9847204604B0BDE8F081D7F807
:10435000EC0201680C6E3146A04704460028EED0FE
:1043600095F83130013385F83130E8E74B390700F3
:104370000401158014390700B83A0700C63A07004F
:1043800005011580036837B55B6F0D4604469847F5
:1043900015F0700F01D12A0706D1002315491648E0
:1043A00000931A4601F008FC6B0003F01E0343EA79
:1043B000D513023B182202FB034393F83030DB078E
:1043C0000AD42046FFF75EFD054660B10B490C4854
:1043D00040F2E95201F0CCF9D4F8EC020368294626
:1043E0005B6E98470546236820469B6F9847284692
:1043F00003B030BD4B3907000401158014390700A4
:10440000B83A07002DE9FF419846036803920E462B
:104410005B6F0746984736F08F0503D116F00F0FF4
:10442000039A06D100232249224800931A4601F03C
:10443000C3FB740004F01E0444EAD6141823023CA3
:1044400003FB047494F83030DB070AD43846FFF7D6
:1044500019FD054688B11849184840F20A6201F072
:1044600087F9A38D434505D21549164800952B467B
:104470002A46DCE794F831303BB13B6838469B6F05
:104480009847284604B0BDE8F081D7F8EC020368ED
:1044900031469D6E4346A847054638B194F8313001
:1044A000A4F82E80013384F83130E6E7E085E4E7B4
:1044B000173B07000401158014390700B83A0700BC
:1044C000353B070005011580036837B55B6F0D4666
:1044D0000446984715F0700F01D1290706D1002333
:1044E0001249134800931A4601F066FB6B0003F073
:1044F0001E0343EAD51118228B1E02FB034393F8D7
:104500003020D2070AD42046FFF7BCFC054630B164
:104510000849094840F2496201F02AF9DD8D236813
:1045200020469B6F9847284603B030BD4B390700A3
:104530000401158014390700B83A0700036870B504
:104540000446DB6F0D46984794F81C2384F81C53EF
:10455000AA42D3B226D0032B09D9032D8CBF002643
:104560000126012B05D9012D03D88EB103E00026C9
:10457000F7E786B100264FF43472002104F11C00E5
:1045800008F0FCFE002384F81D3384F8F23216B1E3
:104590002046FFF71DFC2368294620461B6EBDE818
:1045A0007040184770BD036810B50446DB6F98472C
:1045B000D4F8EC0294F8F8120368DB6A9847B4F870
:1045C000F8322BB902212046FFF7B8FF012010BDB9
:1045D0000321F8E7036810B50446DB6F984794F8A9
:1045E000F81284F81D1351B9D4F8EC0203681B6A61
:1045F000984703212046FFF7A1FF012010BD0123AA
:1046000084F8F232032384F80C3323682046DB6EEF
:104610009847F2E7036810B50446DB6F984794F8B3
:10462000F532C3BB94F8F7320B2B34D8DFE803F034
:10463000060B331033151A331F24292E2046BDE8EC
:104640001040FFF77FBA2046BDE81040FFF716BEC6
:104650002046BDE81040FFF79DBD2046BDE8104054
:10466000FFF7A1BF2046BDE81040FFF72BB820465A
:10467000BDE81040FFF708BA2046BDE81040FFF73C
:10468000A9BF2046BDE81040FFF70DBA2046BDE89F
:104690001040FFF721BA002010BD036810B5DB6F92
:1046A00004469847002084F80C0394F82D0394F8EE
:1046B0001033D4E9C52190B1012B0BD8022384F823
:1046C0000C33236804F53D7120469B6EBDE8104015
:1046D000012218472046BDE81040FFF739BB042BE4
:1046E00012D12046FFF796FF30B9D4F8EC020368E8
:1046F000BDE81040DB6C184794F80C3373B92046C2
:10470000BDE81040FFF7CABA032BEED00120C4E980
:10471000C02184F80A0384F80833F0E710BD036869
:1047200010B5DB6F0446984720460221FFF706FFCD
:10473000002384F81E332046FFF74AFB23682046F7
:10474000DB6DBDE810401847036810B504465B6F89
:10475000984794F8F1323BB1D4F8EC0203689B69B6
:104760009847002384F8F13294F81C33012B03D9C5
:1047700001212046FFF7E2FE002384F81D3384F870
:104780001E33236820469B6FBDE81040184703681E
:1047900010B504465B6F984794F8F03253B1204649
:1047A000FFF7D2FFD4F8EC020368DB6898470023D8
:1047B00084F8F032236820469B6FBDE8104018470C
:1047C0000D4B70B5036090F8F03204462BB10B49E5
:1047D0000B4840F2625200F0CBFFFFF7D8FF04F520
:1047E0003B7504F11C06B54204D0183D2846C9F7B4
:1047F0007FFDF8E7204670BD6C3B070014390700C9
:10480000563B070038B503680D46DB6F04469847F2
:1048100045B994F81C332BB129462046BDE83840F1
:10482000FFF78CBE38BD036870B50446DB6F984750
:1048300094F82D3394F8106303B97EB92046FFF73E
:1048400021FB054650B901464FF4347204F11C00B7
:1048500008F094FD84F81D5384F8F252002384F884
:104860000C3394F82D3323B12046BDE87040FFF798
:104870006FBAD4F8EC02036856B1DB69984720465A
:104880000421FFF75BFE2046BDE87040FFF706BA43
:10489000BDE87040DB6C184770B50E4604461546FF
:1048A00002F038FF013609D02046002102F0A6FFB1
:1048B00029462046BDE8704002F07EBF70BD000072
:1048C00008B5431C04D10E490E48212200F050FFC8
:1048D000012351B11F2886BF0B4A00F01F004FF083
:1048E000A0428340C2F8083508BD1F2886BF064A8B
:1048F00000F01F004FF0A0428340C2F80C35F3E7F0
:104900004A3707008908070000030050F8B50F4632
:10491000044615461E4602F0FDFE01370ED094F9FE
:1049200000003146FFF7CCFF2046012102F066FF70
:1049300029462046BDE8F84002F03EBFF8BD0322FC
:10494000FFF7AABF73B5164604461A460D46069BE6
:104950006EB90193FFF7A0FF01350DD0019B94F9CB
:104960000000194602B0BDE87040FFF7A9BF02B0D1
:10497000BDE87040FFF7CABF02B070BD0048704785
:104980003C3C0700024B1B680BB1024818477047BC
:10499000F46300203C3C0700F8B5446894F83260AA
:1049A0008EBB03685B689847226A82422BD02369DA
:1049B0002062821A1A40A368A2FB03C194F9342032
:1049C000CAB1606A10EB0C0541F10001002A1BDB43
:1049D000C2F12000A2F1200325FA02FC01FA00F046
:1049E00021FA03F34CEA000C4CEA030CD1400CFA18
:1049F00002F2AA1A6262D4E90A3213EB0C0341EB09
:104A00000201C4E90A31F8BDE76833463A46284650
:104A100007F0C6FE844607FB10506062EBE7824257
:104A200006D98A420BD9884294BF002001207047E2
:104A3000884206D98A428CBF00200120704701209D
:104A400070470020704700002DE9F74347683B6B33
:104A500023F07F4929F0FF090646B9F1000F5ED126
:104A6000FFF79AFF7B68002B5CD0D3E90040D7E9C1
:104A70000A23A242834105D333685B6903B0BDE8D2
:104A8000F04318477568D5E90A23A41AD5E90582C9
:104A900060EB0300EB69A24283411ED3EB68A3FBEA
:104AA000044103FB001195F933309BB1AA68501EF5
:104AB000001941F10001002B1DDBC3F1200CA3F113
:104AC000200220FA03F401FA0CFC44EA0C0421FA57
:104AD00002F21443A04528BFA0462B6A08EB03024C
:104AE0002B691A403B6A93420AD11449144840F298
:104AF000C91200F03DFE4B4607F052FE0446E9E7BE
:104B00003368019210461B69984733685B68984781
:104B1000019A0146386AFFF782FF0028ACD103B042
:104B2000BDE8F0837B69386A3A69184433681B69C9
:104B3000104003B0BDE8F043184700BF683C0700D1
:104B40008F3C07004368F7B593F830200546002AEC
:104B50007AD193F83230002B76D103681B689847DE
:104B60002B68DB69984703682BB9384938480093AC
:104B70001A4601F021F8374A1F461446B7FBF2F2F5
:104B800004FB12722746002AF7D16E683149B1FB47
:104B9000F4F11F22B1600127013A03D307FA02FCA6
:104BA0006145F9D186F83320B3FBF4F21F23F2609C
:104BB000012404FA03F7BA4201D0013BF9D286F886
:104BC00034304068071F1C2F05D900232249234891
:104BD00000931A46CDE720281CBF012383404FF0E5
:104BE000070404FA07F414BF03F1FF334FF0FF3357
:104BF00033617461E017A4FB0143002701FB00311E
:104C0000531E47F1FF3CE01841EB0C013B4607F017
:104C1000C7FD2B68C6E90601C6E900775B689847BF
:104C20006B683062002101220020C3E90A015F6243
:104C300028461A8683F83270FFF7AEFE284603B086
:104C4000BDE8F040FFF700BF03B0F0BDB33C070084
:104C50000E01048040420F00CC3C07000501048097
:104C6000F3B44568069C8C60C1E900236C6800279A
:104C700034B9CC607FB9696002B0F0BCFFF7E4BE24
:104C8000666801962668B242019E73EB0606F0D371
:104C90002746E468ECE7F960D5E90A419442994176
:104CA000EAD202B0F0BC704738B505460C46FFF7B3
:104CB00049FF00F007FE6B681C60BDE8384000F05B
:104CC00017BE70B5054600F0FDFDD5E90034DB6880
:104CD000984794F832301BB1BDE8704000F008BE30
:104CE000012384F831306368A3B12846FFF754FEEE
:104CF0006368D4E90A62D3E9000186428A4109D394
:104D00006A68DB68526863602368002BEBD09068A8
:104D10009847E8E7002384F831302846FFF794FEEF
:104D2000DAE710B586B0CDE904210393089C029020
:104D300000F0C8FD0298FFF72FFEDDE90332059968
:104D400002980094FFF78CFF06B0BDE8104000F019
:104D5000CFBD38B505460C4600F0B4FD6A6853680F
:104D6000A34209D1DB6853602846FFF76DFEBDE81A
:104D7000384000F0BDBD1346002BF8D0DA68A242DF
:104D8000F9D1E268DA60F2E713B50446FFF7DAFE1C
:104D900000F098FD2046FFF7FFFD6368D3E90A01A4
:104DA000CDE9000100F0A4FDDDE9000102B010BD75
:104DB00008B5FFF7E9FF08BD024B00221A7003F0A7
:104DC0003FBE00BF8864012008B503F0A7FD024B79
:104DD00001221A7008BD00BF886401200048704796
:104DE000083D0700024B1B680BB10248184770478B
:104DF000F8630020083D070091F90C2091F9041098
:104E000003F062BA024B1B6803B11847704700BF3A
:104E1000C864012007B5019000F054FD019803B06B
:104E20005DF804FB07B5019000F062FD019803B046
:104E30005DF804FB00F046BD00F05ABD007B7047F2
:104E400038B50D4B03600023C0E9013102730446FD
:104E50000A480D46FDF7FEFA01F05CFC55B1084B1F
:104E60001A6862601C600548FDF7F4FA01F070FCF6
:104E7000204638BD6560F6E7443D0700D064012058
:104E8000CC640120144B10B5036004461348FDF7B1
:104E9000E1FA01F03FFCA3682BB1114962680B688D
:104EA000A34212D10A600F4B0C481A68A24204BFF9
:104EB00000221A60FDF7CEFA01F04AFC237B13B9F9
:104EC000201F01F069FA204610BD19465B68A34215
:104ED000FBD14A60E7E700BF443D0700D0640120F2
:104EE000CC640120F864012010B50446FFF7CAFF26
:104EF0002046102101F04CFA204610BDF8B50646B8
:104F000017480D46FDF7A6FA01F004FC154B1C6886
:104F100084B9072D1BD114482A46314608F0F8F908
:104F2000A8B90F48FDF796FA01F012FC0F4B1C6868
:104F30002046F8BDA76887B1384609F0DFF8A842D7
:104F40000BD12A463146384608F0E2F928B9044820
:104F5000FDF780FA01F0FCFBEAE76468D8E700BFE0
:104F6000D0640120CC640120343D0700F8640120A6
:104F700000207047036870B51B69012200210446B8
:104F80009847051E0DDB236802221B69002120467D
:104F900098472368064629461B6900222046984701
:104FA0003546284670BD000070B50E460025C0E9A4
:104FB00000550E490446304609F0A8F8304403462F
:104FC00029461A782F2A07D10133236049B90849A5
:104FD00008482A2200F0CCFB002AF6D00131013328
:104FE000EFE7FFF78BFF6060204670BD9C3D070038
:104FF0009E3D0700C53D070000687047406808B542
:1050000020B1FFF71BFF431E5842584108BD10B5A1
:105010000446FFF7F3FF10B1606800B1043810BD1B
:10502000406808B520B1FFF709FFB0FA80F04009E9
:1050300008BD10B50446FFF7F3FF10B1606800B17A
:10504000043810BD4068003818BF012070470020A8
:105050007047F8B503681B6D0D4604468F189847D6
:105060002E46BE42236806D09B6C16F8011B2046D4
:1050700098470130F5D1236820465B6D9847701B37
:10508000F8BDF8B503681B6D0E4604468F189847A7
:105090003546BD42236805D1236820465B6D98479D
:1050A000A81BF8BDDB6C20469847431CF4D005F8DC
:1050B000010BEEE700207047704700000F4B13B55F
:1050C0000022044640F8043BFFF7BAFE0C4B236075
:1050D00060336360002363610A49204601F0BAF936
:1050E0000346606128B9009002460749074800F06E
:1050F00063FD00F02DFF204602B010BD543D0700B7
:105100004C3E0700CE3D0700D13D0700190101804C
:105110000A4B03F10802683310B50446026043608D
:10512000406907F039FD064B23602046503340F8B4
:10513000043FFFF7A7FE204610BD00BF443E070016
:10514000EC3D070008B5024902488E2200F010FB32
:10515000B43E0700DB3E070010B504460846FFF7E3
:1051600013FEC4E90001204610BD000010B504463E
:10517000FDF71CFF20460A4B40F8203BA169FFF7D2
:10518000EBFFD4E90823C4E90A2300220023C4E981
:105190000C230023C4E90E3384F84030204610BDB0
:1051A0000C3F07004FF0FF30704738B590F83F5084
:1051B00004460DB1FFF7C6FFFDF718FF94F8403025
:1051C000A5872BB184F84050BDE8384000F0CEBD33
:1051D00038BD10B5044601F1300000F001FBC4E910
:1051E0000001204610BDD0E90C32013342F100022B
:1051F000C0E90C32D0E90A3213F57A7342F10002A9
:10520000C0E90A327047D0E90A2312F57A7243F1F5
:105210000003FDF7E1BE37B50D46044689696846CF
:10522000FFF79AFFD5E90A3200980199C01A61EB9D
:105230000201B0F57A7F71F1000306D2002200234B
:10524000C4E90023204603B030BDB0F5FA6F71F118
:10525000000301D20122F2E700294FF47A724FF0E5
:105260000003D8BF002107F09BFAC4E90001E9E779
:1052700091F83F30F7B505460C4613B991F83C60FC
:1052800026B112491248E52200F072FA6846FFF78B
:10529000C2FFDDE900304FF47A71A3FB017201FB1C
:1052A0000022A663D4E90A16C91942EB0602C4E932
:1052B0000A12D4E90C125B1842EB00022846C4E93A
:1052C0000C32C5E9003203B0F0BD00BFB43E0700A8
:1052D000E53E0700F0B51E4690F83F3085B0044625
:1052E000174623B11F492048582200F041FA90F890
:1052F0003C305BB9014602A8FFF7BAFF029BBB42F4
:10530000039BB34104D3012384F83D3005B0F0BDC5
:10531000214602A8FFF75DFF4FF47A73A7FB032134
:1053200003FB0613D4E90810521843EB000394F86A
:1053300040000121A18760B9A069006890F82000B1
:1053400038B984F84010CDE9002300F0F9FCDDE91C
:1053500000230021204684F83E1005B0BDE8F0404F
:10536000FDF73ABEB43E0700DB3E0700024B4FF0AC
:1053700080625A60704700BF00ED00E008B501216F
:10538000383000F01BFA08B1FFF7F0FF08BD012329
:1053900010B580F83F30836B04460BB1FFF7E6FF92
:1053A0002046FFF730FF10BD90F83C3010B50446A2
:1053B0004BB1002380F83C3090F83E3013B9012304
:1053C00080F83D3010BD90F83F30002BFAD0836B51
:1053D00001338363FFF7CAFF2046FFF704FF20462F
:1053E000FFF711FFEEE70000024B4FF000725A602A
:1053F000704700BF00ED00E010B50446FDF7F6FD74
:10540000002384F83F30FFF7EFFF10BD102300F0BA
:1054100007B8202300F004B8302300F001B840237F
:105420009C46F0B404AE7546E80801D3EFF3098654
:105430000E4F0FCE0FC70FBC0FC74046494652460E
:105440005B460FC71DCE3100A60A00D304316E099A
:1054500000D248311FC7EFF309806946EFF3148685
:1054600063C76046014900F079F800BFFC64012081
:10547000F0B52C4E2C4F85B000243546214656F809
:10548000042B3846013400F001FA0D2CF6D1AB6C38
:1054900002936B6C01932B6C244C0093D5E90E2383
:1054A000696B234800F0F2F92168224800F0EEF918
:1054B000E16AA26AA36AA06A266BE76B000CCDE9D9
:1054C00001670090C3F307231B48D2B200F0DEF956
:1054D000A36A1E0603D5616B184800F0D7F9A36ACA
:1054E000180403D5A16B164800F0D0F9EB6C19072E
:1054F00012D5144800F0CAF92B6DDA070FD51248FF
:1055000000F0C4F9EB6C5B074CBF1048104805B0C5
:10551000BDE8F04000F0BAB90E4800F0B7F90E4807
:10552000EEE700BFFC640120103F070000ED00E043
:105530001E3F07006D3F07007B3F0700CA3F070083
:10554000D83F0700E63F0700F53F0700254007006A
:1055500031400700154007000240070007B5044628
:105560000D461A48012100F032F968BB184800F0D6
:105570008DF9302C19D0402C1CD0202C1FD115486F
:10558000154C00F083F9154800F080F9FFF770FF23
:10559000134800F07BF90D4B00221A7000231149CB
:1055A00000932A46204600F007FB0F480F4C00F0FE
:1055B0006DF9E8E70E480F4C00F068F9E3E70E4894
:1055C0000E4C00F063F9DEE70024E7E70C660120EB
:1055D0003D400700664007003E01FF809340070002
:1055E0009E400700BD400700754007003F01FF8057
:1055F0007E4007004001FF80894007003D01FF8099
:10560000F8B515460C4699B151F8087C95B1284675
:1056100007F01CFE064648B1AF423A46214628BF75
:105620002A4607F083FE204607F018FE3046F8BDF4
:105630000F46EBE72E46F9E713B54A4310460192B1
:1056400007F004FE044618B1019A002107F096FE07
:10565000204602B010BD000070B506461D481E4C25
:105660000D46FCF7F7FE01F055F815F1090F2CD89F
:1056700005F10801304607F0D7FE30B3A268174B9A
:1056800005602A444360A2602269236801322261D6
:1056900062682B44934250F8042C88BF63602360F7
:1056A000002AA0F10403B8BF9B18A2691B68521B13
:1056B00023F00103134400F10806A3610548FCF739
:1056C000C9FE01F045F8304670BD6369013363617E
:1056D0000026F3E76C65012050650120EFBEADDECA
:1056E00000B572465DF804EBFFF7B6BF38B5054666
:1056F00019480C46FCF7AEFE01F00CF81CB354F848
:10570000042C164B9A4225D154F80C1C54F8082C42
:10571000A4F10C030029B8BF5B181968002344F8F2
:10572000043C0F4B1868801A18601869013818611A
:10573000986921F001010244521A9A61A4F108010A
:10574000284607F023FE0448FCF784FEBDE83840F5
:1057500000F0FEBF2146F3E76C650120EFBEADDE31
:105760005065012000B572465DF804EBFFF7BEBF3F
:1057700007B50B46009201460022014800F01CFAD2
:105780004401FF8003460122D3E84F0FC3E8412FB5
:10579000C0B20029F8D17047D0E85F3F5B18C0E87D
:1057A000523F002AF8D198B27047D0E85F3F5B1AA9
:1057B000C0E8523F002AF8D198B27047034653E838
:1057C000000F401A43E80002002AF8D17047034650
:1057D000D3E84F0FC3E8421FC0B2002AF8D1704788
:1057E00013B5044600F06EF8D4E90001CDE90001DC
:1057F00000F07EF8DDE9000102B010BD08B500F050
:1058000061F8FEE773B5002201460446022000F06D
:1058100049FC0D2600F056F80022254614F8013BFD
:1058200023B902B0BDE8704000F062B80A2B09D17C
:105830000D2A07D001220DF1070102208DF8076023
:1058400000F030FC01222946022000F02BFC14F865
:10585000012CE2E700B5A3B002460B4601A8842163
:1058600008F01AFD832806D9074B1A681B79CDF872
:1058700083208DF88730002802DD01A8FFF7C2FFE2
:1058800023B05DF804FB00BFCD4007000FB407B59F
:1058900004A951F8040B0191FFF7DCFF03B05DF898
:1058A00004EB04B07047EFF31080C04300F0010038
:1058B0007047EFF30580003818BF0120704701F0F2
:1058C0001DBE000008B501F009FE064A1368591C08
:1058D00004D1054905483F22FFF74AFF0133136011
:1058E00008BD00BF94650120D2400700FC400700BE
:1058F000044A136823B1013B13600BB901F0F6BDF4
:10590000704700BF9465012008B50B48FFF73AFFC8
:1059100028B1FFF7D7FFBFF34F8F20BFFDE7FFF799
:10592000C8FF08B1FFF76AFFFFF7BDFF0028F9D0F5
:10593000012000F008FB00BFD46501202DE9B04331
:105940004B4C0F462168C1F34173032B0CBF4D42F2
:105950008DB2C1F3074398B08146904645482A4628
:10596000FFF794FF6FF498731D44132D0FD8DFE8F1
:1059700005F00A6265686B716E740E0E0E0E0E0EE7
:105980000E0E0E0E0E77A1683B48FFF77FFF4846CC
:10599000FFF738FF61683948FFF778FF4FB13848A3
:1059A000FFF730FF3846FFF72DFF36484146FFF737
:1059B0006DFFA1683448FFF769FF2368334A1A4432
:1059C000012A05D9324A934202D0033A93424BD17D
:1059D000A06820B1C06C80F00800C0F3C000E3688C
:1059E000002B43D059682B4A002908BF1146E269B1
:1059F0000392A26902926269019222690092264D85
:105A0000264A002818BF2A462548FFF73FFF04A86A
:105A100000F0CAFD079B01939DF8183021680093A0
:105A20002048DDE90423FFF731FF1F48FFF72EFF71
:105A300018B0BDE8B083A1681C48A6E7A1681C485F
:105A4000A3E7A1681B48A0E7A1681B489DE7A168E0
:105A50001A489AE7A1681A4897E7A168194894E795
:105A60001948FFF713FF92E70020B8E70949BEE79E
:105A7000D865012042410700934107003B420700DF
:105A80004C4207005442070058420700C2FE007F04
:105A90004001FF802D41070037410700BC4007004F
:105AA0006C420700C54207003F430700A9410700B9
:105AB000B9410700C8410700DB410700EF4107007B
:105AC0000342070012420700284207007047000007
:105AD00070B5294C8EB034EA200428BF04460D4628
:105AE00016460021302202A807F048FC234B0194FF
:105AF0002344012B039505D9214B9C4202D0033B43
:105B00009C4233D1EB6B02936B6B08931D4B5B692B
:105B10000493DA6B05925A6B1B6B06920793FFF79F
:105B2000D1FE194A13680133012B136009D101AD6D
:105B30000FCD164C0FC40FCD0FC40FCD0FC42B6863
:105B4000236001AC0FCC124D0FC50FCC0FC50FCC8D
:105B50000FC523682B600F4B1B68A5F1300043B1C4
:105B60009847FFF7C5FE00200EB070BD029601AB4E
:105B7000CBE7FFF7ABFFF4E70101FF80C2FE007F38
:105B80004001FF802862002098650120A065012067
:105B9000D86501209C65012000207047014B1878D2
:105BA000C0B270470C66012000B5114672465DF820
:105BB00004EBFFF78DBF000080B506460C460A488F
:105BC0000121F04617461D46FFF701FE48B942463F
:105BD00039463046FFF77CFF029A29462046FFF7F8
:105BE000ADFEFFF791FE00BF0C66012038B5064CF4
:105BF00023683BB9FEF7C2FE044D01462846FFF775
:105C0000B5FA2560206838BD58660120106601206D
:105C100008B5836823B9054B1B6893F83D0008BDA0
:105C2000C06898470028F6D0F9E700BF5866012001
:105C3000F7B5194F04464FF0FF356FF00046204688
:105C4000FFF7E6FF30BBD4E90023B34208BFAA4206
:105C500002D03868FFF73EFB01A8FFF7DBF82046CB
:105C6000FFF7D6FF98B9D4E90023B34208BFAA4290
:105C700007D100F09FF801A8FFF7D4F8BFF36F8FAA
:105C8000DDE73B6893F83C30002BF2D1F3E701A845
:105C9000FFF7C8F803B0F0BD5866012030B587B0F3
:105CA000CDE902230A9B0C4D04930B9B05930446FC
:105CB000FFF79CFF02A8FFF7BBFF2868FFF775FA04
:105CC00068462968FFF7D4FADDE900232046C4E9D5
:105CD000002307B030BD00BF586601202DE9F04118
:105CE000DFF83C8086B005460E4604A8D8F80010C0
:105CF0001746FFF76EFAD8F80020DDE90443926BEF
:105D0000A41A63EBE2732A1943F1000302A8CDE958
:105D10000067FFF7C3FF0298001B06B0BDE8F081E3
:105D20005866012010B5054C236813B9FEF726FE0E
:105D300020602068BDE81040FFF726B868660120A3
:105D400013B5074C01212046FFF726FD034628B96D
:105D50000090228803490448FFF72EFF02B010BDCF
:105D60005C660120594307002301048013B5094CE8
:105D700001212046FFF719FD4FF6FF73984206D127
:105D800000232288044905480093FFF715FF02B05D
:105D900010BD00BF5C6601207B4307002401048026
:105DA000034B188880B2B0FA80F04009704700BFFA
:105DB0005C660120F8B5FFF785FDFFF7B3FF0746E6
:105DC000FFF7EEFF0E460546A8B102F08DFDFFF786
:105DD000A9FF04460A468DB10E4DD5E90031DB1B03
:105DE00061EB06011B1942EB0101C5E90031BDE879
:105DF000F840FFF77DBD02F053FDE8E70649D1E921
:105E00000030DB1B60EB06051B1942EB0502C1E904
:105E10000032ECE760660120706601206FF01C0024
:105E200070476FF0150070470120704700207047E1
:105E300070470000034B186818B14FF0FF31CBF7E3
:105E400085BB704720070120024B186808B1CBF7CB
:105E500095BB704720070120F8B5074F15460C4643
:105E60008E18B44201D12846F8BD14F8011B3846FB
:105E700002F09CFCF5E700BF046A012038B511F080
:105E800001048DB205D0084802F0C6FC041E18BFFC
:105E90000124EB0605D5044802F0DEFC08B144F00D
:105EA0001004204638BD00BF046A012010B5044626
:105EB00007F0D4F9204610BD10B50C462AB10448AD
:105EC00002F032FC2070012010BD1046FCE700BF3C
:105ED000046A012038B5084B0360084B1B68044670
:105EE000154633B90648FEF787FF0548294602F0F4
:105EF00001FB204638BD00BFB8440700706A01208E
:105F0000046A01200020704700207047074A0849B2
:105F100013681844884289BF064B10600C224FF06A
:105F2000FF308CBF1A601846704700BFFC64002029
:105F300000FC0320E86E012008B508B1FFF75EFC05
:105F4000FEE70120704708B5FFF7F6FF0120704714
:105F5000002107F03BBF08B5CCF74EFA08BD08B5E5
:105F6000CCF752FA08BD000010B50446037803F0E0
:105F70000303012B08D0FFF75DFF237803F0030232
:105F8000012A03D1FFF760FF00200AE02AB105498A
:105F900005484FF4D462FFF7EBFB43F00203237094
:105FA000012010BD99430700C543070008B50378D9
:105FB00003F00302022A05D00749084840F2A9620B
:105FC000FFF7D6FB23F0030343F001030370BDE8A2
:105FD0000840FFF739BF00BF99430700E3430700BC
:105FE0003F2870B504462EDC184E56F820305A1C57
:105FF00013D1022811DCFFF787FF034658B920466A
:10600000FFF780FF034630B9114D2B68BFF35B8F5C
:10601000DB0704D50F4B46F82430184670BD2846E0
:10602000FFF7A2FF0028F5D00B490A484FF4E132F0
:10603000FFF750FF094A0A490648FFF782FF284642
:10604000FFF7B4FFE6E70023E7E700BFFC630020AB
:1060500078660120246701200045070000600020C9
:10606000315E060038B50546FFF7BAFF0B4B00243A
:1060700043F8254030B906F01DFD092303604FF0B9
:10608000FF3038BD03685B699847051E04DA06F0E7
:1060900011FD6D420560F2E72046F2E7FC63002047
:1060A000FFF7E0BF13B5CDE90021FFF799FFDDE968
:1060B000002140B906F0FEFC092303604FF0FF34D5
:1060C000204602B010BD0368DB689847041EF7DA6B
:1060D00006F0F0FC64420460F0E713B5CDE900215E
:1060E000FFF77EFFDDE9002140B906F0E3FC09235C
:1060F00003604FF0FF34204602B010BD03689B6878
:106100009847041EF7DA06F0D5FC64420460F0E715
:1061100010B5FFF765FF044628B906F0CBFC09234C
:106120000360204610BD0368DB699847041EF8DA57
:1061300006F0C0FC644204600024F2E737B5402357
:10614000CDF80100054668468DF8003006F018FFCE
:10615000044630B12846FFF7DBFF10B12046FFF7B9
:10616000F7FE204603B030BD2DE9F74F06460F4637
:106170009046FFF79EFB054630B100232D492E487F
:1061800000933246FFF718FDFFF78DFB0028F4D08F
:10619000B8F1000F09DA06F08DFC162303604FF00A
:1061A000FF34204603B0BDE8F08F3046FFF7B0FF64
:1061B000044640B1DFF884B0DFF884A01BF80690F5
:1061C0002C46A84511DCA045EBDDA8EB04023919EB
:1061D0003046FFF767FF0028E1DB24181FBF3F1997
:1061E000164B17F8012C9A55DBE77A5D0A2A1CD169
:1061F000B9F10D0F19D0AC420BDA2A1B3919304610
:10620000FFF750FF0028CADB0444A542C9DC0BF8A5
:106210000690012251463046FFF744FF0028BEDBBE
:10622000BFD04FF00D030BF8063017F8059001357D
:10623000C7E700BF1A4407002F010180BC66012098
:1062400054440700FFF764BF7FB504460D46164669
:10625000FFF72FFB30B100231F492048009322464F
:10626000FFF7AAFCFFF71FFB0028F4D0002E07DA87
:1062700006F020FC162303604FF0FF3004B070BD21
:106280002046FFF745FFF8B1154E01220DF10F0131
:106290002046FFF722FF0028EEDBEFD09DF80F30FD
:1062A0000D2B08D1325D0A2A0AD01A460A2332552C
:1062B0002B700120E2E70A2B04D1325D0D2AF3E7AF
:1062C0003355E2E71A46F2E732462946204604B043
:1062D000BDE87040FFF701BF564407002F01018061
:1062E0007C66012013B5CDE90021FFF779FEDDE9D9
:1062F000002140B906F0DEFB092303604FF0FF34B4
:10630000204602B010BD03681B699847041EF7DAE7
:1063100006F0D0FB64420460F0E7FFF7E3BF38B556
:106320000D46FFF75DFE044630B906F0C3FB0923B6
:1063300003604FF0FF3038BD0368DB6998470028E1
:1063400014BF4FF400534FF400436B6023682046A2
:106350009B6A984728610020EDE7FFF7E0BF000047
:106360001FB5039006F072FF039A034620B9009010
:1063700003490448FFF720FC05B05DF804FB00BFAB
:10638000924407001F01018006F060BF06F05EBF67
:1063900006F064BF06F062BF10B504460B48FCF778
:1063A00059F800F0B7F90A4A4023002152F8040BCB
:1063B000A04208BF42F8041C013BF7D10348FCF798
:1063C00049F8BDE8104000F0C3B900BFFC660120E9
:1063D000FC63002010B51248FCF73CF800F09AF975
:1063E000104B032453F824207AB10134402CF9D106
:1063F00006F060FB182303600948FCF72BF800F057
:10640000A7F94FF0FF34204610BD4FF0FF3243F89C
:1064100024200348FCF71EF800F09AF9F3E700BFC8
:10642000FC660120FC63002010B50446FFF7D2FF94
:10643000002807DB044B054A43F82040002313548F
:10644000034A135410BD00BFFC6300207C6601208A
:10645000BC66012073B506460191FFF7E5FF051EF6
:1064600013DB0199FFF76AFE044630B9084B53F875
:106470002520964204D143F82500204602B070BD85
:1064800006F018FB09230360F7E70024F5E700BFD7
:10649000FC6300200EB42DE9F04187B00190FFF7B6
:1064A00099FF041E13DB00230199039304A8FEF750
:1064B0007BFD04A8FEF7C6FD1E4E054668B906F032
:1064C000F9FA1323036046F824504FF0FF342046B6
:1064D00007B0BDE8F04103B0704704A8FEF7A0FD87
:1064E000074604A85FB1FEF7A4FD0390039B124A80
:1064F00046F8243000231355104A1355E7E7FEF7FA
:1065000086FD05460028DAD0036804A8D3F8088081
:10651000FEF772FD0D9B024603A92846C0470546BB
:106520000028E3D006F0C6FA6D42056046F82470F4
:10653000CBE700BFFC6300207C660120BC66012025
:1065400070B50E461549054607F0CEFD044618B94C
:10655000FFF746FD204670BD1149284607F0C4FDEF
:1065600020B90120FFF73CFD0124F3E70D4928463F
:1065700007F0BAFD20B90220FFF732FD0224E9E757
:106580002B78402B02D1D5F80140E3E726F4803187
:106590002846BDE87040FFF77DBF00BF20450700DB
:1065A000274507001845070010B5044620B90F49D4
:1065B0000F489022FFF7DCF84C220021043006F04F
:1065C000DDFE4FF23C0323604FF0005323614FF494
:1065D000802323624FF480132364064B1B6863609F
:1065E00002232372044BE36010BD00BF2F45070058
:1065F0005645070000ED00E078AE010070B5044696
:10660000FEF7ECFB0646FEF7D3FB05463046FEF7E9
:10661000CFFB431BA342F9D370BD00001FB500237D
:10662000CDE90013031D044602936846102303932B
:10663000CAF706F8206020B9034904483522FFF75D
:1066400097F804B010BD00BF6445070089450700F6
:1066500010B503490446FFF7E1FF204610BD00BF17
:106660008D4507000068CAF703B810B504460068F6
:10667000CAF75CF8204610BD10B49DF804400CB970
:1066800042F0020200685DF8044BCAF721B807B572
:10669000009313460122FFF7EFFF03B05DF804FB00
:1066A000FFF7F5BF07B5009313460022FFF7E4FF9D
:1066B00003B05DF804FBFFF7F5BF00001FB5002332
:1066C00003620D4B002918BF0B460093031D029374
:1066D0001C230446039368460B230193CAF71EFF4D
:1066E000206038B9FFF75AFA20B9044904483D221E
:1066F000FFF73EF804B010BDAD450700C7450700E1
:10670000E745070010B500210446FFF7D7FF2046F4
:1067100010BD000037B504464FF0FF310068CAF7DE
:1067200015FF054620B9236A0133236203B030BD4B
:10673000FFF734FA03460028F8D1034903480093D1
:106740002A46FFF739FA00BF0B4607001501028001
:10675000036A013B13B503620068CAF70FFF0446E2
:1067600048B1FFF71BFA034628B9009003490448D3
:106770002246FFF721FA02B010BD00BF1D460700F8
:106780001701028010B504460068CAF70FFF2046C3
:1067900010BD00001FB504460023CDE90033231DC2
:1067A000104602936A4610230393CBF72BF8206020
:1067B00020B9034903483722FEF7DAFF04B010BDC1
:1067C000314607005546070010B54FF6FF720446E4
:1067D000FFF7E0FF204610BD13B500680C46CBF76D
:1067E00029F8024670B1C11C4FF0000006D15CB11F
:1067F0000090064906480023FFF7DEF9931CF7D105
:1068000002B010BD0120FBE72046F9E7644607000F
:10681000140102800068CBF735B810B50446006853
:10682000CBF75EF8204610BD08B538B1C9F7B6FD04
:1068300020B103490348E322FEF79AFF08BD00BFD9
:106840007D46070027470700FFF7EEBFCBF7DEBC0A
:10685000036910B504462BB90B490C484FF4FD727F
:10686000FEF786FF1B680430984704F15400FFF7D9
:1068700051FF00236361012384F83D3004F140009F
:10688000BDE81040FFF7C6BF342C0700632C07009B
:106890002DE9F047DDE9085799466B07044618BF14
:1068A00025F00706884692464FF000014FF044025B
:1068B00000F1780014BF08362E4606F05FFDB5FAE9
:1068C00085F300215B0984F83C30616184F83D1058
:1068D000202204F11C0006F051FD05EB09039D1B6D
:1068E000074BC4F830A025F00705002F08BF1F464E
:1068F000E562A761A662C4F83480BDE8F08700BFF6
:106900003647070013B5049CCDE9003413460A4608
:106910000021FFF7BDFF02B010BD000073B50446B3
:1069200000F1540528460E46FFF7F4FE636913B9DB
:1069300094F83D3033B12846FFF70AFF6FF00300AB
:1069400002B070BDD4E90A30002B32D027490023B1
:10695000E26AB3EB920F3FD34423201D6362B0423F
:1069600004F17803236209D00190C7F7C1FCF368F2
:1069700023611BB15B680198314698471C4804F1BC
:1069800018022146CBF716FC606150BB94F83C30EE
:106990002BB1A06A08B1FFF7FDFC0023A3622846D3
:1069A000FFF7D6FE04F14000FFF734FF6FF002005E
:1069B000C6E7104B1049984294BF20F003004FF0F7
:1069C000FF30FFF7E3FCA0620028BFD12846FFF7A5
:1069D000BFFE6FF00400B3E7A26A42F82310013350
:1069E000B6E72846FFF7B4FE0020A9E7A52E5AE235
:1069F00051680600FBFFFF7F184B070070B500F1E0
:106A0000540504462846FFF785FE04F140006669F8
:106A1000FFF700FF0023636194F83D302BB10024A1
:106A20002846FFF795FE204670BD012384F83D30CF
:106A3000002EF4D03046CBF7FFFB0446F0E7000011
:106A400010B50D4B03600446FFF7D8FF94F83C30B7
:106A50002BB1A06A08B1FFF79DFC0023A36204F1EB
:106A60005400FFF78FFE04F14000FFF7D6FE201D13
:106A7000C7F73EFC204610BD5C47070010B5044632
:106A8000FFF7DEFF2046BC21FFF782FC204610BD49
:106A900013B5044654300190FFF73CFE6469019839
:106AA00014B1A26B246B141BFFF752FE204602B0F8
:106AB00010BD4FF08043D3F8383413F0010004D0F8
:106AC00013F0020F14BF022001207047704708B571
:106AD000FFF7EFFF012804D0FFF7EBFF831E5842BA
:106AE000584108BD704701230372704700230372A9
:106AF00070477047004870476448070010B5F4219C
:106B00000446FFF745FC204610BD08B5002343723C
:106B100003F022F908B103F095FC03F013F918B162
:106B2000BDE8084003F0B0BC08BD03F07DB970B506
:106B30004C00E4B2054604EBD11408460C214C434A
:106B400004F11C06A919002625444E608E60C5E993
:106B5000072303F07FF9B0FA80F0400970BD70B5EB
:106B60004C00E4B2054604EBD11408460C214C431A
:106B700004F11C01294400262C444E608E60C4E9B7
:106B800007231BB9636A43F00103636203F062F9F0
:106B9000B0FA80F0400970BD002003F0CFB908467C
:106BA00003F0CCB903F065BA13B514460846019159
:106BB00003F0B6FC0198A1B203F0DCF8019802B032
:106BC000BDE8104003F020B901F07F03082B07B5A2
:106BD000084603D0019103F0D7F9019803B05DF89E
:106BE00004EB03F06BBC084603F0C0B910B50846CF
:106BF0000C4603F0C7F910B1204603F0E5FC20462F
:106C000003F0C2F9204603F059FC2046BDE81040CD
:106C100003F086BC084603F0E1BA0000036810B533
:106C20009B690446984702F0A7FF20B1074908482E
:106C30008422FEF79DFD04F05FF863680BB1FFF757
:106C400095F8044A00236360136010BD7447070081
:106C5000D44707003867012008B501234372FFF7C6
:106C600028FF012810D103F06DF808B902F094FF55
:106C7000FFF71FFF022807D103F06EF820B9BDE827
:106C80000840012003F032B808BD000038B51E4BA3
:106C9000802204460D46C3F88420BFF34F8FBFF314
:106CA0006F8F43680BB9FFF74BF86560002003F066
:106CB000FFFF20B1582215491548FEF759FD154828
:106CC00004F036F8144803F05BF8054608B1642276
:106CD000F1E7402103F04EF84021802003F04AF80C
:106CE0000E4B0F4A1C600F4B0F491D70D2F8303508
:106CF00043F00103C2F83035272000F01FFABDE849
:106D0000384004F01BB800BF00E100E07447070002
:106D1000D4470700A84807006570060038670120BF
:106D20000070024034670120C970060013B50B469D
:106D3000F9B9F2B990F9121000291ADA802003F09B
:106D4000FFF8164B70B1D3F8002242F00402C3F8EA
:106D50000022134B01221A70124B8022C3F8042127
:106D600002B010BD01221A65BFF36F8FBFF34F8FC2
:106D7000EFE7002400F11C01C0E9073244620191F1
:106D800003F034F90199204603F064F80028E7D0B5
:106D90000549064840F24312FEF7EAFC0070024043
:106DA0003467012000E100E074470700D447070082
:106DB00010B50B4601BBFAB9018B19B190F912104D
:106DC000002919DB002003F0BBF8164B68B1D3F89B
:106DD000002242F00402C3F80022134B01221A7071
:106DE000124B8022C3F8042110BD01221A65BFF3A3
:106DF0006F8FBFF34F8FF0E70024C0E90A3200F134
:106E0000280104631AB9036B43F001030363802074
:106E100003F020F80028E7D00549064840F2711237
:106E2000FEF7A6FC007002403467012000E100E09C
:106E300074470700D4470700044A026000224260FA
:106E40000281827201220274704700BFF04707007E
:106E500010B50B4C2368BFF35B8FDB070ED42046C5
:106E6000FFF782F850B107480749FFF7E5FF074AE7
:106E70000448FFF766F82046FFF798F8014810BD70
:106E8000306701203C670120CD6A060000600020C9
:106E900010B5044602F0C8FF03F0E8F8064A0023E4
:106EA0008021A372C2F88411044AC2F8FF3FBFF3E5
:106EB0006F8FBFF34F8F10BD00E100E00060034013
:106EC000034B8022C3F884215A6003F037BF00BF10
:106ED00000E100E0837A012B10B504464FD1037B1B
:106EE000062B1DD8DFE803F0150E04091C3D220017
:106EF00040680368DB6901212CE040680368DB69B6
:106F0000002127E0FFF7C4FF606803689B6898478B
:106F100006E0037A23B14068E18903681B6A984759
:106F20000023A372BDE81040FFF7CABFC37B002B4C
:106F3000F6D1807B03F026F80028F1D194F90E20D9
:106F40006068A17B0368002A06DA4A0601D15B6902
:106F5000DDE79B6A9847E3E709B91B69D7E75B6AF6
:106F6000F8E7802003F030FB002003F02DFB04F154
:106F7000120003F019F860680368DB68C7E7022BAA
:106F80001ED1037C012B0FD0022B11D0002BC7D1B7
:106F9000437A002BC4D002F0D5FE08B902F0FCFD04
:106FA000606803689B69A6E7406803689B69A7E778
:106FB00002F0D2FE0028B3D1012002F097FEAFE725
:106FC000032BADD194F912204068002A0368BEDA81
:106FD000C3E70000044B8022C3F88420BFF34F8F27
:106FE000BFF36F8F03F0B1BE00E100E013B50C46B4
:106FF000FFF7F0FF402C28BF4024A1B200200191F0
:1070000002F0B8FE0199802002F0B4FEFFF758FFAD
:10701000204602B010BD37B5154604460191FFF772
:10702000D9FF082D2A46019828BF082204F1120131
:1070300006F07CF903B0BDE83040FFF741BF000027
:1070400010B50446FFF7C6FF054B22681B68586859
:10705000DA6001229A720368BDE81040DB6A1847C3
:1070600038670120024B1B680BB1FFF7E9BF70477F
:107070003867012010B50446FFF7ACFF054B1B68CD
:1070800058681C7402229A720368BDE81040DB6ADB
:10709000184700BF38670120024B1B680BB1FFF790
:1070A000E9BF70473867012010B5FFF793FF054B24
:1070B0001B68586803229A720368BDE81040DB6AB7
:1070C000184700BF3867012010B5074C237833B14B
:1070D000064B1B680BB1FFF7E7FF00232370BDE8E9
:1070E000104003F0B9B800BF3467012038670120B1
:1070F0000749084A084B9B1A03DD043BC858D05087
:10710000FBDC0648804706488047064800470000E9
:10711000DC4D0700006000206867002079710600E0
:107120005D7D060041710200FEE7FEE7FEE7FEE737
:10713000FEE7FEE7FEE7FEE7FEE7FEE7024B103064
:1071400043F82010704700BF00000020024B1030B1
:1071500053F82000704700BF000000204FF080531C
:10716000D3F83021082A03BFD3F83401B0FA80F0F5
:10717000400900207047000008B5FFF7EFFF40B15D
:107180004FF080430022C3F80C21C3F81021C3F84C
:107190003825FFF7E3FF002846D04FF08052674BB9
:1071A000D2F80414C3F82015D2F80814C3F8241533
:1071B000D2F80C14C3F82815D2F81014C3F82C1503
:1071C000D2F81414C3F83015D2F81814C3F83415D3
:1071D000D2F81C14C3F84015D2F82014C3F8441593
:1071E000D2F82414C3F84815D2F82814C3F84C1563
:1071F000D2F82C14C3F85015D2F83014C3F8541533
:10720000D2F83414C3F86015D2F83814C3F86415F2
:10721000D2F83C14C3F86815D2F84014C3F86C15C2
:10722000D2F84424C3F87025FFF798FF18B1444BF7
:10723000444AC3F88C26FFF791FF18B1424BFB225A
:10724000C3F81825FFF78AFF70B14FF080414FF067
:107250008053D1F8E42ED3F8583222F00F0203F015
:107260000F031343C1F8E43EFFF778FF20B1374B1B
:107270004FF40072C3F84026FFF770FF48B14FF09B
:107280008043D3F80024D20744BF6FF00102C3F853
:1072900000242F4AD2F8883043F47003C2F88830B3
:1072A000BFF34F8FBFF36F8F4FF01023D3F800223F
:1072B000002A03DBD3F80432002B2EDA254B0122FF
:1072C000C3F80425D3F80024002AFBD04FF0102285
:1072D0001221C2F80012D3F80024002AFBD04FF08C
:1072E00010231222C3F804221A4BD3F80024002AD8
:1072F000FBD00022C3F80425D3F80024002AFBD0D9
:10730000BFF34F8F1249144BCA6802F4E062134373
:10731000CB60BFF34F8F00BFFDE7104B104A1A60E0
:107320004FF0804301220021C3F81825C3F804114F
:107330009A60D3F80421002AFBD008BD00C00040A9
:10734000005000404881030000F0004000900240DF
:1073500000ED00E000E001400400FA0500650020B7
:107360000090D0030F4BD3F8042182B052B1002219
:10737000C3F80421D3F804210B490192019A0A6849
:1073800001320A60D3F84421084B0AB91A7832B1A5
:107390001A780AB100221A7002B0FDF7F3BA02B0EF
:1073A000704700BF001001403468012030680120A0
:1073B000F0B5244F3A7885B06AB1234B0022C3F868
:1073C0004421D3F844210192019A4FF40032C3F8CA
:1073D000082305B0F0BD4FF08043C3F8042101221B
:1073E0009A60D3F80421002AFBD0174C17490025D6
:1073F0000126656011206660FFF7A0FEC4F80855FD
:10740000C4F84451D4F844310393039BC4F80451A5
:10741000D4F804310293029B4FF00213C4F84833AE
:107420000223C4F804330A4B4FF400324021C4F85D
:10743000082383F81113C3F880211A6026603E7078
:10744000C7E700BF316801200010014065730600E6
:1074500000E100E0084A012353604FF40033C2F812
:107460000833064AC2F88030BFF34F8FBFF36F8FE7
:10747000034B00221A7070470010014000E100E049
:107480003168012073B504460E461546FEF71AFA18
:10749000114B24F07F40D3F80445A04204D00134BE
:1074A00024F07F44844202D1023020F07F4006F570
:1074B000A87643F82600D3F804232A4007D1C3F85E
:1074C0004421D3F844210192019AC3F8045302B035
:1074D000BDE87040FEF70CBA001001400248037886
:1074E0000BB101F0C9BA704704650020024B0122BC
:1074F00000201A7001F0CEBA04650020024B187803
:10750000B0FA80F040097047046500201F288BBF47
:1075100000F01F0303461A4A4FF0A04203F5E07340
:1075200030B452F82330174AC3F30143032BD2E996
:107530000035C0F12004A0F1200223FA00F305FA7F
:1075400004F443EA040325FA02F243EA02030CBFFF
:1075500001210221DB0710D50B4B01291B5C09D14E
:1075600013F0400F09D0094B094A1B6852F820005C
:1075700030BC184713F0200FF4E730BC704700BF51
:107580000003005030690120F868012038690120AB
:1075900038680120114930B4D1E90025C0F1200438
:1075A00005FA04F4A0F12001C240224325FA01F1BA
:1075B0000A43D40703460ED5094A115CC1F30012F1
:1075C000890703D51AB930BC03F002B91AB130BC2F
:1075D000184603F04FBA30BC704700BF286901203D
:1075E000F86801202DE9F347DFF82481444F18F8AB
:1075F000003004460126A4F12005C4F1200106FA5A
:1076000005F526FA01F1C3F3001013F0010F02464D
:1076100045EA010506FA04F6A4F1200AC4F120099E
:1076200001D1002865D018F804309B07214601D508
:10763000002A44D00023ADF8053003238DF8043030
:1076400018F80430C3F38100012801D0032801D1C8
:107650008DF8050022B32B4A01A9204603F01EF93C
:10766000294AD2E9003202FA09F9E34043EA090360
:1076700022FA0AF21343D90709D518F804305A063A
:1076800001D49B0603D50121204603F087F9D7E9F1
:10769000002316431D43C7E9006502B0BDE8F0872B
:1076A0001F2C9DF8053086BF184A04F01F014FF0CB
:1076B000A04201F5E0719B0042F82130E7E71F2C62
:1076C00088BF124BADF8042094BF4FF0A04304F0E4
:1076D0001F02D3F804358DF8060098BF2246D34028
:1076E00003F0010301A920468DF8053003F006F8E8
:1076F000CDE7D7E9002322EA060623EA0505CAE713
:10770000286901200D750600306901200003005032
:10771000F86801204B1C10B50446017014D0C9B2A2
:107720002F2904D909490A485422FEF721F80949AA
:107730000620FFF703FD02F0A1FF074994F900209E
:107740008B5C43F001038B5410BD00BFAC480700B5
:10775000F1480700E9AA0600F868012008B590F989
:107760000030591C04D1104910485F22FEF700F880
:107770000F4AD25C92070CD51F2B8ABF0D4A4FF0DF
:10778000A04203F01F03D2F80405D84000F0010026
:1077900008BD1F2B8ABF074A4FF0A04203F01F030A
:1077A000D2F81005F1E700BFAC48070089080700D0
:1077B000F86801200003005038B5044690F9000035
:1077C000431C0D4604D10A490A48AC22FDF7D0FFFC
:1077D000C0B2FFF7DFFE94F90000074B1A5C65F3B7
:1077E00083021A54BDE83840C0B2FFF7FBBE00BFA9
:1077F000AC48070089080700F868012038B504463E
:1078000090F90000431C0D4604D10A490A48B722EA
:10781000FDF7AEFFC0B2FFF7BDFE94F90000074BC5
:107820001A5C65F341021A54BDE83840C0B2FFF754
:10783000D9BE00BFAC48070089080700F8680120DE
:1078400000280CDB4309064900F01F002033012209
:10785000824041F82320BFF34F8FBFF36F8F7047F3
:1078600000E100E00023435082B043580193019BA4
:1078700002B070470378012B10D0022B10D0002BE0
:1078800014BF02230823CA690B6213420AD08B6912
:1078900043B100228A6101220A7518470423F2E7E6
:1078A0001023F0E770470000F0B50668044689B081
:1078B000304600F0A3F9844205D12369022B02D19E
:1078C000237D002B3BD02E4D2146304600F08EF913
:1078D0000223236155F83630D3F80035F70053B151
:1078E00094F824306BB327483844019004F09EF894
:1078F000019804F033F8244B53F8260040F3073086
:10790000FFF79EFF94F8253094F9050094F90410D0
:10791000FBB194F826301B4C069100225B083C44D6
:10792000CDE90420039303A907232046ADF81C20CA
:107930008DF81E3003F08AFF204604F043F809B0AA
:10794000F0BDE819019003F055FD019803F06CFDBE
:10795000D1E7A36805930723ADF81830A369CDE9F3
:1079600003013D444BB1094A234603A9284603F0CD
:10797000A9FC284603F02EFDE1E71A46F5E700BF13
:107980007849070090490700884907007578060084
:1079900070B50E461546044604F098F9184B026877
:1079A000B3FBF2F3174A29463046136000F030F972
:1079B000012804DD144915487E22FDF7D9FE002375
:1079C0004FF0CC72C4E9022301222275104A2060D4
:1079D00011782671C4E90633657123612362A3849B
:1079E00084F8263051B10B4913700320FFF7A6FB32
:1079F000BDE8704008490420FFF7A0BB70BD00BF80
:107A000040420F0008650020104907005449070054
:107A100005650020BDBB0600C9BB060090F82530F7
:107A200063B9084B99420ADD074B9942D4BF4FF026
:107A300080614FF0CD6101238160037570474FF085
:107A4000CC71F8E78FD003007F1A06000268114B53
:107A50002DE9F04153F822500F4F4FF48271044644
:107A60002846FFF7FFFE01236B6104F037F93B68FE
:107A700042F20F7803FB00F6D5F8043133B904F075
:107A80002DF93B6843439B1B4345F5D90020E0603B
:107A9000BDE8F0818849070008650020F7B51C465D
:107AA00001230375076801920E46FFF7FDFE0848A3
:107AB000019A2346C6F3470100EBC70003F07EFDA1
:107AC00000280CBF20464FF0FF3003B0F0BD00BFD0
:107AD00078490700F0B51D4685B001230375076896
:107AE00003920E46FFF7E0FE0A9C0A48039AB4FA96
:107AF00084F4640900942B46C6F3470100EBC700E9
:107B000003F044FD00280CBF28464FF0FF3005B0BD
:107B1000F0BD00BF78490700C368003918BF0121D4
:107B20004BB190F8253080F82430012380F82510DF
:107B30000375FFF7B9BE0B46F5E7000010B5036803
:107B4000064C04EBC304204603F0DCFF18B92046C2
:107B500003F0C8FF10BD0320FCE700BF90490700F9
:107B600073B506680D4D05EBC6042046CDE900123D
:107B700003F0C8FFDDE900120028F6D0204603F02C
:107B80008DFF204603F0DEFF0028FAD155F836308D
:107B9000D3F83C05C0B202B070BD00BF90490700E9
:107BA00073B506680D4D05EBC6042046CDE90012FD
:107BB00003F098FFDDE900120028F6D0204603F01C
:107BC00049FF204603F0AEFF0028FAD155F83630C1
:107BD000D3F84C05C0B202B070BD00BF9049070099
:107BE0000121017580F82620FFF75EBE0228DCBF68
:107BF000014B43F8201070473C6901200228DABF8E
:107C0000024B53F820004FF0FF3070473C690120D1
:107C10002A4B70B500220446184693F900506E1C9A
:107C200003D193F90160013612D0A5422BD193F90B
:107C300001508D4227D100EBC200214D406800EB7E
:107C40004002AB18AC54FF2259709A70431C19D1F2
:107C50001B4A92F90000844207D192F901308B420D
:107C600003D192F90230013326D092F903309C42BD
:107C70000CD192F904508D4208D192F9055001358A
:107C800004D1012070BD01320833C6E75578284081
:107C900095782840FF280DD0107903405079034093
:107CA000FF2B09D1012303EB43001518145469700D
:107CB0001846E7E70023F6E70020E3E764470700FC
:107CC0000C650020234B70B500220446184693F93A
:107CD0000060751C13D093F90150B5F1FF3F0ED031
:107CE000A6421FD18D421DD100EBC2001A4B406845
:107CF00003F8104003EB4003461C597016D1164A96
:107D000092F90000844203D192F901308B420CD0E9
:107D100092F902309C420AD192F903508D4206D169
:107D2000012003E001320833D1E7002070BD55780F
:107D30002840FF280BD0D0780340FF2BF0D101233F
:107D400002F8134002EB430218465170EEE700239D
:107D5000F6E700BF6C4707001565002008B5054B26
:107D600005494FF48072184605F0E0FA034A906026
:107D700008BD00BF000000200070020000ED00E020
:107D800000F0C6BD0023435082B043580193019BCD
:107D900002B070472822074B50431A181B58002185
:107DA00051741A6A22B1586A800701D5D869104700
:107DB000704700BFB0690120074B282250431A18B2
:107DC000002151731B581A6A2AB1596AC90702D592
:107DD000D869012110477047B0690120084B28225B
:107DE00050431A180021D17351731B581A6B2AB1D2
:107DF000596B490702D5042199631047704700BFAA
:107E0000B069012008B5174B1A7832B100201870FC
:107E1000154BDB7BF3B1FFF7E1FF144B1A781AB176
:107E200000201870FFF7B6FF114B1A7842B10022FC
:107E30001A700D4B93F8373001207BB1FFF7CEFF5E
:107E40000C4B1A786AB100221A70BDE80840012074
:107E5000FFF7A0BF1846FFF7AFFFDEE7FFF7ACFF65
:107E6000EEE708BD026A0120B0690120006A012026
:107E7000036A0120016A012008B5114B024653F83C
:107E80002000104BC0F808334FF4A671FFF77AFFBB
:107E90004FF48871FFF776FFD0F8003223F020030B
:107EA000C0F80032084B282101FB023301221A746A
:107EB000002283F824201023C0F8043308BD00BF3B
:107EC000404A070010000800B0690120184B2DE956
:107ED000F04153F82080174E174FC8F80873282335
:107EE00003FB00F435190434686900F00AFE20230E
:107EF000AB614FF4A6714046FFF744FF4FF4887121
:107F0000FFF740FFD8F8003243F02003C8F80032F2
:107F1000002326440122AB74C8F834652B74C8F8DA
:107F2000382585F82430C8F80473BDE8F08100BF17
:107F3000404A0700B06901201000080040B9074B13
:107F400001221A70064B4FF48012C3F800217047CB
:107F50000128FCD1034B1870F4E700BF026A01202E
:107F600000E100E0036A01202DE9F74FDFF84481CA
:107F7000044658F82000D0F81031EBB14FF4887166
:107F8000FFF700FFDFF81CA1282363430AEB030B74
:107F90009BF81060002E43D000228BF810208BF845
:107FA0000E205AF80330D3E90F212AB1C80503D5B2
:107FB0004FF480715964904758F82450D5F84C31EB
:107FC000FBB1D5F81031E3B94FF4A6712846FFF79D
:107FD000D9FE344A28236343191D1344987C80F04A
:107FE00001000144186A0A44C5F83425411C4FF0C9
:107FF0000102C5F8382504D0996903294CD902F04B
:108000003DFCD5F82031002B49D028464FF4907123
:10801000FFF7B8FE204603B0BDE8F04FFFF78EBF74
:108020009BF81250D0F83C9585F001028BF8122095
:10803000B9F1000FC0D01D4403F1180704355744AF
:108040005544DBF8140001A900F07DFD88B115F856
:10805000013B0370DBF8140001A900F09EFD57E816
:10806000002F013A47E80023002BF8D10136B14533
:10807000E7D1282303FB04A35A7C002A9CD10122C8
:108080005A744FF48011084B24B908480270C3F8A1
:10809000001191E70648F9E783F82420B1E703B01F
:1080A000BDE8F08FB069012000E100E0006A012026
:1080B000016A0120404A07000120FFF755BF002058
:1080C000FFF752BF2DE9F341044628B957495848F4
:1080D00040F24222FDF74CFB41684D1C10D01F2995
:1080E00087BF544A01F01F030B464FF0A042012006
:1080F000984003F5E073C2F80805032042F8230016
:10810000A268501C0CD01F2A8BBF02F01F0313461D
:1081100048484FF0A04003F5E073002540F8235095
:108120002368454E56F82300C0F80C15C0F81425F6
:10813000227D012A15D1E268511C0CD01F2A8BBF69
:1081400002F01F0111463B4D4FF0A04501F5E071D3
:10815000002745F821704FF0FF31C0F80815C0F82E
:108160001025364D2169282707FB03531A6A9142CF
:108170004ED0187F02F0A4FE20B140F26F222B49AE
:108180002F48A7E7236807FB03531B6A013302D07C
:10819000206902F01DFB2069431C33D0294902F0FD
:1081A000ADFA082806D1206902F012FB25492069A2
:1081B00002F0A4FA10B140F28622E0E723682069B9
:1081C00056F82310282707FB035201F5887192F80F
:1081D0001C80019102F044FB01990246404602F0E6
:1081E00039FE10B14FF42372C9E7236807FB03532C
:1081F000187F02F04FFE10B140F28F22BFE72069D6
:1082000002F01CFB2368282202FB035523692B6222
:108210002368217D56F82320637D0B43C2F86C351B
:10822000A369C2F8243502B0BDE8F081A049070077
:10823000E749070000030050404A0700B0690120E9
:10824000D44707003A4A070070B5044628B91A49CE
:108250001A484FF43C72FDF78BFA0568184E282334
:108260006B43F218F358834202D193F82C1081B17A
:108270002046FFF727FF28236B432846F4500023AE
:1082800084F82C3094F82D304BB1BDE87040FFF7E6
:10829000F3BD93F82D30127C4BB93AB12846FFF765
:1082A00015FE084B53F8253001221A6070BD002AD4
:1082B000FCD12846E9E700BFA0490700E7490700CD
:1082C000B0690120404A07002DE9F84F884617465B
:1082D000044628B95749584840F23732FDF748FA62
:1082E000564B574D1A78002A5ED000221A7002F0C1
:1082F000FBF908B902F0C2F9524E53491420FEF7B7
:108300001DFFE02386F814334FF48013C6F8803144
:108310003360DFF86C914D4901232122484600F07B
:10832000DDFB0023C5F8149049482B6002F064FD82
:10833000814620B14FF456723E494648CEE7464B3F
:1083400046494FF0FF3AC5F820A00220C3F808A321
:10835000FEF7F4FE042386F80293C6F880313360FA
:10836000DFF820B13E4901232122584600F0B6FB38
:10837000C5F828903B48C5F83CB002F03DFD814669
:1083800010B140F26E32D7E7374BC5F848A03749F5
:10839000C3F808A32820FEF7D1FE4FF4807386F8B7
:1083A0002893C6F88431736039464046FFF78AFC4B
:1083B00028234343EA18206096680136012E966010
:1083C0001ED12B4A52F820000822C0F800250C3399
:1083D0004FF0FF32C0F80C251D44C0F814254FF0B3
:1083E0008052C0F824254FF49071C0F84455C0F86D
:1083F0004865FFF7C7FC8660D0F81C31002BFBD026
:108400001C4BA3614FF0FF33C4E903330023A38265
:108410002362194B9C4208BF184A4FF00103C4E97C
:10842000018708BF136084F82C302046BDE8F84F60
:10843000FFF70ABFA0490700E749070019650020B8
:10844000B069012000E100E0057E060048690120D6
:10845000CC690120D447070000200040BF800600FF
:108460007C690120F469012000800240B980060087
:10847000404A070000502700046A0120706A01206A
:108480006C690120A069012008B528B91349144876
:108490004FF47572FDF76CF902681249282303FB4B
:1084A00002118B6883B1013B8B606BB90E4951F8A7
:1084B0002210C1F8003501213AB90C4BC3F8FC2F4A
:1084C000D3F8FC2FC3F8FC1F08BD094AC2F8FC3FD3
:1084D000D2F8FC3FC2F8FC1FF6E700BFA049070036
:1084E000E7490700B0690120404A0700002000402A
:1084F0000080024008B528B93449354840F20242AC
:10850000FDF736F9B1F5166F39DBB1F5965F39DB5A
:10851000B1F5165F39DBB1F5615F38DBB1F5964F28
:1085200037DBB1F5E14F36DB47F61123994234DDF5
:10853000B1F5164F33DBB1F5614F33DBB1F5963F43
:1085400033DBB1F5E13F33DBB1F5613F32DB214B8A
:10855000994232DDB1F5E12F32DBB1F5612F32DB2B
:108560001D4B9942D4BF4FF070614FF08051836929
:108570008B421EBF0123816180F82C3008BD4FF46F
:108580009E21F4E74FF41D21F1E71449EFE7144968
:10859000EDE71449EBE71449E9E71449E7E74FF43D
:1085A0000001E4E74FF41D01E1E74FF46B01DEE762
:1085B0000F49DCE74FF0EB71D9E74FF06C71D6E76C
:1085C0004FF08061D3E74FF0E861D0E7A0490700A2
:1085D000E74907008FD003003F420F0000B01300AF
:1085E0000050270000F03A0000A04E0000C07500C7
:1085F00000903A0108B528B91549164840F24242A0
:10860000FDF7B6F8082904D01149134840F2474253
:10861000F6E712F0FD0F04D00D4910484FF48962BF
:10862000EEE7012B04D00A490D4840F24942E7E742
:10863000417D31B11AB9427580F82C3008BD0E2940
:10864000FCD0022AFAD10E2343750123F4E700BFC0
:10865000A0490700E7490700EB490700FA4907006E
:108660002B4A070008B528B90F49104840F26A4262
:10867000FDF77EF8B3F1FF3F03D0012908BF4FF0AB
:10868000FF33C360531C03D0022908BF4FF0FF32F1
:10869000003918BF01210123017580F82C300261D7
:1086A000BDE80840FFF7D0BDA0490700E749070033
:1086B00008B528B90449054840F2D642FDF758F8F4
:1086C000C0E9072108BD00BFA0490700E74907002E
:1086D000F8B50E4628B91149114840F2EB42FDF7B2
:1086E00047F801290768446A0CBF0125022582B1B9
:1086F00025434562FFF7A8FD012E0DD1094B53F824
:108700002730D3F81C313BB13846BDE8F840FFF7BD
:1087100015BC24EA05044462F8BD00BFA049070067
:10872000E7490700404A0700F7B528B91C491D482A
:1087300040F21452FDF71CF8002207681A4C80F82A
:108740002D20FFF781FD282303FB07435D696A891C
:10875000EB8892B29BB29A42F9D001A9284600F068
:108760002CFA01A90646284600F052FA282303FBFA
:108770000743183353E8001F013143E80012002A71
:10878000F8D1282303FB074494F8243023B1206A4E
:1087900084F8242002F072F8307803B0F0BD00BFF6
:1087A000A0490700E7490700B069012038B50D4628
:1087B00028B91549154840F24552FCF7D9FF04681D
:1087C000FFF742FD124B53F82400D0F81C31002B68
:1087D000FBD04FF48E71FFF7D5FA28220D4B54438E
:1087E0001A190C34234415730122C0F844354FF490
:1087F0009071C0F84825FFF7C5FA4FF48073C0F8B0
:108800000433826038BD00BFA0490700E749070074
:10881000404A0700B069012010B528B90B490C483F
:1088200040F26D52FCF7A4FF002280F82D2004686E
:10883000FFF70AFD074B282202FB04335B695889C6
:10884000DB88C01A18BF012010BD00BFA049070077
:10885000E7490700B069012008B528B90C490D485F
:1088600040F28A52FCF784FF02680B4B282101FB7F
:1088700002335B7BDBB243B9084B53F82230D3F8A9
:108880001C01003818BF012008BD0020FCE700BF14
:10889000A0490700E7490700B0690120404A0700E6
:1088A0000E4B1A6942F010021A61F1EE102A22F002
:1088B0009F02E1EE102AF1EE102A094A4021C2F887
:1088C00084114FF080420121D16740BF20BF5A6818
:1088D000044B134003B920BF704700BF00ED00E018
:1088E00000E100E03FF0439E074808B5037813B16C
:1088F000064B01225A60FFF7D3FF037813B1034BF5
:1089000001221A6008BD00BF746A01200090004077
:108910007047000000487047484A070073B5224E70
:10892000224C327862B10023C4F84031D4F840318F
:108930000093009B4FF48033C4F8083302B070BD3D
:1089400001254FF480336560C4F80833D4F804354A
:10895000174923F00303C4F80435D4F8103523F085
:108960000F0343F00403C4F81035D4F8083543F07E
:108970000303C4F80835C4F84025C4F84021D4F8EE
:10898000403101930920019BFEF7D8FB094B40229F
:1089900083F809234FF40072C3F880211A60256020
:1089A00065643570CAE700BF746A0120009000401A
:1089B000E54D060000E100E0024B01225A64D3F8C5
:1089C000440570470090004013B50446FCF77AFF59
:1089D0000B4BC3F84045D3F8042312F4803209D17D
:1089E000C3F84021D3F840210192019A4FF480321C
:1089F000C3F8042302B0BDE81040FCF779BF00BF04
:108A000000900040024B4FF40072C3F80021704701
:108A100000E100E0024B4FF48032C3F808237047B6
:108A200000900040054B002282B0C3F84021D3F8EB
:108A300040310193019B02B0704700BF009000409D
:108A40000A4B01225A601A614FF48032C3F808239E
:108A5000074B4FF40072C3F88020BFF34F8FBFF372
:108A60006F8F044B00221A70704700BF00900040C7
:108A700000E100E0746A012072B6054A1378191EFD
:108A800018BF01210133017013700020704700BF2F
:108A9000756A0120044B1A7818B1013A1A70002047
:108AA0007047187062B6FAE7756A012010B5034680
:108AB00053E8002F02EA010043E8000494F0000F9D
:108AC000F6D110BD10B5034653E8002FA2EB01000C
:108AD00043E8000494F0000FF6D110BD10B561B169
:108AE000B2FBF3F403FB1424A4B244B9C0E90014AC
:108AF00084608281C381204610BD0E20FCE70920DE
:108B0000FAE782B050E8022FC188B2EB324F4FF043
:108B1000000317BF92B241EA014142EA014104E079
:108B20004268B2EB324F08BF012340E80212002A2C
:108B3000E8D18DF807309DF80730002B0CBF1120CD
:108B4000002002B0704737B550E8013F9DB2C4899C
:108B500025448489A54228BF2D1B0489A54202BF54
:108B6000BFF32F8F002207E0C5EA030540E8015458
:108B7000002CE9D14FF001028DF803200193019AF6
:108B80000A609DF8031001F0FF0321B1006810FA9C
:108B900082F003B030BD1846FBE70A884B889A4242
:108BA00009D150E8012FC2EA024240E80123002B1C
:108BB000F7D1012070470020704737B550E8023FD9
:108BC0001FFAA3F5C488A54202BFBFF32F8F00226E
:108BD0000DE0C48925448489A54228BF2D1BC3EA22
:108BE000054540E80254002CE8D14FF001028DF811
:108BF00003200193019A0A609DF8031001F0FF031E
:108C000021B1006800EB124003B030BD1846FBE70D
:108C10000A884B889A4209D150E8022FC2EA2242C0
:108C200040E80223002BF7D1012070470020704755
:108C300070B5064D0646002455F8043B0BB130468E
:108C400098470134042CF7D170BD00BF846A01201D
:108C50004388033300EB8303994209D382884FF69C
:108C6000FF739A4206D00088B0FA80F0400970473E
:108C700002207047012070470B4A0C49538814208A
:108C800000FB0311CB6833B904204968107001223E
:108C9000074800F0C8BB07490523137002238B80E7
:108CA000012209680023F3E79C6A0120B46A0120CD
:108CB00054670020F06A012007B50023054900939E
:108CC000054A09680548082300F07FFB03B05DF8FA
:108CD00004FB00BFF06A01205C4A070054670020D3
:108CE00007B5002301460093034A0448082300F017
:108CF0006CFB03B05DF804FB544A07005467002086
:108D000013B500230C4600930146084A0848042383
:108D100000F05BFB38B90749142202FB0411012360
:108D20000B7402B010BD0E20FBE700BF504A0700D5
:108D300054670020B46A012037B50A480A4B4268DC
:108D40009C88196853880325033305709BB2002063
:108D500000909B0001EB8401044800F036FB03B057
:108D600030BD00BF9C6A0120F06A012054670020DA
:108D700038B5144B14220D4602FB00302B684468B2
:108D800004F58051A3B15C88033403EB84048C4266
:108D900015D22368013312D02046FFF759FF01286E
:108DA00008D002280BD00028F1D12C60012038BD5A
:108DB0000834ECE76388033304EB8304E7E700201F
:108DC000F5E700BFB46A01204368F7B505460E46D3
:108DD000002B43D0234AD1688B423FD31269934280
:108DE0003CD813F0030439D11F4A018912899142FA
:108DF00035D101689A68914231D11C494A68934241
:108E000003D902F5805293420DD38A6993420CD95B
:108E100002F58052934208D201233380B4FA84F0E1
:108E2000400903B0F0BD2346F7E70A24F6E70197AF
:108E300001A92046FFF79CFF30B90134A4B2022CEF
:108E40003480F4D10020ECE7019B2A6899689142B4
:108E5000EED16B60044B1B892B81E2E700240027D5
:108E6000EDE700BF546700209C6A0120B46A01202E
:108E70002DE9F0471C461D4B1B78074688461646D1
:108E80007BB382B37CB3DFF86C904FF0140AA588F3
:108E9000012D01D90A2022E00AFB05F319F803305D
:108EA0002BB921462846FFF763FF18B9206001352A
:108EB000A580ECE723681FB199883A889142F0D1E8
:108EC000B8F1000F04D01988B8F800209142E8D119
:108ED0009A68C6E90023064B1B8933810020BDE850
:108EE000F0870220FBE70520F9E700BF946A012024
:108EF0009C6A0120B46A012008B5074B5888191DE7
:108F0000FFF736FF18B1BDE80840FFF715BFBDE811
:108F10000840FFF7B1BE00BF9C6A01202DE9F04771
:108F20009E4FDFF89C8288B006463B6823B99C4878
:108F30004146FFF742FE38603D6829784B1E052BFD
:108F400007D8DFE813F01F0077007700050105015F
:108F500059010F241422002103A804F00FFA41F64E
:108F60001D539C4208BF00243B6804941A78023ABF
:108F7000042A00F2F781DFE812F0D801E4010602CA
:108F80000E02150226B1874B00225A600124E1E748
:108F90002B79032B1CD8DFE803F014022934824A12
:108FA0001378022B19D0137D022B4FF0010316D139
:108FB00014214B43D1180020D0544868FFF790FE8D
:108FC00003E001232B71FFF777FE002800F0BB8040
:108FD000744B00225A600E24BCE70023E8E7714A74
:108FE00013700023536041F61D54B3E76F49704876
:108FF000002302222B718A800968012200F013FAF3
:10900000E3E76A4C00262E712068FFF769FE694B82
:10901000DFF894C15B882568142253430CEB0302EC
:109020000CF8036051685560A58815810222216003
:10903000A280CAE7B5F814A0AA7DDFF86C919EB1B2
:10904000022AEB8806D9142101FB0A91DA1C08894F
:1090500002440A81142202FB0A92C3F57F4351891C
:10906000FD330B44538191E7142303FB0A931889C2
:109070005C6804EB8004062A68D8DFE802F0274D1C
:1090800035431D59040041F61D54AA7DEB88022A80
:1090900006D9142101FB0A91DA1C088902440A81CD
:1090A000142202FB0A99C3F57F43B9F80A20FD3365
:1090B0001344A9F80A304DE73F4840490023436074
:1090C000AB690360FFF780FE002859D00223AB751F
:1090D000002300930423EA182146354800F075F96F
:1090E000002830D00E24D0E72B69002B14BF0323B7
:1090F0000123AB750023009305F10C02042304F156
:109100000801EAE70123AB750022EB8800922A6987
:109110009B0004F10C01E0E703290CBF05230623A3
:10912000AB7500230093042305F10802E118D4E78E
:109130000623AB75214B19881F4B5868FFF7E0FDDC
:1091400004460028A1D108B0BDE8F0870F249CE7B1
:10915000002E7FF41BAF2B79012B33D0022B3FF471
:1091600042AF002B7FF4F5AE02232B710DF10A0103
:10917000EB68039303A8CDE90466FFF725FE08B961
:109180000A24E7E60498BDF80A108388EB80038878
:109190002B81FFF7B5FD044627E000BFB06A012030
:1091A000DC6A0120946A0120B46A0120F06A01207F
:1091B000546700209C6A0120786A0120F86A012027
:1091C000AC6A0120DFF8F89103AA4B463146A81D8E
:1091D000FFF74EFE044660B9B9F804100498FFF793
:1091E0008FFD04460A2C3FF4FEAE002C7FF4B2AE95
:1091F000A9E7C9E90066F5E7002E7FF4C7AE6B4B1F
:10920000197B1A78B1B11E731A78013A062A3FF613
:10921000A0AE01A151F822F0BF920600E59206002F
:109220000393060009930600538F06000F93060070
:1092300021930600072AE7D801A151F822F000BFC8
:1092400061920600099206000992060087920600C4
:109250009B920600BB920600BB920600839206001A
:109260001A89534901321A8100225A801A730A78E6
:10927000B2FA82F252099A720A7DB2FA82F2520965
:10928000DA72012207E04B4958688A884088033225
:1092900002448A8002221A70B6E75C88444A454933
:1092A000142505FB042208685468506088881081E2
:1092B00002228A800C600622EDE70722EBE79A7A09
:1092C00032B9DA7A8AB900221A705A805A608AE66C
:1092D000374900229A72CA68002AF2D1097C002913
:1092E000EFD05A80FFF708FE55E70022DA72304AC5
:1092F000116A0029E7D192F82420002AE3D0012244
:10930000EFE7FFF719FD46E7FFF7B6FC43E75A889A
:10931000274B142101FB02335868FFF7E1FC3AE7C1
:1093200000225A60FFF7C8FC35E701228DF80C20B7
:109330001A89ADF818209A88DB68ADF81A200593D1
:1093400010E002228DF80C201A89ADF818209A88B6
:10935000ADF81A20DA689B7D05929A1F534253415B
:109360008DF81C3003A8FFF763FC00264146124825
:109370003E60FFF74DFC11480121FFF7A3FB0028D9
:109380007FF4D3ADDFE603228DF80C20DA88ADF848
:1093900018201A89D0E704228DF80C20DB88ADF85C
:1093A0001830DFE705238DF80C30DBE79C6A0120DD
:1093B000B46A0120F06A0120DC6A0120EC6A012015
:1093C000FC6A01204068FFF7A9BD2DE9F04308B30E
:1093D00002B3D0F800E0BEF1000F1ED0FBB1476829
:1093E000D7F80490B3FBF9F709FB1737BFB942EA86
:1093F000010C1CF0030F14D1C768B94211D30569E1
:109400004C1E1C44AC420CD8DEF80C40A446BDE80F
:10941000F04360470E20BDE8F0830820FBE70920F9
:10942000F9E71020F7E7F0B5D8B1D0F800C0BCF1EB
:10943000000F18D0CAB14768D7F800E00EF1FF3727
:109440000F4214D1C768B94211D305694C1E0EFBF7
:109450000244AC420BD8DCF81040A446BDE8F04012
:1094600060470E20F0BD0820FCE70920FAE7102035
:10947000F8E7FCF727BAFCF73BBA00F1804000F5AB
:109480001C3001230360BFF36F8FBFF34F8F704712
:10949000020713D400F00F0310F0800F084A0BBF2F
:1094A00003F5887303F5847302EB830252F82300FB
:1094B00008BF5068431E584258417047002070470B
:1094C0000070024010F0080F074B06D0D3F8C0041C
:1094D00010F4803F18BF0020704700F00F0000F527
:1094E000947053F820007047007002404FF0805392
:1094F000D3F83021082A05D1D3F83401003818BF39
:10950000012070470020704730B5D1E900549C42DB
:1095100029BFC0E900530021E41AED1832BFC0E9A9
:1095200000514C600D60934203D1201E18BF0120F2
:1095300030BD0020FCE74B6810B59A420C6828BF8C
:109540001A46C0E90042981A0B6848601344003874
:109550000B6018BF012010BD30B54C680B68A242EB
:1095600028BF2246002A14BF1D460025A4EB020492
:109570001344C0E900524C600B6014BF012000206E
:1095800030BD0000054B10F0800FA3F1900208BF22
:10959000134600F00F0003EB00107047786C0120B9
:1095A000C343C3F3C01300F00F0000EB0310704778
:1095B000034A0023C2F81C3C024A1370704700BFE4
:1095C00000700240056B012007B5074A00231370A5
:1095D000064A137001230193054B01A81B689847A5
:1095E00003B05DF804FB00BF046B01200C6D01208B
:1095F000086D012013B5124C0122236802FA01F113
:109600000B4323600F4B1B68194003060DD551B95E
:1096100006238DF804308DF806008DF807100A4BEC
:1096200001A81B68984702B010BD0029FBD1062392
:109630008DF804308DF806008DF80720EFE700BFA5
:10964000E46B0120746B0120086D012008B5054B07
:109650001A781046FFF7A4FFBDE8084001461046FF
:10966000FFF7C8BF0C6D01201C4B13B5D3F80044A5
:10967000C3F80044BFF36F8FBFF34F8FBFF36F8FFB
:10968000BFF34F8FE10508D5154B01221A70022355
:109690000193144B01A81B689847A20508D5104BED
:1096A00000221A70032301930E4B01A81B689847F0
:1096B000630511D50A4B1A7872B100221A70074B54
:1096C0000122C3F808255820FFF7D7FE0423019391
:1096D000044B01A81B68984702B010BD00700240FF
:1096E000046B0120086D01204B689A4228BF1A467E
:1096F0000A4B70B50C46064609681846154603F035
:1097000015FEC6E9000560682368401B60602B44B5
:109710000038236018BF012070BD00BF146D012008
:109720004B689A4228BF1A4670B506460D46144645
:1097300082B10968084803F0F9FD074BC6E9003417
:109740006B681B1B6B602B68201E23442B6018BFAB
:10975000012070BD1346F1E7146D012008B5FFF735
:1097600027FF084B93F89E20032A06D1BDE8084046
:1097700005486FF00101FFF799B9D3F89030002B3D
:10978000F4D008BDE86B0120746B01200A4AD2F8BE
:109790006834C2F86834BFF36F8FBFF34F8F012175
:1097A00003B9704793FAA3F2B2FA82F201FA02F215
:1097B00023EA0203F4E700BF0070024008B5FFF798
:1097C000F7FE0146FFF7DEFE837B032B0AD1084636
:1097D000FFF7E6FE01218140BDE808400348C94388
:1097E000FFF764B90368002BF1D008BD746B01204A
:1097F0008720FFF7E3BF8620FFF7E0BF8520FFF754
:10980000DDBF8420FFF7DABF8320FFF7D7BF8220B8
:10981000FFF7D4BF8120FFF7D1BF00002DE9F04F43
:10982000DFF8648198F8003085B0002B5BD1504D93
:10983000504B19682B68194055D091FAA1F10029B5
:1098400054D0B1FA81F30F2B194651DDA1F1100468
:10985000E4B22046FFF796FE4FFA84FA4FF0010B70
:109860000BFA01FBBAF1000F81466FEA0B0B42DAEB
:1098700003688289416802A8984708B9C9F80000BE
:109880003D4BD9F808108222C3F81C2C012288F81D
:1098900000202A6802EA0B022A60039ABAF1000F3C
:1098A0001144C9F8081004F00800029904F00F04EC
:1098B0004FDA002845D0C3F8A016C3F8A426042028
:1098C00000EB8400FFF7D9FD2C4A2D4B13EA2A0345
:1098D00038BF134633F8143003F1804303F51C33CB
:1098E0001A68002AFCD005B0BDE8F08F2021ADE752
:1098F00043F08004ADE72046FFF7E4FDB9F80C2003
:10990000D9F80410D9F800600346074602A8B0470A
:10991000029A002AB1D0039A9742AED9022789F859
:109920000E7059461348FFF7C1F806238DF804302E
:10993000144B8DF806401B688DF8077001A89847F6
:1099400076E7142000FB0433C3F80016C3F804269E
:10995000B5E728B1C3F8A017C3F8A4272820AFE7BC
:10996000142000FB0433C3F80017C3F80427F5E7FD
:10997000E46B0120746B0120007002408A4A0700EA
:109980006E4A0700086D0120056B012037B5FFF70F
:109990000FFE0446FFF7F6FD837B032B0DD1204617
:1099A000FFF7FEFD01218140C9431048FFF77EF813
:1099B00003B0BDE83040FFF731BF0568002DF7D197
:1099C0002046FFF7EDFD01218140C9430748FFF71D
:1099D0006DF806238DF80430054B8DF806401B68A2
:1099E0008DF8075001A89847E2E700BF746B01208B
:1099F000086D01200720FFF7C9BF0620FFF7C6BF8B
:109A00000520FFF7C3BF0420FFF7C0BF0320FFF707
:109A1000BDBF0220FFF7BABF0120FFF7B7BF0000AC
:109A200007B500238DF804300B4BD3F82025ADF893
:109A30000620D3F8C034094A002B13680CBF4FF43A
:109A400080714FF001210B431360054B01A81B6887
:109A5000984703B05DF804FB00700240E46B0120FE
:109A6000086D012007B5FFF7A3FD0D4B93F88E207D
:109A7000032A11D0D3F8803073B90A486FF080718F
:109A8000FFF714F806238DF804300823ADF80630EC
:109A9000054B01A81B68984703B05DF804FB00BFA5
:109AA000E86B0120746B0120086D012007B5FFF7FA
:109AB0007FFD114B93F81E21032A07D10F486FF445
:109AC000807103B05DF804EBFEF7F0BFD3F81031FE
:109AD00073B90A486FF48071FEF7E8FF06238DF82A
:109AE00004308823ADF80630054B01A81B68984761
:109AF00003B05DF804FB00BFE86B0120746B01202C
:109B0000086D012038B51A4BD3F86C44C3F86C4487
:109B1000BFF36F8FBFF34F8FBFF36F8FBFF34F8FC5
:109B2000FFF7E4FC38B9134A136823F0011103F07E
:109B300001130C43136001251CB9BDE83840FFF741
:109B40006DBE94FAA4F171B1B1FA81F30F2B1946ED
:109B50000BDDA1F11000C0B205FA01F324EA030401
:109B6000FFF748FDE8E72021F3E743F08000F3E743
:109B700000700240106D0120054B1A78012A01BFC8
:109B8000044A00201060187018BF0820704700BFFA
:109B9000066B0120086D01204E4B4FF4006210B59A
:109BA000C3F80024BFF36F8FBFF34F8FFFF79EFC06
:109BB00098B10020FFF75DFC474BD3F8001C03224F
:109BC000002979D149F27531C3F8001CC3F8142D6E
:109BD000C3F8001C0020FFF74EFC0020FFF749FCF3
:109BE0003D4BD3F8001CC022002968D149F27531E1
:109BF000C3F8001CC3F8142CC3F8001C0020FFF7A6
:109C00003AFC344B0122C3F80025BFF36F8FBFF33A
:109C10004F8FD3F800241205FBD54FF40062C3F830
:109C20000024BFF36F8FBFF34F8F0020FFF721FC9D
:109C3000294BD3F8001C002944D149F27532C3F8EE
:109C4000002CC3F8141CC3F8002C0020FFF713FCF1
:109C5000204B40F2E372C3F800284022C3F80428E6
:109C6000BFF36F8FBFF34F8F8022C3F81C251B4BB0
:109C700040F2FF121A601A4B00241C60FFF798FC98
:109C8000184B1C70184B02221A70FFF72FFC00B300
:109C90002046FFF7EEFB104BD3F8001CB1B949F298
:109CA0007532C3F8002CC3F8141DC3F8002CBDE8AE
:109CB00010400020FFF7DFBBC3F8142D8AE7C3F87C
:109CC000142C9BE70022C3F8142CBEE7C3F8144DF4
:109CD000EDE710BD0070024000E00640E46B01209B
:109CE000746B01200C6D0120066B012008B5104B30
:109CF00000221A70C8B9FFF7F9FB0E4B0E4A002874
:109D000018BF13460D4AC2F804330D4BE02183F807
:109D100027138021C3F8841159600123C2F8043548
:109D2000BFF36F8FBFF34F8F08BD024BEAE700BF51
:109D3000046B01200714E0010714C0010070024009
:109D400000E100E0034B1878012894BF00200120B7
:109D5000704700BF066B0120044B1B78012B83BFAB
:109D6000034B5868C0F3C01000207047066B0120F9
:109D700000E100E008B5FFF705FC818108BD0000A7
:109D800073B5002837D01E4B1C78002C35D11D4AE6
:109D9000106001221A702546264615F0080F65F05E
:109DA0007F00C0B20CBF40214FF400710190FFF75B
:109DB000E1FF0198FFF7E6FB0135092D8673066088
:109DC0008660EAD1402100252046FFF7D3FF2046D8
:109DD000FFF7D8FB0134E4B2092C85730560856078
:109DE00002D1002002B070BD14F0080F14BF4FF470
:109DF00000714021E8E70720F4E70820F2E700BF00
:109E0000066B0120086D0120064A10F0800F00F05B
:109E10000F0314BFD2F81005D2F81405D84000F093
:109E20000100704700700240084B094AC3F808233C
:109E300041F20402C3F804230122C3F81025C3F839
:109E40001425BFF36F8FBFF34F8F70470070024030
:109E5000F8EB1F002DE9F047804600208A46FFF707
:109E600008FB18F00F0503D1294B1B7843454AD155
:109E7000284B294F1C683E684046FFF791FBE4439E
:109E8000A4B24FF00109344309FA00F914EA0904B5
:109E90003BD14046FFF776FB0C2218F0800F0346BB
:109EA00002FB05F52BD01D4ADAF80010154401F02D
:109EB0006041DAF80820B1F1005F02F0010219D127
:109EC000B2B9174A1A609AE8070085E8070000222D
:109ED0009A609A735D60134B46EA090680223E60E1
:109EE000C3F804210020FFF7C6FA2046BDE8F0873A
:109EF0000D4AE7E70AB90D4AE4E70D4AE2E70D4AE1
:109F000015440D4ADEE71024ECE71124EAE700BF10
:109F10000C6D0120E46B0120746B0120786B012033
:109F20003795060000E100E059950600E996060025
:109F300021970600086B012009950600FFF7C2BAB9
:109F400008B5084B1A68084BD2431B6892B21A43F3
:109F5000FFF726FB012303FA00F0104214BF184656
:109F6000002008BDE46B0120746B0120044B40F419
:109F70008070C3F81805BFF36F8FBFF34F8F704722
:109F800000700240FFF784BA064BC3F80C05BFF31C
:109F90004F8F40F48070C3F80C05BFF36F8FBFF391
:109FA0004F8F7047007002400023036043600E4BE8
:109FB000D3F880240270D3F884244270D3F8882424
:109FC000D3F88C1442EA01224280D3F89024D3F8CB
:109FD000941442EA01228280D3F89824D3F89C3466
:109FE00042EA0323C38070470070024008B5FFF7C0
:109FF0007DFA58B9EFF3108272B64C20FFF73DFAA4
:10A000004C20FFF73AFA82F3108808BDBDE80840FB
:10A010004C20FFF732BA000013B5FFF7C9FA104B16
:10A020009A7B032A09D10F486FF48031FEF73EFD79
:10A0300002B0BDE81040FFF7D9BF1C68002CF7D173
:10A040006FF480310748FEF731FD06238DF80430A8
:10A05000054BADF806401B6801A8984702B010BD3B
:10A06000E86B0120746B0120086D01205020FFF780
:10A0700004BA5420FFF701BAF8B50446FFF736FAE0
:10A0800006462046FFF78CFA01258540174FED4321
:10A09000B6B93046FFF7EDF93B6804F00F042B40EA
:10A0A0003B606400124B04F2C574C3F80048C3F867
:10A0B0000468D3F80438BDE8F8400020FFF7DBB9A6
:10A0C0000020FFF7D6F93B6814F0080203EA050305
:10A0D0003B60F0D104F00F04054B04F5947443F891
:10A0E0002420BFF36F8FBFF34F8FE4E7E46B0120B1
:10A0F00000700240F7B504460020FFF7BAF9204689
:10A10000FFF740FA05462046FFF74AFA012214F00D
:10A11000800F02FA00F22D4818D1036832EA0301D9
:10A120000AD02046FFF7A8FF0323AB73002003B03B
:10A13000BDE8F040FFF79FB92960254923EA0203F3
:10A1400003600B6823EA02030B60EDE7230715D4D5
:10A15000802C204B2ED004F00F0101F2DA3149009F
:10A16000C3F80018D3F80418D3F80468C9B241F052
:10A1700002013143C3F80418D3F80438144E0168BF
:10A18000336861EA03071742D0D0134321EA020182
:10A190003360002301602B600323AB738DF807301D
:10A1A0000D4B8DF8064006221B688DF8042001A88F
:10A1B0009847BBE740F2B471C3F80018D3F804180D
:10A1C000D3F80468C9B241F00401D2E7746B0120EE
:10A1D000E46B012000700240086D0120FFF78ABF88
:10A1E000184BD3F8002273B522F00402164CC3F8C2
:10A1F0000022D3F880542368144EDA43144B31788C
:10A200001B6892B208461A43FFF7CAF9012303FA02
:10A2100000F0104202D00846FFF76CFF6FF001110A
:10A2200005F080050A483570FEF740FC236843F0CE
:10A230000103236005230193064B01A81B6898477F
:10A2400002B070BD00700240E46B01200C6D012073
:10A25000746B0120086D01205F4B2DE9F041D3F8AC
:10A2600004430021224601250E46002A40F0918039
:10A27000FFF73CF900287DD1584B1B78002B79D192
:10A280008D0277D5544B544F40F2A972C3F8002881
:10A29000D3F8040810F0FF001CBFD3F804281040C6
:10A2A00040F2AA72C3F80028D3F8042812F0FF0283
:10A2B0001CBFD3F804381A4040F2AB73C7F800381B
:10A2C000D7F8043813F0FF031CBFD7F804582B400D
:10A2D00040F2AC75C7F80058D7F804582840404DF4
:10A2E0000AD02E6806432E6040F2A976C7F80068AF
:10A2F000C7F80408D7F80408374840F2AD76C0F82C
:10A300000068D0F8046832400BD02E6846EA024656
:10A310002E6040F2AA76C0F80068C0F80428D0F891
:10A3200004282D4A40F2AE70C2F80008D2F8042882
:10A33000134010D0D80748BF41F40001DA06264A7E
:10A3400040F2AB70C2F80008C2F80438D2F8043802
:10A3500048BF41F001012B6833F001121CBF04F02B
:10A360008070014313F0011F04D0630544BF2A60CD
:10A3700041F480611B4F01F4000621F400044FF00A
:10A380000108D4B9FFF74AFA1EB3BDE8F041FFF760
:10A3900027BF154892FAA2F3B3FA83F39F0038441B
:10A3A00005FA03F307682FB10660BFF36F8FBFF3A1
:10A3B0004F8F194322EA030257E794FAA4F5B5FA3E
:10A3C00085F557F8253008FA05F5984724EA05047D
:10A3D000D7E7BDE8F08100BF00700240056B0120A7
:10A3E000106D01209C4A070000710240F8B5134E21
:10A3F000134B34681B68240C24041C4301271CB92C
:10A4000040F2FF133360F8BD94FAA4F585B1B5FAB4
:10A4100085F30F2B1D460DDDA5F11000C0B203071B
:10A4200001D4FFF767FE07FA05F524EA0504E6E71D
:10A430002025F1E743F08000F1E700BFE46B012045
:10A44000746B012038B50E4C8025C4F884516368C4
:10A450001B0613D5FFF7CAFF0A4B0022C3F80425D9
:10A46000BFF36F8FBFF34F8FC4F88450BFF34F8F8C
:10A47000BFF36F8F4FF0FF32C3F8082338BD00BF22
:10A4800000E100E00070024008B5FFF7DBFF094B78
:10A49000D3F80423C3F808230022C3F80025BFF330
:10A4A0006F8FBFF34F8FFFF783F8034B01221A70B2
:10A4B00008BD00BF00700240066B012010B50446C5
:10A4C000FFF718FE134A04F00F0064B2002C4FF09F
:10A4D0000103B4BFD2F81015D2F8141503FA00F333
:10A4E0006FEA0303B5BF0B400B40C2F81035C2F84A
:10A4F0001435BFF36F8FBFF34F8F074A074B13EA33
:10A50000240338BF13461A5C01239340014AC2F862
:10A51000083310BD00700240804A0700644A0700FB
:10A5200038B5254A254B45B2002DA8BF134600F08B
:10A530000F010446585C224A4FF0010303FA00F071
:10A54000C2F804032ADAD2F81005C840C00731D493
:10A55000D2F810058B400343C2F81035BFF36F8F5C
:10A56000BFF34F8F31B3002D24DB14F0080521D148
:10A570002846FEF77EFF2046FFF77EFD2046FFF7C8
:10A580000FF8104A012303FA00F0136823EA0003CE
:10A5900013602846BDE83840FEF76DBFD2F81405B9
:10A5A000C840C00706D4D2F814058B400343C2F854
:10A5B0001435D3E738BD00BF804A0700644A07005E
:10A5C00000700240746B0120030610B5044605D4E8
:10A5D000FEF75EFF10B12046FFF74EFD034BC3F8B8
:10A5E0001845BFF36F8FBFF34F8F10BD007002404F
:10A5F00000F1804000F5C040002382B00360036892
:10A600000193019B02B0704703681F2B83BF03F0C7
:10A610001F03036001484FF0A04070470003005043
:10A6200007B5019001A8FFF7EFFF019B00EB830046
:10A63000D0F8003723F44033C0F80037D0F80037A3
:10A6400043EA0141C0F8001703B05DF804FBC208FB
:10A65000012300F007008340885C03438B5470475C
:10A66000054B4FF0FF32072843F8202084BF1B180A
:10A6700083F86820704700BF546D012038B5164D2F
:10A6800095F87E402CBB3022FF2105F1400002F0FE
:10A6900075FEE0B20134FFF7E3FF102CF9D10F4B48
:10A6A0000022AA679A800E4BE02183F8061340210E
:10A6B000C3F8801119604FF4BE70FFF799FF094B82
:10A6C0004FF00041C3F80413012385F87E30104693
:10A6D00038BD0820FCE700BF546D0120CC6D01207F
:10A6E00000E100E000600040034B93F87E0000387A
:10A6F00018BF0120704700BF546D012037B5324BA1
:10A700001A18044692F9400001305AD1887800287E
:10A710004BD01846002250F8045B01353FD1181980
:10A7200080F84020002043F82200920002F180428D
:10A7300002F5C0420B78D2F81055487825F49915E7
:10A740001B04000525F4F85500F4801003F4403391
:10A75000C2F8105503432002D2F8105500F47C5083
:10A7600003432B43C2F810354A780194012A01A80B
:10A770001FD1FFF749FF019B9A40C0F8082501A8A7
:10A780000194FFF741FF019B104903F5E073032299
:10A7900040F823202046FFF75AFF002003E0013253
:10A7A000082AB8D1042003B030BDFE2382F840301F
:10A7B000DAE7FFF729FF019A01239340C0F80C352F
:10A7C000DDE70820EFE700BF546D0120CC6D0120CC
:10A7D00037B5174C2518014695F84000072809D8C9
:10A7E000FFF73EFF95F94030124A03F5A2730020AF
:10A7F00042F823000C44FF2384F840300E4DCC086F
:10A8000001F0070301229A402B5D13420DD001A8ED
:10A810000191FFF7F9FE019B03F5E073022140F877
:10A8200023102B5D23EA02032B5503B030BD00BF7C
:10A83000546D012000600040CC6D0120074B18448E
:10A8400090F940309B0003F1804303F5C043D3F8F7
:10A85000102542F00302C3F810257047546D012003
:10A86000054B184490F940008000C0B200F18040D0
:10A8700000F5C040704700BF546D0120064B1844DE
:10A88000012290F9403018339B00DBB203F1804382
:10A8900003F5C0431A607047546D01202DE9F34160
:10A8A000DFF8F48008EB0003054693F94030002BF5
:10A8B0000F466CDA8B78C3F34003002B0BBF0824E0
:10A8C0000024102108218C4203D1042002B0BDE8ED
:10A8D000F08158F82400013041D108EB050166B23F
:10A8E00048F8242081F840601BB908EB040383F882
:10A8F0006850BB785A0712D4D90732D501A8019500
:10A90000FFF782FE019B00EB8300D0F8003723F0B5
:10A910000203C0F800371F492846FFF798FEBB78AE
:10A920003A7813F0020328D0A40004F1804404F51F
:10A93000C0442D02D4F8103523F44F3323F4407370
:10A94000C4F810351204D4F8103505F47C5502F41F
:10A95000403215431D43C4F810550020B6E70134BA
:10A96000B1E701A87A780195FFF74EFE019B03F548
:10A97000E073920040F82320CDE7083E48FA86F6BF
:10A9800096F8701041EA821286F87020E5E70820F8
:10A990009CE700BFCC6D0120546D012037B5224DDE
:10A9A0002B18044693F94020072A1DDD083A45FA82
:10A9B00082F292F870309B09032B10D1019001A80C
:10A9C000FFF722FE019BD0F81015D94001F00101DC
:10A9D0000231204603B0BDE83040FFF721BE012B15
:10A9E0000CBF02210321F4E7D3B2072B1AD893003E
:10A9F00003F1804303F5C043D3F8100540F0010094
:10AA0000C3F8100502F1400040B2800080B2FFF7A9
:10AA1000EFFD39B155F8223023B101239340034AA9
:10AA2000C2F8043303B030BD546D01200060004013
:10AA30000E4B034493F94020072A02DD0021FFF763
:10AA4000EFBDD3B2072B0FD8930003F1804303F57A
:10AA5000C043D3F8101521F00101C3F810150123EC
:10AA60009340034AC2F80833704700BF546D012079
:10AA700000600040F7B50446FFF7DAFF174A184EAA
:10AA80001119E50891F9403091F8401007299FBF4E
:10AA9000144903F5A273002041F8230004F00703D2
:10AAA00001219940735D0B420DD001A80194FFF77D
:10AAB000ABFD019B03F5E073022740F82370735D43
:10AAC00023EA01037355144494F84000FFF7C8FDCE
:10AAD000FF2384F8403003B0F0BD00BF546D012067
:10AAE000CC6D0120006000402DE9F04F00248BB0B8
:10AAF000CDE90444654D4FF48072012102F1804399
:10AB000003F5C04390B21B68012B06D1D5F804337E
:10AB10000B4202D0FFF76CFD0C430432B2F5907F7C
:10AB20004FEA4101EAD1594BD3F87C31012B0ED1C8
:10AB30004FF4BE70FFF75CFD4FF0A04344F00044BB
:10AB4000D3F810350493524BD3F810350593E3B284
:10AB5000D3B1504F01260025344210D0AB0003F191
:10AB6000804303F5C043D3F81005D3F8101557F808
:10AB7000253023B1C1F30141C0F3052098470135C9
:10AB8000082D4FEA4606E7D1002C7BDA0023CDE9F9
:10AB900006334FF0FF33CDE90833DFF8F8A03E4B22
:10ABA000019300252F46019B13F9014B0193631C70
:10ABB0004FD0C4F3C2060122E3B204F03F0B04F00D
:10ABC000070402FA04F406F128020DEB020616F857
:10ABD000081C21423DD00AEB0B014FEA931991F971
:10ABE00040105AF82180B8F1000F07D1B9F1030FD6
:10ABF0002FD106A95846FFF72AFD02E0B9F1030F4D
:10AC0000F7D003A8CDF80CB0FFF7FEFC039901F5CF
:10AC1000E07150F8211016F8180C2042C1F30141E0
:10AC200006D0022915D1B9F1030F0CD1494605E030
:10AC300003290ED1B9F1030F05D102215846FFF7C0
:10AC4000EFFC0135EDB2B8F1000F02D0494658468D
:10AC5000C0470137082FA6D1A5B14FF0A0430499F2
:10AC6000D3F8102503F540739142D3F8103502D183
:10AC70000599994206D004920593069A079B08927B
:10AC800009938CE70BB0BDE8F08F00BF0060004077
:10AC900000030050546D0120C46D012000F1804379
:10ACA0001A68002A1BBF0022012000201A6070478A
:10ACB0000F4A1378D3B903784FF08041C3F34003B0
:10ACC000C1F88035037803F00103C1F87835094BEA
:10ACD0001968C90706D4E02183F800130121C3F8DD
:10ACE0008011196001231370002070478520704780
:10ACF000E06D012000E100E0084B0122C3F8802054
:10AD0000BFF34F8FBFF36F8F054A00231360054ACF
:10AD10001360054A1360054A1370704700E100E0B4
:10AD2000D46D0120D86D0120DC6D0120E06D012083
:10AD3000014B02681A607047DC6D01204FF08043C0
:10AD40004FF46072C3F8042370474FF080434FF410
:10AD50006072C3F8082370474FF0804310B5D3F8F2
:10AD60000443620707D54FF48470FFF797FF10B1D3
:10AD70001E4B1B689847A30608D54FF48A70FFF74F
:10AD80008DFF18B11A4B00201B689847600608D544
:10AD90004FF48C70FFF782FF18B1154B01201B6830
:10ADA0009847210608D54FF48E70FFF777FF18B14A
:10ADB000104B00201B689847E20508D54FF49070AF
:10ADC000FFF76CFF18B10B4B01201B689847A305D8
:10ADD0000AD54FF49270FFF761FF28B1054BBDE82B
:10ADE00010401B680220184710BD00BFD46D012021
:10ADF000D86D0120DC6D01202DE9F84F134DDFF8EF
:10AE0000508007464FF0000A04264FF001095FFA10
:10AE10008AFB002009FA0BF4FEF72BFB2C420AD028
:10AE2000D8F8003014EA030201BF2343C8F8003009
:10AE300087F800B016460020FEF71DFB1EB1A543A3
:10AE40000AF1010AE3D13046BDE8F88FFFFF0F0099
:10AE5000E46D012010B5A1B19AB101238340C3F381
:10AE6000130484B10A4C246823420ED0C00000F1C0
:10AE7000804000F5F830C0F81015C0F81425002007
:10AE800010BD0E20FCE70720FAE70820F8E700BF16
:10AE9000E46D0120012303FA00F0C0F313031BB19A
:10AEA000054B1B68184204D0044BC3F8040500206E
:10AEB00070470820704700BFE46D012000F001409A
:10AEC000012303FA00F0C0F313031BB1054B1B6809
:10AED000184204D0044BC3F808050020704708202E
:10AEE000704700BFE46D012000F00140074B0022D5
:10AEF000C3F8002182B0D3F800210192019AD3F85F
:10AF00000805034B1B68C0B202B0184700D00040D0
:10AF1000E86D01200023435082B043580193019B08
:10AF200002B070472DE9F0470F78DDF820809DF8DA
:10AF300024A004460E469946002F58D1D0F824315B
:10AF400015683BB14FF49271FFF7E4FF0123636191
:10AF5000337012E0D0F81C312BB34FF48E71FFF731
:10AF6000D9FFD0F82431002BECD1454511D219F886
:10AF70000530C0F81C356B1C1360454535D1D4F83D
:10AF8000043193B34FF482712046FFF7C3FF0027CB
:10AF900004E00123BAF1000F03D0C3613846BDE8D5
:10AFA000F0874361E9E7D0F80831002BE5D04FF492
:10AFB0008471FFF7AFFFD0F82431002BC2D1454593
:10AFC000DBD2D0F8183509F8053013680133136067
:10AFD00008F1FF32934205D10223C0F80032012369
:10AFE0002362CAE79845FAD1C7E70127D6E74FF4AD
:10AFF0009271FFF78FFF4FF48E71FFF78BFF4FF4C5
:10B000008471FFF787FFBAE72DE9FF470C46054635
:10B010004FF4827120461F46384B03939DF83080D1
:10B02000FFF778FF4FF49271FFF774FF4FF48E71C2
:10B03000FFF770FF4FF48471FFF76CFF00230121CD
:10B04000C4F8003216466B6385F82E302162A16089
:10B05000DFB11378C4F81C3569632B68E3B905F1D7
:10B06000340A05F12E09039B002B1FDC95F82E30C6
:10B0700053BB0020039B002B15DC0023C4F80035D4
:10B080000523C4F8003503200DE0B8F1000F01D00E
:10B09000E161E2E76161E0E740F28623AB60AB6823
:10B0A000C4F80433002004B0BDE8F087CDE900788F
:10B0B0003346524649462046FFF734FF0028D5D094
:10B0C000039B013B0393CEE7D4F8C434C4F8C434E3
:10B0D000002BCED013F0010F14BF4FF40240032019
:10B0E00048F2012213F0020F18BF104613F0040FAC
:10B0F00048F2022318BF1846BCE700BFA086010033
:10B100002DE9FF470C4605461E462046364B039365
:10B110004FF48271FFF7FEFE4FF49271FFF7FAFED3
:10B120004FF48E71FFF7F6FE4FF48471FFF7F2FED5
:10B130000023012ED5F800806B6385F82E3017466A
:10B140004FF0010306BF0222C4F80022C4F8003207
:10B1500023622360B8F1000F15D105F1340A05F11F
:10B160002E09039B002B18DC95F82E301BBB00200A
:10B17000039B002B0EDC0023C4F800350523C4F824
:10B180000035032006E040F28623AB60AB68C4F8CC
:10B190000433002004B0BDE8F087CDE900683B46E9
:10B1A000524649462046FFF7BDFE0028DCD0039BEF
:10B1B000013B0393D5E7D4F8C434C4F8C434002B5E
:10B1C000D5D013F0010F14BF4FF40240032048F212
:10B1D000012213F0020F18BF104613F0040F48F2BB
:10B1E000022318BF1846C3E7A0860100F0B589B056
:10B1F00091F82C3001938B6A00934B6A0C4601F155
:10B2000034022E310746FFF78DFEE8B994F82EE0A0
:10B21000D4F820C0BEF1000F1FD1207B831E012B6C
:10B220001BD8626AA3699A4217D1E26963696262B4
:10B23000CCF340110328A36284F82C1006D10091AE
:10B2400020463946FFF7E0FE09B0F0BD39462046FA
:10B2500009B0BDE8F040FFF753BF04F10C060FCE74
:10B2600003AD0FC533682B60BEF1000F17D0D7F8C0
:10B27000C434C7F8C4349A070DD501238DF80830BB
:10B2800000231CF0040F84F82F30DDD1D4E9003105
:10B2900002A89847D8E75B07F2D50223EEE78DF8BE
:10B2A00008E0EDE701490248FFF7A0BFEC6D01207F
:10B2B0000030004002494FF04020FFF797BF00BF29
:10B2C000286E01202DE9F84F05793E4C4FF03C0ADD
:10B2D0000AFB05FA04EB0A079B4697F82D308046D7
:10B2E0000E469146002B68D1374B006853F8251065
:10B2F00000F070FC002862D13168737B87F8383029
:10B300001F298CBF01F01F030B4603F5E07388BFB4
:10B310002E4AB86098BF4FF0A04240F20C6C87F8FC
:10B320002F0042F823C07268C7F804B01F2A8CBFF0
:10B3300002F01F03134687F8300003F5E07388BF5F
:10B34000224F44F80A9098BF4FF0A04747F823C017
:10B35000D8F80030C3F80815C3F80C25B268C3F854
:10B360002425B9F1000F1BD0317B43F3073249018B
:10B37000002AC3F30733C9B21ADB02F1604606F5AF
:10B38000614603F01F0386F8001301219940530919
:10B390009B0003F1604303F56143C3F8801119601A
:10B3A0003C2303FB0544012384F82D30BDE8F88FCE
:10B3B000074A03F00F03D154F2E70820F6E7112003
:10B3C000F4E700BFEC6D0120004B070000030050C4
:10B3D00014ED00E0036802790521C3F80015044B61
:10B3E0003C2101FB0233022283F82D20704700BF6D
:10B3F000EC6D012003680A4A0179C3F80823D3F8E9
:10B40000002222F00302C3F800220022C3F8002524
:10B41000044B3C2202FB0133012283F82D207047AC
:10B4200086420400EC6D012070B50679234D3C2363
:10B4300073430446EB5893B10368190B43F3073386
:10B44000002B0CDB01F01F015B0901228A40203335
:10B450001B4941F82320BFF34F8FBFF36F8F204666
:10B46000FFF7C8FF206800F0CCFB3C2303FB06532A
:10B4700093F83830DBB92268D2F808351F2B86BF25
:10B4800003F01F030F484FF0A04003F5E0730221C3
:10B4900040F82310D2F80C351F2B86BF03F01F0392
:10B4A000084A4FF0A04203F5E07342F823103C2312
:10B4B00003FB0655002385F82D3070BDEC6D01208F
:10B4C00000E100E0000300502DE9F74F2D4F067911
:10B4D000D0F800902C4BC9F808333C2505FB0675C5
:10B4E000C6EB061C95F82F308E46144607EB8C0CE5
:10B4F00003F0FF0B33B1AB68C9F80433112003B07C
:10B50000BDE8F08F82F00403C3F3800385F82F3089
:10B510002A628A46BAE80F0005F10C08A8E80F0075
:10B52000DAF80030C8F80030DEF80430AB62DEF83C
:10B530000C206A629EF80110C9F888159EF8001068
:10B54000012917D0A1B9C4F340143C2101FB0671B5
:10B55000604681F82C4000944946FFF755FD3C2396
:10B560005E43BA19BB59002BC9D182F82F30C6E708
:10B570000124EAE785F82CB049466046FFF7C0FD94
:10B58000EDE700BFEC6D012086420400F0B587B006
:10B5900004460F4615460021142201A81E4601F05C
:10B5A000EDFE9DF830208DF80570520101A920466E
:10B5B00002960495FFF788FF07B0F0BDF0B587B09D
:10B5C00004460F4615460021142201A81E4601F02C
:10B5D000D5FE0123002201A920468DF804308DF804
:10B5E000057002960495FFF76FFF07B0F0BD0000ED
:10B5F00000280CDB4309064900F01F00203301221C
:10B60000824041F82320BFF34F8FBFF36F8F704705
:10B6100000E100E00023435082B043580193019BB6
:10B6200002B070474358002B10B50A4614BF0124DE
:10B63000002401D0FFF7EEFFA2F58070800804FA25
:10B6400000F010BD03680BB108461847704707B5F6
:10B65000002A8DF80010416808BF4FF480720192F3
:10B660000A4342606946FFF7EDFF03B05DF804FB53
:10B670008B7A2DE9F74307460E46002B65D101234F
:10B680008B724D7ADFF83881DFF838914FF4827190
:10B69000FFF7C8FF4FF4927104463846FFF7C2FF28
:10B6A0004FF4A67104433846FFF7BCFF4FF4A8716E
:10B6B00004433846FFF7B6FF4FF4B27104433846EF
:10B6C000FFF7B0FF4FF4B47104433846FFF7AAFF09
:10B6D000EDB20443002C35D0042D56D8DFE805F038
:10B6E000033845575E0014F0020302D024F0020430
:10B6F000F0E7610110D5E20258BF01258DF8003056
:10B700004CBF02252B46694630468DF8043024F0A4
:10B71000C364FFF797FFDDE7A3010BD503238DF883
:10B72000003004F40023002B0BBF0123002303256A
:10B730000425E8E7D7F8D024C7F8D02406213046FE
:10B74000FFF785FF00237572B37203B0BDE8F08385
:10B750001A4D254003D024F480140225BAE7D7F807
:10B76000D024C7F8D0240221E9E714EA0805F6D06E
:10B7700001238DF80030D7F84C35DBB269463046EE
:10B780000193FFF75FFF24F002040025A2E714EA0B
:10B7900009050CD024F4002404259BE714EA0805CD
:10B7A00005D004238DF80030D7F83C35E5E7D7F80D
:10B7B000D024C7F8D0240521C1E700BF020010063D
:10B7C0000200000602000806037906490C225A43CB
:10B7D0008A5832B903EB4303006801EB8301FFF79A
:10B7E00047BF7047646E012001490248FFF740BF20
:10B7F000646E01200030004002494FF04020FFF706
:10B8000037BF00BF706E01201F2886BF00F01F00E9
:10B81000054A4FF0A04240F2026300F5E07043EAAF
:10B82000810142F820107047000300501F2886BF96
:10B8300000F01F00044B4FF0A04300F5E07002221F
:10B8400043F82020704700BF000300502DE9F84F57
:10B85000DFF804A190F804900C2303FB09A30C4625
:10B860001B7A9046002B6FD10668394B304653F84F
:10B87000291000F0AFF90746002867D14FF0FF33D9
:10B8800046F30735C6F80005C6F808352846C6F859
:10B890000C35FFF7ADFE4FF0FF33C6F80833217CBF
:10B8A000A068FFF7B1FF617CE068FFF7ADFFD4E966
:10B8B000002352EA03014FEA163B3ED0003A18BF7C
:10B8C00001220BB142F00202A17C002D4FEA41118E
:10B8D0005FFA8BF3C9B232DB05F160406D0900F508
:10B8E0006140AD0005F1604580F8001305F5614544
:10B8F000012103F01F0301FA03F3C5F880312B6027
:10B90000D4E90231C6F808352378C6F80C15C6F814
:10B9100088352379C6F88C350C2303FB09F90AEB2B
:10B920000903C6F8942500229A724AF809805A72CF
:10B9300001221A723846BDE8F88F0122C4E7054893
:10B9400003F00F03C154DBE70827F3E71127F1E702
:10B95000084B070014ED00E0646E012073B5046825
:10B960000579D4F80C15D4F8080502AB03E90300F7
:10B970004FF0FF360023C4F8003544F30730C4F815
:10B980000865C4F80C65FFF733FEC4F80863009B34
:10B99000002B02DB0098FFF749FF019B002B02DB25
:10B9A0000198FFF743FF204600F02BF904490C23D0
:10B9B0006B43C8180022CA50027202B070BD00BFAB
:10B9C000646E012010B5026804794FF4827110464C
:10B9D000FFF720FE4FF49271FFF71CFE4FF4A671A3
:10B9E000FFF718FE4FF4A871FFF714FE4FF4B27181
:10B9F000FFF710FE4FF4B471FFF70CFE0C21094B5A
:10BA00006143595811B10849C2F804130921C2F819
:10BA100000150C2202FB0433022100225A60197225
:10BA20005A7210BD646E01200202180603680749AD
:10BA30000279C3F808130021C3F80015044B0C2148
:10BA400001FB023301221A72704700BF020218067E
:10BA5000646E012030B5104B04790C2505FB0433CE
:10BA60001B7A022B11D101F06043B3F1005F0ED1BC
:10BA700093B293420DD10268DBB2C2F84415C2F80A
:10BA8000483501235363002030BD0820FCE7102017
:10BA9000FAE70920F8E700BF646E012030B5104BCB
:10BAA00004790C2505FB04331B7A022B11D101F01C
:10BAB0006043B3F1005F0ED193B293420DD102689F
:10BAC000DBB2C2F83415C2F8383501231363002005
:10BAD00030BD0820FCE71020FAE70920F8E700BF96
:10BAE000646E012010B50446FFF76EFE2279044B08
:10BAF0000C2101FB0233587A431E5842584110BDB5
:10BB0000646E012010B50446FFF75EFE2279044BF7
:10BB10000C2101FB0233587AC31E5842584110BD14
:10BB2000646E012010B50446FFF74EFE2279044BE7
:10BB30000C2101FB0233587A831E5842584110BD34
:10BB4000646E012010B50446FFF73EFE2279044BD7
:10BB50000C2101FB0233587A031F5842584110BD93
:10BB6000646E01200E4B984211D0B0F1402F10D0DE
:10BB700003F5003398420ED0A3F5803398420CD0E1
:10BB8000084A094B904218BF002318467047074BDC
:10BB9000FBE7074BF9E7074BF7E7074BF5E700BF74
:10BBA00000300040002000409C6E01207C6E01208F
:10BBB000846E01208C6E0120946E0120014B1B6865
:10BBC000184700BF7C6E0120014B1B68184700BF5F
:10BBD000846E012070B5FFF7C5FF0D46044608B915
:10BBE000002070BD0020FDF744FC267916B9012322
:10BBF000256023710020FDF73EFC002EF0D01120BF
:10BC0000EFE708B5FFF7AEFF10B100230360037143
:10BC100008BD0000074A084B1360084A03F11001F1
:10BC20001160074A03F120011160064A0120C2F8A1
:10BC300004357047DC6E0120AC6E0120A86E012037
:10BC4000A46E012000E00040164B1B688B4210B52B
:10BC500007D001F1100251F8044B43F8044B914214
:10BC6000F9D1114A0023C2F80031012313604FF0CB
:10BC70008073D2F8001181B10023C2F800310B4B60
:10BC80001B68834207D003F1100253F8041B40F8ED
:10BC9000041B9342F9D1012002E0013BE9D118468F
:10BCA00010BD00BFA86E012000E00040A46E01207E
:10BCB000054B1B6800F1100250F8041B43F8041BED
:10BCC0009042F9D1704700BFDC6E012000487047F8
:10BCD000104B0700FBF76CBBFBF7BCBB014BD3F869
:10BCE00004057047001001404FF400320121FBF7BA
:10BCF000C9BB000008B5F9F7E5FD064B01221A7033
:10BD0000054B4FF40032C3F80021BDE80840F9F7B5
:10BD1000EFBD00BF3068012000E100E0024B4FF4AE
:10BD20000032C3F80823704700100140054B002281
:10BD300082B0C3F84421D3F844310193019B02B08F
:10BD4000704700BF0010014081F0004102E000BFD9
:10BD500083F0004330B54FEA41044FEA430594EACB
:10BD6000050F08BF90EA020F1FBF54EA000C55EA06
:10BD7000020C7FEA645C7FEA655C00F0E2804FEAD7
:10BD80005454D4EB5555B8BF6D420CDD2C4480EAB9
:10BD9000020281EA030382EA000083EA010180EAE9
:10BDA000020281EA0303362D88BF30BD11F0004F37
:10BDB0004FEA01314FF4801C4CEA113102D040426D
:10BDC00061EB410113F0004F4FEA03334CEA1333A8
:10BDD00002D0524263EB430394EA050F00F0A780C0
:10BDE000A4F10104D5F1200E0DDB02FA0EFC22FABB
:10BDF00005F2801841F1000103FA0EF2801843FAAF
:10BE000005F359410EE0A5F120050EF1200E012A9F
:10BE100003FA0EFC28BF4CF0020C43FA05F3C018DD
:10BE200051EBE37101F0004507D54FF0000EDCF156
:10BE3000000C7EEB00006EEB0101B1F5801F1BD3FF
:10BE4000B1F5001F0CD349085FEA30004FEA3C0C03
:10BE500004F101044FEA445212F5800F80F09A80F9
:10BE6000BCF1004F08BF5FEA500C50F1000041EBFD
:10BE7000045141EA050130BD5FEA4C0C404141EB01
:10BE8000010111F4801FA4F10104E9D191F0000F28
:10BE900004BF01460020B1FA81F308BF2033A3F1AB
:10BEA0000B03B3F120020CDA0C3208DD02F1140CA2
:10BEB000C2F10C0201FA0CF021FA02F10CE002F1DD
:10BEC0001402D8BFC2F1200C01FA02F120FA0CFCD6
:10BED000DCBF41EA0C019040E41AA2BF01EB04511F
:10BEE000294330BD6FEA04041F3C1CDA0C340EDC1D
:10BEF00004F11404C4F1200220FA04F001FA02F360
:10BF000040EA030021FA04F345EA030130BDC4F11D
:10BF10000C04C4F1200220FA02F001FA04F340EA12
:10BF20000300294630BD21FA04F0294630BD94F0C3
:10BF3000000F83F4801306BF81F480110134013DAA
:10BF40004EE77FEA645C18BF7FEA655C29D094EA1B
:10BF5000050F08BF90EA020F05D054EA000C04BF99
:10BF60001946104630BD91EA030F1EBF0021002084
:10BF700030BD5FEA545C05D14000494128BF41F023
:10BF8000004130BD14F580043CBF01F5801130BD87
:10BF900001F0004545F0FE4141F470014FF0000012
:10BFA00030BD7FEA645C1ABF194610467FEA655CC3
:10BFB0001CBF0B46024650EA013406BF52EA033565
:10BFC00091EA030F41F4002130BD00BF90F0000F53
:10BFD00004BF0021704730B54FF4806404F132048F
:10BFE0004FF000054FF0000150E700BF90F0000F48
:10BFF00004BF0021704730B54FF4806404F132046F
:10C0000010F0004548BF40424FF000013EE700BF3E
:10C0100042004FEAE2014FEA31014FEA02701FBFCE
:10C0200012F07F4393F07F4F81F06051704732F000
:10C030007F4208BF704793F07F4F04BF41F4002157
:10C04000704730B54FF4607401F0004521F00041B5
:10C050001CE700BF50EA010208BF704730B54FF03F
:10C0600000050AE050EA010208BF704730B511F040
:10C07000004502D5404261EB41014FF4806404F178
:10C0800032045FEA915C3FF4D8AE4FF003025FEAFE
:10C09000DC0C18BF03325FEADC0C18BF033202EB82
:10C0A000DC02C2F1200300FA03FC20FA02F001FADC
:10C0B00003FE40EA0E0021FA02F11444BDE600BF7F
:10C0C00070B54FF0FF0C4CF4E06C1CEA11541DBF2E
:10C0D0001CEA135594EA0C0F95EA0C0F00F0DEF8F9
:10C0E0002C4481EA030621EA4C5123EA4C5350EADE
:10C0F000013518BF52EA033541F4801143F480132F
:10C1000038D0A0FB02CE4FF00005E1FB02E506F0BF
:10C110000042E0FB03E54FF00006E1FB03569CF014
:10C12000000F18BF4EF0010EA4F1FF04B6F5007F1A
:10C1300064F5407404D25FEA4E0E6D4146EB06068C
:10C1400042EAC62141EA55514FEAC52040EA5E5015
:10C150004FEACE2EB4F1FD0C88BFBCF5E06F1ED8BF
:10C16000BEF1004F08BF5FEA500E50F1000041EBF6
:10C17000045170BD06F0004646EA010140EA0200A3
:10C1800081EA0301B4EB5C04C2BFD4EB0C0541EAC5
:10C19000045170BD41F480114FF0000E013C00F3DA
:10C1A000AB8014F1360FDEBF002001F0004170BDFE
:10C1B000C4F10004203C35DA0C341BDC04F1140417
:10C1C000C4F1200500FA05F320FA04F001FA05F2A3
:10C1D00040EA020001F0004221F0004110EBD37070
:10C1E00021FA04F642EB06015EEA430E08BF20EA9C
:10C1F000D37070BDC4F10C04C4F1200500FA04F33F
:10C2000020FA05F001FA04F240EA020001F00041D0
:10C2100010EBD37041F100015EEA430E08BF20EA43
:10C22000D37070BDC4F1200500FA05F24EEA020E8B
:10C2300020FA04F301FA05F243EA020321FA04F0BA
:10C2400001F0004121FA04F220EA020000EBD37071
:10C250005EEA430E08BF20EAD37070BD94F0000F71
:10C260000FD101F00046400041EB010111F4801FA5
:10C2700008BF013CF7D041EA060195F0000F18BF56
:10C28000704703F00046520043EB030313F4801F92
:10C2900008BF013DF7D043EA0603704794EA0C0F4C
:10C2A0000CEA135518BF95EA0C0F0CD050EA410662
:10C2B00018BF52EA4306D1D181EA030101F00041DF
:10C2C0004FF0000070BD50EA410606BF1046194607
:10C2D00052EA430619D094EA0C0F02D150EA013613
:10C2E00013D195EA0C0F05D152EA03361CBF104654
:10C2F00019460AD181EA030101F0004141F0FE41F3
:10C3000041F470014FF0000070BD41F0FE4141F476
:10C31000780170BD70B54FF0FF0C4CF4E06C1CEA76
:10C3200011541DBF1CEA135594EA0C0F95EA0C0F2B
:10C3300000F0A7F8A4EB050481EA030E52EA0335E6
:10C340004FEA013100F088804FEA03334FF0805507
:10C3500045EA131343EA12634FEA022245EA111534
:10C3600045EA10654FEA00260EF000419D4208BFE5
:10C37000964244F1FD0404F5407402D25B084FEA92
:10C380003202B61A65EB03055B084FEA32024FF43E
:10C3900080104FF4002CB6EB020E75EB030E22BF9B
:10C3A000B61A754640EA0C005B084FEA3202B6EB5B
:10C3B000020E75EB030E22BFB61A754640EA5C000A
:10C3C0005B084FEA3202B6EB020E75EB030E22BF9A
:10C3D000B61A754640EA9C005B084FEA3202B6EB9B
:10C3E000020E75EB030E22BFB61A754640EADC005A
:10C3F00055EA060E18D04FEA051545EA16754FEABC
:10C4000006164FEAC30343EA52734FEAC2025FEAD9
:10C410001C1CC0D111F4801F0BD141EA00014FF068
:10C4200000004FF0004CB6E711F4801F04BF014339
:10C430000020B4F1FD0C88BFBCF5E06F3FF6AFAE55
:10C44000B5EB030C04BFB6EB020C5FEA500C50F1E5
:10C45000000041EB045170BD0EF0004E4EEA113168
:10C4600014EB5C04C2BFD4EB0C0541EA045170BD6F
:10C4700041F480114FF0000E013C90E645EA060EB3
:10C480008DE60CEA135594EA0C0F08BF95EA0C0FE1
:10C490003FF43BAF94EA0C0F0AD150EA01347FF429
:10C4A00034AF95EA0C0F7FF425AF104619462CE700
:10C4B00095EA0C0F06D152EA03353FF4FDAE104663
:10C4C000194622E750EA410618BF52EA43067FF4B4
:10C4D000C5AE50EA41047FF40DAF52EA43057FF444
:10C4E000EBAE12E74FF0FF3C06E000BF4FF0010C4F
:10C4F00002E000BF4FF0010C4DF804CD4FEA410CB3
:10C500007FEA6C5C4FEA430C18BF7FEA6C5C1BD07F
:10C5100001B050EA410C0CBF52EA430C91EA030F00
:10C5200002BF90EA020F0020704710F1000F91EA5D
:10C53000030F58BF994208BF90422CBFD8176FEA2B
:10C54000E37040F0010070474FEA410C7FEA6C5CF9
:10C5500002D150EA013C07D14FEA430C7FEA6C5C00
:10C56000D6D152EA033CD3D05DF8040B704700BF2C
:10C570008446104662468C461946634600E000BF7A
:10C5800001B5FFF7B7FF002848BF10F1000F01BD4C
:10C590004DF808EDFFF7F4FF0CBF012000205DF817
:10C5A00008FB00BF4DF808EDFFF7EAFF34BF01209C
:10C5B00000205DF808FB00BF4DF808EDFFF7E0FF35
:10C5C00094BF012000205DF808FB00BF4DF808ED86
:10C5D000FFF7CEFF94BF012000205DF808FB00BFED
:10C5E0004DF808EDFFF7C4FF34BF012000205DF8CF
:10C5F00008FB00BF4FEA410C7FEA6C5C02D150EAB5
:10C60000013C0AD14FEA430C7FEA6C5C02D152EA4A
:10C61000033C02D14FF0000070474FF0010070471B
:10C620004A0011D212F5001211D20DD56FF47873B1
:10C63000B3EB62520ED44FEAC12343F0004343EA06
:10C64000505323FA02F070474FF00000704750EA51
:10C65000013002D14FF0FF3070474FF000007047BB
:10C660004FEA4102B2F1E04324BFB3F5001CDCF114
:10C67000FE5C0DD901F0004C4FEAC0024CEA50704C
:10C68000B2F1004F40EB830008BF20F0010070477B
:10C6900011F0804F21D113F13872BCBF01F000407E
:10C6A000704741F480114FEA5252C2F11802C2F1B0
:10C6B000200C10FA0CF320FA02F018BF40F0010031
:10C6C0004FEAC1234FEAD32303FA0CFC40EA0C00E3
:10C6D00023FA02F34FEA4303CCE77FEA625307D120
:10C6E00050EA01331EBF4FF0FE4040F44000704757
:10C6F00001F0004040F0FE4040F40000704700BFF1
:10C700007BB972B90029BEBF00204FF0004106E09E
:10C7100008BF00281CBF6FF000414FF0FF3000F051
:10C72000BFB9ADF1080C6DE904CE002909DB002B7F
:10C730001ADB00F04DF8DDF804E0DDE9022304B077
:10C740007047404261EB4101002B1BDB00F040F8D9
:10C75000DDF804E0DDE9022304B0404261EB410171
:10C76000524263EB43037047524263EB430300F0D2
:10C770002FF8DDF804E0DDE9022304B0404261EB6C
:10C7800041017047524263EB430300F021F8DDF8AA
:10C7900004E0DDE9022304B0524263EB4303704737
:10C7A00053B94AB9002908BF00281CBF4FF0FF3118
:10C7B0004FF0FF3000F074B9ADF1080C6DE904CE14
:10C7C00000F006F8DDF804E0DDE9022304B070476C
:10C7D0002DE9F047089E04468846002B40F08580EE
:10C7E0008A42154648D9B2FA82F24AB1C2F120070C
:10C7F00001FA02F320FA07F7954047EA030894404C
:10C800004FEA154E230CB8FBFEF71FFA85FC0EFB12
:10C81000178843EA084307FB0CF1994209D9EB1842
:10C8200007F1FF3080F0E380994240F2E080023F60
:10C830002B445B1AA4B2B3FBFEF00EFB103344EAA8
:10C84000034400FB0CFCA44509D92C1900F1FF336B
:10C8500080F0CB80A44540F2C88002382C4440EAE6
:10C860000740A4EB0C0400271EB1D4400023C6E906
:10C8700000433946BDE8F087002A53D0B2FA82F26D
:10C88000002A40F0B680491B4FEA154E1FFA85F882
:10C890000127B1FBFEFC230C0EFB1C1143EA0143F4
:10C8A00008FB0CF1994207D9EB180CF1FF3002D2CA
:10C8B000994200F2EC808446591AA3B2B1FBFEF013
:10C8C0000EFB101443EA044408FB00F8A04507D906
:10C8D0002C1900F1FF3302D2A04500F2DC8018468B
:10C8E000A4EB080440EA0C40BEE78B4208D9002EB6
:10C8F00078D00027C6E9000138463946BDE8F08700
:10C90000B3FA83F77FB98B4202D3824200F2BD8033
:10C91000841A61EB030301209846002EA9D0C6E9D2
:10C920000048A6E7FFDEC7F12005BB4022FA05FC60
:10C930004CEA030C01FA07F420FA05F821FA05F392
:10C940004FEA1C4E48EA0404B3FBFEF9210C0EFB2F
:10C9500019331FFA8CF841EA034309FB08FA9A4598
:10C9600002FA07F200FA07F10BD91CEB030309F1F5
:10C97000FF3080F088809A4540F28580A9F1020955
:10C980006344A3EB0A03A4B2B3FBFEF00EFB103327
:10C9900044EA034400FB08F8A04508D91CEB040452
:10C9A00000F1FF336BD2A04569D90238644440EAF4
:10C9B0000940A4EB0804A0FB02894C45C6464B463F
:10C9C00054D351D0002E69D0B1EB0E0264EB0304B6
:10C9D00004FA05F522FA07F3FC401D43C6E90054AA
:10C9E000002746E73746304643E7184637E707460D
:10C9F0001FE7C2F1200320FA03F7954001FA02F085
:10CA000021FA03F34FEA154E3843010CB3FBFEF74E
:10CA10001FFA85F80EFB173341EA034107FB08F3C1
:10CA20008B4204FA02F407D9691807F1FF3C28D2B7
:10CA30008B4226D9023F2944CB1A81B2B3FBFEF0C8
:10CA40000EFB103341EA034100FB08F38B4207D988
:10CA5000691800F1FF3C10D28B420ED902382944EC
:10CA6000C91A40EA074714E74145ABD2B8EB020EBA
:10CA700069EB0C0201381346A4E76046F0E718465C
:10CA800095E76746D8E781467BE7384645E7ACF14E
:10CA9000020C2B4410E702382C4421E73746E8E625
:10CAA000704700BF08B5062001F082FA0120F9F7AF
:10CAB00043FA0000014B1868704700BF1C65002056
:10CAC00070B505460C4611B90026304670BD18B148
:10CAD00083690BB900F082F92C4B9C4214D16C682D
:10CAE000636ED80705D4A389990502D4A06D00F020
:10CAF00047FBB4F90C308BB9666E16F00106E3D132
:10CB0000A06D00F03EFBE0E7214B9C4201D1AC68F8
:10CB1000E6E7204B9C4208BFEC68E1E72146284647
:10CB200000F042F8236B064633B1216A2846984745
:10CB30000028B8BF4FF0FF36A3891A0603D5216934
:10CB40002846F8F70FFE616B41B104F144039942A6
:10CB500002D02846F8F706FE00236363A16C21B1DA
:10CB60002846F8F7FFFD0023A36400F01FF9002317
:10CB7000A381636EDB0702D4A06D00F002FBA06D01
:10CB800000F0FDFA00F018F99FE700BF3C4C0700E9
:10CB90005C4C07001C4C0700024B01461868FFF76D
:10CBA0008FBF00BF1C6500208A892DE9F041054632
:10CBB00010070C4658D44B68002B05DC0B6C002B7F
:10CBC00002DC0020BDE8F081E66A002EF9D00023E7
:10CBD00012F480522F682B6032D0606DA3895A07FF
:10CBE00005D56368C01A636B0BB1236CC01A0023B0
:10CBF0000246E66A216A2846B047431CA38906D14B
:10CC000029681D2949D82A4ACA40D60745D5002295
:10CC10006260D9042269226004D5421C01D12B68CC
:10CC200003B96065616B2F600029CAD004F1440329
:10CC3000994202D02846F8F795FD00206063C1E7CD
:10CC4000216A01232846B047411CC7D12B68002B1D
:10CC5000C4D01D2B01D0162B01D12F60B1E7A389C1
:10CC600043F04003A381ADE70F69002FA9D09307DC
:10CC70000E6808BF4B690F6018BF0023A6EB0708BA
:10CC80008B60B8F1000F9CDD43463A46216AA66AE4
:10CC90002846B047002806DCA38943F04003A3815F
:10CCA0004FF0FF308EE70744A8EB0008E9E700BF2C
:10CCB0000100402038B50B6905460C4613B9002524
:10CCC000284638BD18B183690BB900F087F8144BBA
:10CCD0009C421BD16C68B4F90C30002BEFD0626E13
:10CCE000D00704D4990502D4A06D00F049FA284673
:10CCF0002146FFF759FF636EDA070546E0D4A389A2
:10CD00009B05DDD4A06D00F03CFAD9E7054B9C42B1
:10CD100001D1AC68DFE7044B9C4208BFEC68DAE75E
:10CD20003C4C07005C4C07001C4C0700002310B56E
:10CD30000446C0E90033836081814366C281C0E953
:10CD400004338361194608225C3000F017FB054B61
:10CD50006362054BA362054BE362054B24622363C8
:10CD600010BD00BF29E006004BE0060083E006008E
:10CD7000A7E00600014900F0BFB900BFB5CC06002E
:10CD800070B54A1E682555430E4605F17401F8F743
:10CD9000A7FC044640B10021C0E900160C30A06099
:10CDA00005F1680200F0EAFA204670BD014800F083
:10CDB000E7B900BFF36E0120014800F0E2B900BFFF
:10CDC000F36E0120014800F0DBB900BFF06E0120D6
:10CDD000014800F0D6B900BFF06E012010B504463E
:10CDE000FFF7F0FFA3691BB1BDE81040FFF7F0BFEC
:10CDF000C4E912332365134B134A1B68A262A34292
:10CE000004BF0123A361204600F020F860602046A3
:10CE100000F01CF8A060204600F018F80022E06046
:10CE200004216068FFF782FF01220921A068FFF753
:10CE30007DFF02221221E068FFF778FF0123A36142
:10CE4000D2E700BF7C4C070075CD0600F8B5074659
:10CE5000FFF7ACFF1E4B1E68B36913B93046FFF7EE
:10CE6000BDFF4836D6E90134013B03D533680BB327
:10CE70003668F7E7B4F90C50D5B9164BE36004F106
:10CE80005800656600F07AF9FFF796FF2560C4E95F
:10CE90000155C4E90455A5610822294604F15C0046
:10CEA00000F06CFAC4E90D55C4E912552046F8BDEE
:10CEB0006834D9E704213846FFF762FF0446306042
:10CEC0000028D5D1FFF778FF0C233B60EEE700BFC9
:10CED0007C4C07000100FFFFF7B50F46114601AA81
:10CEE000054602F04BF8064618B90024204603B068
:10CEF000F0BD2846FFF7AAFF04460028F5D03946C2
:10CF00004FF4DB73019A284600F036FF071E09DA5A
:10CF10000025FFF74BFFA06DA58100F030F9FFF76A
:10CF20004BFFE2E7636EDB0705D4A389980502D4C3
:10CF3000A06D00F025F90E4B63620E4BA3620E4B01
:10CF4000E362F1050D4BE781A6812462236305D5D9
:10CF5000022300222146284600F01AF8636EDA0701
:10CF6000C4D4A3899B05C1D4A06D00F00AF9BDE724
:10CF700029E006004BE0060083E00600A7E006007B
:10CF8000024B0A4601461868FFF7A6BF1C65002041
:10CF900000F000B82DE9F0410C4690461D460646CB
:10CFA00018B183690BB9FFF719FF504B9C421FD191
:10CFB0007468636ED90705D4A3899A0502D4A06D5D
:10CFC00000F0DEF8A38903F48473B3F5847F03D102
:10CFD00021463046FFF76EFEE76A9FB91D23336096
:10CFE000636ED90779D54FF0FF352846BDE8F0814B
:10CFF0003F4B9C4201D1B468DBE73E4B9C4208BFEB
:10D00000F468D6E7012D37D0022D01D0002D62D172
:10D0100023691BB92146304600F0D8F82146304636
:10D02000FFF748FE0028DBD12B464246216A3046F6
:10D03000B8470130D4D0616B41B104F14403994247
:10D0400002D03046F8F78EFB002363632369236028
:10D05000A389002623F402636660A3810822314677
:10D0600004F15C0000F08AF9656E15F001053BD112
:10D07000A3899B05B9D421E021463046FFF71AFE6B
:10D08000A28912F480520CD0656DA3895A0719D574
:10D090006368ED1A636B0BB1236CED1AA84400258D
:10D0A000B6E72B46216A3046B847431C0546ECD10B
:10D0B000636ED80797D4A389990594D4A06D00F026
:10D0C00060F892E71807E9D523682269002BE5D0BC
:10D0D0009B1A1D44E2E7162381E7A3899A0582D4AF
:10D0E000A06D00F04EF87EE735467EE73C4C070029
:10D0F0005C4C07001C4C07002DE9F843804689462C
:10D1000000F14804002614B93046BDE8F883D4E99C
:10D110000175013F01D52468F5E7AB89012B07D9DB
:10D12000B5F90E30013303D029464046C8470643BF
:10D130006835EEE770B50D4D0D4C641BA41000264C
:10D14000A64209D10B4D0C4C02F01AFC641BA41032
:10D150000026A64205D170BD55F8043B984701361C
:10D16000EEE755F8043B98470136F2E7F0660020F9
:10D17000F0660020F066002034670020704770479A
:10D180007047704770B50E46B1F90E10002996B081
:10D1900014461D4607DA00232B60B3891A0610D403
:10D1A0004FF480630EE06A4601F01EFF0028F2DBB8
:10D1B000019A02F47042A2F500535A425A412A6081
:10D1C000EEE740230020236016B070BD8B8973B555
:10D1D0009D0706460C4607D504F1470323602361EB
:10D1E0000123636102B070BD01AB6A46FFF7CAFF5D
:10D1F000009905463046F8F773FA48B9B4F90C308F
:10D200009A05EFD423F0030343F00203A381E3E77D
:10D210000D4BB362A389206043F08003A381009B80
:10D220006361019B20615BB1B4F90E10304601F0DF
:10D23000EDFE28B1A38923F0030343F00103A3818A
:10D24000A3891D43A581CDE775CD0600024B01469C
:10D250001868F8F745BA00BF1C650020024B01466C
:10D260001868F8F77FBA00BF1C65002000000000B6
:10D2700001F0FF01102A2BDB10F0070F08D010F887
:10D28000013B013A8B422DD010F0070F42B3F6D18B
:10D29000F0B441EA012141EA014122F007047FF0A4
:10D2A00000070023F0E80256083C85EA010586EAFB
:10D2B000010685FA47F5A3FA87F586FA47F6A5FA37
:10D2C00087F68EB9EED1F0BC01F0FF0102F0070243
:10D2D00032B110F8013B013A83EA010313B1F8D1EE
:10D2E0000020704701387047002D06BF35460338CF
:10D2F000073815F0010F07D1013015F4807F02BF08
:10D30000013015F4C03F0130F0BC0138704700BF58
:10D3100030B501390024A24201D1002005E0035DAF
:10D3200001340D5DAB42F6D0581B30BD0A4491422A
:10D3300000F1FF3300D1704710B511F8014B03F82D
:10D34000014F9142F9D110BD884210B501EB0203A3
:10D3500002D983421C4607D8421E994208D011F8D0
:10D36000014B02F8014FF8E783189A1A9A4200D14C
:10D3700010BD14F8011D03F8011DF7E70244034630
:10D38000934200D1704703F8011BF9E738B5054611
:10D39000002945D051F8043C0C1F002BB8BFE418FD
:10D3A000F8F7D9FD1F4A1368104633B9636014605B
:10D3B0002846BDE83840F8F7D2BDA3420CD9216811
:10D3C0006218934204BF1A685B68636004BF521816
:10D3D00022600460ECE713465A680AB1A242FAD907
:10D3E00019685818A0420BD120680144581882428D
:10D3F0001960DDD1106852685A6001441960D7E79E
:10D4000002D90C232B60D3E7206821188A4204BF7D
:10D4100011685268626004BF091821605C60C7E748
:10D4200038BD00BFE06E0120F8B5CD1C25F0030526
:10D4300008350C2D38BF0C25002D064601DBA9420E
:10D4400003D90C2333600020F8BDF8F784FD21498F
:10D450000A6814469CB9204F3B6823B921463046E0
:10D4600000F0A4FC38602946304600F09FFC431CC5
:10D4700023D10C2333603046F8F771FDE3E72368CE
:10D480005B1B17D40B2B03D923601C44256004E0DD
:10D490006368A2420CBF0B6053603046F8F75FFD33
:10D4A00004F10B00231D20F00700C21ACCD01B1A78
:10D4B000A350C9E722466468CCE7C41C24F00304E7
:10D4C000A042E3D0211A304600F070FC0130DDD1DB
:10D4D000CFE700BFE06E0120E46E01202DE9F047A8
:10D4E00088B0002B149F109EDDF84CA01D461446FA
:10D4F000BCBF03F10043144627F02007129AB6BFC1
:10D500001D4600232D23462F137004D0452F00D134
:10D510000136022300E0032307AA049206AACDE9FC
:10D5200002A2CDE9003622462B4600F071FF472FBC
:10D53000804602D1119BDB0722D5462F08EB060956
:10D5400011D198F80030302B0AD100220023204658
:10D550002946FFF71DF818B9C6F10106CAF80060A0
:10D56000DAF8003099440022002320462946FFF7CC
:10D570000FF808B1CDF81C903022079B4B4508D31B
:10D58000079B159AA3EB08034046136008B0BDE85B
:10D59000F087591C07911A70EFE7F7B50029BABF59
:10D5A00049422D232B2309290270437021DD0DF1FF
:10D5B00007031F460A2691FBF6F206FB12143034CD
:10D5C000632903F1FF3503F8014C0ADC303205F81A
:10D5D000012C023B821CBB42144605D3201A03B027
:10D5E000F0BD2B461146E6E713F8011B02F8011BBC
:10D5F000F1E7302319448370041DC170EEE7000089
:10D600002DE9F04F91B00C46DDF8688016461F46B4
:10D61000054601F00BFD03680A93184600F06EFD05
:10D6200000230E93D8F800300B90073323F0070344
:10D6300003F1080294F818A0D4F800B0C8F800204C
:10D64000D3E90023C4E9122394ED127B8DED087B0E
:10D65000DDE9088323F000494FF0FF32AA4B404632
:10D660004946FEF7C7FF70BB4FF0FF32A64B40465E
:10D670004946FEF7A1FF30BB00220023DDE9080187
:10D68000FEF790FF10B12D2384F843309F4AA04B42
:10D69000BAF1470F94BF90469846032323612BF0BD
:10D6A000040323604FF00009009733460FAA214678
:10D6B000284600F0D7F9013040F093804FF0FF305A
:10D6C00011B0BDE8F08FDDE9082310461946FEF7DA
:10D6D00091FF60B100220023DDE90801FEF762FF3F
:10D6E00010B12D2384F843308A4A8B4BD0E763680E
:10D6F0005A1C0AF0DF0941D106236360002206921A
:10D700000EAACDE904A20DAA4BF4806303920DF199
:10D710003302CDE901322360636800932846DDE9D6
:10D720000823FFF7DBFEB9F1470F80460D9908D1BA
:10D73000C81C02DB6368994241DDAAF1020A5FFA64
:10D740008AFABAF1650F20D80139524604F1500027
:10D750000D91FFF722FF0E9A1318012A81462361CB
:10D7600002DC2268D20701D5013323619DF83330F2
:10D77000002B99D02D2384F8433095E7B9F1470F5A
:10D78000BCD1002BBAD10123B7E7BAF1660F18D18B
:10D79000002963680BDD216113B92268D00702D527
:10D7A00001330B442361A1654FF00009DEE713B993
:10D7B0002268D20701D50233F4E70123F2E74FF0E4
:10D7C000670A0E9B994205DB23682161D807EAD5D9
:10D7D0004B1CE7E70029D4BFC1F102020122134428
:10D7E000E0E723685A0507D42369424631462846B4
:10D7F000B84701302BD161E7BAF1650F40F2DD8007
:10D8000000220023D4E91201FEF7C2FE002833D023
:10D810000123424A31462846B84701303FF44EAF13
:10D82000DDE90D239A4202DB2368D8070FD5DDE935
:10D830000A2331462846B84701303FF43FAF4FF046
:10D84000000804F11A090E9B013B434509DC2368DB
:10D850009B0700F10281E0680F9B9842B8BF184611
:10D860002EE701234A4631462846B84701303FF4A7
:10D8700025AF08F10108E6E70D9B002B2BDC012307
:10D88000264A31462846B84701303FF417AFDDE954
:10D890000D23134302D12368D907D8D5DDE90A2324
:10D8A00031462846B84701303FF408AF4FF0000931
:10D8B00004F11A0A0D9B5B424B4501DC0E9B94E779
:10D8C0000123524631462846B84701303FF4F6AEB0
:10D8D00009F10109EEE70E9AA36D9A42A8BF1A4614
:10D8E000002A914607DD1346314642462846B8478E
:10D8F00001303FF4E3AE04F11A034FF0000B29EAC4
:10D90000E979089316E000BFFFFFEF7F804C070026
:10D91000F8070700844C0700F4070700DE02070041
:10D920000123089A31462846B84701303FF4C6AE75
:10D930000BF1010BD4F858A0AAEB09035B45EFDC0F
:10D94000DDE90D239A421BDB2368DA0718D4DDE9F1
:10D950000D2392451CDBA3EB0A09B9F1000F08DD8A
:10D960004B4608EB0A0231462846B84701303FF4DF
:10D97000A5AE4FF0000829EAE97904F11A0A14E08B
:10D98000DDE90A2331462846B8470130DFD195E664
:10D99000A3EB0209E1E70123524631462846B84786
:10D9A00001303FF48BAE08F10108DDE90D239B1A2D
:10D9B000A3EB09034345EEDC49E70E9A012A01DC9B
:10D9C000DB0737D50123424631462846B8470130A8
:10D9D0003FF474AEDDE90A2331462846B8470130EA
:10D9E0003FF46CAE00220023D4E91201FEF7D0FD13
:10D9F000D8B90E9B08F10102013B31462846B847D1
:10DA000001300ED15AE60123524631462846B84726
:10DA100001303FF453AE08F101080E9B013B434532
:10DA2000F1DC4B4604F15002E0E64FF0000804F14F
:10DA30001A0AF2E701234246DFE701234A4631464C
:10DA40002846B84701303FF439AE08F10108E368D1
:10DA50000F9A9B1A4345F0DCFDE64FF0000804F1F5
:10DA60001909F4E72DE9F04791461F468A680B69CA
:10DA7000DDF820809342B8BF1346C9F8003091F812
:10DA8000432006460C4612B10133C9F80030236822
:10DA9000990642BFD9F800300233C9F80030256832
:10DAA00015F0060507D104F1190AE368D9F800203A
:10DAB0009B1AAB4228DC94F843302268003318BF2D
:10DAC000012392062DD404F1430239463046C04763
:10DAD000013020D02368E568D9F8002003F0060360
:10DAE000042B08BFAD1AA36822690CBF25EAE575AF
:10DAF00000259342C4BF9B1AED184FF000091A3459
:10DB00004D451AD1002008E00123524639463046DF
:10DB1000C047013003D14FF0FF30BDE8F087013539
:10DB2000C3E7E1185A1C302081F84300224494F8DE
:10DB3000451082F843100233C5E7012322463946D7
:10DB40003046C0470130E6D009F10109D8E70000AE
:10DB50002DE9F04306460C4601F14300097E85B0ED
:10DB60006E29984617460C9B00F0BA8024D863298A
:10DB700039D00AD8002900F0C380582900F09180DC
:10DB800004F1420584F8421035E0642901D0692986
:10DB9000F6D125681A6815F0800F02F104012CD027
:10DBA00012681960002A03DA2D23524284F84330A8
:10DBB000DFF8BCC10A233FE0732900F0A58008D834
:10DBC0006F2921D07029DBD1226842F02002226027
:10DBD00003E0752918D07829D2D1782284F845201D
:10DBE000DFF890C161E01A68111D1960136884F8AC
:10DBF000423004F14205012393E01268196015F0E8
:10DC0000400F18BF12B2CDE7D4F800C01A681CF05C
:10DC1000800F02F104051D6001D0126803E01CF0C2
:10DC2000400FFAD01288DFF848C16F290CBF0823D3
:10DC30000A23002184F843106568A560002DA2BF67
:10DC4000216821F0040121600AB9002D46D0054663
:10DC5000B2FBF3F103FB112E93421CF80EE005F822
:10DC600001ED39D9082B0BD12368DA0708D52369D0
:10DC700062689A42DEBF302305F8013C05F1FF35AA
:10DC8000401B2061CDF800803B4603AA2146304668
:10DC9000FFF7E8FE013049D14FF0FF3005B0BDE895
:10DCA000F083DFF8CCC084F845101D68216855F872
:10DCB000042B1D600D060BD5CD0744BF41F020019C
:10DCC00021601AB9236823F0200323601023B0E7F2
:10DCD0004B0648BF92B2EFE70A46B9E70546C1E7EF
:10DCE0001A68D4F800C06169151D1D601CF0800F12
:10DCF000136801D0196003E01CF0400FFAD01980BE
:10DD0000002323610546BDE71A68111D19601568D7
:10DD1000626800212846FFF7ABFA08B1401B60603B
:10DD200063682361002384F84330ABE723692A4604
:10DD300039463046C0470130AED023689B0713D424
:10DD4000E068039B9842B8BF1846A7E701234A46FC
:10DD500039463046C04701309ED00135E368039A0A
:10DD60009B1AAB42F2DCEBE7002504F11909F5E759
:10DD7000884C0700994C070038B5074C0546084603
:10DD80001146002222601A46F8F7DAFB431C02D142
:10DD9000236803B12B6038BDE86E0120024B0A46B0
:10DDA00001461868F7F72CBC1C65002038B5064CF6
:10DDB0000023054608462360F8F7A8F8431C02D163
:10DDC000236803B12B6038BDE86E012000294FF4B1
:10DDD00080630CBF0222002200F000B82DE9F74357
:10DDE0001E465B4B1D6804460F46904625B1AB6945
:10DDF00013B92846FEF7F2FF564B9C4266D16C6879
:10DE0000B8F1020F06D0B8F1010F00F29D80002E8C
:10DE1000C0F29A80636EDA0705D4A3899B0502D409
:10DE2000A06DFFF7ADF921462846FEF743FF616B71
:10DE300041B104F14403994202D02846F7F792FC1D
:10DE4000002363630023A3616360A389180603D5DD
:10DE500021692846F7F786FCA38923F44A6323F057
:10DE60000303B8F1020FA3816AD001AB6A462146D1
:10DE70002846FFF787F9A3891843A081002E2FD1E8
:10DE8000009E3046FFF7E2F90746002853D1DDF83F
:10DE90000090B14548D14FF0FF350022A26004F157
:10DEA0004702226022610122B4F90C306261626E85
:10DEB00043F00203D107A38104D49B0502D4A06DD3
:10DEC000FFF75FF9284603B0BDE8F083224B9C4280
:10DED00001D1AC6894E7214B9C4208BFEC688FE706
:10DEE000002FCED0AB6913B92846FEF777FFB8F103
:10DEF000010F08BFA389276004BF43F00103A3817A
:10DF0000A38913F00802C4E904761BD0DA0741BFE5
:10DF100000227642A260A66158BFA660656E15F029
:10DF20000105CAD00025CDE74846FFF78FF907461F
:10DF30000028B0D04E46A38943F08003A381D1E7E7
:10DF40000025AAE7A260E9E74FF0FF35BAE700BF76
:10DF50001C6500203C4C07005C4C07001C4C070073
:10DF60001F2938B504460D4604D9162303604FF027
:10DF7000FF3038BD426C12B152F821304BB9204607
:10DF800000F030F82A4601462046BDE8384000F04F
:10DF900017B8012B0AD0591C03D1162303600120A6
:10DFA000E7E7002442F82540284698470020E0E7AC
:10DFB000024B01461868FFF7D3BF00BF1C65002065
:10DFC00038B5074C0023054608461146236001F08A
:10DFD000CFFC431C02D1236803B12B6038BD00BFC6
:10DFE000E86E012001F0BCBC0EB400B59CB01DABC6
:10DFF000029006906FF00041094807910491094989
:10E0000053F8042B05910068019302A901F068FB05
:10E01000029B00221A701CB05DF804EB03B070473D
:10E020001C6500200802FFFF10B50C46B1F90E1068
:10E0300001F04EFC0028ABBF636DA3891B1823F4CD
:10E040008053ACBF6365A38110BD2DE9F0411F462D
:10E050008B89DB0505460C46164605D502230022B2
:10E06000B1F90E1000F0E6FFA389B4F90E1023F405
:10E070008053A38132463B462846BDE8F04100F07C
:10E0800019B910B50C46B1F90E1000F0D3FF431CBE
:10E09000A38915BF606523F4805343F48053A381A3
:10E0A00018BFA38110BDB1F90E1000F015B9000022
:10E0B00070B50C4D2E4610F8013B5A5D02F003027C
:10E0C000012A11F8012BB45C04F0030408BF2033CB
:10E0D000012C08BF20329B1A01D1002AEBD118462F
:10E0E00070BD00BF1A4B070010F8012B11F8013B5F
:10E0F000012A28BF9A42F7D0D01A7047034613F876
:10E10000012B002AFBD1181A0138704770B503465D
:10E110001E4613F8014B3CB14A1E01E0A542F7D060
:10E1200012F8015F002DF9D1301A70BD2DE9F043CE
:10E13000384F86460846054615F8014BE65D16F051
:10E14000080631D12D2C31D12C784FF00108851CD7
:10E15000002B5AD0102B09D1302C07D1287800F091
:10E16000DF0058284CD16C78102302354FF0FF3C6B
:10E170000026BCFBF3FC03FB0CF96FEA09093046EF
:10E18000A4F13007092F18D83C46A34224DD002E05
:10E190001FDB84451DD301D1A1451ADB00FB0340E1
:10E1A000012615F8014BEBE72846C4E72B2C08BFE6
:10E1B0002C78B04608BF851CCAE7A4F14107192F87
:10E1C00001D8373CE1E7A4F16107192F04D8573C87
:10E1D000DBE74FF0FF36E4E7002E07DA2223CEF824
:10E1E00000304FF0FF3042B9BDE8F083B8F1000FC6
:10E1F00000D04042002AF7D006B1691E1160F3E753
:10E200003024002BB2D10823B0E7302CA6D00A234B
:10E21000ACE700BF1A4B070013460A460146024806
:10E220000068FFF783BF00BF1C650020034BC35C81
:10E2300003F00303012B08BF203070471A4B07007F
:10E2400030B5141E05469BB0184605DA8B232B60AB
:10E250004FF0FF301BB030BD4FF40273ADF80C30FF
:10E2600014BF04F1FF332346029305934FF6FF7367
:10E2700000910491ADF80E3002461E9B6946284677
:10E2800001F02EFA431CBCBF8B232B60002CE1D085
:10E29000009B00221A70DDE707B5009313460A467B
:10E2A000014603480068FFF7CBFF03B05DF804FBAD
:10E2B0001C65002038B5074C05460846114600226B
:10E2C00022601A46F7F750FF431C02D1236803B1BE
:10E2D0002B6038BDE86E012038B5064C002305469A
:10E2E00008462360F7F7DCFE431C02D1236803B124
:10E2F0002B6038BDE86E01202DE9F74F03690C69EA
:10E30000A34280467FDB013C01F11407A00008F125
:10E3100014052B18019357F8243055F824200133A5
:10E320009A4207EB0009B2FBF3F631D34FF0000A33
:10E33000BC46AE46D3465CF8042B93B206FB03A35F
:10E340004FEA134A9BB2ABEB0303120CDEF800B0AA
:10E3500006FB02A213FA8BF34FEA124A1FFA82FB62
:10E36000DEF80020CBEB124202EB23429BB243EAE1
:10E370000243E1454FEA224B4EF8043BDBD22B58D7
:10E3800033B9019B043B9D421A4630D3C8F8104074
:10E39000404601F084F8002825DB013628464FF07E
:10E3A000000C57F8042BD0F800E093B2ACEB030359
:10E3B000120C13FA8EF3C2EB1E4202EB23429BB205
:10E3C00043EA0243B9454FEA224C40F8043BE8D205
:10E3D00055F8242005EB84032AB9043B9D421A46D4
:10E3E0000BD3C8F81040304603B0BDE8F08F126878
:10E3F000043B002ACAD1013CC5E71268043B002A4D
:10E40000EFD1013CEAE70020EEE700000000000049
:10E410002DE9F04F476A97B014461D468346239E68
:10E42000CDE9024547B91020FEF710FFC0E901779A
:10E43000CBF824000760C760DBF82430196859B1B5
:10E440005A684A60012393408B60584600F04AFEA8
:10E45000DBF8243000221A602B1EB9BF23F00043E2
:10E46000039300233360039CAF4BBCBF0122326097
:10E47000A3431AD1229A42F20F731360029AC4F393
:10E480001303134300F05185249B53B9A74B23E09A
:10E49000A74B06930833249A1360069817B0BDE87B
:10E4A000F08FA24B06930333F5E79DED027B00222C
:10E4B000002351EC170B8DED0C7BFEF769F8074636
:10E4C00060B1229A01231360249B002B00F02A855F
:10E4D000984B249A1360013B0693DEE714AB01933B
:10E4E00015AB00935846DDE90C2301F04FF8C4F357
:10E4F0000A568046002E7FD00D9B1397C3F313035B
:10E50000DDE90C4543F07F5545F44015A6F2FF3692
:10E510000022894B20462946FDF71AFC7CA3D3E94B
:10E520000023FDF7CDFD7CA3D3E90023FDF712FC0A
:10E53000044630460D46FDF759FD79A3D3E9002383
:10E54000FDF7BEFD02460B4620462946FDF702FCBC
:10E5500004460D4601F0DCF90022824600232046E5
:10E560002946FEF71FF848B15046FDF73FFD224609
:10E570002B46FEF70DF808B90AF1FF3ABAF1160F6B
:10E5800059D86E4B03EBCA03D3E90023DDE90C0134
:10E59000FEF708F8002850D00AF1FF3A0023129342
:10E5A000149B9E1B731E089345BFC6F1010307937E
:10E5B000002300234CBF08930793BAF1000F3EDB02
:10E5C000089BCDF83CA05344089300230993209B5B
:10E5D000092B00F28F80052BC4BF043B2093209BA6
:10E5E000A3F10203CCBF00240124032B00F28D8091
:10E5F000DFE803F02F3C3A7EDDE914631E4406F2A7
:10E600003240202811DDC0F14000029B844006F218
:10E61000124023FA00F02043FDF7D8FC0123044602
:10E62000A1F1F875013E139372E7029BC0F120003F
:10E6300003FA00F0F0E70123B1E71290B0E7079B7F
:10E64000A3EB0A030793CAF10003099300230F9376
:10E65000BDE700230E93219B002B73DC0123049361
:10E6600099461A4621920CE00123F3E700230E930A
:10E67000219B534403F1010904934B46012BB8BF7E
:10E680000123DBF8245000226A60042202F1140006
:10E69000984269685AD9584600F0F0FCDBF82430FB
:10E6A00028601B680693B9F10E0F00F2D480002C8D
:10E6B00000F0D180BAF1000F66DD204A0AF00F03A6
:10E6C00002EBC30393ED007B4FEA2A14E2068DEDC3
:10E6D0000A7B57D51A4BDDE90C01D3E90823FDF776
:10E6E00019FECDE9020104F00F040326144D3EE0AB
:10E6F0000123BCE70124002320930E944FF0FF3345
:10E700000493994600221223ACE701230E93F5E708
:10E7100061436F63A787D23FB3C8608B288AC63F27
:10E72000FB799F501344D33F0000F07FB34C0700A8
:10E73000AA4C0700DF0207000000F83FE84C070082
:10E74000C04C0700219B049399469AE70131696008
:10E7500052009BE7E30708D5DDE90A01D5E900236C
:10E76000FDF7AEFCCDE90A01013664100835002C36
:10E77000F0D1DDE90A23DDE90201FDF7CBFDCDE9AA
:10E7800002011AE00226B1E700F09F80CAF10004FE
:10E790009F4BA04D04F00F0203EBC203D3E900230B
:10E7A000DDE90C01FDF78CFCCDE902012411002309
:10E7B0000226002C7ED1002BE1D1129B002B00F011
:10E7C0008680DDE902450022934B20462946FDF76D
:10E7D000E9FE00287BD0B9F1000F78D0049B002B14
:10E7E00035DD0AF1FF330A93204600228B4B294680
:10E7F000FDF766FCCDE90201049C01363046FDF7C9
:10E80000F5FBDDE90223FDF75BFC0022844BFDF7FD
:10E81000A1FA0646A1F15077002C5CD10022814B71
:10E82000DDE90201FDF794FA32463B46CDE90201EB
:10E83000FDF7D6FE002840F08C82324607F10043F7
:10E84000DDE90201FDF7AEFE002840F08082DDE93F
:10E850000C34CDE90234159B002BC0F24F81BAF184
:10E860000E0F00F34B816A4B03EBCA0393ED007B61
:10E87000219B002B8DED047B80F2D880B9F1000F35
:10E8800000F3D48040F062820022664B51EC170BFB
:10E89000FDF716FCDDE90223FDF798FE4C464E46D7
:10E8A000002840F03B82069D312305F8013B0AF128
:10E8B000010A37E2E70705D5D5E90023FDF700FC9B
:10E8C000013601236410083573E7022675E7CDF899
:10E8D00028A04C4692E74E4B03EBC40353E90201D8
:10E8E000069B1C440E9B002B46D002460B46002084
:10E8F0004D49FDF70FFD32463B46FDF729FA069DCF
:10E9000006460F46DDE9020101F002F81090FDF71E
:10E910006DFB02460B46DDE90201FDF719FA109B7B
:10E92000303305F8013B32463B46CDE90201FDF7A5
:10E9300039FE002860D1DDE9022300203649FDF7C9
:10E9400007FA32463B46FDF72DFE002840F0B48022
:10E95000A5423FF47CAF0022304B30463946FDF7EC
:10E96000AFFB002206460F462C4BDDE90201FDF706
:10E97000A7FBCDE90201C5E732463B46FDF7A0FB08
:10E98000CDE91001069E2546DDE9020100F0C0FF39
:10E990000746FDF72BFB303702460B46DDE9020147
:10E9A000FDF7D6F906F8017BA642CDE902014FF04A
:10E9B000000226D11C4BDDE91001FDF7CBF9024620
:10E9C0000B46DDE90201FDF70BFE002874D1DDE9FD
:10E9D000102300201449FDF7BBF902460B46DDE980
:10E9E0000201FDF7DFFD00283FF431AF15F8013CCF
:10E9F000302B05F1FF3202D0DDF828A04AE01546A1
:10EA0000F4E7064BFDF75CFBCDE90201BCE700BF74
:10EA1000E84C0700C04C07000000F03F0000244015
:10EA200000001C40000014400000E03FDDE90267E8
:10EA3000069DDDE9042330463946FDF76BFC00F006
:10EA400067FF0446FDF7D2FADDE90423FDF738FB42
:10EA500002460B463046394604F13006FDF778F998
:10EA600005F8016B069EAE1BB14502460B4638D138
:10EA7000FDF770F9DDE9042306460F46FDF7B0FD0A
:10EA8000C0B9DDE9042330463946FDF781FD08B100
:10EA9000E1070FD44146584600F024FB0023229A98
:10EAA0002B700AF101031360249B002B3FF4F5AC9B
:10EAB0001D60F2E4CDF828A015F8012C392A05F1E3
:10EAC000FF3308D1069A9A4209D10A9A069901326F
:10EAD0000A9230220A701A7801321A708CE71D46A9
:10EAE000EAE700229D4BFDF7EBFA002200230646E1
:10EAF0000F46FDF74DFD00289BD0CBE70E9A002A6C
:10EB000000F0CB80209A012A00F3AE80139A002AED
:10EB100000F0A68003F23343099C079D079A1A442C
:10EB20000792089A01211A445846089200F07CFB8B
:10EB30000646002D0CDD089B002B09DDAB42079A31
:10EB4000A8BF2B46D21A0792089AED1AD31A089337
:10EB5000099BF3B10E9B002B00F0A380002C10DD6D
:10EB600031462246584600F0F9FB42460146064629
:10EB7000584600F062FB41460746584600F0B2FA9C
:10EB8000B846099B1A1B04D04146584600F0E6FBE4
:10EB900080460121584600F047FB0F9B002B04469E
:10EBA00040F381801A460146584600F0D7FB209B6F
:10EBB000012B04467ADD0027236904EB83031869DF
:10EBC00000F0E2FAC0F12000089B184410F01F008A
:10EBD00000F08B80C0F12003042B40F38480C0F14F
:10EBE0001C00079B03440793089B034405440893B8
:10EBF000079B002B05DD41461A46584600F0FCFBFA
:10EC00008046089B002B05DD21461A46584600F039
:10EC1000F3FB0446129B002B69D02146404600F0CE
:10EC20003EFC002863DA002341460A22584600F0E1
:10EC300070FA0E9B0AF1FF3A8046002B00F07C81AF
:10EC4000002331460A22584600F063FA049B002B49
:10EC5000064600F38B80209B022B40F387804EE01A
:10EC6000149BC3F1360357E7099B09F1FF34A34214
:10EC7000BFBF099B0994E21A0F9BBBBF9B180F9360
:10EC80001C1B0024B9F1000FB5BF079B079DA3EB28
:10EC900009054B46B8BF002340E7099C079D0E9E1F
:10ECA00047E7099A70E7209B012B18DC029BB3B958
:10ECB000039BC3F31303A3B9039B23F000473F0D4A
:10ECC0003F0537B1079B01330793089B0133089336
:10ECD00001270F9B002B7FF46FAF012074E7002703
:10ECE000F7E7029FF5E783D018461C3079E7B9F1C2
:10ECF000000F35DC209B022B32DDCDF81090049BF9
:10ED000063B921460522584600F003FA014604463D
:10ED1000404600F0C4FB00283FF7C5AD219B069D8F
:10ED20006FEA030A00272146584600F0DBF9002E5F
:10ED30003FF4B0AE2FB1B74203D03946584600F089
:10ED4000D1F93146584600F0CDF9A3E60024264615
:10ED5000E4E7DDF828A02646A5E500BF0000244032
:10ED60000E9BCDF81090002B00F0ED80002D05DDFE
:10ED700031462A46584600F03FFB0646002F56D043
:10ED80007168584600F07AF93269023205469200FD
:10ED900006F10C010C30FEF7C9FA0122294658464B
:10EDA00000F02AFB069B069A03F10109049B134419
:10EDB0000993029B03F0010337460893064609F1C5
:10EDC000FF33214640460293FFF796FA034630335D
:10EDD0000490394640460A9300F061FB32460790A2
:10EDE0002146584600F075FBC2680A9B054602BBE7
:10EDF0000146404600F053FB0A9B0246294658460E
:10EE00000E920A9300F06EF9209B0E9A43EA0201DB
:10EE1000089B0B434D460A9B0DD1392B27D0079AEF
:10EE2000002A01DD049B3133029A13707BE73046E0
:10EE3000B8E70122E2E70799002904DB20980143A3
:10EE4000089801431ED1002AEEDD414601225846B2
:10EE5000079300F0D1FA2146804600F020FB0028FD
:10EE6000079B02DCE0D1DA07DED5392BDAD1029A32
:10EE70003923137015F8013C392B05F1FF3247D0C7
:10EE80000133D2E7002A03DD392BF0D00133CBE781
:10EE9000099A09F8013C914521D0414600230A22F4
:10EEA000584600F036F9B74280464FF000034FF065
:10EEB0000A023946584606D100F02BF907460646A5
:10EEC00009F101097BE700F024F9314607460023E8
:10EED0000A22584600F01DF90646F1E70027414690
:10EEE00001225846029300F087FA2146804600F03E
:10EEF000D6FA0028BEDC02D1029BDB07BAD415F893
:10EF0000013C302B05F1FF327FF40DAF1546F6E7DB
:10EF1000069B934204D10AF1010A3123069A84E741
:10EF20001546A7E7134BFFF7D7BA249B002B7FF4B6
:10EF3000AFAA114BFFF7D0BA049B002B03DC209B38
:10EF4000022B3FF7DCAE069D21464046FFF7D4F981
:10EF500000F1300305F8013B069A0499AA1A914280
:10EF6000BCDD414600230A22584600F0D2F8804614
:10EF7000EAE700BFDE020700AA4C07000B78722BFD
:10EF800030B522D0772B24D0612B27D016230360F5
:10EF9000002030BD622D12D0782D13D02B2D07D13B
:10EFA00020F01C0023F0030340F0100043F00203A4
:10EFB00011F8015F002DEDD123431360E9E743F41D
:10EFC0008033F5E743F40063F2E70024234604208E
:10EFD000EEE74FF4C06401230820E9E74FF4027420
:10EFE00001234FF48470E3E738B5074C002305464E
:10EFF000084611462360F7F7B0F9431C02D1236895
:10F0000003B12B6038BD00BFE86E012038B5064C57
:10F010000023054608462360F7F714F9431C02D184
:10F02000236803B12B6038BDE86E012000487047AB
:10F030007066002038B5074C054608461146002288
:10F0400022601A46F7F769F9431C02D1236803B11D
:10F050002B6038BDE86E012082B001B901A942B130
:10F060004BB113780B601278101C18BF012002B04E
:10F0700070471046FBE76FF00100F8E770B5456A8E
:10F0800004460E463DB91020FEF7E0F8C0E90155F0
:10F0900060620560C560656AEB6883B1636ADB68BE
:10F0A00053F82600B8B9012101FA06F56A1D92004D
:10F0B0002046F6F7C1FA60B1C0E901650EE02122F1
:10F0C00004212046F6F7B8FA636AE860DB68002B93
:10F0D000E4D1002070BD026843F826200023C0E977
:10F0E0000333F7E770B5446A06460D463CB9102075
:10F0F000FEF7ACF8C0E9014470620460C4603DB141
:10F10000736A6A68DB6853F82210296043F822505A
:10F1100070BD2DE9F0410D691F4606460C4601F110
:10F12000140C0023DCF8000081B202FB01710F0C0B
:10F13000000C02FB007089B2013301EB00419D42DB
:10F140004FEA10474CF8041BECDCD7B1A368AB4284
:10F1500012DC616830460131FFF790FF226902320C
:10F1600004F10C01804692000C30FEF7DFF82146D6
:10F170003046FFF7B7FF444604EB850301355F6176
:10F1800025612046BDE8F081020C12040346CAB98D
:10F190000304102013F07F4F04BF1B02083013F04C
:10F1A000704F04BF1B01043013F0404F04BF9B009D
:10F1B0000230002B05DB13F0804F00F1010008BF87
:10F1C000202070470020E5E7036813F0070201469E
:10F1D0000BD0DA0724D4980749BF5B089B080120AD
:10F1E0000B605CBF0B600220704798B2B0B91B0C7B
:10F1F000102013F0FF0F04BF1B0A08301A0704BFCA
:10F200001B0904309A0704BF9B080230DA0703D4B5
:10F210005B0800F1010005D00B6070471046E8E77D
:10F22000002070472020704710B50C460121FFF7E1
:10F2300025FF01224461026110BD2DE9F74F904680
:10F240000A69D8F810309A42B8BF0B460C46BCBFCA
:10F25000444698462769D8F81090A368616807EB80
:10F260000906B342B8BF0131FFF708FF00F11405EA
:10F2700005EB860E2B460022734516D304F11403CA
:10F2800008F1140203EB870702EB89030093009B4C
:10F29000019293420CD8002E03DD5EF8043D002B52
:10F2A00059D0066103B0BDE8F08F43F8042BE3E7C3
:10F2B000B2F800A0BAF1000F23D004F11409AC4653
:10F2C0004FF0000859F8041BDCF800B08BB21FFAAD
:10F2D0008BFB0AFB03B34FEA114BDCF800104344ED
:10F2E0004FEA11480AFB0B8101EB13419BB243EA41
:10F2F00001434F454FEA11484CF8043BE2D8CCF8A3
:10F300000080019BB3F802900432B9F1000F20D0C5
:10F310002B6804F11408AC464FF0000AB8F800104E
:10F32000BCF802B009FB01B18A449BB243EA0A432C
:10F330004CF8043B58F8043BBCF800101B0C09FBCC
:10F34000031303EB1A4347454FEA134AE6D8CCF8B8
:10F35000003004359BE7013E9DE700002DE9F843AE
:10F36000154612F0030206460F4607D0013A214C1B
:10F37000002354F82220FFF7CCFE0746AD1035D00D
:10F38000746A3CB91020FDF761FFC0E90144706266
:10F390000460C460D6F82480D8F808404CB940F224
:10F3A00071213046FFF740FF0023C8F808000446EB
:10F3B00003604FF00008EB070AD539462246304675
:10F3C000FFF73BFF394681463046FFF78BFE4F463D
:10F3D0006D100BD0206838B9224621463046FFF721
:10F3E0002CFF2060C0F800800446E4E73846BDE802
:10F3F000F88300BFB04D07002DE9F0470C464FEAF7
:10F40000621A236949680AEB0309A368074616468E
:10F4100009F10105AB4233DB3846FFF72FFE00232D
:10F42000804600F1140100F11002184653452ADB12
:10F4300020692AEAEA7A04F1140316F01F0201EBAC
:10F440008A0103EB800C22D0C2F1200E00201E683E
:10F450009640304341F8040B53F8040B9C4520FAC6
:10F460000EF0F4D8086008B109F10205013D3846F4
:10F47000C8F810502146FFF735FE4046BDE8F0873A
:10F4800001315B00C6E742F8040F0133CEE70439CF
:10F4900053F8042B41F8042F9C45F9D8E6E703699B
:10F4A0000A699B1A30B50CD19200143014318418BB
:10F4B000114454F8045D51F8042D954203D005D34E
:10F4C0000123184630BDA042F3D3FAE74FF0FF33D3
:10F4D000F7E72DE9F0470D46074611462846144642
:10F4E000FFF7DDFF061E08D131463846FFF7C6FD9F
:10F4F0000123C0E90436BDE8F087A4BF23462C46AB
:10F5000038466168A6BF1D4600260126FFF7B6FDF6
:10F510002B69C660266905F1140904F1140202EB97
:10F52000860709EB830800F114054FF0000E52F82E
:10F5300004AB59F8044B1EFA8AF1A3B2C91A230C82
:10F54000C3EB1A4303EB214389B24FEA234EC8456C
:10F5500041EA0343944645F8043BE8D8BC4504D34C
:10F5600055F8043D83B10661C5E75CF8041B1EFA3B
:10F5700081F31A1402EB11429BB243EA02434FEAB1
:10F58000224E45F8043BE9E7013EE9E72DE9F74360
:10F59000012199469046DDE90A65FFF76FFDC9F341
:10F5A0000A540746C9F313032CBBB8F100020193B8
:10F5B00026D068460092FFF707FE0099F0B1019A45
:10F5C000C0F1200302FA03F30B43C2407B610192B6
:10F5D000019BBB61002B14BF022101213961C4B121
:10F5E000A4F2334404443460C0F135002860384646
:10F5F00003B0BDE8F08343F48013D6E77961E7E711
:10F6000001A8FFF7E1FD019B7B61012139612030F9
:10F61000E5E707EB8103A0F2324030601869FFF79D
:10F62000B3FDC0EB4110E1E72DE9F0478E689E4243
:10F6300082460C469146984638D8B1F80CC01CF466
:10F64000906F31D062692568096902EB42026F1A36
:10F6500002EBD272013355103B449D4238BF1D4628
:10F660001CF4806F30D02946F6F73AF8064650B9B8
:10F670000C23CAF80030A38943F04003A3814FF064
:10F68000FF30BDE8F0873A462169FDF74FFEA389B8
:10F6900023F4906343F08003A381266165613E44B7
:10F6A000ED1B2660A5604646464500D946463246D3
:10F6B00049462068FDF748FEA3689B1BA3602368AA
:10F6C0001E4426600020DCE72A46F5F799FF06462F
:10F6D0000028E2D121695046F6F744F8C8E7000057
:10F6E0002DE9F04F1E468B891B069DB007460D463F
:10F6F00014460ED50B6963B94021F5F7F1FF286078
:10F70000286120B90C233B604FF0FF30C9E0402353
:10F710006B610023099320238DF82930DFF89C9139
:10F72000039630238DF82A304FF0010A23461E46F7
:10F7300013F8012B0AB1252AF9D1B6EB040B0BD033
:10F740005B46224629463846FFF76EFF013000F03F
:10F75000A380099B5B4409933378002B00F09C80C5
:10F7600000234FF0FF32CDE90523013604930793C0
:10F770008DF853301A933446052214F8011B4F4874
:10F78000FDF776FD049BC0B9D90644BF20228DF851
:10F7900053201A0744BF2B228DF8532032782A2A8F
:10F7A00013D0079A344600200A26214611F8013B5F
:10F7B000303B092B4BD970B914E0A0EB09000AFAD1
:10F7C00000F0184304902646D5E7039A111D1268ED
:10F7D0000391002A01DB079204E0524243F0020346
:10F7E0000792049323782E2B0CD163782A2B33D1E4
:10F7F000039B1A1D1B680392002BB8BF4FF0FF3309
:10F80000023405932E4E217803223046FDF730FD59
:10F8100038B14023801B03FA00F0049B03430134FA
:10F82000049314F8011B27488DF828100622FDF7D1
:10F830001FFD002838D0244B13BB039B073323F054
:10F84000070308330393099B434409936EE706FBC0
:10F85000023201200C46A8E7002301340593194623
:10F860000A26204610F8012B303A092A03D9002B2A
:10F87000C8D00591C6E706FB012101230446F0E745
:10F8800003AB00932A46114B04A93846FDF7B8FE96
:10F89000B0F1FF3F8046D6D1AB895B063FF534AF70
:10F8A00009981DB0BDE8F08F03AB00932A46074BC3
:10F8B00004A93846FEF74CF9EAE700BFBC4D070043
:10F8C000C24D0700C64D070001D6060029F6060006
:10F8D00038B5074C054608461146002222601A46F4
:10F8E000F6F7B2FC431C02D1236803B12B6038BD8C
:10F8F000E86E012049B1FF2A85BF8A2303600A70A0
:10F900004FF0FF3098BF0120704708467047000055
:10F910004FEA410212F5001215D211D56FF4787337
:10F92000B3EB625212D94FEAC12343F0004343EADA
:10F93000505311F0004F23FA02F018BF40427047B5
:10F940004FF00000704750EA013005D111F000403F
:10F9500008BF6FF0004070474FF00000704700BFD5
:10F96000024B58221A604FF0FF307047E86E0120BA
:10F97000024B58221A604FF0FF307047E86E0120AA
:10F98000F8B500BFF8BC08BC9E467047F8B500BF8C
:10F99000F8BC08BC9E467047000000000000000054
:10F9A000B5710200DD7102000000000000000000DF
:10F9B000C9710200F171020031394231303030300A
:10F9C0002D453846322D353337452D344636432DB7
:10F9D00044313034373638413132313400313942F4
:10F9E00031303030312D453846322D353337452DC5
:10F9F000344636432D443130343736384131323194
:10FA0000340031394231303030322D453846322DD4
:10FA1000353337452D344636432D4431303437366F
:10FA2000384131323134004352414E4B5F524947E5
:10FA30004854004352414E4B5F4C45465400496E7A
:10FA4000697469616C697A696E6720424C4520422D
:10FA5000726F61646361737465722E2E2E0073740D
:10FA6000617274696E6720426C7565746F6F74683B
:10FA7000C2AE204C6F7720456E6572677920666153
:10FA8000696C65642100424C452042726F61646379
:10FA9000617374657220496E697469616C697A6515
:10FAA000642026204164766572746973696E6720EC
:10FAB00061732000496E697469616C697A696E6767
:10FAC000204858373131204C6F61642043656C6C9D
:10FAD0002E2E2E0057616974696E6720666F722042
:10FAE000485837313120746F2073746162696C69D2
:10FAF0007A652E2E2E0044697363617264696E67A5
:10FB000020737461727475702072656164696E67C8
:10FB1000732E2E2E007374617274757000537461AD
:10FB200072747570207A65726F20736B697070657E
:10FB3000642E2053656E6420277427207768656ED5
:10FB40002074686520706564616C20697320756E2F
:10FB50006C6F616465642E004C6F61642043656C5A
:10FB60006C20696E697469616C697A6174696F6E21
:10FB700020636F6D706C6574652E003E3E3E2053B1
:10FB8000656E642027742720746F207A65726F2059
:10FB90007C2027632720666F722063616C69627224
:10FBA0006174696F6E203C3C3C000A3D3D3D204342
:10FBB000414C4942524154494F4E204D4F444520FB
:10FBC0004F4E203D3D3D0A506C6163652061206BC6
:10FBD0006E6F776E20776569676874206F6E20742A
:10FBE00068652073656E736F722E0A2020272B279D
:10FBF0002F272D27203D20636F617273652061647C
:10FC00006A7573742028C2B1313030290A20202748
:10FC100066272F276727203D2066696E652061646F
:10FC20006A7573742028C2B13130290A53656E6435
:10FC30002027632720746F20657869742063616CC6
:10FC40006962726174696F6E206D6F64652E0A005F
:10FC50000A3D3D3D2043414C4942524154494F4E9B
:10FC6000204D4F4445204F4646203D3D3D0A006D06
:10FC7000616E75616C0043616C6962726174696F79
:10FC80006E20466163746F723A2000436865636B4F
:10FC9000696E67206C6F61642063656C6C2073749F
:10FCA0006162696C69747920666F722000207A65E0
:10FCB000726F2E2E2E005A65726F20736B697070F2
:10FCC00065643A20485837313120646964206E6F8A
:10FCD000742070726F7669646520656E6F756768F1
:10FCE0002073616D706C65732E005A65726F20739E
:10FCF0006B69707065643A206D65616E3D00206CC3
:10FD000062732C2072616E67653D00206C62732EF9
:10FD100020556E6C6F616420706564616C20616E4B
:10FD2000642074727920616761696E2E005A657271
:10FD30006F20636F6D706C6574652E204F666673FF
:10FD400065743A2000466F72636520286C627329DF
:10FD50003A20005374617274696E67205849414FAC
:10FD6000204372616E6B2053656E736F72204E6F0D
:10FD7000646520284C454654292E2E2E0000000094
:10FD800000000000000000002D7802002F78020023
:10FD90000000000000000000BB790200BD790200F5
:10FDA00000000000000000008D7D0200C57D020003
:10FDB000253032783A253032783A253032783A2573
:10FDC0003032783A253032783A25303278000000E7
:10FDD0000000000000000000737E0200E97E0200C7
:10FDE000757E0200857E02006D7F0200957E020016
:10FDF000F97E0200B17E02002D7F02004D7F0200DD
:10FE0000A17F020000000000000000007D810200D0
:10FE1000B581020000000000000000006D820200B9
:10FE2000738202006F82020032393032000000001B
:10FE30000000000000000000098502006585020046
:10FE4000C3820200000000000000000041860200A2
:10FE5000558602003B860200D067002000000000AB
:10FE600000000000AD8B0200CD8B0200C1880200B3
:10FE700075890200A1860200B1860200C1860200D7
:10FE800009870200A9890200E18B0200018A0200B1
:10FE9000078A0200218A0200278A02002D8A0200B6
:10FEA000338A02003F8A0200398A02002187020059
:10FEB0003187020041870200618A020051870200F7
:10FEC00061870200B98A0200E58A0200118B0200F4
:10FED0007187020081870200A9870200D187020092
:10FEE000E1870200F1870200018802003D8B0200D9
:10FEF00011880200A1880200B18802002188020056
:10FF000031880200E5860200718802004188020003
:10FF100061880200518802008188020091880200F5
:10FF2000198702001D870200000000000000000089
:10FF3000E98C02003D8D0200158C020000000000DB
:10FF400000000000518D0200698D020000000000D9
:10FF500000000000198F0200718F020000000000F5
:10FF60000000000021900200459002000000000007
:10FF700000000000419102006191020000000000B9
:10FF80000000000025920200819202005483637CED
:10FF9000C51EF7EC32DDAD51894B9E0794680020F9
:10FFA0000000000000000000CD950200E99502006D
:10FFB000959202009B920200019602008196020037
:10FFC00065970200DD980200A1920200B5B0020020
:10FFD00085990200C7990200E5930200039402008C
:10FFE0001994020049940200D5A70200639402000C
:10FFF000D5B10200079A0200799A0200199B02000B
:0200000270008C
:10000000619502006F950200439802007D980200FE
:100010006DA802002DAA02008D950200FFA9020022
:10002000B79802005BAA02009DAA020095A80200F0
:10003000FDA7020089940200C7A80200ED9B020000
:10004000A794020015A90200659D0200C19F02004D
:10005000F7940200ADA90200F5AA02007DA90200F2
:10006000819E0200CB94020049A90200ADAD0200BE
:10007000DFA902009DA20200D1A1020019A4020082
:10008000239502002D9502004F9A0200F9A4020068
:10009000E9A50200BDA60200DD960200186A002054
:1000A0000000000000000000E1B6020011B70200ED
:1000B00019B402001DB40200BDB40200D1B40200A4
:1000C00035B5020069B50200A5B5020025B70200EA
:1000D000A9B7020025B5020029B502002DB502001E
:1000E00043B90200E1B50200586A002031383030CF
:1000F000003261303000326130310031383031004F
:10010000326130350041726475696E6F0000000025
:10011000000000000000000025BD020049BD0200F3
:10012000A5B9020091BA020019BB02001FBB020070
:1001300037BB020085B9020089B9020053BB020037
:10014000FDBB02005DBD0200886A002048434920D3
:1001500041434C44415441205458202D3E200048F6
:10016000434920434F4D4D414E44205458202D3E8D
:1001700020005F72656376427566666572206F76F1
:100180006572666C6F77004843492041434C444197
:100190005441205258203C2D2000484349204556C8
:1001A000454E54205258203C2D20000000000000F5
:1001B00000000000E5BD0200D9C10200E9BD020057
:1001C000FDBD02000DBE0200E9C1020015BE020025
:1001D000CBC60200D7C702000BC702002DBE02002B
:1001E00063BE02007DBE020035C7020097BE02005A
:1001F000AFBE020031C402006DC40200FFBE0200A7
:100200001BBF02004DBF02006BBF0200F5BF020022
:10021000DDBF020079C70200FDC7020079C60200F7
:10022000C3C1020033C002004DC00200F5C5020088
:1002300019C60200B3C00200E1C00200F5C002000E
:1002400039C6020029CD0200A9C402002BC1020058
:100250004BC1020051C1020055C502006FC102002E
:10026000A7C102008BC1020055C3020059C10200A0
:1002700025C8020021CE020057D00200CDCF0200D7
:10028000C1CE0200A86D00202E70696F2F6C6962CC
:10029000646570732F7869616F626C655F6C656609
:1002A000742F41726475696E6F424C452F7372638F
:1002B0002F7574696C6974792F484349436F726470
:1002C000696F5472616E73706F72742E6370700018
:1002D00062797465735F7573656420213D20300019
:1002E0000000000000000000F5D002005DD0020018
:1002F000DDCF0200C5CE0200CBCE0200E1CE02006F
:1003000015D0020019D002001DD00200C3CE020099
:100310000FCF0200050B0000D86E00200000000087
:10032000000000008DD20200ABD20200B9D702005B
:1003300025D80200B9D202008FD2020091D2020069
:1003400097D202009BD202009FD202004DD602003B
:1003500059D80200A9D20200EC0234A357C8AD0557
:10036000341010A60A397D9B0DFBAA6C888391AAD4
:10037000F5A53860370BDB5A6083BE62746C65206C
:10038000B003D2F297BE2C5E2C83A7E9F9A5B9EF92
:10039000F49111ACF4FDDBCC0301480E359DE6551C
:1003A000188B3D32F6BB9A900AFCFBEED4E72A5933
:1003B000CB9AC2F19D7CFB6B4FDD49F47FC5FDD527
:1003C000CB8454D177733EFFFFB2EC712BAEABA65A
:1003D000E8E7CC25A75F6E216583F7FF3DC4CF001A
:1003E000F3DF0200CDCF0200C1CE020049324353F9
:1003F0006C61766500000000000000000000000055
:1004000027DE0200FDFA0200F7DD02004BDE0200EB
:1004100045DE020059DE02008FDE0200C1DE02006E
:10042000DDDE02008BDF02006DDF020003DE020072
:10043000BBDF02000FDE0200D5E0020017DE020083
:100440004DDE020053DE0200FBDD02003DDF020054
:1004500000C00140001002400020024000D00240D5
:1004600035E40200CDCF0200C1CE02000000000042
:1004700000000000A5E4020025E50200F7DD02000F
:1004800047E3020055E6020039E70200B1E6020048
:1004900095E30200FBE202005FE3020055E4020084
:1004A0005365656564205849414F206E5246353288
:1004B0003834302053656E73650000000000000082
:1004C0000000000061E802007DE802001F4706000E
:1004D000013C060005390600F5390600054806000E
:1004E0000535060007350600613606006136060050
:1004F0009D35060059E9020085EA02006D350600C7
:1005000059E8020035EA020061EA0200853506007A
:10051000FBE9020021E8020025E8020027E80200CA
:1005200029E802003FE8020093E80200D3E8020055
:1005300007E902002FE9020029EC02002DEC02007D
:1005400031EC020010034100720064007500690084
:100550006E006F00000000000000000015EE0200B9
:1005600029EE020087F3020091310600000000002E
:10057000000000003DEE020051EE0200C1F4020056
:10058000913106000000000000000000EDED0200C7
:1005900001EE02003BEC02009131060005F0020082
:1005A000CDCF0200C1CE020080250000000008006F
:1005B000FFFFFFFF5F72785F73697A65203D3D2022
:1005C00030005F74785F6C6973742E656D70747938
:1005D0002829005F72785F6C6973742E656D707482
:1005E000792829002F55736572732F6C6D61696EC0
:1005F0007669656C6C652F2E706C6174666F726DB8
:10060000696F2F7061636B616765732F6672616DCF
:1006100065776F726B2D61726475696E6F2D6D6297
:1006200065642D73656565642F636F7265732F61F3
:10063000726475696E6F2F5553422F555342434470
:10064000432E637070007265736F6C7665722E76E0
:10065000616C6964282900000000000000000000AF
:1006600055EC0200B9F10200CDF10200E9F10200FF
:10067000E1EE020025F00200E7ED020065EE020067
:1006800043EC020049EC02009DED0200D1ED0200B6
:100690004DEC020035EC020037EC020039EC0200B0
:1006A0001603430044004300200044004500560068
:1006B000490043004500000075F60200CDCF02005E
:1006C000C1CE020055534265767400000000000060
:1006D0000000000055EC0200B9F10200CDF102006B
:1006E000E9F10200E1EE020025F00200E7ED020070
:1006F00065EE020043EC020049EC020095F60200B0
:10070000F1F602004DEC020005F6020037F6020099
:1007100039EC0200B5F50200D9F50200D5F7020068
:100720004BF5020057F5020033E602007DE60200B9
:10073000EDE602005BF5020081E40200E9E402005C
:100740005FF50200D8FEFFFF00000000E1F60200A6
:100750000FF702008350060053500600B550060004
:100760004F5006004F5006004F5006004F500600F5
:10077000B95006004F5006001FF5020025F5020093
:1007800031F5020035F502003BF5020041F50200AB
:1007900045F50200D1F50200FDF5020047F5020023
:1007A00049F50200D4FEFFFF00000000E9F6020058
:1007B00007F70200C0FEFFFF000000009DE40200FA
:1007C0001FE50200F7DD02005DF502004FE60200C2
:1007D00031E70200ABE60200BDF8020051F502006D
:1007E00059F502006FF50200000000000000000053
:1007F00027F902006E616E00696E66006F76660012
:100800002F55736572732F6C6D61696E7669656CB7
:100810006C652F2E706C6174666F726D696F2F70CE
:1008200061636B616765732F6672616D65776F7267
:100830006B2D61726475696E6F2D6D6265642D73C9
:10084000656565642F636F7265732F617264756986
:100850006E6F2F6D6265642F746172676574732F9C
:100860005441524745545F4E4F524449432F5441DF
:10087000524745545F4E524635782F6770696F5F17
:100880006F626A6563742E68006F626A2D3E7069DC
:100890006E20213D202850696E4E616D65294E43C2
:1008A000005254582056352E352E33007274785F1E
:1008B00074696D6572007274785F69646C650000BC
:1008C0000000000000000000000000000000000028
:1008D0000000000000000000000000000000000018
:1008E0000000000000000000000000000000000008
:1008F000000000000000000005000000E803000008
:100900000500000000800020100000000000000032
:1009100000000000000000000000000000000000D7
:1009200000000000000000000000000000000000C7
:1009300000000000000000000000000000000000B7
:100940000000000000000000000000000010000097
:100950006C090700A80907003123030011230300D5
:10096000900907000400000000000000B60807001E
:100970000000000008810020440000005081002099
:100980000002000001000000010000000000000063
:100990000000000000000000408000203400000043
:1009A0007480002050000000AC0807000000000028
:1009B000C480002044000000508300200003000099
:1009C0002800000001000000000000006D616C6C58
:1009D0006F635F6D7574657800656E765F6D7574B5
:1009E0006578006D61696E00507265206D61696E99
:1009F00020746872656164206E6F74206372656133
:100A0000746564004661696C656420746F2073745A
:100A10006172742052544F530073696E676C657431
:100A20006F6E5F6D7574657800000000190A07002D
:100A30000B000000240701201C000000434D534917
:100A4000532D52544F53206572726F723A20537473
:100A500061636B206F766572666C6F7700434D53F0
:100A600049532D52544F53206572726F723A204988
:100A70005352205175657565206F766572666C6F8F
:100A80007700434D5349532D52544F532065727292
:100A90006F723A20557365722054696D65722043F8
:100AA000616C6C6261636B205175657565206F7652
:100AB0006572666C6F7700434D5349532D52544F06
:100AC00053206572726F723A2053544420432F436F
:100AD0002B2B206C696272617279206C6962737071
:100AE000616365206E6F7420617661696C61626C10
:100AF0006500434D5349532D52544F532065727234
:100B00006F723A2053544420432F432B2B206C699F
:100B10006272617279206D7574657820696E69748E
:100B200069616C697A6174696F6E206661696C6570
:100B30006400434D5349532D52544F5320657272F4
:100B40006F723A20556E6B6E6F776E004E6F742029
:100B5000616C6C6F77656420696E20495352206325
:100B60006F6E746578740053797374656D20697362
:100B7000206F7574206F66206D656D6F72790050FF
:100B80006172616D65746572206572726F72005278
:100B900065736F75726365206E6F7420617661692D
:100BA0006C61626C65004F7065726174696F6E2074
:100BB0006E6F7420636F6D706C6574656420776907
:100BC0007468696E207468652074696D656F7574EA
:100BD00020706572696F6400556E73706563696635
:100BE0006965642052544F53206572726F72000021
:100BF0004C0B0700670B07007F0B07008F0B0700EC
:100C0000A60B0700D80B07002E2F6D6265642D6FB1
:100C1000732F636D7369732F6465766963652F72D3
:100C2000746F732F736F757263652F6D6265645F88
:100C30007274785F69646C652E63707000746963A8
:100C40006B735F736C657074203C2072746F733AC1
:100C50003A4B65726E656C3A3A776169745F666F9C
:100C6000725F7533325F6D61780066726571203D29
:100C70003D20313030300068616E646C6572203D1B
:100C80003D202849525148616E646C65725F742939
:100C90004E5649435F476574566563746F722869A1
:100CA0007271290002000000780B0120081014184E
:100CB0002030343840444C5C58607078F4ECE8E400
:100CC000DCCCC8C4BCB8B0A0A49C8C8410001000BC
:100CD000000000000901000BFFFF0203FFFF040DED
:100CE00005060700F401FA00960064004B0032008C
:100CF0001E001400BD1A3CCDA6B8995899B740EB18
:100D00007B60FF4A503F10D2E3B3C974385FC5A37C
:100D1000D4F6493F00E69D350E480103CCDBFDF4D7
:100D2000AC1191F4EFB9A5F9E9A7832C5E2CBE971D
:100D3000F2D203B0208BD28915D08E1C742430EDF2
:100D40008FC24563765C15525ABF9A32636DEB2AA7
:100D500065499C80DC000000000000001152030087
:100D60009952030000000000DD5203007952030095
:100D7000F552030079520300A55203000000000061
:100D8000000000009F5203009F520300BD52030069
:100D9000DD520300000000009F5203009F52030039
:100DA000D9520300DD5203000001000000030102DC
:100DB000000103020200020303030003000000001D
:100DC000315503000000000000000000000000009A
:100DD00000000000C155030000000000C1550300E1
:100DE000E9550300AD5503000000000000000000BD
:100DF00000000000000000000000000000000000F3
:100E00003556030000000000000000000000000054
:100E10000000000000000000355603000001000043
:100E200000000301020200010202020202000303A9
:100E30000303000000000000F9530300BD54030049
:100E40000000000071540300695403007154030052
:100E5000000000000000000005550300C554030019
:100E60001555030000000000F1540300F154030085
:100E700015550300000100000301020003020200F7
:100E80000303030000000000D1570300000000002E
:100E900000000000000000001558030000000000E2
:100EA0001558030000000000255803000000000052
:100EB00000000000000000001F58030000000000B8
:100EC0000000000000000000000000001F580300A8
:100ED0000000000000010000000301020102030203
:100EE0000200020303030003000000007D5603001C
:100EF00000000000000000000000000000000000F2
:100F0000A557030000000000000000008557030003
:100F100081570300000000000000000000000000F6
:100F2000000000000000000000000000B9570300AE
:100F300000000000000000000000000000000000B1
:100F400000000000B957030000000000D55803005E
:100F5000595903000959030000000000115B030008
:100F600039590300595903003959030000000000A2
:100F70006559030000000000000000005F590300F5
:100F80005F59030000000000E15A0300115B0300F9
:100F9000000000005F5903005F59030000000000DB
:100FA000FB5A0300115B0300000100010000030174
:100FB0000201000103020202000203030303000313
:100FC000196103006D6103004D6103005961030065
:100FD00001000100E5600300A15B0300D35C030096
:100FE0001D5C03000000000000000000C56003005D
:100FF0007D5C0300B95C030000000000E55C0300B9
:10100000635F030000000000DB5C0300DB5C0300A7
:1010100000000000315F030000000000000000003D
:10102000DB5C0300DB5C0300000000004B5F03009F
:1010300000000000000100010000030102010001A6
:101040000302020200020303030300030000000086
:10105000A95F030000000000000000000000000085
:1010600065600300756003000000000000000000E0
:101070006D6003006D600300056103000000000067
:101080006D6003006D6003000000000000010000BF
:10109000030102000302020003030300000000003A
:1010A0007D790300617C030000000000A17A030049
:1010B000497C0300A17A0300C17A0300000000000C
:1010C000497C030000000000BD7B0300000000001D
:1010D000497C0300617C0300157C030000010000D3
:1010E00003010200030202000303030000000000EA
:1010F00000000000317D0300000000007D7C030043
:10110000197D03007D7C0300FD6E030000000000DC
:10111000197D030000000000957C03000000000022
:10112000197D0300317D0300957C03000001000060
:101130000301020003020200030303000403FFFF94
:10114000FFFF070405FFFF030704FFFF07FFFF047E
:1011500005FFFFFF03FFFF0304050000AD6603006A
:1011600025660300996603000000000000000000EF
:101170003164030045640300A16403000000000023
:101180000000000000000000E16403006D65030042
:10119000256503006D65030000000000AD6B0300D2
:1011A000B1650300AD6B0300B165030091680300F6
:1011B000B96803001D690300BF6803001D690300CF
:1011C00000000000196A03005D6A030000000000CF
:1011D00000000000D16C0300E16C0300F16C03001F
:1011E0000000000000000000856A0300956A03000B
:1011F000D56A0300CD6A0300D56A030033440400B6
:101200000000000000000000A943040000000000EE
:10121000000000000000000000000000FF43040088
:101220009D430400000000003344040077430400A1
:10123000E94604000000000000000000000000007B
:10124000000000000000000000000000000000009E
:10125000000000003943040000000000000000000E
:101260003F43040059430400854704000000000088
:1012700047430400000000000000000000000000E0
:101280003943040000000000000000003F43040058
:101290003F4304000000000011470400000000006C
:1012A0000000000000000000C34304000200000131
:1012B0000000000002010001030001010101010121
:1012C00001010202020203000003020202030303FF
:1012D0000303030003030300E1470400674704001E
:1012E000000000000000000055470400000000005E
:1012F00000000000B547040035470400E146040043
:101300003B470400E9460400E14604002947040085
:1013100000000000B5470400354704008147040081
:10132000000000000000000055470400854704004D
:10133000000000000000000035470400E146040002
:101340000000000000000000E14604000000000072
:10135000114704000000000002010000030000002B
:101360000101020001010101020102020300000269
:101370000303030303030003954B0400B976030042
:10138000B9760300B9760300B976030000000000C7
:1013900000000000094C0400B9760300B976030090
:1013A000B9760300B97603004F4B0400D54B040017
:1013B000094C04002D4C0400B9760300B9760300F3
:1013C000B976030000000000D54B0400094C04006E
:1013D000B97603000F4C0400B9760300B976030018
:1013E00000000000D54B0400094C0400B97603004E
:1013F000B9760300A74B0400B97603000000000093
:10140000D54B04007F4B0400B9760300B976030086
:10141000B9760300B9760300000000000000000068
:10142000094C0400B9760300B9760300B9760300CD
:10143000B97603006D4B040000000000094C040065
:10144000B9760300B9760300B9760300254B040092
:10145000000000000000000001000000000000018A
:10146000010101010200020302020202000303045F
:101470000303030004040405040400060505050530
:101480000505060606060607000707070702070701
:101490006D4E0400B9760300B9760300B9760300F7
:1014A000000000000000000000000000B97603000A
:1014B000B9760300B9760300B97603000000000096
:1014C000000000002D4F0400B9760300B976030038
:1014D000B9760300B9760300014F0400BF4E040043
:1014E00000000000B9760300854E0400B9760300C1
:1014F000B9760300000000000000000000000000BA
:10150000B9760300B97603004B4E0400B9760300A8
:10151000000000000000000000000000B976030099
:10152000B9760300B9760300B97603000000000025
:1015300000000000394E0400B9760300B9760300BC
:10154000B97603009D750300000000000000000054
:101550000000000001000000000000010101010185
:101560000102020202020300020304030303030355
:10157000040405040404040505050505050606061E
:10158000060006060600000051520400000000009C
:101590003F520400000000000000000061560400FB
:1015A00061560400000000003952040000000000F1
:1015B00031520400000000000000000000000000A4
:1015C00000000000DD5704003952040059530400A4
:1015D00031520400D156040075550400000000008B
:1015E000000000000000000039520400000000006C
:1015F0003152040000000000000000000000000064
:10160000000000000F5304003952040000000000E5
:101610003152040000000000755504000000000075
:1016200000000000000000000100030000010300B2
:101630000101010101010102020402000002020293
:101640000303030303030304040404000004040469
:10165000B3560400000000009D5604000000000086
:101660000000000061560400000000006D550400F9
:1016700000000000AF560400000000000000000061
:1016800000000000DD5704006D550400755604008D
:10169000AF560400D15604001157040000000000AA
:1016A000000000006D550400000000000000000074
:1016B000D156040000000000000000006B58040038
:1016C0006D5504007556040000000000D15604005A
:1016D0000000000000000000000000006D55040044
:1016E000000000000000000000000000755504002C
:1016F00000000000000000000100030000010001E4
:1017000001030101010202050300000202030303B9
:10171000030303040405040404040405050505008B
:101720000505100010000000000032001900110033
:101730000D000A000500000096C298D84539A1F4B2
:10174000A033EB2D817D0377F240A463E5E6BCF87E
:1017500047422CE1F2D1176BF551BF376840B6CB49
:10176000CE5E316B5733CE2B169E0F7C4AEBE78E45
:101770009B7F1AFEE242E34F4B60D2273E3CCE3BBA
:10178000F6B053CCB0061D65BC86987655BDEBB35C
:10179000E7933AAAD835C65A512563FCC2CAB9F3B1
:1017A000849E17A7ADFAE6BCFFFFFFFFFFFFFFFF18
:1017B00000000000FFFFFFFFFFFFFFFFFFFFFFFF35
:1017C000FFFFFFFF0000000000000000000000001D
:1017D00001000000FFFFFFFF0204059088000200E7
:1017E0008000200000800000000000FFFFEFFF03EA
:1017F0000000000424240A0E061C0A0E080E10081D
:1018000008080A10060806060606060C0C06160E40
:1018100008080A06080E0E0E462608060A060A24BE
:10182000040A0C161006080404040404041A080828
:101830001C08080808080A000000000063F60400FD
:10184000FBF50400E9F1040005F204003BF204009A
:101850000000000043F2040011F504005FF20400F0
:1018600071F20400EDF40400A1F20400B9F20400E6
:10187000BDF20400C1F20400BFF40400C5F204008C
:10188000D1F20400B9F40400E9F20400D5F6040032
:10189000DDF60400E5F60400E1F50400F7F50400C8
:1018A000EDF604009BF404007FF40400EFF2040062
:1018B00007F304000BF30400C5F6040029F3040049
:1018C0002DF304005FF3040099F3040061F40400B5
:1018D00043F404009DF30400A1F30400B1F30400F9
:1018E000CDF60400D1F3040000000000D5F304009D
:1018F000D7F30400C7F5040087F5040000000000DA
:10190000F5F60400FBF30400F5F30400F5F304001E
:10191000F5F30400F5F30400F5F30400F5F3040017
:1019200033F504000FF4040013F404000000000079
:1019300017F404001BF404001FF4040023F4040053
:1019400027F404002BF40400B1040500AD040500E5
:10195000AD040500AF040500410505004105050083
:10196000AD040500AF040500012A03280229002A5E
:1019700000182A2B0118042A0028052AB10705009F
:1019800065080500110A05002D0B05000000000088
:10199000110805009109050091090500910905004C
:1019A000ED06050091090500ED0605009109050009
:1019B000ED0605008B080500E1080500ED060500B1
:1019C000000000000000000000000000ED0605001F
:1019D000750C05006D0D0500A10C05004B110500EF
:1019E000A10C0500630D0500BD110500630D050088
:1019F000A10C0500650D050000000000CB150500D9
:101A0000650D05000000000000000000000000005F
:101A1000B90D0500C113050089130500B1040500C7
:101A2000311B050081190500BD1A0500F51D0500D3
:101A3000ED1B05004D2005005D1C0500000305079A
:101A4000050305050503030502000001000F000062
:101A500000131D1210150100000101004939050095
:101A6000A53E0500C93C0500213D0500913D05004E
:101A7000453E05004139050081380500F138050073
:101A8000E940050085380500F53B05001D3C0500D3
:101A9000293C0500553C0500AD380500D53D050045
:101AA00099380500B5440500654405001545050055
:101AB0003D4505004D440500274605002546050027
:101AC0002946050079440500654505005144050097
:101AD000C5560500D1470500914A05000D47050090
:101AE00025470500514B0500E94B0500254C050035
:101AF00011470500D949050055490500794A0500F7
:101B0000180028000000D007000000006147050011
:101B100010201121C5560500C7560500354D05009A
:101B2000D9500500E15005006D510500FD5005003C
:101B300049520500FD5005002953050011530500C9
:101B4000D5530500F7530500115405002B5405002B
:101B5000715405008154050099540500B1540500E5
:101B6000011000000220000003220000000000001D
:101B70000100041101000003030200030100010041
:101B800002000021020000230322002302000200C1
:101B90000300040103000300030000040305030025
:101BA0000400040004000004040100040400040014
:101BB000C556050035550500A5550500C556050057
:101BC000C7560500C75605000703030303030204B5
:101BD00004040404050505050507070707060606AE
:101BE00006060605050404070704070404050504A2
:101BF00004090909020200000B0B0B070200020096
:101C00000A010B0C0C0D0D0D0D0D0D0D1010100417
:101C100011111414141414141212131313130700B3
:101C2000C5560500CD570500C756050045590500A6
:101C3000E9590500095A05001D5A0500215A0500F9
:101C4000315A05003D5A0500AD59050015590500EA
:101C5000C5560500C756050001590500ED58050099
:101C6000A55A0500D95805008D5F050039600500AB
:101C7000415E0500655F0500595E0500455E050093
:101C8000916005003D61050059610500096105008D
:101C90005D6105007D60050099620500CD6205006B
:101CA00035620500C5560500C7560500A964050044
:101CB00091670500D1670500F96705001368050005
:101CC0001968050095670500A96705004D680500BE
:101CD000BD670500CD6905002D690500F5690500A2
:101CE00001010000000000000000000802070100E0
:101CF00003030005020400050008020702000002B9
:101D000002000200000602000200030003000005BA
:101D10000302000600080302000707111102110B5D
:101D2000110811024111026C888391AAF5A538604F
:101D3000370BDB5A6083BE0062746C65376F050039
:101D40000B8105001D81050033810500FD6F050035
:101D50001F70050027700500717005009570050063
:101D6000E57205000973050029730500117305006C
:101D70001D730500597305001D8A05008D8A050035
:101D8000A18A0500CD8A0500358B05008D8B0500E5
:101D9000F18B0500418C0500C98C0500FB8C05000A
:101DA0002D8D0500298D0500398D05006D8D0500EF
:101DB000998D0500BB8D050065820500AD8105008C
:101DC000A9820500E3820500E98D0500658E050006
:101DD000A78E0500AD8E0500B18E0500018F0500B0
:101DE000698F0500B18F050025830500B1830500CB
:101DF0002984050099840500098505007D85050075
:101E0000D38F0500FD8F0500141E07003C1D070041
:101E1000031F0700301F0700A81F0700841F0700CB
:101E20007E1F0700D21F0700C41E07005A1F0700AD
:101E3000541F0700451F07004B1F0700601F0700C6
:101E4000F91F0700AE1F0700BA1F0700C01F0700D9
:101E5000B41F0700C61F07008D1F0700931F070050
:101E6000D01E0700E21E0700DC1E0700D61E07007A
:101E7000121F0700181F0700F31F0700781F070035
:101E8000EB1E0700F11E07009C1F0700A21F0700A2
:101E9000F71E0700FD1E0700EA1F07001E1F0700B0
:101EA000691F0700AC1E0700D81F070010000B0FAA
:101EB000250206240A01010C0A000103000107247F
:101EC0000000000013061B140B2015112800000051
:101ED00019142C0000001C172F0000001C162E00E7
:101EE00000001C152D0D24090000000B1C0500002E
:101EF000000B1D060000000B20080000000B211441
:101F00000000000A00020700020300030F25020080
:101F100000001C18300000001C19310000000823CC
:101F2000160900020322001D00030D240900000011
:101F300001010F0A00010300100600110700000F45
:101F400000000000001C091E0000001C0A1F0D24D8
:101F50000900000006081D00000006071C00000024
:101F600016132B0D24090000000623170C23180E4E
:101F7000000E032300000000041B04000000040402
:101F800019000000110300121A000000001C1229A1
:101F900000000006132A0D2409000000061E13008D
:101FA0000000061F070000000602120000001C0DC2
:101FB000250000001C1027000000060E260000006F
:101FC000060F240000001A0C231B132B0D240900FC
:101FD000000006051A0000000A000107250003257D
:101FE000000F250001250D0000000B22150D24090E
:101FF000000000062232000000060B21170B22040D
:102000000C23000000000000376F0500736F05000F
:10201000996F0500BD6F0500FD6F05001F7005007D
:10202000277005007170050095700500E5720500C8
:102030000973050029730500117305001D73050060
:10204000597305001D8A05008D8A0500A18A0500C7
:10205000CD8A0500358B05008D8B0500F18B0500C1
:10206000418C0500C98C0500FB8C05007820070019
:1020700008200700E0200700FB2007002B210700B5
:1020800031210700C8200700CE2007001F210700CC
:1020900025210700D4200700DA2007004921070086
:1020A000EF20070010210700B020070037210700AC
:1020B00010000B0F0D02060C0A01010C0A000103AF
:1020C0000001070C000000000B04050000000B05D8
:1020D000060000000B08080000000B0914000000B7
:1020E0000A00020700020300030F0D0200000008AF
:1020F0000B16090002030A0000000001010F0A008C
:10210000010300100600110700000F00000000008E
:10211000060B170C0B180E000E030B000000000638
:102120000613000000060707000000060212000068
:10213000000403040000000A0001070D00030D0065
:102140000F0D00010D0D0000000B0A150D0C09000C
:1021500000000000376F05000B8105001D810500A0
:10216000ED730500338105005D940500D56F050012
:1021700009940500FD6F05001F700500277005001C
:102180007170050095700500E57205005973050032
:1021900029730500117305001D73050009730500FF
:1021A000D990050001910500759105001592050073
:1021B00075940500B5940500BB940500DB940500FB
:1021C000AD810500A9820500E3820500FD940500AC
:1021D00051950500679505000D9505007D95050055
:1021E00081950500BF950500239605002D960500F5
:1021F000A5960500EF960500059705001D970500BB
:10220000B18305002984050099840500098505002E
:102210007D85050049970500379205005992050014
:10222000BD92050095930500DD93050029930500F7
:102230003C220700542107003C23070069230700C4
:10224000DC220700F7220700BA2307000824070052
:10225000B423070015230700842307008A230700FF
:102260007E230700902307009C230700CF2307004D
:10227000DE23070002240700E4230700F023070001
:10228000EA230700F6230700C3230700C92307003A
:102290002924070021230700332307002D230700EB
:1022A000272307004B230700512307005024070072
:1022B0005924070032240700382407004A24070065
:1022C0003E2407004424070020240700572307006A
:1022D000A5230700FD2207000E2407000A000106BF
:1022E00002140700020300010800010900010F01A8
:1022F000031F000100000002031500000010000F82
:102300000F27020626120500100A0001030001072C
:102310002600000000130717140C1B1514250000DD
:102320000019172B0000001C1A2E0000001C192D8C
:102330000000001C182C0D260D0000000A000207EA
:1023400000020300040F27020000001C1B2F0000E6
:10235000001C24300000000825340900020324007A
:102360001D00040D260D0000000501130A000106E2
:1023700002140700000300010F00000000001C0A07
:102380001A0000001C0818000000060919000000CF
:10239000161529060B280D260D00000016162A0D0D
:1023A000260D0000000625350C25360E000E0325EF
:1023B00000000000040407000000110500121C00CA
:1023C0000000001C15270000000613260000000670
:1023D0000C1C1E0D1E170C1D040E07000000040F20
:1023E000200000001C10220000001C12240000002D
:1023F0000611230000001A0E001B15290D260D00E2
:102400000000060F1F0000000606050000000A007D
:10241000010727000327000F2700052711000000F0
:102420000B24330D260D00000006162A0D260D0084
:1024300000000B1F090000000B200A0000000B2207
:102440000C0000000B233200000006210B000000EE
:10245000041D06061D16000000041E08061E31009D
:1024600000000000376F0500736F0500996F0500CD
:10247000ED730500BD6F0500D56F0500FD6F05000C
:102480001F7005002770050071700500957005002C
:10249000E572050009730500297305001173050035
:1024A0001D73050059730500D990050001910500C1
:1024B00075910500159205003792050059920500A7
:1024C000BD9205009593050029930500DD93050055
:1024D000DC24070064240700692507008425070021
:1024E0001825070033250700AE250700B72507008C
:1024F0005125070057250700A82507005D2507007F
:1025000063250700D22507007825070099250700D5
:1025100039250700C02507000A000106021207003E
:10252000020300010800010900010F01031F00015F
:1025300000000002031300000010000D0F0E020641
:102540000D0C05000E0A0001030001070D0000003C
:10255000000B06070000000B07080000000B090A2B
:102560000000000B0A160000000A00020700020328
:1025700000040F0E02000000080C18090002030BF3
:10258000000000000501110A000106021207000008
:102590000300010F00000000000C0C19060C1A0EBD
:1025A0000010030C000000000608090000000404ED
:1025B00005060414000000040506060515000000C9
:1025C0000A0001070E00030E000F0E00050E0F009B
:1025D00000000B0B170D0D0B0000000000000000A9
:1025E00000000000000000000000000000000000EB
:1025F000963007772C610EEEBA51099919C46D0710
:102600008FF46A7035A563E9A395649E3288DB0E6A
:10261000A4B8DC791EE9D5E088D9D2972B4CB6094D
:10262000BD7CB17E072DB8E7911DBF906410B71D2A
:10263000F220B06A4871B9F3DE41BE847DD4DA1A63
:10264000EBE4DD6D51B5D4F4C785D38356986C1394
:10265000C0A86B647AF962FDECC9658A4F5C01140D
:10266000D96C0663633D0FFAF50D088DC8206E3BEB
:102670005E10694CE44160D5727167A2D1E4033CFD
:1026800047D4044BFD850DD26BB50AA5FAA8B53524
:102690006C98B242D6C9BBDB40F9BCACE36CD83213
:1026A000755CDF45CF0DD6DC593DD1ABAC30D926BA
:1026B0003A00DE518051D7C81661D0BFB5F4B421BD
:1026C00023C4B3569995BACF0FA5BDB89EB80228BA
:1026D0000888055FB2D90CC624E90BB1877C6F2F3F
:1026E000114C6858AB1D61C13D2D66B69041DC763A
:1026F0000671DB01BC20D2982A10D5EF8985B17113
:102700001FB5B606A5E4BF9F33D4B8E8A2C90778C1
:1027100034F9000F8EA8099618980EE1BB0D6A7F58
:102720002D3D6D08976C6491015C63E6F4516B6B11
:1027300062616C1CD83065854E0062F2ED95066CC6
:102740007BA5011BC1F4088257C40FF5C6D9B0653B
:1027500050E9B712EAB8BE8B7C88B9FCDF1DDD6298
:10276000492DDA15F37CD38C654CD4FB5861B24DFE
:10277000CE51B53A7400BCA3E230BBD441A5DF4AC8
:10278000D795D83D6DC4D1A4FBF4D6D36AE969438B
:10279000FCD96E34468867ADD0B860DA732D044436
:1027A000E51D03335F4C0AAAC97C0DDD3C71055061
:1027B000AA41022710100BBE86200CC925B5685708
:1027C000B3856F2009D466B99FE461CE0EF9DE5E51
:1027D00098C9D9292298D0B0B4A8D7C7173DB35902
:1027E000810DB42E3B5CBDB7AD6CBAC02083B8ED93
:1027F000B6B3BF9A0CE2B6039AD2B1743947D5EAA0
:10280000AF77D29D1526DB048316DC73120B63E3CE
:10281000843B64943E6A6D0DA85A6A7A0BCF0EE42D
:102820009DFF099327AE000AB19E077D44930FF0E8
:10283000D2A3088768F2011EFEC206695D5762F7DF
:10284000CB67658071366C19E7066B6E761BD4FE1C
:10285000E02BD3895A7ADA10CC4ADD676FDFB9F9F9
:10286000F9EFBE8E43BEB717D58EB060E8A3D6D6BB
:102870007E93D1A1C4C2D83852F2DF4FF167BBD1E9
:102880006757BCA6DD06B53F4B36B248DA2B0DD8EC
:102890004C1B0AAFF64A0336607A0441C3EF60DF8F
:1028A00055DF67A8EF8E6E3179BE69468CB361CB78
:1028B0001A8366BCA0D26F2536E2685295770CCC9D
:1028C00003470BBBB91602222F260555BE3BBAC5DE
:1028D000280BBDB2925AB42B046AB35CA7FFD7C2CF
:1028E00031CFD0B58B9ED92C1DAEDE5BB0C2649BC0
:1028F00026F263EC9CA36A750A936D02A906099CF3
:102900003F360EEB8567077213570005824ABF9565
:10291000147AB8E2AE2BB17B381BB60C9B8ED292E8
:102920000DBED5E5B7EFDC7C21DFDB0BD4D2D3863F
:1029300042E2D4F1F8B3DD686E83DA1FCD16BE81B2
:102940005B26B9F6E177B06F7747B718E65A088883
:10295000706A0FFFCA3B06665C0B0111FF9E658F14
:1029600069AE62F8D3FF6B6145CF6C1678E20AA0BE
:10297000EED20DD75483044EC2B30339612667A744
:10298000F71660D04D476949DB776E3E4A6AD1AE93
:10299000DC5AD6D9660BDF40F03BD83753AEBCA922
:1029A000C59EBBDE7FCFB247E9FFB5301CF2BDBD8F
:1029B0008AC2BACA3093B353A6A3B4240536D0BA98
:1029C0009306D7CD2957DE54BF67D9232E7A66B335
:1029D000B84A61C4021B685D942B6F2A37BE0BB4E2
:1029E000A18E0CC31BDF055A8DEF022D626164209E
:1029F00068616E646C6520746F20756E6465726CBE
:102A000079696E67207472616E73706F7274002ED4
:102A10002F6D6265642D6F732F636F6E6E656374C7
:102A200069766974792F464541545552455F424C49
:102A3000452F736F757263652F636F7264696F2FB3
:102A40006472697665722F436F7264696F48434997
:102A50004472697665722E63707000657272203DF3
:102A60003D20424C455F4552524F525F4E4F4E45BE
:102A7000005F746573745F656E645F68616E646C3B
:102A8000657200000000000000000000000000006F
:102A90000000000021F902008B9E0500219F050027
:102AA000819E0500859E0500879E050021F9020094
:102AB00021F902002E2F6D6265642D6F732F636FF5
:102AC0006E6E65637469766974792F464541545515
:102AD00052455F424C452F736F757263652F636F6C
:102AE0007264696F2F6472697665722F436F7264C6
:102AF000696F4843495472616E73706F72744472A7
:102B0000697665722E637070002E2F6D6265642D7C
:102B10006F732F636F6E6E65637469766974792F56
:102B2000464541545552455F424C452F736F75726F
:102B300063652F636F7264696F2F736F757263655E
:102B40002F50616C4576656E745175657565496D7C
:102B5000706C2E68006576656E745F627566202104
:102B60003D206E756C6C707472002E2F6D62656402
:102B70002D6F732F636F6E6E6563746976697479F8
:102B80002F464541545552455F424C452F736F7552
:102B90007263652F636F7264696F2F736F757263F1
:102BA000652F424C45496E7374616E636542617373
:102BB00065496D706C2E637070005F6863695F6457
:102BC000726976657220213D206E756C6C7074722E
:102BD00000546F6F206D756368206D656D6F72793D
:102BE00020616C6C6F636174656420666F72204352
:102BF0006F7264696F206D656D6F727920706F6F91
:102C00006C2C20726564756365206275665F706FF9
:102C10006F6C5F646573632E6275666665725F7361
:102C2000697A652062792076616C75652062656CD1
:102C30006F772E002E2F6D6265642D6F732F706C71
:102C40006174666F726D2F696E636C7564652F7049
:102C50006C6174666F726D2F43616C6C6261636B43
:102C60002E6800626F6F6C282A74686973290000EF
:102C7000000000000000000035A2050037A205009A
:102C800039A205003BA205003DA205003FA20500B8
:102C900041A2050043A2050045A2050047A2050088
:102CA00049A205004BA205004DA20500000000004E
:102CB000000000007BA20500C1A20500000000008A
:102CC0000000000075A405001FA40500000000001E
:102CD00000000000DDAB05006DA2050055AA05004F
:102CE0004FA2050001A7050059A20500CDA60500C9
:102CF00049A70500B9A30500EDA30500E9A5050056
:102D0000F5AC050061A2050039A4050061A4050029
:102D1000000000000000000061A9050067656E6505
:102D20007269632D636F7264696F002E2F6D626527
:102D3000642D6F732F636F6E6E656374697669744B
:102D4000792F464541545552455F424C452F736F8C
:102D5000757263652F636F7264696F2F736F75721D
:102D600063652F47617474536572766572496D703F
:102D70006C2E637070006C656E202B206F6666731E
:102D80006574203C3D2070417474722D3E6D6178F5
:102D90004C656E006765745F76616C75655F686130
:102DA0006E646C655F62795F636363645F68616EC4
:102DB000646C652861747472696275746548616ECB
:102DC000646C652C206368617248616E646C65296F
:102DD000000000000000000000000000B1B105008C
:102DE000C5B10500000000000000000001A30500BF
:102DF00019A305000000000000000000D5A2050096
:102E0000EDA20500000000000000000071B1050007
:102E100085B10500FFFFFFFF0000FFFF000000007D
:102E2000000000007DAD05002E2F6D6265642D6FE2
:102E3000732F706C6174666F726D2F696E636C7541
:102E400064652F706C6174666F726D2F5370616E64
:102E50002E6800636F756E74203E3D2030007074E4
:102E60007220213D204E554C4C207C7C20636F7598
:102E70006E74203D3D203000000000000000000086
:102E8000D3B7050053B9050089B705008BB9050014
:102E90000000000000000000D1B7050061B9050086
:102EA00093B7050099B7050000000000000000007E
:102EB000CFB705006FB90500B5B705003FBC0500E9
:102EC0000000000000000000CDB705007DB905003E
:102ED000BFB705001DBC0500000000000000000099
:102EE000C9B70500C9B70500D5B70500EDB705009E
:102EF000FDB7050019B8050041B805006DB805001B
:102F00007DB8050091B80500A5B80500D1B8050049
:102F1000E7B80500FDB805001FB9050043B9050075
:102F200059BA05003DBA05005DBB0500D1BA0500E0
:102F3000E9BE0500A1BE05004DBE05000DBE0500A1
:102F4000CDBD05008DBD050039BD050005BB0500E3
:102F5000EBBC05002BBB0500A5BC05005FBC050054
:102F600000000000000000008DBF05003BC205000E
:102F70004DBF050051BF050000000000000000002B
:102F80001BC405001BC405007BC405006BBF050006
:102F9000ADBF050049C20500EDC9050049CA0500DD
:102FA00057C20500C3BF05007FC20500CBC20500A4
:102FB000DBBF0500A5C20500E5C705006BC805001D
:102FC000DFC20500F3C2050079BF05007DBF050023
:102FD000F7C2050007C3050013C3050031C0050093
:102FE000A3C4050093C3050065C005001DC305000B
:102FF00081BF050055C3050061C3050073C305000B
:1030000085C305008FC30500A3C00500EBC4050000
:10301000F5BF050013C1050017C1050021C105005A
:1030200039C1050051C105009FC10500DBC1050084
:1030300021C005008FBF0500EBC10500BDC3050021
:1030400017C20500F1C3050085BF050089BF050053
:10305000D9CE050009C60500ABC60500DFC60500D0
:103060001FC7050067BF050000000000000000004A
:1030700041CF05005FCF05002E2F6D6265642D6F77
:10308000732F636F6E6E65637469766974792F460A
:103090004541545552455F424C452F736F757263DD
:1030A000652F636F7264696F2F736F757263652F1D
:1030B00050616C50726976617465416464726573C5
:1030C00073436F6E74726F6C6C6572496D706C2EA9
:1030D000637070006D736700000000000000000066
:1030E0007DCF050075CF050087CF050081D0050095
:1030F000A3CF0500BDCF0500CBCF0500D7CF05007E
:10310000EFCF0500F3CF05004DD005006DD00500D1
:103110002BD0050079CF05002E2F6D6265642D6FD1
:10312000732F636F6E6E65637469766974792F4669
:103130004541545552455F424C452F736F7572633C
:10314000652F636F7264696F2F736F757263652F7C
:1031500050616C53656375726974794D616E616716
:103160006572496D706C2E63707000000000000085
:103170000000000069D1050077D8050081D805005E
:1031800053D3050075D3050097D3050013D105006F
:1031900031D1050081D1050019D1050041D10500CB
:1031A00091D10500D9D10500A1D105001DD105009F
:1031B00031D205001DD2050053D2050073D205009F
:1031C00083D20500B5D2050025D30500A7D305009D
:1031D00021D10500B5D3050019D40500CDD30500D4
:1031E000DDD30500EDD30500FDD3050061D1050059
:1031F00065D10500030400022E2F6D6265642D6FFA
:10320000732F636F6E6E65637469766974792F4688
:103210004541545552455F424C452F736F7572635B
:10322000652F67656E657269632F476170496D70C0
:103230006C2E637070005F7363616E5F7374617492
:1032400065203D3D205363616E53746174653A3A65
:1032500070656E64696E675F7363616E0045766565
:103260006E742068616E646C657220726571756938
:1032700072656420696620636F6E6E656374696F42
:103280006E20706172616D73206172652075736567
:10329000722068616E646C656400000000000000CC
:1032A00000000000D32C0600000000000000000019
:1032B00009E705001DE7050041DD0500CDCF02004F
:1032C000C1CE02005FDD0500CDCF0200C1CE0200FD
:1032D000131512101B000000000000000000000089
:1032E000EDDB050011DC0500EDDB05001FF005003E
:1032F00029DC0500C1F0050075DC0500F9DF0500DB
:1033000089EA0500D7DC0500FBDC0500F7EA0500CB
:10331000E9EC050075EE05008DDC0500A3E1050074
:1033200001E2050057EE050065EE0500F8FFFFFF1E
:10333000000000005DEE05006BEE0500ADDD050050
:10334000CDCF0200C1CE0200E3EC0500CDCF0200DC
:10335000C1CE020073EB0500CDCF0200C1CE02004A
:103360006DEB0500CDCF0200C1CE0200DDEC050003
:10337000CDCF0200C1CE0200BFDC0500CDCF0200E0
:10338000C1CE0200A9DC0500CDCF0200C1CE0200F3
:1033900053E00500CDCF0200C1CE020000000000C6
:1033A000000000002DA3050045A30500000000005B
:1033B0000000000059A30500A5A3050031F1050098
:1033C000CDCF0200C1CE02004DF10500CDCF0200ED
:1033D000C1CE020000000000000000000FF1050057
:1033E00013F10500A7F30500FCFFFFFF000000003C
:1033F0001FF10500CDF305000000000000000000F3
:1034000021F4050023F40500F3F30500000000009B
:1034100000000000D5F3050047F505002E2F6D6272
:1034200065642D6F732F636F6E6E65637469766963
:1034300074792F464541545552455F424C452F7390
:103440006F757263652F67656E657269632F53656B
:103450006375726974794D616E61676572496D70EB
:103460006C2E637070005F64620000008FF60500D0
:10347000CDCF0200C1CE0200A9F60500CDCF0200DB
:10348000C1CE0200C3F60500CDCF0200C1CE0200BE
:103490000000000000000000F700060091FB05009E
:1034A000B7F70500D9FB050005F605005106060033
:1034B000CDFF050007F60500D1F705004DF8050022
:1034C00015F805002FF80500F10106005901060066
:1034D00013F60500A9F8050015F905006DF90500BA
:1034E000ADF90500F5F9050035FA05004DFB0500BD
:1034F0007DFA0500DD0606005907060069F805009B
:103500006BFF050041F6050081020600D9FD0500AC
:10351000FCFFFFFF000000004903060021FE05003C
:10352000F8FFFFFF00000000A1F80500C5FF05003F
:1035300071F60500A1080600CDCF0200C1CE020041
:10354000BD080600CDCF0200C1CE02000000000081
:10355000000000005508060055080600B5070600E3
:10356000BD0706001B0906005D0806004B090600A2
:1035700071090600C5070600D3070600DB07060031
:10358000EF070600FF0706000708060017080600F9
:1035900027080600370806004D080600FF08060049
:1035A000E3080600AD070600B10706002E2F6D6286
:1035B00065642D6F732F636F6E6E656374697669D2
:1035C00074792F647269766572732F626C652F4609
:1035D0004541545552455F424C452F544152474551
:1035E000545F4E4F524449432F5441524745545F14
:1035F0004E4F524449435F434F5244494F2F544129
:10360000524745545F4E524635782F4E5246436FCF
:103610007264696F4843494472697665722E6370BB
:10362000700028616464726573735B355D202620C9
:103630003078433029203D3D2030784330005F739F
:103640007461636B5F62756666657220213D204E12
:10365000554C4C0014009600E803F401FFFFFFFFF7
:103660005F000323090000000000000003040002C3
:1036700040000000000004000002050404000001F6
:103680000000000000000000000000000000102703
:10369000010101010000000000000000890B06008C
:1036A000090C0600250A0600430A0600219F0500B2
:1036B000590A0600859E0500879E0500890A0600B6
:1036C000410A060010001800200014004000080005
:1036D0008000080014010800000000000000000045
:1036E000C90C0600CD0C0600CB0C0600CB0C060066
:1036F000DB0C06002E2F6D6265642D6F732F706CCE
:103700006174666F726D2F696E636C7564652F707E
:103710006C6174666F726D2F53696E676C65746F40
:103720006E5074722E680070203D3D207265696E87
:10373000746572707265745F636173743C54202A9F
:103740003E28265F6461746129002E2F6D626564D6
:103750002D6F732F746172676574732F54415247D4
:1037600045545F4E4F524449432F544152474554AC
:103770005F4E524635782F6770696F5F6F626A657A
:1037800063742E68000000000000000000000000CC
:103790004B2706005B27060081250600A1250600B1
:1037A0002E2F6D6265642D6F732F6472697665725A
:1037B000732F736F757263652F53657269616C4205
:1037C0006173652E637070005F7374617469635F09
:1037D00070696E6D6170203D3D204E554C4C00006F
:1037E00000000000000000004328060043280600F7
:1037F000012B0600752B06000000000000000000F1
:10380000D32C06000000000000000000FD2D060083
:103810000000000000000000FD2D06000000000078
:103820000000000021F9020000000000000000007C
:10383000432806004328060091300600AD300600FC
:10384000C930060015310600113006001D30060093
:1038500029300600313006006B3006007D3006004E
:103860003930060004FFFFFF00000000A53006000D
:10387000C33006003B3106000D310600173006004C
:10388000353006000D3006002D300600A524060058
:10389000AF240600233006001FF5020025F50200C4
:1038A00031F50200753006008730060063300600EF
:1038B00045F502002E2F6D6265642D6F732F6472C3
:1038C00069766572732F7573622F736F7572636596
:1038D0002F4173796E634F702E637070005F6C6957
:1038E0007374203D3D204E554C4C005F77616974E8
:1038F000203D3D204E554C4C0000000000000000D3
:1039000000000000000000000000000021F902009B
:10391000913106002E2F6D6265642D6F732F6472D6
:1039200069766572732F7573622F736F7572636535
:103930002F5553424465766963652E637070005F4E
:103940006C6F636B6564203E2030005468652065B1
:103950006E64706F696E74206973206E6F74206975
:103960006E64657861626C652E005F7472616E735F
:103970006665722E757365725F63616C6C626163FC
:103980006B203D3D20526571756573745866657294
:10399000446F6E6500446576696365207374617475
:1039A000652069732022506F776572656422206FED
:1039B00072202244657461636865642200546865FE
:1039C00020737461636B2069732077616974696E19
:1039D00067206F6E206120757365722063616C6C67
:1039E0006261636B20666F72207468652062756621
:1039F00066657220746F2066696C6C206F7220732C
:103A000074617475732E005F7472616E7366657293
:103A10002E757365725F63616C6C6261636B203DD0
:103A20003D20536574436F6E666967757261746992
:103A30006F6E005F7472616E736665722E7573656A
:103A4000725F63616C6C6261636B203D3D20536506
:103A500074496E74657266616365005F7472616E4D
:103A6000736665722E757365725F63616C6C6261FB
:103A7000636B203D3D20526571756573740021288C
:103A8000696E666F2D3E666C616773202620454E19
:103A900044504F494E545F454E41424C45442900E5
:103AA0006D61785F7061636B65745F73697A6520BF
:103AB0003C3D20313032340021636F6E666967759A
:103AC0007265642829005468652073697A65206FDF
:103AD0006620746865206461746120746F2072656B
:103AE0006164206973206C657373207468616E2053
:103AF000746865206D6178207061636B65742073F4
:103B0000697A6520666F72207468697320656E64D7
:103B1000706F696E742E0054686520656E64706FF6
:103B2000696E74206973206E6F7420696E646578A5
:103B300061626C650053697A65206265696E672011
:103B40007772697474656E20697320746F6F206C6E
:103B5000617267652E00215F696E697469616C69C5
:103B60007A65640000000000000000000000000012
:103B7000000000001F470600013C06000539060052
:103B8000F53906000548060005350600073506002C
:103B900061360600613606009D3506000D350600CB
:103BA00021F902006D3506007535060095350600D1
:103BB0007D350600853506008D35060021E80200BA
:103BC00025E8020027E802000335060021F902007B
:103BD00021F9020021F9020021F9020021F9020075
:103BE00035360600BD350600153606000403090407
:103BF0001603300031003200330034003500360047
:103C000037003800390016035500530042002000E9
:103C10004400450056004900430045000803550094
:103C20005300420012036D006200650064002E0024
:103C30006F0072006700060330003100443C07004B
:103C400050640120D5BC0600DDBC06001DBD060089
:103C50002DBD0600E9BC0600F5BC0600D9BC060077
:103C6000CDBC0600010000002E2F6D6265642D6F33
:103C7000732F68616C2F736F757263652F6D62654A
:103C8000645F7469636B65725F6170692E63006D58
:103C9000617463685F7469636B20213D2071756591
:103CA00075652D3E7469636B5F6C6173745F7265DB
:103CB0006164005469636B65722066726571756535
:103CC0006E6379206973207A65726F005469636B43
:103CD0006572206E756D626572206F662062697410
:103CE0002069732067726561746572207468616E03
:103CF000203332206F72206C657373207468616E9C
:103D00002034206269747300103D07009064012024
:103D1000C94D0600B9890600158A0600258A0600E5
:103D2000C9890600058A0600B94D060015890600F6
:103D30000000000064656661756C7400000000009E
:103D400000000000854E0600E94E0600000000005D
:103D500000000000000000000000000021F9020047
:103D600021F9020021F9020021F902000D300600BC
:103D7000714F0600A5240600AF240600754F06000B
:103D80001FF5020025F5020031F5020035F50200AD
:103D90003BF5020041F5020045F502002F002E2FF1
:103DA0006D6265642D6F732F706C6174666F726DD8
:103DB0002F736F757263652F46696C655061746807
:103DC0002E637070006C656E20213D203000772BD3
:103DD0000053747265616D206F626A206661696C60
:103DE0007572650000000000000000000000000087
:103DF0000000000021F9020021F9020021F902006F
:103E000021F902000D300600714F0600A5240600BE
:103E1000AF240600754F06001FF5020025F50200CD
:103E200031F5020035F502003BF5020041F50200D4
:103E300045F50200FCFFFFFF00000000000000004D
:103E40000000000000000000000000000000000072
:103E5000000000008350060053500600B5500600D5
:103E60004F5006004F5006004F5006004F500600BE
:103E7000B95006004F5006001FF5020025F502005C
:103E800031F5020035F502003BF5020041F5020074
:103E900045F5020021F9020021F9020047F5020070
:103EA00049F50200FCFFFFFF0000000000000000D9
:103EB000000000002E2F6D6265642D6F732F706CF3
:103EC0006174666F726D2F736F757263652F5379AE
:103ED0007354696D65722E63707000215F7469633D
:103EE0006B696E6700215F7469636B696E6720267A
:103EF0002620215F77616B655F74696D655F73650F
:103F0000740000000000000000000000A95306003B
:103F10000A52252D34643A202530386C58000A5353
:103F2000502020203A202530386C580A4C5220204E
:103F3000203A202530386C580A50432020203A205F
:103F40002530386C580A78505352203A20253038A2
:103F50006C580A50535020203A202530386C580AAB
:103F60004D535020203A202530386C58000A4350D9
:103F70005549443A202530386C58000A4846535277
:103F8000203A202530386C580A4D4D4653523A207D
:103F90002530386C580A42465352203A2025303892
:103FA0006C580A55465352203A202530386C580A2E
:103FB00044465352203A202530386C580A41465323
:103FC00052203A202530386C58000A4D4D46415257
:103FD0003A202530386C58000A42464152203A2097
:103FE0002530386C58000A4D6F6465203A205468BB
:103FF00072656164000A50726976203A20557365D3
:1040000072000A50726976203A2050726976696CA3
:1040100065676564000A4D6F6465203A2048616EEB
:10402000646C6572000A537461636B3A205053509C
:10403000000A537461636B3A204D5350000A2B2BD6
:10404000204D6265644F53204661756C7420486151
:104050006E646C6572202B2B0A0A4661756C745471
:104060007970653A20004D656D4D616E61676546FA
:1040700061756C74004275734661756C740055739C
:104080006167654661756C7400486172644661756C
:104090006C74000A0A436F6E746578743A000A0AF9
:1040A0002D2D204D6265644F53204661756C742040
:1040B00048616E646C6572202D2D0A0A0046617598
:1040C0006C7420657863657074696F6E002E2E2E97
:1040D0000A002E2F6D6265642D6F732F706C6174F2
:1040E000666F726D2F736F757263652F6D62656495
:1040F0005F637269746963616C2E630063726974D3
:104100006963616C5F73656374696F6E5F72656527
:104110006E7472616E63795F636F756E7465722021
:104120003C2055494E5433325F4D4158003C756E2A
:104130006E616D65643E00203C68616E646C657202
:104140003E000A0A2B2B204D6265644F53204572B6
:10415000726F7220496E666F202B2B0A4572726F48
:1041600072205374617475733A2030782558204357
:104170006F64653A202564204D6F64756C653A2044
:1041800025640A4572726F72204D657373616765AD
:104190003A20004B65726E656C204572726F723A00
:1041A000203078256C582C20005468726561643A80
:1041B000203078256C582C20004D757465783A2095
:1041C0003078256C582C200053656D6170686F72D3
:1041D000653A203078256C582C20004D656D6F7243
:1041E00079506F6F6C3A203078256C582C20004540
:1041F00076656E74466C6167733A203078256C582A
:104200002C200054696D65723A203078256C582C4A
:1042100020004D65737361676551756575653A205A
:104220003078256C582C2000417373657274696F67
:104230006E206661696C65643A20000A4C6F6361A8
:1042400074696F6E3A203078256C58000A46696CA4
:10425000653A20002B2564000A4572726F72205661
:10426000616C75653A203078256C58000A43757288
:1042700072656E74205468726561643A20257325F6
:10428000732049643A203078256C5820456E74724A
:10429000793A203078256C5820537461636B5369E8
:1042A0007A653A203078256C5820537461636B4DE1
:1042B000656D3A203078256C582053503A2030787C
:1042C000256C5820000A466F72206D6F7265206958
:1042D0006E666F2C2076697369743A206874747006
:1042E000733A2F2F6D6265642E636F6D2F732F6588
:1042F00072726F723F6572726F723D30782530381E
:1043000058266F737665723D256C6426636F7265FF
:104310003D30782530386C5826636F6D703D2564CC
:10432000267665723D256C75267467743D4152444E
:1043300055494E4F5F4E414E4F3333424C45000A74
:104340002D2D204D6265644F53204572726F72208F
:10435000496E666F202D2D0A0044656570536C65AB
:1043600065704C6F636B206F766572666C6F77203B
:10437000283E2030784646464629004465657053FD
:104380006C6565704C6F636B20756E646572666CEE
:104390006F7720283C203029002E2F6D6265642D18
:1043A0006F732F706C6174666F726D2F736F75729F
:1043B00063652F6D6265645F7265746172676574B1
:1043C0002E63707000286775617264202620435840
:1043D000415F47554152445F4D41534B29203D3D7C
:1043E0002030002867756172642026204358415FA1
:1043F00047554152445F4D41534B29203D3D204399
:1044000058415F47554152445F494E49545F494EB8
:104410005F50524F4752455353004572726F72209E
:104420002D2077726974696E6720746F2061206631
:10443000696C6520696E20616E20495352206F724D
:1044400020637269746963616C2073656374696F5A
:104450006E0D0A000D004572726F72202D2072657C
:104460006164696E672066726F6D20612066696C99
:104470006520696E20616E20495352206F7220635F
:104480007269746963616C2073656374696F6E0D22
:104490000A004F70657261746F72206E6577206FCD
:1044A0007574206F66206D656D6F72790D0A00005E
:1044B0000000000000000000315E0600AD5E060056
:1044C000B95E0600595E06001D5E06002D5E060000
:1044D0000D300600295E0600A5240600AF24060064
:1044E000235E06001FF5020025F5020031F50200EB
:1044F00035F502003BF502007D5E060045F5020041
:104500000000000023000000000000002A0000005E
:1045100000000000010000002F73746465727200D7
:104520002F737464696E002F7374646F7574002E3A
:104530002F6D6265642D6F732F706C6174666F727E
:104540006D2F736F757263652F6D6265645F737431
:104550006174732E6300737461747320213D204E67
:10456000554C4C002E2F6D6265642D6F732F727445
:104570006F732F736F757263652F4576656E744622
:104580006C6167732E637070005F696400617070A6
:104590006C69636174696F6E5F756E6E616D656481
:1045A0005F6576656E745F666C61677300617070DD
:1045B0006C69636174696F6E5F756E6E616D656461
:1045C0005F6D75746578002E2F6D6265642D6F7355
:1045D0002F72746F732F736F757263652F4D7574BF
:1045E00065782E637070005F6964207C7C206D624A
:1045F00065645F6765745F6572726F725F696E5F35
:1046000070726F67726573732829004D75746578D1
:10461000206C6F636B206661696C6564004D757416
:10462000657820756E6C6F636B206661696C65647C
:10463000002E2F6D6265642D6F732F72746F732F50
:10464000736F757263652F53656D6170686F726506
:104650002E637070005F696420213D206E756C6C64
:104660007074720053656D6170686F72652061636C
:104670007175697265206661696C6564002E2F6DC5
:104680006265642D6F732F72746F732F736F757201
:1046900063652F546869735468726561642E637032
:1046A000700028666C616773203D3D206F73466C17
:1046B0006167734572726F7254696D656F757420AE
:1046C00026262072656C5F74696D6520213D207718
:1046D0006169745F666F725F7533325F666F7265B2
:1046E00076657229207C7C2028666C616773203D8A
:1046F0003D206F73466C6167734572726F725265CD
:10470000736F757263652026262072656C5F74690D
:104710006D65203D3D2072656C5F74696D652E7A14
:1047200065726F28292900737461747573203D3D8B
:10473000206F734F4B006170706C69636174696FB7
:104740006E5F756E6E616D65645F746872656164DD
:10475000000000000000000000000000416A0600A8
:104760007D6A0600FFFF0000FFFFFFFFFFFF000064
:10477000FFFFFFFF2E2F6D6265642D6F732F746135
:1047800072676574732F5441524745545F4E4F52C0
:104790004449432F5441524745545F4E5246357861
:1047A0002F5441524745545F4E524635322F5441A3
:1047B000524745545F4D43555F4E5246353238346B
:1047C000302F5553425068795F4E6F726469632E83
:1047D00063707000726574203D3D204E52465F53F9
:1047E0005543434553530000000000000000000003
:1047F000CD6A0600FD6A06008D6C06001D6C060081
:10480000CF6A0600596C06000B6B0600E56A0600CD
:104810002B6B0600E76A0600ED6A0600F36A0600E5
:10482000E56A0600F56A0600ED6F060017700600DF
:104830002D6D0600996B0600B16D0600A56B060094
:10484000A96B0600C96B0600E76B0600ED6B06005E
:104850002F6B06009F6B06005F6B0600156C060051
:10486000D56E060000060000310000003C0000008C
:104870003C0000003C0000003C0000003C00000048
:104880003C0000003C00000032000000300000004E
:104890003000000030000000300000003000000058
:1048A0003000000030000000997006002E2F6D626D
:1048B00065642D6F732F746172676574732F544133
:1048C000524745545F4E4F524449432F544152473B
:1048D00045545F4E524635782F5441524745545FF8
:1048E0004E524635322F6770696F5F6170692E6373
:1048F000002875696E7433325F742970696E203CCC
:10490000204750494F5F50494E5F434F554E54002A
:104910002E2F6D6265642D6F732F746172676574DD
:10492000732F5441524745545F4E4F524449432FD1
:104930005441524745545F4E524635782F544152A8
:104940004745545F4E524635322F6932635F61707E
:10495000692E6300696E7374616E6365203C204E3E
:104960005246585F5457495F454E41424C45445F5B
:10497000434F554E5400000000300040000000003E
:1049800000400040010000000030004000400040B6
:104990000030004000000000004000400100000026
:1049A0002E2F6D6265642D6F732F7461726765744D
:1049B000732F5441524745545F4E4F524449432F41
:1049C0005441524745545F4E524635782F54415218
:1049D0004745545F4E524635322F73657269616C9C
:1049E0005F6170692E63006F626A00646174615F69
:1049F00062697473203D3D203800287061726974CB
:104A000079203D3D205061726974794E6F6E652941
:104A1000207C7C2028706172697479203D3D205093
:104A200061726974794576656E290073746F705F81
:104A300062697473203D3D203100010101000000D6
:104A4000002000400080024040420F002000000093
:104A50000000FFFFDEC0ADDEFE011EF1DEC0ADDEF8
:104A6000FF011EF102030405060708090B000801F7
:104A70000C011001140118011C01200124012C015A
:104A80000C0D0E0F101112131400300134013801F7
:104A90003C014001440148014C015001C995060008
:104AA0008D9706005D970600159806000F98060082
:104AB0000998060003980600FD970600F797060080
:104AC000F19706004D960600AD9A060019A0060063
:104AD000199A0600139A06000D9A0600079A060016
:104AE000019A0600FB990600F5990600659A0600F2
:104AF000219A060069960600E1A10600059B0600C2
:104B0000A5B20600B5B20600E9B70600F9B706007F
:104B1000008000001800000000002020202020203D
:104B2000202020282828282820202020202020205D
:104B3000202020202020202020208810101010105D
:104B400010101010101010101010040404040404AD
:104B50000404040410101010101010414141414190
:104B600041010101010101010101010101010101F5
:104B70000101010101101010101010424242424286
:104B800042020202020202020202020202020202C5
:104B900002020202021010101020000000000000AB
:104BA0000000000000000000000000000000000005
:104BB00000000000000000000000000000000000F5
:104BC00000000000000000000000000000000000E5
:104BD00000000000000000000000000000000000D5
:104BE00000000000000000000000000000000000C5
:104BF00000000000000000000000000000000000B5
:104C000000000000000000000000000000000000A4
:104C10000000000000000000000000000000000094
:104C20000000000000000000000000000000000084
:104C30000000000000000000000000000000000074
:104C40000000000000000000000000000000000064
:104C50000000000000000000000000000000000054
:104C60000000000000000000000000000000000044
:104C7000000000000000000000000000206500208F
:104C8000494E46004E414E003031323334353637CE
:104C900038394142434445460030313233343536A9
:104CA00037383961626364656600496E66696E69AA
:104CB0007479004E614E00504F5349580000000077
:104CC0000080E03779C34143176E05B5B5B8934608
:104CD000F5F93FE9034F384D321D30F94877825AD4
:104CE0003CBF737FDD4F1575000000000000F03FF2
:104CF00000000000000024400000000000005940B7
:104D00000000000000408F40000000000088C34009
:104D100000000000006AF8400000000080842E417E
:104D200000000000D01263410000000084D79741CA
:104D30000000000065CDCD41000000205FA00242D0
:104D4000000000E876483742000000A2941A6D4245
:104D5000000040E59C30A2420000901EC4BCD64238
:104D600000003426F56B0C430080E03779C34143E3
:104D700000A0D8855734764300C84E676DC1AB4359
:104D8000003D9160E458E143408CB5781DAF154477
:104D900050EFE2D6E41A4B4492D54D06CFF0804452
:104DA000F64AE1C7022DB544B49DD9794378EA4467
:104DB00005000000190000007D000000232D302BAD
:104DC0002000686C4C00656667454647000000009F
:044DD00000000000DF
:084DD4006C23FB7F01000000CD
:104DDC000000000000800EC5000000000000000074
:104DEC00000000000000008702000000000000002E
:104DFC0000000000000000000300000000000000A4
:104E0C0000000000000000001C000000000000007A
:104E1C0000000000000000001D0000000000000069
:104E2C000000000000000000040000000000000072
:104E3C000000000000000000050000000000000061
:104E4C0000000000000000002B000000000000002B
:104E5C0000000000000000002C000000000000001A
:104E6C0000000000000000002D0000000000000009
:104E7C0000000000000000002E00000000000000F8
:104E8C0000000000000000002F00000000000000E7
:104E9C0000000000000000001A00000000000000EC
:104EAC0000000000000000001E00000000000000D8
:104EBC0000000000000000000600000000000000E0
:104ECC0000000000000000002800000000000000AE
:104EDC0000000000000000001B00000000000000AB
:104EEC0000000000000000000700000000000000AF
:104EFC0000000000000000000B000000000000009B
:104F0C0000000000000000002A000000000000006B
:104F1C000000000000000000200000000000000065
:104F2C000000000000000000100000000000000065
:104F3C0000000000000000000D0000000000000058
:104F4C000000000000000000110000000000000044
:104F5C000000000000000000150000000000000030
:104F6C00000000000000000019000000000000001C
:104F7C000000000000000000140000000000000011
:104F8C0000000000000000001800000000000000FD
:104F9C0000000000000000001600000000000000EF
:104FAC0000000000000000001700000000000000DE
:104FBC0000000000000000000900000000000000DC
:104FCC0000000000000000000A00000000000000CB
:104FDC0000000000000000000E00000000000000B7
:104FEC0000000000000000001F0000000000000096
:104FFC000000000000000000A1080700D3B3FB0272
:10500C000000000000000000000000000000000094
:10501C000000000000000000000000000000000084
:10502C000000000000000000000000000000000074
:10503C000000000000000000000000000000000064
:10504C000000000000000000000000000000000054
:10505C000000000000000000000000000000000044
:10506C000000000000000000000000000000000034
:10507C000000000000000000000000000000000024
:10508C000000000000000000000000000000000014
:10509C0000000000000000000000000015260300C6
:1050AC007012012000000000780E01203313490516
:1050BC0015CD5B07E5559A15B53B121FD1C80400F9
:1050CC00FF06000000000000FB349B5F80000080A6
:1050DC00001000000000000000000000C1210500CD
:1050EC0055220500BD270500FD2805007D23050080
:1050FC00C1260500552B0500792C0500093105004A
:10510C0009310500153205006D3305000000000063
:10511C0000000000511B05005D240500000000008C
:10512C000F00000017001E04506300206063002075
:10513C00F4010000030710010000000000FA000059
:10514C0000FA000002000000BC1B0700BC1B07009B
:10515C00BC1B0700BC1B0700BC1B0700BC1B0700CB
:10516C00BC1B0700B01B0700BC1B0700BC1B0700C7
:10517C00BC1B0700BC1B0700BC1B0700BC1B0700AB
:10518C00BC1B0700BC1B0700BC1B0700BC1B07009B
:10519C00BC1B0700BC1B0700BC1B07000100000068
:1051AC00B5D8050070300700182D0700E030070057
:1051BC000000000000000000E0360700010000FBCA
:1051CC0000FB0000C34C0600C34C0600FFFFFFFFB2
:1051DC00FFFFFFFFFFFFFFFF0000000000000000CB
:1051EC0000000000000000000000000000000000B3
:1051FC0000000000000000000000000000000000A3
:10520C000000000000000000000000000000000092
:10521C000000000000000000000000000000000082
:10522C000000000000000000000000000000000072
:10523C000000000000000000000000000000000062
:10524C000000000000000000000000000000000052
:10525C000000000000000000000000000000000042
:10526C000000000000000000000000000000000032
:10527C000000000000000000000000000000000022
:10528C000000000000000000000000000000000012
:10529C000000000000000000000000000000000002
:1052AC0000000000000000000000000000000000F2
:1052BC0000000000000000000000000000000000E2
:1052CC00000000000000000000000000F86E01204B
:1052DC000090D0030101000001000000FFFFFFFF60
:1052EC00FFFFFFFFFFFFFFFFFF0100002065002015
:1052FC00000000003C4C07005C4C07001C4C0700F5
:10530C000000000000000000000000000000000091
:10531C000000000000000000000000000000000081
:10532C000000000000000000000000000000000071
:10533C000000000000000000000000000000000061
:10534C000000000000000000000000000000000051
:10535C0043000000000000000000000000000000FE
:10536C000000000000000000000000000000000031
:10537C0043000000000000000000000000000000DE
:10538C000000000000000000000000000000000011
:10539C0043000000000000000000000000000000BE
:1053AC0000000000000000000000000000000000F1
:1053BC00430000000000000000000000000000009E
:1053CC0000000000000000000000000000000000D1
:1053DC00430000000000000000000000000000007E
:1053EC0000000000000000000000000000000000B1
:1053FC00430000000000000000000000000000005E
:10540C000000000000000000000000000000000090
:10541C00430000000000000000000000000000003D
:10542C000000000000000000000000000000000070
:10543C00F5F8060059F0060000000000194B0700B3
:10544C007BFD0600BC400700BC400700BC400700C9
:10545C00BC400700BC400700BC400700BC40070034
:10546C00BC400700BC400700FFFFFFFFFFFFFFFF32
:10547C00FFFFFFFFFFFF00000100415343494900BC
:10548C000000000000000000000000000000000010
:10549C000000000000000000000041534349490097
:1054AC0000000000000000000000000000000000F0
:1054BC0000000000000000000000000000000000E0
:1054CC0025710200E5720200D1750200898B020081
:1054DC0015B3020061B90200C1BD02009DCE0200ED
:1054EC004DD20200F5D80200A9E102008DE70200BE
:1054FC00CDF80200D5FA02009500030029AD050095
:10550C0045B705000000000001710200000000001A
:10551C00000000000000000000000000000000007F
:10552C00000000000000000000000000C593060011
:08553C00000000000000000067
:04000003600070F138
:00000001FF
